time,open,high,low,close,Volume
1783893900,25009.6,25011.2,25001.2,25001.2,111
1783893960,25001,25004.6,24994.8,24999.8,128
1783894020,24999.8,25000.6,24997.5,24998.6,92
1783894080,24999.4,25000.8,24992.4,25000.8,60
1783894140,25000.8,25000.8,24991.9,24998.4,41
1783894200,24992.4,25003.9,24992.4,25002,70
1783894260,25001.5,25001.5,24986.8,24989.7,86
1783894320,24989.4,24989.4,24976.6,24977.3,66
1783894380,24977.5,24981.8,24976.8,24981.8,66
1783894440,24982.3,24983.7,24967.6,24967.6,49
1783894500,24968.1,24977.6,24967.8,24974.8,78
1783894560,24973.8,24975.2,24970.7,24975.2,51
1783894620,24975.7,24975.9,24970.2,24975.5,56
1783894680,24976.7,24978.1,24966.4,24967.8,60
1783894740,24968.3,24976.4,24967.8,24974,66
1783894800,24973.5,24979.9,24970.2,24979.5,52
1783894860,24979.2,24979.9,24977.3,24979.9,22
1783894920,24980.2,24982.8,24979.7,24980.4,32
1783894980,24979.9,24982.3,24974.7,24982.3,44
1783895040,24981.4,24981.4,24975.7,24979.2,44
1783895100,24979.9,24980.2,24977.3,24979.7,52
1783895160,24979.2,24982.1,24979.2,24980.7,42
1783895220,24981.1,24982.1,24980.9,24982.1,28
1783895280,24982.3,24983.8,24976.4,24976.7,24
1783895340,24977.2,24981.2,24977.2,24980,36
1783895400,24980.3,24989.3,24980.3,24989.1,40
1783895460,24989.3,24991,24988.4,24991,26
1783895520,24990.3,24991.5,24988.4,24990.7,28
1783895580,24989.8,24991,24989.8,24990,20
1783895700,24989.8,24991.2,24989.3,24991.2,22
1783895760,24989.8,24990.7,24987.9,24989.1,24
1783895820,24989.3,24989.3,24986,24986.2,48
1783895880,24986.7,24987.9,24986.7,24987.6,14
1783895940,24987.9,24992.4,24987.9,24992.4,28
1783896000,24991.9,24992.4,24989.6,24990,14
1783896060,24990.5,24991,24989.8,24990.3,12
1783896120,24990.5,24991.5,24990.3,24991.5,22
1783896180,24991.2,24992.9,24990.5,24992.9,6
1783896240,24993.4,24994.3,24992.4,24992.7,30
1783896300,24992.9,24993.1,24991.2,24991.9,20
1783896360,24991,24991,24989.6,24990.7,18
1783896420,24991,24991.5,24991,24991.2,14
1783896480,24990,24990.5,24985.5,24986.7,46
1783896540,24986.5,24989.1,24986.5,24989.1,48
1783896600,24990,24991,24989.6,24991,22
1783896660,24990.7,24990.7,24989.6,24990,12
1783896720,24990.5,24994.8,24990.5,24994.6,20
1783896780,24994.1,24994.6,24993.6,24994.6,42
1783896840,24994.8,24995,24994.1,24994.3,26
1783896900,24994.1,24996,24993.6,24995.5,48
1783896960,24994.8,24996.2,24994.1,24996,54
1783897020,24996.2,24997.2,24996,24997.2,16
1783897080,24997.2,25005.3,24996.9,25005.3,8
1783897140,25005.1,25005.1,25004.4,25004.4,8
1783897200,25003.2,25003.9,24997.9,24998.4,82
1783897260,24998.7,24999.6,24997.9,24999.6,76
1783897320,24999.4,25000.6,24998.9,25000.6,26
1783897380,25000.8,25000.8,24999.6,25000.3,8
1783897440,24999.8,25000.6,24999.6,25000.6,24
1783897500,25001.5,25002,25001,25001.5,18
1783897560,25002,25004.4,25001.5,25002.9,30
1783897620,25002.5,25003.2,25002.2,25002.9,24
1783897680,25003.4,25003.9,24995.5,25001.5,36
1783897740,25001,25001.8,24995.5,25001.5,28
1783897800,25001.8,25003.9,24997.9,25003.9,28
1783897860,25004.4,25004.4,24998.4,24999.4,24
1783897920,24999.9,24999.9,24998.2,24999.1,20
1783897980,24999.6,24999.9,24999.4,24999.4,8
1783898040,24999.1,24999.6,24997.5,24999.1,36
1783898100,24999.4,24999.9,24997.5,24997.7,62
1783898160,24998,25000.6,24998,24999.4,38
1783898220,24999.1,24999.1,24996,24996,28
1783898280,24996.8,24998.2,24996.8,24998.2,14
1783898340,24997.7,24999.6,24997.7,24999.4,22
1783898400,24999.1,24999.6,24997.7,24998.2,28
1783898460,24998,24998,24996.3,24996.3,20
1783898520,24996.8,24996.8,24993.4,24993.4,22
1783898580,24993.9,24996.3,24993.9,24996.3,24
1783898640,24995.8,24995.8,24995.3,24995.8,6
1783898700,24995.3,24995.6,24994.4,24994.4,18
1783898760,24994.9,24994.9,24991.5,24992.7,32
1783898820,24993.4,24993.9,24993.2,24993.9,24
1783898880,24993.7,24994.9,24993.2,24993.7,22
1783898940,24993.9,24993.9,24991.8,24992,22
1783899000,24991.3,24992.5,24991.3,24992.5,20
1783899060,24992.9,24993.9,24990.6,24990.6,22
1783899120,24990.8,24991.5,24990.6,24991,14
1783899180,24990.6,24991.3,24989.9,24989.9,24
1783899240,24990.8,24991.5,24990.8,24990.8,10
1783899300,24990.3,24990.3,24989.4,24989.6,12
1783899360,24988.2,24990.6,24987.7,24990.6,30
1783899420,24991,24991.3,24989.6,24989.6,24
1783899480,24989.9,24991,24989.9,24991,20
1783899540,24991.3,24993.2,24991.3,24991.8,32
1783899600,24992,24992.9,24991.5,24991.5,22
1783899660,24991.3,24991.3,24990.3,24990.3,6
1783899720,24989.6,24990.6,24989.6,24990.1,30
1783899780,24989.6,24989.6,24985.8,24985.8,26
1783899840,24986,24986.5,24985.3,24986,40
1783899900,24986.8,24988.7,24984.4,24984.4,84
1783899960,24984.6,24985.3,24981.5,24982.5,102
1783900020,24982,24982.2,24978.2,24980.6,90
1783900080,24980.8,24982,24978.6,24982,52
1783900140,24982.2,24982.7,24980.6,24982,72
1783900200,24981.5,24987.7,24980.6,24987.2,89
1783900260,24987.5,24994.9,24987.2,24994.9,67
1783900320,24994.9,24996.3,24990.6,24990.6,72
1783900380,24990.3,24990.8,24988.4,24990.1,58
1783900440,24989.9,24989.9,24986.8,24988.4,63
1783900500,24988.2,24988.7,24985.8,24987,84
1783900560,24986.8,24990.1,24986.8,24990.1,46
1783900620,24990.6,24994.1,24990.6,24993.4,98
1783900680,24993.2,24993.4,24992,24992.5,58
1783900740,24992.2,24995.1,24991.5,24994.1,84
1783900800,24994.4,24998.5,24982.7,24988.2,169
1783900860,24987.5,25003.1,24987.5,25001.7,167
1783900920,25001.5,25019,25000.7,25014.7,170
1783900980,25015.6,25026.4,25014.7,25025.9,124
1783901040,25025.4,25036.7,25024.5,25035.7,128
1783901100,25034.8,25035.5,25025,25034.5,118
1783901160,25034.3,25036,25028.1,25034.8,140
1783901220,25034.3,25044.7,25033.8,25041.1,153
1783901280,25041.4,25042.8,25036.5,25037,120
1783901340,25037.2,25045.4,25036.5,25044.5,128
1783901400,25045.4,25070.1,25045.4,25066,144
1783901460,25065.5,25066.5,25058.2,25060.6,136
1783901520,25059.9,25061.8,25057,25058.7,126
1783901580,25058.4,25060.6,25055.8,25060.1,122
1783901640,25059.6,25059.6,25056.8,25057.7,108
1783901760,25031.9,25049.4,25031.4,25039.9,50
1783901820,25040.4,25040.4,25024.9,25024.9,18
1783901880,25024.4,25026.4,25015.9,25024.9,36
1783901940,25025.4,25026.9,25019.4,25025.4,50
1783902000,25026.4,25038.4,25025.9,25037.9,58
1783902060,25038.9,25041.9,25037.9,25040.9,16
1783902120,25042.4,25042.4,25032.4,25040.4,38
1783902180,25040.9,25041.4,25036.4,25038.9,56
1783902240,25039.4,25039.9,25039.4,25039.9,4
1783902300,25040.4,25040.9,25040.4,25040.9,4
1783902360,25041.9,25047.4,25041.9,25047.4,18
1783902420,25046.4,25047.9,25042.9,25043.4,30
1783902480,25042.9,25045.4,25038.9,25038.9,56
1783902540,25038.4,25038.4,25036.4,25036.4,6
1783902600,25035.4,25035.4,25028.9,25029.4,48
1783902660,25027.4,25028.9,25020.9,25022.4,70
1783902720,25021.9,25026.9,25021.4,25024.4,72
1783902780,25023.4,25023.9,25012.9,25013.9,80
1783902840,25014.9,25015.9,25001.4,25001.4,92
1783902900,25000.4,25003.9,24999.4,25001.4,74
1783902960,25000.4,25000.9,24996.4,24997.4,42
1783903020,24995.9,24996.9,24984.4,24985.4,48
1783903080,24984.9,24994.9,24983.9,24990.9,40
1783903140,24989.9,24989.9,24981.4,24986.9,50
1783903200,24985.9,24989.9,24979.4,24980.9,48
1783903260,24980.4,24982.9,24969.9,24979.4,90
1783903320,24977.4,24985.4,24977.4,24983.4,104
1783903380,24981.9,24985.9,24971.9,24972.9,82
1783903440,24973.9,24978.9,24973.4,24976.9,78
1783903500,24978.9,24990.4,24976.4,24990.4,94
1783903560,24988.9,24990.9,24981.9,24985.4,70
1783903620,24983.9,24983.9,24976.9,24978.4,62
1783903680,24977.9,24986.9,24977.9,24986.9,74
1783903740,24984.9,24985.9,24968.9,24969.4,76
1783903800,24968.4,24970.4,24965.4,24968.9,76
1783903860,24969.4,24970.4,24964.9,24965.9,86
1783903920,24966.4,24966.4,24941.9,24947.4,96
1783903980,24946.4,24951.9,24942.9,24951.9,98
1783904040,24949.4,24955.9,24941.9,24946.4,54
1783904100,24945.4,24951.4,24940.4,24951.4,76
1783904160,24948.4,24953.4,24943.4,24946.9,70
1783904220,24947.4,24948.9,24943.9,24946.4,74
1783904280,24945.9,24952.4,24945.9,24950.9,66
1783904340,24951.9,24953.9,24950.4,24951.9,66
1783904400,24951.4,24951.4,24936.4,24938.4,80
1783904460,24938.9,24955.9,24938.9,24946.9,130
1783904520,24948.4,24956.9,24944.9,24954.4,126
1783904580,24953.9,24958.4,24953.9,24954.4,70
1783904640,24954.9,24954.9,24938.9,24941.9,100
1783904700,24943.4,24944.9,24937.9,24941.9,88
1783904760,24942.4,24942.9,24933.4,24939.4,76
1783904820,24938.9,24947.9,24937.9,24946.4,116
1783904880,24945.4,24946.9,24934.9,24941.4,86
1783904940,24942.9,24948.4,24932.4,24932.4,120
1783905000,24932.9,24935.9,24923.4,24933.9,72
1783905060,24934.4,24940.9,24931.9,24934.9,70
1783905120,24933.9,24940.9,24927.4,24940.9,80
1783905180,24939.9,24940.9,24931.4,24938.4,50
1783905240,24937.9,24940.9,24934.4,24937.9,38
1783905300,24939.4,24954.4,24937.4,24952.4,86
1783905360,24952.9,24955.4,24948.9,24949.4,54
1783905420,24948.4,24951.4,24944.9,24944.9,44
1783905480,24947.9,24947.9,24940.4,24942.4,26
1783905540,24939.9,24946.9,24937.9,24942.9,44
1783905600,24945.4,24949.9,24942.9,24945.9,66
1783905660,24946.4,24948.9,24942.9,24942.9,78
1783905720,24942.4,24943.9,24939.9,24941.9,42
1783905780,24942.4,24942.4,24932.9,24933.9,42
1783905840,24933.4,24934.4,24927.4,24930.9,66
1783905900,24931.4,24934.4,24926.9,24930.4,72
1783905960,24930.9,24930.9,24922.4,24923.4,64
1783906020,24924.4,24930.4,24924.4,24928.4,94
1783906080,24927.9,24929.4,24923.4,24923.4,70
1783906140,24923.9,24933.9,24923.9,24933.4,70
1783906200,24932.4,24932.4,24921.9,24924.9,94
1783906260,24925.9,24930.9,24925.9,24926.9,68
1783906320,24929.4,24936.9,24922.9,24935.4,72
1783906380,24936.4,24938.9,24925.9,24926.9,56
1783906440,24927.9,24932.9,24923.4,24928.4,72
1783906500,24929.4,24930.4,24924.9,24930.4,54
1783906560,24929.9,24938.9,24928.9,24938.4,68
1783906620,24937.9,24944.9,24937.9,24940.9,78
1783906680,24942.9,24950.9,24942.9,24945.9,74
1783906740,24945.4,24946.9,24941.4,24945.4,70
1783906800,24944.9,24946.4,24935.4,24940.4,88
1783906860,24939.4,24940.4,24935.4,24937.9,112
1783906920,24936.9,24938.4,24929.9,24929.9,62
1783906980,24929.4,24941.9,24927.9,24931.9,94
1783907040,24930.9,24931.4,24926.9,24930.4,74
1783907100,24930.9,24933.4,24928.4,24931.4,66
1783907160,24930.4,24932.4,24923.4,24924.9,66
1783907220,24926.4,24928.9,24924.4,24927.4,46
1783907280,24926.4,24928.4,24920.9,24923.4,80
1783907340,24922.4,24931.4,24920.9,24920.9,84
1783907400,24920.4,24925.4,24915.9,24923.9,92
1783907460,24923.4,24924.4,24916.4,24916.9,66
1783907520,24915.9,24916.9,24910.4,24914.4,66
1783907580,24913.4,24914.4,24907.4,24914.4,130
1783907640,24913.9,24917.9,24911.4,24912.9,60
1783907700,24913.9,24915.9,24907.4,24907.4,62
1783907760,24907.9,24911.4,24902.9,24911.4,30
1783907820,24912.9,24913.9,24900.4,24901.4,84
1783907880,24901.9,24906.4,24898.9,24906.4,60
1783907940,24909.4,24915.4,24904.4,24914.9,58
1783908000,24913.4,24917.4,24903.4,24905.4,100
1783908060,24904.9,24907.9,24903.4,24904.9,58
1783908120,24904.4,24904.4,24893.4,24902.9,70
1783908180,24903.9,24910.9,24900.9,24900.9,90
1783908240,24899.9,24903.4,24896.4,24899.4,80
1783908300,24899.9,24908.4,24898.4,24900.4,88
1783908360,24900.9,24905.9,24897.9,24897.9,48
1783908420,24897.4,24902.9,24895.9,24898.4,74
1783908480,24898.9,24898.9,24894.4,24898.4,88
1783908540,24901.4,24906.9,24901.4,24906.4,64
1783908600,24905.4,24910.4,24903.9,24909.9,68
1783908660,24910.9,24910.9,24905.9,24906.9,68
1783908720,24906.4,24909.4,24905.9,24908.9,42
1783908780,24908.4,24915.4,24908.4,24914.9,48
1783908840,24914.4,24915.9,24901.9,24902.4,50
1783908900,24903.4,24907.4,24900.4,24905.9,70
1783908960,24905.4,24911.4,24905.4,24905.9,66
1783909020,24906.9,24908.4,24901.4,24901.4,48
1783909080,24900.9,24904.9,24899.4,24904.9,60
1783909140,24903.4,24913.4,24900.4,24907.4,48
1783909200,24906.9,24911.4,24906.9,24911.4,34
1783909260,24910.9,24916.4,24910.9,24915.9,22
1783909320,24916.9,24925.4,24916.9,24918.9,32
1783909380,24919.9,24922.4,24914.9,24916.9,70
1783909440,24917.4,24922.4,24916.4,24921.9,54
1783909500,24922.4,24927.9,24920.9,24925.4,38
1783909560,24923.4,24926.9,24923.4,24924.9,46
1783909620,24925.4,24925.9,24922.4,24922.4,14
1783909680,24920.9,24921.9,24917.9,24917.9,14
1783909740,24918.9,24921.4,24918.9,24920.9,12
1783909800,24921.9,24921.9,24912.4,24913.4,32
1783909860,24911.9,24914.4,24906.4,24906.4,50
1783909920,24906.9,24910.4,24904.9,24910.4,58
1783909980,24908.4,24912.9,24908.4,24912.4,46
1783910040,24911.9,24917.4,24911.4,24916.9,42
1783910100,24917.4,24919.9,24914.9,24914.9,60
1783910160,24913.9,24914.4,24911.9,24913.9,14
1783910220,24914.9,24918.9,24912.9,24913.9,24
1783910280,24912.9,24915.4,24912.9,24914.4,16
1783910340,24916.9,24917.9,24911.4,24911.9,42
1783910400,24910.9,24910.9,24905.9,24906.9,10
1783910460,24909.4,24909.4,24905.4,24905.9,58
1783910520,24906.9,24910.9,24904.9,24907.4,50
1783910580,24909.4,24909.9,24906.4,24906.4,38
1783910640,24906.9,24910.4,24903.9,24908.9,24
1783910700,24907.9,24908.4,24905.4,24905.9,32
1783910760,24904.4,24907.4,24901.9,24901.9,42
1783910820,24900.9,24902.4,24899.9,24900.9,32
1783910880,24905.4,24906.4,24904.9,24905.9,10
1783910940,24905.4,24905.4,24901.4,24903.4,44
1783911000,24903.9,24906.4,24902.4,24904.9,50
1783911060,24904.4,24904.4,24899.4,24899.4,40
1783911120,24897.9,24899.9,24897.4,24899.4,32
1783911180,24900.4,24901.4,24898.4,24901.4,54
1783911240,24901.9,24902.4,24898.4,24898.9,36
1783911300,24899.4,24901.4,24898.4,24899.9,24
1783911360,24899.4,24899.9,24898.4,24898.4,8
1783911420,24897.4,24897.9,24894.4,24894.9,16
1783911480,24894.4,24897.4,24893.4,24895.9,16
1783911540,24897.4,24897.4,24891.4,24891.9,38
1783911600,24892.4,24893.9,24890.9,24892.4,64
1783911660,24892.9,24892.9,24885.4,24889.4,62
1783911720,24888.9,24889.9,24879.9,24879.9,46
1783911780,24880.9,24884.9,24879.4,24879.4,36
1783911840,24878.9,24880.4,24877.9,24877.9,32
1783911900,24878.4,24878.9,24876.4,24877.4,34
1783911960,24878.4,24882.4,24877.4,24877.9,50
1783912020,24877.4,24877.4,24873.4,24875.4,22
1783912080,24874.9,24874.9,24866.9,24869.9,50
1783912140,24870.4,24870.4,24863.4,24866.9,26
1783912200,24867.9,24870.4,24864.4,24864.4,44
1783912260,24865.4,24865.4,24863.4,24864.9,24
1783912320,24864.4,24864.4,24861.9,24862.9,10
1783912380,24862.4,24866.4,24862.4,24864.9,10
1783912440,24865.4,24865.9,24862.4,24865.9,26
1783912500,24866.9,24867.4,24865.4,24866.4,40
1783912560,24865.4,24868.4,24863.4,24863.9,38
1783912620,24862.9,24864.4,24861.9,24862.4,14
1783912680,24862.9,24863.4,24861.9,24861.9,10
1783912740,24860.4,24861.4,24859.9,24861.4,14
1783912800,24862.9,24865.9,24861.4,24861.4,28
1783912860,24863.4,24864.9,24857.9,24863.4,32
1783912920,24861.9,24861.9,24858.9,24858.9,18
1783912980,24858.4,24860.4,24856.4,24859.9,16
1783913040,24861.9,24861.9,24858.9,24861.9,14
1783913100,24862.4,24862.4,24861.9,24861.9,12
1783913160,24862.4,24862.4,24860.9,24861.9,12
1783913220,24862.4,24862.4,24859.9,24861.9,24
1783913280,24862.4,24866.9,24861.9,24866.9,24
1783913340,24866.4,24869.4,24864.4,24864.9,48
1783913400,24863.9,24867.9,24858.4,24860.9,68
1783913460,24860.4,24860.4,24855.9,24856.9,26
1783913520,24858.4,24859.9,24857.4,24857.9,46
1783913580,24856.4,24857.4,24854.9,24854.9,38
1783913640,24856.4,24856.9,24854.9,24855.4,12
1783913700,24854.9,24854.9,24848.4,24848.4,48
1783913760,24847.9,24850.4,24847.4,24849.4,24
1783913820,24848.9,24850.9,24846.4,24850.4,32
1783913880,24849.9,24864.9,24849.9,24862.9,58
1783913940,24862.4,24870.9,24859.4,24869.9,68
1783914000,24870.4,24871.4,24869.4,24870.4,26
1783914060,24870.9,24872.4,24869.9,24872.4,42
1783914120,24871.9,24874.9,24870.4,24870.4,38
1783914180,24865.9,24867.4,24856.9,24857.4,34
1783914240,24860.9,24860.9,24856.4,24858.4,48
1783914300,24859.4,24860.9,24858.4,24860.9,10
1783914360,24859.9,24861.4,24858.9,24861.4,46
1783914420,24861.9,24861.9,24857.9,24858.9,42
1783914480,24857.9,24861.4,24857.4,24861.4,38
1783914540,24864.4,24865.9,24861.4,24863.9,60
1783914600,24864.4,24865.4,24862.9,24863.9,38
1783914660,24864.9,24864.9,24857.4,24857.4,44
1783914720,24856.9,24856.9,24853.4,24853.4,20
1783914780,24852.9,24854.9,24852.4,24854.9,12
1783914840,24853.9,24859.9,24852.4,24859.9,38
1783914900,24858.9,24859.4,24854.4,24855.4,26
1783914960,24853.9,24855.9,24853.4,24853.4,28
1783915020,24852.9,24853.4,24848.9,24849.4,40
1783915080,24849.9,24851.9,24849.9,24849.9,16
1783915140,24849.4,24849.4,24847.9,24848.4,12
1783915200,24847.4,24847.9,24839.9,24843.4,58
1783915260,24842.4,24843.9,24837.9,24838.9,56
1783915320,24837.9,24838.9,24834.9,24837.4,30
1783915380,24836.9,24836.9,24832.9,24833.4,12
1783915440,24837.4,24839.4,24833.4,24834.9,42
1783915500,24835.4,24837.4,24829.4,24830.4,50
1783915560,24830.9,24832.4,24826.4,24827.4,46
1783915620,24827.9,24829.4,24825.4,24829.4,36
1783915680,24830.4,24830.4,24823.9,24823.9,32
1783915740,24824.4,24826.4,24823.9,24824.4,26
1783915800,24824.9,24826.4,24822.4,24822.4,44
1783915860,24822.9,24826.4,24821.9,24824.9,20
1783915920,24823.9,24824.4,24822.9,24822.9,12
1783915980,24823.4,24828.4,24822.9,24822.9,32
1783916040,24822.4,24824.4,24822.4,24823.9,12
1783916100,24822.9,24822.9,24821.4,24821.4,6
1783916160,24824.9,24826.4,24821.9,24822.9,42
1783916220,24823.4,24825.9,24821.9,24824.9,32
1783916280,24825.4,24827.9,24821.9,24821.9,35
1783916340,24822.4,24836.4,24821.9,24832.9,37
1783916400,24831.9,24835.9,24831.4,24832.9,48
1783916460,24833.4,24840.4,24829.4,24840.4,70
1783916520,24839.4,24840.4,24834.4,24835.4,36
1783916580,24834.4,24834.4,24829.4,24829.4,20
1783916640,24828.9,24832.9,24827.9,24827.9,46
1783916700,24828.4,24832.4,24824.4,24825.9,54
1783916760,24827.9,24827.9,24821.4,24821.4,30
1783916820,24820.9,24824.4,24818.4,24818.9,22
1783916880,24819.4,24827.4,24818.9,24827.4,26
1783916940,24829.4,24832.9,24827.9,24828.9,32
1783917000,24828.4,24832.4,24827.4,24832.4,30
1783917060,24831.4,24831.9,24821.9,24823.9,40
1783917120,24824.9,24826.9,24823.4,24825.9,22
1783917180,24824.9,24824.9,24819.9,24823.9,22
1783917240,24824.9,24830.9,24823.9,24827.9,40
1783917300,24827.4,24827.4,24825.9,24825.9,6
1783917360,24824.9,24824.9,24817.9,24817.9,10
1783917420,24818.9,24824.9,24818.9,24824.9,6
1783917480,24820.4,24827.9,24818.9,24827.9,22
1783917540,24826.9,24827.9,24826.4,24827.4,20
1783917600,24826.9,24826.9,24820.4,24820.4,16
1783917660,24819.4,24821.9,24819.4,24820.9,26
1783917720,24820.4,24821.4,24817.4,24818.4,42
1783917780,24817.9,24817.9,24813.9,24813.9,16
1783917840,24813.4,24815.9,24810.9,24813.4,46
1783917900,24814.4,24815.9,24810.4,24811.9,32
1783917960,24811.4,24811.4,24808.4,24810.9,12
1783918020,24811.4,24811.4,24805.4,24805.4,22
1783918080,24802.9,24803.9,24801.9,24801.9,16
1783918140,24801.4,24801.9,24801.4,24801.9,4
1783918200,24801.4,24807.9,24800.9,24802.9,32
1783918260,24801.9,24802.4,24796.9,24797.4,42
1783918320,24797.9,24799.4,24795.4,24797.4,20
1783918380,24796.4,24800.9,24794.4,24800.9,18
1783918440,24802.4,24802.4,24798.4,24800.4,14
1783918500,24800.9,24803.4,24799.4,24803.4,24
1783918560,24802.4,24804.9,24802.4,24804.9,16
1783918620,24804.4,24806.4,24803.9,24804.9,36
1783918680,24805.4,24807.4,24805.4,24807.4,14
1783918740,24808.4,24808.4,24806.9,24806.9,16
1783918800,24808.4,24810.4,24801.9,24808.4,62
1783918860,24807.9,24821.9,24805.9,24821.4,70
1783918920,24823.4,24831.9,24822.4,24829.9,50
1783918980,24831.4,24831.4,24822.9,24823.9,73
1783919040,24824.4,24830.9,24823.4,24828.4,64
1783919100,24827.4,24831.9,24823.9,24830.9,66
1783919160,24831.4,24832.4,24826.9,24832.4,40
1783919220,24831.9,24833.9,24829.4,24833.9,36
1783919280,24837.4,24841.4,24837.4,24839.9,54
1783919340,24841.4,24848.4,24840.4,24848.4,32
1783919400,24850.9,24855.9,24848.9,24851.9,74
1783919460,24852.4,24861.4,24852.4,24860.4,50
1783919520,24859.9,24862.4,24859.4,24860.9,44
1783919580,24860.4,24862.4,24858.4,24861.4,64
1783919640,24859.9,24861.4,24855.4,24860.4,50
1783919700,24860.9,24860.9,24846.4,24846.4,62
1783919760,24847.9,24848.4,24839.9,24839.9,66
1783919820,24840.4,24842.9,24838.4,24840.9,44
1783919880,24840.4,24843.4,24840.4,24842.9,32
1783919940,24843.9,24844.9,24841.4,24843.9,36
1783920000,24844.4,24844.9,24838.4,24838.4,56
1783920060,24838.9,24839.9,24830.4,24832.9,52
1783920120,24833.4,24833.4,24822.4,24822.9,82
1783920180,24823.4,24823.9,24813.9,24815.9,60
1783920240,24812.9,24818.4,24806.9,24816.4,76
1783920300,24815.4,24822.4,24814.9,24819.9,90
1783920360,24820.4,24821.4,24813.9,24814.4,56
1783920420,24815.4,24816.4,24805.9,24807.9,52
1783920480,24806.9,24813.9,24806.9,24810.9,54
1783920540,24811.4,24811.4,24804.4,24807.9,62
1783920600,24808.9,24808.9,24774.4,24792.9,84
1783920660,24791.9,24808.9,24791.9,24797.9,98
1783920720,24795.4,24807.4,24794.9,24805.4,82
1783920780,24806.9,24816.4,24806.9,24815.4,68
1783920840,24815.9,24839.9,24815.9,24839.4,68
1783920900,24838.9,24845.9,24838.9,24844.4,66
1783920960,24843.4,24848.4,24839.9,24847.9,82
1783921020,24847.4,24852.9,24843.4,24846.9,64
1783921080,24848.4,24852.9,24842.9,24843.4,50
1783921140,24842.9,24848.9,24842.9,24848.4,26
1783921200,24846.9,24854.4,24846.9,24852.4,60
1783921260,24854.4,24859.9,24841.4,24859.4,80
1783921320,24858.9,24858.9,24848.9,24851.4,48
1783921380,24849.4,24849.9,24835.4,24838.9,60
1783921440,24838.4,24840.4,24835.9,24838.4,42
1783921500,24837.4,24842.4,24834.9,24839.4,48
1783921560,24838.9,24839.9,24834.4,24834.4,38
1783921620,24828.9,24832.9,24827.9,24832.9,72
1783921680,24831.9,24833.9,24828.4,24828.9,70
1783921740,24829.4,24840.9,24829.4,24840.9,82
1783921800,24841.9,24854.9,24841.9,24854.9,68
1783921860,24854.4,24864.4,24854.4,24857.9,74
1783921920,24859.4,24862.9,24851.9,24851.9,86
1783921980,24850.9,24854.4,24843.4,24846.4,68
1783922040,24845.9,24845.9,24834.9,24838.4,52
1783922100,24836.4,24837.4,24829.4,24836.4,40
1783922160,24834.9,24836.9,24832.9,24836.4,62
1783922220,24834.4,24838.9,24830.9,24831.9,66
1783922280,24832.4,24839.9,24832.4,24837.9,40
1783922340,24838.4,24852.4,24838.4,24852.4,38
1783922400,24853.9,24878.9,24853.9,24873.4,110
1783922460,24874.1,24876.1,24859.1,24871.1,98
1783922520,24870.6,24870.6,24853.1,24862.1,102
1783922580,24862.6,24862.6,24854.1,24855.6,70
1783922640,24856.1,24872.1,24856.1,24868.6,66
1783922700,24869.6,24873.6,24855.1,24861.6,136
1783922760,24860.6,24865.1,24854.1,24854.1,80
1783922820,24854.6,24872.1,24853.6,24868.1,128
1783922880,24868.6,24870.6,24860.6,24868.6,104
1783922940,24868.1,24879.6,24868.1,24874.6,108
1783923000,24875.1,24882.6,24872.1,24873.1,122
1783923060,24871.6,24878.1,24870.1,24872.1,108
1783923120,24871.1,24873.1,24861.1,24864.1,126
1783923180,24864.6,24868.1,24861.1,24863.6,110
1783923240,24864.1,24872.1,24863.6,24866.1,88
1783923300,24866.6,24876.1,24865.1,24874.1,146
1783923360,24873.6,24877.1,24869.1,24874.6,114
1783923420,24874.1,24885.6,24872.1,24883.6,132
1783923480,24881.6,24884.6,24875.9,24879.1,106
1783923540,24878.6,24886.6,24878.1,24886.1,114
1783923600,24887.1,24891.1,24883.1,24890.6,96
1783923660,24891.1,24891.1,24884.1,24887.1,120
1783923720,24887.6,24887.6,24879.1,24882.1,56
1783923780,24881.6,24894.6,24881.6,24894.1,78
1783923840,24893.6,24895.6,24887.4,24890.1,108
1783923900,24890.6,24898.1,24890.6,24896.1,128
1783923960,24897.1,24908.1,24894.1,24907.1,86
1783924020,24908.1,24908.1,24893.1,24896.1,100
1783924080,24897.1,24899.6,24893.6,24899.1,94
1783924140,24900.1,24906.6,24896.1,24903.1,96
1783924200,24906.1,24909.1,24897.1,24897.1,100
1783924260,24898.1,24907.6,24897.6,24906.6,142
1783924320,24907.1,24910.1,24900.1,24901.6,132
1783924380,24901.1,24902.1,24892.1,24898.6,84
1783924440,24896.6,24898.6,24892.1,24892.1,96
1783924500,24893.1,24895.1,24889.6,24893.1,49
1783924560,24893.6,24898.1,24892.1,24896.1,84
1783924620,24895.1,24902.1,24895.1,24895.6,66
1783924680,24894.1,24900.6,24893.1,24895.6,50
1783924740,24894.1,24899.1,24892.6,24893.6,66
1783924800,24894.1,24900.6,24891.6,24900.1,60
1783924860,24901.1,24903.1,24896.6,24897.1,64
1783924920,24896.1,24900.6,24893.1,24900.1,72
1783924980,24903.1,24906.1,24900.4,24905.1,63
1783925040,24904.6,24911.6,24904.6,24909.1,96
1783925100,24908.1,24912.1,24905.1,24908.6,90
1783925160,24908.1,24922.1,24908.1,24922.1,104
1783925220,24923.1,24923.6,24918.1,24918.6,74
1783925280,24919.6,24919.6,24911.1,24917.6,56
1783925340,24916.1,24918.1,24915.1,24917.1,50
1783925400,24918.1,24923.1,24916.6,24917.6,66
1783925460,24917.1,24921.6,24914.1,24921.1,48
1783925520,24920.6,24922.1,24918.6,24922.1,32
1783925580,24923.6,24924.6,24914.1,24915.1,84
1783925640,24914.1,24926.6,24914.1,24924.1,72
1783925700,24923.6,24926.6,24920.6,24925.6,44
1783925760,24922.1,24930.6,24917.1,24918.6,92
1783925820,24919.1,24922.1,24919.1,24922.1,42
1783925880,24922.6,24927.1,24922.6,24925.6,62
1783925940,24924.6,24934.1,24923.1,24929.6,96
1783926000,24930.6,24964.6,24930.6,24957.1,222
1783926060,24956.6,24971.1,24952.6,24966.1,180
1783926120,24966.6,24984.1,24964.6,24973.1,214
1783926180,24972.6,25008.1,24968.1,25006.1,178
1783926240,25007.1,25021.6,25006.1,25018.6,176
1783926300,25019.6,25029.1,25014.6,25015.1,186
1783926360,25013.1,25022.1,25010.6,25016.6,140
1783926420,25014.1,25027.1,25014.1,25023.1,148
1783926480,25024.6,25036.6,25020.6,25032.6,162
1783926540,25028.6,25028.6,25022.6,25025.1,154
1783926600,25025.6,25039.1,25021.6,25038.1,174
1783926660,25040.1,25040.1,25029.1,25033.1,158
1783926720,25032.6,25038.1,25024.6,25028.1,154
1783926780,25031.1,25049.6,25029.6,25043.6,145
1783926840,25044.1,25054.1,25043.1,25052.6,128
1783926900,25053.6,25056.1,25047.1,25052.6,150
1783926960,25053.1,25057.6,25038.1,25041.1,140
1783927020,25040.6,25041.1,25022.1,25025.1,138
1783927080,25025.6,25027.1,25014.6,25019.1,123
1783927140,25020.6,25024.1,25012.1,25013.1,140
1783927200,25013.6,25024.6,25012.6,25024.1,132
1783927260,25024.6,25038.6,25022.6,25033.1,139
1783927320,25032.1,25049.1,25032.1,25049.1,130
1783927380,25047.1,25047.1,25034.1,25043.1,132
1783927440,25042.6,25051.6,25040.1,25050.1,112
1783927500,25049.6,25050.1,25038.1,25043.6,130
1783927560,25044.1,25057.6,25043.1,25050.6,110
1783927620,25050.1,25059.1,25050.1,25056.6,106
1783927680,25058.1,25063.6,25057.6,25060.1,124
1783927740,25060.6,25061.1,25046.6,25052.6,128
1783927800,25053.1,25056.6,25032.1,25032.1,126
1783927860,25032.6,25040.6,25028.1,25035.6,138
1783927920,25033.1,25033.1,25022.6,25022.6,110
1783927980,25023.6,25029.1,25015.6,25017.1,132
1783928040,25016.1,25036.1,25016.1,25034.6,126
1783928100,25035.1,25045.6,25025.4,25041.1,145
1783928160,25041.6,25042.1,25033.1,25040.1,108
1783928220,25039.6,25052.1,25039.6,25045.1,142
1783928280,25045.6,25050.1,25038.1,25047.1,126
1783928340,25048.1,25052.1,25039.6,25043.1,110
1783928400,25042.6,25055.1,25042.6,25051.6,132
1783928460,25052.1,25064.1,25051.1,25061.1,114
1783928520,25062.1,25064.1,25050.1,25051.1,128
1783928580,25050.6,25054.1,25044.1,25045.6,124
1783928640,25046.1,25047.1,25035.1,25043.6,148
1783928700,25044.1,25050.1,25043.1,25050.1,110
1783928760,25049.6,25050.6,25041.1,25041.6,98
1783928820,25041.1,25052.1,25039.1,25048.1,118
1783928880,25049.1,25049.6,25038.1,25044.6,118
1783928940,25044.1,25044.1,25037.6,25039.6,90
1783929000,25039.1,25040.6,25029.6,25032.1,134
1783929060,25031.1,25041.6,25030.6,25041.6,108
1783929120,25042.1,25049.6,25041.1,25046.6,108
1783929180,25048.1,25051.6,25046.6,25050.6,52
1783929240,25050.1,25064.6,25049.1,25064.6,124
1783929300,25065.1,25070.6,25058.1,25063.1,124
1783929360,25062.1,25063.1,25053.1,25061.1,114
1783929420,25060.6,25067.1,25060.1,25065.1,98
1783929480,25064.6,25070.1,25062.6,25066.6,118
1783929540,25066.1,25072.1,25061.6,25071.1,130
1783929600,25071.6,25079.6,25069.1,25072.1,148
1783929660,25072.6,25085.1,25071.1,25076.1,132
1783929720,25076.6,25079.1,25062.6,25068.1,127
1783929780,25069.1,25069.6,25055.6,25060.1,134
1783929840,25059.1,25062.6,25051.6,25059.6,132
1783929900,25060.1,25075.1,25058.1,25072.1,134
1783929960,25071.6,25083.6,25068.1,25082.6,156
1783930020,25082.1,25085.6,25076.1,25078.1,124
1783930080,25077.1,25078.6,25059.1,25059.1,112
1783930140,25060.1,25073.1,25059.1,25073.1,118
1783930200,25072.1,25077.1,25070.1,25074.1,122
1783930260,25072.6,25091.6,25072.6,25088.6,128
1783930320,25087.6,25090.6,25086.1,25089.6,108
1783930380,25088.6,25093.6,25083.1,25083.6,114
1783930440,25085.1,25089.1,25081.6,25086.1,104
1783930500,25086.6,25095.6,25086.6,25092.1,122
1783930560,25091.6,25091.6,25085.1,25088.1,132
1783930620,25089.6,25095.6,25083.6,25091.6,116
1783930680,25090.6,25101.6,25089.6,25100.6,122
1783930740,25101.1,25104.6,25097.1,25099.6,120
1783930800,25100.1,25102.6,25089.6,25093.1,124
1783930860,25092.1,25095.1,25088.6,25093.6,116
1783930920,25094.1,25095.6,25086.6,25087.6,130
1783930980,25088.1,25100.6,25088.1,25098.6,104
1783931040,25099.6,25102.1,25097.1,25098.6,128
1783931100,25098.1,25105.6,25094.6,25104.1,98
1783931160,25103.1,25103.1,25093.6,25094.1,122
1783931220,25095.1,25108.6,25093.6,25106.1,120
1783931280,25105.1,25106.1,25095.1,25100.6,112
1783931340,25099.1,25105.1,25091.6,25093.1,124
1783931400,25092.6,25097.1,25089.6,25094.6,126
1783931460,25095.6,25102.1,25093.6,25100.1,98
1783931520,25099.6,25105.6,25099.6,25103.6,102
1783931580,25104.1,25105.6,25096.1,25096.1,98
1783931640,25095.6,25095.6,25089.6,25094.6,92
1783931700,25094.1,25108.6,25094.1,25107.6,88
1783931760,25108.6,25112.6,25102.1,25108.1,118
1783931820,25107.6,25108.1,25099.6,25102.6,86
1783931880,25103.1,25103.6,25095.6,25103.1,94
1783931940,25103.6,25108.6,25101.1,25101.1,86
1783932000,25100.1,25102.1,25094.4,25101.6,92
1783932060,25100.6,25104.1,25098.1,25098.6,108
1783932120,25099.1,25099.1,25090.6,25093.1,83
1783932180,25092.6,25095.6,25089.4,25094.6,93
1783932240,25093.1,25095.6,25089.6,25095.1,84
1783932300,25090.6,25094.1,25090.1,25093.1,86
1783932360,25093.6,25105.1,25093.6,25103.6,102
1783932420,25104.1,25105.6,25094.6,25095.1,98
1783932480,25094.6,25102.1,25089.6,25098.6,88
1783932540,25099.6,25101.1,25095.1,25098.6,122
1783932600,25100.1,25104.1,25099.1,25103.6,114
1783932660,25103.1,25113.1,25102.6,25112.6,76
1783932720,25112.1,25116.1,25108.6,25115.6,92
1783932780,25114.1,25115.6,25107.1,25111.6,112
1783932840,25113.6,25123.6,25113.1,25122.6,116
1783932900,25120.6,25121.6,25116.1,25116.6,80
1783932960,25115.6,25117.1,25112.6,25115.1,98
1783933020,25116.6,25118.1,25106.6,25107.6,92
1783933080,25107.1,25109.6,25106.6,25108.6,78
1783933140,25109.6,25119.6,25107.1,25119.1,88
1783933200,25121.6,25126.6,25119.6,25125.1,120
1783933260,25124.6,25128.6,25121.6,25126.4,76
1783933320,25127.6,25128.1,25117.6,25118.1,82
1783933380,25118.6,25119.6,25110.1,25110.6,104
1783933440,25111.1,25118.1,25111.1,25116.1,98
1783933500,25117.1,25118.1,25112.6,25114.6,82
1783933560,25115.1,25119.6,25107.6,25107.6,114
1783933620,25108.1,25111.1,25107.6,25110.6,50
1783933680,25111.1,25111.6,25107.1,25107.1,90
1783933740,25106.6,25106.6,25098.6,25103.6,95
1783933800,25103.1,25103.1,25093.6,25094.6,54
1783933860,25095.1,25103.1,25092.1,25100.1,64
1783933920,25101.6,25102.6,25095.6,25096.1,66
1783933980,25097.1,25099.1,25094.6,25095.1,62
1783934040,25095.6,25099.1,25095.1,25096.6,56
1783934100,25097.1,25100.1,25094.1,25095.6,40
1783934160,25096.6,25096.6,25092.6,25095.6,58
1783934220,25096.1,25102.6,25095.1,25099.6,78
1783934280,25100.1,25110.1,25100.1,25106.6,72
1783934340,25105.6,25107.6,25105.1,25106.1,32
1783934400,25105.6,25106.1,25102.6,25103.6,68
1783934460,25104.1,25106.1,25103.1,25106.1,88
1783934520,25105.6,25107.1,25105.1,25106.6,50
1783934580,25107.1,25120.6,25105.6,25120.6,85
1783934640,25120.1,25122.6,25119.6,25122.6,74
1783934700,25123.1,25124.1,25118.6,25119.1,98
1783934760,25118.6,25129.6,25118.6,25129.6,102
1783934820,25129.1,25143.1,25128.6,25141.6,106
1783934880,25143.6,25144.6,25139.1,25141.6,104
1783934940,25141.1,25148.6,25139.9,25143.1,77
1783935000,25141.1,25148.6,25134.6,25148.6,122
1783935060,25149.6,25149.6,25141.1,25142.6,96
1783935120,25143.1,25146.6,25140.6,25145.1,94
1783935180,25144.6,25148.6,25143.1,25145.6,94
1783935240,25144.6,25146.1,25136.1,25145.1,90
1783935300,25144.6,25149.1,25140.1,25145.6,96
1783935360,25146.1,25151.1,25146.1,25148.6,58
1783935420,25149.1,25155.1,25148.6,25152.1,72
1783935480,25151.6,25153.6,25148.6,25148.6,80
1783935540,25149.1,25158.1,25148.6,25157.1,74
1783935600,25157.6,25158.1,25148.6,25149.1,70
1783935660,25148.6,25152.6,25147.1,25152.1,90
1783935720,25151.6,25152.1,25143.6,25143.6,87
1783935780,25144.1,25147.1,25143.6,25144.6,80
1783935840,25145.1,25149.6,25141.1,25145.6,119
1783935900,25146.1,25156.1,25145.1,25156.1,92
1783935960,25155.6,25157.6,25151.1,25151.1,80
1783936020,25152.1,25155.6,25150.1,25152.6,52
1783936080,25152.1,25154.1,25149.6,25151.1,64
1783936140,25151.6,25157.1,25151.6,25153.1,88
1783936200,25152.6,25152.6,25138.6,25139.6,100
1783936260,25140.1,25147.6,25139.1,25147.6,102
1783936320,25147.1,25147.1,25140.6,25141.1,86
1783936380,25141.6,25147.6,25139.1,25147.6,68
1783936440,25148.1,25149.6,25143.6,25144.1,80
1783936500,25144.6,25149.6,25142.1,25149.6,56
1783936560,25147.6,25152.6,25144.1,25152.6,92
1783936620,25153.1,25153.1,25147.1,25149.1,104
1783936680,25149.6,25150.6,25145.1,25146.6,82
1783936740,25146.1,25151.1,25146.1,25148.1,112
1783936800,25148.6,25152.6,25146.1,25150.1,98
1783936860,25151.1,25158.1,25143.1,25143.1,132
1783936920,25142.6,25142.6,25132.6,25134.1,76
1783936980,25134.6,25134.6,25128.6,25129.1,104
1783937040,25128.6,25138.6,25128.6,25136.6,88
1783937100,25137.6,25137.6,25129.1,25134.6,70
1783937160,25133.1,25134.6,25129.1,25131.6,46
1783937220,25132.1,25132.6,25121.1,25121.1,66
1783937280,25120.1,25121.1,25112.6,25121.1,74
1783937340,25121.6,25123.1,25112.6,25115.6,68
1783937400,25114.1,25123.6,25114.1,25120.1,70
1783937460,25119.6,25123.6,25117.1,25117.1,86
1783937520,25116.1,25118.6,25114.6,25116.1,76
1783937580,25115.6,25121.1,25115.1,25119.1,86
1783937640,25118.6,25125.1,25117.1,25125.1,98
1783937700,25124.6,25124.6,25114.6,25115.1,74
1783937760,25116.1,25116.6,25106.6,25106.6,72
1783937820,25106.1,25113.1,25106.1,25112.1,100
1783937880,25111.6,25113.6,25104.1,25104.1,72
1783937940,25106.1,25110.1,25106.1,25109.1,70
1783938000,25108.1,25109.1,25100.6,25103.1,76
1783938060,25102.6,25103.1,25092.6,25093.6,72
1783938120,25095.1,25100.1,25092.1,25092.6,110
1783938180,25093.1,25097.1,25093.1,25096.1,78
1783938240,25096.6,25099.1,25085.6,25085.6,78
1783938300,25086.1,25089.6,25084.1,25088.6,91
1783938360,25089.1,25090.1,25079.1,25080.1,72
1783938420,25082.1,25087.1,25080.6,25083.6,88
1783938480,25084.1,25085.6,25079.1,25079.6,96
1783938540,25079.1,25083.6,25076.1,25082.1,86
1783938600,25082.6,25082.6,25071.1,25075.6,82
1783938660,25073.1,25073.1,25066.6,25070.1,98
1783938720,25069.6,25076.6,25068.1,25076.1,106
1783938780,25074.6,25085.1,25074.6,25082.6,94
1783938840,25083.1,25085.1,25073.6,25076.6,108
1783938900,25077.1,25088.1,25075.1,25084.6,88
1783938960,25085.1,25087.6,25080.6,25087.6,72
1783939020,25086.6,25093.1,25086.1,25092.6,78
1783939080,25092.1,25102.6,25091.6,25102.6,84
1783939140,25103.1,25107.1,25099.6,25102.6,82
1783939200,25103.6,25110.6,25103.1,25110.6,66
1783939260,25109.6,25110.6,25104.1,25105.6,80
1783939320,25104.6,25104.6,25092.1,25099.1,122
1783939380,25098.6,25107.6,25097.6,25107.6,96
1783939440,25107.1,25107.6,25104.6,25105.6,102
1783939500,25105.1,25112.1,25104.6,25110.6,96
1783939560,25110.1,25111.6,25104.1,25106.1,136
1783939620,25106.6,25111.6,25106.1,25110.1,74
1783939680,25109.6,25118.6,25109.1,25118.1,68
1783939740,25118.6,25120.6,25113.1,25114.6,94
1783939800,25113.1,25113.6,25108.1,25109.6,106
1783939860,25110.1,25113.1,25107.1,25109.6,61
1783939920,25110.6,25111.1,25100.6,25104.6,68
1783939980,25105.1,25105.1,25097.1,25099.1,84
1783940040,25098.6,25101.6,25098.6,25100.6,68
1783940100,25101.1,25101.6,25095.1,25096.6,106
1783940160,25097.1,25103.1,25097.1,25101.6,96
1783940220,25102.6,25104.6,25100.6,25101.6,76
1783940280,25100.1,25103.1,25099.1,25102.6,68
1783940340,25103.1,25107.6,25101.1,25107.1,96
1783940400,25109.1,25109.1,25104.1,25105.6,114
1783940460,25105.1,25105.1,25098.1,25098.6,54
1783940520,25098.1,25109.1,25095.6,25105.6,107
1783940580,25106.1,25119.6,25105.6,25116.6,112
1783940640,25116.1,25119.6,25114.1,25115.1,114
1783940700,25115.6,25129.1,25111.1,25127.6,130
1783940760,25128.1,25131.6,25124.1,25130.1,148
1783940820,25129.6,25130.6,25125.6,25129.6,100
1783940880,25129.1,25134.1,25128.1,25132.1,86
1783940940,25131.6,25134.6,25124.1,25127.1,98
1783941000,25125.6,25127.6,25118.1,25119.1,110
1783941060,25120.1,25120.1,25108.6,25118.6,110
1783941120,25119.1,25121.6,25112.1,25114.1,90
1783941180,25114.6,25120.6,25113.6,25118.1,70
1783941240,25118.6,25119.1,25103.6,25109.6,104
1783941300,25109.1,25115.6,25109.1,25114.1,68
1783941360,25114.6,25120.1,25110.1,25119.6,100
1783941420,25119.1,25121.6,25116.6,25117.1,66
1783941480,25117.6,25117.6,25107.6,25107.6,68
1783941540,25109.1,25109.1,25100.1,25100.6,74
1783941600,25100.1,25102.1,25098.1,25101.6,88
1783941660,25102.1,25114.6,25101.6,25114.6,96
1783941720,25115.1,25115.6,25109.1,25110.6,96
1783941780,25111.1,25113.1,25107.1,25108.1,102
1783941840,25107.6,25114.1,25107.6,25112.1,84
1783941900,25111.1,25120.1,25109.6,25115.6,96
1783941960,25116.1,25125.6,25114.6,25123.1,82
1783942020,25122.6,25123.6,25118.1,25123.6,90
1783942080,25123.1,25127.6,25122.1,25127.6,80
1783942140,25128.1,25128.1,25123.1,25124.1,96
1783942200,25123.6,25131.1,25120.1,25127.6,122
1783942260,25127.1,25127.6,25117.1,25126.1,106
1783942320,25126.6,25130.1,25125.1,25126.1,84
1783942380,25126.6,25131.6,25121.1,25121.1,74
1783942440,25122.6,25132.1,25122.1,25131.1,88
1783942500,25131.6,25135.1,25128.4,25129.6,107
1783942560,25130.1,25133.1,25125.1,25125.1,88
1783942620,25125.6,25128.6,25123.1,25125.6,96
1783942680,25126.1,25127.1,25120.6,25122.1,98
1783942740,25121.6,25123.1,25114.1,25115.1,78
1783942800,25116.1,25119.1,25111.6,25113.1,90
1783942860,25112.6,25117.1,25112.6,25117.1,68
1783942920,25118.1,25119.1,25115.6,25117.6,86
1783942980,25118.6,25122.1,25118.1,25121.1,60
1783943040,25120.1,25128.6,25120.1,25128.6,76
1783943100,25129.1,25129.1,25121.1,25126.6,92
1783943160,25126.1,25127.6,25118.1,25120.6,110
1783943220,25121.1,25122.1,25115.1,25122.1,116
1783943280,25121.1,25122.1,25109.6,25111.1,114
1783943340,25111.6,25116.6,25109.1,25115.1,66
1783943400,25114.6,25115.6,25111.1,25115.1,80
1783943460,25116.1,25119.1,25113.1,25119.1,86
1783943520,25119.6,25119.6,25112.1,25112.6,60
1783943580,25113.1,25114.1,25096.1,25098.1,66
1783943640,25098.6,25102.1,25098.6,25101.1,82
1783943700,25100.6,25100.6,25094.1,25099.1,94
1783943760,25098.1,25102.1,25093.1,25095.6,94
1783943820,25096.1,25098.1,25089.1,25096.6,104
1783943880,25097.1,25097.1,25093.1,25094.6,94
1783943940,25094.1,25101.6,25094.1,25101.1,96
1783944000,25100.1,25100.1,25093.1,25094.6,122
1783944060,25094.1,25098.1,25091.1,25096.1,76
1783944120,25096.6,25096.6,25083.6,25084.1,104
1783944180,25083.6,25085.6,25081.6,25085.6,112
1783944240,25086.1,25093.1,25083.1,25085.1,130
1783944300,25086.6,25090.1,25084.1,25088.1,98
1783944360,25087.6,25089.6,25083.6,25088.1,92
1783944420,25089.6,25090.6,25079.6,25081.6,108
1783944480,25081.1,25093.1,25079.6,25092.6,130
1783944540,25093.6,25101.1,25092.1,25099.6,124
1783944600,25100.1,25114.1,25099.6,25114.1,112
1783944660,25116.6,25120.1,25091.6,25091.6,178
1783944720,25091.1,25091.1,25071.1,25078.1,168
1783944780,25079.1,25088.1,25079.1,25083.1,94
1783944840,25084.1,25088.1,25071.1,25074.1,116
1783944900,25074.6,25086.1,25074.6,25080.1,112
1783944960,25079.1,25084.1,25076.1,25080.1,136
1783945020,25079.1,25091.1,25079.1,25087.6,116
1783945080,25088.1,25098.1,25087.1,25095.6,122
1783945140,25096.1,25100.6,25094.6,25096.6,86
1783945200,25096.1,25096.1,25087.6,25090.6,114
1783945260,25091.1,25091.6,25082.1,25086.1,108
1783945320,25087.1,25090.1,25085.1,25087.1,90
1783945380,25086.1,25086.1,25077.1,25079.1,116
1783945440,25078.1,25083.1,25078.1,25080.6,110
1783945500,25081.1,25081.1,25074.6,25077.1,108
1783945560,25076.6,25080.1,25075.1,25078.6,70
1783945620,25079.1,25080.6,25075.6,25077.1,86
1783945680,25077.6,25083.1,25077.6,25083.1,106
1783945740,25082.6,25083.1,25077.6,25079.6,76
1783945800,25080.1,25083.1,25074.6,25082.6,90
1783945860,25082.1,25082.1,25072.1,25074.6,124
1783945920,25075.1,25083.1,25073.1,25082.1,116
1783945980,25083.1,25083.1,25074.1,25074.1,102
1783946040,25075.1,25077.1,25073.1,25077.1,132
1783946100,25076.1,25076.1,25070.6,25074.1,118
1783946160,25073.6,25074.6,25061.6,25065.6,128
1783946220,25064.6,25067.1,25058.6,25058.6,128
1783946280,25058.1,25063.1,25057.1,25062.1,122
1783946340,25062.6,25063.1,25060.1,25061.1,90
1783946400,25061.6,25068.6,25060.6,25066.1,116
1783946460,25066.6,25068.1,25062.7,25062.7,88
1783946520,25062.2,25063.7,25051.2,25053.7,102
1783946580,25053.2,25062.2,25052.7,25059.2,112
1783946640,25058.7,25067.2,25057.2,25065.7,126
1783946700,25065.2,25074.7,25064.2,25074.7,100
1783946760,25075.2,25081.2,25073.7,25074.7,120
1783946820,25074.2,25081.7,25072.7,25081.7,92
1783946880,25081.2,25082.7,25077.7,25082.7,96
1783946940,25084.2,25090.2,25082.7,25088.7,98
1783947000,25087.2,25092.2,25084.2,25091.7,100
1783947060,25092.2,25095.7,25088.7,25092.2,120
1783947120,25091.7,25101.2,25090.7,25100.2,130
1783947180,25099.7,25106.2,25099.2,25104.2,154
1783947240,25103.2,25104.7,25096.2,25101.2,130
1783947300,25102.2,25103.7,25099.2,25103.7,102
1783947360,25104.2,25109.2,25101.7,25106.2,118
1783947420,25106.7,25109.7,25104.7,25109.7,80
1783947480,25110.2,25121.2,25110.2,25119.7,86
1783947540,25119.2,25126.7,25119.2,25121.7,122
1783947600,25123.2,25133.2,25121.2,25123.2,150
1783947660,25122.7,25126.2,25118.2,25121.7,134
1783947720,25121.2,25123.2,25117.7,25118.2,144
1783947780,25117.7,25130.2,25117.2,25125.7,122
1783947840,25124.7,25125.7,25117.7,25119.7,96
1783947900,25119.2,25125.7,25117.2,25125.2,124
1783947960,25127.2,25127.2,25117.2,25120.2,120
1783948020,25119.7,25121.7,25114.7,25116.7,88
1783948080,25116.2,25118.7,25114.7,25116.2,102
1783948140,25116.7,25117.2,25110.7,25114.2,114
1783948200,25114.7,25115.2,25102.7,25106.2,104
1783948260,25105.7,25113.2,25104.7,25111.2,118
1783948320,25110.2,25114.2,25108.7,25110.7,120
1783948380,25111.7,25118.7,25111.2,25113.7,102
1783948440,25114.2,25114.7,25111.2,25111.7,86
1783948500,25111.2,25111.2,25089.2,25089.2,92
1783948560,25088.7,25092.7,25087.7,25089.2,110
1783948620,25088.2,25089.2,25080.2,25083.2,82
1783948680,25082.2,25087.7,25081.2,25084.2,98
1783948740,25083.7,25084.2,25078.2,25078.2,91
1783948800,25080.7,25083.7,25078.7,25079.7,90
1783948860,25079.2,25086.7,25078.7,25084.2,110
1783948920,25084.7,25097.7,25084.7,25097.7,98
1783948980,25097.2,25099.2,25092.7,25097.7,120
1783949040,25098.2,25098.2,25093.2,25093.7,90
1783949100,25094.7,25098.2,25087.7,25091.2,106
1783949160,25091.7,25097.7,25090.7,25097.7,112
1783949220,25098.2,25100.7,25093.2,25097.2,112
1783949280,25098.7,25102.7,25095.2,25100.7,104
1783949340,25101.2,25106.2,25095.2,25096.2,138
1783949400,25096.7,25112.2,25096.7,25111.7,204
1783949460,25112.2,25114.2,25104.2,25109.7,174
1783949520,25109.2,25118.2,25106.7,25110.2,170
1783949580,25109.7,25112.2,25103.7,25107.7,184
1783949640,25108.2,25111.2,25101.2,25101.2,140
1783949700,25103.7,25108.2,25098.2,25107.2,152
1783949760,25106.7,25111.2,25102.7,25108.2,144
1783949820,25107.2,25116.2,25102.7,25102.7,158
1783949880,25101.2,25108.2,25095.7,25107.2,160
1783949940,25107.7,25109.7,25098.2,25100.7,166
1783950000,25101.2,25111.2,25097.2,25111.2,160
1783950060,25111.7,25118.7,25099.2,25101.7,154
1783950120,25101.2,25102.2,25093.2,25098.7,156
1783950180,25099.2,25101.2,25091.2,25093.7,149
1783950240,25093.2,25099.7,25089.7,25098.7,147
1783950300,25097.2,25100.7,25087.2,25089.2,180
1783950360,25089.7,25097.2,25086.2,25094.2,184
1783950420,25093.2,25094.7,25080.7,25082.2,178
1783950480,25081.7,25083.7,25071.2,25073.7,154
1783950540,25072.7,25084.7,25067.7,25073.7,162
1783950600,25073.2,25079.2,25066.2,25073.7,196
1783950660,25074.2,25090.2,25074.2,25084.2,170
1783950720,25084.7,25092.2,25080.2,25092.2,166
1783950780,25094.2,25102.2,25082.7,25101.2,168
1783950840,25099.2,25105.2,25096.2,25101.2,164
1783950900,25100.7,25105.2,25094.2,25104.7,170
1783950960,25103.2,25111.2,25102.2,25106.2,148
1783951020,25106.7,25108.7,25101.2,25107.2,132
1783951080,25107.7,25124.2,25107.2,25123.7,122
1783951140,25124.7,25133.7,25119.7,25120.2,144
1783951200,25121.7,25133.2,25118.2,25122.2,178
1783951260,25122.7,25123.2,25104.7,25105.2,156
1783951320,25106.7,25110.2,25089.2,25089.2,164
1783951380,25089.7,25097.2,25083.2,25097.2,158
1783951440,25098.2,25102.7,25092.2,25097.7,154
1783951500,25097.2,25098.2,25089.2,25090.7,168
1783951560,25090.2,25098.7,25084.2,25092.2,194
1783951620,25093.2,25103.7,25083.2,25083.2,136
1783951680,25084.7,25095.7,25082.2,25085.2,170
1783951740,25084.7,25098.2,25082.2,25097.2,160
1783951800,25095.2,25099.7,25089.7,25094.2,166
1783951860,25094.7,25099.2,25090.2,25096.7,154
1783951920,25096.2,25104.7,25086.2,25104.7,168
1783951980,25105.7,25110.7,25102.7,25108.7,144
1783952040,25108.2,25115.2,25106.7,25109.7,148
1783952100,25108.7,25113.2,25102.7,25105.7,166
1783952160,25104.7,25114.2,25000.2,25035.7,195
1783952220,25032.7,25048.7,24973.7,25019.7,285
1783952280,25017.2,25034.7,25002.7,25027.7,234
1783952340,25026.2,25045.2,25025.2,25042.7,218
1783952400,25042.2,25057.2,25032.7,25045.7,200
1783952460,25046.2,25051.2,25013.2,25026.2,220
1783952520,25025.7,25034.2,25021.7,25028.7,216
1783952580,25029.2,25044.7,25028.7,25042.7,164
1783952640,25043.2,25070.2,25041.7,25066.2,194
1783952700,25065.2,25066.7,25055.2,25063.7,160
1783952760,25064.7,25073.2,25061.2,25067.7,170
1783952820,25068.2,25068.7,25062.7,25068.2,162
1783952880,25067.2,25079.2,25064.2,25076.2,150
1783952940,25077.2,25088.7,25076.2,25081.2,146
1783953000,25082.2,25091.2,25081.7,25083.7,168
1783953060,25081.7,25084.7,25078.7,25081.2,140
1783953120,25079.7,25091.7,25078.7,25086.7,162
1783953180,25086.2,25089.2,25080.2,25088.7,116
1783953240,25088.2,25093.7,25084.2,25088.7,158
1783953300,25089.2,25097.2,25083.7,25083.7,128
1783953360,25084.2,25086.2,25075.7,25076.7,164
1783953420,25075.7,25076.2,25067.7,25075.2,164
1783953480,25074.7,25078.7,25065.2,25066.7,166
1783953540,25066.2,25075.7,25063.2,25073.2,138
1783953600,25072.7,25076.2,25065.2,25072.2,152
1783953660,25072.7,25082.2,25068.2,25071.2,154
1783953720,25070.7,25072.2,25062.2,25063.2,154
1783953780,25063.7,25064.2,25056.2,25060.2,130
1783953840,25061.2,25065.2,25059.7,25064.2,140
1783953900,25065.7,25065.7,25054.2,25057.7,158
1783953960,25058.2,25077.2,25055.2,25076.7,144
1783954020,25074.2,25080.7,25073.2,25080.7,146
1783954080,25080.2,25094.2,25078.7,25090.2,114
1783954140,25091.2,25101.2,25088.7,25100.7,140
1783954200,25099.2,25109.2,25098.2,25104.2,148
1783954260,25104.7,25113.7,25102.2,25113.7,136
1783954320,25112.7,25115.2,25104.2,25106.7,134
1783954380,25108.7,25110.7,25099.7,25110.2,120
1783954440,25110.7,25110.7,25099.2,25102.2,148
1783954500,25101.7,25113.7,25099.7,25113.7,136
1783954560,25113.2,25121.7,25108.7,25121.7,110
1783954620,25122.2,25123.7,25112.2,25114.2,116
1783954680,25114.7,25114.7,25104.2,25109.2,96
1783954740,25109.7,25121.7,25107.7,25120.7,124
1783954800,25120.2,25124.2,25116.7,25119.7,116
1783954860,25120.2,25125.2,25112.2,25114.7,130
1783954920,25113.7,25113.7,25106.2,25111.2,110
1783954980,25110.7,25111.2,25105.7,25109.7,100
1783955040,25108.7,25111.2,25094.7,25094.7,134
1783955100,25094.2,25096.7,25089.2,25092.7,132
1783955160,25094.7,25097.7,25090.2,25093.7,136
1783955220,25095.2,25095.7,25087.7,25095.2,130
1783955280,25095.7,25102.2,25094.7,25098.7,118
1783955340,25100.2,25109.7,25099.7,25107.2,108
1783955400,25107.7,25116.7,25104.7,25115.2,124
1783955460,25115.7,25127.7,25114.7,25121.7,110
1783955520,25121.2,25121.2,25115.7,25117.2,126
1783955580,25116.2,25117.7,25106.7,25109.2,114
1783955640,25107.7,25108.7,25101.2,25108.2,124
1783955700,25108.7,25108.7,25096.2,25097.2,130
1783955760,25097.7,25100.7,25091.2,25092.2,136
1783955820,25091.7,25093.7,25088.2,25091.7,150
1783955880,25090.7,25094.2,25082.2,25089.7,126
1783955940,25090.2,25100.7,25083.7,25100.7,110
1783956000,25099.2,25100.2,25078.7,25081.2,154
1783956060,25081.7,25084.7,25067.7,25075.2,146
1783956120,25074.7,25075.7,25069.2,25072.7,140
1783956180,25072.2,25077.2,25069.2,25076.2,138
1783956240,25075.7,25083.7,25073.2,25083.7,138
1783956300,25081.2,25082.7,25067.7,25071.7,164
1783956360,25071.2,25084.2,25067.7,25081.2,153
1783956420,25081.7,25086.7,25077.2,25086.7,148
1783956480,25083.2,25088.2,25081.7,25085.2,92
1783956540,25082.2,25090.7,25082.2,25087.7,112
1783956600,25084.1,25093.6,25084.1,25087.1,166
1783956660,25086.6,25104.1,25085.6,25102.1,162
1783956720,25101.6,25116.6,25100.1,25115.1,124
1783956780,25114.6,25115.6,25102.6,25114.1,116
1783956840,25112.6,25127.1,25103.6,25108.1,200
1783956900,25109.1,25117.1,25100.1,25104.1,162
1783956960,25104.6,25110.1,25101.6,25102.1,100
1783957020,25102.6,25109.6,25102.6,25108.1,120
1783957080,25107.1,25111.6,25103.6,25110.6,126
1783957140,25111.6,25112.1,25100.1,25103.1,96
1783957200,25103.6,25103.6,25094.6,25096.6,88
1783957260,25096.1,25098.6,25095.1,25097.1,110
1783957320,25096.1,25098.1,25093.6,25096.6,102
1783957380,25098.1,25104.6,25098.1,25103.1,96
1783957440,25102.6,25104.6,25098.1,25099.1,114
1783957500,25100.1,25101.1,25096.6,25099.6,92
1783957560,25099.1,25107.6,25097.6,25106.1,98
1783957620,25105.6,25107.6,25104.1,25104.1,112
1783957680,25105.1,25107.1,25099.1,25099.1,104
1783957740,25098.1,25105.6,25098.1,25105.6,80
1783957800,25106.1,25107.1,25099.1,25101.6,120
1783957860,25100.1,25101.1,25085.1,25085.1,134
1783957920,25085.6,25091.1,25085.6,25090.1,130
1783957980,25089.6,25095.6,25088.6,25094.6,104
1783958040,25095.1,25095.1,25087.1,25089.6,102
1783958100,25089.1,25090.6,25084.1,25088.1,126
1783958160,25087.6,25090.1,25086.6,25088.6,114
1783958220,25089.1,25089.6,25083.6,25086.1,102
1783958280,25086.6,25086.6,25085.1,25086.1,80
1783958340,25085.6,25087.6,25081.6,25085.6,112
1783958400,25086.1,25087.6,25080.1,25086.1,130
1783958460,25085.1,25088.6,25084.6,25084.6,110
1783958520,25084.1,25091.1,25081.6,25091.1,106
1783958580,25091.6,25092.6,25087.1,25091.1,130
1783958640,25091.6,25092.1,25085.1,25088.6,106
1783958700,25090.1,25092.1,25087.6,25088.1,84
1783958760,25087.1,25095.1,25087.1,25095.1,62
1783958820,25094.6,25095.6,25091.1,25093.1,78
1783958880,25092.6,25099.1,25092.6,25095.6,100
1783958940,25095.1,25097.1,25094.1,25096.1,88
1783959000,25095.1,25103.6,25094.1,25101.1,78
1783959060,25101.6,25102.6,25099.1,25101.1,64
1783959120,25102.1,25102.6,25094.1,25095.1,84
1783959180,25096.1,25096.1,25089.6,25091.6,84
1783959240,25092.1,25092.1,25082.1,25087.1,100
1783959300,25086.6,25088.1,25082.6,25083.1,78
1783959360,25083.6,25084.1,25073.1,25077.6,124
1783959420,25077.1,25080.1,25075.1,25078.1,120
1783959480,25078.6,25079.1,25071.1,25072.1,98
1783959540,25071.6,25079.1,25071.6,25078.1,102
1783959600,25077.6,25080.1,25075.1,25080.1,102
1783959660,25080.6,25081.6,25070.1,25071.6,84
1783959720,25071.1,25074.1,25069.6,25072.1,72
1783959780,25071.1,25075.1,25070.1,25074.6,70
1783959840,25074.1,25074.1,25066.6,25067.6,102
1783959900,25068.1,25068.6,25065.1,25065.6,114
1783959960,25066.1,25066.6,25058.1,25064.6,132
1783960020,25064.1,25065.1,25058.1,25061.1,90
1783960080,25062.1,25067.1,25057.6,25060.1,90
1783960140,25060.6,25061.1,25048.6,25055.6,140
1783960200,25056.1,25058.1,25043.1,25046.1,160
1783960260,25046.6,25048.6,25040.1,25046.1,148
1783960320,25045.6,25047.1,25041.1,25041.6,130
1783960380,25042.1,25046.1,25036.1,25045.1,116
1783960440,25044.6,25045.1,25039.1,25039.6,114
1783960500,25041.1,25044.1,25024.6,25030.6,176
1783960560,25031.6,25035.6,25024.1,25031.6,146
1783960620,25031.1,25039.1,25031.1,25034.1,144
1783960680,25035.1,25050.1,25033.6,25050.1,140
1783960740,25050.6,25065.1,25049.6,25060.6,136
1783960800,25061.1,25065.6,25056.1,25058.1,162
1783960860,25057.6,25072.1,25057.1,25072.1,108
1783960920,25071.1,25071.1,25065.1,25069.6,128
1783960980,25070.1,25074.1,25070.1,25073.6,96
1783961040,25074.1,25074.1,25067.1,25073.1,84
1783961100,25073.6,25078.6,25073.1,25073.1,108
1783961160,25072.1,25075.1,25070.1,25073.1,108
1783961220,25074.1,25074.1,25065.1,25068.1,132
1783961280,25067.6,25068.1,25062.6,25065.1,112
1783961340,25066.1,25069.1,25063.1,25066.1,86
1783961400,25065.1,25067.1,25039.1,25044.1,185
1783961460,25046.1,25052.1,25046.1,25047.1,160
1783961520,25046.1,25053.6,25044.1,25049.6,152
1783961580,25049.1,25051.6,25046.1,25047.6,150
1783961640,25048.6,25048.6,25037.1,25038.1,158
1783961700,25037.6,25041.1,25032.1,25040.6,130
1783961760,25041.1,25045.6,25034.1,25039.1,152
1783961820,25038.1,25047.6,25034.6,25046.6,150
1783961880,25046.1,25047.6,25042.6,25043.1,120
1783961940,25042.6,25047.6,25040.6,25047.1,90
1783962000,25050.1,25055.1,25047.1,25055.1,144
1783962060,25054.1,25058.1,25052.6,25054.6,86
1783962120,25053.1,25056.1,25051.6,25052.1,100
1783962180,25052.6,25057.1,25051.6,25054.1,74
1783962240,25055.1,25057.1,25049.6,25050.6,76
1783962300,25052.1,25061.1,25048.6,25059.1,134
1783962360,25058.6,25062.6,25058.6,25062.6,100
1783962420,25062.1,25071.1,25061.6,25070.1,68
1783962480,25070.6,25074.1,25067.6,25070.1,100
1783962540,25071.1,25075.1,25071.1,25072.1,96
1783962600,25072.6,25078.1,25072.1,25072.1,80
1783962660,25071.1,25074.1,25070.1,25072.6,88
1783962720,25073.1,25076.1,25072.6,25074.6,64
1783962780,25076.1,25076.1,25068.1,25068.1,58
1783962840,25068.6,25068.6,25062.1,25063.6,96
1783962900,25064.1,25064.1,25056.1,25057.1,98
1783962960,25058.6,25060.6,25054.6,25059.6,98
1783963020,25059.1,25061.6,25054.1,25059.6,80
1783963080,25059.1,25064.1,25058.6,25064.1,86
1783963140,25065.1,25066.6,25062.1,25064.6,66
1783963200,25063.6,25065.1,25061.1,25064.1,68
1783963260,25064.6,25066.1,25061.6,25066.1,92
1783963320,25066.6,25067.6,25062.1,25063.1,56
1783963380,25063.6,25063.6,25059.1,25059.1,52
1783963440,25058.1,25059.1,25050.1,25053.1,100
1783963500,25054.1,25055.6,25050.1,25050.1,118
1783963560,25050.6,25053.1,25050.1,25052.1,66
1783963620,25051.6,25055.6,25049.6,25055.1,102
1783963680,25055.6,25058.1,25050.1,25053.1,100
1783963740,25053.6,25053.6,25048.1,25049.6,74
1783963800,25051.1,25056.1,25051.1,25056.1,80
1783963860,25055.6,25056.1,25048.6,25051.1,106
1783963920,25050.6,25054.1,25048.1,25054.1,92
1783963980,25054.6,25059.1,25054.6,25056.1,80
1783964040,25055.6,25059.1,25055.1,25059.1,70
1783964100,25058.1,25058.1,25051.1,25056.1,124
1783964160,25055.6,25057.1,25049.1,25050.1,104
1783964220,25049.6,25052.1,25048.1,25049.1,102
1783964280,25049.6,25049.6,25045.6,25046.1,82
1783964340,25046.6,25046.6,25038.6,25044.6,110
1783964400,25044.1,25045.1,25039.6,25044.1,86
1783964460,25044.6,25052.6,25044.6,25051.6,84
1783964520,25052.1,25055.1,25048.1,25048.1,90
1783964580,25048.6,25055.1,25048.6,25054.1,74
1783964640,25054.6,25055.1,25052.1,25053.1,84
1783964700,25053.6,25061.1,25052.1,25059.6,74
1783964760,25059.1,25060.1,25052.1,25055.1,92
1783964820,25054.6,25056.1,25050.6,25051.6,86
1783964880,25051.1,25052.1,25041.6,25041.6,120
1783964940,25041.1,25043.1,25039.1,25042.6,78
1783965000,25042.1,25044.1,25035.6,25040.1,104
1783965060,25039.6,25040.6,25032.1,25036.1,94
1783965120,25035.6,25039.1,25029.1,25039.1,124
1783965180,25038.6,25041.1,25028.6,25030.6,128
1783965240,25030.1,25033.1,25025.6,25033.1,134
1783965300,25032.1,25034.1,25027.6,25030.1,118
1783965360,25030.6,25030.6,25021.1,25022.1,92
1783965420,25021.6,25029.1,25018.6,25020.1,116
1783965480,25021.1,25024.1,25019.1,25022.1,100
1783965540,25021.1,25022.1,25012.1,25013.6,118
1783965600,25014.6,25022.6,25009,25019.6,140
1783965660,25020.1,25022.6,25016.1,25016.1,114
1783965720,25015.6,25016.1,25004.1,25005.6,130
1783965780,25006.6,25010.1,24999.6,25005.6,134
1783965840,25006.1,25009.1,25004.1,25008.1,104
1783965900,25007.6,25018.1,25007.1,25017.1,118
1783965960,25018.1,25019.1,25013.1,25015.1,106
1783966020,25016.1,25016.1,25011.1,25016.1,108
1783966080,25016.6,25019.1,25012.6,25018.1,84
1783966140,25017.6,25018.1,25009.1,25012.1,90
1783966200,25011.1,25012.1,25003.1,25003.1,106
1783966260,25002.1,25002.1,24995.1,25000.1,114
1783966320,25001.1,25001.1,24998.1,24999.1,96
1783966380,24999.6,25009.1,24999.6,25009.1,114
1783966440,25011.6,25012.1,25003.1,25008.6,110
1783966500,25007.1,25010.1,25002.6,25004.1,92
1783966560,25007.1,25010.1,25002.1,25003.6,80
1783966620,25003.1,25007.1,25002.1,25002.6,94
1783966680,25003.1,25003.1,24991.6,24991.6,92
1783966740,24991.1,24991.6,24982.1,24991.6,122
1783966800,24991.1,24993.6,24989.6,24991.1,106
1783966860,24990.6,24998.6,24990.1,24997.1,84
1783966920,24998.1,25000.6,24991.6,24992.1,112
1783966980,24993.1,24998.6,24990.1,24998.1,102
1783967040,24997.1,24999.6,24990.1,24999.6,102
1783967100,24999.1,25000.1,24991.1,25000.1,114
1783967160,24999.6,25002.1,24995.1,24995.6,106
1783967220,24996.6,25001.1,24996.1,24997.1,104
1783967280,24998.1,24999.1,24992.6,24996.1,102
1783967340,24994.1,24997.1,24987.1,24987.1,118
1783967400,24986.6,24986.6,24981.1,24982.6,106
1783967460,24981.1,24991.6,24981.1,24990.6,110
1783967520,24992.1,24996.1,24989.1,24989.6,104
1783967580,24990.6,24995.6,24989.6,24990.6,106
1783967640,24990.1,24991.1,24984.1,24984.6,86
1783967700,24986.1,24997.6,24985.6,24995.6,102
1783967760,24995.1,24997.6,24993.1,24997.1,106
1783967820,24996.1,24998.6,24993.1,24997.6,92
1783967880,24997.1,25002.1,24997.1,25002.1,80
1783967940,25001.1,25002.1,24996.6,24997.1,86
1783968000,24998.1,25003.1,24995.1,25000.1,116
1783968060,25001.1,25003.6,24999.1,25000.6,106
1783968120,25000.1,25001.1,24997.1,24999.1,94
1783968180,24998.1,25004.6,24998.1,25000.6,92
1783968240,25000.1,25002.6,24998.1,24999.1,100
1783968300,24999.6,25001.1,24989.6,24996.1,136
1783968360,24995.6,25002.1,24995.6,25000.1,112
1783968420,25002.1,25004.6,25001.1,25003.1,62
1783968480,25002.6,25004.6,25002.1,25004.1,80
1783968540,25004.6,25009.1,25003.6,25008.6,50
1783968600,25007.1,25009.1,25002.1,25008.6,102
1783968660,25008.1,25013.6,25007.6,25012.6,56
1783968720,25010.6,25018.6,25010.6,25014.6,90
1783968780,25015.1,25015.1,25010.1,25015.1,88
1783968840,25014.6,25018.6,25011.6,25011.6,72
1783968900,25013.1,25017.1,25011.1,25013.6,70
1783968960,25014.1,25019.6,25013.6,25019.6,42
1783969020,25018.1,25019.6,25016.1,25018.6,52
1783969080,25019.6,25021.1,25014.1,25014.6,66
1783969140,25015.1,25019.1,25014.1,25017.1,76
1783969200,25018.1,25018.6,25008.6,25012.6,124
1783969260,25012.1,25014.6,25006.1,25014.1,122
1783969320,25015.6,25019.1,25012.6,25019.1,110
1783969380,25019.6,25023.6,25018.1,25018.6,64
1783969440,25019.1,25024.6,25018.6,25024.6,90
1783969500,25023.6,25026.1,25022.1,25024.6,76
1783969560,25024.1,25026.1,25013.1,25014.6,110
1783969620,25014.1,25015.1,25004.6,25004.6,106
1783969680,25004.1,25010.1,25004.1,25010.1,72
1783969740,25009.6,25010.1,25004.1,25004.1,64
1783969800,25003.1,25003.6,24995.1,24998.1,112
1783969860,24997.6,24999.1,24996.1,24997.6,92
1783969920,24998.1,24998.6,24994.6,24995.1,64
1783969980,24994.1,24996.6,24992.1,24994.1,94
1783970040,24992.1,24994.6,24991.6,24992.1,44
1783970100,24992.6,24993.1,24988.1,24989.6,104
1783970160,24990.1,24993.6,24987.1,24992.1,86
1783970220,24992.6,24993.1,24990.1,24992.6,102
1783970280,24993.1,24993.1,24988.1,24988.6,78
1783970340,24988.1,24992.6,24988.1,24988.6,88
1783970400,24989.1,24990.1,24984.1,24988.1,88
1783970460,24987.6,24987.6,24983.1,24985.1,112
1783970520,24983.1,24985.6,24979.1,24979.6,78
1783970580,24981.6,24984.1,24970.1,24976.6,116
1783970640,24977.1,24981.1,24976.1,24980.6,84
1783970700,24979.6,24979.6,24975.6,24977.6,78
1783970760,24977.1,24979.6,24974.6,24975.1,86
1783970820,24974.6,24978.1,24971.6,24973.6,108
1783970880,24974.1,24977.6,24969.6,24977.6,80
1783970940,24978.1,24978.6,24972.1,24972.6,102
1783971000,24976.1,24984.6,24972.6,24979.1,142
1783971060,24978.1,24982.6,24976.6,24979.1,104
1783971120,24979.6,24981.1,24977.6,24979.6,70
1783971180,24980.1,24985.6,24979.1,24984.1,92
1783971240,24985.1,24989.1,24983.1,24984.1,76
1783971300,24983.6,24983.6,24967.6,24968.1,126
1783971360,24969.1,24974.6,24967.1,24973.6,102
1783971420,24973.1,24975.6,24967.1,24973.6,96
1783971480,24974.1,24976.1,24968.1,24973.1,110
1783971540,24972.1,24975.1,24971.1,24974.1,84
1783971600,24973.6,24979.1,24970.1,24976.1,86
1783971660,24975.1,24978.6,24972.6,24976.6,84
1783971720,24978.1,24980.6,24976.6,24978.1,62
1783971780,24977.6,24984.1,24977.6,24983.1,100
1783971840,24982.6,24989.1,24981.6,24986.6,72
1783971900,24987.6,24987.6,24982.1,24983.1,74
1783971960,24982.6,24986.1,24982.1,24983.1,60
1783972020,24982.1,24985.1,24981.1,24983.6,54
1783972080,24984.1,24990.6,24984.1,24990.6,38
1783972140,24990.1,24994.1,24989.1,24994.1,60
1783972200,24998.1,24999.6,24992.6,24994.1,78
1783972260,24993.6,25001.1,24989.1,24999.1,112
1783972320,24998.1,25002.1,24997.1,25002.1,80
1783972380,25001.6,25007.1,25001.1,25003.6,82
1783972440,25003.1,25004.1,24998.6,24998.6,98
1783972500,24999.6,25001.1,24994.6,24999.1,128
1783972560,24998.1,25000.6,24992.6,24997.1,84
1783972620,24997.6,25000.1,24996.1,24997.6,66
1783972680,24997.1,25007.1,24995.6,25006.1,102
1783972740,25006.6,25013.1,25004.6,25011.6,150
1783972800,25013,25015.7,24999,25010.7,166
1783972860,25010.2,25015.2,25006.2,25011.8,162
1783972920,25011.6,25012.1,25005.9,25006.3,100
1783972980,25007.1,25010.6,25006.3,25010.1,98
1783973040,25010.4,25014.4,25007,25008.5,109
1783973100,25007.8,25009.7,25005.9,25009,122
1783973160,25008.7,25010.6,25006.1,25006.1,88
1783973220,25005.4,25008.3,25005.2,25007.1,88
1783973280,25006.1,25011.6,25006.1,25011.6,68
1783973340,25010.6,25011.6,25005.2,25008,114
1783973400,25008.7,25009.2,24997.5,24999.9,146
1783973460,25000.4,25006.4,24993.7,25006.4,110
1783973520,25006,25007.9,25005.7,25006.7,94
1783973580,25006.9,25007.4,25001.9,25003.6,62
1783973640,25004.5,25006.9,25002.2,25002.9,122
1783973700,25003.1,25006,24987.1,24987.1,132
1783973760,24986.4,24987.1,24974.3,24978.8,160
1783973820,24978.6,24983.1,24967.6,24968.3,160
1783973880,24968.1,24978.1,24968.1,24977.6,98
1783973940,24977.4,24978.8,24975.5,24977.6,69
1783974000,24978.4,24981.9,24978.4,24980.5,71
1783974060,24980.7,24981.2,24978.6,24980.7,62
1783974120,24981,24983.4,24981,24981.9,58
1783974180,24982.6,24982.6,24980.3,24981.4,68
1783974240,24981.7,24984.3,24980.7,24981.9,51
1783974300,24982.4,24983.1,24981.2,24981.2,46
1783974360,24981.4,24982.2,24980.5,24981.9,36
1783974420,24981.2,24981.7,24980.5,24981,34
1783974480,24980.5,24981,24980,24980,24
1783974540,24981.2,24982.6,24980.5,24980.5,36
1783974600,24981,24981,24975.7,24975.7,61
1783974660,24976,24978.4,24976,24977.6,74
1783974720,24977.9,24978.1,24973.6,24973.6,52
1783974780,24974.1,24976.2,24972.2,24976.2,68
1783974840,24976.9,24978.8,24976.7,24978.8,56
1783974900,24978.6,24978.8,24976.2,24978.1,50
1783974960,24978.4,24979.5,24977.2,24978.6,50
1783975020,24978.8,24979.3,24978.6,24978.8,40
1783975080,24978.6,24979.5,24977.4,24977.6,38
1783975140,24977.9,24979.1,24977.2,24978.1,58
1783975200,24977.6,24978.1,24973.8,24973.8,82
1783975260,24973.4,24979.3,24973.4,24978.8,56
1783975320,24978.4,24979.8,24978.4,24979.8,46
1783975380,24980.5,24981.9,24980.5,24981.9,44
1783975440,24981.7,24982.9,24977.6,24980.5,48
1783975500,24980.3,24981.4,24977.6,24981.2,56
1783975560,24981.4,24983.6,24980.5,24981,42
1783975620,24980.7,24983.8,24976.6,24981.7,51
1783975680,24981.4,24983.4,24980.7,24980.7,42
1783975740,24981.4,24983.8,24981.4,24983.1,60
1783975800,24983.4,24983.4,24980.5,24980.5,38
1783975860,24980.3,24980.3,24978.8,24979.3,56
1783975920,24979.1,24979.8,24977.9,24979.3,58
1783975980,24979.1,24980,24977.9,24978.6,66
1783976040,24978.1,24983.6,24978.1,24983.1,52
1783976100,24982.9,24986.7,24981.2,24981.6,54
1783976160,24982.1,24982.6,24979.7,24982.4,30
1783976220,24982.1,24982.1,24979,24980,78
1783976280,24980.2,24984.7,24979.7,24984.5,58
1783980120,25008,25009.7,25004.9,25005.6,92
1783980180,25005.4,25005.6,24999.2,25001.6,106
1783980240,25002.5,25003.2,25000.2,25001.3,126
1783980300,25002.1,25007.3,24996.9,24997.1,94
1783980360,24997.3,24997.8,24992.3,24992.3,98
1783980420,24994.2,24994.2,24989,24989.7,74
1783980480,24990.4,24991.1,24989.7,24989.7,30
1783980540,24989,24992.6,24989,24990.4,70
1783980600,24990.9,24990.9,24989,24989.7,56
1783980660,24990,24990,24985.4,24987.1,46
1783980720,24986.6,24989.5,24986.6,24987.3,56
1783980780,24986.9,24989,24986.9,24987.3,44
1783980840,24987.6,24988.8,24987.3,24987.6,34
1783980900,24988.1,24990.7,24987.8,24989.7,48
1783980960,24990.2,24990.2,24988.3,24988.8,28
1783981020,24989.2,24989.2,24987.6,24988.3,34
1783981080,24988.5,24990.4,24988.5,24990,48
1783981140,24990.2,24991.6,24989,24989.2,50
1783981200,24989,24992.8,24989,24991.4,65
1783981260,24991.1,24991.1,24986.6,24986.6,38
1783981320,24986.9,24988.5,24986.4,24986.6,48
1783981380,24987.8,24989.2,24987.1,24989,40
1783981440,24989.2,24989.2,24986.1,24987.6,56
1783981500,24987.8,24987.8,24984,24985.4,78
1783981560,24985.9,24989,24985.9,24989,42
1783981620,24988.8,24989.5,24988.3,24989.5,20
1783981680,24990,24990,24986.6,24987.3,50
1783981740,24987.1,24988.1,24985.7,24986.1,38
1783981800,24985.4,24987.8,24981.4,24983.1,68
1783981860,24983.3,24984.2,24981.6,24984,48
1783981920,24984.5,24985.7,24984.2,24984.7,22
1783981980,24985,24985.7,24981.1,24982.8,36
1783982040,24983.1,24985.7,24983.1,24985,48
1783982100,24984.7,24986.6,24984.7,24985.2,42
1783982160,24984.7,24986.4,24983.3,24985.2,34
1783982220,24985.4,24985.4,24982.8,24983.5,20
1783982280,24983.3,24983.8,24981.6,24983.8,50
1783982340,24982.6,24983.5,24982.3,24983.5,14
1783982400,24983.8,24984.2,24981.6,24982.6,48
1783982460,24982.3,24984.7,24982.3,24984.7,28
1783982520,24984.5,24984.5,24983.3,24984,10
1783982580,24984.5,24985,24983.5,24984,24
1783982640,24984.5,24985.9,24984,24985.7,20
1783982700,24985.9,24989.2,24984.7,24987.8,60
1783982760,24988.1,24989.5,24987.6,24989.5,44
1783982820,24989.7,24991.4,24989.5,24991.1,34
1783982880,24990.9,24991.1,24988.8,24989.2,58
1783982940,24988.8,24989.2,24986.1,24986.9,52
1783983000,24987.3,24987.3,24981.6,24982.1,48
1783983060,24982.6,24982.6,24980.4,24980.4,22
1783983120,24980.7,24980.7,24978.8,24980,104
1783983180,24980.2,24980.2,24978.1,24978.1,38
1783983240,24978.5,24978.5,24977.1,24977.3,32
1783983300,24977.8,24977.8,24973.3,24976.1,96
1783983360,24975.4,24976.1,24973.3,24974,78
1783983420,24974.5,24975.7,24973.8,24975,38
1783983480,24974.5,24975,24968.3,24970.2,52
1783983540,24969.5,24970.4,24967.5,24969.2,32
1783983600,24969,24969,24966.6,24968,48
1783983660,24967.8,24968.7,24966.8,24967.8,68
1783983720,24968.3,24968.7,24967.1,24968.3,38
1783983780,24969.2,24969.2,24965.2,24965.2,48
1783983840,24965.4,24965.6,24957.8,24959.5,110
1783983900,24959,24960.4,24958,24958.7,84
1783983960,24959.2,24961.4,24959,24960.4,36
1783984020,24960.6,24960.6,24956.8,24957.5,74
1783984080,24957.8,24959.5,24956.4,24957.8,70
1783984140,24957.5,24959.9,24957.5,24958.5,68
1783984200,24958.7,24961.6,24958.5,24959.2,38
1783984260,24959.9,24960.6,24958.5,24959,44
1783984320,24958.7,24959,24954.5,24954.7,36
1783984380,24954.5,24957.1,24951.8,24956.6,90
1783984440,24955.6,24956.6,24953.5,24953.5,38
1783984500,24954.2,24956.6,24953.3,24956.1,46
1783984560,24955.6,24956.1,24953.7,24954,48
1783984620,24953.5,24953.7,24953,24953.5,24
1783984680,24952.8,24954,24952.8,24954,10
1783984740,24953.3,24954.7,24953,24954.7,16
1783984800,24955.6,24956.8,24955.6,24956.8,16
1783984860,24957.8,24959.2,24957.8,24958.3,22
1783984920,24959,24959.7,24957.1,24959,36
1783984980,24959.2,24961.6,24959,24961.4,44
1783985040,24961.6,24963,24961.6,24962.1,48
1783985100,24962.8,24963.7,24962.8,24963.7,36
1783985160,24964.2,24964.7,24963.3,24964.2,30
1783985220,24964.7,24966.1,24959.1,24959.4,42
1783985280,24958.7,24959.1,24958,24959.1,28
1783985340,24959.4,24959.4,24953,24953.4,64
1783985400,24953.9,24953.9,24949.6,24949.9,78
1783985460,24950.1,24952,24949.6,24951,48
1783985520,24950.6,24952.2,24949.6,24952.2,36
1783985580,24951,24951,24949.6,24950.6,22
1783985640,24950.1,24951.5,24950.1,24950.6,14
1783985700,24950.1,24951.3,24949.6,24950.6,38
1783985760,24950.8,24953,24950.8,24951.5,52
1783985820,24951.8,24952.5,24951,24951.5,38
1783985880,24951,24953.7,24950.8,24952,54
1783985940,24951.5,24953.4,24950.8,24950.8,34
1783986000,24950.6,24952.7,24949.9,24950.6,34
1783986060,24950.8,24951.8,24949.1,24950.3,58
1783986120,24950.1,24950.1,24945.8,24947.7,40
1783986180,24947.5,24947.9,24941.5,24943.9,80
1783986240,24943.7,24943.9,24940.8,24942,72
1783986300,24941.8,24944.1,24934.7,24937.3,146
1783986360,24936.9,24937.6,24930.9,24931.6,127
1783986420,24931.9,24933.8,24931.4,24933.1,84
1783986480,24932.6,24935.4,24932.1,24935.4,90
1783986540,24936.4,24937.1,24933.8,24933.8,92
1783986600,24934.2,24937.6,24933.1,24936.4,80
1783986660,24936.6,24937.3,24934,24935.7,93
1783986720,24936.6,24939.5,24935,24936.9,103
1783986780,24937.1,24944.5,24936.4,24942.3,117
1783986840,24942.6,24949.6,24941.4,24946.8,112
1783986900,24945.4,24947.5,24942.7,24947.3,105
1783986960,24947.5,24950.4,24947.3,24948.2,100
1783987020,24947.7,24949.9,24946.3,24949.2,76
1783987080,24949.6,24955.6,24949.6,24955.4,99
1783987140,24956.1,24970.2,24955.4,24964,162
1783987200,24964.2,24986.4,24964.2,24986.4,220
1783987260,24986.7,24986.7,24978.5,24981.9,187
1783987320,24980.2,24980.9,24959.4,24959.4,186
1783987380,24960.6,24965.8,24948.8,24950.5,184
1783987440,24950.2,24951.2,24931.1,24933.9,176
1783987500,24935.1,24945.6,24934.6,24934.9,190
1783987560,24934.2,24935.8,24926.5,24933.4,222
1783987620,24933.2,24934.2,24920.8,24927.5,224
1783987680,24927.7,24927.7,24918.7,24920.1,180
1783987740,24920.6,24932.2,24920.6,24932.2,179
1783987800,24932.7,24968.7,24932,24964.2,212
1783987860,24964.7,24973.2,24963,24971.8,182
1783987920,24971.3,24973.2,24965.6,24966.3,196
1783987980,24966.1,24968,24954.7,24966.1,172
1783988040,24965.6,24971.3,24965.6,24970.6,172
1783988160,24941.2,24941.2,24920.7,24920.7,98
1783988220,24918.2,24918.2,24908.7,24909.7,112
1783988280,24911.7,24911.7,24900.7,24903.7,136
1783988340,24901.2,24903.2,24871.2,24871.7,98
1783988400,24870.2,24874.7,24855.2,24874.7,162
1783988460,24874.2,24895.2,24874.2,24888.7,150
1783988520,24888.2,24896.2,24884.7,24884.7,116
1783988580,24886.2,24886.2,24870.2,24877.7,140
1783988640,24875.7,24899.2,24875.7,24896.7,126
1783988700,24898.2,24898.2,24878.7,24879.2,166
1783988760,24878.2,24886.7,24875.7,24884.2,94
1783988820,24881.7,24884.7,24873.2,24878.7,98
1783988880,24879.7,24879.7,24867.7,24873.7,114
1783988940,24874.2,24890.7,24874.2,24883.2,124
1783989000,24885.7,24894.7,24874.2,24881.7,118
1783989060,24882.2,24884.7,24871.2,24877.2,122
1783989120,24875.2,24883.7,24868.7,24880.7,148
1783989180,24881.7,24894.2,24878.7,24885.2,120
1783989240,24883.7,24895.2,24881.7,24881.7,152
1783989300,24883.7,24899.7,24878.7,24897.2,146
1783989360,24898.7,24900.7,24887.7,24897.7,136
1783989420,24898.2,24904.7,24892.7,24895.2,108
1783989480,24895.7,24895.7,24885.7,24892.2,58
1783989540,24891.7,24892.2,24869.7,24871.7,116
1783989600,24873.2,24882.7,24866.2,24878.7,114
1783989660,24879.2,24880.7,24855.7,24857.2,102
1783989720,24860.2,24860.2,24844.7,24852.2,92
1783989780,24851.2,24851.2,24836.7,24836.7,74
1783989840,24835.7,24838.7,24829.7,24838.2,92
1783989900,24844.7,24868.7,24844.2,24862.7,134
1783989960,24860.2,24873.2,24857.7,24873.2,107
1783990020,24872.2,24873.7,24865.7,24871.2,124
1783990080,24870.7,24879.2,24870.7,24875.7,76
1783990140,24876.7,24880.2,24869.2,24870.2,122
1783990200,24870.7,24892.2,24870.7,24881.2,104
1783990260,24880.2,24890.2,24875.7,24887.7,92
1783990320,24888.2,24889.7,24881.7,24881.7,76
1783990380,24882.2,24890.7,24879.7,24887.7,76
1783990440,24890.2,24903.7,24890.2,24899.7,70
1783990500,24900.2,24912.7,24900.2,24912.2,52
1783990560,24911.2,24913.7,24903.7,24906.2,90
1783990620,24909.2,24914.2,24907.7,24911.7,70
1783990680,24910.7,24915.7,24910.2,24914.2,52
1783990740,24913.2,24913.7,24906.2,24911.2,72
1783990800,24912.7,24914.7,24900.2,24913.2,130
1783990860,24912.7,24923.2,24908.2,24909.7,114
1783990920,24909.2,24914.7,24905.2,24914.7,124
1783990980,24915.7,24917.7,24898.2,24898.2,76
1783991040,24897.7,24902.7,24891.7,24897.7,74
1783991100,24898.2,24903.2,24893.2,24896.2,96
1783991160,24896.7,24897.2,24891.2,24893.2,98
1783991220,24894.2,24904.2,24894.2,24900.7,116
1783991280,24901.2,24913.7,24901.2,24906.2,98
1783991340,24905.7,24909.2,24899.2,24901.7,82
1783991400,24902.2,24902.7,24894.7,24895.2,86
1783991460,24894.7,24902.7,24894.7,24900.2,84
1783991520,24901.2,24904.2,24896.7,24897.2,86
1783991580,24897.7,24899.7,24893.7,24896.7,92
1783991640,24894.7,24897.7,24890.7,24891.7,68
1783991700,24892.2,24900.7,24889.2,24900.7,54
1783991760,24898.2,24903.2,24897.2,24902.7,64
1783991820,24902.2,24915.2,24900.7,24912.7,66
1783991880,24913.7,24915.2,24904.2,24910.2,56
1783991940,24909.7,24915.7,24905.2,24911.2,98
1783992000,24910.2,24914.7,24899.7,24902.7,100
1783992060,24903.7,24904.7,24896.7,24899.7,100
1783992120,24898.2,24900.7,24892.7,24892.7,96
1783992180,24893.2,24905.7,24893.2,24904.2,92
1783992240,24902.7,24904.2,24894.7,24896.7,100
1783992300,24895.7,24902.2,24893.2,24899.7,102
1783992360,24901.7,24911.2,24900.2,24903.2,58
1783992420,24905.2,24912.2,24903.7,24908.2,34
1783992480,24909.7,24911.7,24900.7,24900.7,62
1783992540,24904.7,24907.2,24901.2,24901.7,58
1783992600,24901.2,24907.2,24889.7,24892.2,96
1783992660,24890.2,24899.7,24884.7,24898.2,78
1783992720,24899.2,24905.7,24889.2,24890.2,58
1783992780,24889.7,24892.2,24887.2,24891.2,66
1783992840,24892.2,24895.2,24890.7,24891.2,36
1783992900,24890.7,24892.2,24875.7,24878.2,50
1783992960,24876.2,24883.2,24867.7,24874.7,94
1783993020,24875.7,24878.7,24865.7,24878.2,90
1783993080,24877.2,24880.7,24869.2,24873.7,110
1783993140,24872.7,24879.7,24870.7,24877.2,88
1783993200,24876.7,24884.7,24872.7,24873.2,86
1783993260,24872.7,24872.7,24864.7,24865.2,58
1783993320,24866.2,24877.2,24866.2,24877.2,62
1783993380,24878.2,24886.2,24876.7,24883.2,66
1783993440,24879.2,24888.2,24876.7,24877.2,58
1783993500,24878.2,24888.7,24876.2,24887.2,96
1783993560,24886.7,24893.2,24880.7,24890.2,84
1783993620,24889.2,24892.7,24882.2,24885.2,74
1783993680,24885.7,24892.7,24884.2,24890.7,52
1783993740,24892.2,24892.2,24887.2,24887.7,38
1783993800,24890.7,24890.7,24877.7,24878.7,58
1783993860,24880.2,24884.2,24873.7,24880.7,62
1783993920,24881.2,24887.7,24879.7,24883.7,72
1783993980,24882.7,24882.7,24868.7,24869.2,80
1783994040,24868.7,24871.2,24867.2,24870.7,56
1783994100,24871.2,24874.7,24860.2,24864.7,76
1783994160,24863.2,24864.2,24851.7,24854.2,88
1783994220,24855.7,24860.2,24852.7,24857.2,112
1783994280,24857.7,24861.2,24855.7,24856.2,76
1783994340,24856.7,24860.7,24853.2,24859.2,94
1783994400,24860.2,24871.7,24858.7,24860.7,94
1783994460,24862.7,24875.7,24862.7,24871.2,96
1783994520,24870.2,24878.7,24870.2,24878.7,68
1783994580,24877.2,24882.7,24876.7,24882.7,68
1783994640,24881.7,24884.2,24875.7,24880.7,56
1783994700,24880.2,24889.2,24880.2,24886.2,82
1783994760,24887.2,24887.7,24887.2,24887.7,4
1783994820,24886.7,24892.2,24885.2,24891.7,56
1783994880,24891.2,24896.7,24891.2,24895.7,34
1783994940,24893.2,24894.7,24886.7,24886.7,44
1783995000,24886.2,24888.7,24883.2,24883.7,34
1783995060,24884.7,24884.7,24880.7,24880.7,24
1783995120,24876.7,24877.2,24869.2,24870.7,56
1783995180,24870.2,24873.2,24866.7,24868.7,54
1783995240,24870.7,24873.2,24865.7,24871.2,86
1783995300,24872.2,24873.2,24868.2,24870.7,78
1783995360,24875.7,24879.2,24872.2,24878.2,86
1783995420,24877.2,24881.2,24871.7,24873.2,82
1783995480,24872.2,24875.2,24867.2,24867.2,70
1783995540,24867.7,24869.2,24861.7,24862.2,84
1783995600,24865.2,24865.2,24856.2,24862.7,120
1783995660,24862.2,24866.2,24854.2,24864.7,140
1783995720,24864.2,24871.2,24857.2,24857.2,100
1783995780,24856.7,24861.2,24852.7,24860.7,122
1783995840,24861.2,24861.2,24848.2,24850.7,88
1783995900,24849.7,24854.2,24846.7,24850.2,92
1783995960,24849.7,24851.7,24847.7,24850.7,72
1783996020,24851.7,24855.7,24849.2,24850.2,104
1783996080,24850.7,24853.2,24849.2,24851.7,82
1783996140,24851.2,24863.2,24850.2,24860.2,88
1783996200,24862.7,24865.2,24858.2,24863.7,90
1783996260,24864.7,24865.7,24853.2,24855.7,72
1783996320,24855.2,24864.7,24854.7,24857.7,80
1783996380,24855.7,24857.7,24848.7,24855.7,104
1783996440,24854.2,24854.2,24847.7,24848.7,60
1783996500,24848.2,24856.2,24845.7,24852.2,68
1783996560,24852.7,24856.2,24851.2,24855.2,72
1783996620,24855.7,24860.7,24853.2,24858.2,100
1783996680,24859.7,24873.2,24857.7,24869.7,88
1783996740,24869.2,24881.7,24868.2,24881.2,106
1783996800,24881.7,24885.2,24877.2,24885.2,88
1783996860,24885.7,24889.2,24883.7,24883.7,106
1783996920,24884.7,24887.7,24881.2,24884.7,74
1783996980,24885.2,24889.2,24883.2,24888.2,62
1783997040,24886.7,24888.2,24880.2,24881.2,60
1783997100,24880.7,24881.7,24877.2,24877.2,68
1783997160,24877.7,24879.7,24873.7,24879.2,40
1783997220,24879.7,24881.2,24877.2,24879.2,46
1783997280,24878.2,24878.7,24875.2,24875.2,12
1783997340,24871.7,24872.7,24867.7,24872.7,54
1783997400,24872.2,24872.7,24869.7,24870.2,22
1783997460,24867.2,24868.7,24860.7,24861.2,54
1783997520,24860.2,24860.7,24853.2,24854.7,78
1783997580,24855.7,24855.7,24847.2,24847.7,66
1783997640,24849.7,24850.2,24839.7,24842.7,24
1783997700,24843.7,24844.7,24841.2,24841.7,54
1783997760,24840.7,24842.7,24833.7,24837.2,62
1783997820,24837.7,24843.7,24833.7,24835.2,34
1783997880,24835.7,24838.2,24833.7,24835.2,34
1783997940,24834.7,24837.7,24834.2,24836.2,34
1783998000,24837.7,24839.7,24829.7,24829.7,74
1783998060,24830.2,24845.2,24829.7,24833.2,66
1783998120,24834.2,24836.7,24831.7,24831.7,36
1783998180,24830.7,24830.7,24825.2,24825.2,50
1783998240,24827.2,24829.7,24825.7,24828.2,40
1783998300,24828.7,24829.2,24825.2,24827.7,36
1783998360,24831.2,24833.2,24826.2,24832.2,38
1783998420,24832.7,24833.7,24826.2,24826.7,28
1783998480,24827.2,24827.2,24822.2,24824.7,30
1783998540,24826.2,24829.2,24822.7,24828.2,70
1783998600,24827.2,24828.7,24822.2,24823.7,42
1783998660,24824.7,24827.7,24823.2,24825.2,42
1783998720,24823.7,24825.2,24819.2,24819.2,44
1783998780,24819.7,24820.2,24817.2,24819.2,24
1783998840,24817.2,24817.7,24811.7,24814.2,38
1783998900,24816.7,24816.7,24811.7,24811.7,42
1783998960,24812.2,24812.2,24811.7,24812.2,34
1783999020,24813.2,24819.2,24798.2,24798.2,42
1783999080,24793.2,24801.2,24788.2,24794.2,72
1783999140,24795.2,24801.2,24791.7,24799.7,54
1783999200,24797.7,24799.2,24790.2,24790.7,42
1783999260,24790.2,24794.2,24787.7,24791.7,52
1783999320,24790.2,24796.2,24789.7,24794.7,42
1783999380,24795.7,24808.7,24794.2,24808.7,52
1783999440,24809.7,24812.7,24804.7,24804.7,42
1783999500,24805.2,24807.7,24801.2,24804.2,44
1783999560,24805.2,24810.2,24805.2,24810.2,30
1783999620,24809.7,24814.2,24809.7,24812.7,28
1783999680,24813.2,24821.2,24813.2,24819.7,70
1783999740,24820.7,24827.7,24818.7,24827.2,68
1783999800,24825.7,24844.7,24824.7,24834.2,140
1783999860,24834.7,24839.2,24830.2,24837.2,82
1783999920,24838.2,24840.2,24821.7,24821.7,76
1783999980,24821.2,24828.7,24816.7,24820.2,92
1784000040,24819.7,24822.2,24808.2,24811.7,58
1784000100,24812.7,24823.7,24810.7,24817.2,82
1784000160,24815.7,24815.7,24811.7,24813.2,56
1784000220,24813.7,24823.7,24813.2,24823.2,48
1784000280,24822.7,24827.2,24820.2,24820.2,58
1784000340,24819.7,24823.7,24811.7,24821.2,72
1784000400,24822.2,24822.2,24814.7,24814.7,66
1784000460,24815.2,24824.7,24815.2,24818.2,72
1784000520,24819.7,24824.2,24816.2,24816.2,36
1784000580,24815.2,24819.2,24814.2,24819.2,52
1784000640,24817.7,24826.7,24817.7,24820.7,70
1784000700,24820.2,24826.2,24818.7,24825.7,96
1784000760,24824.7,24829.2,24824.2,24828.2,72
1784000820,24826.7,24837.2,24826.7,24835.7,54
1784000880,24836.2,24843.7,24834.2,24843.2,56
1784000940,24841.7,24846.2,24833.7,24833.7,82
1784001000,24834.2,24841.2,24833.7,24840.7,64
1784001060,24840.2,24850.7,24840.2,24849.7,72
1784001120,24851.2,24856.7,24846.2,24853.2,98
1784001180,24853.7,24862.2,24853.7,24859.7,92
1784001240,24857.2,24860.7,24853.2,24859.7,66
1784001300,24864.7,24871.2,24861.7,24865.7,112
1784001360,24865.2,24868.2,24862.7,24863.2,70
1784001420,24863.7,24864.7,24859.7,24859.7,82
1784001480,24860.2,24865.2,24857.2,24865.2,48
1784001540,24865.7,24871.2,24865.2,24869.2,56
1784001600,24870.7,24878.2,24868.2,24878.2,76
1784001660,24876.7,24877.7,24870.2,24870.2,72
1784001720,24869.7,24882.2,24864.2,24882.2,64
1784001780,24883.7,24889.2,24880.7,24888.2,44
1784001840,24888.7,24891.2,24881.7,24884.7,42
1784001900,24884.2,24886.2,24877.2,24878.7,44
1784001960,24877.7,24877.7,24867.2,24869.2,74
1784002020,24869.7,24874.7,24867.7,24874.2,26
1784002080,24873.2,24873.2,24861.2,24864.2,50
1784002140,24861.2,24861.7,24858.2,24860.7,34
1784002200,24860.2,24861.7,24852.7,24855.2,44
1784002260,24856.2,24858.2,24853.2,24855.2,46
1784002320,24853.7,24857.2,24847.7,24857.2,26
1784002380,24858.7,24861.7,24854.7,24861.7,46
1784002440,24859.7,24865.7,24859.7,24861.2,110
1784002500,24859.7,24859.7,24854.7,24856.7,44
1784002560,24856.2,24858.2,24856.2,24857.7,10
1784002620,24858.7,24861.7,24858.2,24858.7,40
1784002680,24859.2,24859.7,24855.2,24859.7,46
1784002740,24859.2,24861.2,24859.2,24859.7,28
1784002800,24860.2,24864.7,24860.2,24864.7,18
1784002860,24870.7,24877.2,24870.7,24877.2,18
1784002920,24878.2,24881.2,24877.7,24880.7,44
1784002980,24881.7,24881.7,24877.7,24879.2,44
1784003040,24878.7,24882.7,24874.7,24881.7,40
1784003100,24881.2,24884.7,24878.2,24881.2,56
1784003160,24879.2,24887.2,24878.7,24887.2,38
1784003220,24885.2,24893.2,24885.2,24892.7,42
1784003280,24888.7,24890.2,24886.7,24886.7,20
1784003340,24885.7,24886.7,24883.7,24884.7,8
1784003400,24891.2,24891.7,24888.7,24889.7,40
1784003460,24889.2,24893.7,24888.2,24892.7,46
1784003520,24892.2,24892.2,24891.2,24892.2,8
1784003580,24902.2,24903.7,24900.7,24901.2,32
1784003640,24902.7,24910.7,24901.2,24910.7,44
1784003700,24910.2,24915.2,24910.2,24911.2,24
1784003760,24915.2,24915.7,24912.7,24914.2,38
1784003820,24914.7,24925.7,24913.2,24924.7,56
1784003880,24922.7,24929.2,24922.7,24924.7,58
1784003940,24927.7,24938.7,24927.2,24937.2,70
1784004000,24934.7,24937.2,24930.7,24934.2,76
1784004060,24933.7,24936.7,24929.7,24929.7,52
1784004120,24931.2,24943.2,24928.7,24942.7,60
1784004180,24941.7,24946.7,24939.2,24942.2,64
1784004240,24940.2,24942.2,24936.2,24937.2,54
1784004300,24936.2,24942.2,24930.7,24940.2,36
1784004360,24944.7,24945.7,24940.2,24945.7,44
1784004420,24944.7,24945.2,24941.7,24942.7,38
1784004480,24943.2,24945.2,24942.7,24943.7,16
1784004540,24942.7,24944.2,24939.2,24943.2,24
1784004600,24942.2,24947.7,24939.2,24939.2,22
1784004660,24940.2,24942.2,24937.7,24937.7,30
1784004720,24938.2,24941.7,24932.7,24941.7,24
1784004780,24936.7,24939.2,24931.7,24931.7,14
1784004840,24930.2,24939.2,24926.2,24938.7,50
1784004900,24939.2,24943.2,24939.2,24942.7,12
1784004960,24942.7,24943.7,24942.7,24943.2,8
1784005020,24943.7,24945.2,24943.7,24944.7,10
1784005080,24943.7,24945.2,24943.7,24945.2,6
1784005140,24945.7,24951.7,24945.2,24948.7,26
1784005200,24946.7,24946.7,24940.2,24940.7,40
1784005260,24940.2,24940.2,24936.2,24938.7,24
1784005320,24939.7,24939.7,24931.7,24937.7,46
1784005380,24938.7,24947.2,24938.7,24945.2,38
1784005440,24944.7,24951.7,24944.7,24945.7,44
1784005500,24944.7,24944.7,24939.7,24940.2,32
1784005560,24940.7,24941.2,24939.2,24941.2,20
1784005620,24942.2,24950.7,24942.2,24948.2,16
1784005680,24949.2,24950.2,24943.2,24950.2,30
1784005740,24949.7,24954.2,24948.7,24952.2,42
1784005800,24951.2,24954.7,24951.2,24953.7,18
1784005860,24954.2,24957.2,24951.7,24951.7,36
1784005920,24951.2,24960.2,24949.7,24951.7,70
1784005980,24949.7,24953.7,24949.2,24953.7,52
1784006040,24952.7,24956.7,24952.7,24956.7,14
1784006100,24954.7,24962.2,24953.7,24955.2,32
1784006160,24953.2,24955.7,24950.2,24952.7,54
1784006220,24953.7,24954.7,24950.2,24951.2,32
1784006280,24952.7,24958.2,24950.2,24953.2,42
1784006340,24951.7,24960.7,24951.7,24960.2,42
1784006400,24963.7,24968.2,24960.2,24963.2,66
1784006460,24962.7,24970.7,24960.7,24969.7,46
1784006520,24970.7,24972.7,24968.7,24968.7,22
1784006580,24969.7,24971.2,24969.7,24970.2,22
1784006640,24967.7,24971.2,24967.7,24970.2,16
1784006700,24968.7,24977.2,24966.2,24977.2,44
1784006760,24978.2,24979.7,24973.7,24977.7,42
1784006820,24978.2,24979.2,24976.7,24977.7,26
1784006880,24979.2,24980.7,24977.2,24978.2,18
1784006940,24978.7,24982.2,24978.7,24982.2,30
1784007000,24983.7,25003.7,24983.7,25003.7,64
1784007060,25004.7,25004.7,24993.7,24993.7,70
1784007120,24994.2,25001.2,24993.2,24999.7,62
1784007180,25000.2,25003.7,24992.2,25003.7,50
1784007240,25002.2,25002.7,24985.2,24985.7,66
1784007300,24988.7,24996.2,24986.7,24991.2,74
1784007360,24992.2,24992.2,24986.2,24987.2,68
1784007420,24987.7,24988.7,24987.7,24988.2,28
1784007480,24987.7,24989.7,24982.2,24986.7,48
1784007540,24986.2,24987.7,24984.2,24986.2,28
1784007600,24987.2,24988.7,24981.2,24982.7,52
1784007660,24982.2,24984.7,24980.2,24980.7,44
1784007720,24981.7,24986.7,24980.7,24984.7,48
1784007780,24983.2,24990.2,24982.7,24989.2,68
1784007840,24990.2,24990.2,24987.2,24989.7,36
1784007900,24991.2,24994.7,24988.2,24990.7,80
1784007960,24988.7,24991.7,24984.7,24987.2,52
1784008020,24987.7,24991.2,24986.7,24990.2,68
1784008080,24989.2,24993.7,24988.7,24992.7,14
1784008140,24993.2,24993.7,24990.7,24992.2,26
1784008200,24991.7,24991.7,24988.2,24988.7,38
1784008260,24989.7,24989.7,24985.7,24986.2,46
1784008320,24985.7,24986.2,24980.7,24983.2,44
1784008380,24984.2,24987.2,24982.7,24986.7,34
1784008440,24985.2,24986.7,24983.7,24986.2,62
1784008500,24985.7,24987.2,24982.2,24987.2,36
1784008560,24987.7,24990.7,24983.7,24984.2,36
1784008620,24984.7,24987.2,24984.7,24987.2,28
1784008680,24988.2,24989.7,24985.7,24986.2,42
1784008740,24985.7,24985.7,24979.2,24980.7,40
1784008800,24984.2,25003.2,24978.7,25003.2,100
1784008860,25004,25011.5,25000,25001.5,110
1784008920,25000.5,25007,24999,25004.5,73
1784008980,25003.5,25008,25000.5,25002.5,112
1784009040,25001.5,25009,25000.5,25007.5,94
1784009100,25006.5,25009,24996,25004,56
1784009160,25003.5,25007.5,24999.5,25007.5,104
1784009220,25006.5,25012.5,25005.5,25008,97
1784009280,25007.5,25009,25001.7,25005.5,75
1784009340,25005,25006.5,25000.5,25005.5,98
1784009400,25005,25017.5,25005,25013,104
1784009460,25012,25014,25006.5,25007,96
1784009520,25004.5,25005,24998.5,24998.5,50
1784009580,24997,25004.5,24994,25004,80
1784009640,25004.5,25004.5,24999.2,24999.2,71
1784009700,25003,25011,25003,25010,83
1784009760,25010.5,25014.5,24998.5,24999,106
1784009820,25000,25003,24992,24995,116
1784009880,24995.5,24996.5,24985,24987.5,74
1784009940,24987,24998,24985.5,24996,74
1784010000,24995.5,25000.5,24994,24999,88
1784010060,25000,25000.5,24988.5,24989,100
1784010120,24989.5,24990.5,24981.5,24982,64
1784010180,24983,24987.5,24980,24980,90
1784010240,24982.5,24986.5,24979.5,24983,100
1784010300,24982.5,24984,24972,24976,119
1784010360,24975,24975,24966,24969,86
1784010420,24970,24970,24959,24959,104
1784010480,24959.5,24959.5,24949.5,24952,108
1784010540,24953,24954,24945,24945.5,100
1784010600,24947,24958,24941.5,24957.5,158
1784010660,24958.5,24962,24951,24952,128
1784010720,24951,24955,24948,24954,110
1784010780,24955,24956,24943.5,24949,94
1784010840,24949.5,24950.5,24936.5,24938.5,112
1784010900,24939,24942,24936.5,24939,114
1784010960,24940,24945,24939,24942.5,130
1784011020,24942,24943,24931,24932,96
1784011080,24932.5,24937,24932,24932.5,96
1784011140,24933,24935.5,24930,24935.5,66
1784011200,24935,24937,24922,24931,94
1784011260,24930,24940.5,24930,24939,94
1784011320,24938.5,24945,24923,24925,122
1784011380,24924,24935.5,24924,24935.5,104
1784011440,24934,24936.5,24932,24932,82
1784011500,24930.5,24930.5,24914.5,24919.5,110
1784011560,24920,24924.5,24915,24916.5,86
1784011620,24915,24916,24904.5,24912,118
1784011680,24911.5,24915,24906.5,24908.5,132
1784011740,24908,24911.5,24903.5,24909,108
1784011800,24908,24911,24902,24906,124
1784011860,24906.5,24911.5,24905,24910,102
1784011920,24909,24911.5,24908,24911.5,62
1784011980,24913,24915,24909,24912,92
1784012040,24913,24915.5,24904,24905,90
1784012100,24904,24909.5,24900,24906.5,110
1784012160,24909.5,24911,24895,24895.5,82
1784012220,24897.5,24904.5,24893.5,24898.5,108
1784012280,24898,24899,24891,24894.5,104
1784012340,24894,24894.5,24863.5,24873,146
1784012400,24875,24905.5,24854.5,24905.5,237
1784012460,24904.5,24945,24900.5,24938.5,205
1784012520,24937.5,24939.5,24922.5,24929,210
1784012580,24927,24961.5,24924.5,24960.5,186
1784012640,24960,24981,24952,24974.5,216
1784012700,24975.5,25001,24965,24996,186
1784012760,24994.5,25013,24992,25003.5,188
1784012820,25006,25014,25002.5,25005.5,176
1784012880,25003,25007.5,25000.5,25005.5,174
1784012940,25006,25012,24999,25005,188
1784013000,25006,25008,24983.5,24986,192
1784013060,24984,24986.5,24975,24977,162
1784013120,24977.5,24998,24974,24993,170
1784013180,24994,24997,24977,24985,178
1784013240,24984.5,25005,24984.5,24999.5,168
1784013300,24998.5,25007.5,24987,25001,190
1784013360,25000.5,25014.5,25000.5,25011,176
1784013420,25009,25011,24992.5,24999,162
1784013480,24998.5,25001,24991.5,24993,164
1784013540,24993.5,24997,24983,24988.5,170
1784013600,24988,25006,24981.5,25003,164
1784013660,25003.5,25004,24978,24978,154
1784013720,24978.5,24980,24957,24968.5,158
1784013780,24969,24975.5,24964,24972.5,172
1784013840,24973,24983,24970.5,24981.5,148
1784013900,24981,24994.5,24979.5,24983,168
1784013960,24983.5,24997,24981,24992,152
1784014020,24991.5,25007,24991.5,24999,168
1784014080,25001,25002.5,24992,24998.5,152
1784014140,24997,25002,24991,24992,148
1784014200,24994,24997.5,24983.5,24990,196
1784014260,24991,24997,24978,24980,170
1784014320,24979,24989,24974,24976.5,190
1784014380,24975,24976,24958.5,24975,172
1784014440,24974.5,24997,24972,24986,146
1784014500,24984,24984,24968,24976,164
1784014560,24978,24992.5,24973.5,24988,168
1784014620,24987.5,24987.5,24971,24974,174
1784014680,24975,24990.5,24967,24985,194
1784014740,24984.5,24985.5,24972.5,24981,158
1784014800,24980,24982,24966.5,24967,150
1784014860,24966.5,24983,24964.5,24967.5,186
1784014920,24966,24968.5,24958.5,24958.5,166
1784014980,24959.5,24962,24950,24952.5,176
1784015040,24951.5,24954.5,24932,24936.5,152
1784015100,24936,24937,24915.5,24916.5,170
1784015160,24916,24918,24902,24916,178
1784015220,24914.5,24935,24909,24933,160
1784015280,24934,24942.5,24922.5,24942,184
1784015340,24941,24950,24936.5,24948,172
1784015400,24951,24951,24939.4,24946.4,194
1784015460,24945.4,24964.9,24944.4,24962.4,170
1784015520,24960.4,24966.9,24952.9,24966.9,166
1784015580,24967.4,24969.4,24962.4,24967.9,152
1784015640,24967.4,24978.4,24967.4,24970.4,118
1784015700,24969.9,24973.4,24955.4,24966.4,156
1784015760,24967.4,24967.9,24959.4,24963.9,140
1784015820,24963.4,24970.4,24957.4,24964.4,142
1784015880,24965.4,24974.4,24963.4,24974.4,146
1784015940,24973.4,24983.9,24971.4,24980.9,164
1784016000,24982.4,25003.4,24982.4,24998.9,182
1784016060,24996.9,25010.4,24990.4,24990.4,166
1784016120,24988.4,24990.4,24975.4,24976.9,200
1784016180,24976.4,24980.4,24953.4,24961.4,190
1784016240,24960.4,24975.9,24960.4,24975.9,154
1784016300,24976.4,24979.4,24967.9,24968.9,180
1784016360,24969.4,24972.4,24954.4,24955.9,160
1784016420,24955.4,24957.4,24932.4,24932.4,182
1784016480,24933.4,24946.4,24929.4,24945.4,176
1784016540,24944.9,24952.4,24942.4,24942.4,166
1784016600,24941.9,24958.4,24935.4,24958.4,150
1784016660,24956.4,24956.9,24942.4,24954.4,166
1784016720,24953.4,24958.9,24949.9,24957.9,156
1784016780,24956.4,24969.9,24953.4,24967.4,174
1784016840,24965.4,24969.4,24961.4,24969.4,164
1784016900,24968.4,24976.4,24968.4,24971.4,166
1784016960,24972.4,24980.4,24966.4,24973.9,146
1784017020,24974.4,24975.4,24967.9,24967.9,128
1784017080,24968.4,24981.4,24964.9,24977.4,164
1784017140,24976.4,24980.9,24973.4,24978.4,132
1784017200,24977.4,24980.4,24962.9,24972.4,160
1784017260,24971.9,24972.4,24960.9,24962.4,122
1784017320,24961.4,24969.9,24951.9,24952.4,146
1784017380,24951.9,24952.4,24945.4,24948.4,148
1784017440,24947.4,24955.9,24946.4,24948.9,156
1784017500,24949.4,24958.9,24944.4,24957.9,132
1784017560,24957.4,24958.4,24953.9,24957.4,150
1784017620,24958.4,24973.9,24956.4,24969.4,144
1784017680,24968.4,24978.9,24967.4,24973.4,140
1784017740,24973.9,24982.4,24970.4,24980.9,158
1784017800,24980.4,24988.9,24971.4,24988.4,168
1784017860,24989.4,24989.9,24980.4,24983.4,146
1784017920,24982.9,24987.4,24974.9,24981.4,142
1784017980,24980.4,24980.4,24964.9,24968.4,162
1784018040,24969.9,24973.9,24968.9,24969.4,132
1784018100,24972.4,24972.4,24960.4,24961.9,138
1784018160,24962.4,24968.9,24957.4,24968.4,164
1784018220,24967.4,24968.4,24959.4,24959.4,132
1784018280,24958.4,24958.4,24950.4,24952.9,156
1784018340,24952.4,24954.4,24946.9,24954.4,141
1784018400,24953.4,24959.4,24947.4,24954.4,154
1784018460,24955.4,24963.9,24952.9,24957.4,155
1784018520,24956.9,24960.9,24949.4,24960.9,134
1784018580,24960.4,24970.4,24959.9,24964.2,137
1784018640,24966.4,24966.9,24957.4,24959.4,144
1784018700,24958.9,24958.9,24946.4,24947.9,124
1784018760,24948.4,24952.4,24942.4,24943.4,130
1784018820,24944.4,24949.9,24936.4,24949.9,126
1784018880,24949.4,24951.4,24936.9,24944.9,94
1784018940,24945.4,24946.4,24936.4,24939.4,130
1784019000,24938.9,24944.4,24938.9,24940.4,134
1784019060,24939.4,24948.9,24932.4,24948.4,122
1784019120,24947.4,24950.9,24942.9,24946.4,130
1784019180,24945.4,24953.9,24943.9,24953.4,143
1784019240,24952.9,24969.9,24952.4,24966.9,122
1784019300,24967.4,24972.9,24958.4,24958.4,118
1784019360,24960.4,24965.4,24958.9,24960.9,118
1784019420,24960.4,24963.9,24945.4,24950.4,156
1784019480,24951.9,24955.4,24947.4,24951.4,136
1784019540,24950.4,24951.4,24939.4,24940.4,142
1784019600,24939.4,24943.4,24929.9,24936.9,156
1784019660,24937.4,24944.4,24928.7,24944.4,161
1784019720,24946.9,24952.9,24939.9,24942.4,140
1784019780,24942.9,24951.9,24939.4,24951.9,124
1784019840,24951.4,24960.4,24948.9,24959.9,170
1784019900,24961.9,24963.9,24947.4,24951.4,160
1784019960,24952.4,24953.9,24945.4,24950.4,132
1784020020,24949.9,24952.9,24944.9,24945.4,108
1784020080,24946.4,24969.4,24946.4,24966.4,164
1784020140,24966.9,24969.4,24963.4,24967.4,142
1784020200,24969.4,24977.4,24964.4,24976.9,136
1784020260,24977.4,24986.4,24975.4,24975.4,130
1784020320,24976.4,24986.4,24975.4,24983.4,138
1784020380,24983.9,24990.9,24981.4,24981.4,142
1784020440,24982.9,24995.4,24982.9,24994.9,136
1784020500,24995.4,24995.9,24984.4,24990.4,146
1784020560,24989.9,24990.4,24974.4,24979.9,124
1784020620,24979.4,24979.4,24961.4,24967.4,150
1784020680,24966.9,24969.4,24956.4,24958.9,152
1784020740,24958.4,24973.4,24957.4,24973.4,124
1784020800,24971.9,24974.4,24966.9,24966.9,110
1784020860,24965.4,24975.4,24965.4,24970.4,116
1784020920,24970.9,24975.4,24965.4,24972.4,96
1784020980,24972.9,24974.4,24967.4,24970.4,130
1784021040,24971.4,24977.4,24968.4,24976.4,128
1784021100,24976.9,24980.4,24971.4,24974.4,122
1784021160,24973.4,24976.9,24972.9,24975.4,118
1784021220,24974.4,24976.4,24965.4,24965.9,106
1784021280,24965.4,24973.9,24965.4,24966.4,86
1784021340,24965.9,24967.4,24951.4,24953.4,110
1784021400,24952.9,24961.4,24947.4,24950.9,138
1784021460,24949.9,24951.4,24944.4,24946.4,130
1784021520,24947.4,24956.4,24945.9,24950.4,124
1784021580,24949.9,24957.9,24945.4,24957.9,136
1784021640,24957.4,24959.4,24946.9,24947.4,118
1784021700,24946.9,24959.9,24939.4,24959.4,138
1784021760,24959.9,24959.9,24943.4,24943.9,110
1784021820,24944.9,24958.9,24943.9,24954.4,132
1784021880,24955.4,24959.4,24954.4,24958.4,106
1784021940,24958.9,24964.9,24958.9,24964.4,108
1784022000,24962.4,24964.4,24957.4,24963.4,134
1784022060,24962.4,24966.4,24957.9,24958.4,98
1784022120,24958.9,24963.4,24957.4,24957.4,94
1784022180,24956.9,24964.4,24956.9,24959.9,98
1784022240,24959.4,24964.9,24959.4,24960.4,104
1784022300,24961.4,24977.9,24960.9,24977.9,142
1784022360,24977.4,24979.4,24970.4,24972.9,126
1784022420,24972.4,24979.4,24968.4,24978.9,96
1784022480,24979.9,24997.9,24979.9,24993.9,118
1784022540,24993.4,25004.4,24991.4,25002.4,102
1784022600,25003.4,25007.4,24998.4,25003.9,142
1784022660,25005.4,25010.4,25002.4,25005.4,120
1784022720,25004.4,25010.9,25001.9,25001.9,132
1784022780,25002.4,25008.9,25001.7,25001.7,127
1784022840,25002.9,25003.4,24994.4,24998.4,129
1784022900,24997.4,25000.9,24993.4,24996.4,120
1784022960,24996.9,24997.4,24986.9,24992.9,108
1784023020,24992.4,25000.9,24991.9,25000.9,146
1784023080,25001.4,25001.4,24994.4,24996.9,94
1784023140,24996.4,24998.4,24992.4,24995.9,116
1784023200,24995.4,24999.9,24991.4,24997.4,102
1784023260,24998.4,25005.9,24995.4,25004.4,124
1784023320,25003.9,25012.9,25002.4,25011.4,116
1784023380,25011.9,25012.9,25003.9,25008.4,130
1784023440,25007.4,25020.4,25005.4,25018.9,108
1784023500,25019.4,25021.9,25003.9,25003.9,108
1784023560,25004.4,25007.4,24997.9,25003.9,128
1784023620,25003.4,25017.9,25003.4,25014.4,128
1784023680,25014.9,25015.9,25012.9,25014.4,84
1784023740,25014.9,25014.9,25008.4,25012.4,100
1784023800,25011.9,25014.9,25009.4,25014.9,96
1784023860,25015.9,25016.4,25002.4,25003.4,120
1784023920,25002.9,25004.9,24993.9,24993.9,96
1784023980,24994.4,24995.4,24980.4,24981.4,104
1784024040,24981.9,24995.4,24980.4,24993.9,108
1784024100,24994.9,25001.9,24993.9,25001.4,120
1784024160,25000.4,25006.4,24997.9,24998.4,116
1784024220,24997.9,25005.4,24995.4,25004.4,102
1784024280,25004.9,25004.9,24995.4,25000.4,112
1784024340,25002.4,25003.9,24994.4,24996.4,82
1784024400,24997.9,24999.4,24992.9,24993.4,86
1784024460,24992.9,24997.4,24992.9,24992.9,108
1784024520,24993.4,25003.4,24991.9,24992.9,114
1784024580,24994.4,24998.9,24994.4,24996.4,102
1784024640,24994.9,25001.4,24993.4,24998.9,94
1784024700,24999.4,25002.4,24988.4,24990.4,110
1784024760,24989.4,24989.4,24974.4,24978.4,112
1784024820,24977.9,24983.4,24974.4,24981.9,126
1784024880,24981.4,24984.9,24980.4,24984.4,80
1784024940,24984.9,24989.4,24979.9,24986.4,118
1784025000,24985.4,24990.9,24981.7,24986.4,128
1784025060,24985.4,24989.4,24956.9,24959.9,185
1784025120,24959.4,24973.4,24959.4,24969.4,125
1784025180,24969.9,24971.9,24963.9,24963.9,118
1784025240,24962.4,24971.4,24961.9,24965.9,118
1784025300,24965.4,24975.9,24961.9,24974.4,126
1784025360,24973.4,24981.4,24972.4,24978.9,146
1784025420,24978.4,24994.9,24977.4,24994.9,170
1784025480,24994.4,24998.9,24983.9,24989.9,168
1784025540,24990.9,24996.4,24986.4,24986.4,142
1784025600,24985.9,24987.4,24979.9,24982.9,140
1784025660,24981.4,24985.4,24961.9,24961.9,124
1784025720,24960.4,24962.4,24952.4,24959.4,110
1784025780,24960.4,24966.4,24958.4,24963.4,116
1784025840,24962.9,24965.4,24952.4,24953.4,110
1784025900,24952.4,24956.9,24949.4,24950.4,126
1784025960,24949.4,24955.4,24945.4,24954.4,142
1784026020,24954.9,24960.9,24950.9,24958.9,112
1784026080,24959.4,24960.4,24955.9,24959.4,124
1784026140,24959.9,24966.4,24957.9,24958.9,116
1784026200,24959.9,24959.9,24952.9,24957.4,122
1784026260,24956.9,24957.9,24948.4,24948.9,148
1784026320,24949.9,24951.4,24933.9,24933.9,108
1784026380,24936.4,24941.4,24933.4,24934.9,126
1784026440,24934.4,24935.4,24931.9,24934.4,100
1784026500,24933.9,24935.4,24924.9,24925.4,126
1784026560,24925.9,24933.9,24921.4,24921.9,96
1784026620,24922.4,24939.4,24919.4,24938.9,132
1784026680,24939.4,24950.4,24936.4,24947.9,136
1784026740,24947.4,24954.4,24946.4,24949.9,144
1784026800,24951.9,24953.9,24934.9,24935.4,172
1784026860,24934.9,24939.4,24925.4,24936.9,174
1784026920,24936.4,24936.4,24899.4,24910.9,186
1784026980,24909.4,24920.9,24903.4,24919.9,188
1784027040,24918.4,24925.4,24913.4,24919.4,154
1784027100,24919.9,24925.4,24914.9,24918.4,162
1784027160,24917.9,24924.4,24910.9,24917.4,170
1784027220,24917.9,24928.4,24917.9,24924.4,180
1784027280,24923.4,24928.4,24904.4,24904.4,132
1784027340,24904.9,24911.9,24903.4,24909.4,123
1784027400,24908.4,24911.9,24890.4,24891.9,164
1784027460,24891.4,24900.9,24889.4,24898.4,128
1784027520,24898.9,24901.9,24893.4,24897.4,144
1784027580,24897.9,24909.4,24893.4,24908.9,154
1784027640,24909.4,24924.9,24906.9,24922.4,178
1784027700,24921.9,24931.9,24919.4,24919.4,174
1784027760,24918.4,24927.9,24918.4,24925.9,158
1784027820,24926.9,24934.4,24923.4,24928.4,132
1784027880,24928.9,24934.4,24926.4,24926.4,148
1784027940,24925.4,24930.4,24917.4,24923.4,158
1784028000,24923.9,24929.4,24920.4,24928.4,158
1784028060,24928.9,24930.9,24914.4,24917.4,138
1784028120,24916.4,24924.9,24914.4,24922.4,130
1784028180,24923.4,24931.4,24922.4,24926.4,116
1784028240,24926.9,24945.4,24923.4,24943.4,188
1784028300,24944.4,24946.4,24937.4,24942.9,210
1784028360,24942.4,24945.4,24935.9,24941.4,164
1784028420,24940.9,24951.4,24935.4,24948.9,140
1784028480,24949.4,24955.9,24943.9,24943.9,164
1784028540,24944.4,24947.9,24939.9,24943.4,154
1784028600,24943.9,24947.4,24933.4,24937.4,162
1784028660,24938.4,24939.9,24931.9,24936.4,152
1784028720,24935.4,24944.9,24930.4,24944.9,158
1784028780,24946.9,24950.4,24932.9,24933.4,168
1784028840,24933.9,24943.4,24931.4,24939.4,148
1784028900,24939.9,24940.4,24933.4,24937.9,126
1784028960,24936.4,24937.9,24930.9,24934.4,116
1784029020,24932.9,24933.4,24921.4,24927.4,142
1784029080,24926.9,24927.9,24921.4,24925.4,130
1784029140,24924.9,24930.4,24920.4,24921.4,148
1784029200,24921.9,24924.4,24905.9,24907.4,156
1784029260,24907.9,24912.4,24902.4,24911.4,154
1784029320,24913.4,24920.4,24911.9,24917.4,118
1784029380,24917.9,24923.4,24913.4,24915.4,140
1784029440,24914.9,24916.9,24908.4,24908.9,138
1784029500,24907.9,24911.4,24903.4,24903.4,134
1784029560,24904.4,24907.9,24897.4,24902.4,116
1784029620,24903.9,24906.4,24899.4,24906.4,146
1784029680,24905.9,24919.9,24905.4,24910.9,150
1784029740,24910.4,24911.9,24902.9,24907.4,134
1784029800,24906.9,24918.4,24904.4,24915.4,138
1784029860,24916.4,24922.4,24915.4,24917.9,122
1784029920,24916.9,24921.4,24912.9,24918.4,128
1784029980,24921.4,24924.4,24919.4,24921.9,140
1784030040,24920.9,24921.4,24905.4,24906.4,132
1784030100,24906.9,24911.9,24906.4,24908.4,90
1784030160,24909.4,24911.4,24897.4,24897.4,124
1784030220,24896.9,24898.9,24891.4,24894.9,124
1784030280,24895.9,24903.4,24894.4,24898.9,126
1784030340,24899.4,24917.4,24897.9,24917.4,148
1784030400,24917.9,24919.4,24911.4,24914.9,122
1784030460,24914.4,24916.9,24890.4,24890.9,122
1784030520,24891.4,24891.9,24874.4,24874.4,146
1784030580,24875.4,24894.4,24872.4,24891.9,156
1784030640,24888.9,24888.9,24884.4,24888.4,122
1784030700,24887.9,24888.9,24881.4,24886.4,106
1784030760,24885.9,24890.4,24882.9,24888.4,142
1784030820,24888.9,24890.9,24880.4,24887.4,140
1784030880,24886.4,24897.4,24885.4,24895.9,158
1784030940,24894.4,24894.4,24885.4,24886.9,156
1784031000,24887.4,24889.4,24882.4,24885.4,126
1784031060,24886.4,24886.9,24870.4,24875.4,130
1784031120,24875.9,24888.4,24875.9,24887.4,116
1784031180,24887.9,24897.4,24886.9,24895.4,100
1784031240,24895.9,24898.4,24892.4,24892.4,88
1784031300,24892.9,24893.4,24881.9,24887.9,136
1784031360,24888.4,24890.4,24884.9,24888.4,136
1784031420,24887.9,24889.4,24879.4,24882.4,132
1784031480,24881.4,24888.4,24880.4,24887.4,134
1784031540,24887.9,24897.4,24884.4,24894.9,150
1784031600,24894.4,24898.4,24888.4,24888.9,128
1784031660,24890.9,24896.9,24890.4,24895.9,112
1784031720,24895.4,24908.9,24891.9,24908.4,136
1784031780,24905.4,24910.9,24903.9,24907.4,122
1784031840,24906.4,24912.4,24899.4,24910.4,130
1784031900,24911.4,24920.4,24907.4,24911.4,134
1784031960,24912.4,24920.4,24912.4,24919.4,110
1784032020,24920.4,24930.4,24918.9,24926.4,128
1784032080,24927.4,24929.4,24925.4,24927.9,98
1784032140,24926.9,24936.9,24925.4,24932.4,102
1784032200,25016.4,25091.4,25016.4,25091.4,193
1784032260,25095.4,25096.4,25033.7,25044.9,228
1784032320,25046.9,25046.9,25014.4,25027.9,196
1784032380,25028.9,25029.9,25017.9,25018.9,182
1784032440,25016.9,25024.9,25010.9,25012.9,200
1784032500,25011.9,25023.4,25007.4,25013.9,212
1784032560,25014.4,25014.4,24996.4,25006.9,196
1784032620,25008.9,25009.9,24993.4,24997.9,198
1784032680,24996.4,25007.4,24987.9,24993.4,200
1784032740,24992.4,24995.4,24983.4,24989.4,204
1784032800,24988.4,24988.4,24977.4,24978.4,180
1784032860,24978.9,24985.4,24970.4,24983.4,190
1784032920,24982.9,24990.4,24980.4,24990.4,170
1784032980,24990.9,24997.4,24980.9,24984.9,202
1784033040,24985.4,24986.4,24975.4,24983.9,174
1784033100,24984.4,24986.4,24971.9,24977.4,176
1784033160,24976.4,24976.4,24959.4,24962.9,152
1784033220,24963.4,24963.9,24945.9,24948.9,172
1784033280,24948.4,24961.9,24948.4,24956.9,166
1784033340,24957.4,24970.4,24956.4,24969.9,168
1784033400,24970.4,24982.4,24960.4,24981.9,156
1784033460,24981.4,24981.4,24966.4,24972.4,168
1784033520,24973.4,24974.4,24958.4,24960.4,146
1784033580,24959.4,24978.4,24958.9,24976.9,158
1784033640,24975.9,24980.9,24971.9,24980.4,150
1784033700,24981.4,24990.9,24981.4,24987.4,150
1784033760,24985.9,24986.4,24976.9,24979.9,146
1784033820,24979.4,24984.4,24977.4,24980.4,164
1784033880,24979.4,24988.9,24979.4,24988.4,178
1784033940,24988.9,24999.4,24985.4,24985.4,132
1784034000,24987.4,24991.4,24979.9,24986.9,180
1784034060,24987.9,25004.4,24985.9,25001.4,164
1784034120,24998.4,25003.4,24994.4,24995.9,156
1784034180,24994.9,24996.4,24979.9,24983.9,164
1784034240,24984.4,24994.4,24984.4,24994.4,170
1784034300,24993.9,25011.9,24991.9,25008.9,166
1784034360,25008.4,25014.4,25001.9,25014.4,146
1784034420,25015.4,25023.9,25008.4,25022.4,162
1784034480,25022.9,25030.4,25020.4,25021.9,148
1784034540,25022.4,25022.9,25010.4,25015.4,138
1784034600,25017.4,25025.9,25016.4,25025.4,138
1784034660,25024.4,25032.9,25023.9,25029.9,142
1784034720,25030.4,25030.4,25021.4,25023.4,165
1784034780,25022.4,25029.9,25016.9,25027.9,149
1784034840,25026.4,25029.4,25020.4,25028.4,158
1784034900,25028.9,25032.4,25018.4,25018.9,150
1784034960,25019.4,25023.9,25017.9,25023.4,148
1784035020,25022.4,25025.4,25011.9,25014.4,114
1784035080,25015.9,25023.4,25014.4,25014.4,116
1784035140,25013.9,25014.4,25001.4,25002.9,148
1784035200,25003.4,25015.4,24995.4,25010.4,178
1784035260,25011.4,25016.4,25004.4,25016.4,154
1784035320,25014.9,25014.9,25008.4,25009.4,144
1784035380,25008.9,25011.9,25004.9,25009.4,140
1784035440,25007.9,25013.9,25004.4,25010.9,128
1784035500,25009.9,25014.4,25006.9,25011.4,150
1784035560,25010.4,25020.4,25010.4,25017.4,148
1784035620,25016.4,25030.9,25015.9,25028.9,124
1784035680,25027.4,25027.4,25019.4,25020.4,156
1784035740,25019.9,25032.4,25016.4,25030.9,182
1784035800,25032.4,25048.4,25029.4,25046.9,227
1784035860,25045.4,25048.9,25018.4,25024.4,212
1784035920,25025.4,25025.4,25004.4,25008.4,204
1784035980,25007.9,25017.4,25005.4,25012.9,212
1784036040,25013.4,25020.4,25008.4,25020.4,166
1784036100,25018.9,25028.9,25013.4,25019.9,198
1784036160,25019.4,25047.4,25019.4,25044.4,206
1784036220,25046.4,25056.9,25043.4,25053.4,204
1784036280,25053.9,25065.4,25045.4,25063.4,212
1784036340,25064.4,25073.9,25061.4,25070.4,194
1784036400,25070.9,25074.9,25059.4,25067.4,184
1784036460,25065.9,25079.9,25057.9,25076.4,192
1784036520,25077.4,25082.9,25062.9,25066.9,187
1784036580,25067.4,25086.4,25061.4,25085.4,202
1784036640,25084.9,25088.4,25080.9,25085.4,194
1784036700,25084.4,25094.9,25079.4,25091.9,204
1784036760,25091.4,25096.4,25080.9,25086.4,182
1784036820,25087.4,25088.4,25073.4,25077.4,168
1784036880,25076.9,25081.9,25061.4,25062.4,162
1784036940,25062.9,25072.9,25060.9,25070.4,162
1784037000,25071.4,25084.4,25069.9,25080.9,164
1784037060,25079.9,25094.4,25079.9,25082.9,176
1784037120,25083.9,25083.9,25069.9,25072.4,190
1784037180,25072.9,25087.9,25072.9,25087.4,152
1784037240,25086.4,25101.4,25085.9,25093.9,161
1784037300,25093.4,25099.4,25089.4,25092.9,172
1784037360,25093.4,25102.9,25093.4,25096.4,174
1784037420,25095.9,25104.4,25094.9,25099.4,118
1784037480,25099.9,25106.9,25099.9,25102.4,132
1784037540,25103.4,25107.9,25097.4,25103.9,172
1784037600,25102.4,25103.4,25082.4,25086.4,194
1784037660,25085.4,25089.9,25078.9,25084.9,180
1784037720,25085.4,25085.4,25073.4,25076.4,176
1784037780,25076.9,25090.4,25072.4,25089.4,198
1784037840,25088.4,25090.4,25071.9,25071.9,166
1784037900,25073.9,25076.9,25066.9,25074.4,210
1784037960,25074.9,25084.9,25066.9,25084.9,202
1784038020,25084.4,25084.4,25065.9,25072.4,200
1784038080,25071.9,25073.9,25065.9,25072.9,182
1784038140,25072.4,25075.4,25061.4,25071.9,172
1784038200,25072.9,25080.4,25066.9,25069.9,174
1784038260,25069.4,25070.4,25064.4,25066.9,190
1784038320,25067.4,25070.4,25057.4,25057.9,180
1784038380,25059.4,25064.4,25054.9,25059.4,136
1784038440,25059.9,25069.9,25048.4,25068.4,190
1784038500,25067.4,25067.4,25050.4,25053.9,162
1784038560,25052.9,25059.9,25041.4,25055.9,200
1784038620,25055.4,25062.4,25054.9,25061.4,176
1784038680,25060.9,25072.9,25059.9,25069.4,200
1784038740,25069.9,25084.9,25069.9,25078.4,186
1784038800,25077.9,25083.4,25070.4,25081.4,170
1784038860,25080.4,25080.4,25069.4,25074.4,154
1784038920,25075.4,25088.4,25072.4,25088.4,190
1784038980,25087.4,25088.4,25077.4,25084.4,164
1784039040,25085.9,25093.4,25083.9,25087.4,162
1784039100,25086.4,25091.9,25079.4,25086.4,164
1784039160,25085.9,25112.9,25081.4,25093.9,160
1784039220,25090.9,25097.4,25087.4,25095.4,180
1784039280,25094.4,25105.4,25090.4,25094.9,154
1784039340,25094.4,25108.4,25089.9,25107.4,190
1784039400,25106.9,25111.4,25097.9,25099.4,160
1784039460,25097.9,25105.4,25097.4,25102.4,178
1784039520,25103.4,25107.4,25098.4,25102.9,156
1784039580,25102.4,25107.4,25095.4,25105.4,190
1784039640,25104.9,25211.4,25104.9,25138.4,236
1784039700,25138.9,25141.9,25131.4,25138.4,198
1784039760,25137.4,25149.4,25137.4,25146.4,184
1784039820,25146.9,25146.9,25137.9,25144.4,200
1784039880,25143.4,25146.9,25138.4,25145.4,180
1784039940,25143.4,25143.9,25135.9,25136.4,152
1784040000,25136.9,25145.9,25136.9,25143.4,170
1784040060,25143.9,25143.9,25134.4,25137.9,158
1784040120,25137.4,25154.4,25137.4,25153.4,172
1784040180,25152.4,25156.4,25148.9,25154.4,158
1784040240,25153.9,25157.9,25137.4,25139.4,166
1784040300,25139.9,25140.4,25131.9,25131.9,160
1784040360,25132.4,25137.4,25122.4,25123.9,160
1784040420,25123.4,25127.9,25120.4,25122.9,166
1784040480,25126.4,25140.4,25124.9,25137.4,156
1784040540,25137.9,25139.4,25120.9,25121.4,160
1784040600,25119.9,25123.4,25109.9,25120.4,184
1784040660,25120.9,25129.4,25116.4,25129.4,158
1784040720,25128.9,25129.4,25120.9,25123.4,150
1784040780,25125.4,25127.9,25119.9,25125.4,166
1784040840,25125.9,25141.9,25125.4,25140.4,134
1784040900,25140.9,25147.9,25140.9,25144.4,122
1784040960,25146.4,25146.4,25136.4,25136.4,140
1784041020,25135.4,25143.9,25134.4,25141.4,120
1784041080,25140.9,25147.9,25140.4,25140.4,148
1784041140,25140.9,25140.9,25131.9,25131.9,124
1784041200,25132.9,25141.9,25124.4,25124.9,160
1784041260,25125.4,25126.4,25117.4,25117.4,146
1784041320,25116.4,25118.4,25109.4,25112.9,160
1784041380,25111.9,25113.9,25107.4,25108.4,142
1784041440,25107.9,25185.9,25105.4,25147.9,243
1784041500,25144.9,25156.9,25141.9,25156.4,228
1784041560,25156.9,25170.4,25155.9,25161.4,232
1784041620,25160.9,25163.9,25153.4,25158.9,204
1784041680,25159.4,25176.4,25157.9,25171.4,190
1784041740,25171.9,25178.9,25161.9,25165.4,174
1784041800,25164.9,25170.4,25161.9,25164.9,184
1784041860,25165.4,25167.4,25158.9,25166.4,180
1784041920,25165.9,25171.4,25157.9,25165.9,144
1784041980,25166.4,25174.4,25164.9,25166.4,142
1784042040,25167.4,25169.4,25164.4,25167.9,118
1784042100,25165.9,25170.4,25159.4,25164.4,144
1784042160,25163.4,25170.4,25159.4,25162.9,152
1784042220,25163.4,25166.4,25157.9,25158.4,128
1784042280,25157.9,25158.9,25140.4,25140.4,150
1784042340,25138.9,25141.4,25132.9,25132.9,144
1784042400,25132.4,25136.4,25124.9,25136.4,150
1784042460,25135.9,25145.4,25135.9,25145.4,142
1784042520,25143.4,25143.4,25134.4,25135.9,144
1784042580,25136.4,25144.4,25135.9,25142.4,126
1784042640,25141.9,25147.9,25134.9,25138.4,128
1784042700,25138.9,25142.4,25133.9,25135.9,147
1784042760,25136.9,25149.9,25136.4,25143.9,130
1784042820,25144.9,25145.4,25139.4,25143.4,124
1784042880,25143.9,25156.9,25143.9,25153.9,114
1784042940,25154.9,25158.9,25143.4,25147.9,134
1784043000,25146.8,25157.8,25145.3,25157.3,145
1784043060,25158.3,25174.8,25155.8,25170.8,134
1784043120,25171.3,25171.8,25160.8,25167.3,164
1784043180,25165.8,25169.3,25157.3,25159.8,162
1784043240,25158.8,25161.8,25138.8,25144.3,190
1784043300,25145.3,25151.3,25129.3,25133.8,152
1784043360,25132.8,25134.8,25127.3,25133.3,164
1784043420,25133.8,25134.8,25128.3,25132.3,138
1784043480,25132.8,25139.8,25132.3,25138.8,138
1784043540,25137.8,25137.8,25129.3,25130.8,116
1784043600,25130.3,25132.3,25118.8,25119.3,160
1784043660,25120.3,25120.8,25112.3,25114.8,168
1784043720,25114.3,25115.3,25104.3,25113.3,160
1784043780,25113.8,25120.8,25111.8,25119.8,138
1784043840,25120.8,25130.8,25120.8,25123.8,120
1784043900,25124.8,25130.3,25123.3,25125.3,144
1784043960,25124.8,25126.8,25121.3,25124.3,128
1784044020,25123.8,25132.8,25123.8,25131.3,112
1784044080,25131.8,25131.8,25122.8,25130.3,130
1784044140,25129.8,25131.8,25121.3,25125.3,108
1784044200,25125.8,25128.8,25120.3,25123.8,154
1784044260,25123.3,25123.8,25105.8,25107.8,164
1784044320,25107.3,25108.8,25101.8,25104.8,160
1784044380,25105.8,25110.3,25104.8,25107.8,132
1784044440,25108.3,25109.8,25087.3,25087.8,142
1784044500,25088.3,25089.8,25085.8,25086.3,156
1784044560,25086.8,25092.3,25085.8,25090.3,136
1784044620,25089.8,25092.3,25078.8,25081.3,160
1784044680,25081.8,25090.3,25080.3,25086.3,130
1784044740,25086.8,25094.8,25086.3,25093.3,128
1784044800,25093.8,25094.8,25082.8,25082.8,142
1784044860,25083.8,25088.8,25076.3,25076.8,144
1784044920,25077.8,25079.8,25075.3,25077.8,122
1784044980,25078.3,25083.3,25072.8,25078.3,144
1784045040,25077.8,25085.3,25076.3,25082.3,128
1784045100,25081.3,25084.3,25075.3,25077.8,138
1784045160,25079.8,25086.8,25076.3,25086.8,114
1784045220,25085.8,25085.8,25076.3,25081.8,134
1784045280,25082.3,25090.3,25081.8,25090.3,112
1784045340,25091.3,25097.3,25088.8,25094.3,124
1784045400,25095.3,25097.3,25087.8,25088.8,120
1784045460,25089.3,25094.3,25086.8,25094.3,92
1784045520,25095.3,25095.8,25089.3,25090.8,108
1784045580,25090.3,25098.3,25087.8,25096.8,104
1784045640,25097.3,25099.3,25094.8,25095.3,98
1784045700,25094.8,25096.3,25087.8,25090.3,110
1784045760,25089.8,25094.3,25088.8,25091.3,140
1784045820,25092.3,25093.8,25087.8,25090.3,112
1784045880,25091.3,25094.8,25090.3,25092.8,140
1784045940,25092.3,25095.8,25089.8,25090.8,120
1784046000,25091.3,25091.3,25088.8,25088.8,80
1784046060,25089.3,25089.3,25084.8,25086.8,108
1784046120,25089.3,25090.8,25082.3,25082.3,128
1784046180,25081.8,25088.8,25077.8,25079.3,126
1784046240,25080.3,25085.3,25080.3,25083.8,98
1784046300,25084.3,25086.8,25079.8,25086.8,82
1784046360,25086.3,25086.8,25084.8,25086.3,88
1784046420,25086.8,25100.8,25086.3,25099.8,114
1784046480,25098.8,25100.8,25094.3,25097.8,118
1784046540,25097.3,25101.3,25094.3,25095.8,106
1784046600,25096.3,25096.8,25091.3,25093.3,124
1784046660,25094.8,25098.8,25092.8,25096.3,122
1784046720,25095.8,25097.3,25091.8,25093.3,122
1784046780,25092.3,25092.3,25085.8,25087.8,126
1784046840,25086.8,25089.3,25085.3,25088.8,112
1784046900,25088.3,25093.8,25088.3,25089.8,116
1784046960,25089.3,25093.8,25088.8,25091.3,130
1784047020,25089.8,25092.3,25086.3,25086.3,104
1784047080,25086.8,25090.3,25083.8,25089.3,106
1784047140,25089.8,25091.8,25089.3,25089.8,90
1784047200,25090.3,25091.3,25086.3,25090.8,122
1784047260,25090.3,25096.3,25088.8,25094.3,90
1784047320,25093.8,25097.3,25092.3,25096.3,106
1784047380,25095.8,25099.3,25095.3,25098.8,70
1784047440,25099.3,25100.3,25093.3,25094.8,88
1784047500,25092.8,25094.8,25083.3,25083.3,88
1784047560,25082.8,25085.3,25076.8,25076.8,112
1784047620,25077.8,25081.8,25076.8,25081.3,96
1784047680,25080.8,25081.3,25076.8,25077.8,94
1784047740,25078.3,25084.3,25073.3,25084.3,90
1784047800,25083.8,25084.3,25080.3,25081.3,100
1784047860,25080.8,25088.3,25079.3,25087.8,92
1784047920,25088.3,25093.3,25087.8,25092.3,106
1784047980,25093.3,25094.3,25089.8,25091.8,66
1784048040,25092.3,25096.3,25091.3,25095.8,82
1784048100,25096.3,25102.3,25096.3,25101.3,98
1784048160,25100.8,25103.3,25099.8,25100.3,46
1784048220,25100.8,25100.8,25097.3,25100.3,62
1784048280,25101.3,25105.3,25098.8,25105.3,48
1784048340,25104.8,25109.8,25104.8,25109.8,68
1784048400,25109.3,25109.8,25105.3,25109.3,68
1784048460,25109.8,25113.8,25107.3,25109.8,66
1784048520,25110.3,25112.3,25108.3,25110.8,80
1784048580,25111.8,25111.8,25105.8,25105.8,92
1784048640,25106.3,25106.8,25097.8,25099.8,98
1784048700,25100.3,25101.3,25097.8,25099.3,60
1784048760,25099.8,25102.8,25096.3,25102.3,118
1784048820,25101.8,25105.3,25100.8,25105.3,78
1784048880,25104.8,25106.3,25104.3,25105.3,72
1784048940,25105.8,25110.3,25105.8,25110.3,50
1784049000,25109.8,25113.8,25107.8,25112.8,82
1784049060,25113.3,25113.3,25108.3,25112.3,80
1784049120,25111.8,25114.3,25109.3,25112.3,76
1784049180,25112.8,25113.3,25109.3,25109.3,70
1784049240,25108.3,25109.8,25105.3,25105.3,94
1784049300,25105.8,25106.3,25096.3,25098.8,98
1784049360,25100.3,25103.3,25100.3,25101.8,74
1784049420,25100.3,25105.3,25097.8,25103.8,72
1784049480,25104.8,25107.8,25102.8,25106.3,84
1784049540,25105.3,25110.3,25104.3,25109.3,76
1784049600,25109.8,25109.8,25107.3,25108.3,62
1784049660,25107.8,25110.8,25107.8,25110.3,48
1784049720,25110.8,25112.3,25109.8,25111.8,62
1784049780,25112.3,25114.8,25109.8,25112.8,82
1784049840,25113.3,25113.3,25110.8,25112.8,48
1784049900,25113.8,25114.8,25111.8,25113.8,56
1784049960,25112.3,25116.8,25110.8,25116.8,60
1784050020,25117.3,25117.3,25110.3,25112.3,102
1784050080,25111.8,25112.8,25108.3,25110.3,52
1784050140,25110.8,25113.3,25109.8,25113.3,84
1784050200,25113.8,25117.8,25113.3,25113.8,60
1784050260,25114.8,25117.3,25113.8,25116.3,72
1784050320,25115.3,25115.3,25108.8,25108.8,82
1784050380,25109.3,25109.8,25104.8,25105.3,74
1784050440,25105.8,25107.3,25102.8,25102.8,60
1784050500,25102.3,25103.8,25098.8,25100.8,74
1784050560,25101.3,25103.3,25097.3,25097.3,72
1784050620,25097.8,25103.8,25097.3,25103.3,46
1784050680,25102.8,25103.8,25099.3,25099.3,70
1784050740,25098.8,25104.3,25098.8,25103.3,68
1784050800,25102.8,25105.3,25101.8,25103.3,78
1784050860,25102.8,25102.8,25097.3,25099.8,82
1784050920,25099.3,25099.3,25095.8,25095.8,68
1784050980,25095.3,25099.8,25095.3,25096.8,74
1784051040,25097.3,25098.3,25093.8,25097.3,78
1784051100,25097.8,25099.8,25091.8,25092.3,86
1784051160,25092.8,25093.3,25088.3,25088.3,66
1784051220,25089.3,25090.3,25085.3,25088.8,70
1784051280,25089.3,25097.8,25088.3,25097.8,84
1784051340,25096.3,25096.3,25092.8,25095.3,50
1784051400,25096.3,25098.8,25095.3,25096.3,76
1784051460,25096.8,25098.8,25096.3,25097.3,82
1784051520,25097.8,25098.8,25095.3,25095.8,78
1784051580,25095.3,25095.3,25084.8,25084.8,64
1784051640,25084.3,25085.8,25084.3,25085.8,44
1784051700,25086.8,25086.8,25079.3,25080.8,56
1784051760,25080.3,25081.3,25078.3,25080.3,72
1784051820,25079.8,25081.3,25079.3,25080.8,34
1784051880,25079.8,25081.3,25079.3,25080.3,68
1784051940,25080.8,25083.8,25079.8,25080.3,48
1784052000,25080.8,25082.8,25072.8,25072.8,66
1784052060,25070.3,25075.8,25069.3,25069.3,98
1784052120,25069.8,25077.8,25069.8,25075.8,86
1784052180,25076.3,25080.8,25073.8,25079.3,86
1784052240,25079.8,25083.3,25077.8,25080.3,78
1784052300,25080.8,25082.3,25077.3,25078.8,50
1784052360,25080.3,25080.3,25074.3,25077.3,44
1784052420,25077.8,25082.3,25077.3,25081.3,102
1784052480,25080.8,25084.8,25078.8,25078.8,64
1784052540,25079.3,25080.3,25078.8,25080.3,18
1784052600,25079.8,25080.3,25077.8,25079.8,60
1784052660,25079.3,25081.8,25077.8,25081.3,46
1784052720,25083.3,25085.3,25080.3,25082.8,72
1784052780,25082.3,25082.8,25077.8,25081.8,46
1784052840,25081.3,25085.3,25081.3,25082.8,32
1784052900,25083.3,25086.3,25079.8,25079.8,118
1784052960,25079.3,25082.3,25079.3,25080.8,44
1784053020,25080.3,25081.8,25077.3,25077.8,72
1784053080,25077.3,25079.3,25076.8,25078.8,78
1784053140,25079.3,25080.3,25078.8,25079.8,36
1784053200,25079.3,25080.8,25074.8,25075.8,50
1784053260,25077.3,25081.8,25077.3,25079.8,40
1784053320,25079.3,25081.8,25078.3,25080.8,50
1784053380,25080.3,25080.8,25078.8,25080.3,42
1784053440,25079.8,25079.8,25071.8,25073.3,78
1784053500,25074.3,25076.3,25070.3,25076.3,102
1784053560,25075.8,25078.8,25075.8,25078.3,62
1784053620,25078.8,25078.8,25076.3,25077.3,58
1784053680,25077.8,25077.8,25075.8,25076.8,56
1784053740,25077.3,25078.8,25076.8,25078.8,28
1784053800,25079.3,25079.8,25072.8,25072.8,54
1784053860,25070.8,25072.8,25070.8,25070.8,56
1784053920,25071.3,25072.8,25065.3,25072.8,80
1784053980,25071.8,25073.3,25070.8,25073.3,50
1784054040,25072.8,25074.8,25071.8,25072.8,54
1784054100,25073.3,25073.3,25070.8,25072.3,58
1784054160,25071.3,25072.8,25069.3,25071.8,66
1784054220,25071.3,25071.8,25060.8,25066.3,90
1784054280,25066.8,25068.3,25062.3,25063.3,70
1784054340,25064.3,25067.3,25059.8,25065.3,74
1784054400,25064.8,25064.8,25057.3,25059.3,86
1784054460,25060.3,25062.8,25047.8,25052.8,118
1784054520,25052.3,25058.3,25049.3,25058.3,110
1784054580,25058.8,25059.8,25049.3,25049.3,122
1784054640,25051.8,25065.3,25051.8,25063.8,108
1784054700,25063.3,25065.3,25062.3,25064.8,86
1784054760,25064.3,25068.8,25064.3,25066.3,66
1784054820,25065.8,25069.3,25065.3,25065.8,62
1784054880,25066.3,25066.3,25062.8,25063.8,32
1784054940,25064.3,25065.8,25060.3,25061.3,60
1784055000,25059.3,25061.3,25056.8,25060.3,80
1784055060,25059.8,25063.3,25059.3,25062.3,64
1784055120,25063.3,25064.3,25061.3,25062.3,52
1784055180,25063.3,25067.3,25063.3,25065.3,42
1784055240,25066.3,25066.3,25061.3,25062.3,46
1784055300,25062.8,25063.8,25060.8,25061.3,40
1784055360,25059.3,25062.3,25059.3,25061.3,50
1784055420,25060.8,25064.3,25059.3,25059.8,62
1784055480,25058.8,25064.3,25058.3,25061.3,76
1784055540,25062.3,25063.3,25059.8,25059.8,58
1784055600,25060.3,25060.3,25054.3,25059.3,42
1784055660,25058.3,25064.3,25057.3,25061.3,84
1784055720,25060.8,25061.3,25057.3,25060.3,50
1784055780,25059.8,25062.8,25056.3,25058.3,64
1784055840,25057.3,25058.3,25055.8,25056.3,48
1784055900,25056.8,25057.3,25054.3,25056.3,62
1784055960,25055.8,25062.3,25055.3,25061.3,68
1784056020,25062.3,25062.3,25057.3,25061.8,48
1784056080,25061.3,25062.8,25060.3,25062.8,42
1784056140,25062.3,25064.3,25058.8,25058.8,62
1784056200,25057.8,25060.3,25057.3,25059.3,64
1784056260,25059.8,25060.3,25051.3,25055.3,68
1784056320,25055.8,25057.8,25055.3,25057.8,74
1784056380,25057.3,25064.3,25057.3,25063.3,82
1784056440,25062.8,25063.3,25061.3,25061.3,76
1784056500,25061.8,25066.8,25061.8,25066.3,74
1784056560,25065.8,25066.8,25063.3,25063.8,68
1784056620,25063.3,25068.3,25062.3,25067.8,38
1784056680,25067.3,25069.8,25061.8,25065.8,94
1784056740,25065.3,25067.8,25064.8,25066.3,64
1784056800,25067.8,25067.8,25064.8,25067.3,70
1784056860,25066.8,25069.3,25066.3,25067.3,76
1784056920,25067.8,25070.8,25067.3,25069.3,68
1784056980,25069.8,25069.8,25068.8,25068.8,30
1784057040,25069.3,25070.3,25066.3,25067.3,44
1784057100,25066.8,25069.3,25065.3,25065.3,54
1784057160,25065.8,25065.8,25064.8,25064.8,18
1784057220,25065.8,25067.8,25064.8,25065.3,56
1784057280,25064.8,25066.3,25063.3,25064.8,46
1784057340,25065.3,25065.3,25061.8,25063.8,26
1784057400,25064.8,25064.8,25050.3,25055.3,144
1784057460,25054.8,25058.3,25053.3,25057.8,118
1784057520,25057.3,25058.3,25046.8,25052.3,124
1784057580,25053.3,25058.8,25049.3,25056.8,102
1784057640,25056.3,25056.8,25053.8,25054.3,38
1784057700,25053.8,25055.3,25045.8,25048.8,82
1784057760,25048.3,25052.8,25046.8,25052.8,72
1784057820,25053.3,25054.8,25048.8,25048.8,68
1784057880,25049.3,25051.3,25043.8,25043.8,82
1784057940,25044.3,25050.3,25043.8,25049.3,76
1784058000,25048.8,25052.3,25046.8,25047.8,102
1784058060,25048.3,25053.3,25047.3,25052.3,48
1784058120,25052.8,25054.3,25050.3,25050.8,52
1784058180,25051.3,25054.8,25049.8,25054.8,72
1784058240,25055.8,25058.3,25054.3,25054.8,72
1784058300,25055.3,25060.8,25055.3,25059.8,88
1784058360,25059.3,25060.3,25056.3,25057.3,66
1784058420,25058.3,25063.8,25057.8,25061.8,60
1784058480,25062.3,25063.3,25057.3,25057.3,64
1784058540,25056.3,25058.3,25055.3,25056.8,66
1784058600,25055.8,25056.3,25051.8,25052.3,92
1784058660,25051.3,25055.3,25051.3,25052.3,62
1784058720,25052.8,25056.3,25051.3,25051.3,62
1784058780,25051.8,25054.3,25051.3,25054.3,64
1784058840,25052.3,25056.8,25052.3,25055.3,86
1784058900,25054.8,25055.3,25047.8,25048.3,100
1784058960,25049.3,25051.8,25046.3,25050.8,54
1784059020,25049.8,25051.8,25046.3,25050.8,66
1784059080,25049.8,25055.3,25043.8,25045.8,138
1784059140,25044.8,25046.3,25037.3,25042.3,120
1784059200,25036.8,25043.5,25032.7,25039.2,152
1784059260,25038.9,25044.4,25037.3,25043.5,116
1784059320,25043.7,25044.2,25030.8,25038.7,79
1784059380,25039.4,25044.4,25038.9,25043.5,120
1784059440,25044.2,25044.4,25032.9,25033.2,58
1784059500,25032.9,25036.8,25032.7,25036.5,107
1784059560,25036.8,25043,25035.6,25043,75
1784059620,25043.2,25045.1,25042.3,25042.3,74
1784059680,25041.8,25041.8,25038.5,25040.1,82
1784059740,25040.4,25041.6,25037.7,25037.7,48
1784059800,25037.3,25038.2,25035.1,25035.8,82
1784059860,25036.5,25037,25033.5,25037,62
1784059920,25035.8,25038,25035.6,25037,52
1784059980,25037.5,25040.4,25037.5,25038.9,54
1784060040,25039.2,25040.8,25037.5,25037.7,44
1784060100,25037.3,25042.7,25036.2,25036.7,55
1784060160,25037.2,25039.1,25036.2,25036.2,56
1784060220,25036.7,25037.7,25034.3,25035.3,34
1784060280,25034.3,25036,25034.3,25035.3,38
1784060340,25035.8,25036.2,25034.1,25034.6,38
1784060400,25034.3,25034.3,25028.6,25028.6,52
1784060460,25028.8,25029.1,25027.4,25027.9,38
1784060520,25028.1,25028.8,25027.4,25027.6,50
1784060580,25026.7,25026.7,25024.8,25024.8,34
1784060640,25025.7,25028.1,25025.7,25028.1,24
1784060700,25028.6,25034.9,25028.1,25032.3,56
1784060760,25031.8,25031.8,25029,25029.9,58
1784060820,25030.4,25032.3,25028.5,25030.9,78
1784060880,25030.6,25032.1,25030.6,25031.3,44
1784060940,25031.6,25031.6,25030.2,25030.4,36
1784061000,25030.6,25031.3,25029,25031.3,38
1784061060,25031.8,25034,25031.3,25033.7,34
1784061120,25034,25034.2,25032.8,25033.3,50
1784061180,25032.8,25032.8,25030.2,25030.2,26
1784061240,25029.9,25030.4,25028.7,25028.7,26
1784061300,25029.4,25031.1,25029.2,25029.2,26
1784061360,25030.2,25032.3,25029.9,25032.1,36
1784061420,25031.6,25034.4,25031.6,25034,36
1784061480,25034.2,25035.2,25033.3,25033.3,16
1784061540,25033.5,25035.6,25032.8,25035.6,44
1784061600,25035.2,25036.1,25034,25034.7,32
1784061660,25035.2,25036.1,25033.7,25034.7,16
1784061720,25034.4,25035.4,25033.5,25034.7,32
1784061780,25034.2,25034.7,25033.7,25034.2,16
1784061840,25034,25035.6,25034,25034.7,36
1784061900,25034.2,25035.4,25033.3,25034.2,44
1784061960,25034.4,25035.6,25034.4,25034.7,18
1784062020,25034.4,25034.4,25033.3,25033.5,8
1784062080,25033,25034.4,25032.8,25032.8,12
1784062140,25032.3,25032.8,25030.2,25030.2,28
1784062200,25029.4,25029.9,25028.7,25029,30
1784062260,25029.2,25031.3,25029.2,25030.6,28
1784062320,25030.9,25032.8,25030.9,25032.3,42
1784062380,25032.8,25034,25032.1,25033.7,42
1784062440,25034.2,25037.1,25033.7,25036.6,22
1784062500,25036.1,25038,25036.1,25037.5,26
1784062560,25038,25038.5,25037.1,25037.8,22
1784062620,25037.3,25040.4,25037.3,25039.9,50
1784062680,25040.4,25041.8,25038.7,25041.8,38
1784066520,25042.8,25043.5,25041.1,25043.1,28
1784066580,25042.6,25043.5,25039.7,25040.2,26
1784066640,25041.6,25042.3,25041.4,25042.1,36
1784066700,25041.6,25042.6,25039.7,25039.7,52
1784066760,25039.5,25040,25036.6,25037.8,14
1784066820,25037.6,25038.5,25035.7,25036.6,32
1784066880,25036.9,25038.1,25036.9,25037.3,40
1784066940,25036.9,25038.8,25034.2,25037.6,40
1784067000,25036.1,25036.1,25029.2,25031.1,34
1784067060,25031.4,25031.4,25020.1,25028.3,103
1784067120,25028.5,25029.5,25018.7,25024.5,67
1784067180,25023.5,25028.5,25018.9,25028,60
1784067240,25028.5,25028.5,25019.4,25026.9,37
1784067300,25027.6,25030,25023.5,25023.7,33
1784067360,25024,25036.6,25024,25035.7,55
1784067420,25035,25036.6,25032.8,25033,44
1784067480,25033.3,25037.3,25032.3,25037.1,34
1784067540,25036.4,25039.7,25036.4,25039.2,42
1784067600,25039.5,25041.9,25038.8,25041.6,64
1784067660,25041.9,25043.3,25039.2,25040.7,54
1784067720,25040.4,25043.1,25040.4,25042.1,36
1784067780,25042.3,25043.8,25041.4,25043.3,36
1784067840,25043.1,25051.9,25043.1,25051.9,66
1784067900,25052.6,25052.8,25050.2,25050.5,52
1784067960,25050.2,25050.5,25048.5,25048.8,34
1784068020,25049,25049.3,25048.3,25049,22
1784068080,25049.5,25050.2,25048.8,25049.5,34
1784068140,25050,25050.7,25049.5,25050,24
1784068200,25050.7,25054.3,25050.7,25053.5,44
1784068260,25052.6,25052.8,25050.7,25052.4,48
1784068320,25052.8,25055.2,25052.4,25054.7,38
1784068380,25054.5,25054.7,25047.6,25048.3,42
1784068440,25048,25049.7,25048,25049.7,30
1784068500,25049.5,25050.7,25049.2,25049.7,34
1784068560,25049.5,25050.4,25049.2,25049.2,26
1784068620,25048.8,25049.5,25048.3,25048.3,16
1784068680,25048,25048.3,25047.8,25048.3,8
1784068740,25048.8,25049.9,25048.3,25049.2,26
1784068800,25048.8,25049.2,25048.3,25048.3,16
1784068860,25047.8,25049.2,25047.8,25048.3,24
1784068920,25049,25049,25048.8,25049,6
1784068980,25048.8,25050.2,25048.8,25049.7,40
1784069040,25049.9,25050.7,25049.5,25049.5,18
1784069100,25049.2,25049.2,25048,25048,12
1784069160,25047.8,25047.8,25045.9,25046.1,20
1784069220,25043,25044.5,25042.3,25043.3,36
1784069280,25043.5,25045.2,25043.3,25044.2,30
1784069340,25045.2,25045.2,25044.7,25044.7,18
1784069400,25044.9,25045.7,25044.7,25045.7,30
1784069460,25045.2,25046.1,25043.3,25043.5,28
1784069520,25043.3,25043.8,25042.3,25042.3,32
1784069580,25042.1,25044,25042.1,25044,40
1784069640,25043.8,25044.5,25042.8,25043.8,28
1784069700,25043.5,25044.2,25043.5,25044,10
1784069760,25044.2,25044.2,25041.8,25042.1,22
1784069820,25042.3,25042.3,25039.7,25039.9,36
1784069880,25039.2,25039.2,25038,25038.5,18
1784069940,25039,25039.5,25038.5,25038.5,14
1784070000,25038.8,25040.9,25038.3,25038.3,32
1784070060,25038,25039.9,25037.3,25039.5,48
1784070120,25039.9,25041.8,25039.5,25041.4,28
1784070180,25041.1,25045.2,25041.1,25045.2,34
1784070240,25045.7,25045.7,25042.8,25045.2,58
1784070300,25044.7,25046.6,25043.3,25046.1,24
1784070360,25045.9,25046.1,25044.7,25045.4,22
1784070420,25045.7,25047.8,25045.4,25046.9,22
1784070480,25047.1,25048.5,25047.1,25047.6,38
1784070540,25048,25048,25047.8,25048,6
1784070600,25048.5,25048.5,25047.8,25048,16
1784070660,25048.3,25049.7,25048.3,25048.8,20
1784070720,25050.4,25050.7,25049.7,25050.7,12
1784070780,25051.1,25052.6,25051.1,25052.3,16
1784070840,25053,25053.8,25053,25053.8,16
1784070900,25053,25055,25053,25055,16
1784070960,25054.7,25055,25054.5,25054.5,10
1784071020,25054,25054.5,25052.8,25053,16
1784071080,25052.3,25053.3,25052.1,25053.3,10
1784071140,25053.8,25054.5,25049.1,25049.1,22
1784071200,25049.5,25050,25049.1,25049.5,10
1784071260,25049.8,25050.7,25049.3,25049.5,26
1784071320,25050,25050.3,25050,25050.3,4
1784071380,25050.5,25050.5,25050.3,25050.5,6
1784071440,25050.3,25052.2,25050,25051,28
1784071500,25051.2,25060.3,25051.2,25058.1,109
1784071560,25057.6,25065.4,25056.5,25063.9,92
1784071620,25063.7,25071.3,25062.7,25070.6,70
1784071680,25070.8,25071.3,25068.9,25069.4,74
1784071740,25069.9,25074.9,25069.9,25072.3,58
1784071800,25072.5,25085.3,25072,25085.3,75
1784071860,25085.5,25088.6,25085.3,25087.2,84
1784071920,25087.4,25087.4,25083.8,25083.8,78
1784071980,25084.5,25087.4,25084.5,25086.2,60
1784072040,25086.5,25086.9,25084.1,25084.5,50
1784072100,25084.3,25087.2,25084.3,25086.2,64
1784072160,25086,25086,25084.1,25084.1,30
1784072220,25084.3,25086.2,25083.4,25084.8,38
1784072280,25084.1,25085,25083.8,25084.5,42
1784072340,25084.3,25086.2,25084.3,25084.5,38
1784072400,25084.8,25086.7,25084.5,25086.2,38
1784072460,25086,25086.5,25085.3,25086,42
1784072520,25086.2,25090.5,25085.3,25087.6,60
1784072580,25087.4,25088.6,25086,25086.9,34
1784072640,25087.4,25089.3,25087.4,25088.4,38
1784072700,25087.9,25089.6,25085,25086,104
1784072760,25086.2,25088.4,25085,25085.3,54
1784072820,25085.5,25087.9,25085,25087.4,40
1784072880,25086.9,25087.9,25086,25087.4,34
1784072940,25087.9,25089.8,25086.9,25087.9,38
1784073000,25087.4,25089.8,25087.4,25089.3,48
1784073060,25089.1,25089.6,25087.9,25088.4,22
1784073120,25088.8,25090.3,25088.4,25089.8,36
1784073180,25089.3,25092.2,25089.3,25090.3,44
1784073240,25090.7,25091.7,25089.1,25090.5,68
1784073300,25090.7,25092.2,25088.8,25090.3,86
1784073360,25090,25091.2,25089.6,25090.7,50
1784073420,25091.2,25092.9,25090.5,25092.2,86
1784073480,25091.9,25092.2,25088.8,25090.3,74
1784073540,25090,25091,25087.6,25091,68
1784073600,25090.7,25093.6,25084.7,25085.7,130
1784073660,25084.7,25087.6,25083.8,25084.7,104
1784073720,25084.5,25091.7,25083.8,25088.6,114
1784073780,25089.3,25090.7,25087.9,25088.8,94
1784073840,25089.8,25090.3,25087.6,25088.4,68
1784073900,25087.9,25088.6,25078.2,25078.9,86
1784073960,25079.2,25080.6,25077.2,25079.2,106
1784074020,25079.4,25080.1,25076.8,25079.6,80
1784074080,25079.9,25082.3,25079.6,25081.8,86
1784074140,25081.5,25081.5,25079.2,25081.1,62
1784074200,25080.3,25092.9,25077.2,25091.2,116
1784074260,25091,25091.2,25086.9,25090.7,106
1784074320,25090.3,25100.6,25090.3,25097.2,76
1784074380,25097.7,25098.2,25095.1,25096,66
1784074440,25095.3,25096.3,25093.4,25094.4,56
1784074560,25079.9,25080.9,25074.4,25080.4,36
1784074620,25078.9,25082.4,25077.4,25081.4,36
1784074680,25080.4,25082.4,25078.4,25082.4,44
1784074740,25082.9,25082.9,25076.9,25076.9,22
1784074800,25078.4,25085.4,25076.4,25084.4,62
1784074860,25081.4,25081.4,25079.4,25081.4,42
1784074920,25081.9,25081.9,25078.4,25078.4,24
1784074980,25079.4,25083.4,25079.4,25083.4,6
1784075040,25084.4,25085.9,25081.4,25081.4,18
1784075100,25079.4,25080.9,25077.9,25077.9,18
1784075160,25078.4,25078.4,25072.9,25073.9,24
1784075220,25074.4,25078.4,25074.4,25075.4,38
1784075280,25074.9,25080.4,25074.9,25080.4,24
1784075340,25079.9,25080.4,25078.4,25078.4,18
1784075400,25078.9,25080.9,25077.4,25080.4,26
1784075460,25081.4,25081.4,25079.9,25080.4,8
1784075520,25080.9,25080.9,25074.4,25076.4,16
1784075580,25075.4,25076.4,25073.4,25075.4,32
1784075640,25074.9,25076.4,25072.9,25073.4,36
1784075700,25071.9,25072.4,25068.4,25068.9,20
1784075760,25067.9,25067.9,25061.4,25063.4,18
1784075820,25060.9,25060.9,25054.4,25054.9,14
1784075880,25055.9,25058.4,25055.9,25058.4,22
1784075940,25057.9,25057.9,25050.4,25050.9,28
1784076000,25052.9,25057.9,25051.9,25057.9,30
1784076060,25057.4,25057.9,25053.9,25053.9,20
1784076120,25054.4,25054.4,25053.9,25053.9,8
1784076180,25049.4,25049.4,25044.4,25044.9,10
1784076240,25044.4,25045.9,25043.9,25043.9,8
1784076300,25044.9,25052.9,25044.4,25052.9,26
1784076360,25050.9,25056.4,25050.9,25054.4,64
1784076420,25053.4,25055.9,25050.9,25054.9,46
1784076480,25055.4,25055.9,25051.4,25053.4,42
1784076540,25051.9,25053.9,25051.4,25052.4,20
1784076600,25052.9,25053.9,25051.4,25053.9,14
1784076660,25052.9,25057.9,25052.9,25055.9,28
1784076720,25056.9,25070.9,25056.9,25070.9,48
1784076780,25069.9,25070.9,25068.4,25069.9,30
1784076840,25070.9,25070.9,25067.4,25067.9,22
1784076900,25069.4,25073.9,25069.4,25072.4,24
1784076960,25072.9,25078.9,25072.9,25077.9,36
1784077020,25078.4,25079.9,25077.4,25079.9,16
1784077080,25079.4,25082.9,25078.9,25080.9,22
1784077140,25080.4,25082.9,25079.4,25081.4,50
1784077200,25082.4,25085.4,25061.4,25062.4,58
1784077260,25061.4,25061.4,25055.4,25055.4,40
1784077320,25054.4,25055.9,25049.4,25050.4,32
1784077380,25051.4,25051.4,25047.9,25047.9,20
1784077440,25051.9,25054.4,25048.4,25053.4,64
1784077500,25055.9,25058.4,25050.4,25056.4,92
1784077560,25056.9,25059.9,25052.4,25059.4,42
1784077620,25060.4,25061.4,25048.9,25049.4,40
1784077680,25050.9,25051.9,25046.9,25051.4,48
1784077740,25052.9,25053.9,25051.4,25051.4,76
1784077800,25051.9,25056.9,25051.9,25053.4,34
1784077860,25052.4,25053.9,25049.9,25052.4,30
1784077920,25052.9,25059.4,25051.9,25059.4,56
1784077980,25058.4,25060.4,25055.4,25057.4,38
1784078040,25057.9,25059.4,25054.9,25058.9,32
1784078100,25057.9,25069.9,25057.9,25069.9,58
1784078160,25070.4,25071.9,25066.4,25068.4,74
1784078220,25067.9,25067.9,25061.9,25063.4,52
1784078280,25063.9,25063.9,25055.9,25057.9,26
1784078340,25058.9,25064.4,25058.4,25063.4,28
1784078400,25062.9,25063.9,25057.4,25057.9,44
1784078460,25057.4,25061.4,25056.9,25058.9,76
1784078520,25059.4,25066.9,25059.4,25062.9,88
1784078580,25064.9,25066.9,25063.4,25065.4,38
1784078640,25065.9,25066.4,25063.9,25063.9,18
1784078700,25062.9,25062.9,25058.4,25060.4,34
1784078760,25060.9,25066.4,25060.9,25065.9,24
1784078820,25064.9,25065.9,25064.4,25065.9,12
1784078880,25066.4,25068.4,25065.9,25067.4,34
1784078940,25068.4,25068.4,25059.9,25064.9,66
1784079000,25065.4,25066.4,25063.4,25063.4,52
1784079060,25060.9,25060.9,25058.4,25060.4,30
1784079120,25059.4,25059.4,25052.4,25055.9,20
1784079180,25053.9,25057.4,25051.9,25052.9,34
1784079240,25049.4,25053.4,25049.4,25050.9,70
1784079300,25051.4,25053.4,25048.9,25053.4,56
1784079360,25053.9,25058.4,25051.4,25055.9,90
1784079420,25055.4,25057.4,25053.4,25055.9,48
1784079480,25054.9,25057.9,25054.9,25056.9,26
1784079540,25057.4,25058.9,25054.9,25058.9,46
1784079600,25058.4,25058.4,25047.9,25048.9,54
1784079660,25049.4,25049.9,25046.9,25049.9,24
1784079720,25050.9,25051.9,25046.9,25046.9,20
1784079840,25045.4,25045.4,25036.9,25037.4,24
1784079900,25038.4,25042.9,25038.4,25042.9,56
1784079960,25042.4,25049.4,25041.4,25046.9,72
1784080020,25045.9,25048.9,25044.4,25044.9,46
1784080080,25045.4,25045.4,25040.9,25041.9,48
1784080140,25043.4,25050.4,25043.4,25047.9,34
1784080200,25048.4,25048.9,25045.9,25047.9,34
1784080260,25047.4,25049.9,25047.4,25048.4,42
1784080320,25048.9,25050.4,25045.9,25047.4,42
1784080380,25046.9,25057.4,25045.9,25055.9,62
1784080440,25055.4,25057.9,25049.9,25057.9,56
1784080500,25059.4,25060.4,25058.9,25059.9,20
1784080560,25059.4,25061.9,25059.4,25061.9,12
1784080620,25061.4,25061.9,25060.9,25061.9,6
1784080680,25060.9,25065.9,25060.9,25064.9,18
1784080740,25065.9,25068.4,25062.9,25068.4,40
1784080800,25067.4,25072.4,25066.4,25070.9,58
1784080860,25071.4,25071.9,25069.4,25069.9,30
1784080920,25070.9,25071.9,25069.9,25071.4,26
1784080980,25070.9,25070.9,25069.4,25069.4,12
1784081040,25070.4,25072.4,25069.4,25072.4,20
1784081100,25071.9,25072.9,25071.4,25071.9,20
1784081160,25071.4,25071.4,25071.4,25071.4,2
1784081280,25072.4,25072.4,25071.4,25071.4,4
1784081340,25072.4,25072.4,25070.9,25070.9,6
1784081400,25071.9,25071.9,25070.9,25070.9,6
1784081460,25069.9,25070.9,25067.9,25067.9,8
1784081520,25068.9,25077.9,25068.9,25076.4,22
1784081580,25075.9,25075.9,25067.9,25068.9,26
1784081640,25067.9,25069.4,25067.9,25069.4,8
1784081700,25068.9,25069.4,25068.4,25068.9,8
1784081760,25067.9,25068.9,25066.9,25068.4,10
1784081820,25067.4,25071.4,25067.4,25070.4,18
1784081880,25070.9,25071.4,25068.9,25071.4,16
1784081940,25072.9,25072.9,25069.4,25071.9,24
1784082000,25070.4,25072.4,25068.4,25069.9,46
1784082060,25070.9,25071.4,25069.9,25071.4,12
1784082120,25070.4,25076.4,25070.4,25076.4,32
1784082180,25077.4,25077.4,25076.9,25076.9,4
1784082240,25071.4,25072.4,25069.9,25071.9,14
1784082300,25072.9,25072.9,25071.4,25071.9,10
1784082360,25073.4,25073.4,25071.4,25071.4,10
1784082420,25070.4,25075.4,25069.9,25075.4,16
1784082480,25074.9,25075.4,25073.4,25073.9,32
1784082540,25073.4,25075.4,25071.4,25075.4,24
1784082600,25076.9,25080.4,25076.4,25078.9,26
1784082660,25079.4,25080.9,25079.4,25080.9,12
1784082720,25081.9,25086.4,25081.4,25085.9,18
1784082780,25085.4,25085.4,25083.4,25083.4,8
1784082840,25084.4,25084.4,25081.4,25082.4,18
1784082900,25084.4,25087.4,25081.9,25086.4,50
1784082960,25087.9,25087.9,25083.4,25085.4,28
1784083020,25083.9,25084.9,25083.4,25084.9,16
1784083080,25085.4,25085.4,25081.9,25082.9,20
1784083140,25083.4,25083.4,25081.4,25081.9,32
1784083200,25082.4,25085.4,25082.4,25085.4,10
1784083260,25083.9,25084.9,25083.9,25084.4,10
1784083320,25084.9,25086.4,25084.9,25086.4,12
1784083380,25090.4,25090.4,25090.4,25090.4,2
1784083440,25088.9,25090.4,25086.9,25086.9,14
1784083500,25086.4,25089.4,25086.4,25089.4,20
1784083560,25089.9,25089.9,25088.9,25088.9,4
1784083620,25089.9,25089.9,25085.4,25085.4,32
1784083680,25085.9,25086.4,25085.9,25085.9,6
1784083740,25086.4,25087.9,25085.4,25085.9,16
1784083800,25085.4,25086.4,25080.9,25084.9,40
1784083860,25083.9,25084.9,25077.4,25078.9,26
1784083920,25077.4,25079.4,25076.9,25078.4,36
1784083980,25077.4,25079.4,25077.4,25078.9,10
1784084040,25079.4,25079.9,25079.4,25079.9,4
1784084100,25078.9,25080.9,25078.9,25080.4,12
1784084160,25080.9,25080.9,25078.9,25080.4,14
1784084220,25079.9,25079.9,25078.4,25078.4,32
1784084280,25077.4,25077.9,25073.4,25073.9,24
1784084340,25075.4,25075.4,25071.9,25073.4,20
1784084400,25074.4,25074.4,25071.4,25071.4,8
1784084460,25071.9,25075.9,25071.9,25074.4,60
1784084520,25073.4,25075.4,25073.4,25075.4,4
1784084580,25077.4,25077.9,25076.4,25077.4,24
1784084640,25076.9,25077.9,25076.9,25077.9,32
1784084700,25078.4,25078.4,25076.4,25077.4,20
1784084760,25076.9,25079.4,25076.9,25078.4,32
1784084820,25078.9,25080.4,25077.9,25077.9,14
1784084880,25075.9,25076.9,25074.9,25076.4,22
1784084940,25077.9,25079.9,25076.4,25079.9,24
1784085000,25078.4,25079.4,25075.4,25076.4,24
1784085060,25075.9,25077.4,25074.4,25074.4,20
1784085120,25075.4,25075.4,25074.4,25075.4,8
1784085180,25074.4,25075.4,25074.4,25074.4,10
1784085240,25072.9,25074.4,25071.9,25073.9,16
1784085360,25074.4,25076.4,25073.4,25076.4,14
1784085420,25075.9,25079.9,25073.9,25073.9,48
1784085480,25074.4,25075.4,25073.4,25073.9,18
1784085540,25073.4,25073.9,25070.4,25073.9,18
1784085600,25074.9,25074.9,25072.4,25073.9,16
1784085660,25074.4,25074.9,25071.9,25071.9,22
1784085720,25072.4,25072.4,25069.4,25070.4,20
1784085780,25070.9,25073.4,25070.9,25071.9,24
1784085840,25071.4,25073.9,25071.4,25073.9,24
1784085900,25074.9,25077.4,25071.9,25071.9,34
1784085960,25072.9,25072.9,25071.9,25072.9,6
1784086020,25073.9,25075.4,25073.9,25075.4,6
1784086080,25075.9,25076.4,25075.4,25076.4,8
1784086140,25076.9,25077.9,25076.4,25077.4,14
1784086200,25076.4,25079.9,25076.4,25079.4,14
1784086260,25078.9,25079.9,25077.9,25077.9,22
1784086320,25079.4,25079.9,25078.4,25078.9,18
1784086440,25079.9,25079.9,25079.9,25079.9,2
1784086500,25079.4,25080.4,25079.4,25080.4,16
1784086560,25079.4,25080.4,25079.4,25080.4,12
1784086620,25081.4,25083.9,25081.4,25082.9,14
1784086680,25082.4,25085.9,25081.9,25085.9,22
1784086740,25085.4,25086.4,25083.4,25083.4,18
1784086800,25082.4,25084.9,25082.4,25083.9,36
1784086860,25082.9,25084.4,25082.9,25083.4,10
1784086920,25084.4,25084.4,25077.4,25077.4,36
1784086980,25076.4,25077.9,25075.4,25076.9,36
1784087040,25076.4,25077.4,25073.4,25073.4,22
1784087100,25072.9,25077.9,25072.9,25074.9,38
1784087160,25075.4,25076.4,25073.9,25075.9,38
1784087220,25076.4,25076.9,25074.4,25076.9,30
1784087280,25075.9,25084.4,25075.9,25084.4,58
1784087340,25083.4,25085.9,25082.9,25085.4,28
1784087400,25086.9,25093.9,25086.9,25093.4,30
1784087460,25092.9,25095.4,25092.9,25094.4,42
1784087520,25094.9,25095.4,25094.4,25094.9,10
1784087580,25095.4,25096.9,25093.9,25093.9,34
1784087640,25093.4,25095.4,25093.4,25094.9,28
1784087700,25094.4,25094.4,25090.9,25092.4,12
1784087760,25091.9,25092.9,25091.9,25092.9,4
1784087820,25093.4,25094.4,25091.4,25091.4,14
1784087880,25091.9,25092.4,25090.9,25091.9,12
1784087940,25090.9,25092.4,25090.4,25091.4,26
1784088000,25091.9,25094.4,25091.9,25094.4,14
1784088060,25093.9,25093.9,25093.9,25093.9,2
1784088120,25093.4,25093.4,25090.9,25090.9,10
1784088180,25090.4,25091.4,25089.4,25090.4,22
1784088240,25090.9,25090.9,25090.4,25090.4,4
1784088360,25089.9,25089.9,25086.9,25086.9,12
1784088420,25086.4,25086.4,25086.4,25086.4,2
1784088480,25084.4,25086.4,25084.4,25085.4,20
1784088540,25084.9,25085.9,25084.4,25085.9,16
1784088600,25086.9,25088.4,25085.9,25086.9,22
1784088660,25087.9,25087.9,25087.9,25087.9,2
1784088720,25088.9,25090.4,25088.9,25090.4,6
1784088840,25088.9,25089.4,25087.9,25088.4,14
1784088900,25087.4,25087.4,25084.9,25085.9,14
1784088960,25086.9,25088.9,25085.4,25087.4,26
1784089020,25086.9,25087.4,25086.9,25087.4,12
1784089080,25087.9,25087.9,25087.9,25087.9,2
1784089140,25087.4,25087.9,25087.4,25087.9,4
1784089200,25088.4,25088.4,25088.4,25088.4,2
1784089260,25087.9,25087.9,25086.9,25087.9,10
1784089320,25087.4,25088.9,25086.4,25088.9,12
1784089380,25089.4,25090.9,25088.4,25090.4,12
1784089560,25092.4,25092.4,25088.4,25089.4,14
1784089620,25088.4,25088.4,25085.4,25085.9,22
1784089680,25085.4,25086.9,25083.9,25084.4,30
1784089740,25084.9,25092.4,25082.9,25087.9,26
1784089800,25086.4,25089.4,25085.4,25088.9,26
1784089860,25089.4,25092.9,25086.9,25086.9,34
1784089920,25086.4,25086.9,25085.4,25086.9,16
1784090040,25088.4,25088.4,25084.9,25085.4,14
1784090100,25085.9,25089.4,25084.4,25088.4,28
1784090160,25087.9,25089.9,25087.9,25089.9,6
1784090220,25089.4,25090.4,25089.4,25089.9,16
1784090280,25090.4,25090.4,25090.4,25090.4,2
1784090340,25091.4,25092.4,25091.4,25091.9,6
1784090400,25092.4,25092.4,25091.9,25091.9,8
1784090460,25091.4,25091.9,25091.4,25091.9,12
1784090520,25090.9,25091.4,25090.4,25091.4,6
1784090580,25090.9,25090.9,25089.9,25090.9,8
1784090640,25090.4,25091.4,25090.4,25090.4,6
1784090700,25091.4,25092.4,25090.4,25092.4,20
1784090760,25092.9,25092.9,25092.4,25092.4,4
1784090820,25092.9,25100.9,25092.9,25099.9,22
1784090880,25099.4,25102.4,25099.4,25100.9,14
1784090940,25100.4,25100.9,25099.4,25099.9,18
1784091000,25097.9,25098.9,25096.4,25096.9,12
1784091060,25096.4,25096.9,25094.9,25096.9,30
1784091120,25095.4,25097.4,25095.4,25095.4,24
1784091180,25095.9,25097.4,25095.9,25096.4,10
1784091240,25095.9,25095.9,25094.9,25095.4,12
1784091300,25094.9,25096.9,25094.9,25096.4,28
1784091360,25096.9,25096.9,25093.9,25095.4,18
1784091420,25094.9,25095.4,25093.9,25094.9,18
1784091480,25095.9,25098.4,25095.4,25098.4,14
1784091540,25099.4,25100.4,25098.4,25099.9,16
1784091600,25108.4,25139.9,25108.4,25128.9,124
1784091660,25128.4,25128.4,25097.4,25102.4,106
1784091720,25086.4,25088.9,25060.9,25088.9,112
1784091780,25090.4,25093.9,25082.4,25088.4,80
1784091840,25091.9,25094.4,25086.9,25091.4,46
1784091900,25092.4,25092.9,25084.9,25090.9,60
1784091960,25086.4,25091.4,25077.4,25080.9,62
1784092020,25081.4,25091.9,25081.4,25090.9,70
1784092080,25090.4,25097.9,25089.9,25095.4,56
1784092140,25094.9,25095.4,25085.4,25091.4,30
1784092200,25092.4,25092.4,25082.4,25082.4,36
1784092260,25079.4,25079.4,25074.4,25075.9,22
1784092320,25075.4,25079.4,25074.9,25076.9,28
1784092380,25077.4,25078.4,25071.9,25072.4,56
1784092440,25072.9,25078.9,25071.9,25073.9,46
1784092500,25074.4,25085.9,25072.9,25085.9,62
1784092560,25083.9,25085.4,25081.4,25082.9,42
1784092620,25082.4,25088.4,25082.4,25087.4,18
1784092680,25084.4,25091.4,25082.4,25084.9,48
1784092740,25085.4,25089.4,25084.9,25086.9,30
1784092800,25085.4,25087.4,25080.9,25082.9,26
1784092860,25082.4,25082.4,25072.9,25072.9,50
1784092920,25072.4,25072.4,25069.9,25070.9,8
1784092980,25072.4,25073.4,25066.4,25066.4,48
1784093040,25066.9,25067.4,25062.9,25062.9,22
1784093100,25061.9,25061.9,25055.9,25057.9,40
1784093160,25059.4,25061.9,25056.4,25056.4,34
1784093220,25056.9,25059.4,25056.9,25057.9,34
1784093280,25057.4,25061.9,25057.4,25061.4,34
1784093340,25060.4,25062.4,25060.4,25061.4,18
1784093400,25061.9,25064.9,25050.9,25051.4,64
1784093460,25051.9,25052.9,25038.9,25039.4,54
1784093520,25040.4,25064.9,25040.4,25060.4,66
1784093580,25059.9,25060.4,25053.4,25054.9,38
1784093640,25055.4,25058.4,25052.9,25056.9,26
1784093700,25059.4,25059.9,25053.4,25056.4,36
1784093760,25057.4,25057.4,25052.9,25054.9,20
1784093820,25053.9,25061.9,25053.4,25058.4,42
1784093880,25057.9,25063.4,25056.4,25063.4,26
1784093940,25066.4,25078.9,25064.9,25078.9,62
1784094000,25078.4,25079.9,25067.4,25068.9,42
1784094060,25068.4,25074.4,25065.9,25065.9,42
1784094120,25064.4,25074.4,25062.4,25067.4,54
1784094180,25068.4,25068.4,25036.4,25039.9,60
1784094240,25040.4,25042.4,25039.4,25039.4,30
1784094300,25036.9,25044.4,25035.4,25043.4,44
1784094360,25044.4,25047.9,25041.4,25047.4,32
1784094420,25056.4,25062.4,25052.9,25062.4,42
1784094480,25062.9,25071.4,25060.9,25069.4,38
1784094540,25069.9,25069.9,25065.4,25065.9,26
1784094600,25067.9,25067.9,25059.4,25059.4,34
1784094660,25057.9,25057.9,25052.4,25052.9,24
1784094720,25051.9,25056.4,25050.9,25055.9,24
1784094780,25056.9,25057.9,25053.4,25053.4,18
1784094840,25054.4,25059.9,25054.4,25056.9,34
1784094900,25056.4,25056.9,25052.4,25056.9,18
1784094960,25059.9,25067.4,25059.4,25065.4,24
1784095020,25065.9,25068.9,25061.9,25067.4,38
1784095080,25071.4,25080.4,25067.9,25077.9,62
1784095140,25074.4,25080.9,25066.9,25066.9,44
1784095200,25068.9,25073.9,25059.4,25061.4,70
1784095260,25062.1,25071.6,25056.1,25066.6,86
1784095320,25065.6,25069.1,25061.6,25064.6,72
1784095380,25064.1,25072.1,25063.6,25067.6,34
1784095440,25068.1,25071.6,25063.1,25071.6,38
1784095500,25072.1,25073.6,25058.6,25058.6,58
1784095560,25059.1,25059.6,25048.1,25051.1,96
1784095620,25050.6,25052.1,25046.6,25052.1,66
1784095680,25051.6,25055.1,25049.1,25050.1,68
1784095740,25050.6,25056.1,25045.6,25050.6,86
1784095800,25052.1,25052.6,25042.6,25046.6,96
1784095860,25047.1,25047.1,25038.6,25042.6,78
1784095920,25042.1,25045.6,25040.6,25045.6,68
1784095980,25046.1,25054.1,25042.6,25051.1,68
1784096040,25050.1,25051.1,25039.6,25044.1,82
1784096100,25042.6,25045.1,25041.1,25044.1,60
1784096160,25045.1,25046.1,25036.1,25036.1,78
1784096220,25035.6,25039.6,25032.1,25034.1,40
1784096280,25033.6,25036.6,25029.1,25033.6,58
1784096340,25032.1,25046.6,25029.1,25046.6,64
1784096400,25046.1,25051.6,25043.1,25051.1,58
1784096460,25050.6,25050.6,25042.1,25048.1,48
1784096520,25048.6,25051.6,25044.1,25044.6,60
1784096580,25040.6,25053.1,25040.6,25052.1,54
1784096640,25053.6,25055.1,25051.6,25053.1,68
1784096700,25051.6,25057.1,25051.6,25052.6,95
1784096760,25052.1,25055.6,25048.1,25050.1,56
1784096820,25051.1,25059.6,25050.6,25058.1,58
1784096880,25056.6,25063.6,25056.1,25056.6,45
1784096940,25055.1,25055.6,25049.1,25052.1,68
1784097000,25051.6,25051.6,25041.6,25045.1,118
1784097060,25044.6,25044.6,25036.1,25041.6,106
1784097120,25041.1,25042.6,25030.6,25033.1,73
1784097180,25034.1,25037.1,25032.1,25035.1,78
1784097240,25034.1,25035.6,25027.6,25031.6,56
1784097300,25031.1,25033.1,25030.1,25032.6,72
1784097360,25031.6,25032.1,25025.1,25026.6,94
1784097420,25028.6,25032.1,25024.1,25028.6,80
1784097480,25027.6,25028.1,25025.1,25025.6,44
1784097540,25027.1,25028.6,25024.1,25024.6,88
1784097600,25025.1,25030.6,25025.1,25028.1,58
1784097660,25027.1,25034.6,25020.6,25032.1,66
1784097720,25032.6,25040.1,25032.1,25032.1,42
1784097780,25032.6,25034.1,25030.6,25033.1,82
1784097840,25033.6,25036.6,25032.6,25036.6,76
1784097900,25036.1,25042.1,25034.1,25039.1,64
1784097960,25038.6,25043.1,25036.6,25043.1,72
1784098020,25042.6,25043.6,25040.1,25042.1,58
1784098080,25041.6,25042.6,25036.1,25037.6,52
1784098140,25039.1,25039.1,25017.1,25022.1,124
1784098200,25021.6,25026.6,25021.6,25026.6,80
1784098260,25025.1,25025.1,25018.1,25021.1,66
1784098320,25020.6,25021.1,25013.1,25015.1,73
1784098380,25016.1,25019.6,25014.6,25016.1,64
1784098440,25015.6,25017.6,25010.6,25010.6,68
1784098500,25009.1,25011.6,25004.6,25011.6,104
1784098560,25010.6,25010.6,24993.4,25000.6,96
1784098620,25003.1,25011.6,25000.6,25003.1,78
1784098680,25005.1,25011.6,25003.6,25008.6,90
1784098740,25008.1,25020.1,25005.1,25020.1,113
1784098800,25019.1,25019.4,24975.1,24981.1,236
1784098860,24981.6,24982.1,24954.1,24964.1,184
1784098920,24963.6,24972.1,24956.6,24961.1,178
1784098980,24959.1,24967.6,24935.1,24940.1,184
1784099040,24942.6,24947.6,24935.1,24937.6,194
1784099100,24937.1,24946.1,24930.1,24939.6,172
1784099160,24938.1,24947.1,24931.6,24931.6,154
1784099220,24931.1,24933.1,24923.1,24928.1,148
1784099280,24927.1,24928.1,24902.1,24911.6,154
1784099340,24912.1,24931.1,24911.6,24928.6,156
1784099400,24928.1,24943.6,24927.1,24934.1,172
1784099460,24935.1,24942.6,24929.1,24940.6,130
1784099520,24941.1,24941.1,24929.1,24932.1,170
1784099580,24933.1,24941.1,24929.1,24930.1,152
1784099640,24931.6,24945.6,24931.1,24938.6,146
1784099700,24938.1,24948.6,24932.6,24937.6,188
1784099760,24937.1,24945.1,24921.1,24926.1,154
1784099820,24926.6,24926.6,24914.6,24918.1,154
1784099880,24916.6,24924.1,24913.6,24916.1,140
1784099940,24917.1,24922.6,24909.6,24909.6,160
1784100000,24910.1,24918.6,24903.1,24903.1,144
1784100060,24903.6,24917.6,24898.6,24903.1,120
1784100120,24902.1,24909.1,24899.6,24900.1,122
1784100180,24900.6,24910.1,24899.1,24900.6,136
1784100240,24899.1,24902.1,24882.6,24884.1,118
1784100300,24885.1,24885.6,24849.6,24851.1,149
1784100360,24850.6,24858.6,24838.6,24838.6,132
1784100420,24839.1,24848.1,24832.6,24846.6,156
1784100480,24846.1,24866.1,24846.1,24862.1,136
1784100540,24862.6,24863.1,24852.1,24859.1,162
1784100600,24859.6,24860.1,24846.6,24854.1,168
1784100660,24854.6,24858.6,24850.6,24858.6,157
1784100720,24857.6,24870.1,24854.1,24870.1,152
1784100780,24868.6,24882.6,24867.1,24878.6,141
1784100840,24877.6,24879.6,24864.6,24871.1,144
1784100900,24874.1,24880.6,24872.1,24879.1,108
1784100960,24878.1,24878.1,24857.1,24862.1,130
1784101020,24864.1,24866.1,24856.1,24863.6,142
1784101080,24863.1,24874.1,24860.1,24871.6,138
1784101140,24870.6,24876.1,24863.1,24874.1,130
1784101200,24874.6,24882.1,24869.1,24876.6,139
1784101260,24876.1,24891.1,24872.1,24891.1,126
1784101320,24889.1,24893.1,24883.4,24891.1,142
1784101380,24892.1,24903.6,24892.1,24894.1,100
1784101440,24894.6,24903.1,24889.1,24901.1,142
1784101500,24901.6,24901.6,24876.1,24876.6,130
1784101560,24876.1,24886.1,24875.6,24886.1,131
1784101620,24885.1,24888.6,24877.6,24878.1,142
1784101680,24877.6,24891.1,24876.1,24891.1,118
1784101740,24892.1,24904.6,24890.1,24899.6,122
1784101800,24898,24914,24896.5,24912.5,126
1784101860,24910,24913,24898.5,24899,127
1784101920,24898.5,24915.5,24898.5,24915,134
1784101980,24916,24923,24915.5,24916,112
1784102040,24915.5,24916.5,24909.5,24913,136
1784102100,24914,24924,24913,24923.5,126
1784102160,24922,24922,24908.5,24908.5,120
1784102220,24909,24915,24908.5,24912,108
1784102280,24910,24922,24906,24913,122
1784102340,24912,24920,24911,24918.5,100
1784102400,24920,24930,24907.5,24908,134
1784102460,24908.5,24915,24908,24911,110
1784102520,24912,24917,24909,24912.5,116
1784102580,24913,24919.5,24909,24919.5,132
1784102640,24918.5,24921.5,24906,24916,144
1784102700,24915.5,24917,24909.5,24910,124
1784102760,24911,24911,24902.5,24906.5,122
1784102820,24905.5,24915.5,24903,24913,146
1784102880,24912,24919.5,24909,24916,140
1784102940,24915.5,24915.5,24908,24911.5,102
1784103000,24911,24917.5,24904,24916,124
1784103060,24915,24923.5,24914,24923.5,112
1784103120,24927,24937,24924,24937,129
1784103180,24936.5,24939.5,24931.5,24935,102
1784103240,24935.5,24952.5,24935.5,24952,126
1784103300,24952.5,24958,24949,24955,118
1784103360,24956,24966,24955,24956,138
1784103420,24957,24963,24954,24957,108
1784103480,24956,24976.5,24953,24972,154
1784103540,24973,24977.5,24967,24977,138
1784103600,24977.5,24979.5,24967,24973,154
1784103660,24971.5,24973,24954,24955,146
1784103720,24954.5,24959,24947,24950.5,128
1784103780,24949,24950,24938.5,24942,142
1784103840,24943,24955.5,24938.5,24948,136
1784103900,24949,24955.5,24947,24949,164
1784103960,24948.5,24954,24940.5,24940.5,148
1784104020,24941,24961.5,24941,24961.5,114
1784104080,24961,24979,24961,24977,130
1784104140,24978,24988,24977,24984.5,172
1784104200,24984,24995,24982,24993.5,148
1784104260,24992,24992.5,24982.5,24989,158
1784104320,24988.5,24990,24977,24988.5,132
1784104380,24989.5,24994.5,24986.5,24994.5,112
1784104440,24995,24999,24987,24991,123
1784104500,24992,24999.5,24992,24999,116
1784104560,24998,25012,24993.5,25012,134
1784104620,25010.5,25013,25009,25010.5,102
1784104680,25010,25019,25010,25014.5,108
1784104740,25014,25016,25010,25012,120
1784104800,25011.5,25016,25010.5,25013.5,116
1784104860,25014,25022,25011.5,25016,116
1784104920,25016.5,25018.5,24991.5,24993,131
1784104980,24993.5,25005.5,24993.5,25002,119
1784105040,25001,25002,24994.5,24997,102
1784105100,24997.5,25013,24997,25013,138
1784105160,25012.5,25021,25010.5,25017.5,112
1784105220,25018,25024.5,25015,25015.5,124
1784105280,25017,25017,25005,25008,90
1784105340,25009,25009,24999.5,25005,108
1784105400,25005.5,25009,25000,25000.5,102
1784105460,25000,25010,24998,25009,116
1784105520,25010,25010,25000.5,25009,112
1784105580,25009.5,25013,25003.5,25005,111
1784105640,25004.5,25005,24994.5,24994.5,100
1784105700,24994,24997,24986,24988,106
1784105760,24987.5,24998.5,24985.5,24997.5,116
1784105820,24999,25004,24997,25002.5,112
1784105880,25001,25003.5,24997,24999,122
1784105940,24998.5,25007,24997,25006,99
1784106000,25006.5,25018,25004.5,25013,135
1784106060,25012.5,25017.5,25008,25011.5,96
1784106120,25010,25012.5,24999,25000,110
1784106180,24998.5,25006.5,24997,25004,123
1784106240,25003,25015,25003,25014,78
1784106300,25015,25024,25013,25017.5,108
1784106360,25017,25022,25015.5,25016,106
1784106420,25017,25027,25017,25025,106
1784106480,25026,25026.5,25021,25024,100
1784106540,25023,25031.5,25022.5,25031.5,101
1784106600,25032,25035.5,25026,25035,94
1784106660,25035.5,25035.5,25028.5,25030,92
1784106720,25029,25031,25026,25028,102
1784106780,25029,25033.5,25027,25031.5,112
1784106840,25031,25037,25030,25034,84
1784106900,25033,25034,25027.5,25029,114
1784106960,25028,25034.5,25021.5,25021.5,110
1784107020,25021,25021,25016,25018,98
1784107080,25019,25026,25018,25018,86
1784107140,25015,25019,25013,25015,76
1784107200,25014.5,25020,25013,25014,90
1784107260,25015,25017,25010,25016.5,74
1784107320,25015,25019.5,25013,25015,110
1784107380,25015.5,25019.5,25013.5,25017.5,94
1784107440,25018,25023,25017.5,25020,93
1784107500,25019,25020.5,25014.5,25020.5,108
1784107560,25020,25024,25017.5,25020,90
1784107620,25019.5,25020,25010.5,25012,106
1784107680,25012.5,25018,25011,25016.5,88
1784107740,25017,25017.5,25010.5,25010.5,89
1784107800,25012,25012,25001.5,25002.5,94
1784107860,25000.5,25000.5,24991,24997.5,82
1784107920,24998,25000.5,24991.5,24993,104
1784107980,24994.5,24997.5,24991,24993,104
1784108040,24992,24995.5,24984.5,24987.5,92
1784108100,24987,24990.5,24984.5,24987.5,84
1784108160,24989,24990.5,24979.5,24980.5,111
1784108220,24980,24988.5,24980,24987,94
1784108280,24987.5,24993,24986.5,24987.5,88
1784108340,24986.5,24987.5,24969,24969.5,116
1784108400,24970,24974.5,24970,24973,73
1784108460,24974.5,24984.5,24968,24984.5,110
1784108520,24984,24988,24982,24987,96
1784108580,24988,25000.5,24987,24992,112
1784108640,24991,24993.5,24987.5,24989.5,122
1784108700,24990,24993,24982,24982,96
1784108760,24980,24982,24966,24968,128
1784108820,24967.5,24971,24965,24970.5,95
1784108880,24970,24970,24959.5,24962,100
1784108940,24961.5,24963,24956,24959,108
1784109000,24960,24967.5,24957,24966,94
1784109060,24966.5,24966.5,24950,24957,138
1784109120,24956,24960,24951.5,24952,90
1784109180,24951.5,24952,24945,24947,104
1784109240,24946,24949,24943.5,24947,108
1784109300,24949,24950,24945.5,24948,88
1784109360,24947,24952.5,24941.5,24944,106
1784109420,24943.5,24944,24940.5,24943,114
1784109480,24943.5,24951,24941.5,24946,98
1784109540,24946.5,24947,24938.5,24945,134
1784109600,24944,24950.5,24940.5,24950.5,100
1784109660,24952,24966,24951.5,24965,118
1784109720,24966,24973,24965,24971.5,100
1784109780,24972,24972.5,24967.5,24970.5,86
1784109840,24969,24976.5,24968.5,24976.5,84
1784109900,24976,24981.5,24971.5,24971.5,106
1784109960,24972,24974,24964.5,24967,108
1784110020,24968,24970.5,24965.5,24969,92
1784110080,24968.5,24971,24965.5,24968,84
1784110140,24969,24976,24969,24972.5,108
1784110200,24971.5,24971.5,24965.5,24968,98
1784110260,24968.5,24978,24968,24978,86
1784110320,24974,24975,24967,24970,94
1784110380,24971,24976,24969,24975,81
1784110440,24974,24978,24974,24975,64
1784110500,24976,24980,24974,24980,86
1784110560,24980.5,24980.5,24976,24980,86
1784110620,24980.5,24984,24980,24983,88
1784110680,24982,24988,24982,24983,92
1784110740,24984,24984,24979,24980,112
1784110800,24979.5,24981,24975,24980,98
1784110860,24979.5,24980.5,24975.5,24976.5,93
1784110920,24976,24982,24976,24980,96
1784110980,24979,24980,24962.5,24970,142
1784111040,24971,24975.5,24962,24962.5,134
1784111100,24963.5,24966,24958.5,24959,110
1784111160,24958.5,24966.5,24956.5,24964,120
1784111220,24963.5,24966,24955,24955,112
1784111280,24954,24954,24940.5,24948.5,152
1784111340,24949,24957,24947.5,24952,108
1784111400,24951.5,24958.5,24951.5,24956,144
1784111460,24955.5,24966,24955.5,24956,98
1784111520,24955,24960,24948,24951.5,122
1784111580,24952,24953,24944.5,24952,110
1784111640,24951,24956,24948,24950,98
1784111700,24950.5,24956.5,24950,24954.5,98
1784111760,24954,24958.5,24953,24957,92
1784111820,24958,24970,24955,24969,112
1784111880,24968.5,24972,24966,24968.5,98
1784111940,24969,24969,24960.5,24961.5,82
1784112000,24960.5,24962.5,24955.5,24959.5,108
1784112060,24961.5,24963.5,24952,24952,104
1784112120,24950.5,24951,24947.5,24949,104
1784112180,24949.5,24956,24947.5,24954.5,94
1784112240,24954,24955,24944.5,24944.5,90
1784112300,24944,24948,24937.5,24948,118
1784112360,24947,24950.5,24943,24943,92
1784112420,24943.5,24947.5,24943,24944.5,92
1784112480,24944,24950,24942,24943,84
1784112540,24942,24952,24941,24950,70
1784112600,24948,24953,24947.5,24947.5,108
1784112660,24947,24953,24942,24943,94
1784112720,24942.5,24950.5,24939,24950.5,84
1784112780,24951,24955,24948.5,24954,83
1784112840,24952,24952.5,24945,24951.5,100
1784112900,24952,24955,24950,24952,78
1784112960,24951.5,24953,24950,24951,94
1784113020,24950,24953,24941,24941,120
1784113080,24942,24949,24941,24945.5,74
1784113140,24945,24946,24935.5,24935.5,122
1784113200,24936,24938,24931,24934.5,118
1784113260,24933,24934,24931.5,24932.5,62
1784113320,24933,24935.5,24926.5,24926.5,116
1784113380,24926.5,24930.5,24925,24929.5,63
1784113440,24927.5,24940.5,24926.5,24931,130
1784113500,24931.5,24936.5,24929.5,24935,124
1784113560,24934.5,24935,24924,24925,106
1784113620,24924.5,24933,24924.5,24929,106
1784113680,24930,24936,24926.5,24935,112
1784113740,24934,24938,24932,24932,74
1784113800,24930,24930,24921.5,24922,72
1784113860,24923,24923,24912.5,24921,108
1784113920,24920.5,24931,24920,24922,100
1784113980,24921,24924.5,24919,24923.5,90
1784114040,24922,24932.5,24921.5,24932.5,118
1784114100,24934,24938,24931,24938,122
1784114160,24937,24937,24931.5,24935.5,108
1784114220,24936,24939.5,24929.5,24933,86
1784114280,24933.5,24944.5,24932,24940,112
1784114340,24939.5,24940,24935,24937,92
1784114400,24936.5,24946.5,24936.5,24945.5,102
1784114460,24946,24948.5,24941,24942,80
1784114520,24942.5,24943,24939.5,24943,106
1784114580,24942.5,24944,24938.5,24939.5,121
1784114640,24940,24943.5,24938.5,24940,96
1784114700,24940.5,24945.5,24939.5,24943.5,98
1784114760,24943,24948.5,24942,24945.5,104
1784114820,24945,24945,24935,24935,106
1784114880,24936,24936,24930,24933.5,76
1784114940,24934,24934,24927.5,24928.5,104
1784115000,24931,24931.5,24920.5,24924.5,86
1784115060,24925,24935,24923,24934,114
1784115120,24934.5,24938,24931.5,24931.5,108
1784115180,24932,24945,24931,24944,92
1784115240,24944.5,24953,24944.5,24951,82
1784115300,24950.5,24954,24950,24952,100
1784115360,24952.5,24963,24952,24963,92
1784115420,24962.5,24965,24958.5,24964.5,92
1784115480,24965,24966.5,24959.5,24959.5,72
1784115540,24960,24968,24960,24966,70
1784115600,24966.5,24968,24961,24964,102
1784115660,24965,24968.5,24964,24968,60
1784115720,24967.5,24970,24966,24969.5,74
1784115780,24969,24973.5,24967.5,24970.5,106
1784115840,24970,24971.5,24965,24968,86
1784115900,24966.5,24967,24961.5,24964,80
1784115960,24964.5,24966,24961.5,24962,76
1784116020,24961.5,24962.5,24957.5,24962,112
1784116080,24961,24963,24956,24959,90
1784116140,24959.5,24962,24957,24957,96
1784116200,24960,24966,24960,24964,102
1784116260,24963.5,24970.5,24961,24970,124
1784116320,24970.5,24980.5,24970,24977.5,84
1784116380,24977,24980,24972,24973,130
1784116440,24973.5,24981.5,24973,24980.5,90
1784116500,24980,24987,24975.5,24987,74
1784116560,24988,24992,24987,24991,82
1784116620,24990,24994.5,24990,24994.5,76
1784116680,24996,25004,24996,25003.5,78
1784116740,25004,25005,24997.5,24998.5,94
1784116800,24999,25006,24998.5,25005,100
1784116860,25004.5,25006,25000,25002,112
1784116920,25001.5,25005.5,24997.5,24999,75
1784116980,24998.5,24998.5,24985.5,24986,103
1784117040,24985,24987.5,24984.5,24985.5,74
1784117100,24985,24987,24976.5,24981,121
1784117160,24981.5,24982.5,24975.5,24982,112
1784117220,24981,24987,24980,24982.5,80
1784117280,24982,24987,24981.5,24985,86
1784117340,24985.5,24991,24984,24987.5,114
1784117400,24989,24993.5,24987,24991,94
1784117460,24990.5,24999,24990.5,24998,99
1784117520,24997.5,25005,24995.5,25003,75
1784117580,25002,25002,24992,25002,116
1784117640,25002.5,25009,25002,25005,100
1784117700,25005.5,25009.5,25004,25008.5,78
1784117760,25008,25008.5,25004.5,25005.5,90
1784117820,25006,25015,25005,25014,82
1784117880,25013,25015.5,25011,25012,88
1784117940,25011,25024.5,25010,25019,112
1784118000,25019.5,25021,25002,25002,112
1784118060,25003,25006,24994,24995,108
1784118120,24994.5,25002,24994,25000,108
1784118180,25000.5,25001,24997.5,24999.5,86
1784118240,24999,25001.5,24996.5,24997,118
1784118300,24997.5,25004,24994.5,25002.5,98
1784118360,25002,25005,24997,25001,102
1784118420,25001.5,25002.5,24999,25000,70
1784118480,24999.5,25001.5,24996,24996.5,70
1784118540,24997,24997,24991.5,24996,79
1784118600,25010,25022,25003,25007,138
1784118660,25006.5,25015,25003,25005.5,120
1784118720,25004.5,25017.5,25004,25016.5,130
1784118780,25017.5,25018.5,25011.5,25014.5,128
1784118840,25014,25015,25007,25008,124
1784118900,25009,25010.5,25003.5,25010,94
1784118960,25009.5,25020,25008,25011,116
1784119020,25011.5,25014.5,25004,25014.5,126
1784119080,25013.5,25024,25011,25019.5,114
1784119140,25020,25022.5,25016,25016.5,132
1784119200,25019,25019.5,25010,25014.5,102
1784119260,25014,25014,25009,25010,98
1784119320,25011,25023.5,25011,25023.5,120
1784119380,25025,25025,25017.5,25022,94
1784119440,25023,25025,25019.5,25024.5,108
1784119500,25022.5,25029,25020.5,25024,104
1784119560,25024.5,25026,25020,25023,98
1784119620,25024,25028,25018,25019,106
1784119680,25018,25026,25015,25026,100
1784119740,25025,25032,25022.5,25029.5,114
1784119800,25028,25029.5,25024,25028.5,110
1784119860,25027.5,25030,25025,25028,92
1784119920,25028.5,25030.5,25021,25023,110
1784119980,25024,25028.5,25015,25015.5,106
1784120040,25015,25015,25003.3,25009,122
1784120100,25008.5,25012,25007,25010.5,114
1784120160,25010,25020,25009.5,25017.5,96
1784120220,25018.5,25021,25014.5,25016.5,90
1784120280,25017,25024,25015,25017.5,138
1784120340,25018,25019,25012.3,25014.5,90
1784120400,25015,25020,25012.5,25012.5,130
1784120460,25013.5,25019,25010.5,25016.5,131
1784120520,25016,25026,25016,25024,108
1784120580,25024.5,25029,25021.5,25027.5,104
1784120640,25025.5,25037,25025,25034,118
1784120700,25034.5,25040.5,25032.5,25036.5,120
1784120760,25037,25037.5,25029,25029.5,104
1784120820,25030,25033.5,25024.5,25028,132
1784120880,25027.5,25033,25027.5,25028.5,98
1784120940,25028,25028,25020,25024,118
1784121000,25023.5,25024,25008,25009.5,128
1784121060,25010,25011,25004,25007,134
1784121120,25007.5,25009,25002,25007,112
1784121180,25006.5,25009,25004.5,25005.5,116
1784121240,25006,25009,24995.5,24996,108
1784121300,24996.5,24999,24987.5,24989.5,128
1784121360,24990,24992.5,24989.5,24992.5,94
1784121420,24993,24998,24990,24997,142
1784121480,24997.5,25000,24994.5,24999,126
1784121540,24999.5,25010.5,24995,25009.5,104
1784121600,25009,25017,25009,25017,108
1784121660,25016.5,25020.5,25014,25017,108
1784121720,25017.5,25021.5,25015,25020.5,112
1784121780,25020,25021,25019,25019,94
1784121840,25019.5,25021,25011.5,25015,118
1784121900,25016,25019,25009,25009,122
1784121960,25008.5,25016.5,25008.5,25008.5,112
1784122020,25010,25012,25004,25011,128
1784122080,25010.5,25010.5,25002,25007,130
1784122140,25007.5,25010,25003.5,25007,106
1784122200,25009,25031,25008,25023.5,191
1784122260,25025,25047,25024.5,25045.5,148
1784122320,25046,25046,25036,25036,156
1784122380,25036.5,25042,25031.3,25041,150
1784122440,25040.5,25051,25034.5,25041,178
1784122500,25038.5,25045,25031,25042,180
1784122560,25042.5,25047.5,25038,25044.5,170
1784122620,25044,25051.5,25032,25032,172
1784122680,25031,25034.5,25012.5,25015,168
1784122740,25014.5,25021.5,25010,25010.5,144
1784122800,25007,25007,24996.5,24999.5,162
1784122860,24999,25001.5,24983,24984,156
1784122920,24984.5,24997.5,24984,24992,130
1784122980,24992.5,25002,24992,25002,124
1784123040,25001.5,25002,24982,24983,142
1784123100,24982.5,24984.5,24972.5,24973.5,138
1784123160,24974,24974,24960,24971.5,150
1784123220,24972,24973.5,24966,24971,166
1784123280,24971.5,24985,24970.5,24973.5,150
1784123340,24973,24974,24964.5,24966.5,154
1784123400,24965.5,24967,24955,24961.5,134
1784123460,24962,24968,24955,24967,158
1784123520,24967.5,24986,24963.5,24984.5,144
1784123580,24983,24987,24975,24978,148
1784123640,24977.5,24991,24977.5,24989,142
1784123700,24988,25009,24985.5,25006.5,200
1784123760,25008.5,25016,24999.5,25006,184
1784123820,25006.5,25018,25004,25017.5,158
1784123880,25018.5,25034,25017,25021,222
1784123940,25022,25022,25012,25016.5,190
1784124000,25017.5,25018.5,25001.5,25009.5,168
1784124060,25009,25016.5,25007,25007.5,142
1784124120,25008.5,25025,25008.5,25025,156
1784124180,25025.5,25032,25017,25019,140
1784124240,25019.5,25023,25010.5,25010.5,120
1784124300,25011.5,25023,25011,25014,152
1784124360,25013.5,25027,25010,25026.5,170
1784124420,25025.5,25025.5,25010,25015,142
1784124480,25013,25018.5,25011,25014.5,140
1784124540,25014,25024.5,25014,25019.5,144
1784124600,25019,25022,25012,25014,150
1784124660,25015,25022,25014.5,25016.5,164
1784124720,25016,25028,25010,25027.5,154
1784124780,25027,25031,25023,25027,142
1784124840,25026.5,25029,25021.5,25027,134
1784124900,25028,25034.5,25025,25033.5,136
1784124960,25033,25044,25032.5,25042,140
1784125020,25040.5,25044,25038.5,25039.5,120
1784125080,25038,25047.5,25035,25044.5,98
1784125140,25044,25051,25042,25046,120
1784125200,25048,25048.5,25041.5,25046,136
1784125260,25046.5,25058.5,25041.5,25058.5,163
1784125320,25058,25058,25048,25052,150
1784125380,25051,25051.5,25027,25027.5,144
1784125440,25027,25027.5,25013,25021,178
1784125500,25020,25024,25010,25023,192
1784125560,25023.5,25026,25016.5,25023,168
1784125620,25024,25026,25013.5,25020.5,176
1784125680,25021,25034,25018,25032,146
1784125740,25031.5,25042,25029.5,25031,160
1784125800,25032,25038,25023.5,25028,174
1784125860,25027,25033,25026.5,25026.5,154
1784125920,25026,25037.5,25025.5,25035.5,165
1784125980,25037,25043,25031,25041.5,148
1784126040,25042.5,25049.5,25038.5,25047,166
1784126100,25047.5,25051,25033,25037,140
1784126160,25037.5,25042,25031.5,25031.5,126
1784126220,25032.5,25036.5,25029.5,25034,148
1784126280,25035,25038.5,25033,25034.5,154
1784126340,25033,25037.5,25025,25025.5,148
1784126400,25026,25035.5,25018.5,25033,158
1784126460,25028.5,25037,25027,25037,164
1784126520,25037.5,25038.5,25019,25019,172
1784126580,25019.5,25029,25017.5,25025,152
1784126640,25024,25026,25012,25012.5,136
1784126700,25013.5,25020,24997.5,24999.5,162
1784126760,25000,25007,24995.5,25003.5,142
1784126820,25004,25004.5,24993.5,24998,148
1784126880,24997,25008.5,24994,25008,156
1784126940,25007,25013.5,25002.5,25011,150
1784127000,25011.5,25014,25006.5,25006.5,150
1784127060,25007,25018,25005,25018,126
1784127120,25018.5,25029.5,25017.5,25025,158
1784127180,25025.5,25032,25025,25026,126
1784127240,25025.5,25029.5,25021.5,25029.5,140
1784127300,25032,25034,25021,25022.5,142
1784127360,25023,25035,25019.5,25034,144
1784127420,25035,25036.5,25028,25028,160
1784127480,25027,25034,25024.5,25027.5,136
1784127540,25028,25037.5,25028,25036.5,102
1784127600,25037,25038.5,25026,25035.5,166
1784127660,25035,25038,25021.5,25026,146
1784127720,25025,25029.5,25021.5,25029,152
1784127780,25029.5,25030,25015,25015.5,164
1784127840,25016,25021.5,25012,25018,146
1784127900,25018.5,25023.5,25012,25023.5,148
1784127960,25024,25029.5,25022,25028.5,148
1784128020,25028,25036.5,25024.5,25035.5,124
1784128080,25034.5,25038,25027.5,25037.5,140
1784128140,25038,25038.5,25028.5,25029,148
1784128200,25029.5,25035.5,25027.5,25027.5,132
1784128260,25027,25029,25021,25026,150
1784128320,25024,25026,25016.5,25017.5,124
1784128380,25016,25017,25009,25011.5,122
1784128440,25010,25012.5,24999.5,25002,114
1784128500,25002.5,25003,24994,25002.5,146
1784128560,25002,25009,24997,24997.5,106
1784128620,24997,25007.5,24994,25005,120
1784128680,25004.5,25007.5,25002,25007,132
1784128740,25010,25020,25009,25014.5,116
1784128800,25014,25016.5,25007.5,25007.5,142
1784128860,25008,25011.5,25006.5,25008.5,130
1784128920,25007,25007,24995,24995.5,106
1784128980,24994.5,24998,24991.5,24997.5,108
1784129040,24997,25009,24997,25008,142
1784129100,25007.5,25015,25002.5,25009.5,166
1784129160,25008.5,25011,25001,25003.5,132
1784129220,25004,25011.5,25004,25009.5,140
1784129280,25009,25012,25004,25010,126
1784129340,25011.5,25022,25007.5,25013,136
1784129400,25013.9,25022.9,25010.4,25014.9,158
1784129460,25013.9,25034.9,25013.9,25033.4,160
1784129520,25031.9,25031.9,25020.4,25023.4,144
1784129580,25022.4,25033.4,25018.4,25028.9,120
1784129640,25029.4,25040.9,25014.4,25014.9,206
1784129700,25010.4,25019.9,25004.9,25009.9,163
1784129760,25008.9,25022.9,25007.9,25020.9,152
1784129820,25021.4,25031.9,25021.4,25028.4,124
1784129880,25027.9,25029.4,25022.9,25024.9,110
1784129940,25023.9,25024.4,25016.9,25021.4,92
1784130000,25022.4,25028.9,25020.9,25021.9,112
1784130060,25021.4,25031.9,25021.4,25031.4,102
1784130120,25030.4,25030.4,25024.4,25024.4,132
1784130180,25023.4,25024.9,25019.4,25021.9,118
1784130240,25021.4,25025.4,25020.4,25020.9,92
1784130300,25018.4,25018.4,25010.9,25011.9,102
1784130360,25010.9,25023.9,25009.9,25022.9,106
1784130420,25022.4,25023.9,25015.9,25015.9,108
1784130480,25014.9,25016.9,25012.9,25014.9,108
1784130540,25013.9,25021.9,25012.9,25014.9,88
1784130600,25014.4,25016.4,25003.9,25003.9,116
1784130660,25004.4,25008.9,25001.9,25005.9,116
1784130720,25006.4,25009.9,25003.9,25008.9,102
1784130780,25007.9,25010.9,25005.9,25006.4,60
1784130840,25007.9,25012.9,25007.9,25011.9,94
1784130900,25010.9,25012.9,25007.4,25008.9,88
1784130960,25009.9,25009.9,25001.9,25003.4,86
1784131020,25003.9,25003.9,24994.9,24997.4,98
1784131080,24997.9,25004.4,24997.4,25002.4,86
1784131140,25001.9,25002.4,24995.4,24995.4,80
1784131200,24995.9,24999.9,24994.4,24995.9,112
1784131260,24995.4,24995.4,24981.9,24984.4,124
1784131320,24983.9,24987.4,24979.4,24979.4,90
1784131380,24978.9,24980.9,24969.4,24970.4,118
1784131440,24968.9,24976.4,24968.9,24971.4,142
1784131500,24970.9,24974.9,24962.4,24962.4,124
1784131560,24961.9,24965.9,24960.4,24965.4,90
1784131620,24965.9,24967.9,24963.4,24963.4,92
1784131680,24962.9,24965.9,24958.4,24963.9,132
1784131740,24964.9,24972.9,24964.9,24972.9,82
1784131800,24971.9,24972.4,24964.9,24967.9,114
1784131860,24966.9,24968.9,24961.9,24966.9,118
1784131920,24967.9,24971.9,24963.9,24971.4,94
1784131980,24970.9,24970.9,24959.9,24961.4,78
1784132040,24961.9,24961.9,24954.9,24954.9,104
1784132100,24956.4,24958.9,24951.4,24954.9,124
1784132160,24957.4,24957.4,24947.9,24949.9,92
1784132220,24950.4,24952.9,24945.9,24949.9,128
1784132280,24951.4,24951.9,24946.4,24949.9,120
1784132340,24948.9,24951.4,24946.4,24947.9,96
1784132400,24947.4,24951.9,24944.9,24945.4,86
1784132460,24946.4,24953.4,24946.4,24952.9,92
1784132520,24952.4,24953.4,24946.9,24948.9,110
1784132580,24949.9,24955.4,24947.4,24951.9,120
1784132640,24952.9,24952.9,24939.4,24941.9,110
1784132700,24941.4,24952.9,24941.4,24947.4,128
1784132760,24946.9,24949.4,24943.4,24948.9,118
1784132820,24948.4,24949.9,24941.9,24942.9,94
1784132880,24942.4,24945.4,24939.4,24943.9,90
1784132940,24944.9,24953.4,24944.9,24952.9,100
1784133000,24953.4,24957.9,24952.9,24956.4,104
1784133060,24955.9,24955.9,24945.4,24949.9,94
1784133120,24948.9,24950.9,24946.4,24948.9,130
1784133180,24949.9,24949.9,24943.9,24946.9,90
1784133240,24945.9,24947.9,24934.9,24937.9,126
1784133300,24938.4,24938.4,24930.9,24931.9,134
1784133360,24932.4,24932.4,24922.4,24925.9,102
1784133420,24924.9,24928.4,24923.9,24927.4,132
1784133480,24926.9,24929.9,24923.9,24926.4,134
1784133540,24925.9,24932.4,24924.9,24927.4,100
1784133600,24926.9,24928.9,24925.9,24925.9,82
1784133660,24926.4,24934.9,24922.4,24931.4,108
1784133720,24931.9,24933.4,24929.9,24932.4,90
1784133780,24931.9,24934.9,24929.9,24932.4,120
1784133840,24932.9,24942.4,24931.9,24941.9,132
1784133900,24942.9,24943.9,24938.9,24938.9,80
1784133960,24938.4,24981.9,24937.9,24956.9,138
1784134020,24957.4,24957.4,24949.4,24951.9,142
1784134080,24952.4,24959.9,24952.4,24956.4,94
1784134140,24957.9,24960.9,24954.9,24956.9,102
1784134200,24956.4,24964.9,24954.9,24961.9,110
1784134260,24961.4,24965.9,24957.4,24963.4,110
1784134320,24964.4,24967.4,24962.9,24965.9,106
1784134380,24964.9,24967.9,24959.9,24959.9,78
1784134440,24959.4,24959.4,24951.4,24952.4,90
1784134500,24952.9,24954.9,24947.9,24949.9,104
1784134560,24950.4,24952.9,24947.9,24950.9,82
1784134620,24950.4,24960.4,24948.9,24960.4,96
1784134680,24959.4,24962.9,24957.4,24960.4,96
1784134740,24959.9,24964.9,24959.9,24962.9,72
1784134800,24964.4,24975.9,24962.9,24974.9,92
1784134860,24975.4,24981.9,24974.4,24976.4,70
1784134920,24976.9,24977.9,24975.9,24976.4,80
1784134980,24975.9,24979.4,24975.9,24977.4,46
1784135040,24976.9,24977.4,24972.4,24972.9,64
1784135100,24972.4,24974.4,24969.9,24972.4,74
1784135160,24971.9,24978.9,24971.9,24975.9,68
1784135220,24976.4,24981.4,24974.9,24980.9,44
1784135280,24981.9,24983.9,24979.9,24982.4,82
1784135340,24982.9,24983.9,24976.9,24978.9,70
1784135400,24978.4,24978.4,24973.9,24977.9,84
1784135460,24978.4,24978.4,24974.4,24974.9,40
1784135520,24975.4,24981.4,24974.9,24981.4,52
1784135580,24979.9,24980.4,24973.9,24974.4,66
1784135640,24973.9,24977.4,24972.4,24972.9,62
1784135700,24973.4,24974.9,24971.4,24973.4,92
1784135760,24973.9,24976.9,24971.4,24976.9,78
1784135820,24975.9,24982.9,24975.4,24981.9,62
1784135880,24982.4,24984.4,24981.9,24981.9,34
1784135940,24982.9,24984.9,24981.9,24983.9,56
1784136000,24982.9,24985.4,24980.4,24980.4,60
1784136060,24979.9,24984.9,24977.9,24984.4,48
1784136120,24984.9,24985.9,24983.9,24984.9,40
1784136180,24985.4,24989.9,24984.9,24986.9,56
1784136240,24985.9,24988.9,24984.9,24986.4,90
1784136300,24986.9,24990.4,24986.4,24989.4,64
1784136360,24990.9,24990.9,24988.4,24988.4,40
1784136420,24989.4,24993.4,24988.9,24993.4,52
1784136480,24992.9,24994.4,24989.4,24989.9,108
1784136540,24990.4,24998.4,24989.9,24998.4,76
1784136600,24997.9,25002.9,24995.9,24999.9,108
1784136660,24999.4,25001.9,24996.9,25001.9,104
1784136720,25000.9,25002.4,24996.4,25000.4,78
1784136780,24999.9,25001.4,24994.9,25000.9,78
1784136840,25000.4,25001.4,24995.4,25001.4,54
1784136900,25000.4,25003.9,24999.9,25003.9,80
1784136960,25004.9,25007.9,25003.4,25003.4,60
1784137020,25003.9,25012.4,25003.4,25012.4,64
1784137080,25011.4,25021.4,25010.4,25021.4,52
1784137140,25020.4,25020.4,25013.4,25013.4,28
1784137200,25014.4,25018.9,25013.4,25017.9,60
1784137260,25017.4,25025.4,25017.4,25024.4,82
1784137320,25023.9,25024.4,25020.4,25020.4,52
1784137380,25020.9,25023.9,25020.9,25023.4,72
1784137440,25021.9,25021.9,25016.4,25017.4,40
1784137500,25016.4,25016.9,25013.9,25014.4,58
1784137560,25014.9,25033.9,25013.4,25027.9,92
1784137620,25028.4,25030.4,25025.4,25025.9,74
1784137680,25025.4,25026.4,25020.4,25022.4,68
1784137740,25021.4,25025.9,25021.4,25025.9,76
1784137800,25024.9,25026.9,25021.4,25021.4,68
1784137860,25020.9,25020.9,25017.4,25019.4,74
1784137920,25019.9,25026.4,25017.9,25026.4,58
1784137980,25026.9,25027.4,25021.9,25021.9,60
1784138040,25022.4,25027.4,25021.4,25025.9,66
1784138100,25026.4,25027.4,25023.4,25026.4,80
1784138160,25026.9,25027.4,25024.9,25024.9,56
1784138220,25025.9,25027.4,25023.4,25025.9,50
1784138280,25024.9,25024.9,25022.9,25023.4,32
1784138340,25024.4,25024.9,25016.9,25018.9,54
1784138400,25019.4,25019.9,25011.9,25011.9,58
1784138460,25012.4,25015.9,25012.4,25014.9,50
1784138520,25015.4,25017.9,25013.9,25016.9,58
1784138580,25016.4,25018.9,25015.9,25017.9,60
1784138640,25018.4,25018.9,25012.9,25013.4,34
1784138700,25012.4,25016.9,25012.4,25014.4,48
1784138760,25015.4,25018.4,25014.4,25018.4,40
1784138820,25019.4,25019.4,25017.4,25017.4,32
1784138880,25016.4,25018.9,25014.9,25016.4,46
1784138940,25016.9,25017.9,25015.9,25017.4,46
1784139000,25018.4,25023.4,25016.4,25023.4,46
1784139060,25023.9,25025.4,25022.9,25024.4,48
1784139120,25024.9,25025.9,25021.9,25025.9,56
1784139180,25025.4,25027.4,25024.9,25024.9,42
1784139240,25024.4,25025.4,25024.4,25024.9,32
1784139300,25024.4,25024.4,25018.9,25021.4,82
1784139360,25019.9,25021.9,25018.9,25019.9,64
1784139420,25019.4,25024.9,25019.4,25022.4,56
1784139480,25022.9,25024.9,25021.9,25024.4,54
1784139540,25025.4,25026.9,25023.9,25024.9,62
1784139600,25023.9,25024.9,25022.9,25022.9,34
1784139660,25022.4,25024.9,25020.9,25024.4,50
1784139720,25024.9,25025.9,25022.8,25025.4,67
1784139780,25025.9,25025.9,25020.4,25022.9,48
1784139840,25022.4,25023.9,25021.9,25022.9,44
1784139900,25023.9,25024.9,25021.4,25022.4,42
1784139960,25022.9,25023.9,25021.9,25022.4,24
1784140020,25020.4,25020.4,25017.4,25020.4,59
1784140080,25018.9,25018.9,25014.4,25015.9,60
1784140140,25016.4,25016.9,25014.4,25015.9,68
1784140200,25015.4,25017.4,25014.9,25016.4,30
1784140260,25016.9,25022.4,25016.9,25022.4,44
1784140320,25020.9,25025.9,25020.9,25025.4,46
1784140380,25025.9,25025.9,25020.4,25020.9,46
1784140440,25021.4,25022.4,25020.4,25020.9,46
1784140500,25020.4,25023.4,25019.4,25023.4,62
1784140560,25024.4,25025.4,25018.9,25023.9,82
1784140620,25024.4,25025.4,25022.4,25025.4,46
1784140680,25023.9,25027.4,25023.9,25026.4,30
1784140740,25025.9,25027.4,25025.4,25026.4,54
1784140800,25025.9,25026.9,25024.9,25025.9,66
1784140860,25026.4,25027.4,25025.4,25027.4,42
1784140920,25026.9,25026.9,25021.4,25021.9,36
1784140980,25021.4,25023.9,25020.9,25023.4,52
1784141040,25023.9,25023.9,25019.9,25020.9,66
1784141100,25018.9,25020.9,25016.9,25020.4,64
1784141160,25019.9,25021.4,25011.4,25011.4,44
1784141220,25011.9,25018.9,25011.4,25013.9,92
1784141280,25014.9,25015.9,25012.9,25014.4,50
1784141340,25013.9,25016.4,25013.9,25014.4,72
1784141400,25014.9,25014.9,25011.9,25013.4,38
1784141460,25012.9,25013.4,25001.4,25001.9,92
1784141520,25001.4,25008.4,25001.4,25007.9,86
1784141580,25005.9,25006.9,25004.4,25004.4,44
1784141640,25005.4,25008.4,25004.9,25006.4,48
1784141700,25005.9,25009.9,25005.9,25007.4,62
1784141760,25006.9,25006.9,25004.4,25004.9,62
1784141820,25004.4,25005.9,25004.4,25005.9,22
1784141880,25006.9,25008.4,24996.9,24996.9,78
1784141940,24997.4,24999.4,24995.4,24998.4,48
1784142000,24998.9,25000.4,24989.9,24992.9,86
1784142060,24992.4,24997.4,24992.4,24996.9,78
1784142120,24997.4,25002.9,24995.9,25002.9,74
1784142180,25002.4,25003.9,25000.4,25000.9,58
1784142240,24999.9,25004.9,24999.9,25003.9,52
1784142300,25004.9,25005.9,25002.4,25005.9,64
1784142360,25005.4,25007.9,25003.9,25007.9,64
1784142420,25007.4,25010.9,25006.9,25008.9,64
1784142480,25008.4,25008.9,25003.9,25005.4,74
1784142540,25004.9,25006.4,25004.9,25005.9,24
1784142600,25004.9,25009.4,25002.9,25009.4,68
1784142660,25008.9,25008.9,25005.9,25007.9,66
1784142720,25006.9,25014.4,25006.9,25009.9,36
1784142780,25010.4,25012.4,25008.9,25009.9,44
1784142840,25010.9,25016.9,25010.9,25014.4,58
1784142900,25013.9,25016.9,25010.4,25015.4,80
1784142960,25014.9,25014.9,25008.9,25010.9,62
1784143020,25011.4,25012.9,25009.9,25012.9,54
1784143080,25013.4,25013.9,25011.4,25013.9,32
1784143140,25013.4,25013.9,25008.4,25008.4,46
1784143200,25007.9,25007.9,24994.9,24996.9,98
1784143260,24996.4,24997.4,24994.9,24995.4,74
1784143320,24994.4,24997.9,24994.4,24996.9,64
1784143380,24997.4,24998.4,24993.4,24995.4,60
1784143440,24994.9,24996.9,24993.9,24994.9,52
1784143500,24993.9,24995.9,24991.9,24995.9,62
1784143560,24996.4,25003.4,24995.9,25002.4,52
1784143620,25002.9,25006.9,25002.9,25003.9,52
1784143680,25005.4,25006.4,25003.4,25003.4,72
1784143740,25002.4,25003.4,25002.4,25003.4,34
1784143800,25001.9,25005.9,25001.4,25004.9,92
1784143860,25004.4,25007.9,25001.9,25003.4,74
1784143920,25003.9,25006.9,24988.9,24990.4,134
1784143980,24990.4,24998.4,24990.4,24993.9,111
1784144040,24994.9,24994.9,24986.9,24988.4,104
1784144100,24986.9,24989.9,24979.4,24988.9,116
1784144160,24989.4,24993.4,24986.9,24989.4,96
1784144220,24989.9,24990.4,24986.9,24986.9,66
1784144280,24987.4,24992.9,24986.9,24991.9,76
1784144340,24992.9,24995.9,24992.9,24995.9,56
1784144400,24995.4,24995.9,24992.4,24993.4,44
1784144460,24993.9,24994.9,24991.4,24992.4,56
1784144520,24991.4,24994.4,24989.4,24991.4,82
1784144580,24992.4,24992.4,24987.4,24988.4,50
1784144640,24987.9,24993.4,24987.9,24990.4,92
1784144700,24989.9,24992.4,24986.9,24991.4,74
1784144760,24992.4,24995.4,24986.4,24990.4,62
1784144820,24990.9,24991.4,24983.9,24984.4,30
1784144880,24984.9,24984.9,24980.4,24980.4,52
1784144940,24980.9,24982.9,24979.9,24980.4,54
1784145000,24981.9,24985.4,24975.9,24983.9,106
1784145060,24983.4,24990.4,24982.9,24987.4,70
1784145120,24985.9,24995.9,24985.9,24993.4,62
1784145180,24992.9,24994.9,24990.9,24992.9,68
1784145240,24991.9,24993.9,24989.9,24991.9,76
1784145300,24993.4,24999.4,24992.4,24996.9,80
1784145360,24996.4,25005.4,24995.9,25003.9,74
1784145420,25000.9,25002.4,24996.4,24997.9,58
1784145480,24996.9,25000.9,24988.4,24988.9,100
1784145540,24988.4,24999.4,24984.4,24996.9,152
1784145600,25000.6,25001.3,24983.2,24988.1,174
1784145660,24987.1,24990.2,24984.5,24990.2,122
1784145720,24989.7,24995.2,24988.5,24993.5,112
1784145780,24993.7,24997.8,24993.5,24997.1,70
1784145840,24996.4,24997.5,24994.7,24996.4,68
1784145900,24995.9,24997.1,24994.7,24995.6,68
1784145960,24994.9,24994.9,24990.2,24992.3,74
1784146020,24992.1,24992.8,24991.1,24992.6,52
1784146080,24992.8,24993.3,24991.6,24993,36
1784146140,24993.3,24995.6,24977.1,24986.2,58
1784146200,24986.6,24990.9,24985.7,24985.7,64
1784146260,24986.2,24987.6,24985,24985.2,42
1784146320,24984.7,24990.7,24983.3,24990.4,58
1784146380,24990.7,24990.7,24988.1,24988.5,28
1784146440,24988.3,24992.1,24986.4,24990.4,74
1784146500,24991.4,24992.8,24990.4,24992.1,62
1784146560,24991.6,24992.6,24986.6,24987.5,71
1784146620,24988,24988.5,24986.3,24987.5,54
1784146680,24988,24990.9,24987.5,24990.6,70
1784146740,24990.4,24992.3,24989.9,24989.9,54
1784146800,24990.9,24995.4,24990.9,24994.9,42
1784146860,24994.7,24998,24994.7,24996.6,42
1784146920,24996.1,24996.1,24993.5,24993.5,22
1784146980,24993.7,24993.7,24992.8,24993.7,22
1784147040,24992.8,24993,24992.3,24992.8,18
1784147100,24992.5,24992.8,24991.3,24991.3,24
1784147160,24991.6,24996.1,24990.6,24995.6,40
1784147220,24995.3,24995.3,24994.2,24994.2,12
1784147280,24994.6,24994.6,24993.7,24993.7,22
1784147340,24993.4,24994.9,24993.4,24993.7,20
1784147400,24994.2,24994.6,24993,24993,10
1784147460,24992.3,24992.3,24991.8,24992.3,6
1784147520,24991.8,24992,24990.1,24990.1,18
1784147580,24990.8,24991.1,24988.9,24989.4,26
1784147640,24988.9,24988.9,24988,24988.5,14
1784147700,24988,24988.5,24987,24988.5,14
1784147760,24989.9,24989.9,24988.5,24988.9,16
1784147820,24988.5,24988.5,24988,24988,18
1784147880,24987.5,24988.5,24987,24988.5,14
1784147940,24988.9,24988.9,24988,24988.5,16
1784148000,24988.2,24991.3,24987.5,24990.4,34
1784148060,24990.8,24991.3,24989.9,24989.9,20
1784148120,24989.4,24989.9,24989.4,24989.4,12
1784148180,24989.2,24994.4,24987.9,24993.9,22
1784148240,24993.6,24994.4,24992.2,24992.5,18
1784148300,24992,24994.1,24992,24994.1,32
1784148360,24994.8,24996.5,24994.4,24995.8,22
1784148420,24995.5,24995.5,24994.4,24994.4,10
1784148480,24994.8,24996,24994.4,24994.8,30
1784148540,24994.4,24994.8,24994.4,24994.8,16
1784148600,24995.1,24996.3,24993.4,24996,40
1784148660,24995.5,24995.8,24994.4,24995.8,16
1784148720,24995.5,24995.5,24992.9,24993.4,28
1784148780,24993.2,24993.2,24992.7,24992.7,6
1784148840,24993.2,24994.1,24992.9,24992.9,14
1784148900,24992.2,24993.9,24990.8,24993.9,36
1784148960,24994.1,24996.3,24994.1,24996.3,22
1784149020,24996,24996.5,24994.6,24994.6,30
1784149080,24994.8,24995.1,24991.7,24991.7,28
1784152920,25003.4,25004.8,25002.2,25002.9,70
1784152980,25003.2,25009.6,25002.2,25009.2,66
1784153040,25008.2,25010.6,25008,25009.6,66
1784153100,25009.9,25013,25008.9,25012.7,38
1784153160,25012.5,25012.7,25010.8,25011.3,54
1784153220,25011.1,25011.3,25008.5,25010.3,76
1784153280,25010.6,25010.8,25008.9,25009.2,46
1784153340,25008.9,25009.2,25007,25007,34
1784153400,25006.8,25007.5,25005.1,25005.1,22
1784153460,25004.9,25005.4,25004.2,25005.4,12
1784153520,25005.8,25006.1,25004.4,25005.1,14
1784153580,25004.9,25006.1,25004.7,25005.6,26
1784153640,25005.4,25006.1,25005.1,25005.1,26
1784153700,25004.7,25004.9,25003.7,25004.2,16
1784153760,25004.4,25005.6,25003.9,25005.6,22
1784153820,25006.3,25006.8,25005.4,25005.4,12
1784153880,25005.6,25005.6,25004.7,25004.7,10
1784153940,25004.9,25005.6,25004.9,25005.4,8
1784154000,25006.1,25006.1,25005.8,25006.1,10
1784154060,25005.8,25005.8,25005.8,25005.8,2
1784154120,25004.4,25004.7,25002.5,25002.8,26
1784154180,25003,25003.2,25000.6,25001.8,20
1784154240,25001.6,25002.5,25000.9,25000.9,24
1784154300,25001.3,25001.3,25000.1,25001.3,22
1784154360,25001.1,25001.8,25001.1,25001.1,14
1784154420,25001.3,25001.8,25001.3,25001.8,12
1784154480,25002,25002.3,25001.6,25001.8,10
1784154540,25002,25002.3,24999.4,25000.4,26
1784154600,25000.9,25003.2,25000.6,25001.1,32
1784154660,25000.9,25001.6,25000.9,25001.6,10
1784154720,25001.3,25003.2,24997.2,25003,14
1784154780,25003.2,25004.2,25003.2,25003.9,36
1784154840,25003.5,25004.7,25002.3,25004.4,18
1784154900,25004.7,25005.4,24999.4,25002,18
1784154960,25001,25001.7,24999.6,25001.7,32
1784155020,25001,25001,24999.8,25000.6,38
1784155080,25001,25001,24994.3,25000.6,33
1784155140,25000.1,25000.1,24998.7,24999.1,14
1784155200,24999.4,24999.4,24998.4,24999.1,26
1784155260,24999.4,24999.4,24997,24998.2,30
1784155320,24997.2,25000.3,24997,25000.1,26
1784155380,24999.4,24999.8,24998.2,24998.2,26
1784155440,24998.4,25000.1,24997.2,25000.1,40
1784155500,24999.8,25000.1,24998.4,24999.8,52
1784155560,24999.6,25000.6,24999.6,25000.6,12
1784155620,25000.8,25000.8,25000.6,25000.6,4
1784155680,25000.8,25001.7,25000.8,25001.3,12
1784155740,25000.3,25000.6,24993.6,25000.6,38
1784155800,25001.3,25001.5,24990.4,24992.9,34
1784155860,24991.7,24992.2,24991,24991.2,18
1784155920,24992.4,24992.6,24992.4,24992.6,4
1784156040,25001.9,25001.9,24989.1,24997.4,78
1784156100,24997.6,24997.6,24995,24997.6,54
1784156160,24997.4,25000.9,24995.7,25000.2,78
1784156220,25000.5,25001.9,24999.1,25001.9,42
1784156280,25001.7,25001.7,24999.1,24999.1,34
1784156340,24999.3,25000.7,24997.9,24998.1,54
1784156400,24997.9,25003.5,24996.2,25003,64
1784156460,25003.5,25004.9,25003.5,25004.7,36
1784156520,25005.4,25005.6,25003.5,25005.6,32
1784156580,25005.4,25006.1,25004.2,25006.1,24
1784156640,25006.3,25007.1,25006.3,25007.1,22
1784156700,25006.6,25006.6,25002.8,25002.8,40
1784156760,25003,25003.7,25002.8,25002.8,12
1784156820,25002.3,25003.7,25002.3,25003.5,24
1784156880,25003.7,25004.2,25003.5,25003.5,16
1784156940,25003.7,25004.4,25003.5,25004.4,26
1784157000,25004.7,25004.7,25003.5,25003.5,20
1784157060,25003.7,25004.9,25003.7,25004.9,16
1784157120,25004.7,25005.9,25004.7,25005.6,24
1784157180,25005.9,25007.3,25005.9,25006.6,30
1784157240,25006.3,25006.6,25006.1,25006.3,12
1784157300,25005.9,25006.1,25005.6,25006.1,16
1784157360,25006.3,25006.8,25005.9,25006.1,16
1784157420,25006.3,25006.3,25005.9,25005.9,10
1784157480,25006.1,25006.1,25000.8,25002.5,28
1784157540,25003.4,25004.1,25002.9,25003.2,14
1784157600,25002.9,25002.9,25002,25002.9,24
1784157660,25003.4,25003.9,25003.4,25003.9,4
1784157720,25003.4,25003.7,25003.2,25003.7,12
1784157780,25003.4,25004.6,25002.9,25003.9,26
1784157840,25003.7,25003.9,25002.7,25003.4,32
1784157900,25003.7,25004.8,25003.7,25003.9,28
1784157960,25003.7,25004.6,25003.4,25003.4,18
1784158020,25002.7,25006,25002.7,25006,20
1784158080,25005.8,25007.5,25005.8,25006.7,26
1784158140,25007,25007,25006.5,25006.5,6
1784158200,25006.7,25008.2,25006.7,25008.2,16
1784158260,25007.7,25008.2,25006.3,25006.7,28
1784158320,25007.2,25007.7,25007.2,25007.7,6
1784158380,25008.2,25010.1,25008.2,25009.6,20
1784158440,25010.1,25012.4,25009.8,25012,46
1784158500,25012.4,25012.4,25011.5,25011.7,44
1784158560,25011.5,25011.7,25011.5,25011.5,6
1784158620,25011,25011.5,25010.5,25010.8,32
1784158680,25011.3,25011.3,25009.8,25009.8,18
1784158740,25010.1,25010.1,25007.9,25008.4,38
1784158800,25009.6,25009.8,25008.2,25008.4,14
1784158860,25007.9,25007.9,25006.7,25007.2,38
1784158920,25007.5,25007.5,25004.4,25005.3,26
1784158980,25004.8,25005.6,25004.8,25004.8,20
1784159040,25005.1,25007.2,25004.8,25005.8,24
1784159100,25005.3,25006.7,25004.4,25005.8,54
1784159160,25005.3,25006.3,25003.9,25005.3,42
1784159220,25004.8,25004.8,25001.3,25002.9,52
1784159280,25003.4,25003.4,25001.5,25002.2,38
1784159340,25002.5,25002.5,25000.6,25001,56
1784159400,25001.5,25004.6,25000.3,25004.6,58
1784159460,25004.4,25005.8,25003.7,25004.1,70
1784159520,25003.9,25004.8,25001.5,25001.5,36
1784159580,25001,25001.5,25000.3,25000.6,34
1784159640,25000.3,25000.6,24999.2,24999.6,28
1784159700,25000.1,25001,24999.2,25000.1,40
1784159760,24999.9,25000.6,24999.9,25000.1,18
1784159820,24999.9,25000.6,24999.2,24999.9,28
1784159880,24999.6,25000.1,24997.7,24997.7,26
1784159940,24997.5,24998.7,24996.8,24998.2,58
1784160000,24999.6,25006.7,24998.7,25006,152
1784160060,25006.3,25011,25005.8,25010.8,106
1784160120,25010.1,25020.8,25010.1,25020.3,136
1784160180,25019.8,25020.8,25017.4,25017.4,114
1784160240,25017.7,25019.6,25016.5,25019.1,104
1784160300,25019.8,25026.3,25018.9,25024.9,118
1784160360,25024.4,25027.3,25022.8,25027.3,122
1784160420,25026.3,25026.8,25023.2,25024.4,98
1784160480,25024.7,25027,25024.4,25025.4,86
1784160540,25025.8,25031.8,25025.4,25030.6,120
1784160600,25030.8,25034.2,25029.6,25030.1,114
1784160660,25030.4,25032.7,25029.9,25030.6,88
1784160720,25030.1,25030.1,25022.3,25022.3,72
1784160780,25022.5,25032.2,25021.3,25031.7,82
1784160840,25032,25036,25031.7,25035.3,110
1784160960,25024,25024,25013.5,25014.5,51
1784161020,25016.5,25018.5,25016.5,25018,14
1784161080,25017,25019,25010,25010,40
1784161140,25009.5,25011.5,25005,25005,34
1784161200,25008,25022.5,25004,25022,100
1784161260,25020,25024.5,25017.5,25023,78
1784161320,25022.5,25022.5,25018,25020.5,28
1784161380,25020,25020.5,25018,25018,40
1784161440,25016.5,25017.5,25013.5,25013.5,42
1784161500,25012.5,25018.5,25012.5,25016.5,46
1784161560,25015.5,25017,25008.5,25008.5,38
1784161620,25008,25008,25004.5,25004.5,30
1784161680,25006,25007.5,25003.5,25007.5,50
1784161740,25006.5,25006.5,25003.5,25004,36
1784161800,25010,25013,25004,25012,114
1784161860,25012.5,25014,24996.5,24996.5,86
1784161920,24997,24998,24988.5,24989.5,70
1784161980,24990,24996.5,24990,24996,56
1784162040,24995,25000,24992.5,24998,88
1784162100,25000.5,25000.5,24993,24998.5,96
1784162160,24997,24998.5,24991,24991,26
1784162220,24992,24994,24988,24988,34
1784162280,24989,24990.5,24982.5,24982.5,60
1784162340,24985,24985,24979,24981,38
1784162400,24981.5,24982,24974.5,24978.5,48
1784162460,24976.5,24982.5,24976.5,24980,40
1784162520,24980.5,24980.5,24978,24979,46
1784162580,24977.5,24978,24974,24977.5,62
1784162640,24978,24978.5,24974,24974,70
1784162700,24972,24976,24969.5,24969.5,48
1784162760,24970,24973.5,24959,24962.5,66
1784162820,24963,24967.5,24961,24965,52
1784162880,24965.5,24966,24959.5,24962.5,48
1784162940,24961.5,24969.5,24961.5,24969,30
1784163000,24971,24977,24963.5,24966,68
1784163060,24966.5,24971.5,24961,24971.5,84
1784163120,24971,24983,24970,24980,52
1784163180,24980.5,24981.5,24977,24977,62
1784163240,24976.5,24979,24969,24969,76
1784163300,24968,24971.5,24961.5,24965,68
1784163360,24963,24966,24960,24966,48
1784163420,24967,24967,24961,24963,32
1784163480,24961,24963,24958,24958,16
1784163540,24960.5,24963,24957,24963,58
1784163600,24963.5,24966.5,24958,24958,100
1784163660,24957.5,24960.5,24948,24949.5,84
1784163720,24950.5,24953.5,24944,24945.5,64
1784163780,24946.5,24950.5,24945,24950,78
1784163840,24948.5,24950,24945.5,24950,64
1784163900,24949,24956,24947,24950,90
1784163960,24950.5,24952,24946,24948,82
1784164020,24948.5,24948.5,24945,24947,34
1784164080,24946,24952,24946,24952,38
1784164140,24953,24953,24946.5,24948,30
1784164200,24947,24951,24947,24950,46
1784164260,24951.5,24951.5,24944.5,24945.5,50
1784164320,24944.5,24944.5,24934.5,24934.5,16
1784164380,24932,24932.5,24930,24932.5,22
1784164440,24934.5,24937.5,24933,24935.5,44
1784164500,24936,24937,24929,24936,72
1784164560,24934.5,24935,24929,24930.5,58
1784164620,24932.5,24932.5,24926.5,24926.5,42
1784164680,24919,24923,24915.5,24920,40
1784164740,24921,24921.5,24911.5,24912.5,38
1784164800,24910.5,24921,24907.5,24921,54
1784164860,24921.5,24930.5,24917.5,24922,80
1784164920,24918,24923,24917.5,24919.5,44
1784164980,24920,24923,24917.5,24919.5,32
1784165040,24918,24922,24917,24920,62
1784165100,24921,24925,24916.5,24925,56
1784165160,24922.5,24931,24921.5,24927.5,66
1784165220,24928.5,24931.5,24926.5,24928.5,70
1784165280,24928,24935,24927,24932.5,64
1784165340,24933.5,24933.5,24926.5,24926.5,22
1784165400,24927.5,24930,24924,24928.5,62
1784165460,24929.5,24943,24928,24936.5,70
1784165520,24937.5,24938,24932,24933,34
1784165580,24932.5,24932.5,24923.5,24923.5,22
1784165640,24927.5,24933,24926,24933,76
1784165700,24931,24934.5,24930.5,24930.5,16
1784165760,24932.5,24945,24932.5,24942.5,96
1784165820,24941,24947,24933.5,24939.5,120
1784165880,24941,24944.5,24934.5,24934.5,50
1784165940,24935,24942.5,24934.5,24941.5,30
1784166000,24940.5,24948.5,24938,24945.5,78
1784166060,24945,24947,24943,24943,48
1784166120,24943.5,24943.5,24930,24930,70
1784166180,24931,24935,24930,24934,58
1784166240,24933,24935,24930,24933,46
1784166300,24934,24935,24931,24934.5,32
1784166360,24934,24937,24932.5,24937,48
1784166420,24942.5,24946.5,24940,24940,58
1784166480,24939,24947,24937,24947,102
1784166540,24946.5,24955.5,24946.5,24955.5,28
1784166600,24956.5,24957,24950,24956.5,96
1784166660,24957,24962,24945,24946,86
1784166720,24945.5,24951,24942,24951,82
1784166780,24950,24952,24937.5,24940,58
1784166840,24939,24949.5,24939,24949,66
1784166900,24949.5,24957.5,24948.5,24955.5,68
1784166960,24954.5,24955,24947,24947.5,34
1784167020,24947,24947,24935.5,24936.5,54
1784167080,24937.5,24939.5,24932,24934.5,56
1784167140,24935.5,24939,24932.5,24934.5,56
1784167200,24935,24937.5,24929.5,24935,64
1784167260,24935.5,24937,24926.5,24928,58
1784167320,24927,24928.5,24923.5,24925.5,48
1784167380,24924.5,24926.5,24915.5,24917,22
1784167440,24918,24924,24918,24921.5,42
1784167500,24922.5,24927,24919,24921,76
1784167560,24922,24922,24917,24917.5,28
1784167620,24919.5,24921,24916.5,24921,20
1784167680,24922,24926,24921.5,24924,28
1784167740,24926,24926,24920.5,24920.5,44
1784167800,24919.5,24925,24918.5,24923.5,48
1784167860,24924.5,24929.5,24924.5,24927,28
1784167920,24928,24929.5,24923.5,24924.5,34
1784167980,24924,24926.5,24921,24922,38
1784168040,24921.5,24925.5,24920.5,24923,30
1784168100,24923.5,24928.5,24923.5,24925.5,48
1784168160,24926,24926,24917.5,24918,50
1784168220,24916.5,24922,24914,24922,30
1784168280,24925,24928,24921,24925.5,66
1784168340,24925,24928,24922.5,24926.5,58
1784168400,24926,24928,24925,24926,42
1784168460,24926.5,24929,24926.5,24929,32
1784168520,24928.5,24935.5,24928,24935,38
1784168580,24936,24941,24932,24941,40
1784168640,24942.5,24944.5,24939.5,24942.5,54
1784168700,24944,24947.5,24944,24947.5,24
1784168760,24948.5,24952,24946,24947.5,46
1784168820,24948.5,24952,24946,24947,30
1784168880,24948.5,24949.5,24944,24947,16
1784168940,24948,24951.5,24947.5,24951.5,12
1784169000,24952.5,24954.5,24948.5,24952.5,30
1784169060,24954,24955,24952.5,24953.5,16
1784169120,24955,24958.5,24952.5,24953,48
1784169180,24954,24961,24954,24958,46
1784169240,24957.5,24959,24955,24956.5,22
1784169300,24957.5,24964.5,24957.5,24964,60
1784169360,24964.5,24967,24961.5,24963,44
1784169420,24965.5,24965.5,24958,24958,30
1784169480,24958.5,24964,24958.5,24959,36
1784169540,24958.5,24962,24955.5,24959.5,42
1784169600,24961,24961.5,24960,24961.5,18
1784169660,24962.5,24962.5,24956,24956,28
1784169720,24956.5,24959.5,24955,24959.5,18
1784169780,24960.5,24961.5,24957,24957,26
1784169840,24956,24957,24952.5,24957,28
1784169900,24960,24961,24960,24961,8
1784169960,24961.5,24965,24961,24964,18
1784170020,24966,24966.5,24966,24966.5,4
1784170080,24965,24972.5,24965,24972.5,22
1784170140,24973.5,24977,24969,24971,40
1784170200,24973.5,24976,24970.5,24972,38
1784170260,24971,24971,24968,24969.5,16
1784170320,24968.5,24969.5,24968,24969,12
1784170380,24970,24973,24970,24972,16
1784170440,24973,24976.5,24971,24975.5,32
1784170500,24974,24980,24974,24979.5,38
1784170560,24980.5,24983,24979.5,24979.5,16
1784170620,24981.5,24981.5,24978.5,24981,22
1784170680,24979.5,24986,24979.5,24986,46
1784170740,24985.5,24987.5,24984.5,24984.5,8
1784170800,24985.5,24986.5,24980.5,24983,20
1784170860,24984,24985,24983.5,24985,10
1784170920,24983,24985.5,24982,24985.5,16
1784170980,24985,24988.5,24985,24986,30
1784171040,24986.5,24987,24985.5,24985.5,6
1784171100,24987,24997,24984.5,24997,46
1784171160,24998,25005.5,24995.5,25002,42
1784171220,25001.5,25002,25001,25001,6
1784171280,25002.5,25003,25000,25002.5,38
1784171340,25002,25003,25000,25002,26
1784171400,25003,25004.5,25002.5,25003,16
1784171460,25004,25004,25002.5,25002.5,6
1784171520,25001.5,25003,25000.5,25000.5,14
1784171580,25001.5,25002.5,25001.5,25002,12
1784171640,25001.5,25001.5,24999.5,24999.5,6
1784171700,24998.5,24998.5,24998.5,24998.5,2
1784171760,24999.5,24999.5,24998,24998,4
1784171820,24997,24997,24992.5,24992.5,12
1784171880,24990.5,24993,24990,24993,32
1784171940,24989,24990,24988,24988.5,10
1784172000,24990,24992.5,24988,24990,22
1784172060,24989.5,24994.5,24986,24994,22
1784172120,24993,24998,24990.5,24998,28
1784172180,24996,24996,24994.5,24994.5,14
1784172240,24993.5,24993.5,24993.5,24993.5,2
1784172300,24994,24994,24994,24994,2
1784172360,24993.5,24993.5,24993.5,24993.5,2
1784172420,24992.5,24993,24992.5,24992.5,6
1784172480,24991.5,24996,24991.5,24996,12
1784172540,24994.5,24996.5,24994.5,24995.5,14
1784172600,24993.5,25004.5,24993.5,25004.5,84
1784172660,25003.5,25008.5,25003.5,25007.5,50
1784172720,25008.5,25008.5,24999,25001.5,50
1784172780,25002,25006,24999.5,25004.5,74
1784172840,25005.5,25008,25005.5,25005.5,34
1784172900,25004,25008,25004,25006.5,42
1784172960,25005,25005.5,24998,24999,44
1784173020,24998,24999,24995.5,24999,30
1784173080,25000,25006.5,25000,25002,28
1784173140,25003.5,25010,25001.5,25006,26
1784173200,25006.5,25011,25006.5,25008,42
1784173260,25009,25009.5,25007.5,25008,20
1784173320,25007,25008,25006.5,25008,12
1784173380,25004.5,25008,25004.5,25007.5,18
1784173440,25007,25007.5,25006,25006,8
1784173500,25006.5,25008,25006.5,25007,10
1784173620,25006.5,25010,25006,25006.5,24
1784173680,25007,25009,25007,25008,14
1784173740,25007,25007,25003.5,25003.5,14
1784173800,25003,25012,25003,25010,20
1784173860,25009.5,25010,25008,25009.5,32
1784173920,25010.5,25011.5,25010,25011.5,8
1784173980,25011,25012,25010,25010,18
1784174040,25011,25025,25011,25023,36
1784174100,25022.5,25024.5,25021.5,25023,20
1784174160,25021.5,25025,25021.5,25024,60
1784174220,25024.5,25025,25022,25023.5,40
1784174280,25024.5,25026.5,25023.5,25026,36
1784174340,25027,25029.5,25027,25029,14
1784174400,25030,25034,25027,25028.5,56
1784174460,25029,25029.5,25022.5,25022.5,24
1784174520,25024,25027,25024,25026.5,16
1784174580,25027.5,25027.5,25022.5,25022.5,12
1784174640,25017,25021.5,25017,25021,12
1784174700,25017.5,25017.5,25015.5,25015.5,6
1784174820,25016.5,25019.5,25016,25017,20
1784174880,25017.5,25017.5,25011.5,25012,28
1784174940,25011,25015,25010,25013,22
1784175000,25011.5,25015,25010,25012.5,16
1784175060,25013,25020,25013,25015.5,38
1784175120,25016.5,25019.5,25015.5,25019,38
1784175180,25020,25020,25017,25017.5,18
1784175240,25018.5,25022,25018.5,25019.5,20
1784175300,25021.5,25021.5,25017.5,25017.5,12
1784175360,25018.5,25018.5,25012.5,25013,18
1784175420,25014.5,25014.5,25011,25011,12
1784175480,25012,25012,25009,25009,26
1784175540,25008.5,25008.5,25007.5,25007.5,10
1784175600,25006.5,25011.5,25006.5,25007,22
1784175660,25008,25008,25004.5,25007,28
1784175720,25005.5,25008.5,25005.5,25006.5,14
1784175780,25008,25010,25007,25010,10
1784175840,25007,25007.5,25004,25007,24
1784175900,25006,25008.5,25005,25006.5,10
1784175960,25006,25006.5,25006,25006,6
1784176020,25006.5,25006.5,25006,25006,4
1784176080,25006.5,25006.5,24991.5,24995.5,40
1784176140,24996,24996,24994,24994.5,28
1784176260,24997,24997,24997,24997,2
1784176320,24996.5,24999,24995.5,24996.5,22
1784176380,24996,24996.5,24995.5,24996,8
1784176440,24997.5,24997.5,24989.5,24989.5,18
1784176500,24989,24992.5,24989,24991.5,24
1784176560,24995,24995,24994,24994,12
1784176620,24994.5,24994.5,24993,24993.5,6
1784176680,24990.5,24991,24988,24988,28
1784176740,24989,24989,24988.5,24989,6
1784176800,24988.5,24988.5,24988,24988.5,6
1784176860,24988,25000,24987.5,24998,32
1784176920,24997,24999.5,24997,24999.5,16
1784176980,24998.5,25000,24997.5,24999,12
1784177040,24998,24998,24995.5,24995.5,8
1784177100,24995,24996.5,24993,24994.5,30
1784177160,24993,24994,24991,24991.5,16
1784177220,24992.5,24993,24991.5,24993,10
1784177280,24992.5,24995.5,24992.5,24994,18
1784177340,24997,24999.5,24994.5,24995,26
1784177400,24995.5,25000.5,24995,25000.5,28
1784177580,24999.5,25001,24998.5,24999,18
1784177640,24998,25001,24998,24999.5,12
1784177700,25001,25003,25001,25002.5,14
1784177760,25002,25002,24997.5,24998.5,28
1784177820,24998,24998.5,24994.5,24996,22
1784177880,24995.5,24996.5,24994,24995,22
1784177940,24996.5,24997,24993.5,24994,20
1784178000,24997,25004,24996,25002,58
1784178060,25002.5,25003,24996.5,24997.5,54
1784178120,24998.5,24998.5,24997.5,24997.5,10
1784178180,24998,25002.5,24998,25000,48
1784178240,25000.5,25002,24999.5,25000,42
1784178300,24998.5,24998.5,24994.5,24995,22
1784178360,24994.5,25004,24994.5,25003.5,24
1784178420,25005.5,25015.5,25003,25012,38
1784178480,25011,25011,25002.5,25002.5,8
1784178540,24998,24998,24996,24996,6
1784178600,24995.5,25002,24994.5,25002,28
1784178660,25007.5,25017.5,25003,25016.5,66
1784178720,25012.5,25023.5,25012.5,25023.5,28
1784178780,25024.5,25029.5,25021,25027,74
1784178840,25026,25031.5,25024.5,25030,24
1784178900,25032,25046,25031.5,25038.5,70
1784178960,25038,25038.5,25032,25033,34
1784179020,25032.5,25034,25029.5,25030,32
1784179080,25029.5,25037.5,25029.5,25032,40
1784179140,25030.5,25036.5,25029.5,25036,20
1784179200,25035.5,25041.5,25035.5,25040,14
1784179260,25046,25046,25041.5,25044,24
1784179320,25044.5,25051,25044.5,25051,18
1784179380,25052.5,25055,25048,25049,22
1784179440,25048.5,25048.5,25046.5,25047.5,20
1784179500,25045,25054.5,25045,25054.5,42
1784179560,25055.5,25057,25054,25055.5,32
1784179620,25055,25057.5,25055,25057.5,6
1784179680,25055.5,25055.5,25046,25046,30
1784179740,25047.5,25050,25046.5,25050,38
1784179800,25051.5,25062,25045.5,25055.5,124
1784179860,25056,25056.5,25045.5,25046,80
1784179920,25045.5,25046.5,25038,25046,64
1784179980,25045.5,25045.5,25033.5,25035,56
1784180040,25034.5,25036.5,25025.5,25027.5,62
1784180100,25027,25027.5,25013.5,25015,86
1784180160,25014.5,25026.5,25012,25024.5,82
1784180220,25023.5,25030.5,25021.5,25028.5,64
1784180280,25027.5,25031,25022.5,25024.5,82
1784180340,25025.5,25026.5,25019,25021.5,34
1784180400,25022.5,25025.5,25017.5,25025.5,68
1784180460,25024.5,25030.5,25024,25029.5,84
1784180520,25030.5,25035,25027,25027,60
1784180580,25028,25031,25023.5,25029.5,62
1784180640,25028.5,25030,25023,25025.5,44
1784180700,25026.5,25030.5,25023,25023.5,74
1784180760,25024.5,25024.5,25018.5,25020,40
1784180820,25021,25025,25020.5,25024.5,24
1784180880,25023.5,25026,25022.5,25024,34
1784180940,25023,25023,25015.5,25016,28
1784181000,25014,25022.5,25011.5,25018.5,48
1784181060,25019,25019,25016,25017.5,52
1784181120,25018.5,25022,25017,25018.5,38
1784181180,25016,25022.5,25016,25019,44
1784181240,25018,25019.5,25015.5,25017.5,72
1784181300,25016.5,25024,25016.5,25023.5,36
1784181360,25024,25026.5,25024,25025,34
1784181420,25025.5,25030.5,25025.5,25028,40
1784181480,25027,25027,25022,25023,46
1784181540,25021.5,25024,25021,25022,28
1784181600,25019.5,25037,25013.5,25031,98
1784181660,25030.2,25038.2,25027.7,25034.7,106
1784181720,25034.2,25034.2,25013.2,25013.2,88
1784181780,25014.2,25015.2,25007.2,25010.7,90
1784181840,25011.7,25015.2,25006.2,25012.7,100
1784181900,25012.2,25017.7,25005.2,25005.2,80
1784181960,25005.7,25006.7,24994.2,24995.7,84
1784182020,24997.2,24997.7,24981.2,24982.7,76
1784182080,24982.2,24997.2,24966.2,24994.7,116
1784182140,24996.7,25006.2,24990,25001.2,186
1784182200,25000.2,25001.2,24990.2,24993.2,134
1784182260,24992.7,24998.2,24987.2,24987.7,152
1784182320,24989.7,24992.7,24984.7,24990.2,106
1784182380,24989.7,24999.2,24988.2,24996.2,124
1784182440,24995.7,25002.7,24992.7,25000.7,106
1784182500,25001.2,25004.2,24998.7,25000.2,100
1784182560,24999.7,25004.2,24999.7,25003.7,76
1784182620,25004.2,25020.7,25003.7,25018.7,104
1784182680,25019.7,25019.7,25011.7,25018.2,122
1784182740,25017.7,25021.7,25016.7,25019.2,120
1784182800,25018.7,25024.7,25017.2,25022.7,88
1784182860,25023.7,25027.7,25018.7,25023.2,90
1784182920,25023.7,25024.2,25010.7,25010.7,98
1784182980,25010.2,25010.7,25005.2,25010.7,82
1784183040,25008.7,25019.7,25008.2,25019.7,88
1784183100,25018.7,25022.7,25018.7,25022.2,92
1784183160,25021.7,25021.7,25013.2,25016.7,92
1784183220,25017.7,25024.2,25009.7,25009.7,84
1784183280,25013.2,25014.7,25007.2,25011.7,68
1784183340,25010.7,25015.7,25005.7,25005.7,108
1784183400,25006.7,25008.7,24989.2,24989.2,128
1784183460,24989.7,24996.2,24985.7,24990.7,112
1784183520,24990.2,24994.7,24986.7,24987.2,112
1784183580,24986.7,24998.2,24986.2,24988.2,106
1784183640,24988.7,24988.7,24983.7,24985.2,104
1784183700,24984.7,24993.7,24984.7,24991.7,74
1784183760,24991.2,24991.2,24978.2,24978.7,94
1784183820,24978.2,24978.2,24972.7,24976.7,96
1784183880,24977.7,24977.7,24971.7,24973.7,100
1784183940,24973.2,24979.7,24972.7,24977.7,80
1784184000,24978.2,24987.7,24977.7,24983.7,96
1784184060,24984.2,24986.2,24976.7,24981.2,90
1784184120,24979.2,24990.7,24978.7,24990.2,86
1784184180,24989.7,24993.2,24985.7,24988.2,68
1784184240,24987.2,24990.7,24985.7,24988.7,76
1784184300,24989.2,24990.2,24982.7,24989.7,82
1784184360,24988.7,24990.7,24979.7,24984.7,82
1784184420,24985.7,24991.7,24984.7,24990.2,52
1784184480,24989.7,24999.2,24989.7,24998.2,72
1784184540,24997.7,25006.2,24995.7,25006.2,70
1784184600,25007.7,25012.7,25006.7,25012.2,60
1784184660,25012.7,25012.7,25004.2,25004.7,104
1784184720,25005.2,25005.7,24995.2,24998.7,98
1784184780,24999.7,25001.7,24996.7,24997.2,76
1784184840,24996.7,25005.7,24994.7,25005.2,98
1784184900,25004.7,25017.2,25004.7,25014.7,98
1784184960,25015.7,25016.7,25012.2,25014.2,72
1784185020,25012.7,25025.2,25009.7,25024.2,74
1784185080,25022.7,25026.7,25020.2,25025.7,80
1784185140,25026.2,25032.7,25017.2,25025.7,114
1784185200,25035.2,25049.2,24990.7,24991.2,233
1784185260,24991.7,24993.7,24969.7,24983.7,200
1784185320,24984.7,24995.2,24972.7,24995.2,186
1784185380,24996.2,25005.2,24990.7,25004.7,164
1784185440,25004.2,25026.7,25004.2,25024.2,172
1784185500,25026.2,25028.7,25004.2,25011.2,178
1784185560,25010.2,25011.2,25004.2,25006.7,150
1784185620,25004.7,25004.7,24978.7,24982.2,146
1784185680,24981.7,24990.2,24974.7,24980.7,162
1784185740,24979.7,24996.2,24979.7,24996.2,150
1784185800,24996.7,24998.7,24967.7,24967.7,174
1784185860,24966.7,24969.7,24946.2,24946.2,137
1784185920,24945.2,24949.7,24931.2,24934.7,146
1784185980,24934.2,24939.7,24926.2,24927.2,158
1784186040,24928.7,24935.2,24911.2,24911.2,160
1784186100,24910.7,24919.7,24910.2,24913.7,172
1784186160,24912.7,24922.7,24907.2,24914.2,174
1784186220,24910.2,24927.7,24910.2,24917.7,152
1784186280,24918.2,24918.2,24895.7,24900.2,170
1784186340,24902.7,24908.2,24896.7,24904.2,158
1784186400,24903.7,24930.7,24903.2,24928.2,138
1784186460,24927.7,24947.2,24922.7,24946.2,139
1784186520,24946.7,24952.2,24946.7,24951.2,130
1784186580,24950.7,24951.2,24938.7,24940.7,118
1784186640,24941.2,24952.2,24936.7,24951.7,132
1784186700,24949.7,24964.7,24949.7,24962.7,138
1784186760,24963.7,24963.7,24952.7,24956.7,128
1784186820,24958.2,24967.7,24952.2,24952.2,136
1784186880,24952.7,24952.7,24931.7,24943.2,134
1784186940,24941.7,24947.2,24941.7,24944.7,78
1784187000,24949.7,24955.7,24941.7,24947.7,138
1784187060,24946.2,24949.2,24931.7,24932.7,126
1784187120,24933.2,24934.7,24919.2,24921.7,124
1784187180,24922.2,24929.7,24915.2,24915.2,118
1784187240,24916.7,24917.7,24910.2,24912.7,136
1784187300,24913.2,24913.2,24899.7,24899.7,132
1784187360,24898.7,24908.2,24893.7,24899.7,164
1784187420,24899.2,24905.2,24890.7,24903.2,160
1784187480,24902.7,24902.7,24884.7,24891.2,142
1784187540,24890.7,24892.2,24881.2,24883.7,140
1784187600,24882.7,24888.7,24874.7,24888.7,148
1784187660,24890.2,24899.7,24890.2,24897.2,124
1784187720,24897.7,24905.7,24896.7,24897.7,128
1784187780,24898.7,24906.2,24890.7,24905.7,132
1784187840,24905.2,24908.7,24892.7,24896.7,132
1784187900,24897.7,24899.2,24888.7,24892.7,130
1784187960,24893.2,24897.2,24886.7,24892.2,148
1784188020,24892.7,24892.7,24872.7,24874.7,86
1784188080,24875.2,24877.7,24868.7,24869.7,124
1784188140,24870.7,24878.7,24865.2,24873.7,156
1784188200,24874.9,24875.9,24866.4,24869.9,147
1784188260,24870.4,24872.9,24865.9,24867.4,91
1784188320,24867.9,24872.4,24861.9,24871.9,113
1784188380,24871.4,24881.9,24871.4,24878.9,128
1784188440,24879.4,24879.4,24866.9,24870.9,140
1784188500,24871.9,24872.9,24856.9,24860.4,132
1784188560,24859.9,24859.9,24844.9,24848.9,92
1784188620,24847.9,24860.9,24847.9,24860.9,144
1784188680,24859.9,24874.4,24857.9,24874.4,116
1784188740,24874.9,24875.4,24865.9,24870.4,106
1784188800,24870.9,24895.4,24860.9,24892.4,164
1784188860,24891.9,24895.4,24881.4,24886.4,160
1784188920,24885.9,24893.4,24880.4,24887.4,174
1784188980,24886.9,24887.9,24876.9,24879.9,152
1784189040,24881.4,24894.9,24877.9,24892.4,146
1784189100,24891.4,24894.9,24879.4,24879.4,160
1784189160,24878.4,24887.9,24874.4,24877.9,142
1784189220,24876.9,24879.4,24866.9,24866.9,142
1784189280,24865.9,24867.9,24859.9,24862.9,128
1784189340,24863.9,24869.4,24857.9,24858.9,144
1784189400,24858.4,24858.4,24845.4,24851.9,128
1784189460,24849.9,24852.9,24845.4,24848.9,118
1784189520,24848.4,24848.4,24841.4,24842.9,128
1784189580,24842.4,24857.9,24842.4,24853.9,142
1784189640,24854.9,24855.4,24839.9,24841.9,142
1784189700,24843.4,24844.9,24827.9,24834.9,148
1784189760,24832.9,24834.9,24821.9,24828.4,150
1784189820,24827.9,24842.4,24823.9,24842.4,142
1784189880,24841.9,24846.4,24834.9,24838.9,170
1784189940,24837.9,24843.9,24834.9,24843.9,130
1784190000,24844.4,24862.9,24843.9,24857.9,158
1784190060,24857.4,24873.4,24855.4,24873.4,126
1784190120,24872.9,24885.9,24871.4,24885.9,119
1784190180,24886.9,24891.9,24882.9,24886.9,137
1784190240,24885.9,24887.4,24875.9,24882.4,140
1784190300,24883.4,24900.4,24879.9,24899.4,160
1784190360,24898.9,24901.9,24883.4,24884.4,146
1784190420,24885.9,24889.9,24884.9,24887.9,140
1784190480,24887.4,24892.9,24886.4,24889.9,146
1784190540,24890.9,24898.9,24881.9,24898.9,144
1784190600,24897.9,24902.9,24889.4,24892.9,148
1784190660,24893.4,24899.9,24887.9,24896.9,136
1784190720,24898.9,24908.9,24890.9,24893.9,151
1784190780,24894.9,24904.9,24893.9,24902.9,138
1784190840,24903.9,24905.9,24898.9,24898.9,118
1784190900,24897.9,24908.9,24897.4,24908.4,138
1784190960,24908.9,24913.4,24901.9,24909.9,114
1784191020,24910.4,24911.9,24901.9,24902.4,114
1784191080,24901.9,24901.9,24890.4,24891.4,130
1784191140,24890.9,24896.4,24885.9,24885.9,146
1784191200,24886.4,24901.4,24886.4,24901.4,132
1784191260,24900.9,24910.9,24900.9,24908.4,122
1784191320,24907.9,24918.9,24907.4,24912.4,112
1784191380,24913.9,24914.9,24910.4,24910.4,124
1784191440,24910.9,24912.4,24900.4,24901.4,148
1784191500,24901.9,24915.9,24901.9,24912.9,128
1784191560,24913.4,24923.9,24911.9,24920.9,118
1784191620,24919.9,24935.9,24919.9,24935.9,106
1784191680,24934.9,24935.9,24930.9,24930.9,100
1784191740,24929.9,24941.4,24928.9,24936.4,102
1784191800,24935.4,24939.9,24930.9,24936.9,114
1784191860,24935.9,24939.9,24922.9,24926.9,124
1784191920,24925.9,24927.9,24913.9,24916.4,128
1784191980,24915.4,24917.4,24903.9,24905.9,124
1784192040,24906.4,24911.9,24901.4,24905.9,124
1784192100,24907.9,24913.9,24904.4,24912.9,112
1784192160,24912.4,24916.9,24905.4,24907.9,128
1784192220,24907.4,24909.9,24902.4,24906.9,134
1784192280,24908.4,24909.9,24902.9,24908.4,136
1784192340,24908.9,24912.9,24904.4,24904.4,136
1784192400,24903.9,24923.9,24902.9,24918.9,152
1784192460,24916.9,24920.4,24911.9,24915.9,158
1784192520,24914.9,24929.9,24912.9,24926.9,132
1784192580,24925.4,24932.4,24923.9,24932.4,138
1784192640,24930.9,24931.9,24922.9,24923.4,106
1784192700,24923.9,24931.9,24919.4,24924.9,128
1784192760,24923.9,24925.9,24911.9,24912.9,126
1784192820,24913.9,24918.4,24909.9,24915.9,114
1784192880,24916.4,24919.9,24908.4,24908.9,124
1784192940,24909.4,24909.9,24904.4,24905.4,102
1784193000,24903.4,24916.9,24899.9,24914.9,130
1784193060,24915.4,24937.4,24915.4,24937.4,128
1784193120,24936.4,24944.4,24935.4,24940.4,128
1784193180,24941.9,24945.9,24939.4,24944.9,116
1784193240,24943.9,24946.9,24935.9,24937.9,100
1784193300,24938.4,24946.4,24935.4,24944.9,106
1784193360,24945.4,24948.4,24933.9,24936.9,110
1784193420,24937.9,24938.4,24933.4,24936.9,102
1784193480,24937.4,24938.9,24919.4,24919.9,106
1784193540,24920.4,24927.4,24919.4,24924.4,104
1784193600,24926.9,24926.9,24919.4,24920.4,112
1784193660,24922.4,24933.4,24922.4,24928.4,100
1784193720,24928.9,24930.9,24918.9,24919.9,120
1784193780,24920.4,24921.9,24910.9,24912.9,128
1784193840,24911.9,24912.4,24893.4,24893.4,96
1784193900,24892.9,24897.4,24890.4,24892.9,110
1784193960,24892.4,24897.9,24890.4,24890.4,142
1784194020,24889.4,24892.4,24871.9,24875.9,118
1784194080,24877.4,24885.9,24875.4,24880.9,116
1784194140,24880.4,24880.9,24873.9,24879.4,98
1784194200,24879.9,24894.4,24873.4,24894.4,114
1784194260,24894.9,24895.9,24884.9,24885.9,112
1784194320,24886.4,24895.9,24882.9,24895.9,100
1784194380,24894.9,24894.9,24872.9,24879.4,120
1784194440,24879.9,24880.9,24872.9,24875.9,126
1784194500,24877.9,24879.9,24874.9,24877.4,100
1784194560,24878.4,24882.4,24870.9,24872.9,120
1784194620,24871.9,24872.9,24867.9,24868.9,112
1784194680,24869.9,24870.9,24854.4,24855.4,118
1784194740,24855.9,24858.4,24851.4,24858.4,90
1784194800,24857.4,24858.4,24850.9,24855.9,138
1784194860,24854.9,24861.9,24851.4,24858.9,120
1784194920,24857.4,24866.9,24857.4,24865.9,110
1784194980,24866.4,24869.4,24857.4,24858.4,144
1784195040,24858.9,24864.4,24858.9,24861.4,102
1784195100,24859.9,24859.9,24840.9,24842.4,118
1784195160,24841.4,24849.9,24840.9,24849.9,110
1784195220,24849.4,24854.9,24846.9,24847.9,104
1784195280,24848.9,24852.9,24845.9,24846.9,106
1784195340,24847.4,24850.9,24844.9,24846.9,96
1784195400,24846.4,24854.4,24844.9,24845.4,100
1784195460,24845.9,24845.9,24835.4,24840.4,128
1784195520,24840.9,24853.9,24839.9,24853.4,100
1784195580,24852.4,24857.4,24848.9,24856.4,112
1784195640,24856.9,24865.4,24856.9,24863.4,110
1784195700,24863.9,24869.9,24857.4,24857.4,142
1784195760,24857.9,24859.4,24850.4,24850.9,124
1784195820,24851.9,24852.4,24847.9,24849.4,92
1784195880,24848.4,24855.9,24845.4,24855.9,102
1784195940,24856.9,24862.9,24855.4,24855.4,94
1784196000,24855.9,24866.4,24853.9,24858.9,126
1784196060,24857.9,24859.9,24851.9,24855.9,124
1784196120,24855.4,24855.9,24847.9,24850.4,110
1784196180,24850.9,24852.9,24842.9,24842.9,110
1784196240,24843.4,24856.4,24840.9,24854.4,104
1784196300,24855.9,24859.4,24851.4,24854.9,130
1784196360,24855.4,24871.9,24853.4,24868.9,100
1784196420,24869.9,24876.9,24865.4,24866.4,112
1784196480,24865.9,24868.9,24861.9,24868.9,94
1784196540,24869.9,24878.9,24868.9,24875.9,100
1784196600,24874.9,24874.9,24858.9,24859.9,110
1784196660,24860.4,24864.4,24853.9,24854.9,110
1784196720,24855.9,24860.4,24855.4,24856.4,98
1784196780,24855.9,24860.4,24849.9,24849.9,110
1784196840,24850.4,24853.9,24844.9,24848.9,106
1784196900,24850.4,24852.4,24843.9,24847.9,92
1784196960,24846.9,24849.9,24840.4,24843.4,92
1784197020,24844.4,24844.4,24833.4,24836.4,86
1784197080,24836.9,24842.9,24834.9,24841.4,106
1784197140,24840.9,24841.4,24836.4,24838.9,108
1784197200,24838.4,24841.4,24832.9,24835.4,114
1784197260,24834.4,24835.9,24828.4,24835.4,129
1784197320,24833.9,24846.9,24833.9,24834.4,106
1784197380,24834.9,24839.9,24819.4,24824.4,136
1784197440,24823.9,24823.9,24814.9,24820.9,96
1784197500,24821.9,24828.9,24819.4,24826.9,102
1784197560,24827.4,24828.9,24822.9,24825.4,128
1784197620,24824.9,24824.9,24814.4,24822.4,117
1784197680,24824.9,24834.9,24821.9,24834.4,110
1784197740,24832.9,24845.4,24830.9,24844.9,122
1784197800,24845.4,24851.9,24843.9,24847.4,116
1784197860,24845.9,24848.9,24839.9,24841.4,124
1784197920,24840.9,24841.9,24832.9,24835.9,126
1784197980,24835.4,24842.4,24832.9,24841.4,112
1784198040,24841.9,24845.4,24837.9,24842.9,134
1784198100,24841.9,24846.9,24838.4,24838.9,138
1784198160,24838.4,24850.9,24837.9,24850.9,104
1784198220,24851.9,24857.4,24847.9,24855.4,122
1784198280,24854.9,24855.4,24847.2,24850.9,91
1784198340,24849.9,24850.9,24835.4,24835.4,133
1784198400,24835.9,24843.9,24830.9,24835.9,132
1784198460,24837.4,24843.4,24837.4,24837.9,116
1784198520,24838.4,24838.4,24830.9,24835.9,120
1784198580,24836.9,24840.9,24836.4,24839.4,118
1784198640,24838.4,24843.9,24838.4,24843.9,92
1784198700,24844.4,24853.4,24843.9,24853.4,116
1784198760,24852.9,24858.9,24848.4,24858.4,138
1784198820,24857.9,24858.9,24852.9,24855.9,116
1784198880,24856.4,24859.9,24851.9,24853.4,88
1784198940,24852.9,24856.4,24847.9,24849.4,86
1784199000,24848.9,24850.4,24844.4,24844.9,122
1784199060,24844.4,24849.9,24843.4,24845.4,104
1784199120,24844.9,24845.4,24841.4,24844.9,104
1784199180,24845.4,24845.4,24838.4,24840.9,106
1784199240,24840.4,24849.9,24839.4,24848.9,118
1784199300,24847.9,24848.9,24837.9,24837.9,128
1784199360,24837.4,24838.4,24830.9,24833.9,116
1784199420,24833.4,24841.4,24833.4,24834.9,136
1784199480,24833.9,24834.4,24828.9,24829.4,130
1784199540,24829.9,24838.9,24828.9,24835.4,124
1784199600,24834.9,24838.9,24821.9,24821.9,118
1784199660,24822.4,24824.4,24811.9,24814.9,122
1784199720,24815.4,24823.9,24814.4,24816.9,130
1784199780,24817.4,24820.9,24813.9,24816.9,146
1784199840,24815.9,24818.9,24813.4,24816.4,120
1784199900,24815.9,24824.9,24812.9,24823.4,110
1784199960,24824.4,24830.9,24818.9,24826.4,130
1784200020,24826.9,24827.9,24818.9,24824.9,108
1784200080,24825.4,24827.9,24820.9,24821.9,104
1784200140,24820.9,24839.9,24820.4,24837.9,134
1784200200,24838.4,24838.4,24816.9,24821.9,118
1784200260,24820.9,24823.9,24819.4,24821.9,102
1784200320,24822.4,24825.4,24816.4,24819.9,100
1784200380,24820.4,24822.4,24811.9,24812.9,122
1784200440,24811.9,24811.9,24805.4,24810.4,98
1784200500,24810.9,24813.9,24798.4,24798.4,116
1784200560,24797.4,24797.4,24785.9,24786.4,122
1784200620,24785.9,24808.9,24784.9,24808.9,113
1784200680,24808.4,24809.9,24802.4,24803.9,112
1784200740,24804.4,24804.9,24798.4,24798.4,89
1784200800,24797.9,24805.4,24797.4,24800.9,122
1784200860,24801.4,24809.9,24800.9,24807.4,98
1784200920,24808.4,24812.9,24807.4,24809.4,114
1784200980,24809.9,24815.4,24804.9,24814.9,102
1784201040,24815.4,24824.4,24814.9,24823.9,114
1784201100,24824.4,24825.9,24817.4,24818.9,116
1784201160,24817.9,24824.9,24817.9,24823.9,120
1784201220,24823.4,24825.9,24819.4,24823.4,120
1784201280,24822.4,24824.4,24809.4,24809.4,120
1784201340,24808.9,24811.4,24796.9,24800.9,122
1784201400,24800.4,24802.4,24788.4,24788.4,114
1784201460,24787.9,24788.4,24776.4,24777.9,112
1784201520,24778.4,24780.4,24774.4,24780.4,120
1784201580,24781.4,24785.4,24779.4,24785.4,128
1784201640,24784.9,24787.4,24781.4,24782.9,112
1784201700,24782.4,24789.4,24781.9,24787.9,116
1784201760,24789.4,24792.9,24783.4,24783.4,93
1784201820,24781.9,24786.4,24778.4,24784.9,99
1784201880,24784.4,24787.9,24770.4,24770.4,127
1784201940,24771.4,24779.9,24766.4,24777.4,126
1784202000,24777.9,24777.9,24770.9,24771.4,94
1784202060,24770.9,24777.4,24766.9,24767.9,140
1784202120,24768.4,24784.4,24767.9,24783.9,114
1784202180,24782.9,24797.9,24782.9,24797.4,123
1784202240,24796.9,24797.4,24781.9,24789.9,122
1784202300,24789.4,24795.9,24785.4,24785.9,114
1784202360,24786.9,24787.9,24779.4,24781.4,94
1784202420,24779.9,24780.9,24774.4,24775.4,98
1784202480,24775.9,24779.4,24768.9,24771.4,90
1784202540,24770.4,24775.9,24692.2,24703.2,128
1784202600,24711.2,24747.4,24711.2,24742.9,258
1784202660,24741.4,24754.4,24740.4,24752.4,186
1784202720,24752.9,24757.4,24746.4,24754.4,144
1784202780,24752.9,24763.4,24750.9,24761.9,160
1784202840,24761.4,24767.4,24755.4,24767.4,138
1784202900,24766.9,24782.9,24766.9,24782.9,116
1784202960,24781.4,24782.4,24765.9,24767.9,136
1784203020,24768.9,24768.9,24764.9,24766.9,124
1784203080,24763.9,24774.4,24762.4,24774.4,114
1784203140,24773.4,24778.9,24771.4,24772.9,116
1784203200,24773.9,24779.4,24760.9,24770.9,160
1784203260,24770.4,24782.9,24765.9,24778.4,98
1784203320,24778.9,24788.9,24775.9,24788.9,116
1784203380,24787.9,24797.9,24787.9,24791.9,126
1784203440,24789.9,24792.9,24784.4,24785.4,116
1784203500,24784.4,24787.9,24774.4,24775.9,146
1784203560,24775.4,24778.9,24768.4,24776.4,96
1784203620,24775.9,24776.4,24768.9,24770.9,125
1784203680,24769.9,24773.4,24763.9,24766.9,114
1784203740,24767.4,24771.4,24762.4,24768.4,118
1784203800,24767.9,24767.9,24756.4,24758.9,128
1784203860,24756.9,24765.9,24756.9,24760.9,104
1784203920,24761.9,24763.9,24754.9,24756.9,124
1784203980,24755.9,24756.4,24751.4,24753.4,118
1784204040,24752.9,24761.9,24752.9,24758.4,118
1784204100,24758.9,24759.9,24745.9,24748.9,122
1784204160,24749.4,24754.9,24745.9,24754.9,138
1784204220,24754.4,24767.4,24754.4,24763.9,146
1784204280,24763.4,24768.4,24761.4,24762.4,90
1784204340,24765.9,24776.9,24765.9,24774.9,88
1784204400,24774.4,24780.9,24770.4,24770.9,138
1784204460,24771.9,24773.4,24746.9,24759.9,166
1784204520,24758.9,24761.9,24748.9,24748.9,152
1784204580,24747.9,24752.4,24744.4,24746.4,116
1784204640,24745.9,24746.4,24731.4,24733.9,148
1784204700,24732.9,24736.9,24728.9,24733.4,138
1784204760,24730.9,24736.4,24726.9,24728.9,132
1784204820,24727.9,24727.9,24711.9,24724.9,124
1784204880,24724.4,24724.9,24719.9,24721.4,129
1784204940,24722.4,24734.9,24721.9,24733.9,110
1784205000,24733.9,24734.9,24720.9,24725.4,102
1784205060,24724.4,24726.9,24719.4,24721.4,116
1784205120,24720.4,24724.4,24715.9,24715.9,146
1784205180,24716.4,24731.4,24716.4,24730.9,122
1784205240,24730.4,24737.4,24728.7,24733.4,133
1784205300,24733.9,24735.9,24725.9,24727.4,150
1784205360,24726.9,24731.9,24723.4,24727.9,138
1784205420,24727.4,24729.9,24708.9,24713.4,176
1784205480,24711.9,24715.9,24711.4,24711.9,128
1784205540,24711.4,24717.9,24706.4,24708.9,158
1784205600,24709.4,24713.9,24704.4,24704.4,128
1784205660,24704.9,24715.9,24704.9,24709.4,166
1784205720,24708.9,24713.4,24704.9,24709.9,136
1784205780,24710.4,24713.4,24699.9,24700.9,126
1784205840,24701.4,24709.9,24701.4,24707.9,140
1784205900,24706.9,24719.4,24699.4,24716.9,148
1784205960,24715.9,24730.9,24713.9,24730.9,146
1784206020,24729.9,24733.9,24727.4,24733.4,96
1784206080,24733.9,24738.4,24732.4,24736.4,100
1784206140,24738.9,24739.4,24724.9,24727.9,124
1784206200,24727.4,24743.9,24727.4,24743.9,116
1784206260,24744.9,24745.9,24735.4,24739.4,120
1784206320,24739.9,24748.9,24739.4,24745.9,120
1784206380,24744.4,24754.4,24742.4,24754.4,128
1784206440,24754.9,24757.9,24751.9,24755.9,116
1784206500,24755.4,24756.9,24747.9,24749.9,134
1784206560,24749.4,24751.9,24743.9,24749.9,124
1784206620,24748.9,24749.9,24745.9,24747.9,96
1784206680,24749.9,24749.9,24734.4,24735.9,128
1784206740,24734.9,24736.9,24733.4,24733.4,96
1784206800,24733.9,24743.9,24729.9,24743.4,148
1784206860,24742.9,24742.9,24736.4,24741.9,126
1784206920,24739.9,24744.4,24723.9,24730.9,140
1784206980,24731.4,24741.4,24730.9,24741.4,110
1784207040,24742.9,24756.4,24740.9,24752.4,120
1784207100,24751.9,24754.9,24745.9,24754.9,110
1784207160,24755.4,24755.9,24743.4,24745.9,110
1784207220,24746.9,24760.9,24745.9,24759.9,114
1784207280,24759.4,24760.9,24754.9,24755.9,78
1784207340,24757.4,24763.9,24756.9,24760.4,90
1784207400,24762.9,24768.4,24756.9,24764.9,112
1784207460,24765.4,24775.4,24761.9,24774.4,101
1784207520,24773.9,24779.4,24772.9,24773.9,96
1784207580,24775.9,24789.9,24775.4,24787.9,108
1784207640,24786.9,24789.4,24782.9,24783.9,70
1784207700,24783.4,24787.4,24781.9,24787.4,110
1784207760,24787.9,24790.9,24779.9,24780.4,92
1784207820,24780.9,24785.4,24770.4,24771.4,124
1784207880,24771.9,24771.9,24760.9,24762.9,140
1784207940,24763.4,24767.4,24761.9,24763.9,116
1784208000,24762.9,24772.9,24760.9,24760.9,112
1784208060,24761.4,24768.9,24759.9,24767.9,102
1784208120,24768.9,24770.9,24762.9,24765.9,124
1784208180,24764.9,24767.9,24764.9,24766.9,74
1784208240,24765.9,24765.9,24759.9,24762.9,124
1784208300,24763.9,24772.9,24760.9,24768.4,120
1784208360,24769.4,24769.9,24764.9,24767.9,136
1784208420,24767.4,24774.9,24767.4,24771.9,148
1784208480,24770.9,24777.4,24764.9,24772.9,122
1784208540,24773.4,24774.9,24766.9,24767.4,130
1784208600,24767.9,24779.9,24767.4,24768.4,172
1784208660,24768.9,24772.9,24763.9,24766.4,188
1784208720,24765.9,24767.4,24749.4,24750.9,164
1784208780,24750.4,24750.4,24729.9,24735.9,166
1784208840,24736.4,24748.9,24734.4,24746.9,154
1784208900,24747.9,24754.9,24743.4,24753.9,160
1784208960,24754.9,24761.4,24746.4,24761.4,140
1784209020,24761.9,24767.4,24760.9,24760.9,150
1784209080,24760.4,24760.4,24742.4,24751.9,162
1784209140,24750.9,24757.4,24746.9,24747.4,160
1784209200,24747.9,24760.9,24745.9,24759.9,146
1784209260,24758.9,24761.4,24739.9,24741.9,168
1784209320,24742.9,24749.4,24733.9,24744.9,178
1784209380,24745.4,24758.4,24740.9,24756.4,156
1784209440,24757.9,24765.9,24752.9,24755.9,178
1784209500,24758.9,24770.4,24757.9,24764.4,200
1784209560,24762.4,24771.4,24760.9,24764.9,174
1784209620,24764.4,24770.9,24758.4,24758.4,142
1784209680,24758.9,24765.4,24746.9,24747.9,174
1784209740,24746.9,24758.9,24745.9,24756.4,160
1784209800,24755.9,24782.9,24753.9,24777.9,180
1784209860,24776.9,24790.9,24774.9,24788.4,208
1784209920,24788.9,24798.9,24788.9,24792.9,158
1784209980,24793.4,24794.4,24778.9,24778.9,176
1784210040,24777.9,24791.9,24775.9,24775.9,186
1784210100,24775.4,24776.9,24767.4,24769.9,168
1784210160,24771.9,24785.4,24768.4,24785.4,192
1784210220,24784.9,24786.9,24763.4,24768.9,182
1784210280,24769.4,24780.9,24768.4,24776.9,152
1784210340,24777.9,24779.9,24776.4,24777.4,130
1784210400,24777.9,24786.4,24773.4,24783.4,165
1784210460,24783.9,24795.4,24778.9,24792.9,140
1784210520,24793.4,24797.4,24778.9,24782.4,182
1784210580,24781.9,24786.4,24780.4,24785.9,142
1784210640,24785.4,24787.4,24780.9,24787.4,150
1784210700,24789.4,24795.9,24782.9,24791.4,138
1784210760,24790.4,24794.4,24783.4,24785.4,134
1784210820,24784.9,24792.9,24779.9,24792.9,152
1784210880,24793.9,24800.4,24792.9,24796.9,144
1784210940,24796.4,24798.4,24780.9,24781.4,123
1784211000,24780.9,24794.9,24775.7,24790.9,154
1784211060,24789.4,24808.4,24788.4,24807.9,146
1784211120,24809.4,24817.9,24804.4,24817.4,162
1784211180,24816.9,24824.9,24809.9,24810.9,160
1784211240,24811.4,24812.7,24804.9,24812.2,150
1784211300,24811.7,24814.7,24805.7,24811.7,152
1784211360,24812.7,24818.2,24809.2,24813.7,130
1784211420,24813.2,24813.7,24802.7,24808.7,127
1784211480,24808.2,24813.7,24805.7,24807.7,132
1784211540,24806.7,24818.7,24805.7,24816.2,139
1784211600,24816.7,24816.7,24796.7,24800.2,118
1784211660,24799.7,24799.7,24792.2,24795.2,128
1784211720,24792.7,24798.7,24788.7,24798.2,152
1784211780,24798.7,24799.7,24791.7,24794.7,148
1784211840,24792.2,24797.7,24789.7,24790.7,126
1784211900,24789.2,24789.2,24779.2,24786.2,152
1784211960,24785.7,24787.7,24777.7,24787.7,142
1784212020,24789.2,24799.2,24786.7,24793.7,130
1784212080,24794.2,24800.2,24791.7,24794.7,138
1784212140,24795.7,24797.7,24790.2,24790.2,142
1784212200,24787.7,24788.2,24776.7,24779.7,148
1784212260,24781.2,24789.2,24778.7,24779.2,146
1784212320,24778.7,24786.7,24778.2,24786.7,126
1784212380,24786.2,24786.2,24776.7,24778.2,122
1784212440,24778.7,24783.7,24775.7,24780.7,139
1784212500,24781.2,24794.2,24780.7,24793.7,140
1784212560,24794.7,24795.7,24785.7,24795.2,116
1784212620,24794.7,24803.2,24789.2,24791.2,142
1784212680,24790.7,24793.7,24784.7,24786.2,118
1784212740,24786.7,24790.7,24781.7,24783.2,140
1784212800,24783.7,24788.7,24782.2,24787.7,126
1784212860,24788.2,24794.2,24784.7,24789.2,126
1784212920,24788.7,24792.2,24777.7,24780.7,122
1784212980,24780.2,24788.7,24776.2,24787.2,124
1784213040,24786.7,24793.2,24785.2,24789.2,124
1784213100,24787.7,24799.7,24781.7,24796.2,148
1784213160,24797.7,24798.7,24794.2,24798.7,108
1784213220,24798.2,24799.2,24789.2,24790.2,126
1784213280,24789.7,24792.2,24786.2,24787.2,144
1784213340,24787.7,24793.2,24787.2,24791.2,122
1784213400,24790.2,24794.7,24789.7,24793.7,134
1784213460,24795.2,24814.7,24793.7,24810.7,142
1784213520,24811.2,24816.7,24810.2,24815.2,124
1784213580,24815.7,24823.2,24815.2,24817.7,146
1784213640,24816.7,24821.2,24813.2,24814.2,120
1784213700,24813.7,24814.7,24807.2,24808.7,132
1784213760,24809.2,24820.7,24806.7,24819.7,144
1784213820,24818.7,24819.7,24812.2,24813.7,130
1784213880,24814.7,24823.7,24814.2,24816.7,122
1784213940,24817.2,24821.2,24814.2,24820.2,124
1784214000,24818.7,24819.7,24813.2,24819.2,156
1784214060,24819.7,24821.7,24811.2,24819.7,152
1784214120,24819.2,24829.2,24816.7,24819.7,154
1784214180,24820.2,24824.7,24817.7,24819.7,128
1784214240,24820.2,24830.2,24818.7,24830.2,130
1784214300,24829.7,24834.7,24824.2,24834.7,156
1784214360,24835.2,24841.7,24831.7,24838.7,144
1784214420,24839.2,24842.2,24834.2,24835.2,108
1784214480,24835.7,24840.7,24833.7,24837.2,116
1784214540,24836.7,24844.2,24836.7,24843.2,130
1784214600,24842.7,24849.2,24842.7,24843.7,108
1784214660,24843.2,24848.2,24842.2,24847.2,130
1784214720,24847.7,24852.2,24846.2,24852.2,116
1784214780,24854.2,24855.7,24848.2,24850.2,84
1784214840,24848.2,24854.7,24847.2,24853.2,104
1784214900,24854.2,24857.7,24851.2,24852.7,106
1784214960,24852.2,24853.2,24844.2,24846.7,104
1784215020,24846.2,24851.7,24842.7,24847.2,126
1784215080,24848.2,24850.7,24845.2,24845.7,110
1784215140,24846.7,24854.7,24846.7,24848.2,134
1784215200,24848.7,24853.2,24845.2,24849.2,130
1784215260,24849.7,24855.7,24844.2,24851.2,138
1784215320,24850.7,24854.2,24850.2,24854.2,74
1784215380,24853.7,24863.2,24853.2,24863.2,84
1784215440,24861.2,24865.2,24858.7,24863.2,84
1784215500,24864.2,24879.2,24864.2,24875.7,148
1784215560,24875.2,24875.2,24864.2,24865.2,110
1784215620,24867.2,24878.7,24867.2,24870.7,138
1784215680,24871.2,24878.2,24868.7,24872.2,118
1784215740,24873.2,24876.2,24864.2,24866.2,148
1784215800,24867.1,24874.1,24863.1,24872.6,158
1784215860,24873.6,24880.6,24871.1,24877.6,116
1784215920,24878.1,24885.1,24876.1,24883.1,114
1784215980,24882.6,24886.1,24880.1,24885.6,122
1784216040,24887.1,24917.6,24877.1,24917.1,189
1784216100,24912.6,24917.1,24907.1,24907.6,156
1784216160,24908.1,24909.1,24904.1,24907.1,120
1784216220,24906.6,24910.1,24903.1,24903.1,126
1784216280,24903.6,24909.6,24903.1,24908.6,78
1784216340,24908.1,24913.6,24906.1,24909.6,116
1784216400,24909.1,24920.1,24909.1,24915.6,114
1784216460,24915.1,24927.1,24914.1,24924.6,130
1784216520,24925.6,24936.6,24923.6,24936.6,84
1784216580,24937.1,24937.6,24926.1,24926.6,134
1784216640,24926.1,24928.1,24919.6,24920.1,74
1784216700,24919.1,24922.6,24908.1,24911.1,116
1784216760,24910.1,24913.1,24904.6,24905.1,118
1784216820,24904.6,24911.6,24904.1,24911.1,105
1784216880,24910.6,24913.1,24908.1,24910.6,104
1784216940,24910.1,24915.6,24906.1,24915.1,110
1784217000,24915.6,24918.6,24914.6,24916.1,112
1784217060,24917.1,24920.6,24914.6,24915.6,96
1784217120,24916.1,24916.1,24908.6,24910.6,78
1784217180,24911.1,24911.1,24906.1,24906.1,106
1784217240,24905.1,24909.1,24905.1,24905.1,82
1784217300,24904.6,24904.6,24892.1,24894.6,96
1784217360,24894.1,24895.1,24886.6,24891.1,113
1784217420,24892.1,24896.6,24890.1,24890.1,128
1784217480,24890.6,24893.1,24885.1,24885.1,80
1784217540,24882.1,24889.1,24881.1,24884.1,100
1784217600,24884.6,24885.6,24882.1,24883.6,94
1784217660,24882.6,24882.6,24876.1,24879.1,120
1784217720,24878.6,24883.1,24876.1,24879.1,118
1784217780,24878.6,24881.6,24877.6,24879.6,126
1784217840,24879.1,24880.6,24868.1,24868.1,130
1784217900,24871.6,24872.6,24858.1,24859.6,148
1784217960,24860.1,24872.1,24859.6,24871.6,146
1784218020,24872.6,24875.6,24868.6,24873.6,102
1784218080,24874.6,24885.1,24873.6,24882.1,92
1784218140,24882.6,24885.6,24880.1,24880.6,104
1784218200,24880.1,24880.1,24876.1,24878.1,78
1784218260,24879.1,24879.1,24871.6,24872.6,120
1784218320,24872.1,24872.6,24863.6,24866.6,94
1784218380,24867.1,24868.6,24863.6,24867.6,92
1784218440,24868.6,24868.6,24858.6,24862.6,92
1784218500,24861.6,24868.1,24857.6,24868.1,136
1784218560,24868.6,24870.1,24863.6,24869.6,76
1784218620,24869.1,24869.6,24865.1,24868.6,106
1784218680,24867.6,24873.6,24867.1,24873.1,82
1784218740,24873.6,24873.6,24853.6,24861.6,123
1784218800,24860.1,24861.1,24833.6,24833.6,212
1784218860,24835.6,24849.1,24835.6,24847.6,160
1784218920,24848.1,24848.1,24840.6,24844.6,108
1784218980,24846.1,24852.1,24845.6,24850.6,132
1784219040,24851.6,24853.1,24843.6,24845.6,114
1784219100,24846.1,24847.6,24840.6,24847.1,112
1784219160,24847.6,24854.6,24845.6,24850.6,120
1784219220,24849.6,24859.6,24849.6,24858.1,104
1784219280,24857.6,24857.6,24852.6,24856.1,102
1784219340,24857.1,24858.1,24850.6,24852.1,106
1784219400,24852.6,24855.6,24850.1,24853.1,114
1784219460,24853.6,24860.6,24850.1,24859.1,98
1784219520,24860.1,24863.6,24859.1,24862.1,102
1784219580,24862.6,24863.1,24847.6,24849.1,102
1784219640,24851.1,24858.6,24849.6,24857.6,106
1784219700,24858.6,24860.6,24854.6,24858.6,94
1784219760,24857.6,24861.6,24854.6,24861.6,96
1784219820,24861.1,24867.6,24860.6,24867.1,104
1784219880,24868.6,24872.1,24864.6,24871.6,107
1784219940,24871.1,24872.1,24862.6,24862.6,122
1784220000,24863.6,24864.6,24860.6,24863.6,112
1784220060,24864.6,24871.6,24862.6,24862.6,124
1784220120,24863.1,24863.6,24857.6,24859.6,106
1784220180,24860.6,24866.6,24859.1,24865.1,114
1784220240,24864.6,24870.6,24864.6,24868.6,100
1784220300,24869.1,24875.1,24869.1,24869.6,86
1784220360,24868.1,24873.1,24864.6,24873.1,86
1784220420,24873.6,24875.1,24871.1,24874.6,86
1784220480,24874.1,24878.1,24873.1,24877.1,84
1784220540,24877.6,24880.1,24874.1,24877.6,116
1784220600,24877.1,24883.6,24872.6,24883.1,132
1784220660,24882.6,24886.1,24879.6,24882.6,92
1784220720,24883.6,24889.6,24881.6,24886.1,114
1784220780,24885.6,24889.6,24884.6,24888.6,78
1784220840,24889.6,24893.6,24886.6,24891.6,100
1784220900,24893.6,24904.1,24892.6,24901.6,136
1784220960,24901.1,24904.1,24897.6,24904.1,104
1784221020,24905.6,24911.1,24904.6,24909.6,98
1784221080,24908.6,24912.1,24905.6,24905.6,134
1784221140,24906.6,24908.6,24903.6,24906.1,86
1784221200,24907.1,24910.1,24899.6,24900.1,112
1784221260,24901.1,24909.1,24900.6,24905.6,96
1784221320,24904.6,24905.1,24901.1,24903.1,88
1784221380,24903.6,24909.1,24902.1,24906.6,78
1784221440,24906.1,24909.6,24904.1,24908.1,82
1784221500,24908.6,24908.6,24898.6,24901.6,96
1784221560,24902.6,24903.6,24894.1,24903.1,104
1784221620,24902.6,24907.6,24902.6,24903.1,64
1784221680,24902.1,24912.1,24902.1,24911.1,74
1784221740,24910.6,24911.6,24907.6,24909.6,68
1784221800,24910.1,24910.6,24905.1,24905.1,40
1784221860,24905.6,24906.6,24898.5,24900,78
1784221920,24900.5,24902,24898.5,24900,88
1784221980,24899.5,24902.5,24897,24897.5,78
1784222040,24895.5,24897,24894,24896,68
1784222100,24895.5,24904.5,24894,24904,108
1784222160,24903.5,24903.5,24896.5,24900.5,86
1784222220,24901,24901,24896,24899,80
1784222280,24899.5,24903.5,24899,24903,86
1784222340,24904,24907,24903,24906.5,86
1784222400,24906,24907,24904,24904,74
1784222460,24904.5,24905.5,24901,24902,94
1784222520,24901.5,24903,24899.5,24902,72
1784222580,24902.5,24904,24899,24901,100
1784222640,24900.5,24903.5,24900.5,24902.5,66
1784222700,24901,24903.5,24889.5,24893.5,114
1784222760,24893,24902,24893,24901,108
1784222820,24900.5,24906,24899,24903.5,104
1784222880,24904,24910,24902.5,24909,84
1784222940,24909.5,24911,24906,24910,68
1784223000,24910.5,24912.5,24908.5,24909,96
1784223060,24910,24913,24906.5,24912.5,110
1784223120,24913.5,24914.5,24905,24905,46
1784223180,24904,24906,24898.5,24898.5,95
1784223240,24899,24899.5,24895,24898,70
1784223300,24898.5,24898.5,24896.5,24897,74
1784223360,24898,24899.5,24896,24896,54
1784223420,24895.5,24896.5,24893,24894,76
1784223480,24893,24896,24890.5,24891.5,84
1784223540,24891,24891,24883.5,24889.5,88
1784223600,24888.5,24889.5,24884,24886,118
1784223660,24886.5,24887,24883.5,24887,100
1784223720,24885.5,24889,24877,24879,126
1784223780,24879.5,24883,24873.5,24881.5,82
1784223840,24881,24885.5,24880,24885,100
1784223900,24886.5,24886.5,24875.5,24877,114
1784223960,24876.5,24885,24876,24885,108
1784224020,24885.5,24890,24885,24886.5,58
1784224080,24885.5,24891.5,24882.5,24891.5,108
1784224140,24893,24894,24887.5,24888.5,104
1784224200,24889,24890.5,24885.5,24886,92
1784224260,24884.5,24888,24884.5,24886,66
1784224320,24885,24886.5,24882,24884,66
1784224380,24884.5,24892.5,24884,24890.5,82
1784224440,24891.5,24893.5,24889,24889.5,46
1784224500,24888.5,24889,24882,24885.5,88
1784224560,24885,24885.5,24884,24885,56
1784224620,24884.5,24885,24876,24876,72
1784224680,24877.5,24882,24877,24882,68
1784224740,24881.5,24885,24881,24882,68
1784224800,24883.5,24884.5,24877.5,24882.5,128
1784224860,24883,24884,24879.5,24880.5,86
1784224920,24881,24881,24872.5,24873.5,74
1784224980,24872.5,24873.5,24868.5,24869.5,108
1784225040,24870,24871,24862.5,24863,74
1784225100,24862.5,24865.5,24860,24861,86
1784225160,24860.5,24867.5,24859,24864.5,94
1784225220,24865,24869.5,24861.5,24869,160
1784225280,24868.5,24873,24865.5,24872.5,120
1784225340,24873,24878.5,24873,24873,108
1784225400,24873.5,24875.5,24871,24871.5,108
1784225460,24870.5,24883.5,24870.5,24880.5,110
1784225520,24880,24883.5,24878.5,24879.5,100
1784225580,24879,24882.5,24878,24882.5,108
1784225640,24883,24884,24872.5,24872.5,74
1784225700,24873,24873,24867.5,24869,114
1784225760,24869.5,24883,24868.5,24882.5,106
1784225820,24883,24883,24878.5,24880.5,80
1784225880,24881,24883.5,24877.5,24881,106
1784225940,24880.5,24887,24880,24885,94
1784226000,24884.5,24890.5,24883.5,24888.5,110
1784226060,24889,24893.5,24889,24892.5,90
1784226120,24892,24895.5,24891.5,24894.5,86
1784226180,24894,24894.5,24888.5,24891.5,118
1784226240,24891,24893.5,24889.5,24892,100
1784226300,24891.5,24896.5,24888.5,24888.5,98
1784226360,24888,24895.5,24888,24894,98
1784226420,24894.5,24896,24891.5,24892,110
1784226480,24892.5,24894.5,24888,24888.5,110
1784226540,24889,24889.5,24886,24887,82
1784226600,24886.5,24887,24879.5,24882.5,90
1784226660,24882,24883.5,24880,24882,94
1784226720,24881.5,24883.5,24878.5,24879.5,116
1784226780,24879,24883,24877.5,24880.5,84
1784226840,24879.5,24883,24877.5,24881,90
1784226900,24880.5,24882,24877.5,24881.5,104
1784226960,24881,24882.5,24874.5,24877,90
1784227020,24876,24878.5,24874,24876.5,94
1784227080,24877,24878.5,24876,24877.5,104
1784227140,24877,24878.5,24870.5,24870.5,72
1784227200,24871.5,24871.5,24862.5,24865.5,124
1784227260,24864.5,24867.5,24863,24867.5,96
1784227320,24868,24876.5,24865.5,24875.5,100
1784227380,24876,24882,24876,24877.5,92
1784227440,24877,24880.5,24876.5,24878.5,94
1784227500,24877.5,24881.5,24875.5,24878.5,88
1784227560,24879,24879.5,24876.5,24877.5,70
1784227620,24876.5,24879.5,24875.5,24877.5,60
1784227680,24876.5,24883,24876.5,24880.5,70
1784227740,24879.5,24882.5,24878.5,24879.5,50
1784227800,24881,24888.5,24880.5,24888.5,88
1784227860,24889,24889,24885.5,24885.5,66
1784227920,24885,24885,24879,24880.5,94
1784227980,24880,24880.5,24874.5,24876.5,114
1784228040,24875.5,24877.5,24874.5,24876,82
1784228100,24875.5,24877,24873.5,24874.5,98
1784228160,24875.5,24878,24873.5,24877.5,102
1784228220,24878,24878,24871.5,24874.5,84
1784228280,24873.5,24876.5,24873.5,24876.5,66
1784228340,24875.5,24875.5,24871.5,24874,68
1784228400,24873.5,24879.5,24872.5,24879.5,74
1784228460,24880,24880.5,24873.5,24876,98
1784228520,24876.5,24883,24875.5,24880.5,90
1784228580,24879.5,24882.5,24877.5,24882.5,64
1784228640,24883.5,24884.5,24881.5,24882.5,88
1784228700,24881.5,24885.5,24879,24884.5,88
1784228760,24883.5,24883.5,24873.5,24874.5,96
1784228820,24875.5,24876,24868.5,24870.5,118
1784228880,24871,24873,24868.5,24872,104
1784228940,24872.5,24872.5,24869.5,24869.5,86
1784229000,24870.5,24870.5,24866.5,24867.5,92
1784229060,24868.5,24871.5,24866.5,24869,84
1784229120,24869.5,24871.5,24866.5,24866.5,118
1784229180,24867,24872,24866,24866,80
1784229240,24865.5,24870.5,24865.5,24870.5,68
1784229300,24869.5,24870,24866.5,24869.5,96
1784229360,24869,24872.5,24869,24869.5,82
1784229420,24870.5,24872.5,24866.5,24867,90
1784229480,24866.5,24874.5,24866,24874.5,78
1784229540,24873.5,24875.5,24873,24873.5,64
1784229600,24872.5,24876,24872,24872.5,104
1784229660,24871.5,24879,24871.5,24878.5,90
1784229720,24879,24879.5,24874.5,24875.5,76
1784229780,24876.5,24877.5,24872.5,24872.5,78
1784229840,24872,24872.5,24868.5,24872.5,74
1784229900,24871.5,24872.5,24864.5,24866.5,90
1784229960,24866,24869,24864.5,24864.5,42
1784230020,24863.5,24868.5,24861.5,24867.5,90
1784230080,24868.5,24869.5,24866.5,24867.5,82
1784230140,24868.5,24871.5,24868.5,24869.5,86
1784230200,24869,24870,24859.5,24865.5,110
1784230260,24866,24866.5,24856.5,24857,92
1784230320,24856.5,24860.5,24855.5,24859,72
1784230380,24858,24860.5,24856,24857.5,102
1784230440,24857,24858.5,24850.5,24850.5,102
1784230500,24849.5,24850.5,24842.5,24846.5,108
1784230560,24847.5,24854,24847.5,24852,90
1784230620,24851.5,24857.5,24851,24857.5,92
1784230680,24858,24866.5,24858,24866.5,112
1784230740,24867,24868.5,24862.5,24864.5,96
1784230800,24863.5,24863.5,24859.5,24863,114
1784230860,24864.5,24868.5,24861.5,24864.5,108
1784230920,24863.5,24868.5,24863.5,24868.5,104
1784230980,24869.5,24871.5,24867,24869,88
1784231040,24868.5,24868.5,24862.5,24862.5,68
1784231100,24863.5,24863.5,24854.5,24857,92
1784231160,24856,24860,24850,24852.5,90
1784231220,24853,24853,24834,24835.5,90
1784231280,24835,24835,24825.5,24827.5,112
1784231340,24828,24837.5,24824,24837.5,106
1784231400,24838,24853,24835.5,24852.5,174
1784231460,24852,24860,24851.5,24859,126
1784231520,24857.5,24867,24857,24864.5,124
1784231580,24864,24869,24859.5,24866,108
1784231640,24866.5,24874,24865.5,24873,130
1784231700,24873.5,24879.5,24870.5,24873.5,136
1784231760,24874,24875.5,24868.5,24874,84
1784231820,24878.5,24878.5,24872.5,24872.5,94
1784231880,24873,24877.5,24871.5,24877.5,100
1784231940,24876,24883.5,24875,24879,100
1784232000,24876.9,24882,24871.9,24873.1,146
1784232060,24873.8,24881.1,24860.8,24864.2,160
1784232120,24863.8,24863.8,24855.2,24857.1,163
1784232180,24856.9,24863.2,24855,24862,140
1784232240,24861.3,24862.5,24854.6,24862,135
1784232300,24861.3,24862.5,24855.6,24855.9,116
1784232360,24855.6,24857.8,24855.2,24857.3,106
1784232420,24857.8,24863,24857.8,24859.9,122
1784232480,24860.4,24862.5,24860.4,24861.1,102
1784232540,24861.3,24861.3,24859,24859.9,102
1784232600,24860.4,24861.8,24857.5,24858.5,110
1784232660,24857.8,24858.2,24855.4,24856.8,86
1784232720,24856.6,24859.2,24856.1,24857.5,112
1784232780,24857.3,24857.8,24855.4,24855.4,82
1784232840,24855.9,24859,24855.2,24855.9,136
1784232900,24856.8,24859.7,24849.3,24850.9,110
1784232960,24851.9,24857.8,24851.4,24857.1,74
1784233020,24856.8,24859,24854.9,24854.9,62
1784233080,24854.2,24858.3,24853.8,24856.8,84
1784233140,24856.6,24856.6,24854.2,24854.9,70
1784233200,24854.7,24859.4,24854.7,24857.3,64
1784233260,24858.3,24863,24856.4,24857.1,68
1784233320,24856.4,24858.7,24854.9,24858.3,86
1784233380,24858.5,24860.9,24858.5,24859.9,38
1784233440,24860.2,24861.3,24857.1,24857.3,32
1784233500,24858,24858.5,24854.9,24855.2,64
1784233560,24854.7,24859.6,24854,24858.9,16
1784233620,24859.6,24860.1,24857,24857.3,24
1784233680,24857,24857.3,24852.1,24852.3,46
1784233740,24853,24853,24851.4,24852.8,24
1784233800,24854.2,24854.9,24850.6,24852.1,84
1784233860,24852.5,24853,24850.9,24851.1,70
1784233920,24850.9,24855.4,24850.6,24854.4,92
1784233980,24855.4,24855.6,24851.4,24854,72
1784234040,24853.2,24855.4,24853,24853.5,44
1784234100,24854,24856.1,24853.5,24855.8,54
1784234160,24856.3,24856.3,24853.7,24854.4,70
1784234220,24854.9,24859.4,24854.4,24856.8,50
1784234280,24857,24857,24854.9,24854.9,32
1784234340,24854.7,24856.8,24854.4,24855.4,46
1784234400,24855.6,24856.3,24854.9,24854.9,60
1784234460,24854.4,24855.6,24853,24853.7,44
1784234520,24853,24855.4,24853,24854.9,58
1784234580,24854,24855.4,24854,24855.4,22
1784234640,24855.1,24855.6,24854,24854.4,32
1784234700,24855.4,24857.7,24854.9,24857.7,32
1784234760,24858,24858,24856.3,24856.8,48
1784234820,24857,24857,24853,24854.4,70
1784234880,24856.1,24857,24854.9,24857,62
1784234940,24856.8,24860.1,24852.7,24853.6,89
1784235000,24859.6,24860.3,24852.5,24852.5,39
1784235060,24851.5,24851.5,24848.5,24850.8,38
1784235120,24849.9,24853.2,24849.4,24853.2,46
1784235180,24853,24854.4,24851.3,24853.4,42
1784235240,24853.7,24856.5,24852.7,24856,74
1784235300,24855.8,24856,24851.5,24852,50
1784235360,24852.7,24855.3,24852.3,24854.2,38
1784235420,24853.9,24854.6,24851.5,24852.7,34
1784235480,24853.2,24853.9,24851.3,24851.3,64
1784239320,24865.4,24870.4,24861.9,24864.7,62
1784239380,24865,24871.8,24864.7,24871.4,84
1784239440,24869.5,24870.6,24866.6,24867.1,78
1784239500,24867.6,24867.6,24864.2,24864.5,80
1784239560,24863.8,24867.3,24863.3,24867.3,84
1784239620,24867.8,24869.2,24867.1,24869,34
1784239680,24868,24868.7,24864.7,24864.7,62
1784239740,24865,24865.9,24864.5,24864.5,44
1784239800,24865.2,24866.6,24862.6,24863.3,60
1784239860,24862.4,24864,24860.5,24862.8,48
1784239920,24863.5,24865.4,24863.3,24865.2,28
1784239980,24865,24865.9,24861.6,24863.1,68
1784240040,24863.3,24864,24861.4,24863.5,48
1784240100,24864,24864.5,24862.4,24863.5,66
1784240160,24863.8,24864.2,24862.6,24862.6,42
1784240220,24861.2,24861.2,24857.9,24859,70
1784240280,24860.2,24860.7,24858.6,24859.5,54
1784240340,24860.2,24860.9,24855.6,24856.6,42
1784240400,24856.4,24856.8,24855.9,24856.8,36
1784240460,24857.1,24857.3,24854,24856.6,60
1784240520,24856.8,24858.2,24856.1,24858.2,24
1784240580,24859.4,24862.3,24859.2,24862,20
1784240640,24862.3,24862.7,24861.8,24862.3,52
1784240700,24862.5,24863.5,24856.6,24856.6,42
1784240760,24856.3,24858.5,24856.3,24858.2,58
1784240820,24858.7,24858.7,24857.5,24858.7,38
1784240880,24858,24858,24855.1,24856.6,52
1784240940,24856.3,24857,24855.1,24856.3,56
1784241000,24856.6,24857.3,24854.4,24854.7,50
1784241060,24854.9,24854.9,24851.6,24851.8,50
1784241120,24852.1,24855.1,24850.6,24854.7,88
1784241180,24854.4,24854.9,24852.1,24852.5,36
1784241240,24852.3,24852.3,24851.1,24852.3,28
1784241300,24852.5,24852.5,24849.2,24849.7,50
1784241360,24849.9,24851.6,24849.7,24850.4,28
1784241420,24849.2,24852.8,24849.2,24852.1,44
1784241480,24852.3,24852.8,24850.9,24851.4,22
1784241540,24851.1,24851.4,24850.9,24851.1,16
1784241600,24851.4,24852.3,24850.6,24851.1,36
1784241660,24851.6,24851.6,24848.5,24848.5,46
1784241720,24848.8,24849.9,24847.3,24849.9,40
1784241780,24849.7,24850.9,24848.3,24850.4,52
1784241840,24849.9,24852.1,24849,24851.8,52
1784241900,24851.6,24851.6,24848.8,24850.4,40
1784241960,24850.2,24851.4,24847.8,24849.7,40
1784242020,24849.2,24849.2,24847.1,24847.6,46
1784242080,24847.1,24848.5,24844.3,24846.9,42
1784242140,24847.1,24847.8,24845.2,24846.1,56
1784242200,24846.4,24847.1,24844.5,24846.4,56
1784242260,24845.9,24845.9,24844,24844.7,30
1784242320,24844.5,24845.4,24843.1,24843.5,30
1784242380,24843.3,24848.6,24841.9,24845.8,50
1784242440,24845.3,24846.5,24844.1,24844.6,42
1784242500,24845.3,24846.2,24845.3,24845.5,42
1784242560,24845.3,24845.3,24843.9,24843.9,26
1784242620,24844.4,24845.3,24843.6,24844.6,42
1784242680,24845.3,24849.1,24845.3,24847.2,42
1784242740,24847.7,24847.9,24846,24847.9,28
1784242800,24849.1,24849.1,24845.1,24847.2,54
1784242860,24847,24847,24845.1,24845.1,46
1784242920,24845.3,24847.9,24845.3,24847.2,34
1784242980,24847,24847,24845.1,24845.8,26
1784243040,24845.3,24846.2,24842,24842.9,42
1784243100,24843.2,24843.9,24841.5,24842,44
1784243160,24841.7,24842.5,24841,24842,24
1784243220,24842.5,24842.9,24842.2,24842.5,22
1784243280,24842.9,24844.1,24841,24841,18
1784243340,24841.3,24841.5,24835.8,24836.8,42
1784243400,24837,24837.5,24836.3,24837.2,44
1784243460,24837,24837.2,24835.6,24835.8,22
1784243520,24836.1,24837.5,24836.1,24837.5,12
1784243580,24837.7,24841.5,24837.2,24841.5,40
1784243640,24842,24842.7,24840.6,24841,36
1784243700,24841.3,24841.5,24840.1,24841.5,12
1784243760,24840.6,24841,24840.1,24840.3,14
1784243820,24840.1,24840.1,24839.6,24839.6,14
1784243880,24840.6,24841.3,24838.4,24838.4,26
1784243940,24838.9,24840.1,24838.9,24840.1,18
1784244000,24840.3,24841,24833.6,24833.6,25
1784244060,24839.6,24839.9,24838.9,24839.1,27
1784244120,24839.4,24839.4,24830.3,24830.3,44
1784244180,24830.1,24835.8,24827.5,24833,73
1784244240,24833.5,24833.7,24827.8,24828.3,48
1784244300,24828,24830.6,24827.1,24830.6,32
1784244360,24829.4,24829.4,24826.4,24828,64
1784244420,24828.3,24831.6,24828,24830.9,66
1784244480,24831.1,24832,24829.9,24831.6,36
1784244540,24831.8,24832.5,24830.4,24830.9,56
1784244600,24830.6,24830.9,24827.1,24828,56
1784244660,24828.3,24830.9,24828.3,24828.5,46
1784244720,24828.3,24829.2,24820.6,24829.2,71
1784244780,24829.4,24829.9,24817.7,24823.2,50
1784244840,24823.7,24826.1,24822.5,24824.7,52
1784244900,24824.2,24825.1,24821.8,24821.8,30
1784244960,24821.3,24822.5,24819.9,24820.9,40
1784245020,24820.4,24820.4,24817.8,24819.2,50
1784245080,24819.5,24823,24819.5,24822.3,80
1784245140,24822.8,24823.5,24821.8,24823.2,51
1784245200,24823,24834,24822.3,24833.7,64
1784245260,24833.3,24834,24831.6,24832.3,56
1784245320,24832.1,24833,24830.9,24832.8,30
1784245380,24832.5,24832.5,24829,24829.7,44
1784245440,24829.5,24830.4,24829.2,24829.9,30
1784245500,24830.2,24830.2,24823.1,24823.5,102
1784245560,24824.3,24827.8,24823.5,24827.8,86
1784245620,24828,24828.8,24827.1,24827.1,76
1784245680,24827.3,24827.3,24823.3,24824,50
1784245740,24823.8,24824.5,24823.3,24824.5,46
1784245800,24824.3,24831.6,24824.3,24831.4,88
1784245860,24830.9,24832.5,24830.4,24831.1,66
1784245920,24830.4,24833.5,24830.4,24830.9,58
1784245980,24830.6,24831.8,24824.8,24824.8,46
1784246040,24825,24828.4,24823.9,24827.7,62
1784246100,24827.2,24827.7,24823.9,24824.8,60
1784246160,24824.6,24824.8,24823.9,24824.3,38
1784246220,24823.9,24824.3,24819.6,24822.4,68
1784246280,24822.7,24822.9,24820.5,24821.3,38
1784246340,24821,24822.9,24820.1,24822.2,58
1784246400,24822.7,24834.6,24822.4,24833.7,162
1784246460,24833.9,24834.6,24828.5,24828.9,124
1784246520,24829.4,24831.3,24829.4,24830.8,108
1784246580,24831.3,24834.2,24827.5,24834.2,140
1784246640,24833.7,24833.7,24824.7,24824.9,118
1784246700,24825.2,24827.1,24810.4,24818.8,145
1784246760,24819,24819,24809.5,24812.4,140
1784246820,24811.9,24811.9,24803.1,24805.5,136
1784246880,24805.7,24807.4,24803.1,24805.3,142
1784246940,24806,24807.2,24803.6,24805,128
1784247000,24805.5,24806.9,24794.4,24794.6,140
1784247060,24794.4,24799,24791.5,24798,136
1784247120,24798.5,24799.9,24797.3,24799.4,136
1784247180,24800.2,24800.2,24796.6,24798.3,104
1784247240,24798,24800.9,24797.3,24799.4,120
1784247360,24796.6,24805.6,24793.6,24803.6,66
1784247420,24802.6,24820.6,24798.6,24815.1,86
1784247480,24814.6,24819.6,24808.1,24808.1,66
1784247540,24807.1,24811.6,24807.1,24811.6,24
1784247600,24811.1,24817.6,24810.6,24817.1,30
1784247660,24817.6,24821.6,24810.6,24812.6,64
1784247720,24811.6,24820.1,24811.6,24820.1,32
1784247780,24819.6,24825.6,24819.6,24822.6,62
1784247840,24819.1,24819.1,24811.1,24813.1,34
1784247900,24813.6,24813.6,24810.1,24813.1,30
1784247960,24814.6,24814.6,24810.6,24811.6,14
1784248020,24809.6,24809.6,24806.6,24806.6,14
1784248080,24808.6,24808.6,24805.1,24808.1,30
1784248140,24807.6,24807.6,24798.1,24798.1,40
1784248200,24801.1,24801.1,24796.1,24796.6,62
1784248260,24797.1,24800.6,24795.6,24799.1,48
1784248320,24800.1,24800.6,24796.6,24798.1,36
1784248380,24797.6,24807.6,24797.6,24799.1,40
1784248440,24798.6,24802.1,24795.6,24796.1,52
1784248500,24795.1,24795.1,24789.6,24790.1,14
1784248560,24789.6,24793.6,24789.6,24792.6,20
1784248620,24794.6,24796.1,24793.1,24793.6,28
1784248680,24794.1,24798.1,24794.1,24797.1,42
1784248740,24797.6,24797.6,24792.6,24792.6,40
1784248800,24792.1,24793.6,24785.1,24785.1,70
1784248860,24784.6,24785.1,24781.1,24781.6,40
1784248920,24781.1,24781.1,24777.1,24781.1,44
1784248980,24785.6,24785.6,24780.6,24781.6,14
1784249040,24782.1,24786.1,24781.6,24783.1,52
1784249100,24784.1,24790.6,24783.6,24785.6,44
1784249160,24787.6,24791.6,24787.6,24791.6,16
1784249220,24790.6,24790.6,24786.1,24786.1,42
1784249280,24786.6,24792.1,24786.6,24792.1,32
1784249340,24791.1,24794.6,24789.6,24794.6,24
1784249400,24793.6,24798.1,24788.6,24797.6,38
1784249460,24798.1,24800.1,24797.6,24799.6,12
1784249520,24801.1,24801.1,24801.1,24801.1,2
1784249580,24800.6,24807.1,24800.6,24806.6,16
1784249640,24805.6,24806.6,24805.1,24806.6,14
1784249700,24807.1,24816.6,24807.1,24816.6,14
1784249760,24817.1,24819.1,24813.1,24813.1,36
1784249820,24810.1,24810.1,24804.6,24807.1,28
1784249880,24808.1,24808.1,24807.6,24807.6,4
1784249940,24805.6,24810.6,24805.6,24806.6,16
1784250000,24807.6,24808.1,24803.1,24808.1,20
1784250060,24807.6,24817.6,24807.6,24816.6,28
1784250120,24818.1,24827.1,24812.6,24814.6,62
1784250180,24813.6,24823.1,24812.6,24821.1,44
1784250240,24818.6,24819.6,24812.6,24812.6,42
1784250300,24811.6,24811.6,24799.1,24806.1,72
1784250360,24807.1,24807.1,24798.6,24799.6,58
1784250420,24797.1,24798.6,24789.6,24797.6,80
1784250480,24798.6,24808.1,24798.6,24807.1,52
1784250540,24808.1,24808.1,24799.6,24804.6,46
1784250600,24805.6,24808.6,24803.6,24805.1,72
1784250660,24804.1,24809.1,24803.1,24809.1,66
1784250720,24808.6,24810.1,24806.1,24807.6,64
1784250780,24808.1,24809.6,24805.1,24809.1,64
1784250840,24809.6,24810.1,24801.6,24803.6,82
1784250900,24804.6,24814.6,24804.6,24812.1,48
1784250960,24811.1,24814.6,24807.1,24812.6,60
1784251020,24812.1,24814.1,24807.1,24810.1,68
1784251080,24807.1,24811.1,24807.1,24809.1,48
1784251140,24806.1,24810.1,24806.1,24809.6,64
1784251200,24809.1,24809.1,24804.6,24804.6,22
1784251260,24803.1,24804.1,24802.6,24804.1,10
1784251320,24803.1,24805.6,24796.6,24799.1,56
1784251380,24798.1,24800.1,24794.6,24798.1,28
1784251440,24796.6,24797.6,24792.1,24796.6,36
1784251500,24797.1,24798.1,24791.6,24791.6,42
1784251560,24792.6,24793.1,24790.1,24791.1,36
1784251620,24791.6,24798.1,24790.6,24798.1,48
1784251680,24798.6,24799.1,24795.6,24797.1,62
1784251740,24796.1,24799.6,24796.1,24798.6,28
1784251800,24798.1,24799.1,24787.6,24790.6,72
1784251860,24789.6,24789.6,24787.6,24788.1,30
1784251920,24789.1,24791.1,24785.6,24787.1,28
1784251980,24786.1,24787.6,24781.6,24782.1,42
1784252040,24780.6,24781.6,24775.1,24775.1,18
1784252100,24774.6,24776.6,24773.1,24776.6,46
1784252160,24776.1,24776.6,24773.6,24774.6,32
1784252220,24779.1,24783.1,24778.6,24781.1,42
1784252280,24783.6,24784.1,24772.1,24773.1,66
1784252340,24772.1,24775.1,24771.1,24773.6,62
1784252400,24773.1,24776.1,24768.6,24768.6,64
1784252460,24767.6,24768.6,24765.1,24766.6,22
1784252520,24765.6,24767.6,24765.1,24767.6,32
1784252580,24768.6,24773.6,24768.6,24769.6,40
1784252640,24769.1,24769.6,24759.1,24759.1,42
1784252700,24758.6,24759.1,24753.6,24754.6,46
1784252760,24755.6,24756.6,24747.1,24747.1,44
1784252820,24756.1,24756.1,24740.1,24747.6,58
1784252880,24746.1,24759.1,24746.1,24759.1,84
1784252940,24758.1,24758.1,24742.1,24742.1,50
1784253000,24741.1,24745.6,24740.1,24741.6,38
1784253060,24741.1,24742.1,24738.6,24738.6,14
1784253120,24739.6,24741.1,24731.1,24733.6,32
1784253180,24734.6,24734.6,24731.6,24733.6,24
1784253240,24734.1,24734.1,24726.1,24731.6,42
1784253300,24732.1,24733.1,24729.6,24733.1,32
1784253360,24734.1,24734.1,24734.1,24734.1,2
1784253420,24737.6,24741.6,24737.6,24740.1,32
1784253480,24741.1,24741.1,24736.1,24736.6,28
1784253540,24735.1,24737.1,24733.1,24735.6,24
1784253600,24736.1,24751.1,24735.6,24750.6,76
1784253660,24749.6,24750.1,24743.6,24745.1,34
1784253720,24745.6,24748.6,24745.1,24748.1,20
1784253780,24748.6,24750.1,24746.6,24749.6,42
1784253840,24750.1,24750.1,24746.6,24749.1,18
1784253900,24751.1,24751.1,24747.1,24748.6,46
1784253960,24745.1,24746.1,24740.1,24742.1,46
1784254020,24742.6,24742.6,24739.1,24741.6,24
1784254080,24740.6,24743.6,24737.6,24738.6,40
1784254140,24739.6,24742.6,24739.6,24739.6,14
1784254200,24737.1,24737.6,24734.1,24736.1,18
1784254260,24735.1,24736.6,24734.1,24735.6,20
1784254320,24734.6,24737.1,24734.6,24737.1,10
1784254380,24737.6,24739.6,24735.6,24736.6,20
1784254440,24735.6,24736.1,24732.6,24735.6,26
1784254500,24736.1,24737.1,24735.1,24736.6,24
1784254560,24737.6,24738.6,24736.1,24738.1,18
1784254620,24737.1,24740.1,24736.6,24738.1,16
1784254680,24737.1,24737.1,24733.1,24733.1,14
1784254740,24735.1,24736.1,24733.6,24736.1,16
1784254800,24735.1,24735.1,24729.1,24731.1,30
1784254860,24730.6,24731.6,24724.1,24725.6,28
1784254920,24726.6,24727.1,24724.6,24726.1,18
1784254980,24727.6,24729.6,24725.1,24727.1,20
1784255040,24727.6,24729.6,24726.1,24729.6,32
1784255100,24728.6,24731.1,24727.6,24731.1,18
1784255160,24732.1,24732.1,24728.1,24728.1,14
1784255220,24728.6,24729.6,24725.6,24726.6,18
1784255280,24727.1,24730.1,24727.1,24730.1,24
1784255340,24731.1,24731.1,24727.6,24727.6,14
1784255400,24728.1,24728.1,24725.1,24727.1,18
1784255460,24726.1,24728.6,24725.6,24725.6,16
1784255520,24725.1,24725.6,24723.1,24725.6,24
1784255580,24724.1,24724.6,24722.6,24722.6,16
1784255640,24721.6,24724.6,24717.1,24719.6,20
1784255700,24718.6,24720.6,24718.1,24720.6,6
1784255760,24719.6,24722.6,24719.6,24721.6,10
1784255820,24720.6,24720.6,24715.6,24717.6,16
1784255880,24718.1,24721.6,24718.1,24720.1,18
1784255940,24719.1,24719.6,24717.1,24719.1,14
1784256000,24719.6,24722.1,24718.1,24722.1,22
1784256120,24721.1,24722.1,24720.6,24721.1,22
1784256180,24720.1,24730.6,24720.1,24730.1,44
1784256240,24731.1,24734.1,24730.1,24734.1,14
1784256300,24734.6,24736.1,24726.6,24727.6,28
1784256360,24726.6,24726.6,24722.6,24725.1,24
1784256420,24725.6,24728.1,24725.6,24726.1,16
1784256480,24725.6,24726.6,24717.1,24717.1,26
1784256540,24719.1,24724.1,24719.1,24724.1,12
1784256600,24729.6,24729.6,24721.6,24721.6,14
1784256660,24721.1,24723.6,24721.1,24723.6,20
1784256720,24721.6,24723.1,24721.1,24721.1,16
1784256780,24721.6,24724.6,24719.6,24721.6,28
1784256840,24721.1,24723.1,24721.1,24721.6,14
1784256900,24717.6,24720.1,24717.1,24719.6,22
1784256960,24718.6,24718.6,24715.6,24716.1,22
1784257020,24716.6,24721.1,24716.6,24721.1,10
1784257080,24722.1,24723.6,24722.1,24722.6,10
1784257140,24723.1,24724.6,24723.1,24724.6,16
1784257200,24726.6,24729.6,24726.6,24728.6,12
1784257260,24727.1,24727.6,24726.1,24727.6,10
1784257320,24730.1,24732.1,24730.1,24732.1,28
1784257380,24733.1,24735.6,24731.6,24733.1,30
1784257440,24732.1,24738.1,24732.1,24738.1,22
1784257500,24738.6,24745.1,24738.6,24744.6,22
1784257560,24746.1,24747.6,24745.1,24747.1,36
1784257620,24747.6,24751.6,24747.6,24751.6,26
1784257680,24749.6,24750.6,24748.6,24750.1,18
1784257740,24751.6,24752.1,24750.1,24752.1,12
1784257800,24750.6,24751.6,24750.6,24751.1,18
1784257860,24750.6,24750.6,24748.6,24748.6,8
1784257920,24748.1,24748.1,24747.1,24747.1,6
1784258100,24747.6,24751.6,24747.6,24751.6,6
1784258160,24752.6,24754.1,24752.6,24753.6,8
1784258280,24755.1,24756.1,24755.1,24756.1,10
1784258340,24757.1,24757.1,24757.1,24757.1,2
1784258460,24757.6,24757.6,24757.6,24757.6,2
1784258520,24757.1,24768.6,24757.1,24768.6,18
1784258580,24772.1,24773.6,24769.6,24769.6,32
1784258640,24769.1,24769.6,24766.6,24766.6,14
1784258700,24767.6,24767.6,24766.6,24766.6,8
1784258760,24767.1,24767.1,24767.1,24767.1,2
1784258820,24767.6,24768.1,24766.1,24766.1,12
1784258880,24765.1,24765.6,24761.1,24761.1,20
1784258940,24762.1,24765.6,24762.1,24763.6,34
1784259000,24762.6,24763.1,24753.1,24753.6,48
1784259060,24754.6,24754.6,24749.1,24749.6,18
1784259120,24748.6,24750.6,24745.6,24750.6,44
1784259180,24751.6,24753.1,24746.6,24746.6,52
1784259240,24745.6,24746.6,24741.6,24746.6,24
1784259300,24743.1,24755.6,24742.6,24754.1,48
1784259360,24755.6,24758.6,24751.1,24751.1,86
1784259420,24750.1,24750.1,24746.1,24746.1,26
1784259480,24746.6,24747.6,24744.1,24745.1,44
1784259540,24745.6,24745.6,24744.1,24744.1,14
1784259600,24745.1,24745.1,24736.1,24737.6,44
1784259660,24742.6,24742.6,24733.6,24736.1,52
1784259720,24736.6,24740.1,24736.6,24740.1,4
1784259780,24739.1,24739.1,24732.1,24734.6,44
1784259840,24735.1,24739.6,24734.1,24738.1,30
1784259900,24736.1,24738.1,24730.1,24734.1,22
1784259960,24733.1,24733.1,24730.1,24731.6,12
1784260020,24732.1,24733.1,24730.1,24730.1,20
1784260080,24729.1,24730.6,24725.6,24726.6,36
1784260140,24727.1,24727.6,24725.1,24726.1,36
1784260200,24725.1,24726.6,24714.6,24714.6,24
1784260260,24713.1,24721.6,24713.1,24721.1,40
1784260320,24721.6,24724.1,24716.1,24719.6,54
1784260380,24719.1,24722.6,24718.6,24718.6,22
1784260440,24720.6,24720.6,24716.6,24719.1,40
1784260500,24717.6,24720.6,24713.1,24717.1,64
1784260560,24716.1,24716.1,24714.1,24714.1,6
1784260620,24712.6,24715.1,24711.6,24711.6,28
1784260680,24710.6,24711.6,24707.6,24709.1,28
1784260740,24707.6,24709.6,24706.6,24707.6,24
1784260800,24706.6,24706.6,24695.6,24698.1,74
1784260860,24699.1,24706.1,24696.1,24696.1,38
1784260920,24695.6,24695.6,24689.1,24689.1,42
1784260980,24684.1,24693.6,24684.1,24692.6,54
1784261040,24693.6,24693.6,24683.1,24684.6,42
1784261100,24685.1,24687.6,24683.6,24687.6,78
1784261160,24686.6,24689.1,24684.1,24684.1,60
1784261220,24684.6,24686.6,24680.1,24686.6,54
1784261280,24686.1,24687.1,24685.1,24685.1,20
1784261340,24686.1,24686.1,24683.1,24683.1,16
1784261400,24678.6,24678.6,24675.6,24677.6,18
1784261460,24676.6,24685.6,24676.1,24682.1,76
1784261520,24683.1,24686.6,24679.6,24686.6,30
1784261580,24685.6,24686.6,24675.6,24676.6,56
1784261640,24675.6,24677.1,24675.6,24675.6,8
1784261700,24674.6,24680.6,24674.6,24677.6,50
1784261760,24678.6,24678.6,24673.1,24677.6,22
1784261820,24677.1,24677.6,24675.1,24675.1,12
1784261880,24674.1,24676.6,24674.1,24676.1,32
1784261940,24675.1,24676.6,24673.1,24675.6,56
1784262000,24676.1,24683.6,24676.1,24683.6,44
1784262060,24682.6,24682.6,24671.1,24671.6,38
1784262120,24671.1,24674.1,24670.1,24670.6,28
1784262180,24671.1,24674.1,24669.6,24670.6,56
1784262240,24670.1,24670.6,24668.6,24668.6,20
1784262300,24669.6,24669.6,24664.1,24665.1,30
1784262360,24664.6,24664.6,24661.1,24662.6,30
1784262420,24660.6,24662.1,24645.1,24646.6,58
1784262480,24646.1,24655.1,24645.6,24651.6,50
1784262540,24651.1,24653.6,24647.1,24651.1,64
1784262600,24653.6,24660.1,24644.1,24644.6,66
1784262660,24645.1,24650.1,24644.1,24648.6,56
1784262720,24646.6,24648.1,24636.6,24640.6,26
1784262780,24639.6,24643.1,24637.6,24639.1,58
1784262840,24634.1,24637.6,24627.1,24630.1,50
1784262900,24629.6,24635.1,24621.6,24632.1,72
1784262960,24631.6,24631.6,24614.6,24616.1,90
1784263020,24611.1,24618.6,24609.1,24618.6,92
1784263080,24618.1,24618.1,24608.1,24611.1,34
1784263140,24610.6,24618.1,24609.1,24616.1,54
1784263200,24617.1,24619.1,24611.1,24613.1,84
1784263260,24615.1,24616.6,24613.1,24614.1,38
1784263320,24618.1,24629.6,24617.1,24629.1,60
1784263380,24630.1,24635.1,24628.6,24634.6,74
1784263440,24629.6,24637.6,24629.6,24635.1,60
1784263500,24637.1,24638.1,24632.1,24633.6,66
1784263560,24634.1,24643.6,24633.1,24638.6,74
1784263620,24638.1,24638.1,24632.1,24636.6,56
1784263680,24637.1,24650.6,24636.6,24650.1,52
1784263740,24649.1,24650.6,24648.1,24649.1,76
1784263800,24649.6,24654.1,24649.1,24653.6,42
1784263860,24652.6,24659.6,24650.1,24650.6,40
1784263920,24651.6,24664.6,24651.1,24664.6,46
1784263980,24666.1,24668.1,24664.6,24667.6,20
1784264040,24668.6,24678.1,24668.1,24677.6,50
1784264100,24677.1,24679.1,24677.1,24678.6,20
1784264160,24677.6,24678.6,24673.6,24674.1,18
1784264220,24673.6,24675.6,24667.1,24667.1,48
1784264280,24664.1,24671.6,24662.1,24671.1,76
1784264340,24672.6,24673.1,24669.6,24669.6,16
1784264400,24669.1,24669.1,24658.6,24658.6,34
1784264460,24657.6,24663.6,24657.6,24662.6,36
1784264520,24660.1,24666.6,24658.6,24664.6,30
1784264580,24669.1,24669.1,24646.6,24658.6,98
1784264640,24659.6,24670.6,24659.6,24666.6,52
1784264700,24667.6,24669.6,24660.1,24661.6,58
1784264760,24661.1,24663.6,24658.1,24658.1,16
1784264820,24657.1,24660.1,24657.1,24658.1,26
1784264880,24658.6,24660.1,24656.6,24657.6,20
1784264940,24660.1,24661.1,24658.6,24661.1,18
1784265000,24662.1,24662.6,24659.6,24661.6,22
1784265060,24661.1,24663.6,24660.1,24660.1,48
1784265120,24659.6,24664.1,24659.6,24661.1,56
1784265180,24662.1,24663.6,24659.1,24663.1,30
1784265240,24667.1,24675.6,24666.6,24667.6,26
1784265300,24668.1,24669.1,24663.6,24663.6,30
1784265360,24661.6,24661.6,24653.6,24661.1,42
1784265420,24661.6,24674.6,24661.6,24674.6,74
1784265480,24672.1,24673.1,24666.1,24666.6,66
1784265540,24667.6,24671.1,24665.1,24669.6,52
1784265600,24669.1,24669.1,24660.6,24662.6,54
1784265660,24660.1,24662.1,24659.1,24662.1,14
1784265720,24661.1,24662.1,24661.1,24662.1,4
1784265780,24661.1,24662.1,24661.1,24662.1,4
1784265840,24661.1,24661.1,24659.1,24659.1,8
1784265900,24660.1,24662.6,24658.1,24661.1,26
1784265960,24662.1,24662.1,24651.6,24655.6,36
1784266020,24655.1,24657.6,24654.1,24657.6,32
1784266080,24659.6,24666.1,24658.6,24662.1,38
1784266140,24661.6,24664.1,24659.6,24661.6,32
1784266200,24661.1,24674.6,24660.1,24667.1,72
1784266260,24666.6,24668.6,24662.1,24665.6,78
1784266320,24666.6,24673.1,24666.1,24669.6,48
1784266380,24667.6,24669.1,24663.1,24664.6,58
1784266440,24664.1,24666.1,24658.6,24662.1,68
1784266500,24663.6,24666.6,24661.1,24664.6,62
1784266560,24663.6,24663.6,24649.6,24657.1,72
1784266620,24657.6,24658.1,24647.1,24649.6,78
1784266680,24649.1,24661.1,24647.6,24657.6,83
1784266740,24658.6,24658.6,24649.6,24654.6,62
1784266800,24652.1,24660.6,24651.1,24658.6,40
1784266860,24660.6,24673.6,24659.1,24672.6,62
1784266920,24673.6,24679.6,24670.6,24677.6,52
1784266980,24679.1,24679.1,24659.6,24662.1,34
1784267040,24660.6,24671.1,24660.6,24670.1,46
1784267100,24669.1,24670.6,24659.6,24661.6,52
1784267160,24665.1,24670.1,24665.1,24670.1,32
1784267220,24671.1,24672.1,24666.1,24668.1,42
1784267280,24667.6,24677.1,24666.1,24676.1,60
1784267340,24675.6,24681.1,24675.6,24679.6,38
1784267400,24680.6,24690.6,24678.1,24690.6,50
1784267460,24692.1,24693.6,24691.1,24693.6,56
1784267520,24698.1,24699.6,24696.1,24699.1,34
1784267580,24699.6,24704.6,24699.6,24703.1,38
1784267640,24701.1,24701.1,24692.1,24697.6,56
1784267700,24698.6,24708.1,24697.1,24708.1,70
1784267760,24708.6,24710.6,24701.6,24704.1,56
1784267820,24704.6,24704.6,24696.1,24696.6,36
1784267880,24696.1,24705.6,24695.6,24705.6,40
1784267940,24706.1,24707.6,24703.6,24703.6,38
1784268000,24704.6,24719.1,24696.6,24715.6,92
1784268060,24717.1,24718.3,24698.8,24701.3,106
1784268120,24701.8,24708.3,24700.3,24708.3,114
1784268180,24707.8,24720.3,24704.8,24713.8,112
1784268240,24715.3,24724.8,24710.8,24711.8,120
1784268300,24714.3,24723.3,24711.8,24712.3,110
1784268360,24711.8,24715.8,24698.3,24698.3,116
1784268420,24697.3,24697.8,24688.8,24688.8,122
1784268480,24689.3,24692.8,24684.3,24687.3,154
1784268540,24686.8,24690.8,24684.3,24687.3,140
1784268600,24686.8,24695.3,24684.8,24690.8,140
1784268660,24689.8,24716.8,24689.8,24716.3,146
1784268720,24715.8,24727.8,24715.3,24727.8,84
1784268780,24727.3,24728.3,24717.8,24719.8,96
1784268840,24720.3,24721.3,24712.3,24714.8,92
1784268900,24713.3,24728.8,24709.8,24728.8,90
1784268960,24730.3,24733.3,24727.8,24730.3,102
1784269020,24729.8,24747.8,24729.3,24743.8,104
1784269080,24743.3,24744.3,24735.3,24735.3,64
1784269140,24735.8,24746.3,24735.3,24742.8,108
1784269200,24739.8,24749.3,24739.3,24749.3,98
1784269260,24748.8,24754.3,24746.8,24751.3,76
1784269320,24752.3,24762.3,24749.3,24761.3,76
1784269380,24762.3,24770.3,24761.3,24765.3,114
1784269440,24764.8,24768.8,24764.8,24767.8,66
1784269500,24768.3,24781.3,24768.3,24774.8,82
1784269560,24774.3,24781.3,24773.3,24780.3,84
1784269620,24780.8,24787.8,24779.3,24779.3,86
1784269680,24779.8,24779.8,24770.8,24778.3,110
1784269740,24779.3,24780.8,24775.8,24779.8,122
1784269800,24779.3,24784.3,24772.8,24774.3,112
1784269860,24776.3,24784.8,24776.3,24781.3,78
1784269920,24782.3,24782.8,24775.3,24777.3,100
1784269980,24778.3,24784.8,24775.3,24782.3,104
1784270040,24781.8,24784.8,24776.8,24781.3,86
1784270100,24780.8,24781.3,24766.3,24766.3,96
1784270160,24765.3,24768.8,24760.8,24768.3,80
1784270220,24767.8,24770.3,24762.8,24762.8,90
1784270280,24762.3,24764.3,24754.3,24754.3,88
1784270340,24752.3,24757.3,24751.8,24757.3,80
1784270400,24756.3,24761.3,24756.3,24757.3,74
1784270460,24756.8,24757.3,24750.3,24754.8,94
1784270520,24755.3,24755.8,24747.8,24752.3,90
1784270580,24753.3,24753.3,24742.3,24745.3,74
1784270640,24744.8,24756.3,24744.8,24755.3,56
1784270700,24755.8,24756.3,24743.3,24747.3,90
1784270760,24746.8,24748.3,24735.8,24745.3,98
1784270820,24745.8,24752.3,24743.3,24743.3,66
1784270880,24742.8,24744.3,24736.8,24742.3,64
1784270940,24741.8,24742.8,24736.3,24739.3,66
1784271000,24739.8,24748.3,24739.3,24748.3,104
1784271060,24747.8,24751.8,24742.3,24744.8,68
1784271120,24744.3,24747.8,24739.3,24744.8,86
1784271180,24744.3,24746.8,24738.8,24741.3,76
1784271240,24740.8,24746.3,24740.8,24745.3,86
1784271300,24744.8,24752.8,24744.8,24750.3,69
1784271360,24751.3,24754.8,24744.3,24745.3,122
1784271420,24745.8,24748.3,24738.8,24744.3,102
1784271480,24744.8,24750.8,24742.3,24746.8,70
1784271540,24747.3,24748.8,24734.3,24736.3,126
1784271600,24736.8,24739.3,24709.3,24730.8,246
1784271660,24731.3,24733.3,24711.3,24733.3,212
1784271720,24734.3,24746.3,24721.3,24722.3,192
1784271780,24720.3,24758.3,24715.8,24755.8,200
1784271840,24758.3,24765.3,24750.8,24760.8,218
1784271900,24759.3,24770.8,24749.8,24762.3,198
1784271960,24760.3,24760.3,24737.3,24739.3,208
1784272020,24739.8,24739.8,24715.3,24715.8,202
1784272080,24715.3,24722.3,24709.6,24717.3,166
1784272140,24716.3,24735.8,24713.3,24734.8,176
1784272200,24734.3,24750.3,24734.3,24748.3,178
1784272260,24748.8,24762.3,24747.3,24762.3,146
1784272320,24761.3,24774.8,24757.3,24773.8,148
1784272380,24773.3,24774.8,24757.8,24758.3,153
1784272440,24758.8,24763.3,24753.8,24756.8,146
1784272500,24757.8,24763.8,24754.3,24763.8,160
1784272560,24763.3,24780.3,24761.8,24775.8,147
1784272620,24774.8,24799.8,24772.3,24797.3,152
1784272680,24796.8,24796.8,24777.3,24782.3,137
1784272740,24782.8,24782.8,24774.8,24775.3,114
1784272800,24774.8,24776.3,24752.3,24756.3,139
1784272860,24754.8,24757.3,24740.8,24747.3,154
1784272920,24746.8,24753.3,24741.3,24747.3,144
1784272980,24746.8,24762.3,24745.3,24757.3,126
1784273040,24759.3,24762.3,24747.8,24758.8,154
1784273100,24758.3,24774.3,24757.3,24765.3,152
1784273160,24764.8,24778.8,24764.3,24778.8,138
1784273220,24779.3,24787.8,24778.3,24785.3,136
1784273280,24784.3,24794.3,24782.3,24789.3,124
1784273340,24792.3,24796.3,24786.3,24789.8,144
1784273400,24791.8,24793.3,24776.8,24786.8,140
1784273460,24787.3,24792.3,24785.3,24786.8,154
1784273520,24787.3,24803.3,24787.3,24803.3,147
1784273580,24803.8,24803.8,24787.8,24792.8,136
1784273640,24791.3,24798.8,24785.3,24794.8,137
1784273700,24794.3,24795.8,24785.3,24788.8,126
1784273760,24790.8,24802.8,24789.8,24800.8,132
1784273820,24800.3,24800.3,24779.3,24783.3,156
1784273880,24783.8,24798.8,24780.3,24797.3,142
1784273940,24796.3,24805.3,24796.3,24803.8,131
1784274000,24804.8,24809.8,24800.8,24802.3,97
1784274060,24802.8,24804.3,24791.3,24794.3,141
1784274120,24795.3,24796.3,24790.3,24792.8,132
1784274180,24793.3,24812.8,24791.8,24807.8,139
1784274240,24808.3,24820.3,24804.3,24819.3,124
1784274300,24818.8,24824.3,24813.8,24816.3,127
1784274360,24815.3,24828.3,24810.3,24826.3,135
1784274420,24824.8,24835.3,24819.3,24835.3,130
1784274480,24836.3,24837.3,24830.8,24836.3,118
1784274540,24834.3,24838.3,24832.3,24834.3,134
1784274600,24834.8,24837.6,24818.6,24818.6,123
1784274660,24819.6,24820.6,24816.1,24817.6,110
1784274720,24819.6,24834.6,24817.6,24834.1,114
1784274780,24833.6,24837.6,24827.6,24831.1,114
1784274840,24831.6,24837.1,24829.1,24831.6,90
1784274900,24831.1,24834.6,24821.6,24833.1,150
1784274960,24831.6,24837.1,24820.6,24820.6,124
1784275020,24824.1,24831.1,24811.1,24811.1,124
1784275080,24809.6,24812.1,24800.6,24800.6,130
1784275140,24798.6,24815.1,24798.1,24813.1,158
1784275200,24815.6,24826.6,24806.6,24825.6,172
1784275260,24826.6,24842.6,24826.6,24839.6,174
1784275320,24841.6,24850.1,24839.6,24849.6,134
1784275380,24849.1,24850.1,24831.6,24831.6,154
1784275440,24830.1,24843.1,24827.1,24835.6,154
1784275500,24836.1,24838.6,24830.6,24835.6,130
1784275560,24835.1,24838.6,24826.6,24826.6,160
1784275620,24826.1,24831.6,24814.6,24814.6,162
1784275680,24813.6,24820.6,24810.6,24811.6,128
1784275740,24812.6,24815.6,24807.9,24810.1,142
1784275800,24808.1,24808.1,24788.1,24790.6,155
1784275860,24791.1,24792.6,24777.6,24781.6,162
1784275920,24781.1,24785.6,24779.6,24783.6,134
1784275980,24782.1,24787.6,24774.6,24787.6,160
1784276040,24786.6,24806.6,24782.1,24802.1,163
1784276100,24801.6,24802.6,24787.9,24789.1,183
1784276160,24788.1,24790.1,24767.6,24770.6,188
1784276220,24770.1,24783.6,24770.1,24774.6,184
1784276280,24773.1,24785.6,24773.1,24774.1,168
1784276340,24775.1,24775.1,24759.1,24763.6,158
1784276400,24763.1,24769.1,24744.6,24751.1,174
1784276460,24749.6,24754.6,24745.6,24749.6,170
1784276520,24748.6,24749.1,24731.1,24733.6,154
1784276580,24733.1,24743.6,24729.1,24740.6,174
1784276640,24741.1,24749.6,24736.6,24739.1,164
1784276700,24738.6,24740.1,24723.6,24723.6,148
1784276760,24723.1,24732.6,24716.6,24732.6,142
1784276820,24732.1,24740.6,24732.1,24737.1,162
1784276880,24736.6,24758.6,24735.6,24752.6,166
1784276940,24751.6,24753.6,24737.1,24741.1,156
1784277000,24740.6,24748.6,24734.1,24734.1,192
1784277060,24734.6,24742.1,24728.6,24732.6,170
1784277120,24732.1,24735.6,24725.6,24728.1,142
1784277180,24728.6,24735.1,24720.6,24722.6,152
1784277240,24723.1,24724.6,24718.6,24720.6,144
1784277300,24721.1,24726.6,24716.6,24719.6,158
1784277360,24718.6,24719.6,24713.6,24713.6,142
1784277420,24714.6,24718.1,24706.1,24707.1,136
1784277480,24706.1,24710.6,24702.6,24702.6,122
1784277540,24697.1,24701.6,24688.6,24700.6,126
1784277600,24701.6,24708.6,24698.6,24707.1,140
1784277660,24707.6,24727.6,24704.1,24727.6,135
1784277720,24728.1,24728.1,24717.1,24721.1,144
1784277780,24720.6,24721.6,24704.6,24712.6,123
1784277840,24714.6,24732.1,24713.6,24730.6,156
1784277900,24728.6,24738.6,24724.6,24733.6,147
1784277960,24735.6,24740.6,24727.6,24730.1,126
1784278020,24730.6,24738.1,24728.6,24730.6,152
1784278080,24731.1,24738.6,24721.1,24727.1,134
1784278140,24727.6,24732.1,24719.6,24728.6,166
1784278200,24730.6,24731.6,24724.6,24730.1,142
1784278260,24730.6,24731.1,24715.6,24720.6,156
1784278320,24721.1,24722.1,24713.6,24714.1,164
1784278380,24712.6,24712.6,24702.6,24708.6,162
1784278440,24708.1,24724.6,24706.1,24719.1,148
1784278500,24718.1,24723.6,24710.1,24722.1,120
1784278560,24723.1,24730.6,24721.1,24729.1,152
1784278620,24728.6,24732.6,24726.1,24731.6,146
1784278680,24730.6,24740.6,24723.1,24723.1,114
1784278740,24722.6,24727.6,24721.1,24725.6,128
1784278800,24724.1,24724.1,24711.6,24711.6,151
1784278860,24711.1,24711.1,24683.6,24685.6,145
1784278920,24686.1,24688.6,24671.1,24674.1,148
1784278980,24672.6,24679.6,24670.1,24676.6,134
1784279040,24679.1,24690.1,24673.6,24690.1,156
1784279100,24691.1,24695.6,24680.6,24680.6,149
1784279160,24681.1,24683.1,24668.6,24669.1,120
1784279220,24668.6,24677.6,24664.6,24668.6,150
1784279280,24666.6,24674.1,24662.1,24668.1,122
1784279340,24669.6,24671.6,24662.1,24666.1,120
1784279400,24665.1,24674.1,24665.1,24669.1,154
1784279460,24670.1,24670.1,24660.1,24661.6,124
1784279520,24662.1,24681.1,24661.1,24680.1,126
1784279580,24682.1,24697.6,24680.6,24693.6,142
1784279640,24694.1,24703.6,24693.6,24693.6,126
1784279700,24694.6,24694.6,24685.6,24686.6,152
1784279760,24687.6,24691.1,24680.6,24682.6,139
1784279820,24683.1,24686.6,24676.6,24680.6,118
1784279880,24679.1,24684.6,24675.6,24683.6,123
1784279940,24684.1,24689.1,24681.6,24686.6,102
1784280000,24687.6,24689.1,24683.1,24685.6,156
1784280060,24687.1,24690.6,24673.1,24674.6,141
1784280120,24675.1,24680.6,24673.1,24674.6,134
1784280180,24674.1,24681.6,24672.6,24680.1,142
1784280240,24679.6,24694.1,24679.1,24693.6,124
1784280300,24693.1,24709.1,24692.6,24705.6,111
1784280360,24706.6,24707.1,24699.1,24702.6,130
1784280420,24701.6,24712.6,24700.1,24702.1,152
1784280480,24702.6,24704.6,24697.6,24704.6,136
1784280540,24706.1,24719.1,24702.6,24718.6,132
1784280600,24717.1,24717.6,24704.1,24706.1,142
1784280660,24707.6,24718.1,24704.6,24709.6,120
1784280720,24708.1,24713.6,24700.1,24703.1,132
1784280780,24702.6,24702.6,24693.1,24696.1,120
1784280840,24694.6,24696.1,24690.6,24694.6,112
1784280900,24695.6,24706.1,24694.6,24701.6,128
1784280960,24702.6,24706.6,24688.6,24692.6,144
1784281020,24693.1,24695.1,24678.6,24682.1,118
1784281080,24682.6,24686.1,24677.1,24677.1,124
1784281140,24677.6,24679.6,24670.1,24673.6,118
1784281200,24673.1,24676.1,24669.1,24674.6,134
1784281260,24673.6,24675.1,24671.1,24671.6,136
1784281320,24671.1,24672.1,24657.6,24660.1,120
1784281380,24659.6,24659.6,24650.1,24656.1,130
1784281440,24655.6,24660.6,24653.1,24658.6,126
1784281500,24659.1,24664.6,24656.6,24656.6,124
1784281560,24655.6,24667.6,24655.6,24663.6,132
1784281620,24664.1,24675.1,24663.6,24671.6,108
1784281680,24672.1,24674.1,24667.1,24668.1,134
1784281740,24667.1,24669.6,24662.1,24662.1,138
1784281800,24663.6,24687.6,24663.6,24664.6,152
1784281860,24665.6,24676.1,24663.1,24672.1,164
1784281920,24671.6,24682.1,24668.1,24679.9,123
1784281980,24680.6,24683.6,24673.6,24677.6,144
1784282040,24679.1,24683.1,24675.6,24677.6,138
1784282100,24678.6,24685.6,24672.1,24681.6,136
1784282160,24682.6,24687.6,24682.6,24684.1,114
1784282220,24684.6,24687.1,24678.1,24680.1,122
1784282280,24677.6,24679.6,24669.6,24677.6,132
1784282340,24677.1,24694.6,24677.1,24692.1,136
1784282400,24692.6,24701.6,24680.1,24701.1,160
1784282460,24701.6,24705.6,24694.6,24702.1,160
1784282520,24703.1,24704.6,24694.6,24702.6,144
1784282580,24702.1,24702.1,24683.6,24694.6,140
1784282640,24695.6,24701.6,24693.1,24699.1,110
1784282700,24698.6,24711.1,24696.6,24709.1,144
1784282760,24708.6,24720.1,24708.1,24708.1,160
1784282820,24707.6,24718.6,24707.6,24715.6,122
1784282880,24715.1,24734.6,24715.1,24730.6,113
1784282940,24731.1,24734.1,24715.6,24717.6,150
1784283000,24716.6,24720.6,24703.1,24711.1,162
1784283060,24710.6,24717.6,24706.6,24709.6,120
1784283120,24707.6,24724.6,24703.6,24721.6,132
1784283180,24721.1,24723.1,24717.1,24722.1,116
1784283240,24722.6,24728.6,24722.1,24723.6,136
1784283300,24724.6,24730.6,24723.6,24727.6,118
1784283360,24727.1,24737.6,24727.1,24737.1,114
1784283420,24737.6,24750.1,24735.1,24749.1,128
1784283480,24749.6,24750.6,24744.1,24745.6,142
1784283540,24744.6,24745.6,24735.1,24736.1,110
1784283600,24735.6,24744.6,24735.1,24742.6,132
1784283660,24740.6,24744.6,24736.6,24739.1,116
1784283720,24738.6,24740.1,24729.6,24733.6,110
1784283780,24733.1,24743.1,24731.6,24741.6,102
1784283840,24741.1,24742.6,24738.6,24740.6,136
1784283900,24740.1,24744.6,24738.6,24739.6,111
1784283960,24740.1,24753.6,24739.6,24751.6,124
1784284020,24752.6,24758.6,24751.6,24758.6,112
1784284080,24758.1,24758.6,24751.6,24752.1,114
1784284140,24750.1,24758.6,24748.6,24753.6,90
1784284200,24752.6,24757.6,24751.1,24754.6,116
1784284260,24755.6,24767.1,24754.6,24763.6,100
1784284320,24764.1,24775.1,24764.1,24775.1,118
1784284380,24774.6,24775.6,24770.1,24774.1,94
1784284440,24773.6,24783.6,24772.6,24779.6,118
1784284500,24780.1,24783.6,24776.6,24782.6,90
1784284560,24783.1,24794.6,24783.1,24792.1,108
1784284620,24791.6,24795.1,24778.4,24782.6,128
1784284680,24782.1,24783.1,24774.1,24779.1,120
1784284740,24778.6,24785.1,24775.1,24780.1,106
1784284800,24780.6,24786.6,24780.6,24786.1,94
1784284860,24786.6,24794.6,24783.6,24785.6,118
1784284920,24785.1,24787.1,24777.6,24779.1,102
1784284980,24779.6,24784.6,24775.1,24777.6,80
1784285040,24778.1,24778.1,24769.1,24774.6,112
1784285100,24775.6,24780.6,24769.1,24778.6,108
1784285160,24778.1,24786.6,24778.1,24785.6,106
1784285220,24784.6,24790.6,24781.6,24790.1,124
1784285280,24790.6,24793.1,24787.6,24790.6,94
1784285340,24791.6,24795.6,24791.6,24793.6,106
1784285400,24793.1,24796.1,24786.6,24788.1,80
1784285460,24786.6,24786.6,24777.6,24778.1,122
1784285520,24777.6,24779.6,24766.1,24766.6,98
1784285580,24766.1,24771.1,24765.6,24770.1,104
1784285640,24770.6,24777.1,24770.6,24773.6,122
1784285700,24773.1,24776.6,24766.6,24771.6,102
1784285760,24772.1,24783.1,24770.1,24781.6,110
1784285820,24782.6,24790.6,24780.6,24782.6,95
1784285880,24783.1,24784.1,24778.6,24779.1,116
1784285940,24778.6,24780.6,24767.6,24769.6,144
1784286000,24768.1,24780.1,24760.9,24778.6,128
1784286060,24779.1,24786.6,24776.1,24777.6,130
1784286120,24778.1,24783.1,24776.6,24779.6,94
1784286180,24778.6,24780.1,24767.1,24767.6,142
1784286240,24768.1,24768.1,24746.6,24750.1,140
1784286300,24746.6,24764.1,24746.6,24758.1,130
1784286360,24758.6,24767.1,24754.6,24754.6,110
1784286420,24754.1,24766.6,24754.1,24758.1,102
1784286480,24758.6,24758.6,24747.6,24748.6,114
1784286540,24749.6,24750.6,24734.1,24736.6,116
1784286600,24735.6,24744.6,24735.1,24737.6,106
1784286660,24738.6,24745.6,24737.6,24743.6,86
1784286720,24743.1,24749.1,24739.6,24742.6,110
1784286780,24743.1,24746.6,24742.6,24745.6,110
1784286840,24746.6,24747.1,24734.6,24738.1,70
1784286900,24739.6,24742.6,24736.6,24739.1,93
1784286960,24738.1,24738.6,24732.6,24733.1,94
1784287020,24734.1,24744.6,24734.1,24744.6,126
1784287080,24743.6,24753.6,24742.1,24751.1,112
1784287140,24752.1,24757.1,24751.1,24753.6,92
1784287200,24754.1,24754.1,24736.1,24738.6,120
1784287260,24737.6,24751.1,24737.6,24751.1,122
1784287320,24749.6,24749.6,24737.6,24739.6,108
1784287380,24739.1,24740.1,24731.6,24733.1,104
1784287440,24732.6,24738.6,24732.1,24738.6,100
1784287500,24739.6,24739.6,24735.1,24736.1,82
1784287560,24736.6,24748.6,24735.6,24748.6,86
1784287620,24749.1,24751.1,24740.6,24742.6,112
1784287680,24743.6,24745.6,24736.1,24739.1,96
1784287740,24739.6,24742.1,24735.6,24740.6,108
1784287800,24741.6,24742.6,24732.6,24732.6,118
1784287860,24733.6,24736.6,24733.1,24736.6,79
1784287920,24737.1,24741.6,24736.6,24739.6,112
1784287980,24739.1,24741.1,24735.1,24737.1,102
1784288040,24736.6,24751.1,24736.6,24751.1,80
1784288100,24752.1,24760.6,24752.1,24760.6,110
1784288160,24761.1,24771.6,24759.1,24770.1,114
1784288220,24770.6,24770.6,24761.6,24766.1,116
1784288280,24767.1,24770.6,24765.6,24767.6,102
1784288340,24768.6,24770.1,24765.6,24767.1,94
1784288400,24767.6,24775.1,24767.1,24773.6,100
1784288460,24774.6,24776.1,24770.1,24775.1,90
1784288520,24774.6,24779.1,24772.6,24773.6,94
1784288580,24773.1,24774.6,24762.6,24767.6,108
1784288640,24766.6,24767.1,24758.1,24759.6,102
1784288700,24760.6,24770.1,24756.6,24768.6,94
1784288760,24768.1,24773.1,24766.6,24770.6,96
1784288820,24770.1,24775.6,24767.6,24775.1,100
1784288880,24775.6,24786.6,24774.6,24783.6,126
1784288940,24784.6,24786.6,24779.6,24786.6,96
1784289000,24786.1,24790.1,24781.6,24789.1,100
1784289060,24790.1,24790.1,24777.1,24784.1,82
1784289120,24784.6,24795.1,24784.6,24794.1,94
1784289180,24794.6,24795.1,24788.6,24793.1,108
1784289240,24792.6,24800.6,24792.6,24799.6,90
1784289300,24799.1,24800.1,24796.1,24798.6,94
1784289360,24799.1,24800.1,24791.6,24791.6,90
1784289420,24792.6,24799.1,24792.6,24797.6,110
1784289480,24798.6,24802.1,24796.1,24799.6,94
1784289540,24800.1,24801.1,24794.6,24797.6,94
1784289600,24798.6,24809.1,24796.1,24808.6,112
1784289660,24807.6,24810.1,24794.6,24795.6,128
1784289720,24796.6,24800.1,24794.1,24795.6,114
1784289780,24796.1,24796.1,24785.1,24794.1,102
1784289840,24791.6,24792.6,24780.6,24782.1,120
1784289900,24783.6,24786.1,24779.6,24780.6,128
1784289960,24781.1,24792.1,24779.1,24779.6,112
1784290020,24779.1,24781.1,24768.6,24769.1,98
1784290080,24767.6,24769.6,24766.1,24766.1,86
1784290140,24765.1,24766.6,24758.1,24765.1,128
1784290200,24765.6,24779.6,24764.6,24775.1,132
1784290260,24775.6,24775.6,24770.1,24770.1,86
1784290320,24770.6,24778.1,24769.6,24777.6,104
1784290380,24777.1,24777.6,24768.6,24770.1,96
1784290440,24772.1,24778.1,24768.1,24778.1,110
1784290500,24778.6,24785.1,24778.1,24783.1,100
1784290560,24782.6,24793.6,24782.6,24788.1,90
1784290620,24787.1,24787.1,24779.6,24783.6,94
1784290680,24783.1,24784.6,24776.6,24776.6,130
1784290740,24775.6,24777.6,24765.1,24765.1,78
1784290800,24763.1,24763.1,24753.6,24758.6,104
1784290860,24759.6,24770.6,24758.6,24769.1,120
1784290920,24769.6,24771.1,24766.6,24769.6,100
1784290980,24768.6,24773.6,24764.1,24771.1,122
1784291040,24771.6,24774.6,24769.1,24771.6,104
1784291100,24771.1,24787.6,24770.6,24787.6,124
1784291160,24788.6,24792.6,24787.1,24791.6,100
1784291220,24792.6,24792.6,24784.6,24784.6,102
1784291280,24784.1,24786.6,24781.1,24784.6,84
1784291340,24783.6,24783.6,24777.6,24778.1,96
1784291400,24773.6,24780.6,24768.6,24779.6,93
1784291460,24780.6,24789.1,24777.1,24787.6,76
1784291520,24788.6,24789.1,24782.6,24784.6,114
1784291580,24785.1,24792.1,24783.6,24791.6,124
1784291640,24790.6,24795.6,24784.6,24785.6,118
1784291700,24785.1,24788.6,24781.6,24786.1,110
1784291760,24786.6,24792.6,24785.6,24792.6,110
1784291820,24792.1,24792.1,24785.1,24788.6,114
1784291880,24789.6,24798.6,24789.6,24798.6,108
1784291940,24799.6,24800.6,24793.6,24799.6,104
1784292000,24800.1,24800.1,24790.6,24793.6,106
1784292060,24794.1,24795.1,24790.6,24793.1,94
1784292120,24793.6,24798.6,24792.1,24794.6,112
1784292180,24795.1,24800.6,24793.6,24799.6,110
1784292240,24800.1,24804.1,24795.6,24799.6,88
1784292300,24797.6,24803.6,24790.6,24802.6,118
1784292360,24802.1,24809.6,24800.6,24807.6,114
1784292420,24808.6,24808.6,24798.6,24800.6,106
1784292480,24801.6,24801.6,24787.6,24788.6,106
1784292540,24791.1,24796.1,24780.1,24781.1,90
1784292600,24780.6,24782.6,24774.6,24777.6,118
1784292660,24778.1,24783.1,24776.1,24782.1,110
1784292720,24781.6,24788.1,24781.1,24785.6,112
1784292780,24784.6,24794.1,24783.6,24789.1,114
1784292840,24787.6,24788.6,24784.6,24787.6,94
1784292900,24788.1,24788.1,24779.6,24782.1,70
1784292960,24783.1,24786.1,24781.1,24781.6,104
1784293020,24782.1,24782.1,24770.6,24777.6,118
1784293080,24777.1,24777.6,24766.6,24768.6,136
1784293140,24767.6,24770.1,24762.6,24765.1,101
1784293200,24766.6,24766.6,24753.1,24755.1,156
1784293260,24754.6,24755.6,24737.6,24744.6,134
1784293320,24744.1,24744.1,24733.6,24740.6,166
1784293380,24740.1,24743.6,24734.1,24737.6,144
1784293440,24736.6,24743.1,24731.6,24742.1,124
1784293500,24741.6,24743.1,24733.6,24740.6,138
1784293560,24740.1,24745.1,24740.1,24743.1,112
1784293620,24742.1,24743.6,24737.6,24741.6,130
1784293680,24742.1,24745.6,24735.6,24735.6,120
1784293740,24734.6,24737.1,24724.6,24725.6,114
1784293800,24725.1,24726.6,24715.1,24715.1,106
1784293860,24715.6,24718.6,24712.1,24713.6,114
1784293920,24713.1,24717.1,24708.1,24714.1,108
1784293980,24714.6,24715.1,24708.6,24714.6,90
1784294040,24713.6,24718.1,24713.6,24718.1,70
1784294100,24718.6,24726.1,24713.1,24722.6,134
1784294160,24723.6,24728.6,24717.6,24720.6,138
1784294220,24720.1,24724.6,24716.1,24724.6,138
1784294280,24725.1,24728.6,24720.1,24728.1,116
1784294340,24730.6,24733.6,24716.6,24717.1,144
1784294400,24717.6,24721.6,24706.6,24710.1,136
1784294460,24709.6,24712.1,24700.1,24700.1,104
1784294520,24700.6,24703.6,24694.6,24700.6,136
1784294580,24701.6,24713.1,24700.6,24712.6,118
1784294640,24713.6,24718.6,24711.6,24714.6,112
1784294700,24714.1,24727.6,24713.1,24727.6,134
1784294760,24728.6,24731.1,24726.6,24729.6,126
1784294820,24729.1,24735.6,24721.1,24727.1,146
1784294880,24727.6,24732.6,24722.1,24722.6,142
1784294940,24721.1,24729.1,24719.6,24724.6,160
1784295000,24727.1,24736.6,24721.1,24730.1,202
1784295060,24725.6,24750.6,24725.6,24750.1,184
1784295120,24750.6,24755.6,24738.6,24738.6,192
1784295180,24738.1,24740.1,24727.1,24727.1,152
1784295240,24726.6,24734.6,24719.6,24728.1,160
1784295300,24727.6,24738.6,24727.6,24735.1,190
1784295360,24735.6,24752.1,24726.6,24730.1,216
1784295420,24731.6,24738.1,24725.6,24734.6,190
1784295480,24735.1,24737.6,24724.6,24735.6,186
1784295540,24736.6,24739.6,24729.6,24736.6,204
1784295600,24738.1,24766.6,24736.6,24755.6,240
1784295660,24756.1,24777.1,24753.1,24770.1,184
1784295720,24770.6,24772.1,24753.1,24758.6,180
1784295780,24759.6,24762.6,24751.1,24756.6,196
1784295840,24757.1,24757.1,24742.6,24745.1,188
1784295900,24744.6,24764.1,24741.1,24760.6,196
1784295960,24761.1,24782.1,24760.6,24772.6,210
1784296020,24772.1,24788.6,24768.6,24788.6,192
1784296080,24789.6,24791.1,24782.6,24787.6,192
1784296140,24788.6,24795.1,24786.1,24789.6,174
1784296200,24790.1,24791.6,24779.1,24783.6,180
1784296260,24785.6,24787.6,24773.6,24783.6,198
1784296320,24784.6,24793.6,24781.1,24785.6,182
1784296380,24786.1,24787.6,24776.6,24784.6,158
1784296440,24785.6,24794.6,24780.6,24781.6,160
1784296500,24780.6,24795.6,24776.6,24795.6,170
1784296560,24797.6,24801.1,24789.6,24796.6,138
1784296620,24798.6,24802.1,24792.1,24792.6,146
1784296680,24792.1,24802.6,24791.6,24801.1,150
1784296740,24802.6,24805.1,24796.1,24804.1,136
1784296800,24807.1,24812.6,24791.1,24799.6,178
1784296860,24800.1,24800.1,24779.1,24779.1,170
1784296920,24779.6,24783.6,24774.1,24776.1,186
1784296980,24776.6,24784.1,24771.1,24780.6,182
1784297040,24780.1,24789.6,24779.6,24780.6,158
1784297100,24780.1,24788.6,24772.6,24773.1,170
1784297160,24772.6,24787.6,24772.6,24779.6,162
1784297220,24781.6,24783.6,24772.1,24774.6,190
1784297280,24773.1,24780.1,24767.6,24777.1,160
1784297340,24777.6,24788.6,24775.6,24783.1,168
1784297400,24781.6,24792.6,24781.6,24790.1,158
1784297460,24790.6,24791.6,24777.1,24791.6,166
1784297520,24792.6,24792.6,24781.1,24782.1,154
1784297580,24784.1,24788.6,24777.1,24780.1,164
1784297640,24780.6,24781.6,24774.6,24777.6,150
1784297700,24776.6,24798.1,24776.6,24790.1,182
1784297760,24789.6,24789.6,24774.6,24778.6,158
1784297820,24777.6,24785.1,24774.6,24774.6,152
1784297880,24774.1,24778.6,24770.1,24778.6,158
1784297940,24779.6,24784.6,24774.6,24774.6,158
1784298000,24775.6,24784.6,24773.6,24777.1,150
1784298060,24778.6,24787.6,24778.6,24783.6,162
1784298120,24782.6,24789.1,24776.6,24786.1,176
1784298180,24786.6,24790.6,24784.1,24790.1,136
1784298240,24789.6,24794.1,24786.6,24789.6,138
1784298300,24787.6,24793.6,24780.6,24785.1,144
1784298360,24784.6,24785.6,24776.6,24785.6,152
1784298420,24785.1,24794.6,24783.1,24790.1,152
1784298480,24789.6,24794.6,24787.6,24792.6,144
1784298540,24792.1,24792.1,24779.1,24783.1,140
1784298600,24781.6,24783.6,24775.6,24777.6,152
1784298660,24777.1,24781.6,24775.6,24779.6,146
1784298720,24779.1,24787.1,24778.1,24779.1,138
1784298780,24779.6,24785.6,24770.6,24773.1,142
1784298840,24772.6,24775.6,24769.1,24769.1,152
1784298900,24770.6,24786.6,24770.1,24786.6,144
1784298960,24786.1,24797.6,24786.1,24797.6,140
1784299020,24797.1,24802.1,24794.1,24794.1,120
1784299080,24793.6,24803.1,24793.6,24799.6,138
1784299140,24800.1,24801.6,24785.6,24790.1,156
1784299200,24789.6,24789.6,24779.6,24784.1,184
1784299260,24783.1,24784.6,24779.1,24781.6,144
1784299320,24781.1,24785.6,24777.1,24779.6,148
1784299380,24779.1,24779.6,24766.6,24766.6,154
1784299440,24767.1,24779.6,24767.1,24778.1,162
1784299500,24777.6,24778.1,24768.6,24775.1,140
1784299560,24776.1,24776.1,24763.1,24774.1,148
1784299620,24775.1,24798.1,24775.1,24797.6,172
1784299680,24798.1,24802.1,24789.6,24793.1,166
1784299740,24794.6,24799.1,24790.6,24796.1,114
1784299800,24796.6,24801.1,24790.6,24800.1,174
1784299860,24801.1,24808.1,24797.6,24804.1,147
1784299920,24803.6,24820.6,24802.1,24808.6,158
1784299980,24809.1,24809.6,24803.6,24807.1,132
1784300040,24807.6,24810.1,24802.6,24805.6,154
1784300100,24806.1,24818.6,24803.1,24816.6,156
1784300160,24817.6,24820.6,24812.6,24816.6,146
1784300220,24817.6,24823.6,24816.6,24817.1,150
1784300280,24816.1,24818.6,24798.1,24799.1,136
1784300340,24798.6,24803.1,24796.1,24801.1,124
1784300400,24806.1,24806.1,24785.1,24787.1,160
1784300460,24786.6,24787.1,24774.6,24778.6,146
1784300520,24779.6,24784.6,24774.6,24782.6,172
1784300580,24782.1,24785.6,24777.6,24779.1,140
1784300640,24779.6,24790.6,24779.1,24790.1,154
1784300700,24789.6,24798.1,24789.1,24794.6,172
1784300760,24793.6,24794.1,24783.6,24790.6,154
1784300820,24790.1,24791.6,24779.1,24783.1,166
1784300880,24783.6,24783.6,24778.1,24780.1,158
1784300940,24778.6,24780.1,24771.1,24773.6,136
1784301000,24773.1,24783.6,24768.1,24768.6,152
1784301060,24769.1,24771.6,24763.1,24770.6,130
1784301120,24770.1,24781.1,24770.1,24777.1,138
1784301180,24776.6,24782.1,24770.6,24774.6,136
1784301240,24773.6,24782.1,24771.6,24781.1,118
1784301300,24782.6,24788.1,24774.6,24775.1,162
1784301360,24774.6,24782.6,24772.6,24778.1,168
1784301420,24778.6,24782.6,24773.6,24777.6,150
1784301480,24777.1,24790.1,24777.1,24790.1,103
1784301540,24791.6,24801.6,24791.1,24800.6,150
1784301600,24799.6,24802.6,24789.6,24802.6,140
1784301660,24803.6,24803.6,24795.6,24797.6,156
1784301720,24798.1,24810.1,24795.1,24801.6,136
1784301780,24801.1,24807.6,24801.1,24804.1,140
1784301840,24804.6,24805.6,24800.1,24804.1,126
1784301900,24805.1,24810.1,24799.1,24799.1,164
1784301960,24799.6,24807.1,24798.1,24806.1,152
1784302020,24806.6,24811.6,24806.1,24808.6,137
1784302080,24808.1,24816.6,24807.6,24814.1,100
1784302140,24812.1,24832.6,24812.1,24832.1,126
1784302200,24830.5,24839.5,24827.5,24837,122
1784302260,24838,24847,24833,24845,126
1784302320,24844,24844,24806,24835.5,182
1784302380,24836,24842.5,24834,24835.5,154
1784302440,24836,24843,24825,24832.5,222
1784302500,24829.5,24833.5,24821.5,24833,176
1784302560,24835,24846.5,24833.5,24842.5,156
1784302620,24841.5,24854.5,24840.5,24850.5,156
1784302680,24850,24855,24845.5,24848.5,132
1784302740,24849.5,24853,24843.5,24848,148
1784302800,24848.5,24853.5,24845.5,24848,130
1784302860,24847.5,24847.5,24830.5,24834,138
1784302920,24833.5,24837.5,24829,24836.5,116
1784302980,24837,24839.5,24833,24834.5,130
1784303040,24834,24839,24829,24836,124
1784303100,24836.5,24836.5,24830.5,24831.5,136
1784303160,24831,24842.5,24831,24842.5,114
1784303220,24840.5,24845,24839,24843.5,104
1784303280,24843,24843.5,24837,24837,102
1784303340,24838,24851.5,24837,24851,124
1784303400,24851.5,24854.5,24845.5,24851,88
1784303460,24850.5,24855.5,24847.5,24847.5,118
1784303520,24846.5,24849,24844.5,24849,114
1784303580,24848.5,24849.5,24844.5,24846.5,130
1784303640,24847,24856,24846.5,24854,108
1784303700,24853.5,24854,24846.5,24852.5,92
1784303760,24853,24854.5,24848.5,24854.5,104
1784303820,24854,24857.5,24853,24855.5,114
1784303880,24856.5,24866,24856,24866,110
1784303940,24868.5,24880,24868.5,24877.5,118
1784304000,24878,24881,24877,24877.5,170
1784304060,24876.5,24880.5,24851.5,24852.5,196
1784304120,24851.5,24858.5,24845,24847.5,184
1784304180,24847,24848,24834.5,24839,176
1784304240,24838.5,24843,24836,24843,154
1784304300,24842.5,24842.5,24835.5,24838.5,136
1784304360,24837.5,24840.5,24833,24836,132
1784304420,24835.5,24840.5,24831.4,24838.5,120
1784304480,24838,24842.5,24834.9,24840.5,121
1784304540,24841,24851.5,24838.5,24850.5,132
1784304600,24851,24854.5,24850,24850.5,106
1784304660,24850,24852.5,24846.5,24847,118
1784304720,24846,24849,24846,24848.5,96
1784304780,24849,24853,24845.5,24852,120
1784304840,24851.5,24856.5,24851,24853.5,96
1784304900,24854,24857.5,24852.5,24855,86
1784304960,24854.5,24856,24846,24846.5,124
1784305020,24846,24855,24844,24850.5,136
1784305080,24851,24854.5,24847.5,24847.5,140
1784305140,24848,24850.5,24846,24848,112
1784305200,24848.5,24848.5,24840,24840.5,100
1784305260,24840,24840.5,24830,24831.5,142
1784305320,24831,24834.5,24824.5,24824.5,128
1784305380,24825,24825.5,24819,24822.5,130
1784305440,24821.5,24826.5,24820,24820.5,126
1784305500,24820,24825.5,24817.5,24824.5,110
1784305560,24824,24825.5,24819.5,24824.5,120
1784305620,24825,24837,24825,24834,128
1784305680,24833.5,24837.5,24831.5,24835.5,88
1784305740,24836.5,24838,24834.5,24834.5,90
1784305800,24833.5,24837,24825,24827.5,112
1784305860,24828,24834.5,24827,24834.5,112
1784305920,24835,24835,24830,24833.5,112
1784305980,24834,24835,24829.5,24833.5,92
1784306040,24832.5,24833.5,24827.5,24829.5,98
1784306100,24830,24835,24829,24829.5,94
1784306160,24828.5,24833.5,24828.5,24833.5,94
1784306220,24834,24835,24828.5,24828.5,116
1784306280,24829,24830.5,24825.5,24828.5,90
1784306340,24827.5,24835,24827.5,24834,98
1784306400,24833.5,24836,24829.5,24831,122
1784306460,24832,24835,24830,24835,104
1784306520,24836,24838.5,24835.5,24838,74
1784306580,24839,24845.5,24837,24844.5,96
1784306640,24844,24848,24840.5,24848,112
1784306700,24847.5,24850.5,24846.4,24847.5,110
1784306760,24846.5,24852.5,24846.5,24851.5,106
1784306820,24852,24859,24848.5,24858.5,102
1784306880,24859.5,24864,24858.5,24863.5,112
1784306940,24864,24864.5,24860,24862,104
1784307000,24861.5,24864,24856,24857.5,96
1784307060,24858.5,24867.5,24858,24865.5,126
1784307120,24866,24867.5,24858.5,24866,118
1784307180,24865,24867.5,24859.5,24859.5,100
1784307240,24860.5,24862.5,24857.5,24860.5,66
1784307300,24860,24861,24852.4,24853.4,66
1784307360,24854.4,24855.5,24849.5,24853.5,96
1784307420,24852.5,24852.5,24847.5,24847.5,94
1784307480,24848.5,24850.5,24846.5,24848.5,86
1784307540,24849.5,24853.5,24849,24853.5,56
1784307600,24854,24867,24851.5,24866.5,114
1784307660,24867.5,24875,24866.5,24872,115
1784307720,24870.5,24871.5,24868,24871.5,54
1784307780,24872.5,24874.5,24869.5,24873.5,90
1784307840,24873,24873.5,24869.5,24871,76
1784307900,24870,24873,24866,24868.5,68
1784307960,24868,24871,24866.5,24871,72
1784308020,24871.5,24872,24866,24866,76
1784308080,24866.5,24870.5,24866,24869.5,72
1784308140,24870.5,24874.5,24869.5,24873,54
1784308200,24873.5,24876.5,24872.5,24873.5,54
1784308260,24875,24878.5,24873.5,24873.5,68
1784308320,24874,24875.5,24865,24866.5,90
1784308380,24867,24868.5,24863.5,24867.5,76
1784308440,24868.5,24868.5,24863.5,24863.5,74
1784308500,24864.5,24868,24858.9,24865.5,78
1784308560,24864.5,24869.5,24864.5,24869,44
1784308620,24869.5,24874,24869.5,24870,84
1784308680,24870.5,24873.5,24866.5,24867.5,66
1784308740,24868,24869.5,24862,24863,112
1784308800,24862.5,24865,24857,24863.5,84
1784308860,24864,24865,24859.5,24861.5,72
1784308920,24862,24865,24862,24865,78
1784308980,24864.5,24865,24860,24860,76
1784309040,24859.5,24860.5,24858,24859.5,86
1784309100,24860,24864,24858,24864,64
1784309160,24865,24868,24864,24867.5,86
1784309220,24868,24869.5,24866,24869,88
1784309280,24869.5,24871.5,24869,24870,60
1784309340,24870.5,24872,24869,24869,42
1784309400,24868.5,24869,24862,24865.5,108
1784309460,24866,24866,24863,24864,78
1784309520,24863.5,24864.5,24862.5,24863,54
1784309580,24864,24866,24863,24864.5,76
1784309640,24865,24866,24864,24865,76
1784309700,24865.5,24867,24855.5,24856,64
1784309760,24856.5,24859,24854,24859,110
1784309820,24858.5,24861.5,24857,24859.5,94
1784309880,24859,24860,24857,24857,64
1784309940,24858,24859.5,24857,24859,70
1784310000,24858.5,24859,24848.5,24852.5,96
1784310060,24852,24852.5,24847,24851,90
1784310120,24851.5,24853.5,24847.5,24849.5,100
1784310180,24849,24849,24845,24847,99
1784310240,24846.5,24846.5,24838,24842,86
1784310300,24841.5,24845.5,24840,24843.5,120
1784310360,24844,24844,24839,24839.5,100
1784310420,24840,24841.5,24838,24840,74
1784310480,24840.5,24844,24838,24839,76
1784310540,24838.5,24839.5,24836.5,24839,82
1784310600,24840,24841,24830.5,24833,72
1784310660,24832.5,24833,24828.5,24829.5,92
1784310720,24830,24832,24828,24830,72
1784310780,24829.5,24832,24826,24831.5,92
1784310840,24832,24836,24830,24830.5,80
1784310900,24831,24835,24828.5,24829.5,96
1784310960,24829,24830.5,24822.5,24822.5,110
1784311020,24823.5,24827,24820.5,24826,118
1784311080,24825.5,24826,24818,24820,90
1784311140,24820.5,24821.5,24817,24819,76
1784311200,24818.5,24822.5,24811.5,24815.5,128
1784311260,24816,24821.5,24815.5,24817.5,112
1784311320,24818.5,24827.5,24817.5,24827.5,74
1784311380,24827,24830.5,24826,24830.5,66
1784311440,24831.5,24831.5,24818,24819,90
1784311500,24818,24823.5,24814,24822.5,90
1784311560,24822,24824.5,24816.5,24819,86
1784311620,24819.5,24822.5,24817,24821.5,80
1784311680,24822.5,24824.5,24818.5,24822,76
1784311740,24822.5,24823.5,24819.5,24820.5,62
1784311800,24821,24822.5,24818.5,24818.5,94
1784311860,24819,24819,24814.5,24817.5,114
1784311920,24818.5,24819,24815.5,24815.5,68
1784311980,24816,24820.5,24814.5,24819,100
1784312040,24819.5,24820.5,24815.5,24816,88
1784312100,24815.5,24819.5,24807.5,24810,118
1784312160,24809.5,24811.5,24807.5,24810,108
1784312220,24810.5,24812.5,24808.5,24809.5,94
1784312280,24810.5,24812.5,24809,24809,102
1784312340,24809.5,24813,24806,24813,114
1784312400,24812,24812,24807,24809.5,102
1784312460,24809,24815,24808,24815,86
1784312520,24815.5,24819,24813.5,24815.5,82
1784312580,24814,24820.5,24812.5,24819.5,96
1784312640,24819,24819.5,24809,24810.5,120
1784312700,24809.5,24811.5,24807,24808.5,98
1784312760,24808,24809.5,24806,24807.5,100
1784312820,24806.5,24807.5,24802.5,24804.5,84
1784312880,24805.5,24808.5,24803.5,24806.5,134
1784312940,24807.5,24812,24807,24809,122
1784313000,24809.5,24823,24808,24820.5,112
1784313060,24821.5,24824.5,24817.5,24817.5,102
1784313120,24817,24820.5,24813.5,24814.5,128
1784313180,24815,24817.5,24811.5,24813.5,78
1784313240,24813,24816.5,24810.5,24815.5,100
1784313300,24815,24815.5,24811.5,24813.5,86
1784313360,24814,24819.5,24809.5,24809.5,70
1784313420,24809,24816,24809,24812,86
1784313480,24811.5,24813.5,24809,24812.5,84
1784313540,24811.5,24812,24806.5,24808.5,48
1784313600,24809.5,24810.5,24799,24799.5,106
1784313660,24798.5,24799.5,24797.5,24797.5,50
1784313720,24798,24802.5,24793.5,24794,106
1784313780,24793.5,24797,24792,24792,96
1784313840,24790.5,24796.5,24790,24795.5,116
1784313900,24795,24799.5,24793,24796.5,106
1784313960,24797,24802.5,24792.5,24802,110
1784314020,24801.5,24809,24800.5,24809,96
1784314080,24810.5,24813.5,24807.5,24811.5,104
1784314140,24810.5,24812.5,24804.5,24804.5,72
1784314200,24805,24807.5,24803,24805,110
1784314260,24806.5,24808.5,24802.5,24804,94
1784314320,24802.5,24805.5,24802.5,24803.5,92
1784314380,24804,24811.5,24803.5,24809.5,88
1784314440,24809,24816,24806.5,24816,72
1784314500,24814.5,24814.5,24809.5,24810.5,102
1784314560,24811.5,24811.5,24808.5,24808.5,116
1784314620,24809,24811.5,24805.5,24810,90
1784314680,24809.5,24814,24809.5,24813,58
1784314740,24811.5,24813,24807,24807,90
1784314800,24809,24809.5,24800.5,24801,106
1784314860,24801.5,24803.5,24797,24801,134
1784314920,24801.5,24806.5,24801,24802.5,92
1784314980,24802,24805.5,24799.5,24805,104
1784315040,24805.5,24808.5,24803,24805,120
1784315100,24805.5,24806.5,24801,24804.5,122
1784315160,24803.5,24806.5,24798,24799.5,116
1784315220,24800.5,24800.5,24794.5,24798.5,80
1784315280,24798,24799.5,24793.5,24794.5,76
1784315340,24795.5,24798,24794.5,24796.5,76
1784315400,24797.5,24798.5,24793,24794.5,86
1784315460,24794,24795.5,24793,24795.5,54
1784315520,24794.5,24795.5,24791.5,24791.5,58
1784315580,24792,24793,24788.5,24788.5,84
1784315640,24789,24789.5,24785.5,24785.5,84
1784315700,24786.5,24789,24783.5,24785.5,118
1784315760,24786.5,24789,24784.5,24786,108
1784315820,24786.5,24789,24785.5,24787.5,92
1784315880,24788,24793.5,24785.5,24786.5,124
1784315940,24786,24792.5,24786,24790.5,94
1784316000,24789.5,24790.5,24784.5,24787.5,104
1784316060,24786.5,24787,24780,24781.5,90
1784316120,24782,24784.5,24780,24781.5,94
1784316180,24782,24783.5,24779.5,24779.5,96
1784316240,24779,24781,24774.5,24774.5,114
1784316300,24774,24775,24764.5,24767,82
1784316360,24766.5,24778.5,24766.5,24778.5,108
1784316420,24778,24784,24777,24780.5,116
1784316480,24781.5,24788,24781.5,24787.5,114
1784316540,24788,24789.5,24784.5,24788,80
1784316600,24789.5,24799,24789.5,24792.5,172
1784316660,24794,24801.5,24791,24801.5,118
1784316720,24799.5,24800.5,24792,24794.5,100
1784316780,24794,24798,24792.5,24797.5,114
1784316840,24798,24801.5,24796.5,24798.5,96
1784316900,24798,24801.5,24796.5,24799,86
1784316960,24798.5,24804.5,24796.5,24802.5,96
1784317020,24803,24815,24802,24815,88
1784317080,24815.5,24816,24814.5,24814.5,36
1784317140,24808.5,24808.5,24800.5,24806.5,124
1784317200,24807.5,24813.5,24802.5,24809.5,112
1784317260,24810.5,24825.5,24809.5,24825,106
1784317320,24823.5,24825.5,24816.5,24823.5,148
1784317380,24824,24828.5,24822.5,24824.5,136
1784317440,24825.5,24828.5,24824.5,24826,102
1784317500,24826.5,24834.5,24824.5,24828,110
1784317560,24827.5,24834,24827,24832.5,114
1784317620,24833,24839,24833,24838.5,76
1784317680,24839,24841.5,24834,24834,72
1784317740,24834.5,24836,24830.5,24833.5,86
1784317800,24836.5,24838.5,24828.5,24829.5,128
1784317860,24830,24837,24829.5,24834,98
1784317920,24834.5,24834.5,24822,24822.5,136
1784317980,24823,24829.5,24820.5,24823.5,114
1784318040,24825,24833,24824,24833,86
1784318100,24834.5,24837,24830,24834,102
1784318160,24835,24847,24834.5,24846,102
1784318220,24846.5,24846.5,24832.5,24832.5,102
1784318280,24834,24838,24828,24831,93
1784498700,24778,24783,24771.8,24773.9,91
1784498760,24776.8,24778.5,24760.4,24761.6,142
1784498820,24762.5,24770.9,24761.8,24770.6,126
1784498880,24770.9,24775.1,24761.8,24766.1,90
1784498940,24766.6,24786.1,24766.3,24785.2,89
1784499000,24785.7,24787.6,24767.9,24768.4,112
1784499060,24767.9,24774.3,24766.7,24773.8,102
1784499120,24774.3,24774.6,24772.2,24774.6,90
1784499180,24775.5,24776.7,24772.2,24772.9,100
1784499240,24773.6,24775.5,24771.5,24771.5,80
1784499300,24771.7,24783.1,24771.7,24782.7,108
1784499360,24782.9,24796.2,24782.7,24790.7,90
1784499420,24791,24793.6,24790.7,24791,66
1784499480,24791.2,24794.8,24789.3,24791,102
1784499540,24790.7,24805.6,24788.3,24805.6,108
1784499600,24806.1,24820.5,24804.6,24819.8,120
1784499660,24820.2,24822.4,24818.3,24818.3,98
1784499720,24817.9,24817.9,24813.8,24816,86
1784499780,24816.2,24817.1,24812.9,24813.1,80
1784499840,24812.9,24813.1,24803.6,24803.6,90
1784499900,24803.8,24803.8,24797.8,24797.8,52
1784499960,24796.8,24797,24792.5,24792.5,96
1784500020,24792.8,24794.2,24789,24789,110
1784500080,24789.2,24793.2,24789.2,24792.3,96
1784500140,24791.3,24791.3,24787,24787.8,66
1784500200,24787.3,24787.3,24783.7,24784.9,114
1784500260,24785.1,24790.4,24785.1,24790.1,78
1784500320,24790.4,24796.8,24787.5,24796.8,104
1784500380,24797.5,24815.2,24797.5,24814,116
1784500440,24815,24823.3,24813.5,24822.8,98
1784500500,24822.6,24825.9,24822.4,24824.3,80
1784500560,24824.5,24829.3,24824.5,24828.3,124
1784500620,24828.1,24828.1,24814.7,24815.4,80
1784500680,24814.9,24819,24814.9,24816.8,80
1784500740,24816.6,24818.5,24816.6,24818,56
1784500800,24818.5,24821.1,24817.8,24820.9,96
1784500860,24821.1,24833.3,24821.1,24832.8,118
1784500920,24833,24833.7,24832.3,24833,88
1784500980,24833.3,24839.4,24832.5,24839.4,56
1784501040,24841.3,24843.3,24838,24838,84
1784501100,24839.2,24839.7,24831.2,24833.6,82
1784501160,24833.8,24836,24831.2,24832.2,76
1784501220,24831.9,24832.6,24826.9,24826.9,58
1784501280,24827.9,24828.3,24825.7,24827.2,64
1784501340,24827.4,24832.6,24827.4,24831.7,82
1784501400,24832.2,24832.2,24826.7,24827.2,80
1784501460,24827.9,24827.9,24822.6,24824.1,118
1784501520,24823.8,24823.8,24819.1,24819.8,100
1784501580,24819.3,24821.2,24818.6,24819.1,78
1784501640,24819.3,24822.9,24819.3,24822.2,60
1784501700,24822.6,24828.6,24822.4,24828.3,60
1784501760,24828.1,24828.1,24823.1,24824.8,48
1784501820,24823.8,24825.7,24823.1,24823.3,72
1784501880,24823.1,24823.3,24821.4,24822.9,62
1784501940,24822.6,24824.5,24821.7,24824.5,70
1784502000,24824.8,24825.7,24817.9,24820.7,140
1784502060,24821.2,24821.2,24817.4,24817.6,76
1784502120,24816.7,24818.3,24816.2,24817.2,66
1784502180,24816.9,24816.9,24813.8,24813.8,72
1784502240,24814.3,24818.3,24813.8,24818.1,74
1784502300,24818.8,24819.8,24815.7,24818.6,92
1784502360,24818.3,24825.6,24818.3,24819.2,86
1784502420,24819,24820.4,24818.3,24820.4,52
1784502480,24822.1,24826.1,24822.1,24823.7,76
1784502540,24823.3,24825.4,24822.5,24824.9,56
1784502600,24825.2,24827.5,24823.7,24826.8,70
1784502660,24827.5,24830.2,24825.4,24830.2,48
1784502720,24830.4,24830.4,24827.5,24827.5,50
1784502780,24827.8,24830.2,24826.6,24826.6,52
1784502840,24826.4,24829.2,24825.4,24825.9,72
1784502900,24826.4,24828,24826.1,24826.4,50
1784502960,24826.1,24826.8,24820.4,24823.3,43
1784503020,24824.9,24824.9,24816.3,24823.5,68
1784503080,24823.7,24825.4,24821.4,24824,46
1784503140,24823.5,24824.4,24822.1,24824,42
1784503200,24824.4,24824.7,24821.6,24822.1,34
1784503260,24822.5,24822.8,24818.5,24818.7,56
1784503320,24818.5,24821.6,24818.5,24821.1,54
1784503380,24821.6,24825.9,24821.1,24824.9,86
1784503440,24825.6,24827.3,24825.2,24827.1,60
1784503500,24826.8,24832.1,24826.6,24831.1,80
1784503560,24830.9,24830.9,24813.4,24813.4,93
1784503620,24813.7,24820.2,24813.7,24819.7,99
1784503680,24819.4,24821.1,24818.7,24819,70
1784503740,24819.2,24823.5,24811.5,24820.2,74
1784503800,24821.1,24822.5,24815.2,24819.4,94
1784503860,24820.4,24821.8,24817.3,24819.9,94
1784503920,24819.7,24821.1,24818,24820.6,42
1784503980,24820.9,24823.7,24820.6,24823.7,54
1784504040,24825.4,24826.4,24820,24822.8,88
1784504100,24823.3,24827.6,24822.4,24826.9,112
1784504160,24826.6,24829.5,24825.2,24826.6,58
1784504220,24826.4,24826.6,24821.4,24825.2,108
1784504280,24825,24827.8,24824.3,24824.7,89
1784504340,24824.3,24825,24821.4,24821.4,75
1784504400,24820.9,24824.7,24820,24823.3,62
1784504460,24823.8,24825.5,24821.9,24822.4,58
1784504520,24821.9,24829,24821.4,24829,87
1784504580,24828.6,24836.2,24827.8,24834.7,77
1784504640,24835,24837.1,24834.7,24835.4,62
1784504700,24835.7,24836.2,24819,24824.7,150
1784504760,24824.5,24828.1,24820.2,24821.4,170
1784504820,24822.1,24824.5,24822.1,24822.8,114
1784504880,24822.3,24827.3,24821.6,24825,108
1784504940,24824.7,24825.7,24821.9,24821.9,102
1784505000,24821.6,24829.5,24821.6,24828.8,132
1784505060,24828.3,24837.6,24828.3,24836.6,120
1784505120,24836.2,24839,24834.3,24836.2,105
1784505180,24835.9,24838.3,24835,24836.9,94
1784505240,24837.1,24837.3,24831.2,24832.8,104
1784505300,24833.3,24834,24829.7,24833.5,90
1784505360,24833.3,24835.9,24833.1,24835.2,86
1784505420,24835.4,24838.3,24835,24837.6,91
1784505480,24837.1,24839,24836.6,24836.9,90
1784505540,24837.1,24847.1,24837.1,24845.2,93
1784505600,24845.5,24852.4,24839.7,24842.6,186
1784505660,24842.4,24842.4,24826.9,24827.2,147
1784505720,24826.7,24833.8,24826.4,24832.6,154
1784505780,24832.2,24841.3,24831.7,24839.6,152
1784505840,24839.4,24846.1,24839.1,24845.1,138
1784505900,24844.6,24863.7,24844.1,24862.1,177
1784505960,24861.6,24873.5,24860.9,24865.4,148
1784506020,24865.2,24876.6,24865.2,24866.1,144
1784506080,24866.8,24879,24865.1,24879,148
1784506140,24878.7,24881.6,24873.3,24873.3,114
1784506200,24872.1,24876.3,24862.5,24863.4,152
1784506260,24862.9,24875.6,24861.3,24873.2,144
1784506320,24872.9,24874.1,24869.6,24871.7,144
1784506380,24873.4,24877.6,24870.1,24877.4,138
1784506440,24876.9,24879.3,24873.1,24874.5,106
1784506500,24875,24875,24875,24875,2
1784506560,24862.6,24890.1,24862.6,24884.6,50
1784506620,24881.6,24889.1,24881.1,24881.6,54
1784506680,24878.6,24878.6,24865.6,24873.6,64
1784506740,24874.1,24883.1,24873.1,24882.1,52
1784506800,24879.1,24882.6,24874.6,24881.6,56
1784506860,24879.6,24886.6,24867.6,24867.6,78
1784506920,24869.1,24869.6,24860.6,24865.6,68
1784506980,24867.1,24873.1,24864.6,24873.1,76
1784507040,24873.6,24874.1,24865.1,24871.1,92
1784507100,24870.6,24871.1,24863.6,24864.1,52
1784507160,24864.6,24865.6,24861.1,24862.1,28
1784507220,24861.6,24863.1,24859.1,24861.1,48
1784507280,24862.1,24863.1,24860.6,24863.1,20
1784507340,24862.6,24863.6,24854.1,24861.1,50
1784507400,24859.6,24859.6,24852.1,24852.1,30
1784507460,24853.1,24853.1,24847.6,24847.6,34
1784507520,24848.1,24848.6,24835.6,24836.1,36
1784507580,24835.1,24835.6,24832.1,24833.6,30
1784507640,24834.1,24839.6,24833.1,24835.6,82
1784507700,24836.1,24836.6,24830.6,24833.6,34
1784507760,24833.1,24844.1,24829.6,24841.1,76
1784507820,24840.1,24844.6,24839.1,24844.6,50
1784507880,24845.6,24848.6,24845.6,24848.6,8
1784507940,24847.6,24848.1,24833.1,24833.1,64
1784508000,24832.6,24836.6,24827.6,24836.6,36
1784508060,24837.1,24846.1,24837.1,24845.6,30
1784508120,24846.1,24846.6,24839.1,24839.1,58
1784508180,24837.6,24839.6,24829.1,24830.6,56
1784508240,24831.1,24832.6,24826.6,24826.6,60
1784508300,24825.1,24825.1,24812.6,24818.1,72
1784508360,24818.6,24827.6,24818.1,24827.6,78
1784508420,24827.1,24830.1,24827.1,24829.1,20
1784508480,24830.1,24830.1,24828.6,24829.1,8
1784508540,24830.1,24834.6,24826.6,24833.1,48
1784508600,24831.6,24833.1,24828.1,24829.1,34
1784508660,24831.1,24833.1,24828.6,24831.6,30
1784508720,24833.6,24833.6,24822.1,24823.1,46
1784508780,24822.1,24825.1,24822.1,24823.6,46
1784508840,24824.1,24827.1,24824.1,24825.6,36
1784508900,24825.1,24831.6,24823.6,24826.6,70
1784508960,24827.1,24829.6,24821.6,24821.6,62
1784509020,24821.1,24823.6,24820.6,24822.6,18
1784509080,24823.1,24823.1,24820.6,24822.1,20
1784509140,24822.6,24824.1,24820.6,24823.1,72
1784509200,24824.1,24842.1,24824.1,24836.6,118
1784509260,24835.6,24841.1,24833.6,24837.1,138
1784509320,24835.1,24839.1,24830.6,24835.1,126
1784509380,24835.6,24838.1,24832.6,24833.1,66
1784509440,24832.6,24836.1,24830.6,24836.1,40
1784509500,24835.1,24842.6,24833.1,24842.6,52
1784509560,24843.1,24852.1,24842.1,24851.1,66
1784509620,24853.1,24857.1,24850.1,24852.1,80
1784509680,24853.1,24859.1,24850.6,24854.6,88
1784509740,24855.6,24860.6,24853.1,24859.1,78
1784509800,24857.1,24864.1,24857.1,24861.6,58
1784509860,24862.6,24862.6,24845.6,24850.1,82
1784509920,24847.6,24853.1,24844.6,24847.1,92
1784509980,24846.1,24847.1,24841.6,24843.6,92
1784510040,24843.1,24847.1,24832.1,24835.1,80
1784510100,24835.6,24842.6,24834.1,24838.1,116
1784510160,24838.6,24847.1,24837.6,24843.1,88
1784510220,24844.6,24844.6,24837.1,24840.6,112
1784510280,24839.6,24841.6,24834.6,24835.1,110
1784510340,24836.1,24839.1,24831.6,24831.6,48
1784510400,24834.1,24836.6,24827.6,24832.6,44
1784510460,24834.1,24837.1,24829.6,24833.6,78
1784510520,24834.6,24842.6,24834.1,24841.6,68
1784510580,24841.1,24849.6,24841.1,24844.1,44
1784510640,24845.6,24854.1,24845.1,24846.6,94
1784510700,24848.1,24853.6,24846.1,24850.6,78
1784510760,24851.6,24854.1,24848.6,24852.1,92
1784510820,24852.6,24852.6,24841.1,24841.1,48
1784510880,24841.6,24842.6,24831.6,24831.6,42
1784510940,24830.1,24830.1,24828.6,24828.6,8
1784511000,24826.6,24826.6,24813.6,24814.6,32
1784511060,24814.1,24819.6,24813.6,24816.1,44
1784511120,24814.1,24821.6,24813.1,24819.1,82
1784511180,24820.6,24822.6,24813.6,24815.1,86
1784511240,24815.6,24819.6,24812.1,24818.1,46
1784511300,24819.1,24819.1,24810.6,24812.6,64
1784511360,24812.1,24815.6,24806.1,24808.6,84
1784511420,24809.1,24819.1,24808.1,24817.6,24
1784511480,24814.6,24819.1,24810.6,24810.6,64
1784511540,24809.1,24817.6,24808.6,24815.1,106
1784511600,24815.6,24818.1,24813.6,24814.1,76
1784511660,24816.1,24819.1,24813.1,24813.1,94
1784511720,24814.1,24814.1,24798.1,24800.6,92
1784511780,24803.1,24803.1,24788.6,24789.6,50
1784511840,24791.6,24796.1,24786.1,24795.1,66
1784511900,24795.6,24804.6,24795.1,24796.6,62
1784511960,24795.1,24801.6,24795.1,24795.6,54
1784512020,24796.6,24798.6,24795.6,24798.6,46
1784512080,24799.6,24804.6,24795.6,24803.6,72
1784512140,24804.1,24805.6,24800.6,24803.1,64
1784512200,24802.1,24804.6,24795.6,24797.6,38
1784512260,24798.1,24798.1,24793.6,24793.6,28
1784512320,24792.1,24793.6,24792.1,24793.6,4
1784512380,24778.1,24778.1,24778.1,24778.1,2
1784512440,24780.6,24783.1,24779.1,24779.6,28
1784512500,24780.1,24784.6,24778.1,24778.6,44
1784512560,24779.6,24783.6,24777.6,24782.1,60
1784512620,24781.1,24788.1,24777.6,24787.1,56
1784512680,24787.6,24790.1,24784.6,24786.1,86
1784512740,24784.6,24798.6,24784.6,24796.1,66
1784512800,24797.1,24812.1,24795.6,24808.6,70
1784512860,24809.6,24821.1,24809.6,24813.6,86
1784512920,24813.1,24829.1,24812.6,24828.6,94
1784512980,24827.1,24827.1,24817.1,24817.6,84
1784513040,24817.1,24823.1,24815.1,24823.1,44
1784513100,24824.1,24829.1,24821.6,24826.1,84
1784513160,24824.6,24834.1,24824.6,24828.1,56
1784513220,24827.6,24828.1,24819.6,24824.6,60
1784513280,24825.1,24831.6,24823.1,24827.1,66
1784513340,24827.6,24829.6,24822.1,24826.6,82
1784513400,24825.1,24826.6,24819.1,24820.6,52
1784513460,24820.1,24822.6,24817.1,24817.1,43
1784513520,24819.1,24825.1,24818.1,24822.6,42
1784513580,24819.6,24820.6,24810.1,24812.6,28
1784513640,24811.1,24811.1,24806.1,24807.1,24
1784513700,24809.1,24809.1,24803.1,24804.6,25
1784513760,24806.6,24807.6,24805.6,24807.6,3
1784513820,24806.6,24809.1,24802.6,24803.1,36
1784513880,24802.1,24802.6,24794.6,24794.6,26
1784513940,24794.1,24797.6,24792.6,24795.1,54
1784514000,24796.1,24796.1,24788.6,24788.6,42
1784514060,24788.1,24793.6,24785.6,24793.1,60
1784514120,24792.1,24796.1,24790.1,24791.6,34
1784514180,24792.1,24793.6,24791.6,24793.6,16
1784514300,24792.6,24792.6,24784.6,24786.6,16
1784514360,24786.1,24786.1,24779.6,24782.1,42
1784514420,24782.6,24786.1,24781.1,24785.1,52
1784514480,24785.6,24793.1,24785.6,24790.1,42
1784514540,24789.6,24798.6,24788.6,24791.1,40
1784514600,24790.1,24805.6,24790.1,24803.6,76
1784514660,24804.6,24811.1,24803.1,24810.1,58
1784514720,24808.6,24820.1,24808.6,24819.6,72
1784514780,24818.1,24822.6,24811.6,24811.6,46
1784514840,24810.1,24820.6,24807.6,24816.6,54
1784514900,24819.6,24819.6,24810.6,24817.1,41
1784514960,24817.6,24826.6,24817.6,24820.1,37
1784515020,24821.6,24825.6,24818.1,24818.1,37
1784515080,24818.6,24820.6,24817.1,24818.6,22
1784515140,24817.1,24817.6,24816.1,24816.1,14
1784515200,24817.1,24819.1,24812.6,24819.1,20
1784515260,24819.6,24829.1,24817.6,24827.6,40
1784515320,24830.1,24838.6,24826.1,24834.1,54
1784515380,24834.6,24840.1,24834.1,24839.6,34
1784515440,24837.1,24837.1,24829.1,24829.6,34
1784515500,24830.1,24836.6,24828.6,24836.1,51
1784515560,24835.6,24838.6,24835.6,24836.1,24
1784515620,24835.6,24837.1,24831.6,24834.1,36
1784515680,24833.1,24845.6,24832.1,24845.6,68
1784515740,24844.6,24844.6,24840.1,24844.6,16
1784515800,24847.6,24849.1,24847.6,24849.1,11
1784515860,24848.6,24848.6,24845.6,24846.1,14
1784515920,24843.6,24844.1,24841.1,24841.6,34
1784515980,24840.6,24843.1,24840.6,24840.6,54
1784516040,24841.6,24842.6,24833.1,24836.6,44
1784516100,24837.6,24839.1,24833.6,24833.6,32
1784516160,24833.1,24841.1,24832.6,24839.6,42
1784516220,24838.1,24838.1,24832.1,24833.1,46
1784516280,24832.1,24833.6,24831.1,24831.6,28
1784516340,24830.1,24834.6,24829.1,24830.1,48
1784516400,24831.1,24842.1,24829.1,24841.6,44
1784516460,24842.1,24842.6,24833.1,24833.6,22
1784516520,24833.1,24838.1,24831.1,24837.6,18
1784516580,24838.6,24839.6,24834.1,24836.1,28
1784516640,24834.6,24837.1,24834.6,24835.6,16
1784516700,24834.6,24834.6,24823.6,24825.6,34
1784516760,24824.1,24825.1,24819.1,24819.1,42
1784516820,24819.6,24824.6,24815.1,24820.6,62
1784516880,24821.6,24821.6,24819.6,24819.6,34
1784516940,24820.1,24824.6,24820.1,24823.1,48
1784517000,24824.1,24828.6,24824.1,24828.6,30
1784517060,24829.6,24829.6,24824.1,24828.1,52
1784517120,24827.6,24830.6,24827.6,24827.6,20
1784517180,24828.6,24833.6,24828.1,24829.6,34
1784517240,24830.6,24833.1,24827.1,24827.1,54
1784517300,24826.1,24838.1,24821.6,24831.1,86
1784517360,24832.1,24839.6,24830.1,24835.1,72
1784517420,24836.6,24836.6,24829.6,24833.1,36
1784517480,24832.1,24833.1,24831.1,24831.1,8
1784517540,24830.1,24830.6,24828.6,24829.1,14
1784517600,24827.1,24830.6,24827.1,24827.6,30
1784517660,24826.6,24831.6,24826.6,24829.1,56
1784517720,24829.6,24832.1,24826.1,24832.1,52
1784517780,24831.6,24832.1,24824.6,24825.6,62
1784517840,24824.6,24835.6,24824.6,24831.1,70
1784517900,24830.6,24833.6,24827.6,24832.1,48
1784517960,24831.1,24833.6,24830.6,24830.6,32
1784518020,24829.1,24830.1,24822.1,24826.6,28
1784518080,24827.1,24829.6,24822.1,24825.6,54
1784518140,24824.6,24829.6,24822.6,24822.6,42
1784518200,24823.1,24829.1,24819.1,24829.1,32
1784518260,24829.6,24832.1,24825.6,24826.6,34
1784518320,24827.6,24831.1,24824.1,24824.1,34
1784518380,24824.6,24830.6,24823.6,24824.1,52
1784518440,24823.1,24828.6,24823.1,24825.6,22
1784518500,24820.6,24824.6,24819.1,24819.6,28
1784518560,24818.6,24821.1,24814.6,24821.1,30
1784518620,24824.1,24829.6,24821.6,24827.1,50
1784518680,24827.6,24828.6,24822.6,24823.6,52
1784518740,24823.1,24829.6,24823.1,24829.1,44
1784518800,24829.6,24832.1,24822.6,24822.6,46
1784518860,24824.1,24828.6,24822.1,24826.6,78
1784518920,24827.1,24834.6,24826.1,24833.6,38
1784518980,24834.1,24834.6,24832.1,24833.1,30
1784519040,24832.6,24834.6,24828.6,24834.1,66
1784519100,24833.6,24835.1,24831.6,24832.1,42
1784519160,24833.1,24836.1,24831.1,24831.1,60
1784519220,24830.6,24831.6,24829.6,24831.6,10
1784519280,24832.6,24835.6,24830.1,24834.6,42
1784519340,24833.6,24836.6,24830.6,24836.6,40
1784519400,24836.1,24843.1,24834.1,24843.1,40
1784519460,24842.6,24844.6,24840.1,24844.1,36
1784519520,24844.6,24850.1,24843.6,24849.1,40
1784519580,24848.1,24852.6,24847.6,24851.6,20
1784519640,24851.1,24852.1,24851.1,24851.6,20
1784519700,24852.6,24852.6,24845.1,24845.6,40
1784519760,24843.6,24847.6,24841.1,24841.6,46
1784519820,24841.1,24841.1,24836.6,24837.6,50
1784519880,24836.1,24837.6,24832.1,24837.6,36
1784519940,24836.6,24837.1,24832.1,24836.1,50
1784520000,24836.6,24842.6,24836.6,24842.1,80
1784520060,24842.6,24849.6,24839.6,24840.6,48
1784520120,24841.6,24841.6,24839.1,24840.1,26
1784520180,24841.1,24841.1,24838.6,24838.6,16
1784520240,24840.6,24843.6,24839.6,24841.1,42
1784520300,24841.6,24843.1,24836.6,24839.6,74
1784520360,24838.1,24838.1,24834.6,24834.6,28
1784520420,24833.1,24833.6,24829.6,24832.1,50
1784520480,24831.1,24834.1,24830.6,24833.1,36
1784520540,24833.6,24833.6,24829.1,24829.6,20
1784520600,24830.1,24834.1,24828.1,24830.1,46
1784520660,24830.6,24834.1,24830.1,24834.1,20
1784520720,24833.1,24833.1,24828.6,24828.6,42
1784520780,24827.6,24829.6,24823.1,24827.1,46
1784520840,24825.6,24826.1,24820.1,24822.1,30
1784520900,24821.6,24821.6,24819.1,24820.1,20
1784520960,24821.1,24821.6,24820.1,24820.6,28
1784521020,24819.6,24819.6,24817.1,24817.1,4
1784521080,24817.6,24822.1,24817.6,24819.6,60
1784521140,24818.6,24821.6,24817.1,24821.6,66
1784521200,24821.1,24824.6,24818.1,24824.6,60
1784521260,24824.1,24825.6,24819.6,24819.6,38
1784521320,24821.1,24823.1,24818.6,24822.6,72
1784521380,24823.6,24828.6,24822.6,24825.6,36
1784521440,24826.6,24829.1,24825.6,24826.1,50
1784521500,24827.6,24831.1,24826.6,24829.1,54
1784521560,24831.1,24838.1,24829.1,24838.1,56
1784521620,24837.6,24842.6,24837.1,24842.6,62
1784521680,24843.1,24845.6,24842.1,24844.1,60
1784521740,24843.6,24844.6,24840.1,24841.6,54
1784521800,24842.1,24844.6,24836.1,24836.1,66
1784521860,24838.6,24845.1,24838.6,24842.6,46
1784521920,24843.1,24852.6,24842.6,24852.6,54
1784521980,24855.1,24858.6,24852.1,24852.1,54
1784522040,24852.6,24854.1,24852.1,24854.1,32
1784522100,24853.1,24858.1,24853.1,24858.1,54
1784522160,24857.6,24858.1,24852.1,24852.1,54
1784522220,24853.6,24858.6,24853.6,24857.1,64
1784522280,24857.6,24863.1,24856.6,24863.1,18
1784522340,24862.6,24866.1,24861.6,24862.1,48
1784522400,24861.6,24865.1,24860.1,24864.6,28
1784522460,24863.6,24864.6,24862.1,24862.6,20
1784522520,24862.1,24872.1,24862.1,24870.1,40
1784522580,24869.6,24870.1,24861.6,24862.6,40
1784522640,24862.1,24868.1,24862.1,24865.1,20
1784522700,24865.6,24867.6,24863.6,24864.6,44
1784522760,24866.6,24869.1,24864.1,24869.1,36
1784522820,24870.1,24872.6,24866.6,24869.1,40
1784522880,24869.6,24870.6,24868.1,24868.6,42
1784522940,24869.6,24869.6,24868.6,24869.1,20
1784523000,24867.6,24869.6,24866.1,24869.6,22
1784523060,24868.6,24873.1,24866.1,24872.6,40
1784523120,24872.1,24873.1,24868.6,24869.6,22
1784523180,24868.1,24869.1,24864.6,24865.6,10
1784523240,24864.6,24864.6,24864.6,24864.6,2
1784523300,24865.1,24866.1,24861.1,24861.1,20
1784523360,24858.1,24862.1,24857.6,24861.6,16
1784523420,24860.1,24860.6,24853.1,24853.6,30
1784523480,24854.1,24855.1,24850.1,24850.1,20
1784523540,24850.6,24850.6,24846.6,24847.6,18
1784523600,24848.1,24853.1,24848.1,24851.6,80
1784523660,24852.6,24852.6,24845.1,24846.1,38
1784523720,24844.1,24846.1,24840.1,24844.1,64
1784523780,24841.6,24842.6,24835.6,24842.6,44
1784523840,24841.6,24842.1,24835.1,24836.1,80
1784523900,24836.6,24837.1,24831.6,24831.6,38
1784523960,24832.1,24832.6,24827.1,24830.1,52
1784524020,24830.6,24832.1,24828.1,24832.1,50
1784524080,24832.6,24832.6,24827.1,24828.1,40
1784524140,24827.1,24827.6,24824.1,24824.6,12
1784524200,24825.6,24828.6,24817.6,24818.1,72
1784524260,24817.6,24818.1,24809.6,24809.6,50
1784524320,24818.1,24818.1,24803.1,24803.1,34
1784524380,24803.6,24823.1,24803.6,24822.1,50
1784524440,24822.6,24832.6,24822.6,24832.1,58
1784524500,24830.6,24833.1,24824.6,24829.6,70
1784524560,24829.1,24831.1,24824.6,24830.1,66
1784524620,24829.6,24829.6,24821.6,24821.6,28
1784524680,24821.1,24822.6,24819.6,24820.6,20
1784524740,24823.1,24832.1,24822.6,24830.1,46
1784524800,24830.6,24830.6,24828.6,24828.6,12
1784524860,24829.1,24829.6,24820.6,24820.6,42
1784524920,24820.1,24826.1,24816.1,24826.1,44
1784524980,24826.6,24827.6,24808.6,24813.6,54
1784525040,24814.1,24820.1,24812.6,24818.1,42
1784525100,24817.1,24817.1,24809.6,24813.1,60
1784525160,24813.6,24813.6,24808.1,24809.6,32
1784525220,24808.1,24816.1,24807.6,24813.6,58
1784525280,24814.1,24814.1,24807.6,24808.1,38
1784525340,24807.6,24809.1,24807.1,24808.6,28
1784525400,24807.6,24810.6,24804.1,24810.1,50
1784525460,24809.1,24812.6,24808.6,24809.6,44
1784525520,24810.1,24810.1,24806.6,24807.6,26
1784525580,24806.6,24812.1,24804.6,24804.6,28
1784525640,24803.6,24806.6,24802.1,24802.6,56
1784525700,24804.6,24808.6,24802.6,24804.1,72
1784525760,24804.6,24806.6,24799.6,24800.6,60
1784525820,24801.1,24802.1,24799.1,24799.1,44
1784525880,24797.1,24805.1,24796.6,24803.6,38
1784525940,24802.6,24802.6,24799.1,24799.1,44
1784526000,24798.1,24802.1,24795.1,24801.1,42
1784526060,24800.1,24803.6,24799.6,24799.6,46
1784526120,24797.6,24800.1,24796.6,24796.6,42
1784526180,24796.1,24803.6,24796.1,24802.6,36
1784526240,24801.1,24801.1,24790.6,24790.6,50
1784526300,24789.6,24789.6,24782.6,24782.6,54
1784526360,24782.1,24782.1,24775.1,24779.6,84
1784526420,24780.6,24786.1,24777.6,24786.1,60
1784526480,24786.6,24788.6,24782.6,24784.1,40
1784526540,24783.6,24783.6,24778.6,24781.1,52
1784526600,24780.6,24782.6,24778.1,24782.1,38
1784526660,24781.6,24782.1,24779.1,24779.1,34
1784526720,24780.1,24782.1,24777.6,24781.6,38
1784526780,24781.1,24784.1,24781.1,24782.1,34
1784526840,24779.1,24780.6,24773.1,24773.1,50
1784526900,24768.1,24771.6,24762.6,24771.6,46
1784526960,24769.1,24777.6,24769.1,24774.6,44
1784527020,24775.6,24777.6,24772.6,24774.6,50
1784527080,24777.1,24777.1,24772.6,24772.6,26
1784527140,24771.1,24771.6,24763.1,24768.1,34
1784527200,24773.1,24783.6,24773.1,24783.1,46
1784527260,24783.8,24790.8,24777.3,24786.3,72
1784527320,24785.8,24790.8,24775.3,24782.3,80
1784527380,24778.3,24785.8,24774.3,24775.8,88
1784527440,24773.8,24780.3,24772.3,24778.3,114
1784527500,24779.3,24785.3,24763.8,24771.8,85
1784527560,24773.3,24782.8,24772.8,24779.3,102
1784527620,24779.8,24779.8,24776.3,24776.8,110
1784527680,24776.3,24780.8,24775.3,24777.3,112
1784527740,24776.8,24781.3,24756.1,24763.3,109
1784527800,24759.8,24759.8,24749.8,24750.8,106
1784527860,24751.3,24757.8,24748.1,24756.8,115
1784527920,24756.3,24763.3,24756.3,24763.3,81
1784527980,24762.8,24765.8,24754.8,24755.8,108
1784528040,24754.8,24756.8,24753.3,24754.8,92
1784528100,24754.3,24756.8,24752.8,24756.8,82
1784528160,24757.8,24765.8,24753.8,24756.8,122
1784528220,24757.3,24760.8,24750.8,24751.8,108
1784528280,24751.3,24752.8,24743.8,24744.3,88
1784528340,24744.8,24752.8,24743.8,24751.8,100
1784528400,24750.8,24761.8,24750.8,24759.8,116
1784528460,24759.3,24763.8,24752.8,24752.8,88
1784528520,24752.3,24758.3,24752.3,24757.8,98
1784528580,24758.3,24760.8,24752.8,24756.8,82
1784528640,24756.3,24758.3,24744.8,24744.8,96
1784528700,24745.3,24747.8,24740.8,24745.8,62
1784528760,24746.3,24755.8,24744.3,24753.8,86
1784528820,24754.3,24754.3,24748.8,24749.8,76
1784528880,24748.8,24754.8,24748.8,24752.8,84
1784528940,24751.8,24761.8,24751.8,24754.8,124
1784529000,24753.3,24761.8,24751.3,24760.8,113
1784529060,24759.8,24765.8,24759.3,24760.8,74
1784529120,24758.3,24758.3,24746.3,24750.8,84
1784529180,24749.8,24753.8,24746.3,24750.3,106
1784529240,24749.8,24751.8,24746.8,24750.8,90
1784529300,24749.8,24749.8,24737.8,24737.8,98
1784529360,24737.3,24742.3,24734.8,24740.8,88
1784529420,24739.8,24739.8,24735.3,24735.8,96
1784529480,24736.3,24745.8,24736.3,24741.3,76
1784529540,24741.8,24741.8,24731.8,24736.3,111
1784529600,24735.8,24743.8,24734.3,24742.3,68
1784529660,24742.8,24764.3,24742.8,24763.8,118
1784529720,24764.3,24765.8,24743.3,24743.3,72
1784529780,24742.8,24747.8,24742.8,24747.8,50
1784529840,24748.3,24756.8,24748.3,24750.8,58
1784529900,24752.8,24753.3,24741.6,24746.8,66
1784529960,24747.3,24756.8,24746.8,24750.3,98
1784530020,24750.8,24756.8,24735.1,24738.3,107
1784530080,24739.8,24744.3,24738.8,24743.8,90
1784530140,24744.3,24749.3,24740.8,24747.3,96
1784530200,24746.8,24756.8,24746.8,24751.3,84
1784530260,24752.3,24756.8,24750.3,24754.8,86
1784530320,24755.3,24763.8,24754.8,24760.8,64
1784530380,24760.3,24763.8,24757.8,24758.8,96
1784530440,24759.8,24762.3,24756.3,24758.8,86
1784530500,24760.8,24760.8,24753.3,24759.8,86
1784530560,24760.8,24763.3,24757.8,24759.8,84
1784530620,24759.3,24761.3,24748.8,24750.3,94
1784530680,24749.8,24750.8,24744.8,24747.8,88
1784530740,24746.8,24750.8,24738.8,24750.8,112
1784530800,24749.3,24775.3,24736.1,24767.3,222
1784530860,24768.8,24806.3,24762.3,24801.8,213
1784530920,24802.3,24802.3,24789.8,24799.3,188
1784530980,24798.8,24801.8,24789.3,24795.8,158
1784531040,24796.8,24801.8,24781.8,24783.8,162
1784531100,24781.8,24793.8,24770.3,24770.8,162
1784531160,24771.8,24775.8,24761.8,24765.8,186
1784531220,24766.3,24776.3,24765.8,24769.8,174
1784531280,24769.3,24769.3,24750.3,24752.8,168
1784531340,24752.3,24774.8,24752.3,24767.3,166
1784531400,24768.3,24792.8,24763.3,24785.8,176
1784531460,24784.3,24791.8,24780.8,24791.3,176
1784531520,24790.3,24793.8,24782.8,24788.3,156
1784531580,24787.8,24795.3,24777.3,24779.8,148
1784531640,24779.3,24798.8,24779.3,24797.8,152
1784531700,24796.8,24796.8,24785.8,24785.8,134
1784531760,24788.8,24789.8,24781.5,24785,154
1784531820,24783.5,24783.5,24753,24754.5,166
1784531880,24754,24771,24753,24761,160
1784531940,24762,24771,24756,24768,124
1784532000,24767,24781,24767,24773,146
1784532060,24774,24779,24762,24772,154
1784532120,24771.5,24801.5,24766,24801.5,188
1784532180,24802,24808,24788.5,24791.5,176
1784532240,24794,24795,24783,24788,174
1784532300,24788.5,24801,24782.5,24787.5,166
1784532360,24787,24823,24784.5,24823,158
1784532420,24821,24825.5,24813,24814,152
1784532480,24814.5,24829,24813,24818,136
1784532540,24820,24830.5,24820,24827.5,148
1784532600,24828,24860,24828,24845,190
1784532660,24844,24853,24832,24834,162
1784532720,24833.5,24840,24829,24831,162
1784532780,24832.5,24861,24832,24859.5,170
1784532840,24860,24879,24856,24877,158
1784532900,24876,24882.5,24871.5,24873,155
1784532960,24875,24881.5,24871,24875,134
1784533020,24874,24874,24859,24865.5,150
1784533080,24865,24868.5,24849.5,24850.5,176
1784533140,24851,24863,24850,24861,162
1784533200,24859.5,24873,24855.5,24873,158
1784533260,24871.5,24873,24858.5,24861,194
1784533320,24859.5,24873,24853,24863.5,172
1784533380,24864.5,24873,24864.5,24870.5,156
1784533440,24870,24890,24870,24889.5,144
1784533500,24889,24902,24878,24899,148
1784533560,24900,24907,24897.5,24906,134
1784533620,24905,24905,24876,24883.5,134
1784533680,24884,24887.5,24872,24872,148
1784533740,24873,24873.5,24858.5,24860,110
1784533800,24861,24861,24846.9,24846.9,124
1784533860,24846.4,24863.9,24843.9,24862.9,120
1784533920,24862.4,24869.4,24856.4,24857.9,118
1784533980,24858.4,24860.9,24842.9,24842.9,122
1784534040,24841.4,24841.9,24833.4,24835.9,99
1784534100,24832.4,24840.9,24832.4,24832.9,128
1784534160,24831.9,24853.4,24831.9,24853.4,142
1784534220,24855.4,24864.9,24852.9,24860.4,146
1784534280,24860.9,24863.4,24854.4,24855.4,114
1784534340,24855.9,24857.4,24846.4,24857.4,136
1784534400,24857.9,24866.4,24857.9,24863.9,186
1784534460,24864.4,24866.4,24856.4,24858.4,140
1784534520,24857.4,24868.4,24852.9,24861.4,134
1784534580,24861.9,24869.4,24859.4,24866.9,132
1784534640,24866.4,24868.4,24850.9,24852.4,136
1784534700,24852.9,24852.9,24839.9,24844.9,134
1784534760,24844.4,24856.4,24842.9,24846.4,120
1784534820,24847.4,24851.9,24836.4,24851.9,136
1784534880,24851.4,24852.9,24844.4,24850.4,110
1784534940,24851.4,24865.4,24851.4,24865.4,96
1784535000,24863.4,24864.4,24858.4,24863.9,112
1784535060,24864.4,24871.4,24861.4,24867.4,98
1784535120,24868.4,24889.4,24868.4,24888.4,152
1784535180,24887.9,24888.4,24878.4,24882.9,134
1784535240,24883.4,24885.9,24881.9,24884.9,62
1784535300,24885.4,24903.4,24885.4,24902.4,138
1784535360,24902.9,24903.4,24892.9,24898.4,106
1784535420,24898.9,24898.9,24881.9,24882.4,139
1784535480,24883.4,24891.4,24882.9,24891.4,124
1784535540,24890.4,24890.4,24884.4,24885.4,118
1784535600,24884.4,24888.9,24875.9,24879.4,110
1784535660,24880.9,24880.9,24870.9,24872.4,100
1784535720,24873.4,24880.4,24871.9,24877.4,82
1784535780,24876.4,24887.4,24875.9,24885.9,104
1784535840,24886.4,24896.9,24886.4,24895.9,114
1784535900,24894.9,24899.9,24891.9,24892.9,112
1784535960,24892.4,24897.4,24890.9,24896.4,124
1784536020,24896.9,24896.9,24889.4,24889.4,112
1784536080,24890.4,24902.9,24890.4,24901.4,118
1784536140,24899.4,24907.9,24899.4,24901.4,128
1784536200,24902.9,24907.4,24892.9,24898.4,168
1784536260,24897.9,24906.9,24892.4,24906.4,96
1784536320,24907.4,24912.9,24901.4,24904.4,116
1784536380,24903.4,24903.4,24887.4,24894.4,112
1784536440,24893.4,24894.4,24888.4,24890.4,90
1784536500,24889.9,24892.4,24879.9,24881.4,112
1784536560,24880.4,24891.9,24874.6,24887.4,118
1784536620,24886.4,24889.4,24876.4,24889.4,144
1784536680,24890.4,24902.4,24889.4,24898.4,102
1784536740,24897.4,24897.9,24895.4,24896.9,90
1784536800,24897.4,24903.9,24897.4,24903.9,84
1784536860,24904.9,24907.9,24901.9,24905.4,92
1784536920,24905.9,24906.9,24901.9,24901.9,90
1784536980,24902.9,24903.4,24887.4,24889.9,132
1784537040,24890.4,24892.4,24881.9,24883.4,132
1784537100,24883.9,24885.9,24878.9,24878.9,130
1784537160,24879.4,24881.4,24875.9,24877.9,92
1784537220,24876.9,24881.4,24872.4,24881.4,106
1784537280,24880.4,24884.4,24876.9,24880.4,110
1784537340,24880.9,24884.4,24874.1,24879.9,102
1784537400,24879.4,24880.9,24872.9,24875.4,126
1784537460,24874.9,24882.9,24873.4,24880.4,122
1784537520,24880.9,24882.4,24871.4,24881.9,100
1784537580,24881.4,24885.4,24877.9,24884.9,86
1784537640,24885.4,24888.4,24880.4,24887.4,116
1784537700,24886.9,24893.4,24886.4,24887.9,94
1784537760,24888.9,24895.9,24886.9,24894.4,108
1784537820,24893.4,24902.9,24891.9,24902.9,92
1784537880,24901.4,24909.4,24900.4,24904.4,86
1784537940,24905.9,24907.4,24901.4,24904.9,110
1784538000,24904.4,24909.4,24899.4,24909.4,126
1784538060,24908.4,24912.9,24905.4,24908.9,112
1784538120,24908.4,24911.9,24899.9,24899.9,111
1784538180,24900.4,24904.9,24897.4,24900.9,130
1784538240,24900.4,24903.9,24888.4,24889.4,116
1784538300,24887.9,24891.9,24886.4,24889.4,108
1784538360,24889.9,24891.4,24882.4,24885.9,134
1784538420,24885.4,24885.9,24875.4,24881.9,108
1784538480,24881.4,24883.9,24878.9,24880.9,118
1784538540,24881.4,24890.9,24876.9,24883.4,122
1784538600,24883.9,24894.4,24883.9,24892.4,122
1784538660,24891.4,24899.9,24891.4,24897.9,76
1784538720,24897.4,24897.9,24890.4,24895.4,90
1784538780,24896.4,24898.4,24887.4,24889.4,76
1784538840,24890.4,24893.4,24889.4,24890.4,82
1784538900,24889.9,24906.9,24889.9,24905.4,100
1784538960,24905.9,24908.4,24902.9,24908.4,88
1784539020,24908.9,24918.9,24906.4,24915.9,106
1784539080,24917.4,24917.4,24901.9,24903.4,99
1784539140,24902.9,24903.9,24895.4,24895.4,106
1784539200,24894.9,24900.9,24893.4,24898.9,92
1784539260,24900.4,24910.4,24900.4,24909.9,82
1784539320,24910.4,24911.4,24907.9,24910.4,74
1784539380,24912.4,24917.4,24909.4,24911.9,92
1784539440,24912.4,24915.4,24903.4,24907.4,120
1784539500,24906.4,24906.4,24902.9,24906.4,74
1784539560,24907.4,24909.4,24904.4,24906.4,75
1784539620,24907.4,24908.9,24904.4,24908.9,80
1784539680,24909.4,24914.4,24908.9,24913.9,66
1784539740,24913.4,24913.4,24909.4,24909.9,78
1784539800,24906.4,24915.9,24906.4,24915.4,114
1784539860,24916.4,24921.4,24915.4,24915.9,106
1784539920,24915.4,24918.9,24914.4,24917.4,86
1784539980,24917.9,24928.4,24915.4,24926.9,92
1784540040,24926.4,24930.4,24925.9,24928.4,94
1784540100,24929.4,24931.4,24924.4,24930.4,92
1784540160,24929.9,24932.9,24924.4,24925.4,126
1784540220,24926.4,24928.9,24924.9,24927.4,100
1784540280,24927.9,24928.4,24922.9,24927.4,112
1784540340,24926.9,24934.4,24926.9,24933.9,94
1784540400,24934.4,24936.4,24929.4,24934.9,102
1784540460,24934.4,24947.4,24934.4,24943.9,110
1784540520,24944.4,24945.9,24935.4,24938.4,121
1784540580,24938.9,24941.9,24932.4,24932.4,90
1784540640,24933.4,24938.4,24933.4,24937.4,100
1784540700,24935.9,24936.4,24929.4,24929.4,114
1784540760,24930.4,24933.9,24926.9,24933.9,92
1784540820,24933.4,24938.4,24932.4,24933.9,84
1784540880,24933.4,24934.4,24921.9,24922.9,100
1784540940,24923.4,24923.4,24910.9,24910.9,90
1784541000,24910.4,24910.4,24903.4,24906.4,76
1784541060,24905.9,24906.4,24899.9,24902.9,108
1784541120,24902.4,24905.9,24898.9,24901.9,128
1784541180,24901.4,24910.9,24900.9,24910.9,88
1784541240,24913.4,24917.4,24912.4,24915.4,92
1784541300,24914.9,24916.9,24904.4,24905.4,122
1784541360,24904.4,24907.4,24901.9,24901.9,74
1784541420,24902.4,24915.4,24902.4,24914.4,92
1784541480,24913.9,24919.4,24913.9,24918.4,96
1784541540,24917.9,24922.4,24916.9,24920.4,72
1784541600,24920.9,24924.4,24913.9,24913.9,106
1784541660,24914.4,24917.9,24909.9,24915.4,98
1784541720,24915.9,24918.4,24914.4,24918.4,82
1784541780,24917.4,24918.9,24909.4,24918.4,86
1784541840,24917.9,24927.9,24917.9,24919.4,106
1784541900,24918.9,24920.9,24907.4,24908.4,72
1784541960,24909.4,24913.9,24905.9,24907.4,108
1784542020,24908.4,24910.4,24901.9,24906.4,82
1784542080,24905.9,24907.9,24903.4,24906.4,80
1784542140,24907.4,24908.9,24903.4,24907.4,94
1784542200,24906.4,24915.4,24904.4,24913.4,92
1784542260,24913.9,24915.4,24904.9,24907.4,108
1784542320,24907.9,24908.4,24896.9,24897.9,108
1784542380,24898.4,24899.4,24894.4,24897.4,92
1784542440,24896.9,24898.9,24893.9,24897.4,80
1784542500,24896.4,24896.4,24883.9,24887.4,100
1784542560,24886.4,24888.4,24880.9,24887.4,116
1784542620,24886.4,24886.9,24866.4,24867.9,102
1784542680,24867.4,24874.4,24866.9,24874.4,86
1784542740,24875.4,24887.9,24874.4,24886.4,92
1784542800,24883.4,24889.4,24880.4,24889.4,84
1784542860,24890.4,24895.4,24889.4,24894.9,88
1784542920,24895.4,24898.9,24888.4,24897.4,96
1784542980,24897.9,24904.9,24897.4,24902.9,58
1784543040,24902.4,24903.9,24898.4,24898.4,74
1784543100,24897.9,24905.4,24889.4,24889.4,98
1784543160,24889.9,24893.4,24888.9,24889.4,98
1784543220,24888.9,24896.9,24886.4,24892.4,76
1784543280,24893.4,24893.9,24887.4,24892.4,88
1784543340,24893.4,24894.9,24889.4,24890.4,95
1784543400,24891.4,24894.4,24884.1,24884.4,127
1784543460,24883.4,24889.9,24872.4,24878.4,123
1784543520,24878.9,24885.9,24877.4,24877.9,104
1784543580,24878.4,24887.4,24878.4,24878.4,104
1784543640,24876.4,24879.9,24870.9,24874.4,86
1784543700,24873.9,24874.4,24858.4,24860.4,126
1784543760,24861.4,24862.4,24852.9,24857.9,128
1784543820,24857.4,24858.4,24849.4,24853.4,104
1784543880,24853.9,24853.9,24846.9,24849.9,118
1784543940,24850.9,24850.9,24843.4,24847.4,76
1784544000,24847.9,24847.9,24821.9,24828.4,108
1784544060,24827.4,24834.9,24826.4,24831.9,114
1784544120,24830.4,24832.4,24825.4,24832.4,112
1784544180,24831.4,24838.4,24830.4,24837.4,132
1784544240,24835.9,24840.4,24831.9,24835.9,118
1784544300,24835.4,24835.4,24823.4,24826.4,100
1784544360,24827.4,24837.4,24825.9,24830.4,102
1784544420,24829.9,24834.4,24829.9,24833.4,106
1784544480,24832.9,24833.4,24826.9,24832.4,108
1784544540,24831.4,24838.4,24827.4,24830.4,118
1784544600,24829.9,24830.4,24818.4,24827.4,112
1784544660,24828.4,24834.4,24826.4,24833.4,78
1784544720,24832.9,24835.9,24831.4,24834.4,72
1784544780,24833.4,24844.4,24833.4,24844.4,118
1784544840,24843.4,24855.9,24842.9,24855.9,68
1784544900,24854.4,24855.9,24850.9,24852.4,92
1784544960,24853.4,24863.4,24852.4,24861.9,104
1784545020,24861.4,24865.4,24860.4,24865.4,84
1784545080,24863.9,24863.9,24852.9,24858.9,108
1784545140,24859.4,24862.9,24857.9,24858.4,104
1784545200,24859.4,24874.9,24859.4,24871.9,142
1784545260,24872.4,24878.4,24865.9,24866.4,100
1784545320,24866.9,24872.4,24859.4,24861.4,100
1784545380,24861.9,24873.9,24859.4,24873.9,124
1784545440,24873.4,24888.4,24871.4,24886.4,130
1784545500,24885.4,24890.4,24884.9,24889.9,120
1784545560,24889.4,24889.9,24881.4,24882.4,112
1784545620,24883.4,24890.4,24883.4,24889.4,110
1784545680,24890.9,24890.9,24885.4,24888.4,100
1784545740,24887.9,24889.4,24880.4,24881.4,110
1784545800,24880.9,24884.9,24878.4,24883.4,90
1784545860,24882.9,24887.4,24872.9,24877.4,122
1784545920,24876.9,24877.4,24867.4,24874.4,114
1784545980,24873.9,24881.4,24870.9,24875.4,116
1784546040,24874.9,24875.4,24869.4,24870.4,100
1784546100,24869.4,24875.9,24868.4,24871.4,96
1784546160,24870.9,24873.4,24868.9,24872.4,72
1784546220,24871.4,24872.4,24865.4,24866.4,98
1784546280,24866.9,24877.9,24865.4,24872.9,102
1784546340,24872.4,24885.4,24871.4,24880.9,98
1784546400,24880.4,24886.4,24879.4,24881.4,124
1784546460,24880.9,24882.4,24871.9,24871.9,80
1784546520,24872.9,24873.4,24870.4,24872.9,46
1784546580,24874.4,24882.4,24873.4,24882.4,94
1784546640,24881.9,24886.4,24880.4,24883.4,100
1784546700,24882.4,24884.4,24876.4,24876.4,92
1784546760,24878.4,24880.4,24869.9,24870.9,84
1784546820,24871.4,24877.4,24871.4,24873.9,104
1784546880,24874.4,24877.4,24870.4,24877.4,84
1784546940,24876.9,24881.4,24876.4,24880.4,92
1784547000,24877.4,24964.4,24870.4,24924.4,266
1784547060,24923.9,24962.9,24913.9,24957.9,258
1784547120,24955.4,24974.9,24950.4,24953.9,246
1784547180,24954.9,24964.9,24943.4,24944.9,214
1784547240,24946.9,24973.4,24943.9,24956.9,226
1784547300,24956.4,24969.4,24951.4,24955.4,170
1784547360,24956.4,24958.9,24945.4,24954.4,160
1784547420,24954.9,24964.4,24953.9,24963.4,156
1784547480,24963.9,24972.4,24954.4,24959.4,140
1784547540,24960.4,24971.4,24956.4,24964.4,156
1784547600,24963.4,24970.9,24962.4,24966.9,134
1784547660,24965.9,24975.4,24959.9,24966.4,136
1784547720,24966.9,24967.4,24949.4,24950.9,157
1784547780,24950.4,24962.4,24943.4,24943.9,153
1784547840,24943.4,24951.9,24939.9,24951.4,142
1784547900,24951.9,24957.4,24946.9,24947.9,116
1784547960,24948.4,24948.9,24937.9,24940.4,142
1784548020,24939.4,24942.4,24928.4,24930.9,132
1784548080,24930.4,24931.9,24922.4,24923.4,122
1784548140,24922.9,24923.4,24915.4,24917.4,106
1784548200,24915.9,24915.9,24910.4,24910.9,118
1784548260,24911.9,24918.4,24904.9,24918.4,142
1784548320,24917.9,24919.4,24912.4,24916.4,116
1784548380,24917.4,24931.9,24914.9,24931.9,114
1784548440,24932.4,24943.4,24930.4,24940.4,143
1784548500,24941.4,24944.4,24937.9,24941.4,112
1784548560,24942.4,24948.4,24941.9,24948.4,83
1784548620,24947.9,24957.9,24946.4,24955.9,106
1784548680,24957.4,24957.4,24946.4,24951.4,102
1784548740,24950.4,24951.9,24938.9,24943.4,101
1784548800,24942.4,24945.4,24911.4,24921.4,155
1784548860,24922.4,24924.9,24907.4,24909.4,108
1784548920,24908.9,24915.4,24838.9,24844.9,228
1784548980,24842.9,24860.9,24836.9,24844.9,264
1784549040,24846.4,24870.9,24844.9,24861.9,196
1784549100,24861.4,24872.9,24849.9,24872.9,171
1784549160,24872.4,24882.4,24869.9,24877.4,169
1784549220,24874.4,24880.4,24867.9,24879.9,182
1784549280,24880.4,24880.4,24859.4,24870.9,174
1784549340,24871.4,24881.9,24871.4,24872.9,126
1784549400,24871.4,24876.4,24864.9,24872.4,156
1784549460,24872.9,24872.9,24865.4,24871.4,132
1784549520,24871.9,24874.4,24857.4,24873.4,167
1784549580,24873.9,24885.4,24873.4,24885.4,126
1784549640,24885.9,24895.4,24883.4,24893.4,122
1784549700,24894.4,24896.4,24884.4,24885.4,116
1784549760,24884.4,24903.4,24884.4,24903.4,112
1784549820,24901.9,24902.9,24896.4,24902.4,122
1784549880,24902.9,24905.4,24896.9,24897.4,114
1784549940,24898.9,24900.4,24882.9,24886.4,136
1784550000,24886.9,24887.4,24882.9,24885.9,102
1784550060,24885.4,24889.4,24876.4,24876.4,98
1784550120,24875.4,24877.4,24867.9,24870.4,138
1784550180,24869.9,24880.4,24869.9,24878.9,100
1784550240,24878.4,24884.4,24877.4,24878.4,102
1784550300,24877.9,24880.4,24872.4,24879.4,128
1784550360,24878.9,24885.4,24874.4,24884.9,100
1784550420,24883.9,24889.4,24880.4,24889.4,94
1784550480,24888.9,24895.4,24888.4,24892.9,119
1784550540,24891.9,24901.4,24888.4,24899.9,122
1784550600,24898.6,24908.4,24898.4,24907.9,134
1784550660,24907.4,24913.4,24902.4,24902.4,116
1784550720,24902.9,24902.9,24894.9,24897.4,102
1784550780,24896.4,24896.4,24878.9,24882.9,114
1784550840,24883.4,24887.4,24877.4,24885.9,126
1784550900,24885.4,24895.4,24879.4,24895.4,154
1784550960,24896.4,24903.9,24895.9,24903.9,104
1784551020,24903.4,24911.4,24902.9,24909.4,106
1784551080,24908.4,24909.4,24901.4,24905.9,100
1784551140,24904.4,24912.9,24904.4,24907.4,98
1784551200,24906.4,24909.4,24903.4,24905.4,76
1784551260,24904.9,24910.4,24900.9,24906.4,130
1784551320,24907.9,24912.9,24890.4,24891.4,122
1784551380,24892.4,24893.9,24888.4,24890.4,110
1784551440,24889.9,24891.4,24882.4,24885.4,116
1784551500,24884.4,24886.9,24881.4,24884.4,98
1784551560,24883.9,24886.4,24882.9,24885.4,98
1784551620,24884.4,24897.4,24883.9,24896.4,106
1784551680,24896.9,24898.9,24888.4,24888.9,108
1784551740,24889.9,24892.9,24888.4,24889.9,88
1784551800,24889.4,24890.4,24883.4,24886.4,118
1784551860,24887.4,24887.4,24878.9,24878.9,116
1784551920,24879.4,24883.4,24864.4,24865.9,132
1784551980,24865.4,24867.9,24856.9,24857.4,108
1784552040,24859.4,24865.4,24846.4,24847.9,120
1784552100,24848.4,24848.9,24830.9,24833.4,146
1784552160,24832.4,24838.4,24829.4,24835.4,122
1784552220,24834.4,24836.9,24831.4,24835.4,88
1784552280,24835.9,24841.9,24833.4,24833.9,106
1784552340,24833.4,24836.4,24827.9,24835.9,122
1784552400,24835.4,24842.4,24825.9,24831.4,146
1784552460,24830.9,24835.4,24825.9,24831.4,124
1784552520,24830.4,24830.4,24813.4,24825.4,134
1784552580,24824.9,24827.9,24822.4,24825.9,116
1784552640,24824.9,24833.4,24821.9,24830.4,120
1784552700,24829.4,24831.4,24821.9,24821.9,104
1784552760,24822.4,24826.4,24815.4,24825.4,130
1784552820,24827.4,24838.4,24826.4,24830.9,100
1784552880,24831.4,24838.4,24830.4,24835.4,128
1784552940,24833.4,24838.4,24827.4,24832.4,122
1784553000,24833.4,24837.9,24829.9,24837.9,108
1784553060,24835.9,24837.9,24823.9,24830.4,130
1784553120,24829.4,24830.4,24819.9,24820.4,102
1784553180,24821.4,24822.4,24803.4,24803.4,106
1784553240,24803.9,24808.9,24799.4,24799.9,102
1784553300,24800.4,24801.9,24791.9,24797.4,137
1784553360,24796.9,24804.9,24791.9,24800.4,110
1784553420,24800.9,24807.9,24798.9,24806.4,102
1784553480,24806.9,24815.4,24806.9,24815.4,114
1784553540,24814.4,24819.9,24813.4,24819.9,114
1784553600,24819.4,24825.4,24819.4,24823.4,102
1784553660,24822.9,24823.9,24818.4,24822.4,106
1784553720,24821.4,24827.4,24820.4,24824.4,116
1784553780,24825.4,24831.9,24824.4,24831.9,86
1784553840,24831.4,24839.4,24828.4,24828.4,120
1784553900,24829.4,24829.4,24821.4,24828.9,104
1784553960,24828.4,24834.4,24826.4,24827.9,126
1784554020,24825.4,24833.4,24824.4,24829.9,136
1784554080,24828.4,24838.4,24823.4,24837.9,118
1784554140,24836.4,24841.4,24829.4,24832.4,108
1784554200,24831.9,24843.4,24821.4,24842.9,204
1784554260,24843.4,24846.9,24834.9,24835.4,194
1784554320,24836.4,24841.4,24825.9,24831.4,184
1784554380,24830.9,24838.4,24824.9,24824.9,144
1784554440,24825.4,24833.9,24821.4,24829.4,150
1784554500,24828.9,24836.4,24823.4,24829.9,142
1784554560,24830.9,24835.9,24826.4,24828.4,116
1784554620,24829.4,24834.4,24812.9,24819.9,146
1784554680,24819.4,24827.9,24808.9,24817.4,160
1784554740,24818.4,24827.9,24815.9,24824.4,126
1784554800,24824.9,24825.4,24809.4,24809.4,164
1784554860,24810.4,24815.4,24806.4,24810.4,154
1784554920,24810.9,24812.4,24804.4,24807.4,128
1784554980,24806.4,24808.4,24791.4,24791.4,138
1784555040,24789.4,24795.4,24783.4,24792.4,146
1784555100,24791.4,24792.4,24777.4,24777.4,150
1784555160,24774.4,24781.9,24759.4,24762.4,148
1784555220,24761.9,24770.4,24755.9,24764.4,152
1784555280,24763.9,24775.4,24763.9,24772.4,160
1784555340,24772.9,24784.4,24772.9,24779.4,138
1784555400,24778.9,24790.9,24777.4,24781.4,144
1784555460,24780.9,24787.4,24779.4,24783.4,172
1784555520,24782.9,24787.4,24766.9,24774.4,176
1784555580,24773.4,24775.4,24762.4,24767.4,170
1784555640,24768.4,24782.9,24768.4,24776.9,150
1784555700,24777.4,24783.4,24772.4,24776.9,158
1784555760,24776.4,24778.9,24771.4,24775.4,172
1784555820,24774.4,24775.9,24763.4,24771.4,166
1784555880,24771.9,24780.4,24770.9,24774.9,128
1784555940,24774.4,24790.4,24771.4,24785.9,136
1784556000,24785.4,24801.4,24783.9,24798.9,166
1784556060,24800.4,24802.4,24786.4,24792.9,144
1784556120,24792.4,24793.4,24777.4,24785.9,172
1784556180,24786.4,24795.4,24777.9,24795.4,148
1784556240,24794.9,24800.4,24787.4,24791.4,154
1784556300,24790.4,24800.9,24787.4,24790.9,164
1784556360,24791.4,24792.9,24780.9,24784.4,154
1784556420,24783.4,24789.4,24778.4,24787.4,160
1784556480,24786.4,24797.4,24780.9,24780.9,182
1784556540,24781.4,24789.4,24778.9,24781.9,126
1784556600,24782.4,24784.4,24760.4,24771.4,166
1784556660,24771.9,24777.4,24768.4,24775.9,158
1784556720,24774.4,24785.9,24771.4,24785.9,124
1784556780,24786.4,24800.4,24785.9,24798.4,158
1784556840,24797.9,24800.4,24787.9,24795.4,148
1784556900,24796.4,24811.9,24793.9,24806.9,164
1784556960,24806.4,24808.4,24792.4,24792.4,138
1784557020,24792.9,24803.4,24791.9,24792.4,168
1784557080,24791.9,24794.4,24785.9,24789.9,164
1784557140,24789.4,24792.4,24776.4,24783.9,168
1784557200,24782.9,24785.9,24775.9,24783.9,170
1784557260,24782.9,24784.4,24770.9,24778.4,156
1784557320,24779.9,24782.4,24773.4,24782.4,154
1784557380,24783.4,24797.4,24781.4,24797.4,138
1784557440,24796.4,24802.4,24795.4,24796.4,158
1784557500,24795.9,24811.4,24795.9,24810.9,126
1784557560,24812.4,24819.9,24810.4,24819.9,128
1784557620,24820.4,24823.4,24810.4,24811.9,148
1784557680,24812.4,24819.4,24812.4,24813.4,130
1784557740,24814.4,24824.4,24814.4,24822.9,132
1784557800,24822.4,24826.4,24814.9,24822.4,136
1784557860,24821.4,24824.4,24810.9,24822.9,136
1784557920,24823.4,24824.4,24809.4,24810.4,141
1784557980,24810.9,24826.9,24810.9,24816.9,152
1784558040,24817.4,24822.4,24807.4,24820.9,160
1784558100,24821.4,24826.9,24817.4,24825.4,150
1784558160,24825.9,24831.9,24815.4,24817.4,134
1784558220,24818.4,24825.9,24813.9,24823.4,144
1784558280,24824.9,24833.4,24820.9,24832.4,160
1784558340,24833.4,24843.4,24831.4,24840.4,156
1784558400,24839.9,24849.4,24839.4,24848.4,104
1784558460,24849.4,24850.4,24834.4,24835.9,148
1784558520,24836.9,24842.4,24833.4,24834.9,130
1784558580,24835.4,24844.4,24829.9,24830.9,154
1784558640,24830.4,24839.4,24827.9,24836.4,150
1784558700,24834.4,24839.9,24829.4,24838.9,152
1784558760,24838.4,24844.4,24833.4,24843.4,142
1784558820,24844.4,24849.4,24839.4,24840.4,138
1784558880,24841.4,24842.4,24829.4,24830.9,138
1784558940,24831.4,24838.4,24831.4,24833.4,110
1784559000,24832.9,24839.4,24831.4,24836.4,152
1784559060,24836.9,24839.4,24830.4,24834.9,154
1784559120,24835.4,24845.4,24834.4,24835.9,144
1784559180,24835.4,24842.4,24833.4,24835.4,134
1784559240,24834.4,24841.4,24832.4,24835.4,142
1784559300,24834.4,24835.4,24824.4,24835.4,160
1784559360,24834.9,24835.4,24825.4,24826.9,162
1784559420,24826.4,24826.9,24814.9,24815.4,138
1784559480,24815.9,24817.9,24800.9,24807.9,150
1784559540,24807.4,24825.9,24807.4,24825.9,160
1784559600,24824.4,24829.4,24806.4,24822.9,180
1784559660,24822.4,24844.4,24822.4,24844.4,146
1784559720,24841.9,24848.9,24834.4,24848.9,168
1784559780,24848.4,24853.4,24842.4,24844.4,140
1784559840,24843.9,24850.4,24837.4,24837.4,154
1784559900,24836.4,24839.4,24819.4,24822.4,162
1784559960,24822.9,24830.4,24819.4,24822.4,160
1784560020,24823.4,24834.4,24822.9,24833.9,140
1784560080,24833.4,24865.4,24832.4,24854.4,148
1784560140,24852.4,24878.4,24851.4,24869.9,196
1784560200,24870.9,24870.9,24859.4,24859.9,160
1784560260,24859.4,24865.4,24856.4,24862.4,137
1784560320,24862.9,24870.9,24857.9,24858.9,152
1784560380,24858.4,24865.4,24851.4,24864.4,154
1784560440,24863.9,24864.4,24846.9,24850.4,158
1784560500,24851.4,24860.4,24841.9,24859.9,136
1784560560,24860.4,24860.4,24853.4,24853.9,130
1784560620,24850.4,24861.4,24845.9,24859.4,132
1784560680,24858.4,24861.4,24856.4,24859.4,142
1784560740,24857.9,24858.4,24847.9,24851.4,136
1784560800,24852.4,24855.9,24847.4,24850.9,132
1784560860,24850.4,24864.4,24848.9,24864.4,116
1784560920,24865.4,24867.9,24861.4,24866.9,118
1784560980,24867.4,24870.4,24856.4,24856.4,108
1784561040,24856.9,24858.4,24850.4,24850.4,120
1784561100,24850.9,24860.4,24850.4,24856.4,117
1784561160,24857.9,24867.4,24857.4,24860.4,128
1784561220,24861.4,24863.9,24858.9,24858.9,118
1784561280,24858.4,24862.9,24849.9,24851.4,140
1784561340,24851.9,24860.9,24847.9,24859.4,164
1784561400,24858.9,24862.7,24853.7,24862.2,175
1784561460,24862.7,24867.2,24851.7,24854.7,122
1784561520,24856.2,24860.2,24847.2,24854.7,152
1784561580,24855.7,24863.7,24851.7,24856.7,138
1784561640,24857.7,24861.2,24840.7,24847.7,208
1784561700,24844.7,24848.7,24831.2,24842.2,144
1784561760,24841.7,24850.2,24839.2,24848.2,130
1784561820,24848.7,24849.7,24827.2,24827.2,130
1784561880,24826.7,24836.2,24825.7,24836.2,138
1784561940,24835.7,24840.2,24827.7,24831.2,118
1784562000,24832.2,24835.7,24827.2,24830.7,170
1784562060,24831.7,24841.7,24831.7,24834.2,132
1784562120,24834.7,24836.2,24823.7,24828.7,134
1784562180,24828.2,24833.7,24825.7,24828.2,110
1784562240,24827.7,24838.2,24827.7,24838.2,100
1784562300,24839.2,24839.7,24824.2,24825.2,123
1784562360,24826.2,24829.2,24822.7,24828.2,102
1784562420,24829.7,24833.2,24822.2,24827.7,128
1784562480,24826.2,24830.7,24824.7,24828.2,110
1784562540,24828.7,24833.2,24826.2,24828.2,138
1784562600,24830.2,24831.7,24824.2,24831.2,128
1784562660,24832.2,24841.2,24832.2,24836.2,128
1784562720,24835.7,24838.2,24833.7,24837.2,112
1784562780,24835.7,24843.7,24833.7,24843.7,122
1784562840,24844.2,24852.7,24844.2,24851.2,102
1784562900,24850.7,24856.2,24848.7,24853.2,110
1784562960,24854.2,24854.7,24851.2,24853.7,86
1784563020,24854.2,24854.2,24847.2,24850.2,110
1784563080,24851.2,24854.7,24846.7,24849.7,116
1784563140,24850.2,24850.7,24847.2,24848.7,78
1784563200,24848.2,24855.7,24845.7,24855.2,98
1784563260,24855.7,24858.2,24851.7,24854.2,102
1784563320,24853.2,24855.2,24849.2,24854.7,142
1784563380,24855.2,24867.7,24852.2,24867.7,123
1784563440,24868.2,24870.7,24867.7,24869.2,86
1784563500,24868.7,24878.7,24868.7,24877.7,94
1784563560,24877.2,24878.7,24869.2,24878.7,118
1784563620,24878.2,24878.7,24874.2,24876.2,110
1784563680,24875.7,24878.7,24873.2,24876.2,108
1784563740,24876.7,24878.7,24875.7,24877.7,112
1784563800,24877.2,24881.7,24872.7,24873.2,94
1784563860,24873.7,24876.2,24872.2,24875.7,102
1784563920,24875.2,24879.2,24869.7,24869.7,92
1784563980,24870.2,24871.7,24866.2,24867.2,112
1784564040,24867.7,24869.2,24864.2,24869.2,104
1784564100,24868.7,24869.2,24862.2,24862.2,88
1784564160,24863.2,24869.2,24863.2,24866.2,80
1784564220,24867.2,24869.2,24866.7,24869.2,62
1784564280,24870.2,24870.7,24866.2,24869.7,92
1784564340,24870.2,24872.2,24868.2,24872.2,80
1784564400,24872.7,24873.2,24869.7,24871.2,96
1784564460,24870.2,24870.7,24867.2,24869.2,74
1784564520,24868.7,24870.2,24866.7,24867.2,56
1784564580,24867.7,24870.2,24866.2,24869.2,78
1784564640,24868.2,24869.7,24865.2,24869.2,68
1784564700,24870.2,24870.2,24859.2,24861.2,84
1784564760,24859.7,24862.2,24857.7,24861.2,114
1784564820,24861.7,24866.2,24860.7,24863.2,68
1784564880,24862.7,24863.2,24861.2,24861.7,78
1784564940,24861.2,24864.7,24861.2,24864.2,58
1784565000,24864.7,24868.7,24863.2,24863.7,98
1784565060,24864.2,24866.2,24861.7,24862.2,110
1784565120,24862.7,24863.2,24858.2,24860.2,94
1784565180,24860.7,24862.2,24851.7,24852.2,96
1784565240,24851.7,24856.2,24849.2,24851.7,116
1784565300,24851.2,24854.7,24850.7,24853.2,70
1784565360,24852.7,24856.7,24851.7,24855.7,88
1784565420,24855.2,24859.2,24852.2,24859.2,98
1784565480,24861.7,24862.2,24854.2,24856.7,96
1784565540,24856.2,24864.7,24856.2,24862.2,108
1784565600,24862.7,24865.7,24861.2,24862.2,86
1784565660,24861.2,24865.7,24806.7,24822.2,174
1784565720,24823.2,24834.7,24823.2,24833.7,166
1784565780,24834.2,24836.2,24829.2,24829.2,146
1784565840,24830.2,24833.7,24828.2,24831.7,92
1784565900,24831.2,24832.7,24821.2,24821.7,140
1784565960,24822.7,24840.2,24821.2,24839.2,128
1784566020,24838.7,24840.2,24836.2,24836.2,118
1784566080,24837.2,24839.2,24836.2,24838.2,72
1784566140,24837.2,24839.7,24837.2,24838.7,78
1784566200,24838.2,24838.7,24829.7,24830.7,94
1784566260,24832.2,24836.2,24828.2,24835.2,116
1784566320,24834.7,24838.2,24831.7,24836.2,106
1784566380,24837.2,24837.2,24832.2,24836.2,102
1784566440,24836.7,24836.7,24818.2,24819.2,126
1784566500,24818.2,24824.2,24817.7,24822.7,94
1784566560,24822.2,24822.2,24812.7,24812.7,112
1784566620,24814.2,24817.2,24812.7,24815.2,114
1784566680,24814.2,24820.2,24814.2,24815.2,96
1784566740,24815.7,24818.2,24814.7,24814.7,82
1784566800,24815.7,24821.2,24814.7,24820.7,98
1784566860,24821.2,24822.2,24811.2,24812.2,98
1784566920,24811.2,24819.2,24811.2,24818.2,98
1784566980,24818.7,24821.2,24815.2,24816.7,96
1784567040,24817.2,24818.2,24810.7,24812.2,88
1784567100,24811.2,24811.7,24794.7,24798.2,114
1784567160,24798.7,24806.7,24798.7,24805.2,86
1784567220,24804.2,24806.2,24800.7,24806.2,106
1784567280,24805.7,24809.2,24804.2,24808.2,114
1784567340,24808.7,24815.2,24807.7,24811.2,90
1784567400,24811.7,24812.7,24805.2,24809.2,86
1784567460,24808.7,24814.2,24807.7,24812.7,94
1784567520,24812.2,24814.2,24811.2,24813.2,64
1784567580,24812.2,24815.2,24810.2,24812.7,82
1784567640,24811.2,24812.2,24805.2,24807.7,112
1784567700,24806.7,24807.2,24797.2,24799.2,90
1784567760,24798.2,24804.2,24795.7,24802.2,106
1784567820,24802.7,24812.2,24802.7,24809.2,86
1784567880,24809.7,24812.2,24809.7,24812.2,88
1784567940,24812.7,24814.2,24806.7,24806.7,108
1784568000,24805.2,24809.2,24804.7,24809.2,82
1784568060,24808.7,24812.2,24808.7,24812.2,76
1784568120,24812.7,24817.2,24812.2,24812.7,90
1784568180,24813.2,24814.7,24811.2,24812.2,68
1784568240,24812.7,24812.7,24807.2,24810.2,108
1784568300,24809.2,24810.2,24807.2,24808.7,60
1784568360,24808.2,24812.2,24806.2,24812.2,64
1784568420,24811.2,24812.2,24801.2,24803.7,78
1784568480,24803.2,24806.7,24803.2,24806.7,80
1784568540,24806.2,24815.2,24806.2,24815.2,76
1784568600,24816.2,24818.2,24812.2,24814.2,99
1784568660,24814.7,24814.7,24807.7,24810.7,82
1784568720,24811.2,24814.2,24808.2,24813.7,126
1784568780,24814.2,24818.7,24808.7,24817.2,108
1784568840,24817.7,24822.7,24817.2,24819.2,113
1784568900,24819.7,24825.2,24818.7,24822.7,105
1784568960,24823.2,24823.2,24812.2,24813.7,128
1784569020,24813.2,24814.2,24811.2,24812.2,96
1784569080,24813.2,24816.2,24811.2,24814.7,74
1784569140,24814.2,24816.7,24810.2,24811.7,92
1784569200,24811.2,24813.2,24806.7,24808.2,56
1784569260,24807.2,24808.2,24798.2,24801.2,100
1784569320,24800.2,24802.2,24797.7,24802.2,52
1784569380,24801.2,24803.2,24794.7,24796.2,82
1784569440,24795.2,24799.2,24789.2,24791.2,102
1784569500,24790.2,24805.2,24789.7,24803.2,98
1784569560,24804.2,24804.7,24793.7,24797.7,106
1784569620,24799.2,24799.2,24796.7,24799.2,76
1784569680,24798.7,24801.2,24796.2,24798.7,82
1784569740,24799.2,24799.2,24793.2,24795.2,78
1784569800,24794.2,24799.2,24794.2,24796.7,96
1784569860,24797.2,24802.2,24794.2,24801.2,106
1784569920,24800.7,24806.7,24800.7,24805.7,92
1784569980,24805.2,24806.7,24803.7,24805.2,116
1784570040,24804.7,24808.7,24802.7,24802.7,108
1784570100,24803.7,24804.7,24800.7,24803.7,96
1784570160,24803.2,24803.2,24796.7,24797.7,88
1784570220,24798.7,24804.2,24798.7,24802.7,106
1784570280,24802.2,24803.2,24798.2,24799.2,82
1784570340,24798.7,24801.7,24797.7,24801.2,84
1784570400,24801.7,24807.7,24801.2,24807.7,102
1784570460,24808.2,24813.2,24807.2,24811.2,130
1784570520,24810.2,24816.2,24807.7,24815.2,100
1784570580,24816.2,24816.2,24810.2,24811.2,52
1784570640,24811.7,24812.7,24809.7,24811.2,58
1784570700,24810.2,24815.2,24810.2,24813.2,84
1784570760,24812.2,24812.7,24809.7,24812.7,70
1784570820,24812.2,24812.7,24808.2,24809.2,58
1784570880,24808.2,24811.2,24806.2,24810.2,46
1784570940,24809.7,24814.2,24809.7,24813.2,72
1784571000,24813.7,24813.7,24810.2,24812.7,70
1784571060,24810.7,24812.2,24805.2,24809.7,60
1784571120,24809.2,24815.2,24809.2,24813.7,66
1784571180,24814.2,24816.7,24813.7,24816.7,48
1784571240,24816.2,24816.7,24812.2,24813.2,66
1784571300,24813.7,24814.2,24805.2,24805.2,102
1784571360,24807.7,24810.7,24805.7,24808.7,88
1784571420,24809.2,24815.7,24809.2,24811.7,80
1784571480,24811.2,24813.2,24808.7,24812.2,64
1784571540,24813.2,24814.2,24811.2,24814.2,46
1784571600,24813.7,24815.2,24811.2,24813.2,54
1784571660,24812.7,24814.2,24798.2,24804.2,96
1784571720,24803.7,24805.7,24797.7,24799.7,144
1784571780,24799.2,24799.2,24792.7,24794.7,138
1784571840,24794.2,24794.2,24788.2,24789.2,126
1784571900,24788.2,24796.2,24785.2,24795.2,116
1784571960,24795.7,24796.7,24791.7,24793.2,104
1784572020,24792.7,24794.2,24789.2,24791.2,88
1784572080,24791.7,24795.2,24788.2,24794.7,114
1784572140,24795.2,24799.2,24790.2,24790.7,110
1784572200,24789.2,24790.7,24783.7,24784.2,104
1784572260,24783.7,24787.2,24772.2,24773.2,117
1784572320,24774.2,24776.7,24765.7,24768.2,122
1784572380,24767.7,24773.2,24763.2,24769.7,128
1784572440,24767.7,24768.2,24737.7,24748.7,150
1784572500,24747.2,24762.2,24747.2,24758.2,144
1784572560,24759.2,24769.2,24757.2,24767.2,106
1784572620,24767.7,24771.2,24762.2,24763.2,106
1784572680,24762.2,24768.2,24760.2,24760.7,108
1784572740,24759.2,24759.2,24751.2,24752.2,118
1784572800,24751.7,24756.7,24749.7,24749.7,106
1784572860,24749.2,24751.2,24742.2,24751.2,114
1784572920,24751.7,24752.7,24744.7,24748.2,118
1784572980,24749.2,24751.2,24742.7,24747.7,136
1784573040,24747.2,24748.7,24730.2,24733.2,114
1784573100,24731.7,24739.7,24731.7,24736.2,156
1784573160,24737.2,24745.2,24735.7,24745.2,134
1784573220,24744.7,24747.7,24742.2,24746.2,110
1784573280,24746.7,24747.2,24743.7,24745.2,100
1784573340,24744.2,24750.2,24744.2,24745.2,96
1784573400,24744.2,24752.2,24743.2,24749.2,96
1784573460,24748.2,24749.2,24744.2,24746.2,96
1784573520,24747.2,24750.2,24745.2,24748.7,118
1784573580,24749.2,24754.2,24749.2,24753.2,90
1784573640,24751.7,24759.7,24751.2,24757.2,84
1784573700,24755.7,24757.2,24753.2,24756.7,102
1784573760,24757.2,24757.2,24753.2,24756.2,66
1784573820,24755.7,24756.2,24751.2,24751.2,92
1784573880,24752.2,24752.2,24744.2,24748.2,104
1784573940,24749.2,24751.2,24745.2,24745.2,88
1784574000,24747.2,24758.2,24745.2,24758.2,106
1784574060,24757.7,24760.2,24754.2,24754.2,96
1784574120,24754.7,24754.7,24743.2,24743.7,94
1784574180,24743.2,24743.2,24734.2,24735.2,82
1784574240,24734.7,24735.2,24730.2,24732.2,104
1784574300,24731.7,24732.7,24723.7,24726.2,104
1784574360,24725.7,24726.7,24715.7,24724.7,128
1784574420,24725.7,24726.2,24716.7,24719.2,98
1784574480,24718.2,24722.2,24716.2,24720.2,100
1784574540,24720.7,24728.2,24719.2,24725.2,126
1784574600,24724.7,24735.7,24724.7,24733.2,116
1784574660,24732.2,24732.2,24725.7,24727.7,88
1784574720,24727.2,24730.2,24726.2,24729.2,76
1784574780,24728.7,24728.7,24707.7,24710.2,118
1784574840,24709.7,24711.7,24704.2,24704.2,116
1784574900,24704.7,24708.7,24698.7,24707.7,128
1784574960,24707.2,24711.2,24705.2,24706.7,112
1784575020,24706.2,24708.2,24694.2,24700.2,140
1784575080,24699.7,24707.7,24697.2,24707.2,116
1784575140,24707.7,24711.2,24706.2,24709.2,106
1784575200,24710.2,24714.2,24701.2,24702.2,96
1784575260,24701.2,24708.7,24701.2,24702.2,126
1784575320,24703.2,24706.7,24701.2,24704.2,98
1784575380,24704.7,24713.7,24702.2,24713.7,120
1784575440,24714.2,24717.7,24711.7,24717.2,104
1784575500,24717.7,24719.2,24711.7,24711.7,88
1784575560,24710.7,24714.2,24709.2,24710.2,94
1784575620,24710.7,24710.7,24705.2,24709.7,108
1784575680,24710.7,24712.7,24706.7,24707.2,120
1784575740,24706.7,24733.2,24706.7,24732.7,152
1784575800,24733.2,24735.7,24721.7,24721.7,160
1784575860,24722.7,24739.2,24721.2,24737.2,170
1784575920,24738.2,24742.7,24734.7,24742.7,174
1784575980,24742.2,24743.2,24733.7,24733.7,144
1784576040,24734.2,24740.2,24733.7,24735.7,144
1784576100,24736.7,24737.2,24728.2,24733.2,132
1784576160,24732.2,24735.2,24729.2,24730.7,108
1784576220,24731.2,24732.2,24726.7,24728.2,110
1784576280,24727.2,24737.2,24726.2,24732.2,100
1784576340,24730.2,24734.2,24727.7,24727.7,80
1784576400,24728.7,24735.2,24726.7,24735.2,126
1784576460,24734.2,24738.2,24734.2,24734.2,80
1784576520,24735.2,24737.2,24721.7,24722.7,114
1784576580,24722.2,24728.2,24720.7,24726.7,100
1784576640,24726.2,24726.7,24724.2,24725.7,96
1784576700,24725.2,24730.7,24717.2,24721.2,140
1784576760,24720.7,24730.7,24720.7,24729.7,102
1784576820,24729.2,24740.2,24726.2,24738.7,124
1784576880,24738.2,24746.7,24737.7,24742.2,86
1784576940,24742.7,24749.7,24742.2,24749.2,112
1784577000,24750.2,24750.2,24738.2,24740.2,148
1784577060,24739.7,24742.2,24735.2,24739.2,77
1784577120,24739.7,24739.7,24729.2,24729.7,108
1784577180,24729.2,24729.2,24718.2,24718.2,120
1784577240,24719.2,24721.2,24715.7,24719.2,130
1784577300,24720.2,24720.2,24709.7,24710.7,125
1784577360,24710.2,24725.7,24708.2,24725.2,130
1784577420,24725.7,24725.7,24714.7,24715.2,124
1784577480,24712.2,24715.7,24705.7,24711.7,108
1784577540,24711.2,24718.7,24701.7,24702.2,146
1784577600,24700.6,24716.4,24700.6,24713.3,215
1784577660,24713.5,24714.9,24709.2,24709.5,155
1784577720,24710.4,24712.3,24705.7,24705.9,112
1784577780,24706.1,24708,24703.3,24707.6,114
1784577840,24707.3,24711.6,24707.3,24708,112
1784577900,24707.6,24711.4,24707.6,24708.8,92
1784577960,24708,24712.1,24703.3,24703.3,82
1784578020,24703.6,24703.6,24691.4,24694.7,121
1784578080,24694,24702.4,24694,24701.4,74
1784578140,24700.5,24700.7,24689.2,24696.9,83
1784578200,24696.4,24696.4,24691.7,24693.3,74
1784578260,24692.2,24694.5,24690.5,24693.1,84
1784578320,24692.6,24695.5,24692.4,24694.1,48
1784578380,24693.6,24696.2,24692.9,24694.3,78
1784578440,24692.9,24694.3,24687.6,24687.9,112
1784578500,24688.6,24690.5,24686.7,24689.1,96
1784578560,24688.6,24691.2,24687.4,24688.6,90
1784578620,24688.3,24689.3,24684.3,24685.2,82
1784578680,24685,24685.2,24684.1,24685.2,56
1784578740,24684.8,24688.1,24684.3,24687.4,70
1784578800,24688.1,24689.3,24687.4,24689.1,40
1784578860,24689.3,24690.5,24688.8,24689.8,68
1784578920,24690.5,24691,24682.6,24683.8,48
1784578980,24684.5,24685.7,24682.6,24682.8,62
1784579040,24683.8,24684.7,24683.3,24684.7,32
1784579100,24684.5,24688.1,24684.5,24687.4,60
1784579160,24687.1,24687.1,24677.1,24677.6,88
1784579220,24677.1,24680.5,24677.1,24680.5,58
1784579280,24680.9,24682.1,24680.5,24681.6,52
1784579340,24681.9,24683.8,24680.7,24681.9,44
1784579400,24682.1,24684.3,24681.2,24684.3,46
1784579460,24683.6,24688.3,24683.3,24686.4,60
1784579520,24685.9,24688.6,24682.3,24682.3,56
1784579580,24682.6,24683.5,24681.4,24682.3,73
1784579640,24682.8,24683.8,24682.3,24683.8,26
1784579700,24683.8,24683.8,24682.3,24683.8,39
1784579760,24684,24685.2,24683.8,24685.2,50
1784579820,24685,24687.3,24685,24687.1,42
1784579880,24686.6,24688,24685,24686.1,48
1784579940,24685.7,24687.1,24685.4,24687.1,24
1784580000,24687.6,24687.6,24685,24685.9,66
1784580060,24686.1,24687.6,24685.9,24687.3,40
1784580120,24686.6,24686.9,24683,24683.8,64
1784580180,24683.5,24684.2,24683.5,24683.8,38
1784580240,24683.3,24685.9,24682.8,24685.2,52
1784580300,24685.7,24688.3,24684.5,24686.1,72
1784580360,24686.9,24687.8,24685.4,24687.8,50
1784580420,24688.3,24690.9,24687.8,24690.4,46
1784580480,24690.7,24692.6,24690.4,24691.4,52
1784580540,24691.6,24691.9,24690.4,24690.9,26
1784580600,24690.7,24690.7,24685.4,24687.1,70
1784580660,24687.3,24687.3,24685,24686.4,72
1784580720,24686.1,24688.8,24685.2,24686.6,56
1784580780,24687.3,24688,24687.1,24687.1,28
1784580840,24686.6,24690.7,24686.6,24690.7,48
1784580900,24691.1,24691.6,24689,24689,48
1784580960,24688.8,24690.2,24688.5,24690,58
1784581020,24689.5,24691.1,24689,24689.7,38
1784581080,24689.5,24692.1,24688.8,24691.6,54
1784584920,24692.7,24696.7,24681.6,24687.6,90
1784584980,24687.9,24687.9,24681.4,24684.8,86
1784585040,24684.5,24689.1,24680.1,24681.3,88
1784585100,24680.6,24681.8,24655.1,24663,122
1784585160,24662.7,24667.3,24662.7,24663.7,56
1784585220,24663.9,24668.2,24663.9,24664.9,36
1784585280,24665.6,24668,24665.3,24666.8,26
1784585340,24667.3,24669.4,24667.3,24668.9,12
1784585400,24669.9,24670.8,24669.9,24670.3,18
1784585460,24670.8,24671.8,24669.2,24670.6,94
1784585520,24670.1,24673.4,24669.9,24673.2,52
1784585580,24673.4,24673.4,24672.7,24673.2,26
1784585640,24673.4,24673.4,24671.5,24673,30
1784585700,24673.2,24674.4,24672,24673.7,34
1784585760,24673.2,24673.4,24671.5,24672.3,36
1784585820,24672,24672.5,24670.3,24671.8,26
1784585880,24671.3,24674.4,24670.8,24671.5,44
1784585940,24672,24672.3,24670.1,24671.5,44
1784586000,24672,24672.7,24671.1,24672.7,38
1784586060,24672.3,24675.3,24671.8,24673.9,44
1784586120,24673.7,24673.7,24672.7,24673,42
1784586180,24672,24672.7,24671.5,24672.3,32
1784586240,24672,24674.4,24672,24673.7,46
1784586300,24673.9,24673.9,24671.8,24673.9,52
1784586360,24673.4,24674.4,24672,24672.7,54
1784586420,24673,24674.2,24672.3,24672.5,60
1784586480,24672.3,24673.2,24672,24672,24
1784586540,24671.8,24672.7,24670.8,24672.7,26
1784586600,24672.5,24673.2,24671.1,24671.3,58
1784586660,24672.3,24672.3,24668.4,24670.8,32
1784586720,24671.3,24671.3,24667,24668.4,52
1784586780,24668.2,24668.2,24665.3,24666.1,36
1784586840,24665.8,24667.3,24662.7,24665.6,50
1784586900,24665.3,24665.8,24664.6,24664.9,60
1784586960,24664.6,24664.6,24662.3,24664.6,56
1784587020,24664.4,24666.3,24664.4,24666.1,38
1784587080,24665.8,24665.8,24661.5,24662,60
1784587140,24663.7,24669,24661.5,24666.9,63
1784587200,24667.1,24667.1,24663.3,24663.3,32
1784587260,24663.6,24668.3,24663.6,24668.3,82
1784587320,24668.1,24670,24667.9,24669.3,32
1784587380,24669.5,24669.8,24669.3,24669.5,26
1784587440,24670,24671.4,24669.5,24671.4,28
1784587500,24672.4,24673.1,24666.7,24667.4,62
1784587560,24667.6,24667.6,24666.7,24666.7,32
1784587620,24666.9,24668.3,24666.9,24668.3,14
1784587680,24669.5,24669.5,24665.7,24665.7,24
1784587740,24665.5,24666.9,24664.5,24666.2,56
1784587800,24665.9,24665.9,24664.3,24664.5,46
1784587860,24665.9,24666.4,24665.2,24665.9,48
1784587920,24665.7,24666.4,24665.7,24666.2,24
1784587980,24666.4,24666.7,24665.9,24666.2,20
1784588040,24665.9,24666.2,24664.8,24664.8,28
1784588100,24665,24665.9,24664.5,24665.2,20
1784588160,24665.7,24665.7,24665.5,24665.5,4
1784588220,24665,24665.7,24664.3,24665,18
1784588280,24664.8,24664.8,24664.3,24664.5,6
1784588340,24664.8,24665.7,24664.8,24665.5,32
1784588400,24666.2,24667.1,24664.5,24664.8,34
1784588460,24665,24666.4,24665,24666.2,38
1784588520,24666.4,24671.7,24666.4,24670.2,65
1784588580,24669.8,24671.7,24669,24670.5,36
1784588640,24670.7,24677.4,24670.7,24676.5,42
1784588700,24677,24677.9,24676.7,24677.4,34
1784588760,24677.2,24678.9,24677.2,24678.9,26
1784588820,24679.3,24681,24679.1,24680.3,50
1784588880,24680.3,24688.4,24680.3,24687.5,38
1784588940,24687.7,24689.6,24687.7,24689.4,26
1784589000,24688.9,24690.1,24688.7,24689.9,52
1784589060,24689.6,24691.3,24689.1,24690.6,34
1784589120,24691.1,24700.7,24691.1,24700,18
1784589180,24699.7,24700,24699.2,24699.5,14
1784589240,24699.7,24701.6,24693,24700.4,48
1784589300,24700.7,24702.1,24700,24700.7,48
1784589360,24700.4,24701.4,24700.4,24700.9,28
1784589420,24700.4,24701.4,24700.4,24701.4,12
1784589480,24701.9,24704.2,24701.4,24703.1,52
1784589540,24703.3,24709,24701.8,24709,77
1784589600,24709.2,24715.5,24709,24715.5,44
1784589660,24715,24718.1,24713.3,24713.5,80
1784589720,24713.8,24719,24713.3,24718.3,68
1784589780,24718.1,24718.3,24716.4,24717.4,66
1784589840,24717.1,24717.6,24714.7,24715.9,64
1784589900,24716.2,24717.1,24715.2,24715.2,58
1784589960,24715.5,24716.2,24714.5,24715.7,28
1784590020,24715,24715.5,24714,24715.5,34
1784590080,24715.7,24715.9,24715,24715.7,10
1784590140,24716.2,24718.5,24716.2,24718.1,36
1784590200,24718.3,24718.8,24716.9,24718.1,38
1784590260,24717.6,24723.3,24716.9,24723,52
1784590320,24723.3,24726.9,24723.3,24726.6,38
1784590380,24726.9,24727.6,24724.2,24725.4,38
1784590440,24724.7,24725.4,24724,24724.5,42
1784590500,24724.2,24725.4,24724,24724.7,20
1784590560,24725,24725.2,24723.3,24723.8,50
1784590620,24724.2,24724.2,24723.3,24723.3,32
1784590680,24723,24724.7,24722.6,24722.8,22
1784590740,24723.3,24723.3,24720.4,24721.6,24
1784590800,24721.1,24721.6,24720,24721.6,20
1784590860,24722.3,24723.3,24721.9,24722.1,32
1784590920,24722.3,24724.2,24722.3,24723.3,34
1784590980,24723,24723.5,24721.4,24721.9,36
1784591040,24721.6,24722.1,24721.1,24721.4,30
1784591100,24721.1,24725.2,24720.9,24722.1,98
1784591160,24722.3,24723.8,24720.4,24720.9,100
1784591220,24720.7,24721.4,24717.1,24720,110
1784591280,24720.4,24720.9,24718,24718,44
1784591340,24717.6,24719,24716.9,24717.1,76
1784591400,24716.1,24716.1,24705.6,24706.6,113
1784591460,24706.8,24712.6,24701.3,24702.5,97
1784591520,24703,24706.6,24688.1,24694.1,91
1784591580,24694.5,24696.4,24692.6,24692.9,106
1784591640,24692.6,24696.7,24690.7,24696.7,96
1784591700,24695.7,24698.8,24695.2,24698.3,103
1784591760,24698.8,24702.2,24698.8,24701.4,83
1784591820,24700.7,24704.5,24700.7,24704.1,84
1784591880,24703.8,24706,24702.6,24703.6,93
1784591940,24703.1,24704.5,24700,24703.8,102
1784592000,24703.3,24703.3,24678.5,24681.3,180
1784592060,24680.9,24686.4,24680.4,24680.4,166
1784592120,24680.9,24682.8,24679,24682.3,146
1784592180,24682.8,24683.9,24675.9,24683.2,172
1784592240,24684.2,24684.6,24681.8,24683.9,144
1784592300,24685.1,24687,24679.6,24680.8,142
1784592360,24681.1,24685.3,24678.9,24682.2,144
1784592420,24681.5,24681.5,24668.1,24669.1,131
1784592480,24668.6,24676.5,24666.8,24669.1,140
1784592540,24668.4,24673,24668.2,24671.5,146
1784592600,24671.1,24673,24669.1,24670.1,140
1784592660,24669.6,24674.9,24668.2,24672.5,150
1784592720,24672.2,24686.7,24671.3,24685.3,142
1784592780,24684.6,24696.6,24684.6,24692.8,152
1784592840,24692.3,24693.2,24682.8,24684.4,158
1784592900,24684.2,24684.2,24684.2,24684.2,2
1784592960,24690.4,24690.4,24669.4,24682.9,52
1784593020,24684.4,24690.9,24682.4,24686.9,44
1784593080,24688.9,24696.4,24685.9,24696.4,76
1784593140,24697.4,24703.9,24688.9,24703.9,48
1784593200,24701.4,24705.4,24692.4,24692.4,84
1784593260,24690.9,24695.9,24689.9,24693.4,84
1784593320,24693.9,24693.9,24692.4,24692.4,26
1784593380,24691.4,24691.9,24682.4,24688.9,60
1784593440,24689.9,24695.9,24688.9,24694.9,30
1784593500,24695.9,24699.4,24692.9,24692.9,72
1784593560,24694.9,24701.4,24694.4,24698.9,52
1784593620,24700.9,24711.9,24700.4,24711.9,64
1784593680,24711.4,24715.4,24704.9,24706.9,88
1784593740,24706.4,24707.4,24704.9,24705.4,32
1784593800,24707.4,24715.9,24705.4,24714.4,62
1784593860,24717.4,24723.9,24714.9,24718.9,66
1784593920,24718.4,24724.4,24717.9,24724.4,38
1784593980,24723.9,24726.9,24713.9,24714.4,96
1784594040,24713.9,24719.4,24712.4,24718.4,74
1784594100,24717.4,24719.9,24716.4,24718.4,60
1784594160,24717.9,24720.4,24711.9,24713.9,72
1784594220,24712.9,24717.9,24711.9,24717.4,68
1784594280,24717.9,24724.9,24717.4,24724.4,56
1784594340,24724.9,24733.4,24724.4,24728.9,68
1784594400,24729.9,24732.4,24722.9,24723.9,46
1784594460,24724.9,24731.4,24724.4,24731.4,38
1784594520,24730.9,24738.4,24729.9,24735.9,52
1784594580,24736.4,24736.4,24726.4,24726.4,48
1784594640,24726.9,24732.9,24725.9,24729.4,40
1784594700,24728.9,24736.9,24728.9,24732.9,48
1784594760,24733.4,24735.9,24728.9,24735.9,34
1784594820,24734.9,24736.9,24730.4,24736.4,22
1784594880,24735.9,24741.4,24735.4,24739.9,50
1784594940,24738.4,24743.9,24737.9,24742.4,50
1784595000,24741.9,24744.4,24741.9,24741.9,50
1784595060,24740.9,24741.4,24738.9,24740.9,26
1784595120,24739.9,24744.9,24739.9,24740.9,54
1784595180,24741.9,24742.4,24734.9,24739.9,58
1784595240,24739.4,24739.4,24734.9,24736.4,26
1784595300,24735.4,24736.4,24732.9,24732.9,10
1784595360,24731.9,24733.4,24729.4,24732.4,38
1784595420,24731.9,24735.9,24730.9,24735.9,44
1784595480,24734.9,24734.9,24731.4,24732.9,28
1784595540,24733.9,24733.9,24727.9,24727.9,26
1784595600,24727.4,24730.9,24722.4,24730.9,112
1784595660,24729.4,24730.9,24725.4,24728.9,74
1784595720,24728.4,24728.4,24718.9,24723.9,72
1784595780,24723.4,24726.4,24714.9,24724.4,108
1784595840,24723.4,24727.4,24722.9,24727.4,52
1784595900,24728.4,24733.4,24726.9,24733.4,76
1784595960,24733.9,24744.4,24732.9,24742.9,72
1784596020,24741.9,24746.4,24736.9,24746.4,72
1784596080,24745.9,24752.4,24740.9,24749.4,90
1784596140,24749.9,24751.4,24748.4,24750.9,28
1784596200,24751.9,24753.4,24747.9,24751.9,40
1784596260,24751.4,24752.9,24748.4,24749.4,58
1784596320,24749.9,24752.9,24749.4,24752.4,34
1784596380,24751.9,24765.4,24749.4,24763.4,40
1784596440,24764.4,24771.4,24762.9,24770.9,36
1784596500,24771.4,24779.9,24770.4,24777.9,64
1784596560,24777.4,24784.9,24773.4,24781.4,66
1784596620,24780.9,24782.4,24767.4,24767.4,44
1784596680,24767.9,24768.4,24763.4,24764.4,50
1784596740,24764.9,24778.9,24755.4,24772.9,102
1784596800,24772.4,24774.9,24761.9,24769.4,76
1784596860,24768.9,24771.9,24766.4,24767.4,52
1784596920,24765.9,24769.9,24765.9,24766.9,46
1784596980,24765.9,24765.9,24760.4,24760.4,52
1784597040,24760.9,24768.4,24760.9,24763.9,58
1784597100,24764.9,24768.9,24761.4,24765.9,76
1784597160,24761.4,24763.9,24754.9,24762.4,70
1784597220,24761.4,24767.4,24760.9,24763.9,64
1784597280,24761.4,24765.9,24760.4,24764.9,78
1784597340,24763.9,24767.9,24762.9,24763.9,40
1784597400,24762.9,24768.4,24761.9,24763.4,60
1784597460,24764.9,24771.9,24764.9,24771.9,48
1784597520,24772.4,24773.9,24768.9,24773.9,42
1784597580,24774.9,24781.4,24773.4,24780.9,42
1784597640,24780.4,24781.9,24776.4,24777.9,40
1784597700,24779.9,24779.9,24774.4,24774.4,48
1784597760,24773.4,24774.4,24769.9,24773.4,54
1784597820,24772.4,24772.9,24769.4,24772.9,14
1784597880,24771.9,24771.9,24760.4,24760.4,28
1784597940,24760.9,24762.9,24756.9,24757.9,46
1784598000,24756.4,24759.4,24753.9,24759.4,30
1784598060,24756.4,24757.4,24753.4,24753.9,22
1784598120,24753.4,24753.9,24752.4,24752.9,18
1784598180,24752.4,24753.9,24747.9,24750.4,34
1784598240,24748.9,24750.9,24746.9,24746.9,46
1784598300,24747.4,24749.9,24746.4,24749.9,24
1784598360,24750.4,24752.9,24749.9,24751.4,24
1784598420,24750.9,24757.4,24750.9,24753.4,40
1784598480,24753.9,24758.4,24753.4,24755.4,42
1784598540,24756.4,24756.9,24753.9,24755.4,20
1784598600,24755.9,24755.9,24752.4,24754.4,24
1784598660,24753.4,24753.9,24744.4,24747.9,54
1784598720,24747.4,24747.4,24747.4,24747.4,2
1784598780,24746.4,24748.4,24744.9,24745.4,26
1784598840,24746.4,24748.9,24744.4,24748.9,18
1784598900,24747.9,24747.9,24739.9,24744.9,40
1784598960,24744.4,24746.4,24740.9,24742.4,36
1784599020,24741.4,24742.4,24739.9,24741.4,22
1784599080,24745.4,24745.4,24745.4,24745.4,2
1784599140,24745.9,24746.4,24744.9,24744.9,12
1784599200,24748.4,24750.4,24747.4,24748.4,34
1784599260,24749.9,24754.4,24748.4,24749.4,34
1784599320,24749.9,24752.9,24749.9,24752.4,26
1784599380,24752.9,24762.4,24752.4,24762.4,44
1784599440,24763.9,24768.9,24760.9,24763.9,64
1784599500,24764.4,24771.9,24762.9,24768.9,44
1784599560,24770.4,24771.4,24765.9,24769.4,48
1784599620,24767.9,24767.9,24762.9,24762.9,12
1784599680,24761.9,24761.9,24761.9,24761.9,2
1784599740,24759.9,24759.9,24753.4,24754.4,26
1784599800,24755.4,24755.4,24746.9,24746.9,24
1784599860,24745.4,24753.9,24745.4,24753.9,50
1784599920,24752.9,24753.9,24747.4,24747.4,54
1784599980,24749.4,24751.4,24745.9,24746.9,48
1784600040,24746.4,24747.9,24743.4,24743.9,52
1784600100,24744.9,24745.9,24741.4,24741.4,26
1784600160,24741.9,24745.9,24737.9,24742.4,62
1784600220,24742.9,24744.9,24742.9,24743.4,16
1784600280,24742.9,24743.9,24742.9,24742.9,6
1784600340,24742.4,24742.4,24734.4,24739.4,50
1784600400,24740.9,24742.9,24737.9,24742.9,32
1784600460,24745.4,24748.4,24744.9,24746.9,40
1784600520,24748.4,24750.9,24748.4,24750.9,14
1784600580,24752.4,24758.4,24752.4,24758.4,30
1784600640,24757.9,24764.4,24757.9,24764.4,52
1784600700,24763.4,24765.9,24761.9,24765.9,38
1784600760,24762.4,24765.9,24760.9,24762.4,42
1784600820,24762.9,24763.9,24755.9,24763.9,42
1784600880,24763.4,24765.4,24761.4,24764.9,22
1784600940,24763.4,24766.4,24762.4,24763.4,44
1784601000,24762.9,24778.9,24762.9,24771.4,82
1784601060,24768.9,24773.4,24768.9,24771.4,22
1784601120,24773.4,24774.4,24767.4,24772.9,52
1784601180,24771.9,24771.9,24770.4,24770.9,6
1784601240,24772.4,24772.9,24769.9,24770.4,42
1784601300,24770.9,24774.9,24769.9,24774.9,10
1784601360,24773.9,24778.9,24773.9,24776.9,52
1784601420,24777.4,24779.9,24774.9,24779.9,40
1784601480,24778.4,24780.9,24775.9,24777.4,42
1784601540,24775.9,24778.4,24775.9,24778.4,8
1784601600,24776.9,24778.4,24776.9,24777.4,10
1784601660,24776.9,24777.4,24776.4,24777.4,6
1784601720,24777.9,24777.9,24777.4,24777.4,4
1784601780,24777.9,24778.9,24777.4,24777.9,10
1784601840,24777.4,24777.9,24776.4,24776.4,10
1784601900,24775.4,24775.9,24773.4,24775.9,28
1784601960,24775.4,24777.9,24775.4,24776.9,16
1784602020,24776.4,24776.4,24775.9,24775.9,4
1784602080,24776.4,24777.4,24776.4,24777.4,4
1784602140,24776.4,24777.4,24776.4,24776.4,8
1784602200,24777.4,24779.4,24777.4,24778.9,14
1784602260,24776.9,24778.4,24775.9,24776.4,24
1784602320,24775.4,24776.9,24772.9,24772.9,16
1784602380,24771.9,24771.9,24768.9,24768.9,4
1784602440,24769.9,24772.4,24769.9,24771.9,12
1784602500,24770.9,24774.9,24770.9,24773.4,28
1784602560,24773.9,24777.9,24773.4,24776.9,36
1784602620,24777.9,24780.9,24777.4,24777.4,26
1784602680,24779.4,24779.4,24777.9,24777.9,10
1784602740,24778.4,24779.9,24777.9,24779.9,16
1784602800,24783.4,24788.9,24783.4,24786.9,46
1784602860,24786.4,24789.9,24785.4,24789.9,32
1784602920,24789.4,24789.4,24787.9,24789.4,30
1784602980,24788.9,24789.4,24788.9,24789.4,8
1784603040,24788.9,24789.9,24788.9,24788.9,40
1784603100,24789.4,24789.9,24784.9,24784.9,26
1784603160,24786.9,24787.9,24784.4,24786.9,30
1784603220,24787.9,24787.9,24785.9,24785.9,8
1784603280,24784.4,24786.4,24784.4,24786.4,6
1784603340,24785.4,24785.4,24783.9,24784.9,22
1784603400,24785.9,24787.4,24784.4,24787.4,20
1784603460,24787.9,24788.9,24787.4,24788.4,18
1784603520,24789.4,24789.4,24783.9,24785.9,28
1784603580,24786.4,24788.4,24786.4,24788.4,8
1784603640,24787.9,24789.9,24785.9,24789.4,28
1784603700,24788.9,24791.4,24787.9,24790.4,34
1784603760,24790.9,24791.9,24790.9,24791.9,28
1784603820,24790.9,24792.4,24790.4,24791.9,16
1784603880,24790.9,24799.4,24790.9,24796.4,54
1784603940,24796.9,24799.9,24795.4,24797.9,52
1784604000,24797.4,24799.9,24796.4,24798.4,28
1784604060,24797.9,24803.9,24795.9,24796.4,64
1784604120,24795.9,24799.4,24795.9,24798.9,30
1784604180,24797.9,24799.4,24796.4,24797.4,38
1784604240,24796.9,24800.4,24796.9,24799.9,22
1784604300,24799.4,24799.9,24799.4,24799.4,14
1784604360,24800.9,24801.4,24797.9,24797.9,22
1784604420,24799.9,24799.9,24798.4,24798.9,8
1784604480,24798.4,24799.4,24798.4,24798.9,12
1784604540,24801.9,24801.9,24798.4,24798.9,24
1784604600,24800.4,24802.4,24797.4,24797.9,40
1784604660,24797.4,24799.9,24797.4,24799.4,40
1784604720,24798.9,24799.9,24797.4,24798.9,30
1784604780,24799.4,24800.4,24798.4,24798.9,42
1784604840,24799.4,24802.4,24799.4,24800.4,54
1784604900,24802.4,24803.4,24800.4,24802.9,30
1784604960,24804.9,24807.4,24802.9,24805.4,28
1784605020,24804.4,24806.4,24804.4,24805.9,16
1784605080,24806.4,24806.9,24805.9,24806.9,22
1784605140,24807.9,24813.9,24806.4,24813.9,42
1784605200,24813.4,24815.4,24813.4,24815.4,18
1784605260,24817.4,24820.4,24816.4,24819.4,34
1784605320,24818.9,24818.9,24815.9,24815.9,24
1784605380,24814.9,24816.9,24814.4,24815.4,26
1784605440,24814.4,24816.4,24814.4,24815.9,12
1784605500,24816.4,24820.4,24816.4,24820.4,30
1784605560,24821.9,24825.4,24821.9,24825.4,34
1784605620,24826.4,24826.4,24821.9,24824.4,32
1784605680,24824.9,24826.9,24822.4,24823.9,22
1784605740,24826.4,24828.4,24826.4,24828.4,20
1784605800,24827.9,24829.4,24824.9,24826.9,44
1784605860,24827.4,24829.9,24827.4,24828.9,32
1784605920,24828.4,24828.4,24817.9,24819.4,20
1784605980,24821.4,24822.9,24818.9,24818.9,30
1784606040,24815.4,24819.4,24814.4,24819.4,22
1784606100,24819.9,24819.9,24815.9,24815.9,18
1784606160,24816.4,24816.4,24813.9,24814.4,12
1784606220,24816.4,24816.4,24812.9,24813.9,16
1784606280,24814.4,24817.9,24814.4,24817.9,24
1784606340,24818.9,24820.4,24818.9,24820.4,6
1784606400,24819.9,24822.4,24819.9,24820.4,18
1784606460,24819.9,24824.9,24815.9,24823.4,38
1784606520,24821.4,24822.9,24821.4,24822.9,16
1784606580,24821.9,24821.9,24819.4,24819.4,20
1784606640,24818.4,24819.4,24817.9,24817.9,16
1784606700,24812.9,24818.9,24812.9,24818.9,10
1784606760,24817.9,24823.9,24817.9,24818.9,24
1784606820,24817.9,24819.9,24817.9,24819.4,8
1784606880,24817.9,24821.9,24817.4,24818.4,34
1784606940,24817.9,24817.9,24816.4,24816.9,16
1784607000,24816.4,24817.9,24816.4,24817.9,6
1784607060,24815.9,24816.4,24814.9,24815.9,14
1784607120,24814.9,24816.4,24813.9,24816.4,18
1784607180,24816.9,24817.9,24814.4,24816.4,24
1784607240,24815.4,24816.9,24815.4,24816.4,12
1784607300,24815.9,24815.9,24813.9,24814.9,10
1784607360,24814.4,24819.9,24813.9,24819.9,20
1784607420,24818.9,24822.9,24818.9,24820.9,18
1784607480,24821.4,24821.4,24819.9,24820.4,6
1784607540,24819.9,24819.9,24818.4,24819.4,6
1784607600,24819.9,24821.9,24819.9,24821.9,18
1784607660,24822.4,24822.4,24819.4,24820.9,26
1784607720,24820.4,24820.4,24818.4,24819.4,8
1784607780,24819.9,24819.9,24817.4,24817.9,14
1784607840,24820.4,24820.4,24817.9,24817.9,6
1784607900,24820.4,24820.4,24817.9,24817.9,8
1784607960,24818.4,24818.9,24816.9,24816.9,8
1784608020,24817.4,24817.9,24817.4,24817.9,8
1784608080,24816.9,24818.9,24816.9,24818.9,12
1784608140,24817.9,24819.9,24816.9,24817.9,12
1784608200,24818.4,24819.4,24817.9,24819.4,6
1784608320,24819.9,24819.9,24818.4,24818.9,6
1784608380,24819.9,24820.9,24818.4,24819.9,20
1784608440,24820.4,24820.4,24818.9,24819.9,30
1784608500,24819.4,24825.9,24819.4,24825.9,16
1784608560,24825.4,24825.4,24824.9,24824.9,4
1784608620,24826.9,24826.9,24826.4,24826.4,12
1784608680,24826.9,24826.9,24826.9,24826.9,2
1784608740,24826.4,24827.4,24826.4,24827.4,6
1784608860,24826.9,24826.9,24825.4,24825.9,14
1784608920,24825.4,24825.9,24825.4,24825.4,6
1784608980,24825.9,24825.9,24825.9,24825.9,2
1784609040,24826.4,24826.4,24825.4,24826.4,12
1784609100,24825.9,24826.4,24825.9,24825.9,6
1784609160,24826.4,24830.9,24826.4,24829.4,30
1784609220,24829.9,24831.4,24829.4,24831.4,8
1784609280,24831.9,24833.9,24831.9,24833.4,18
1784609340,24832.9,24834.4,24832.4,24833.4,18
1784609400,24832.9,24832.9,24829.4,24830.4,24
1784609460,24829.4,24829.9,24828.4,24828.9,12
1784609520,24827.9,24827.9,24823.9,24826.4,16
1784609580,24825.4,24825.4,24824.4,24825.4,6
1784609640,24824.9,24825.4,24824.9,24825.4,4
1784609700,24824.9,24824.9,24824.9,24824.9,2
1784609760,24822.9,24823.9,24820.4,24820.9,18
1784609820,24823.4,24823.4,24821.9,24821.9,6
1784609880,24825.4,24826.4,24825.4,24825.4,6
1784609940,24826.4,24826.4,24822.4,24823.4,12
1784610000,24820.9,24823.9,24820.4,24820.4,26
1784610060,24819.4,24820.4,24818.9,24820.4,36
1784610120,24819.4,24820.9,24818.9,24819.4,42
1784610180,24820.4,24821.9,24818.9,24818.9,26
1784610240,24817.4,24818.4,24814.4,24816.4,44
1784610300,24815.9,24815.9,24812.4,24813.4,42
1784610360,24813.9,24814.9,24811.9,24813.9,34
1784610420,24813.4,24817.4,24812.4,24817.4,36
1784610480,24816.9,24817.4,24815.4,24815.4,12
1784610540,24814.4,24815.4,24810.4,24814.4,30
1784610600,24813.9,24817.4,24811.4,24811.4,34
1784610660,24810.9,24811.9,24809.4,24809.4,8
1784610720,24807.9,24809.4,24806.4,24806.4,20
1784610780,24805.9,24806.9,24803.9,24806.9,20
1784610840,24806.4,24806.4,24805.9,24805.9,4
1784610900,24804.9,24805.4,24804.9,24804.9,10
1784610960,24802.9,24802.9,24792.9,24793.9,14
1784611020,24793.4,24793.9,24793.4,24793.9,8
1784611080,24793.4,24797.9,24793.4,24797.9,14
1784611140,24798.9,24798.9,24795.4,24796.4,14
1784611200,24795.9,24797.4,24795.9,24796.9,38
1784611260,24797.4,24798.9,24795.9,24795.9,34
1784611320,24796.9,24797.9,24795.9,24795.9,12
1784611380,24796.9,24799.4,24795.4,24799.4,32
1784611440,24800.9,24806.4,24800.9,24805.9,26
1784611500,24806.9,24808.4,24806.4,24807.4,12
1784611560,24806.9,24816.9,24806.4,24814.4,30
1784611620,24814.9,24817.4,24813.9,24816.4,38
1784611680,24815.9,24821.9,24815.9,24818.4,36
1784611740,24817.9,24824.9,24817.4,24824.9,30
1784611800,24827.4,24827.4,24819.4,24819.9,36
1784611860,24817.9,24822.4,24815.4,24819.9,40
1784611920,24819.4,24822.9,24819.4,24821.4,34
1784611980,24822.4,24826.4,24820.9,24821.9,24
1784612040,24822.9,24830.4,24821.4,24828.9,46
1784612100,24826.4,24829.9,24825.4,24826.9,36
1784612160,24828.4,24828.9,24823.9,24825.4,32
1784612220,24824.9,24826.4,24823.9,24824.9,22
1784612280,24825.4,24825.4,24825.4,24825.4,2
1784612340,24827.4,24827.9,24824.4,24825.9,18
1784612400,24826.9,24837.9,24826.9,24836.9,72
1784612460,24836.4,24839.9,24835.9,24837.9,54
1784612520,24838.9,24839.4,24834.9,24837.9,44
1784612580,24838.4,24845.9,24838.4,24842.4,46
1784612640,24841.9,24844.9,24840.9,24842.4,46
1784612700,24841.4,24843.4,24835.4,24838.9,56
1784612760,24840.4,24844.9,24839.4,24843.4,32
1784612820,24844.4,24847.9,24840.9,24847.9,62
1784612880,24848.4,24855.4,24847.9,24853.9,56
1784612940,24855.4,24855.4,24853.4,24853.4,30
1784613000,24853.9,24853.9,24853.9,24853.9,2
1784613060,24853.4,24855.4,24850.4,24853.9,36
1784613120,24853.4,24854.4,24853.4,24853.4,12
1784613180,24853.9,24865.4,24853.9,24860.4,30
1784613240,24860.9,24863.4,24856.9,24860.4,40
1784613300,24859.9,24862.9,24859.9,24861.4,24
1784613360,24862.4,24862.4,24857.9,24857.9,44
1784613420,24858.4,24860.9,24854.9,24854.9,54
1784613480,24855.9,24860.4,24855.9,24860.4,30
1784613540,24859.9,24859.9,24855.9,24857.9,30
1784613600,24858.4,24870.9,24852.4,24863.9,139
1784613660,24863.4,24868.1,24854.6,24861.1,104
1784613720,24860.1,24864.1,24853.1,24862.6,56
1784613780,24863.1,24866.1,24861.1,24861.1,76
1784613840,24862.1,24868.6,24859.1,24868.6,46
1784613900,24869.1,24869.6,24861.1,24864.6,100
1784613960,24865.1,24872.6,24862.6,24872.1,72
1784614020,24871.6,24872.6,24856.1,24858.6,82
1784614080,24859.1,24859.1,24849.6,24850.1,58
1784614140,24851.1,24856.1,24850.6,24856.1,74
1784614200,24855.6,24857.1,24847.1,24848.6,76
1784614260,24849.1,24849.6,24841.1,24849.6,74
1784614320,24851.1,24856.6,24845.1,24854.6,98
1784614380,24855.1,24855.1,24850.1,24852.1,104
1784614440,24852.6,24852.6,24847.6,24851.1,66
1784614500,24850.1,24851.6,24845.6,24847.1,86
1784614560,24847.6,24850.1,24845.6,24846.1,62
1784614620,24848.6,24850.6,24848.6,24850.1,56
1784614680,24850.6,24850.6,24843.1,24845.1,68
1784614740,24844.1,24845.6,24834.6,24834.6,78
1784614800,24835.1,24839.1,24831.1,24836.1,56
1784614860,24835.1,24838.1,24832.1,24833.1,78
1784614920,24832.1,24834.6,24831.1,24832.6,40
1784614980,24831.6,24840.1,24828.1,24839.1,69
1784615040,24840.1,24842.1,24835.1,24838.1,86
1784615100,24837.1,24857.1,24837.1,24849.6,148
1784615160,24847.6,24856.1,24846.1,24852.6,118
1784615220,24853.1,24854.1,24845.6,24845.6,97
1784615280,24844.6,24848.1,24843.1,24843.1,90
1784615340,24842.6,24849.1,24840.1,24840.1,102
1784615400,24843.1,24856.1,24842.1,24847.1,170
1784615460,24846.6,24850.1,24845.1,24846.1,118
1784615520,24845.1,24850.6,24844.6,24850.6,106
1784615580,24849.1,24853.1,24845.6,24852.6,90
1784615640,24854.1,24855.6,24849.9,24854.1,91
1784615700,24853.1,24862.6,24853.1,24858.1,110
1784615760,24857.6,24862.6,24857.1,24862.1,90
1784615820,24861.1,24861.1,24857.1,24858.1,56
1784615880,24857.6,24860.1,24851.6,24854.1,84
1784615940,24855.1,24858.1,24852.1,24856.6,102
1784616000,24856.1,24857.1,24852.1,24856.6,60
1784616060,24856.1,24866.1,24854.1,24859.1,84
1784616120,24860.1,24860.1,24854.6,24854.6,74
1784616180,24855.1,24855.1,24846.6,24853.1,62
1784616240,24854.1,24854.1,24852.1,24852.1,42
1784616300,24852.6,24854.6,24847.4,24852.1,36
1784616360,24851.1,24852.1,24836.6,24836.6,84
1784616420,24837.1,24840.1,24834.1,24837.6,64
1784616480,24837.1,24837.1,24832.6,24834.1,40
1784616540,24835.6,24843.6,24835.6,24840.1,66
1784616600,24839.1,24845.1,24839.1,24844.1,72
1784616660,24843.1,24843.1,24840.1,24841.1,58
1784616720,24841.6,24848.1,24839.1,24846.1,74
1784616780,24847.1,24847.1,24841.1,24844.1,72
1784616840,24844.6,24847.1,24844.1,24844.1,76
1784616900,24845.1,24852.1,24840.6,24847.6,74
1784616960,24848.1,24851.6,24848.1,24851.1,51
1784617020,24852.1,24859.1,24849.6,24858.1,77
1784617080,24856.6,24859.1,24852.1,24852.1,68
1784617140,24854.6,24869.1,24851.1,24865.1,98
1784617200,24861.6,24902.1,24854.1,24894.1,220
1784617260,24895.1,24916.1,24884.6,24914.6,186
1784617320,24915.1,24935.1,24905.1,24927.1,210
1784617380,24926.6,24931.1,24916.6,24916.6,200
1784617440,24917.6,24921.6,24894.4,24894.4,174
1784617500,24896.9,24921.6,24896.4,24919.6,164
1784617560,24917.6,24919.6,24895.6,24896.1,134
1784617620,24895.6,24903.1,24894.1,24898.1,160
1784617680,24899.1,24902.6,24892.6,24893.6,162
1784617740,24892.1,24902.1,24888.6,24889.1,142
1784617800,24891.1,24896.6,24884.6,24888.6,174
1784617860,24887.1,24888.6,24866.6,24866.6,155
1784617920,24865.6,24878.1,24864.6,24870.6,154
1784617980,24869.1,24871.1,24861.6,24869.1,156
1784618040,24870.1,24879.1,24865.6,24878.1,144
1784618100,24877.1,24878.1,24870.1,24874.6,174
1784618160,24874.1,24881.6,24867.6,24870.1,154
1784618220,24867.1,24875.1,24865.1,24875.1,130
1784618280,24876.1,24885.1,24869.1,24869.6,120
1784618340,24870.1,24901.1,24865.1,24901.1,160
1784618400,24900.1,24902.1,24893.6,24896.6,141
1784618460,24897.1,24899.1,24889.1,24895.6,158
1784618520,24896.1,24906.1,24887.1,24888.1,142
1784618580,24888.6,24892.1,24885.6,24890.1,134
1784618640,24889.6,24890.1,24877.1,24887.1,154
1784618700,24886.6,24893.1,24863.6,24863.6,146
1784618760,24864.1,24864.1,24850.1,24850.6,127
1784618820,24852.6,24853.6,24842.1,24852.1,113
1784618880,24850.1,24874.6,24850.1,24874.6,162
1784618940,24874.1,24874.1,24854.6,24855.1,142
1784619000,24854.6,24858.1,24828.1,24828.1,134
1784619060,24827.6,24835.1,24825.1,24826.1,122
1784619120,24823.1,24841.1,24821.6,24840.6,146
1784619180,24839.1,24858.1,24838.1,24855.6,170
1784619240,24857.6,24867.1,24856.1,24866.6,118
1784619300,24866.1,24871.1,24858.6,24865.1,127
1784619360,24864.6,24873.6,24863.1,24865.1,158
1784619420,24864.6,24868.6,24856.1,24857.1,148
1784619480,24856.6,24871.1,24855.6,24870.1,143
1784619540,24869.1,24881.1,24865.6,24881.1,108
1784619600,24880.1,24887.6,24879.1,24884.1,141
1784619660,24883.1,24887.1,24880.1,24884.1,118
1784619720,24884.6,24885.1,24876.1,24878.6,140
1784619780,24880.6,24880.6,24864.1,24871.1,129
1784619840,24871.1,24872.1,24858.1,24859.1,114
1784619900,24857.1,24863.1,24850.6,24856.6,130
1784619960,24858.1,24861.1,24846.1,24847.1,140
1784620020,24846.1,24850.1,24842.1,24847.1,114
1784620080,24846.6,24849.1,24841.6,24845.1,132
1784620140,24846.1,24862.1,24845.1,24862.1,102
1784620200,24861.1,24862.6,24854.1,24854.6,126
1784620260,24854.1,24863.6,24851.6,24861.1,114
1784620320,24860.1,24876.6,24857.6,24876.1,144
1784620380,24875.6,24878.1,24868.1,24868.1,110
1784620440,24868.6,24880.1,24866.6,24871.1,114
1784620500,24871.6,24873.1,24862.6,24870.1,136
1784620560,24869.1,24872.1,24867.6,24870.1,116
1784620620,24869.6,24877.1,24866.1,24866.1,152
1784620680,24866.6,24874.1,24864.1,24872.6,142
1784620740,24873.1,24877.1,24865.1,24873.6,149
1784620800,24874.6,24874.6,24856.6,24861.6,160
1784620860,24860.6,24867.1,24851.1,24867.1,160
1784620920,24868.1,24873.1,24859.6,24860.1,142
1784620980,24859.6,24869.6,24852.6,24854.1,168
1784621040,24853.1,24857.1,24849.1,24855.6,166
1784621100,24855.1,24858.1,24848.1,24853.1,164
1784621160,24852.6,24859.6,24850.6,24856.1,152
1784621220,24855.6,24861.6,24847.6,24847.6,140
1784621280,24848.6,24856.1,24846.1,24849.1,148
1784621340,24848.1,24856.1,24843.9,24854.6,130
1784621400,24854.1,24859.1,24843.1,24845.1,124
1784621460,24845.6,24855.6,24839.1,24842.1,126
1784621520,24841.6,24846.6,24839.1,24839.6,120
1784621580,24840.1,24858.1,24834.6,24858.1,130
1784621640,24858.6,24867.1,24856.1,24865.1,122
1784621700,24865.6,24866.1,24861.6,24862.6,106
1784621760,24862.1,24864.1,24852.1,24858.6,128
1784621820,24858.1,24864.1,24853.1,24863.1,116
1784621880,24864.6,24869.1,24862.1,24864.1,114
1784621940,24865.1,24880.1,24864.6,24879.1,126
1784622000,24877.6,24881.1,24873.1,24877.1,121
1784622060,24877.6,24883.1,24877.6,24879.1,137
1784622120,24880.1,24884.1,24877.6,24880.1,120
1784622180,24879.1,24886.1,24879.1,24880.1,120
1784622240,24879.1,24881.1,24872.1,24872.1,119
1784622300,24871.6,24881.1,24867.6,24871.1,125
1784622360,24869.1,24870.1,24860.6,24868.6,124
1784622420,24867.1,24869.6,24861.1,24862.1,112
1784622480,24862.6,24862.6,24858.1,24860.6,100
1784622540,24858.1,24859.6,24849.6,24857.6,118
1784622600,24860.6,24860.6,24851.1,24856.1,130
1784622660,24855.1,24863.1,24853.1,24861.1,142
1784622720,24861.6,24870.1,24861.1,24869.1,112
1784622780,24868.1,24871.1,24864.6,24864.6,106
1784622840,24864.1,24866.1,24859.1,24862.1,118
1784622900,24864.6,24878.1,24863.6,24875.1,107
1784622960,24874.6,24874.6,24863.6,24864.1,107
1784623020,24863.6,24864.6,24858.1,24861.6,110
1784623080,24862.1,24867.6,24861.6,24866.1,104
1784623140,24866.6,24880.1,24866.1,24876.1,106
1784623200,24875.1,24882.1,24870.6,24882.1,124
1784623260,24881.6,24890.1,24881.1,24890.1,110
1784623320,24889.1,24892.1,24889.1,24890.6,66
1784623380,24892.1,24900.1,24892.1,24896.6,82
1784623440,24897.1,24905.6,24897.1,24904.6,100
1784623500,24905.1,24905.1,24887.6,24887.6,107
1784623560,24889.1,24889.6,24878.6,24881.1,142
1784623620,24880.6,24885.1,24875.1,24875.6,98
1784623680,24876.1,24886.1,24876.1,24884.6,114
1784623740,24885.1,24891.1,24884.1,24891.1,78
1784623800,24890.1,24902.1,24890.1,24897.6,94
1784623860,24897.1,24899.6,24894.6,24898.1,100
1784623920,24897.6,24898.6,24881.1,24884.1,130
1784623980,24884.6,24893.1,24884.6,24890.1,118
1784624040,24889.1,24902.1,24888.6,24897.1,104
1784624100,24897.6,24898.6,24892.1,24893.6,106
1784624160,24893.1,24894.1,24890.6,24894.1,90
1784624220,24890.6,24892.1,24885.1,24886.6,74
1784624280,24887.6,24889.1,24882.1,24883.6,78
1784624340,24883.1,24884.1,24879.1,24883.1,90
1784624400,24882.6,24891.1,24879.1,24886.6,127
1784624460,24887.1,24904.6,24886.6,24904.1,128
1784624520,24902.6,24908.1,24902.1,24907.6,96
1784624580,24908.1,24908.1,24899.6,24903.6,94
1784624640,24904.6,24906.1,24900.1,24906.1,108
1784624700,24905.6,24912.1,24904.6,24910.1,106
1784624760,24911.1,24915.6,24907.1,24915.6,88
1784624820,24918.1,24925.1,24914.1,24919.6,90
1784624880,24920.1,24931.1,24919.1,24927.6,88
1784624940,24927.1,24927.1,24919.6,24924.1,124
1784625000,24924.6,24929.6,24923.1,24927.6,100
1784625060,24928.6,24931.6,24926.1,24931.1,124
1784625120,24929.6,24929.6,24920.6,24925.1,130
1784625180,24924.6,24925.1,24920.6,24923.6,90
1784625240,24923.1,24928.1,24922.6,24925.6,112
1784625300,24928.1,24941.1,24927.1,24941.1,82
1784625360,24940.6,24951.1,24939.6,24949.6,123
1784625420,24949.1,24949.6,24943.1,24947.6,106
1784625480,24946.6,24948.1,24940.4,24944.1,126
1784625540,24942.1,24948.6,24941.6,24943.1,113
1784625600,24942.6,24950.1,24936.6,24938.6,98
1784625660,24937.1,24941.6,24936.1,24939.1,98
1784625720,24938.1,24940.6,24936.1,24940.6,92
1784625780,24940.1,24943.6,24937.1,24937.1,86
1784625840,24937.6,24939.1,24933.6,24935.6,108
1784625900,24936.1,24936.6,24929.6,24934.1,118
1784625960,24935.1,24935.1,24920.1,24921.1,123
1784626020,24921.6,24921.6,24908.6,24910.6,112
1784626080,24911.6,24917.1,24911.1,24915.6,96
1784626140,24916.6,24924.6,24913.1,24914.1,130
1784626200,24913.6,24922.1,24909.6,24917.6,138
1784626260,24917.1,24928.1,24915.6,24928.1,84
1784626320,24927.6,24944.6,24926.6,24944.1,80
1784626380,24943.6,24948.6,24943.6,24945.6,96
1784626440,24945.1,24949.6,24942.6,24942.6,96
1784626500,24943.1,24945.1,24940.1,24940.1,100
1784626560,24938.1,24942.1,24932.6,24933.6,96
1784626620,24934.1,24940.1,24932.6,24939.1,102
1784626680,24937.1,24937.1,24929.1,24931.6,102
1784626740,24930.1,24933.1,24926.6,24931.6,112
1784626800,24932.6,24934.1,24922.1,24923.1,124
1784626860,24925.1,24926.1,24913.6,24914.1,98
1784626920,24914.6,24918.1,24911.6,24911.6,80
1784626980,24910.1,24928.6,24910.1,24928.6,94
1784627040,24929.1,24932.6,24927.6,24929.1,92
1784627100,24927.6,24942.1,24927.1,24942.1,96
1784627160,24941.6,24946.6,24940.1,24943.1,74
1784627220,24942.1,24945.1,24938.6,24943.1,130
1784627280,24943.6,24948.6,24940.1,24943.6,78
1784627340,24942.6,24956.1,24942.6,24949.6,118
1784627400,24950.1,24950.1,24943.6,24945.1,106
1784627460,24945.6,24948.1,24939.1,24946.6,104
1784627520,24946.1,24949.1,24940.6,24941.6,110
1784627580,24940.6,24941.6,24931.6,24939.1,95
1784627640,24938.6,24946.1,24937.6,24945.1,110
1784627700,24944.6,24947.1,24942.1,24942.1,112
1784627760,24941.6,24944.6,24932.6,24935.1,114
1784627820,24934.1,24938.1,24923.1,24924.1,104
1784627880,24923.1,24924.1,24919.1,24923.1,106
1784627940,24922.1,24930.1,24922.1,24928.1,101
1784628000,24929.1,24941.1,24928.6,24938.1,132
1784628060,24937.1,24946.6,24936.6,24944.1,123
1784628120,24945.1,24958.1,24938.1,24956.1,132
1784628180,24956.6,24958.1,24948.6,24952.6,110
1784628240,24951.1,24951.1,24941.6,24945.1,94
1784628300,24944.6,24944.6,24938.1,24939.6,108
1784628360,24939.1,24940.1,24934.1,24939.6,104
1784628420,24939.1,24941.1,24936.1,24941.1,102
1784628480,24941.6,24954.6,24940.1,24952.1,104
1784628540,24951.6,24955.1,24949.6,24951.6,92
1784628600,24951.1,24986.1,24945.1,24964.6,188
1784628660,24967.1,24975.1,24963.6,24971.1,194
1784628720,24969.6,24969.6,24953.1,24953.6,157
1784628780,24954.1,24962.1,24947.1,24947.1,118
1784628840,24947.6,24955.1,24947.1,24949.6,130
1784628900,24950.1,24950.1,24941.1,24942.1,104
1784628960,24941.1,24951.1,24941.1,24946.6,116
1784629020,24946.1,24953.6,24946.1,24949.6,100
1784629080,24950.1,24962.1,24948.1,24962.1,122
1784629140,24964.1,24965.1,24959.1,24961.1,116
1784629200,24960.6,24964.6,24957.1,24964.1,99
1784629260,24963.6,24968.1,24960.1,24964.1,82
1784629320,24965.1,24968.1,24963.6,24968.1,94
1784629380,24967.6,24969.1,24956.1,24958.1,110
1784629440,24957.1,24961.6,24956.1,24961.1,112
1784629500,24961.6,24965.1,24958.1,24961.1,98
1784629560,24960.6,24963.1,24954.6,24961.1,114
1784629620,24962.1,24963.1,24955.1,24956.1,100
1784629680,24958.6,24963.1,24954.6,24954.6,112
1784629740,24954.1,24955.6,24951.6,24953.6,66
1784629800,24953.1,24960.6,24953.1,24953.6,104
1784629860,24953.1,24957.6,24952.6,24952.6,64
1784629920,24952.1,24963.1,24952.1,24961.6,102
1784629980,24962.1,24965.1,24961.1,24963.1,110
1784630040,24962.6,24970.1,24962.1,24968.1,63
1784630100,24967.6,24975.6,24967.1,24969.1,94
1784630160,24967.1,24977.6,24966.1,24977.1,114
1784630220,24976.6,24978.1,24968.1,24975.6,94
1784630280,24975.1,24975.1,24964.6,24965.6,96
1784630340,24966.6,24966.6,24957.1,24959.6,78
1784630400,24956.6,24959.1,24944.1,24946.1,118
1784630460,24946.6,24953.1,24945.1,24952.1,86
1784630520,24951.6,24959.1,24951.6,24956.6,78
1784630580,24957.1,24961.1,24956.6,24960.6,104
1784630640,24960.1,24965.1,24953.9,24959.1,111
1784630700,24960.1,24962.1,24958.1,24961.6,78
1784630760,24961.1,24961.6,24948.1,24950.1,114
1784630820,24950.6,24955.1,24946.1,24954.6,128
1784630880,24956.1,24959.6,24952.1,24958.6,96
1784630940,24959.1,24961.1,24949.1,24949.1,102
1784631000,24948.6,24949.6,24938.1,24938.6,96
1784631060,24939.1,24944.6,24934.6,24942.1,119
1784631120,24943.1,24954.6,24940.6,24952.1,126
1784631180,24952.6,24956.1,24951.1,24951.6,116
1784631240,24952.1,24952.1,24943.6,24943.6,120
1784631300,24943.1,24947.6,24937.1,24938.1,132
1784631360,24937.1,24938.1,24935.1,24936.1,88
1784631420,24936.6,24936.6,24931.1,24931.1,74
1784631480,24932.1,24936.6,24930.1,24934.6,72
1784631540,24937.6,24938.1,24929.1,24931.1,138
1784631600,24933.1,24937.1,24926.1,24927.1,126
1784631660,24927.6,24931.1,24924.1,24924.6,108
1784631720,24924.1,24930.1,24920.6,24922.1,102
1784631780,24922.6,24923.6,24914.1,24914.6,97
1784631840,24913.6,24915.1,24904.1,24905.6,117
1784631900,24906.1,24911.1,24903.6,24910.6,88
1784631960,24911.1,24911.6,24903.6,24906.1,119
1784632020,24905.6,24905.6,24897.1,24898.1,98
1784632080,24899.1,24905.6,24898.6,24905.1,108
1784632140,24904.6,24907.1,24903.6,24904.1,84
1784632200,24903.6,24904.1,24897.1,24900.1,103
1784632260,24899.1,24900.1,24877.6,24878.1,123
1784632320,24878.6,24888.1,24878.6,24886.6,136
1784632380,24885.6,24888.1,24883.6,24887.6,96
1784632440,24887.1,24890.1,24884.4,24885.1,75
1784632500,24885.6,24892.1,24883.1,24890.6,121
1784632560,24889.6,24890.6,24883.1,24883.6,116
1784632620,24884.6,24886.1,24879.4,24880.6,132
1784632680,24879.1,24883.6,24877.6,24877.6,97
1784632740,24876.1,24876.6,24869.1,24871.1,110
1784632800,24873.1,24876.1,24864.1,24864.1,103
1784632860,24863.6,24872.1,24862.6,24871.6,97
1784632920,24871.1,24874.1,24867.1,24872.6,112
1784632980,24871.6,24874.1,24870.6,24872.6,86
1784633040,24872.1,24873.6,24866.6,24871.6,100
1784633100,24872.1,24873.1,24864.6,24869.6,108
1784633160,24870.6,24878.1,24863.6,24877.6,108
1784633220,24877.1,24886.1,24877.1,24884.1,88
1784633280,24884.6,24887.1,24880.6,24880.6,82
1784633340,24882.1,24885.6,24881.1,24885.6,82
1784633400,24886.1,24904.6,24885.6,24899.1,120
1784633460,24898.6,24901.1,24897.1,24897.6,94
1784633520,24898.6,24900.1,24895.6,24896.6,98
1784633580,24896.1,24896.6,24879.1,24879.1,120
1784633640,24881.1,24887.1,24878.6,24885.6,104
1784633700,24885.1,24890.1,24885.1,24890.1,80
1784633760,24889.6,24895.1,24887.1,24895.1,106
1784633820,24894.1,24899.6,24893.6,24899.1,86
1784633880,24899.6,24901.6,24898.1,24899.6,66
1784633940,24899.1,24910.6,24897.1,24905.1,100
1784634000,24905.6,24907.1,24902.1,24903.1,94
1784634060,24904.1,24904.1,24895.6,24896.1,88
1784634120,24895.6,24896.1,24888.6,24890.6,96
1784634180,24890.1,24894.1,24883.6,24884.1,108
1784634240,24883.6,24892.1,24883.6,24891.1,110
1784634300,24891.6,24892.1,24888.6,24890.1,92
1784634360,24889.6,24895.6,24889.6,24895.1,78
1784634420,24894.1,24901.6,24892.6,24900.6,96
1784634480,24899.6,24900.1,24897.1,24897.6,86
1784634540,24896.1,24899.1,24894.6,24897.6,78
1784634600,24899.6,24900.1,24891.1,24894.6,54
1784634660,24893.6,24894.6,24884.1,24884.6,78
1784634720,24884.1,24887.1,24880.6,24883.1,114
1784634780,24884.1,24887.1,24882.6,24886.1,94
1784634840,24886.6,24890.6,24886.6,24889.1,102
1784634900,24889.6,24891.1,24885.6,24887.6,88
1784634960,24887.1,24889.6,24886.1,24887.1,90
1784635020,24886.6,24887.6,24882.1,24884.1,98
1784635080,24885.1,24895.1,24885.1,24893.6,99
1784635140,24894.1,24895.6,24891.6,24895.6,86
1784635200,24897.1,24908.1,24897.1,24905.1,140
1784635260,24905.6,24905.6,24899.1,24901.6,102
1784635320,24898.6,24905.6,24896.6,24900.1,88
1784635380,24901.1,24902.1,24895.1,24896.1,102
1784635440,24895.6,24900.1,24894.1,24895.6,114
1784635500,24896.1,24903.1,24895.6,24899.1,101
1784635560,24898.6,24901.1,24892.1,24898.6,124
1784635620,24898.1,24902.1,24898.1,24901.1,84
1784635680,24901.6,24906.1,24900.1,24904.1,116
1784635740,24903.6,24905.1,24896.6,24896.6,92
1784635800,24894.6,24897.6,24890.1,24893.1,108
1784635860,24894.1,24902.1,24892.1,24900.1,106
1784635920,24900.6,24907.1,24899.1,24905.1,110
1784635980,24905.6,24906.1,24895.6,24901.1,100
1784636040,24902.1,24903.1,24897.1,24900.6,80
1784636100,24900.1,24905.6,24871.1,24872.6,122
1784636160,24873.1,24885.6,24869.6,24885.1,154
1784636220,24883.1,24892.1,24883.1,24891.6,108
1784636280,24892.1,24892.1,24866.6,24866.6,127
1784636340,24869.1,24879.6,24869.1,24877.1,105
1784636400,24878.1,24881.1,24867.6,24873.1,101
1784636460,24872.1,24879.1,24870.1,24879.1,102
1784636520,24878.1,24880.1,24871.1,24872.6,132
1784636580,24870.1,24875.6,24868.1,24875.1,130
1784636640,24876.1,24882.1,24875.1,24877.6,105
1784636700,24879.1,24879.1,24861.1,24861.6,92
1784636760,24860.1,24860.6,24856.1,24856.1,112
1784636820,24855.6,24855.6,24846.4,24848.1,99
1784636880,24847.1,24848.6,24841.6,24844.1,124
1784636940,24844.6,24845.6,24841.6,24843.6,110
1784637000,24842.1,24848.6,24839.1,24846.1,134
1784637060,24845.1,24861.1,24841.1,24859.6,120
1784637120,24858.1,24864.6,24855.6,24861.1,116
1784637180,24860.1,24874.1,24859.6,24873.6,120
1784637240,24874.1,24880.6,24870.9,24878.6,115
1784637300,24877.1,24878.1,24866.1,24869.1,130
1784637360,24868.6,24882.1,24866.1,24879.1,92
1784637420,24878.1,24879.1,24870.1,24874.1,88
1784637480,24873.1,24875.1,24871.6,24872.1,108
1784637540,24873.6,24873.6,24865.1,24872.1,112
1784637600,24869.1,24871.1,24861.1,24862.1,104
1784637660,24862.6,24864.6,24851.6,24852.6,104
1784637720,24854.6,24855.1,24848.1,24851.1,116
1784637780,24852.1,24853.6,24825.1,24839.1,160
1784637840,24840.6,24853.1,24840.6,24852.1,132
1784637900,24851.6,24854.1,24847.1,24850.6,134
1784637960,24850.1,24860.6,24849.6,24856.1,113
1784638020,24856.1,24857.1,24851.1,24856.6,129
1784638080,24856.1,24868.6,24856.1,24866.6,122
1784638140,24867.1,24877.6,24866.1,24874.1,112
1784638200,24871.6,24878.1,24871.1,24877.1,132
1784638260,24876.6,24881.6,24872.1,24879.6,118
1784638320,24878.6,24884.1,24874.1,24884.1,118
1784638380,24883.6,24888.6,24883.6,24888.6,88
1784638440,24889.1,24894.6,24887.6,24892.1,108
1784638500,24891.1,24892.6,24887.1,24890.1,100
1784638560,24889.1,24894.6,24886.9,24894.6,102
1784638620,24894.1,24899.6,24890.1,24899.1,121
1784638680,24899.6,24901.6,24895.6,24895.6,120
1784638740,24894.1,24896.6,24891.6,24895.1,96
1784638800,24896.1,24896.6,24872.4,24878.1,150
1784638860,24877.6,24882.1,24875.6,24876.6,104
1784638920,24878.1,24878.1,24868.1,24871.6,118
1784638980,24872.6,24875.6,24867.1,24875.1,108
1784639040,24874.1,24882.1,24872.6,24877.1,104
1784639100,24878.1,24879.1,24870.1,24870.1,100
1784639160,24869.1,24877.1,24868.1,24873.6,110
1784639220,24873.1,24876.1,24867.1,24875.1,142
1784639280,24874.6,24875.1,24870.1,24874.1,120
1784639340,24874.6,24877.1,24863.6,24865.6,132
1784639400,24866.1,24875.6,24865.1,24871.6,114
1784639460,24871.1,24876.1,24871.1,24874.6,76
1784639520,24873.6,24878.6,24871.1,24871.6,98
1784639580,24870.1,24872.6,24866.1,24868.1,100
1784639640,24867.1,24872.1,24863.1,24869.6,102
1784639700,24869.1,24872.6,24864.1,24866.1,90
1784639760,24867.1,24875.1,24864.6,24871.1,112
1784639820,24870.1,24874.6,24870.1,24873.1,112
1784639880,24873.6,24878.1,24871.1,24876.6,128
1784639940,24877.1,24877.6,24873.1,24874.6,94
1784640000,24875.1,24880.1,24874.6,24878.6,82
1784640060,24879.1,24881.6,24875.1,24878.6,116
1784640120,24878.1,24878.6,24873.6,24875.6,92
1784640180,24876.6,24878.6,24874.1,24875.1,122
1784640240,24875.6,24878.1,24864.1,24868.1,120
1784640300,24868.6,24870.1,24863.1,24869.1,130
1784640360,24868.6,24874.6,24865.6,24865.6,92
1784640420,24864.1,24866.1,24853.1,24854.6,78
1784640480,24851.6,24855.1,24846.1,24846.1,140
1784640540,24845.1,24861.1,24844.6,24861.1,132
1784640600,24863.1,24878.6,24861.1,24878.1,152
1784640660,24878.6,24884.1,24870.1,24872.6,206
1784640720,24873.1,24878.1,24867.1,24870.6,132
1784640780,24871.6,24888.6,24871.6,24886.1,152
1784640840,24886.6,24891.1,24884.6,24885.1,164
1784640900,24884.1,24897.1,24884.1,24897.1,150
1784640960,24896.1,24901.6,24869.1,24869.6,162
1784641020,24868.1,24869.6,24856.1,24859.1,174
1784641080,24860.1,24860.1,24849.1,24849.1,156
1784641140,24849.6,24853.6,24838.6,24840.1,160
1784641200,24838.6,24845.1,24829.1,24844.6,182
1784641260,24843.6,24847.1,24828.6,24832.6,188
1784641320,24833.1,24836.6,24829.1,24831.6,180
1784641380,24832.1,24835.1,24812.1,24812.1,174
1784641440,24813.1,24821.1,24811.1,24821.1,192
1784641500,24818.1,24823.1,24813.1,24822.6,176
1784641560,24824.1,24841.6,24823.1,24838.1,146
1784641620,24837.1,24837.1,24818.1,24823.6,174
1784641680,24824.1,24839.1,24820.6,24836.1,172
1784641740,24836.6,24845.1,24836.1,24838.6,150
1784641800,24839.1,24846.6,24827.1,24827.1,170
1784641860,24828.1,24831.1,24813.1,24815.1,158
1784641920,24816.1,24832.1,24815.6,24829.6,154
1784641980,24829.1,24835.1,24821.6,24833.6,158
1784642040,24833.1,24838.6,24831.1,24835.1,174
1784642100,24836.1,24841.1,24828.1,24838.1,176
1784642160,24838.6,24840.6,24830.1,24840.6,166
1784642220,24839.1,24843.1,24833.6,24834.6,156
1784642280,24834.1,24834.1,24818.6,24825.6,132
1784642340,24825.1,24826.6,24818.6,24826.6,126
1784642400,24827.6,24837.1,24825.6,24826.6,154
1784642460,24825.6,24839.1,24825.6,24837.1,151
1784642520,24838.6,24847.1,24838.1,24843.6,176
1784642580,24843.1,24866.6,24839.6,24865.1,168
1784642640,24866.1,24873.1,24864.1,24868.6,138
1784642700,24868.1,24872.1,24864.6,24871.6,164
1784642760,24869.6,24877.6,24867.6,24873.1,118
1784642820,24872.1,24876.1,24866.1,24869.1,148
1784642880,24870.1,24879.1,24865.6,24878.6,160
1784642940,24878.1,24880.1,24871.1,24878.1,114
1784643000,24877.6,24891.6,24877.6,24891.6,132
1784643060,24892.6,24895.1,24882.1,24882.6,154
1784643120,24884.1,24889.1,24877.6,24877.6,132
1784643180,24876.6,24888.1,24876.6,24888.1,132
1784643240,24886.6,24897.6,24883.1,24891.1,140
1784643300,24891.6,24892.1,24881.1,24885.1,169
1784643360,24885.6,24894.1,24881.6,24892.6,166
1784643420,24894.1,24894.6,24881.1,24887.1,152
1784643480,24886.1,24903.1,24886.1,24898.6,160
1784643540,24897.6,24899.1,24893.1,24897.1,140
1784643600,24896.6,24905.6,24896.6,24903.1,136
1784643660,24901.1,24909.1,24899.6,24900.1,158
1784643720,24900.6,24911.6,24900.6,24908.6,148
1784643780,24909.1,24917.6,24906.1,24917.1,150
1784643840,24916.1,24920.6,24914.6,24917.6,137
1784643900,24917.1,24931.6,24916.1,24926.6,132
1784643960,24927.1,24928.1,24919.1,24919.6,140
1784644020,24919.1,24929.1,24918.6,24929.1,132
1784644080,24928.6,24930.1,24921.6,24922.6,140
1784644140,24923.1,24926.1,24918.6,24919.1,146
1784644200,24919.6,24928.6,24919.1,24928.6,124
1784644260,24930.1,24940.1,24930.1,24932.6,102
1784644320,24932.1,24934.1,24928.1,24930.6,136
1784644380,24930.1,24934.1,24928.6,24929.1,150
1784644440,24928.6,24935.6,24925.6,24930.1,134
1784644500,24929.6,24938.6,24929.6,24935.6,124
1784644560,24934.6,24936.6,24929.1,24935.6,102
1784644620,24933.6,24933.6,24921.6,24924.6,106
1784644680,24925.1,24925.1,24919.1,24923.1,102
1784644740,24923.6,24927.6,24919.1,24925.6,110
1784644800,24924.6,24934.6,24924.1,24934.1,110
1784644860,24933.6,24934.6,24926.6,24926.6,114
1784644920,24926.1,24935.6,24926.1,24933.6,104
1784644980,24933.1,24948.6,24933.1,24946.6,140
1784645040,24946.1,24949.1,24940.6,24940.6,112
1784645100,24942.1,24950.1,24938.1,24947.6,114
1784645160,24946.6,24948.6,24944.1,24945.6,102
1784645220,24946.1,24950.6,24944.1,24946.6,126
1784645280,24946.1,24965.1,24946.1,24953.1,170
1784645340,24954.1,24959.1,24947.1,24957.6,154
1784645400,24957.1,24962.1,24953.1,24958.6,122
1784645460,24959.1,24965.1,24956.1,24964.1,124
1784645520,24965.1,24969.1,24964.6,24965.6,140
1784645580,24966.1,24967.6,24962.1,24962.6,126
1784645640,24963.1,24965.1,24957.1,24964.6,117
1784645700,24965.1,24968.6,24962.6,24966.1,124
1784645760,24965.6,24966.1,24954.1,24955.1,108
1784645820,24955.6,24958.1,24953.1,24958.1,132
1784645880,24957.6,24963.1,24956.6,24958.1,126
1784645940,24957.1,24961.6,24956.6,24959.1,96
1784646000,24959.6,24964.6,24956.1,24963.1,124
1784646060,24962.1,24962.1,24943.6,24946.1,148
1784646120,24944.6,24950.6,24940.1,24940.6,144
1784646180,24940.1,24951.1,24940.1,24950.6,130
1784646240,24948.1,24958.6,24948.1,24957.6,106
1784646300,24958.1,24969.1,24955.1,24969.1,132
1784646360,24969.6,24970.6,24962.6,24962.6,130
1784646420,24963.1,24970.6,24961.6,24969.6,126
1784646480,24970.1,24971.6,24963.1,24965.6,76
1784646540,24965.1,24974.6,24965.1,24968.1,104
1784646600,24968.6,24972.6,24966.6,24970.1,110
1784646660,24969.6,24971.1,24965.1,24966.1,112
1784646720,24966.6,24974.6,24965.6,24973.1,116
1784646780,24972.1,24972.1,24964.6,24965.1,82
1784646840,24964.1,24970.1,24963.6,24965.1,108
1784646900,24964.6,24972.6,24964.6,24970.1,126
1784646960,24969.6,24972.6,24967.6,24969.6,90
1784647020,24970.1,24976.6,24968.6,24974.1,120
1784647080,24974.6,24974.6,24964.6,24967.6,108
1784647140,24966.1,24969.6,24964.6,24967.6,102
1784647200,24967.1,24992.1,24964.6,24987.6,147
1784647260,24988.1,25003.1,24980.1,24988.1,158
1784647320,24987.6,24990.6,24983.1,24988.1,122
1784647380,24988.6,24990.6,24976.1,24980.1,116
1784647440,24981.1,24987.6,24978.1,24987.6,98
1784647500,24987.1,24992.1,24985.1,24989.1,126
1784647560,24991.1,24993.1,24988.6,24990.6,92
1784647620,24991.1,24991.1,24984.6,24986.6,56
1784647680,24987.1,24994.1,24987.1,24990.6,62
1784647740,24992.6,24992.6,24985.1,24986.6,96
1784647800,24987.1,24989.5,24981.4,24986.5,126
1784647860,24987.5,25001.5,24987.5,24996,130
1784647920,24995.5,25000,24993,24994,108
1784647980,24995,24996.5,24984,24995.5,145
1784648040,24996,25002,24990.5,24997,178
1784648100,24997.5,25018,24997.5,25013,132
1784648160,25016,25017,25002,25006,114
1784648220,25007,25007,25000,25001,71
1784648280,24999,25004.5,24998,24998,70
1784648340,24998.5,25004.5,24998,25003,77
1784648400,25004,25015,25003,25008.5,92
1784648460,25009,25033.5,25009,25033.5,98
1784648520,25031.5,25034.5,25026,25034,70
1784648580,25034.5,25034.5,25021.5,25027,86
1784648640,25026.5,25028,25019,25019.5,118
1784648700,25020,25021,25013,25016,98
1784648760,25017,25024,25017,25024,74
1784648820,25023.5,25031.5,25021,25027,114
1784648880,25027.5,25028,25025,25028,98
1784648940,25029,25036,25027.5,25031,94
1784649000,25030.5,25035.5,25030,25031,76
1784649060,25032,25034,25028,25028,106
1784649120,25028.5,25029,25023,25023,112
1784649180,25024,25032,25023,25031.5,88
1784649240,25032,25038,25031.5,25037,98
1784649300,25037.5,25038.5,25034,25034.5,54
1784649360,25035.5,25035.5,25030.5,25033.5,68
1784649420,25033,25033,25027,25027,52
1784649480,25027.5,25030.5,25027.5,25029.5,70
1784649540,25029,25032.5,25026.5,25030.5,72
1784649600,25030,25040,25029.5,25038.5,128
1784649660,25037.5,25043,25032,25033.5,96
1784649720,25034,25036,25033,25035.5,102
1784649780,25035,25039,25032.5,25034.5,68
1784649840,25035,25044,25031,25044,104
1784649900,25044.5,25047.5,25042.5,25046,100
1784649960,25046.5,25048,25043,25044,96
1784650020,25044.5,25044.5,25041,25042.5,76
1784650080,25043,25045,25040,25040,74
1784650140,25041,25044,25040,25042.5,58
1784650200,25043.5,25045,25041,25043.5,76
1784650260,25044.5,25049.5,25044.5,25045.5,78
1784650320,25046,25046.5,25042,25044.5,96
1784650380,25045.5,25047.5,25042,25047.5,90
1784650440,25047,25048,25043,25044,102
1784650500,25043.5,25046,25042,25043.5,58
1784650560,25043,25044.5,25039,25039,94
1784650620,25038.5,25039.5,25036.5,25038,70
1784650680,25038.5,25040,25037,25038.5,70
1784650740,25039,25046,25036.5,25046,78
1784650800,25045.5,25047,25042,25045,66
1784650860,25044.5,25046.5,25043.5,25046,74
1784650920,25046.5,25052,25046,25047.5,64
1784650980,25048,25048,25044.5,25044.5,36
1784651040,25046,25047.5,25045,25046,40
1784651100,25045.5,25048,25044.5,25045,84
1784651160,25044.5,25046,25041.5,25044,70
1784651220,25043.5,25045,25040,25042.5,82
1784651280,25042,25048.5,25041.5,25047.5,78
1784651340,25046.5,25047,25044,25045.5,82
1784651400,25046,25046.5,25041.5,25042.5,88
1784651460,25043,25045.5,25039,25039,80
1784651520,25039.5,25041.5,25037,25037.5,64
1784651580,25038,25039,25036,25039,66
1784651640,25038.5,25041.5,25038,25041.5,58
1784651700,25041,25043,25040,25043,70
1784651760,25043.5,25046,25042,25045.5,72
1784651820,25046,25046,25041,25045,98
1784651880,25044,25047,25038.5,25040,46
1784651940,25040.5,25040.5,25036,25038,74
1784652000,25039,25042.5,25038.5,25041.5,60
1784652060,25040,25043,25039,25039.5,94
1784652120,25041,25044,25038.5,25039,52
1784652180,25038.5,25042,25037.5,25041,72
1784652240,25041.5,25041.9,25039,25041.9,58
1784652300,25042.4,25042.4,25039.4,25041.4,48
1784652360,25040.9,25043.4,25038.4,25042.4,86
1784652420,25044.4,25044.4,25042.9,25042.9,40
1784652480,25041.4,25041.9,25038.4,25038.9,64
1784652540,25039.4,25041.9,25039.4,25040.9,84
1784652600,25040.4,25045.9,25040.4,25045.4,60
1784652660,25045.9,25047.4,25042.4,25044.4,50
1784652720,25044.9,25048.4,25044.4,25047.9,60
1784652780,25048.4,25050.4,25046.9,25047.9,50
1784652840,25047.4,25051.4,25047.4,25051.4,80
1784652900,25052.4,25058.4,25051.9,25055.9,64
1784652960,25056.4,25056.9,25048.4,25048.4,60
1784653020,25049.4,25050.9,25046.4,25046.4,40
1784653080,25045.9,25046.4,25044.4,25044.4,30
1784653140,25043.9,25043.9,25040.9,25041.9,68
1784653200,25041.4,25046.4,25038.4,25038.4,70
1784653260,25037.9,25042.4,25036.9,25041.4,50
1784653320,25040.9,25040.9,25036.9,25040.4,48
1784653380,25039.9,25040.4,25037.4,25037.9,76
1784653440,25037.4,25039.4,25037.4,25038.4,78
1784653500,25037.9,25041.4,25037.9,25040.9,50
1784653560,25041.4,25042.9,25039.9,25042.9,46
1784653620,25041.9,25044.4,25041.9,25043.9,74
1784653680,25043.4,25046.4,25042.9,25046.4,68
1784653740,25047.4,25049.4,25046.9,25046.9,44
1784653800,25047.4,25047.4,25040.4,25041.9,84
1784653860,25041.4,25045.9,25041.4,25045.9,90
1784653920,25045.4,25046.9,25044.9,25044.9,48
1784653980,25045.4,25047.4,25044.9,25046.4,72
1784654040,25045.9,25047.9,25042.4,25042.9,54
1784654100,25042.4,25043.9,25039.9,25040.9,98
1784654160,25040.4,25041.9,25037.9,25041.4,78
1784654220,25041.9,25041.9,25039.9,25040.9,34
1784654280,25040.4,25044.4,25040.4,25043.9,38
1784654340,25044.4,25044.9,25038.9,25039.9,36
1784654400,25039.4,25040.4,25037.9,25039.4,56
1784654460,25040.9,25043.4,25036.4,25037.9,76
1784654520,25038.4,25039.9,25036.4,25036.4,74
1784654580,25035.9,25035.9,25030.9,25030.9,48
1784654640,25031.4,25035.4,25031.4,25034.9,44
1784654700,25035.4,25036.4,25032.9,25033.9,50
1784654760,25034.4,25035.9,25032.4,25032.4,74
1784654820,25032.9,25034.4,25032.4,25033.4,48
1784654880,25032.9,25033.9,25031.4,25032.4,48
1784654940,25031.9,25033.9,25031.9,25032.9,48
1784655000,25032.4,25038.4,25032.4,25038.4,60
1784655060,25037.9,25042.4,25036.9,25042.4,20
1784655120,25043.4,25044.9,25041.4,25043.9,44
1784655180,25044.4,25048.4,25040.4,25040.4,62
1784655240,25040.9,25040.9,25033.9,25035.9,70
1784655300,25035.4,25036.9,25034.9,25035.9,82
1784655360,25036.4,25040.9,25035.9,25040.9,40
1784655420,25041.4,25041.4,25038.9,25039.9,52
1784655480,25040.9,25043.4,25040.4,25040.4,80
1784655540,25040.9,25043.4,25040.9,25041.9,56
1784655600,25041.4,25042.4,25039.9,25041.4,76
1784655660,25039.9,25040.9,25039.4,25039.9,38
1784655720,25040.4,25041.4,25039.9,25040.4,22
1784655780,25040.9,25041.4,25039.4,25039.4,28
1784655840,25040.9,25043.4,25040.9,25040.9,64
1784655900,25041.9,25043.9,25039.9,25039.9,56
1784655960,25040.4,25042.4,25039.4,25041.4,68
1784656020,25040.9,25042.4,25040.9,25041.9,74
1784656080,25041.4,25044.4,25041.4,25042.9,88
1784656140,25043.4,25043.9,25042.4,25042.9,56
1784656200,25042.4,25044.9,25041.9,25043.4,74
1784656260,25043.9,25044.9,25042.9,25043.4,64
1784656320,25042.4,25042.9,25040.4,25041.4,54
1784656380,25040.9,25042.4,25039.4,25039.4,50
1784656440,25039.9,25039.9,25038.9,25039.4,16
1784656500,25038.9,25039.4,25036.9,25037.4,32
1784656560,25036.9,25037.4,25035.4,25036.4,30
1784656620,25036.9,25036.9,25032.9,25033.4,44
1784656680,25034.4,25034.9,25032.9,25033.4,18
1784656740,25034.4,25038.4,25034.4,25036.4,46
1784656800,25035.4,25039.4,25035.4,25039.4,56
1784656860,25040.9,25041.9,25039.4,25041.4,64
1784656920,25042.9,25045.4,25039.9,25040.9,56
1784656980,25041.4,25041.4,25037.4,25037.4,118
1784657040,25037.9,25042.9,25037.9,25041.4,70
1784657100,25040.9,25042.4,25040.4,25040.9,74
1784657160,25040.4,25042.4,25038.9,25042.4,60
1784657220,25043.4,25044.9,25039.9,25040.9,84
1784657280,25041.9,25046.4,25041.4,25045.4,54
1784657340,25044.9,25044.9,25042.4,25042.9,42
1784657400,25042.4,25045.9,25040.4,25045.4,62
1784657460,25044.9,25045.4,25042.9,25044.4,44
1784657520,25045.4,25045.4,25040.9,25042.4,42
1784657580,25042.9,25043.4,25041.9,25042.4,30
1784657640,25041.9,25042.4,25039.4,25039.4,56
1784657700,25039.9,25040.9,25038.9,25040.9,98
1784657760,25041.4,25041.9,25038.9,25039.9,64
1784657820,25040.4,25041.9,25039.9,25041.4,34
1784657880,25041.9,25041.9,25037.9,25038.4,54
1784657940,25037.9,25039.4,25036.9,25038.9,50
1784658000,25038.4,25041.4,25038.4,25041.4,56
1784658060,25042.4,25043.4,25041.9,25043.4,64
1784658120,25042.9,25047.4,25042.9,25045.4,70
1784658180,25045.9,25047.4,25045.4,25047.4,52
1784658240,25046.9,25049.4,25046.4,25047.4,50
1784658300,25046.9,25047.4,25044.4,25045.4,72
1784658360,25045.9,25046.9,25044.4,25046.9,60
1784658420,25047.4,25049.4,25046.9,25047.9,46
1784658480,25047.4,25048.4,25045.9,25048.4,58
1784658540,25049.4,25049.9,25049.4,25049.9,4
1784658600,25049.4,25051.4,25046.4,25046.9,54
1784658660,25047.4,25047.9,25045.4,25045.9,56
1784658720,25045.4,25045.9,25043.4,25045.9,52
1784658780,25045.4,25047.4,25044.4,25046.4,74
1784658840,25047.4,25047.9,25046.4,25046.4,38
1784658900,25046.9,25048.4,25046.9,25047.9,38
1784658960,25048.9,25050.9,25048.9,25049.9,62
1784659020,25049.4,25050.4,25048.9,25049.4,30
1784659080,25048.9,25054.4,25048.9,25053.9,56
1784659140,25053.4,25053.9,25051.4,25051.9,60
1784659200,25051.4,25052.4,25049.9,25052.4,60
1784659260,25052.9,25052.9,25049.9,25050.4,36
1784659320,25050.9,25052.9,25050.4,25052.9,56
1784659380,25052.4,25056.4,25050.4,25056.4,46
1784659440,25056.9,25057.4,25055.4,25055.9,72
1784659500,25055.4,25057.9,25055.4,25055.9,46
1784659560,25056.4,25058.4,25054.9,25057.4,68
1784659620,25057.9,25058.4,25051.9,25053.4,64
1784659680,25052.9,25053.9,25051.9,25051.9,58
1784659740,25052.4,25053.9,25051.9,25052.4,52
1784659800,25052.9,25053.9,25052.4,25052.4,38
1784659860,25052.9,25054.4,25052.4,25053.9,46
1784659920,25053.4,25053.9,25050.4,25051.4,28
1784659980,25050.9,25051.9,25048.9,25051.4,52
1784660040,25051.9,25052.4,25051.4,25051.9,22
1784660100,25052.4,25055.9,25051.9,25055.4,32
1784660160,25056.4,25057.4,25053.4,25054.9,58
1784660220,25054.4,25054.9,25051.9,25052.4,52
1784660280,25053.4,25053.4,25051.9,25052.4,56
1784660340,25051.9,25053.9,25051.9,25052.9,62
1784660400,25053.9,25053.9,25049.9,25050.9,90
1784660460,25049.9,25050.9,25046.9,25048.9,52
1784660520,25048.4,25052.4,25047.9,25050.4,38
1784660580,25049.9,25052.9,25049.9,25051.9,76
1784660640,25051.4,25054.9,25051.4,25052.9,44
1784660700,25052.4,25055.4,25051.9,25052.9,60
1784660760,25053.4,25053.9,25052.4,25052.4,86
1784660820,25052.9,25052.9,25051.4,25051.4,40
1784660880,25050.9,25050.9,25046.4,25046.9,36
1784660940,25047.4,25048.4,25041.9,25041.9,52
1784661000,25042.4,25044.4,25041.9,25042.9,74
1784661060,25043.4,25046.4,25043.4,25046.4,30
1784661120,25048.4,25050.4,25046.4,25049.9,74
1784661180,25049.4,25051.4,25049.4,25049.4,32
1784661240,25049.9,25052.4,25048.9,25051.4,54
1784661300,25049.9,25052.4,25049.4,25052.4,56
1784661360,25053.4,25055.4,25053.4,25054.9,64
1784661420,25055.4,25056.4,25051.9,25053.4,39
1784661480,25052.9,25053.4,25051.4,25052.4,64
1784661540,25051.9,25052.4,25049.9,25050.4,58
1784661600,25050.9,25052.4,25049.4,25051.4,54
1784661660,25051.9,25052.4,25049.9,25050.4,32
1784661720,25049.9,25051.4,25049.9,25051.4,46
1784661780,25051.9,25053.4,25051.9,25052.9,78
1784661840,25053.4,25054.4,25051.9,25052.4,52
1784661900,25051.9,25052.9,25050.4,25051.9,52
1784661960,25051.4,25053.9,25049.4,25053.9,82
1784662020,25053.4,25056.4,25053.4,25055.4,50
1784662080,25054.9,25055.4,25054.4,25054.9,14
1784662140,25054.4,25055.4,25052.4,25054.4,61
1784662200,25053.9,25053.9,25048.4,25052.4,90
1784662260,25053.4,25054.9,25046.4,25049.4,58
1784662320,25050.4,25053.4,25049.9,25052.4,38
1784662380,25052.9,25052.9,25050.4,25050.9,46
1784662440,25051.4,25053.4,25051.4,25052.9,36
1784662500,25052.4,25055.9,25051.4,25055.9,80
1784662560,25055.4,25060.4,25055.4,25059.4,54
1784662620,25058.9,25059.4,25054.4,25054.4,64
1784662680,25053.9,25055.9,25052.9,25054.9,66
1784662740,25054.4,25055.4,25051.9,25052.9,76
1784662800,25052.4,25053.4,25047.4,25047.4,72
1784662860,25047.9,25048.4,25044.9,25045.9,54
1784662920,25045.4,25046.4,25043.9,25045.9,58
1784662980,25045.4,25050.4,25045.4,25050.4,54
1784663040,25048.4,25054.9,25048.4,25054.4,90
1784663100,25050.4,25051.9,25045.4,25047.9,48
1784663160,25048.4,25049.9,25047.4,25047.4,52
1784663220,25047.9,25047.9,25043.9,25045.9,50
1784663280,25046.4,25049.4,25045.9,25047.4,54
1784663340,25048.4,25051.9,25048.4,25051.9,32
1784663400,25050.4,25057.9,25048.4,25057.4,96
1784663460,25057.9,25065.9,25056.9,25065.9,84
1784663520,25067.9,25072.9,25067.4,25069.9,42
1784663580,25070.9,25070.9,25063.4,25065.9,27
1784663640,25067.4,25069.9,25063.9,25065.9,49
1784663700,25066.9,25068.4,25063.9,25067.4,74
1784663760,25067.9,25070.4,25065.9,25067.9,74
1784663820,25068.4,25073.9,25068.4,25072.4,48
1784663880,25070.4,25071.9,25066.4,25070.9,90
1784663940,25068.9,25073.9,25064.9,25068.4,120
1784664000,25067.9,25069.6,25060.3,25063.6,164
1784664060,25063.9,25066,25061,25061.2,122
1784664120,25061.5,25062.9,25059.1,25062.4,66
1784664180,25062.2,25062.2,25058.1,25059.1,76
1784664240,25058.8,25061.2,25058.8,25061,46
1784664300,25061.7,25064.1,25061.2,25063.9,64
1784664360,25063.4,25063.4,25059.1,25061.5,76
1784664420,25062,25063.6,25061,25061,24
1784664480,25060.5,25062.4,25059.6,25061,46
1784664540,25060.8,25063.4,25060.8,25062,34
1784664600,25061.7,25062,25057.6,25060.5,60
1784664660,25060.3,25061.7,25058.6,25058.6,52
1784664720,25058.4,25060.5,25056.9,25060.3,30
1784664780,25060.5,25061,25059.1,25059.3,52
1784664840,25060.3,25062.4,25060,25062,44
1784664900,25061.7,25061.7,25057.9,25058.1,56
1784664960,25057.4,25058.1,25056.9,25056.9,34
1784665020,25056.7,25060.9,25054.3,25059.8,40
1784665080,25059.5,25062.9,25055.4,25061.4,49
1784665140,25055.4,25062.1,25055.4,25061.2,22
1784665200,25060.9,25061.4,25060.5,25061.4,32
1784665260,25061.9,25062.4,25061.2,25061.2,22
1784665320,25060.9,25061.7,25056.4,25057.1,10
1784665380,25056.9,25057.6,25056.4,25056.4,16
1784665440,25056.9,25060.2,25056.9,25060,24
1784665500,25060.7,25061.2,25056.4,25056.6,38
1784665560,25055.7,25057.6,25055.5,25057.6,30
1784665620,25058.1,25058.1,25057.6,25057.6,4
1784665680,25057.4,25057.4,25056.2,25056.2,20
1784665740,25056.4,25056.4,25054.3,25055.9,24
1784665800,25056.4,25057.4,25055.9,25057.4,28
1784665860,25058.3,25058.8,25057.1,25058.6,44
1784665920,25057.8,25059.3,25057.6,25059,40
1784665980,25059.3,25059.8,25059,25059.5,34
1784666040,25059.8,25059.8,25057.6,25057.6,22
1784666100,25058.3,25059.3,25058.1,25058.1,32
1784666160,25057.8,25059.5,25057.6,25059.5,34
1784666220,25059.3,25060.5,25059.3,25060.2,20
1784666280,25060.5,25061.7,25060,25060,26
1784666340,25059.8,25060.2,25058.6,25059,20
1784666400,25058.8,25059,25058.1,25058.6,16
1784666460,25058.1,25059.5,25057.4,25058.1,34
1784666520,25058.3,25059,25058.1,25058.8,16
1784666580,25058.3,25058.3,25057.4,25057.6,34
1784666640,25057.1,25057.6,25056.4,25057.4,30
1784666700,25057.6,25059,25056.9,25059,52
1784666760,25058.6,25059.3,25058.1,25059.3,20
1784666820,25059,25059,25056.6,25056.6,26
1784666880,25055.7,25056.2,25055.2,25056.2,34
1784666940,25055.9,25056.2,25054,25054.3,30
1784667000,25053.5,25054.5,25053.3,25053.8,34
1784667060,25054.5,25055,25054,25055,26
1784667120,25055.2,25055.5,25054.5,25054.5,15
1784667180,25054.3,25055,25053.3,25053.8,20
1784667240,25054.5,25054.7,25052.8,25053.1,30
1784667300,25052.8,25053.1,25052.3,25052.8,12
1784667360,25052.6,25058.2,25052.1,25058,26
1784667420,25058.2,25058.2,25056.8,25057,20
1784667480,25057.7,25058.9,25057.7,25058.9,14
1784671320,25059.9,25060.8,25057.7,25058.9,54
1784671380,25058.4,25063.2,25058.4,25063,90
1784671440,25062.8,25064,25061.1,25061.6,64
1784671500,25061.8,25064.4,25056.8,25057,58
1784671560,25057.2,25063.2,25053.9,25053.9,94
1784671620,25053.6,25061.3,25052,25060.6,102
1784671680,25060.8,25064,25059.9,25061.8,76
1784671740,25062,25063.7,25060.6,25061.6,66
1784671800,25060.8,25063,25060.8,25062,26
1784671860,25061.8,25064.2,25061.8,25063.7,16
1784671920,25064.7,25065.6,25063,25064,32
1784671980,25064.2,25065.2,25064,25065.2,12
1784672040,25064.9,25067.6,25064.9,25067.1,30
1784672100,25066.8,25068.5,25066.8,25067.6,22
1784672160,25067.3,25069,25067.1,25069,24
1784672220,25068.3,25070.2,25067.8,25070,32
1784672280,25069.2,25070.9,25063.2,25065.3,43
1784672340,25065.5,25066.7,25064.1,25066.5,46
1784672400,25065.5,25065.5,25064.3,25065.3,28
1784672460,25065,25066.7,25065,25065,26
1784672520,25065.3,25066,25065,25065,12
1784672580,25064.5,25065,25064.3,25064.3,10
1784672640,25064.1,25065.3,25058.5,25058.5,48
1784672700,25058.8,25062.1,25058.3,25062.1,54
1784672760,25062.4,25063.6,25061.7,25062.1,42
1784672820,25062.6,25062.6,25061.7,25061.7,36
1784672880,25061.9,25062.1,25060.7,25061.7,42
1784672940,25060.9,25061.7,25055.2,25061.7,25
1784673000,25061.2,25062.6,25054.7,25062.6,40
1784673060,25062.1,25062.1,25056.1,25056.6,28
1784673120,25056.1,25056.3,25056.1,25056.1,10
1784673180,25055.6,25055.6,25054.9,25055.1,6
1784673240,25055.4,25055.6,25052.7,25054.4,24
1784673300,25054.9,25055.1,25053.2,25053.7,18
1784673360,25054.2,25054.2,25053.2,25053.2,18
1784673420,25053.7,25053.7,25053,25053.2,12
1784673480,25053.7,25054.9,25053.7,25054.9,20
1784673540,25055.1,25055.6,25054.6,25054.6,22
1784673600,25054.9,25056.6,25054.9,25055.6,18
1784673660,25055.4,25057.5,25055.4,25056.8,36
1784673720,25056.3,25056.3,25053.7,25056.1,30
1784673780,25055.4,25056.3,25055.1,25055.1,16
1784673840,25054.4,25054.6,25054.2,25054.2,26
1784673900,25054.4,25054.6,25051.8,25052,42
1784673960,25052.2,25052.2,25050.6,25050.8,28
1784674020,25051,25051,25050.6,25050.6,6
1784674080,25049.8,25050.6,25049.8,25049.8,18
1784674140,25050.3,25050.3,25048.9,25048.9,18
1784674200,25049.4,25050.3,25048.9,25050.1,28
1784674260,25049.8,25050.6,25049.8,25050.6,4
1784674320,25050.8,25051.8,25050.8,25051.8,6
1784674380,25051.5,25051.5,25050.8,25050.8,24
1784674440,25050.6,25051.3,25050.6,25051.3,14
1784674500,25050.8,25052.2,25049.8,25050.3,46
1784674560,25050.1,25051.3,25048.9,25051.3,30
1784674620,25051.5,25052.7,25051.3,25052.7,22
1784674680,25053,25053.7,25052.7,25053.7,10
1784674740,25054.6,25054.9,25054.6,25054.9,8
1784674800,25054.4,25055.8,25053.9,25054.9,52
1784674860,25054.2,25054.4,25052,25053,44
1784674920,25053.2,25054.9,25053,25053.4,36
1784674980,25053,25054.4,25053,25054.4,26
1784675040,25053.9,25054.9,25053.4,25053.7,38
1784675100,25053.4,25053.9,25052.5,25053.4,24
1784675160,25053.7,25054.9,25053.4,25054.9,36
1784675220,25054.6,25055.4,25053.9,25054.9,32
1784675280,25055.1,25055.4,25054.9,25055.4,6
1784675340,25054.9,25055.8,25054.4,25054.9,30
1784675400,25054.4,25054.4,25053,25053,20
1784675460,25053.2,25053.7,25053,25053.7,23
1784675520,25053.9,25055.6,25053.9,25055.4,26
1784675580,25054.9,25055.4,25053.4,25053.4,15
1784675640,25053.9,25056.3,25053.9,25055.8,14
1784675700,25056.3,25056.3,25054.9,25055.4,14
1784675760,25054.4,25055.4,25053.7,25053.7,10
1784675820,25053.4,25053.7,25051.5,25053.7,22
1784675880,25053.9,25055.4,25053.9,25055.4,38
1784675940,25055.8,25058.7,25055.4,25057.8,40
1784676000,25057.3,25057.3,25052.5,25052.5,44
1784676060,25052,25058.3,25052,25058.3,34
1784676120,25059.3,25059.3,25057.4,25057.8,42
1784676180,25058.1,25059.3,25058.1,25058.3,24
1784676240,25058.8,25058.8,25055.4,25055.7,20
1784676300,25055.9,25057.6,25055.9,25057.1,24
1784676360,25056.9,25057.1,25055.9,25056.9,24
1784676420,25057.4,25057.8,25057.1,25057.8,18
1784676480,25058.1,25060.5,25058.1,25060.5,24
1784676540,25060.2,25061.2,25060.2,25060.2,24
1784676600,25059.7,25060.7,25059.7,25060.7,42
1784676660,25061.2,25063.1,25061.2,25062.6,34
1784676720,25063.1,25063.6,25062.1,25063.6,24
1784676780,25063.1,25063.8,25061.7,25061.7,26
1784676840,25061.2,25061.7,25060.9,25060.9,18
1784676900,25060.2,25060.7,25059.3,25059.7,24
1784676960,25060.2,25061.2,25059.7,25059.7,12
1784677020,25059.3,25059.7,25059,25059.3,14
1784677080,25059,25060.2,25057.8,25057.8,18
1784677140,25058.1,25058.3,25057.4,25057.8,16
1784677200,25058.1,25059.3,25058.1,25058.8,12
1784677260,25059.3,25059.3,25054.5,25055.4,42
1784677320,25049.4,25056.4,25049,25054.5,36
1784677380,25054.7,25055,25054,25054.7,24
1784677440,25054,25055.9,25048.5,25055.7,42
1784677500,25055.9,25058.8,25055,25058.3,92
1784677560,25058.8,25060.7,25058.3,25058.3,72
1784677620,25058.5,25059.3,25056.4,25057.4,64
1784677680,25056.9,25058.5,25055.9,25057.6,54
1784677740,25057.4,25059.5,25057.4,25058.8,62
1784677800,25057.8,25058.8,25055.9,25057.8,76
1784677860,25057.4,25058.3,25055.2,25055.9,58
1784677920,25056.4,25057.4,25055.4,25055.4,52
1784677980,25055.9,25056.4,25053.5,25055.2,64
1784678040,25055.4,25055.9,25054.5,25055.7,60
1784678100,25055.4,25060,25055.4,25058.3,86
1784678160,25057.8,25059.3,25057.4,25058.3,60
1784678220,25058.5,25059.5,25057.8,25057.8,32
1784678280,25058.3,25059.7,25057.6,25058.3,52
1784678340,25058.5,25060.7,25058.1,25059.7,68
1784678400,25059.5,25061.2,25055.9,25056.4,128
1784678460,25057.6,25066.7,25057.4,25066.7,140
1784678520,25066.3,25070.1,25065.1,25070.1,124
1784678580,25068.9,25076.2,25066.3,25074.7,114
1784678640,25075.2,25077.6,25068.7,25077.4,115
1784678700,25077.1,25077.6,25073.8,25075,114
1784678760,25075.2,25075.4,25071.4,25071.4,120
1784678820,25071.6,25078,25069.4,25077.5,138
1784678880,25077,25078.5,25068.4,25068.9,122
1784678940,25068.4,25068.7,25065.1,25067.5,108
1784679000,25066.5,25067.5,25064.1,25066.5,126
1784679060,25067,25068.9,25066,25067.9,122
1784679120,25067.7,25069.9,25067.2,25069.4,126
1784679180,25069.1,25071.8,25067.5,25071.8,88
1784679240,25071.3,25073.7,25069.4,25069.9,100
1784679360,25068.5,25068.5,25053,25059,31
1784679420,25061.5,25072,25061,25072,16
1784679480,25072.5,25073.5,25072.5,25073.5,12
1784679540,25074.5,25075.5,25074.5,25075.5,4
1784679600,25077,25077,25076.5,25076.5,4
1784679660,25077.5,25085,25077.5,25084.5,14
1784679720,25083.5,25083.5,25075.5,25075.5,14
1784679840,25076,25076.5,25074.5,25074.5,8
1784679900,25073.5,25074,25073,25073.5,8
1784679960,25073,25073,25073,25073,2
1784680080,25073.5,25073.5,25070.5,25070.5,24
1784680140,25071,25071.5,25071,25071.5,4
1784680260,25071,25071,25071,25071,2
1784680320,25070,25070,25070,25070,2
1784680380,25070.5,25070.5,25069.5,25070,8
1784680500,25069.5,25069.5,25067,25067,8
1784680560,25067.5,25067.5,25067.5,25067.5,2
1784680620,25072.5,25072.5,25072,25072,4
1784680740,25073,25077.5,25073,25077.5,6
1784680860,25081.5,25082.5,25081.5,25082.5,4
1784680980,25082,25082,25082,25082,2
1784681040,25081.5,25083,25081.5,25082,12
1784681100,25082.5,25084,25076.5,25076.5,26
1784681160,25077,25077,25072,25073.5,32
1784681220,25073,25073,25069,25071,38
1784681280,25070.5,25073.5,25069,25070,40
1784681340,25069,25074,25067.5,25074,48
1784681400,25073.5,25075,25073.5,25074.5,8
1784681460,25075,25077.5,25075,25077,8
1784681520,25076,25076,25076,25076,2
1784681580,25073,25074,25072,25073.5,12
1784681640,25072,25076.5,25071,25072.5,32
1784681700,25071,25073,25069,25072.5,40
1784681760,25071.5,25073.5,25071.5,25073.5,18
1784681820,25073,25082.5,25073,25082,26
1784681880,25083,25083,25080.5,25082,42
1784681940,25083,25086.5,25081.5,25086,22
1784682000,25085.5,25089.5,25083.5,25085,54
1784682060,25085.5,25088.5,25082.5,25083,98
1784682120,25082,25082,25073.5,25078.5,78
1784682180,25078,25085.5,25078,25081.5,70
1784682240,25080.5,25082,25077,25078.5,58
1784682300,25077,25080,25077,25079.5,40
1784682360,25080,25080,25079.5,25079.5,4
1784682420,25080.5,25080.5,25078.5,25080,20
1784682480,25079.5,25079.5,25078,25078,10
1784682540,25077,25077,25073.5,25074,20
1784682600,25074.5,25075.5,25073,25074,16
1784682660,25075,25075,25070,25070,14
1784682720,25071,25074.5,25071,25074,12
1784682780,25073,25078,25073,25077.5,26
1784682840,25075.5,25077,25070.5,25074,32
1784682900,25073.5,25078,25073.5,25078,48
1784682960,25078.5,25079.5,25076,25077,36
1784683020,25079.5,25081.5,25079,25081,24
1784683080,25083,25083,25079.5,25081.5,28
1784683140,25080.5,25083,25079,25079.5,38
1784683200,25078.5,25082,25077,25077.5,40
1784683260,25077,25080.5,25073.5,25080,48
1784683320,25081.5,25081.5,25079,25079.5,18
1784683380,25080,25080,25076,25076,18
1784683440,25077.5,25077.5,25071,25072,28
1784683500,25072.5,25073,25071.5,25072.5,20
1784683560,25076,25086.5,25076,25084.5,14
1784683620,25085.5,25087,25084,25086.5,26
1784683680,25086,25087.5,25081,25081,30
1784683740,25082,25082,25074.5,25075,60
1784683800,25077,25078,25066.5,25069,72
1784683860,25071,25071,25064.5,25067,72
1784683920,25066.5,25069,25066,25067.5,52
1784683980,25067,25072,25067,25072,16
1784684040,25072.5,25074,25070.5,25071.5,40
1784684100,25072.5,25073,25071,25071.5,28
1784684160,25070.5,25075,25069,25073.5,38
1784684220,25074,25078,25074,25075.5,28
1784684280,25073,25073.5,25072,25073.5,32
1784684340,25073,25074.5,25072,25073,22
1784684400,25073.5,25075.5,25073,25075.5,32
1784684460,25075,25076,25071.5,25071.5,22
1784684520,25072,25073.5,25066,25066.5,50
1784684580,25068,25074.5,25066,25073.5,50
1784684640,25073,25075,25073,25074.5,32
1784684700,25074,25080,25072.5,25080,70
1784684760,25080.5,25085.5,25080.5,25085,18
1784684820,25082,25083,25081,25083,28
1784684880,25082,25086,25081,25085,44
1784684940,25084.5,25085.5,25082,25084.5,40
1784685000,25086,25086,25080.5,25080.5,28
1784685060,25081,25089,25080.5,25088.5,32
1784685120,25089,25101,25088.5,25096,42
1784685180,25094.5,25095,25093,25093,22
1784685240,25093.5,25095,25091.5,25091.5,18
1784685300,25090.5,25091.5,25089,25089.5,26
1784685360,25090,25090,25088.5,25089,22
1784685420,25089.5,25090,25088,25089,36
1784685480,25090,25094,25089,25089,12
1784685540,25089.5,25089.5,25089,25089,4
1784685600,25088.5,25088.5,25083,25083,12
1784685660,25083.5,25083.5,25073.5,25078.5,56
1784685720,25079,25079,25076,25076.5,32
1784685780,25076,25079.5,25075.5,25078.5,62
1784685840,25077.5,25079.5,25077.5,25077.5,38
1784685900,25078,25078.5,25075,25075,18
1784685960,25075.5,25078.5,25075,25076,42
1784686020,25075.5,25076.5,25074.5,25075.5,26
1784686080,25076,25077,25071,25072,50
1784686140,25071,25072,25068.5,25069,44
1784686200,25069.5,25072,25069,25070.5,34
1784686260,25070,25071,25070,25070,24
1784686320,25072,25075.5,25070.5,25075.5,64
1784686380,25078,25079.5,25076.5,25077.5,44
1784686440,25077,25078.5,25074,25077.5,44
1784686500,25075.5,25082,25074,25076.5,44
1784686560,25079,25080,25077,25079.5,46
1784686620,25080.5,25081.5,25075,25076,54
1784686680,25075.5,25077.5,25075.5,25077,44
1784686740,25077.5,25078,25077,25077,8
1784686800,25077.5,25078.5,25076,25078,42
1784686860,25076.5,25078,25073.5,25075.5,30
1784686920,25076.5,25079,25075.5,25078.5,38
1784686980,25079,25080.5,25076.5,25076.5,36
1784687040,25077,25079.5,25076,25078,42
1784687100,25079,25081,25072.5,25075,70
1784687160,25076,25077.5,25074,25077,44
1784687220,25076.5,25085.5,25076,25085.5,58
1784687280,25085,25086,25084.5,25086,22
1784687340,25086.5,25086.5,25082.5,25082.5,30
1784687400,25081.5,25081.5,25074,25075.5,58
1784687460,25074.5,25081.5,25073,25081.5,48
1784687520,25080,25083.5,25078,25079.5,60
1784687580,25079,25079.5,25077.5,25077.5,14
1784687640,25076.5,25077.5,25072.5,25074,36
1784687700,25073.5,25076.5,25072,25072,58
1784687760,25073,25073,25070.5,25070.5,28
1784687820,25071,25071,25066.5,25066.5,28
1784687880,25067,25067.5,25063.5,25065,48
1784687940,25065.5,25066,25064,25066,34
1784688000,25064.5,25073.5,25064.5,25070.5,44
1784688060,25071,25074.5,25071,25073,20
1784688120,25074.5,25074.5,25072.5,25073,18
1784688180,25072,25072.5,25070.5,25071.5,14
1784688240,25072.5,25072.5,25070.5,25071,18
1784688300,25071.5,25071.5,25069.5,25070.5,8
1784688360,25067,25074,25067,25072.5,38
1784688420,25073,25076.5,25072.5,25076.5,42
1784688480,25077,25077,25075.5,25075.5,4
1784688540,25076,25076,25072.5,25074.5,22
1784688600,25074,25074,25073,25073,6
1784688660,25072.5,25072.5,25071,25071,30
1784688720,25070,25071,25070,25071,14
1784688780,25070.5,25072.5,25069,25072.5,40
1784688840,25072,25072.5,25071.5,25072.5,8
1784688900,25073,25073,25068.5,25068.5,46
1784688960,25069,25070.5,25067.5,25068.5,20
1784689020,25069,25069.5,25066.5,25067,42
1784689080,25066.5,25067.5,25066,25067.5,10
1784689140,25069,25071.5,25068,25070,38
1784689200,25069.5,25070.5,25066,25066,30
1784689260,25066.5,25066.5,25065.5,25066.5,10
1784689320,25069,25070.5,25068.5,25070,16
1784689380,25070.5,25072.5,25068,25069.5,34
1784689440,25068.5,25072.5,25068.5,25071.5,44
1784689500,25070.5,25074,25070.5,25073.5,72
1784689560,25072,25074.5,25071.5,25074,48
1784689620,25073.5,25074,25065,25066,42
1784689680,25065,25065,25063.5,25063.5,14
1784689740,25064,25064,25058.5,25059.5,14
1784689800,25058.5,25058.5,25058.5,25058.5,2
1784689860,25059,25060,25058,25058,14
1784689920,25057,25061,25057,25059.5,20
1784689980,25055,25059,25055,25055.5,20
1784690040,25054,25054.5,25048.5,25049.5,28
1784690100,25051.5,25053,25050.5,25052,46
1784690160,25052.5,25055,25052,25053.5,18
1784690220,25054,25055,25054,25054.5,28
1784690280,25054,25061,25054,25061,36
1784690340,25058.5,25064.5,25058.5,25061,40
1784690400,25062,25063.5,25061.5,25063.5,10
1784690460,25062.5,25062.5,25060.5,25060.5,24
1784690520,25061.5,25062.5,25061.5,25062.5,4
1784690580,25063,25066.5,25062.5,25066.5,14
1784690640,25066,25069.5,25066,25069.5,8
1784690700,25070.5,25080,25070.5,25079.5,36
1784690760,25080.5,25082.5,25080,25082.5,26
1784690820,25084.5,25086.5,25079,25079,32
1784690880,25079.5,25079.5,25078,25078,20
1784690940,25077,25079,25077,25078.5,26
1784691000,25077.5,25085,25077,25080.5,60
1784691060,25081.5,25082,25077,25077,34
1784691120,25076,25076,25066.5,25066.5,46
1784691180,25067,25068,25062,25065.5,60
1784691240,25064.5,25067.5,25061.5,25064.5,52
1784691300,25066,25066,25060,25063.5,62
1784691360,25064.5,25064.5,25063,25063,8
1784691420,25062,25062.5,25053.5,25060.5,34
1784691480,25059.5,25059.5,25055.5,25057.5,34
1784691540,25058,25058.5,25055.5,25055.5,36
1784691600,25056,25056.5,25055,25056,26
1784691660,25055.5,25060,25054,25055.5,50
1784691720,25054.5,25054.5,25052,25052.5,12
1784691780,25051.5,25055,25050,25052,54
1784691840,25052.5,25055,25052,25055,14
1784691900,25054.5,25059.5,25054.5,25059,36
1784691960,25058,25062,25058,25061.5,28
1784692020,25062,25065.5,25062,25065.5,14
1784692080,25067,25067.5,25064.5,25066,34
1784692140,25065.5,25065.5,25061,25062.5,44
1784692200,25062,25062.5,25060.5,25060.5,22
1784692260,25060,25060,25048.5,25049,24
1784692320,25047.5,25049,25047.5,25047.5,10
1784692380,25048.5,25048.5,25046,25047.5,22
1784692440,25048,25050,25047.5,25047.5,32
1784692500,25048,25048,25041.5,25044,40
1784692560,25044.5,25045,25041.5,25043.5,20
1784692620,25044.5,25048.5,25043.5,25048.5,28
1784692680,25048,25051.5,25047.5,25049.5,40
1784692740,25051.5,25054.5,25047.5,25053.5,32
1784692800,25053,25056.5,25053,25055.5,50
1784692860,25055,25055.5,25050,25052,30
1784692920,25051.5,25055.5,25051.5,25055.5,24
1784692980,25056,25058,25054.5,25057.5,50
1784693040,25057,25058.5,25056,25058.5,20
1784693100,25059.5,25060.5,25056,25060,48
1784693160,25058,25061,25058,25060.5,32
1784693220,25061,25063,25061,25062.5,10
1784693280,25063,25064,25061.5,25063.5,38
1784693340,25063,25063,25061.5,25062,20
1784693400,25061,25061,25059.5,25061,12
1784693460,25060.5,25061,25058.5,25059,26
1784693520,25059.5,25060,25056.5,25057.5,48
1784693580,25053,25054,25052.5,25053,18
1784693640,25053.5,25055.5,25053,25055,12
1784693700,25055.5,25061,25055.5,25060.5,24
1784693760,25058.5,25060,25058,25058,14
1784693820,25058.5,25059.5,25058,25058,12
1784693880,25057.5,25060.5,25056,25059.5,40
1784693940,25059,25059.5,25058,25058.5,20
1784694000,25057.5,25060.5,25057.5,25060.5,10
1784694060,25059,25059,25057.5,25057.5,24
1784694120,25059,25060.5,25058,25060,22
1784694180,25059.5,25061.5,25059.5,25061.5,14
1784694240,25061,25061,25055.5,25055.5,18
1784694300,25054.5,25056.5,25053.5,25054,34
1784694360,25055.5,25056,25055,25055,10
1784694420,25056,25056,25055.5,25055.5,4
1784694480,25056,25057,25055.5,25056.5,12
1784694540,25054,25056.5,25054,25055.5,12
1784694600,25054,25056,25050.5,25051,38
1784694660,25050.5,25051.5,25050,25050,16
1784694720,25049,25049,25049,25049,2
1784694780,25050.5,25066.5,25048.5,25059.5,36
1784694840,25059,25059.5,25057.5,25058,22
1784694900,25059,25063,25057.5,25062,28
1784694960,25062.5,25064,25061,25063.5,26
1784695020,25061.5,25062,25059,25060,32
1784695080,25061.5,25067,25061.5,25065.5,14
1784695140,25065,25068,25065,25067.5,24
1784695200,25067,25068,25063.5,25066.5,50
1784695260,25067.5,25072,25067.5,25071,18
1784695320,25070.5,25071,25069,25071,8
1784695380,25069.5,25071,25069.5,25071,14
1784695440,25075,25077,25074.5,25075,20
1784695500,25072.5,25073,25069.5,25069.5,12
1784695560,25068.5,25069,25063,25064,34
1784695620,25063.5,25064.5,25063,25063.5,32
1784695680,25064.5,25065,25059.5,25059.5,16
1784695740,25059,25059,25052,25054.5,42
1784695800,25054,25058.5,25054,25056.5,38
1784695860,25057,25057,25056.5,25056.5,8
1784695920,25057,25057,25056.5,25056.5,4
1784696040,25052.5,25055.5,25052.5,25054,16
1784696100,25053.5,25056.5,25053,25053,10
1784696160,25053.5,25053.5,25052.5,25052.5,14
1784696220,25053,25061.5,25052.5,25059,46
1784696280,25057.5,25062,25056,25062,28
1784696340,25063.5,25064.5,25062.5,25064.5,18
1784696400,25063.5,25063.5,25059.5,25059.5,38
1784696460,25058,25058,25053.5,25055.5,48
1784696520,25057,25057,25054.5,25055,42
1784696580,25054.5,25054.5,25051.5,25051.5,30
1784696640,25051,25051,25047,25047,32
1784696700,25048,25050.5,25044,25049,54
1784696760,25048,25052,25045,25052,28
1784696820,25054.5,25056,25053,25054.5,32
1784696880,25054,25055,25054,25054,8
1784696940,25053.5,25056.5,25053.5,25056,34
1784697000,25055,25055,25054,25055,24
1784697060,25056,25060.5,25056,25057,42
1784697120,25057.5,25059,25055.5,25059,20
1784697180,25057.5,25057.5,25049,25051,34
1784697240,25050.5,25051.5,25047,25051,42
1784697300,25050.5,25056.5,25050.5,25054,28
1784697360,25053.5,25055.5,25049,25050.5,42
1784697420,25049,25055,25047.5,25052.5,78
1784697480,25053,25057,25052.5,25057,34
1784697540,25056.5,25061.5,25056,25056,52
1784697600,25055.5,25057.5,25052.5,25054,34
1784697660,25052.5,25053.5,25050,25050,32
1784697720,25050.5,25054,25050,25054,30
1784697780,25051,25054,25049.5,25050,42
1784697840,25050.5,25055.5,25050,25051.5,30
1784697900,25051,25057.5,25049.5,25055,64
1784697960,25053.5,25058,25050.5,25058,56
1784698020,25057.5,25057.5,25050.5,25050.5,76
1784698080,25051,25052,25049.5,25049.5,66
1784698140,25050,25053,25048.5,25052.5,34
1784698200,25053,25053,25051,25052,36
1784698260,25052.5,25053.5,25046,25046.5,52
1784698320,25047,25050,25045,25048,72
1784698380,25048.5,25049.5,25047,25049.5,74
1784698440,25050,25055,25049.5,25053.5,52
1784698500,25053,25053,25051,25051,20
1784698560,25051.5,25051.5,25041.5,25045.5,44
1784698620,25044.5,25046.5,25042,25044,44
1784698680,25044.5,25048.5,25042.5,25046.5,52
1784698740,25045.5,25052.5,25045,25052,38
1784698800,25051.5,25051.5,25046,25047,54
1784698860,25048,25048,25044.5,25044.5,10
1784698920,25044,25045,25041.5,25043.5,42
1784698980,25042.5,25045,25042.5,25045,12
1784699040,25043.5,25048.5,25043.5,25044.5,42
1784699100,25045,25045.5,25040,25040,24
1784699160,25040.5,25048.5,25040.5,25045.5,28
1784699220,25045,25053.5,25045,25053,50
1784699280,25053.5,25054.5,25053,25054.5,16
1784699340,25055,25055,25049,25049,44
1784699400,25048,25057.5,25048,25057,52
1784699460,25058,25059,25054,25055.5,56
1784699520,25055,25057,25053.5,25053.5,58
1784699580,25053,25055,25051,25052,40
1784699640,25050,25050,25039,25044,59
1784699700,25044.5,25046.5,25044,25045.5,52
1784699760,25047.5,25048,25046,25046,20
1784699820,25046.5,25047.5,25042,25044,24
1784699880,25047,25049,25047,25049,14
1784699940,25048.5,25049,25047,25047,42
1784700000,25048,25052,25038,25050.5,84
1784700060,25051.2,25052.2,25043.7,25051.7,56
1784700120,25051.2,25058.7,25051.2,25056.7,56
1784700180,25055.2,25069.2,25055.2,25064.2,60
1784700240,25063.7,25066.7,25062.2,25063.2,64
1784700300,25062.7,25066.7,25052.7,25055.7,50
1784700360,25054.7,25056.2,25050.2,25050.2,62
1784700420,25051.2,25052.7,25048.2,25050.7,70
1784700480,25051.2,25051.2,25043.2,25044.7,108
1784700540,25046.2,25047.7,25043.2,25045.7,70
1784700600,25047.2,25052.2,25045.2,25048.7,64
1784700660,25048.2,25058.7,25046.7,25058.7,70
1784700720,25058.2,25061.7,25057.2,25059.7,70
1784700780,25060.2,25060.2,25052.2,25054.7,72
1784700840,25054.2,25061.2,25054.2,25061.2,40
1784700900,25060.7,25060.7,25054.2,25055.7,78
1784700960,25056.2,25056.7,25046.7,25049.7,68
1784701020,25050.2,25050.7,25039.2,25041.2,68
1784701080,25041.7,25041.7,25032.2,25033.7,88
1784701140,25033.2,25034.2,25027.2,25031.7,114
1784701200,25032.2,25033.2,25022.7,25026.2,100
1784701260,25025.7,25032.2,25025.7,25026.7,92
1784701320,25026.2,25026.7,25018.2,25018.2,100
1784701380,25018.7,25018.7,25014.2,25015.7,86
1784701440,25014.7,25015.7,25008.2,25014.2,102
1784701500,25011.7,25011.7,25002.7,25004.2,98
1784701560,25005.2,25006.7,25001.7,25004.2,118
1784701620,25004.7,25009.7,25003.7,25004.2,86
1784701680,25004.7,25010.2,25003.7,25008.7,88
1784701740,25008.2,25015.7,25005.7,25010.2,86
1784701800,25010.7,25011.7,24992.7,24993.7,106
1784701860,24994.2,24997.2,24993.7,24996.7,70
1784701920,24994.7,24997.2,24993.7,24994.2,70
1784701980,24994.7,24995.7,24993.2,24995.2,48
1784702040,24994.7,25001.2,24993.7,25001.2,78
1784702100,25000.7,25004.7,24998.2,24998.2,78
1784702160,24999.7,25012.2,24999.7,25012.2,73
1784702220,25013.7,25014.2,25007.2,25008.2,74
1784702280,25008.7,25008.7,24999.7,25001.7,58
1784702340,24999.7,25003.2,24997.5,25001.7,71
1784702400,25000.7,25002.7,24997.7,24998.2,58
1784702460,24998.2,24998.2,24992.2,24993.2,68
1784702520,24994.2,24994.7,24991.2,24991.2,63
1784702580,24990.7,24997.2,24988.7,24997.2,24
1784702640,24996.2,24999.7,24994.2,24995.7,61
1784702700,24995.2,24995.2,24970.7,24972.7,130
1784702760,24971.7,24972.7,24967.2,24969.2,94
1784702820,24970.2,24970.2,24952.2,24954.7,113
1784702880,24956.2,24965.7,24956.2,24962.7,76
1784702940,24961.7,24962.2,24954.2,24955.2,74
1784703000,24956.7,24958.2,24951.7,24958.2,66
1784703060,24955.7,24971.7,24955.7,24967.7,100
1784703120,24968.2,24974.7,24968.2,24973.2,54
1784703180,24973.7,24976.7,24969.2,24969.2,58
1784703240,24967.7,24976.2,24966.2,24969.7,66
1784703300,24970.2,24972.2,24962.7,24970.7,80
1784703360,24971.2,24973.2,24965.2,24965.2,60
1784703420,24965.7,24967.7,24961.2,24961.7,78
1784703480,24964.2,24968.2,24960.7,24961.7,82
1784703540,24961.2,24968.7,24956.7,24965.7,126
1784703600,24971.2,25032.7,24971.2,25023.7,239
1784703660,25024.2,25035.2,25014.2,25018.7,202
1784703720,25019.2,25019.2,24997.2,25000.2,214
1784703780,24997.7,25016.2,24991.7,25013.2,192
1784703840,25015.2,25025.7,25015.2,25019.7,148
1784703900,25018.2,25022.7,24998.2,25002.7,182
1784703960,25002.2,25002.2,24983,24986.7,149
1784704020,24986.2,25005.2,24986.2,24999.2,156
1784704080,25000.7,25000.7,24983.7,24988.2,134
1784704140,24986.2,24993.7,24980.7,24982.7,164
1784704200,24983.2,24996.2,24983.2,24990.2,178
1784704260,24988.7,24991.7,24976.2,24990.2,166
1784704320,24990.7,24995.7,24983.7,24989.2,169
1784704380,24988.7,24994.7,24981.2,24981.2,158
1784704440,24981.7,25000.2,24981.7,25000.2,146
1784704500,25002.2,25007.2,24996.7,24997.7,133
1784704560,24999.7,25005.2,24994.7,25002.7,140
1784704620,25003.7,25011.7,25000,25008.2,134
1784704680,25009.2,25022.7,25007.7,25016.7,156
1784704740,25015.7,25026.2,25013.2,25015.2,158
1784704800,25014.7,25017.2,25006.7,25016.2,164
1784704860,25018.2,25024.7,25009.7,25013.7,130
1784704920,25012.7,25027.7,25009.7,25024.2,142
1784704980,25019.7,25031.7,25019.7,25029.7,120
1784705040,25029.2,25035.7,25020.2,25033.7,138
1784705100,25032.7,25033.7,25020.2,25029.2,104
1784705160,25029.7,25063.7,25028.7,25063.2,131
1784705220,25063.7,25083.7,25063.2,25081.2,146
1784705280,25081.7,25081.7,25070.7,25076.7,152
1784705340,25078.2,25082.7,25060.2,25065.7,118
1784705400,25065.2,25069.2,25036.7,25036.7,180
1784705460,25037.2,25041.7,25025.7,25037.7,156
1784705520,25038.2,25039.2,25027.7,25030.2,144
1784705580,25030.7,25030.7,25023.7,25028.2,148
1784705640,25028.7,25034.7,25022.7,25022.7,152
1784705700,25022.2,25022.2,25009.2,25015.7,140
1784705760,25014.7,25016.2,25000.2,25000.7,107
1784705820,25000.2,25008.7,24993.2,25008.7,136
1784705880,25007.2,25014.7,25001.7,25001.7,140
1784705940,25002.7,25018.2,25002.7,25009.7,112
1784706000,25010.2,25016.2,24997.7,25002.7,121
1784706060,25002.2,25010.7,24991.7,24991.7,150
1784706120,24991.2,24999.7,24990.7,24998.2,138
1784706180,24997.7,25002.7,24988.7,25002.7,162
1784706240,25006.7,25017.7,25005.7,25010.7,148
1784706300,25011.2,25016.2,25006.7,25012.2,131
1784706360,25012.7,25029.2,25012.7,25029.2,125
1784706420,25028.2,25034.7,25027.2,25032.2,139
1784706480,25032.7,25047.7,25016.7,25030.7,163
1784706540,25030.2,25030.2,25016.7,25017.2,174
1784706600,25019.6,25029.1,25016.6,25027.1,148
1784706660,25027.6,25030.6,25021.6,25026.1,140
1784706720,25026.6,25034.1,25023.1,25027.1,142
1784706780,25026.1,25042.6,25025.1,25035.6,145
1784706840,25036.1,25043.1,25033.6,25042.1,118
1784706900,25043.1,25059.1,25042.1,25051.1,124
1784706960,25051.6,25060.1,25051.1,25054.1,114
1784707020,25055.1,25062.1,25053.1,25061.1,92
1784707080,25060.1,25068.1,25057.1,25066.1,112
1784707140,25065.1,25067.6,25058.1,25067.1,137
1784707200,25068.1,25075.6,25061.6,25071.1,164
1784707260,25072.1,25091.6,25066.3,25090.1,138
1784707320,25090.6,25101.6,25089.6,25098.6,136
1784707380,25099.1,25111.1,25095.1,25110.6,152
1784707440,25111.1,25134.1,25107.1,25129.6,154
1784707500,25130.1,25144.6,25126.6,25134.1,154
1784707560,25133.1,25143.1,25126.1,25129.6,174
1784707620,25130.1,25143.6,25125.1,25141.1,172
1784707680,25141.6,25154.1,25137.6,25139.1,128
1784707740,25138.1,25138.1,25121.3,25121.3,102
1784707800,25123.1,25129.1,25104.6,25104.6,133
1784707860,25105.1,25110.6,25101.1,25101.1,154
1784707920,25100.1,25102.6,25093.6,25102.1,142
1784707980,25101.1,25115.1,25101.1,25112.1,152
1784708040,25110.1,25121.6,25108.1,25116.1,132
1784708100,25117.1,25127.1,25110.6,25123.1,128
1784708160,25124.1,25133.1,25120.6,25122.6,136
1784708220,25124.6,25137.1,25122.1,25131.1,150
1784708280,25130.6,25137.6,25130.1,25136.1,106
1784708340,25134.6,25143.1,25134.6,25142.1,144
1784708400,25139.1,25147.1,25139.1,25146.1,112
1784708460,25145.1,25162.1,25145.1,25154.6,104
1784708520,25153.6,25158.1,25149.1,25150.1,103
1784708580,25148.1,25154.6,25141.1,25141.1,110
1784708640,25140.6,25141.1,25129.6,25136.1,129
1784708700,25135.6,25147.1,25133.1,25143.1,124
1784708760,25144.1,25144.6,25134.6,25136.1,124
1784708820,25134.6,25141.6,25133.1,25140.1,140
1784708880,25140.6,25146.6,25140.1,25145.1,148
1784708940,25141.6,25155.1,25141.1,25154.1,146
1784709000,25153.6,25183.6,25152.1,25183.1,140
1784709060,25182.6,25185.1,25178.3,25184.6,132
1784709120,25184.1,25192.1,25182.6,25185.1,124
1784709180,25184.6,25188.1,25181.1,25184.1,124
1784709240,25183.1,25184.1,25175.6,25178.1,135
1784709300,25179.1,25184.1,25174.6,25180.1,112
1784709360,25182.1,25184.1,25170.6,25171.6,135
1784709420,25172.6,25177.1,25171.6,25175.1,120
1784709480,25174.1,25176.1,25168.6,25176.1,98
1784709540,25175.6,25178.1,25169.6,25170.1,110
1784709600,25170.6,25172.1,25157.6,25157.6,138
1784709660,25155.8,25163.6,25155.6,25160.1,87
1784709720,25159.6,25165.6,25156.1,25162.1,136
1784709780,25161.6,25164.6,25151.1,25152.1,124
1784709840,25153.1,25154.6,25140.1,25148.1,134
1784709900,25147.1,25159.6,25146.1,25158.6,108
1784709960,25160.1,25169.1,25157.6,25168.1,98
1784710020,25167.1,25174.1,25164.6,25165.1,104
1784710080,25165.6,25165.6,25159.6,25163.1,112
1784710140,25162.1,25173.6,25160.6,25171.1,118
1784710200,25172.6,25174.6,25159.1,25159.1,118
1784710260,25159.6,25163.6,25155.1,25161.1,104
1784710320,25160.6,25166.6,25160.1,25164.6,126
1784710380,25166.1,25173.6,25165.6,25170.1,112
1784710440,25170.6,25171.6,25160.6,25163.1,108
1784710500,25163.6,25163.6,25155.6,25161.6,122
1784710560,25162.1,25162.1,25153.1,25159.1,142
1784710620,25158.6,25174.1,25158.1,25173.1,111
1784710680,25172.6,25178.1,25170.1,25175.1,90
1784710740,25174.6,25176.1,25169.3,25174.6,81
1784710800,25175.1,25175.1,25168.1,25170.6,128
1784710860,25171.1,25183.6,25168.1,25180.1,124
1784710920,25180.6,25191.6,25180.1,25187.1,122
1784710980,25189.1,25196.6,25188.6,25190.1,121
1784711040,25190.6,25200.1,25189.6,25199.1,136
1784711100,25199.6,25207.1,25194.6,25204.6,144
1784711160,25205.1,25205.1,25188.6,25188.6,104
1784711220,25189.1,25218.6,25188.6,25216.6,148
1784711280,25215.6,25216.6,25206.1,25210.1,124
1784711340,25212.1,25214.1,25205.1,25214.1,112
1784711400,25214.6,25217.6,25205.1,25206.1,130
1784711460,25206.6,25213.1,25200.6,25209.1,126
1784711520,25209.6,25210.6,25206.1,25209.6,132
1784711580,25210.1,25215.6,25206.1,25209.1,134
1784711640,25209.6,25209.6,25204.6,25207.6,94
1784711700,25206.1,25214.6,25205.1,25208.1,114
1784711760,25207.1,25215.1,25205.1,25214.1,112
1784711820,25215.1,25219.6,25212.1,25219.6,86
1784711880,25220.1,25236.1,25219.6,25233.6,96
1784711940,25235.1,25240.6,25232.6,25239.1,110
1784712000,25240.1,25242.6,25236.6,25241.6,110
1784712060,25241.1,25243.6,25230.6,25232.1,124
1784712120,25232.6,25237.1,25229.1,25229.1,132
1784712180,25229.6,25229.6,25217.6,25217.6,126
1784712240,25216.6,25228.1,25214.1,25226.1,122
1784712300,25226.6,25229.1,25223.6,25225.1,100
1784712360,25225.6,25230.1,25223.6,25224.1,102
1784712420,25224.6,25226.6,25215.1,25215.6,106
1784712480,25215.1,25215.1,25199.1,25208.1,136
1784712540,25208.6,25209.6,25201.6,25201.6,102
1784712600,25200.6,25200.6,25183.1,25184.1,134
1784712660,25184.6,25191.1,25180.6,25183.6,118
1784712720,25184.1,25184.1,25177.1,25179.1,112
1784712780,25178.1,25184.1,25174.1,25178.6,128
1784712840,25178.1,25182.1,25161.6,25162.1,148
1784712900,25162.6,25169.1,25158.1,25160.1,150
1784712960,25159.1,25163.1,25151.1,25157.1,104
1784713020,25156.6,25167.6,25156.6,25164.6,109
1784713080,25166.1,25166.1,25148.6,25148.6,122
1784713140,25150.1,25158.1,25147.1,25152.6,118
1784713200,25152.1,25153.6,25138.1,25138.6,132
1784713260,25138.1,25140.6,25132.6,25140.6,120
1784713320,25142.1,25147.6,25133.6,25135.1,106
1784713380,25135.6,25145.1,25134.1,25135.1,116
1784713440,25135.6,25135.6,25123.6,25126.6,108
1784713500,25126.1,25128.1,25118.6,25121.6,116
1784713560,25121.1,25127.6,25118.1,25123.1,120
1784713620,25122.1,25139.6,25122.1,25139.6,110
1784713680,25139.1,25144.1,25136.6,25142.1,112
1784713740,25142.6,25145.1,25135.1,25135.1,116
1784713800,25134.1,25140.1,25130.1,25130.1,98
1784713860,25130.6,25138.1,25130.1,25136.1,127
1784713920,25135.1,25135.6,25125.1,25129.1,134
1784713980,25130.1,25130.1,25116.6,25121.6,144
1784714040,25123.1,25128.1,25119.1,25128.1,120
1784714100,25130.6,25138.1,25127.1,25137.6,124
1784714160,25140.1,25150.6,25139.6,25150.6,90
1784714220,25150.1,25157.6,25147.1,25154.6,94
1784714280,25155.1,25160.6,25152.1,25160.6,96
1784714340,25160.1,25169.6,25157.6,25169.6,114
1784714400,25168.6,25180.1,25166.1,25177.6,130
1784714460,25178.1,25184.6,25178.1,25183.1,114
1784714520,25182.6,25195.6,25182.6,25191.6,118
1784714580,25192.1,25195.6,25188.6,25193.1,134
1784714640,25192.1,25198.1,25182.6,25197.6,116
1784714700,25199.6,25205.6,25198.1,25203.1,134
1784714760,25202.1,25205.6,25196.1,25201.1,118
1784714820,25200.1,25203.1,25195.1,25199.1,122
1784714880,25198.6,25202.1,25194.3,25197.1,110
1784714940,25199.1,25199.1,25191.6,25194.6,87
1784715000,25195.1,25202.1,25193.1,25199.1,118
1784715060,25198.1,25198.6,25191.1,25191.1,116
1784715120,25193.1,25203.1,25185.1,25185.1,128
1784715180,25185.6,25192.7,25183.1,25188.7,118
1784715240,25184.7,25189.2,25184.7,25185.7,114
1784715300,25186.2,25190.7,25185.7,25188.7,96
1784715360,25189.2,25196.7,25188.2,25190.2,106
1784715420,25190.7,25195.7,25187.4,25193.7,98
1784715480,25194.7,25207.7,25194.7,25205.2,103
1784715540,25206.7,25209.7,25199.7,25206.7,125
1784715600,25207.2,25264.4,25206.7,25242.7,209
1784715660,25240.7,25269.2,25239.2,25258.2,200
1784715720,25257.2,25263.7,25238.4,25258.2,180
1784715780,25256.2,25256.2,25238.2,25244.7,136
1784715840,25244.2,25264.7,25242.7,25258.7,172
1784715900,25260.7,25261.7,25243.7,25244.7,158
1784715960,25242.9,25264.4,25242.9,25261.4,151
1784716020,25263.9,25263.9,25254.7,25256.2,121
1784716080,25255.7,25262.2,25253.2,25257.7,152
1784716140,25257.2,25257.7,25247.7,25252.7,144
1784716200,25251.7,25254.7,25247.2,25247.2,130
1784716260,25246.7,25253.7,25233.4,25235.2,174
1784716320,25235.7,25236.2,25222.2,25227.7,147
1784716380,25226.7,25226.7,25208.7,25209.7,185
1784716440,25210.7,25211.7,25198.7,25202.7,155
1784716500,25203.2,25203.2,25184.7,25186.7,160
1784716560,25185.7,25187.2,25179.7,25181.2,126
1784716620,25180.7,25202.7,25180.7,25188.2,144
1784716680,25188.7,25199.7,25169.2,25173.2,192
1784716740,25173.7,25175.2,25152.7,25154.7,154
1784716800,25155.7,25159.7,25143.7,25149.7,158
1784716860,25152.7,25152.7,25138.7,25146.7,152
1784716920,25147.2,25158.7,25142.2,25156.7,172
1784716980,25157.2,25160.7,25151.7,25156.2,130
1784717040,25155.7,25158.2,25145.7,25145.7,137
1784717100,25144.2,25149.7,25138.2,25142.2,178
1784717160,25141.7,25148.7,25139.2,25141.7,142
1784717220,25141.2,25144.2,25134.7,25142.7,142
1784717280,25141.7,25146.7,25134.7,25137.7,162
1784717340,25137.2,25157.2,25134.7,25156.7,156
1784717400,25157.7,25157.7,25145.7,25155.2,144
1784717460,25154.7,25167.7,25154.7,25156.7,152
1784717520,25156.2,25157.7,25149.7,25156.7,154
1784717580,25158.7,25158.7,25148.7,25151.7,144
1784717640,25152.7,25158.7,25142.7,25144.7,128
1784717700,25143.7,25143.7,25128.2,25135.2,120
1784717760,25135.7,25144.7,25132.7,25143.2,128
1784717820,25143.7,25146.7,25135.7,25136.2,114
1784717880,25135.7,25138.7,25127.7,25135.7,125
1784717940,25134.7,25142.2,25128.2,25130.7,158
1784718000,25132.7,25134.7,25122.7,25128.7,118
1784718060,25129.7,25133.2,25125.7,25132.2,128
1784718120,25132.7,25132.7,25100.7,25103.2,168
1784718180,25101.7,25103.7,25089.2,25090.7,172
1784718240,25089.2,25096.7,25089.2,25093.2,156
1784718300,25092.7,25098.7,25087.2,25092.7,180
1784718360,25091.7,25092.7,25082.7,25082.7,142
1784718420,25082.2,25086.7,25071.2,25080.7,126
1784718480,25081.2,25091.2,25075.7,25079.2,132
1784718540,25080.2,25107.7,25080.2,25105.7,112
1784718600,25107.7,25118.2,25107.7,25111.2,146
1784718660,25111.7,25111.7,25092.7,25094.7,132
1784718720,25097.7,25111.7,25096.7,25098.2,158
1784718780,25099.7,25100.7,25085.7,25086.7,144
1784718840,25087.2,25087.2,25082.7,25087.2,86
1784718900,25086.7,25086.7,25070.2,25074.7,112
1784718960,25075.7,25078.7,25066.7,25078.7,114
1784719020,25079.2,25079.2,25062.2,25065.2,144
1784719080,25064.7,25069.7,25057.7,25066.7,116
1784719140,25065.7,25072.7,25061.7,25061.7,138
1784719200,25060.7,25071.2,25060.2,25064.2,140
1784719260,25064.7,25078.7,25064.2,25074.7,140
1784719320,25075.2,25076.7,25066.7,25068.7,142
1784719380,25069.2,25083.2,25067.7,25082.7,116
1784719440,25083.2,25095.2,25083.2,25090.2,134
1784719500,25090.7,25091.7,25079.2,25083.7,116
1784719560,25084.2,25084.2,25069.7,25075.2,116
1784719620,25075.7,25086.7,25075.7,25079.7,128
1784719680,25080.2,25081.7,25070.7,25073.7,114
1784719740,25074.7,25081.2,25072.2,25081.2,118
1784719800,25083.2,25083.2,25068.2,25076.2,124
1784719860,25076.7,25090.7,25074.2,25089.7,138
1784719920,25089.2,25092.2,25084.2,25088.7,120
1784719980,25089.2,25096.7,25087.2,25091.7,128
1784720040,25090.7,25097.2,25088.7,25091.2,102
1784720100,25090.7,25103.7,25087.2,25102.2,124
1784720160,25102.7,25104.7,25099.2,25101.2,104
1784720220,25101.7,25103.7,25089.7,25098.7,132
1784720280,25098.2,25106.7,25097.7,25103.2,118
1784720340,25102.7,25104.7,25098.7,25101.2,128
1784720400,25100.7,25103.2,25084.7,25092.7,110
1784720460,25093.2,25096.2,25075.7,25085.7,218
1784720520,25086.7,25088.2,25058.2,25065.2,178
1784720580,25064.7,25067.2,25045.7,25052.7,222
1784720640,25053.2,25077.2,25053.2,25073.7,169
1784720700,25073.2,25073.7,25064.7,25073.7,162
1784720760,25074.2,25079.2,25069.7,25078.7,156
1784720820,25078.2,25092.2,25076.7,25090.7,182
1784720880,25091.7,25100.2,25091.7,25093.7,182
1784720940,25093.2,25095.7,25089.7,25090.2,136
1784721000,25090.7,25091.2,25073.7,25073.7,156
1784721060,25073.2,25075.7,25064.7,25064.7,136
1784721120,25065.2,25075.2,25065.2,25072.7,134
1784721180,25073.7,25075.7,25069.7,25072.7,146
1784721240,25071.7,25079.2,25066.7,25070.7,146
1784721300,25071.7,25083.7,25071.2,25082.2,130
1784721360,25081.2,25081.2,25069.7,25076.7,134
1784721420,25076.2,25085.2,25075.7,25081.7,132
1784721480,25082.7,25082.7,25053.7,25053.7,123
1784721540,25055.2,25060.2,25053.7,25056.7,137
1784721600,25057.2,25069.2,25056.7,25068.2,143
1784721660,25067.7,25070.7,25056.7,25058.2,106
1784721720,25058.7,25073.7,25056.7,25073.7,142
1784721780,25072.7,25072.7,25055.2,25061.2,140
1784721840,25062.2,25063.7,25052.7,25055.2,142
1784721900,25054.7,25064.7,25053.2,25064.7,126
1784721960,25065.2,25074.7,25057.7,25057.7,138
1784722020,25056.7,25056.7,25047.7,25053.2,126
1784722080,25052.7,25062.7,25051.7,25060.2,132
1784722140,25061.7,25070.7,25059.7,25065.7,126
1784722200,25065.2,25072.7,25060.7,25072.2,155
1784722260,25072.7,25082.7,25072.2,25081.7,124
1784722320,25082.7,25086.2,25081.2,25086.2,100
1784722380,25085.7,25092.7,25085.7,25090.2,118
1784722440,25089.7,25092.7,25088.7,25091.7,104
1784722500,25090.7,25099.2,25090.7,25093.7,122
1784722560,25092.7,25096.2,25085.7,25093.7,114
1784722620,25092.7,25092.7,25076.7,25089.7,131
1784722680,25091.2,25096.7,25084.7,25085.7,116
1784722740,25085.2,25088.7,25080.7,25087.2,112
1784722800,25086.7,25090.2,25082.2,25086.7,110
1784722860,25086.2,25092.7,25076.7,25081.7,130
1784722920,25080.2,25093.2,25080.2,25092.7,122
1784722980,25092.2,25099.7,25089.7,25094.7,136
1784723040,25095.2,25096.2,25089.7,25092.7,98
1784723100,25093.2,25105.7,25092.7,25104.7,124
1784723160,25105.2,25107.7,25099.2,25107.7,118
1784723220,25106.7,25121.7,25103.7,25121.7,125
1784723280,25120.7,25123.2,25117.7,25120.7,122
1784723340,25121.7,25125.7,25117.7,25123.7,118
1784723400,25123.2,25128.7,25120.7,25125.7,144
1784723460,25123.7,25134.2,25118.7,25132.7,138
1784723520,25133.2,25149.7,25129.2,25147.7,143
1784723580,25146.7,25148.7,25144.7,25147.2,112
1784723640,25148.2,25158.2,25147.7,25151.7,130
1784723700,25152.7,25164.7,25152.7,25160.7,130
1784723760,25161.7,25167.2,25159.7,25161.7,126
1784723820,25161.2,25164.7,25159.7,25161.2,98
1784723880,25160.7,25164.2,25148.7,25149.7,120
1784723940,25149.2,25149.7,25140.2,25140.7,120
1784724000,25140.2,25148.2,25137.7,25148.2,116
1784724060,25148.7,25160.7,25148.7,25157.7,122
1784724120,25157.2,25167.7,25155.7,25165.2,128
1784724180,25164.7,25168.7,25162.7,25165.2,108
1784724240,25165.7,25167.7,25161.2,25166.2,104
1784724300,25166.7,25174.7,25161.9,25165.2,152
1784724360,25165.7,25174.2,25162.7,25172.7,127
1784724420,25172.2,25177.7,25167.7,25167.7,136
1784724480,25167.2,25168.2,25159.2,25162.7,131
1784724540,25163.2,25168.7,25146.7,25147.2,131
1784724600,25146.7,25152.7,25136.2,25136.2,117
1784724660,25135.7,25145.7,25131.7,25144.7,104
1784724720,25145.2,25148.7,25141.2,25148.2,89
1784724780,25149.7,25154.7,25146.2,25152.2,112
1784724840,25150.7,25160.2,25149.7,25159.7,116
1784724900,25159.2,25165.2,25158.2,25163.7,106
1784724960,25162.7,25170.2,25097.7,25112.2,128
1784725020,25112.7,25124.2,25104.2,25122.7,215
1784725080,25123.2,25139.2,25121.7,25138.2,157
1784725140,25139.2,25150.2,25136.4,25139.2,149
1784725200,25141.7,25159.7,25140.2,25158.7,174
1784725260,25158.2,25165.2,25153.9,25163.7,134
1784725320,25162.7,25171.7,25161.2,25169.7,98
1784725380,25170.7,25181.2,25170.7,25180.7,107
1784725440,25180.2,25182.7,25175.9,25180.2,125
1784725500,25179.7,25182.2,25171.9,25178.7,128
1784725560,25178.2,25178.2,25166.7,25171.2,114
1784725620,25171.7,25175.7,25164.7,25169.7,150
1784725680,25169.2,25172.7,25164.7,25164.7,112
1784725740,25164.2,25175.7,25164.2,25175.7,100
1784725800,25176.2,25183.2,25171.2,25181.2,84
1784725860,25182.2,25184.7,25176.7,25178.7,110
1784725920,25178.2,25186.7,25174.7,25179.7,120
1784725980,25177.9,25182.7,25176.7,25182.7,98
1784726040,25179.7,25181.7,25166.7,25169.2,105
1784726100,25168.7,25179.7,25164.7,25179.2,112
1784726160,25179.7,25180.2,25173.2,25176.2,104
1784726220,25177.7,25179.7,25175.7,25179.7,102
1784726280,25178.2,25189.7,25176.7,25189.7,130
1784726340,25190.7,25201.2,25187.7,25199.7,110
1784726400,25200.7,25200.7,25189.9,25196.7,112
1784726460,25197.7,25198.7,25188.7,25190.2,94
1784726520,25189.7,25191.2,25185.7,25187.7,108
1784726580,25188.2,25190.7,25183.7,25188.7,118
1784726640,25189.2,25189.7,25179.2,25180.2,94
1784726700,25179.2,25184.7,25177.2,25184.7,148
1784726760,25184.2,25193.7,25184.2,25192.7,87
1784726820,25192.2,25196.7,25187.7,25191.2,126
1784726880,25191.7,25192.7,25185.2,25192.2,108
1784726940,25191.7,25196.7,25191.7,25196.7,114
1784727000,25198.7,25207.7,25189.7,25207.7,190
1784727060,25207.2,25212.2,25200.2,25204.2,158
1784727120,25203.7,25204.7,25193.2,25200.7,138
1784727180,25199.7,25201.7,25182.7,25183.7,164
1784727240,25183.2,25188.7,25169.2,25171.2,154
1784727300,25170.7,25170.7,25157.2,25168.7,180
1784727360,25167.7,25173.7,25165.7,25165.7,162
1784727420,25166.7,25168.2,25153.2,25153.2,156
1784727480,25153.7,25153.7,25134.7,25136.7,170
1784727540,25137.2,25149.2,25134.2,25144.2,158
1784727600,25143.7,25143.7,25126.9,25139.7,159
1784727660,25138.7,25140.2,25120.2,25125.7,162
1784727720,25125.2,25134.7,25122.7,25123.7,174
1784727780,25123.2,25134.7,25123.2,25133.7,142
1784727840,25132.2,25148.7,25132.2,25148.7,168
1784727900,25150.7,25172.7,25150.7,25172.7,150
1784727960,25173.2,25173.7,25158.7,25161.2,136
1784728020,25162.7,25166.7,25154.7,25162.2,132
1784728080,25161.2,25170.7,25158.7,25169.7,150
1784728140,25170.2,25178.2,25168.7,25177.7,120
1784728200,25178.2,25181.7,25165.2,25167.2,170
1784728260,25165.7,25177.2,25163.2,25168.7,174
1784728320,25167.7,25176.7,25165.7,25169.7,158
1784728380,25169.2,25180.2,25165.7,25177.7,126
1784728440,25178.7,25185.2,25176.7,25184.2,139
1784728500,25184.7,25202.7,25181.2,25199.7,144
1784728560,25199.2,25207.2,25197.2,25206.2,148
1784728620,25205.7,25211.2,25194.7,25195.7,142
1784728680,25194.7,25201.7,25187.7,25189.2,140
1784728740,25187.2,25196.2,25186.2,25195.2,128
1784728800,25195.7,25195.7,25183.7,25189.7,162
1784728860,25189.2,25191.2,25167.7,25178.7,146
1784728920,25179.7,25182.7,25171.2,25175.7,138
1784728980,25176.7,25181.7,25172.7,25179.2,148
1784729040,25178.7,25196.2,25176.7,25193.7,170
1784729100,25193.2,25198.7,25188.7,25192.2,146
1784729160,25192.7,25193.7,25181.7,25186.7,112
1784729220,25185.7,25187.7,25170.7,25175.7,120
1784729280,25174.7,25181.2,25165.7,25165.7,114
1784729340,25165.2,25178.2,25165.2,25176.7,130
1784729400,25177.2,25180.7,25170.2,25176.7,156
1784729460,25176.2,25176.2,25168.7,25174.7,148
1784729520,25175.2,25184.7,25169.2,25181.7,146
1784729580,25181.2,25181.2,25168.7,25171.2,136
1784729640,25171.7,25176.7,25166.7,25176.7,148
1784729700,25176.2,25177.7,25156.7,25162.7,128
1784729760,25161.7,25170.2,25151.2,25153.7,142
1784729820,25152.2,25158.7,25148.2,25155.7,144
1784729880,25155.2,25167.7,25155.2,25161.7,164
1784729940,25162.2,25169.7,25158.7,25162.7,140
1784730000,25163.2,25169.2,25158.7,25168.7,156
1784730060,25170.7,25171.7,25163.7,25165.7,128
1784730120,25164.7,25165.2,25153.2,25155.7,144
1784730180,25156.7,25160.7,25149.2,25160.7,158
1784730240,25159.7,25168.7,25159.7,25167.2,128
1784730300,25169.2,25176.7,25168.7,25171.2,134
1784730360,25170.7,25174.7,25163.7,25164.2,142
1784730420,25164.7,25174.7,25162.7,25164.7,142
1784730480,25163.2,25167.2,25157.7,25164.7,134
1784730540,25165.7,25170.7,25163.2,25168.2,134
1784730600,25168.7,25169.2,25155.7,25157.7,154
1784730660,25158.7,25163.2,25156.2,25162.2,132
1784730720,25161.7,25175.7,25156.2,25174.7,110
1784730780,25175.2,25178.7,25169.7,25175.7,116
1784730840,25173.2,25175.7,25169.7,25171.2,158
1784730900,25170.7,25177.7,25165.7,25171.2,140
1784730960,25171.7,25172.7,25163.7,25170.7,146
1784731020,25171.7,25178.2,25171.7,25175.2,112
1784731080,25172.7,25177.2,25168.7,25170.7,140
1784731140,25171.7,25172.7,25157.7,25166.7,110
1784731200,25165.7,25174.2,25164.7,25169.7,150
1784731260,25170.2,25170.7,25157.2,25157.7,142
1784731320,25157.2,25173.7,25155.7,25171.7,142
1784731380,25170.7,25174.2,25162.7,25164.2,126
1784731440,25163.7,25163.7,25149.7,25150.2,132
1784731500,25150.7,25164.7,25150.7,25161.7,140
1784731560,25162.7,25167.7,25158.2,25161.7,132
1784731620,25160.2,25164.7,25157.2,25157.7,140
1784731680,25159.2,25159.2,25150.2,25154.2,116
1784731740,25153.2,25155.2,25146.2,25155.2,118
1784731800,25154.7,25159.7,25150.7,25151.2,146
1784731860,25150.2,25151.2,25141.2,25150.2,136
1784731920,25150.7,25151.2,25142.7,25145.7,140
1784731980,25146.2,25166.7,25146.2,25165.2,129
1784732040,25164.7,25177.2,25163.7,25171.7,102
1784732100,25170.7,25171.7,25163.2,25171.2,142
1784732160,25171.7,25172.2,25159.2,25160.2,136
1784732220,25160.7,25172.2,25160.7,25170.7,124
1784732280,25170.2,25171.7,25161.7,25163.2,110
1784732340,25165.2,25174.2,25162.7,25169.7,110
1784732400,25171.2,25179.7,25168.7,25171.2,140
1784732460,25170.2,25170.2,25158.7,25165.2,126
1784732520,25166.2,25172.7,25165.2,25172.7,120
1784732580,25173.2,25176.7,25171.7,25176.2,116
1784732640,25175.7,25178.7,25173.7,25175.2,98
1784732700,25174.7,25176.2,25168.2,25174.7,106
1784732760,25174.2,25182.7,25169.2,25182.2,158
1784732820,25182.7,25188.7,25181.7,25187.2,130
1784732880,25188.2,25188.7,25180.7,25181.7,110
1784732940,25183.7,25183.7,25174.2,25174.7,120
1784733000,25174.2,25176.2,25167.7,25171.7,114
1784733060,25170.7,25173.7,25162.2,25162.7,110
1784733120,25163.2,25171.2,25162.7,25168.2,114
1784733180,25167.7,25172.7,25165.2,25167.7,132
1784733240,25168.2,25171.7,25162.2,25164.2,108
1784733300,25163.2,25171.2,25162.7,25164.2,126
1784733360,25164.7,25168.7,25160.2,25161.2,114
1784733420,25160.7,25167.7,25160.7,25161.7,130
1784733480,25161.2,25165.7,25157.2,25159.2,100
1784733540,25159.7,25166.2,25155.2,25155.2,130
1784733600,25156.2,25169.7,25154.2,25168.7,126
1784733660,25169.2,25172.2,25164.2,25167.2,116
1784733720,25166.7,25167.2,25160.2,25165.2,98
1784733780,25166.2,25175.7,25165.2,25175.7,104
1784733840,25175.2,25176.7,25166.7,25167.2,122
1784733900,25166.2,25182.2,25166.2,25182.2,108
1784733960,25181.7,25183.2,25173.2,25174.7,106
1784734020,25175.2,25179.2,25173.7,25175.7,86
1784734080,25175.2,25175.2,25169.7,25170.7,110
1784734140,25173.7,25178.2,25171.7,25172.7,142
1784734200,25173.2,25182.5,25163.5,25181.5,152
1784734260,25182,25189.5,25180.5,25182,140
1784734320,25184,25187,25178.5,25181.5,132
1784734380,25181,25185,25172.5,25182,160
1784734440,25179.5,25183.5,25162.5,25162.5,202
1784734500,25158.5,25165.5,25154.5,25163,151
1784734560,25163.5,25171.5,25159,25171,104
1784734620,25169.5,25176.5,25165,25175.5,100
1784734680,25176.5,25176.5,25169.5,25176.5,110
1784734740,25176,25182,25175.5,25181,100
1784734800,25182.5,25190.5,25181,25190,102
1784734860,25189.5,25192.5,25187,25192.5,83
1784734920,25194,25201.5,25193,25196.5,108
1784734980,25197,25197,25186,25187,117
1784735040,25187.5,25198.5,25187.5,25198,106
1784735100,25198.5,25205.5,25198.5,25204.5,124
1784735160,25203.5,25207,25202.5,25202.5,62
1784735220,25201.5,25206.5,25201.5,25204.5,82
1784735280,25205,25206.5,25201,25202,98
1784735340,25203,25206,25195.4,25198.5,124
1784735400,25199,25200,25193,25195,108
1784735460,25194.5,25197.5,25193,25194,58
1784735520,25193.5,25194,25186,25186,62
1784735580,25186,25193,25183,25187,55
1784735640,25186,25192,25186,25191.5,122
1784735700,25191,25193,25189.5,25192.5,96
1784735760,25193,25193.5,25188,25188.5,92
1784735820,25189,25189.5,25181,25185.5,78
1784735880,25186,25194,25186,25194,50
1784735940,25193.5,25199.5,25193,25199.5,53
1784736000,25200.5,25201,25196.5,25200,82
1784736060,25198.5,25201,25197,25198,70
1784736120,25197.5,25199.5,25196,25199,80
1784736180,25199.5,25202.5,25199,25201,78
1784736240,25200,25201,25199,25200,84
1784736300,25200.5,25200.5,25195,25199.5,74
1784736360,25200,25203,25196.5,25197,50
1784736420,25197.5,25197.5,25196,25196,26
1784736480,25196.5,25197.5,25196,25196,46
1784736540,25196.5,25199,25196,25198.5,48
1784736600,25197.5,25200.5,25195,25195,54
1784736660,25196,25201.5,25196,25199.5,56
1784736720,25200,25202.5,25198.5,25200,34
1784736780,25200.5,25200.5,25198,25200,60
1784736840,25198,25200,25196,25200,66
1784736900,25199.5,25199.5,25196,25197,78
1784736960,25195.5,25196.5,25192.5,25193,72
1784737020,25192.5,25197,25191.5,25196.5,80
1784737080,25196,25198.5,25196,25198,62
1784737140,25199.5,25200,25196.5,25197,62
1784737200,25197.5,25197.5,25194,25194,56
1784737260,25193,25194.5,25192,25193,40
1784737320,25192.5,25193,25184,25185,64
1784737380,25185.5,25185.5,25176,25176,46
1784737440,25177,25178.5,25176,25177,70
1784737500,25176.5,25178.5,25171,25172,106
1784737560,25171.5,25171.5,25165,25165,82
1784737620,25165.5,25171,25165,25168.5,108
1784737680,25168,25175.5,25167.5,25175.5,96
1784737740,25175,25176.5,25174,25176,72
1784737800,25174.5,25175,25171,25174.5,80
1784737860,25174,25185,25174,25181.5,92
1784737920,25182.5,25182.5,25177.5,25178.5,58
1784737980,25179,25183.5,25177.5,25182.5,70
1784738040,25183,25184.5,25181.5,25183.5,62
1784738100,25182.5,25185.5,25182.5,25184,78
1784738160,25184.5,25188.5,25184.5,25186.5,54
1784738220,25185.5,25189,25183.5,25187.5,74
1784738280,25188,25188.5,25183.5,25186,68
1784738340,25186.5,25189.5,25185.5,25188.5,52
1784738400,25189,25192,25186.5,25186.5,78
1784738460,25187.5,25188.5,25186.5,25187.5,48
1784738520,25187,25188.5,25185,25185.5,74
1784738580,25186.5,25190,25186.5,25188,56
1784738640,25187.5,25188,25186,25186.5,38
1784738700,25184.5,25191,25184.5,25187.5,48
1784738760,25187,25189,25185.5,25185.5,76
1784738820,25185,25185.5,25182,25183,60
1784738880,25182.5,25186,25182.5,25186,82
1784738940,25185,25192,25185,25192,60
1784739000,25191.5,25196.5,25190,25196.5,68
1784739060,25197,25197,25185.5,25186,70
1784739120,25185.5,25190.5,25185.5,25189.5,72
1784739180,25190,25194.5,25189,25194,62
1784739240,25191.5,25194.5,25191.5,25193.5,50
1784739300,25193,25198.5,25192,25198,78
1784739360,25197.5,25199,25195.5,25198,66
1784739420,25197.5,25201.5,25197.5,25201.5,58
1784739480,25201,25202,25198.5,25202,52
1784739540,25200.5,25201,25197.5,25199.5,72
1784739600,25200.5,25206.5,25196.5,25203.5,64
1784739660,25203,25204.5,25201.5,25202,54
1784739720,25203,25203,25196,25196.5,60
1784739780,25196,25199.5,25194.5,25195,66
1784739840,25194.5,25194.5,25193.5,25194,32
1784739900,25193.5,25197,25193.5,25193.5,66
1784739960,25194,25197,25192.5,25196.5,70
1784740020,25197,25198.5,25195.5,25197.5,60
1784740080,25197,25200.5,25196.5,25200,66
1784740140,25200.5,25200.5,25195.5,25197.5,62
1784740200,25197,25199.5,25195.5,25199.5,60
1784740260,25200.5,25201,25199,25201,56
1784740320,25200.5,25201,25198.5,25199.5,46
1784740380,25199,25200,25195.5,25195.5,52
1784740440,25196,25196.5,25193,25194,56
1784740500,25193.5,25193.5,25188.5,25191,62
1784740560,25192.5,25194.5,25192,25193,54
1784740620,25193.5,25195.5,25192.5,25195.5,32
1784740680,25196,25203.5,25196,25199.5,84
1784740740,25199,25199,25191.5,25192,56
1784740800,25191.5,25193,25190.5,25191,26
1784740860,25191.5,25193.5,25186,25186,56
1784740920,25186.5,25187.5,25183,25183,70
1784740980,25183.5,25185,25179.5,25181,52
1784741040,25181.5,25185,25181,25181.5,86
1784741100,25182,25183.5,25177.5,25181,108
1784741160,25180.5,25184,25179.5,25184,60
1784741220,25183.5,25184,25181,25184,62
1784741280,25183.5,25187,25182.5,25185,90
1784741340,25185.5,25186,25182,25182,54
1784741400,25183,25187,25182.5,25187,54
1784741460,25186.5,25189.5,25186,25189.5,68
1784741520,25190,25192.5,25189,25190,72
1784741580,25189.5,25190,25185.5,25187,78
1784741640,25186.5,25187,25184.5,25185.5,78
1784741700,25185,25188.5,25184.5,25187.5,70
1784741760,25186.5,25190.5,25186.5,25189,66
1784741820,25190,25192.5,25190,25192,30
1784741880,25192.5,25194,25190,25190.5,32
1784741940,25190,25192,25189.5,25192,32
1784742000,25191.5,25191.5,25186,25186,34
1784742060,25186.5,25188.5,25185,25185,88
1784742120,25184.5,25184.5,25181.5,25184.5,52
1784742180,25183.5,25184,25181.5,25182.5,68
1784742240,25183.5,25185,25181,25182.5,54
1784742300,25182,25182.5,25181,25181,58
1784742360,25180.5,25183,25180.5,25182,62
1784742420,25182.5,25182.5,25178.5,25181,48
1784742480,25181.5,25182.5,25181,25181.5,38
1784742540,25181,25183,25181,25182,44
1784742600,25181.5,25182,25177,25181.5,66
1784742660,25182.5,25185,25182,25183,56
1784742720,25182.5,25183,25180.5,25182,68
1784742780,25181.5,25182,25178,25178,60
1784742840,25176.5,25176.5,25172.5,25173.5,54
1784742900,25172.5,25175.5,25168,25174.5,112
1784742960,25175.5,25175.5,25172,25172.5,56
1784743020,25173,25175.5,25169.5,25171.5,66
1784743080,25171,25173.5,25168.5,25169.5,66
1784743140,25169,25169.5,25166.5,25169,34
1784743200,25169.5,25171.5,25168.5,25169.5,72
1784743260,25170.5,25170.5,25163,25164.5,74
1784743320,25165,25165.5,25159.5,25161.5,80
1784743380,25161,25163,25156,25157.5,42
1784743440,25158,25161.5,25157,25161.5,74
1784743500,25161,25163,25159.5,25161.5,62
1784743560,25161,25162.5,25158.5,25161.5,86
1784743620,25161,25169,25160.5,25168.5,68
1784743680,25169,25170,25164.5,25164.5,48
1784743740,25164,25164,25157.5,25157.5,86
1784743800,25156.5,25158.5,25152.5,25158.5,92
1784743860,25158,25159.5,25156.5,25156.5,73
1784743920,25156,25156,25152,25152.5,42
1784743980,25153.5,25155.5,25152,25155,76
1784744040,25154.5,25156.5,25152,25152.5,72
1784744100,25152,25156,25152,25153.5,58
1784744160,25154.5,25157.5,25152.5,25155,92
1784744220,25155.5,25156,25149,25150.5,58
1784744280,25151,25152.5,25149.5,25151.5,78
1784744340,25150.5,25151.5,25144,25145.5,56
1784744400,25144,25145,25135,25143.5,80
1784744460,25144,25147.5,25140,25141.5,86
1784744520,25141,25143,25140,25143,52
1784744580,25143.5,25144.5,25142,25142.5,75
1784744640,25143,25146.5,25142,25142,67
1784744700,25142.5,25143.5,25142,25142.5,70
1784744760,25143,25144.5,25142,25143.5,60
1784744820,25144,25149.5,25143.5,25149,64
1784744880,25148.5,25150.5,25146.5,25149.5,100
1784744940,25148.5,25149.5,25146,25147,62
1784745000,25146.5,25147.5,25139.5,25142,96
1784745060,25142.5,25142.5,25136.5,25137.5,92
1784745120,25137,25139,25136.5,25137.5,76
1784745180,25138,25141.5,25136.5,25139.5,52
1784745240,25139,25140.5,25138,25138.5,64
1784745300,25138,25143.5,25136.5,25143.5,76
1784745360,25143,25146.5,25142.5,25146.5,38
1784745420,25147.5,25148,25145.5,25145.5,36
1784745480,25146,25146,25144.5,25145,22
1784745540,25144.5,25146.5,25144,25146.5,42
1784745600,25147,25147.5,25145,25146,44
1784745660,25146.5,25148.5,25144.5,25148.5,60
1784745720,25148,25150,25146.5,25146.5,52
1784745780,25147.5,25149.5,25146.5,25149,54
1784745840,25149.5,25150,25147,25147,30
1784745900,25147.5,25155,25147.5,25154,44
1784745960,25153.5,25153.5,25151,25152.5,46
1784746020,25152,25152,25147,25147,28
1784746080,25147.5,25149.5,25147.5,25149,52
1784746140,25148.5,25149,25146.5,25147,14
1784746200,25146.5,25151.5,25146,25151.5,76
1784746260,25151,25153,25151,25151.5,58
1784746320,25151,25153,25150,25152,56
1784746380,25152.5,25157,25152,25156.5,38
1784746440,25157,25159.5,25156,25158,36
1784746500,25158.5,25160,25158.5,25159,48
1784746560,25158.5,25159,25154.5,25155,46
1784746620,25154.5,25155,25149,25150,54
1784746680,25150.5,25152,25150,25151,52
1784746740,25151.5,25154.5,25149.5,25150,50
1784746800,25149.5,25150.5,25148,25148.5,88
1784746860,25149,25150,25141.5,25144,72
1784746920,25143.5,25148.5,25143,25147,66
1784746980,25147.5,25148,25145,25147,58
1784747040,25147.5,25148,25145,25145,54
1784747100,25145.5,25145.5,25143,25143,64
1784747160,25142.5,25144,25141.5,25143,76
1784747220,25143.5,25144,25140,25140.5,70
1784747280,25140,25143.5,25139.5,25142.5,64
1784747340,25142,25142.5,25141.5,25142,30
1784747400,25140.5,25144,25139,25143.5,72
1784747460,25144,25144,25139.5,25140.5,40
1784747520,25140,25141,25138,25138,40
1784747580,25138.5,25141,25138,25138,56
1784747640,25137.5,25138.5,25135.5,25135.5,82
1784747700,25134.5,25140,25134,25139.5,78
1784747760,25139,25141.5,25137.5,25141.5,88
1784747820,25141,25142,25138.5,25140.5,78
1784747880,25141.5,25143,25140,25143,34
1784747940,25144,25146,25143,25145,36
1784748000,25146,25146,25143,25143,50
1784748060,25141.5,25142.5,25138.5,25140.5,64
1784748120,25140,25140,25135,25138.5,62
1784748180,25138,25140.5,25137.5,25140.5,48
1784748240,25140,25141,25139.5,25140,38
1784748300,25140.5,25140.5,25135.5,25137.5,68
1784748360,25138.5,25141,25138.5,25140,44
1784748420,25140.5,25143.5,25139,25143,52
1784748480,25144,25147.5,25143.5,25147.5,54
1784748540,25147,25147.5,25146,25146.5,38
1784748600,25146,25146.5,25142.5,25143,78
1784748660,25142.5,25145.5,25142.5,25143.5,92
1784748720,25144,25146.5,25143.5,25144.5,80
1784748780,25144,25146,25141,25141,80
1784748840,25139.5,25143,25138,25143,40
1784748900,25143.5,25145.5,25140,25140,38
1784748960,25140.5,25144,25140.5,25143,74
1784749020,25144,25144,25139.5,25139.5,84
1784749080,25138.5,25140.5,25136,25139,112
1784749140,25138.5,25138.5,25135.5,25136.5,78
1784749200,25135.5,25136.5,25134,25135,68
1784749260,25135.5,25139.5,25133,25138.5,86
1784749320,25138,25144,25137.5,25141,78
1784749380,25141.5,25143,25141,25142.5,66
1784749440,25142,25144.5,25141,25141.5,62
1784749500,25141,25148,25140.5,25146.5,66
1784749560,25147,25150.5,25145.5,25146,62
1784749620,25145.5,25147,25144,25145.5,46
1784749680,25146,25151,25146,25150,52
1784749740,25150.5,25154,25148,25150.5,70
1784749800,25151,25152,25135.5,25136.5,124
1784749860,25137.5,25140.5,25135.5,25137,92
1784749920,25134,25140,25132.5,25139.5,88
1784749980,25138,25144.5,25136.5,25140,66
1784750040,25139.5,25140,25136.5,25138.5,70
1784750100,25137.5,25140.5,25136.5,25140,62
1784750160,25140.5,25143,25137,25139.5,72
1784750220,25139,25146.5,25137,25145.5,84
1784750280,25145,25145,25140.5,25141.5,94
1784750340,25143,25148.5,25140.5,25148.5,86
1784750400,25148,25161.3,25140.8,25161.3,145
1784750460,25163.2,25183,25148.9,25177.5,134
1784750520,25173.4,25177,25147.4,25154.1,246
1784750580,25156.8,25164.7,25138.7,25156.5,170
1784750640,25155.3,25158,25141.4,25143.3,166
1784750700,25143.8,25146.7,25133.4,25140.7,152
1784750760,25142.3,25148.4,25134.7,25139.1,146
1784750820,25139.3,25149.2,25138.1,25141.5,110
1784750880,25131.4,25154.4,25124.1,25150.6,118
1784750940,25150.4,25154.9,25139.2,25142.6,71
1784751000,25139.9,25152.4,25139.4,25150,111
1784751060,25150.5,25153,25144.8,25152.2,104
1784751120,25153.8,25157.7,25146.4,25156,116
1784751180,25156.3,25165.7,25155.6,25161.1,110
1784751240,25162.1,25178.3,25160.8,25178.3,100
1784751300,25180.5,25182.9,25173.5,25173.5,138
1784751360,25173.2,25175.2,25167.2,25170.4,148
1784751420,25171.3,25176.7,25167.7,25175.3,122
1784751480,25174.8,25179.6,25174.8,25176,84
1784751540,25176.2,25182,25175.5,25177.9,88
1784751600,25177.2,25177.9,25174.3,25175.3,54
1784751660,25175.5,25176.2,25170.9,25171.2,48
1784751720,25171.9,25176.2,25171.2,25175.5,58
1784751780,25175.8,25179.6,25175.8,25179.6,48
1784751840,25179.9,25182,25175.1,25177.7,54
1784751900,25179.1,25179.1,25173.6,25173.6,38
1784751960,25173.4,25173.4,25165.7,25165.9,38
1784752020,25166.4,25167.6,25161.8,25167.3,72
1784752080,25168.5,25169.3,25165.9,25168.3,68
1784752140,25168.1,25172.4,25167.3,25172.4,48
1784752200,25171.7,25174.6,25167.1,25171.2,40
1784752260,25171,25173.6,25167.8,25172.9,54
1784752320,25172.6,25173.6,25171.2,25172.6,66
1784752380,25172.2,25173.1,25168.8,25168.8,46
1784752440,25169.3,25169.5,25166.4,25166.4,36
1784752500,25165.9,25168.3,25163,25168.1,74
1784752560,25168.8,25169,25162.5,25164,90
1784752620,25163.7,25165.2,25162,25162,60
1784752680,25162.5,25162.8,25158,25159.2,62
1784752740,25158.7,25169,25158.2,25165.9,88
1784752800,25165.7,25165.9,25161.8,25163.5,82
1784752860,25163,25165.2,25162.3,25164.2,62
1784752920,25164.5,25166.4,25163.5,25164.9,64
1784752980,25165.4,25166.9,25159.8,25160.1,37
1784753040,25160.3,25160.5,25157.2,25157.4,68
1784753100,25157.9,25161.3,25157.4,25161,54
1784753160,25161.3,25161.5,25158.9,25158.9,68
1784753220,25158.4,25160.8,25158.4,25159.8,50
1784753280,25159.3,25159.6,25154.8,25156.7,54
1784753340,25156.2,25158.6,25156,25158.6,42
1784753400,25158.9,25164.6,25158.9,25164.2,60
1784753460,25164.9,25166.3,25164.4,25164.9,46
1784753520,25165.1,25170.4,25165.1,25170.2,60
1784753580,25169.7,25171.4,25166.3,25166.3,46
1784753640,25166.6,25166.8,25163.9,25165.6,66
1784753700,25165.4,25166.6,25162.2,25162.2,66
1784753760,25161.8,25162.7,25159.8,25162.2,70
1784753820,25162.5,25163.7,25162.5,25162.7,44
1784753880,25163.2,25163.7,25156.2,25156.9,94
1784757720,25113.7,25122.6,25113.2,25122.6,78
1784757780,25122.8,25131,25117.8,25125.7,72
1784757840,25125.2,25125.7,25120.2,25120.2,50
1784757900,25119.9,25125.5,25119.5,25123.3,102
1784757960,25123.5,25126.2,25119,25124.5,86
1784758020,25124.3,25124.5,25121.1,25122.3,60
1784758080,25124.3,25127.2,25118,25120,71
1784758140,25126,25128.6,25120,25125.7,49
1784758200,25125.5,25127.6,25124.5,25125.5,56
1784758260,25124.5,25125.7,25122.1,25125.5,50
1784758320,25126.2,25128.6,25126.2,25128.6,56
1784758380,25128.4,25128.4,25125.2,25126.9,46
1784758440,25127.2,25127.4,25124.7,25125,48
1784758500,25125.7,25130.5,25124.3,25126,56
1784758560,25125.7,25127.2,25124.5,25124.7,58
1784758620,25125.2,25126.2,25117.3,25120.4,102
1784758680,25120.2,25123.1,25119.9,25122.6,74
1784758740,25122.3,25123.3,25121.9,25121.9,64
1784758800,25121.1,25125.2,25120.4,25124,66
1784758860,25123.8,25127.4,25123.8,25126.2,72
1784758920,25126,25126.4,25122.6,25123.1,52
1784758980,25123.3,25124.5,25122.6,25122.6,54
1784759040,25122.1,25124.7,25122.1,25123.1,52
1784759100,25122.8,25123.1,25119.2,25119.2,54
1784759160,25119,25125.4,25119,25124.7,50
1784759220,25123.8,25123.8,25121.4,25121.4,40
1784759280,25121.6,25122.6,25116.5,25116.8,62
1784759340,25117,25118.5,25115.1,25117.3,36
1784759400,25117.5,25120.1,25115.3,25120.1,44
1784759460,25121.4,25121.4,25119.2,25121.4,42
1784759520,25121.1,25121.8,25118,25118.9,56
1784759580,25119.4,25119.7,25117,25117,40
1784759640,25116.5,25116.5,25112.4,25113.4,42
1784759700,25115.1,25116.1,25112.4,25115.6,60
1784759760,25115.8,25115.8,25111.5,25112.2,42
1784759820,25112,25112.2,25105.9,25108.1,96
1784759880,25108.4,25108.4,25105,25105.9,88
1784759940,25105.7,25106.4,25103.3,25103.5,98
1784760000,25104,25105.9,25103.1,25105.7,60
1784760060,25105.9,25105.9,25102.1,25103.8,46
1784760120,25103.5,25105.9,25103.3,25103.3,88
1784760180,25103.1,25105.7,25101.9,25105.7,50
1784760240,25105,25105.5,25104.7,25105,22
1784760300,25104.7,25105.5,25103.1,25105,38
1784760360,25105.5,25108.8,25104,25108.8,42
1784760420,25103.8,25104.5,25102.9,25103.3,44
1784760480,25103.6,25105.5,25102.1,25102.9,64
1784760540,25102.6,25107.2,25102.4,25107.2,62
1784760600,25107.4,25107.7,25105.7,25106.7,38
1784760660,25106.5,25111,25106.2,25111,48
1784760720,25110.8,25113,25110.3,25111.5,40
1784760780,25111.8,25114.2,25111.5,25113,44
1784760840,25113.9,25115.4,25113.9,25114.4,44
1784760900,25114.9,25114.9,25112.7,25113.4,34
1784760960,25113.2,25116.6,25113,25116.6,40
1784761020,25116.3,25117.5,25115.4,25115.4,58
1784761080,25115.1,25115.1,25113.4,25113.7,14
1784761140,25114.2,25114.9,25112.2,25113.7,34
1784761200,25113.9,25114.4,25112.2,25112.7,60
1784761260,25112.5,25113.2,25110.8,25111.3,50
1784761320,25111.5,25111.8,25107.4,25110.1,58
1784761380,25109.6,25110.3,25108.6,25109.8,34
1784761440,25110.1,25111.3,25104.8,25106.5,94
1784761500,25106.9,25107.4,25105.5,25105.5,48
1784761560,25106.5,25107.4,25105.7,25107.4,50
1784761620,25106.7,25107.4,25105.7,25107.2,28
1784761680,25107.4,25108.9,25106.9,25107.7,40
1784761740,25107.9,25107.9,25106,25106,24
1784761800,25106.7,25108.4,25106,25108.2,36
1784761860,25107.9,25110.8,25107.9,25108.2,44
1784761920,25108.4,25110.8,25107.9,25110.3,44
1784761980,25110.1,25113,25109.8,25112.2,62
1784762040,25112,25113,25112,25113,22
1784762100,25112.5,25112.7,25111.3,25112.2,24
1784762160,25112,25112,25110.8,25111,14
1784762220,25110.6,25110.6,25107.7,25107.7,10
1784762280,25107.9,25107.9,25105.7,25106.9,42
1784762340,25106.7,25106.9,25105.7,25106,16
1784762400,25106.2,25108.9,25106.2,25108.4,38
1784762460,25107.7,25109.1,25107.2,25107.2,22
1784762520,25107.4,25107.7,25106.5,25106.9,28
1784762580,25106.7,25107.9,25106.2,25107.4,22
1784762640,25107.2,25107.4,25101.4,25101.4,9
1784762700,25101.2,25101.6,25094.6,25099.7,29
1784762760,25099.9,25100.6,25099.7,25100.6,28
1784762820,25100.4,25101.4,25100.4,25100.9,22
1784762880,25099.9,25100.4,25098.9,25099.9,20
1784762940,25100.4,25100.9,25099.7,25100.4,30
1784763000,25100.6,25101.6,25099.9,25101.4,44
1784763060,25101.1,25103.5,25100.4,25102.3,48
1784763120,25102.6,25104,25102.1,25103.8,34
1784763180,25104,25105.7,25104,25105.2,40
1784763240,25105.4,25105.7,25104.5,25104.5,34
1784763300,25104,25104.5,25103,25104.5,28
1784763360,25104.2,25105,25104.2,25104.7,24
1784763420,25105.2,25106.6,25105.2,25106.2,26
1784763480,25105.7,25106.4,25105.7,25106.4,18
1784763540,25106.6,25107.1,25105.7,25106.2,22
1784763600,25106.4,25108.1,25106.4,25107.6,32
1784763660,25107.6,25107.6,25105.4,25105.9,38
1784763720,25106.2,25106.2,25105.4,25105.7,31
1784763780,25105.4,25107.6,25103.5,25107.4,38
1784763840,25107.1,25107.4,25105.9,25106.6,42
1784763900,25106.4,25110,25104.5,25110,126
1784763960,25111,25118,25109.3,25117,102
1784764020,25117.7,25119.9,25115.8,25115.8,60
1784764080,25116.3,25121.1,25116.3,25120.4,68
1784764140,25120.1,25122.3,25118.7,25118.9,72
1784764200,25118.7,25120.1,25116,25118.2,114
1784764260,25117.7,25120.4,25117.2,25120.1,58
1784764320,25119.9,25121.6,25118.7,25120.9,60
1784764380,25120.6,25120.6,25118.9,25119.9,50
1784764440,25119.6,25121.1,25119.6,25120.4,42
1784764500,25119.6,25121.1,25118.9,25120.4,46
1784764560,25120.6,25122.5,25120.6,25122.3,48
1784764620,25122.5,25125.2,25119.7,25119.7,48
1784764680,25120.7,25123.3,25120.7,25122.1,70
1784764740,25122.6,25126.4,25122.6,25126.2,40
1784764800,25127.2,25128.1,25116.3,25125.6,196
1784764860,25125.8,25129,25124.9,25128.7,154
1784764920,25129.2,25129.2,25124.6,25126.1,122
1784764980,25126.3,25129,25124.4,25129,142
1784765040,25128.7,25131.1,25128.2,25129.4,104
1784765100,25129.7,25133.4,25125.6,25132.7,119
1784765160,25133.1,25134.6,25127.6,25133.6,91
1784765220,25133.1,25137.7,25131.7,25132.7,116
1784765280,25132.9,25139.9,25129.2,25131.6,94
1784765340,25132.3,25133.8,25129,25130.2,98
1784765400,25129.7,25129.7,25127.3,25128.2,78
1784765460,25128.5,25132.3,25127.5,25129,98
1784765520,25128.7,25129,25125.6,25126.3,124
1784765580,25125.6,25127.5,25124.6,25125.6,116
1784765640,25125.3,25129.4,25125.3,25128.5,96
1784765760,25147.1,25165.1,25144.6,25164.6,82
1784765820,25168.1,25177.6,25165.6,25175.6,76
1784765880,25177.6,25178.1,25170.1,25173.6,62
1784765940,25171.1,25173.6,25169.1,25171.1,58
1784766000,25172.6,25182.1,25172.6,25179.6,48
1784766060,25179.1,25191.6,25178.1,25186.1,56
1784766120,25187.6,25199.6,25183.6,25199.6,56
1784766180,25197.6,25197.6,25190.6,25192.6,36
1784766240,25192.1,25196.1,25191.6,25196.1,30
1784766300,25195.6,25200.6,25195.6,25200.6,48
1784766360,25200.1,25200.6,25194.6,25198.6,34
1784766420,25199.6,25207.1,25198.6,25205.6,42
1784766480,25206.1,25206.1,25193.6,25193.6,60
1784766540,25191.6,25192.6,25182.1,25182.1,34
1784766600,25182.6,25184.6,25182.6,25183.6,10
1784766660,25183.1,25183.6,25178.6,25180.6,48
1784766720,25180.1,25193.6,25180.1,25192.6,42
1784766780,25190.6,25193.1,25184.1,25188.6,50
1784766840,25185.6,25194.1,25185.1,25191.1,74
1784766900,25192.6,25196.6,25189.1,25194.1,52
1784766960,25192.6,25194.1,25188.6,25188.6,42
1784767020,25188.1,25189.1,25187.6,25189.1,18
1784767080,25188.1,25200.6,25186.6,25198.1,40
1784767140,25196.1,25198.1,25191.6,25195.6,48
1784767200,25196.1,25201.6,25190.6,25195.6,49
1784767260,25197.1,25201.6,25195.6,25201.6,50
1784767320,25200.6,25202.1,25197.6,25199.1,46
1784767380,25198.1,25203.6,25198.1,25201.1,48
1784767440,25199.6,25205.6,25199.6,25204.6,16
1784767500,25204.1,25209.6,25204.1,25209.1,38
1784767560,25214.6,25214.6,25206.1,25206.1,60
1784767620,25208.6,25208.6,25206.6,25207.6,24
1784767680,25206.6,25208.6,25205.6,25205.6,30
1784767740,25205.1,25205.1,25201.6,25202.1,22
1784767800,25201.6,25203.6,25201.1,25201.1,16
1784767860,25202.6,25207.1,25202.6,25207.1,23
1784767920,25207.1,25207.1,25206.6,25206.6,4
1784767980,25207.1,25207.1,25204.6,25206.1,20
1784768040,25206.6,25207.1,25206.6,25207.1,7
1784768100,25207.1,25207.1,25206.1,25206.1,7
1784768160,25207.1,25207.1,25205.1,25207.1,23
1784768220,25206.1,25207.1,25206.1,25207.1,16
1784768280,25207.1,25209.1,25207.1,25208.1,9
1784768340,25206.6,25206.6,25205.6,25206.1,8
1784768400,25207.6,25208.1,25200.6,25205.1,60
1784768460,25206.1,25209.1,25204.6,25204.6,50
1784768520,25205.6,25212.6,25205.1,25212.6,36
1784768580,25211.6,25212.1,25207.1,25210.6,56
1784768640,25211.6,25214.1,25205.6,25208.1,92
1784768700,25207.1,25211.1,25204.6,25209.1,56
1784768760,25210.1,25210.1,25199.1,25201.6,74
1784768820,25202.6,25203.6,25201.1,25201.6,30
1784768880,25201.1,25201.6,25200.6,25200.6,8
1784768940,25201.6,25203.6,25201.1,25203.6,10
1784769000,25205.1,25205.1,25203.1,25204.1,14
1784769060,25203.6,25204.6,25203.1,25204.6,10
1784769120,25204.1,25208.6,25203.6,25208.6,8
1784769180,25209.6,25212.6,25208.6,25211.1,28
1784769240,25209.6,25213.6,25209.6,25211.1,58
1784769300,25212.1,25215.6,25209.6,25212.6,86
1784769360,25213.6,25214.6,25209.6,25209.6,64
1784769420,25209.1,25209.1,25205.6,25206.1,10
1784769480,25205.6,25209.1,25205.6,25205.6,40
1784769540,25202.1,25203.1,25199.6,25200.1,26
1784769600,25199.1,25204.1,25197.1,25203.6,52
1784769660,25202.6,25205.6,25201.1,25204.6,60
1784769720,25205.1,25205.1,25200.6,25201.1,40
1784769780,25200.1,25204.1,25199.6,25202.1,62
1784769840,25201.6,25206.1,25200.6,25201.1,64
1784769900,25202.1,25202.1,25197.1,25199.1,60
1784769960,25198.6,25200.6,25197.1,25199.1,50
1784770020,25201.1,25205.6,25201.1,25205.1,32
1784770080,25204.1,25205.1,25197.1,25199.1,56
1784770140,25199.6,25200.1,25196.6,25198.1,84
1784770200,25199.1,25199.1,25177.6,25178.6,126
1784770260,25178.1,25183.6,25177.1,25180.1,100
1784770320,25181.1,25193.6,25181.1,25191.1,132
1784770380,25190.6,25195.1,25189.1,25193.6,56
1784770440,25194.1,25199.6,25192.6,25198.6,68
1784770500,25197.6,25198.1,25193.6,25193.6,40
1784770560,25193.1,25196.1,25189.6,25195.1,92
1784770620,25194.1,25198.6,25188.1,25189.1,146
1784770680,25188.1,25195.6,25187.1,25192.6,104
1784770740,25193.6,25198.6,25185.1,25185.1,82
1784770800,25186.1,25187.6,25180.1,25184.1,74
1784770860,25182.6,25189.6,25182.1,25185.1,68
1784770920,25185.6,25188.6,25183.6,25187.1,98
1784770980,25186.6,25187.1,25183.1,25185.1,68
1784771040,25184.6,25185.1,25178.1,25178.6,36
1784771100,25177.6,25181.1,25176.6,25179.6,68
1784771160,25180.1,25180.1,25172.6,25174.1,34
1784771220,25175.1,25175.1,25169.6,25172.1,46
1784771280,25171.6,25175.1,25167.6,25173.1,60
1784771340,25173.6,25174.6,25171.6,25174.1,22
1784771400,25173.1,25183.1,25173.1,25183.1,54
1784771460,25184.6,25190.6,25182.6,25189.6,58
1784771520,25188.6,25190.1,25184.6,25185.1,48
1784771580,25182.1,25183.6,25179.1,25181.1,36
1784771640,25181.6,25184.6,25179.6,25183.6,54
1784771700,25181.6,25184.6,25180.6,25182.1,38
1784771760,25182.6,25185.6,25180.6,25184.6,50
1784771820,25185.6,25185.6,25179.1,25179.1,36
1784771880,25180.6,25180.6,25171.6,25172.1,34
1784771940,25173.1,25175.6,25171.6,25174.1,38
1784772000,25173.1,25174.1,25168.6,25171.6,74
1784772060,25172.6,25178.6,25170.1,25177.6,46
1784772120,25178.1,25178.1,25175.6,25176.6,24
1784772180,25175.6,25175.6,25169.6,25171.1,34
1784772240,25172.1,25183.6,25172.1,25181.6,42
1784772300,25181.1,25182.1,25178.1,25180.1,26
1784772360,25181.1,25182.1,25178.6,25180.1,26
1784772420,25178.6,25179.1,25175.6,25179.1,14
1784772480,25176.6,25176.6,25173.1,25173.6,20
1784772540,25173.1,25176.1,25171.6,25171.6,42
1784772600,25172.1,25172.6,25167.1,25168.1,52
1784772660,25167.6,25167.6,25163.6,25167.1,40
1784772720,25166.6,25166.6,25163.6,25165.1,24
1784772780,25167.1,25167.1,25164.6,25165.1,28
1784772840,25166.1,25166.1,25163.1,25163.1,48
1784772900,25162.6,25165.6,25161.1,25165.6,20
1784772960,25166.6,25167.6,25164.6,25165.6,20
1784773020,25164.6,25164.6,25160.6,25161.1,24
1784773080,25160.1,25160.1,25149.6,25153.6,58
1784773140,25153.1,25158.6,25152.1,25157.1,52
1784773200,25157.6,25158.6,25154.6,25155.1,38
1784773260,25157.1,25157.1,25152.1,25153.6,56
1784773320,25153.1,25155.1,25152.6,25153.6,42
1784773380,25152.6,25155.1,25149.6,25149.6,40
1784773440,25150.1,25151.6,25149.6,25149.6,34
1784773500,25148.6,25148.6,25144.1,25147.1,46
1784773560,25144.1,25148.6,25144.1,25147.1,36
1784773620,25146.6,25147.1,25140.1,25141.1,48
1784773680,25140.1,25144.6,25140.1,25142.6,34
1784773740,25144.1,25146.1,25143.1,25145.1,36
1784773800,25145.6,25149.6,25143.6,25148.1,46
1784773860,25149.1,25149.6,25146.6,25148.6,34
1784773920,25150.6,25150.6,25147.1,25150.6,32
1784773980,25149.6,25156.6,25149.6,25155.6,26
1784774040,25156.6,25156.6,25155.1,25156.6,16
1784774100,25157.1,25157.1,25152.6,25152.6,32
1784774160,25150.6,25153.6,25150.1,25153.1,30
1784774220,25152.6,25153.6,25147.6,25148.1,44
1784774280,25147.1,25147.1,25140.6,25141.6,54
1784774340,25140.6,25143.6,25140.6,25141.1,28
1784774400,25141.6,25141.6,25139.1,25139.6,12
1784774460,25140.6,25146.6,25138.6,25146.6,70
1784774520,25147.1,25149.1,25146.1,25146.1,42
1784774580,25147.1,25147.1,25143.1,25143.6,16
1784774640,25142.6,25144.6,25141.6,25144.1,36
1784774700,25143.6,25145.6,25143.6,25145.6,10
1784774760,25146.1,25147.6,25145.6,25146.6,28
1784774820,25146.1,25146.1,25144.1,25145.1,12
1784774880,25145.6,25149.6,25145.1,25149.6,22
1784774940,25148.6,25148.6,25145.1,25145.1,10
1784775000,25144.1,25146.6,25141.6,25145.1,50
1784775060,25144.6,25151.6,25144.6,25150.6,26
1784775120,25152.1,25152.1,25149.1,25152.1,28
1784775180,25151.6,25153.6,25150.6,25151.6,32
1784775240,25151.1,25152.1,25151.1,25152.1,12
1784775300,25153.1,25154.1,25151.6,25152.1,18
1784775360,25151.1,25154.1,25150.6,25154.1,12
1784775420,25153.6,25154.1,25152.6,25152.6,18
1784775480,25153.1,25153.1,25152.6,25152.6,12
1784775540,25151.6,25153.1,25151.1,25153.1,20
1784775600,25154.1,25155.6,25151.6,25153.1,48
1784775660,25152.6,25152.6,25146.6,25152.1,54
1784775720,25151.1,25152.6,25150.6,25152.1,30
1784775780,25150.6,25152.1,25144.1,25144.1,68
1784775840,25143.6,25146.1,25143.6,25145.1,14
1784775900,25145.6,25147.1,25141.1,25143.1,42
1784775960,25143.6,25145.1,25142.1,25143.6,22
1784776020,25143.1,25143.6,25137.1,25139.6,42
1784776080,25138.6,25140.1,25133.1,25133.1,40
1784776140,25134.1,25135.1,25132.1,25133.6,48
1784776200,25134.6,25134.6,25121.6,25121.6,42
1784776260,25120.1,25124.6,25120.1,25124.1,36
1784776320,25123.1,25124.1,25118.1,25121.1,44
1784776380,25121.6,25126.6,25119.6,25126.6,38
1784776440,25124.6,25128.6,25124.6,25128.1,52
1784776500,25129.1,25129.6,25126.1,25126.1,36
1784776560,25126.6,25126.6,25122.1,25123.6,26
1784776620,25122.6,25124.1,25122.6,25124.1,16
1784776680,25123.6,25128.1,25123.6,25125.1,54
1784776740,25124.6,25128.6,25124.1,25128.6,54
1784776800,25130.1,25130.6,25127.1,25130.1,42
1784776860,25129.6,25133.6,25128.6,25128.6,40
1784776920,25128.1,25132.1,25127.6,25132.1,22
1784776980,25133.6,25134.6,25132.6,25132.6,18
1784777040,25133.6,25134.1,25130.6,25133.6,32
1784777100,25134.1,25134.6,25125.6,25126.6,44
1784777160,25126.1,25130.6,25126.1,25129.6,26
1784777220,25129.1,25129.6,25127.1,25127.1,14
1784777280,25129.6,25131.6,25128.1,25131.6,38
1784777340,25132.1,25134.1,25131.1,25133.1,30
1784777400,25134.6,25143.1,25134.6,25141.6,74
1784777460,25140.6,25140.6,25131.1,25132.1,76
1784777520,25131.1,25134.1,25129.6,25131.6,58
1784777580,25132.1,25133.1,25130.1,25132.1,32
1784777640,25131.6,25132.6,25128.1,25131.6,82
1784777700,25132.1,25139.1,25130.6,25139.1,56
1784777760,25140.1,25146.1,25138.1,25145.6,56
1784777820,25145.1,25149.1,25145.1,25146.1,36
1784777880,25146.6,25150.1,25146.6,25146.6,36
1784777940,25147.6,25151.1,25146.6,25151.1,44
1784778000,25150.6,25154.1,25149.1,25150.1,52
1784778060,25151.1,25156.1,25150.6,25156.1,34
1784778120,25154.6,25155.1,25150.6,25152.6,26
1784778180,25154.1,25155.6,25152.1,25155.6,28
1784778240,25156.6,25160.1,25155.6,25159.6,32
1784778300,25159.1,25161.1,25159.1,25160.6,26
1784778360,25159.1,25160.6,25152.1,25152.6,32
1784778420,25153.1,25156.6,25152.1,25156.1,52
1784778480,25156.6,25158.1,25154.1,25158.1,28
1784778540,25156.6,25159.1,25156.6,25159.1,50
1784778600,25158.1,25159.1,25156.6,25159.1,24
1784778660,25158.1,25159.1,25152.1,25154.1,66
1784778720,25155.6,25160.6,25155.6,25158.6,34
1784778780,25159.1,25162.1,25159.1,25162.1,28
1784778840,25161.6,25161.6,25160.1,25160.1,20
1784778900,25159.1,25160.6,25158.6,25159.6,18
1784778960,25159.1,25159.6,25156.6,25156.6,28
1784779020,25157.1,25157.6,25156.1,25157.1,22
1784779080,25156.1,25157.1,25155.6,25157.1,16
1784779140,25156.6,25156.6,25154.1,25154.6,18
1784779200,25155.1,25155.1,25149.1,25149.1,18
1784779260,25152.1,25152.1,25148.6,25149.6,32
1784779320,25148.6,25149.1,25146.1,25149.1,24
1784779380,25147.6,25149.6,25146.6,25147.1,36
1784779440,25146.6,25147.1,25145.1,25145.1,32
1784779500,25145.6,25148.6,25139.1,25140.6,28
1784779560,25139.6,25139.6,25135.1,25135.6,32
1784779620,25135.1,25136.1,25134.1,25134.1,44
1784779680,25134.6,25144.1,25133.6,25143.1,42
1784779740,25143.6,25146.6,25139.1,25139.1,40
1784779800,25138.6,25141.1,25136.6,25138.1,52
1784779860,25136.6,25138.6,25136.6,25138.1,16
1784779920,25138.6,25146.6,25137.6,25146.1,38
1784779980,25146.6,25148.6,25145.6,25148.6,50
1784780040,25152.1,25152.1,25149.1,25151.6,28
1784780100,25152.1,25153.6,25150.6,25153.1,22
1784780160,25152.1,25154.6,25147.1,25147.1,40
1784780220,25145.6,25149.1,25143.1,25145.1,48
1784780280,25146.6,25147.1,25144.1,25145.6,32
1784780340,25146.1,25146.6,25145.1,25145.1,12
1784780400,25145.6,25148.1,25144.6,25148.1,32
1784780460,25147.1,25149.1,25147.1,25148.1,22
1784780520,25147.1,25151.6,25147.1,25151.1,20
1784780580,25149.6,25150.1,25145.6,25145.6,6
1784780640,25146.6,25151.6,25146.1,25151.6,7
1784780700,25151.1,25160.6,25150.6,25160.6,20
1784780760,25160.1,25162.1,25159.6,25160.1,26
1784780820,25159.1,25159.1,25154.1,25155.1,22
1784780880,25154.6,25155.1,25149.1,25152.1,38
1784780940,25154.1,25158.1,25147.6,25157.6,60
1784781000,25157.1,25160.1,25153.6,25159.6,54
1784781060,25159.1,25159.1,25148.1,25150.1,52
1784781120,25148.1,25150.6,25148.1,25150.1,70
1784781180,25149.1,25153.1,25143.1,25144.1,36
1784781240,25147.1,25147.1,25144.1,25146.6,46
1784781300,25146.1,25148.6,25144.6,25145.6,46
1784781360,25139.6,25145.1,25139.6,25144.1,12
1784781420,25144.6,25145.1,25143.6,25144.1,12
1784781480,25143.1,25143.1,25139.6,25140.6,18
1784781540,25140.1,25145.6,25140.1,25143.1,18
1784781600,25145.6,25145.6,25140.1,25142.1,46
1784781660,25142.6,25148.6,25142.6,25144.6,40
1784781720,25143.1,25146.1,25139.6,25141.6,64
1784781780,25141.1,25141.6,25136.6,25137.6,58
1784781840,25138.1,25141.6,25137.6,25137.6,60
1784781900,25137.1,25141.6,25135.1,25140.6,42
1784781960,25142.1,25145.6,25140.6,25143.6,44
1784782020,25142.6,25143.1,25142.6,25142.6,6
1784782080,25141.1,25141.6,25130.1,25130.1,26
1784782140,25124.6,25127.6,25121.1,25121.6,42
1784782200,25120.1,25120.1,25115.6,25117.6,28
1784782260,25118.6,25118.6,25114.1,25114.6,12
1784782320,25115.1,25116.1,25106.1,25106.6,50
1784782380,25106.1,25111.1,25103.1,25109.6,48
1784782440,25110.1,25110.6,25108.1,25110.1,14
1784782500,25110.6,25112.1,25110.1,25112.1,16
1784782560,25109.6,25109.6,25107.1,25108.1,10
1784782620,25106.6,25114.1,25106.6,25114.1,14
1784782680,25115.6,25116.1,25110.6,25110.6,10
1784782740,25111.1,25111.1,25110.6,25111.1,6
1784782800,25111.6,25113.6,25104.6,25104.6,18
1784782860,25104.1,25105.6,25103.6,25105.1,14
1784782920,25103.1,25111.6,25103.1,25109.1,68
1784782980,25109.6,25111.1,25108.1,25111.1,26
1784783040,25110.1,25111.6,25109.6,25111.6,18
1784783100,25105.1,25110.6,25103.6,25106.6,20
1784783160,25103.6,25108.1,25098.1,25106.6,16
1784783220,25107.1,25108.6,25106.1,25107.6,18
1784783280,25106.6,25110.1,25106.6,25107.1,26
1784783340,25110.6,25110.6,25109.1,25109.1,6
1784783400,25110.6,25116.6,25110.6,25115.1,38
1784783460,25110.1,25116.6,25106.1,25106.6,29
1784783520,25107.1,25107.6,25099.1,25107.6,40
1784783580,25107.6,25112.6,25107.6,25111.1,28
1784783640,25111.6,25115.6,25111.1,25114.6,24
1784783700,25113.6,25114.6,25111.1,25112.1,32
1784783760,25111.6,25112.1,25109.6,25110.1,18
1784783820,25113.1,25113.1,25110.6,25112.1,18
1784783880,25111.6,25112.1,25105.6,25105.6,18
1784783940,25104.6,25107.1,25100.1,25107.1,30
1784784000,25106.6,25113.1,25106.6,25110.6,30
1784784060,25111.6,25112.6,25110.1,25112.1,28
1784784120,25111.1,25112.6,25105.1,25106.6,40
1784784180,25106.1,25107.6,25094.1,25094.1,94
1784784240,25092.6,25102.6,25089.6,25101.1,104
1784784300,25099.6,25108.1,25098.1,25104.6,100
1784784360,25105.1,25111.6,25105.1,25111.6,56
1784784420,25113.1,25120.6,25112.6,25114.1,67
1784784480,25113.6,25114.1,25106.1,25107.1,112
1784784540,25108.1,25117.6,25108.1,25117.1,90
1784784600,25118.1,25128.6,25114.6,25128.6,60
1784784660,25128.1,25128.6,25127.1,25127.6,10
1784784720,25119.6,25123.6,25117.1,25120.6,70
1784784780,25120.1,25120.1,25111.6,25113.6,34
1784784840,25112.1,25115.6,25107.6,25108.1,34
1784784900,25107.6,25108.1,25106.6,25107.1,20
1784784960,25106.1,25110.1,25105.1,25105.1,40
1784785020,25105.6,25110.1,25103.1,25103.1,34
1784785080,25103.6,25104.1,25096.1,25098.6,26
1784785140,25097.6,25099.1,25088.6,25089.6,30
1784785200,25089.1,25090.6,25088.1,25090.6,36
1784785260,25091.6,25091.6,25089.6,25090.1,32
1784785320,25090.6,25090.6,25087.1,25089.1,38
1784785380,25090.1,25091.1,25084.6,25084.6,50
1784785440,25085.6,25089.6,25084.6,25088.6,32
1784785500,25089.6,25090.6,25083.6,25085.1,42
1784785560,25084.1,25086.1,25083.1,25083.1,22
1784785620,25080.6,25082.6,25074.1,25080.6,74
1784785680,25080.1,25080.1,25070.6,25071.6,40
1784785740,25070.6,25070.6,25064.6,25065.6,18
1784785800,25064.1,25067.1,25062.1,25067.1,44
1784785860,25066.1,25068.6,25065.6,25066.6,24
1784785920,25067.6,25067.6,25063.6,25064.6,34
1784785980,25065.1,25065.1,25063.1,25063.6,16
1784786040,25062.6,25063.1,25043.1,25043.6,64
1784786100,25044.1,25052.1,25041.1,25049.6,86
1784786160,25050.1,25052.1,25047.1,25051.6,40
1784786220,25050.6,25051.6,25045.6,25049.1,32
1784786280,25048.1,25050.1,25041.1,25041.6,46
1784786340,25042.6,25044.6,25036.1,25037.1,34
1784786400,25040.6,25052.1,25033.6,25048.6,88
1784786460,25049.4,25060.9,25049.4,25058.9,122
1784786520,25058.4,25058.4,25048.9,25053.4,108
1784786580,25054.4,25060.9,25051.4,25060.9,72
1784786640,25060.4,25060.9,25054.4,25058.9,88
1784786700,25059.4,25066.9,25058.4,25065.9,120
1784786760,25067.4,25067.4,25054.9,25058.4,96
1784786820,25058.9,25059.9,25047.6,25059.9,98
1784786880,25059.4,25064.4,25057.4,25062.4,92
1784786940,25061.9,25066.4,25060.9,25064.9,92
1784787000,25065.4,25069.4,25063.4,25067.4,80
1784787060,25066.4,25070.4,25063.4,25069.4,90
1784787120,25069.9,25074.4,25061.4,25062.4,104
1784787180,25065.9,25071.4,25064.9,25070.4,86
1784787240,25069.4,25071.4,25065.9,25066.4,78
1784787300,25065.4,25071.4,25065.4,25067.9,82
1784787360,25068.4,25071.9,25062.4,25064.4,96
1784787420,25063.4,25071.9,25063.4,25070.4,72
1784787480,25071.4,25072.9,25070.4,25070.9,60
1784787540,25069.4,25076.4,25065.9,25073.4,92
1784787600,25072.9,25076.4,25071.4,25073.4,80
1784787660,25072.4,25077.4,25070.9,25077.4,72
1784787720,25076.4,25077.9,25067.4,25069.4,86
1784787780,25068.9,25069.4,25066.4,25067.9,66
1784787840,25068.4,25074.9,25068.4,25073.9,74
1784787900,25073.4,25074.4,25068.9,25073.4,96
1784787960,25072.4,25073.4,25068.9,25069.4,76
1784788020,25068.9,25069.4,25059.9,25067.4,88
1784788080,25066.4,25069.4,25065.4,25066.9,50
1784788140,25067.4,25069.4,25061.6,25069.4,97
1784788200,25067.4,25068.9,25062.4,25067.9,98
1784788260,25066.9,25068.4,25060.4,25062.9,79
1784788320,25060.9,25061.4,25055.4,25059.4,78
1784788380,25057.9,25058.4,25055.4,25055.9,84
1784788440,25054.9,25062.4,25053.4,25060.9,86
1784788500,25062.4,25062.4,25052.9,25058.4,76
1784788560,25057.4,25058.4,25051.4,25051.4,82
1784788620,25050.9,25051.9,25044.9,25047.4,64
1784788680,25046.4,25048.9,25039.4,25044.9,80
1784788740,25044.4,25046.4,25042.9,25045.4,52
1784788800,25045.9,25054.4,25044.9,25050.9,80
1784788860,25049.4,25052.4,25044.9,25052.4,86
1784788920,25051.9,25055.9,25049.9,25050.9,66
1784788980,25050.4,25052.9,25045.4,25052.4,38
1784789040,25051.9,25051.9,25027.9,25027.9,74
1784789100,25028.4,25035.4,25027.9,25033.9,58
1784789160,25034.4,25049.4,25033.9,25049.4,100
1784789220,25048.4,25050.4,25044.4,25044.9,54
1784789280,25044.4,25044.9,25042.4,25044.9,26
1784789340,25045.4,25047.4,25044.4,25045.4,61
1784789400,25046.4,25050.9,25045.4,25048.4,58
1784789460,25048.9,25049.9,25033.9,25034.4,56
1784789520,25033.9,25034.9,25024.1,25029.4,92
1784789580,25030.4,25036.9,25029.4,25036.4,58
1784789640,25036.9,25040.4,25034.4,25040.4,76
1784789700,25039.9,25040.4,25031.4,25032.4,98
1784789760,25031.4,25035.9,25028.9,25034.4,98
1784789820,25033.9,25038.4,25029.4,25033.9,112
1784789880,25034.4,25034.4,25020.1,25027.4,101
1784789940,25026.4,25028.4,25005.1,25014.1,126
1784790000,25013.6,25016.1,24992.4,24995.9,238
1784790060,24992.9,24992.9,24959.9,24967.9,217
1784790120,24969.9,24991.4,24969.9,24985.9,180
1784790180,24989.4,25015.4,24987.9,25004.9,214
1784790240,25005.4,25005.9,24986.9,24997.4,210
1784790300,24998.4,24998.4,24973.4,24977.4,206
1784790360,24978.4,24985.4,24965.9,24983.9,166
1784790420,24984.4,24984.4,24967.4,24973.4,202
1784790480,24971.9,24980.9,24966.4,24967.4,184
1784790540,24966.9,24969.4,24952.1,24952.4,176
1784790600,24952.9,24960.9,24930.4,24935.4,184
1784790660,24934.4,24934.4,24917.9,24918.9,166
1784790720,24919.4,24920.4,24898.9,24903.6,184
1784790780,24903.1,24917.4,24894.4,24913.4,181
1784790840,24911.9,24942.4,24910.4,24936.9,195
1784790900,24934.9,24944.9,24932.4,24932.9,178
1784790960,24931.9,24937.9,24922.4,24933.4,160
1784791020,24932.9,24938.4,24921.9,24936.9,174
1784791080,24937.4,24941.9,24921.9,24938.9,170
1784791140,24940.4,24943.4,24930.4,24938.4,164
1784791200,24939.4,24946.4,24927.9,24931.4,160
1784791260,24930.4,24931.4,24920.4,24931.4,170
1784791320,24934.4,24938.9,24919.4,24929.4,184
1784791380,24929.9,24940.9,24929.9,24934.4,156
1784791440,24933.4,24933.9,24920.4,24922.4,198
1784791500,24923.4,24952.9,24920.9,24948.9,174
1784791560,24950.4,24968.9,24948.4,24962.4,168
1784791620,24961.4,24971.4,24956.4,24962.4,156
1784791680,24963.4,24973.4,24955.4,24965.9,162
1784791740,24966.4,24970.4,24953.4,24961.4,176
1784791800,24962.4,24967.4,24949.4,24949.4,180
1784791860,24948.9,24953.9,24943.4,24949.9,162
1784791920,24947.9,24950.9,24928.9,24943.9,146
1784791980,24943.4,24961.4,24943.4,24949.9,154
1784792040,24949.4,24957.4,24947.4,24954.4,148
1784792100,24955.4,24959.9,24952.4,24959.9,164
1784792160,24960.4,24960.4,24947.9,24957.9,186
1784792220,24956.9,24961,24952.4,24957.5,130
1784792280,24956.5,24967.6,24955.5,24961.6,150
1784792340,24961.1,24963.6,24942.3,24954.1,158
1784792400,24957.1,24962.6,24953.6,24958.1,158
1784792460,24958.6,24967.6,24948.6,24953.1,146
1784792520,24952.6,24957.8,24944.3,24951.1,167
1784792580,24949.3,24960.6,24941.8,24958.1,169
1784792640,24958.6,24965.6,24952.6,24958.1,154
1784792700,24957.1,24957.6,24942.1,24950.6,184
1784792760,24949.6,24950.6,24930.6,24937.6,168
1784792820,24936.6,24938.6,24925.1,24931.6,156
1784792880,24931.1,24946.1,24923.6,24943.1,166
1784792940,24944.6,24945.6,24930.1,24945.6,138
1784793000,24946.1,24950.1,24934.6,24949.6,158
1784793060,24950.1,24950.1,24939.1,24945.6,158
1784793120,24944.6,24954.6,24938.6,24954.1,164
1784793180,24953.1,24963.6,24952.1,24959.6,163
1784793240,24959.1,24978.6,24959.1,24970.6,194
1784793300,24970.1,24989.6,24970.1,24986.6,168
1784793360,24985.6,24987.6,24977.6,24978.6,144
1784793420,24981.6,24996.6,24979.6,24994.1,158
1784793480,24993.6,24995.6,24982.6,24983.6,124
1784793540,24983.1,24990.1,24980.6,24984.6,170
1784793600,24986.6,24990.6,24966.6,24980.6,180
1784793660,24980.1,24980.6,24968.6,24973.6,176
1784793720,24973.1,24979.6,24966.1,24972.1,164
1784793780,24971.6,24978.6,24966.1,24968.6,155
1784793840,24970.6,24977.6,24965.1,24974.1,160
1784793900,24973.6,24990.6,24971.6,24987.1,160
1784793960,24987.6,25000.1,24980.6,24998.6,169
1784794020,24997.6,25015.1,24997.6,25014.6,142
1784794080,25013.6,25022.6,25006.6,25017.6,140
1784794140,25018.1,25036.1,25014.1,25036.1,142
1784794200,25034.6,25038.6,25030.1,25031.1,125
1784794260,25031.6,25037.6,25023.1,25029.1,158
1784794320,25028.6,25038.6,25022.1,25028.6,144
1784794380,25028.1,25028.6,25012.1,25012.1,155
1784794440,25011.1,25011.1,25000.1,25002.1,124
1784794500,25001.6,25013.6,24997.6,25008.1,132
1784794560,25007.1,25018.6,25003.6,25018.6,148
1784794620,25016.6,25030.6,25016.6,25029.1,144
1784794680,25027.6,25042.6,25027.1,25041.6,146
1784794740,25040.6,25043.6,25031.3,25036.6,152
1784794800,25037.6,25047.1,25037.6,25046.6,152
1784794860,25043.6,25046.6,25028.1,25028.1,154
1784794920,25027.1,25033.6,25022.1,25029.1,140
1784794980,25029.6,25032.1,25022.1,25029.6,163
1784795040,25030.1,25038.6,25027.6,25033.6,134
1784795100,25032.6,25042.6,25030.6,25039.6,130
1784795160,25040.1,25059.6,25036.1,25058.1,138
1784795220,25057.6,25061.6,25052.6,25059.1,116
1784795280,25059.6,25063.6,25048.6,25051.6,156
1784795340,25050.6,25058.6,25046.1,25053.1,164
1784795400,25050.6,25062.6,25049.1,25062.6,138
1784795460,25062.1,25069.6,25057.6,25066.6,110
1784795520,25066.1,25066.6,25047.6,25052.6,136
1784795580,25051.1,25064.1,25041.1,25062.6,146
1784795640,25061.6,25062.6,25048.6,25049.1,146
1784795700,25048.6,25058.1,25045.6,25052.6,138
1784795760,25053.6,25054.6,25045.1,25049.6,116
1784795820,25048.6,25055.1,25046.1,25052.6,136
1784795880,25050.6,25056.1,25043.6,25045.1,148
1784795940,25045.6,25045.6,25020.6,25020.6,127
1784796000,25021.1,25023.6,25014.1,25017.1,110
1784796060,25017.6,25023.1,25016.1,25016.1,132
1784796120,25017.1,25031.6,25016.6,25031.6,138
1784796180,25032.1,25034.6,25019.6,25019.6,135
1784796240,25020.6,25024.6,25008.1,25008.6,110
1784796300,25008.1,25013.6,25004.6,25004.6,134
1784796360,25004.1,25008.6,24999.6,25008.6,122
1784796420,25009.1,25015.6,25001.6,25009.6,150
1784796480,25010.6,25017.6,25009.6,25015.1,142
1784796540,25014.6,25015.6,25004.6,25006.1,154
1784796600,25005.1,25009.6,25001.1,25003.6,128
1784796660,25003.1,25007.6,24997.6,25007.6,132
1784796720,25008.6,25016.6,25003.6,25011.6,137
1784796780,25011.6,25022.6,25011.6,25017.6,113
1784796840,25017.1,25018.1,25012.6,25013.1,104
1784796900,25013.6,25021.1,25007.6,25019.1,136
1784796960,25019.6,25023.6,25013.6,25022.1,114
1784797020,25021.6,25025.6,25016.6,25017.6,117
1784797080,25018.1,25023.6,25017.6,25023.1,126
1784797140,25024.1,25031.6,25022.8,25030.6,133
1784797200,25031.6,25034.1,25023.1,25033.6,142
1784797260,25034.6,25041.6,25028.6,25030.1,128
1784797320,25030.6,25045.1,25029.1,25036.1,164
1784797380,25035.6,25067.6,25035.1,25055.6,202
1784797440,25056.1,25073.1,25052.1,25071.1,200
1784797500,25072.6,25072.6,25060.6,25063.6,144
1784797560,25064.1,25073.1,25061.6,25068.6,128
1784797620,25068.1,25068.1,25048.6,25049.1,157
1784797680,25047.6,25052.6,25045.1,25050.1,138
1784797740,25050.6,25055.6,25044.6,25045.6,118
1784797800,25046.6,25060.6,25046.1,25058.1,155
1784797860,25058.6,25061.6,25052.6,25061.1,137
1784797920,25060.1,25062.1,25050.6,25054.6,140
1784797980,25055.1,25058.6,25046.1,25053.1,130
1784798040,25052.6,25054.6,25037.6,25038.6,148
1784798100,25038.1,25044.6,25031.6,25042.6,140
1784798160,25043.1,25047.1,25038.1,25042.6,110
1784798220,25041.6,25046.6,25039.6,25043.1,122
1784798280,25044.6,25045.6,25032.1,25032.1,111
1784798340,25032.6,25037.1,25025.6,25026.6,114
1784798400,25025.6,25027.6,25019.6,25022.6,120
1784798460,25021.6,25024.6,25012.6,25013.1,116
1784798520,25013.6,25015.6,25008.6,25009.6,120
1784798580,25011.1,25019.1,25009.6,25017.6,110
1784798640,25016.6,25018.1,25007.1,25007.6,128
1784798700,25007.1,25013.1,25006.6,25013.1,112
1784798760,25013.6,25013.6,25003.6,25005.1,124
1784798820,25005.6,25012.1,25005.6,25006.6,108
1784798880,25007.6,25009.6,25000.6,25002.6,108
1784798940,25003.1,25003.1,24992.1,24999.6,102
1784799000,25000.1,25002.1,24996.1,25000.6,135
1784799060,25001.6,25010.6,25001.6,25004.6,135
1784799120,25003.6,25005.6,24998.1,24998.1,116
1784799180,24996.6,25003.6,24995.6,25002.1,111
1784799240,25000.6,25000.6,24982.1,24983.6,116
1784799300,24983.1,24987.6,24979.1,24981.6,136
1784799360,24982.6,24990.1,24981.6,24985.1,124
1784799420,24985.6,24987.6,24980.6,24981.1,122
1784799480,24981.6,24990.6,24980.6,24989.6,124
1784799540,24989.1,24998.1,24985.1,24998.1,148
1784799600,24996.6,24998.6,24989.6,24997.6,108
1784799660,24998.6,25001.6,24996.6,24997.6,110
1784799720,24997.1,25001.6,24992.1,24993.6,94
1784799780,24994.6,25009.6,24992.6,25006.6,137
1784799840,25004.8,25013.1,25004.8,25006.6,107
1784799900,25007.6,25024.1,25007.1,25021.6,132
1784799960,25021.1,25023.1,25012.6,25013.6,100
1784800020,25014.1,25020.6,25012.6,25018.6,108
1784800080,25015.6,25022.6,25014.6,25014.6,108
1784800140,25016.6,25023.6,25014.6,25016.6,113
1784800200,25017.1,25017.6,25005.1,25006.6,120
1784800260,25007.1,25009.6,24994.1,24996.6,113
1784800320,24997.6,25000.6,24995.1,24998.1,100
1784800380,24998.6,25005.1,24997.6,24998.6,140
1784800440,24998.1,24998.1,24992.1,24994.6,106
1784800500,24996.6,24997.6,24991.6,24997.1,128
1784800560,24997.6,24997.6,24990.6,24994.6,129
1784800620,24993.6,24994.6,24989.1,24992.6,129
1784800680,24993.6,24994.1,24983.1,24985.1,126
1784800740,24984.6,24991.6,24980.6,24991.1,116
1784800800,24990.6,25001.1,24984.6,24984.6,166
1784800860,24985.6,24993.6,24982.6,24986.1,136
1784800920,24986.6,24996.6,24986.6,24992.1,124
1784800980,24991.6,24996.6,24989.6,24994.6,126
1784801040,24993.6,25002.1,24991.6,24993.6,110
1784801100,24995.1,24998.6,24990.6,24990.6,122
1784801160,24989.6,24995.6,24976.1,24976.1,146
1784801220,24976.6,24983.1,24975.6,24983.1,98
1784801280,24984.1,24985.6,24971.6,24974.1,110
1784801340,24973.6,24974.6,24968.6,24971.1,126
1784801400,24970.1,24972.6,24964.6,24972.6,101
1784801460,24973.1,24973.1,24962.6,24965.6,95
1784801520,24964.6,24971.1,24963.6,24971.1,100
1784801580,24971.6,24974.1,24964.6,24970.6,110
1784801640,24969.6,24974.6,24963.6,24965.6,112
1784801700,24966.1,24973.1,24964.6,24969.6,126
1784801760,24970.1,24976.1,24960.6,24973.6,122
1784801820,24974.6,24977.1,24967.6,24969.6,102
1784801880,24968.6,24974.6,24967.6,24970.6,96
1784801940,24970.1,24976.6,24967.6,24972.6,118
1784802000,24971.1,24975.6,24965.1,24965.6,160
1784802060,24964.6,24973.6,24961.6,24970.6,122
1784802120,24970.1,24979.1,24969.1,24978.6,124
1784802180,24978.1,24982.6,24970.6,24978.6,130
1784802240,24978.1,24984.1,24976.1,24983.6,116
1784802300,24985.6,24996.6,24982.6,24995.1,92
1784802360,24994.6,24995.1,24988.6,24994.1,98
1784802420,24993.1,24995.1,24986.6,24990.1,90
1784802480,24989.1,24997.6,24986.1,24986.1,134
1784802540,24985.6,24994.6,24981.6,24982.6,126
1784802600,24983.6,24999.6,24979.6,24996.6,150
1784802660,24998.1,25001.1,24990.1,24995.6,158
1784802720,24996.6,25005.6,24995.1,25002.6,145
1784802780,25002.1,25009.6,25000.6,25004.1,135
1784802840,25004.6,25007.6,25001.6,25007.6,105
1784802900,25006.6,25014.6,25006.1,25012.6,125
1784802960,25012.1,25018.1,25012.1,25013.6,120
1784803020,25013.1,25019.6,25011.6,25015.1,98
1784803080,25011.1,25013.1,25004.6,25010.6,112
1784803140,25010.1,25015.6,25005.6,25012.1,88
1784803200,25010.6,25015.6,25006.6,25015.1,114
1784803260,25015.6,25020.6,25010.6,25017.6,129
1784803320,25018.1,25020.1,25012.6,25013.1,128
1784803380,25013.6,25016.1,24999.6,25001.1,124
1784803440,25000.6,25002.6,24995.6,25001.6,126
1784803500,25001.1,25015.6,24999.1,25011.6,120
1784803560,25012.1,25020.1,25011.1,25020.1,110
1784803620,25020.6,25023.6,25018.1,25022.6,96
1784803680,25023.1,25033.6,25023.1,25030.1,124
1784803740,25030.6,25042.1,25030.1,25041.6,108
1784803800,25040.6,25041.6,25035.6,25036.6,120
1784803860,25033.6,25036.6,25028.6,25032.6,126
1784803920,25034.1,25047.6,25033.6,25047.6,106
1784803980,25047.1,25047.1,25041.6,25042.6,112
1784804040,25043.6,25046.6,25041.6,25043.6,100
1784804100,25043.1,25045.1,25031.8,25036.1,132
1784804160,25035.6,25036.6,25026.6,25028.6,114
1784804220,25029.6,25033.1,25028.1,25028.6,120
1784804280,25028.1,25034.1,25028.1,25033.1,102
1784804340,25032.1,25032.6,25024.1,25025.1,96
1784804400,25023.1,25027.6,25017.1,25019.6,115
1784804460,25020.6,25020.6,25002.1,25002.1,119
1784804520,25003.1,25005.6,24996.6,25001.6,122
1784804580,25002.1,25006.1,25001.1,25004.1,116
1784804640,25003.6,25006.1,24996.6,24999.6,122
1784804700,25000.1,25000.1,24982.6,24988.1,126
1784804760,24987.6,24991.6,24983.6,24991.6,118
1784804820,24990.6,24993.1,24986.6,24988.6,94
1784804880,24987.6,24993.6,24983.6,24991.6,113
1784804940,24992.1,24996.6,24987.6,24993.6,94
1784805000,24993.1,24998.6,24992.1,24993.1,98
1784805060,24992.6,24994.6,24985.6,24987.6,116
1784805120,24987.1,24991.6,24982.6,24987.6,116
1784805180,24987.1,24991.6,24983.6,24991.6,112
1784805240,24992.1,24992.1,24984.6,24988.1,86
1784805300,24988.6,25000.1,24988.6,24995.1,108
1784805360,24994.6,24995.6,24988.6,24991.6,108
1784805420,24991.1,24992.6,24985.6,24987.1,108
1784805480,24987.6,24988.6,24978.6,24979.6,112
1784805540,24980.6,24982.6,24972.1,24975.6,118
1784805600,24975.1,24976.1,24963.6,24967.1,108
1784805660,24966.6,24972.6,24963.1,24967.6,124
1784805720,24969.1,24970.1,24962.6,24964.1,124
1784805780,24964.6,24979.6,24962.6,24966.6,114
1784805840,24966.1,24977.6,24964.6,24975.1,91
1784805900,24975.6,24978.6,24973.6,24976.6,92
1784805960,24976.1,24987.6,24976.1,24980.6,93
1784806020,24980.1,24980.1,24968.6,24969.1,114
1784806080,24969.6,24971.1,24961.6,24961.6,96
1784806140,24960.6,24968.6,24958.6,24968.6,112
1784806200,24967.6,24974.1,24963.6,24965.6,124
1784806260,24966.6,24969.6,24962.6,24964.1,110
1784806320,24963.6,24967.1,24960.6,24961.6,88
1784806380,24962.6,24965.1,24949.6,24953.1,82
1784806440,24953.6,24965.6,24952.6,24965.6,118
1784806500,24964.6,24965.6,24937.6,24940.6,154
1784806560,24941.1,24951.3,24941.1,24941.8,124
1784806620,24941.3,24944.3,24936.3,24937.8,144
1784806680,24938.8,24940.8,24934.8,24937.3,116
1784806740,24936.8,24944.8,24930.8,24937.8,136
1784806800,24936.8,24941.3,24930.8,24939.3,126
1784806860,24939.8,24940.8,24933.8,24939.3,156
1784806920,24939.8,24954.8,24939.8,24953.8,137
1784806980,24953.3,24953.8,24947.8,24950.3,120
1784807040,24949.8,24949.8,24940.8,24944.8,128
1784807100,24945.3,24958.8,24945.3,24953.8,128
1784807160,24952.8,24953.3,24939.8,24943.8,98
1784807220,24942.8,24952.8,24941.3,24952.8,106
1784807280,24953.3,24962.8,24950.8,24962.8,122
1784807340,24962.3,24973.3,24961.8,24971.3,104
1784807400,24971.8,24988.8,24971.8,24988.3,124
1784807460,24988.8,24990.3,24980.3,24981.3,96
1784807520,24984.8,25025.8,24983.3,24994.8,114
1784807580,24995.3,24997.3,24988.3,24992.3,168
1784807640,24992.8,25001.3,24991.8,25000.3,136
1784807700,24998.3,25004.3,24993.8,24993.8,124
1784807760,24992.8,24993.8,24986.8,24991.8,114
1784807820,24990.8,25000.8,24990.8,24993.8,122
1784807880,24993.3,24998.8,24993.3,24997.3,132
1784807940,24996.8,25002.8,24996.8,24996.8,106
1784808000,24997.3,25000.8,24987.3,24987.8,126
1784808060,24987.3,24994.3,24986.5,24993.8,101
1784808120,24993.3,24999.8,24988.8,24988.8,140
1784808180,24989.3,24994.3,24986.3,24989.8,118
1784808240,24990.3,24993.3,24983.8,24990.3,126
1784808300,24991.8,24994.3,24981.8,24983.3,136
1784808360,24981.8,24985.8,24977.3,24979.8,120
1784808420,24978.3,24982.8,24976.8,24982.3,126
1784808480,24981.8,24983.3,24970.8,24975.3,102
1784808540,24977.3,24978.3,24966.8,24967.3,92
1784808600,24968.3,24974.8,24967.3,24973.8,116
1784808660,24974.8,24976.3,24960.8,24961.8,136
1784808720,24961.3,24967.3,24961.3,24962.8,76
1784808780,24961.8,24963.8,24958.8,24962.8,62
1784808840,24964.8,24964.8,24958.8,24963.8,86
1784808900,24967.8,24986.8,24967.8,24980.3,106
1784808960,24981.3,24985.3,24925.8,24957.8,151
1784809020,24959.3,24971.8,24956.8,24966.3,177
1784809080,24965.8,24965.8,24956.8,24957.8,100
1784809140,24957.3,24965.3,24949.3,24949.3,122
1784809200,24948.3,24951.3,24939.3,24948.8,132
1784809260,24947.8,24962.8,24942.8,24955.8,144
1784809320,24956.8,24960.8,24947.3,24947.3,146
1784809380,24947.8,24951.8,24939.3,24950.3,152
1784809440,24948.3,24952.3,24942.3,24949.8,136
1784809500,24949.3,24949.3,24936.8,24937.8,148
1784809560,24938.8,24941.8,24935.3,24935.8,116
1784809620,24936.8,24944.8,24936.8,24941.8,140
1784809680,24942.3,24943.3,24936.3,24936.8,134
1784809740,24936.3,24946.8,24933.8,24945.8,118
1784809800,24929.8,24942.8,24928.3,24934.8,159
1784809860,24933.8,24936.8,24926.8,24928.8,142
1784809920,24930.8,24934.8,24924.8,24925.3,108
1784809980,24924.3,24926.8,24913.8,24921.8,152
1784810040,24925.3,24932.8,24917.3,24932.8,141
1784810100,24931.3,24936.3,24922.3,24928.8,138
1784810160,24929.3,24933.8,24915.8,24916.8,148
1784810220,24916.3,24916.3,24901.8,24901.8,144
1784810280,24900.8,24907.3,24900.3,24902.3,152
1784810340,24902.8,24904.3,24893.3,24903.3,140
1784810400,24902.8,24905.8,24887.8,24887.8,150
1784810460,24889.3,24889.3,24876.8,24882.8,158
1784810520,24883.3,24883.3,24857.3,24857.3,170
1784810580,24859.3,24870.8,24859.3,24867.8,146
1784810640,24868.3,24873.3,24863.3,24870.8,180
1784810700,24869.8,24875.8,24859.8,24869.3,166
1784810760,24868.3,24876.8,24864.3,24875.3,164
1784810820,24874.8,24874.8,24863.3,24865.8,182
1784810880,24866.8,24868.8,24855.8,24861.8,168
1784810940,24859.8,24872.3,24855.3,24869.3,160
1784811000,24867.3,24874.3,24858.3,24864.3,168
1784811060,24864.8,24876.8,24861.8,24867.8,172
1784811120,24868.8,24871.3,24856.3,24865.8,144
1784811180,24866.3,24876.3,24866.3,24870.8,140
1784811240,24869.8,24869.8,24850.8,24854.3,166
1784811300,24853.8,24855.8,24843.3,24845.3,144
1784811360,24844.3,24860.8,24843.8,24860.8,136
1784811420,24857.3,24867.8,24857.3,24859.3,158
1784811480,24859.8,24866.3,24833.8,24836.8,168
1784811540,24837.8,24847.8,24835.8,24844.8,164
1784811600,24843.8,24846.3,24829.3,24845.8,164
1784811660,24845.3,24846.3,24838.3,24843.8,146
1784811720,24844.3,24849.8,24831.3,24834.8,170
1784811780,24835.8,24841.3,24827.8,24830.8,132
1784811840,24831.8,24831.8,24807.8,24814.8,147
1784811900,24812.8,24814.8,24795.8,24795.8,166
1784811960,24794.8,24795.8,24778.3,24780.8,174
1784812020,24780.3,24791.3,24772.8,24791.3,182
1784812080,24791.8,24796.8,24779.8,24793.8,183
1784812140,24793.3,24795.8,24780.3,24787.8,152
1784812200,24786.8,24796.8,24786.3,24790.3,173
1784812260,24791.3,24802.3,24784.8,24797.8,184
1784812320,24797.3,24813.8,24791.3,24809.8,166
1784812380,24807.3,24809.8,24791.8,24792.8,158
1784812440,24793.8,24808.3,24790.8,24804.3,170
1784812500,24803.3,24804.8,24788.8,24791.3,140
1784812560,24790.8,24796.8,24789.8,24795.3,168
1784812620,24793.8,24804.8,24789.8,24804.3,166
1784812680,24803.8,24803.8,24790.8,24791.3,186
1784812740,24792.3,24803.8,24790.3,24793.8,172
1784812800,24792.8,24799.8,24784.8,24794.8,142
1784812860,24793.8,24804.3,24792.8,24801.8,142
1784812920,24801.3,24805.3,24797.3,24797.8,138
1784812980,24798.3,24798.3,24788.3,24797.3,128
1784813040,24796.8,24796.8,24767.3,24767.3,148
1784813100,24771.3,24773.3,24761.8,24765.8,160
1784813160,24766.3,24770.8,24763.3,24769.8,154
1784813220,24771.8,24771.8,24747.8,24748.8,146
1784813280,24748.3,24757.3,24746.8,24755.3,154
1784813340,24756.3,24756.8,24746.3,24755.8,166
1784813400,24755.3,24773.3,24755.3,24756.8,234
1784813460,24756.3,24777.8,24751.3,24774.3,220
1784813520,24774.8,24786.3,24771.3,24776.8,220
1784813580,24777.8,24788.3,24771.8,24787.3,196
1784813640,24788.3,24814.8,24788.3,24814.8,204
1784813700,24811.3,24823.3,24809.3,24815.8,182
1784813760,24814.8,24815.3,24801.3,24810.3,190
1784813820,24809.8,24836.3,24808.8,24828.8,196
1784813880,24829.8,24839.8,24826.8,24838.3,152
1784813940,24838.8,24838.8,24821.8,24831.3,182
1784814000,24831.8,24833.8,24821.8,24826.8,202
1784814060,24826.3,24842.3,24825.3,24838.8,174
1784814120,24837.8,24859.8,24837.8,24858.8,172
1784814180,24859.3,24873.3,24857.3,24867.8,158
1784814240,24867.3,24868.8,24849.8,24849.8,172
1784814300,24850.8,24857.8,24841.8,24850.3,196
1784814360,24847.8,24857.3,24843.8,24853.8,186
1784814420,24854.8,24855.3,24843.8,24848.8,194
1784814480,24850.3,24850.3,24834.3,24841.3,186
1784814540,24840.8,24858.3,24836.8,24841.8,174
1784814600,24844.8,24846.3,24835.3,24845.8,184
1784814660,24845.3,24847.8,24834.3,24836.8,180
1784814720,24837.3,24841.3,24826.8,24840.3,172
1784814780,24838.8,24845.8,24834.3,24842.8,180
1784814840,24844.8,24865.3,24839.8,24865.3,150
1784814900,24862.8,24876.8,24862.8,24864.3,156
1784814960,24863.8,24866.3,24842.3,24843.8,147
1784815020,24843.3,24843.3,24829.8,24834.3,146
1784815080,24832.8,24834.8,24817.8,24824.8,158
1784815140,24823.8,24833.8,24819.8,24819.8,150
1784815200,24820.3,24847.8,24819.8,24833.3,176
1784815260,24832.8,24834.8,24816.8,24817.8,176
1784815320,24818.3,24823.8,24812.3,24815.3,188
1784815380,24818.3,24826.8,24815.8,24825.3,210
1784815440,24825.8,24851.8,24825.3,24844.3,188
1784815500,24843.8,24854.3,24836.8,24849.8,202
1784815560,24849.3,24862.8,24845.8,24851.8,204
1784815620,24852.3,24855.8,24840.3,24844.3,186
1784815680,24844.8,24850.8,24797.8,24799.8,226
1784815740,24801.8,24814.8,24787.8,24814.8,210
1784815800,24812.8,24824.8,24807.3,24814.3,228
1784815860,24813.8,24835.3,24804.8,24834.8,214
1784815920,24834.3,24853.8,24833.3,24853.8,234
1784815980,24854.3,24856.3,24844.8,24850.3,208
1784816040,24849.8,24858.3,24834.8,24842.8,202
1784816100,24843.3,24853.8,24839.8,24844.3,188
1784816160,24844.8,24860.3,24844.3,24859.3,200
1784816220,24859.8,24860.3,24847.3,24855.3,214
1784816280,24854.8,24854.8,24832.8,24832.8,202
1784816340,24833.3,24836.8,24826.8,24833.8,192
1784816400,24832.8,24835.8,24825.8,24829.8,194
1784816460,24828.8,24843.3,24824.8,24840.3,192
1784816520,24839.8,24839.8,24826.3,24833.8,206
1784816580,24832.8,24838.3,24828.3,24830.3,206
1784816640,24830.8,24830.8,24817.8,24827.3,208
1784816700,24825.8,24831.8,24820.8,24828.3,210
1784816760,24828.8,24829.3,24814.3,24827.8,174
1784816820,24828.3,24828.3,24816.8,24828.3,170
1784816880,24829.8,24838.8,24827.8,24833.3,178
1784816940,24832.8,24847.8,24832.3,24847.3,156
1784817000,24843.8,24851.8,24829.3,24830.3,184
1784817060,24829.8,24843.8,24818.3,24818.3,196
1784817120,24819.8,24820.3,24809.8,24811.8,202
1784817180,24812.3,24814.8,24801.8,24803.8,188
1784817240,24801.8,24808.3,24800.3,24806.8,180
1784817300,24807.8,24809.8,24785.8,24787.3,190
1784817360,24788.3,24802.8,24784.8,24801.8,192
1784817420,24802.3,24828.8,24800.8,24826.8,202
1784817480,24824.8,24824.8,24812.8,24824.3,190
1784817540,24824.8,24835.3,24821.8,24829.3,150
1784817600,24828.8,24831.3,24817.3,24817.3,184
1784817660,24817.8,24818.8,24797.3,24801.3,192
1784817720,24801.8,24803.8,24785.8,24791.3,170
1784817780,24792.8,24795.8,24782.3,24784.3,154
1784817840,24785.8,24793.8,24780.8,24783.8,132
1784817900,24782.3,24787.3,24776.8,24782.8,182
1784817960,24783.8,24793.8,24783.3,24790.8,149
1784818020,24790.3,24793.3,24778.3,24778.3,176
1784818080,24778.8,24779.8,24764.3,24764.3,146
1784818140,24764.8,24766.3,24755.3,24761.8,154
1784818200,24761.3,24770.8,24761.3,24765.8,154
1784818260,24764.8,24764.8,24745.3,24746.3,170
1784818320,24746.8,24759.8,24745.8,24759.8,162
1784818380,24758.8,24758.8,24746.8,24757.8,156
1784818440,24756.8,24763.3,24755.3,24755.8,150
1784818500,24756.3,24767.8,24753.3,24764.8,180
1784818560,24764.3,24771.8,24760.8,24768.8,156
1784818620,24767.3,24778.8,24767.3,24777.8,152
1784818680,24778.8,24786.3,24776.3,24778.3,156
1784818740,24776.8,24796.3,24776.8,24787.3,150
1784818800,24787.8,24792.8,24780.8,24788.8,178
1784818860,24787.8,24788.8,24774.8,24784.8,170
1784818920,24783.8,24790.8,24778.8,24785.3,162
1784818980,24785.8,24795.8,24781.3,24790.3,162
1784819040,24790.8,24790.8,24776.3,24782.8,174
1784819100,24780.3,24791.8,24780.3,24780.8,146
1784819160,24780.3,24781.3,24762.3,24767.3,162
1784819220,24765.8,24778.8,24762.8,24774.8,162
1784819280,24773.3,24773.3,24761.3,24765.8,156
1784819340,24766.8,24772.8,24759.8,24760.8,152
1784819400,24759.8,24760.8,24751.3,24753.3,172
1784819460,24753.8,24755.3,24743.3,24743.8,162
1784819520,24742.8,24751.8,24737.8,24738.8,160
1784819580,24738.3,24749.3,24738.3,24746.3,160
1784819640,24744.8,24753.8,24741.3,24747.3,172
1784819700,24746.8,24756.8,24744.3,24746,184
1784819760,24745.5,24751.3,24742.3,24748.3,166
1784819820,24749.8,24761.3,24749.8,24759.3,166
1784819880,24759.8,24761.8,24741.3,24742.3,168
1784819940,24742.8,24754.8,24741.3,24743.3,152
1784820000,24745.3,24754.8,24745.3,24754.3,162
1784820060,24753.3,24756.8,24731.8,24732.8,146
1784820120,24733.8,24742.3,24705.3,24714.8,184
1784820180,24715.8,24733.3,24712.3,24721.8,184
1784820240,24722.3,24729.8,24719.8,24722.8,170
1784820300,24723.8,24723.8,24712.8,24718.8,168
1784820360,24717.3,24717.3,24704.8,24710.8,138
1784820420,24708.8,24711.8,24703.3,24705.3,132
1784820480,24704.8,24705.8,24694.3,24698.3,156
1784820540,24698.8,24709.3,24693.8,24704.3,170
1784820600,24705.6,24709.6,24698.1,24699.1,172
1784820660,24699.6,24706.1,24692.1,24693.1,174
1784820720,24692.1,24706.6,24692.1,24705.1,158
1784820780,24707.1,24708.1,24691.6,24703.1,162
1784820840,24701.6,24744.1,24700.6,24742.1,208
1784820900,24738.1,24763.1,24738.1,24756.6,181
1784820960,24756.1,24758.1,24750.1,24754.1,160
1784821020,24754.6,24783.6,24748.1,24768.6,206
1784821080,24770.1,24776.1,24768.6,24773.1,166
1784821140,24774.1,24778.6,24768.1,24768.1,144
1784821200,24766.1,24776.6,24766.1,24770.6,146
1784821260,24769.1,24784.6,24769.1,24781.1,140
1784821320,24781.6,24783.6,24767.1,24767.1,134
1784821380,24768.1,24768.6,24761.1,24763.1,116
1784821440,24762.6,24770.1,24759.6,24766.1,134
1784821500,24765.6,24778.1,24764.6,24775.1,122
1784821560,24774.1,24778.1,24766.6,24771.6,144
1784821620,24770.1,24770.6,24762.1,24764.6,124
1784821680,24764.1,24778.1,24764.1,24774.6,156
1784821740,24773.6,24775.1,24768.6,24771.1,130
1784821800,24769.1,24771.1,24764.6,24769.6,104
1784821860,24770.6,24771.1,24763.6,24766.1,124
1784821920,24767.1,24775.1,24767.1,24770.6,112
1784821980,24769.1,24770.1,24761.6,24765.6,106
1784822040,24766.1,24777.6,24766.1,24772.1,126
1784822100,24772.6,24777.6,24772.1,24775.1,116
1784822160,24775.6,24779.1,24772.6,24778.1,108
1784822220,24777.1,24778.1,24770.1,24774.1,102
1784822280,24773.6,24780.1,24771.1,24780.1,134
1784822340,24779.6,24782.1,24778.6,24781.6,130
1784822400,24782.1,24787.6,24778.6,24785.6,148
1784822460,24786.1,24791.1,24779.1,24790.6,112
1784822520,24791.1,24798.1,24788.1,24797.6,150
1784822580,24797.1,24799.1,24792.1,24799.1,112
1784822640,24798.1,24799.1,24791.1,24792.1,116
1784822700,24790.6,24793.1,24781.6,24785.6,134
1784822760,24785.1,24790.6,24782.1,24785.1,140
1784822820,24783.6,24785.1,24782.1,24782.1,120
1784822880,24783.1,24793.1,24783.1,24790.1,104
1784822940,24789.6,24790.1,24783.6,24790.1,128
1784823000,24789.6,24790.1,24787.1,24790.1,118
1784823060,24789.6,24794.6,24788.1,24794.6,126
1784823120,24794.1,24800.1,24793.1,24796.6,110
1784823180,24795.1,24800.1,24793.1,24793.6,124
1784823240,24792.6,24801.6,24792.6,24799.6,128
1784823300,24800.1,24814.6,24800.1,24813.6,76
1784823360,24814.1,24818.6,24810.1,24814.6,110
1784823420,24814.1,24816.6,24811.1,24815.6,132
1784823480,24815.1,24816.6,24811.6,24812.1,70
1784823540,24811.6,24811.6,24801.1,24803.1,112
1784823600,24802.6,24809.6,24801.6,24809.6,108
1784823660,24810.1,24815.1,24808.1,24813.1,110
1784823720,24812.6,24821.6,24811.6,24820.6,89
1784823780,24821.1,24827.6,24817.1,24827.6,90
1784823840,24826.6,24831.6,24824.6,24826.1,128
1784823900,24827.1,24831.6,24826.1,24829.1,126
1784823960,24829.6,24829.6,24824.6,24826.1,130
1784824020,24826.6,24834.6,24825.6,24831.6,114
1784824080,24832.1,24832.1,24826.6,24828.6,96
1784824140,24829.1,24836.6,24828.6,24829.6,94
1784824200,24830.1,24830.1,24823.1,24826.1,132
1784824260,24828.1,24829.6,24823.6,24825.6,98
1784824320,24825.1,24826.1,24814.6,24815.1,130
1784824380,24814.6,24817.1,24813.1,24813.6,114
1784824440,24813.1,24815.1,24809.1,24809.6,113
1784824500,24810.1,24811.6,24806.1,24810.6,118
1784824560,24810.1,24811.6,24805.6,24809.1,132
1784824620,24808.6,24808.6,24803.1,24807.1,112
1784824680,24808.1,24813.6,24805.6,24813.6,118
1784824740,24813.1,24816.1,24811.6,24813.1,132
1784824800,24812.1,24812.6,24805.6,24806.1,120
1784824860,24807.1,24807.1,24802.1,24805.1,102
1784824920,24804.6,24806.1,24802.6,24805.1,106
1784824980,24805.6,24806.1,24802.1,24802.6,82
1784825040,24804.1,24805.1,24801.6,24801.6,74
1784825100,24800.6,24800.6,24792.6,24792.6,130
1784825160,24793.1,24794.6,24792.6,24793.6,90
1784825220,24794.6,24795.1,24789.1,24789.1,114
1784825280,24790.1,24792.6,24784.6,24785.6,84
1784825340,24786.1,24788.6,24783.6,24783.6,82
1784825400,24783.1,24783.1,24778.6,24779.6,122
1784825460,24780.6,24782.6,24778.6,24781.6,114
1784825520,24782.6,24788.6,24781.1,24781.1,138
1784825580,24780.6,24782.1,24775.6,24778.1,130
1784825640,24777.1,24780.6,24776.6,24778.6,74
1784825700,24779.1,24788.1,24778.6,24785.1,128
1784825760,24786.1,24786.6,24779.6,24786.1,134
1784825820,24785.6,24787.1,24780.6,24782.1,134
1784825880,24780.1,24786.6,24778.6,24785.1,94
1784825940,24785.6,24794.1,24785.6,24790.1,104
1784826000,24791.1,24791.1,24782.1,24787.6,130
1784826060,24786.1,24789.6,24783.1,24785.6,80
1784826120,24785.1,24785.6,24779.1,24785.1,114
1784826180,24785.6,24787.1,24780.1,24781.1,104
1784826240,24780.6,24780.6,24767.6,24768.1,108
1784826300,24767.6,24768.1,24759.6,24764.1,100
1784826360,24762.6,24770.6,24761.1,24765.1,114
1784826420,24764.6,24771.1,24764.1,24766.6,116
1784826480,24767.1,24780.1,24765.6,24773.1,140
1784826540,24772.6,24782.1,24771.1,24781.6,110
1784826600,24781.1,24788.6,24781.1,24783.1,128
1784826660,24784.1,24785.1,24779.1,24783.1,122
1784826720,24782.1,24788.6,24782.1,24787.1,152
1784826780,24786.6,24788.6,24782.1,24783.1,72
1784826840,24783.6,24785.6,24780.6,24785.6,86
1784826900,24785.1,24788.1,24783.1,24786.1,136
1784826960,24786.6,24798.1,24786.6,24793.6,122
1784827020,24794.1,24797.6,24787.1,24787.6,122
1784827080,24787.1,24793.1,24784.1,24789.6,108
1784827140,24790.1,24792.1,24787.1,24791.1,130
1784827200,24792.1,24798.6,24791.1,24794.1,134
1784827260,24795.1,24799.1,24790.1,24790.6,124
1784827320,24790.1,24793.1,24786.1,24789.1,108
1784827380,24789.6,24797.6,24787.1,24797.1,100
1784827440,24798.1,24799.1,24792.1,24795.1,98
1784827500,24796.6,24798.1,24794.1,24797.1,110
1784827560,24798.1,24800.1,24794.1,24800.1,112
1784827620,24799.1,24800.1,24790.1,24791.6,116
1784827680,24792.1,24793.1,24785.1,24789.1,78
1784827740,24788.1,24789.1,24782.1,24782.6,104
1784827800,24782.1,24787.1,24779.1,24785.1,112
1784827860,24786.1,24787.6,24778.1,24780.1,100
1784827920,24779.1,24783.1,24777.6,24781.6,110
1784827980,24782.1,24786.6,24781.1,24783.6,138
1784828040,24784.1,24786.1,24781.6,24784.1,112
1784828100,24783.6,24784.6,24772.1,24772.6,132
1784828160,24772.1,24777.6,24771.1,24775.1,136
1784828220,24775.6,24777.1,24772.1,24776.1,120
1784828280,24777.1,24783.1,24777.1,24779.1,134
1784828340,24778.6,24781.1,24773.6,24774.1,116
1784828400,24775.1,24776.1,24768.1,24770.1,116
1784828460,24770.6,24776.1,24769.1,24776.1,134
1784828520,24775.1,24776.1,24771.1,24774.1,106
1784828580,24773.6,24777.6,24772.6,24775.6,134
1784828640,24776.1,24777.1,24771.1,24773.1,128
1784828700,24772.6,24783.1,24769.1,24779.6,138
1784828760,24779.1,24782.6,24777.1,24780.1,110
1784828820,24780.6,24784.6,24779.1,24781.1,120
1784828880,24781.6,24783.1,24777.6,24781.1,106
1784828940,24781.6,24782.1,24778.6,24779.1,98
1784829000,24778.1,24779.1,24772.1,24778.1,116
1784829060,24777.1,24779.1,24771.1,24772.6,104
1784829120,24773.1,24778.6,24772.6,24776.1,96
1784829180,24775.1,24776.1,24770.6,24772.1,116
1784829240,24773.1,24774.6,24769.1,24771.1,74
1784829300,24770.1,24770.1,24766.1,24769.1,86
1784829360,24769.6,24769.6,24760.6,24761.1,90
1784829420,24761.6,24761.6,24757.1,24757.6,48
1784829480,24757.1,24760.6,24756.1,24759.6,104
1784829540,24759.1,24760.1,24755.1,24755.6,108
1784829600,24754.6,24758.1,24751.1,24754.6,148
1784829660,24756.6,24757.1,24746.6,24751.6,130
1784829720,24751.1,24751.1,24748.6,24751.1,112
1784829780,24752.1,24754.1,24749.6,24752.6,112
1784829840,24753.1,24753.1,24746.6,24747.6,94
1784829900,24746.6,24751.1,24746.6,24749.6,94
1784829960,24750.1,24752.6,24748.6,24750.1,94
1784830020,24751.1,24751.1,24745.6,24747.6,74
1784830080,24748.1,24752.1,24747.6,24750.6,100
1784830140,24749.6,24750.6,24740.6,24740.6,100
1784830200,24740.1,24743.6,24735.1,24743.6,118
1784830260,24744.6,24746.6,24740.6,24744.6,106
1784830320,24747.1,24752.1,24746.1,24749.1,98
1784830380,24749.6,24751.1,24745.1,24746.6,88
1784830440,24747.1,24748.1,24739.1,24740.1,114
1784830500,24739.6,24746.6,24737.6,24745.6,116
1784830560,24746.1,24752.1,24744.6,24749.6,104
1784830620,24750.6,24751.1,24743.1,24745.1,106
1784830680,24744.1,24750.1,24743.6,24745.6,102
1784830740,24744.1,24750.1,24743.1,24749.1,82
1784830800,24750.1,24756.1,24749.1,24751.1,104
1784830860,24750.6,24754.1,24749.1,24753.6,114
1784830920,24753.1,24755.1,24751.6,24753.1,110
1784830980,24752.1,24759.6,24750.6,24759.6,90
1784831040,24759.1,24763.1,24759.1,24761.6,100
1784831100,24762.6,24763.1,24755.6,24759.6,80
1784831160,24760.6,24761.1,24754.6,24756.1,154
1784831220,24757.1,24762.1,24756.1,24756.1,132
1784831280,24757.6,24763.6,24757.1,24763.6,116
1784831340,24763.1,24765.6,24762.1,24764.1,88
1784831400,24763.6,24765.6,24761.1,24763.6,86
1784831460,24764.1,24764.6,24760.1,24762.6,110
1784831520,24762.1,24763.1,24758.1,24760.1,80
1784831580,24758.6,24759.6,24755.1,24757.1,100
1784831640,24757.6,24759.6,24757.1,24758.1,66
1784831700,24758.6,24758.6,24751.1,24751.1,84
1784831760,24751.6,24752.1,24749.6,24749.6,68
1784831820,24751.1,24751.1,24745.1,24750.6,78
1784831880,24751.1,24751.1,24746.6,24748.1,82
1784831940,24747.6,24750.6,24747.1,24749.1,78
1784832000,24748.6,24751.1,24747.6,24751.1,95
1784832060,24751.6,24751.6,24748.6,24749.6,72
1784832120,24749.1,24752.1,24747.1,24751.1,68
1784832180,24751.6,24751.6,24749.6,24750.6,94
1784832240,24751.6,24751.6,24749.6,24751.1,82
1784832300,24751.6,24758.6,24751.6,24758.6,108
1784832360,24757.6,24759.1,24755.6,24756.1,84
1784832420,24756.6,24762.1,24756.6,24762.1,62
1784832480,24762.6,24762.6,24756.6,24758.6,52
1784832540,24758.1,24759.6,24754.1,24756.1,126
1784832600,24755.6,24756.1,24750.6,24753.1,90
1784832660,24752.6,24753.1,24748.6,24749.6,86
1784832720,24751.1,24752.1,24747.3,24749.8,98
1784832780,24749.3,24750.8,24746.8,24746.8,80
1784832840,24745.3,24749.8,24744.3,24744.3,96
1784832900,24744.8,24746.8,24742.3,24746.8,98
1784832960,24746.3,24747.3,24742.3,24746.3,90
1784833020,24745.8,24746.8,24744.8,24745.8,70
1784833080,24745.3,24748.3,24743.8,24747.8,62
1784833140,24747.3,24752.3,24746.3,24752.3,98
1784833200,24752.8,24760.3,24752.8,24758.8,136
1784833260,24758.3,24758.8,24755.8,24756.8,92
1784833320,24755.8,24760.8,24755.8,24759.3,46
1784833380,24758.8,24758.8,24751.3,24752.3,74
1784833440,24751.8,24753.3,24748.3,24748.8,82
1784833500,24749.3,24749.3,24746.3,24748.8,58
1784833560,24749.3,24751.8,24745.3,24751.8,100
1784833620,24751.3,24755.3,24750.3,24752.8,78
1784833680,24751.8,24754.3,24751.8,24752.3,56
1784833740,24752.8,24752.8,24744.8,24745.3,80
1784833800,24744.8,24745.3,24739.8,24740.3,56
1784833860,24739.8,24743.3,24739.3,24743.3,56
1784833920,24743.8,24744.8,24741.8,24741.8,70
1784833980,24742.3,24743.8,24739.3,24739.3,64
1784834040,24740.3,24741.8,24738.3,24741.3,76
1784834100,24740.8,24749.3,24740.3,24746.3,100
1784834160,24746.8,24749.8,24746.3,24748.3,108
1784834220,24749.3,24752.8,24748.3,24748.8,86
1784834280,24749.3,24749.8,24742.8,24743.3,112
1784834340,24742.8,24745.8,24742.8,24745.8,100
1784834400,24746.3,24752.3,24745.8,24752.3,98
1784834460,24752.8,24755.8,24752.3,24753.8,90
1784834520,24754.3,24757.3,24751.8,24752.8,100
1784834580,24752.3,24755.3,24751.3,24753.3,72
1784834640,24753.8,24757.8,24752.8,24757.8,60
1784834700,24758.8,24764.3,24758.3,24760.3,94
1784834760,24760.8,24762.8,24758.8,24760.8,100
1784834820,24759.8,24763.8,24758.8,24760.8,92
1784834880,24759.8,24761.3,24755.3,24755.8,90
1784834940,24755.3,24758.3,24752.8,24757.3,88
1784835000,24756.8,24766.3,24755.3,24760.8,136
1784835060,24760.3,24760.3,24746.3,24748.8,130
1784835120,24749.3,24751.8,24748.3,24748.3,104
1784835180,24747.3,24749.3,24741.3,24743.3,112
1784835240,24743.8,24748.3,24742.8,24745.3,98
1784835300,24745.8,24747.8,24742.8,24744.3,104
1784835360,24742.8,24747.8,24741.3,24746.8,92
1784835420,24747.3,24750.8,24745.8,24746.8,88
1784835480,24747.8,24749.8,24743.3,24743.3,94
1784835540,24743.8,24744.8,24740.3,24740.3,78
1784835600,24739.8,24742.8,24738.3,24740.3,98
1784835660,24739.8,24740.3,24735.3,24735.8,72
1784835720,24735.3,24736.8,24728.3,24728.3,88
1784835780,24728.8,24732.8,24728.8,24732.8,82
1784835840,24733.3,24733.3,24728.3,24728.3,72
1784835900,24729.3,24730.8,24727.8,24728.8,96
1784835960,24728.3,24729.3,24720.8,24723.8,110
1784836020,24724.3,24727.8,24720.3,24723.8,96
1784836080,24724.3,24725.8,24720.8,24721.3,60
1784836140,24721.8,24723.8,24717.8,24721.8,78
1784836200,24722.3,24734.3,24722.3,24724.8,142
1784836260,24725.8,24728.3,24719.8,24728.3,98
1784836320,24727.8,24728.3,24718.8,24723.3,92
1784836380,24723.8,24723.8,24715.8,24717.3,88
1784836440,24717.8,24725.8,24717.8,24725.8,111
1784836500,24726.3,24738.3,24726.3,24734.3,130
1784836560,24734.8,24737.8,24726.8,24728.8,106
1784836620,24729.3,24735.8,24728.8,24734.8,93
1784836680,24735.3,24743.8,24735.3,24739.8,140
1784836740,24740.8,24751.8,24738.8,24744.3,134
1784836800,24743.8,24762.2,24743.8,24758.4,221
1784836860,24757.2,24764.7,24755.8,24761.8,188
1784836920,24762.1,24765.9,24756.8,24757.7,155
1784836980,24757.5,24776.9,24757.5,24774.5,152
1784837040,24774.2,24775,24763.5,24764.9,136
1784837100,24765.4,24771.6,24763.7,24763.7,110
1784837160,24763.9,24765.9,24759.6,24759.9,83
1784837220,24759.6,24764.4,24757.7,24763,75
1784837280,24763.5,24768.5,24763.5,24764.4,62
1784837340,24765.4,24766.3,24762.3,24763.7,75
1784837400,24763.9,24780.2,24763.9,24774.2,86
1784837460,24775.1,24785,24774.2,24785,75
1784837520,24785.9,24787.1,24777.5,24784.5,94
1784837580,24783.8,24785,24782.6,24783.8,66
1784837640,24784.5,24785.2,24781.4,24784,92
1784837700,24784.5,24787.4,24784.2,24785.7,98
1784837760,24785.4,24797.8,24783.1,24795.1,77
1784837820,24794.6,24797,24794.2,24796.1,72
1784837880,24795.8,24796.1,24793.2,24794.2,64
1784837940,24793.5,24793.7,24791.3,24793,84
1784838000,24792.7,24801.5,24791.1,24794.5,102
1784838060,24794.3,24800.3,24791.4,24793.8,63
1784838120,24793.3,24802.2,24792.8,24801.7,55
1784838180,24800.7,24801.2,24786.3,24794.7,50
1784838240,24796.1,24799.7,24796.1,24799,46
1784838300,24798.7,24800.9,24798,24799.2,60
1784838360,24799,24800.2,24793.2,24794.7,60
1784838420,24794.4,24796.3,24793.5,24796.3,52
1784838480,24796.1,24797.1,24794.9,24797.1,52
1784838540,24791.1,24791.1,24776.9,24784.1,58
1784838600,24783.1,24783.6,24782.2,24783.6,52
1784838660,24784.3,24786.9,24782.6,24785,72
1784838720,24785.7,24789.8,24785.7,24789.8,66
1784838780,24790.3,24791,24788.6,24789.6,90
1784838840,24789.1,24791,24787.9,24790.8,84
1784838900,24790.5,24792.2,24786.5,24786.9,86
1784838960,24787.4,24788.4,24786.7,24786.9,50
1784839020,24787.2,24792.2,24787.2,24792,54
1784839080,24791.7,24791.7,24787.7,24788.1,52
1784839140,24788.4,24788.4,24786,24786,44
1784839200,24785.5,24785.7,24782.9,24784.1,44
1784839260,24784.3,24785,24783.3,24783.3,32
1784839320,24782.9,24784.1,24781,24781,70
1784839380,24780.5,24781.9,24780.5,24780.5,40
1784839440,24779.5,24781.4,24779,24781.4,58
1784839500,24781.7,24781.7,24780.7,24781.4,18
1784839560,24781.2,24781.9,24779.8,24781.4,48
1784839620,24781.7,24782.9,24781,24782.9,76
1784839680,24783.1,24783.1,24776.1,24776.6,36
1784839740,24776.4,24779.5,24776.4,24776.8,76
1784839800,24776.6,24776.6,24774.9,24775.2,52
1784839860,24775.6,24776.4,24774.7,24775.2,30
1784839920,24775.6,24777.1,24775.2,24775.2,62
1784839980,24774.9,24777.8,24774.4,24777.8,32
1784840040,24778.3,24780.2,24777.8,24779.5,82
1784840100,24779.7,24781.9,24779.2,24780.9,58
1784840160,24780.7,24782.6,24779.7,24781.1,34
1784840220,24781.9,24782.3,24779.9,24780.7,72
1784840280,24781.1,24785.4,24780.7,24782.8,80
1784844120,24763.7,24767.1,24763,24765.6,76
1784844180,24766.1,24767.8,24765.4,24765.9,114
1784844240,24766.4,24766.4,24762,24763,110
1784844300,24761.6,24768.5,24761.5,24766.4,89
1784844360,24766.8,24768.7,24765.6,24765.6,72
1784844420,24765.2,24765.4,24764,24765.2,48
1784844480,24765.6,24766.6,24762.8,24762.8,114
1784844540,24762.5,24765.6,24762.3,24764.7,72
1784844600,24764.2,24764.2,24760.4,24762.5,82
1784844660,24762.3,24764,24760.1,24760.1,74
1784844720,24759.7,24762.8,24759.2,24760.6,90
1784844780,24760.1,24760.1,24758,24758.9,78
1784844840,24759.7,24762.8,24753.4,24762,83
1784844900,24762.8,24763.7,24761.1,24762.3,74
1784844960,24763.5,24765.2,24760.6,24760.8,92
1784845020,24761.6,24762.8,24759.7,24762,102
1784845080,24761.1,24762.5,24758.5,24759.2,80
1784845140,24758.7,24760.1,24757.7,24759.2,72
1784845200,24759.4,24761.3,24758.9,24759.4,60
1784845260,24759.7,24760.8,24758.9,24760.6,88
1784845320,24760.8,24761.1,24759.9,24760.6,42
1784845380,24762,24766.4,24762,24764.7,46
1784845440,24764.9,24767.8,24764.7,24765.6,32
1784845500,24765.9,24765.9,24763,24763.2,60
1784845560,24763,24764,24761.3,24762,58
1784845620,24762.5,24764.9,24760.1,24764.7,52
1784845680,24764.9,24765.9,24763.5,24764.7,50
1784845740,24764.4,24764.4,24760.6,24760.6,34
1784845800,24760.8,24770.3,24760.6,24768.8,66
1784845860,24769.1,24769.1,24766.7,24768.8,100
1784845920,24769.1,24770,24768.4,24769.6,68
1784845980,24770.5,24770.5,24767.4,24767.6,32
1784846040,24767.4,24767.4,24766,24766.2,22
1784846100,24765.7,24767.9,24765.7,24766.2,32
1784846160,24765.7,24765.7,24764.3,24765.7,26
1784846220,24765.5,24765.5,24762.4,24763.8,44
1784846280,24764.8,24766.7,24764.5,24766.2,20
1784846340,24765.7,24767.2,24763.8,24763.8,62
1784846400,24764.1,24765.7,24762.6,24762.6,38
1784846460,24762.9,24764.5,24762.6,24764.3,56
1784846520,24764.8,24766.2,24764.1,24766.2,32
1784846580,24766.7,24767.2,24765,24766.2,62
1784846640,24766.4,24766.4,24765.5,24765.7,26
1784846700,24766.2,24766.4,24765.7,24766.4,22
1784846760,24766.2,24772.4,24766.2,24768.4,69
1784846820,24767.9,24769.6,24767.2,24769.1,14
1784846880,24768.6,24770.5,24768.1,24770,40
1784846940,24769.6,24769.6,24767.4,24768.6,42
1784847000,24768.4,24769.1,24767.4,24769.1,36
1784847060,24769.6,24770.5,24769.1,24770,32
1784847120,24769.6,24770,24768.6,24768.6,42
1784847180,24769.1,24769.1,24768.4,24768.6,30
1784847240,24769.3,24770.5,24769.1,24769.8,40
1784847300,24770,24777.5,24769.6,24777.5,43
1784847360,24777,24777.8,24777,24777,14
1784847420,24776.8,24777.8,24775.9,24777,52
1784847480,24777.5,24779.4,24777,24779.4,50
1784847540,24779.2,24780.6,24778,24779.4,32
1784847600,24779,24780.9,24778,24779.4,42
1784847660,24779.9,24779.9,24778.2,24778.5,68
1784847720,24778.2,24779,24778,24779,28
1784847780,24778.7,24779,24774.2,24774.7,52
1784847840,24775.1,24775.1,24772.3,24772.7,56
1784847900,24773,24774.9,24773,24773.5,46
1784847960,24773.2,24773.2,24772,24772.7,28
1784848020,24772.5,24773.7,24772.3,24773,26
1784848080,24772.7,24774.7,24771.3,24771.5,42
1784848140,24771.3,24772,24770.8,24770.8,36
1784848200,24770.3,24771.8,24770.3,24770.8,30
1784848260,24770.3,24770.8,24769.9,24770.3,24
1784848320,24770.1,24771.3,24769.4,24770.6,26
1784848380,24770.3,24770.3,24768.9,24769.4,12
1784848440,24769.6,24771.8,24769.6,24771.8,22
1784848500,24771.3,24771.8,24770.6,24771.5,24
1784848560,24771.8,24773.2,24771.8,24772.3,40
1784848620,24771.8,24772.3,24771.5,24771.8,20
1784848680,24771.3,24771.8,24770.6,24770.8,20
1784848740,24771.1,24771.1,24769.9,24770.6,20
1784848800,24770.3,24770.8,24769.9,24769.9,28
1784848860,24769.6,24770.8,24769.4,24770.8,30
1784848920,24771.1,24771.3,24769.9,24769.9,18
1784848980,24769.4,24769.9,24769.4,24769.9,8
1784849040,24770.3,24770.8,24768.9,24768.9,30
1784849100,24769.4,24769.9,24768.2,24769.4,18
1784849160,24769.9,24770.3,24769.6,24769.9,20
1784849220,24769.6,24770.3,24768.9,24770.3,22
1784849280,24770.8,24771.8,24770.3,24771.8,20
1784849340,24772.7,24774.4,24772.7,24772.7,34
1784849400,24772.3,24774.7,24771.8,24772.7,48
1784849460,24772.3,24772.7,24770.6,24771.3,28
1784849520,24772.3,24772.7,24770.8,24771.8,24
1784849580,24771.5,24774.7,24765.5,24774.4,24
1784849640,24775.6,24775.6,24774.4,24774.7,14
1784849700,24774.9,24775.4,24774.2,24774.7,22
1784849760,24775.1,24776.1,24773.5,24773.7,28
1784849820,24773.5,24774.4,24767.7,24773.7,16
1784849880,24773.2,24773.9,24773,24773,10
1784849940,24772.5,24772.5,24764.6,24771.3,25
1784850000,24765.3,24771.1,24756.5,24762.7,97
1784850060,24762.9,24771.3,24762.7,24770.8,68
1784850120,24771.3,24775.4,24768.7,24771.3,94
1784850180,24770.8,24772,24768.7,24770.1,80
1784850240,24771.3,24772.7,24770.3,24772.3,56
1784850300,24773,24780.6,24769.9,24778.7,164
1784850360,24778.5,24778.5,24774.7,24775.4,148
1784850420,24775.6,24777,24772.3,24774.7,124
1784850480,24774.2,24778,24770.1,24777.8,115
1784850540,24778,24778.2,24767.2,24767.2,109
1784850600,24766.7,24776.1,24766,24767.7,99
1784850660,24767.9,24775.6,24767.7,24772.3,86
1784850720,24772.5,24773.7,24770.6,24771.8,104
1784850780,24772.3,24772.5,24767.2,24767.7,102
1784850840,24768.4,24769.9,24765.6,24767,102
1784850900,24767.2,24769.6,24766.5,24769.6,102
1784850960,24769.9,24770.8,24768,24769.9,90
1784851020,24770.3,24773.7,24770.3,24773.2,74
1784851080,24772.7,24778,24772.7,24777,80
1784851140,24776.6,24778.2,24773.7,24774.9,120
1784851200,24775.6,24780.9,24775.6,24779.9,200
1784851260,24780.4,24793.5,24779.4,24792.5,178
1784851320,24792,24799.2,24787.4,24790.5,188
1784851380,24789.6,24792.7,24788.1,24791,160
1784851440,24790.5,24791.5,24777,24777.2,166
1784851500,24777,24779.9,24771.3,24771.5,156
1784851560,24772,24778.2,24765.6,24774.7,174
1784851620,24774.4,24775.1,24770.8,24774.4,142
1784851680,24773,24775.8,24771.5,24774.9,104
1784851740,24774.4,24775.4,24768.2,24769.9,130
1784851800,24770.6,24772.5,24761.5,24767,132
1784851860,24766.5,24767.2,24757.2,24761.5,134
1784851920,24761.2,24773.8,24760.8,24773.8,110
1784851980,24774.7,24775.4,24770.2,24773,124
1784852040,24772.8,24772.8,24769,24772.1,128
1784852160,24742.8,24743.8,24734.8,24743.8,50
1784852220,24746.3,24746.3,24740.3,24741.3,44
1784852280,24742.3,24758.8,24742.3,24753.3,50
1784852340,24752.3,24752.3,24742.3,24742.3,54
1784852400,24740.8,24749.3,24740.8,24749.3,34
1784852460,24749.8,24763.3,24749.3,24758.8,42
1784852520,24757.8,24764.3,24757.8,24763.3,90
1784852580,24764.3,24770.3,24760.3,24765.3,90
1784852640,24765.8,24768.3,24764.3,24765.3,64
1784852700,24763.3,24766.8,24755.8,24756.8,78
1784852760,24757.3,24760.3,24752.8,24752.8,44
1784852820,24742.3,24756.3,24742.3,24754.8,58
1784852880,24754.3,24754.8,24748.8,24748.8,46
1784852940,24747.8,24749.8,24747.8,24749.8,8
1784853000,24751.8,24751.8,24743.3,24748.8,38
1784853060,24746.3,24746.3,24741.8,24743.8,26
1784853120,24741.3,24746.3,24741.3,24746.3,28
1784853180,24742.3,24746.3,24740.8,24744.3,64
1784853240,24744.8,24744.8,24737.8,24738.8,42
1784853300,24737.8,24739.8,24733.8,24739.8,26
1784853360,24738.3,24751.3,24738.3,24747.8,54
1784853420,24744.8,24747.3,24744.3,24745.8,48
1784853480,24744.8,24748.8,24744.8,24745.8,44
1784853540,24746.8,24755.8,24745.8,24749.3,66
1784853600,24749.8,24754.3,24749.8,24753.8,36
1784853660,24754.3,24754.3,24748.8,24750.8,40
1784853720,24749.3,24764.8,24746.8,24763.8,38
1784853780,24760.8,24764.8,24756.3,24756.8,56
1784853840,24759.8,24762.3,24757.8,24760.8,62
1784853900,24759.8,24766.3,24759.8,24763.3,50
1784853960,24762.3,24770.8,24759.8,24761.8,86
1784854020,24761.3,24775.3,24759.8,24775.3,44
1784854080,24774.8,24775.8,24771.3,24771.8,44
1784854140,24770.3,24771.3,24764.3,24764.3,18
1784854200,24764.8,24768.8,24759.8,24767.3,48
1784854260,24769.8,24769.8,24761.3,24762.3,32
1784854320,24761.3,24761.8,24758.8,24760.8,32
1784854380,24760.3,24760.8,24751.8,24752.8,28
1784854440,24751.8,24751.8,24747.8,24748.8,56
1784854500,24749.3,24751.8,24745.3,24750.3,48
1784854560,24748.8,24756.8,24746.8,24754.8,24
1784854620,24755.8,24760.3,24754.8,24757.3,40
1784854680,24761.3,24767.3,24760.3,24764.8,46
1784854740,24762.8,24769.8,24761.3,24768.8,46
1784854800,24766.8,24775.3,24766.8,24771.8,86
1784854860,24772.8,24782.8,24772.8,24782.8,52
1784854920,24783.3,24785.3,24773.3,24775.3,78
1784854980,24774.3,24774.3,24766.8,24767.8,46
1784855040,24769.3,24781.8,24767.8,24781.8,66
1784855100,24779.8,24781.3,24777.8,24777.8,36
1784855160,24777.3,24777.3,24771.8,24771.8,52
1784855220,24771.3,24775.3,24771.3,24771.3,50
1784855280,24772.8,24778.8,24771.3,24775.3,50
1784855340,24777.8,24777.8,24774.3,24774.8,36
1784855400,24775.8,24775.8,24771.3,24772.3,32
1784855460,24773.3,24773.3,24768.8,24768.8,18
1784855520,24769.3,24769.3,24762.3,24767.3,60
1784855580,24766.8,24766.8,24764.3,24764.8,18
1784855640,24763.3,24763.3,24755.8,24756.3,54
1784855700,24754.8,24757.3,24754.8,24756.3,36
1784855760,24756.8,24768.3,24756.8,24762.3,62
1784855820,24760.8,24768.8,24756.8,24768.3,38
1784855880,24767.3,24769.3,24762.8,24764.8,36
1784855940,24765.8,24770.8,24765.8,24766.8,26
1784856000,24766.3,24769.3,24761.3,24767.3,28
1784856060,24766.8,24767.3,24758.8,24758.8,32
1784856120,24758.3,24758.8,24757.3,24758.3,22
1784856180,24760.8,24762.3,24758.3,24760.3,32
1784856240,24758.3,24765.3,24758.3,24764.8,42
1784856300,24765.3,24775.3,24765.3,24774.3,70
1784856360,24774.8,24775.8,24771.8,24771.8,38
1784856420,24772.8,24782.8,24771.8,24778.3,36
1784856480,24778.8,24778.8,24769.8,24770.3,34
1784856540,24769.8,24770.8,24764.3,24765.3,80
1784856600,24765.8,24768.3,24761.8,24767.8,80
1784856660,24770.3,24776.3,24763.3,24764.8,74
1784856720,24765.3,24768.3,24764.8,24765.3,24
1784856780,24767.8,24772.3,24767.8,24772.3,22
1784856840,24771.3,24771.3,24771.3,24771.3,2
1784856900,24769.3,24769.3,24764.8,24767.8,20
1784856960,24766.8,24770.3,24765.3,24765.8,24
1784857020,24768.3,24768.3,24766.8,24766.8,8
1784857080,24767.8,24769.8,24764.8,24768.8,42
1784857140,24769.3,24770.3,24765.3,24765.8,32
1784857200,24766.3,24767.3,24761.8,24763.8,40
1784857260,24763.3,24768.3,24761.3,24767.8,68
1784857320,24768.3,24774.3,24767.3,24770.8,64
1784857380,24769.3,24774.3,24769.3,24773.3,32
1784857440,24773.8,24781.8,24773.8,24776.8,42
1784857500,24776.3,24779.3,24773.8,24777.3,62
1784857560,24776.3,24779.3,24774.3,24776.8,38
1784857620,24776.3,24776.3,24772.8,24772.8,32
1784857680,24773.8,24773.8,24772.8,24772.8,22
1784857740,24768.8,24772.8,24767.3,24767.3,38
1784857800,24764.3,24767.8,24759.3,24761.3,26
1784857860,24765.3,24765.8,24761.3,24763.8,18
1784857920,24763.3,24763.3,24754.3,24759.3,40
1784857980,24759.8,24763.3,24759.8,24761.8,22
1784858040,24762.3,24763.3,24761.8,24762.3,26
1784858100,24763.3,24763.3,24761.3,24761.3,16
1784858160,24760.3,24762.3,24755.3,24757.3,36
1784858220,24755.8,24755.8,24754.8,24755.3,6
1784858280,24748.3,24751.8,24747.8,24751.3,36
1784858340,24750.3,24753.3,24749.3,24753.3,8
1784858400,24755.8,24756.8,24752.3,24755.8,44
1784858460,24753.8,24758.8,24751.3,24758.8,62
1784858520,24757.8,24758.8,24753.3,24755.8,30
1784858580,24754.8,24756.3,24750.3,24752.8,66
1784858640,24753.3,24753.3,24748.8,24750.3,26
1784858700,24748.8,24749.3,24747.3,24747.8,14
1784858760,24746.8,24746.8,24746.8,24746.8,2
1784858820,24747.3,24749.3,24743.8,24749.3,16
1784858880,24750.3,24750.3,24745.8,24749.3,26
1784858940,24748.8,24750.3,24747.3,24749.8,24
1784859000,24752.3,24761.3,24752.3,24756.8,50
1784859060,24755.3,24763.8,24755.3,24761.8,50
1784859120,24761.3,24766.8,24759.3,24761.3,54
1784859180,24762.3,24766.3,24758.8,24758.8,28
1784859240,24760.3,24764.8,24757.3,24763.3,36
1784859300,24761.8,24763.3,24759.8,24761.3,42
1784859360,24760.3,24760.3,24756.8,24757.3,16
1784859420,24755.8,24760.3,24754.8,24759.8,22
1784859480,24759.3,24761.8,24756.3,24760.8,32
1784859540,24759.8,24760.3,24758.8,24759.3,22
1784859600,24759.8,24759.8,24759.3,24759.3,4
1784859660,24758.8,24759.3,24753.8,24753.8,32
1784859720,24754.3,24754.3,24748.3,24748.3,28
1784859780,24751.8,24753.8,24749.3,24752.8,20
1784859840,24753.3,24758.8,24752.8,24756.3,44
1784859900,24755.8,24761.3,24755.8,24760.3,58
1784859960,24762.3,24763.3,24759.8,24763.3,42
1784860020,24764.3,24764.3,24759.8,24760.8,30
1784860080,24761.3,24761.3,24757.8,24758.8,24
1784860140,24758.3,24758.8,24756.8,24757.8,34
1784860200,24758.3,24758.8,24750.3,24754.8,40
1784860260,24753.8,24756.8,24751.8,24752.8,60
1784860320,24752.3,24752.8,24749.8,24749.8,20
1784860380,24749.3,24749.3,24747.8,24747.8,6
1784860440,24744.8,24746.8,24744.8,24745.8,12
1784860500,24743.8,24743.8,24740.8,24740.8,6
1784860560,24739.8,24739.8,24737.3,24737.3,4
1784860620,24736.3,24737.3,24734.8,24736.3,14
1784860680,24740.8,24740.8,24738.8,24739.3,14
1784860740,24738.8,24739.8,24738.8,24738.8,10
1784860800,24737.8,24738.3,24736.8,24737.8,18
1784860860,24736.8,24738.3,24733.8,24737.8,24
1784860920,24736.8,24738.8,24736.8,24738.8,14
1784860980,24739.3,24739.3,24735.3,24737.3,38
1784861040,24736.3,24736.3,24729.8,24729.8,30
1784861100,24728.8,24729.3,24724.8,24724.8,26
1784861160,24723.8,24726.8,24719.3,24719.3,22
1784861220,24714.8,24721.8,24714.8,24721.8,14
1784861280,24718.8,24718.8,24708.8,24708.8,52
1784861340,24711.3,24712.3,24707.3,24707.8,38
1784861400,24708.3,24711.3,24706.8,24710.8,38
1784861460,24709.8,24713.8,24709.8,24713.8,56
1784861520,24714.3,24714.8,24708.3,24710.3,46
1784861580,24711.3,24712.3,24708.8,24709.3,28
1784861640,24708.8,24709.3,24703.8,24705.8,32
1784861700,24704.8,24716.8,24704.8,24712.8,48
1784861760,24712.3,24715.8,24710.8,24710.8,48
1784861820,24709.8,24711.8,24708.3,24708.3,20
1784861880,24708.8,24708.8,24701.3,24705.3,24
1784861940,24705.8,24705.8,24704.3,24705.3,20
1784862000,24705.8,24707.3,24701.8,24706.3,64
1784862060,24706.8,24707.3,24701.3,24701.8,60
1784862120,24702.3,24702.3,24700.3,24701.3,32
1784862180,24702.8,24705.3,24695.8,24703.8,56
1784862240,24702.3,24708.3,24702.3,24706.3,68
1784862300,24705.8,24711.3,24705.8,24709.8,42
1784862360,24709.3,24710.8,24705.8,24706.8,50
1784862420,24709.3,24711.3,24706.8,24709.8,54
1784862480,24710.8,24712.3,24707.3,24709.3,64
1784862540,24707.8,24707.8,24701.8,24701.8,24
1784862600,24702.3,24706.8,24702.3,24704.3,44
1784862660,24702.8,24710.8,24700.3,24709.3,58
1784862720,24708.3,24713.8,24708.3,24713.8,68
1784862780,24713.3,24713.8,24710.8,24712.3,26
1784862840,24712.8,24715.8,24712.3,24713.3,46
1784862900,24712.8,24717.3,24712.8,24717.3,68
1784862960,24718.3,24723.8,24717.3,24723.8,54
1784863020,24725.3,24731.3,24724.8,24730.3,46
1784863080,24729.8,24732.3,24727.3,24727.8,58
1784863140,24727.3,24728.8,24724.8,24725.3,32
1784863200,24725.8,24725.8,24724.3,24725.3,20
1784863260,24723.3,24725.8,24719.3,24725.8,30
1784863320,24725.3,24730.8,24725.3,24728.3,48
1784863380,24727.8,24727.8,24721.3,24722.8,38
1784863440,24722.3,24727.3,24722.3,24723.8,44
1784863500,24724.3,24730.8,24723.3,24730.8,82
1784863560,24729.3,24732.3,24728.3,24728.3,26
1784863620,24729.8,24733.3,24729.8,24732.3,20
1784863680,24733.3,24733.3,24727.8,24727.8,52
1784863740,24729.8,24730.3,24726.3,24727.8,58
1784863800,24728.3,24729.3,24725.8,24726.8,62
1784863860,24728.8,24732.3,24726.3,24727.8,64
1784863920,24727.3,24728.8,24716.3,24716.8,78
1784863980,24716.3,24724.3,24716.3,24716.8,78
1784864040,24715.8,24720.3,24713.8,24719.8,70
1784864100,24720.3,24728.3,24720.3,24724.8,90
1784864160,24723.3,24723.8,24717.3,24721.8,80
1784864220,24722.3,24722.3,24720.3,24722.3,38
1784864280,24721.3,24723.8,24716.8,24723.8,62
1784864340,24724.3,24731.3,24724.3,24725.8,52
1784864400,24726.8,24728.3,24722.3,24726.3,36
1784864460,24725.8,24725.8,24721.3,24723.8,50
1784864520,24722.3,24726.8,24722.3,24726.8,20
1784864580,24723.3,24724.8,24720.3,24723.3,48
1784864640,24722.8,24723.3,24718.3,24721.3,46
1784864700,24720.8,24721.3,24715.3,24721.3,42
1784864760,24719.8,24729.3,24719.8,24729.3,92
1784864820,24729.8,24732.3,24726.3,24726.8,48
1784864880,24726.3,24729.8,24725.8,24728.3,60
1784864940,24729.3,24730.3,24728.3,24729.3,20
1784865000,24728.3,24729.8,24727.3,24728.8,66
1784865060,24729.3,24729.8,24724.8,24727.3,58
1784865120,24728.3,24728.8,24724.8,24728.8,42
1784865180,24727.8,24729.8,24726.3,24728.8,52
1784865240,24729.3,24729.3,24722.3,24724.3,56
1784865300,24723.8,24723.8,24717.8,24718.8,28
1784865360,24718.3,24718.8,24713.3,24714.3,34
1784865420,24713.8,24713.8,24709.3,24710.8,32
1784865480,24711.3,24712.8,24710.8,24712.8,10
1784865540,24712.3,24713.8,24710.3,24713.3,42
1784865600,24713.8,24713.8,24707.8,24709.3,52
1784865660,24708.3,24708.8,24706.3,24706.8,8
1784865720,24705.8,24709.3,24705.3,24707.8,36
1784865780,24708.3,24708.8,24707.3,24708.8,26
1784865840,24707.8,24708.3,24707.8,24708.3,4
1784865900,24708.8,24721.3,24708.3,24720.3,40
1784865960,24720.8,24725.3,24718.3,24718.8,40
1784866020,24717.8,24723.8,24717.8,24723.3,26
1784866080,24724.8,24726.8,24722.3,24723.8,30
1784866140,24724.8,24724.8,24722.8,24724.8,12
1784866200,24722.3,24723.8,24719.8,24719.8,16
1784866260,24718.8,24720.3,24716.8,24717.3,34
1784866320,24716.3,24717.3,24708.3,24711.3,46
1784866380,24709.3,24711.8,24709.3,24710.8,16
1784866440,24709.8,24710.8,24706.3,24707.3,22
1784866500,24706.3,24708.8,24706.3,24706.8,12
1784866560,24708.8,24710.3,24708.8,24710.3,4
1784866620,24709.3,24717.8,24709.3,24715.8,18
1784866680,24715.3,24716.3,24712.8,24712.8,32
1784866740,24711.3,24712.3,24710.3,24711.3,20
1784866800,24710.8,24711.3,24707.3,24708.8,26
1784866860,24708.3,24708.3,24707.3,24708.3,6
1784866920,24708.8,24717.8,24708.3,24716.3,44
1784866980,24716.8,24723.8,24716.8,24722.8,46
1784867040,24723.8,24728.8,24722.8,24727.8,26
1784867100,24728.8,24728.8,24726.3,24728.3,10
1784867160,24727.3,24728.3,24724.8,24728.3,24
1784867220,24727.3,24737.8,24727.3,24729.3,32
1784867280,24729.8,24736.3,24729.8,24732.8,42
1784867340,24732.3,24735.8,24731.3,24731.3,32
1784867400,24730.3,24730.3,24728.3,24729.3,30
1784867460,24729.8,24731.8,24728.3,24731.8,46
1784867520,24732.3,24732.3,24727.8,24727.8,40
1784867580,24728.3,24729.3,24720.3,24724.3,46
1784867640,24727.8,24728.3,24725.8,24727.8,38
1784867700,24727.3,24727.8,24724.3,24725.8,36
1784867760,24727.3,24730.8,24724.3,24724.3,38
1784867820,24725.3,24725.3,24721.8,24721.8,16
1784867880,24720.8,24722.3,24720.8,24721.3,8
1784867940,24719.8,24719.8,24715.3,24715.3,14
1784868000,24716.3,24717.8,24709.3,24709.3,30
1784868060,24710.3,24710.8,24700.3,24700.3,34
1784868120,24701.3,24704.8,24701.3,24704.8,8
1784868180,24707.3,24708.8,24707.3,24708.8,4
1784868240,24707.8,24712.3,24707.8,24711.8,18
1784868300,24712.8,24715.8,24710.3,24711.8,40
1784868360,24712.3,24713.3,24708.3,24709.3,34
1784868420,24711.3,24717.3,24708.3,24711.3,54
1784868480,24711.8,24711.8,24705.8,24705.8,30
1784868540,24716.8,24718.8,24716.8,24716.8,6
1784868600,24715.8,24726.8,24715.8,24720.3,38
1784868660,24718.8,24721.3,24718.8,24720.8,28
1784868720,24722.3,24728.3,24720.8,24728.3,44
1784868780,24729.3,24730.3,24727.3,24730.3,26
1784868840,24729.3,24735.3,24729.3,24734.3,22
1784868900,24735.3,24736.3,24731.8,24732.3,40
1784868960,24731.3,24733.8,24730.8,24730.8,18
1784869020,24732.3,24732.8,24732.3,24732.8,8
1784869080,24733.3,24739.3,24733.3,24737.8,18
1784869140,24737.3,24740.8,24735.3,24740.3,24
1784869200,24741.8,24744.3,24740.3,24740.3,50
1784869260,24739.3,24740.3,24734.3,24734.3,36
1784869320,24733.8,24737.8,24733.8,24736.3,32
1784869380,24735.8,24742.3,24735.8,24739.3,22
1784869440,24735.8,24736.8,24735.3,24736.3,12
1784869500,24737.8,24740.3,24737.8,24738.8,16
1784869560,24739.8,24748.3,24739.8,24747.8,26
1784869620,24747.3,24756.8,24747.3,24756.8,62
1784869680,24757.3,24761.3,24754.8,24757.8,32
1784869740,24765.3,24765.3,24756.8,24757.3,28
1784869800,24757.8,24759.3,24754.8,24756.3,46
1784869860,24757.3,24757.3,24757.3,24757.3,2
1784869920,24761.8,24762.3,24759.8,24761.8,8
1784869980,24759.3,24761.8,24756.8,24759.3,36
1784870040,24758.8,24760.3,24750.8,24760.3,40
1784870100,24759.8,24759.8,24751.8,24756.3,52
1784870160,24755.3,24758.3,24751.8,24757.8,50
1784870220,24759.8,24768.3,24759.8,24765.3,48
1784870280,24766.3,24767.3,24756.3,24758.3,60
1784870340,24758.8,24766.3,24756.8,24764.8,76
1784870400,24763.3,24766.3,24761.8,24766.3,32
1784870460,24766.8,24770.8,24765.8,24767.3,46
1784870520,24767.8,24771.3,24767.8,24771.3,18
1784870580,24769.8,24769.8,24766.3,24767.8,18
1784870640,24766.8,24770.3,24765.3,24768.8,50
1784870700,24767.8,24768.3,24764.3,24767.8,50
1784870760,24767.3,24773.8,24767.3,24768.8,44
1784870820,24772.3,24776.3,24769.3,24770.3,42
1784870880,24770.8,24772.8,24770.3,24770.8,34
1784870940,24771.8,24772.3,24767.3,24769.3,38
1784871000,24768.3,24773.8,24767.8,24769.3,72
1784871060,24767.8,24771.3,24767.8,24769.8,50
1784871120,24770.3,24771.8,24764.3,24764.3,46
1784871180,24763.3,24763.3,24757.8,24761.3,32
1784871240,24762.8,24766.8,24758.8,24766.8,38
1784871300,24767.3,24767.3,24753.8,24754.8,46
1784871360,24755.8,24759.3,24752.8,24758.3,34
1784871420,24757.8,24761.8,24757.3,24759.3,32
1784871480,24757.8,24762.8,24756.3,24762.3,56
1784871540,24762.8,24766.8,24756.8,24765.8,66
1784871600,24766.8,24766.8,24762.8,24764.3,64
1784871660,24763.3,24763.8,24759.3,24760.8,46
1784871720,24759.8,24766.3,24756.3,24766.3,50
1784871780,24765.3,24771.8,24765.3,24769.3,42
1784871840,24770.3,24775.3,24768.8,24773.8,72
1784871900,24773.3,24776.8,24771.8,24776.3,50
1784871960,24777.8,24779.3,24775.3,24778.8,18
1784872020,24779.3,24791.3,24776.8,24787.3,58
1784872080,24786.3,24788.8,24783.3,24786.3,32
1784872140,24785.8,24787.8,24779.8,24779.8,54
1784872200,24780.3,24781.8,24776.3,24777.8,60
1784872260,24780.8,24783.8,24774.3,24774.3,62
1784872320,24773.3,24773.3,24771.3,24772.3,44
1784872380,24771.8,24776.8,24771.8,24775.3,44
1784872440,24774.8,24775.3,24769.8,24770.3,36
1784872500,24764.8,24767.3,24760.8,24765.3,60
1784872560,24764.3,24770.3,24761.8,24766.8,50
1784872620,24766.3,24766.3,24761.3,24761.8,52
1784872680,24762.3,24762.8,24757.3,24757.3,52
1784872740,24756.3,24758.8,24755.3,24758.8,26
1784872800,24758.3,24758.3,24750.8,24755.8,48
1784872860,24756.6,24763.6,24747.6,24748.1,80
1784872920,24752.1,24755.1,24747.1,24752.1,112
1784872980,24752.6,24752.6,24741.1,24741.1,58
1784873040,24740.6,24740.6,24732.6,24735.1,102
1784873100,24734.6,24740.1,24730.1,24734.6,106
1784873160,24735.6,24737.6,24733.6,24735.6,88
1784873220,24736.1,24741.6,24734.1,24741.6,94
1784873280,24741.1,24749.6,24740.1,24746.6,106
1784873340,24747.1,24750.6,24746.6,24747.6,46
1784873400,24748.6,24763.6,24748.6,24763.1,84
1784873460,24764.6,24767.1,24757.6,24758.1,76
1784873520,24757.6,24762.6,24748.6,24760.1,108
1784873580,24759.6,24760.6,24751.6,24752.6,76
1784873640,24750.1,24756.6,24748.6,24750.6,64
1784873700,24751.6,24756.6,24750.1,24755.6,82
1784873760,24754.6,24760.1,24748.1,24760.1,98
1784873820,24759.6,24760.6,24754.6,24759.1,86
1784873880,24758.6,24761.6,24756.6,24759.6,84
1784873940,24760.1,24776.6,24759.6,24775.6,104
1784874000,24775.1,24784.6,24774.1,24777.6,136
1784874060,24776.6,24786.6,24776.6,24782.6,106
1784874120,24781.6,24784.1,24780.6,24783.6,78
1784874180,24785.1,24785.1,24777.6,24781.1,64
1784874240,24780.6,24782.6,24775.6,24777.1,71
1784874300,24776.1,24782.6,24776.1,24779.1,110
1784874360,24778.6,24780.1,24765.6,24767.6,70
1784874420,24768.6,24768.6,24757.6,24757.6,86
1784874480,24756.6,24757.6,24745.6,24746.6,96
1784874540,24745.6,24749.6,24740.6,24745.6,86
1784874600,24747.6,24747.6,24736.6,24739.6,124
1784874660,24739.1,24747.1,24737.6,24746.1,114
1784874720,24746.6,24749.6,24740.6,24741.6,96
1784874780,24740.6,24746.6,24740.6,24743.6,78
1784874840,24744.1,24756.6,24743.6,24756.6,98
1784874900,24758.6,24762.6,24756.6,24759.6,102
1784874960,24760.6,24767.1,24757.6,24764.1,108
1784875020,24764.6,24764.6,24757.6,24759.1,80
1784875080,24757.6,24758.6,24754.6,24757.1,65
1784875140,24757.6,24757.6,24752.1,24753.1,56
1784875200,24753.6,24758.1,24746.6,24750.6,54
1784875260,24751.1,24751.1,24745.6,24749.6,64
1784875320,24751.6,24751.6,24747.6,24749.6,70
1784875380,24750.1,24750.1,24742.6,24745.6,52
1784875440,24746.6,24746.6,24741.6,24741.6,62
1784875500,24743.1,24743.6,24735.6,24737.6,98
1784875560,24739.1,24744.6,24737.6,24739.6,88
1784875620,24738.6,24739.6,24733.1,24738.6,64
1784875680,24738.1,24739.1,24725.6,24727.1,74
1784875740,24726.6,24733.6,24718.1,24721.6,96
1784875800,24721.1,24726.6,24718.6,24722.6,128
1784875860,24723.6,24726.6,24709.6,24711.1,118
1784875920,24712.1,24723.6,24711.6,24723.1,92
1784875980,24722.6,24733.6,24719.6,24733.6,106
1784876040,24732.6,24738.6,24730.6,24735.1,94
1784876100,24734.1,24734.1,24723.1,24724.6,100
1784876160,24725.6,24728.6,24719.6,24727.6,126
1784876220,24727.1,24735.6,24724.6,24735.6,106
1784876280,24737.1,24748.6,24737.1,24745.6,122
1784876340,24744.6,24756.1,24739.6,24742.6,172
1784876400,24745.6,24792.6,24738.6,24786.6,241
1784876460,24789.6,24824.6,24784.1,24816.6,208
1784876520,24815.6,24835.6,24811.1,24823.1,202
1784876580,24822.1,24840.1,24816.6,24835.1,190
1784876640,24836.1,24844.1,24827.1,24831.6,182
1784876700,24830.6,24841.6,24826.6,24836.1,150
1784876760,24837.6,24848.6,24828.1,24834.6,196
1784876820,24835.1,24842.6,24822.6,24841.6,136
1784876880,24839.1,24842.1,24828.6,24836.6,158
1784876940,24835.6,24866.6,24835.6,24866.6,132
1784877000,24868.6,24876.1,24859.6,24863.1,177
1784877060,24863.6,24877.6,24863.6,24865.1,148
1784877120,24865.6,24882.6,24864.6,24879.6,138
1784877180,24880.1,24894.6,24880.1,24894.6,134
1784877240,24895.1,24897.6,24888.3,24895.6,124
1784877300,24897.1,24897.6,24883.1,24892.6,150
1784877360,24892.1,24894.1,24876.1,24889.6,148
1784877420,24888.1,24909.6,24882.6,24907.1,162
1784877480,24905.6,24906.1,24894.6,24897.1,160
1784877540,24896.6,24909.1,24896.6,24906.6,144
1784877600,24907.6,24911.1,24895.6,24907.6,182
1784877660,24907.1,24921.6,24900.1,24914.6,166
1784877720,24913.6,24926.1,24913.6,24918.1,116
1784877780,24917.1,24917.1,24898.6,24904.6,153
1784877840,24903.6,24919.1,24903.6,24917.6,130
1784877900,24918.6,24945.6,24918.6,24945.6,161
1784877960,24946.1,24948.6,24925.6,24926.6,144
1784878020,24927.6,24928.1,24917.1,24922.1,121
1784878080,24921.1,24922.1,24915.6,24916.6,92
1784878140,24916.1,24916.1,24910.6,24913.1,141
1784878200,24913.6,24923.1,24907.1,24921.1,118
1784878260,24920.6,24920.6,24899.6,24910.1,130
1784878320,24909.6,24916.6,24903.6,24907.1,161
1784878380,24907.6,24910.1,24896.6,24897.1,142
1784878440,24897.6,24910.6,24897.6,24908.8,147
1784878500,24911.1,24921.6,24907.6,24913.1,140
1784878560,24911.6,24921.1,24909.1,24910.1,146
1784878620,24908.6,24912.6,24894.6,24905.1,144
1784878680,24905.6,24906.6,24898.1,24899.6,139
1784878740,24900.1,24908.6,24898.1,24908.6,135
1784878800,24908.1,24909.1,24896.6,24896.6,127
1784878860,24897.1,24901.1,24889.1,24896.6,136
1784878920,24896.1,24903.6,24892.6,24894.6,112
1784878980,24894.1,24894.6,24882.1,24888.1,139
1784879040,24888.6,24900.1,24883.1,24897.6,128
1784879100,24897.1,24909.6,24895.1,24905.1,118
1784879160,24906.6,24910.1,24896.6,24907.6,128
1784879220,24907.1,24910.6,24902.6,24907.6,135
1784879280,24910.6,24914.6,24892.6,24894.6,132
1784879340,24895.6,24898.1,24889.1,24893.1,106
1784879400,24895.4,24901.4,24882.4,24883.4,138
1784879460,24884.4,24890.4,24880.4,24885.9,136
1784879520,24885.4,24886.9,24878.9,24879.4,142
1784879580,24878.9,24900.4,24878.4,24899.9,120
1784879640,24900.4,24905.9,24897.9,24898.9,126
1784879700,24898.4,24905.4,24886.9,24887.9,106
1784879760,24887.4,24901.4,24885.4,24900.4,116
1784879820,24898.9,24899.9,24894.9,24894.9,58
1784879880,24894.4,24902.4,24893.4,24897.9,110
1784879940,24897.4,24898.4,24884.4,24888.9,96
1784880000,24889.9,24889.9,24875.9,24876.4,102
1784880060,24874.9,24874.9,24861.4,24862.9,106
1784880120,24862.4,24884.4,24860.4,24882.4,136
1784880180,24883.4,24883.4,24870.9,24875.4,132
1784880240,24875.9,24880.4,24873.4,24876.4,139
1784880300,24875.9,24879.4,24860.4,24861.9,140
1784880360,24862.9,24876.9,24861.9,24876.4,140
1784880420,24877.4,24885.4,24875.9,24882.4,130
1784880480,24883.4,24891.4,24879.4,24891.4,142
1784880540,24890.9,24898.9,24890.9,24892.9,146
1784880600,24893.4,24899.4,24890.4,24890.4,132
1784880660,24891.4,24891.9,24881.9,24886.9,144
1784880720,24886.4,24888.4,24873.4,24879.4,170
1784880780,24879.9,24896.9,24879.4,24894.4,144
1784880840,24894.9,24900.4,24893.9,24895.4,140
1784880900,24894.4,24902.9,24891.4,24895.9,152
1784880960,24896.9,24912.9,24893.9,24912.9,138
1784881020,24913.4,24913.4,24903.9,24904.4,138
1784881080,24903.9,24909.4,24885.9,24886.9,146
1784881140,24887.9,24898.4,24887.4,24895.9,120
1784881200,24896.9,24903.9,24890.4,24903.9,136
1784881260,24903.4,24906.9,24899.4,24901.9,130
1784881320,24902.4,24910.4,24902.4,24908.4,140
1784881380,24907.9,24910.9,24903.4,24908.4,135
1784881440,24908.9,24914.4,24905.4,24914.4,128
1784881500,24913.9,24915.9,24904.4,24909.9,135
1784881560,24910.4,24929.9,24909.4,24923.4,125
1784881620,24922.9,24926.4,24922.4,24924.9,96
1784881680,24925.4,24931.9,24925.4,24930.4,114
1784881740,24929.9,24942.4,24929.9,24939.9,118
1784881800,24936.4,24950.4,24934.9,24949.4,92
1784881860,24947.9,24958.4,24945.4,24953.9,128
1784881920,24953.4,24958.9,24950.9,24955.4,118
1784881980,24955.9,24961.9,24954.4,24960.9,129
1784882040,24959.4,24968.9,24956.6,24958.9,120
1784882100,24957.9,24962.9,24948.4,24951.4,129
1784882160,24952.4,24961.4,24952.4,24956.4,109
1784882220,24955.4,24968.4,24955.4,24965.4,130
1784882280,24964.4,24964.9,24959.9,24964.9,116
1784882340,24966.4,24972.4,24963.4,24963.4,115
1784882400,24963.9,24972.9,24960.9,24962.4,116
1784882460,24963.9,24964.4,24953.9,24957.4,136
1784882520,24958.4,24961.9,24949.4,24951.4,118
1784882580,24950.9,24951.4,24937.9,24940.4,114
1784882640,24939.4,24945.4,24937.4,24942.9,118
1784882700,24943.4,24959.4,24943.4,24959.4,111
1784882760,24959.4,24962.4,24955.4,24962.4,109
1784882820,24958.9,24967.9,24957.4,24959.4,118
1784882880,24959.9,24959.9,24940.4,24941.4,108
1784882940,24941.9,24947.4,24941.4,24947.4,120
1784883000,24946.9,24958.4,24946.4,24950.4,118
1784883060,24949.9,24957.9,24946.4,24956.4,112
1784883120,24955.9,24956.4,24939.4,24946.9,112
1784883180,24947.4,24953.4,24935.6,24939.4,113
1784883240,24937.4,24942.9,24934.9,24941.9,100
1784883300,24940.4,24946.9,24938.9,24946.4,118
1784883360,24947.4,24949.4,24939.4,24941.4,122
1784883420,24942.4,24945.4,24937.4,24941.4,94
1784883480,24942.4,24943.4,24936.4,24943.4,106
1784883540,24942.9,24947.4,24939.4,24944.4,126
1784883600,24945.4,24948.4,24937.4,24941.9,148
1784883660,24941.4,24942.9,24933.4,24940.4,130
1784883720,24941.4,24956.9,24937.9,24956.9,134
1784883780,24955.4,24961.4,24950.4,24960.4,116
1784883840,24961.4,24962.9,24957.4,24961.4,114
1784883900,24960.9,24971.4,24959.4,24962.9,112
1784883960,24963.9,24970.9,24961.4,24970.9,124
1784884020,24973.4,24976.9,24970.4,24974.9,114
1784884080,24973.9,24973.9,24966.4,24967.9,124
1784884140,24967.4,24982.9,24967.4,24979.9,132
1784884200,24978.4,24981.9,24977.9,24981.4,104
1784884260,24980.9,24981.9,24975.9,24978.9,104
1784884320,24977.9,24978.9,24967.4,24969.9,116
1784884380,24968.9,24971.4,24966.4,24968.4,96
1784884440,24969.4,24969.9,24958.4,24968.4,127
1784884500,24967.4,24972.9,24963.4,24963.9,110
1784884560,24963.4,24972.4,24963.4,24971.4,90
1784884620,24972.4,24980.4,24972.4,24975.4,112
1784884680,24974.9,24974.9,24964.9,24964.9,112
1784884740,24965.4,24968.4,24955.4,24967.4,120
1784884800,24966.4,24968.4,24963.4,24967.4,106
1784884860,24966.9,24986.9,24966.9,24986.9,112
1784884920,24986.4,24986.4,24976.4,24978.4,98
1784884980,24977.9,24980.9,24975.4,24980.9,92
1784885040,24981.4,24981.4,24976.9,24977.9,98
1784885100,24976.9,24982.4,24974.9,24978.4,104
1784885160,24977.9,24980.4,24973.4,24975.4,100
1784885220,24974.4,24975.4,24966.4,24970.9,102
1784885280,24971.4,24972.9,24968.9,24971.4,94
1784885340,24970.9,24975.9,24968.9,24972.9,102
1784885400,24971.4,24977.4,24965.4,24972.9,134
1784885460,24973.4,24979.4,24973.4,24976.4,106
1784885520,24976.9,24987.4,24975.9,24986.9,110
1784885580,24985.9,24992.9,24984.9,24990.9,88
1784885640,24990.4,24992.9,24987.4,24988.4,108
1784885700,24990.4,24995.9,24985.9,24988.9,106
1784885760,24989.4,24994.9,24987.9,24992.9,98
1784885820,24993.9,24998.4,24991.9,24997.4,104
1784885880,24998.4,24999.9,24993.9,24997.9,82
1784885940,24998.9,25006.4,24998.4,25004.9,64
1784886000,25005.9,25006.4,24999.9,24999.9,102
1784886060,25000.9,25001.9,24994.9,24996.4,86
1784886120,24995.4,24996.9,24990.4,24993.9,100
1784886180,24994.4,24998.4,24993.4,24993.9,100
1784886240,24993.4,24996.4,24988.4,24988.9,94
1784886300,24989.9,24995.4,24989.9,24991.4,102
1784886360,24990.4,24994.4,24988.9,24992.9,90
1784886420,24993.9,25003.4,24993.4,24995.4,79
1784886480,24994.4,24999.4,24991.4,24993.9,114
1784886540,24994.4,25002.9,24993.9,24994.9,83
1784886600,24995.9,25005.4,24995.9,25002.9,84
1784886660,25001.9,25006.9,24994.9,24994.9,112
1784886720,24994.4,25002.9,24994.4,24999.9,114
1784886780,25000.9,25005.9,24999.4,25001.9,114
1784886840,25001.4,25003.4,24994.4,24997.4,106
1784886900,24995.9,25002.4,24995.9,25002.4,120
1784886960,25000.4,25006.4,25000.4,25003.4,112
1784887020,25002.9,25004.9,24998.4,25003.9,140
1784887080,25004.4,25005.9,25002.9,25004.4,72
1784887140,25002.9,25005.4,24993.4,24994.4,112
1784887200,24995.9,24999.9,24991.9,24995.9,118
1784887260,24995.4,24995.4,24988.9,24990.4,120
1784887320,24989.9,24991.4,24985.4,24986.9,124
1784887380,24987.4,24991.4,24985.4,24985.4,84
1784887440,24986.9,24986.9,24983.9,24986.4,52
1784887500,24985.9,24987.9,24982.9,24985.4,78
1784887560,24983.9,24995.4,24983.9,24990.4,112
1784887620,24989.9,24990.9,24983.9,24986.9,104
1784887680,24985.4,24986.4,24977.4,24977.9,92
1784887740,24977.4,24980.4,24976.4,24977.9,82
1784887800,24978.9,24980.9,24967.9,24967.9,78
1784887860,24965.6,24974.9,24965.6,24972.9,111
1784887920,24973.4,24973.4,24964.4,24968.9,98
1784887980,24969.4,24969.4,24963.9,24963.9,92
1784888040,24962.4,24967.9,24956.9,24965.4,94
1784888100,24964.4,24967.4,24961.4,24961.9,72
1784888160,24962.4,24962.9,24955.9,24956.4,88
1784888220,24956.9,24962.9,24955.9,24961.4,86
1784888280,24961.9,24962.4,24953.4,24956.9,88
1784888340,24956.4,24957.4,24952.9,24953.4,86
1784888400,24954.4,24954.4,24943.9,24946.9,98
1784888460,24947.4,24952.9,24944.4,24947.4,99
1784888520,24947.9,24951.9,24945.9,24946.4,108
1784888580,24947.4,24957.4,24946.9,24957.4,112
1784888640,24956.9,24961.4,24955.4,24955.9,96
1784888700,24954.9,24956.9,24950.4,24953.4,106
1784888760,24953.9,24957.4,24952.4,24956.4,106
1784888820,24955.9,24963.9,24955.9,24963.4,74
1784888880,24962.4,24964.4,24959.4,24963.4,54
1784888940,24962.9,24968.9,24962.4,24966.9,82
1784889000,24967.4,24973.9,24965.9,24973.4,107
1784889060,24972.9,24981.4,24972.6,24980.9,76
1784889120,24979.9,24981.9,24973.4,24976.9,103
1784889180,24977.9,24982.9,24975.9,24975.9,98
1784889240,24975.4,24975.4,24955.4,24957.9,127
1784889300,24958.4,24958.9,24950.4,24952.4,94
1784889360,24952.9,24959.4,24951.9,24956.4,90
1784889420,24957.4,24964.9,24955.4,24962.9,114
1784889480,24963.4,24964.9,24960.9,24963.4,106
1784889540,24962.9,24963.9,24958.4,24963.4,90
1784889600,24962.9,24968.9,24962.9,24963.6,101
1784889660,24965.9,24970.9,24963.9,24970.9,106
1784889720,24969.4,24970.4,24962.9,24964.4,90
1784889780,24963.9,24970.4,24963.4,24970.4,108
1784889840,24971.4,24973.9,24966.9,24966.9,69
1784889900,24968.4,24973.9,24968.4,24971.4,76
1784889960,24970.9,24975.4,24968.4,24975.4,104
1784890020,24974.9,24976.9,24973.9,24974.9,82
1784890080,24975.4,24979.9,24972.4,24978.4,74
1784890140,24977.9,24978.4,24973.9,24974.9,90
1784890200,24974.4,24979.9,24973.9,24974.9,100
1784890260,24973.4,24976.9,24964.9,24966.9,122
1784890320,24965.9,24966.4,24961.9,24964.9,116
1784890380,24964.4,24965.4,24960.9,24964.4,112
1784890440,24964.9,24965.4,24961.4,24962.4,86
1784890500,24961.9,24965.4,24961.4,24962.9,86
1784890560,24963.4,24972.4,24962.9,24971.4,88
1784890620,24969.9,24974.4,24969.4,24972.4,94
1784890680,24971.9,24975.9,24968.9,24971.9,88
1784890740,24972.9,24972.9,24962.9,24962.9,104
1784890800,24960.9,24965.9,24959.4,24962.9,136
1784890860,24962.4,24973.9,24957.4,24970.9,138
1784890920,24971.4,24976.9,24968.9,24976.4,134
1784890980,24975.9,24983.9,24974.4,24982.9,78
1784891040,24981.9,24986.4,24968.4,24969.9,116
1784891100,24967.4,24975.4,24966.9,24972.4,134
1784891160,24970.9,24973.9,24963.4,24966.4,110
1784891220,24967.4,24968.9,24953.9,24960.4,137
1784891280,24959.9,24961.4,24943.4,24943.4,102
1784891340,24942.4,24948.4,24939.4,24943.4,98
1784891400,24944.4,24948.4,24939.9,24945.4,106
1784891460,24945.9,24955.9,24945.4,24955.4,122
1784891520,24954.9,24958.4,24954.4,24956.9,82
1784891580,24955.9,24956.4,24952.4,24953.4,100
1784891640,24953.9,24957.4,24951.4,24953.4,88
1784891700,24954.4,24954.9,24946.9,24949.9,80
1784891760,24950.4,24950.4,24944.9,24948.4,100
1784891820,24948.9,24948.9,24945.4,24946.9,76
1784891880,24947.4,24953.4,24943.9,24953.4,112
1784891940,24952.9,24952.9,24943.9,24943.9,116
1784892000,24943.4,24945.4,24937.4,24942.4,86
1784892060,24942.9,24942.9,24928.4,24930.4,112
1784892120,24930.9,24942.4,24930.9,24939.9,100
1784892180,24940.4,24942.9,24938.4,24938.9,86
1784892240,24937.4,24943.4,24934.9,24941.9,148
1784892300,24941.4,24941.4,24932.9,24935.4,96
1784892360,24936.4,24937.9,24925.9,24925.9,89
1784892420,24924.1,24936.4,24924.1,24930.4,97
1784892480,24931.4,24933.9,24928.4,24931.4,100
1784892540,24931.9,24941.4,24931.4,24941.4,70
1784892600,24940.9,24947.4,24936.4,24944.4,103
1784892660,24944.9,24947.9,24939.4,24940.4,130
1784892720,24939.4,24949.4,24939.4,24948.4,78
1784892780,24949.4,24949.4,24938.4,24946.4,96
1784892840,24945.9,24950.9,24945.9,24946.9,90
1784892900,24947.4,24949.4,24936.4,24939.9,102
1784892960,24937.4,24947.4,24937.4,24947.4,102
1784893020,24946.4,24946.4,24928.9,24928.9,124
1784893080,24930.4,24932.4,24925.4,24927.4,126
1784893140,24928.4,24931.4,24925.4,24926.4,108
1784893200,24923.4,24928.4,24921.9,24923.4,114
1784893260,24923.9,24925.9,24921.4,24923.4,86
1784893320,24922.4,24927.4,24917.4,24926.9,100
1784893380,24928.4,24935.9,24926.9,24935.9,98
1784893440,24936.9,24938.4,24927.4,24928.4,96
1784893500,24929.4,24941.4,24926.9,24939.4,98
1784893560,24938.9,24939.4,24936.4,24938.4,82
1784893620,24938.9,24938.9,24922.4,24926.9,114
1784893680,24926.4,24936.4,24926.4,24931.9,114
1784893740,24933.4,24933.4,24926.9,24928.9,120
1784893800,24927.4,24927.4,24917.9,24921.9,100
1784893860,24920.4,24936.4,24920.4,24934.4,96
1784893920,24933.9,24936.4,24931.4,24931.4,98
1784893980,24930.9,24932.4,24927.4,24929.4,90
1784894040,24928.4,24938.4,24927.4,24935.4,80
1784894100,24934.4,24939.4,24933.9,24937.4,74
1784894160,24936.9,24937.9,24931.4,24932.9,94
1784894220,24932.4,24939.4,24931.4,24936.4,90
1784894280,24937.4,24973.9,24934.9,24973.9,158
1784894340,24974.4,24986.9,24967.9,24968.9,240
1784894400,24971.4,24972.9,24961.9,24965.9,172
1784894460,24965.4,24966.4,24955.4,24959.9,150
1784894520,24958.4,24960.9,24945.9,24950.4,163
1784894580,24951.4,24954.9,24949.9,24953.4,108
1784894640,24952.9,24953.9,24947.4,24949.4,146
1784894700,24949.9,24949.9,24939.4,24945.4,111
1784894760,24944.9,24954.4,24943.9,24954.4,122
1784894820,24953.9,24967.4,24953.9,24967.4,122
1784894880,24965.6,24967.4,24960.4,24963.4,102
1784894940,24964.4,24976.4,24963.9,24973.9,123
1784895000,24972.9,24976.9,24969.4,24976.4,90
1784895060,24975.9,24982.4,24975.4,24980.4,77
1784895120,24981.4,24983.4,24975.4,24975.9,122
1784895180,24976.4,24983.4,24975.4,24977.4,88
1784895240,24977.9,24985.9,24977.9,24980.4,108
1784895300,24979.9,24982.4,24975.9,24980.9,102
1784895360,24979.9,24987.4,24976.4,24987.4,98
1784895420,24986.9,24987.4,24979.4,24980.9,114
1784895480,24981.4,24990.4,24981.4,24985.4,122
1784895540,24986.4,24988.4,24974.4,24976.4,102
1784895600,24975.9,24976.4,24965.6,24966.4,109
1784895660,24965.4,24970.4,24962.4,24963.4,98
1784895720,24963.9,24965.4,24959.9,24960.9,96
1784895780,24961.4,24961.9,24953.9,24956.4,92
1784895840,24955.9,24961.9,24953.4,24960.4,121
1784895900,24960.9,24960.9,24933.4,24951.4,144
1784895960,24951.9,24957.9,24950.9,24953.9,105
1784896020,24954.4,24958.4,24952.4,24956.9,108
1784896080,24956.4,24963.4,24954.4,24960.4,97
1784896140,24961.4,24962.4,24956.9,24957.4,84
1784896200,24956.4,24957.4,24944.9,24954.9,137
1784896260,24955.4,24961.4,24952.9,24959.9,90
1784896320,24960.4,24966.4,24957.9,24965.9,92
1784896380,24966.4,24969.9,24963.9,24963.9,112
1784896440,24964.4,24965.9,24953.4,24953.4,132
1784896500,24952.9,24957.4,24952.4,24956.4,126
1784896560,24955.9,24956.4,24945.4,24948.4,88
1784896620,24948.9,24956.4,24947.4,24955.4,96
1784896680,24953.4,24955.4,24946.4,24955.4,102
1784896740,24954.4,24960.9,24952.4,24953.4,114
1784896800,24953.9,24954.4,24950.9,24953.4,106
1784896860,24952.4,24956.9,24943.4,24943.4,118
1784896920,24944.9,24946.9,24936.4,24937.4,92
1784896980,24937.9,24941.4,24935.9,24939.4,96
1784897040,24939.9,24942.9,24936.4,24937.9,108
1784897100,24937.4,24945.4,24937.4,24942.9,104
1784897160,24943.4,24943.4,24932.4,24934.4,98
1784897220,24933.4,24935.4,24927.4,24934.4,108
1784897280,24935.4,24935.4,24930.4,24932.4,85
1784897340,24932.9,24935.4,24929.4,24931.4,92
1784897400,24931.9,24936.9,24929.4,24931.4,98
1784897460,24930.9,24932.9,24928.4,24929.4,92
1784897520,24929.9,24931.9,24922.4,24924.9,94
1784897580,24925.4,24927.4,24921.9,24921.9,88
1784897640,24922.4,24924.9,24919.4,24921.4,92
1784897700,24920.9,24923.4,24912.4,24914.4,128
1784897760,24913.4,24916.4,24909.4,24910.4,120
1784897820,24909.4,24914.9,24906.9,24911.4,114
1784897880,24910.9,24915.4,24910.4,24911.4,122
1784897940,24911.9,24914.9,24907.4,24914.4,106
1784898000,24913.9,24929.9,24913.9,24929.9,140
1784898060,24929.4,24930.9,24925.9,24927.9,118
1784898120,24928.4,24941.9,24927.9,24940.9,120
1784898180,24940.4,24940.4,24925.9,24926.4,94
1784898240,24926.9,24927.9,24923.9,24925.4,119
1784898300,24923.9,24928.9,24920.4,24927.9,106
1784898360,24927.4,24927.9,24922.9,24926.4,108
1784898420,24924.4,24924.9,24915.4,24916.4,132
1784898480,24915.4,24920.4,24913.4,24920.4,118
1784898540,24919.9,24922.9,24915.9,24915.9,88
1784898600,24915.4,24926.4,24915.4,24924.4,110
1784898660,24924.9,24929.4,24923.9,24927.4,90
1784898720,24927.9,24931.4,24926.9,24930.9,102
1784898780,24931.4,24935.9,24930.9,24932.4,79
1784898840,24932.9,24932.9,24929.4,24929.9,104
1784898900,24928.9,24936.9,24927.4,24936.9,114
1784898960,24936.4,24938.9,24931.9,24934.9,90
1784899020,24935.9,24946.9,24935.9,24945.9,87
1784899080,24946.4,24948.9,24942.4,24942.4,94
1784899140,24941.9,24941.9,24936.9,24939.9,104
1784899200,24939.4,24949.9,24939.4,24949.9,118
1784899260,24949.4,24953.4,24947.4,24947.9,112
1784899320,24946.9,24952.9,24945.9,24949.4,122
1784899380,24949.9,24952.9,24949.4,24950.4,98
1784899440,24950.9,24956.4,24947.4,24956.4,116
1784899500,24956.9,24963.1,24949.9,24961.5,106
1784899560,24962,24963.5,24956.5,24963,114
1784899620,24962.5,24971,24960,24971,124
1784899680,24969.5,24972,24965.5,24971,120
1784899740,24970.5,24973,24965,24965,130
1784899800,24965.5,24978,24963.5,24968,172
1784899860,24968.5,24969.5,24952,24954,169
1784899920,24954.5,24971,24952.5,24957,172
1784899980,24958,24967,24956,24961,162
1784900040,24960,24966.5,24957.5,24962,170
1784900100,24961,24971,24960,24962,162
1784900160,24961.5,24972,24960,24971,190
1784900220,24971.5,24989.5,24971.5,24987.5,164
1784900280,24988.5,24991,24981,24988,142
1784900340,24987.5,24987.5,24972,24973.5,116
1784900400,24973,24980.5,24967.5,24979,160
1784900460,24980.5,24980.5,24965,24970,182
1784900520,24969.5,24970.5,24955,24956.5,126
1784900580,24959,24959.5,24950.5,24950.5,130
1784900640,24950,24952,24944.5,24950.5,122
1784900700,24948.5,24958.5,24945,24957,145
1784900760,24957.5,24971.5,24954,24971.5,158
1784900820,24970,24977,24970,24975,148
1784900880,24974,24991,24970,24987.5,168
1784900940,24988.5,24997,24986.5,24994.5,152
1784901000,24994,24997,24978.5,24981.5,164
1784901060,24982,24982,24968.5,24969,172
1784901120,24970,24970,24961.5,24970,154
1784901180,24968,24973,24962.5,24965,156
1784901240,24966.5,24973.5,24962,24963,134
1784901300,24962,24962,24954,24956,154
1784901360,24957,24959,24949,24950,172
1784901420,24948.5,24950.5,24942,24949.5,146
1784901480,24950,24965.5,24949,24965.5,134
1784901540,24964.5,24966,24951.5,24952.5,124
1784901600,24948,24966,24943,24966,156
1784901660,24966.5,24976,24964.5,24969.5,152
1784901720,24971,24986.5,24971,24983,138
1784901780,24982.5,24988.5,24977.5,24987,136
1784901840,24986.5,24987,24957,24957,164
1784901900,24958.5,24969,24956,24966.5,154
1784901960,24967,24967,24953.5,24959.5,178
1784902020,24958.5,24970.5,24957,24970.5,194
1784902080,24972,24988,24971.5,24984,176
1784902140,24983.5,24990.5,24976,24985,165
1784902200,24984.5,24992,24984.5,24991.5,164
1784902260,24991,24992,24982.5,24990,148
1784902320,24989.5,24992,24985,24986.5,158
1784902380,24987,24998,24986.5,24992,130
1784902440,24991,25001,24991,24995,142
1784902500,24994,25000,24989,24992,148
1784902560,24991,24993,24985.2,24987.5,156
1784902620,24986,24988,24972,24985,146
1784902680,24985.5,24989,24974,24982,164
1784902740,24981,24990.5,24977,24990,150
1784902800,24991.5,24992,24978.5,24982,183
1784902860,24983,24989.5,24977.5,24983,153
1784902920,24982.5,24986,24971,24976,154
1784902980,24975.5,24979.5,24971,24978,160
1784903040,24977,24979.5,24971,24978,150
1784903100,24979,24981,24966.5,24973.5,140
1784903160,24973,24986,24969,24984.5,172
1784903220,24983,24988.5,24968,24970,158
1784903280,24969.5,24975.5,24968.5,24970,144
1784903340,24970.5,24976,24967,24967,120
1784903400,24969,24974,24966,24969.5,172
1784903460,24969,24984,24969,24983.5,162
1784903520,24985,24986,24974,24974,120
1784903580,24975,24984,24971,24981,106
1784903640,24982,24984,24975.5,24975.5,133
1784903700,24977,24991,24976,24989.5,160
1784903760,24990,24992,24974,24974,116
1784903820,24974.5,24976.5,24968,24969.5,153
1784903880,24970.5,24971.5,24962.5,24964,148
1784903940,24965,24969,24954.5,24954.5,146
1784904000,24958,24972,24958,24969.5,158
1784904060,24970,24974,24957,24968.5,164
1784904120,24969,24969,24959,24965.5,160
1784904180,24966,24971,24963.5,24969,148
1784904240,24970,24973.5,24960,24960.5,156
1784904300,24960,24960,24944,24944,144
1784904360,24942,24955,24937.5,24954,146
1784904420,24956.5,24958,24943,24946.5,144
1784904480,24946,24952.5,24943,24952,144
1784904540,24950.5,24970,24950,24969,175
1784904600,24968.5,24976,24967,24974,144
1784904660,24973,24978,24970,24974,152
1784904720,24973,24978.5,24968.5,24969,122
1784904780,24968.5,24981,24968,24977,127
1784904840,24978,24978,24966.5,24970.5,120
1784904900,24970,24984,24970,24983.5,128
1784904960,24982.5,24990.5,24982.5,24990,134
1784905020,24990.5,25002.5,24990.5,25002,130
1784905080,25001.5,25002,24996.5,24999,133
1784905140,24998.5,24998.5,24992.5,24996,162
1784905200,24997,25004,24994.5,25002.5,165
1784905260,25000.5,25001.5,24986.2,24990,148
1784905320,24989,24990.5,24983.5,24989,152
1784905380,24988.5,24989.5,24986,24989,120
1784905440,24988,24991.5,24986.5,24987.5,92
1784905500,24988.5,24994,24983.5,24992.5,112
1784905560,24990,24996,24985,24988.5,150
1784905620,24987.5,24988,24982.5,24986.5,116
1784905680,24987,24996.5,24987,24990,136
1784905740,24989,24992,24981.5,24982,130
1784905800,24981.5,25021,24980,25011,184
1784905860,25010,25042,25009,25017.5,234
1784905920,25016,25022,25012.5,25016.5,192
1784905980,25017.5,25023.5,25014.5,25022,164
1784906040,25020.5,25057,25020,25052,202
1784906100,25051.5,25078,25045.5,25069.5,218
1784906160,25066.5,25068.5,25059.5,25060,184
1784906220,25060.5,25068,25058,25059,166
1784906280,25060,25067.5,25054,25060,168
1784906340,25060.5,25066,25054,25056.5,170
1784906400,25056,25072.5,25056,25062.5,144
1784906460,25064,25074.5,25060.5,25073,150
1784906520,25072.5,25073.5,25063.5,25066.5,144
1784906580,25066,25073.5,25066,25069.5,132
1784906640,25068.5,25073.5,25066,25066,116
1784906700,25065.5,25077,25063.5,25074,126
1784906760,25073,25081.5,25073,25080.5,110
1784906820,25081,25088.5,25075.5,25083.5,132
1784906880,25086.5,25091.5,25084.5,25085,144
1784906940,25085.5,25098.5,25084.5,25090.5,158
1784907000,25090.3,25097.3,25080.8,25090.8,196
1784907060,25091.3,25104.3,25091.3,25096.3,142
1784907120,25095.8,25098.3,25088.8,25089.3,147
1784907180,25088.3,25091.3,25084.3,25088.3,152
1784907240,25087.3,25107.3,25087.3,25096.8,196
1784907300,25094.8,25102.3,25088.3,25101.3,190
1784907360,25100.8,25109.8,25099.3,25109.8,138
1784907420,25109.3,25118.3,25106.3,25117.8,138
1784907480,25118.3,25124.8,25115.3,25123.8,146
1784907540,25123.3,25128.3,25122.3,25125.3,84
1784907600,25125.8,25133.3,25123.8,25132.3,128
1784907660,25131.3,25136.8,25120.8,25129.8,122
1784907720,25129.3,25131.3,25119.8,25121.8,126
1784907780,25122.3,25124.8,25112.3,25112.3,118
1784907840,25113.8,25120.8,25113.8,25117.8,114
1784907900,25116.8,25119.8,25112.8,25114.3,130
1784907960,25113.8,25115.3,25110.3,25110.8,128
1784908020,25111.8,25115.3,25107.3,25109.3,104
1784908080,25110.3,25110.3,25106.8,25108.3,106
1784908140,25108.8,25109.3,25102.8,25104.3,106
1784908200,25105.3,25108.8,25101.8,25107.3,114
1784908260,25108.3,25110.3,25103.3,25103.3,82
1784908320,25102.8,25105.3,25095.8,25095.8,114
1784908380,25096.3,25104.3,25095.3,25104.3,102
1784908440,25104.8,25106.8,25103.8,25105.3,90
1784908500,25106.3,25108.3,25102.3,25102.3,122
1784908560,25102.8,25111.8,25102.3,25110.3,116
1784908620,25111.3,25111.3,25107.3,25107.3,82
1784908680,25107.8,25112.8,25106.8,25112.3,104
1784908740,25111.8,25113.3,25109.8,25112.3,102
1784908800,25113.3,25114.8,25109.8,25110.3,138
1784908860,25110.8,25116.3,25110.3,25115.3,74
1784908920,25114.8,25115.8,25111.8,25115.3,80
1784908980,25115.8,25118.8,25114.3,25117.3,88
1784909040,25118.3,25125.8,25117.3,25124.3,86
1784909100,25123.3,25123.3,25116.8,25116.8,62
1784909160,25117.3,25118.8,25114.3,25115.8,94
1784909220,25114.8,25122.3,25114.8,25121.8,118
1784909280,25120.8,25125.8,25119.8,25120.3,102
1784909340,25120.8,25122.8,25118.8,25119.8,98
1784909400,25120.3,25123.3,25119.3,25122.3,76
1784909460,25123.3,25124.3,25120.8,25123.8,102
1784909520,25124.3,25129.3,25122.3,25122.8,74
1784909580,25123.3,25124.3,25116.3,25116.8,94
1784909640,25117.8,25118.8,25113.3,25114.8,106
1784909700,25115.8,25118.3,25110.3,25117.3,91
1784909760,25117.8,25120.3,25116.3,25116.3,84
1784909820,25115.8,25116.8,25111.3,25111.8,56
1784909880,25112.3,25115.3,25109.3,25114.8,100
1784909940,25114.3,25116.8,25112.8,25113.3,78
1784910000,25113.8,25120.8,25113.3,25120.8,68
1784910060,25120.3,25120.8,25114.3,25116.3,64
1784910120,25117.3,25120.3,25116.3,25119.8,30
1784910180,25119.3,25122.3,25118.8,25118.8,68
1784910240,25119.3,25120.8,25117.3,25119.8,88
1784910300,25120.3,25123.3,25119.3,25122.3,84
1784910360,25123.8,25126.3,25121.8,25126.3,74
1784910420,25125.8,25126.3,25122.3,25122.8,106
1784910480,25121.8,25122.3,25117.8,25118.3,106
1784910540,25118.8,25120.3,25117.8,25117.8,74
1784910600,25116.8,25117.8,25102.8,25108.8,126
1784910660,25110.3,25115.8,25107.8,25113.8,92
1784910720,25113.3,25114.8,25109.3,25111.8,80
1784910780,25112.3,25114.3,25106.8,25107.8,92
1784910840,25108.8,25110.8,25106.8,25109.3,68
1784910900,25108.8,25110.8,25107.8,25107.8,76
1784910960,25106.8,25110.8,25104.8,25104.8,90
1784911020,25104.3,25107.8,25102.3,25107.3,84
1784911080,25107.8,25108.3,25099.3,25099.3,68
1784911140,25098.3,25101.8,25097.8,25098.3,114
1784911200,25097.8,25097.8,25093.3,25095.3,98
1784911260,25094.3,25100.3,25090.8,25100.3,113
1784911320,25100.8,25101.3,25097.3,25099.8,108
1784911380,25100.3,25101.8,25095.8,25097.3,110
1784911440,25096.8,25099.3,25095.3,25096.8,100
1784911500,25096.3,25099.8,25095.8,25098.3,114
1784911560,25097.8,25098.3,25095.3,25095.3,90
1784911620,25095.8,25096.3,25089.3,25090.8,88
1784911680,25090.3,25090.8,25085.3,25087.3,114
1784911740,25087.8,25090.8,25084.3,25089.8,120
1784911800,25089.3,25092.3,25085.3,25087.8,110
1784911860,25087.3,25090.8,25086.8,25088.8,106
1784911920,25089.3,25089.8,25085.3,25086.8,124
1784911980,25087.3,25088.8,25082.3,25085.8,82
1784912040,25086.3,25097.3,25086.3,25094.8,112
1784912100,25094.3,25098.3,25093.8,25096.3,94
1784912160,25095.8,25100.8,25095.8,25100.8,108
1784912220,25099.8,25104.8,25099.8,25103.8,76
1784912280,25102.8,25110.3,25102.8,25109.3,62
1784912340,25109.8,25111.8,25106.3,25108.3,76
1784912400,25108.8,25112.8,25105.8,25107.8,104
1784912460,25106.8,25107.3,25097.8,25102.8,100
1784912520,25103.8,25104.8,25101.8,25102.8,94
1784912580,25103.8,25105.8,25102.3,25105.8,90
1784912640,25106.8,25108.8,25104.8,25105.8,80
1784912700,25105.3,25112.8,25102.8,25109.8,72
1784912760,25110.8,25111.8,25067.3,25078.3,189
1784912820,25077.8,25084.3,25073.7,25074.8,126
1784912880,25074.3,25077.8,25068.3,25072.8,156
1784912940,25071.8,25073.8,25065.8,25066.8,136
1784913000,25065.8,25065.8,25060.8,25061.8,94
1784913060,25061.3,25074.3,25061.3,25070.8,124
1784913120,25070.3,25077.3,25069.8,25070.8,118
1784913180,25071.8,25077.8,25071.8,25077.8,104
1784913240,25078.3,25080.8,25077.8,25079.3,78
1784913300,25078.8,25082.3,25074.8,25079.8,68
1784913360,25080.8,25083.8,25078.8,25081.8,74
1784913420,25082.3,25091.8,25082.3,25091.8,70
1784913480,25092.3,25095.8,25089.3,25094.3,50
1784913540,25094.8,25097.3,25094.8,25097.3,24
1784913600,25098.8,25101.3,25096.3,25099.8,44
1784913660,25100.3,25103.8,25098.8,25100.8,54
1784913720,25100.3,25100.8,25094.3,25095.8,60
1784913780,25095.3,25098.8,25094.3,25096.3,44
1784913840,25096.8,25104.3,25095.8,25104.3,68
1784913900,25104.8,25107.3,25100.3,25107.3,68
1784913960,25108.3,25112.3,25107.8,25112.3,56
1784914020,25111.3,25120.3,25111.3,25117.3,62
1784914080,25117.8,25119.8,25116.8,25118.8,42
1784914140,25118.3,25121.3,25117.3,25121.3,86
1784914200,25120.8,25121.3,25115.8,25118.8,92
1784914260,25119.8,25121.3,25117.3,25119.3,92
1784914320,25119.8,25120.3,25114.3,25119.3,91
1784914380,25118.8,25124.3,25116.8,25118.3,88
1784914440,25117.8,25122.3,25117.3,25120.3,100
1784914500,25119.8,25120.3,25116.3,25120.3,76
1784914560,25119.3,25119.3,25114.3,25115.3,66
1784914620,25114.8,25114.8,25107.8,25108.8,106
1784914680,25107.8,25113.3,25107.3,25108.8,64
1784914740,25109.3,25109.3,25100.3,25101.8,106
1784914800,25102.3,25102.3,25097.8,25099.3,114
1784914860,25098.8,25099.3,25094.8,25099.3,66
1784914920,25098.8,25100.3,25097.3,25098.8,74
1784914980,25099.8,25100.8,25095.8,25095.8,88
1784915040,25096.3,25098.8,25092.3,25092.8,88
1784915100,25092.3,25094.8,25089.8,25094.3,86
1784915160,25094.8,25099.3,25094.3,25097.8,108
1784915220,25098.3,25101.8,25095.8,25096.8,58
1784915280,25096.3,25096.8,25091.3,25094.3,72
1784915340,25094.8,25100.8,25093.8,25100.8,78
1784915400,25100.3,25102.3,25098.3,25101.3,88
1784915460,25101.8,25103.3,25094.3,25094.3,108
1784915520,25093.8,25094.3,25088.8,25091.8,84
1784915580,25092.8,25095.3,25091.3,25093.8,110
1784915640,25094.3,25095.3,25092.3,25094.8,94
1784915700,25095.3,25099.8,25093.8,25094.8,86
1784915760,25095.3,25098.8,25094.8,25097.8,102
1784915820,25096.8,25097.8,25090.8,25091.8,76
1784915880,25091.3,25093.8,25091.3,25092.8,62
1784915940,25093.3,25093.8,25090.3,25090.3,82
1784916000,25088.8,25093.3,25088.8,25092.8,90
1784916060,25093.3,25094.8,25088.8,25088.8,114
1784916120,25089.3,25090.3,25087.3,25088.8,80
1784916180,25089.3,25090.3,25087.3,25087.3,68
1784916240,25088.3,25090.3,25087.3,25088.3,86
1784916300,25088.8,25090.3,25087.8,25089.3,104
1784916360,25089.8,25092.8,25089.8,25092.3,92
1784916420,25091.8,25098.3,25091.8,25096.3,102
1784916480,25096.8,25098.3,25094.3,25094.8,86
1784916540,25094.3,25096.8,25092.3,25092.8,86
1784916600,25093.3,25094.3,25087.8,25087.8,82
1784916660,25088.3,25089.3,25084.8,25086.8,76
1784916720,25086.3,25087.3,25082.3,25085.8,96
1784916780,25086.3,25087.3,25084.3,25084.8,66
1784916840,25084.3,25087.3,25083.8,25084.8,48
1784916900,25085.3,25086.3,25082.8,25085.3,84
1784916960,25085.8,25088.8,25083.8,25085.8,72
1784917020,25086.3,25088.8,25084.3,25084.8,106
1784917080,25084.3,25085.3,25078.8,25083.8,106
1784917140,25084.3,25084.8,25076.8,25077.8,110
1784917200,25077.3,25077.8,25073.8,25074.3,118
1784917260,25074.8,25076.8,25073.3,25074.8,108
1784917320,25074.3,25079.8,25074.3,25079.3,122
1784917380,25078.8,25080.8,25076.8,25079.8,112
1784917440,25080.3,25080.8,25077.8,25079.3,96
1784917500,25078.8,25079.8,25072.3,25074.8,108
1784917560,25075.3,25075.8,25070.3,25072.3,102
1784917620,25071.8,25074.8,25069.8,25071.8,108
1784917680,25071.3,25072.3,25068.3,25070.8,90
1784917740,25070.3,25072.8,25064.3,25067.3,92
1784917800,25067.8,25067.8,25064.8,25066.3,108
1784917860,25066.8,25067.3,25059.3,25063.3,104
1784917920,25063.8,25067.3,25062.3,25062.3,104
1784917980,25062.8,25065.8,25055.3,25055.8,132
1784918040,25056.3,25056.8,25045.3,25049.3,112
1784918100,25048.8,25049.3,25039.8,25044.8,156
1784918160,25045.8,25059.3,25045.3,25049.3,124
1784918220,25049.8,25055.8,25049.8,25050.8,114
1784918280,25051.8,25062.8,25049.3,25062.3,110
1784918340,25062.8,25062.8,25050.3,25056.3,120
1784918400,25056.8,25056.8,25046.3,25046.8,100
1784918460,25046.3,25048.3,25041.8,25043.3,86
1784918520,25043.8,25045.8,25039.3,25044.8,112
1784918580,25045.3,25049.8,25042.3,25047.3,110
1784918640,25048.8,25049.3,25043.8,25045.8,82
1784918700,25044.8,25055.8,25043.3,25054.8,124
1784918760,25057.8,25063.8,25057.8,25059.8,98
1784918820,25058.8,25064.8,25057.8,25064.8,118
1784918880,25063.8,25065.8,25056.3,25056.3,86
1784918940,25056.8,25059.8,25054.3,25057.8,98
1784919000,25058.8,25060.3,25053.3,25055.8,102
1784919060,25054.8,25062.8,25054.8,25058.8,108
1784919120,25059.8,25062.8,25058.8,25062.3,120
1784919180,25061.8,25062.3,25059.3,25062.3,88
1784919240,25061.8,25061.8,25054.8,25055.8,118
1784919300,25055.3,25059.8,25053.8,25059.8,102
1784919360,25059.3,25066.3,25057.8,25064.3,118
1784919420,25063.8,25068.3,25063.8,25064.8,112
1784919480,25063.8,25065.3,25060.3,25062.8,116
1784919540,25062.3,25064.8,25059.8,25060.3,90
1784919600,25062.8,25064.8,25055.8,25059.3,112
1784919660,25059.8,25068.8,25059.3,25062.8,124
1784919720,25063.3,25063.3,25056.3,25057.8,124
1784919780,25058.3,25061.3,25053.8,25056.8,118
1784919840,25055.8,25060.3,25055.8,25060.3,120
1784919900,25059.8,25065.8,25057.3,25063.3,120
1784919960,25063.8,25066.3,25056.8,25056.8,114
1784920020,25056.3,25056.8,25050.3,25054.8,116
1784920080,25055.8,25056.3,25051.8,25053.8,102
1784920140,25054.3,25054.3,25046.8,25049.3,64
1784920200,25048.8,25051.8,25045.3,25047.8,86
1784920260,25046.8,25049.8,25041.8,25042.3,62
1784920320,25043.3,25048.8,25040.8,25041.3,114
1784920380,25040.8,25042.8,25035.8,25037.8,104
1784920440,25038.8,25038.8,25035.3,25035.3,80
1784920500,25035.8,25036.8,25031.3,25033.3,96
1784920560,25031.8,25034.8,25025.8,25034.8,112
1784920620,25036.3,25042.3,25035.8,25038.8,98
1784920680,25039.8,25042.3,25037.8,25040.8,90
1784920740,25040.3,25046.8,25038.8,25044.3,90
1784920800,25043.8,25044.3,25037.8,25044.3,102
1784920860,25043.3,25046.8,25040.8,25046.8,106
1784920920,25046.3,25048.8,25044.8,25045.8,116
1784920980,25046.8,25046.8,25041.8,25042.8,90
1784921040,25043.3,25043.3,25028.8,25030.3,122
1784921100,25031.3,25033.8,25028.3,25032.8,96
1784921160,25033.8,25036.3,25030.8,25034.8,86
1784921220,25035.3,25041.8,25035.3,25038.8,98
1784921280,25037.8,25042.8,25035.8,25042.8,82
1784921340,25043.3,25044.8,25036.3,25037.8,94
1784921400,25039.3,25043.8,25037.8,25038.8,104
1784921460,25039.8,25047.8,25038.3,25041.8,108
1784921520,25042.8,25047.8,25041.8,25047.8,98
1784921580,25046.8,25052.8,25044.3,25051.8,152
1784921640,25052.3,25055.3,25045.8,25045.8,150
1784921700,25045.3,25058.8,25043.8,25057.8,166
1784921760,25056.3,25058.8,25048.8,25052.3,152
1784921820,25053.3,25064.3,25053.3,25059.8,138
1784921880,25060.3,25061.8,25056.3,25061.8,115
1784921940,25062.8,25066.8,25057.8,25059.3,124
1784922000,25058.8,25061.8,25056.8,25058.8,88
1784922060,25057.8,25061.8,25055.8,25059.3,98
1784922120,25059.8,25060.8,25058.8,25059.8,76
1784922180,25060.3,25063.3,25055.8,25061.8,86
1784922240,25062.8,25067.8,25060.8,25067.8,106
1784922300,25068.3,25073.3,25064.8,25066.8,88
1784922360,25065.8,25067.8,25062.3,25066.3,70
1784922420,25065.8,25073.8,25064.8,25068.8,78
1784922480,25068.3,25069.3,25066.8,25066.8,74
1784922540,25065.8,25075.3,25065.8,25075.3,90
1784922600,25076.8,25077.3,25064.8,25064.8,118
1784922660,25065.3,25065.8,25059.3,25060.8,104
1784922720,25059.8,25060.8,25058.3,25060.8,62
1784922780,25060.3,25069.8,25060.3,25067.8,98
1784922840,25065.8,25075.8,25064.8,25073.3,122
1784922900,25072.8,25073.8,25061.8,25062.3,128
1784922960,25063.3,25067.3,25063.3,25065.3,90
1784923020,25064.8,25066.8,25062.3,25066.3,80
1784923080,25066.8,25069.8,25064.3,25066.3,82
1784923140,25065.8,25065.8,25065.8,25065.8,2
