time,open,high,low,close,Volume
1784527200,6217.6,6218.6,6216.6,6218.6,8
1784527260,6216.6,6219.6,6216.6,6218.6,16
1784527320,6217.6,6218.6,6214.6,6216.6,28
1784527380,6215.6,6216.6,6213.6,6213.6,30
1784527440,6214.6,6214.6,6213.6,6213.6,22
1784527500,6214.6,6216.6,6212.6,6213.6,22
1784527560,6214.6,6215.6,6213.6,6214.6,24
1784527620,6214.1,6214.6,6213.6,6213.6,24
1784527680,6214.6,6215.6,6213.6,6214.6,28
1784527740,6215.6,6215.6,6211.6,6211.6,16
1784527800,6210.6,6211.1,6208.6,6209.6,32
1784527860,6209.1,6209.6,6208.6,6208.6,30
1784527920,6209.6,6209.6,6208.6,6209.6,6
1784527980,6210.6,6210.6,6208.6,6208.6,6
1784528040,6207.6,6208.6,6207.6,6208.6,28
1784528100,6208.1,6209.6,6207.6,6209.6,24
1784528160,6210.6,6211.6,6209.6,6210.6,10
1784528220,6211.6,6211.6,6209.6,6209.6,18
1784528280,6208.6,6209.6,6207.6,6207.6,18
1784528340,6208.6,6209.6,6208.6,6209.6,16
1784528400,6210.6,6212.6,6210.6,6212.6,14
1784528460,6212.1,6212.1,6210.6,6210.6,6
1784528520,6211.6,6211.6,6210.6,6210.6,4
1784528580,6211.6,6212.1,6210.6,6210.6,20
1784528640,6211.6,6211.6,6207.6,6207.6,16
1784528700,6208.6,6208.6,6206.6,6207.6,10
1784528760,6207.1,6208.6,6206.6,6208.6,22
1784528820,6208.1,6208.6,6207.6,6207.6,8
1784528880,6208.1,6208.6,6208.1,6208.6,4
1784528940,6209.1,6210.6,6208.6,6208.6,10
1784529000,6207.6,6209.6,6207.6,6209.6,18
1784529060,6209.1,6210.6,6209.1,6209.6,8
1784529120,6208.6,6208.6,6205.6,6206.6,18
1784529180,6207.6,6207.6,6205.6,6206.6,22
1784529240,6205.6,6206.6,6205.6,6206.6,26
1784529300,6206.1,6206.1,6203.6,6203.6,10
1784529360,6204.6,6205.6,6203.6,6204.6,10
1784529420,6204.1,6204.6,6203.6,6203.6,8
1784529480,6204.1,6205.6,6203.6,6205.1,10
1784529540,6204.6,6204.6,6201.6,6203.6,28
1784529600,6202.6,6204.6,6202.6,6204.6,14
1784529660,6205.6,6210.6,6205.6,6210.6,18
1784529720,6209.6,6210.6,6205.6,6205.6,28
1784529780,6205.1,6206.6,6205.1,6206.6,12
1784529840,6207.6,6209.6,6207.6,6208.6,8
1784529900,6209.6,6209.6,6206.6,6206.6,32
1784529960,6207.6,6208.6,6206.6,6207.6,34
1784530020,6208.6,6208.6,6204.6,6204.6,10
1784530080,6205.6,6205.6,6205.6,6205.6,2
1784530140,6206.6,6207.6,6204.6,6206.6,26
1784530200,6207.6,6209.6,6207.6,6207.6,20
1784530260,6208.6,6209.6,6207.6,6209.6,14
1784530320,6210.6,6211.6,6210.6,6211.6,4
1784530380,6210.6,6211.6,6210.6,6210.6,14
1784530440,6211.6,6211.6,6209.6,6210.6,8
1784530500,6209.6,6210.6,6208.6,6210.6,18
1784530560,6211.1,6211.6,6210.6,6211.6,20
1784530620,6210.6,6210.6,6208.6,6208.6,12
1784530680,6209.6,6209.6,6207.6,6208.6,18
1784530740,6207.6,6212.6,6207.6,6212.6,24
1784530800,6211.6,6215.6,6210.6,6215.6,88
1784530860,6214.6,6226.6,6213.6,6225.6,62
1784530920,6226.6,6226.6,6223.1,6224.6,36
1784530980,6223.6,6224.6,6221.6,6223.1,72
1784531040,6223.6,6226.6,6220.6,6221.1,76
1784531100,6221.6,6222.6,6217.6,6217.6,54
1784531160,6216.6,6219.6,6214.6,6215.6,44
1784531220,6216.6,6219.6,6215.6,6218.6,58
1784531280,6218.1,6218.1,6215.6,6216.6,38
1784531340,6217.6,6220.6,6216.1,6219.6,32
1784531400,6219.1,6223.6,6218.6,6221.6,58
1784531460,6221.1,6224.6,6221.1,6224.6,32
1784531520,6223.6,6224.6,6222.6,6223.6,32
1784531580,6224.6,6225.6,6222.6,6222.6,36
1784531640,6223.6,6225.6,6223.6,6225.6,40
1784531700,6224.6,6225.6,6222.6,6223.6,34
1784531760,6223.1,6223.6,6222.6,6223.6,26
1784531820,6222.6,6222.6,6215.6,6215.6,44
1784531880,6216.6,6218.6,6216.6,6216.6,44
1784531940,6215.6,6218.6,6215.6,6217.6,30
1784532000,6218.6,6220.6,6218.6,6219.6,44
1784532060,6220.6,6220.6,6216.6,6219.6,28
1784532120,6219.1,6226.6,6218.6,6226.6,76
1784532180,6227.6,6228.6,6223.6,6224.6,60
1784532240,6225.6,6225.6,6222.6,6224.1,74
1784532300,6224.6,6227.6,6222.6,6223.6,54
1784532360,6223.1,6231.6,6223.1,6231.6,44
1784532420,6230.6,6232.6,6228.6,6228.6,52
1784532480,6229.6,6231.6,6228.6,6229.6,20
1784532540,6230.1,6232.6,6229.6,6232.6,54
1784532600,6231.6,6239.6,6231.6,6234.6,60
1784532660,6233.6,6235.6,6230.1,6230.6,54
1784532720,6231.1,6231.6,6229.6,6229.6,46
1784532780,6230.6,6235.6,6230.6,6235.6,50
1784532840,6234.6,6240.6,6234.6,6239.6,16
1784532900,6238.6,6240.6,6238.6,6239.6,24
1784532960,6238.6,6241.6,6238.6,6240.6,34
1784533020,6239.6,6239.6,6237.6,6239.6,38
1784533080,6238.6,6239.6,6236.6,6236.6,60
1784533140,6237.6,6240.6,6237.6,6240.1,56
1784533200,6239.6,6243.6,6239.1,6243.6,32
1784533260,6242.6,6243.6,6238.6,6239.1,74
1784533320,6238.6,6241.6,6237.6,6239.6,74
1784533380,6240.1,6242.6,6240.1,6242.6,38
1784533440,6242.1,6247.6,6242.1,6247.6,40
1784533500,6246.6,6251.1,6244.6,6251.1,36
1784533560,6251.6,6252.6,6250.6,6252.6,60
1784533620,6251.6,6251.6,6245.6,6247.6,40
1784533680,6246.6,6247.6,6244.6,6244.6,22
1784533740,6243.6,6243.6,6241.6,6242.1,22
1784533800,6241.6,6241.6,6238.6,6238.6,40
1784533860,6238.1,6242.1,6237.6,6241.6,26
1784533920,6242.1,6243.6,6241.6,6242.6,26
1784533980,6241.6,6242.6,6239.6,6239.6,28
1784534040,6238.6,6239.6,6237.6,6239.1,22
1784534100,6239.6,6240.1,6238.6,6238.6,26
1784534160,6239.6,6242.6,6238.6,6242.6,48
1784534220,6243.6,6245.1,6242.6,6243.6,34
1784534280,6244.6,6244.6,6242.6,6242.6,14
1784534340,6241.6,6241.6,6240.6,6241.6,12
1784534400,6242.6,6244.6,6241.6,6242.6,46
1784534460,6241.6,6242.1,6239.6,6240.6,28
1784534520,6239.6,6243.6,6239.6,6242.6,28
1784534580,6243.6,6243.6,6241.6,6243.6,16
1784534640,6242.6,6243.6,6239.6,6239.6,24
1784534700,6238.6,6239.6,6236.1,6237.6,44
1784534760,6237.1,6240.6,6237.1,6238.6,44
1784534820,6237.6,6238.6,6235.6,6238.6,34
1784534880,6239.6,6239.6,6236.6,6238.6,32
1784534940,6238.1,6240.6,6237.6,6240.6,26
1784535000,6239.6,6240.6,6238.6,6240.6,16
1784535060,6239.6,6242.6,6239.6,6241.6,22
1784535120,6242.6,6247.6,6242.6,6246.6,32
1784535180,6245.6,6246.6,6244.6,6245.6,16
1784535300,6246.6,6250.6,6246.6,6249.6,42
1784535360,6248.6,6249.6,6248.6,6249.6,4
1784535420,6248.6,6248.6,6245.6,6245.6,28
1784535480,6246.6,6247.6,6246.6,6247.6,16
1784535540,6246.6,6247.6,6246.6,6246.6,14
1784535600,6245.6,6246.6,6242.6,6244.6,24
1784535660,6243.6,6244.6,6241.6,6241.6,26
1784535720,6242.6,6244.6,6242.1,6243.6,16
1784535780,6244.6,6244.6,6243.6,6244.6,8
1784535840,6245.1,6247.6,6244.6,6247.6,18
1784535900,6248.6,6249.6,6247.6,6247.6,18
1784535960,6248.6,6248.6,6246.6,6247.6,22
1784536020,6246.6,6247.6,6245.6,6246.6,14
1784536080,6247.6,6248.6,6247.6,6248.6,30
1784536140,6248.1,6249.6,6247.6,6247.6,14
1784536200,6248.3,6249.3,6245.3,6246.3,52
1784536260,6245.3,6248.3,6245.3,6248.3,12
1784536320,6248.8,6249.3,6246.3,6247.3,30
1784536380,6246.3,6246.3,6244.3,6245.3,20
1784536440,6244.3,6245.3,6244.3,6245.3,4
1784536500,6244.3,6245.3,6242.3,6242.3,18
1784536560,6241.3,6245.3,6241.3,6244.3,28
1784536620,6243.8,6244.3,6241.3,6243.3,30
1784536680,6244.3,6246.3,6244.3,6245.3,24
1784536740,6244.3,6245.3,6244.3,6245.3,14
1784536800,6244.3,6246.3,6244.3,6246.3,14
1784536860,6246.8,6247.3,6246.3,6247.3,14
1784536920,6246.3,6246.3,6245.3,6245.3,24
1784536980,6246.3,6246.3,6240.3,6241.3,22
1784537040,6240.3,6241.3,6239.3,6239.3,30
1784537100,6240.3,6240.3,6238.3,6239.3,32
1784537160,6238.3,6240.3,6238.3,6239.3,22
1784537220,6238.8,6239.3,6237.3,6239.3,26
1784537280,6238.3,6239.3,6238.3,6238.3,30
1784537340,6239.3,6239.8,6238.3,6238.3,26
1784537400,6237.3,6238.3,6236.3,6236.8,20
1784537460,6237.3,6238.3,6236.3,6237.3,14
1784537520,6238.3,6238.3,6235.3,6237.3,12
1784537580,6236.3,6238.3,6236.3,6238.3,12
1784537640,6237.3,6238.3,6236.3,6238.3,16
1784537700,6237.3,6240.3,6237.3,6238.3,12
1784537760,6239.3,6240.3,6238.3,6240.3,16
1784537820,6239.8,6242.3,6239.3,6242.3,24
1784537880,6241.3,6244.3,6241.3,6243.3,32
1784537940,6242.8,6243.3,6242.8,6243.3,4
1784538000,6242.3,6243.3,6242.3,6243.3,12
1784538060,6242.3,6243.3,6242.3,6243.3,4
1784538120,6242.3,6243.3,6242.3,6242.3,6
1784538180,6241.3,6242.3,6241.3,6241.3,6
1784538240,6240.3,6241.3,6238.3,6238.3,18
1784538300,6237.3,6238.3,6237.3,6238.3,22
1784538360,6237.8,6239.3,6236.3,6237.3,44
1784538420,6236.8,6237.3,6235.3,6235.3,18
1784538480,6236.3,6236.3,6235.3,6235.3,8
1784538540,6236.3,6238.3,6234.3,6236.3,28
1784538600,6237.3,6239.3,6236.3,6238.3,38
1784538660,6239.3,6240.3,6239.3,6240.3,8
1784538720,6239.3,6240.3,6238.3,6239.3,14
1784538780,6238.8,6238.8,6237.3,6238.3,8
1784538840,6238.8,6239.3,6238.3,6238.3,8
1784538900,6239.3,6243.3,6239.3,6243.3,12
1784538960,6244.3,6244.3,6244.3,6244.3,2
1784539020,6244.8,6247.3,6244.3,6246.3,18
1784539080,6245.3,6245.3,6243.3,6243.3,6
1784539140,6242.3,6242.8,6241.3,6241.3,8
1784539200,6242.3,6243.3,6242.3,6243.3,18
1784539260,6244.3,6246.3,6244.3,6246.3,10
1784539380,6247.3,6248.3,6247.3,6247.3,10
1784539440,6248.3,6248.3,6245.3,6246.3,18
1784539500,6245.3,6246.3,6245.3,6246.3,18
1784539560,6245.8,6246.3,6245.8,6246.3,4
1784539620,6245.3,6246.3,6245.3,6246.3,22
1784539680,6246.8,6247.3,6246.8,6247.3,4
1784539740,6246.3,6246.3,6246.3,6246.3,2
1784539800,6245.3,6247.3,6245.3,6247.3,26
1784539860,6248.3,6249.3,6248.3,6248.3,10
1784539920,6247.3,6249.3,6247.3,6248.3,16
1784539980,6249.3,6251.3,6249.3,6251.3,6
1784540040,6250.3,6251.3,6250.3,6251.3,6
1784540100,6252.3,6252.3,6251.3,6252.3,12
1784540160,6251.3,6252.3,6251.3,6251.3,18
1784540280,6250.8,6252.3,6250.3,6251.3,26
1784540340,6252.3,6252.8,6251.3,6252.3,22
1784540400,6251.3,6253.3,6251.3,6252.3,22
1784540460,6253.3,6255.3,6252.3,6254.3,18
1784540520,6253.3,6255.3,6253.3,6253.3,22
1784540580,6254.3,6254.3,6252.3,6252.3,6
1784540640,6253.3,6254.3,6252.3,6253.3,12
1784540700,6252.3,6252.3,6251.3,6251.3,8
1784540760,6252.3,6252.3,6251.3,6252.3,12
1784540820,6253.3,6254.3,6252.8,6253.3,18
1784540880,6252.3,6253.3,6251.3,6251.3,8
1784540940,6250.3,6251.3,6248.3,6249.3,12
1784541000,6248.3,6248.3,6247.3,6247.3,12
1784541060,6248.3,6248.3,6246.3,6246.3,6
1784541120,6245.3,6247.3,6245.3,6246.3,36
1784541180,6245.3,6247.3,6245.3,6247.3,30
1784541240,6248.3,6249.3,6248.3,6248.3,16
1784541300,6247.3,6247.3,6244.3,6245.3,26
1784541360,6244.3,6245.3,6243.3,6243.3,12
1784541420,6244.3,6246.3,6244.3,6246.3,42
1784541540,6247.3,6247.3,6246.3,6246.3,14
1784541600,6247.3,6247.3,6244.3,6244.3,12
1784541660,6243.3,6244.3,6242.8,6243.3,14
1784541720,6244.3,6244.3,6243.3,6244.3,10
1784541780,6243.3,6244.3,6242.3,6244.3,12
1784541840,6244.8,6247.3,6244.3,6245.3,20
1784541900,6244.3,6244.8,6243.3,6243.3,8
1784541960,6244.3,6244.3,6242.3,6243.3,20
1784542020,6242.8,6243.3,6241.3,6242.3,18
1784542080,6242.8,6243.3,6242.3,6243.3,14
1784542140,6244.3,6244.3,6242.3,6243.3,8
1784542200,6242.8,6244.3,6242.3,6244.3,22
1784542260,6245.3,6245.3,6242.3,6243.3,16
1784542320,6242.3,6243.3,6241.3,6241.3,20
1784542380,6240.3,6241.3,6240.3,6241.3,20
1784542440,6240.3,6241.3,6240.3,6240.3,10
1784542500,6239.3,6239.3,6237.3,6238.3,22
1784542560,6237.3,6239.3,6236.8,6238.3,12
1784542620,6237.3,6237.3,6234.3,6234.3,16
1784542680,6233.8,6235.3,6233.3,6235.3,20
1784542740,6236.8,6238.3,6235.3,6237.3,22
1784542800,6238.3,6239.3,6237.3,6239.3,14
1784542860,6240.3,6241.3,6239.3,6241.3,16
1784542920,6240.3,6241.3,6238.3,6241.3,36
1784542980,6240.8,6242.3,6240.8,6242.3,8
1784543040,6241.3,6241.3,6241.3,6241.3,2
1784543100,6242.3,6242.3,6237.3,6238.3,20
1784543160,6237.3,6238.3,6237.3,6237.3,14
1784543220,6236.3,6238.3,6236.3,6238.3,10
1784543280,6237.3,6238.3,6236.3,6237.3,10
1784543340,6236.3,6237.3,6236.3,6236.3,12
1784543400,6235.8,6237.3,6234.8,6235.3,40
1784543460,6236.3,6236.3,6233.3,6235.3,44
1784543520,6236.3,6236.3,6234.3,6234.3,10
1784543580,6235.3,6236.3,6234.8,6234.8,28
1784543640,6235.3,6235.3,6233.3,6234.3,22
1784543700,6233.8,6233.8,6230.3,6230.3,24
1784543760,6231.3,6231.3,6229.3,6229.3,30
1784543820,6228.3,6228.3,6226.3,6228.3,28
1784543880,6227.3,6227.3,6225.8,6226.3,14
1784543940,6225.3,6227.3,6225.3,6226.3,14
1784544000,6225.8,6226.3,6220.3,6222.3,28
1784544060,6223.3,6224.3,6223.3,6223.3,10
1784544120,6222.8,6223.3,6222.3,6223.3,12
1784544180,6224.3,6225.3,6223.3,6224.8,10
1784544240,6226.3,6226.3,6225.3,6225.3,12
1784544300,6224.3,6224.3,6223.3,6224.3,22
1784544360,6223.8,6226.8,6223.3,6224.3,32
1784544420,6225.3,6225.3,6224.3,6225.3,18
1784544480,6224.8,6225.3,6224.3,6225.3,6
1784544540,6226.3,6226.3,6223.3,6224.3,20
1784544600,6223.3,6224.3,6222.3,6224.3,18
1784544660,6225.3,6226.3,6224.8,6225.3,10
1784544780,6226.3,6228.3,6226.3,6228.3,24
1784544840,6229.3,6232.3,6229.3,6231.3,12
1784544900,6230.3,6230.3,6230.3,6230.3,2
1784544960,6231.3,6232.8,6231.3,6232.3,12
1784545020,6233.3,6233.3,6232.3,6233.3,14
1784545080,6232.3,6232.3,6230.3,6232.3,14
1784545140,6231.8,6233.3,6231.8,6233.3,14
1784545200,6234.3,6236.3,6233.3,6236.3,36
1784545260,6237.3,6237.3,6233.8,6233.8,48
1784545320,6234.3,6235.3,6232.3,6233.3,40
1784545380,6232.8,6235.3,6232.8,6235.3,24
1784545440,6236.3,6238.3,6235.3,6238.3,32
1784545500,6237.3,6239.3,6237.3,6239.3,24
1784545560,6238.3,6239.3,6237.3,6237.3,36
1784545620,6238.3,6239.3,6237.3,6238.3,20
1784545680,6239.3,6239.3,6238.3,6238.3,4
1784545740,6237.3,6238.3,6237.3,6237.3,34
1784545800,6238.3,6238.3,6237.3,6238.3,18
1784545860,6237.3,6237.3,6235.3,6236.3,22
1784545920,6235.3,6236.3,6234.8,6236.3,20
1784545980,6235.3,6238.3,6235.3,6237.3,26
1784546040,6236.3,6237.3,6235.3,6235.3,14
1784546100,6236.3,6237.3,6235.8,6236.3,34
1784546160,6235.8,6237.3,6235.3,6236.3,14
1784546220,6235.8,6236.3,6235.3,6236.3,14
1784546280,6237.3,6238.3,6236.3,6237.3,12
1784546340,6238.3,6240.3,6237.3,6239.3,36
1784546400,6240.3,6241.3,6239.3,6239.3,14
1784546460,6239.8,6239.8,6237.3,6237.3,22
1784546520,6237.8,6237.8,6236.3,6237.3,16
1784546580,6237.8,6239.3,6237.3,6239.3,10
1784546640,6240.3,6240.3,6239.3,6240.3,30
1784546700,6239.3,6240.3,6238.3,6238.3,12
1784546760,6239.3,6239.3,6237.3,6237.3,16
1784546820,6238.3,6238.3,6237.3,6238.3,16
1784546880,6237.8,6239.3,6237.8,6239.3,10
1784546940,6240.3,6240.3,6239.3,6239.3,8
1784547000,6238.8,6261.3,6237.3,6250.3,160
1784547060,6249.3,6260.3,6248.3,6258.8,146
1784547120,6259.3,6263.3,6257.8,6259.3,116
1784547180,6258.3,6262.3,6256.3,6258.3,102
1784547240,6257.8,6264.3,6257.8,6261.3,64
1784547300,6260.8,6264.3,6259.8,6261.3,76
1784547360,6260.8,6261.3,6258.3,6260.8,66
1784547420,6261.3,6262.3,6260.3,6261.3,40
1784547480,6262.3,6263.3,6259.3,6261.3,50
1784547540,6260.3,6263.8,6259.8,6262.3,40
1784547600,6261.8,6263.3,6261.3,6262.3,52
1784547660,6263.3,6264.3,6261.3,6262.3,16
1784547720,6263.3,6263.3,6259.3,6260.3,42
1784547780,6261.3,6262.3,6258.3,6258.3,34
1784547840,6257.3,6259.3,6257.3,6259.3,24
1784547900,6259.8,6260.3,6258.3,6258.3,12
1784547960,6259.3,6259.3,6255.3,6255.8,22
1784548020,6256.3,6257.3,6253.3,6254.3,22
1784548080,6253.3,6253.3,6252.3,6252.3,56
1784548140,6251.3,6252.3,6250.3,6250.3,20
1784548200,6249.3,6251.3,6249.3,6250.3,30
1784548260,6249.3,6251.3,6248.3,6251.3,32
1784548320,6250.8,6251.3,6250.3,6251.3,24
1784548380,6252.3,6255.3,6251.3,6255.3,20
1784548440,6255.8,6258.3,6255.8,6258.3,10
1784548500,6259.3,6259.3,6257.3,6257.3,28
1784548560,6257.8,6259.3,6257.3,6259.3,20
1784548620,6260.3,6261.3,6259.3,6261.3,10
1784548680,6261.8,6261.8,6259.3,6260.3,12
1784548740,6259.8,6259.8,6256.3,6257.8,40
1784548800,6258.3,6258.3,6251.8,6253.3,32
1784548860,6253.8,6255.3,6250.3,6251.3,28
1784548920,6250.8,6251.3,6233.3,6234.3,104
1784548980,6233.8,6239.3,6233.3,6235.3,146
1784549040,6236.3,6241.3,6235.3,6238.8,66
1784549100,6238.3,6242.3,6236.3,6242.3,70
1784549160,6241.3,6244.3,6241.3,6243.3,40
1784549220,6242.3,6244.3,6241.3,6244.3,42
1784549280,6242.3,6243.8,6239.3,6242.3,54
1784549340,6243.3,6244.3,6242.3,6242.3,8
1784549400,6241.3,6242.3,6240.3,6242.3,30
1784549460,6241.3,6241.3,6240.3,6241.3,30
1784549520,6242.3,6242.3,6238.3,6241.3,24
1784549580,6242.3,6243.8,6241.3,6243.3,20
1784549640,6243.8,6245.3,6243.3,6245.3,12
1784549700,6244.3,6245.3,6243.3,6243.3,14
1784549760,6244.3,6248.3,6244.3,6248.3,10
1784549820,6247.3,6248.3,6247.3,6248.3,22
1784549880,6247.3,6247.3,6247.3,6247.3,2
1784549940,6246.3,6247.3,6244.3,6244.3,26
1784550000,6243.8,6244.3,6243.3,6243.3,30
1784550060,6244.3,6244.3,6242.3,6242.3,10
1784550120,6241.3,6241.3,6240.3,6241.3,32
1784550180,6242.3,6243.3,6242.3,6243.3,8
1784550240,6242.3,6242.3,6242.3,6242.3,2
1784550300,6241.3,6242.3,6241.3,6242.3,12
1784550360,6241.3,6244.3,6241.3,6244.3,26
1784550420,6243.3,6245.3,6243.3,6245.3,6
1784550480,6244.3,6245.3,6244.3,6245.3,12
1784550540,6244.3,6247.3,6244.3,6247.3,24
1784550600,6248.3,6249.3,6247.3,6249.3,44
1784550660,6250.3,6251.3,6248.3,6248.3,14
1784550720,6247.3,6247.3,6246.3,6246.3,16
1784550780,6245.3,6245.3,6242.3,6243.3,14
1784550840,6242.3,6244.3,6242.3,6244.3,10
1784550900,6243.3,6246.3,6242.3,6246.3,16
1784550960,6247.3,6248.3,6247.3,6248.3,4
1784551020,6249.3,6250.3,6248.3,6249.3,16
1784551080,6248.3,6249.3,6247.3,6248.3,10
1784551140,6248.8,6249.3,6248.3,6248.3,18
1784551200,6247.3,6248.3,6247.3,6248.3,4
1784551260,6247.3,6249.3,6247.3,6248.3,16
1784551320,6250.3,6250.3,6245.3,6245.3,24
1784551380,6244.8,6244.8,6244.8,6244.8,2
1784551440,6245.3,6245.3,6243.3,6243.3,30
1784551500,6244.3,6244.3,6242.8,6243.3,12
1784551560,6242.8,6243.3,6242.3,6242.3,26
1784551620,6243.3,6246.3,6243.3,6246.3,12
1784551680,6245.3,6246.3,6244.3,6244.3,22
1784551740,6245.3,6245.3,6244.3,6244.3,26
1784551800,6243.3,6243.3,6242.3,6243.3,6
1784551860,6242.3,6242.3,6242.3,6242.3,2
1784551920,6241.3,6242.3,6238.3,6238.3,12
1784551980,6239.3,6239.3,6237.3,6237.3,20
1784552040,6238.3,6238.3,6233.3,6234.3,22
1784552100,6233.8,6234.3,6229.3,6229.3,32
1784552160,6230.3,6231.3,6229.3,6230.3,26
1784552220,6230.8,6231.3,6230.3,6231.3,10
1784552280,6230.3,6232.3,6230.3,6231.3,42
1784552340,6230.8,6232.3,6229.3,6232.3,16
1784552400,6232.8,6234.3,6230.3,6231.3,54
1784552460,6230.3,6231.3,6229.3,6230.3,28
1784552520,6228.3,6228.3,6226.8,6228.3,10
1784552580,6227.3,6228.3,6227.3,6228.3,10
1784552640,6227.3,6228.3,6227.3,6228.3,30
1784552700,6227.3,6228.3,6226.3,6226.3,42
1784552760,6225.3,6228.3,6224.3,6227.3,18
1784552820,6228.3,6230.3,6228.3,6229.3,6
1784552880,6229.8,6230.3,6229.3,6230.3,8
1784552940,6229.3,6231.3,6229.3,6230.3,20
1784553000,6231.3,6232.3,6230.3,6232.3,18
1784553060,6231.3,6232.3,6229.3,6231.3,34
1784553120,6230.3,6230.8,6228.3,6229.3,12
1784553180,6228.3,6229.3,6224.3,6224.3,16
1784553240,6225.3,6226.3,6223.3,6223.3,14
1784553300,6224.3,6224.3,6222.3,6223.3,24
1784553360,6222.3,6224.3,6222.3,6223.3,10
1784553420,6224.3,6225.3,6223.3,6224.3,16
1784553480,6225.3,6225.3,6224.8,6225.3,6
1784553540,6226.3,6226.3,6225.3,6226.3,6
1784553600,6227.3,6227.3,6226.3,6227.3,16
1784553660,6226.3,6226.3,6225.3,6226.3,16
1784553720,6225.3,6227.3,6225.3,6226.3,24
1784553780,6227.3,6227.3,6227.3,6227.3,2
1784553840,6228.3,6229.3,6227.3,6227.3,20
1784553900,6228.3,6228.3,6226.3,6228.3,18
1784553960,6227.8,6229.3,6227.8,6228.3,10
1784554020,6229.3,6229.3,6228.3,6229.3,10
1784554080,6228.3,6230.3,6228.3,6230.3,6
1784554140,6231.3,6233.3,6230.3,6232.3,38
1784554200,6233.3,6238.3,6233.3,6238.3,44
1784554260,6239.3,6240.3,6237.3,6238.3,50
1784554320,6237.8,6240.3,6236.3,6236.3,44
1784554380,6236.8,6237.3,6235.3,6236.3,40
1784554440,6235.8,6237.3,6235.3,6236.3,50
1784554500,6235.3,6237.3,6235.3,6236.3,18
1784554560,6237.3,6237.3,6235.3,6235.3,38
1784554620,6236.3,6236.3,6229.3,6231.3,32
1784554680,6232.3,6233.3,6228.3,6228.8,44
1784554740,6228.3,6230.3,6228.3,6229.3,34
1784554800,6230.3,6230.3,6225.3,6225.8,36
1784554860,6226.3,6229.3,6226.3,6227.3,30
1784554920,6228.3,6228.3,6225.3,6226.3,14
1784554980,6225.3,6225.3,6222.3,6222.3,38
1784555040,6221.3,6224.3,6220.3,6223.3,40
1784555100,6222.3,6222.3,6218.3,6219.3,46
1784555160,6218.3,6219.3,6215.3,6215.3,16
1784555220,6214.3,6217.8,6214.3,6216.3,38
1784555280,6217.3,6218.3,6216.3,6217.3,26
1784555340,6218.3,6219.3,6218.3,6219.3,12
1784555400,6218.3,6222.3,6218.3,6220.3,28
1784555460,6221.3,6221.3,6219.3,6220.3,42
1784555520,6221.3,6221.3,6217.3,6219.3,54
1784555580,6218.3,6218.3,6215.3,6216.3,62
1784555640,6217.3,6220.3,6217.3,6219.3,36
1784555700,6218.3,6220.3,6217.3,6219.3,22
1784555760,6218.3,6219.3,6217.3,6218.3,28
1784555820,6217.3,6217.3,6214.3,6215.3,44
1784555880,6216.3,6217.3,6215.3,6216.3,32
1784555940,6215.3,6220.3,6215.3,6220.3,34
1784556000,6221.3,6225.3,6221.3,6224.3,46
1784556060,6225.3,6225.3,6221.3,6222.3,30
1784556120,6221.3,6221.3,6219.3,6221.3,48
1784556180,6220.3,6223.3,6219.3,6223.3,34
1784556240,6224.3,6224.3,6221.3,6222.3,38
1784556300,6221.8,6224.3,6221.8,6223.3,46
1784556360,6222.8,6223.3,6221.3,6221.3,28
1784556420,6220.8,6221.3,6219.3,6221.3,42
1784556480,6220.8,6222.3,6219.3,6219.3,54
1784556540,6220.3,6220.3,6219.3,6220.3,24
1784556600,6219.3,6219.3,6215.3,6217.3,44
1784556660,6217.8,6218.3,6215.8,6217.8,42
1784556720,6217.3,6219.3,6216.3,6219.3,36
1784556780,6220.3,6222.8,6219.3,6222.3,38
1784556840,6221.3,6222.3,6220.3,6221.3,26
1784556900,6222.3,6225.3,6222.3,6224.3,28
1784556960,6223.3,6225.3,6222.3,6222.3,50
1784557020,6223.3,6224.3,6221.3,6221.3,40
1784557080,6220.3,6222.3,6219.8,6222.3,34
1784557140,6223.3,6223.3,6219.3,6221.3,32
1784557200,6220.8,6222.3,6219.3,6220.3,22
1784557260,6219.3,6219.3,6216.3,6218.3,58
1784557320,6219.3,6219.3,6217.3,6219.3,20
1784557380,6220.3,6223.3,6219.3,6223.3,18
1784557440,6222.8,6224.3,6222.3,6222.8,34
1784557500,6222.3,6227.3,6222.3,6226.3,32
1784557560,6227.3,6228.3,6226.3,6228.3,18
1784557620,6229.3,6229.3,6226.3,6226.3,30
1784557680,6226.8,6228.3,6226.3,6227.3,20
1784557740,6228.3,6230.3,6228.3,6229.3,12
1784557800,6230.3,6230.3,6228.3,6229.3,26
1784557860,6228.3,6228.8,6225.3,6227.8,38
1784557920,6228.3,6228.3,6224.3,6224.3,42
1784557980,6225.3,6228.3,6225.3,6225.3,18
1784558040,6226.3,6227.3,6223.3,6226.3,42
1784558100,6227.3,6228.3,6226.3,6228.3,30
1784558160,6227.3,6228.3,6225.3,6225.3,34
1784558220,6226.3,6226.3,6224.3,6225.3,42
1784558280,6225.8,6226.3,6224.3,6226.3,46
1784558340,6226.8,6229.3,6226.3,6229.3,36
1784558400,6230.3,6232.3,6230.3,6231.3,14
1784558460,6230.3,6230.3,6228.3,6229.3,36
1784558520,6230.3,6230.3,6229.3,6230.3,14
1784558580,6231.3,6232.3,6229.3,6229.3,28
1784558640,6228.3,6231.3,6228.3,6230.3,46
1784558700,6229.3,6231.3,6228.3,6230.3,38
1784558760,6230.8,6232.3,6229.3,6231.8,30
1784558820,6231.3,6233.3,6231.3,6231.3,44
1784558880,6230.3,6231.3,6229.3,6229.3,24
1784558940,6229.8,6231.3,6229.8,6230.3,32
1784559000,6229.3,6232.3,6229.3,6232.3,20
1784559060,6231.3,6233.3,6231.3,6232.3,56
1784559120,6233.3,6234.3,6230.3,6231.3,32
1784559180,6230.3,6232.3,6230.3,6230.3,26
1784559240,6230.8,6232.3,6230.3,6231.3,54
1784559300,6230.3,6230.3,6228.3,6230.3,32
1784559360,6229.3,6230.3,6228.3,6228.3,12
1784559420,6227.3,6227.3,6224.3,6224.3,22
1784559480,6224.8,6225.3,6220.3,6222.3,44
1784559540,6221.3,6225.3,6221.3,6225.3,42
1784559600,6226.3,6226.3,6220.3,6225.3,80
1784559660,6224.3,6229.3,6224.3,6229.3,48
1784559720,6228.8,6231.3,6227.3,6231.3,34
1784559780,6231.8,6232.3,6230.3,6230.3,68
1784559840,6230.8,6232.3,6229.3,6229.3,12
1784559900,6230.3,6230.3,6224.3,6224.3,40
1784559960,6225.3,6227.3,6225.3,6226.3,48
1784560020,6226.8,6228.3,6226.3,6228.3,44
1784560080,6229.3,6236.3,6228.3,6234.3,34
1784560140,6233.3,6238.3,6232.3,6236.3,62
1784560200,6235.3,6236.3,6232.3,6232.8,64
1784560260,6233.3,6233.3,6231.3,6232.3,52
1784560320,6233.3,6233.8,6230.3,6231.3,42
1784560380,6230.3,6232.8,6229.3,6232.3,54
1784560440,6231.3,6231.3,6229.3,6230.3,18
1784560500,6229.8,6233.3,6228.3,6233.3,36
1784560560,6232.3,6233.3,6232.3,6233.3,14
1784560620,6234.3,6236.3,6232.3,6235.3,26
1784560680,6234.3,6235.3,6234.3,6235.3,12
1784560740,6234.3,6234.8,6232.3,6233.3,30
1784560800,6234.3,6234.3,6232.3,6233.3,20
1784560860,6234.3,6237.3,6233.3,6237.3,30
1784560920,6238.3,6238.3,6236.3,6237.3,8
1784560980,6238.3,6238.3,6235.3,6235.3,8
1784561040,6234.3,6236.3,6234.3,6234.3,18
1784561100,6235.3,6237.3,6235.3,6236.3,12
1784561160,6237.3,6239.3,6237.3,6237.3,14
1784561220,6238.3,6239.3,6237.3,6238.3,24
1784561280,6237.3,6238.3,6234.3,6234.3,12
1784561340,6235.3,6236.3,6233.3,6236.3,36
1784561400,6237.3,6237.3,6235.3,6235.3,22
1784561460,6236.3,6236.3,6232.3,6233.3,24
1784561520,6232.3,6234.3,6231.3,6233.3,36
1784561580,6234.3,6235.3,6232.3,6232.3,14
1784561640,6233.3,6233.3,6225.3,6228.3,50
1784561700,6227.3,6228.3,6224.3,6227.3,30
1784561760,6228.3,6229.3,6228.3,6229.3,20
1784561820,6228.3,6229.3,6223.3,6224.3,36
1784561880,6223.3,6225.3,6223.3,6225.3,14
1784561940,6226.3,6226.3,6222.8,6224.3,22
1784562000,6223.3,6224.3,6221.3,6222.3,26
1784562060,6223.3,6225.3,6223.3,6223.3,30
1784562120,6224.3,6224.3,6221.3,6222.3,20
1784562180,6221.8,6222.8,6221.3,6221.3,30
1784562240,6221.8,6224.3,6221.3,6224.3,22
1784562300,6223.3,6223.3,6220.3,6220.3,30
1784562360,6220.8,6221.3,6219.3,6221.3,18
1784562420,6222.3,6222.3,6219.3,6221.3,26
1784562480,6220.3,6222.3,6220.3,6222.3,28
1784562540,6223.3,6224.3,6222.3,6222.3,8
1784562600,6223.3,6223.8,6221.3,6223.3,22
1784562660,6224.3,6227.3,6224.3,6226.3,22
1784562720,6225.3,6226.3,6225.3,6226.3,14
1784562780,6225.3,6227.3,6225.3,6227.3,8
1784562840,6228.3,6229.3,6228.3,6228.3,18
1784562900,6229.3,6230.3,6228.3,6229.3,30
1784562960,6230.3,6230.3,6230.3,6230.3,2
1784563020,6229.3,6230.3,6228.3,6229.3,46
1784563080,6228.3,6230.3,6228.3,6229.3,26
1784563140,6228.3,6229.3,6228.3,6229.3,20
1784563200,6228.3,6230.3,6228.3,6230.3,20
1784563260,6231.3,6231.3,6230.3,6230.3,4
1784563320,6229.3,6230.3,6228.3,6230.3,34
1784563380,6229.8,6233.3,6229.3,6233.3,38
1784563440,6234.3,6234.3,6233.3,6233.3,18
1784563500,6234.3,6236.3,6234.3,6236.3,40
1784563560,6235.8,6236.3,6233.3,6236.3,24
1784563620,6235.3,6236.3,6235.3,6235.3,22
1784563680,6236.3,6236.3,6235.3,6236.3,6
1784563740,6236.8,6237.3,6236.3,6236.3,20
1784563800,6236.8,6237.3,6235.3,6235.3,14
1784563860,6235.8,6236.3,6235.3,6236.3,10
1784563920,6237.3,6237.3,6235.3,6235.3,6
1784563980,6235.8,6236.3,6234.3,6235.3,22
1784564040,6234.3,6235.3,6233.3,6235.3,26
1784564100,6234.8,6235.3,6233.3,6233.3,14
1784564160,6233.8,6234.3,6233.3,6233.3,28
1784564220,6234.3,6235.3,6233.8,6234.8,18
1784564280,6235.3,6235.3,6234.3,6235.3,20
1784564340,6234.3,6235.3,6234.3,6235.3,10
1784564400,6236.3,6236.3,6235.3,6235.3,16
1784564460,6234.3,6234.3,6234.3,6234.3,2
1784564520,6233.3,6234.3,6233.3,6233.3,18
1784564580,6233.8,6234.3,6233.3,6234.3,10
1784564640,6233.3,6234.3,6233.3,6234.3,16
1784564700,6233.3,6234.3,6231.3,6231.3,16
1784564760,6230.3,6231.3,6230.3,6231.3,18
1784564820,6231.8,6232.8,6231.3,6232.3,30
1784564880,6231.3,6232.3,6231.3,6231.3,18
1784564940,6232.3,6232.3,6231.3,6232.3,32
1784565000,6232.8,6233.3,6231.3,6231.3,16
1784565060,6231.8,6231.8,6231.3,6231.3,4
1784565120,6230.3,6231.3,6230.3,6230.3,24
1784565180,6229.3,6229.3,6227.3,6227.8,22
1784565240,6227.3,6229.3,6227.3,6228.3,28
1784565360,6229.3,6229.3,6229.3,6229.3,2
1784565420,6228.3,6230.3,6228.3,6230.3,8
1784565480,6231.3,6231.3,6229.3,6229.3,6
1784565540,6229.8,6231.3,6229.3,6231.3,24
1784565600,6232.3,6232.3,6231.3,6231.3,4
1784565660,6231.8,6232.3,6212.3,6221.3,110
1784565720,6221.8,6223.3,6221.3,6223.3,76
1784565780,6222.8,6224.3,6222.3,6222.3,58
1784565840,6222.8,6223.3,6221.3,6222.3,26
1784565900,6221.8,6222.3,6220.3,6220.8,66
1784565960,6220.3,6225.3,6220.3,6225.3,54
1784566020,6226.3,6226.3,6224.8,6224.8,6
1784566080,6225.3,6225.8,6225.3,6225.3,6
1784566140,6226.3,6226.3,6225.3,6225.3,26
1784566200,6224.8,6225.3,6223.3,6223.8,42
1784566260,6224.3,6225.3,6223.3,6224.3,46
1784566320,6223.3,6225.3,6223.3,6225.3,30
1784566380,6224.8,6225.3,6224.3,6225.3,10
1784566440,6224.3,6224.3,6220.8,6221.3,16
1784566500,6222.3,6222.3,6221.3,6222.3,12
1784566560,6221.8,6222.3,6219.3,6219.3,26
1784566620,6220.3,6220.3,6219.3,6220.3,16
1784566680,6221.3,6221.3,6220.3,6220.3,4
1784566740,6219.8,6221.3,6219.8,6220.3,14
1784566800,6220.8,6222.3,6220.3,6222.3,62
1784566860,6221.8,6222.3,6219.3,6219.3,18
1784566920,6219.8,6220.8,6219.3,6220.3,24
1784566980,6221.3,6221.3,6220.3,6220.3,24
1784567040,6219.3,6219.3,6217.3,6217.3,6
1784567100,6216.3,6216.3,6213.3,6213.3,28
1784567160,6214.3,6215.3,6214.3,6215.3,4
1784567220,6214.8,6215.3,6214.3,6215.3,10
1784567280,6216.3,6216.3,6214.3,6215.3,26
1784567340,6215.8,6217.3,6215.3,6216.3,16
1784567400,6216.8,6216.8,6214.3,6215.3,18
1784567460,6216.3,6216.3,6214.8,6215.3,8
1784567520,6216.3,6216.3,6215.3,6215.3,4
1784567580,6214.3,6215.3,6214.3,6215.3,8
1784567640,6214.8,6214.8,6213.3,6214.3,16
1784567700,6213.8,6213.8,6212.3,6212.3,6
1784567760,6211.3,6213.3,6211.3,6212.3,18
1784567820,6213.3,6215.3,6213.3,6214.3,12
1784567880,6214.8,6215.3,6214.8,6215.3,4
1784567940,6216.3,6216.3,6214.3,6214.3,22
1784568000,6213.8,6215.3,6213.8,6215.3,10
1784568060,6214.3,6216.3,6214.3,6216.3,22
1784568120,6217.3,6217.3,6216.3,6216.3,4
1784568180,6215.3,6216.3,6215.3,6216.3,14
1784568240,6215.3,6215.8,6214.3,6215.3,24
1784568300,6214.3,6215.3,6214.3,6215.3,12
1784568360,6214.3,6215.3,6214.3,6215.3,4
1784568420,6214.3,6214.3,6212.3,6212.8,12
1784568480,6213.3,6213.3,6212.3,6213.3,22
1784568540,6214.3,6215.3,6214.3,6215.3,16
1784568600,6216.3,6216.3,6214.3,6214.8,16
1784568660,6215.3,6215.3,6213.3,6214.3,32
1784568720,6213.8,6215.3,6213.3,6215.3,20
1784568780,6214.3,6215.3,6214.3,6215.3,18
1784568840,6216.3,6217.3,6215.3,6216.3,28
1784568900,6217.3,6217.3,6216.3,6217.3,10
1784568960,6216.3,6216.3,6214.3,6214.3,14
1784569080,6215.3,6215.3,6215.3,6215.3,2
1784569140,6215.8,6216.3,6214.3,6214.3,12
1784569200,6214.8,6215.3,6213.3,6213.3,12
1784569260,6212.3,6212.8,6211.3,6212.3,16
1784569320,6211.3,6212.3,6211.3,6212.3,24
1784569380,6211.3,6211.3,6210.3,6210.3,4
1784569440,6211.3,6211.3,6209.3,6210.3,46
1784569500,6211.3,6213.3,6210.3,6213.3,12
1784569560,6213.8,6213.8,6211.3,6212.3,10
1784569620,6213.3,6213.3,6213.3,6213.3,2
1784569680,6212.3,6213.3,6211.3,6212.3,30
1784569740,6211.3,6211.3,6211.3,6211.3,2
1784569800,6212.3,6212.3,6211.3,6211.8,52
1784569860,6211.3,6213.3,6211.3,6213.3,16
1784569920,6214.3,6214.8,6214.3,6214.3,6
1784569980,6215.3,6215.3,6214.3,6214.3,8
1784570040,6214.8,6215.3,6214.3,6214.3,16
1784570100,6213.8,6214.3,6213.3,6214.3,6
1784570160,6213.3,6213.8,6212.3,6212.3,14
1784570220,6212.8,6213.3,6212.3,6213.3,34
1784570280,6214.3,6214.3,6212.8,6213.3,18
1784570340,6212.3,6213.3,6212.3,6213.3,14
1784570400,6213.8,6216.3,6213.8,6216.3,44
1784570460,6216.8,6217.3,6216.3,6217.3,38
1784570520,6216.3,6217.3,6216.3,6217.3,18
1784570580,6216.3,6216.3,6216.3,6216.3,2
1784570700,6217.3,6217.3,6216.3,6216.3,26
1784570760,6215.3,6216.3,6215.3,6216.3,24
1784570820,6215.8,6216.3,6215.3,6216.3,6
1784570880,6215.3,6216.3,6215.3,6216.3,4
1784570940,6216.8,6217.3,6216.8,6217.3,8
1784571000,6216.3,6216.8,6216.3,6216.3,6
1784571060,6216.8,6216.8,6215.3,6216.3,20
1784571120,6217.3,6218.3,6216.3,6217.3,18
1784571180,6218.3,6218.3,6217.3,6218.3,10
1784571240,6217.3,6217.3,6217.3,6217.3,2
1784571300,6216.8,6217.3,6215.8,6216.3,28
1784571360,6215.3,6217.3,6215.3,6217.3,26
1784571420,6216.8,6218.3,6216.8,6217.3,20
1784571480,6216.3,6217.3,6216.3,6217.3,4
1784571600,6216.3,6217.3,6216.3,6217.3,8
1784571660,6216.3,6216.3,6213.3,6215.3,14
1784571720,6214.3,6215.3,6212.3,6213.3,30
1784571780,6212.3,6213.3,6211.3,6212.3,44
1784571840,6211.8,6212.3,6210.3,6210.3,22
1784571900,6209.8,6212.3,6209.3,6212.3,26
1784571960,6213.3,6213.3,6211.3,6212.3,44
1784572020,6211.3,6212.3,6210.3,6211.3,28
1784572080,6210.3,6212.3,6210.3,6212.3,42
1784572140,6212.8,6213.3,6211.3,6211.3,32
1784572200,6210.3,6211.3,6209.3,6209.3,22
1784572260,6209.8,6210.3,6206.3,6207.3,42
1784572320,6206.3,6207.3,6204.3,6205.3,30
1784572380,6204.3,6206.3,6203.3,6205.3,24
1784572440,6204.3,6204.3,6197.3,6199.3,44
1784572500,6199.8,6202.3,6199.3,6201.8,28
1784572560,6202.3,6205.3,6202.3,6204.3,10
1784572620,6205.3,6205.3,6203.3,6203.3,12
1784572680,6202.3,6204.3,6202.3,6202.3,20
1784572740,6201.3,6201.3,6200.3,6200.3,38
1784572800,6201.3,6201.3,6199.3,6200.3,14
1784572860,6199.3,6199.3,6198.3,6199.3,40
1784572920,6200.3,6200.3,6198.3,6199.3,24
1784572980,6200.3,6200.3,6198.3,6199.3,30
1784573040,6198.8,6199.3,6195.3,6195.3,32
1784573100,6195.8,6197.3,6195.3,6196.3,38
1784573160,6197.3,6198.3,6196.3,6198.3,12
1784573220,6199.3,6199.3,6198.3,6198.8,36
1784573280,6199.3,6199.3,6198.3,6198.3,28
1784573340,6199.3,6199.3,6198.3,6198.3,10
1784573400,6198.8,6200.3,6198.3,6199.3,28
1784573460,6198.3,6199.3,6198.3,6198.3,20
1784573520,6199.3,6200.3,6198.3,6199.8,22
1784573580,6200.3,6201.3,6200.3,6200.3,10
1784573640,6201.3,6202.3,6201.3,6201.3,6
1784573700,6200.3,6201.8,6200.3,6201.3,16
1784573760,6200.3,6201.3,6200.3,6201.3,16
1784573820,6200.3,6200.8,6200.3,6200.3,10
1784573880,6199.8,6200.3,6198.3,6199.3,24
1784573940,6199.8,6200.3,6199.3,6199.3,34
1784574000,6199.8,6202.3,6199.3,6202.3,18
1784574060,6201.3,6202.3,6201.3,6201.3,22
1784574120,6200.3,6201.3,6199.3,6199.3,28
1784574180,6198.3,6198.3,6196.3,6197.3,8
1784574240,6196.3,6196.3,6195.3,6196.3,14
1784574300,6195.3,6196.3,6194.3,6194.3,8
1784574360,6194.8,6194.8,6191.3,6193.3,56
1784574420,6192.3,6193.3,6191.3,6192.3,36
1784574480,6191.8,6192.3,6190.8,6191.3,46
1784574540,6192.3,6193.3,6192.3,6193.3,22
1784574600,6194.3,6195.3,6194.3,6195.3,10
1784574660,6194.8,6195.3,6192.3,6193.3,18
1784574720,6192.3,6193.3,6192.3,6193.3,18
1784574780,6192.3,6193.3,6188.3,6189.3,24
1784574840,6188.8,6189.3,6187.3,6187.3,16
1784574900,6186.3,6189.3,6186.3,6188.3,10
1784574960,6189.3,6189.3,6188.3,6188.3,14
1784575020,6188.8,6189.3,6185.3,6186.3,28
1784575080,6187.3,6188.3,6187.3,6188.3,10
1784575140,6187.3,6188.3,6187.3,6187.8,16
1784575200,6188.3,6189.3,6186.3,6186.3,20
1784575260,6187.3,6188.3,6186.3,6186.3,16
1784575320,6187.3,6188.3,6187.3,6187.3,22
1784575380,6188.3,6189.3,6187.3,6189.3,16
1784575440,6190.3,6190.3,6189.3,6190.3,44
1784575500,6189.3,6189.8,6189.3,6189.3,10
1784575560,6188.3,6189.3,6188.3,6189.3,8
1784575620,6188.3,6189.3,6187.3,6188.8,24
1784575680,6189.3,6189.3,6188.3,6188.3,18
1784575740,6189.3,6196.3,6188.3,6194.8,52
1784575800,6195.3,6196.3,6192.3,6192.3,62
1784575860,6192.8,6195.3,6192.3,6195.3,42
1784575920,6194.8,6196.3,6194.3,6196.3,44
1784575980,6195.8,6197.3,6195.3,6195.3,32
1784576040,6195.8,6197.3,6195.3,6196.3,38
1784576100,6195.8,6195.8,6194.3,6195.3,34
1784576160,6196.3,6196.3,6194.3,6195.3,22
1784576220,6194.3,6195.3,6194.3,6194.8,10
1784576280,6194.3,6196.3,6194.3,6194.8,40
1784576340,6194.3,6195.8,6194.3,6194.3,26
1784576400,6195.3,6197.3,6195.3,6197.3,8
1784576520,6196.3,6196.3,6194.3,6194.8,8
1784576580,6194.3,6195.3,6194.3,6195.3,34
1784576640,6194.3,6195.3,6194.3,6195.3,4
1784576700,6196.3,6196.8,6193.3,6194.3,22
1784576760,6195.3,6196.8,6194.3,6196.3,18
1784576820,6195.3,6198.3,6195.3,6197.8,22
1784576880,6197.3,6199.3,6197.3,6198.8,16
1784576940,6199.3,6200.3,6199.3,6200.3,18
1784577000,6198.3,6200.3,6198.3,6198.8,34
1784577060,6198.3,6198.8,6197.3,6197.3,12
1784577120,6196.8,6196.8,6196.3,6196.3,8
1784577180,6195.3,6195.3,6193.3,6193.3,6
1784577240,6192.3,6193.3,6192.3,6193.3,10
1784577300,6192.3,6192.8,6190.3,6190.3,26
1784577360,6190.8,6195.3,6190.3,6195.3,14
1784577420,6194.8,6195.3,6194.3,6194.3,16
1784577480,6193.3,6193.3,6191.3,6192.3,12
1784577540,6192.8,6195.8,6192.3,6193.8,58
1784613600,6234.8,6237.8,6234.8,6237.8,20
1784613660,6238.8,6238.8,6236.8,6238.8,30
1784613720,6237.8,6238.8,6236.8,6238.8,12
1784613840,6237.8,6240.8,6237.8,6240.8,8
1784613900,6239.8,6239.8,6238.8,6239.8,10
1784613960,6238.8,6241.8,6238.8,6241.8,8
1784614020,6240.8,6241.8,6238.8,6238.8,12
1784614080,6237.8,6237.8,6237.8,6237.8,2
1784614140,6238.8,6238.8,6237.8,6237.8,22
1784614200,6238.3,6238.3,6235.8,6235.8,16
1784614260,6234.8,6236.8,6233.8,6236.8,32
1784614320,6235.8,6237.8,6235.8,6237.8,12
1784614380,6236.8,6237.8,6236.8,6236.8,8
1784614440,6237.8,6237.8,6236.8,6237.3,18
1784614500,6236.8,6236.8,6235.8,6235.8,8
1784614560,6236.3,6236.8,6235.8,6235.8,36
1784614620,6236.3,6236.8,6235.8,6235.8,10
1784614680,6234.8,6234.8,6233.8,6234.8,36
1784614740,6233.8,6234.8,6233.8,6233.8,20
1784614800,6232.8,6232.8,6231.8,6231.8,8
1784614860,6232.8,6232.8,6231.8,6232.8,20
1784614920,6231.8,6232.8,6231.8,6231.8,10
1784614980,6232.3,6234.8,6231.8,6233.8,28
1784615040,6234.8,6234.8,6233.3,6233.8,8
1784615100,6234.3,6238.8,6233.8,6236.8,38
1784615160,6235.8,6237.8,6235.8,6236.8,8
1784615220,6236.3,6236.3,6235.8,6235.8,4
1784615280,6234.8,6235.8,6234.8,6234.8,6
1784615340,6235.8,6236.8,6234.8,6234.8,10
1784615400,6235.8,6237.8,6234.8,6236.8,22
1784615460,6237.8,6237.8,6236.8,6236.8,22
1784615520,6237.8,6237.8,6236.8,6237.8,12
1784615580,6237.3,6237.8,6236.8,6237.8,26
1784615640,6238.3,6238.8,6237.8,6238.8,8
1784615700,6239.8,6241.8,6238.8,6239.8,20
1784615760,6240.3,6241.3,6239.8,6240.8,32
1784615820,6239.8,6240.3,6239.8,6239.8,14
1784615880,6240.3,6240.3,6237.8,6238.8,18
1784615940,6239.8,6239.8,6239.8,6239.8,2
1784616000,6239.3,6239.8,6238.8,6239.8,10
1784616060,6239.3,6240.8,6238.8,6240.8,32
1784616120,6239.8,6240.8,6239.8,6239.8,6
1784616180,6238.8,6239.8,6237.8,6239.8,8
1784616240,6238.8,6239.8,6238.8,6238.8,6
1784616300,6239.8,6239.8,6238.8,6238.8,22
1784616360,6237.8,6237.8,6234.8,6234.8,20
1784616420,6234.3,6235.8,6233.8,6234.8,10
1784616480,6233.8,6234.3,6233.8,6233.8,10
1784616540,6234.8,6235.8,6234.8,6234.8,6
1784616600,6235.8,6235.8,6234.8,6235.8,8
1784616660,6234.8,6235.3,6234.8,6234.8,10
1784616720,6235.8,6235.8,6235.8,6235.8,2
1784616780,6234.8,6235.8,6233.8,6234.8,10
1784616840,6235.8,6235.8,6234.8,6234.8,4
1784616900,6235.8,6236.8,6234.8,6235.8,16
1784617020,6236.8,6237.8,6236.8,6237.8,14
1784617080,6236.8,6237.8,6236.8,6236.8,12
1784617140,6235.8,6240.8,6235.8,6240.8,32
1784617200,6239.8,6250.8,6238.8,6250.8,94
1784617260,6249.8,6257.8,6249.8,6257.8,68
1784617320,6257.3,6264.8,6256.8,6263.8,62
1784617380,6264.8,6266.8,6263.8,6264.8,50
1784617440,6263.8,6264.3,6258.8,6259.3,50
1784617500,6260.8,6262.8,6259.8,6261.8,52
1784617560,6260.8,6262.3,6256.8,6256.8,44
1784617620,6257.8,6258.8,6256.8,6257.8,26
1784617680,6256.8,6258.8,6255.3,6255.8,22
1784617740,6256.8,6256.8,6254.8,6254.8,28
1784617800,6253.8,6254.8,6253.3,6253.8,32
1784617860,6254.8,6254.8,6249.8,6249.8,74
1784617920,6250.8,6252.8,6250.8,6251.8,24
1784617980,6250.8,6250.8,6247.8,6249.8,46
1784618040,6250.8,6251.8,6249.8,6251.8,38
1784618100,6250.8,6251.8,6248.8,6250.8,48
1784618160,6251.3,6252.8,6248.8,6249.3,58
1784618220,6248.8,6250.8,6248.8,6250.8,38
1784618280,6251.8,6253.8,6250.3,6250.3,38
1784618340,6249.8,6255.8,6248.8,6255.8,32
1784618400,6254.8,6255.8,6253.8,6253.8,38
1784618460,6254.8,6254.8,6250.8,6252.8,58
1784618520,6253.8,6255.3,6251.8,6251.8,48
1784618580,6252.3,6252.8,6251.8,6252.3,48
1784618640,6251.8,6251.8,6248.8,6249.8,46
1784618700,6250.8,6253.8,6246.8,6246.8,30
1784618760,6245.8,6246.8,6243.8,6243.8,32
1784618820,6242.8,6243.8,6240.8,6242.8,38
1784618880,6243.8,6248.8,6242.8,6248.8,34
1784618940,6248.3,6248.3,6243.8,6243.8,30
1784619000,6242.8,6242.8,6237.8,6237.8,42
1784619060,6238.8,6239.8,6237.8,6239.8,34
1784619120,6239.3,6242.8,6237.8,6242.8,38
1784619180,6244.8,6247.8,6242.8,6247.8,52
1784619240,6248.8,6249.8,6248.8,6249.8,4
1784619300,6248.8,6250.8,6247.8,6250.3,26
1784619360,6249.8,6251.3,6248.8,6249.8,38
1784619420,6250.8,6250.8,6247.8,6247.8,14
1784619480,6246.8,6249.8,6246.8,6249.8,20
1784619540,6248.8,6250.8,6248.8,6250.8,10
1784619600,6251.8,6252.8,6250.8,6251.8,18
1784619660,6250.8,6251.8,6250.8,6251.8,4
1784619720,6252.8,6252.8,6250.8,6251.8,16
1784619780,6250.8,6251.8,6249.8,6250.8,22
1784619840,6250.3,6250.8,6248.8,6248.8,14
1784619900,6247.8,6249.8,6246.8,6247.8,26
1784619960,6248.8,6249.8,6247.3,6247.3,28
1784620020,6246.8,6247.8,6245.8,6246.8,18
1784620080,6245.8,6246.8,6245.8,6246.8,14
1784620140,6247.8,6250.8,6247.8,6250.8,14
1784620200,6249.8,6250.8,6249.3,6249.8,10
1784620260,6248.8,6250.8,6248.8,6249.8,24
1784620320,6248.8,6254.8,6248.8,6254.8,24
1784620380,6255.8,6255.8,6250.8,6251.8,22
1784620440,6252.8,6254.8,6251.8,6252.8,32
1784620500,6251.8,6254.8,6250.8,6253.8,14
1784620560,6254.8,6254.8,6253.8,6253.8,8
1784620620,6254.8,6255.8,6253.8,6253.8,26
1784620680,6252.8,6254.8,6252.8,6253.8,24
1784620740,6252.8,6254.3,6251.8,6252.8,40
1784620800,6253.3,6253.8,6249.8,6250.8,44
1784620860,6251.8,6252.3,6248.8,6252.3,60
1784620920,6252.8,6253.8,6249.8,6249.8,30
1784620980,6250.8,6252.8,6249.8,6249.8,48
1784621040,6248.8,6249.8,6247.8,6249.8,28
1784621100,6248.8,6249.8,6246.8,6247.8,48
1784621160,6247.3,6249.8,6247.3,6248.8,22
1784621220,6249.8,6249.8,6247.8,6247.8,22
1784621280,6248.3,6249.8,6247.8,6248.8,34
1784621340,6249.8,6250.8,6249.8,6250.8,14
1784621400,6249.8,6251.8,6248.8,6249.8,26
1784621460,6250.8,6251.8,6248.8,6249.8,26
1784621520,6248.8,6249.8,6248.8,6248.8,6
1784621580,6247.8,6252.8,6246.8,6252.8,36
1784621640,6253.3,6254.8,6252.8,6254.8,12
1784621700,6253.8,6255.8,6253.8,6253.8,10
1784621760,6252.8,6253.8,6251.3,6252.8,26
1784621820,6251.8,6254.8,6251.8,6254.8,26
1784621880,6255.8,6255.8,6254.8,6255.8,8
1784621940,6256.8,6258.8,6256.8,6258.8,10
1784622000,6257.8,6258.3,6256.8,6256.8,16
1784622060,6257.8,6257.8,6256.8,6257.3,46
1784622120,6257.8,6258.8,6256.8,6257.8,24
1784622180,6256.8,6258.8,6256.8,6257.8,12
1784622240,6256.8,6258.8,6256.8,6256.8,20
1784622300,6257.8,6258.8,6254.8,6255.8,18
1784622360,6254.8,6255.8,6254.8,6255.8,8
1784622420,6254.8,6255.8,6253.8,6253.8,8
1784622480,6252.8,6253.8,6252.8,6253.8,20
1784622540,6253.3,6253.8,6251.8,6252.8,16
1784622600,6253.8,6253.8,6251.5,6252.5,34
1784622660,6251.5,6254.5,6251.5,6253.5,46
1784622720,6254.5,6254.5,6254.5,6254.5,2
1784622780,6255.5,6255.5,6254,6254.5,22
1784622840,6252.5,6254.5,6252.5,6253.5,36
1784622900,6254,6257.5,6254,6256.5,18
1784622960,6255.5,6256.5,6253.5,6253.5,20
1784623020,6252.5,6253.5,6252.5,6253.5,4
1784623080,6254,6254.5,6253.5,6253.5,8
1784623140,6254.5,6256.5,6254.5,6255.5,26
1784623200,6254.5,6256.5,6254.5,6256.5,8
1784623260,6257,6258.5,6256.5,6257.5,10
1784623320,6258.5,6258.5,6257.5,6258.5,8
1784623380,6259.5,6260.5,6259,6259.5,20
1784623440,6260.5,6261.5,6260.5,6261.5,14
1784623500,6260.5,6261.5,6257.5,6257.5,16
1784623560,6256.5,6256.5,6255.5,6255.5,18
1784623620,6256.5,6256.5,6254.5,6254.5,6
1784623680,6255.5,6256.5,6255.5,6256.5,6
1784623740,6257.5,6258.5,6257.5,6258.5,4
1784623800,6259.5,6261.5,6258.5,6260.5,18
1784623860,6259.5,6260.5,6259.5,6260.5,18
1784623920,6260,6260,6257.5,6257.5,8
1784623980,6258.5,6259.5,6258.5,6259.5,14
1784624040,6259,6262.5,6259,6261.5,16
1784624100,6262.5,6262.5,6261.5,6261.5,6
1784624160,6260.5,6261.5,6260.5,6261.5,4
1784624220,6260.5,6260.5,6259.5,6259.5,8
1784624280,6260,6260,6257.5,6257.5,12
1784624340,6256.5,6257.5,6256.5,6257.5,4
1784624400,6256.5,6259.5,6256.5,6258,52
1784624460,6258.5,6261,6258,6261,38
1784624520,6260.5,6262.5,6260.5,6262.5,24
1784624580,6261.5,6262.5,6261.5,6261.5,8
1784624640,6262,6262.5,6262,6262.5,4
1784624700,6263.5,6263.5,6261.5,6263.5,22
1784624760,6263,6263.5,6262.5,6263.5,32
1784624820,6264.5,6266.5,6263.5,6265.5,32
1784624880,6266.5,6267.5,6265.5,6266.5,16
1784624940,6265.5,6265.5,6264.5,6265.5,6
1784625000,6266.5,6266.5,6265.5,6265.5,4
1784625060,6266.5,6266.5,6264.5,6266.5,14
1784625120,6265.5,6265.5,6263.5,6264.5,16
1784625180,6264,6264.5,6264,6264.5,4
1784625240,6265.5,6265.5,6265.5,6265.5,2
1784625300,6266.5,6267.5,6266.5,6267.5,22
1784625360,6268.5,6270.5,6267.5,6270.5,30
1784625420,6271.5,6271.5,6271.5,6271.5,2
1784625480,6270.5,6271.5,6270.5,6270.5,18
1784625540,6271.5,6271.5,6270.5,6270.5,4
1784625600,6271,6272.5,6270.5,6270.5,16
1784625780,6271.5,6271.5,6270.5,6270.5,4
1784625840,6271.5,6271.5,6270.5,6270.5,4
1784625900,6269.5,6270.5,6269.5,6270.5,4
1784625960,6268.5,6268.5,6266.5,6266.5,40
1784626020,6265.5,6266.5,6263.5,6264.5,22
1784626080,6265.5,6265.5,6263.5,6264.5,16
1784626140,6265.5,6265.5,6262.5,6263.5,18
1784626200,6262.5,6264.5,6261.5,6262.5,20
1784626260,6263.5,6265.5,6263.5,6265.5,14
1784626320,6266.5,6268.5,6266.5,6268.5,6
1784626380,6269.5,6269.5,6268.5,6268.5,8
1784626440,6269.5,6269.5,6268.5,6268.5,4
1784626500,6267.5,6268.5,6267.5,6268.5,10
1784626560,6267.5,6268.5,6266.5,6266.5,14
1784626620,6265.5,6268.5,6265.5,6268.5,10
1784626680,6267.5,6267.5,6266.5,6266.5,8
1784626740,6265.5,6267.5,6265.5,6267.5,22
1784626800,6267,6267.5,6264.5,6264.5,26
1784626860,6263.5,6263.5,6262.5,6262.5,4
1784626920,6263.5,6263.5,6262.5,6262.5,22
1784626980,6263.5,6266.5,6263.5,6266.5,8
1784627040,6267.5,6267.5,6266.5,6266.5,10
1784627100,6265.5,6269.5,6265.5,6269.5,26
1784627160,6270.5,6271.5,6269.5,6271.5,20
1784627220,6270.5,6271.5,6270.5,6271.5,42
1784627280,6272.5,6272.5,6271.5,6271.5,4
1784627340,6272.5,6275.5,6272.5,6274.5,20
1784627400,6274,6274.5,6273.5,6273.5,6
1784627460,6274.5,6274.5,6272.5,6273.5,14
1784627520,6274.5,6274.5,6272.5,6272.5,18
1784627580,6271.5,6273.5,6271.5,6273.5,16
1784627640,6274.5,6274.5,6273.5,6274.5,20
1784627700,6273.5,6273.5,6273.5,6273.5,2
1784627760,6274,6274.5,6271.5,6271.5,10
1784627820,6270.5,6270.5,6267.5,6267.5,18
1784627880,6266.5,6267.5,6266.5,6267.5,12
1784627940,6268.5,6269.5,6268.5,6269.5,4
1784628000,6270.5,6271.5,6268.5,6269.5,20
1784628060,6270,6271.5,6269.5,6271.5,12
1784628120,6270.5,6274.5,6270,6273.5,50
1784628180,6272.5,6273.5,6271.5,6272.5,26
1784628240,6272,6272,6270.5,6270.5,30
1784628300,6270,6271.5,6269.5,6270.5,14
1784628360,6269.5,6270.5,6268.5,6270.5,16
1784628420,6270,6270.5,6269.5,6269.5,6
1784628480,6270.5,6272,6270.5,6271.5,8
1784628540,6272,6272.5,6270.5,6271.5,12
1784628600,6270.5,6279.5,6269.5,6275.5,86
1784628660,6274.5,6278.5,6274.5,6277.5,104
1784628720,6276.5,6277.5,6273.5,6273.5,50
1784628780,6274,6275.5,6272.5,6272.5,20
1784628840,6273.5,6274.5,6272.5,6272.5,44
1784628900,6272,6272.5,6270.5,6270.5,10
1784628960,6269.5,6272.5,6269.5,6271.5,34
1784629020,6272.5,6272.5,6271.5,6272.5,10
1784629080,6271.5,6273.5,6271.5,6273.5,30
1784629140,6272.5,6273.5,6272.5,6273.5,10
1784629200,6273,6273.5,6272.5,6273.5,22
1784629260,6274.5,6274.5,6272.5,6273.5,32
1784629320,6274.5,6274.5,6273.5,6274,6
1784629380,6273.5,6274.5,6272.5,6272.5,12
1784629440,6273.5,6273.5,6273,6273.5,6
1784629500,6272.5,6273.5,6272.5,6273.5,4
1784629560,6272.5,6273.5,6271.5,6273.5,12
1784629620,6274.5,6274.5,6272.5,6272.5,16
1784629680,6273.5,6274.5,6272.5,6272.5,26
1784629800,6271.5,6272.5,6271.5,6271.5,6
1784629860,6272.5,6272.5,6270.5,6271.5,8
1784629920,6272.5,6273.5,6272.5,6273.5,8
1784629980,6274.5,6274.5,6273.5,6274.5,8
1784630040,6275.5,6276.5,6275.5,6275.5,6
1784630100,6276.5,6277.5,6276.5,6276.5,6
1784630160,6275.5,6277.5,6275.5,6277.5,14
1784630220,6276.5,6277.5,6275.5,6277.5,8
1784630280,6276.5,6277.5,6275.5,6275.5,10
1784630340,6276,6276.5,6274.5,6274.5,12
1784630400,6273.5,6274.5,6270.5,6271.5,30
1784630460,6271,6272.5,6270.5,6272.5,16
1784630520,6271.5,6273.5,6271.5,6273.5,14
1784630580,6274.5,6274.5,6273.5,6274.5,6
1784630640,6275.5,6275.5,6273.5,6273.5,6
1784630700,6272.5,6273.5,6272.5,6273.5,4
1784630760,6272.5,6272.5,6270.5,6270.5,28
1784630820,6271.5,6272.5,6270.5,6272.5,16
1784630880,6273.5,6273.5,6272.5,6273.5,6
1784630940,6274.5,6274.5,6271.5,6272,22
1784631000,6271.5,6272.5,6269.5,6269.5,10
1784631060,6268.5,6271,6268.5,6270.5,26
1784631120,6271.5,6273.5,6271.5,6273.5,6
1784631180,6273,6273.5,6272.5,6272.5,14
1784631240,6271.5,6272,6270.5,6270.5,8
1784631300,6271.5,6271.5,6269.5,6269.5,18
1784631420,6268.5,6268.5,6268.5,6268.5,2
1784631480,6269.5,6269.5,6268.5,6269,12
1784631540,6269.5,6269.5,6267.5,6267.5,30
1784631600,6268.5,6270.5,6268.5,6268.5,30
1784631660,6269.5,6269.5,6267.5,6267.5,30
1784631720,6268.5,6268.5,6266.5,6266.5,6
1784631780,6265.5,6265.5,6263.5,6264,12
1784631840,6263.5,6264,6260.5,6261.5,42
1784631900,6260.5,6262.5,6260.5,6262.5,6
1784631960,6261.5,6262.5,6261,6261.5,14
1784632020,6260.5,6260.5,6259.5,6259.5,22
1784632080,6260.5,6261.5,6259.5,6261.5,16
1784632140,6260.5,6261.5,6260.5,6260.5,6
1784632200,6259.5,6259.5,6259.5,6259.5,2
1784632260,6258.5,6258.5,6255.5,6255.5,14
1784632320,6256.5,6258.5,6255.5,6258.5,22
1784632380,6257.5,6258.5,6257.5,6258.5,22
1784632440,6257.5,6257.5,6257.5,6257.5,2
1784632500,6256.5,6258.5,6256.5,6258.5,12
1784632560,6257.5,6258,6257.5,6257.5,6
1784632620,6256.5,6257.5,6256.5,6256.5,10
1784632680,6257.5,6258.5,6256.5,6256.5,8
1784632740,6255.5,6256.5,6255.5,6255.5,20
1784632800,6256,6256.5,6254.5,6254.5,18
1784632860,6253.5,6255.5,6253.5,6255.5,6
1784632920,6254.5,6255.5,6254.5,6255.5,8
1784632980,6256.5,6256.5,6255.5,6255.5,8
1784633040,6256,6256.5,6254.5,6255.5,14
1784633100,6254.5,6254.5,6254,6254.5,6
1784633160,6255.5,6256.5,6253.5,6256.5,14
1784633220,6257.5,6258.5,6256.5,6257.5,26
1784633280,6258.5,6258.5,6256.5,6257,30
1784633340,6257.5,6257.5,6256.5,6257.5,6
1784633400,6258.5,6261.5,6258.5,6260.5,34
1784633460,6261.5,6261.5,6260.5,6260.5,14
1784633580,6259.5,6259.5,6255.5,6255.5,14
1784633640,6256.5,6257.5,6256,6257.5,8
1784633700,6258.5,6258.5,6258.5,6258.5,2
1784633760,6257.5,6259.5,6257.5,6259.5,26
1784633820,6260.5,6260.5,6260.5,6260.5,2
1784633940,6261.5,6263,6260.5,6261.5,16
1784634000,6260.5,6260.5,6260.5,6260.5,2
1784634060,6259.5,6260.5,6259.5,6259.5,8
1784634120,6258.5,6259.5,6258.5,6258.5,6
1784634180,6259.5,6259.5,6257.5,6257.5,6
1784634240,6258.5,6259.5,6257.5,6259.5,14
1784634300,6258.5,6259.5,6258.5,6258.5,24
1784634360,6259.5,6259.5,6258.5,6259.5,30
1784634420,6260,6260.5,6260,6260.5,4
1784634480,6259.5,6260.5,6259.5,6260.5,6
1784634540,6260,6260,6259.5,6259.5,4
1784634600,6260.5,6260.5,6258.5,6258.5,6
1784634660,6257.5,6257.5,6255.5,6255.5,24
1784634720,6256,6256.5,6254.5,6255.5,48
1784634780,6255,6256.5,6255,6255.5,16
1784634840,6256.5,6256.5,6255.5,6256.5,20
1784634900,6255.5,6255.5,6255.5,6255.5,2
1784634960,6256.5,6256.5,6255.5,6255.5,4
1784635020,6254.5,6255.5,6254.5,6254.5,12
1784635080,6255.5,6256.5,6255.5,6256.5,4
1784635200,6257.5,6260.5,6257.5,6259.5,28
1784635260,6258.5,6258.5,6257.5,6257.5,24
1784635320,6256.5,6258.5,6256.5,6257.5,44
1784635380,6256.5,6256.5,6256.5,6256.5,2
1784635440,6255.5,6257.5,6255.5,6256.5,20
1784635500,6257,6257.5,6256.5,6256.5,16
1784635560,6257.5,6257.5,6255.5,6257.5,16
1784635680,6258.5,6259,6257.5,6258.5,10
1784635740,6259.5,6259.5,6257.5,6257.5,6
1784635800,6256.5,6257.5,6255.5,6256,30
1784635860,6255.5,6258.5,6255.5,6258.5,18
1784635920,6257.5,6259,6257.5,6258.5,8
1784635980,6257.5,6258.5,6256.5,6258.5,12
1784636040,6259.5,6259.5,6257.5,6258.5,6
1784636100,6259.5,6259.5,6251.5,6251.5,30
1784636160,6252.5,6254.5,6250.5,6254.5,34
1784636220,6253.5,6255.5,6253.5,6255.5,24
1784636280,6255,6255.5,6250,6250,20
1784636340,6250.5,6251.5,6250.5,6251.5,14
1784636400,6252.5,6252.5,6248.5,6250.5,18
1784636460,6250,6251.5,6249.5,6251.5,22
1784636520,6251,6251.5,6250.5,6250.5,18
1784636580,6249.5,6251.5,6249.5,6251.5,28
1784636640,6252.5,6253.5,6251.5,6252,12
1784636700,6252.5,6252.5,6248.5,6248.5,36
1784636760,6247.5,6248.5,6247.5,6247.5,12
1784636820,6246.5,6246.5,6245.5,6246.5,8
1784636880,6245.5,6246.5,6244.5,6245.5,18
1784636940,6244.5,6245.5,6244.5,6245.5,8
1784637000,6244.5,6247.5,6244.5,6246.5,48
1784637060,6245.5,6249.5,6245.5,6249.5,18
1784637120,6248.5,6251.5,6248.5,6250.5,14
1784637180,6249.5,6252.5,6249.5,6252.5,26
1784637240,6253.5,6254.5,6252.5,6253.5,12
1784637300,6252.5,6252.5,6250.5,6251.5,12
1784637360,6251,6253.5,6250.5,6253.5,28
1784637420,6252.5,6252.5,6251.5,6251.5,10
1784637480,6251,6251,6250.5,6250.5,4
1784637540,6249.5,6250.5,6248.5,6250.5,8
1784637600,6250,6250,6247.5,6247.5,36
1784637660,6248.5,6248.5,6245.5,6245.5,8
1784637720,6246.5,6246.5,6244.5,6245.5,20
1784637780,6246.5,6246.5,6239.5,6243,60
1784637840,6243.5,6246.5,6243.5,6246.5,38
1784637900,6245.5,6246.5,6245.5,6245.5,28
1784637960,6246,6247.5,6246,6246.5,18
1784638020,6245.5,6246.5,6245.5,6246.5,14
1784638080,6247.5,6249.5,6247.5,6248.5,24
1784638140,6249.5,6250.5,6249.5,6249.5,30
1784638200,6249,6250.5,6249,6250.5,6
1784638260,6251.5,6251.5,6250.5,6250.5,16
1784638320,6251,6251.5,6249.5,6251.5,24
1784638380,6252.5,6252.5,6251.5,6252.5,12
1784638440,6253.5,6254.5,6253.5,6253.5,14
1784638500,6253,6253.5,6252.5,6253.5,8
1784638560,6253,6254.5,6253,6254.5,18
1784638620,6255.5,6256.5,6255.5,6256.5,4
1784638680,6255.5,6255.5,6255.5,6255.5,2
1784638800,6256,6256,6250.5,6251.5,36
1784638860,6252.5,6253,6251.5,6252.5,16
1784638920,6252,6252,6250.5,6251.5,32
1784638980,6250.5,6252.5,6250.5,6252.5,18
1784639040,6251.5,6254.5,6251.5,6253.5,20
1784639100,6252.5,6253.5,6252.5,6252.5,18
1784639160,6252,6253.5,6251.5,6252.5,12
1784639220,6253.5,6253.5,6250.5,6252.5,28
1784639280,6251.5,6252.5,6250.5,6251.5,14
1784639340,6252,6252.5,6249.5,6250.5,30
1784639400,6251.5,6252.5,6250.5,6251.5,14
1784639460,6252.5,6252.5,6252.5,6252.5,2
1784639520,6253.5,6253.5,6251.5,6251.5,26
1784639580,6250.5,6251.5,6250.5,6251.5,22
1784639640,6251,6252.5,6250.5,6251.5,16
1784639700,6252.5,6252.5,6250.5,6251.5,22
1784639760,6251,6252.5,6251,6251.5,14
1784639820,6252.5,6252.5,6252.5,6252.5,2
1784639880,6253.5,6253.5,6252.5,6253.5,6
1784640000,6254,6254.5,6253.5,6254.5,8
1784640060,6253.5,6254.5,6253.5,6254.5,26
1784640240,6253.5,6253.5,6251.5,6252.5,12
1784640300,6253.5,6253.5,6251.5,6252.5,36
1784640360,6253.5,6253.5,6252.5,6252.5,8
1784640420,6251.5,6252.5,6250.5,6250.5,32
1784640480,6249.5,6250.5,6249.5,6250,20
1784640540,6249.5,6251.5,6249.5,6251.5,14
1784640600,6252.5,6252.5,6248.5,6252.5,48
1784640660,6253.5,6254.5,6251.5,6252.5,56
1784640720,6251.5,6252.5,6250.5,6251.5,20
1784640780,6252,6253.5,6251.5,6253.5,28
1784640840,6252.5,6254.5,6252.5,6252.5,28
1784640900,6252,6254.5,6251.5,6253.5,28
1784640960,6254.5,6255.5,6246.5,6246.5,34
1784641020,6247.5,6247.5,6243.5,6244.5,38
1784641080,6243.5,6246.5,6243.5,6245.5,32
1784641140,6246,6246.5,6244.5,6245.5,22
1784641200,6244.5,6245.5,6241.5,6245.5,44
1784641260,6244.5,6245.5,6241.5,6243.5,50
1784641320,6243,6243.5,6241.5,6241.5,46
1784641380,6242.5,6242.5,6237.5,6238.5,36
1784641440,6239,6239.5,6237.5,6239.5,60
1784641500,6238.5,6239.5,6237.5,6239,48
1784641560,6239.5,6242.5,6239.5,6241.5,42
1784641620,6240.5,6241.5,6238.5,6239,34
1784641680,6238.5,6243.5,6238.5,6242.5,24
1784641740,6243.5,6244.5,6242.5,6243.5,20
1784641800,6244.5,6245.5,6242.5,6243.5,16
1784641860,6242.5,6244.5,6238.5,6239.5,26
1784641920,6238.5,6243.5,6238.5,6242.5,66
1784641980,6241.5,6243.5,6241.5,6243.5,30
1784642040,6242.5,6244.5,6242.5,6243.5,36
1784642100,6244.5,6244.5,6242.5,6243.5,16
1784642160,6242.5,6243.5,6241.5,6243.5,26
1784642220,6242.5,6243.5,6242.5,6242.5,24
1784642280,6241.5,6241.5,6239.5,6240.5,38
1784642340,6241.5,6241.5,6241.5,6241.5,2
1784642400,6242.5,6243.5,6240.5,6241.5,38
1784642460,6242.5,6243.5,6241.5,6241.5,40
1784642520,6242.5,6242.5,6241.5,6241.5,26
1784642580,6242.5,6247.5,6241.5,6246.5,44
1784642640,6245.5,6248.5,6245.5,6247.5,14
1784642700,6246.5,6248.5,6246.5,6248.5,14
1784642760,6247.5,6250.5,6247.5,6250.5,16
1784642820,6249.5,6250,6247.5,6248.5,24
1784642880,6247.5,6250.5,6247.5,6250.5,30
1784642940,6249.5,6250.5,6248.5,6250.5,26
1784643000,6249.5,6252.5,6249.5,6252.5,30
1784643060,6253.5,6253.5,6251.5,6251.5,22
1784643120,6252.5,6253.5,6251.5,6251.5,18
1784643180,6252.5,6253.5,6252,6253.5,12
1784643240,6254.5,6256.5,6252.5,6255,56
1784643300,6254.5,6255.5,6252,6252.5,28
1784643360,6253.5,6254.5,6251.5,6254,58
1784643420,6254.5,6254.5,6252.5,6253.5,18
1784643480,6254,6257.5,6253.5,6256.5,36
1784643540,6257.5,6257.5,6256.5,6256.5,30
1784643600,6257,6257.5,6256.5,6257.5,34
1784643660,6257,6258.5,6256.5,6256.5,24
1784643720,6257.5,6259.5,6257.5,6259,20
1784643780,6258.5,6259.5,6258.5,6259.5,8
1784643840,6260.5,6260.5,6259.5,6259.5,4
1784643900,6260.5,6262.5,6260.5,6261.5,12
1784643960,6260.5,6261.5,6260.5,6260.5,14
1784644020,6261.5,6262,6260.5,6262,22
1784644080,6261.5,6262.5,6260.5,6261.5,30
1784644140,6260.5,6261.5,6260.5,6260.5,6
1784644200,6261.5,6262.5,6260.5,6262.5,30
1784644260,6263.5,6265.5,6263.5,6264.5,20
1784644320,6263.5,6264.5,6263.5,6263.5,6
1784644440,6262.5,6264.5,6262.5,6263.5,14
1784644500,6264.5,6265.5,6263.5,6264.5,20
1784644560,6263.5,6264.5,6262.5,6264.5,8
1784644620,6263.5,6264,6261.5,6262.5,14
1784644680,6261.5,6261.5,6260.5,6261.5,14
1784644740,6260.5,6263.5,6260.5,6262.5,22
1784644800,6263.5,6264.5,6263.5,6263.5,14
1784644860,6262.5,6262.5,6261.5,6261.5,14
1784644920,6262.5,6264.5,6262.5,6264.5,14
1784644980,6265.5,6266.5,6264.5,6266.5,18
1784645040,6265.5,6266.5,6265.5,6265.5,10
1784645100,6266.5,6267.5,6265.5,6267.5,18
1784645160,6266.5,6268,6266.5,6267.5,8
1784645220,6266.5,6266.5,6266.5,6266.5,2
1784645280,6267.5,6271.5,6267.5,6269.5,52
1784645340,6268.5,6269.5,6267.5,6269.5,28
1784645400,6268.5,6270.5,6268.5,6269.5,40
1784645460,6268.5,6270.5,6268.5,6270.5,28
1784645520,6271.5,6271.5,6270.5,6271.5,20
1784645580,6270.5,6271.5,6270.5,6270.5,20
1784645640,6269.5,6270.5,6269.5,6270.5,8
1784645700,6271.5,6271.5,6270.5,6270.5,4
1784645760,6271.5,6271.5,6268.5,6268.5,16
1784645820,6269,6269.5,6268.5,6269.5,14
1784645880,6270.5,6271.5,6269.5,6270.5,28
1784645940,6269.5,6271.5,6269.5,6270.5,14
1784646000,6271.5,6271.5,6269.5,6271.5,24
1784646060,6270.5,6270.5,6267.5,6267.5,12
1784646120,6266.5,6268.5,6266.5,6266.5,18
1784646180,6267.5,6269.5,6266.5,6269.5,16
1784646240,6268.5,6270.5,6268.5,6270.5,24
1784646300,6269.5,6273.5,6269.5,6273.5,20
1784646360,6272.5,6273.5,6271.5,6272.5,30
1784646420,6272,6274.5,6272,6273.5,12
1784646480,6274.5,6274.5,6273.5,6273.5,8
1784646540,6274.5,6275.5,6274.5,6274.5,12
1784646600,6275.5,6276.5,6274.5,6275.5,24
1784646660,6274.5,6275.5,6274.5,6274.5,10
1784646720,6275.5,6276.5,6275.5,6276.5,4
1784646780,6275.5,6276.5,6274.5,6275,20
1784646840,6275.5,6276.5,6274.5,6275.5,22
1784646900,6276.5,6277.5,6276.5,6276.5,14
1784646960,6277.5,6278.5,6276.5,6276.5,8
1784647020,6277,6277.5,6276.5,6277.5,16
1784647080,6276.5,6276.5,6274.5,6275.5,18
1784647140,6274.5,6276.5,6274.5,6275.5,14
1784647200,6274.5,6279.5,6274.5,6278.5,38
1784647260,6280.5,6281.5,6277.5,6279,36
1784647320,6279.5,6281.5,6279.5,6280.5,26
1784647380,6281.5,6281.5,6278.5,6279.5,16
1784647440,6278.5,6280.5,6278.5,6280.5,10
1784647500,6279.5,6280.5,6279.5,6280.5,16
1784647560,6281.5,6281.5,6280.5,6280.5,4
1784647620,6279.5,6280.5,6279.5,6280.5,4
1784647680,6281.5,6281.5,6280.5,6281.5,6
1784647740,6280.5,6281.5,6279.5,6280.5,10
1784647800,6279.5,6281.5,6278.5,6280.5,38
1784647860,6281,6283.5,6280.5,6281.5,20
1784647920,6280.5,6282.5,6280.5,6281.5,18
1784647980,6280.5,6281.5,6278.5,6280.5,46
1784648040,6281.5,6283.5,6278.5,6282.5,58
1784648100,6283.5,6284.5,6282.5,6283.5,40
1784648160,6282.5,6283.5,6281.5,6283.5,34
1784648220,6282.5,6284.5,6282.5,6284.5,18
1784648280,6283.5,6284.5,6282.5,6282.5,10
1784648340,6283.5,6283.5,6283.5,6283.5,2
1784648400,6284.5,6286.5,6282.5,6284.5,32
1784648460,6285.5,6287.5,6285.5,6287.5,10
1784648520,6286.5,6286.5,6284.5,6285.5,8
1784648580,6284.5,6285.5,6283.5,6284,22
1784648640,6284.5,6285.5,6282.5,6282.5,30
1784648700,6281.5,6282.5,6281.5,6281.5,6
1784648760,6282.5,6282.5,6282.5,6282.5,2
1784648820,6283.5,6284.5,6283.5,6284.5,16
1784648880,6283.5,6284.5,6283.5,6284.5,8
1784648940,6285.5,6285.5,6284.5,6285.5,6
1784649000,6286.5,6286.5,6285.5,6285.5,4
1784649060,6284.5,6285.5,6284.5,6284.5,36
1784649120,6285,6285,6283.5,6283.5,6
1784649180,6284.5,6284.5,6284.5,6284.5,2
1784649240,6285.5,6285.5,6284.5,6284.5,12
1784649360,6283.5,6285.5,6283.5,6284.5,12
1784649420,6283.5,6283.5,6283.5,6283.5,2
1784649540,6282.5,6283.5,6282.5,6283.5,12
1784649600,6284,6285.5,6284,6284.5,14
1784649660,6285.5,6286,6283.5,6284.5,22
1784649780,6285.5,6285.5,6284.5,6284.5,8
1784649840,6285,6287.5,6284.5,6287.5,12
1784649900,6286.5,6287.5,6286.5,6287.5,4
1784649960,6288.5,6288.5,6287.5,6287.5,4
1784650020,6286.5,6287.5,6286.5,6287.5,4
1784650080,6287,6287.5,6286.5,6287.5,32
1784650200,6288.5,6288.5,6288.5,6288.5,2
1784650260,6287.5,6288.5,6287.5,6288.5,4
1784650320,6287.5,6288.5,6287.5,6288.5,12
1784650380,6288,6289,6287.5,6289,14
1784650440,6288.5,6289.5,6288.5,6288.5,24
1784650500,6289,6289.5,6288.5,6288.5,18
1784650560,6289.5,6289.5,6288.5,6288.5,4
1784650680,6287.5,6287.5,6287.5,6287.5,2
1784650740,6288.5,6289.5,6287.5,6289.5,12
1784650800,6288.5,6289.5,6288.5,6289.5,4
1784650860,6288.5,6290.5,6288.5,6290.5,10
1784650920,6290,6291.5,6289.5,6290.5,18
1784650980,6291,6291,6290.5,6290.5,8
1784651160,6289.5,6290.5,6289.5,6290.5,8
1784651220,6289.5,6290,6288.5,6289.5,10
1784651280,6290,6290.5,6289.5,6290.5,12
1784651340,6289.5,6289.5,6289.5,6289.5,2
1784651400,6290,6290,6289.5,6289.5,4
1784651460,6290,6290.5,6289.5,6289.5,30
1784651520,6289,6289.5,6289,6289.5,4
1784651580,6288.5,6289.5,6288.5,6289.5,26
1784651700,6290.5,6290.5,6289.5,6290.5,6
1784651760,6289.5,6290.5,6289.5,6290.5,4
1784651820,6289.5,6289.5,6289.5,6289.5,2
1784651880,6290.5,6290.5,6289.5,6289.5,4
1784651940,6288.5,6289.5,6288.5,6289.5,4
1784652000,6290.5,6290.5,6290.5,6290.5,2
1784652060,6289.5,6290.5,6289.5,6289.5,26
1784652120,6290,6290.5,6289.5,6289.5,6
1784652360,6288.5,6290.5,6288.5,6289.5,16
1784652420,6290,6290.5,6289.5,6289.5,16
1784652480,6288.5,6288.5,6288.5,6288.5,2
1784652540,6289.5,6289.5,6289.5,6289.5,2
1784652600,6290.5,6290.5,6290.5,6290.5,2
1784652720,6291.5,6291.5,6291.5,6291.5,2
1784652900,6292.5,6293.5,6291.5,6292.5,10
1784652960,6291.5,6291.5,6291.5,6291.5,2
1784653020,6290.5,6290.5,6290.5,6290.5,2
1784653140,6289.5,6290.5,6289.5,6290.5,10
1784653200,6291,6291,6289.5,6289.5,6
1784653260,6290.5,6290.5,6290.5,6290.5,2
1784653320,6289.5,6290.5,6289.5,6290.5,4
1784653380,6289.5,6290.5,6289.5,6290.5,4
1784653560,6291.5,6291.5,6291.5,6291.5,2
1784653620,6290.5,6291.5,6290.5,6291.5,12
1784653740,6292.5,6292.5,6292.5,6292.5,2
1784653800,6291.5,6291.5,6290.5,6290.5,6
1784653860,6291.5,6291.5,6291.5,6291.5,2
1784653920,6290.5,6291.5,6290.5,6290.5,10
1784653980,6291.5,6291.5,6290.5,6291.5,6
1784654040,6292,6292,6290.5,6290.5,10
1784654100,6290,6290.5,6290,6290.5,4
1784654160,6289.5,6290.5,6289.5,6290.5,32
1784654340,6289.5,6289.5,6289.5,6289.5,2
1784654400,6288.5,6289.5,6288.5,6289.5,4
1784654460,6290.5,6290.5,6288.5,6289,28
1784654520,6288.5,6289.5,6288.5,6288.5,22
1784654580,6287.5,6288.5,6287.5,6288.5,4
1784654640,6287.5,6289.5,6287.5,6289.5,6
1784654700,6288.5,6289.5,6288.5,6288.5,12
1784654760,6289.5,6289.5,6288.5,6288.5,22
1784654820,6289.5,6289.5,6288.5,6288.5,18
1784655000,6289.5,6290.5,6289.5,6290.5,12
1784655060,6290,6291.5,6290,6291.5,6
1784655120,6290.5,6290.5,6290.5,6290.5,2
1784655180,6291.5,6291.5,6289.5,6290.5,12
1784655240,6289.5,6289.5,6288.5,6289.5,12
1784655360,6290.5,6290.5,6290.5,6290.5,2
1784655480,6291.5,6291.5,6290.5,6290.5,4
1784655600,6290,6290.5,6289.5,6290.5,12
1784655660,6289.5,6290,6289.5,6289.5,14
1784655720,6290,6290.5,6289.5,6289.5,10
1784655840,6290.5,6290.5,6289.5,6289.5,24
1784655900,6290.5,6290.5,6289.5,6290.5,8
1784655960,6289.5,6290.5,6289.5,6290.5,4
1784656200,6291,6291.5,6290.5,6291.5,6
1784656260,6291,6291.5,6290.5,6290.5,10
1784656320,6290,6290.5,6290,6290.5,4
1784656380,6289.5,6290.5,6289.5,6289.5,6
1784656440,6290.5,6290.5,6289.5,6290.5,10
1784656500,6289.5,6290.5,6289.5,6289.5,16
1784656560,6288.5,6289.5,6288.5,6289.5,4
1784656620,6288.5,6289.5,6288.5,6288.5,16
1784656740,6289.5,6289.5,6288.5,6289.5,6
1784656860,6290.5,6290.5,6289.5,6290.5,16
1784656920,6289.5,6290.5,6289.5,6289.5,10
1784656980,6288.5,6289.5,6288.5,6288.5,6
1784657040,6289.5,6289.5,6289.5,6289.5,2
1784657160,6288.5,6289.5,6288.5,6289.5,4
1784657220,6290.5,6290.5,6289.5,6289.5,42
1784657280,6290.5,6290.5,6290.5,6290.5,2
1784657400,6291,6291.5,6291,6291.5,4
1784657460,6290.5,6291.5,6290.5,6290.5,14
1784657520,6291,6291.5,6290.5,6290.5,14
1784657640,6289.5,6290.5,6289.5,6289.5,8
1784657700,6289,6289.5,6288.5,6289.5,36
1784657760,6288.5,6289.5,6288.5,6288.5,22
1784657820,6289,6289.5,6288.5,6289.5,26
1784657880,6288.5,6288.5,6288.5,6288.5,2
1784657940,6287.5,6288.5,6287.5,6288.5,4
1784658000,6287.5,6289,6287.5,6289,6
1784658060,6288.5,6289,6288.5,6288.5,6
1784658120,6289.5,6289.5,6288.5,6288.5,8
1784658180,6289,6289.5,6288.5,6289.5,20
1784658420,6290.5,6290.5,6290.5,6290.5,2
1784658480,6291.5,6291.5,6290.5,6290.5,4
1784658600,6291.5,6291.5,6290.5,6290.5,4
1784658660,6289.5,6290.5,6289.5,6289.5,10
1784658780,6290.5,6290.5,6289.5,6289.5,4
1784658840,6290.5,6290.5,6289.5,6290.5,6
1784658960,6291.5,6291.5,6290.5,6290.5,4
1784659080,6291.5,6291.5,6291.5,6291.5,2
1784659140,6292.5,6292.5,6291.5,6291.5,20
1784659320,6292.5,6292.5,6291.5,6292.5,14
1784659380,6291.5,6292.5,6291.5,6292.5,4
1784659500,6293.5,6293.5,6292.5,6292.5,8
1784659560,6293.5,6293.5,6293.5,6293.5,2
1784659620,6293,6293,6291.5,6291.5,6
1784659980,6291,6291.5,6290.5,6291.5,6
1784660160,6292.5,6292.5,6291.5,6291.5,8
1784660400,6290.5,6291.5,6290.5,6291.5,4
1784660460,6290.5,6290.5,6290.5,6290.5,2
1784660520,6291,6291.5,6290.5,6291.5,6
1784660580,6290.5,6291.5,6290.5,6291.5,10
1784660820,6290.5,6290.5,6290.5,6290.5,2
1784660940,6289.5,6289.5,6288.5,6288.5,4
1784661000,6289.5,6289.5,6288.5,6288.5,12
1784661060,6289.5,6289.5,6289.5,6289.5,2
1784661120,6290,6290.5,6289.5,6290.5,6
1784661240,6291.5,6291.5,6290.5,6290.5,12
1784661300,6291,6291.5,6290.5,6291.5,8
1784661420,6292.5,6292.5,6290.5,6291.5,18
1784661480,6290.5,6290.5,6290.5,6290.5,2
1784661540,6289.5,6289.5,6289.5,6289.5,2
1784661600,6289,6289.5,6288.5,6289.5,6
1784661960,6288.5,6289.5,6288.5,6289.5,4
1784662020,6290.5,6290.5,6289.5,6290.5,6
1784662140,6289.5,6290.5,6289.5,6290.5,28
1784662200,6290,6290.5,6289.5,6290.5,10
1784662260,6291.5,6291.5,6289.5,6289.5,18
1784662320,6290.5,6290.5,6290,6290.5,6
1784662500,6291.5,6291.5,6291.5,6291.5,2
1784662560,6292.5,6292.5,6292.5,6292.5,2
1784662680,6291.5,6292.5,6291.5,6292.5,4
1784662740,6292,6292.5,6291.5,6291.5,38
1784662800,6290.5,6290.5,6290.5,6290.5,2
1784662920,6289.5,6290.5,6289.5,6290.5,12
1784662980,6290,6291,6289.5,6291,12
1784663040,6290.5,6292.5,6290.5,6292.5,8
1784663100,6292,6292.5,6290.5,6291.5,16
1784663220,6290.5,6290.5,6290.5,6290.5,2
1784663280,6291,6291,6290.5,6290.5,4
1784663340,6291.5,6291.5,6291.5,6291.5,2
1784663400,6292.5,6293.5,6292,6292.5,18
1784663460,6293,6293.5,6292.5,6293.5,26
1784663520,6294.5,6294.5,6294.5,6294.5,2
1784663580,6293.5,6294.5,6293.5,6294.5,4
1784663640,6293.5,6293.5,6293.5,6293.5,2
1784663760,6294.5,6294.5,6293.5,6294.5,6
1784663820,6295.5,6295.5,6295.5,6295.5,2
1784663880,6294.5,6294.5,6293.5,6294.5,12
1784663940,6295.5,6295.5,6294.5,6294.5,14
1784700000,6287.9,6288.9,6287.9,6288.4,10
1784700060,6288.9,6288.9,6286.9,6288.9,28
1784700120,6289.9,6289.9,6288.9,6289.9,32
1784700180,6289.4,6292.9,6289.4,6291.9,16
1784700240,6292.9,6292.9,6291.9,6291.9,4
1784700300,6292.4,6292.9,6289.9,6289.9,22
1784700360,6288.9,6289.9,6288.9,6288.9,24
1784700420,6287.9,6288.9,6287.9,6287.9,12
1784700480,6286.9,6287.9,6286.4,6286.9,18
1784700540,6286.4,6286.9,6285.9,6286.9,14
1784700600,6287.9,6287.9,6287.9,6287.9,2
1784700660,6288.9,6290.9,6288.9,6290.9,6
1784700720,6289.9,6291.9,6289.9,6290.9,14
1784700780,6291.9,6291.9,6288.9,6289.9,26
1784700840,6289.4,6290.9,6289.4,6290.9,6
1784700900,6289.9,6289.9,6288.4,6288.9,20
1784700960,6288.4,6288.9,6286.9,6287.4,28
1784701020,6287.9,6287.9,6284.9,6285.9,34
1784701080,6284.9,6284.9,6282.9,6283.9,36
1784701140,6283.4,6283.4,6281.9,6282.9,30
1784701200,6281.9,6281.9,6279.9,6280.9,12
1784701260,6281.9,6281.9,6280.9,6280.9,4
1784701320,6279.9,6279.9,6278.9,6278.9,4
1784701380,6277.9,6278.9,6277.9,6278.4,24
1784701440,6277.9,6278.4,6275.9,6277.9,16
1784701500,6276.9,6276.9,6274.9,6275.9,34
1784701560,6275.4,6275.9,6274.9,6274.9,38
1784701620,6275.9,6276.9,6274.9,6274.9,22
1784701680,6275.9,6276.9,6273.9,6274.9,20
1784701740,6273.9,6276.9,6273.9,6274.9,38
1784701800,6275.9,6275.9,6272.9,6272.9,44
1784701860,6273.4,6273.9,6271.9,6272.9,12
1784701920,6271.9,6271.9,6270.9,6270.9,14
1784701980,6271.9,6271.9,6271.9,6271.9,2
1784702040,6272.9,6273.9,6272.9,6273.9,12
1784702100,6274.9,6275.4,6273.9,6273.9,8
1784702160,6274.9,6277.9,6274.9,6277.9,8
1784702220,6276.9,6276.9,6275.9,6275.9,10
1784702280,6274.9,6274.9,6273.9,6273.9,4
1784702340,6272.9,6273.9,6272.9,6273.9,4
1784702400,6272.9,6273.9,6272.9,6272.9,16
1784702460,6272.4,6272.9,6271.9,6271.9,18
1784702580,6272.9,6272.9,6272.9,6272.9,2
1784702640,6271.9,6272.9,6271.9,6272.9,4
1784702700,6271.9,6271.9,6267.9,6267.9,28
1784702760,6266.9,6267.9,6266.9,6267.9,20
1784702820,6267.4,6267.9,6265.9,6265.9,14
1784702880,6266.9,6267.9,6265.9,6267.9,18
1784702940,6267.4,6267.9,6266.9,6266.9,6
1784703000,6265.9,6266.9,6265.9,6266.9,4
1784703060,6265.9,6268.9,6265.9,6267.9,14
1784703120,6268.9,6268.9,6268.9,6268.9,2
1784703180,6269.9,6269.9,6268.9,6269.9,18
1784703240,6268.9,6269.9,6268.4,6268.4,16
1784703300,6268.9,6268.9,6267.9,6268.9,6
1784703360,6267.9,6268.9,6267.9,6267.9,6
1784703420,6268.9,6268.9,6266.9,6266.9,8
1784703480,6267.9,6267.9,6266.9,6266.9,8
1784703540,6267.9,6267.9,6261.9,6261.9,32
1784703600,6260.9,6261.9,6252.9,6256.9,94
1784703660,6256.4,6256.9,6253.9,6256.4,60
1784703720,6256.9,6257.9,6253.9,6255.9,56
1784703780,6254.9,6260.9,6254.9,6260.9,60
1784703840,6261.9,6261.9,6259.9,6259.9,30
1784703900,6260.9,6260.9,6255.9,6256.9,26
1784703960,6255.9,6255.9,6251.9,6251.9,24
1784704020,6252.9,6255.9,6252.9,6255.9,28
1784704080,6254.9,6256.9,6253.9,6255.9,38
1784704140,6254.9,6255.9,6252.9,6253.9,46
1784704200,6254.9,6255.9,6252.9,6254.9,38
1784704260,6255.9,6255.9,6250.9,6253.9,34
1784704320,6254.9,6255.9,6251.9,6253.9,28
1784704380,6254.9,6255.9,6253.9,6254.9,42
1784704440,6255.9,6259.9,6254.9,6259.9,48
1784704500,6260.4,6262.9,6259.9,6260.9,34
1784704560,6261.9,6262.4,6259.4,6261.9,38
1784704620,6262.9,6264.9,6261.9,6263.9,26
1784704680,6264.9,6268.9,6264.9,6267.9,32
1784704740,6268.9,6268.9,6265.9,6266.9,34
1784704800,6266.4,6267.9,6265.9,6267.9,28
1784704860,6268.9,6268.9,6264.9,6266.9,40
1784704920,6265.9,6269.9,6265.9,6268.9,64
1784704980,6267.9,6270.9,6267.9,6269.9,42
1784705040,6268.9,6270.9,6267.9,6269.9,66
1784705100,6268.9,6269.9,6265.9,6267.9,24
1784705160,6268.9,6274.9,6268.9,6274.9,14
1784705220,6275.9,6277.9,6274.9,6277.9,24
1784705280,6276.9,6278.9,6275.9,6277.9,26
1784705340,6278.9,6278.9,6274.9,6274.9,18
1784705400,6275.9,6276.9,6269.9,6269.9,50
1784705460,6268.9,6272.9,6266.9,6271.9,46
1784705520,6270.9,6272.4,6269.9,6269.9,24
1784705580,6268.9,6269.9,6268.9,6269.9,32
1784705640,6268.9,6269.9,6267.9,6267.9,20
1784705700,6266.9,6268.9,6264.9,6266.9,44
1784705760,6265.9,6266.4,6262.9,6262.9,24
1784705820,6262.4,6264.9,6260.9,6264.9,20
1784705880,6265.4,6266.9,6263.9,6263.9,50
1784705940,6264.4,6267.9,6264.4,6264.9,46
1784706000,6265.4,6266.9,6262.9,6264.4,58
1784706060,6263.9,6265.9,6259.9,6259.9,50
1784706120,6260.9,6261.9,6259.9,6260.9,38
1784706180,6259.9,6260.9,6257.9,6260.9,32
1784706240,6261.9,6264.9,6261.9,6262.9,30
1784706300,6261.9,6264.9,6261.9,6264.9,22
1784706360,6265.9,6267.9,6265.9,6267.9,6
1784706420,6268.9,6269.9,6265.9,6267.9,34
1784706480,6266.9,6271.9,6263.9,6266.9,66
1784706540,6265.9,6266.9,6263.9,6263.9,38
1784706600,6264.9,6265.9,6262.9,6264.9,26
1784706660,6263.9,6264.9,6262.9,6263.9,28
1784706720,6264.9,6265.9,6262.9,6263.9,24
1784706780,6264.9,6266.9,6264.9,6265.9,16
1784706840,6266.9,6267.9,6265.9,6266.9,20
1784706900,6267.9,6269.9,6267.9,6268.9,20
1784706960,6269.4,6270.9,6268.9,6269.9,18
1784707020,6270.9,6272.4,6270.9,6271.9,18
1784707080,6271.4,6273.4,6270.9,6272.9,22
1784707140,6271.9,6273.9,6270.9,6273.9,22
1784707200,6272.9,6276.9,6272.9,6275.9,58
1784707260,6276.9,6278.9,6273.9,6278.9,28
1784707320,6279.9,6280.9,6277.9,6279.9,34
1784707380,6280.9,6281.9,6279.4,6281.9,24
1784707440,6282.9,6286.9,6281.9,6285.9,38
1784707500,6286.9,6289.9,6285.9,6287.9,50
1784707560,6286.9,6289.9,6286.9,6287.9,28
1784707620,6286.9,6290.9,6286.9,6290.9,38
1784707680,6291.9,6293.9,6290.9,6290.9,26
1784707740,6289.9,6290.9,6287.4,6287.4,26
1784707800,6286.9,6288.9,6283.9,6283.9,30
1784707860,6284.9,6285.9,6282.9,6283.4,30
1784707920,6282.9,6282.9,6280.9,6281.9,34
1784707980,6282.4,6283.9,6281.9,6282.9,30
1784708040,6283.4,6284.9,6282.9,6283.9,22
1784708100,6284.9,6286.9,6282.9,6286.9,16
1784708160,6287.9,6289.9,6286.9,6286.9,48
1784708220,6287.9,6290.9,6287.9,6289.9,26
1784708280,6290.4,6292.9,6290.4,6292.9,16
1784708340,6291.9,6293.9,6291.9,6293.9,24
1784708400,6293.4,6294.9,6292.9,6293.9,36
1784708460,6294.9,6296.9,6294.9,6295.9,12
1784708520,6295.4,6297.9,6293.9,6294.9,30
1784708580,6294.4,6296.9,6293.9,6293.9,16
1784708640,6292.9,6293.4,6291.4,6292.9,28
1784708700,6291.9,6295.9,6291.9,6295.9,24
1784708760,6294.9,6295.9,6293.9,6293.9,18
1784708820,6294.9,6294.9,6292.9,6293.9,30
1784708880,6294.4,6295.9,6293.9,6293.9,34
1784708940,6293.4,6296.9,6293.4,6296.9,34
1784709000,6297.1,6304.1,6297.1,6304.1,38
1784709060,6303.1,6305.1,6303.1,6304.1,34
1784709120,6305.1,6305.1,6303.1,6304.6,12
1784709180,6304.1,6305.1,6304.1,6305.1,20
1784709240,6304.1,6306.1,6304.1,6305.1,14
1784709300,6306.1,6306.1,6305.1,6306.1,12
1784709360,6305.1,6306.1,6302.1,6303.1,14
1784709420,6304.1,6306.1,6304.1,6304.6,12
1784709480,6304.1,6305.1,6303.1,6305.1,12
1784709540,6304.1,6305.1,6302.1,6303.1,16
1784709600,6302.1,6303.1,6300.1,6300.1,18
1784709660,6301.1,6302.1,6300.1,6301.1,14
1784709720,6302.1,6302.1,6300.1,6302.1,22
1784709780,6301.6,6301.6,6299.1,6299.1,8
1784709840,6299.6,6300.1,6296.1,6298.1,32
1784709900,6299.1,6301.1,6299.1,6301.1,14
1784709960,6302.1,6305.1,6302.1,6305.1,8
1784710020,6306.1,6306.1,6305.1,6305.1,4
1784710080,6304.1,6305.1,6304.1,6305.1,16
1784710140,6306.1,6308.1,6305.1,6308.1,14
1784710200,6307.1,6308.1,6304.1,6304.1,28
1784710260,6303.1,6306.1,6303.1,6305.1,18
1784710320,6306.1,6307.1,6306.1,6307.1,12
1784710380,6308.1,6309.1,6308.1,6309.1,20
1784710440,6308.1,6309.1,6307.1,6308.1,18
1784710500,6307.1,6308.6,6306.1,6307.1,20
1784710560,6306.1,6308.1,6306.1,6307.1,16
1784710620,6308.1,6310.1,6308.1,6310.1,10
1784710680,6309.1,6312.1,6309.1,6312.1,12
1784710740,6311.1,6312.1,6311.1,6312.1,16
1784710800,6311.1,6311.1,6311.1,6311.1,2
1784710860,6312.1,6315.1,6311.1,6314.1,30
1784710920,6315.1,6317.1,6314.1,6316.1,36
1784710980,6317.1,6317.1,6316.1,6316.1,22
1784711040,6317.1,6319.1,6316.1,6319.1,46
1784711100,6320.1,6320.1,6318.1,6319.1,26
1784711160,6318.1,6319.1,6316.1,6316.1,18
1784711220,6317.1,6323.1,6316.1,6323.1,26
1784711280,6322.1,6323.1,6320.1,6321.1,18
1784711340,6322.1,6322.1,6320.1,6322.1,16
1784711400,6321.1,6322.1,6320.1,6320.6,28
1784711460,6321.1,6322.1,6319.1,6322.1,18
1784711520,6321.1,6322.1,6321.1,6321.1,22
1784711580,6322.1,6323.1,6321.1,6321.1,16
1784711640,6320.6,6321.1,6320.6,6321.1,4
1784711700,6322.1,6322.1,6321.1,6321.1,18
1784711760,6322.1,6323.1,6320.1,6323.1,16
1784711820,6322.1,6323.1,6322.1,6323.1,4
1784711880,6324.1,6326.1,6323.1,6325.1,16
1784711940,6326.1,6327.1,6326.1,6327.1,8
1784712000,6326.1,6328.1,6326.1,6327.1,22
1784712060,6326.1,6327.1,6324.1,6324.1,20
1784712120,6325.1,6325.1,6323.1,6323.1,40
1784712180,6322.6,6322.6,6321.1,6321.1,24
1784712240,6320.1,6324.1,6320.1,6323.1,20
1784712300,6324.1,6324.1,6323.1,6323.1,8
1784712360,6324.1,6324.6,6324.1,6324.1,6
1784712420,6325.1,6325.1,6322.1,6322.1,16
1784712480,6321.1,6321.1,6318.1,6320.1,30
1784712540,6319.1,6320.1,6317.1,6317.1,14
1784712600,6316.1,6317.1,6314.1,6314.1,14
1784712660,6315.1,6315.1,6312.1,6313.1,10
1784712720,6312.1,6312.1,6311.1,6311.1,4
1784712780,6312.1,6312.1,6309.6,6310.1,30
1784712840,6309.1,6310.1,6306.1,6306.1,32
1784712900,6305.6,6307.1,6305.1,6306.1,60
1784712960,6305.1,6306.1,6304.1,6305.1,46
1784713020,6306.1,6308.6,6306.1,6308.1,16
1784713080,6307.1,6307.1,6304.1,6304.1,8
1784713140,6304.6,6306.1,6304.1,6305.1,26
1784713200,6306.1,6306.1,6302.1,6302.1,34
1784713260,6301.1,6303.1,6300.1,6303.1,14
1784713320,6304.1,6304.1,6300.1,6301.1,20
1784713380,6302.1,6304.1,6301.6,6301.6,28
1784713440,6301.1,6302.1,6299.1,6299.1,22
1784713500,6300.1,6300.1,6297.1,6297.1,18
1784713560,6298.1,6298.1,6296.1,6297.1,32
1784713620,6298.1,6301.1,6298.1,6301.1,18
1784713680,6300.1,6301.1,6299.1,6301.1,20
1784713740,6300.1,6300.1,6299.1,6299.1,22
1784713800,6298.6,6300.1,6296.1,6296.1,20
1784713860,6297.1,6297.1,6296.1,6297.1,6
1784713920,6298.1,6298.1,6295.1,6296.1,26
1784713980,6295.1,6296.1,6293.1,6294.1,34
1784714040,6293.1,6295.1,6293.1,6295.1,6
1784714100,6295.6,6297.1,6295.1,6296.1,16
1784714160,6297.1,6300.1,6297.1,6300.1,20
1784714220,6299.1,6301.1,6299.1,6300.1,8
1784714280,6301.1,6302.1,6300.1,6302.1,8
1784714340,6301.1,6303.1,6301.1,6303.1,26
1784714400,6302.1,6306.1,6302.1,6306.1,32
1784714460,6307.1,6307.1,6306.1,6306.1,8
1784714520,6307.1,6309.1,6307.1,6308.1,12
1784714580,6307.1,6309.1,6307.1,6308.1,8
1784714640,6307.1,6308.1,6306.1,6308.1,16
1784714700,6309.1,6310.1,6308.1,6308.1,12
1784714760,6309.1,6309.1,6307.1,6308.1,12
1784714820,6309.1,6309.1,6306.1,6307.1,20
1784714880,6307.6,6308.1,6307.1,6307.6,26
1784714940,6308.1,6308.1,6306.1,6307.1,16
1784715000,6308.1,6309.1,6307.1,6308.1,22
1784715060,6307.1,6308.1,6306.1,6306.1,14
1784715120,6307.1,6308.1,6305.1,6305.1,14
1784715180,6306.1,6308.1,6305.1,6307.1,26
1784715240,6307.6,6307.6,6307.1,6307.1,4
1784715300,6308.1,6308.6,6308.1,6308.6,4
1784715360,6308.1,6309.1,6307.1,6307.1,12
1784715420,6308.1,6308.1,6308.1,6308.1,2
1784715480,6309.1,6311.1,6308.1,6311.1,24
1784715540,6312.1,6313.1,6310.1,6311.1,16
1784715600,6312.1,6323.1,6312.1,6318.1,70
1784715660,6319.1,6325.1,6319.1,6323.1,56
1784715720,6322.1,6323.1,6319.1,6322.1,56
1784715780,6321.1,6321.1,6319.1,6320.1,16
1784715840,6319.1,6323.1,6319.1,6322.1,44
1784715900,6323.1,6323.1,6320.1,6320.1,28
1784715960,6321.1,6323.1,6321.1,6322.1,42
1784716020,6323.1,6323.1,6322.1,6322.1,14
1784716080,6323.1,6324.1,6321.1,6322.1,28
1784716140,6323.1,6324.1,6322.1,6323.6,44
1784716200,6323.1,6324.1,6321.1,6323.1,28
1784716260,6324.1,6324.1,6321.1,6321.1,22
1784716320,6322.1,6322.1,6320.1,6321.1,16
1784716380,6320.1,6322.1,6320.1,6321.1,26
1784716440,6320.1,6320.1,6318.1,6318.1,12
1784716500,6317.1,6318.1,6317.1,6317.1,30
1784716560,6316.6,6318.1,6316.1,6316.1,32
1784716620,6316.6,6319.1,6315.6,6318.1,30
1784716680,6318.6,6319.1,6315.1,6315.1,32
1784716740,6314.1,6315.1,6311.1,6311.1,16
1784716800,6312.1,6313.1,6310.1,6311.1,28
1784716860,6312.1,6312.1,6309.1,6310.1,32
1784716920,6309.1,6311.1,6309.1,6311.1,22
1784716980,6310.1,6311.1,6310.1,6311.1,28
1784717040,6310.1,6311.1,6309.1,6309.1,8
1784717100,6308.6,6310.1,6308.1,6309.1,26
1784717160,6308.6,6311.1,6308.6,6310.1,24
1784717220,6309.1,6310.1,6309.1,6309.1,14
1784717280,6310.1,6310.1,6309.1,6310.1,6
1784717340,6309.1,6312.6,6309.1,6312.6,26
1784717400,6313.1,6313.1,6311.1,6313.1,12
1784717460,6314.1,6314.1,6312.1,6312.6,18
1784717520,6312.1,6312.1,6311.1,6312.1,12
1784717580,6313.1,6313.1,6311.1,6311.1,6
1784717640,6312.1,6312.1,6310.1,6310.1,16
1784717700,6309.1,6310.1,6308.1,6309.1,16
1784717760,6310.1,6311.1,6310.1,6311.1,8
1784717820,6310.1,6310.1,6309.1,6309.1,6
1784717880,6308.1,6309.1,6307.1,6308.1,14
1784717940,6309.1,6309.1,6307.1,6307.1,16
1784718000,6306.1,6306.1,6304.1,6305.1,30
1784718060,6304.1,6306.1,6302.1,6303.1,36
1784718120,6302.1,6303.1,6300.1,6301.1,32
1784718180,6302.1,6303.1,6300.1,6300.1,44
1784718240,6301.1,6302.1,6299.1,6299.1,58
1784718300,6298.1,6300.1,6298.1,6299.1,24
1784718360,6300.1,6300.1,6298.1,6298.1,26
1784718420,6297.1,6297.1,6295.1,6297.1,14
1784718480,6298.1,6299.1,6296.1,6296.1,22
1784718540,6296.6,6301.1,6296.6,6301.1,20
1784718600,6302.1,6304.1,6301.1,6303.1,24
1784718660,6302.1,6303.1,6298.1,6299.1,22
1784718720,6300.1,6303.1,6299.1,6300.1,50
1784718780,6301.1,6301.1,6298.1,6298.1,20
1784718840,6299.1,6299.1,6297.1,6299.1,12
1784718900,6298.1,6298.1,6295.6,6296.1,18
1784718960,6295.6,6297.1,6295.1,6297.1,16
1784719020,6296.1,6296.1,6294.1,6294.1,10
1784719080,6293.1,6295.1,6293.1,6295.1,16
1784719140,6294.6,6295.1,6294.1,6294.1,36
1784719200,6293.6,6296.1,6293.1,6295.1,44
1784719260,6296.1,6298.1,6296.1,6297.1,40
1784719320,6296.1,6296.6,6295.1,6296.1,20
1784719380,6295.1,6299.1,6295.1,6299.1,20
1784719440,6300.1,6301.6,6300.1,6301.1,24
1784719500,6300.1,6300.1,6299.1,6299.1,12
1784719560,6298.1,6298.1,6296.1,6297.1,10
1784719620,6298.1,6298.1,6298.1,6298.1,2
1784719680,6297.6,6297.6,6296.1,6296.1,26
1784719740,6297.1,6297.6,6296.1,6297.1,22
1784719800,6297.6,6299.1,6297.1,6299.1,14
1784719860,6298.1,6301.1,6298.1,6301.1,16
1784719920,6300.1,6302.1,6300.1,6301.1,24
1784719980,6302.1,6302.1,6301.1,6302.1,12
1784720040,6303.1,6303.1,6302.1,6302.1,4
1784720100,6301.1,6304.1,6301.1,6304.1,12
1784720160,6303.1,6304.1,6303.1,6304.1,10
1784720220,6303.1,6303.1,6301.1,6303.1,20
1784720280,6304.1,6304.1,6303.1,6303.1,8
1784720340,6302.1,6303.1,6302.1,6303.1,26
1784720400,6302.1,6303.1,6298.1,6300.1,22
1784720460,6301.1,6301.1,6296.1,6298.1,74
1784720520,6297.1,6299.1,6291.1,6293.1,44
1784720580,6291.1,6291.1,6287.1,6289.1,88
1784720640,6290.1,6296.1,6290.1,6295.1,36
1784720700,6294.1,6295.1,6293.1,6295.1,30
1784720760,6294.1,6297.1,6294.1,6297.1,36
1784720820,6298.1,6302.1,6297.6,6301.1,36
1784720880,6302.1,6302.1,6300.1,6300.1,42
1784720940,6299.1,6301.1,6299.1,6299.6,28
1784721000,6300.1,6300.1,6297.1,6297.1,34
1784721060,6296.1,6298.1,6296.1,6297.1,44
1784721120,6296.6,6298.1,6296.1,6298.1,28
1784721180,6297.1,6299.1,6297.1,6298.1,20
1784721240,6297.6,6300.1,6297.6,6299.1,26
1784721300,6299.6,6300.1,6299.1,6300.1,18
1784721360,6299.1,6299.1,6297.1,6298.1,46
1784721420,6298.6,6300.1,6298.1,6298.1,36
1784721480,6297.1,6297.1,6293.1,6293.1,18
1784721540,6294.1,6295.1,6293.6,6294.1,34
1784721600,6295.1,6297.1,6295.1,6296.1,22
1784721660,6295.1,6296.1,6293.1,6294.1,18
1784721720,6295.1,6296.6,6294.1,6296.1,22
1784721780,6295.1,6295.1,6293.1,6293.1,32
1784721840,6294.1,6294.1,6292.1,6293.1,20
1784721900,6294.1,6295.1,6293.1,6295.1,14
1784721960,6296.1,6297.1,6292.6,6292.6,22
1784722020,6292.1,6292.1,6291.1,6291.1,22
1784722080,6292.1,6294.1,6292.1,6294.1,50
1784722140,6294.6,6296.1,6294.1,6295.1,12
1784722200,6294.1,6296.1,6294.1,6296.1,22
1784722260,6295.1,6298.1,6295.1,6298.1,26
1784722320,6299.1,6299.1,6299.1,6299.1,2
1784722380,6299.6,6301.1,6299.1,6300.1,12
1784722440,6299.1,6301.1,6299.1,6301.1,10
1784722500,6302.1,6302.1,6300.1,6301.1,40
1784722560,6300.1,6301.1,6299.1,6301.1,10
1784722620,6300.6,6300.6,6297.1,6299.1,30
1784722680,6300.1,6300.1,6298.1,6298.1,12
1784722740,6297.1,6298.1,6297.1,6298.1,14
1784722800,6297.6,6298.1,6297.1,6298.1,6
1784722860,6297.1,6299.1,6296.1,6296.1,16
1784722920,6297.1,6300.1,6297.1,6300.1,8
1784722980,6299.1,6301.1,6299.1,6300.1,28
1784723040,6299.1,6300.1,6299.1,6300.1,12
1784723100,6299.6,6302.1,6299.1,6302.1,18
1784723160,6301.1,6302.1,6301.1,6302.1,8
1784723220,6303.1,6305.1,6302.1,6305.1,24
1784723280,6304.1,6306.1,6304.1,6305.1,10
1784723340,6304.1,6306.1,6304.1,6305.1,8
1784723400,6306.1,6307.1,6306.1,6307.1,38
1784723460,6306.1,6309.1,6306.1,6309.1,26
1784723520,6308.1,6311.1,6308.1,6310.1,30
1784723640,6311.1,6312.1,6311.1,6311.6,12
1784723700,6312.1,6314.1,6312.1,6313.1,24
1784723760,6314.1,6314.1,6313.1,6314.1,10
1784723820,6313.1,6314.1,6313.1,6314.1,8
1784723880,6313.6,6315.1,6311.1,6311.6,18
1784723940,6312.1,6312.1,6310.1,6310.1,20
1784724000,6309.1,6311.1,6309.1,6311.1,16
1784724060,6312.1,6312.1,6311.1,6312.1,14
1784724120,6311.1,6312.1,6311.1,6312.1,8
1784724180,6311.1,6312.1,6311.1,6312.1,4
1784724300,6313.1,6313.1,6310.1,6311.6,22
1784724360,6311.1,6313.1,6310.1,6313.1,18
1784724420,6312.1,6314.1,6312.1,6312.1,14
1784724480,6311.1,6312.1,6309.1,6310.1,20
1784724540,6311.1,6311.1,6306.1,6306.1,24
1784724600,6307.1,6308.1,6304.1,6305.1,22
1784724660,6304.1,6306.1,6304.1,6306.1,6
1784724720,6305.1,6308.1,6305.1,6307.6,26
1784724780,6308.1,6309.1,6308.1,6309.1,20
1784724840,6310.1,6311.1,6310.1,6311.1,26
1784724900,6310.6,6312.1,6310.6,6311.1,8
1784724960,6312.1,6312.1,6296.1,6299.1,26
1784725020,6301.1,6303.1,6296.1,6303.1,98
1784725080,6303.6,6308.1,6303.6,6307.1,54
1784725140,6308.1,6308.6,6306.1,6306.1,16
1784725200,6307.1,6310.1,6306.1,6310.1,42
1784725260,6309.1,6311.1,6309.1,6310.1,18
1784725320,6310.6,6311.1,6309.1,6311.1,12
1784725380,6312.1,6312.1,6311.1,6312.1,12
1784725440,6313.1,6313.1,6312.1,6313.1,20
1784725500,6312.1,6312.1,6311.1,6312.1,14
1784725560,6311.1,6311.1,6310.1,6310.1,22
1784725620,6311.1,6312.1,6310.1,6311.1,24
1784725680,6310.1,6311.1,6310.1,6310.1,10
1784725740,6311.1,6313.1,6311.1,6313.1,14
1784725800,6312.1,6314.1,6312.1,6314.1,6
1784725860,6315.1,6315.1,6313.1,6313.1,20
1784725920,6314.1,6314.1,6313.1,6313.1,8
1784725980,6314.1,6314.1,6313.1,6314.1,10
1784726040,6313.1,6314.1,6312.1,6312.1,28
1784726100,6313.1,6315.1,6311.1,6315.1,20
1784726160,6316.1,6316.1,6315.1,6315.1,4
1784726220,6316.1,6316.1,6315.1,6316.1,14
1784726280,6317.1,6318.1,6317.1,6318.1,4
1784726340,6319.1,6320.1,6318.1,6320.1,14
1784726400,6319.1,6320.1,6318.1,6320.1,12
1784726460,6319.1,6320.1,6319.1,6319.1,20
1784726520,6318.6,6319.1,6318.1,6319.1,6
1784726580,6320.1,6321.1,6320.1,6321.1,4
1784726640,6320.1,6320.1,6318.1,6318.1,6
1784726700,6318.6,6319.1,6317.1,6319.1,36
1784726760,6320.1,6320.1,6319.1,6320.1,6
1784726820,6321.1,6321.1,6319.1,6319.1,24
1784726880,6318.1,6319.1,6318.1,6319.1,24
1784726940,6318.1,6320.1,6318.1,6320.1,20
1784727000,6321.1,6324.1,6320.1,6324.1,32
1784727060,6325.1,6328.1,6324.1,6327.1,56
1784727120,6326.1,6326.1,6324.1,6325.1,14
1784727180,6324.1,6325.1,6320.1,6321.1,24
1784727240,6320.1,6321.1,6319.1,6320.1,16
1784727300,6319.6,6320.1,6317.1,6319.1,46
1784727360,6318.1,6319.1,6315.1,6315.1,44
1784727420,6315.6,6316.1,6312.1,6312.1,34
1784727480,6313.1,6313.1,6308.1,6310.1,30
1784727540,6309.1,6313.1,6309.1,6311.6,60
1784727600,6311.1,6311.1,6308.1,6310.1,24
1784727660,6310.6,6310.6,6306.1,6307.1,24
1784727720,6308.1,6310.1,6307.1,6308.1,40
1784727780,6307.6,6310.1,6307.6,6310.1,38
1784727840,6311.1,6312.1,6309.1,6312.1,16
1784727900,6313.1,6317.6,6312.6,6317.1,38
1784727960,6316.1,6317.1,6315.1,6316.1,20
1784728020,6315.6,6317.1,6315.1,6316.1,32
1784728080,6316.6,6318.1,6316.1,6318.1,26
1784728140,6319.1,6321.1,6319.1,6321.1,20
1784728200,6320.1,6322.1,6319.1,6320.1,32
1784728260,6321.1,6323.1,6320.1,6320.1,24
1784728320,6321.1,6322.1,6320.1,6321.1,36
1784728380,6320.1,6323.1,6320.1,6323.1,12
1784728440,6322.1,6324.1,6322.1,6324.1,22
1784728500,6323.1,6326.1,6323.1,6326.1,28
1784728560,6325.1,6327.6,6325.1,6327.1,18
1784728620,6328.1,6328.1,6323.1,6323.1,24
1784728680,6322.1,6324.1,6322.1,6324.1,26
1784728740,6323.1,6325.1,6323.1,6325.1,30
1784728800,6324.1,6326.1,6323.1,6325.1,26
1784728860,6324.1,6324.1,6320.1,6322.1,26
1784728920,6322.6,6322.6,6321.1,6321.1,6
1784728980,6320.1,6322.1,6320.1,6322.1,22
1784729040,6322.6,6326.1,6322.6,6326.1,18
1784729100,6325.1,6326.1,6324.1,6325.1,48
1784729160,6324.1,6324.1,6322.1,6322.1,20
1784729220,6321.1,6322.1,6318.1,6319.1,16
1784729280,6318.1,6319.1,6317.1,6317.1,18
1784729340,6318.1,6318.1,6317.1,6318.1,6
1784729400,6319.1,6320.1,6318.1,6319.1,30
1784729460,6318.6,6319.1,6317.1,6319.1,16
1784729520,6318.1,6321.1,6317.1,6321.1,28
1784729580,6320.1,6320.1,6317.1,6317.1,32
1784729640,6318.1,6319.1,6317.1,6319.1,24
1784729700,6318.1,6318.1,6315.1,6316.1,14
1784729760,6317.1,6318.1,6315.1,6315.1,26
1784729820,6314.1,6317.1,6314.1,6316.1,48
1784729880,6317.1,6318.1,6316.1,6318.1,20
1784729940,6317.1,6321.1,6317.1,6321.1,34
1784730000,6320.1,6321.1,6319.6,6321.1,16
1784730060,6322.1,6322.1,6321.1,6322.1,16
1784730120,6321.1,6322.1,6319.1,6320.1,16
1784730180,6319.1,6321.1,6318.1,6321.1,22
1784730240,6322.1,6322.1,6321.1,6322.1,14
1784730300,6323.1,6325.1,6323.1,6323.1,16
1784730360,6322.1,6324.1,6322.1,6322.1,22
1784730420,6322.6,6324.1,6321.1,6321.1,26
1784730480,6322.1,6322.1,6319.1,6322.1,22
1784730540,6321.1,6322.1,6321.1,6322.1,20
1784730600,6322.6,6322.6,6320.1,6320.1,38
1784730660,6321.1,6321.1,6321.1,6321.1,2
1784730720,6322.1,6324.1,6322.1,6324.1,10
1784730780,6323.1,6324.1,6322.1,6322.1,8
1784730840,6323.1,6323.1,6321.1,6322.1,12
1784730900,6321.1,6323.1,6321.1,6322.1,18
1784730960,6321.1,6321.6,6320.1,6321.1,34
1784731020,6322.1,6323.1,6322.1,6323.1,4
1784731080,6322.1,6323.1,6321.1,6321.1,18
1784731140,6322.1,6322.1,6319.1,6320.1,22
1784731200,6319.6,6322.1,6319.6,6321.1,28
1784731260,6320.1,6321.1,6318.1,6318.1,26
1784731320,6318.6,6322.1,6318.1,6322.1,30
1784731380,6321.1,6322.1,6320.1,6320.6,10
1784731440,6320.1,6320.1,6318.1,6318.1,34
1784731500,6319.1,6320.1,6318.1,6319.1,46
1784731560,6319.6,6321.1,6319.1,6321.1,12
1784731620,6320.1,6322.1,6320.1,6320.1,22
1784731680,6321.1,6322.1,6320.1,6320.1,20
1784731740,6319.1,6319.1,6318.1,6319.1,10
1784731800,6318.1,6320.1,6318.1,6318.1,14
1784731860,6317.1,6317.1,6315.1,6317.1,18
1784731920,6316.1,6317.1,6315.1,6315.1,18
1784731980,6316.1,6320.1,6315.1,6320.1,24
1784732040,6319.1,6322.1,6319.1,6321.1,14
1784732100,6320.6,6320.6,6319.1,6320.1,30
1784732160,6319.6,6320.1,6317.1,6317.1,18
1784732220,6318.1,6320.1,6318.1,6319.1,8
1784732280,6320.1,6320.1,6318.1,6318.1,6
1784732340,6319.1,6320.1,6318.1,6319.1,14
1784732400,6320.1,6321.1,6319.1,6319.1,22
1784732460,6318.1,6318.6,6316.1,6318.1,18
1784732520,6318.6,6319.1,6318.1,6319.1,22
1784732580,6320.1,6320.1,6318.6,6319.1,16
1784732640,6318.1,6319.1,6318.1,6319.1,8
1784732700,6318.1,6319.1,6318.1,6319.1,12
1784732760,6318.1,6320.1,6317.1,6319.1,16
1784732820,6320.1,6321.1,6320.1,6321.1,8
1784732880,6320.1,6321.1,6319.1,6320.1,12
1784732940,6319.1,6320.1,6318.1,6318.1,8
1784733000,6319.1,6319.1,6318.1,6319.1,10
1784733060,6320.1,6320.1,6318.1,6318.1,10
1784733120,6318.6,6319.1,6317.1,6318.1,26
1784733180,6319.1,6319.1,6319.1,6319.1,2
1784733240,6320.1,6320.1,6317.1,6318.1,10
1784733300,6317.1,6319.1,6317.1,6318.1,18
1784733360,6317.1,6318.1,6316.1,6317.1,10
1784733420,6318.1,6318.1,6317.1,6317.1,8
1784733480,6316.1,6316.1,6315.1,6316.1,16
1784733540,6317.1,6317.1,6314.1,6314.1,8
1784733600,6315.1,6318.1,6314.1,6317.1,18
1784733660,6318.1,6318.1,6317.1,6317.1,8
1784733720,6316.1,6317.1,6315.1,6317.1,8
1784733780,6318.1,6319.1,6317.1,6319.1,14
1784733840,6320.1,6320.1,6317.1,6317.1,12
1784733900,6318.1,6321.1,6318.1,6321.1,12
1784733960,6322.1,6322.1,6320.1,6320.1,14
1784734020,6321.1,6321.1,6320.1,6320.1,4
1784734080,6319.1,6320.1,6319.1,6319.1,6
1784734140,6320.1,6321.1,6319.1,6320.1,10
1784734200,6319.1,6322.1,6317.1,6322.1,24
1784734260,6321.1,6324.1,6321.1,6322.1,16
1784734320,6321.6,6323.1,6321.1,6322.1,20
1784734380,6321.1,6323.1,6321.1,6323.1,10
1784734440,6322.1,6325.1,6319.1,6319.1,64
1784734500,6320.1,6320.6,6318.1,6319.1,36
1784734560,6319.6,6322.1,6319.1,6322.1,10
1784734620,6321.1,6323.1,6321.1,6323.1,6
1784734680,6322.1,6323.1,6322.1,6323.1,8
1784734740,6322.1,6324.1,6322.1,6324.1,22
1784734800,6323.1,6326.1,6323.1,6326.1,18
1784734860,6325.1,6326.1,6325.1,6326.1,20
1784734920,6327.1,6327.1,6325.1,6325.1,10
1784734980,6326.1,6326.1,6324.1,6324.1,18
1784735040,6325.1,6327.1,6324.1,6327.1,20
1784735100,6328.1,6329.1,6327.1,6328.1,20
1784735160,6329.1,6329.1,6327.1,6327.1,6
1784735220,6328.1,6328.1,6327.1,6328.1,10
1784735280,6329.1,6329.1,6328.1,6328.1,16
1784735340,6329.1,6329.1,6327.1,6327.1,24
1784735400,6327.6,6328.1,6326.1,6327.1,18
1784735460,6326.1,6327.1,6326.1,6327.1,4
1784735520,6326.1,6327.1,6326.1,6326.1,10
1784735580,6327.1,6328.1,6325.1,6325.1,14
1784735640,6326.1,6326.1,6325.1,6326.1,22
1784735760,6325.1,6326.1,6325.1,6325.1,22
1784735820,6325.6,6326.1,6323.1,6324.6,20
1784735880,6325.1,6326.1,6325.1,6326.1,4
1784735940,6327.1,6328.1,6327.1,6328.1,10
1784736000,6327.1,6328.1,6327.1,6328.1,12
1784736060,6327.1,6328.1,6327.1,6327.1,20
1784736180,6327.6,6327.6,6327.1,6327.1,4
1784736300,6326.1,6328.1,6326.1,6328.1,6
1784736360,6329.1,6329.1,6327.1,6327.1,10
1784736480,6326.1,6326.1,6326.1,6326.1,2
1784736540,6327.1,6327.1,6326.1,6327.1,6
1784736600,6326.1,6326.1,6326.1,6326.1,2
1784736660,6325.1,6326.1,6325.1,6325.6,6
1784736720,6326.1,6326.6,6326.1,6326.1,6
1784736780,6325.1,6326.1,6325.1,6326.1,12
1784736840,6325.1,6326.1,6324.6,6326.1,12
1784736900,6325.1,6325.1,6325.1,6325.1,2
1784736960,6324.1,6325.1,6324.1,6324.1,22
1784737020,6323.1,6324.1,6323.1,6324.1,4
1784737080,6325.1,6325.1,6324.1,6325.1,10
1784737140,6326.1,6326.1,6325.1,6325.1,12
1784737200,6324.6,6325.1,6324.1,6324.1,18
1784737260,6323.1,6323.1,6323.1,6323.1,2
1784737320,6324.1,6324.1,6321.1,6321.1,8
1784737380,6320.1,6320.1,6319.1,6319.1,8
1784737440,6320.1,6320.1,6319.1,6319.1,4
1784737500,6320.1,6320.1,6317.1,6318.1,10
1784737560,6317.1,6317.1,6315.1,6316.1,20
1784737620,6317.1,6317.1,6316.6,6317.1,6
1784737680,6318.1,6318.1,6318.1,6318.1,2
1784737740,6319.1,6319.1,6318.1,6318.1,6
1784737800,6317.1,6318.1,6317.1,6318.1,8
1784737860,6320.1,6320.1,6319.1,6320.1,6
1784737920,6319.1,6320.1,6319.1,6320.1,26
1784737980,6321.1,6321.1,6321.1,6321.1,2
1784738040,6322.1,6322.1,6321.1,6322.1,14
1784738100,6323.1,6323.1,6322.1,6322.1,20
1784738160,6323.1,6323.1,6322.1,6323.1,6
1784738220,6322.1,6323.1,6322.1,6323.1,4
1784738280,6322.1,6322.1,6321.1,6322.1,12
1784738340,6323.1,6323.1,6323.1,6323.1,2
1784738400,6322.6,6324.1,6322.1,6322.1,14
1784738520,6323.1,6323.1,6322.1,6322.1,4
1784738580,6323.1,6323.1,6322.1,6323.1,10
1784738640,6322.6,6323.1,6322.6,6323.1,8
1784738700,6324.1,6324.1,6323.1,6323.1,8
1784738760,6324.1,6324.1,6322.1,6322.1,10
1784738880,6322.6,6322.6,6322.1,6322.1,4
1784738940,6323.1,6324.1,6323.1,6324.1,4
1784739000,6323.1,6325.1,6323.1,6325.1,6
1784739060,6324.1,6325.1,6322.1,6322.1,18
1784739120,6323.1,6323.1,6323.1,6323.1,2
1784739180,6324.1,6325.1,6324.1,6325.1,4
1784739240,6324.1,6325.1,6324.1,6325.1,12
1784739300,6325.6,6326.6,6325.6,6326.1,8
1784739360,6327.1,6327.1,6327.1,6327.1,2
1784739420,6327.6,6327.6,6327.1,6327.1,4
1784739480,6328.1,6328.1,6328.1,6328.1,2
1784739540,6327.1,6327.1,6327.1,6327.1,2
1784739600,6326.1,6328.1,6326.1,6328.1,14
1784739660,6327.6,6328.1,6327.1,6327.1,14
1784739720,6328.1,6328.1,6326.1,6326.1,22
1784739780,6325.1,6325.1,6324.1,6325.1,6
1784739840,6324.6,6325.1,6324.6,6325.1,20
1784739900,6324.1,6325.1,6324.1,6325.1,4
1784739960,6326.1,6326.1,6325.1,6326.1,8
1784740080,6327.1,6327.1,6326.1,6327.1,8
1784740140,6326.1,6326.1,6326.1,6326.1,2
1784740200,6326.6,6327.1,6326.1,6327.1,10
1784740260,6328.1,6328.1,6327.1,6328.1,10
1784740320,6327.1,6327.1,6327.1,6327.1,2
1784740380,6326.1,6326.1,6326.1,6326.1,2
1784740440,6325.6,6326.1,6325.1,6326.1,6
1784740500,6325.1,6325.1,6324.1,6325.1,20
1784740620,6326.1,6326.1,6326.1,6326.1,2
1784740680,6327.1,6329.1,6327.1,6328.1,8
1784740740,6327.1,6327.1,6327.1,6327.1,2
1784740800,6326.1,6327.1,6326.1,6326.1,12
1784740860,6327.1,6327.1,6325.1,6325.1,10
1784740920,6326.1,6326.1,6326.1,6326.1,2
1784740980,6325.1,6326.1,6325.1,6326.1,8
1784741040,6327.1,6327.1,6326.1,6326.1,22
1784741100,6325.1,6326.1,6325.1,6326.1,8
1784741160,6327.1,6327.1,6327.1,6327.1,2
1784741220,6326.1,6327.1,6326.1,6327.1,50
1784741280,6326.1,6328.1,6326.1,6327.1,24
1784741340,6326.1,6326.1,6326.1,6326.1,2
1784741400,6327.1,6328.1,6327.1,6328.1,4
1784741520,6329.1,6329.1,6328.1,6328.1,14
1784741580,6327.1,6327.6,6327.1,6327.1,10
1784741700,6328.1,6328.1,6327.1,6327.1,8
1784741760,6328.1,6328.1,6327.1,6327.1,8
1784741820,6328.1,6328.1,6328.1,6328.1,2
1784741880,6327.1,6327.1,6327.1,6327.1,2
1784741940,6328.1,6328.1,6327.1,6328.1,12
1784742000,6327.6,6328.1,6326.1,6326.6,22
1784742060,6327.1,6327.1,6326.1,6326.1,14
1784742240,6327.1,6327.1,6326.1,6326.1,4
1784742420,6325.1,6326.1,6325.1,6326.1,14
1784742600,6325.1,6325.1,6324.1,6325.1,6
1784742660,6326.1,6326.1,6326.1,6326.1,2
1784742720,6325.6,6326.1,6325.1,6325.1,6
1784742780,6324.1,6324.6,6324.1,6324.1,14
1784742840,6323.1,6323.1,6323.1,6323.1,2
1784742900,6322.1,6323.6,6321.1,6323.1,22
1784743020,6322.1,6323.1,6322.1,6323.1,20
1784743080,6322.1,6323.1,6322.1,6322.1,22
1784743140,6321.1,6322.1,6321.1,6321.1,6
1784743200,6322.1,6322.1,6321.1,6321.1,18
1784743260,6322.1,6322.1,6319.1,6320.1,28
1784743320,6319.1,6319.1,6318.1,6319.1,20
1784743380,6318.6,6318.6,6318.1,6318.1,4
1784743440,6319.1,6319.1,6318.1,6319.1,10
1784743500,6320.1,6320.1,6319.1,6319.6,32
1784743560,6319.1,6320.1,6318.1,6319.1,20
1784743620,6320.1,6321.1,6319.1,6321.1,12
1784743680,6320.1,6320.1,6320.1,6320.1,2
1784743740,6319.1,6319.1,6318.1,6318.1,4
1784743800,6317.1,6318.1,6316.1,6317.1,18
1784743860,6317.6,6317.6,6316.6,6316.6,10
1784743920,6316.1,6316.1,6315.1,6315.1,4
1784743980,6315.6,6316.1,6315.1,6316.1,8
1784744040,6315.1,6316.1,6315.1,6315.6,36
1784744100,6316.1,6316.1,6315.1,6316.1,6
1784744160,6315.1,6316.1,6315.1,6316.1,26
1784744220,6315.1,6315.1,6315.1,6315.1,2
1784744280,6316.1,6316.1,6315.1,6316.1,10
1784744340,6315.1,6315.1,6315.1,6315.1,2
1784744400,6314.1,6315.1,6313.1,6315.1,16
1784744460,6315.6,6316.1,6314.1,6314.1,16
1784744520,6313.1,6314.1,6313.1,6314.1,4
1784744640,6314.6,6315.1,6313.1,6314.1,10
1784744820,6315.1,6315.1,6314.1,6315.1,6
1784744880,6316.1,6316.1,6315.1,6316.1,8
1784744940,6315.1,6316.1,6315.1,6315.1,20
1784745000,6315.6,6315.6,6314.1,6314.1,26
1784745060,6313.1,6314.1,6313.1,6313.1,8
1784745180,6314.1,6314.1,6313.1,6313.6,10
1784745240,6313.1,6314.1,6313.1,6313.1,22
1784745300,6314.1,6315.1,6314.1,6315.1,6
1784745360,6314.6,6315.1,6314.6,6315.1,4
1784745540,6314.1,6315.1,6314.1,6315.1,28
1784745600,6314.6,6315.1,6314.1,6315.1,10
1784745660,6314.6,6315.1,6314.1,6315.1,6
1784745720,6315.6,6316.1,6315.1,6315.1,14
1784745840,6315.6,6315.6,6314.1,6314.1,6
1784745900,6315.1,6316.1,6315.1,6316.1,6
1784745960,6315.1,6315.1,6315.1,6315.1,2
1784746140,6314.1,6314.1,6314.1,6314.1,2
1784746200,6315.1,6315.1,6314.1,6315.1,8
1784746260,6316.1,6316.1,6315.1,6315.1,4
1784746320,6316.1,6316.1,6315.1,6315.1,8
1784746380,6316.1,6317.1,6316.1,6317.1,4
1784746440,6318.1,6318.1,6317.1,6317.1,4
1784746500,6318.1,6318.1,6318.1,6318.1,2
1784746560,6317.1,6317.1,6317.1,6317.1,2
1784746620,6316.1,6316.1,6316.1,6316.1,2
1784746740,6317.1,6317.1,6316.1,6316.1,4
1784746860,6315.1,6315.1,6314.1,6315.1,20
1784747100,6314.1,6315.1,6314.1,6314.1,16
1784747220,6313.1,6313.1,6313.1,6313.1,2
1784747280,6314.1,6314.1,6314.1,6314.1,2
1784747400,6313.1,6314.1,6313.1,6314.1,24
1784747460,6313.1,6313.1,6313.1,6313.1,2
1784747520,6312.1,6313.1,6312.1,6313.1,4
1784747640,6312.6,6313.1,6312.1,6312.1,14
1784747700,6313.1,6313.1,6312.1,6313.1,6
1784747760,6314.1,6314.1,6313.1,6314.1,8
1784747820,6313.6,6314.1,6313.1,6314.1,10
1784747880,6313.6,6314.1,6313.1,6314.1,6
1784747940,6315.1,6315.1,6314.1,6314.1,8
1784748000,6314.6,6314.6,6314.1,6314.1,8
1784748060,6313.1,6314.1,6312.1,6313.1,16
1784748120,6312.1,6313.1,6312.1,6313.1,4
1784748300,6312.1,6313.1,6312.1,6313.1,4
1784748420,6313.6,6314.1,6313.6,6314.1,4
1784748480,6315.1,6315.1,6315.1,6315.1,2
1784748600,6314.1,6315.1,6314.1,6314.1,6
1784748720,6315.1,6315.1,6314.1,6314.1,4
1784748780,6315.1,6315.1,6314.1,6314.1,4
1784748840,6313.1,6314.1,6313.1,6314.1,10
1784748900,6315.1,6315.1,6314.1,6314.1,12
1784748960,6314.6,6315.1,6314.1,6314.1,6
1784749020,6313.1,6314.1,6313.1,6313.1,6
1784749080,6313.6,6314.1,6312.1,6313.1,40
1784749260,6312.6,6314.1,6312.1,6314.1,14
1784749320,6315.1,6315.1,6314.1,6315.1,6
1784749440,6314.1,6314.1,6314.1,6314.1,2
1784749500,6315.1,6316.1,6315.1,6315.1,16
1784749560,6316.1,6316.1,6315.1,6315.1,4
1784749680,6315.6,6316.1,6315.6,6316.1,4
1784749740,6317.1,6317.6,6316.1,6317.1,12
1784749800,6317.6,6317.6,6313.1,6313.1,32
1784749860,6314.1,6314.1,6313.1,6313.1,10
1784749920,6312.1,6314.1,6312.1,6313.1,10
1784749980,6314.1,6315.1,6314.1,6314.1,6
1784750040,6313.1,6313.1,6313.1,6313.1,2
1784750100,6312.6,6313.1,6312.1,6313.1,10
1784750160,6312.1,6313.1,6312.1,6312.1,6
1784750220,6313.1,6314.1,6313.1,6314.1,4
1784750280,6313.1,6313.1,6311.1,6311.6,42
1784750340,6311.1,6312.1,6310.1,6312.1,28
1784786400,6297.6,6298.6,6297.1,6298.6,16
1784786460,6299.6,6302.6,6299.6,6301.6,20
1784786520,6300.6,6300.6,6299.6,6299.6,4
1784786580,6298.6,6299.6,6298.6,6299.6,4
1784786640,6300.6,6300.6,6299.6,6299.6,4
1784786700,6300.6,6301.6,6300.6,6301.6,44
1784786760,6300.6,6300.6,6298.6,6299.6,8
1784786820,6299.1,6299.6,6297.6,6299.6,16
1784786940,6300.6,6300.6,6299.6,6299.6,16
1784787000,6300.6,6301.6,6300.6,6301.6,4
1784787060,6300.6,6301.6,6300.6,6301.6,12
1784787120,6302.1,6302.6,6300.1,6301.6,18
1784787180,6302.1,6302.6,6301.6,6301.6,14
1784787240,6300.6,6301.6,6300.6,6301.1,6
1784787300,6300.6,6301.6,6300.6,6300.6,22
1784787360,6300.1,6301.6,6299.6,6300.6,12
1784787420,6301.6,6302.6,6301.6,6301.6,12
1784787480,6302.6,6302.6,6300.6,6300.6,8
1784787540,6301.1,6302.6,6300.6,6301.6,16
1784787600,6302.6,6302.6,6301.6,6301.6,26
1784787660,6302.6,6303.6,6302.6,6303.6,4
1784787720,6302.6,6302.6,6301.6,6301.6,4
1784787780,6301.1,6301.6,6300.6,6301.6,26
1784787840,6302.6,6302.6,6302.6,6302.6,2
1784787900,6303.6,6303.6,6303.6,6303.6,2
1784787960,6302.6,6303.6,6302.6,6303.6,10
1784788020,6303.1,6303.6,6301.6,6302.6,28
1784788080,6303.6,6303.6,6302.6,6303.6,6
1784788140,6302.6,6303.6,6302.6,6303.6,8
1784788200,6302.6,6303.6,6302.6,6303.6,20
1784788260,6302.6,6303.6,6302.6,6302.6,6
1784788320,6301.6,6302.6,6301.1,6301.6,10
1784788440,6300.6,6301.6,6300.6,6301.6,16
1784788500,6301.1,6301.6,6300.6,6301.6,16
1784788560,6300.6,6301.6,6300.6,6300.6,14
1784788620,6301.6,6301.6,6300.6,6300.6,4
1784788680,6299.6,6299.6,6298.6,6298.6,20
1784788800,6298.1,6299.6,6298.1,6298.6,16
1784788860,6297.6,6298.6,6297.6,6298.6,16
1784788920,6299.6,6299.6,6299.6,6299.6,2
1784788980,6298.6,6300.6,6298.6,6300.6,6
1784789040,6299.6,6299.6,6296.6,6296.6,12
1784789100,6297.6,6297.6,6297.6,6297.6,2
1784789160,6298.6,6301.6,6298.6,6301.6,10
1784789220,6302.6,6302.6,6300.6,6300.6,10
1784789340,6301.6,6301.6,6300.6,6300.6,6
1784789400,6301.6,6301.6,6301.6,6301.6,2
1784789460,6302.6,6302.6,6298.6,6298.6,10
1784789520,6299.6,6299.6,6296.6,6297.6,26
1784789580,6298.6,6298.6,6297.6,6298.6,8
1784789640,6299.6,6299.6,6298.6,6299.6,6
1784789700,6298.6,6298.6,6296.6,6297.6,8
1784789760,6298.6,6298.6,6296.6,6296.6,22
1784789820,6296.1,6296.6,6295.6,6295.6,50
1784789880,6296.6,6297.6,6295.6,6297.6,26
1784789940,6296.6,6297.6,6295.6,6297.6,16
1784790000,6298.1,6298.1,6281.6,6281.6,78
1784790060,6280.6,6281.6,6275.6,6276.6,68
1784790120,6278.6,6283.6,6276.6,6281.6,64
1784790180,6282.6,6284.6,6281.6,6281.6,54
1784790240,6280.6,6281.6,6276.6,6278.6,60
1784790300,6279.6,6280.6,6274.6,6276.6,78
1784790360,6275.6,6276.6,6272.6,6276.6,54
1784790420,6275.6,6276.1,6271.6,6272.6,46
1784790480,6272.1,6274.6,6271.6,6271.6,56
1784790540,6270.6,6271.6,6267.6,6267.6,32
1784790600,6268.6,6269.6,6262.6,6263.6,62
1784790660,6262.6,6263.1,6259.6,6259.6,62
1784790720,6258.6,6259.6,6252.6,6253.6,66
1784790780,6252.6,6256.6,6250.6,6255.6,62
1784790840,6254.6,6262.6,6254.6,6260.6,52
1784790900,6261.6,6263.6,6261.6,6261.6,58
1784790960,6260.6,6261.6,6257.6,6260.6,60
1784791020,6259.6,6260.6,6256.6,6260.6,44
1784791080,6259.6,6261.1,6256.1,6260.6,48
1784791140,6261.6,6261.6,6258.6,6260.6,44
1784791200,6261.6,6262.6,6258.6,6261.6,54
1784791260,6260.6,6262.1,6259.6,6261.1,48
1784791320,6261.6,6262.6,6258.6,6260.6,54
1784791380,6261.1,6263.6,6260.6,6262.6,30
1784791440,6261.6,6261.6,6258.6,6259.6,36
1784791500,6260.6,6267.6,6259.6,6266.6,52
1784791560,6267.6,6270.6,6266.6,6268.6,50
1784791620,6267.6,6271.6,6267.6,6268.6,40
1784791680,6268.1,6270.6,6265.6,6269.1,46
1784791740,6268.6,6269.6,6265.6,6268.1,50
1784791800,6268.6,6269.6,6265.6,6265.6,28
1784791860,6266.6,6267.6,6264.6,6267.1,28
1784791920,6266.6,6267.6,6262.6,6265.6,52
1784791980,6266.6,6270.6,6266.6,6268.6,48
1784792040,6267.6,6270.6,6266.6,6268.6,52
1784792100,6267.6,6269.6,6267.1,6268.6,28
1784792160,6267.6,6270.6,6266.1,6270.1,58
1784792220,6269.6,6270.6,6267.6,6270.6,28
1784792280,6269.6,6270.6,6268.6,6270.6,32
1784792340,6271.6,6271.6,6266.1,6267.6,28
1784792400,6268.6,6269.6,6267.6,6267.6,18
1784792460,6268.6,6269.6,6264.6,6265.6,44
1784792520,6264.6,6266.6,6263.6,6264.6,54
1784792580,6263.6,6266.6,6262.1,6266.6,24
1784792640,6266.1,6267.6,6263.6,6264.6,68
1784792700,6264.1,6264.6,6260.6,6262.6,58
1784792760,6261.6,6262.6,6258.6,6261.1,38
1784792820,6260.6,6260.6,6257.6,6259.6,24
1784792880,6258.6,6262.6,6257.6,6262.6,62
1784792940,6262.1,6262.6,6258.6,6261.6,54
1784793000,6260.6,6261.6,6258.6,6261.6,30
1784793060,6260.6,6261.1,6258.6,6259.6,32
1784793120,6258.6,6261.6,6258.6,6261.6,58
1784793180,6261.1,6262.6,6260.6,6262.6,46
1784793240,6263.6,6267.6,6263.6,6265.6,62
1784793300,6266.6,6269.6,6266.6,6269.6,30
1784793360,6268.6,6269.6,6266.6,6267.6,12
1784793420,6268.6,6272.6,6268.6,6271.6,34
1784793480,6270.6,6270.6,6268.6,6269.6,18
1784793540,6270.6,6272.6,6269.6,6271.6,24
1784793600,6272.6,6272.6,6266.6,6269.6,72
1784793660,6268.6,6268.6,6265.6,6266.6,70
1784793720,6266.1,6267.6,6264.6,6266.6,30
1784793780,6265.6,6268.6,6264.6,6267.1,48
1784793840,6267.6,6269.6,6265.6,6268.1,42
1784793900,6267.6,6271.6,6267.6,6271.6,38
1784793960,6270.6,6274.6,6270.6,6274.6,14
1784794020,6275.6,6277.6,6274.6,6277.6,36
1784794080,6278.6,6280.1,6276.1,6279.1,54
1784794140,6279.6,6281.6,6278.6,6281.6,36
1784794200,6281.1,6282.6,6279.6,6279.6,32
1784794260,6280.1,6280.6,6276.6,6278.6,48
1784794320,6278.1,6280.6,6277.6,6278.6,34
1784794380,6277.6,6278.6,6274.6,6274.6,52
1784794440,6273.6,6274.6,6272.6,6272.6,16
1784794500,6273.6,6274.6,6271.6,6274.6,38
1784794560,6273.6,6277.6,6272.6,6277.6,22
1784794620,6277.1,6280.6,6277.1,6279.6,36
1784794680,6278.6,6281.6,6278.6,6281.6,30
1784794740,6280.6,6281.6,6279.6,6279.6,30
1784794800,6280.1,6281.6,6279.6,6280.6,22
1784794860,6279.6,6280.6,6276.6,6276.6,52
1784794920,6275.6,6277.6,6274.6,6276.6,38
1784794980,6276.1,6276.6,6275.1,6276.6,30
1784795040,6277.6,6279.6,6276.6,6278.6,26
1784795100,6277.6,6280.6,6277.6,6279.6,18
1784795160,6278.6,6283.6,6278.6,6283.6,40
1784795220,6282.6,6283.6,6282.6,6283.6,8
1784795280,6282.6,6284.6,6281.6,6282.6,22
1784795340,6281.6,6284.6,6281.6,6283.6,34
1784795400,6284.9,6285.9,6283.9,6285.9,34
1784795460,6285.4,6287.4,6284.9,6285.9,22
1784795520,6284.9,6284.9,6282.9,6282.9,20
1784795580,6281.9,6284.9,6279.9,6284.4,32
1784795640,6283.9,6284.9,6281.4,6281.9,44
1784795700,6280.9,6282.9,6280.9,6280.9,22
1784795760,6281.4,6281.4,6279.9,6279.9,10
1784795820,6279.4,6280.9,6278.9,6279.9,40
1784795880,6280.9,6280.9,6277.9,6278.9,22
1784795940,6277.9,6277.9,6275.4,6275.4,16
1784796000,6275.9,6275.9,6272.9,6272.9,16
1784796060,6273.9,6274.9,6273.9,6273.9,16
1784796120,6272.9,6276.9,6272.9,6276.9,22
1784796180,6277.9,6277.9,6273.9,6273.9,26
1784796240,6274.9,6274.9,6272.4,6272.4,18
1784796300,6272.9,6272.9,6271.9,6271.9,30
1784796360,6270.9,6271.9,6270.9,6271.9,10
1784796420,6272.4,6272.9,6270.9,6271.9,34
1784796480,6272.9,6272.9,6271.9,6272.9,10
1784796540,6271.9,6272.9,6270.9,6270.9,14
1784796600,6271.4,6271.9,6269.9,6270.4,16
1784796660,6269.9,6271.9,6269.9,6271.9,30
1784796720,6272.4,6273.9,6270.9,6272.9,48
1784796780,6273.9,6275.9,6273.4,6273.9,22
1784796840,6274.9,6274.9,6273.4,6273.9,16
1784796900,6272.9,6275.9,6272.4,6274.9,22
1784796960,6273.9,6275.9,6273.9,6275.9,38
1784797020,6276.9,6276.9,6274.9,6275.9,24
1784797080,6276.9,6277.9,6276.9,6277.9,6
1784797140,6278.9,6279.9,6278.9,6279.9,16
1784797200,6280.9,6281.9,6278.9,6281.9,44
1784797260,6282.4,6283.9,6280.9,6280.9,24
1784797320,6281.9,6283.9,6280.9,6282.9,24
1784797380,6283.9,6292.4,6283.4,6287.9,76
1784797440,6288.9,6290.9,6286.9,6290.9,82
1784797500,6289.9,6289.9,6286.9,6286.9,40
1784797560,6287.9,6289.9,6286.9,6287.9,34
1784797620,6287.4,6287.4,6283.9,6283.9,22
1784797680,6282.9,6283.9,6281.9,6282.9,50
1784797740,6283.4,6284.9,6281.9,6281.9,50
1784797800,6281.4,6283.9,6281.4,6283.9,26
1784797860,6282.9,6284.9,6282.4,6283.9,16
1784797920,6284.9,6284.9,6281.9,6282.9,26
1784797980,6281.9,6283.9,6280.9,6281.9,34
1784798040,6282.9,6282.9,6278.9,6278.9,24
1784798100,6277.9,6279.9,6277.9,6279.9,16
1784798160,6279.4,6281.9,6279.4,6280.9,24
1784798220,6279.9,6280.9,6279.9,6279.9,20
1784798280,6280.9,6280.9,6277.9,6277.9,20
1784798340,6278.9,6278.9,6274.9,6274.9,20
1784798400,6275.4,6275.4,6272.9,6272.9,8
1784798460,6273.9,6273.9,6270.9,6270.9,24
1784798520,6269.9,6270.9,6269.9,6270.9,4
1784798580,6271.9,6272.9,6271.9,6272.9,4
1784798640,6271.9,6271.9,6270.9,6270.9,10
1784798700,6271.4,6271.9,6269.9,6270.9,16
1784798760,6269.9,6269.9,6268.9,6268.9,4
1784798820,6269.9,6269.9,6268.9,6268.9,4
1784798880,6269.4,6269.4,6266.9,6266.9,24
1784798940,6265.9,6266.9,6263.9,6266.9,36
1784799000,6265.9,6267.9,6265.9,6267.9,32
1784799060,6268.9,6268.9,6267.9,6267.9,14
1784799120,6266.9,6267.9,6266.9,6266.9,16
1784799180,6265.9,6267.9,6265.9,6266.9,20
1784799240,6265.9,6265.9,6262.9,6263.9,14
1784799300,6262.9,6263.9,6262.9,6262.9,10
1784799360,6263.9,6265.9,6263.9,6263.9,18
1784799420,6262.9,6264.9,6262.9,6262.9,34
1784799480,6263.4,6264.9,6262.9,6264.9,8
1784799540,6263.9,6265.9,6263.9,6265.9,12
1784799600,6264.9,6265.9,6262.9,6264.9,22
1784799660,6264.4,6265.9,6263.4,6263.9,14
1784799720,6264.9,6264.9,6262.9,6262.9,22
1784799780,6263.9,6266.9,6263.9,6265.9,36
1784799840,6266.9,6266.9,6265.9,6265.9,20
1784799900,6266.9,6269.9,6266.9,6269.9,28
1784799960,6269.4,6269.9,6267.9,6267.9,14
1784800020,6268.9,6269.9,6267.9,6269.9,12
1784800080,6268.9,6270.9,6268.9,6269.9,22
1784800140,6268.9,6271.9,6268.9,6270.9,30
1784800200,6269.9,6269.9,6266.9,6267.9,20
1784800260,6266.9,6266.9,6263.9,6263.9,12
1784800320,6264.4,6264.9,6263.9,6264.9,20
1784800380,6264.4,6266.9,6263.9,6264.9,32
1784800440,6263.9,6264.9,6263.9,6264.9,8
1784800500,6264.4,6264.9,6262.9,6264.9,28
1784800560,6263.9,6263.9,6262.9,6262.9,18
1784800620,6261.9,6262.9,6261.9,6262.9,22
1784800680,6261.9,6262.9,6259.9,6259.9,22
1784800740,6258.9,6261.9,6258.9,6260.9,14
1784800800,6261.9,6263.9,6260.4,6260.9,36
1784800860,6260.4,6262.9,6259.9,6260.4,32
1784800920,6260.9,6262.9,6260.9,6262.9,22
1784800980,6261.9,6263.9,6261.9,6262.9,20
1784801040,6263.9,6263.9,6262.4,6262.9,20
1784801100,6263.9,6263.9,6262.9,6262.9,6
1784801160,6261.9,6261.9,6257.4,6257.4,24
1784801220,6256.9,6257.9,6256.9,6257.9,32
1784801280,6258.9,6258.9,6254.9,6255.9,30
1784801340,6254.9,6255.9,6254.9,6254.9,16
1784801400,6253.9,6254.9,6253.9,6254.9,8
1784801460,6254.4,6254.9,6251.9,6252.9,26
1784801520,6253.9,6254.9,6253.9,6254.9,18
1784801580,6253.9,6254.9,6253.9,6254.9,4
1784801640,6255.9,6255.9,6253.4,6253.9,18
1784801700,6254.9,6255.9,6253.9,6254.9,14
1784801760,6253.9,6255.9,6251.9,6255.9,26
1784801820,6255.4,6255.9,6253.9,6254.9,20
1784801880,6253.9,6255.9,6253.9,6254.9,24
1784801940,6255.9,6255.9,6254.9,6255.4,16
1784802000,6254.9,6256.9,6253.9,6253.9,44
1784802060,6252.9,6255.9,6252.9,6254.9,26
1784802120,6255.4,6256.9,6255.4,6256.9,12
1784802180,6257.9,6257.9,6254.4,6255.9,26
1784802240,6255.4,6255.9,6254.9,6255.9,10
1784802300,6256.9,6257.9,6255.9,6257.9,14
1784802360,6256.9,6256.9,6255.9,6256.9,16
1784802420,6255.9,6255.9,6254.9,6254.9,4
1784802480,6255.9,6255.9,6253.9,6253.9,10
1784802540,6254.9,6255.9,6253.9,6254.4,28
1784802600,6253.9,6258.9,6253.9,6258.4,48
1784802660,6258.9,6259.9,6256.9,6257.9,40
1784802720,6258.9,6260.9,6258.4,6259.9,22
1784802780,6260.9,6260.9,6258.9,6258.9,28
1784802840,6257.9,6259.9,6257.9,6259.9,22
1784802900,6260.9,6261.9,6259.9,6261.9,16
1784802960,6262.9,6262.9,6261.9,6261.9,8
1784803020,6262.9,6262.9,6261.9,6261.9,8
1784803080,6260.9,6261.9,6259.9,6260.9,18
1784803140,6260.4,6261.9,6259.9,6260.9,22
1784803200,6259.9,6261.9,6259.9,6261.9,20
1784803260,6262.4,6263.9,6261.9,6263.9,24
1784803320,6263.4,6264.9,6262.9,6263.9,36
1784803380,6264.9,6264.9,6260.9,6260.9,18
1784803440,6259.9,6261.9,6259.9,6261.9,26
1784803500,6260.9,6264.9,6260.9,6263.9,32
1784803560,6264.9,6264.9,6264.9,6264.9,2
1784803620,6265.9,6265.9,6264.9,6264.9,10
1784803680,6265.9,6267.9,6265.4,6266.9,34
1784803740,6267.9,6269.9,6267.9,6269.9,18
1784803800,6268.9,6269.9,6268.9,6269.9,8
1784803860,6268.9,6269.9,6267.9,6268.9,54
1784803920,6269.9,6272.9,6269.9,6272.9,12
1784803980,6272.4,6272.4,6270.9,6271.4,52
1784804040,6271.9,6271.9,6270.9,6270.9,32
1784804100,6271.4,6271.4,6269.9,6269.9,12
1784804160,6268.9,6269.9,6267.9,6268.9,20
1784804220,6268.4,6269.9,6268.4,6268.9,12
1784804280,6267.9,6268.9,6267.9,6268.9,10
1784804340,6267.9,6268.9,6267.9,6268.9,4
1784804400,6267.9,6268.9,6265.9,6266.9,32
1784804460,6266.4,6266.4,6260.9,6260.9,20
1784804520,6259.9,6260.4,6257.9,6259.9,26
1784804580,6260.9,6260.9,6259.9,6260.9,26
1784804640,6259.9,6260.9,6258.4,6258.9,26
1784804700,6258.4,6258.4,6254.9,6255.9,24
1784804760,6254.9,6256.9,6254.9,6256.9,24
1784804880,6255.9,6257.9,6255.9,6257.9,10
1784804940,6256.9,6258.9,6256.9,6258.9,10
1784805000,6259.9,6259.9,6258.9,6258.9,6
1784805060,6257.9,6258.9,6256.9,6257.9,24
1784805120,6256.9,6258.9,6256.9,6257.9,14
1784805180,6258.9,6258.9,6258.9,6258.9,2
1784805240,6257.9,6258.9,6256.9,6257.9,14
1784805300,6258.9,6261.9,6258.9,6259.9,20
1784805360,6258.9,6259.9,6258.9,6258.9,20
1784805420,6257.9,6259.9,6257.9,6257.9,14
1784805480,6258.4,6258.4,6255.9,6256.9,14
1784805540,6255.9,6255.9,6254.9,6255.9,14
1784805600,6254.9,6254.9,6252.9,6253.9,12
1784805660,6254.9,6254.9,6253.4,6253.9,40
1784805720,6252.9,6253.9,6252.9,6252.9,6
1784805780,6253.9,6256.4,6253.9,6253.9,26
1784805840,6253.4,6256.9,6252.9,6255.9,32
1784805900,6254.9,6255.9,6254.9,6255.9,30
1784805960,6256.9,6256.9,6255.9,6255.9,4
1784806020,6255.4,6255.4,6253.9,6253.9,6
1784806080,6252.9,6253.9,6252.9,6252.9,6
1784806140,6251.9,6253.9,6250.9,6253.9,48
1784806200,6252.9,6255.9,6252.9,6253.9,36
1784806260,6254.9,6254.9,6253.9,6253.9,14
1784806320,6254.9,6254.9,6252.9,6252.9,10
1784806380,6253.9,6253.9,6249.9,6249.9,14
1784806440,6250.9,6253.4,6250.9,6253.4,14
1784806500,6252.9,6252.9,6245.9,6246.9,48
1784806560,6247.9,6248.9,6245.9,6245.9,40
1784806620,6246.9,6246.9,6244.9,6245.4,36
1784806680,6244.9,6246.4,6244.9,6245.9,28
1784806740,6244.9,6247.9,6244.9,6245.9,36
1784806800,6244.9,6245.9,6243.9,6245.9,20
1784806860,6245.4,6245.9,6244.9,6245.9,34
1784806920,6246.4,6249.4,6245.9,6248.9,22
1784806980,6247.9,6248.9,6247.9,6247.9,30
1784807040,6246.9,6247.9,6246.9,6247.9,22
1784807100,6248.9,6250.9,6247.9,6249.9,54
1784807160,6248.9,6248.9,6245.9,6246.9,26
1784807220,6247.9,6249.4,6246.9,6248.9,28
1784807280,6249.9,6250.9,6248.9,6250.9,14
1784807340,6251.4,6252.9,6250.9,6252.9,16
1784807400,6253.9,6256.4,6253.9,6255.9,30
1784807460,6256.9,6256.9,6254.9,6255.9,16
1784807520,6256.9,6266.4,6255.9,6258.4,48
1784807580,6258.9,6259.4,6256.9,6257.9,58
1784807640,6258.9,6259.4,6257.9,6258.9,22
1784807700,6257.9,6258.9,6256.9,6256.9,18
1784807760,6255.9,6256.9,6255.9,6256.9,14
1784807820,6257.4,6258.9,6256.4,6256.9,32
1784807880,6257.9,6258.9,6257.9,6257.9,14
1784807940,6258.4,6258.9,6257.9,6257.9,22
1784808000,6258.4,6258.4,6254.9,6254.9,14
1784808060,6253.9,6254.9,6253.9,6254.4,12
1784808120,6254.9,6256.9,6253.9,6253.9,24
1784808180,6254.9,6255.4,6253.9,6254.9,10
1784808240,6255.9,6255.9,6254.9,6255.9,30
1784808300,6254.9,6255.9,6253.4,6253.9,20
1784808360,6252.9,6255.9,6252.9,6254.9,24
1784808420,6253.9,6255.9,6253.9,6255.9,32
1784808480,6255.4,6255.4,6251.9,6252.9,24
1784808540,6251.9,6252.9,6249.9,6249.9,14
1784808600,6250.9,6251.9,6249.9,6251.9,16
1784808660,6248.9,6250.9,6247.9,6248.9,38
1784808720,6247.9,6247.9,6247.9,6247.9,2
1784808780,6246.4,6246.9,6246.4,6246.9,16
1784808840,6247.9,6247.9,6245.9,6247.4,20
1784808900,6247.9,6254.9,6247.4,6252.4,48
1784808960,6251.9,6253.9,6237.9,6245.9,82
1784809020,6246.4,6248.9,6245.9,6246.9,94
1784809080,6247.4,6247.9,6245.4,6245.9,42
1784809140,6246.4,6246.9,6242.9,6242.9,46
1784809200,6241.9,6243.9,6240.9,6242.9,42
1784809260,6241.9,6245.9,6241.9,6244.9,36
1784809320,6245.9,6245.9,6242.9,6243.9,32
1784809380,6242.9,6242.9,6240.9,6242.9,28
1784809440,6241.9,6243.9,6240.9,6243.9,22
1784809500,6242.9,6242.9,6238.9,6238.9,48
1784809560,6239.9,6239.9,6237.9,6237.9,36
1784809620,6238.9,6240.9,6238.9,6240.9,40
1784809680,6240.4,6240.9,6237.9,6238.4,42
1784809740,6237.9,6239.9,6237.4,6238.9,20
1784809800,6236.9,6239.9,6236.9,6237.9,82
1784809860,6238.9,6238.9,6236.9,6237.9,46
1784809920,6238.4,6238.9,6236.9,6236.9,34
1784809980,6237.9,6237.9,6234.9,6236.9,20
1784810040,6237.9,6238.9,6234.9,6238.9,36
1784810100,6237.9,6239.9,6235.9,6237.9,46
1784810160,6237.4,6237.9,6233.9,6233.9,42
1784810220,6232.9,6233.9,6231.9,6232.9,48
1784810280,6231.9,6234.9,6231.9,6233.9,44
1784810340,6233.4,6233.4,6230.9,6232.9,22
1784810400,6231.9,6232.9,6228.9,6229.9,54
1784810460,6229.4,6229.4,6227.9,6228.9,30
1784810520,6227.9,6227.9,6222.9,6223.9,52
1784810580,6224.9,6225.9,6223.9,6225.9,24
1784810640,6226.9,6226.9,6224.9,6225.9,16
1784810700,6226.9,6226.9,6223.9,6225.9,38
1784810760,6224.9,6227.9,6224.9,6227.9,24
1784810820,6226.9,6227.9,6224.9,6225.4,54
1784810880,6224.9,6225.9,6222.9,6224.9,58
1784810940,6223.9,6226.9,6221.9,6226.9,54
1784811000,6225.9,6227.9,6224.9,6225.9,34
1784811060,6226.9,6228.9,6225.9,6226.9,40
1784811120,6227.9,6227.9,6224.9,6226.9,42
1784811180,6227.9,6228.9,6227.9,6227.9,18
1784811240,6226.9,6226.9,6222.9,6223.9,40
1784811300,6222.9,6224.9,6222.9,6222.9,48
1784811360,6223.9,6225.9,6222.9,6225.9,24
1784811420,6224.9,6227.9,6224.9,6224.9,62
1784811480,6224.4,6225.9,6218.4,6218.9,52
1784811540,6219.9,6220.9,6218.9,6220.9,26
1784811600,6220.4,6220.9,6216.4,6220.9,54
1784811660,6219.9,6219.9,6218.9,6219.9,42
1784811720,6219.4,6219.9,6215.9,6216.9,44
1784811780,6217.9,6217.9,6214.9,6215.9,30
1784811840,6216.9,6216.9,6210.9,6212.9,52
1784811900,6211.9,6212.9,6208.9,6208.9,54
1784811960,6207.9,6207.9,6203.9,6204.9,38
1784812020,6203.9,6207.9,6203.4,6207.9,72
1784812080,6208.9,6208.9,6204.9,6207.9,88
1784812140,6206.9,6207.9,6204.9,6204.9,36
1784812200,6205.9,6208.9,6204.9,6207.4,62
1784812260,6207.9,6209.9,6206.9,6208.9,66
1784812320,6209.9,6212.9,6207.9,6211.9,40
1784812380,6210.9,6211.9,6206.9,6206.9,54
1784812440,6207.9,6211.4,6206.9,6210.9,44
1784812500,6209.9,6210.9,6206.9,6206.9,40
1784812560,6207.9,6207.9,6206.9,6207.9,42
1784812620,6207.4,6209.9,6205.9,6209.9,52
1784812680,6208.9,6209.9,6206.9,6207.9,44
1784812740,6208.4,6209.9,6206.9,6207.9,38
1784812800,6208.9,6209.9,6205.9,6208.9,50
1784812860,6209.9,6211.9,6208.9,6210.9,28
1784812920,6211.9,6212.9,6210.9,6210.9,42
1784812980,6210.4,6211.9,6208.9,6211.9,40
1784813040,6210.9,6210.9,6205.9,6205.9,40
1784813100,6206.9,6207.9,6204.9,6205.9,24
1784813160,6206.9,6206.9,6203.9,6206.4,26
1784813220,6206.9,6206.9,6203.9,6204.9,36
1784813280,6205.9,6206.9,6204.9,6206.9,26
1784813340,6205.9,6205.9,6204.9,6205.9,24
1784813400,6206.9,6209.9,6203.9,6205.9,74
1784813460,6205.4,6210.9,6204.9,6210.9,64
1784813520,6209.9,6213.9,6209.9,6212.4,44
1784813580,6211.9,6213.9,6208.9,6213.9,78
1784813640,6214.9,6217.9,6214.9,6217.9,76
1784813700,6216.9,6218.9,6216.9,6216.9,76
1784813760,6216.4,6217.9,6213.9,6216.9,62
1784813820,6217.9,6223.9,6217.9,6222.9,50
1784813880,6223.9,6225.9,6221.9,6224.9,44
1784813940,6223.9,6224.9,6220.9,6222.9,50
1784814000,6223.9,6223.9,6220.9,6221.9,56
1784814060,6222.9,6224.4,6221.9,6223.9,42
1784814120,6223.4,6227.9,6222.9,6227.9,64
1784814180,6228.9,6231.9,6228.9,6230.9,18
1784814240,6229.9,6229.9,6225.9,6226.4,60
1784814300,6226.9,6227.9,6223.9,6225.9,78
1784814360,6226.9,6226.9,6222.9,6224.9,64
1784814420,6223.9,6224.9,6222.9,6223.9,54
1784814480,6221.9,6222.9,6219.9,6221.9,66
1784814540,6220.9,6224.9,6219.9,6220.9,48
1784814600,6221.9,6221.9,6218.9,6221.9,54
1784814660,6222.9,6222.9,6219.9,6220.9,42
1784814720,6219.9,6220.9,6217.4,6219.9,44
1784814780,6218.9,6220.9,6218.9,6220.9,40
1784814840,6220.4,6225.9,6219.9,6225.9,30
1784814900,6224.9,6227.9,6224.9,6224.9,44
1784814960,6223.9,6224.9,6220.9,6220.9,24
1784815020,6219.9,6220.9,6216.9,6217.9,48
1784815080,6216.9,6217.9,6213.9,6215.9,40
1784815140,6216.9,6217.9,6214.9,6214.9,34
1784815200,6215.9,6221.9,6215.9,6218.9,90
1784815260,6218.4,6218.9,6215.9,6215.9,58
1784815320,6216.9,6218.9,6215.9,6218.9,66
1784815380,6219.9,6220.9,6218.9,6220.4,80
1784815440,6219.9,6226.9,6219.9,6224.9,68
1784815500,6224.4,6227.9,6223.9,6226.9,40
1784815560,6225.9,6229.9,6225.9,6226.9,42
1784815620,6226.4,6227.9,6224.9,6225.9,46
1784815680,6226.9,6227.4,6213.9,6214.9,64
1784815740,6215.9,6217.9,6211.9,6217.9,86
1784815800,6218.9,6220.9,6216.9,6218.9,68
1784815860,6218.4,6222.9,6216.9,6222.9,56
1784815920,6223.9,6227.9,6222.9,6227.9,66
1784815980,6227.4,6228.9,6225.9,6226.9,46
1784816040,6227.9,6229.9,6224.4,6225.9,48
1784816100,6224.9,6228.9,6224.9,6225.9,48
1784816160,6226.4,6229.9,6225.9,6228.9,70
1784816220,6227.9,6229.9,6226.9,6228.4,52
1784816280,6228.9,6228.9,6222.9,6222.9,82
1784816340,6223.9,6223.9,6220.9,6222.9,48
1784816400,6223.9,6223.9,6221.9,6222.9,56
1784816460,6221.9,6225.9,6221.9,6225.4,40
1784816520,6224.9,6225.9,6221.9,6222.9,64
1784816580,6223.9,6223.9,6221.9,6222.9,66
1784816640,6221.9,6222.9,6219.9,6221.9,48
1784816700,6220.9,6224.9,6220.9,6223.9,46
1784816760,6222.9,6222.9,6218.9,6221.9,58
1784816820,6220.9,6222.9,6219.9,6222.9,36
1784816880,6223.4,6225.4,6222.9,6222.9,52
1784816940,6223.4,6226.9,6222.9,6226.4,56
1784817000,6225.9,6227.9,6223.9,6223.9,46
1784817060,6222.9,6226.9,6219.9,6219.9,66
1784817120,6220.9,6220.9,6216.9,6217.9,46
1784817180,6216.9,6218.9,6214.9,6215.4,52
1784817240,6214.9,6216.9,6213.9,6216.4,50
1784817300,6216.9,6216.9,6210.9,6210.9,54
1784817360,6211.9,6215.9,6210.9,6215.9,40
1784817420,6216.9,6223.4,6215.9,6222.9,52
1784817480,6221.9,6222.9,6218.9,6221.9,44
1784817540,6222.9,6224.9,6221.9,6223.9,34
1784817600,6222.9,6225.9,6222.9,6222.9,36
1784817660,6221.9,6222.9,6217.9,6218.9,52
1784817720,6219.9,6219.9,6215.9,6216.9,50
1784817780,6217.4,6217.9,6213.9,6214.9,46
1784817840,6215.9,6216.9,6214.9,6214.9,22
1784817900,6213.9,6215.9,6212.9,6214.9,42
1784817960,6215.9,6218.9,6215.9,6218.4,32
1784818020,6218.9,6218.9,6215.9,6215.9,16
1784818080,6214.9,6215.9,6212.9,6212.9,58
1784818140,6211.9,6213.4,6210.9,6212.9,54
1784818200,6211.9,6214.9,6211.9,6212.9,50
1784818260,6211.9,6211.9,6207.9,6207.9,22
1784818320,6208.9,6211.9,6208.9,6211.9,52
1784818380,6211.4,6211.4,6207.9,6210.9,66
1784818440,6209.9,6211.9,6209.9,6209.9,28
1784818500,6210.9,6212.9,6209.9,6211.9,60
1784818560,6212.4,6213.9,6210.9,6213.9,32
1784818620,6214.9,6215.9,6213.9,6215.9,20
1784818680,6214.9,6216.9,6214.9,6214.9,40
1784818740,6215.4,6219.4,6214.9,6217.9,42
1784818800,6217.4,6217.9,6214.9,6216.9,38
1784818860,6215.9,6215.9,6211.9,6213.9,50
1784818920,6214.9,6215.9,6212.9,6214.9,36
1784818980,6215.9,6217.9,6214.4,6216.9,38
1784819040,6215.9,6215.9,6213.9,6214.9,34
1784819100,6215.9,6217.9,6215.9,6215.9,48
1784819160,6214.9,6215.9,6211.9,6213.4,52
1784819220,6212.9,6215.9,6211.9,6214.9,54
1784819280,6213.9,6213.9,6211.9,6212.9,38
1784819340,6213.9,6213.9,6210.9,6210.9,26
1784819400,6209.9,6210.9,6208.9,6209.4,32
1784819460,6209.9,6209.9,6206.9,6206.9,24
1784819520,6207.9,6208.9,6205.4,6205.9,30
1784819580,6206.9,6207.9,6205.9,6206.9,28
1784819640,6207.9,6208.9,6205.9,6207.9,28
1784819700,6206.9,6209.9,6206.9,6207.9,52
1784819760,6206.9,6207.9,6206.4,6207.9,48
1784819820,6208.9,6210.9,6207.9,6209.9,32
1784819880,6210.9,6210.9,6206.4,6206.9,48
1784819940,6206.4,6208.9,6205.9,6205.9,26
1784820000,6206.4,6208.9,6206.4,6208.9,22
1784820060,6207.9,6207.9,6203.9,6203.9,16
1784820120,6204.9,6206.9,6197.9,6198.9,50
1784820180,6199.9,6203.9,6199.9,6201.9,70
1784820240,6202.9,6202.9,6200.4,6201.9,36
1784820300,6200.9,6201.9,6198.9,6200.9,44
1784820360,6199.9,6199.9,6197.9,6199.9,40
1784820420,6198.9,6198.9,6196.9,6197.9,30
1784820480,6196.9,6197.9,6194.9,6195.9,64
1784820540,6194.9,6199.9,6194.9,6198.9,36
1784820600,6199.9,6199.9,6196.9,6197.9,66
1784820660,6196.9,6197.9,6194.9,6194.9,36
1784820720,6193.9,6196.9,6193.9,6196.9,44
1784820780,6195.9,6197.9,6193.9,6197.9,22
1784820840,6196.9,6205.9,6195.9,6204.9,74
1784820900,6203.9,6209.9,6203.9,6208.9,68
1784820960,6209.4,6209.4,6206.9,6207.9,22
1784821020,6208.9,6215.9,6205.9,6211.9,74
1784821080,6212.9,6213.9,6210.9,6213.4,58
1784821140,6213.9,6213.9,6211.9,6211.9,24
1784821200,6210.9,6212.9,6210.9,6211.9,24
1784821260,6212.9,6215.9,6211.9,6214.9,28
1784821320,6215.9,6215.9,6210.9,6210.9,16
1784821380,6211.9,6211.9,6209.9,6209.9,26
1784821440,6210.9,6211.9,6208.9,6209.9,34
1784821500,6210.9,6212.9,6209.9,6211.9,38
1784821560,6212.9,6212.9,6209.9,6210.9,36
1784821620,6211.9,6211.9,6208.9,6208.9,32
1784821680,6209.9,6212.9,6209.9,6211.9,48
1784821740,6212.9,6212.9,6210.9,6211.9,18
1784821800,6210.9,6212.9,6209.9,6211.9,24
1784821860,6212.9,6212.9,6209.9,6210.9,36
1784821920,6211.9,6212.9,6211.9,6211.9,38
1784821980,6212.4,6212.4,6210.9,6210.9,40
1784822040,6211.4,6214.4,6211.4,6212.9,22
1784822100,6213.9,6215.4,6212.9,6214.9,26
1784822160,6215.9,6216.4,6214.9,6215.9,20
1784822220,6214.9,6214.9,6213.9,6214.9,14
1784822280,6213.9,6215.9,6213.9,6215.9,6
1784822340,6216.9,6217.4,6215.9,6216.9,42
1784822400,6217.4,6218.9,6215.9,6217.9,34
1784822460,6216.9,6217.9,6215.9,6217.9,30
1784822520,6218.9,6220.9,6217.9,6220.9,42
1784822580,6220.4,6220.4,6217.9,6219.9,12
1784822640,6218.9,6219.9,6217.9,6218.9,20
1784822700,6217.9,6218.9,6215.9,6216.9,24
1784822760,6215.9,6217.9,6215.9,6216.9,36
1784822820,6215.9,6216.9,6215.9,6215.9,36
1784822880,6216.4,6218.9,6216.4,6218.9,28
1784822940,6218.4,6218.9,6217.4,6218.9,50
1784823060,6219.9,6219.9,6219.9,6219.9,2
1784823120,6220.9,6221.9,6220.9,6221.4,20
1784823180,6220.9,6222.9,6220.9,6220.9,38
1784823240,6220.4,6221.9,6220.4,6221.9,40
1784823300,6222.4,6223.9,6221.9,6223.9,34
1784823360,6222.9,6224.9,6222.9,6224.4,20
1784823420,6223.9,6225.9,6223.9,6224.9,44
1784823540,6223.9,6223.9,6221.9,6222.9,22
1784823600,6223.9,6224.9,6223.9,6224.9,10
1784823660,6224.4,6225.9,6223.9,6225.4,48
1784823720,6224.9,6227.9,6224.9,6227.9,28
1784823780,6227.4,6229.9,6227.4,6229.9,8
1784823840,6228.9,6230.9,6228.9,6229.9,50
1784823900,6230.9,6230.9,6229.9,6230.9,30
1784823960,6230.4,6230.4,6228.9,6229.4,28
1784824020,6229.9,6231.9,6229.4,6230.9,30
1784824080,6230.4,6230.9,6230.4,6230.9,4
1784824140,6231.9,6232.9,6230.9,6230.9,26
1784824200,6229.9,6229.9,6228.9,6229.9,20
1784824260,6230.9,6230.9,6228.9,6229.9,24
1784824320,6229.4,6229.9,6226.9,6226.9,30
1784824380,6227.4,6227.9,6226.9,6226.9,18
1784824440,6227.4,6227.9,6225.9,6225.9,44
1784824500,6226.4,6226.9,6224.9,6226.9,12
1784824560,6225.9,6226.4,6224.9,6225.9,20
1784824620,6224.9,6225.9,6224.4,6225.9,12
1784824680,6225.4,6227.9,6224.9,6227.9,44
1784824740,6228.9,6228.9,6227.9,6228.9,68
1784824800,6228.4,6228.9,6226.4,6226.9,38
1784824860,6226.4,6226.9,6225.9,6225.9,26
1784824920,6224.9,6225.9,6224.9,6225.9,12
1784824980,6224.9,6225.9,6224.9,6224.9,12
1784825040,6225.4,6225.9,6224.4,6224.4,24
1784825100,6223.9,6223.9,6221.4,6221.9,24
1784825160,6221.4,6221.9,6221.4,6221.9,4
1784825220,6222.9,6222.9,6220.9,6220.9,14
1784825280,6221.9,6222.4,6220.9,6220.9,20
1784825340,6219.9,6220.9,6219.9,6219.9,12
1784825400,6218.9,6219.9,6217.9,6217.9,18
1784825460,6218.9,6218.9,6217.9,6218.9,42
1784825520,6219.9,6219.9,6217.9,6217.9,12
1784825580,6216.9,6216.9,6216.9,6216.9,2
1784825640,6217.9,6217.9,6216.9,6217.9,22
1784825700,6218.9,6219.9,6217.9,6218.9,22
1784825760,6218.4,6218.9,6217.9,6218.9,22
1784825820,6217.9,6218.9,6217.9,6217.9,12
1784825880,6216.9,6218.9,6216.9,6217.9,20
1784825940,6218.9,6220.9,6218.4,6220.9,20
1784826000,6219.9,6220.9,6218.9,6220.9,28
1784826060,6220.4,6220.9,6218.9,6219.9,20
1784826120,6219.4,6219.9,6217.9,6219.9,30
1784826180,6218.9,6218.9,6217.9,6217.9,24
1784826240,6216.9,6216.9,6213.9,6213.9,38
1784826300,6212.9,6213.9,6211.9,6212.9,10
1784826360,6213.9,6214.9,6211.9,6212.9,28
1784826420,6213.9,6214.9,6211.9,6212.9,40
1784826480,6213.9,6216.9,6212.9,6214.9,36
1784826540,6214.4,6216.9,6213.9,6216.9,22
1784826600,6217.9,6218.9,6216.9,6217.9,40
1784826660,6216.9,6217.9,6216.9,6217.9,16
1784826720,6218.4,6218.9,6217.9,6218.9,34
1784826780,6217.9,6217.9,6216.9,6216.9,4
1784826840,6217.9,6217.9,6215.9,6216.9,24
1784826900,6215.9,6216.9,6215.9,6216.9,46
1784826960,6217.9,6219.9,6216.9,6218.9,16
1784827020,6219.9,6219.9,6216.9,6216.9,16
1784827080,6215.9,6218.9,6215.9,6217.9,22
1784827140,6218.9,6218.9,6217.9,6218.9,42
1784827200,6219.4,6220.9,6218.9,6219.9,32
1784827260,6220.4,6220.9,6218.9,6218.9,36
1784827320,6217.9,6218.9,6216.9,6217.9,20
1784827380,6218.9,6219.9,6217.9,6219.9,28
1784827440,6220.4,6220.4,6218.9,6219.9,16
1784827500,6220.4,6220.9,6219.9,6220.9,32
1784827560,6220.4,6220.9,6219.9,6220.9,16
1784827620,6221.9,6221.9,6218.9,6218.9,22
1784827680,6217.9,6217.9,6216.9,6217.9,6
1784827740,6216.9,6216.9,6215.9,6215.9,8
1784827800,6214.9,6216.9,6214.9,6215.9,34
1784827860,6216.4,6216.9,6213.9,6213.9,36
1784827920,6213.4,6214.9,6212.9,6213.9,20
1784827980,6214.9,6214.9,6213.9,6214.9,36
1784828040,6213.9,6214.9,6213.9,6214.9,28
1784828100,6214.4,6214.9,6210.9,6210.9,40
1784828160,6211.9,6212.9,6210.9,6211.9,14
1784828220,6211.4,6211.9,6210.9,6211.9,22
1784828280,6212.4,6212.9,6211.9,6211.9,18
1784828340,6212.4,6212.9,6210.9,6210.9,10
1784828400,6211.9,6211.9,6208.9,6209.9,18
1784828460,6210.9,6211.9,6210.9,6211.9,4
1784828520,6210.9,6211.9,6210.9,6210.9,6
1784828580,6211.9,6211.9,6210.9,6210.9,46
1784828640,6211.9,6211.9,6210.9,6210.9,28
1784828700,6210.4,6213.9,6209.9,6212.9,30
1784828760,6213.9,6213.9,6212.9,6213.9,28
1784828820,6214.4,6214.9,6212.9,6213.9,34
1784828880,6212.9,6213.9,6212.9,6213.9,20
1784829000,6212.9,6213.9,6211.9,6213.4,34
1784829060,6213.9,6213.9,6211.9,6211.9,26
1784829120,6212.9,6213.9,6212.9,6212.9,30
1784829180,6211.9,6212.9,6211.9,6211.9,10
1784829240,6210.9,6211.9,6210.9,6211.4,16
1784829300,6210.9,6210.9,6209.9,6210.9,10
1784829360,6209.9,6209.9,6208.9,6208.9,4
1784829420,6207.9,6207.9,6207.9,6207.9,2
1784829480,6207.4,6207.9,6206.9,6207.9,38
1784829540,6207.4,6207.9,6206.9,6206.9,12
1784829600,6205.9,6207.9,6205.9,6206.9,34
1784829660,6207.9,6207.9,6204.9,6206.4,46
1784829720,6205.9,6205.9,6205.9,6205.9,2
1784829780,6206.9,6206.9,6205.9,6206.9,22
1784829840,6206.4,6206.4,6204.9,6205.9,28
1784829900,6204.9,6205.9,6204.9,6205.9,34
1784829960,6205.4,6205.9,6204.9,6205.9,62
1784830020,6205.4,6205.9,6203.9,6204.9,14
1784830080,6205.4,6205.9,6204.9,6205.9,8
1784830140,6204.9,6205.4,6203.9,6203.9,8
1784830200,6202.9,6203.9,6201.9,6203.9,36
1784830260,6203.4,6204.9,6202.9,6203.9,14
1784830320,6204.4,6205.9,6203.9,6205.9,18
1784830380,6204.9,6205.9,6204.9,6204.9,14
1784830440,6203.9,6204.9,6202.9,6202.9,8
1784830500,6202.4,6203.9,6201.9,6203.9,8
1784830560,6204.9,6204.9,6203.9,6204.9,16
1784830620,6203.9,6203.9,6202.4,6202.9,44
1784830680,6203.9,6203.9,6202.9,6202.9,16
1784830740,6201.9,6203.9,6201.9,6203.9,6
1784830800,6204.9,6204.9,6203.9,6203.9,18
1784830860,6204.4,6205.9,6203.9,6204.9,26
1784830920,6205.9,6205.9,6204.9,6204.9,4
1784830980,6205.9,6206.9,6204.9,6206.9,18
1784831040,6207.9,6207.9,6206.9,6207.4,34
1784831100,6206.9,6206.9,6205.9,6206.9,6
1784831160,6206.4,6206.9,6204.9,6205.9,52
1784831220,6206.4,6207.4,6205.9,6205.9,32
1784831280,6206.9,6207.9,6205.9,6207.9,62
1784831340,6208.9,6208.9,6207.9,6208.9,24
1784831400,6208.4,6208.9,6207.9,6208.9,46
1784831460,6209.4,6209.9,6207.9,6208.9,24
1784831520,6209.4,6209.9,6207.9,6208.9,42
1784831580,6208.4,6208.9,6207.9,6208.9,36
1784831640,6209.9,6209.9,6208.9,6208.9,32
1784831700,6209.9,6209.9,6206.9,6206.9,26
1784831760,6207.4,6207.4,6205.9,6206.4,10
1784831820,6205.9,6206.9,6204.9,6205.9,14
1784831880,6204.9,6204.9,6204.9,6204.9,2
1784831940,6205.9,6205.9,6205.4,6205.9,6
1784832000,6206.9,6206.9,6205.9,6206.9,32
1784832060,6205.9,6206.4,6205.9,6205.9,6
1784832120,6204.9,6205.9,6204.9,6205.9,4
1784832300,6206.9,6207.9,6205.9,6207.9,24
1784832360,6207.4,6207.9,6206.9,6206.9,22
1784832420,6207.9,6208.9,6207.9,6208.9,8
1784832480,6207.9,6207.9,6206.9,6207.9,18
1784832540,6206.9,6207.9,6206.9,6207.9,26
1784832600,6206.9,6207.9,6206.9,6206.9,34
1784832660,6206.4,6206.9,6205.9,6205.9,26
1784832720,6206.9,6206.9,6204.9,6205.9,16
1784832780,6204.9,6205.9,6204.9,6204.9,22
1784832840,6205.9,6205.9,6203.9,6204.9,26
1784832900,6204.4,6204.9,6203.9,6204.9,20
1784832960,6204.4,6204.9,6203.9,6204.9,10
1784833020,6204.4,6204.9,6204.4,6204.9,4
1784833080,6203.9,6204.9,6203.9,6204.9,8
1784833140,6205.9,6205.9,6204.9,6205.9,12
1784833200,6206.9,6208.9,6205.9,6207.9,30
1784833260,6206.9,6206.9,6206.9,6206.9,2
1784833320,6207.9,6207.9,6207.9,6207.9,2
1784833380,6206.9,6206.9,6205.9,6205.9,12
1784833440,6204.9,6204.9,6204.9,6204.9,2
1784833560,6205.9,6205.9,6205.9,6205.9,2
1784833680,6206.9,6206.9,6205.9,6205.9,20
1784833740,6204.9,6204.9,6203.9,6203.9,4
1784833800,6202.9,6202.9,6202.9,6202.9,2
1784833860,6201.9,6202.9,6201.9,6202.9,8
1784833920,6203.9,6203.9,6202.9,6202.9,4
1784833980,6201.9,6202.9,6201.9,6201.9,6
1784834100,6202.9,6204.9,6202.9,6203.9,12
1784834160,6204.4,6204.9,6203.9,6204.9,20
1784834220,6205.9,6206.9,6205.9,6205.9,6
1784834280,6204.9,6204.9,6203.9,6203.9,4
1784834400,6204.9,6205.9,6203.9,6205.9,16
1784834460,6206.9,6207.9,6206.9,6206.9,12
1784834520,6207.4,6207.9,6205.9,6206.9,24
1784834580,6207.4,6207.9,6207.4,6207.9,4
1784834640,6207.4,6208.9,6206.9,6208.9,8
1784834700,6209.9,6210.9,6208.9,6209.9,26
1784834760,6208.9,6209.9,6208.9,6209.9,8
1784834820,6208.9,6210.9,6208.9,6209.9,20
1784834880,6210.9,6210.9,6208.9,6208.9,10
1784834940,6207.9,6209.9,6207.9,6209.4,38
1784835000,6209.9,6212.9,6208.9,6210.9,44
1784835060,6209.9,6210.4,6206.9,6206.9,30
1784835120,6207.9,6207.9,6206.9,6206.9,8
1784835180,6205.9,6206.9,6203.9,6204.9,36
1784835240,6205.4,6206.9,6204.9,6205.9,24
1784835300,6204.9,6206.9,6204.9,6205.9,18
1784835360,6204.9,6206.4,6204.9,6205.9,12
1784835420,6206.4,6206.9,6205.9,6205.9,16
1784835480,6206.4,6206.9,6204.9,6204.9,30
1784835540,6205.9,6205.9,6204.9,6204.9,10
1784835600,6203.9,6204.9,6203.9,6204.4,26
1784835660,6203.9,6204.4,6203.9,6203.9,6
1784835720,6203.4,6203.4,6201.9,6202.9,18
1784835780,6201.9,6202.9,6201.9,6202.9,6
1784835840,6201.9,6202.9,6201.9,6201.9,8
1784835900,6201.4,6201.9,6200.9,6201.4,32
1784835960,6201.9,6201.9,6199.9,6199.9,18
1784836020,6198.9,6200.9,6198.9,6199.9,14
1784836080,6198.9,6199.9,6198.9,6198.9,18
1784836140,6197.9,6198.9,6197.9,6198.9,4
1784836200,6199.9,6203.9,6199.9,6201.9,34
1784836260,6200.9,6202.9,6200.9,6202.9,34
1784836320,6202.4,6202.9,6199.9,6200.9,12
1784836380,6200.4,6200.4,6198.9,6198.9,10
1784836440,6199.4,6200.9,6198.9,6200.9,18
1784836500,6201.9,6204.9,6201.9,6204.9,12
1784836560,6205.4,6205.9,6204.9,6204.9,6
1784836620,6205.9,6206.9,6205.9,6206.9,6
1784836680,6207.9,6209.9,6206.9,6208.4,36
1784836740,6207.9,6211.9,6207.9,6211.9,22
1784872800,6205.4,6207.4,6204.4,6206.9,20
1784872860,6207.4,6207.4,6204.4,6204.4,20
1784872920,6204.9,6206.4,6204.4,6205.9,28
1784872980,6206.4,6206.4,6203.4,6203.4,20
1784873040,6202.9,6202.9,6201.4,6202.4,48
1784873100,6201.4,6201.4,6200.4,6201.4,34
1784873160,6200.4,6201.4,6200.4,6201.4,18
1784873220,6200.4,6202.4,6200.4,6202.4,30
1784873280,6203.4,6204.4,6202.4,6203.4,42
1784873340,6203.9,6204.4,6203.4,6203.4,6
1784873400,6204.4,6206.4,6204.4,6205.4,14
1784873460,6205.9,6205.9,6204.4,6204.4,6
1784873520,6203.4,6205.4,6202.4,6205.4,22
1784873580,6204.4,6204.9,6203.4,6203.4,12
1784873640,6204.4,6204.4,6203.4,6203.4,4
1784873700,6204.4,6204.4,6202.4,6203.4,14
1784873760,6202.4,6204.4,6202.4,6204.4,6
1784873820,6205.4,6205.4,6204.4,6205.4,12
1784873880,6206.4,6206.4,6205.4,6205.4,4
1784873940,6206.4,6209.4,6206.4,6209.4,16
1784874000,6210.4,6211.4,6210.4,6210.4,20
1784874060,6210.9,6211.9,6210.4,6210.4,20
1784874120,6210.9,6212.4,6210.4,6212.4,46
1784874180,6211.4,6211.4,6210.4,6211.4,18
1784874240,6210.4,6210.9,6210.4,6210.9,4
1784874300,6210.4,6213.4,6210.4,6211.9,16
1784874360,6211.4,6212.4,6208.9,6209.4,18
1784874420,6208.4,6208.4,6207.4,6207.4,4
1784874480,6206.4,6206.4,6204.4,6204.4,10
1784874540,6203.4,6204.4,6202.4,6203.4,20
1784874600,6203.9,6204.4,6201.4,6202.4,54
1784874660,6201.4,6202.4,6201.4,6202.4,42
1784874720,6203.4,6203.4,6201.4,6201.4,26
1784874780,6201.9,6202.4,6201.4,6201.4,16
1784874840,6201.9,6205.4,6201.4,6205.4,22
1784874900,6206.4,6206.4,6205.4,6206.4,6
1784874960,6205.9,6208.4,6205.4,6208.4,14
1784875020,6207.4,6207.9,6206.4,6206.4,12
1784875080,6205.4,6205.9,6204.4,6205.4,12
1784875140,6204.9,6204.9,6204.4,6204.4,4
1784875200,6205.4,6205.4,6202.4,6203.4,22
1784875260,6202.9,6203.4,6202.4,6203.4,36
1784875320,6204.4,6204.4,6202.4,6202.4,14
1784875380,6201.4,6201.4,6200.4,6200.9,16
1784875440,6201.4,6201.4,6200.4,6200.4,10
1784875500,6199.4,6199.4,6198.4,6198.4,18
1784875560,6198.9,6199.4,6197.4,6197.4,32
1784875620,6196.9,6197.9,6196.4,6197.9,16
1784875680,6197.4,6198.4,6195.4,6195.4,34
1784875740,6195.9,6196.4,6192.4,6193.4,26
1784875800,6193.9,6194.4,6192.4,6193.4,28
1784875860,6193.9,6194.4,6190.4,6190.9,36
1784875920,6191.4,6194.4,6191.4,6194.4,16
1784875980,6195.4,6197.4,6195.4,6196.4,16
1784876040,6196.9,6198.4,6196.4,6198.4,16
1784876100,6197.9,6198.4,6195.4,6196.4,28
1784876160,6195.9,6199.4,6195.4,6199.4,30
1784876220,6200.4,6201.4,6199.4,6201.4,18
1784876280,6202.4,6204.9,6201.9,6204.9,22
1784876340,6204.4,6208.4,6204.4,6204.4,62
1784876400,6203.9,6208.4,6202.4,6208.4,96
1784876460,6207.4,6215.4,6207.4,6214.4,62
1784876520,6213.4,6220.4,6213.4,6218.4,64
1784876580,6217.4,6220.9,6217.4,6220.4,46
1784876640,6219.4,6221.4,6216.4,6216.9,56
1784876700,6217.4,6223.4,6216.9,6221.4,62
1784876760,6222.4,6225.4,6220.9,6223.4,80
1784876820,6222.9,6225.4,6220.4,6224.9,48
1784876880,6224.4,6224.4,6221.4,6224.4,50
1784876940,6224.9,6230.4,6224.9,6230.4,28
1784877000,6231.4,6232.4,6230.4,6231.4,66
1784877060,6232.4,6235.4,6231.9,6233.4,30
1784877120,6234.4,6236.4,6234.4,6235.9,64
1784877180,6236.4,6238.4,6236.4,6238.4,10
1784877240,6237.9,6238.4,6237.4,6238.4,38
1784877300,6238.9,6241.4,6237.4,6241.4,56
1784877360,6240.4,6240.4,6236.4,6238.9,44
1784877420,6239.4,6244.4,6237.4,6243.4,38
1784877480,6242.4,6243.4,6241.4,6242.4,38
1784877540,6243.4,6244.4,6242.9,6243.4,30
1784877600,6244.4,6245.4,6242.4,6243.4,52
1784877660,6242.4,6245.4,6242.4,6244.4,38
1784877720,6243.4,6246.4,6243.4,6243.9,40
1784877780,6243.4,6244.4,6241.4,6242.4,30
1784877840,6243.4,6244.4,6242.4,6244.4,20
1784877900,6245.4,6250.4,6244.4,6250.4,24
1784877960,6251.4,6251.4,6246.4,6246.4,32
1784878020,6246.9,6246.9,6244.4,6245.4,20
1784878080,6244.4,6244.4,6243.9,6244.4,6
1784878140,6243.4,6245.4,6243.4,6245.4,22
1784878200,6245.9,6248.4,6244.4,6248.4,68
1784878260,6247.4,6247.9,6244.4,6246.4,48
1784878320,6246.9,6247.4,6244.4,6245.4,40
1784878380,6246.4,6246.4,6244.4,6244.4,30
1784878440,6244.9,6247.4,6244.4,6247.4,26
1784878500,6248.4,6249.4,6247.4,6248.4,30
1784878560,6249.4,6249.4,6248.4,6248.4,24
1784878620,6247.4,6249.4,6245.4,6247.4,32
1784878680,6248.4,6248.4,6245.4,6245.4,36
1784878740,6246.4,6248.4,6245.4,6248.4,50
1784878800,6247.4,6248.4,6244.4,6244.4,34
1784878860,6245.4,6245.4,6242.4,6243.4,36
1784878920,6242.9,6244.4,6242.4,6243.4,12
1784878980,6242.4,6243.4,6240.4,6241.4,36
1784879040,6240.9,6243.4,6240.4,6243.4,16
1784879100,6242.4,6246.4,6242.4,6246.4,24
1784879160,6245.4,6247.4,6242.9,6243.9,50
1784879220,6243.4,6244.9,6243.4,6244.4,38
1784879280,6245.4,6246.4,6241.4,6242.4,58
1784879340,6241.9,6242.4,6241.4,6241.4,16
1784879400,6242.4,6243.9,6239.4,6239.4,28
1784879460,6239.9,6240.9,6238.4,6239.4,42
1784879520,6238.4,6239.4,6237.4,6237.4,20
1784879580,6238.4,6241.4,6238.4,6241.4,8
1784879640,6240.9,6243.4,6240.4,6241.4,30
1784879700,6242.4,6243.4,6239.4,6239.4,32
1784879760,6238.9,6241.4,6238.4,6241.4,34
1784879820,6240.4,6242.4,6240.4,6241.4,12
1784879880,6240.4,6241.4,6240.4,6241.4,6
1784879940,6240.4,6240.4,6238.4,6239.9,20
1784880000,6238.4,6239.4,6237.4,6237.4,36
1784880060,6236.4,6236.4,6233.9,6234.4,26
1784880120,6233.4,6238.4,6233.4,6237.4,32
1784880180,6236.4,6236.4,6234.4,6235.4,16
1784880240,6236.4,6237.4,6235.9,6236.4,26
1784880300,6235.9,6236.4,6233.4,6233.4,32
1784880360,6234.4,6237.4,6234.4,6237.4,24
1784880420,6238.4,6238.4,6237.4,6238.4,14
1784880480,6238.9,6240.4,6237.4,6240.4,40
1784880540,6241.4,6242.4,6240.4,6240.9,26
1784880600,6241.4,6242.4,6239.4,6239.4,16
1784880660,6238.9,6239.4,6237.4,6237.4,38
1784880720,6237.9,6237.9,6233.9,6235.4,38
1784880780,6235.9,6239.4,6235.9,6239.4,18
1784880840,6238.4,6238.4,6237.4,6237.4,4
1784880900,6238.4,6239.4,6237.4,6238.4,48
1784880960,6237.4,6243.4,6237.4,6243.4,32
1784881020,6242.4,6242.4,6240.4,6240.4,6
1784881080,6241.4,6241.4,6236.9,6237.4,34
1784881140,6238.4,6240.4,6237.4,6240.4,38
1784881200,6239.4,6241.9,6239.4,6241.9,18
1784881260,6241.4,6242.4,6240.9,6241.4,20
1784881320,6242.4,6243.4,6241.4,6242.9,36
1784881380,6242.4,6243.4,6241.4,6242.4,12
1784881440,6242.9,6244.4,6241.4,6244.4,24
1784881500,6245.4,6245.4,6242.4,6244.4,16
1784881560,6243.9,6248.4,6243.9,6247.4,22
1784881620,6248.4,6248.4,6247.4,6247.4,18
1784881680,6248.4,6248.4,6247.4,6248.4,22
1784881740,6249.4,6252.4,6249.4,6251.9,40
1784881800,6250.9,6254.9,6250.9,6254.9,18
1784881860,6253.9,6257.9,6253.9,6256.9,28
1784881920,6255.9,6257.9,6255.9,6257.9,20
1784881980,6257.4,6258.9,6256.9,6257.9,18
1784882040,6256.9,6258.9,6256.9,6256.9,20
1784882100,6257.4,6257.9,6254.9,6255.9,20
1784882160,6256.4,6256.9,6255.9,6256.9,12
1784882220,6257.9,6259.9,6257.9,6258.9,14
1784882280,6257.9,6258.9,6257.9,6258.9,22
1784882340,6259.9,6259.9,6257.9,6257.9,34
1784882400,6258.9,6259.9,6257.9,6257.9,24
1784882460,6256.9,6256.9,6255.9,6256.9,28
1784882520,6256.4,6256.9,6253.9,6253.9,16
1784882580,6254.4,6254.4,6250.9,6251.9,26
1784882640,6252.9,6253.9,6252.9,6252.9,6
1784882700,6253.9,6255.9,6253.9,6255.9,14
1784882760,6254.9,6256.4,6254.9,6255.9,12
1784882820,6254.9,6256.9,6254.9,6254.9,14
1784882880,6253.9,6253.9,6250.9,6250.9,24
1784882940,6251.9,6252.9,6250.9,6252.9,16
1784883000,6251.9,6254.9,6251.9,6252.9,20
1784883060,6253.9,6254.9,6253.9,6254.9,8
1784883120,6253.9,6253.9,6251.9,6252.9,20
1784883180,6253.9,6253.9,6249.9,6249.9,24
1784883240,6250.4,6250.9,6248.9,6250.9,28
1784883300,6249.9,6251.9,6249.9,6251.9,32
1784883360,6251.4,6251.9,6249.9,6250.9,30
1784883420,6249.9,6251.9,6249.9,6250.9,14
1784883480,6251.4,6251.9,6249.9,6250.9,26
1784883540,6250.4,6252.4,6250.4,6251.9,14
1784883600,6252.9,6252.9,6249.9,6249.9,38
1784883660,6250.9,6250.9,6248.9,6250.9,28
1784883720,6251.9,6254.9,6249.9,6254.9,30
1784883780,6254.4,6255.9,6252.9,6255.9,28
1784883840,6254.9,6255.9,6253.9,6254.9,20
1784883900,6255.9,6256.9,6254.9,6254.9,14
1784883960,6255.4,6256.9,6253.9,6256.9,26
1784884020,6257.4,6258.9,6256.9,6257.9,24
1784884080,6256.9,6257.9,6256.9,6256.9,20
1784884140,6257.4,6261.9,6257.4,6260.9,42
1784884200,6261.9,6261.9,6260.9,6261.9,14
1784884260,6260.9,6261.9,6259.9,6260.9,20
1784884320,6261.9,6261.9,6258.9,6259.9,22
1784884380,6258.9,6259.9,6257.9,6258.9,10
1784884440,6257.9,6258.9,6255.9,6258.9,20
1784884500,6258.4,6259.9,6256.9,6256.9,48
1784884560,6257.4,6258.9,6256.9,6258.9,14
1784884620,6259.9,6260.9,6258.4,6258.9,16
1784884680,6258.4,6258.9,6255.9,6255.9,28
1784884740,6255.4,6257.4,6253.9,6256.9,28
1784884800,6255.9,6256.9,6254.9,6255.9,48
1784884860,6256.9,6260.9,6256.9,6260.9,26
1784884920,6260.4,6260.4,6258.9,6258.9,16
1784884980,6259.9,6259.9,6258.9,6259.9,14
1784885040,6258.9,6259.9,6258.9,6259.9,4
1784885100,6259.4,6260.9,6258.9,6259.9,26
1784885160,6258.9,6258.9,6257.9,6258.9,10
1784885220,6257.9,6258.9,6256.9,6257.9,12
1784885280,6256.9,6257.9,6256.9,6257.4,20
1784885340,6256.9,6257.9,6256.9,6256.9,16
1784885400,6257.9,6257.9,6254.9,6256.9,42
1784885460,6257.4,6258.9,6256.9,6258.9,38
1784885520,6257.9,6260.4,6257.9,6260.4,18
1784885580,6259.9,6261.9,6259.9,6260.9,24
1784885640,6261.9,6261.9,6260.9,6260.9,18
1784885700,6261.9,6262.9,6260.9,6260.9,30
1784885760,6261.4,6261.9,6260.9,6261.9,14
1784885820,6260.9,6261.9,6260.9,6261.9,8
1784885880,6262.4,6262.9,6261.4,6262.4,32
1784885940,6262.9,6263.9,6262.4,6263.9,12
1784886000,6264.9,6264.9,6262.9,6262.9,16
1784886060,6263.9,6263.9,6261.9,6261.9,20
1784886120,6262.9,6262.9,6260.9,6261.9,42
1784886180,6262.4,6263.9,6262.4,6262.9,26
1784886240,6263.4,6263.9,6262.9,6262.9,6
1784886300,6263.9,6264.9,6263.9,6263.9,32
1784886360,6262.9,6263.9,6262.9,6263.9,4
1784886420,6264.9,6265.9,6263.9,6263.9,12
1784886480,6264.4,6264.9,6262.9,6262.9,22
1784886540,6263.9,6264.9,6261.9,6261.9,30
1784886600,6262.9,6264.9,6262.9,6263.9,10
1784886660,6264.4,6265.9,6261.9,6261.9,28
1784886720,6262.4,6263.9,6261.9,6262.9,30
1784886780,6263.9,6263.9,6262.9,6262.9,4
1784886840,6261.9,6262.9,6261.9,6262.9,8
1784886900,6261.9,6263.9,6261.9,6263.9,10
1784886960,6264.4,6265.4,6263.9,6264.9,14
1784887020,6263.9,6265.9,6263.9,6264.9,26
1784887080,6265.9,6265.9,6264.9,6265.4,6
1784887140,6264.9,6265.9,6261.9,6262.9,30
1784887200,6263.4,6263.9,6261.9,6262.9,14
1784887260,6261.9,6262.9,6261.9,6261.9,16
1784887320,6261.4,6261.9,6260.9,6260.9,12
1784887380,6261.9,6261.9,6260.9,6261.9,14
1784887440,6260.9,6260.9,6260.9,6260.9,2
1784887500,6259.9,6260.9,6259.9,6259.9,10
1784887560,6260.9,6262.9,6260.9,6261.9,22
1784887620,6260.9,6261.9,6260.9,6260.9,8
1784887680,6260.4,6260.9,6257.9,6258.9,16
1784887740,6257.9,6258.9,6257.9,6257.9,36
1784887800,6258.9,6258.9,6254.9,6254.9,10
1784887860,6255.9,6255.9,6254.9,6255.9,14
1784887920,6254.9,6254.9,6253.9,6254.9,14
1784887980,6253.9,6254.9,6253.9,6253.9,12
1784888040,6252.9,6254.9,6251.9,6254.9,10
1784888100,6253.9,6254.9,6253.9,6253.9,8
1784888160,6254.9,6254.9,6252.9,6252.9,22
1784888220,6253.9,6254.9,6252.9,6254.9,12
1784888280,6253.9,6253.9,6252.9,6253.9,6
1784888340,6252.9,6253.9,6252.9,6253.9,4
1784888400,6252.9,6253.9,6252.4,6252.9,12
1784888460,6251.9,6253.9,6251.9,6252.9,10
1784888520,6253.4,6253.9,6251.9,6252.9,20
1784888580,6253.9,6254.9,6253.9,6254.9,4
1784888640,6253.9,6254.9,6253.9,6253.9,18
1784888700,6252.9,6253.9,6251.9,6252.9,28
1784888760,6253.9,6253.9,6252.9,6253.9,6
1784888820,6254.9,6255.9,6254.9,6255.9,4
1784888880,6256.9,6256.9,6256.9,6256.9,2
1784888940,6257.4,6257.9,6256.9,6257.9,16
1784889000,6258.4,6258.9,6258.4,6258.9,4
1784889060,6259.9,6260.9,6259.9,6260.9,4
1784889120,6259.9,6260.9,6258.9,6259.9,18
1784889180,6260.9,6261.9,6259.9,6259.9,16
1784889240,6259.4,6259.4,6255.9,6255.9,18
1784889300,6254.9,6255.9,6253.9,6254.9,16
1784889360,6255.4,6255.9,6253.9,6253.9,20
1784889420,6254.9,6255.9,6253.9,6255.9,34
1784889480,6254.9,6255.9,6254.9,6255.9,10
1784889540,6254.9,6255.9,6254.9,6255.9,8
1784889600,6256.9,6256.9,6255.9,6255.9,8
1784889660,6256.4,6257.4,6255.9,6256.9,14
1784889720,6255.9,6255.9,6253.9,6254.9,20
1784889780,6255.4,6255.9,6254.9,6255.9,20
1784889840,6256.9,6256.9,6255.9,6256.9,6
1784889900,6257.4,6257.9,6256.9,6257.9,16
1784889960,6256.9,6258.9,6256.9,6258.9,12
1784890020,6257.9,6258.9,6257.9,6257.9,18
1784890080,6258.9,6259.9,6258.9,6259.9,4
1784890140,6259.4,6259.4,6258.9,6258.9,4
1784890200,6259.9,6259.9,6258.9,6258.9,4
1784890260,6258.4,6258.9,6256.9,6256.9,20
1784890320,6255.9,6255.9,6255.9,6255.9,2
1784890380,6254.9,6255.9,6254.9,6255.9,22
1784890440,6254.9,6255.9,6254.9,6254.9,18
1784890500,6255.9,6255.9,6254.9,6254.9,4
1784890560,6255.9,6256.9,6254.9,6256.4,28
1784890620,6255.9,6256.9,6255.9,6256.9,20
1784890680,6256.4,6257.9,6255.9,6256.9,16
1784890740,6255.9,6255.9,6254.9,6254.9,14
1784890800,6255.9,6255.9,6254.9,6254.9,12
1784890860,6255.9,6256.9,6253.9,6256.9,34
1784890920,6257.9,6257.9,6255.9,6255.9,18
1784890980,6256.9,6256.9,6255.9,6256.9,8
1784891040,6256.4,6256.9,6253.9,6253.9,14
1784891100,6254.9,6255.9,6253.9,6254.9,42
1784891160,6255.4,6255.9,6253.9,6253.9,8
1784891220,6254.4,6254.4,6250.4,6250.9,26
1784891280,6250.4,6250.4,6248.9,6248.9,14
1784891340,6247.9,6249.9,6247.4,6247.9,14
1784891400,6248.9,6248.9,6247.9,6248.9,14
1784891460,6249.9,6250.9,6249.9,6250.9,4
1784891520,6251.4,6251.9,6250.9,6250.9,38
1784891640,6251.9,6251.9,6249.9,6251.4,16
1784891700,6250.9,6251.4,6249.9,6249.9,34
1784891760,6248.9,6250.9,6248.9,6250.9,6
1784891880,6250.4,6251.9,6250.4,6251.9,10
1784891940,6250.9,6251.9,6249.9,6249.9,12
1784892000,6248.9,6249.9,6248.9,6249.9,4
1784892060,6248.9,6248.9,6246.9,6246.9,16
1784892120,6247.9,6248.9,6246.9,6248.9,10
1784892240,6247.9,6249.4,6247.9,6248.9,10
1784892300,6247.9,6248.9,6246.9,6246.9,10
1784892360,6247.9,6247.9,6244.9,6244.9,20
1784892420,6245.9,6246.9,6244.9,6244.9,16
1784892480,6245.9,6245.9,6244.9,6245.4,14
1784892540,6244.9,6247.9,6244.9,6247.9,26
1784892600,6247.4,6248.9,6246.9,6248.9,18
1784892660,6249.9,6249.9,6247.9,6247.9,16
1784892720,6248.9,6249.9,6247.9,6249.9,8
1784892780,6248.9,6249.9,6247.9,6249.9,20
1784892840,6248.9,6250.9,6248.9,6249.4,18
1784892900,6248.9,6249.9,6246.9,6246.9,24
1784892960,6246.4,6248.9,6246.4,6248.9,20
1784893020,6248.4,6248.4,6243.9,6243.9,20
1784893080,6244.9,6244.9,6242.9,6242.9,34
1784893140,6243.4,6243.9,6242.9,6242.9,8
1784893200,6241.9,6242.9,6240.9,6241.9,32
1784893260,6241.4,6241.9,6240.9,6241.9,8
1784893320,6242.9,6242.9,6240.9,6242.9,10
1784893380,6243.9,6245.9,6242.9,6245.9,10
1784893440,6243.9,6244.9,6243.9,6244.9,10
1784893500,6243.9,6247.9,6243.9,6246.9,28
1784893560,6245.9,6246.9,6245.9,6246.9,24
1784893620,6245.9,6246.4,6243.9,6243.9,10
1784893680,6244.9,6245.9,6244.9,6244.9,12
1784893740,6243.9,6244.9,6243.9,6243.9,20
1784893800,6242.9,6243.9,6241.9,6241.9,20
1784893860,6242.9,6245.4,6242.9,6244.9,16
1784893920,6243.9,6244.9,6243.9,6244.9,4
1784893980,6243.9,6244.9,6243.9,6244.4,16
1784894040,6243.9,6246.9,6243.9,6246.9,26
1784894100,6247.9,6247.9,6245.9,6246.9,12
1784894160,6245.9,6246.4,6245.9,6245.9,10
1784894220,6244.9,6247.4,6244.9,6246.9,18
1784894280,6247.9,6257.4,6246.9,6257.4,68
1784894340,6256.9,6260.4,6255.9,6255.9,102
1784894400,6256.9,6256.9,6252.9,6253.9,80
1784894460,6253.4,6253.9,6251.9,6252.9,60
1784894520,6251.9,6252.9,6249.9,6251.9,36
1784894580,6252.4,6253.9,6251.9,6252.9,42
1784894640,6251.9,6252.9,6251.9,6252.4,32
1784894700,6252.9,6252.9,6249.9,6250.9,28
1784894760,6251.4,6252.9,6250.9,6252.9,8
1784894820,6253.9,6255.9,6253.9,6255.9,34
1784894880,6255.4,6255.9,6254.9,6254.9,14
1784894940,6255.9,6258.9,6255.9,6257.9,14
1784895000,6258.9,6258.9,6258.9,6258.9,2
1784895060,6259.9,6259.9,6259.9,6259.9,2
1784895120,6258.9,6258.9,6257.9,6258.9,12
1784895180,6259.4,6259.4,6256.9,6257.9,18
1784895240,6258.9,6260.9,6258.4,6258.9,32
1784895300,6259.4,6259.9,6257.9,6258.9,18
1784895360,6259.4,6261.4,6258.9,6260.9,16
1784895420,6261.9,6261.9,6260.9,6260.9,16
1784895480,6261.9,6262.9,6260.9,6261.9,10
1784895540,6262.4,6262.4,6257.9,6258.9,14
1784895600,6257.9,6257.9,6256.9,6256.9,18
1784895660,6257.9,6257.9,6255.9,6256.4,8
1784895720,6256.9,6256.9,6255.9,6256.9,10
1784895780,6255.9,6256.9,6255.4,6255.9,30
1784895840,6254.9,6257.4,6254.9,6256.9,24
1784895900,6255.9,6255.9,6250.9,6253.9,42
1784895960,6254.9,6255.9,6253.9,6254.9,18
1784896020,6255.4,6255.9,6253.9,6254.9,42
1784896080,6255.9,6256.9,6254.9,6255.9,10
1784896140,6256.9,6256.9,6254.9,6254.9,10
1784896200,6253.9,6254.4,6250.9,6253.9,34
1784896260,6254.9,6254.9,6254.9,6254.9,2
1784896320,6255.9,6256.9,6255.9,6256.9,6
1784896380,6255.9,6256.4,6255.9,6256.4,4
1784896440,6256.9,6256.9,6253.9,6253.9,16
1784896500,6254.9,6254.9,6253.9,6254.9,10
1784896560,6253.9,6254.9,6252.4,6252.9,20
1784896620,6253.9,6254.9,6252.9,6253.9,26
1784896680,6252.9,6254.9,6252.9,6254.9,18
1784896740,6255.9,6255.9,6253.9,6254.9,8
1784896800,6255.9,6255.9,6255.4,6255.4,4
1784896860,6254.9,6255.9,6252.9,6252.9,34
1784896920,6253.9,6253.9,6251.9,6251.9,10
1784896980,6250.9,6252.4,6250.9,6251.9,8
1784897040,6250.9,6251.9,6250.9,6251.9,4
1784897100,6252.9,6252.9,6251.9,6252.9,6
1784897160,6251.9,6251.9,6249.9,6250.9,10
1784897220,6249.9,6249.9,6247.9,6249.9,16
1784897280,6250.9,6250.9,6249.9,6250.9,10
1784897340,6250.4,6250.9,6249.9,6249.9,10
1784897400,6250.4,6250.9,6248.9,6248.9,8
1784897460,6249.9,6249.9,6248.9,6248.9,14
1784897520,6247.9,6247.9,6246.9,6246.9,18
1784897580,6247.4,6247.4,6245.9,6245.9,10
1784897640,6244.9,6245.9,6244.9,6245.9,8
1784897700,6246.9,6246.9,6243.9,6243.9,16
1784897760,6242.9,6244.4,6242.9,6242.9,10
1784897820,6241.9,6243.9,6241.9,6243.9,24
1784897880,6244.9,6244.9,6242.9,6243.9,12
1784897940,6242.9,6243.9,6242.9,6243.9,16
1784898000,6244.9,6247.9,6244.9,6247.9,30
1784898060,6246.9,6247.9,6246.9,6247.9,4
1784898120,6248.9,6250.9,6247.9,6250.9,10
1784898180,6249.9,6249.9,6247.9,6247.9,8
1784898240,6248.9,6249.9,6248.9,6248.9,8
1784898300,6247.9,6249.9,6247.9,6249.9,24
1784898360,6248.9,6249.9,6248.9,6249.9,6
1784898420,6248.9,6249.9,6247.4,6247.9,18
1784898480,6246.9,6248.9,6246.9,6248.9,6
1784898540,6249.9,6249.9,6247.9,6247.9,10
1784898600,6248.9,6250.9,6248.9,6250.9,14
1784898660,6251.9,6251.9,6250.9,6250.9,30
1784898720,6251.9,6251.9,6251.9,6251.9,2
1784898780,6252.9,6252.9,6251.9,6252.9,20
1784898840,6251.9,6252.9,6251.9,6252.9,10
1784898900,6251.9,6253.9,6251.9,6253.9,22
1784898960,6252.9,6254.9,6252.9,6253.9,8
1784899020,6254.4,6256.9,6253.9,6256.9,20
1784899080,6255.9,6256.9,6255.9,6255.9,6
1784899140,6254.9,6255.9,6254.9,6254.9,10
1784899200,6255.9,6255.9,6255.9,6255.9,2
1784899260,6256.4,6256.9,6255.9,6255.9,18
1784899320,6254.9,6254.9,6254.9,6254.9,2
1784899380,6255.9,6255.9,6254.9,6254.9,22
1784899440,6255.9,6256.9,6254.9,6256.9,16
1784899500,6257.9,6257.9,6254.9,6255.9,30
1784899560,6256.9,6256.9,6254.9,6255.9,30
1784899620,6256.9,6257.4,6255.9,6256.9,10
1784899680,6257.9,6257.9,6256.9,6257.9,14
1784899740,6256.9,6257.9,6256.9,6257.4,10
1784899800,6256.9,6257.9,6254.9,6255.9,50
1784899860,6254.9,6256.4,6252.9,6253.9,58
1784899920,6253.4,6256.9,6253.4,6254.9,28
1784899980,6254.4,6256.9,6254.4,6254.9,54
1784900040,6255.9,6255.9,6253.9,6254.9,18
1784900100,6253.9,6255.9,6253.9,6254.9,26
1784900160,6253.9,6255.9,6253.9,6255.9,36
1784900220,6256.4,6258.9,6255.9,6258.9,38
1784900280,6259.9,6260.9,6258.9,6259.9,24
1784900340,6259.4,6259.4,6255.9,6255.9,36
1784900400,6256.9,6256.9,6254.9,6255.9,42
1784900460,6254.9,6255.9,6252.9,6253.9,48
1784900520,6252.9,6253.9,6249.9,6251.9,42
1784900580,6250.9,6251.9,6249.9,6250.9,38
1784900640,6249.9,6252.9,6249.9,6252.9,32
1784900700,6252.4,6254.9,6250.9,6252.9,68
1784900760,6253.4,6253.9,6250.9,6253.9,32
1784900820,6254.9,6254.9,6251.9,6252.9,48
1784900880,6253.9,6256.4,6253.9,6255.9,34
1784900940,6256.4,6258.9,6255.9,6257.9,28
1784901000,6258.9,6258.9,6253.9,6254.9,48
1784901060,6254.4,6254.4,6250.9,6250.9,36
1784901120,6249.9,6250.9,6247.9,6249.9,58
1784901180,6248.9,6250.9,6248.9,6248.9,34
1784901240,6249.4,6250.9,6248.9,6248.9,28
1784901300,6247.9,6248.9,6245.9,6246.9,36
1784901360,6245.9,6245.9,6242.9,6242.9,28
1784901420,6241.9,6243.9,6241.9,6243.9,14
1784901480,6244.9,6247.9,6244.9,6246.9,28
1784901540,6247.9,6248.9,6245.9,6245.9,38
1784901600,6245.4,6249.9,6243.9,6249.9,48
1784901660,6250.9,6252.9,6249.9,6249.9,30
1784901720,6250.9,6254.9,6250.9,6252.9,44
1784901780,6252.4,6253.9,6250.9,6252.9,24
1784901840,6251.9,6252.9,6246.9,6246.9,32
1784901900,6247.9,6249.9,6246.9,6249.9,44
1784901960,6249.4,6249.9,6246.9,6247.4,44
1784902020,6247.9,6249.9,6246.9,6249.9,38
1784902080,6250.9,6253.9,6250.9,6252.9,56
1784902140,6253.4,6253.9,6250.9,6253.9,30
1784902200,6254.9,6254.9,6253.9,6254.9,16
1784902260,6253.9,6254.9,6252.9,6254.9,48
1784902320,6253.9,6254.9,6253.9,6253.9,16
1784902380,6254.9,6256.9,6253.9,6255.9,32
1784902440,6256.4,6258.9,6256.4,6256.9,16
1784902500,6257.9,6258.4,6254.9,6255.9,52
1784902560,6255.4,6255.9,6253.9,6254.9,50
1784902620,6253.9,6254.9,6250.9,6253.9,54
1784902680,6254.4,6254.9,6250.9,6252.4,36
1784902740,6251.9,6252.9,6250.9,6251.9,42
1784902800,6252.4,6252.4,6248.9,6249.9,42
1784902860,6250.9,6253.4,6249.4,6251.9,36
1784902920,6252.9,6252.9,6248.9,6250.4,54
1784902980,6249.9,6252.9,6249.9,6252.9,46
1784903040,6251.9,6252.9,6249.9,6251.9,38
1784903100,6250.9,6251.9,6249.9,6250.9,28
1784903160,6249.9,6253.9,6249.9,6253.9,52
1784903220,6252.9,6254.9,6249.9,6249.9,50
1784903280,6250.9,6251.9,6249.9,6250.9,16
1784903340,6251.9,6252.9,6250.9,6250.9,22
1784903400,6251.9,6251.9,6249.9,6250.9,20
1784903460,6251.9,6254.9,6251.9,6254.9,32
1784903520,6254.4,6254.9,6251.4,6251.4,60
1784903580,6251.9,6253.9,6250.9,6252.9,34
1784903640,6253.4,6253.9,6251.9,6251.9,18
1784903700,6252.9,6254.9,6251.9,6253.9,30
1784903760,6254.4,6254.4,6249.9,6249.9,28
1784903820,6250.9,6250.9,6248.9,6248.9,40
1784903880,6249.9,6250.9,6248.9,6248.9,12
1784903940,6249.9,6249.9,6246.9,6246.9,34
1784904000,6247.9,6250.9,6247.9,6250.9,18
1784904060,6249.9,6250.9,6247.4,6249.9,42
1784904120,6248.9,6248.9,6246.9,6247.9,58
1784904180,6248.4,6248.9,6246.9,6248.9,26
1784904240,6249.9,6249.9,6247.4,6247.9,38
1784904300,6246.9,6246.9,6242.9,6242.9,28
1784904360,6241.9,6247.9,6241.9,6247.9,52
1784904420,6246.9,6247.9,6244.4,6245.9,36
1784904480,6244.9,6246.9,6244.9,6245.9,32
1784904540,6246.4,6251.9,6245.9,6251.9,28
1784904600,6252.9,6253.9,6250.9,6251.9,28
1784904660,6250.9,6252.9,6250.9,6252.9,24
1784904720,6252.4,6252.9,6249.9,6249.9,40
1784904780,6250.9,6253.4,6249.9,6252.9,26
1784904840,6251.9,6252.9,6249.9,6250.9,48
1784904900,6251.9,6253.9,6251.9,6253.9,6
1784904960,6254.9,6255.9,6254.9,6255.9,22
1784905020,6256.9,6259.9,6256.9,6259.9,28
1784905080,6258.9,6259.4,6258.9,6258.9,6
1784905140,6257.9,6258.9,6256.9,6257.9,14
1784905200,6258.4,6259.9,6256.9,6258.9,32
1784905260,6257.9,6257.9,6255.9,6255.9,28
1784905320,6256.9,6256.9,6254.9,6255.9,20
1784905380,6254.9,6255.9,6254.9,6255.9,4
1784905440,6256.9,6256.9,6255.9,6255.9,4
1784905500,6254.9,6256.9,6254.9,6256.9,14
1784905560,6255.9,6256.9,6254.9,6254.9,38
1784905620,6253.9,6254.4,6253.9,6253.9,6
1784905680,6254.9,6255.9,6253.9,6254.9,28
1784905740,6253.9,6254.9,6251.9,6251.9,18
1784905800,6252.9,6262.4,6252.9,6260.4,64
1784905860,6259.9,6268.9,6259.9,6261.9,90
1784905920,6260.9,6262.9,6260.9,6260.9,60
1784905980,6261.9,6261.9,6260.4,6261.9,42
1784906040,6261.4,6270.9,6261.4,6268.9,60
1784906100,6268.4,6274.9,6267.9,6273.9,146
1784906160,6272.9,6273.9,6270.9,6270.9,64
1784906220,6271.9,6272.9,6270.4,6270.9,50
1784906280,6271.9,6272.9,6269.9,6270.9,46
1784906340,6271.9,6272.9,6269.4,6269.9,62
1784906400,6270.9,6273.9,6270.9,6271.9,60
1784906460,6271.4,6273.9,6270.9,6273.9,40
1784906520,6272.9,6273.9,6271.9,6272.9,26
1784906580,6273.9,6273.9,6272.9,6273.9,10
1784906640,6272.9,6273.9,6271.9,6271.9,24
1784906700,6272.9,6275.9,6272.9,6274.9,22
1784906760,6275.9,6276.9,6275.9,6275.9,10
1784906820,6276.9,6278.9,6275.9,6277.9,16
1784906880,6278.9,6279.9,6277.9,6278.9,22
1784906940,6279.9,6281.9,6278.9,6281.9,44
1784907000,6280.9,6280.9,6278.9,6279.9,68
1784907060,6280.9,6283.9,6280.9,6281.9,24
1784907120,6282.9,6282.9,6278.9,6279.9,20
1784907180,6278.9,6279.9,6277.9,6277.9,22
1784907240,6278.9,6282.9,6278.9,6280.9,44
1784907300,6279.9,6281.9,6278.9,6281.9,68
1784907360,6280.9,6284.9,6280.9,6284.9,26
1784907420,6283.9,6287.9,6283.9,6286.9,24
1784907480,6287.9,6287.9,6285.9,6287.9,78
1784907540,6288.9,6288.9,6287.9,6287.9,8
1784907600,6288.9,6289.9,6287.9,6289.9,14
1784907660,6288.9,6290.9,6286.9,6288.9,40
1784907720,6287.9,6288.9,6285.9,6286.9,32
1784907780,6287.9,6287.9,6284.9,6285.9,22
1784907840,6286.9,6287.9,6286.4,6286.9,30
1784907900,6287.4,6288.9,6286.9,6286.9,28
1784907960,6285.9,6286.9,6285.9,6285.9,36
1784908020,6284.9,6286.9,6283.9,6284.9,22
1784908080,6283.9,6284.9,6283.9,6284.9,8
1784908140,6283.9,6283.9,6283.4,6283.9,6
1784908200,6282.9,6284.9,6282.9,6284.9,28
1784908260,6285.9,6285.9,6283.9,6283.9,6
1784908320,6284.9,6284.9,6282.9,6282.9,14
1784908380,6283.9,6285.9,6282.9,6285.9,20
1784908440,6286.9,6286.9,6285.9,6285.9,18
1784908500,6286.9,6286.9,6284.9,6285.9,30
1784908560,6286.9,6288.9,6286.9,6288.9,20
1784908620,6288.4,6288.9,6287.9,6287.9,24
1784908680,6286.9,6288.9,6286.9,6288.9,16
1784908740,6287.9,6288.9,6287.9,6288.9,4
1784908800,6287.9,6288.9,6287.9,6287.9,14
1784908860,6288.4,6288.9,6287.9,6288.9,10
1784908920,6287.9,6288.9,6287.9,6288.9,6
1784908980,6289.9,6289.9,6288.9,6289.9,22
1784909040,6290.9,6291.9,6290.9,6291.9,4
1784909100,6290.9,6291.9,6289.9,6289.9,10
1784909160,6290.4,6290.4,6289.9,6289.9,8
1784909220,6290.9,6291.9,6290.9,6291.9,10
1784909280,6291.4,6292.9,6290.9,6291.9,32
1784909340,6292.4,6292.9,6291.9,6291.9,18
1784909400,6292.9,6292.9,6291.9,6292.9,6
1784909460,6291.9,6292.9,6291.9,6292.9,14
1784909520,6293.9,6293.9,6291.9,6291.9,20
1784909580,6290.9,6291.9,6289.9,6289.9,16
1784909640,6290.4,6290.9,6288.9,6289.9,24
1784909700,6289.4,6289.9,6287.9,6289.9,18
1784909760,6289.4,6289.9,6289.4,6289.9,8
1784909820,6289.4,6289.4,6288.4,6288.9,12
1784909880,6287.9,6288.9,6287.9,6288.9,14
1784909940,6289.9,6289.9,6288.9,6288.9,24
1784910000,6289.9,6290.9,6289.9,6290.9,14
1784910060,6290.4,6290.4,6288.9,6289.9,16
1784910120,6290.4,6290.9,6289.9,6290.9,8
1784910240,6289.9,6290.9,6289.9,6290.9,10
1784910360,6291.9,6291.9,6290.9,6291.9,6
1784910420,6291.4,6291.9,6290.9,6290.9,34
1784910480,6289.9,6290.9,6289.9,6289.9,16
1784910540,6289.4,6289.9,6288.9,6288.9,6
1784910600,6289.9,6289.9,6284.9,6285.9,40
1784910660,6286.9,6287.9,6285.9,6287.9,20
1784910720,6287.4,6287.9,6285.9,6286.9,30
1784910780,6285.9,6286.9,6285.9,6285.9,6
1784910840,6286.9,6286.9,6285.9,6286.9,6
1784910900,6285.9,6285.9,6285.9,6285.9,2
1784910960,6286.4,6286.9,6285.4,6285.9,14
1784911020,6284.9,6285.9,6284.9,6285.9,4
1784911080,6284.9,6284.9,6282.9,6282.9,6
1784911140,6283.4,6283.9,6282.9,6283.9,30
1784911200,6282.9,6282.9,6281.9,6282.9,6
1784911260,6281.9,6283.9,6280.9,6283.4,22
1784911320,6283.9,6283.9,6282.9,6283.9,18
1784911380,6284.4,6284.4,6282.9,6282.9,14
1784911440,6283.9,6283.9,6282.9,6282.9,20
1784911500,6283.4,6283.9,6282.9,6282.9,42
1784911560,6283.4,6283.4,6282.9,6282.9,16
1784911620,6281.9,6281.9,6280.9,6281.4,16
1784911680,6280.9,6280.9,6279.9,6279.9,12
1784911740,6280.4,6280.9,6278.9,6279.9,18
1784911800,6280.9,6280.9,6278.9,6279.9,8
1784911920,6278.9,6278.9,6278.9,6278.9,2
1784911980,6279.9,6279.9,6277.9,6278.9,18
1784912040,6279.4,6280.9,6278.9,6280.9,34
1784912100,6281.9,6282.9,6280.9,6281.9,46
1784912160,6282.4,6282.9,6281.9,6282.9,40
1784912220,6283.4,6284.9,6283.4,6283.9,22
1784912280,6284.4,6285.9,6284.4,6285.9,10
1784912340,6286.4,6286.9,6284.9,6284.9,14
1784912400,6285.9,6286.9,6284.9,6284.9,28
1784912460,6284.4,6284.9,6282.9,6283.9,16
1784912520,6282.9,6284.9,6282.9,6283.9,8
1784912580,6284.9,6284.9,6283.9,6284.9,6
1784912640,6283.9,6284.9,6283.9,6283.9,6
1784912700,6284.4,6285.9,6283.9,6285.9,8
1784912760,6281.4,6282.9,6271.9,6277.9,86
1784912820,6278.9,6278.9,6276.9,6276.9,22
1784912880,6275.9,6276.9,6273.9,6274.9,36
1784912940,6273.9,6274.9,6272.9,6272.9,46
1784913000,6271.9,6272.9,6270.9,6271.9,46
1784913060,6272.9,6274.9,6271.9,6273.9,26
1784913120,6274.4,6275.9,6273.9,6274.9,30
1784913180,6275.9,6275.9,6274.9,6275.9,12
1784913240,6276.4,6276.9,6275.9,6275.9,16
1784913300,6275.4,6276.9,6274.9,6275.9,22
1784913360,6276.4,6276.9,6275.9,6275.9,18
1784913420,6276.4,6278.9,6275.9,6278.9,44
1784913480,6278.4,6279.9,6277.9,6279.9,18
1784913540,6280.9,6280.9,6280.9,6280.9,2
1784913600,6279.9,6281.9,6279.9,6281.4,28
1784913660,6280.9,6282.9,6280.9,6281.9,10
1784913720,6281.4,6281.9,6279.9,6280.9,22
1784913780,6279.9,6280.9,6279.9,6279.9,18
1784913840,6280.4,6282.4,6280.4,6282.4,14
1784913900,6282.9,6282.9,6280.9,6282.9,20
1784913960,6283.9,6284.9,6282.9,6284.9,20
1784914020,6285.9,6286.9,6284.9,6286.4,14
1784914080,6285.9,6286.9,6285.9,6286.9,34
1784914140,6286.4,6286.9,6285.9,6286.9,50
1784914200,6285.9,6286.9,6285.9,6286.9,12
1784914260,6285.9,6286.9,6285.9,6286.9,14
1784914320,6285.9,6285.9,6284.9,6285.9,6
1784914380,6286.4,6286.9,6285.9,6286.9,26
1784914440,6287.4,6287.9,6287.4,6287.9,4
1784914500,6286.9,6287.9,6286.9,6287.9,4
1784914560,6286.9,6286.9,6286.4,6286.9,6
1784914620,6285.9,6286.9,6284.9,6284.9,30
1784914680,6285.9,6285.9,6284.9,6284.9,4
1784914740,6283.9,6283.9,6282.9,6282.9,4
1784914800,6281.9,6282.9,6281.9,6282.9,4
1784914860,6282.4,6282.9,6281.9,6282.9,28
1784914920,6281.9,6282.9,6281.9,6282.4,44
1784914980,6282.9,6282.9,6281.9,6281.9,8
1784915040,6282.4,6282.4,6279.9,6280.9,22
1784915100,6279.9,6280.9,6279.9,6280.9,34
1784915160,6281.9,6281.9,6281.9,6281.9,2
1784915220,6282.4,6282.9,6281.9,6281.9,6
1784915280,6280.9,6280.9,6279.9,6280.9,14
1784915340,6281.4,6282.9,6281.4,6282.9,16
1784915400,6281.9,6282.9,6281.9,6282.9,10
1784915460,6283.9,6283.9,6280.9,6280.9,20
1784915520,6280.4,6280.9,6280.4,6280.9,4
1784915580,6281.9,6281.9,6280.9,6281.9,12
1784915640,6280.9,6281.9,6280.9,6281.9,40
1784915700,6282.4,6282.9,6280.9,6280.9,10
1784915760,6281.4,6282.4,6280.9,6281.9,26
1784915820,6280.9,6281.9,6280.9,6280.9,10
1784915940,6279.9,6279.9,6279.9,6279.9,2
1784916000,6280.9,6280.9,6279.9,6280.9,26
1784916060,6281.9,6281.9,6279.9,6279.9,10
1784916120,6278.9,6279.9,6278.9,6279.9,4
1784916180,6278.9,6278.9,6278.9,6278.9,2
1784916240,6279.9,6279.9,6279.9,6279.9,2
1784916300,6278.9,6279.9,6278.9,6279.9,4
1784916360,6280.9,6280.9,6279.9,6280.9,6
1784916420,6281.9,6282.9,6280.9,6281.9,20
1784916480,6282.4,6282.9,6280.9,6280.9,10
1784916540,6281.9,6281.9,6280.9,6280.9,8
1784916600,6279.9,6279.9,6278.9,6279.4,12
1784916660,6278.9,6279.9,6278.9,6278.9,30
1784916720,6277.9,6278.9,6277.9,6278.9,12
1784916780,6277.9,6278.9,6277.9,6277.9,6
1784916840,6278.9,6278.9,6277.9,6277.9,8
1784916900,6276.9,6277.9,6276.9,6277.9,6
1784916960,6278.9,6278.9,6277.9,6277.9,8
1784917020,6278.9,6278.9,6277.9,6277.9,4
1784917080,6276.9,6277.9,6275.9,6276.9,10
1784917140,6275.9,6275.9,6274.9,6274.9,4
1784917200,6273.9,6274.9,6273.9,6273.9,6
1784917260,6272.9,6273.9,6272.9,6273.9,10
1784917320,6274.9,6274.9,6274.9,6274.9,2
1784917380,6275.9,6275.9,6274.9,6274.9,4
1784917440,6275.4,6275.9,6274.9,6274.9,8
1784917500,6274.4,6274.9,6271.9,6272.9,32
1784917560,6271.9,6272.9,6270.9,6271.9,16
1784917620,6272.9,6272.9,6271.9,6271.9,18
1784917680,6270.9,6271.9,6270.9,6270.9,18
1784917740,6271.4,6271.9,6268.9,6269.9,14
1784917800,6269.4,6269.9,6268.9,6269.9,8
1784917860,6269.4,6269.9,6266.9,6267.9,30
1784917920,6268.9,6269.4,6267.9,6267.9,8
1784917980,6268.4,6268.9,6265.9,6265.9,26
1784918040,6264.9,6264.9,6262.9,6263.9,18
1784918100,6264.4,6264.9,6261.9,6262.9,60
1784918160,6263.4,6266.9,6263.4,6263.9,40
1784918220,6264.9,6265.9,6264.9,6264.9,6
1784918280,6263.9,6267.9,6263.9,6266.9,24
1784918340,6265.9,6267.4,6263.9,6265.9,24
1784918400,6264.9,6264.9,6262.9,6262.9,14
1784918460,6263.9,6263.9,6261.9,6261.9,16
1784918520,6260.9,6262.9,6260.9,6261.9,16
1784918580,6262.4,6262.9,6260.9,6262.4,30
1784918640,6262.9,6262.9,6261.9,6261.9,28
1784918700,6262.4,6264.9,6262.4,6264.9,20
1784918760,6265.9,6266.9,6265.9,6265.9,12
1784918820,6266.4,6266.9,6265.9,6266.9,6
1784918880,6266.4,6266.9,6264.9,6264.9,20
1784918940,6265.4,6265.9,6264.9,6264.9,8
1784919000,6265.4,6265.9,6263.9,6264.9,20
1784919060,6264.4,6266.9,6263.9,6265.9,36
1784919120,6266.4,6266.9,6265.9,6266.4,34
1784919180,6266.9,6266.9,6265.9,6266.9,32
1784919240,6266.4,6266.4,6264.9,6264.9,30
1784919300,6265.4,6265.9,6264.9,6265.9,16
1784919360,6266.4,6267.9,6265.9,6267.9,16
1784919420,6266.9,6267.9,6266.9,6266.9,32
1784919480,6265.9,6266.9,6265.9,6266.4,42
1784919540,6265.9,6266.9,6265.9,6265.9,30
1784919600,6266.9,6266.9,6263.9,6264.9,40
1784919660,6265.9,6267.9,6265.9,6265.9,32
1784919720,6264.9,6265.9,6264.9,6264.9,22
1784919780,6263.9,6264.9,6263.9,6264.9,18
1784919840,6265.9,6265.9,6264.9,6265.9,40
1784919900,6265.4,6266.9,6264.9,6266.4,26
1784919960,6266.9,6266.9,6264.9,6264.9,26
1784920020,6263.9,6263.9,6262.9,6262.9,4
1784920080,6263.9,6263.9,6262.9,6262.9,24
1784920140,6262.4,6262.9,6260.9,6260.9,20
1784920200,6259.9,6261.9,6259.9,6259.9,12
1784920260,6260.9,6260.9,6258.9,6258.9,6
1784920320,6259.9,6259.9,6257.9,6257.9,18
1784920380,6256.9,6257.9,6256.9,6257.9,4
1784920440,6256.9,6256.9,6256.9,6256.9,2
1784920500,6255.9,6256.9,6255.9,6255.9,20
1784920560,6254.9,6256.9,6254.9,6256.9,20
1784920620,6257.9,6257.9,6257.9,6257.9,2
1784920680,6256.9,6257.9,6256.9,6257.9,16
1784920740,6258.9,6258.9,6257.9,6258.9,8
1784920800,6257.9,6258.9,6257.9,6258.9,16
1784920860,6259.9,6259.9,6258.9,6259.9,14
1784920920,6260.9,6260.9,6259.9,6259.9,4
1784920980,6258.9,6259.9,6258.9,6258.9,8
1784921040,6257.9,6258.9,6254.9,6255.4,34
1784921100,6255.9,6255.9,6254.9,6255.9,18
1784921160,6254.9,6255.9,6254.9,6255.9,4
1784921220,6256.9,6257.9,6256.4,6257.9,16
1784921280,6257.4,6258.9,6256.9,6258.9,14
1784921340,6259.9,6259.9,6256.9,6256.9,24
1784921400,6257.9,6257.9,6256.9,6256.9,36
1784921460,6257.9,6258.9,6256.9,6256.9,10
1784921520,6257.9,6258.9,6257.9,6258.9,14
1784921580,6259.9,6260.9,6258.4,6260.9,40
1784921640,6261.9,6261.9,6258.9,6258.9,16
1784921700,6258.4,6262.9,6257.9,6261.9,70
1784921760,6262.4,6262.4,6259.9,6259.9,26
1784921820,6260.4,6262.9,6259.9,6261.9,38
1784921880,6262.4,6262.9,6261.9,6262.9,12
1784921940,6263.9,6265.9,6263.9,6263.9,20
1784922000,6262.9,6264.9,6262.9,6263.9,34
1784922060,6262.9,6263.9,6262.9,6262.9,10
1784922180,6261.9,6263.9,6261.9,6263.9,14
1784922240,6264.9,6266.9,6263.9,6266.9,32
1784922300,6265.9,6266.9,6263.9,6263.9,10
1784922360,6262.9,6263.4,6262.9,6262.9,6
1784922420,6263.9,6264.9,6263.9,6263.9,6
1784922540,6264.4,6266.9,6264.4,6266.9,18
1784922600,6266.4,6266.9,6263.9,6263.9,62
1784922660,6262.9,6262.9,6261.9,6261.9,8
1784922720,6261.4,6261.9,6260.9,6261.9,28
1784922780,6262.9,6263.9,6262.9,6263.4,10
1784922840,6263.9,6266.9,6262.9,6265.9,38
1784922900,6266.9,6266.9,6263.9,6263.9,32
1784922960,6264.9,6265.9,6264.9,6265.9,4
1784923020,6266.9,6266.9,6264.9,6266.4,12
1784923080,6266.9,6266.9,6265.9,6265.9,16
1784923140,6265.4,6265.9,6263.9,6265.9,12
