time,open,high,low,close,Volume
1783893600,29749.6,29772.4,29748.4,29764.5,188
1783893660,29767.6,29773.4,29741.5,29748.9,266
1783893720,29750.4,29755,29732.2,29744,238
1783893780,29741.9,29744.9,29718.9,29720.7,226
1783893840,29720.5,29725.7,29702.5,29703.2,218
1783893900,29703,29713.5,29666.9,29669.6,254
1783893960,29670.2,29680.5,29659,29679.5,250
1783894020,29679.2,29696.6,29676.9,29692.5,222
1783894080,29692.9,29696.7,29682.5,29694.5,202
1783894140,29695.7,29695.9,29681.4,29681.4,182
1783894200,29681.6,29702.1,29679.9,29692.4,208
1783894260,29690.7,29691,29674.6,29680.9,200
1783894320,29680.7,29687.2,29653.6,29654.9,208
1783894380,29655.2,29666.9,29645.5,29666.6,218
1783894440,29667.7,29672.1,29649.6,29653.9,202
1783894500,29653.4,29675.7,29653.2,29662,202
1783894560,29661.9,29667.2,29651,29665.6,200
1783894620,29665.5,29667.2,29655.4,29660.7,164
1783894680,29662.1,29666.1,29651.6,29655.6,162
1783894740,29655.1,29660.1,29654.1,29657.5,144
1783894800,29656.6,29676.9,29656.6,29674.2,188
1783894860,29676.6,29676.6,29671.1,29672.1,148
1783894920,29672,29682.9,29671.6,29680,156
1783894980,29681.1,29681.1,29674.9,29677.9,168
1783895040,29670.1,29671.6,29664.4,29671.1,158
1783895100,29671.2,29672.1,29665.2,29672.1,140
1783895160,29671.9,29678,29671.5,29672,122
1783895220,29672.1,29673.7,29669.6,29670.2,136
1783895280,29670.6,29673.1,29665.7,29668.4,122
1783895340,29668.7,29675.7,29668.2,29674.5,126
1783895400,29675.4,29687.1,29675.4,29686.5,158
1783895460,29686.6,29687.6,29681.7,29684.9,128
1783895520,29685,29685.5,29679,29681.7,134
1783895580,29681.6,29683.5,29679.1,29681,130
1783895640,29680.9,29682,29678.4,29680.1,114
1783895700,29680,29686.7,29678.4,29683.6,124
1783895760,29683.4,29692.5,29681.1,29684.2,158
1783895820,29684,29684.1,29661.7,29666,182
1783895880,29665.7,29671.2,29665.7,29670.4,116
1783895940,29670.5,29684.4,29662.7,29680.5,172
1783896000,29680.6,29681.1,29665.5,29670.6,120
1783896060,29670.5,29674.2,29669,29671.1,84
1783896120,29670.9,29675.9,29670.5,29674.9,78
1783896180,29675.1,29679.2,29673.9,29679,94
1783896240,29678.9,29686.6,29677.9,29683.5,126
1783896300,29682.9,29684.5,29678.6,29679.7,116
1783896360,29679.5,29680.4,29670,29676,94
1783896420,29675.1,29682.5,29675.1,29679.2,86
1783896480,29679.9,29679.9,29662,29663.6,108
1783896540,29663.5,29669.7,29663.5,29667,150
1783896600,29667.2,29670.6,29667.2,29669.4,132
1783896660,29669.5,29672,29667.1,29671.2,136
1783896720,29671.1,29679.1,29671,29678.2,122
1783896780,29678.6,29679.1,29676.4,29677.6,110
1783896840,29677.7,29679.6,29675.7,29677.7,128
1783896900,29677.5,29695.2,29676.6,29693.5,140
1783896960,29692.5,29699.4,29691.4,29697.5,172
1783897020,29697.7,29701.9,29697.7,29700.2,144
1783897080,29700.1,29702.4,29699.1,29700.7,148
1783897140,29701,29702,29698.4,29698.6,146
1783897200,29698.5,29699.1,29673.7,29674,208
1783897260,29674.9,29685.9,29673.7,29673.9,164
1783897320,29674.9,29687,29673.1,29686.9,172
1783897380,29687,29689.5,29681.7,29681.9,150
1783897440,29682.7,29683.9,29676.6,29683.6,140
1783897500,29683.4,29692.7,29683.1,29683.6,138
1783897560,29683.4,29691.2,29682.4,29687.9,140
1783897620,29687.7,29687.9,29681.4,29684.5,116
1783897680,29684.4,29686.6,29677.9,29679.6,136
1783897740,29678.7,29679.7,29677.6,29679.4,130
1783897800,29679.1,29683.1,29679.1,29681.5,134
1783897860,29683.7,29684.9,29679.2,29681.1,132
1783897920,29680.4,29684.4,29680.4,29681.6,112
1783897980,29681.7,29685.5,29681.6,29684.4,126
1783898040,29684.1,29684.5,29673.7,29679.4,162
1783898100,29679.2,29680.5,29659.6,29659.6,230
1783898160,29660.4,29678.4,29660.4,29675,180
1783898220,29674,29681,29673.9,29677.2,143
1783898280,29677.1,29678.7,29674.9,29675.9,120
1783898340,29675.2,29679.1,29672.2,29677.4,140
1783898400,29677.5,29681.2,29672,29673.7,136
1783898460,29673.9,29676.5,29668,29674.1,144
1783898520,29673,29675.2,29665.9,29666.6,126
1783898580,29666.1,29670.4,29666.1,29669.4,120
1783898640,29669.2,29670.5,29668.6,29670.2,66
1783898700,29670.1,29672.6,29668,29671,74
1783898760,29670.6,29675.2,29668,29669.4,108
1783898820,29669.5,29673.4,29668.9,29670.1,94
1783898880,29670.7,29677.6,29668.5,29676.5,114
1783898940,29676.7,29679.6,29674.7,29677.4,118
1783899000,29677.2,29677.5,29673.1,29677.5,128
1783899060,29677.7,29679.6,29672.7,29675.6,140
1783899120,29676,29676.7,29671.2,29673,110
1783899180,29672.7,29673.4,29669.5,29671,122
1783899240,29671.2,29676.2,29670.5,29673.9,96
1783899300,29674,29676.5,29668.6,29671,108
1783899360,29669.4,29671,29664.3,29671,138
1783899420,29670.9,29671,29667.2,29670.2,116
1783899480,29670.6,29672,29666.5,29671,128
1783899540,29671.1,29681.1,29671,29678.7,150
1783899600,29678.6,29684.4,29678.4,29682,176
1783899660,29682.5,29686.2,29681,29682.1,124
1783899720,29682.5,29685.5,29682.5,29684.2,98
1783899780,29684.7,29685.7,29678.4,29681.2,106
1783899840,29681.1,29682,29677.2,29677.2,112
1783899900,29678.5,29678.9,29664.1,29668.5,262
1783899960,29668.4,29668.4,29640.5,29642,252
1783900020,29642.4,29657.7,29634.9,29652.9,233
1783900080,29653.1,29654.6,29645.4,29649.2,238
1783900140,29648.7,29654.9,29647.5,29652,206
1783900200,29651,29671.6,29649.2,29668.2,238
1783900260,29668.1,29682.9,29666.4,29682.9,204
1783900320,29682.7,29683.5,29665.4,29667.2,228
1783900380,29667.4,29671.1,29661.9,29665.6,210
1783900440,29665,29667.5,29659.8,29664,189
1783900500,29664.5,29666.6,29654.6,29663.1,208
1783900560,29662.7,29670.2,29662.7,29670.1,224
1783900620,29670.6,29679.9,29668.5,29676.4,206
1783900680,29676.1,29680.5,29671.7,29672.5,232
1783900740,29672.2,29681.9,29667.5,29681.4,242
1783900800,29680.7,29689,29660.4,29666.4,294
1783900860,29667,29700.2,29666.5,29691.1,290
1783900920,29691.6,29744.7,29691.1,29742.4,284
1783900980,29741.2,29751.9,29731.6,29747.1,300
1783901040,29747.2,29774,29743.9,29753.4,284
1783901100,29752.7,29766,29746,29754.5,296
1783901160,29755.1,29785.5,29745.2,29784,278
1783901220,29783.5,29794.7,29768.9,29768.9,278
1783901280,29769.7,29779.4,29761,29770.2,254
1783901340,29770.7,29790.1,29770.7,29783.1,262
1783901400,29784.4,29828.5,29784.4,29813.4,282
1783901460,29812.9,29822.2,29807.1,29810.9,273
1783901520,29808.6,29817.6,29803.1,29803.1,272
1783901580,29802.9,29804.7,29792,29801.7,262
1783901640,29801.9,29809.6,29795.4,29807.4,254
1783901700,29806.1,29818.2,29789.7,29799.4,277
1783901760,29798.1,29803.1,29787.6,29790.4,266
1783901820,29789.4,29789.9,29769.9,29769.9,266
1783901880,29769.6,29775.2,29757.9,29760.4,260
1783901940,29758,29763,29746.5,29762.2,272
1783902000,29763,29785.4,29759.1,29784,284
1783902060,29783.9,29789.4,29769.7,29778.9,266
1783902120,29779,29781.5,29768.6,29779.8,269
1783902180,29779.7,29801.2,29779.7,29791.9,264
1783902240,29792.4,29792.4,29773.5,29779.9,276
1783902300,29780.1,29787.6,29775.4,29786,270
1783902360,29784.9,29791.6,29780.1,29787.1,286
1783902420,29786.9,29789.1,29771.9,29773.2,264
1783902480,29772.2,29774.1,29760.4,29763.9,248
1783902540,29763.1,29766.1,29752.5,29755.7,242
1783902600,29756,29759.7,29747.6,29747.6,282
1783902660,29748.6,29748.6,29726.5,29732.4,282
1783902720,29733.7,29734.5,29725,29730.7,278
1783902780,29731.1,29732.2,29711.6,29718.6,284
1783902840,29719.1,29722.5,29700.4,29701,272
1783902900,29700.7,29715.7,29700.2,29708.5,268
1783902960,29708.7,29713.9,29701.7,29701.7,268
1783903020,29701.2,29702,29684.1,29690.1,246
1783903080,29690.2,29692.6,29679.4,29687.7,272
1783903140,29686.2,29690.2,29675,29682,268
1783903200,29680.6,29690.7,29672.6,29674.5,280
1783903260,29672.5,29675,29638.6,29660,282
1783903320,29659.5,29672.4,29659.5,29669.6,274
1783903380,29670.5,29678.5,29660,29663.2,286
1783903440,29663.1,29674.2,29659.4,29671.6,280
1783903500,29670.9,29686.1,29666.5,29684.9,270
1783903560,29685.9,29692.4,29674.7,29686.5,286
1783903620,29685.7,29687.9,29672.9,29675.7,260
1783903680,29676,29692.5,29675,29691.7,256
1783903740,29691.2,29692.2,29649.1,29649.7,280
1783903800,29650.4,29655.1,29637.6,29653.4,290
1783903860,29652.9,29657.5,29640.7,29643.7,266
1783903920,29644.1,29645.4,29598.4,29605,290
1783903980,29604.1,29618.1,29597.1,29618.1,292
1783904040,29617,29623.1,29612.5,29619.7,276
1783904100,29617.2,29630.2,29610.2,29628.9,270
1783904160,29629.5,29633.4,29616,29619.9,276
1783904220,29619.6,29624,29611,29618.1,258
1783904280,29618.9,29631.4,29615.9,29622.1,268
1783904340,29621.9,29626.9,29610.5,29622.9,262
1783904400,29626.2,29626.2,29598.5,29607.2,288
1783904460,29607.7,29626.5,29606.7,29613.1,284
1783904520,29615,29633.1,29613.7,29633.1,264
1783904580,29631.9,29638.6,29629,29630.2,264
1783904640,29630,29630,29597.6,29606.2,268
1783904700,29606.5,29613.1,29594.6,29607.1,288
1783904760,29607.4,29610,29595.7,29602.6,266
1783904820,29602.5,29610.2,29599.2,29610.2,278
1783904880,29609.4,29611.1,29594.2,29602.1,272
1783904940,29600.7,29614.7,29585.4,29585.7,286
1783905000,29585.6,29594.6,29578,29591.2,282
1783905060,29591.1,29604.7,29584.6,29588.2,274
1783905120,29588.4,29604.7,29578.7,29604.5,274
1783905180,29603.4,29607.1,29593,29600.7,260
1783905240,29601.5,29603.6,29594.9,29599.6,266
1783905300,29599.2,29631.4,29599.2,29631,264
1783905360,29629.2,29635.7,29617.1,29617.1,268
1783905420,29619,29621.2,29607.1,29613.9,284
1783905480,29614.7,29620.9,29607.4,29614,264
1783905540,29612.7,29621.6,29607.9,29616.1,260
1783905600,29615.5,29627.5,29613.2,29620.7,252
1783905660,29620.4,29624.9,29614.5,29615.2,258
1783905720,29614.6,29620.6,29610.9,29616.9,274
1783905780,29617.1,29620.5,29611.1,29612.4,264
1783905840,29611.9,29613.5,29599.1,29602.5,248
1783905900,29603.5,29607,29584.5,29594.5,266
1783905960,29594.7,29595,29581.7,29582.7,240
1783906020,29583.1,29594.9,29581.9,29586.9,252
1783906080,29586.6,29589,29577.7,29581,264
1783906140,29581.9,29598.5,29581.9,29597.1,244
1783906200,29595.9,29597.4,29581.9,29587,278
1783906260,29587.2,29597.4,29586.9,29592.6,280
1783906320,29591.6,29601.2,29578.1,29598.1,280
1783906380,29599.2,29605,29583.6,29585.2,284
1783906440,29584.6,29591.4,29581.1,29590.5,276
1783906500,29591,29600.1,29582.7,29600.1,282
1783906560,29598.5,29619,29595.2,29618.4,278
1783906620,29616.6,29622.6,29614.6,29619.7,278
1783906680,29619.2,29629.7,29617.9,29623.9,276
1783906740,29623.1,29629.9,29619.1,29625.1,284
1783906800,29624.1,29626.2,29612.4,29622.9,274
1783906860,29623,29628.7,29616.4,29624,282
1783906920,29623.2,29626.7,29606,29608.1,290
1783906980,29607.4,29616.2,29599.1,29601.5,268
1783907040,29600.9,29604.1,29591.7,29601.5,272
1783907100,29600.9,29601.4,29591.1,29593.9,280
1783907160,29594.1,29595.1,29578.7,29579.5,278
1783907220,29579.9,29588.4,29579.9,29584.7,282
1783907280,29583.1,29593.4,29564.6,29570.2,280
1783907340,29570.9,29585.6,29565,29565,270
1783907400,29564.5,29575,29562,29573.5,268
1783907460,29573.6,29573.6,29550.1,29552.4,272
1783907520,29553.1,29556.6,29545.5,29549,276
1783907580,29548.1,29548.9,29531.2,29540.1,290
1783907640,29539,29550.4,29532.5,29544.7,264
1783907700,29545.4,29550.2,29528.7,29531.2,270
1783907760,29530.2,29549.6,29526.2,29549.6,288
1783907820,29551.4,29556.6,29533.7,29538.7,294
1783907880,29538.9,29543.1,29531.9,29542.2,280
1783907940,29542.7,29558.4,29542.7,29549.4,284
1783908000,29549.7,29559.5,29523.9,29534.9,278
1783908060,29534.7,29537,29525.5,29533.9,258
1783908120,29533.7,29539.2,29517.6,29539.2,270
1783908180,29539.7,29550.7,29539.7,29544.4,276
1783908240,29543.7,29547,29528.5,29536.9,260
1783908300,29537.2,29559,29535.7,29544.6,278
1783908360,29544,29549.5,29535.7,29536.2,266
1783908420,29536.5,29540.6,29525.1,29532,270
1783908480,29531.6,29532.1,29517.2,29522.1,268
1783908540,29523.2,29539.2,29522.7,29531.5,264
1783908600,29530.2,29534.4,29519.5,29530.5,264
1783908660,29532.1,29535.5,29523.6,29524.4,260
1783908720,29523.7,29539.5,29523.7,29538.1,254
1783908780,29537.1,29552.6,29535.6,29551.2,240
1783908840,29551,29553.5,29534.7,29540.1,266
1783908900,29540.5,29556.1,29538.9,29555.9,238
1783908960,29556.7,29559.7,29544,29548.4,258
1783909020,29548.1,29550.5,29537.4,29538.4,278
1783909080,29539.1,29542.1,29533.5,29542,244
1783909140,29541.7,29562.7,29534.2,29560.4,264
1783909200,29560.5,29571.2,29556.1,29568.2,254
1783909260,29567.7,29581,29566.5,29580.4,244
1783909320,29580.5,29589.9,29575.9,29580.1,258
1783909380,29579.4,29584.9,29566.9,29575.6,234
1783909440,29575.7,29582.1,29570.2,29580,244
1783909500,29580.5,29595.4,29580.1,29588.6,246
1783909560,29588.5,29588.7,29577.4,29585.9,258
1783909620,29586.5,29592.1,29586.1,29587.7,254
1783909680,29587.6,29589.1,29581,29585.9,258
1783909740,29586.2,29596.1,29583.9,29586.2,232
1783909800,29585.7,29587.7,29569.1,29570.9,266
1783909860,29570.2,29576.9,29557.7,29559.1,260
1783909920,29559.4,29561.7,29550.7,29559.1,244
1783909980,29558.7,29567.9,29556.4,29565,250
1783910040,29565.5,29573.1,29562.4,29565,226
1783910100,29566.2,29574.5,29553.2,29554.2,250
1783910160,29554.5,29556.2,29544.9,29550.5,232
1783910220,29551.2,29554.7,29543.1,29544.5,244
1783910280,29545,29549.7,29542.6,29548.7,254
1783910340,29547.9,29558.6,29545.1,29548.2,248
1783910400,29547.1,29551.6,29541.1,29544,256
1783910460,29544.5,29549.2,29539.5,29544.9,240
1783910520,29544.1,29549.9,29535.1,29539.4,258
1783910580,29539.7,29548,29538.7,29542.2,238
1783910640,29542.1,29553.7,29541,29553.7,232
1783910700,29552.4,29555,29547.2,29553.1,218
1783910760,29552.2,29556.9,29541.5,29541.5,222
1783910820,29540.6,29543.4,29534.2,29539,238
1783910880,29539.2,29547.5,29536.9,29546.7,238
1783910940,29546.2,29553.5,29541.6,29553.5,246
1783911000,29554.7,29561.2,29551.7,29557.2,262
1783911060,29556.7,29557.2,29539.5,29539.5,254
1783911120,29539.2,29540,29530.7,29538.7,202
1783911180,29539.1,29541.4,29534.6,29537.5,210
1783911240,29537.4,29539.2,29524.6,29524.9,212
1783911300,29529.5,29537.2,29528.7,29531.2,230
1783911360,29528.5,29529.9,29524.5,29526.2,224
1783911420,29525.5,29525.5,29515.7,29520.2,218
1783911480,29520.9,29521.7,29514.4,29517.5,194
1783911540,29517.4,29518.5,29503.4,29504.9,210
1783911600,29505.2,29509.2,29501.1,29506.5,244
1783911660,29505.9,29509,29499.7,29506,236
1783911720,29505.4,29508.1,29496.7,29498.9,230
1783911780,29498.7,29502.6,29495.7,29500.7,220
1783911840,29501.2,29501.4,29493.9,29496.4,212
1783911900,29496.1,29502,29495.4,29499.9,236
1783911960,29499.7,29505.2,29494.4,29497.7,216
1783912020,29498.4,29498.4,29490,29496.6,234
1783912080,29497.7,29498.6,29487.7,29489.7,238
1783912140,29489.9,29489.9,29479.1,29484.2,232
1783912200,29484.7,29486,29479.4,29480.1,236
1783912260,29480,29486.2,29477.7,29485.4,248
1783912320,29485.1,29486.6,29478.4,29478.5,242
1783912380,29478.1,29483.4,29473.5,29482.6,216
1783912440,29483.2,29485,29479.7,29482,200
1783912500,29483.2,29485.9,29476.4,29479.4,244
1783912560,29478.9,29485.9,29475.6,29476.2,218
1783912620,29475.4,29480.9,29473.7,29475.5,200
1783912680,29474.9,29482.2,29471.7,29478,232
1783912740,29477.6,29490.5,29476,29490.5,226
1783912800,29489.2,29495.9,29483.7,29483.9,250
1783912860,29487.4,29487.9,29477.9,29480.4,240
1783912920,29480,29483.4,29478.4,29480,228
1783912980,29480.5,29485.9,29475.9,29482.2,210
1783913040,29482.7,29486.7,29480.7,29486.1,202
1783913100,29486.5,29494.5,29486.4,29491.7,206
1783913160,29491.6,29496.1,29490.6,29494.1,156
1783913220,29494.7,29497.7,29492.1,29497.4,186
1783913280,29497.6,29504,29495.1,29503.7,216
1783913340,29504.1,29505.6,29498,29498.1,218
1783913400,29497.2,29502.1,29487.6,29493.4,274
1783913460,29493.6,29495.9,29485.9,29487.2,236
1783913520,29487.1,29490.9,29485.9,29485.9,210
1783913580,29486.4,29486.4,29476.7,29477.7,216
1783913640,29478,29483.9,29478,29483.7,214
1783913700,29484.1,29485,29478.2,29478.2,186
1783913760,29478,29479.6,29472.7,29475.6,203
1783913820,29475.2,29490.1,29474.9,29487.9,216
1783913880,29488.1,29499.2,29485.7,29498.9,250
1783913940,29498.5,29504.4,29490.4,29495.4,260
1783914000,29496.6,29505.9,29496.6,29504.4,240
1783914060,29505.1,29512.7,29500.9,29511.5,260
1783914120,29511.2,29515.9,29504.6,29504.6,252
1783914180,29503.6,29505.9,29491.7,29492,236
1783914240,29491.9,29493,29481.1,29485.5,224
1783914300,29485.7,29492.5,29483.6,29489.6,248
1783914360,29489.9,29497,29486.2,29496.6,244
1783914420,29496.1,29500,29492.4,29492.7,246
1783914480,29492.6,29501.5,29488.2,29500.7,262
1783914540,29500.5,29510.5,29497.4,29509.1,258
1783914600,29509.9,29512.7,29502.7,29507.7,234
1783914660,29507.5,29508.7,29492.2,29492.7,228
1783914720,29494.2,29495.5,29489.2,29491.6,222
1783914780,29491.7,29497.9,29491.4,29497.4,208
1783914840,29497.2,29499,29494.6,29497.1,206
1783914900,29497.2,29501.2,29484.2,29486,222
1783914960,29485.6,29488,29484,29485.6,164
1783915020,29486.1,29488.4,29479,29479.7,204
1783915080,29479,29485.7,29479,29485.6,218
1783915140,29485.5,29486,29473,29476.7,192
1783915200,29477.4,29477.7,29457.6,29464.5,241
1783915260,29464.2,29464.2,29452.5,29454.5,232
1783915320,29454.9,29455.9,29447.6,29455.1,198
1783915380,29454.6,29454.6,29442.6,29448.4,234
1783915440,29448.7,29458.9,29447.7,29450.9,236
1783915500,29450.6,29453.5,29441.6,29443.9,234
1783915560,29444,29452.5,29443.5,29445.1,256
1783915620,29446.7,29450.9,29440.7,29449.1,260
1783915680,29448.9,29454.1,29445.2,29448.5,234
1783915740,29448.4,29454.1,29446.9,29446.9,228
1783915800,29448.1,29451.2,29439,29442.4,244
1783915860,29442.2,29452.6,29441,29448.4,230
1783915920,29449.1,29452.1,29444.6,29449.9,216
1783915980,29450.7,29456.1,29447,29448.4,228
1783916040,29448.6,29455.6,29445.6,29455.4,224
1783916100,29455.6,29456.5,29448.2,29453.9,224
1783916160,29454.1,29459.4,29450.1,29450.6,230
1783916220,29450.4,29458.9,29447.9,29458.5,238
1783916280,29458.6,29462,29455.7,29460.2,226
1783916340,29458.2,29464.1,29457,29461,238
1783916400,29461.2,29465.5,29456,29456.2,214
1783916460,29455.9,29455.9,29442.2,29452.1,224
1783916520,29450.9,29460.7,29449.6,29460.7,220
1783916580,29460.9,29460.9,29445.5,29446.6,222
1783916640,29445.7,29452.5,29444.2,29448,224
1783916700,29448.2,29448.9,29438.7,29442.6,238
1783916760,29442.7,29442.7,29433.5,29436.7,216
1783916820,29436.6,29439.2,29431.6,29432.6,220
1783916880,29432.7,29440.9,29427.2,29440.9,234
1783916940,29441.1,29442.4,29435.5,29440,186
1783917000,29440.1,29444.7,29436.1,29444.2,216
1783917060,29443.1,29443.5,29429.5,29431.7,196
1783917120,29431.6,29437.6,29430.4,29437.1,208
1783917180,29437.7,29438.9,29432.7,29434.5,188
1783917240,29434.4,29438.7,29427.1,29429.2,218
1783917300,29427.9,29429.5,29420.5,29420.9,194
1783917360,29420.7,29424.5,29417.9,29419.6,214
1783917420,29420.4,29425,29419,29422.7,212
1783917480,29422.2,29427.9,29421,29427,188
1783917540,29426.5,29428.4,29422.5,29424.5,198
1783917600,29424,29425.7,29417.6,29418.9,198
1783917660,29418.7,29419.7,29416.6,29418,194
1783917720,29418.4,29418.5,29411.7,29415,204
1783917780,29415.1,29418.2,29412.5,29413.1,178
1783917840,29413.2,29415.9,29411.7,29415.7,164
1783917900,29415.5,29417,29411.7,29414.9,200
1783917960,29415.6,29418,29413.5,29416.1,174
1783918020,29416.6,29419,29413.7,29415,182
1783918080,29415.4,29415.4,29409.6,29413.1,194
1783918140,29412.1,29415.6,29411.1,29414.1,173
1783918200,29414.4,29414.4,29407.5,29407.5,204
1783918260,29407.2,29409.5,29403.1,29403.1,182
1783918320,29402.6,29406.7,29402.6,29405.6,142
1783918380,29405.7,29407,29402.5,29405.5,164
1783918440,29405.7,29409.6,29403.7,29406.9,166
1783918500,29407,29409.7,29403.5,29408.2,170
1783918560,29407.4,29410.5,29407.2,29408.6,148
1783918620,29408.7,29413.5,29408.7,29413.5,162
1783918680,29413.6,29416.1,29412,29414,202
1783918740,29414.4,29424.6,29413.2,29415.1,240
1783918800,29415.5,29415.7,29394.5,29408.1,268
1783918860,29406.9,29413.7,29399.2,29413.7,268
1783918920,29414.1,29429.4,29413.5,29419.6,238
1783918980,29420,29428.5,29414.2,29416,250
1783919040,29415.9,29428.6,29415.1,29428.1,240
1783919100,29429.6,29438.1,29425.1,29433.1,256
1783919160,29433.7,29437.9,29422.6,29437.5,268
1783919220,29436.6,29443.4,29431.2,29442.4,254
1783919280,29442.1,29448.9,29440.7,29448,236
1783919340,29448.6,29462.5,29448.6,29460.6,248
1783919400,29460.9,29471.4,29456.4,29471.4,262
1783919460,29470.4,29479.4,29469.4,29470.1,251
1783919520,29471.1,29480.4,29468.1,29478.5,251
1783919580,29478.4,29480.4,29470.7,29470.9,244
1783919640,29469.9,29476.5,29465,29476.2,246
1783919700,29477.1,29477.1,29453.7,29453.7,272
1783919760,29454,29455.9,29441.1,29442.4,272
1783919820,29442,29445,29438.2,29444.7,238
1783919880,29444.6,29449.2,29437.5,29440,232
1783919940,29439.2,29443.7,29433.5,29436.1,242
1783920000,29436.6,29438.9,29421.7,29421.7,232
1783920060,29422.1,29425.4,29416.1,29422,219
1783920120,29421.6,29421.7,29405.5,29408.4,240
1783920180,29408.6,29409.1,29386.2,29390.2,272
1783920240,29392,29393.6,29384.7,29386,260
1783920300,29385,29392.9,29382.2,29382.6,268
1783920360,29382.5,29386,29377.7,29379.9,252
1783920420,29380.2,29382.1,29370.1,29373.2,240
1783920480,29373.4,29381.4,29371,29378.9,240
1783920540,29379.6,29380.7,29365.7,29373.4,250
1783920600,29373,29373.4,29335.7,29361.9,288
1783920660,29362.1,29370.4,29350.5,29352.5,280
1783920720,29352.1,29367.6,29351.2,29366.7,264
1783920780,29366.4,29383,29365.1,29380.1,272
1783920840,29380,29411,29379.7,29411,250
1783920900,29410.4,29427.6,29409.4,29422.2,284
1783920960,29422.8,29429.7,29418.9,29425.6,267
1783921020,29425.5,29432.6,29419,29427.4,274
1783921080,29427.5,29435.4,29421.4,29426.5,274
1783921140,29425.6,29443.6,29425.6,29442.5,252
1783921200,29442,29454.9,29440.7,29451.9,254
1783921260,29452.2,29457.6,29443.1,29457.6,266
1783921320,29457.7,29458.1,29434.1,29434.1,252
1783921380,29434,29434,29421.7,29425.5,246
1783921440,29424.7,29429,29418.4,29425,234
1783921500,29425.5,29429.4,29412.9,29429,232
1783921560,29428,29429,29413.5,29416.6,234
1783921620,29416.7,29416.7,29408.9,29412.2,252
1783921680,29411.7,29412.5,29402.7,29403.1,242
1783921740,29403.2,29421.4,29402.9,29421.1,264
1783921800,29422.4,29441.9,29421.9,29441.9,268
1783921860,29442.2,29454.2,29434.6,29435.7,264
1783921920,29436.4,29443.9,29434.6,29438.2,264
1783921980,29436.7,29440.7,29425,29425.1,276
1783922040,29425.5,29425.6,29415.7,29415.7,240
1783922100,29415.2,29422.2,29410.9,29420.9,240
1783922160,29420.5,29425.1,29415,29423,242
1783922220,29422.9,29426.5,29415,29415,238
1783922280,29417,29425.6,29414.9,29415.7,270
1783922340,29415.6,29438.4,29412.6,29438.4,250
1783922400,29439.4,29452.7,29439.1,29450.5,266
1783922460,29448.7,29453.9,29442.6,29451.2,264
1783922520,29451.6,29453.9,29446,29451.5,270
1783922580,29452.1,29452.1,29430.5,29433.5,266
1783922640,29434.6,29444.2,29427.2,29444.2,266
1783922700,29444,29448.1,29427,29427.9,268
1783922760,29428,29429,29413.2,29414.7,256
1783922820,29414.9,29427.4,29414.6,29417.5,258
1783922880,29417,29421.2,29410.4,29414.2,246
1783922940,29414,29415.5,29401.7,29402,236
1783923000,29402.5,29406.7,29396.9,29399.9,244
1783923060,29399.1,29399.2,29389.6,29393.4,242
1783923120,29391.9,29394,29379.5,29381.6,252
1783923180,29382,29384.7,29375.7,29378.1,248
1783923240,29378.9,29381.2,29374,29380.5,248
1783923300,29381.2,29394.4,29377.1,29387.2,264
1783923360,29386.7,29390,29383,29387,244
1783923420,29386.7,29392.7,29382.7,29386.1,244
1783923480,29386,29394.1,29382.4,29384.6,232
1783923540,29385.5,29393.4,29382.9,29391.7,218
1783923600,29391.4,29404.2,29388.9,29401.2,260
1783923660,29402.1,29404.9,29392.5,29398,252
1783923720,29398.7,29400.9,29391.2,29395.6,246
1783923780,29395,29400.5,29392.7,29399.6,246
1783923840,29400.1,29409.7,29398.7,29403.5,258
1783923900,29403.9,29423.5,29403.2,29421.4,258
1783923960,29420.2,29422.6,29413.7,29416.4,246
1783924020,29416.5,29416.7,29399.1,29401.2,248
1783924080,29402.4,29409.2,29397.9,29407.2,248
1783924140,29407.4,29418,29405,29417.4,258
1783924200,29419.1,29438.2,29419.1,29422.1,254
1783924260,29423.1,29425.2,29416,29423.4,224
1783924320,29423.7,29429.1,29404.4,29405.9,248
1783924380,29405.6,29418,29403.4,29414.2,240
1783924440,29414.1,29414.1,29402.4,29407.5,234
1783924500,29406.6,29411.4,29396.6,29399.6,224
1783924560,29398.5,29402,29395.1,29395.5,208
1783924620,29395.4,29400,29388.7,29388.7,222
1783924680,29389,29395.6,29387.2,29389.2,208
1783924740,29389.1,29404.2,29387.7,29401,188
1783924800,29401.4,29408.9,29400.1,29408.1,200
1783924860,29407.9,29409.5,29399.2,29407,184
1783924920,29407.5,29424.1,29406,29424.1,206
1783924980,29425.1,29428.2,29421.9,29425.5,200
1783925040,29426,29431.7,29423.5,29430.7,212
1783925100,29427.4,29428.7,29412.4,29413.9,224
1783925160,29413.6,29425,29412.1,29420,218
1783925220,29420.1,29434.7,29418.5,29434.1,206
1783925280,29435,29439.6,29424.5,29434.4,220
1783925340,29434.5,29434.7,29428.4,29432.2,204
1783925400,29432.1,29432.2,29424.9,29429.5,214
1783925460,29429.6,29433.7,29422.9,29431.4,204
1783925520,29431.2,29431.4,29422.2,29424.2,192
1783925580,29424.5,29425.5,29403.4,29404.7,192
1783925640,29405,29411.9,29401.9,29410.2,194
1783925700,29410.4,29412.9,29405,29412.6,192
1783925760,29411,29414.9,29400.2,29402.6,176
1783925820,29401.9,29409.5,29401.7,29405.9,170
1783925880,29406,29406,29402.1,29404.9,150
1783925940,29404.7,29420.6,29400.2,29419.2,206
1783926000,29422,29433.4,29396.9,29399.5,294
1783926060,29398.5,29414.5,29396,29414.5,272
1783926120,29411,29423,29408.6,29415.2,258
1783926180,29416.2,29436.5,29416.2,29435,256
1783926240,29434.6,29438.9,29429.7,29429.7,244
1783926300,29429.5,29435.9,29421.4,29434.2,252
1783926360,29434.1,29435.4,29420.7,29427.5,230
1783926420,29427.7,29430.6,29424.7,29426.4,242
1783926480,29426.2,29438.2,29424.6,29437.8,224
1783926540,29438,29454,29437,29450.2,218
1783926600,29449.5,29458.4,29445,29457.9,240
1783926660,29457.5,29459.7,29448.1,29454.6,218
1783926720,29455,29457.9,29449.2,29454,212
1783926780,29454.1,29457.2,29449.4,29451.5,218
1783926840,29452.1,29462.9,29450.6,29459.1,208
1783926900,29459.9,29463,29450.5,29456.1,224
1783926960,29455.7,29463,29445,29445.1,212
1783927020,29445.7,29445.7,29433.2,29436.2,238
1783927080,29437,29441.1,29432.5,29439.9,216
1783927140,29441.1,29443.7,29435.4,29435.7,204
1783927200,29435.9,29442.1,29433,29441.2,220
1783927260,29441.5,29446.9,29439.4,29446.9,216
1783927320,29446.2,29459.5,29444.7,29459.5,210
1783927380,29459.7,29465.5,29456.4,29464.5,188
1783927440,29466,29478,29461.7,29473.7,216
1783927500,29474.4,29474.4,29461.9,29467.9,212
1783927560,29468.5,29470.7,29460.2,29460.2,204
1783927620,29459.2,29465.5,29459.2,29464.2,176
1783927680,29464.1,29473,29463.4,29466.4,202
1783927740,29466,29466.7,29457.4,29460.2,206
1783927800,29459.2,29459.2,29436.9,29436.9,222
1783927860,29437.4,29444,29433,29439.2,218
1783927920,29439.4,29440.6,29435.9,29437,188
1783927980,29437.2,29440.4,29424.9,29426,210
1783928040,29425.7,29433.5,29424.7,29432,232
1783928100,29432.1,29437.2,29429.4,29432.4,230
1783928160,29432,29443.6,29431.1,29437.2,172
1783928220,29437,29449.9,29431.7,29447.7,210
1783928280,29448.4,29449.4,29440.9,29448.9,202
1783928340,29449.9,29452.1,29446,29448.7,204
1783928400,29449.6,29457.7,29449.6,29455.7,212
1783928460,29455.5,29456.5,29444.5,29445.1,196
1783928520,29445.7,29445.7,29437.1,29437.9,184
1783928580,29437.7,29448.7,29437.5,29445.2,172
1783928640,29444.9,29449.5,29443.6,29448.7,200
1783928700,29448.9,29451.2,29438.1,29442.6,188
1783928760,29442,29447.2,29436.7,29445,180
1783928820,29445.1,29450.5,29443.7,29446.1,208
1783928880,29446.6,29446.6,29434.5,29435.1,188
1783928940,29435.4,29438.1,29432,29436,188
1783929000,29435,29435,29426,29428.9,222
1783929060,29429.1,29435.7,29426.7,29435.7,206
1783929120,29435.9,29439.6,29432.9,29434.9,188
1783929180,29434.5,29436.2,29430.9,29433.6,182
1783929240,29433.4,29440.7,29432.9,29440.2,188
1783929300,29439.6,29446.7,29434.4,29437.2,192
1783929360,29436.4,29438.6,29426.5,29428.2,196
1783929420,29428.9,29435.4,29425.9,29433.2,190
1783929480,29433.6,29438,29429.7,29433.1,214
1783929540,29432.5,29440.6,29426.2,29440.6,194
1783929600,29445.4,29458.5,29436.6,29456.6,250
1783929660,29455.7,29464.6,29452.1,29457.4,254
1783929720,29457.5,29465.5,29452.7,29463.5,230
1783929780,29463.2,29466.2,29453.5,29465.4,254
1783929840,29464.1,29466.1,29458.2,29458.5,214
1783929900,29458.4,29463.4,29437.1,29456.4,258
1783929960,29454.5,29469.6,29452.1,29464.4,238
1783930020,29464.2,29474.5,29462.4,29466.9,248
1783930080,29464.7,29478.6,29461.9,29472.2,238
1783930140,29472.7,29478.4,29463.9,29470.9,240
1783930200,29468.9,29472.9,29463.7,29466.4,222
1783930260,29466.2,29480.4,29463.4,29480.2,226
1783930320,29479.7,29487.2,29477.5,29486.7,222
1783930380,29485.5,29485.5,29471,29471.6,232
1783930440,29472.6,29493.6,29472.6,29493.5,222
1783930500,29494.1,29499.5,29493.4,29496.6,216
1783930560,29497.1,29504,29495.4,29503.5,188
1783930620,29504.1,29514.9,29504.1,29511.5,228
1783930680,29511.1,29516,29508,29514.1,188
1783930740,29514,29517.2,29505.1,29505.7,226
1783930800,29505.4,29512.1,29502.9,29505.6,222
1783930860,29505.5,29517.9,29502.9,29516.9,214
1783930920,29516.4,29516.4,29507.1,29511,186
1783930980,29511.1,29518.1,29510.2,29516.4,204
1783931040,29516.5,29516.9,29509.4,29509.5,186
1783931100,29509.2,29523.5,29508.7,29522.6,196
1783931160,29522.1,29525.5,29519.9,29522,220
1783931220,29522.6,29528.9,29521.4,29526.4,202
1783931280,29526.6,29526.9,29516.1,29522.6,202
1783931340,29521.9,29526.7,29513,29513.2,232
1783931400,29514.2,29518.4,29511,29516.7,220
1783931460,29516.5,29518.6,29512.7,29514,198
1783931520,29514.5,29521.1,29512,29520.6,186
1783931580,29520.4,29523,29511.9,29512.7,200
1783931640,29512.5,29512.5,29504.1,29504.7,206
1783931700,29504.5,29509.4,29503.9,29506.4,214
1783931760,29505.9,29505.9,29497.7,29498.2,196
1783931820,29497.6,29499.2,29491.4,29493,200
1783931880,29493.5,29496.1,29488.7,29491.9,196
1783931940,29492.1,29506.9,29492,29505.6,192
1783932000,29505.1,29513.1,29501.7,29509,210
1783932060,29508.9,29510.9,29504.5,29508.9,178
1783932120,29509,29509.7,29502.5,29508.5,170
1783932180,29508.4,29521.5,29507.4,29517.5,190
1783932240,29517.7,29520.4,29514.7,29516.5,172
1783932300,29516.4,29518.7,29514.2,29517,180
1783932360,29519.2,29520.9,29514.6,29514.9,162
1783932420,29515,29519,29514.1,29514.2,170
1783932480,29514.1,29524.6,29510.2,29524.6,200
1783932540,29524.4,29527.4,29522.4,29526.4,186
1783932600,29526.2,29532,29525.7,29530.1,200
1783932660,29528.4,29532.6,29525.2,29529.9,172
1783932720,29530,29535.7,29529,29535.5,182
1783932780,29536.5,29541.9,29535.1,29540.5,182
1783932840,29540.4,29540.6,29530.7,29531.5,186
1783932900,29531.9,29533.9,29526.9,29527.2,164
1783932960,29527,29532.9,29525.7,29532.7,186
1783933020,29532.6,29539.2,29527.6,29529.1,168
1783933080,29529.4,29529.4,29522.7,29522.7,202
1783933140,29522.5,29535.4,29521.9,29535.2,178
1783933200,29538.4,29538.9,29526.1,29530.6,222
1783933260,29530.9,29534.2,29527.4,29533.1,186
1783933320,29533.4,29537.5,29526.2,29528.4,186
1783933380,29528.5,29528.6,29509.4,29509.4,184
1783933440,29510.2,29516.6,29510.2,29514.7,178
1783933500,29514.9,29516.7,29511,29512,194
1783933560,29511.6,29513.2,29508,29510.5,194
1783933620,29510.7,29516.5,29509.7,29516.5,166
1783933680,29516,29520.5,29514.4,29514.4,178
1783933740,29514.6,29516.2,29511.5,29515.2,164
1783933800,29514.5,29514.5,29505.7,29512.7,168
1783933860,29513,29514.4,29508.1,29514.1,168
1783933920,29514.9,29516.1,29510.7,29510.7,150
1783933980,29511.2,29515.1,29507.7,29510.5,144
1783934040,29510.9,29523,29510.7,29521.6,144
1783934100,29521.4,29523.1,29517.5,29522,150
1783934160,29522.1,29530.6,29520.4,29530.6,176
1783934220,29531.6,29539.6,29529.9,29536.4,170
1783934280,29536.6,29544.2,29536,29541.5,184
1783934340,29541.2,29542.6,29535.7,29537.9,180
1783934400,29538.2,29542.1,29538.1,29539.7,160
1783934460,29539.9,29540.9,29536.6,29539.1,176
1783934520,29538.6,29542.1,29537.1,29541.6,152
1783934580,29541.4,29548.6,29538.7,29547.9,190
1783934640,29546.9,29549,29543.2,29543.5,148
1783934700,29543.6,29553.1,29543.6,29551.9,172
1783934760,29551.6,29553.6,29541.7,29543.9,182
1783934820,29543.5,29548,29542,29547.4,164
1783934880,29548,29549.7,29545.5,29548.5,164
1783934940,29548.7,29552.9,29548.4,29549.4,152
1783935000,29550.2,29554.4,29547.4,29553.6,210
1783935060,29554.1,29554.7,29544.5,29544.9,186
1783935120,29544.7,29549.9,29542.1,29549.4,172
1783935180,29548.7,29554,29548.2,29551.1,162
1783935240,29550.9,29550.9,29543.4,29548.1,166
1783935300,29548.6,29553.9,29546.5,29553.9,174
1783935360,29554.4,29556.9,29551,29554.9,168
1783935420,29554.7,29562.6,29554.2,29561.9,176
1783935480,29562,29562.6,29557.2,29557.2,154
1783935540,29557.1,29559.1,29551.7,29557.2,174
1783935600,29558,29558,29553.4,29555.2,146
1783935660,29556.7,29558.7,29554.2,29556.9,144
1783935720,29556.7,29558.4,29549.9,29551,154
1783935780,29553.4,29560.2,29553.4,29557.5,148
1783935840,29558.5,29564.7,29556.9,29561.6,166
1783935900,29561.9,29562.1,29557.4,29558.9,172
1783935960,29558.7,29559.6,29555,29555.1,174
1783936020,29554.9,29558.4,29554.6,29555.6,146
1783936080,29555.7,29556.5,29548.7,29550.5,164
1783936140,29550.6,29551.7,29547,29549.7,170
1783936200,29549.6,29549.6,29541,29543.2,200
1783936260,29543.4,29544.2,29540.4,29544.2,176
1783936320,29544.1,29547.4,29542.7,29545.7,162
1783936380,29546,29555.2,29545.9,29555.1,134
1783936440,29555.2,29556,29553.7,29554.2,176
1783936500,29554.4,29557.6,29553.1,29557.2,144
1783936560,29557.6,29557.6,29551.1,29555.9,178
1783936620,29555.7,29560.6,29554.2,29557.6,192
1783936680,29557.5,29559,29555.6,29557.9,140
1783936740,29557.7,29560.9,29554.9,29559.2,168
1783936800,29559.9,29566.2,29559.4,29561.1,138
1783936860,29561.6,29565.9,29557.2,29557.2,194
1783936920,29556.4,29557.1,29550.7,29551.4,164
1783936980,29551.2,29551.6,29546.4,29548.6,180
1783937040,29548.7,29554.4,29546.9,29550.1,176
1783937100,29550.6,29550.6,29542.5,29544.5,196
1783937160,29544.4,29545.7,29540.7,29542.1,180
1783937220,29542.2,29542.2,29530.1,29531,182
1783937280,29530.9,29538.5,29530.1,29538.1,204
1783937340,29537.5,29542,29533.1,29535.4,196
1783937400,29535.1,29535.6,29531,29531.1,198
1783937460,29530.7,29531.7,29527.5,29530.6,176
1783937520,29531,29533.4,29529.2,29529.9,176
1783937580,29529.7,29531.5,29528.1,29530.2,152
1783937640,29530.4,29535.4,29529.1,29535.2,166
1783937700,29535.4,29535.9,29530.6,29533.1,184
1783937760,29533.9,29540.5,29533.2,29538.2,162
1783937820,29538,29547.4,29537.4,29547.4,152
1783937880,29547.2,29552.6,29546,29546,186
1783937940,29546.1,29553.6,29545.6,29553.2,154
1783938000,29553.7,29553.9,29550,29552.9,162
1783938060,29552.6,29552.6,29548.1,29550.4,166
1783938120,29551.1,29551.1,29545.1,29545.6,168
1783938180,29546.1,29552.1,29546.1,29550.1,152
1783938240,29550.2,29551.7,29538.4,29538.9,166
1783938300,29539,29539.2,29535.9,29538.9,178
1783938360,29539,29539,29527.2,29528.5,176
1783938420,29528.2,29534,29527.2,29532.4,176
1783938480,29532.6,29533.2,29528.5,29530.6,178
1783938540,29530.7,29532.4,29528.6,29529.6,156
1783938600,29529.7,29533.2,29526.7,29532.4,182
1783938660,29531.1,29533,29525.7,29532.6,162
1783938720,29532.9,29538,29531.5,29537.9,178
1783938780,29537.6,29542.4,29533.5,29534.1,180
1783938840,29533.9,29534.1,29526.6,29526.9,172
1783938900,29527.1,29535.4,29527.1,29531.2,182
1783938960,29531,29535.1,29529.1,29533.1,188
1783939020,29533.2,29537.5,29533.2,29536.1,156
1783939080,29536.4,29542.4,29535.4,29541.1,152
1783939140,29541.4,29544.4,29539.1,29539.6,158
1783939200,29539.7,29545,29539.7,29542.2,184
1783939260,29542.4,29542.7,29531.5,29531.9,179
1783939320,29532.1,29532.1,29525.7,29527.6,198
1783939380,29527.4,29529,29525.2,29527.4,152
1783939440,29527.5,29528.7,29525.2,29526.7,156
1783939500,29526.6,29531.5,29524.4,29530.7,186
1783939560,29530.6,29532.9,29528.4,29529.2,188
1783939620,29528.4,29531.4,29527.1,29531.2,192
1783939680,29531.4,29546.6,29530.6,29545.6,206
1783939740,29546.1,29551.9,29543.6,29544.5,164
1783939800,29543.1,29547.1,29537,29546,190
1783939860,29546.5,29547.9,29541.7,29544.9,156
1783939920,29545.2,29546.2,29540.9,29544.9,158
1783939980,29545,29545.4,29540.6,29541.1,164
1783940040,29540.9,29547.2,29540.9,29543.6,158
1783940100,29544,29544,29535.2,29538.9,162
1783940160,29539.1,29542.4,29539.1,29539.9,150
1783940220,29539.7,29542.4,29539.6,29539.9,164
1783940280,29540,29540.4,29535.6,29538.1,180
1783940340,29537.6,29545.1,29537.4,29544.1,170
1783940400,29544.6,29578.6,29544.6,29573.9,258
1783940460,29574.2,29577.9,29565.9,29568.1,208
1783940520,29568.2,29568.4,29558,29563.9,206
1783940580,29564.1,29578.5,29564.1,29568.6,242
1783940640,29567.9,29573.4,29564.2,29564.2,222
1783940700,29564.5,29582,29559,29582,226
1783940760,29579.9,29586.9,29573.4,29573.4,253
1783940820,29574.4,29575.7,29569.1,29570,234
1783940880,29569.6,29571.5,29561.4,29562.6,206
1783940940,29561.1,29562.9,29555.1,29557.1,234
1783941000,29556.9,29559.4,29548.9,29549.9,214
1783941060,29550.1,29550.1,29539.5,29547.9,204
1783941120,29548.1,29552.9,29547.1,29549.5,216
1783941180,29550.4,29559.4,29549.9,29559,176
1783941240,29558.9,29565.6,29548.9,29556.9,198
1783941300,29556.5,29564.9,29556,29564.9,214
1783941360,29565.1,29565.9,29559.5,29564.6,194
1783941420,29564.4,29569.5,29561.5,29568.7,204
1783941480,29568.9,29569,29553.7,29554.4,196
1783941540,29554.9,29555.5,29541.7,29542.2,178
1783941600,29542.4,29543.4,29530.1,29533.7,204
1783941660,29533.5,29557.6,29532.5,29557.6,226
1783941720,29557.4,29557.9,29548.9,29552.2,200
1783941780,29552,29555.6,29546.9,29547.9,190
1783941840,29548,29552.2,29545.9,29551.6,180
1783941900,29550.5,29564.6,29549.1,29558.6,202
1783941960,29558.9,29563.7,29557.5,29562.5,188
1783942020,29562.7,29565.6,29557.2,29565.4,202
1783942080,29565.6,29570.6,29564.9,29568,188
1783942140,29568.4,29568.4,29561.6,29562.2,176
1783942200,29561.1,29570.5,29560.6,29570,208
1783942260,29570.2,29570.2,29557.9,29561.6,202
1783942320,29561.7,29570.2,29561.5,29567.4,172
1783942380,29567.1,29571.6,29559,29560.4,174
1783942440,29560.5,29577.7,29560.5,29575.7,188
1783942500,29576.8,29581.1,29572,29572.7,215
1783942560,29572.5,29575.6,29566.9,29566.9,216
1783942620,29567.4,29571.7,29564.4,29570.2,188
1783942680,29570.1,29574.5,29568,29573,176
1783942740,29572.9,29573.9,29567.1,29572.4,170
1783942800,29572.6,29576.6,29561.9,29563,228
1783942860,29563.6,29565.4,29560.6,29560.6,178
1783942920,29560.7,29565.5,29558.2,29560.9,184
1783942980,29561.9,29564.6,29559.9,29562,190
1783943040,29561.4,29564.2,29553.4,29555.4,200
1783943100,29555.6,29556.5,29552.2,29554,172
1783943160,29554.4,29555.4,29541.4,29543.4,212
1783943220,29544.1,29546.7,29537.9,29545.2,216
1783943280,29546.4,29548.5,29538.7,29541.9,204
1783943340,29541.4,29550.9,29541.4,29550.7,198
1783943400,29549.6,29554.1,29547.7,29552.9,204
1783943460,29552.6,29553.9,29548.1,29551.9,184
1783943520,29552.1,29554.1,29546.1,29546.1,192
1783943580,29546.2,29552.2,29538.9,29539.2,182
1783943640,29538.7,29539,29529.7,29530.9,206
1783943700,29530.2,29534.1,29523.2,29533.5,232
1783943760,29533.4,29533.6,29527,29529.1,182
1783943820,29528.9,29529.4,29518.6,29518.9,214
1783943880,29519,29525.5,29518.1,29523.6,178
1783943940,29523.9,29529.4,29521.1,29528.7,208
1783944000,29529.6,29538,29514.7,29516.4,232
1783944060,29516.2,29520.6,29509,29518.6,230
1783944120,29519.1,29523.6,29513.6,29513.6,224
1783944180,29514.1,29514.1,29505.7,29510.4,230
1783944240,29511.6,29520.9,29511.6,29518.5,232
1783944300,29516.4,29522,29513.6,29519,206
1783944360,29518.9,29523,29514.2,29516.5,206
1783944420,29516.7,29519.1,29499.7,29499.7,216
1783944480,29500.1,29514.9,29499,29514.1,238
1783944540,29512.6,29518.5,29507.1,29516.9,222
1783944600,29517.4,29537.7,29516.7,29537.7,242
1783944660,29536.2,29544.1,29503.4,29504.6,272
1783944720,29505.1,29505.1,29481.6,29500.2,264
1783944780,29501.7,29517.9,29501.7,29517.9,224
1783944840,29517,29522.2,29509.6,29517.5,240
1783944900,29517.4,29523.9,29510.7,29514.5,246
1783944960,29514.6,29514.6,29494,29496.6,246
1783945020,29497,29507,29495.4,29499.7,224
1783945080,29500,29512.1,29494.7,29508.1,236
1783945140,29509.6,29509.6,29504.4,29507.4,160
1783945200,29505.2,29505.4,29487.1,29491.7,236
1783945260,29492.2,29497.7,29489,29494.6,214
1783945320,29496,29499.7,29493,29496.9,214
1783945380,29497,29497,29485.7,29487.6,212
1783945440,29487.4,29489.7,29482.7,29485.2,202
1783945500,29484.9,29487.4,29479,29485.4,224
1783945560,29484.9,29486.2,29476.4,29482.6,212
1783945620,29482.5,29484.1,29473,29476.5,208
1783945680,29476.6,29483.2,29476.6,29479.1,212
1783945740,29479.4,29479.6,29471.2,29473.2,202
1783945800,29472.9,29472.9,29460.6,29463.4,240
1783945860,29463.6,29463.6,29448.5,29450.2,244
1783945920,29451,29460.4,29448.6,29460.4,232
1783945980,29460.6,29460.6,29446.6,29454,198
1783946040,29453.5,29461.7,29453,29461,212
1783946100,29460.2,29461.6,29451,29459.6,208
1783946160,29460.7,29462.5,29445.2,29447.4,234
1783946220,29447.6,29457.5,29444.7,29445.4,220
1783946280,29445.1,29461.4,29444.9,29460.6,218
1783946340,29461,29463.9,29458.1,29462.9,198
1783946400,29463,29475,29462.2,29473.4,226
1783946460,29473.6,29474.9,29457.2,29465.7,220
1783946520,29466.2,29466.7,29455.2,29459.6,212
1783946580,29459.4,29471,29458.7,29470.1,214
1783946640,29470.5,29482.5,29470.1,29477.5,218
1783946700,29477.4,29481.5,29475.5,29479.6,216
1783946760,29481.4,29485.6,29478.5,29481.5,228
1783946820,29481,29487.7,29479.4,29487.7,200
1783946880,29487.9,29491,29485.6,29487.7,190
1783946940,29487.9,29502.9,29487.9,29501.1,240
1783947000,29500.9,29504.5,29499.6,29503.9,232
1783947060,29504.2,29509,29499,29505.2,226
1783947120,29504.7,29505.1,29492.1,29497.6,218
1783947180,29497.2,29504.2,29494.9,29494.9,234
1783947240,29495,29501,29494.2,29499.4,216
1783947300,29499.7,29503.7,29498.2,29499.6,230
1783947360,29500.2,29507.1,29498.1,29506.7,212
1783947420,29505.7,29509.2,29499.4,29506,202
1783947480,29505.7,29510,29503.9,29509,178
1783947540,29508.7,29512.7,29504.5,29506.2,204
1783947600,29507,29515,29499.9,29502.7,266
1783947660,29502.6,29515.5,29502.6,29515.1,236
1783947720,29514.9,29536,29514.9,29530,240
1783947780,29530.7,29535.1,29525.7,29526.9,250
1783947840,29526.7,29533.4,29526.5,29530,226
1783947900,29529.7,29533,29525.4,29525.7,224
1783947960,29525.5,29533.7,29517,29518,268
1783948020,29518.2,29521.7,29510,29521.5,238
1783948080,29522.1,29522.1,29512.9,29521.1,230
1783948140,29521,29521.4,29508.9,29515.6,220
1783948200,29515.4,29517.7,29505.9,29506.2,246
1783948260,29507,29513.5,29506.2,29510.5,222
1783948320,29510.1,29511.7,29505,29510.2,224
1783948380,29510.4,29514.5,29504,29510.9,236
1783948440,29510.7,29513.6,29506,29507.6,220
1783948500,29506.6,29507.1,29498.2,29501.6,234
1783948560,29501.5,29505.4,29499,29500.5,222
1783948620,29500.2,29502.7,29492.4,29493.5,238
1783948680,29493.1,29499.5,29490.7,29497.7,242
1783948740,29497.1,29499,29486.6,29487,216
1783948800,29486.2,29486.2,29477.4,29480.5,244
1783948860,29481.5,29486.1,29479.6,29483.6,226
1783948920,29484.1,29489.5,29481.7,29485.4,240
1783948980,29482.7,29484.5,29478.7,29478.7,216
1783949040,29480,29481.7,29476,29479.4,232
1783949100,29492,29504,29485.1,29501.9,262
1783949160,29499.5,29502.7,29489,29494.7,244
1783949220,29495.1,29496,29472,29474,260
1783949280,29476.1,29497.6,29476.1,29497.6,248
1783949340,29496.9,29508,29490,29499.6,298
1783949400,29496.3,29517.9,29439.7,29504,306
1783949460,29502,29520.4,29470.5,29513.9,324
1783949520,29514.2,29524.4,29493.7,29501,318
1783949580,29497.7,29500.4,29456.5,29461.9,320
1783949640,29458.3,29462.7,29420.8,29434.2,316
1783949700,29432.8,29460.7,29430.3,29450.4,330
1783949760,29449.2,29449.2,29417.2,29434.9,308
1783949820,29434.5,29443.7,29405,29407.5,318
1783949880,29407.8,29453.8,29399.9,29441.8,308
1783949940,29447.2,29448.3,29411.4,29411.4,314
1783950000,29408.7,29408.7,29352.2,29367.4,315
1783950060,29372,29387.5,29358.3,29358.3,318
1783950120,29360,29363,29342,29359.8,310
1783950180,29365.8,29375.9,29343.2,29359.7,316
1783950240,29358.9,29389.5,29354.8,29384.5,314
1783950300,29383.8,29383.9,29324.7,29333.4,321
1783950360,29336.5,29384.4,29335.8,29367.5,320
1783950420,29365.9,29387.4,29359.9,29360.9,324
1783950480,29359.8,29377.9,29356.8,29370.9,324
1783950540,29369.7,29382.2,29348.3,29370,321
1783950600,29373.7,29382.3,29352.3,29352.3,320
1783950660,29354.8,29360.9,29306.7,29308.8,312
1783950720,29309.8,29337.3,29309.5,29331.7,318
1783950780,29330.4,29347.4,29311.3,29327,322
1783950840,29325.3,29354.5,29324.5,29331.7,318
1783950900,29331.5,29354,29315.5,29340.4,324
1783950960,29337.5,29356.2,29331,29332.5,312
1783951020,29335.7,29377.2,29335.7,29374.8,312
1783951080,29375.5,29398.7,29375.5,29395,296
1783951140,29394,29427.5,29393.8,29418.3,316
1783951200,29418.5,29448,29408.8,29446.5,314
1783951260,29447.2,29450.3,29410.5,29412.8,312
1783951320,29414.7,29421,29383.9,29388.2,317
1783951380,29386.7,29407.4,29377.5,29404.9,322
1783951440,29407.3,29407.8,29370.7,29374.3,314
1783951500,29373,29387.5,29352.4,29362.7,312
1783951560,29363.2,29379.3,29350.3,29363.5,302
1783951620,29367.2,29382.9,29359.7,29368.5,310
1783951680,29369.9,29401.5,29365.9,29391.3,314
1783951740,29391.8,29411.4,29388,29408.3,312
1783951800,29408.5,29434.2,29397,29434,304
1783951860,29435,29442.5,29418.3,29428.9,304
1783951920,29429,29429,29404.5,29418.2,314
1783951980,29418,29431.8,29417.7,29427,296
1783952040,29427.3,29443.2,29422.8,29438.9,310
1783952100,29439.3,29447,29426.5,29434.5,310
1783952160,29431.3,29441,29288.3,29347.5,291
1783952220,29342.5,29377,29284.8,29350.5,316
1783952280,29350.3,29369,29323.3,29349.2,314
1783952340,29348.8,29388.3,29344.9,29371.2,316
1783952400,29372.7,29388.7,29357.7,29371.9,322
1783952460,29373.2,29394.2,29362.3,29377.3,322
1783952520,29372.8,29392.8,29368.3,29373.7,318
1783952580,29372.3,29413.2,29361.3,29404,316
1783952640,29405.3,29464.8,29404.7,29454.4,322
1783952700,29453.2,29461.9,29440.7,29445.3,314
1783952760,29445.2,29465.8,29442.7,29461.8,320
1783952820,29462.3,29465.8,29448.5,29449.8,302
1783952880,29449.7,29468.3,29441.7,29461.3,313
1783952940,29462.3,29490.5,29462.3,29490,312
1783953000,29488.3,29511.7,29486.8,29499.8,316
1783953060,29498,29505,29481.5,29490.4,318
1783953120,29488.5,29494.7,29478.5,29487.3,306
1783953180,29487.4,29495.3,29472.2,29493.8,308
1783953240,29493.4,29504,29484,29488.5,316
1783953300,29488.8,29494.5,29476.3,29480.5,306
1783953360,29479,29479.3,29460.4,29465.9,300
1783953420,29463.4,29465.8,29443.9,29453,300
1783953480,29451.8,29471.9,29450.3,29464.7,310
1783953540,29465.8,29481.3,29461.8,29474,302
1783953600,29475.3,29475.8,29436,29448,306
1783953660,29449,29462.5,29432,29440,316
1783953720,29438.8,29442.3,29424.5,29432.8,302
1783953780,29433.8,29435,29416.9,29418.4,312
1783953840,29417.4,29429.8,29413.8,29426.3,300
1783953900,29426.8,29427,29403.5,29404.3,294
1783953960,29404.5,29434.5,29393,29433.2,304
1783954020,29431.7,29444.8,29425.7,29438.3,314
1783954080,29436.9,29463.8,29436.8,29457.3,304
1783954140,29457,29486,29455.3,29478.3,302
1783954200,29479.5,29488.4,29469.2,29476.8,304
1783954260,29476.3,29485.5,29462.8,29467.8,286
1783954320,29468,29470.8,29430.9,29441.9,304
1783954380,29442,29445.3,29428.4,29437,302
1783954440,29436.3,29438,29419.5,29428,302
1783954500,29423.8,29448,29417,29446.9,292
1783954560,29449,29465.8,29441.7,29462,308
1783954620,29462.2,29474.9,29457.2,29471.3,292
1783954680,29471.5,29487.2,29469,29478.5,296
1783954740,29478.4,29508.5,29475,29505.7,316
1783954800,29514,29533,29514,29532.9,300
1783954860,29533.4,29540,29522.5,29527.3,302
1783954920,29527.2,29530.7,29513.3,29522.3,306
1783954980,29520.8,29523.4,29507.2,29518.3,304
1783955040,29519.5,29526.3,29495.2,29498.8,308
1783955100,29499,29508.3,29492.7,29503.2,302
1783955160,29504.7,29516.5,29502.9,29503.4,296
1783955220,29503.7,29505.2,29489.3,29494.5,310
1783955280,29494.8,29494.8,29481.4,29484.5,304
1783955340,29483.3,29491.4,29471.2,29480.4,298
1783955400,29481.3,29501.3,29473,29499,298
1783955460,29498.8,29506.7,29486.2,29492.8,300
1783955520,29492.9,29492.9,29474.2,29481,296
1783955580,29480,29484,29467.2,29474.9,296
1783955640,29473.8,29476.3,29459.8,29470,292
1783955700,29469.2,29469.9,29451.3,29453.2,300
1783955760,29452.9,29473,29452.9,29467.7,286
1783955820,29468.8,29482.7,29467.9,29482.7,304
1783955880,29483.5,29492.5,29473.4,29474.8,300
1783955940,29475,29490.5,29465.8,29488.8,302
1783956000,29488.2,29492.3,29478.3,29488,300
1783956060,29488.7,29494.9,29485,29489.4,302
1783956120,29489.8,29500,29486.5,29495.2,304
1783956180,29494.8,29516.3,29494.8,29509.8,290
1783956240,29510,29516.8,29503.2,29509.4,298
1783956300,29507.9,29509.9,29479.7,29480.4,310
1783956360,29479.7,29492.9,29473,29485,302
1783956420,29483.7,29494.5,29482.5,29493.5,288
1783956480,29493.3,29503.5,29490.8,29496.3,296
1783956540,29496.7,29506.8,29493.4,29495.8,298
1783956600,29496.9,29496.9,29470.9,29478,306
1783956660,29479.8,29502.5,29479.7,29502.5,284
1783956720,29500.8,29509,29499.2,29501.9,292
1783956780,29498.9,29501.4,29489.5,29492.9,286
1783956840,29492.5,29503.8,29477.2,29480.8,306
1783956900,29482.3,29489.7,29460.5,29460.5,298
1783956960,29463.4,29468.5,29453.8,29459.7,304
1783957020,29459,29480.4,29459,29479.8,292
1783957080,29478.7,29478.7,29469.9,29474.4,292
1783957140,29474.5,29476.9,29463.5,29471.2,280
1783957200,29471.9,29475.7,29462.7,29475,288
1783957260,29476.3,29476.3,29453.5,29457.2,286
1783957320,29456.4,29464.9,29448.4,29454.4,288
1783957380,29454.9,29456.9,29443.3,29445,290
1783957440,29445.7,29449.5,29438.4,29442.7,284
1783957500,29441.2,29444.9,29425.2,29431.5,292
1783957560,29431.2,29435.9,29421.9,29432.4,294
1783957620,29431.4,29436.4,29419.4,29423.9,296
1783957680,29425.5,29429,29409.3,29411.4,286
1783957740,29411.8,29426.3,29406.7,29425.8,280
1783957800,29426.9,29430,29408.5,29409.8,290
1783957860,29409.7,29413.9,29388.4,29392.4,284
1783957920,29393,29409.7,29389.4,29409.7,286
1783957980,29410.7,29421.7,29405.5,29421.7,284
1783958040,29421,29422,29406.4,29414.5,282
1783958100,29413.4,29418.9,29402.4,29408.9,284
1783958160,29409.5,29411.5,29391.4,29394.4,298
1783958220,29392.7,29403.9,29385.9,29403.9,282
1783958280,29404.2,29406.5,29393,29398.5,284
1783958340,29398.4,29400.4,29388.9,29398.9,284
1783958400,29399.5,29402.7,29381.2,29383.9,310
1783958460,29384.2,29403.9,29381.5,29396.5,288
1783958520,29396.2,29400,29383.7,29397.5,293
1783958580,29397.7,29406.7,29390.9,29397.2,296
1783958640,29397.3,29400.9,29380.9,29382.9,288
1783958700,29381.9,29387.4,29373.3,29378.7,300
1783958760,29377.7,29389.7,29377.7,29388,302
1783958820,29388.4,29392.7,29385,29391.3,260
1783958880,29392,29405.9,29390,29403.9,276
1783958940,29403.7,29408.7,29397.5,29407.4,284
1783959000,29406.9,29426.2,29404.5,29421.7,290
1783959060,29420.9,29423,29416.4,29418.7,274
1783959120,29418.8,29421.4,29393.7,29399.2,274
1783959180,29400,29406.4,29392.4,29397.4,276
1783959240,29397.7,29402.7,29386.8,29402.3,284
1783959300,29402.2,29403.7,29383.7,29387.3,284
1783959360,29386.3,29386.9,29362.7,29369,280
1783959420,29368.5,29372.7,29358.3,29372.5,288
1783959480,29370.7,29372.4,29355,29364.3,288
1783959540,29362.5,29378.3,29361.3,29373.5,278
1783959600,29373.8,29373.8,29358.5,29364.8,284
1783959660,29364,29370.9,29356.7,29358.2,276
1783959720,29359.2,29360.9,29351.7,29353.5,273
1783959780,29354.2,29355.9,29344.9,29353.5,279
1783959840,29353.4,29357.3,29346.2,29354.4,276
1783959900,29354.2,29355.9,29342.4,29346.5,272
1783959960,29347.2,29348.9,29331,29344.2,276
1783960020,29343.7,29344.7,29331.7,29339.8,278
1783960080,29341.4,29356.3,29341.4,29351.5,282
1783960140,29351.7,29351.9,29325.2,29346.8,282
1783960200,29345.9,29345.9,29312.9,29316.9,306
1783960260,29317.7,29322.5,29302.2,29318.4,308
1783960320,29319.2,29324.4,29311.4,29315.8,296
1783960380,29314,29322,29305.2,29315.3,294
1783960440,29315.5,29315.5,29298.9,29299.9,282
1783960500,29300.8,29302.5,29265.9,29271.2,300
1783960560,29270.4,29276.9,29249.2,29267.4,300
1783960620,29270.3,29276.3,29256.9,29263.2,294
1783960680,29263.4,29291.4,29258.7,29291.4,300
1783960740,29291.9,29318.2,29290.9,29307.2,308
1783960800,29306.2,29314.9,29285.7,29288.9,308
1783960860,29288.8,29322.8,29286.2,29321.7,298
1783960920,29321.8,29333.9,29316.3,29333.4,300
1783960980,29334.3,29337.9,29324.5,29335.4,288
1783961040,29334.9,29337.4,29313.5,29326.4,286
1783961100,29325.7,29340.7,29324.4,29325.8,300
1783961160,29325.5,29341.7,29320.7,29340.9,296
1783961220,29342.2,29343.7,29323.2,29324.5,288
1783961280,29323.9,29323.9,29308.2,29313.2,300
1783961340,29313,29318,29299.5,29301.4,306
1783961400,29300.2,29303,29253.5,29269.2,298
1783961460,29272.8,29291,29272.8,29287.7,304
1783961520,29287.3,29312,29285.5,29308.7,272
1783961580,29305.7,29308.7,29299,29300.5,294
1783961640,29298.7,29305.8,29292.2,29292.8,288
1783961700,29293.5,29294.9,29277.7,29293.8,302
1783961760,29295.4,29311.7,29295.4,29310.5,296
1783961820,29310.3,29329.8,29303.3,29329.8,288
1783961880,29329.7,29333.8,29313,29322,300
1783961940,29319.7,29319.7,29303.9,29314.5,294
1783962000,29317,29337.9,29305.3,29337.9,310
1783962060,29337.3,29341.8,29331.5,29332.9,298
1783962120,29332.3,29338.7,29321.4,29323.5,284
1783962180,29324.5,29340.8,29322.5,29333.7,278
1783962240,29333.8,29340.3,29318.2,29318.7,288
1783962300,29318.5,29333.4,29313.2,29323.8,286
1783962360,29322.7,29336.7,29322.7,29331,294
1783962420,29332.2,29346,29329.2,29344.7,294
1783962480,29343.7,29346.9,29335.4,29339.8,280
1783962540,29340,29359.8,29339.3,29353.9,282
1783962600,29354,29368.4,29349.3,29350.2,298
1783962660,29349.7,29356.7,29340.4,29347.4,290
1783962720,29347.5,29354,29337.5,29342.5,292
1783962780,29343.5,29349.9,29334.9,29334.9,282
1783962840,29335.2,29335.2,29321,29329.8,286
1783962900,29329.9,29332.4,29314.2,29315.3,298
1783962960,29315.4,29319.7,29300.2,29316.9,302
1783963020,29316.7,29326.9,29308.3,29322.7,280
1783963080,29321.8,29331.9,29317.4,29331.5,290
1783963140,29331.3,29339.8,29324.4,29330.7,270
1783963200,29329.3,29329.3,29316.2,29324.5,274
1783963260,29325,29325.9,29311.4,29322,290
1783963320,29321.4,29333,29316.8,29317.8,276
1783963380,29317.4,29321.4,29312.2,29313,278
1783963440,29312.5,29315.2,29298.5,29301.5,276
1783963500,29302,29305.4,29286.7,29290.8,296
1783963560,29290.7,29297.7,29289.2,29294.3,268
1783963620,29293.3,29308.7,29290.8,29303.3,290
1783963680,29304.2,29312,29301.9,29309.7,274
1783963740,29308.9,29311,29297.7,29305.9,290
1783963800,29305.5,29316.9,29300.9,29314.9,288
1783963860,29313.7,29314.2,29295.3,29304.8,280
1783963920,29304.7,29311.2,29297.2,29310.4,262
1783963980,29309.9,29319.5,29307.9,29311.5,278
1783964040,29310.9,29321,29306,29314.3,274
1783964100,29314.8,29314.8,29296.4,29306,266
1783964160,29305.7,29310.7,29288.7,29293,280
1783964220,29292.2,29296.5,29288,29293.2,284
1783964280,29293.7,29295.7,29285.8,29288.4,266
1783964340,29288.7,29289.2,29276.4,29287.7,278
1783964400,29288,29288,29274.4,29277.7,282
1783964460,29277.9,29299.8,29274.9,29294.5,272
1783964520,29292.9,29300.7,29288.3,29292.9,274
1783964580,29294.3,29308.9,29293.7,29303.9,268
1783964640,29304.7,29305.9,29298.4,29301.2,250
1783964700,29301.7,29314.7,29301.2,29308.2,254
1783964760,29305.8,29311.4,29297.2,29304.2,252
1783964820,29303.9,29310.2,29296.4,29296.4,250
1783964880,29296.7,29300,29287.7,29289.2,260
1783964940,29288.7,29288.7,29279.7,29281.7,270
1783965000,29280.7,29284.3,29264.8,29271.4,288
1783965060,29272.4,29273.7,29259.8,29265.9,276
1783965120,29265.4,29277.4,29256.8,29275.7,288
1783965180,29276.2,29281.7,29258,29262.7,292
1783965240,29263.4,29278.2,29261,29276.8,296
1783965300,29276.2,29284.2,29273.9,29277.3,286
1783965360,29278.9,29278.9,29265.2,29269.5,280
1783965420,29269.9,29286.4,29266.2,29276,284
1783965480,29275.7,29280.9,29270.4,29278.7,274
1783965540,29278.9,29282.4,29265.7,29267.8,260
1783965600,29267.7,29295.7,29265.3,29289.9,308
1783965660,29289.4,29306.8,29287.4,29298.3,300
1783965720,29297,29307.5,29292.2,29293,282
1783965780,29293.9,29300.4,29289.2,29297.8,280
1783965840,29297.9,29302.2,29286.7,29289.4,268
1783965900,29289.2,29325.7,29287.8,29321.9,268
1783965960,29322,29326.7,29310.7,29317,280
1783966020,29317.2,29318.4,29306.7,29315.7,270
1783966080,29314.8,29316,29309.4,29309.4,268
1783966140,29308.2,29309.7,29293.2,29295.9,274
1783966200,29296.4,29296.4,29277.9,29278.5,286
1783966260,29278.7,29278.7,29265.9,29277.3,286
1783966320,29277.4,29279.7,29272.7,29278,274
1783966380,29276.9,29294.9,29276.8,29294.7,288
1783966440,29295.5,29306.2,29291.9,29304.4,258
1783966500,29303.2,29309.9,29292.8,29300.3,274
1783966560,29299.4,29303.3,29290.9,29291.2,264
1783966620,29289.9,29298.4,29286.9,29287.9,274
1783966680,29287.7,29288.2,29265.9,29265.9,276
1783966740,29266.2,29269.5,29256.3,29269.5,272
1783966800,29272.4,29274.7,29261.7,29270.8,288
1783966860,29270.7,29276.7,29267.7,29272.9,272
1783966920,29272.8,29275.9,29265.4,29265.8,276
1783966980,29266.9,29277.4,29262.2,29277.4,288
1783967040,29279,29292.3,29268.8,29291.2,280
1783967100,29287.8,29291.5,29266.9,29280.2,282
1783967160,29281.5,29286.7,29270,29270.7,266
1783967220,29269.7,29277.7,29269.7,29271.7,274
1783967280,29271.4,29276.9,29264.2,29266.8,284
1783967340,29265.7,29272.7,29260.8,29262.7,264
1783967400,29261.4,29262.4,29243.5,29244.9,289
1783967460,29245.2,29276.2,29243.2,29276.2,286
1783967520,29275.9,29285.7,29272.7,29274.3,290
1783967580,29273.9,29285.5,29269.9,29280.3,270
1783967640,29280.7,29280.7,29262.9,29263.7,292
1783967700,29263.2,29280.5,29259.7,29280.3,278
1783967760,29280.7,29284.9,29270.4,29279,292
1783967820,29279.5,29288.7,29274.9,29286.2,266
1783967880,29285.9,29295.9,29285.4,29287.2,280
1783967940,29286.7,29289.9,29275.7,29285,270
1783968000,29285.4,29294,29281.9,29292,262
1783968060,29292.5,29296.4,29285.8,29293.8,264
1783968120,29293.4,29296.4,29289.7,29295.5,276
1783968180,29294.9,29304.2,29286.9,29287.7,268
1783968240,29287.5,29290.7,29283,29289,265
1783968300,29290.5,29295.2,29278.7,29284.8,278
1783968360,29282.4,29293.4,29281.3,29288.4,282
1783968420,29288.5,29293.4,29285.5,29289.5,272
1783968480,29289.4,29294.7,29280,29282.9,274
1783968540,29282.2,29301.4,29282.2,29297.7,252
1783968600,29297.9,29299.2,29281.5,29293.3,274
1783968660,29293.4,29303.9,29290.2,29300,259
1783968720,29300.3,29308.8,29299.3,29303,246
1783968780,29303.3,29303.8,29292.9,29298.4,268
1783968840,29298.5,29309.2,29292.9,29293.2,266
1783968900,29292.7,29299.8,29285.7,29287.4,284
1783968960,29287.5,29298.5,29285.5,29295.7,274
1783969020,29296,29296.5,29286.3,29292.9,264
1783969080,29292.2,29294.5,29274.4,29275.2,276
1783969140,29275.9,29281.8,29272.4,29281.2,250
1783969200,29281.3,29285.5,29263.7,29271.2,283
1783969260,29270.9,29296.4,29270.4,29294.7,284
1783969320,29295.2,29304.3,29293.4,29303.9,264
1783969380,29302.9,29309.3,29299.2,29299.9,267
1783969440,29300.2,29308.4,29299.5,29305.9,278
1783969500,29306.2,29307.3,29297.9,29305.9,249
1783969560,29306.2,29312.7,29282.4,29283.3,278
1783969620,29282.9,29284.4,29273.3,29276.2,264
1783969680,29273.2,29282.7,29272.5,29279.7,248
1783969740,29279.2,29281,29266.4,29266.7,256
1783969800,29266.2,29268.9,29254,29257.7,285
1783969860,29257.9,29257.9,29247.9,29249.2,272
1783969920,29249.3,29250.9,29244.5,29246.7,272
1783969980,29246.9,29252.8,29241.4,29250.2,268
1783970040,29250.7,29262.7,29244.9,29252.4,270
1783970100,29252.9,29253.7,29243.8,29246.7,293
1783970160,29246.4,29254.4,29244.4,29247,286
1783970220,29247.2,29256.4,29245.4,29252.4,281
1783970280,29252.7,29253.4,29243.3,29246.8,268
1783970340,29246.7,29254.3,29244,29244.7,271
1783970400,29245.4,29246.2,29229.4,29238.7,282
1783970460,29238.9,29241.8,29232.7,29235.2,280
1783970520,29235,29235.5,29224.4,29230.9,274
1783970580,29232.7,29237.2,29207,29220,294
1783970640,29220.4,29225.7,29212.9,29222.5,286
1783970700,29222.9,29223.4,29211.3,29222.2,280
1783970760,29221,29224.7,29208.4,29211.8,278
1783970820,29213.3,29213.3,29201.2,29201.2,274
1783970880,29201.4,29212.7,29194.7,29211,278
1783970940,29210.8,29213.8,29196.3,29207.2,280
1783971000,29207.4,29233.3,29203.3,29226.8,306
1783971060,29226.3,29234.2,29220,29226.4,304
1783971120,29226.7,29234.7,29224,29226.8,284
1783971180,29227.8,29236.3,29222.2,29227,284
1783971240,29227.9,29231.2,29220,29225.7,262
1783971300,29224.2,29224.2,29197.7,29205,290
1783971360,29203.7,29204.3,29190.9,29202.2,288
1783971420,29199.8,29204.3,29192.2,29200.5,280
1783971480,29200.7,29204.3,29186,29188.4,282
1783971540,29188.8,29194.9,29186.7,29194.9,274
1783971600,29195.2,29207.7,29187.9,29205.4,289
1783971660,29203.4,29210.8,29198.8,29210.8,280
1783971720,29211.2,29224.7,29211.2,29224.2,278
1783971780,29222.8,29240.2,29222.8,29238.4,283
1783971840,29236.3,29243.9,29233.7,29239.3,270
1783971900,29239.2,29243.8,29228.8,29231.2,270
1783971960,29231.4,29232.4,29223.7,29225,292
1783972020,29224.7,29231,29223.4,29227.9,285
1783972080,29228.3,29244.9,29228,29244.7,262
1783972140,29245.7,29249.7,29243.9,29248.3,269
1783972200,29252,29273.3,29252,29270.9,310
1783972260,29269.7,29287.7,29266.7,29286.9,308
1783972320,29286.2,29288.4,29278.7,29285.8,284
1783972380,29283,29283.9,29262.9,29265.7,294
1783972440,29267.2,29275.5,29250.2,29261.2,286
1783972500,29256.4,29275.2,29256.4,29273.9,290
1783972560,29272.7,29272.7,29257.7,29272.3,298
1783972620,29273.8,29284,29273.8,29282,274
1783972680,29282.2,29291,29279.2,29291,270
1783972740,29291.2,29291.5,29254,29254,308
1783972800,29254,29261.9,29240.6,29255.2,297
1783972860,29253.6,29258.1,29249,29256.4,262
1783972920,29256.6,29262,29247.6,29252.1,246
1783972980,29252.5,29253,29247.1,29250.2,202
1783973040,29252.4,29256.7,29249.1,29251.2,222
1783973100,29251.6,29259,29250.7,29254.1,234
1783973160,29254.6,29258.6,29247.5,29247.6,216
1783973220,29247,29252.9,29242.1,29252.2,238
1783973280,29252.1,29254.1,29247.5,29250.5,218
1783973340,29250.1,29254.6,29238.4,29241,232
1783973400,29241.9,29242.9,29225,29240.5,238
1783973460,29243.5,29246.2,29234.2,29246.2,250
1783973520,29246.6,29249.4,29243.6,29248.6,214
1783973580,29247.7,29248.2,29239.6,29242,226
1783973640,29242.4,29248.9,29242.1,29242.1,226
1783973700,29242.6,29242.9,29207.7,29207.7,208
1783973760,29206.5,29210.1,29199,29206.2,256
1783973820,29206.7,29206.7,29179.6,29205.4,252
1783973880,29204.4,29206.5,29198.7,29204.6,220
1783973940,29204.1,29208.6,29202.6,29208.1,174
1783974000,29208.5,29213.6,29208.4,29211.6,210
1783974060,29211,29211,29204.6,29210.1,162
1783974120,29210.4,29219.7,29210.4,29217.5,174
1783974180,29217.4,29223,29216.4,29218.6,198
1783974240,29218.9,29223,29214,29220.7,198
1783974300,29221.2,29224.1,29219.5,29220,172
1783974360,29219.7,29222.6,29215.6,29222.4,178
1783974420,29222.7,29223.4,29218.5,29221.9,166
1783974480,29222.4,29224.4,29221.1,29223.7,144
1783974540,29223.9,29229.4,29223.2,29225.4,182
1783974600,29225.1,29225.1,29215.1,29215.4,176
1783974660,29215.6,29218.6,29215.4,29217.9,168
1783974720,29217.4,29217.6,29213,29217.2,172
1783974780,29217.5,29222,29216.5,29222,146
1783974840,29222.5,29227.1,29221.5,29223.8,160
1783974900,29223.3,29224,29220.8,29224,162
1783974960,29223.8,29227.8,29223.3,29226.5,148
1783975020,29226.4,29227,29224.5,29225.3,112
1783975080,29224.8,29227,29223,29227,134
1783975140,29227.3,29228,29226,29227,140
1783975200,29226.8,29226.9,29221.4,29222.8,142
1783975260,29222.4,29223.3,29218.6,29221.6,136
1783975320,29221.8,29223.1,29216.9,29223,162
1783975380,29223.6,29229.5,29223.5,29228.3,148
1783975440,29228.5,29230,29218.5,29225,142
1783975500,29224.6,29227.6,29221.3,29222,176
1783975560,29221.8,29224.1,29218.8,29218.9,146
1783975620,29218.5,29221.8,29215.8,29216.9,166
1783975680,29217,29221.3,29217,29218,154
1783975740,29218.4,29219.5,29217,29219,132
1783975800,29218.8,29220.1,29212.8,29212.9,170
1783975860,29212.5,29212.9,29209.8,29212.5,162
1783975920,29212.3,29218.4,29212.3,29217.6,170
1783975980,29219.9,29223.3,29218.5,29218.5,126
1783976040,29218.8,29226,29217.8,29222.9,142
1783976100,29223.8,29227.3,29222.8,29226.8,132
1783976160,29226.3,29230.6,29224,29230.4,104
1783976220,29229.9,29233.5,29222.4,29224.3,160
1783976280,29225.3,29226.5,29221.3,29221.5,136
1783980000,29248.7,29272.2,29248.7,29264.3,186
1783980060,29263.6,29272.1,29259.7,29260.7,186
1783980120,29260,29263.8,29254.2,29256.2,178
1783980180,29256.1,29261.2,29245.8,29249.2,192
1783980240,29249.1,29251.5,29239.3,29240.7,168
1783980300,29241.3,29266.5,29241.3,29264.2,210
1783980360,29265.5,29268,29261.3,29261.8,162
1783980420,29262.1,29265.8,29257.1,29264.7,168
1783980480,29264.6,29265.3,29256.7,29259.2,144
1783980540,29258.6,29267.1,29257.6,29259.5,146
1783980600,29259.3,29260.5,29252.6,29257.2,162
1783980660,29257.6,29257.6,29250.5,29251.7,146
1783980720,29251.3,29261,29251.1,29253.5,162
1783980780,29253.1,29255.6,29250.2,29250.2,108
1783980840,29250.5,29252.1,29245.7,29246.2,116
1783980900,29245.6,29253.5,29245.6,29251.7,132
1783980960,29251.8,29252.6,29247,29250.3,100
1783981020,29250.2,29253.6,29247.5,29251.5,82
1783981080,29252.7,29257.5,29250.7,29255.2,124
1783981140,29255.1,29256,29249.8,29250.2,120
1783981200,29250.3,29260.7,29250,29258.1,132
1783981260,29256,29256.3,29249,29249,124
1783981320,29249.5,29251.7,29244.7,29245,116
1783981380,29245.2,29247.7,29244.1,29246.6,84
1783981440,29246.1,29246.1,29232.3,29234.1,146
1783981500,29234,29236.8,29230.3,29233,144
1783981560,29233.2,29240,29233.2,29239.7,86
1783981620,29239.6,29240.2,29239,29240,70
1783981680,29240.8,29241.3,29230.5,29232,122
1783981740,29232.1,29233.7,29225.7,29227,136
1783981800,29225.7,29228,29224.3,29225.7,150
1783981860,29225.8,29227.7,29222.8,29227.6,110
1783981920,29227.7,29227.7,29224.7,29225,92
1783981980,29225.1,29228.6,29220.7,29222.1,106
1783982040,29222.6,29226.7,29222.6,29224.7,100
1783982100,29225.6,29228.1,29223.6,29225.7,94
1783982160,29227,29227.1,29223.8,29224.5,70
1783982220,29225,29225.2,29221.1,29221.7,96
1783982280,29221.8,29224.3,29220.2,29224.2,110
1783982340,29225.3,29227,29222.3,29227,114
1783982400,29227.1,29233.1,29227.1,29229.2,184
1783982460,29228.7,29231.5,29228.7,29231.3,100
1783982520,29230.7,29231.3,29228.6,29228.8,64
1783982580,29229.5,29230.2,29227.2,29229.1,78
1783982640,29229.2,29236.1,29229.2,29235,104
1783982700,29234.5,29246.3,29231.8,29243.7,122
1783982760,29243.6,29252.2,29243.2,29245,128
1783982820,29245.2,29249.5,29242.2,29249.2,128
1783982880,29248.7,29249.2,29244.5,29246,98
1783982940,29246.3,29246.3,29238.8,29238.8,90
1783983000,29239.3,29240.2,29223.7,29223.7,118
1783983060,29224.1,29229.3,29224.1,29226.2,98
1783983120,29226.1,29226.2,29209.7,29217.8,182
1783983180,29218.6,29218.6,29209.6,29209.8,108
1783983240,29210,29211.6,29204.5,29204.5,166
1783983300,29204.7,29205.3,29188.7,29194.6,210
1783983360,29194.2,29194.8,29188,29189.3,164
1783983420,29189.5,29196.3,29189.2,29193.7,146
1783983480,29193.5,29196.3,29190.1,29196.3,130
1783983540,29196,29196,29191.2,29192.5,142
1783983600,29192.3,29192.8,29184.1,29187.2,148
1783983660,29186.8,29190.1,29183.3,29187.2,140
1783983720,29187.3,29191.3,29186.1,29189.1,144
1783983780,29189.2,29196,29186,29186,154
1783983840,29186.8,29186.8,29166.2,29167.2,228
1783983900,29167.7,29180.3,29167.6,29178.8,184
1783983960,29179.6,29180.6,29176.8,29179.3,142
1783984020,29179.7,29182.2,29171,29172.1,142
1783984080,29172.7,29178.2,29169.3,29175,140
1783984140,29175.1,29180.2,29173.3,29177.6,134
1783984200,29177.7,29181,29175.8,29180,168
1783984260,29180.1,29181.5,29168.8,29170.7,144
1783984320,29171,29172.6,29163.1,29167.7,176
1783984380,29168,29176.7,29162.2,29174.5,162
1783984440,29174.6,29174.8,29172.5,29173.8,110
1783984500,29174.7,29175.1,29168.6,29172.8,128
1783984560,29174.6,29182.8,29174.6,29181.2,162
1783984620,29180.1,29182.1,29178.8,29181,112
1783984680,29179.8,29183.5,29179.8,29182.8,122
1783984740,29183,29183.1,29179.5,29182.2,118
1783984800,29183.2,29186.1,29178.6,29179.5,132
1783984860,29180,29187.8,29179.3,29180.7,136
1783984920,29180.8,29184.2,29176,29178.1,118
1783984980,29177.7,29191,29176.5,29188.7,160
1783985040,29188.5,29192.2,29185.7,29185.7,126
1783985100,29186,29186.8,29183.5,29184.2,94
1783985160,29184.7,29186.8,29182.7,29184.3,120
1783985220,29184.5,29186.8,29182.5,29182.7,104
1783985280,29183.2,29183.3,29180.2,29181.6,94
1783985340,29181.3,29182.6,29154.8,29161,136
1783985400,29162,29162,29149.2,29150.1,209
1783985460,29150.2,29152,29148,29148.5,156
1783985520,29148.6,29149.3,29144.8,29147.5,166
1783985580,29146.6,29147.7,29141.8,29145.5,162
1783985640,29145.3,29147.1,29143.8,29144.5,126
1783985700,29144.2,29159.8,29143.8,29159.6,138
1783985760,29161.6,29169.2,29154,29154,178
1783985820,29153.8,29154.2,29150.7,29152.8,132
1783985880,29152.7,29154.5,29144,29145.6,134
1783985940,29145.8,29148.8,29144.2,29147,126
1783986000,29147.2,29150.2,29143.2,29146.2,142
1783986060,29146.3,29148.3,29136.2,29138,160
1783986120,29137.8,29139.7,29127.7,29130.7,146
1783986180,29131.6,29131.7,29124.7,29131.5,178
1783986240,29130.5,29133.1,29122.1,29126.5,176
1783986300,29126.2,29146.6,29121.5,29136.2,268
1783986360,29137.5,29139.2,29128.1,29134.5,236
1783986420,29132.8,29137.1,29128.7,29132.2,224
1783986480,29132.3,29139.6,29128.8,29136,202
1783986540,29137.2,29141.2,29133.2,29135.5,208
1783986600,29135.6,29141.3,29128.8,29138.8,214
1783986660,29139.3,29144.6,29128.7,29137.6,238
1783986720,29138.1,29155.1,29135.1,29151,260
1783986780,29151.5,29174.1,29148.6,29171.2,246
1783986840,29171.3,29182.8,29168,29175.3,244
1783986900,29175.7,29178.2,29159.8,29177.7,260
1783986960,29178.5,29187.2,29176.6,29179.2,238
1783987020,29178.2,29189.2,29176.5,29187.5,248
1783987080,29187.2,29206.3,29181.6,29205.1,272
1783987140,29206.2,29215.6,29201.5,29212.3,282
1783987200,29213.5,29237.3,29192,29234.8,318
1783987260,29235.7,29243.2,29221.7,29224.8,302
1783987320,29226.7,29226.7,29197.5,29198.6,306
1783987380,29200.3,29208.1,29171.2,29175,306
1783987440,29176.6,29185.7,29146.7,29156.8,296
1783987500,29157.5,29170.2,29140.3,29150,300
1783987560,29151.3,29166.8,29134.8,29165.2,302
1783987620,29163.7,29164.7,29126.8,29129.7,300
1783987680,29129.2,29133.8,29120.3,29133.2,304
1783987740,29133.7,29153,29124.5,29151.3,308
1783987800,29156.7,29222.5,29156.7,29222.2,314
1783987860,29219.1,29229.9,29201,29219.3,308
1783987920,29215.7,29234.3,29214.6,29221.7,304
1783987980,29220.2,29241.6,29192.6,29237.7,304
1783988040,29237.3,29259.2,29232.5,29256.2,302
1783988100,29256.1,29268.1,29242.5,29242.5,300
1783988160,29240.5,29247,29223.8,29224.1,304
1783988220,29225.6,29231,29206.7,29223.8,306
1783988280,29222.3,29234.3,29215.8,29220.3,308
1783988340,29219.1,29226.1,29186.5,29187,294
1783988400,29187.5,29191.3,29164.3,29191.3,312
1783988460,29194,29236.2,29191.2,29232.1,302
1783988520,29230.3,29243,29223,29228,306
1783988580,29228.5,29228.5,29202.8,29207.1,304
1783988640,29206.2,29237.7,29205,29236.2,298
1783988700,29234.1,29236.7,29204,29206,304
1783988760,29207,29212.8,29196.2,29207.1,302
1783988820,29205.2,29208.8,29190.2,29197.2,306
1783988880,29198.3,29199.8,29172.8,29189.5,294
1783988940,29190.1,29220.1,29190.1,29212.6,314
1783989000,29212.7,29226.6,29199.7,29219.3,302
1783989060,29222.2,29227.8,29208.8,29219.6,292
1783989120,29216.1,29238.3,29206.7,29231.7,292
1783989180,29229.7,29257,29227.7,29249.1,298
1783989240,29246,29264.1,29244.7,29249.1,294
1783989300,29251.1,29273.3,29243.7,29270.7,294
1783989360,29267.3,29275.8,29257.8,29275.1,296
1783989420,29274.7,29281.3,29263,29264.5,290
1783989480,29263.8,29268.3,29253.5,29267,294
1783989540,29265.7,29265.7,29235.8,29245.7,292
1783989600,29248.6,29270.1,29241.2,29259.1,306
1783989660,29259,29262.2,29237.7,29240.3,292
1783989720,29241,29244.8,29222,29237.5,290
1783989780,29238.7,29238.7,29201,29201.1,280
1783989840,29200.7,29212.3,29192.7,29209.1,286
1783989900,29211.3,29240.8,29205.7,29232.6,302
1783989960,29231.7,29241.1,29223.1,29237.1,288
1783990020,29236.6,29248.3,29226.2,29244.8,294
1783990080,29245.1,29253.2,29232,29246.3,280
1783990140,29246.6,29253.2,29241.6,29249.2,292
1783990200,29248.5,29280.5,29248.2,29264,296
1783990260,29262.3,29289.5,29255.1,29287.6,294
1783990320,29287.3,29292,29273.8,29273.8,286
1783990380,29275.1,29294.2,29273,29286.1,280
1783990440,29286.2,29304.1,29286.2,29300.1,276
1783990500,29299.6,29326.3,29298.3,29324.6,270
1783990560,29324,29325.6,29309.6,29312.2,268
1783990620,29313.6,29323.3,29311.6,29314.5,250
1783990680,29314.2,29327.3,29314,29322.1,256
1783990740,29321.7,29323.8,29312.6,29314.7,268
1783990800,29316.1,29321.3,29304,29315.1,292
1783990860,29313.6,29326.1,29313,29317.5,294
1783990920,29319,29330.2,29314.7,29327.2,280
1783990980,29327.1,29333.6,29322.7,29325.1,280
1783991040,29324.6,29330.1,29315.6,29326.7,278
1783991100,29325.7,29332.5,29310.8,29318.8,284
1783991160,29317.8,29317.8,29303.6,29305.1,276
1783991220,29304.7,29318.8,29303.6,29311.7,290
1783991280,29311.1,29328.2,29309.1,29320.8,304
1783991340,29320.1,29326.2,29304.2,29310.7,276
1783991400,29312.6,29316,29298.7,29298.7,290
1783991460,29299.6,29312.5,29296.5,29307.8,272
1783991520,29307.5,29313.5,29291.1,29293.3,286
1783991580,29294.1,29297.3,29285.5,29293.6,286
1783991640,29292.8,29292.8,29274.8,29282.7,264
1783991700,29282.2,29297.3,29274.2,29289.2,290
1783991760,29289.5,29299.3,29282.7,29298,290
1783991820,29297.7,29310.8,29293.6,29310.2,288
1783991880,29311.5,29314.6,29303.3,29307.7,280
1783991940,29305.7,29312.2,29299.5,29308,282
1783992000,29306.5,29314,29295.3,29298.2,290
1783992060,29297.8,29308.5,29286.5,29292.2,278
1783992120,29291.6,29293.1,29278.6,29282.7,282
1783992180,29284.1,29307.6,29284.1,29291.8,278
1783992240,29291.7,29293.5,29284.1,29290.2,268
1783992300,29288.8,29302,29285.6,29300,260
1783992360,29299.7,29313.3,29299.6,29311,264
1783992420,29309.8,29320.7,29308.5,29319.7,268
1783992480,29319.8,29320.2,29300.5,29300.5,274
1783992540,29300.6,29307.7,29296.1,29297.6,274
1783992600,29299.8,29308.1,29280.7,29282.6,282
1783992660,29282,29283.1,29264.2,29280.7,286
1783992720,29281.8,29290.7,29269.3,29273.8,282
1783992780,29273.5,29288.2,29270.7,29282.7,288
1783992840,29282.8,29289.2,29273.2,29277.6,288
1783992900,29277.3,29283,29265.6,29273,294
1783992960,29272.3,29281.5,29252.2,29258.8,288
1783993020,29259.8,29263.2,29247.8,29258.1,278
1783993080,29258.6,29266.6,29246.3,29253.6,286
1783993140,29253.1,29264,29252.8,29262.3,286
1783993200,29263.6,29274.5,29248.8,29248.8,298
1783993260,29247.5,29247.6,29234.7,29238.8,286
1783993320,29239.5,29260.2,29238.5,29259.1,274
1783993380,29259.6,29270.5,29259.6,29265,272
1783993440,29265.1,29275.2,29262.6,29266.8,286
1783993500,29267.7,29282.5,29267.3,29280.1,278
1783993560,29278.6,29288.7,29271.6,29288.3,292
1783993620,29287.6,29289.7,29271.2,29280.5,280
1783993680,29281,29296.1,29279.6,29295.5,256
1783993740,29295.2,29296.2,29289,29291.1,260
1783993800,29291,29294.8,29265.7,29270.3,268
1783993860,29270.2,29279.3,29264,29276.6,282
1783993920,29278,29290.3,29275.7,29288.2,274
1783993980,29288.3,29288.3,29269.2,29270.5,260
1783994040,29270.1,29270.1,29264.2,29266.7,258
1783994100,29266,29267.5,29243.3,29248,250
1783994160,29248.1,29251,29233.6,29236.3,268
1783994220,29237.3,29246.8,29233.7,29241.7,274
1783994280,29243.7,29245.7,29235.6,29236.7,274
1783994340,29236.3,29241.5,29230.5,29240.3,266
1783994400,29241.6,29248.5,29223.7,29226.3,280
1783994460,29224.5,29248.2,29224.5,29240.6,286
1783994520,29240.5,29258.3,29239.3,29257,278
1783994580,29257.3,29265.3,29254.3,29259.6,264
1783994640,29259.8,29260.6,29250.5,29257.1,260
1783994700,29257.8,29272.7,29254.5,29264.3,290
1783994760,29262.8,29269.8,29260.2,29269.8,278
1783994820,29270.1,29279.8,29269.1,29273.8,284
1783994880,29273.7,29281.2,29270.3,29270.6,276
1783994940,29270.3,29273.7,29258.2,29258.2,272
1783995000,29257.7,29262.1,29246.7,29249.1,290
1783995060,29249.3,29254.7,29246.3,29252,262
1783995120,29251.5,29251.5,29227.1,29229.7,266
1783995180,29228,29231.3,29219.5,29226.2,266
1783995240,29226.1,29227.6,29217.5,29217.5,264
1783995300,29218.3,29221.3,29211.2,29219.6,280
1783995360,29220.7,29224.5,29211.7,29223.7,296
1783995420,29224.6,29228.7,29210.6,29212.5,284
1783995480,29211.2,29218.1,29205.1,29208.1,278
1783995540,29208,29210,29193.5,29193.5,256
1783995600,29193.7,29199.5,29183.7,29188.2,298
1783995660,29189.2,29196.8,29178,29194.2,288
1783995720,29194.8,29204.2,29182.8,29185.5,273
1783995780,29183.8,29189.3,29176.3,29189.3,298
1783995840,29187.5,29187.5,29169.5,29175.8,268
1783995900,29176.7,29182.1,29167.5,29170.2,250
1783995960,29170.5,29174,29166.7,29172.2,258
1783996020,29172.3,29177.1,29167,29171.3,246
1783996080,29171.2,29182.2,29170.8,29182.2,260
1783996140,29182.7,29196.6,29175.6,29194.1,276
1783996200,29196.3,29197.7,29187.8,29195.6,274
1783996260,29195.3,29203.6,29185.6,29186.8,286
1783996320,29187,29194.7,29182.5,29183.3,258
1783996380,29182.8,29182.8,29174.5,29179.3,242
1783996440,29178.2,29178.6,29164.3,29168.1,256
1783996500,29168,29183.2,29159.8,29175.5,274
1783996560,29175.7,29182.2,29173.8,29180,272
1783996620,29179.8,29186.2,29174.6,29185.8,274
1783996680,29186.1,29205.8,29183.5,29203.3,288
1783996740,29202.7,29222.2,29200.2,29220.6,270
1783996800,29218.2,29228.4,29214,29227.4,282
1783996860,29227.9,29233.3,29223.3,29228.6,282
1783996920,29229,29235.7,29226.8,29231.5,264
1783996980,29232.1,29243.8,29232.1,29242.8,262
1783997040,29243,29248.1,29234,29238,276
1783997100,29237.7,29244.5,29234.2,29235.2,260
1783997160,29235.8,29244,29230,29242.5,259
1783997220,29243.6,29245.6,29235.3,29236.3,246
1783997280,29237,29239.1,29226.1,29226.1,268
1783997340,29226,29237.2,29221.7,29236.8,250
1783997400,29236.6,29238,29217.3,29218.7,250
1783997460,29218,29222.3,29210.5,29211.5,240
1783997520,29210,29210.8,29193.7,29195.1,262
1783997580,29196.3,29197.6,29184.1,29189.3,256
1783997640,29188.8,29190.5,29180.8,29182.8,266
1783997700,29183,29191.5,29182.1,29189.2,260
1783997760,29189.6,29191.1,29176.7,29180.1,262
1783997820,29180.3,29184.3,29178,29180.1,254
1783997880,29179.8,29189,29179,29181.6,250
1783997940,29181.8,29188.8,29179,29181.2,254
1783998000,29181.3,29184.7,29167,29171.2,274
1783998060,29171,29176.3,29170.2,29173.2,248
1783998120,29173.7,29177.3,29160.6,29160.6,256
1783998180,29161.5,29163.7,29152.2,29155.1,254
1783998240,29155.6,29160.3,29148.2,29156.7,238
1783998300,29156.2,29157.1,29148.5,29154.2,234
1783998360,29154.7,29162.1,29149.8,29158.7,252
1783998420,29158.2,29161,29149,29152.2,274
1783998480,29152.3,29154.5,29146,29149.7,234
1783998540,29150,29157.1,29145,29151.2,258
1783998600,29151.7,29152.1,29139.5,29144.6,252
1783998660,29144.5,29150.1,29137.3,29138.8,264
1783998720,29138.6,29141.1,29133.3,29134,250
1783998780,29134.1,29134.7,29124.8,29127.6,254
1783998840,29127.7,29131.3,29122.6,29129.1,248
1783998900,29128.8,29130.3,29120.3,29123.8,252
1783998960,29124.5,29126.8,29120.3,29124.5,254
1783999020,29124.1,29129.6,29101.3,29101.3,268
1783999080,29104.1,29113.6,29101.2,29112.2,256
1783999140,29112.3,29117.7,29104.5,29116.1,268
1783999200,29116.7,29117,29103.5,29105.6,256
1783999260,29106.3,29112.2,29097,29098.7,240
1783999320,29098.6,29105.2,29097.8,29105,264
1783999380,29106.1,29137.5,29104.7,29137.5,264
1783999440,29138.6,29142.3,29122.2,29124,268
1783999500,29123.2,29136.6,29122,29133.7,270
1783999560,29133.1,29144.7,29133.1,29140.3,258
1783999620,29140.5,29149.1,29138.5,29147.3,254
1783999680,29146.6,29160.1,29146.6,29155.2,268
1783999740,29155.5,29170.6,29153.8,29170.3,262
1783999800,29167.1,29190.1,29162.6,29179.1,292
1783999860,29179.2,29191.3,29176.1,29190.7,268
1783999920,29190.3,29197.3,29165.5,29165.5,278
1783999980,29165.7,29170.1,29149.6,29161.1,292
1784000040,29162.2,29162.2,29150.6,29154,282
1784000100,29154.2,29167.7,29147.6,29157.2,286
1784000160,29156.6,29156.6,29145.3,29146.1,272
1784000220,29146,29162.6,29138.8,29159.8,282
1784000280,29158.3,29172.1,29155.8,29160.5,262
1784000340,29158.3,29168.6,29153.8,29164.1,262
1784000400,29164.6,29165.5,29149.3,29152.7,276
1784000460,29153.2,29164.1,29151.3,29154.7,268
1784000520,29155.1,29164.7,29129.1,29140,278
1784000580,29140.2,29142.5,29127.8,29136.6,280
1784000640,29136.5,29170.7,29135,29152.2,292
1784000700,29152.3,29160,29147,29157.3,294
1784000760,29157,29167.3,29152.5,29165.6,260
1784000820,29165.7,29178.8,29161.6,29175.3,270
1784000880,29176.7,29191.6,29171.1,29189,278
1784000940,29189.2,29197.6,29177.8,29177.8,268
1784001000,29175.7,29190,29175.2,29186.3,288
1784001060,29185.8,29199.7,29182.5,29196,266
1784001120,29194.7,29208.2,29190.7,29207.5,254
1784001180,29207.2,29219,29206.6,29213.5,250
1784001240,29213.2,29213.2,29206.6,29210.5,260
1784001300,29209.6,29218.3,29201.1,29211,268
1784001360,29212,29217.7,29208,29209.8,252
1784001420,29209.6,29214,29204.6,29207,248
1784001480,29204.3,29217.3,29201.1,29216.8,258
1784001540,29216.7,29221,29215,29217,254
1784001600,29217.6,29227.2,29217.6,29225.8,242
1784001660,29225.2,29227.6,29211.1,29211.8,244
1784001720,29211.3,29222.7,29205.6,29219.6,258
1784001780,29220.2,29235.6,29216.5,29232.8,234
1784001840,29232.7,29237.3,29222.5,29225.7,272
1784001900,29225.5,29236.7,29217.8,29218.6,252
1784001960,29218.1,29218.1,29208.7,29209.8,224
1784002020,29211.3,29212.6,29203.8,29209.5,248
1784002080,29209.7,29210.7,29196.2,29200.3,256
1784002140,29200.1,29200.1,29186.7,29190.7,236
1784002200,29191.2,29191.6,29171.1,29174.5,246
1784002260,29174.7,29176.5,29169.5,29170.3,238
1784002320,29171.1,29176.1,29165.2,29174,254
1784002380,29173.2,29185.7,29166.6,29185.5,242
1784002440,29185.3,29194.2,29183.6,29184.6,256
1784002500,29184.3,29184.3,29173.7,29180.1,252
1784002560,29179.3,29189.3,29176.7,29181.6,248
1784002620,29181.8,29190.8,29181.3,29186.3,244
1784002680,29186.1,29190,29176.3,29190,258
1784002740,29191.2,29197.1,29188,29188.2,242
1784002800,29188.1,29214,29188,29212,258
1784002860,29212.2,29215.1,29208.8,29215.1,240
1784002920,29214.7,29219.7,29209.7,29219,258
1784002980,29218.5,29224,29212.8,29219.8,244
1784003040,29220.1,29220.3,29209.2,29219.2,256
1784003100,29218.7,29223.7,29214.7,29217.6,236
1784003160,29216.7,29227.1,29216.7,29226.8,244
1784003220,29226.3,29246.2,29224.8,29242,252
1784003280,29241.3,29244,29238.7,29242.3,244
1784003340,29241.3,29245.2,29237.8,29242.6,230
1784003400,29242.3,29249,29235.7,29243.6,268
1784003460,29241.2,29245.1,29236.7,29241.1,234
1784003520,29241.5,29246.6,29238.8,29246,222
1784003580,29246.6,29252.8,29245,29246.7,236
1784003640,29248,29256.1,29246.2,29255.8,208
1784003700,29256,29258.2,29252.5,29258.1,242
1784003760,29258.3,29266,29256.7,29260.5,228
1784003820,29261.3,29272.6,29258.7,29268.2,246
1784003880,29268.6,29275.3,29266.7,29273,234
1784003940,29273.2,29280,29272.7,29277,220
1784004000,29277.2,29277.7,29269.3,29270.5,246
1784004060,29270,29273.7,29261.2,29267.2,242
1784004120,29267.5,29276.7,29266.3,29274.6,234
1784004180,29274.3,29280,29270.2,29273.2,230
1784004240,29273.1,29275.3,29266.7,29268,244
1784004300,29267.3,29280.3,29265.6,29279.7,230
1784004360,29279.5,29282.6,29274.3,29282.6,230
1784004420,29282.1,29285.5,29280.1,29282.1,208
1784004480,29282.2,29291.1,29280.5,29287.7,218
1784004540,29287.3,29292.5,29285.1,29287.6,230
1784004600,29287.3,29294.5,29283.2,29283.3,210
1784004660,29283.7,29289.7,29282.7,29285.2,226
1784004720,29285.1,29285.7,29278,29282.6,230
1784004780,29283,29285.5,29274.3,29275.5,234
1784004840,29275,29291.6,29271.2,29291.5,230
1784004900,29290.7,29299.5,29288.5,29295.8,232
1784004960,29295.6,29299.2,29291.6,29299.2,240
1784005020,29299,29302.1,29296.2,29299.2,216
1784005080,29298.6,29301.5,29295.8,29300.3,214
1784005140,29301.8,29308.2,29300.6,29302.5,236
1784005200,29303.7,29303.7,29294.2,29300.5,274
1784005260,29300.6,29300.7,29290.1,29291.8,246
1784005320,29291.7,29292.8,29282.7,29289,252
1784005380,29289.5,29305.8,29288.3,29304.1,224
1784005440,29304,29305.6,29300.6,29303.8,228
1784005500,29304,29310.1,29300.1,29309.2,250
1784005560,29308.8,29309.7,29302.5,29308.5,234
1784005620,29309.1,29315.3,29308,29311.1,238
1784005680,29311.6,29312.5,29302,29310,234
1784005740,29309,29325.8,29308.8,29315.6,230
1784005800,29316,29319.5,29314.2,29318.1,228
1784005860,29318.2,29325.8,29317.3,29321.6,226
1784005920,29319.5,29326.1,29315.6,29316,236
1784005980,29316.7,29326.3,29315.5,29324,252
1784006040,29324.3,29340.6,29323.5,29338.6,232
1784006100,29337.8,29342,29334.8,29334.8,232
1784006160,29335,29342.3,29332.1,29338.6,222
1784006220,29338.2,29340.3,29333.2,29337.2,226
1784006280,29337,29343.8,29329.7,29331.8,220
1784006340,29329.5,29339.7,29328,29339.5,226
1784006400,29340.7,29349.3,29339.8,29344.5,236
1784006460,29344.3,29367.1,29344.3,29366.5,262
1784006520,29366.1,29377.5,29365.6,29375.1,250
1784006580,29375.5,29384.2,29375.5,29381.5,258
1784006640,29381.6,29386.1,29379,29381,244
1784006700,29378.8,29387.2,29375.5,29386.7,234
1784006760,29387,29401.8,29384.8,29401,248
1784006820,29397.2,29402.1,29389.1,29399.6,236
1784006880,29399.7,29402,29391.7,29392.2,244
1784006940,29392.5,29397,29389.1,29395.8,233
1784007000,29398.1,29419.3,29398.1,29418.8,262
1784007060,29419.5,29424.6,29414.1,29415,254
1784007120,29414,29419.2,29410.7,29417.6,222
1784007180,29417.2,29419.3,29414.2,29414.7,232
1784007240,29415,29416,29393.6,29394.6,264
1784007300,29394.1,29403,29393.5,29396.5,262
1784007360,29396.6,29398.3,29388.7,29392.3,244
1784007420,29392.6,29398.5,29388.5,29388.8,248
1784007480,29388.5,29390.3,29381.3,29383.1,246
1784007540,29381.7,29387.2,29379,29387.2,220
1784007600,29386.1,29389.8,29373.6,29376.5,244
1784007660,29376.6,29377.7,29372.3,29373.1,232
1784007720,29373.2,29385.1,29370.8,29382.5,270
1784007780,29380.3,29389.8,29379,29385,260
1784007840,29384.5,29391.3,29384.5,29388,266
1784007900,29388.8,29398.5,29382.2,29382.2,248
1784007960,29382.5,29390.7,29379.8,29380.6,228
1784008020,29382.1,29389,29377.2,29380.3,248
1784008080,29380.7,29390.3,29375.7,29390.1,232
1784008140,29389.7,29393.5,29385.6,29387.6,238
1784008200,29388,29388,29380.2,29385.1,258
1784008260,29385.2,29390.5,29382,29385.2,264
1784008320,29386,29391,29380.6,29381.7,250
1784008380,29382.3,29393.3,29381.7,29390.6,258
1784008440,29390.1,29393.8,29384.5,29392.5,250
1784008500,29392,29394.7,29385.7,29388,220
1784008560,29387.8,29393,29382.5,29383.5,232
1784008620,29383.2,29395.7,29383.2,29395.7,260
1784008680,29394.8,29397.3,29390.5,29392.1,246
1784008740,29391.5,29392.6,29384,29385.7,242
1784008800,29387.2,29396.6,29380.6,29393.6,258
1784008860,29393.7,29403.2,29392.6,29403.2,262
1784008920,29402.1,29404.6,29393.2,29396.7,254
1784008980,29395.8,29401.3,29389.2,29394.8,242
1784009040,29393.7,29400.1,29390.7,29397.6,246
1784009100,29399,29405.2,29398.6,29404.6,238
1784009160,29403.8,29408.7,29401,29406.1,234
1784009220,29403.5,29413,29403,29411.2,242
1784009280,29412,29416.3,29405.8,29408.8,228
1784009340,29408.3,29412.5,29404.2,29411.2,222
1784009400,29411.5,29421.6,29411.2,29420.3,230
1784009460,29420.1,29420.1,29413,29415,212
1784009520,29415.6,29416.7,29403.7,29407.7,228
1784009580,29407.8,29425.1,29407.8,29422.6,220
1784009640,29422.7,29427.1,29421.2,29422.8,232
1784009700,29422.5,29428.7,29422,29426.6,224
1784009760,29426.5,29428.5,29418.7,29419.5,234
1784009820,29419.6,29427.1,29414.5,29426.1,236
1784009880,29426.5,29430.7,29425.2,29429.6,184
1784009940,29429.8,29442.1,29428.7,29434.7,236
1784010000,29434.1,29441.7,29432.6,29438.8,210
1784010060,29439,29439.8,29429.6,29431.7,208
1784010120,29432.2,29432.2,29418.3,29425.2,244
1784010180,29425.1,29427,29416.3,29418.5,194
1784010240,29419.1,29423.3,29408.8,29410.6,196
1784010300,29409.1,29414.3,29405.8,29412.5,250
1784010360,29413,29414.1,29402.7,29402.7,238
1784010420,29403.5,29407.1,29399.7,29404.8,210
1784010480,29403.5,29403.5,29389.2,29398.3,224
1784010540,29398.5,29405.5,29396.1,29397.7,232
1784010600,29401.8,29415.5,29394.7,29414.6,260
1784010660,29414.3,29420.8,29411.6,29417.7,240
1784010720,29417.5,29427.1,29415.3,29424.8,222
1784010780,29424.1,29425.8,29418.7,29424,226
1784010840,29423.7,29425.6,29421.1,29423.1,234
1784010900,29422.3,29424.6,29410.5,29412.1,218
1784010960,29412.6,29416.5,29408.5,29409.7,224
1784011020,29410.2,29410.7,29403.1,29406.1,226
1784011080,29406.2,29414.2,29406.2,29406.5,198
1784011140,29406.8,29410.1,29404.3,29408,212
1784011200,29407.8,29407.8,29397.6,29400.5,184
1784011260,29401.3,29404.2,29397.8,29400.1,186
1784011320,29401.5,29402.3,29388.8,29388.8,196
1784011380,29388.7,29391.2,29386.6,29391.2,198
1784011440,29390.6,29390.8,29386.6,29390.8,200
1784011500,29390.5,29391.1,29377.5,29378.8,222
1784011560,29378.5,29382.1,29375,29377.2,184
1784011620,29377.1,29379.6,29372.5,29377.8,230
1784011680,29377.3,29377.3,29369.8,29370.2,198
1784011740,29370,29379.6,29368.3,29373.5,210
1784011800,29373.8,29378.8,29373.8,29378.2,200
1784011860,29379,29381.1,29375.2,29376.7,194
1784011920,29377.2,29378,29371.2,29374.2,188
1784011980,29374.3,29375.6,29370.8,29373.7,176
1784012040,29372,29374.8,29365.5,29365.5,186
1784012100,29365.7,29373.3,29362.7,29370,218
1784012160,29370.1,29370.5,29359.6,29360.1,200
1784012220,29360.5,29367.3,29359,29366.6,206
1784012280,29366.3,29368.1,29362,29363.8,200
1784012340,29364.1,29366.6,29356.6,29357.1,232
1784012400,29358.3,29358.3,29339.6,29348.6,288
1784012460,29349.6,29359.5,29346.6,29348.8,250
1784012520,29349.3,29351.3,29341.6,29345.2,238
1784012580,29345.3,29354.3,29342.3,29354.3,250
1784012640,29353.6,29379.1,29351.2,29378.2,248
1784012700,29378,29388.8,29374.8,29384.8,252
1784012760,29382.6,29387.8,29380.8,29382.7,230
1784012820,29383.1,29394,29382,29388.7,242
1784012880,29388,29395.2,29385,29389.6,224
1784012940,29389.7,29394.1,29383.8,29385.6,214
1784013000,29385,29386.6,29372.1,29373.5,250
1784013060,29373.7,29380.1,29370.5,29372.8,246
1784013120,29373.1,29384.5,29373,29380.8,256
1784013180,29378.5,29384.7,29374.7,29382.6,236
1784013240,29382.8,29393.7,29379.8,29393.1,244
1784013300,29392.8,29396.7,29385,29385.1,258
1784013360,29385.7,29392.5,29385.2,29391,240
1784013420,29390.7,29391.7,29377.2,29387.2,248
1784013480,29387.6,29389.6,29379.7,29382.5,212
1784013540,29382.6,29389.7,29381.3,29384.5,242
1784013600,29384.1,29395.3,29377,29394,242
1784013660,29394.2,29394.2,29379.8,29379.8,236
1784013720,29380.8,29382.6,29369.7,29380.3,254
1784013780,29379.5,29390,29379.5,29389.7,218
1784013840,29390,29391.8,29380,29387.3,240
1784013900,29387.2,29403.2,29387,29391.2,238
1784013960,29391,29411.5,29390.1,29410.5,228
1784014020,29410.2,29413.7,29395.8,29400.6,228
1784014080,29401.3,29404.6,29394.3,29404.5,242
1784014140,29403.2,29408.5,29396.2,29400.1,232
1784014200,29400.5,29400.5,29382.3,29387,252
1784014260,29387.5,29397.2,29382.3,29382.7,264
1784014320,29382.3,29391,29381.2,29384.2,226
1784014380,29384.3,29386.7,29369.6,29386.7,248
1784014440,29386.6,29401.2,29384.8,29395.8,250
1784014500,29394.2,29394.5,29382.2,29383.8,254
1784014560,29385.2,29391.6,29381,29390.3,228
1784014620,29390.2,29390.2,29378.3,29384.7,236
1784014680,29383.8,29399.2,29381.3,29396.7,242
1784014740,29396.8,29397.2,29388.5,29392.2,224
1784014800,29393.7,29393.7,29377,29377,250
1784014860,29376,29385,29370,29370,242
1784014920,29369.3,29373.8,29366.3,29369.6,244
1784014980,29370.8,29372.3,29361.2,29368.5,250
1784015040,29370.2,29372.6,29364,29368.5,232
1784015100,29369.3,29369.8,29359.2,29359.5,240
1784015160,29360.1,29364.7,29350,29364.2,266
1784015220,29363.6,29378.8,29361.1,29377,246
1784015280,29377.1,29380.5,29368.6,29380.5,240
1784015340,29378.2,29389.6,29371.2,29389.6,256
1784015400,29389.5,29393.8,29384.3,29390.3,256
1784015460,29390.5,29400.2,29387.7,29397.2,254
1784015520,29396.5,29399.3,29387.1,29399.3,234
1784015580,29399,29401.8,29392,29395.1,236
1784015640,29395,29401.5,29391.5,29391.6,220
1784015700,29391.5,29394.7,29381,29387,236
1784015760,29386.2,29387,29374.2,29378.3,242
1784015820,29377.8,29381,29366.3,29371.7,224
1784015880,29370.8,29375.8,29365.8,29367.7,218
1784015940,29367.8,29368.2,29361.2,29365.5,225
1784016000,29366,29372.9,29356.3,29366.5,294
1784016060,29366.3,29380.2,29366.3,29369.2,260
1784016120,29370.1,29394.5,29370.1,29389.2,288
1784016180,29387.7,29393.3,29354,29362.3,284
1784016240,29364.2,29381,29364.2,29378.3,278
1784016300,29380.3,29382.6,29363,29364.6,262
1784016360,29363.5,29367.3,29358.1,29362,238
1784016420,29362.8,29364.5,29341,29341,268
1784016480,29341.6,29356.6,29341.6,29355,252
1784016540,29357.1,29363.2,29349.4,29349.4,252
1784016600,29351.6,29365.5,29349,29364.7,253
1784016660,29365.1,29365.5,29352,29356.8,226
1784016720,29356.5,29369.3,29356.5,29369.3,256
1784016780,29368.5,29378.2,29359.8,29376.6,246
1784016840,29375.7,29376.2,29368.1,29373.5,234
1784016900,29374,29392.5,29374,29382.6,242
1784016960,29383.2,29403.5,29383.2,29402.7,250
1784017020,29403.5,29405.2,29395.2,29400.7,235
1784017080,29401.6,29406.7,29394.6,29400.7,238
1784017140,29400.5,29402.2,29396.7,29398.1,236
1784017200,29398,29402.2,29390.5,29395.2,220
1784017260,29395.5,29402.2,29394,29396.6,230
1784017320,29395.8,29404,29393,29393.8,244
1784017380,29392.6,29394.3,29385.7,29391,242
1784017440,29390.6,29398,29384,29389.1,250
1784017500,29389.6,29404.1,29389.6,29402.5,240
1784017560,29402.7,29410.7,29400.8,29407.8,234
1784017620,29407.6,29423.5,29407.3,29415.7,254
1784017680,29415.5,29419.6,29408.7,29411.3,256
1784017740,29410.8,29414.5,29407.5,29412.1,244
1784017800,29411.2,29419.3,29400.3,29418.2,242
1784017860,29418.5,29422.2,29414.8,29415.5,212
1784017920,29415.1,29417.2,29406.8,29408.8,236
1784017980,29410.1,29415.3,29407.2,29411.8,202
1784018040,29412.6,29418.6,29412.6,29413.8,174
1784018100,29414,29417.3,29407.3,29413.1,210
1784018160,29412.8,29426.1,29412.8,29424.8,216
1784018220,29425.1,29428.5,29417.6,29418.2,240
1784018280,29417.6,29418.2,29409.5,29414.5,230
1784018340,29414.3,29418.7,29411.1,29415,216
1784018400,29414.8,29417,29406.3,29406.5,224
1784018460,29408.2,29418.2,29406.1,29411.3,222
1784018520,29411.2,29411.6,29404,29411.1,218
1784018580,29410.5,29413.6,29407.6,29408.6,208
1784018640,29409.6,29411.3,29404.2,29407.1,206
1784018700,29407.2,29407.2,29394.3,29395.2,220
1784018760,29394.8,29401.8,29394.8,29395.8,210
1784018820,29395.6,29399.8,29390.8,29399.8,214
1784018880,29398.8,29399.5,29380.6,29383.2,238
1784018940,29382.8,29384.3,29374.3,29375.2,218
1784019000,29375.3,29377.1,29369.1,29371.5,198
1784019060,29371.7,29379.1,29365,29378,232
1784019120,29377.7,29380.1,29374,29376.5,224
1784019180,29376,29376.6,29368.6,29370.6,214
1784019240,29371,29386.8,29369.6,29384.1,228
1784019300,29383.8,29387.7,29378.7,29379.1,212
1784019360,29380,29383.5,29375.2,29378.7,216
1784019420,29377.7,29380.6,29365.6,29367.2,232
1784019480,29367.5,29375.1,29364.2,29374.3,234
1784019540,29374.1,29374.1,29364.7,29365.2,228
1784019600,29365.7,29366.7,29351.5,29364.7,240
1784019660,29365.5,29375.2,29362.3,29375.2,234
1784019720,29374.6,29379,29371.6,29374.2,232
1784019780,29374.5,29379.8,29365.7,29379.7,214
1784019840,29379.5,29393.3,29378.1,29391.7,252
1784019900,29391.6,29397,29387,29391.6,226
1784019960,29390.7,29391.8,29378.2,29383.3,232
1784020020,29383.1,29388.5,29382.5,29384.8,228
1784020080,29385,29401.1,29385,29399.5,236
1784020140,29399.8,29404,29398.1,29401.5,234
1784020200,29401.6,29402.7,29394.6,29402.2,224
1784020260,29402.3,29417.7,29401.7,29406.1,236
1784020320,29405.6,29415.8,29405.6,29413.6,196
1784020380,29413.3,29418.5,29407.7,29408.7,214
1784020440,29410,29418.3,29408.5,29417.5,216
1784020500,29417.2,29420.3,29409.7,29420.3,210
1784020560,29420.2,29421.5,29409.7,29414.7,204
1784020620,29414.5,29414.5,29395.5,29398.5,244
1784020680,29398.3,29398.8,29386.3,29388.2,240
1784020740,29389,29399.3,29389,29397.1,206
1784020800,29397.2,29399,29391.2,29391.5,214
1784020860,29391.2,29400.3,29391,29398.5,210
1784020920,29398,29400.5,29394.5,29394.5,202
1784020980,29394.6,29397.5,29387,29388.3,208
1784021040,29387.8,29391.7,29378.5,29382.6,194
1784021100,29383.3,29386.8,29378,29380.5,218
1784021160,29380.2,29388.2,29380.2,29387.5,178
1784021220,29387,29387,29378.1,29380,200
1784021280,29379.8,29382.8,29375.3,29376.3,174
1784021340,29378.6,29378.8,29365,29367.3,218
1784021400,29368.2,29377.5,29368.2,29374.6,200
1784021460,29375,29377.2,29368.7,29369.3,202
1784021520,29369.5,29380.3,29369.5,29376.7,214
1784021580,29376.3,29381.3,29372.2,29381.2,194
1784021640,29381,29383.6,29376.5,29379.3,216
1784021700,29379,29387.2,29375.8,29387.2,222
1784021760,29386.7,29387.3,29376.2,29377.7,192
1784021820,29377.8,29386.7,29377.7,29383.1,198
1784021880,29382.5,29386.6,29382.5,29383.8,182
1784021940,29384.2,29387.8,29383.1,29387.3,166
1784022000,29387,29391.5,29386.2,29391,184
1784022060,29390.3,29393.1,29387.6,29388,198
1784022120,29388.1,29399.2,29384.2,29396.8,170
1784022180,29397.2,29402.7,29396.7,29398.7,190
1784022240,29399.7,29400.3,29393.1,29393.1,172
1784022300,29392.3,29398.3,29390.3,29397.8,220
1784022360,29398.2,29399.1,29392.5,29398.3,202
1784022420,29397.5,29406.8,29395.7,29406.2,160
1784022480,29405.8,29415,29405.8,29410.2,214
1784022540,29410.3,29416.1,29409,29415.3,192
1784022600,29415.2,29416,29407.2,29411.5,196
1784022660,29411.7,29412.1,29397.8,29397.8,214
1784022720,29397.5,29401.1,29394.3,29395,214
1784022780,29395.1,29402.3,29394.2,29399.3,190
1784022840,29398.5,29401.5,29394.6,29401,172
1784022900,29401.5,29402.2,29393.3,29397.7,208
1784022960,29398.3,29398.5,29389.6,29393.5,184
1784023020,29393.7,29396.5,29390.5,29396.3,168
1784023080,29396.5,29397.2,29391.8,29392.2,184
1784023140,29391.7,29395.5,29389.8,29395.2,182
1784023200,29396.7,29396.8,29387.1,29394.6,216
1784023260,29394.5,29399.7,29393.3,29398.5,182
1784023320,29398.3,29402.2,29397.8,29400.7,186
1784023380,29400.5,29400.8,29391.5,29393.7,192
1784023440,29394.3,29403,29392.2,29402.1,182
1784023500,29402.5,29404,29393.6,29394.2,202
1784023560,29394.3,29401.2,29390.7,29399.7,200
1784023620,29399.6,29406.5,29399.6,29404.6,208
1784023680,29405,29407.8,29403.1,29407.2,146
1784023740,29407.8,29407.8,29404,29406.1,168
1784023800,29405.8,29410.3,29405,29410.3,174
1784023860,29410.1,29413.3,29407.2,29408.5,192
1784023920,29408.2,29410.1,29406.2,29407.3,172
1784023980,29407.5,29407.5,29395.3,29395.3,214
1784024040,29397.2,29399.3,29390.7,29398.2,184
1784024100,29398.7,29401.3,29395.5,29400,190
1784024160,29399.2,29401.2,29395,29395.1,186
1784024220,29394.8,29394.8,29385.7,29394.2,216
1784024280,29393.8,29396.3,29390.6,29396.2,188
1784024340,29396.7,29398.6,29391.2,29392,180
1784024400,29391.2,29392.5,29387.7,29389.1,156
1784024460,29388.3,29388.7,29384.1,29385.7,160
1784024520,29385.6,29389.8,29383.2,29384,196
1784024580,29384.2,29388.7,29383.3,29388.6,188
1784024640,29388.3,29394,29387.1,29390.8,166
1784024700,29390,29392.2,29386.2,29386.6,202
1784024760,29386.5,29386.8,29378.5,29382.7,192
1784024820,29383.5,29387.2,29382.3,29385.5,190
1784024880,29385.1,29389.1,29384.5,29386.7,184
1784024940,29386.5,29391.7,29385.8,29389.6,196
1784025000,29390,29393.7,29385.5,29386.6,204
1784025060,29386.7,29400.6,29371.6,29375.2,250
1784025120,29375.3,29384.8,29373.7,29379.7,246
1784025180,29379.5,29385.7,29379,29379.3,214
1784025240,29379.7,29387.3,29378.6,29383.3,176
1784025300,29383.5,29394.1,29379.8,29392.3,210
1784025360,29392.2,29403.2,29389.3,29402.2,234
1784025420,29401.1,29421.1,29400.7,29420.6,256
1784025480,29421.1,29425.3,29409.7,29412.7,250
1784025540,29413.7,29416.7,29408.2,29408.2,222
1784025600,29408.1,29408.7,29402.2,29404.3,218
1784025660,29404.5,29408,29393.3,29393.3,214
1784025720,29391.6,29393.5,29387.8,29391,208
1784025780,29389.8,29394.1,29388.6,29389,196
1784025840,29389.3,29401.5,29388,29397.1,208
1784025900,29396.7,29400.3,29393.6,29395.7,184
1784025960,29395.2,29403.2,29395,29402.7,188
1784026020,29403,29405,29397.7,29402.2,186
1784026080,29401.7,29403,29394.7,29402,210
1784026140,29402.1,29408.5,29402.1,29406,172
1784026200,29405.8,29413.2,29404.7,29412.5,170
1784026260,29412.2,29412.2,29402.1,29402.8,188
1784026320,29403,29404.7,29399,29400.5,172
1784026380,29399.8,29405,29395.7,29397.3,196
1784026440,29397.5,29398.5,29393,29394.6,190
1784026500,29394.5,29396.6,29385.6,29387,200
1784026560,29387.2,29393.2,29382,29382,204
1784026620,29382.2,29389.7,29382,29388.6,180
1784026680,29388.1,29400.8,29388.1,29397.6,210
1784026740,29397.3,29400.6,29396.2,29400.3,196
1784026800,29399.6,29414.6,29391,29396,260
1784026860,29394.8,29395.8,29374,29380.2,278
1784026920,29379.5,29380,29355.3,29367,278
1784026980,29366,29371.1,29354.3,29365.6,270
1784027040,29365.8,29372.8,29359.1,29365.5,274
1784027100,29365.6,29378,29357.7,29376.5,270
1784027160,29373.7,29384,29366,29383.6,268
1784027220,29382.2,29389,29372.1,29379.3,274
1784027280,29379.6,29388.5,29362.1,29362.1,264
1784027340,29363.2,29368.5,29357.1,29366.1,254
1784027400,29365.7,29366.6,29351.1,29351.6,264
1784027460,29349.5,29370.1,29349.5,29362.2,280
1784027520,29361.7,29368.1,29349.2,29359.5,258
1784027580,29359.1,29369.8,29354.7,29369,252
1784027640,29369.3,29401.8,29367,29400.3,272
1784027700,29400,29423.6,29397.5,29413.5,292
1784027760,29413.8,29417.7,29408.2,29416.1,258
1784027820,29416.7,29422.3,29407.5,29411.5,252
1784027880,29411.6,29416.8,29405,29408,252
1784027940,29407.5,29427.6,29403.1,29427.6,276
1784028000,29427.5,29437,29426.8,29436.1,268
1784028060,29435.6,29441,29420.6,29428.3,280
1784028120,29428.1,29431.8,29421.5,29427.2,242
1784028180,29425.7,29433.3,29422.8,29429.3,232
1784028240,29430.5,29452.1,29429.1,29449.1,252
1784028300,29447.1,29461.7,29442.5,29457.7,304
1784028360,29457.1,29460,29449.2,29453,272
1784028420,29451.6,29454.5,29445.5,29448.3,272
1784028480,29448.7,29463.1,29445.7,29446.5,258
1784028540,29447.8,29448.1,29433.7,29434.1,252
1784028600,29434,29443.8,29431.5,29435.3,278
1784028660,29434.6,29439.8,29430,29435.6,244
1784028720,29435.7,29456.5,29435.5,29456.5,256
1784028780,29458.8,29461,29434.8,29435.7,248
1784028840,29436.1,29436.1,29424.7,29426.2,236
1784028900,29427.1,29433.8,29424.5,29433.1,244
1784028960,29432.5,29433.1,29421.6,29421.6,246
1784029020,29421.5,29422.5,29409.2,29416,236
1784029080,29415.6,29421.8,29411.2,29418.2,238
1784029140,29417.8,29420.8,29414.5,29419.8,236
1784029200,29420,29425.7,29416.5,29418.1,218
1784029260,29418.2,29418.5,29407.6,29410.6,228
1784029320,29411.8,29412.3,29407.2,29410.6,222
1784029380,29410.3,29420.6,29410.3,29413.5,236
1784029440,29413.8,29415,29407.6,29413.6,226
1784029500,29413.5,29421.6,29410.7,29414.7,250
1784029560,29413.7,29426.5,29411.5,29426.5,226
1784029620,29426.6,29439.8,29426.6,29436.1,238
1784029680,29435.5,29447.5,29432.8,29445.2,256
1784029740,29446.3,29450,29434.3,29434.6,252
1784029800,29434.3,29440,29433.1,29437.2,228
1784029860,29437.3,29444.2,29431.6,29442.3,214
1784029920,29442.7,29447.3,29440.5,29446.6,234
1784029980,29447.3,29450.3,29445.8,29446.7,220
1784030040,29445.7,29448.8,29437.3,29438.5,216
1784030100,29437.7,29447.2,29437.7,29444.5,212
1784030160,29443.5,29445.6,29432.1,29434.1,216
1784030220,29434,29434,29427.7,29428.2,212
1784030280,29428.1,29428.5,29420.7,29421.6,224
1784030340,29421.3,29429.8,29420.3,29426.2,216
1784030400,29426.3,29430.2,29418.2,29419.3,238
1784030460,29419,29419.6,29408.1,29408.5,238
1784030520,29408.7,29408.7,29401.3,29401.6,222
1784030580,29401.3,29420.5,29401.3,29407.8,252
1784030640,29408.2,29408.2,29391.7,29392.8,238
1784030700,29392,29394.2,29381.2,29385.6,234
1784030760,29386,29386.8,29380.1,29385.1,228
1784030820,29384.1,29386,29375.5,29379.3,250
1784030880,29379.1,29393,29377.1,29393,230
1784030940,29392.8,29392.8,29380.1,29382.2,238
1784031000,29382.5,29387.5,29377,29383.6,234
1784031060,29383.7,29385.3,29363.3,29364.1,246
1784031120,29365,29377.7,29363.8,29377.2,214
1784031180,29376,29383.5,29372.2,29379.5,226
1784031240,29380.1,29386.1,29379.2,29382.6,200
1784031300,29383.5,29384.1,29370.8,29381.6,216
1784031360,29384,29391.5,29378.8,29390.2,224
1784031420,29390.3,29394.3,29386.7,29386.7,228
1784031480,29387.1,29396.3,29385.7,29395.5,236
1784031540,29395.8,29408.7,29395.5,29402.2,252
1784031600,29401,29401,29389.5,29394.1,262
1784031660,29394.8,29404.5,29391.5,29403.7,238
1784031720,29402.6,29422.5,29401.8,29420.6,242
1784031780,29418.7,29435.2,29418.7,29435,236
1784031840,29434.7,29445.2,29429.8,29444.8,238
1784031900,29444,29458.2,29443.7,29452.2,260
1784031960,29456.1,29461.7,29455.6,29458,248
1784032020,29458.7,29461.7,29454.7,29460.3,228
1784032080,29460.7,29466.6,29447.1,29447.1,232
1784032140,29446.8,29484.1,29445.6,29481.5,258
1784032200,29479.2,29700.2,29477.7,29700.2,283
1784032260,29696,29712.3,29653.6,29700.5,306
1784032320,29693.2,29708.7,29674.5,29679.5,310
1784032380,29675.7,29699.3,29668.7,29688.6,314
1784032440,29685.2,29696.3,29675.6,29691,296
1784032500,29690,29690,29644.1,29658,306
1784032560,29654.5,29666.1,29633,29641.5,302
1784032620,29642.1,29650.2,29612.7,29614.2,298
1784032680,29613,29640.6,29611.8,29630.1,302
1784032740,29629.6,29632.5,29603.1,29623.3,306
1784032800,29622.8,29627.5,29610.1,29617.3,288
1784032860,29618.2,29621.7,29599.2,29617.8,286
1784032920,29618.5,29639.7,29615.8,29636.1,288
1784032980,29633.7,29641.2,29618,29624.7,290
1784033040,29625.5,29626.6,29607,29615.1,286
1784033100,29614.6,29623.6,29600.8,29621.8,292
1784033160,29621.3,29630.7,29615.5,29619,274
1784033220,29618.8,29620,29579.8,29582,286
1784033280,29582.7,29601.1,29582.7,29588.2,268
1784033340,29587.5,29603.1,29584.5,29597,274
1784033400,29596.3,29596.8,29579,29593,284
1784033460,29591.5,29591.5,29575.1,29578.6,284
1784033520,29579.5,29586.8,29566.1,29569.2,270
1784033580,29570,29578.3,29563.5,29566.8,264
1784033640,29567.5,29574.7,29562.6,29565.5,266
1784033700,29568.2,29579.6,29557.1,29560.1,288
1784033760,29557.1,29558.6,29546.8,29556.7,278
1784033820,29557,29574.5,29552.5,29572.8,280
1784033880,29572.7,29574.2,29563.6,29566.5,270
1784033940,29568,29578.8,29563.8,29566,268
1784034000,29567,29581.8,29565.2,29581,280
1784034060,29581.1,29588.5,29572.3,29584,274
1784034120,29582,29585.2,29573.7,29575,286
1784034180,29574.1,29574.2,29557.8,29564.5,284
1784034240,29564.2,29570.1,29561.5,29568.5,248
1784034300,29566.8,29590.7,29563.8,29589.2,260
1784034360,29589.7,29593.7,29584.2,29593.7,280
1784034420,29592.2,29598.7,29585.2,29596,272
1784034480,29596.1,29600.7,29588.2,29595.5,254
1784034540,29594.7,29596.1,29581.6,29581.8,276
1784034600,29582.2,29589.1,29578.6,29586.6,264
1784034660,29586.3,29593.1,29585.5,29590.1,272
1784034720,29589,29590.6,29577,29577.5,270
1784034780,29577.1,29579.5,29570.3,29573.3,260
1784034840,29569.6,29575.5,29565.5,29575,264
1784034900,29577.5,29579.3,29562.2,29566.2,266
1784034960,29568,29578,29564.7,29571,268
1784035020,29571.3,29578.3,29562.6,29566,252
1784035080,29566.2,29568.2,29558.7,29558.7,252
1784035140,29559.7,29565.6,29549.2,29550.1,242
1784035200,29551.3,29566.5,29536.6,29566.3,304
1784035260,29566.6,29583.3,29565.3,29581.5,272
1784035320,29580.7,29586.5,29577.6,29582.3,248
1784035380,29584,29588.6,29581.1,29586,262
1784035440,29586.2,29590.6,29584.3,29588,268
1784035500,29602.2,29602.2,29591.3,29599.6,286
1784035560,29600.3,29607.2,29595.3,29603.3,288
1784035620,29603,29624.3,29599,29619.1,282
1784035680,29615.6,29615.6,29599.8,29599.8,286
1784035740,29598.8,29610.2,29587.8,29604,296
1784035800,29604.3,29604.3,29545.3,29562.1,326
1784035860,29562.9,29585.6,29518.6,29539,316
1784035920,29539.4,29561.9,29528.4,29528.4,308
1784035980,29525.1,29547.6,29516.3,29524.5,314
1784036040,29520.4,29524.6,29483.9,29486.6,320
1784036100,29485.9,29528.4,29479.3,29501.1,316
1784036160,29501.3,29522.6,29487.6,29515.5,318
1784036220,29515.1,29564.1,29501.9,29554.5,306
1784036280,29555.3,29586.4,29542.8,29582.3,314
1784036340,29581.4,29588.4,29562.8,29562.8,312
1784036400,29563.4,29568.9,29543.4,29554.1,310
1784036460,29557.9,29559.3,29528.6,29557.3,316
1784036520,29557.8,29572.8,29511.4,29522.4,316
1784036580,29521.6,29532.3,29494.8,29513.6,312
1784036640,29506.9,29549.5,29506.9,29548.3,316
1784036700,29546.5,29597,29545.1,29590.8,314
1784036760,29589,29597,29557.9,29564.6,326
1784036820,29565,29567.4,29519.1,29545.5,314
1784036880,29547.4,29572,29540.1,29559.8,320
1784036940,29558.8,29570.1,29546.5,29557.4,318
1784037000,29562.8,29583.6,29537,29544.1,316
1784037060,29545.1,29579.1,29543.9,29561.1,320
1784037120,29559.1,29566.4,29522.8,29526,322
1784037180,29526.6,29575.8,29508.9,29573.3,314
1784037240,29573.4,29591,29551.8,29551.8,308
1784037300,29550.8,29557.9,29531.9,29534.9,316
1784037360,29536.3,29561.6,29536.3,29551.3,316
1784037420,29551.1,29575,29548.4,29567.6,314
1784037480,29568.1,29585,29568.1,29576.5,304
1784037540,29576,29587.5,29567.3,29573.4,316
1784037600,29575.8,29596.3,29560.4,29573.1,305
1784037660,29570.3,29571.6,29522.1,29529.1,316
1784037720,29529.3,29529.3,29503.6,29506.3,318
1784037780,29505.3,29526,29483.1,29518,312
1784037840,29515.3,29526,29484.8,29486,318
1784037900,29486.1,29486.1,29446.1,29464,321
1784037960,29462.3,29477.4,29456.1,29474.5,310
1784038020,29474.3,29496.8,29459,29479.8,322
1784038080,29480,29488.5,29452,29465.1,320
1784038140,29465,29465,29430.8,29460.4,312
1784038200,29460.6,29479.9,29433.5,29442.6,316
1784038260,29442.9,29455.5,29435.9,29454.4,320
1784038320,29453.9,29481.6,29451.3,29474.1,324
1784038380,29473.9,29480.4,29441.1,29457,314
1784038440,29456.5,29464.9,29437.4,29457.6,310
1784038500,29456.1,29456.1,29401.4,29408,319
1784038560,29406.9,29413.5,29361.8,29400.8,320
1784038620,29399.3,29408.5,29386.8,29392.1,306
1784038680,29390,29406.5,29380.5,29398.5,310
1784038740,29397.3,29438.5,29397,29424.8,310
1784038800,29421.5,29450.8,29421.5,29447.4,314
1784038860,29448.6,29461.6,29435.5,29461.4,304
1784038920,29461.5,29505.6,29461.5,29504.5,308
1784038980,29498,29500,29470.1,29477.3,312
1784039040,29478,29490.6,29448,29452.3,318
1784039100,29451.3,29472,29443.8,29467.9,316
1784039160,29466.5,29522.3,29452.1,29493.4,310
1784039220,29487.8,29491.6,29455.6,29461.1,320
1784039280,29458.4,29464,29440.9,29446.5,316
1784039340,29447.1,29483.5,29432,29476.8,310
1784039400,29481.5,29494.8,29469.9,29476,326
1784039460,29474,29483,29453.4,29475,310
1784039520,29475.1,29527.8,29472.3,29526.3,320
1784039580,29524.4,29541.6,29518.5,29530.1,308
1784039640,29530.3,29628.8,29526.9,29563.5,322
1784039700,29558.9,29573.6,29544.8,29572.1,310
1784039760,29569,29585.5,29560.6,29571.9,322
1784039820,29570.5,29574.9,29552.3,29553.1,302
1784039880,29555.1,29583.4,29549,29578.3,306
1784039940,29578.5,29583.5,29560.3,29579,304
1784040000,29577.8,29594.3,29574.4,29583.3,314
1784040060,29580.9,29581.8,29557.3,29562.1,296
1784040120,29563.1,29580.3,29547.3,29548.1,306
1784040180,29546.5,29550.1,29517.6,29523.8,316
1784040240,29521.4,29532,29510.1,29521.1,308
1784040300,29520.1,29538.1,29513.1,29532.4,294
1784040360,29530.6,29536.5,29486.5,29495.4,312
1784040420,29496.4,29497.8,29480.3,29490.6,306
1784040480,29491.1,29505.4,29475.1,29505.4,308
1784040540,29503,29503.3,29471.6,29479.8,294
1784040600,29478.1,29482.6,29453.5,29479.6,304
1784040660,29479.9,29521.8,29470.3,29521.8,308
1784040720,29521.6,29535.3,29516.1,29532.8,306
1784040780,29533.5,29533.5,29518,29528.6,310
1784040840,29526,29551.1,29521.8,29551.1,296
1784040900,29551,29563.9,29549.3,29555.9,308
1784040960,29554.9,29567.8,29546.5,29551,304
1784041020,29551.3,29567.9,29546.9,29562,290
1784041080,29564.3,29574.9,29557.5,29573.1,292
1784041140,29570.9,29576.4,29566.4,29566.6,298
1784041200,29570.6,29586.5,29570.6,29579.5,310
1784041260,29578.1,29581.6,29567.1,29569.1,314
1784041320,29569.6,29578.6,29558,29560.8,296
1784041380,29558.5,29563,29551.1,29555.8,300
1784041440,29554.9,29625.1,29547.6,29599,314
1784041500,29598.1,29607.9,29589.6,29604.4,300
1784041560,29605.3,29625.1,29604.6,29617,314
1784041620,29615.8,29635.1,29608.9,29629.1,296
1784041680,29629.5,29654.5,29626.8,29650.6,302
1784041740,29648.6,29656.4,29639,29649.3,316
1784041800,29649.6,29657.9,29641,29644.4,298
1784041860,29644.5,29657.3,29632.8,29637.9,316
1784041920,29638.3,29651.4,29633.3,29645.9,292
1784041980,29647,29653.3,29643,29650.8,294
1784042040,29650.4,29651.9,29637.1,29641.8,292
1784042100,29643.5,29658.9,29643.5,29652.5,306
1784042160,29650,29656.5,29640,29647.6,292
1784042220,29646.5,29654.3,29644.9,29650.8,290
1784042280,29650.1,29654.6,29637,29637,296
1784042340,29635.1,29644.8,29619.9,29640.8,300
1784042400,29640.6,29649.5,29625.8,29649.4,294
1784042460,29650.1,29663.9,29648.5,29659.4,300
1784042520,29658.1,29666.1,29650,29656.9,300
1784042580,29659.1,29666.1,29652.3,29664.4,296
1784042640,29663.4,29672.3,29658.3,29667.8,282
1784042700,29668.3,29669.9,29652.4,29653.6,290
1784042760,29654.3,29674.1,29654.3,29672.1,286
1784042820,29671.9,29672.1,29659.7,29671.1,286
1784042880,29671.3,29679.6,29671.3,29676.6,266
1784042940,29677.8,29684.8,29677.8,29682.7,272
1784043000,29680.6,29690.5,29675.6,29677,300
1784043060,29675.3,29677.3,29659.7,29675.6,286
1784043120,29675.7,29676.3,29656.7,29657.5,296
1784043180,29657,29657,29637.5,29640.2,310
1784043240,29638.8,29651.2,29632.7,29640.6,302
1784043300,29641,29645,29621.8,29638.7,308
1784043360,29639.6,29650.8,29629.6,29641.6,306
1784043420,29642.1,29657,29638.3,29651.3,298
1784043480,29651.7,29661.1,29651.3,29655.1,298
1784043540,29655,29658.6,29647,29654.6,298
1784043600,29655,29655,29631.2,29639,296
1784043660,29639.5,29640.6,29611.1,29625.7,306
1784043720,29625.2,29625.2,29595.6,29607.5,308
1784043780,29608.1,29613.2,29597.5,29609.5,290
1784043840,29609,29639,29609,29631.2,290
1784043900,29630.7,29640.8,29629.8,29633.8,296
1784043960,29633.2,29637,29627.1,29628.2,302
1784044020,29629.7,29644.6,29629,29641.1,296
1784044080,29641.3,29645.2,29634.7,29643,298
1784044140,29642.5,29647,29623.3,29623.6,298
1784044200,29625.2,29632,29609,29612,298
1784044260,29611.3,29613.5,29589.2,29592.1,296
1784044320,29592.2,29593,29573.1,29580.5,312
1784044380,29584.1,29593,29576.8,29593,308
1784044440,29592.7,29593.6,29564.7,29571.2,314
1784044500,29571.6,29579.3,29564.6,29575.2,306
1784044560,29576.2,29593.1,29576.2,29587.1,296
1784044620,29586.3,29589.8,29557.1,29566,290
1784044680,29564,29575.7,29559.5,29562.8,302
1784044740,29563.6,29582.8,29561.1,29579.7,306
1784044800,29582.8,29585.2,29548,29549.3,286
1784044860,29549.7,29560.2,29536.8,29540.2,302
1784044920,29541.2,29543.3,29526.6,29533.3,312
1784044980,29531.8,29540.2,29513.1,29520,310
1784045040,29519.2,29532.6,29513,29529.7,308
1784045100,29531.1,29540.6,29527.7,29535.2,298
1784045160,29533.2,29545.5,29524,29541.6,286
1784045220,29541.7,29541.7,29507.6,29520.5,300
1784045280,29518.6,29542.2,29518.6,29542.2,300
1784045340,29540,29557.5,29539.5,29543.3,290
1784045400,29544.3,29549,29524.7,29527.2,306
1784045460,29527.8,29536.3,29518.2,29535.5,300
1784045520,29536.7,29541.1,29527,29530.1,286
1784045580,29530,29543.5,29524.6,29538.1,296
1784045640,29538.8,29545.2,29534.5,29535.6,284
1784045700,29535.7,29537,29501.5,29513.1,298
1784045760,29515.6,29525.5,29508.8,29521.7,276
1784045820,29524.3,29532.1,29515.1,29522.6,280
1784045880,29522.5,29535.6,29522.5,29535.6,276
1784045940,29533.5,29544.7,29522.1,29544.6,270
1784046000,29544.3,29556.1,29540.8,29540.8,286
1784046060,29539.8,29543.3,29528.3,29540.8,280
1784046120,29542,29550.2,29534.7,29538.5,278
1784046180,29539.5,29549.6,29523.5,29533.3,282
1784046240,29533.8,29554.6,29529.6,29551.3,280
1784046300,29552,29565.6,29551.6,29560,280
1784046360,29560.2,29565.6,29555.2,29562.5,288
1784046420,29562.1,29575,29559.8,29572.3,280
1784046480,29572,29575.3,29565.5,29572,266
1784046540,29571.7,29578.6,29570.7,29574.5,284
1784046600,29575.5,29581.5,29569.8,29577.3,290
1784046660,29577.8,29585.6,29574.1,29578.6,294
1784046720,29578.5,29584.7,29558.2,29558.2,290
1784046780,29557.5,29564.3,29549,29564.1,298
1784046840,29563.2,29581.2,29560.1,29580.8,288
1784046900,29581.5,29587.1,29577.6,29581.7,296
1784046960,29581.6,29591.3,29573.8,29581.8,284
1784047020,29581,29581,29568.7,29568.7,298
1784047080,29569.2,29590.6,29564.1,29586.3,286
1784047140,29586.1,29587.3,29580.8,29583.3,264
1784047200,29583.5,29594.3,29577.2,29590.5,290
1784047260,29590.2,29606.3,29589.3,29605.3,276
1784047320,29605.5,29614.3,29600.5,29611.6,272
1784047380,29611.1,29619.6,29608,29615.6,270
1784047440,29615.3,29617.3,29604,29605,258
1784047500,29606.2,29624.5,29604.8,29604.8,266
1784047560,29605.6,29605.8,29589.8,29597.6,282
1784047620,29598.1,29603.1,29592.8,29594.7,266
1784047680,29594.8,29596.2,29580.7,29590.6,290
1784047740,29589.8,29606.1,29589.8,29605.3,280
1784047800,29604.8,29608.8,29601.7,29604.6,270
1784047860,29605.1,29612.1,29600.3,29610.8,242
1784047920,29611.7,29612.2,29603.7,29606.8,246
1784047980,29607.7,29616.8,29607.2,29607.2,242
1784048040,29606.6,29611.1,29601.7,29604,266
1784048100,29604.3,29616.8,29604.3,29616,256
1784048160,29615,29617.3,29611.6,29612.8,240
1784048220,29612.7,29616,29606.2,29614.7,242
1784048280,29614.6,29618,29606.6,29617.3,264
1784048340,29617.1,29621.5,29616.3,29621.5,256
1784048400,29622.3,29631.6,29614,29629.8,274
1784048460,29630.1,29632.6,29626.5,29632.1,272
1784048520,29631.8,29633.1,29627.3,29630.8,256
1784048580,29631,29632,29624,29625.1,274
1784048640,29624.8,29628.6,29613.7,29616.8,262
1784048700,29617.5,29622.7,29611.3,29622.2,260
1784048760,29623.2,29629.6,29613.3,29627.3,262
1784048820,29628.2,29633.7,29625.1,29633.7,255
1784048880,29632.3,29636,29630.6,29632,246
1784048940,29632.6,29640.7,29632.6,29639.3,244
1784049000,29639.6,29644.6,29634.6,29643,226
1784049060,29643.6,29646.2,29634.6,29638.8,256
1784049120,29638.5,29642.3,29630.8,29638.1,258
1784049180,29638.5,29639,29628.6,29628.6,250
1784049240,29628.5,29629.1,29617.3,29618,261
1784049300,29618.1,29625.1,29610.3,29615,276
1784049360,29616.1,29621.5,29613.1,29619.7,262
1784049420,29619,29619.8,29608.1,29613.1,280
1784049480,29610.8,29623.3,29610.1,29621.6,270
1784049540,29621.8,29632,29619.6,29631,250
1784049600,29631.1,29638.7,29631.1,29636.6,246
1784049660,29637.1,29648,29636.8,29648,254
1784049720,29647.8,29649.7,29643.2,29648.1,262
1784049780,29648.6,29657.6,29645.8,29654.1,258
1784049840,29654.8,29659.6,29651.3,29653.6,250
1784049900,29653.8,29659.2,29651,29651.8,248
1784049960,29652.1,29659.5,29651.3,29659.2,222
1784050020,29658.8,29660.8,29647.3,29653.8,254
1784050080,29653.6,29654.8,29644.7,29653.1,246
1784050140,29653.6,29653.6,29642.5,29645.6,250
1784050200,29647.3,29654.7,29646.1,29653.6,254
1784050260,29652.8,29657.5,29649.3,29656.3,228
1784050320,29656.1,29656.2,29633.1,29633.3,242
1784050380,29634.3,29640.5,29629.6,29629.8,258
1784050440,29631.1,29634.6,29627.6,29627.6,252
1784050500,29626.5,29626.8,29615.6,29626.1,256
1784050560,29625.3,29632.2,29623.1,29626,276
1784050620,29625.8,29639.1,29625.8,29639.1,242
1784050680,29640,29642.8,29636.8,29640.5,232
1784050740,29639.6,29649.1,29639.3,29647.5,250
1784050800,29647,29652,29644.8,29649.6,240
1784050860,29650,29653.5,29641.3,29642.8,232
1784050920,29642.3,29646.3,29635.8,29636,240
1784050980,29634.2,29650.1,29634.2,29646.6,242
1784051040,29646.7,29650.8,29640.6,29641.6,248
1784051100,29642.2,29646.3,29632.8,29634.3,246
1784051160,29634.5,29636.6,29629.5,29634.8,260
1784051220,29635.1,29639.1,29625.6,29635.1,274
1784051280,29636,29653.5,29635.1,29652.8,248
1784051340,29652.5,29652.5,29642.1,29645.3,244
1784051400,29645.6,29654.5,29644.3,29651.6,250
1784051460,29652,29656.2,29646.7,29656.2,244
1784051520,29655.7,29659.3,29653.7,29653.7,244
1784051580,29653.8,29658.3,29652.2,29653.3,246
1784051640,29652.8,29657.5,29652.5,29656.7,186
1784051700,29656.5,29656.6,29649.5,29654.8,230
1784051760,29654.5,29656.6,29651.1,29655.8,248
1784051820,29655.7,29656.5,29651.1,29655.7,234
1784051880,29655.6,29659.5,29654.1,29657.8,222
1784051940,29657.2,29660.5,29655,29658.8,212
1784052000,29658.5,29660,29639.3,29641.7,266
1784052060,29641.2,29651.6,29639.6,29648.1,282
1784052120,29647.1,29654.1,29643.7,29652.6,252
1784052180,29652.3,29659.7,29651,29659.5,242
1784052240,29660.5,29665,29657.6,29662.1,234
1784052300,29661.1,29663.3,29655.6,29656.3,240
1784052360,29656.6,29657.3,29644.3,29646.8,262
1784052420,29646.3,29651.1,29640.8,29651.1,268
1784052480,29651,29660.5,29649.5,29658.5,252
1784052540,29658.2,29660.1,29656.3,29659.6,225
1784052600,29660.6,29663.8,29659.1,29662,242
1784052660,29662.1,29662.2,29655,29660,238
1784052720,29660.6,29662.3,29658.2,29659.3,220
1784052780,29659.6,29666.1,29657.5,29663.7,238
1784052840,29663.1,29666.3,29660.8,29664.6,230
1784052900,29664.7,29673.1,29662,29662,250
1784052960,29662.1,29669.1,29662.1,29664.3,240
1784053020,29664.7,29664.8,29657.8,29661.1,246
1784053080,29660.7,29662.6,29656.2,29661.3,240
1784053140,29661.2,29664.3,29658.6,29662.1,214
1784053200,29661.7,29663.1,29653.6,29662.1,248
1784053260,29661.6,29666,29659,29660.6,244
1784053320,29660.1,29664.7,29655.8,29662.8,246
1784053380,29662.1,29664,29660,29661.3,230
1784053440,29662.5,29662.8,29647.1,29651.1,252
1784053500,29650.8,29661,29643.6,29659.3,258
1784053560,29657.8,29661.6,29653.7,29660,252
1784053620,29660.3,29661.6,29652.1,29654.6,246
1784053680,29654.8,29660.3,29653.7,29657.1,238
1784053740,29657.3,29658.1,29647.7,29649.3,238
1784053800,29649.2,29654.8,29643.7,29644.8,256
1784053860,29645.3,29653.6,29643.8,29653.3,260
1784053920,29653.8,29654.2,29642.5,29652,242
1784053980,29652.2,29655.5,29648.2,29654.5,246
1784054040,29654.3,29659.5,29652.3,29657.2,228
1784054100,29658,29664.8,29658,29662,238
1784054160,29661.6,29662.7,29655.1,29659,254
1784054220,29658.3,29662.1,29634.1,29650.1,266
1784054280,29650.2,29650.2,29637,29642.2,276
1784054340,29642.1,29649.6,29639.6,29645.8,254
1784054400,29644.3,29644.8,29632.8,29634.8,258
1784054460,29635.6,29637.6,29615.2,29622.6,296
1784054520,29624.8,29627.6,29611,29622.3,286
1784054580,29623,29624.1,29610.3,29612.8,254
1784054640,29613.8,29622.1,29611.6,29620.8,280
1784054700,29621,29621.6,29610.6,29615.3,278
1784054760,29615.2,29626.1,29613,29625,266
1784054820,29624.8,29633.3,29624.8,29631.8,246
1784054880,29632.5,29632.8,29624.6,29627.1,242
1784054940,29627.3,29628.5,29612.6,29612.6,254
1784055000,29612.8,29618,29610.2,29613.6,268
1784055060,29613.7,29622.8,29612.1,29621.3,266
1784055120,29621,29631.2,29616.8,29628.6,254
1784055180,29628.5,29639.3,29627.3,29637.3,248
1784055240,29637.6,29637.6,29629.6,29632.1,230
1784055300,29632.2,29632.2,29621.3,29625.8,220
1784055360,29625.7,29627.8,29623,29624,216
1784055420,29624.6,29627.1,29617.1,29618.3,254
1784055480,29618.1,29625.8,29615.6,29624.8,236
1784055540,29625.1,29626.3,29617.8,29620.6,244
1784055600,29620.8,29628.3,29615.6,29622.1,254
1784055660,29621.5,29621.5,29602.8,29603.3,242
1784055720,29602.8,29602.8,29591.6,29597.5,266
1784055780,29597.8,29603.8,29592.3,29593,270
1784055840,29592.6,29598.1,29590.6,29594.6,270
1784055900,29595.1,29595.3,29589.7,29592.6,262
1784055960,29593.5,29599.7,29591.5,29596.3,264
1784056020,29598.5,29599.5,29576.5,29587.1,270
1784056080,29587.7,29597.1,29584.2,29594.3,266
1784056140,29594.8,29598.6,29585.3,29585.3,245
1784056200,29585.2,29595.5,29581.6,29595.1,269
1784056260,29595.6,29601,29590.8,29595,262
1784056320,29596.7,29608.5,29596.3,29607.1,256
1784056380,29606.8,29618,29604.6,29616.8,258
1784056440,29615.7,29620.1,29609.8,29612,246
1784056500,29611.8,29619.2,29611.7,29618.8,250
1784056560,29618.3,29623.7,29611.6,29612.1,248
1784056620,29612.3,29620.6,29611.6,29619.6,244
1784056680,29620.3,29621.6,29612,29614.7,234
1784056740,29614,29618,29612.1,29616.1,236
1784056800,29617.1,29617.7,29608.6,29616.2,268
1784056860,29616.5,29625.2,29616,29624.1,246
1784056920,29624.8,29634,29624.8,29630,258
1784056980,29630.6,29632.8,29626.2,29626.5,230
1784057040,29626.3,29632.6,29623.8,29631.3,249
1784057100,29631.6,29631.8,29620.6,29622.1,244
1784057160,29621.8,29627.8,29619.1,29622.3,230
1784057220,29621.3,29624.6,29618.1,29618.2,246
1784057280,29618,29618.6,29609,29610.6,260
1784057340,29610.8,29612.6,29593.5,29594.2,280
1784057400,29593.8,29596.6,29573.3,29579.2,298
1784057460,29578.8,29586.3,29567.5,29583.8,294
1784057520,29583.1,29592,29579.2,29584.1,296
1784057580,29583.8,29598.3,29579.6,29596.5,262
1784057640,29595.2,29599.6,29588.2,29596.2,274
1784057700,29595.6,29599.2,29589.3,29591.2,268
1784057760,29590.2,29605.1,29586.8,29604.8,276
1784057820,29604.6,29605.8,29595.6,29598.8,268
1784057880,29598.6,29602.2,29584.6,29585.1,262
1784057940,29584.6,29592.6,29583.5,29588.1,254
1784058000,29587.8,29594.3,29584.8,29587.1,252
1784058060,29586.8,29597.8,29586.1,29594.1,256
1784058120,29594.8,29604.8,29592.3,29599.3,264
1784058180,29599,29606.5,29596.6,29606.1,226
1784058240,29606.5,29612.1,29605.3,29606.8,250
1784058300,29607.3,29614.6,29606.3,29613.5,264
1784058360,29614.3,29614.7,29607.2,29607.8,262
1784058420,29607,29613,29605,29605,252
1784058480,29605.1,29612.8,29603.3,29611.8,258
1784058540,29611.1,29619.2,29608.2,29617.5,240
1784058600,29617.6,29617.6,29594.6,29606.5,304
1784058660,29605.7,29618.6,29602.2,29617.5,276
1784058720,29619.1,29630.7,29618.7,29626.2,266
1784058780,29625.7,29631.7,29615.6,29617.3,274
1784058840,29609,29617.5,29600.1,29600.1,296
1784058900,29594,29608.1,29594,29603,282
1784058960,29602.8,29608,29599.6,29605,284
1784059020,29605.3,29613,29601.1,29611.3,280
1784059080,29609.6,29614,29602.5,29603.7,292
1784059140,29603.3,29606.7,29575.6,29583.1,314
1784059200,29581.9,29594.7,29574.8,29582.2,292
1784059260,29583.8,29591.2,29573.9,29577.4,290
1784059320,29577.8,29578,29571.4,29572.4,242
1784059380,29572.2,29575.8,29570.4,29571.8,226
1784059440,29572.2,29575.7,29569,29572.4,212
1784059500,29571.8,29604.7,29570.2,29589.3,252
1784059560,29588.5,29595.9,29588.4,29591.5,224
1784059620,29591.9,29592.5,29585,29589.2,214
1784059680,29589.5,29590.3,29582.3,29588.4,222
1784059740,29588.3,29594.2,29585.7,29585.9,188
1784059800,29587.2,29587.2,29577.5,29580.3,218
1784059860,29580.5,29581.8,29574.4,29577.5,198
1784059920,29575.4,29578.3,29574.3,29576.5,180
1784059980,29576.7,29587.4,29576.5,29586.5,228
1784060040,29586.4,29587.7,29584.2,29584.5,206
1784060100,29583.9,29588,29582.4,29588,186
1784060160,29587.8,29588,29584.3,29586,152
1784060220,29585.5,29586.7,29581.2,29582.5,170
1784060280,29582.7,29586.8,29582.7,29583.3,148
1784060340,29582.8,29586.9,29581.4,29584,154
1784060400,29583.9,29584.5,29572.5,29573,164
1784060460,29572.7,29572.7,29567.9,29570.9,156
1784060520,29570.5,29573,29567.4,29568.5,154
1784060580,29568,29570.8,29565,29569.7,156
1784060640,29569.3,29572.7,29568.4,29571.8,118
1784060700,29572.7,29577.3,29572.2,29572.5,162
1784060760,29572.8,29572.9,29568.5,29571.3,156
1784060820,29571.5,29572.5,29564.4,29569.3,160
1784060880,29569.8,29573.3,29568.8,29572.5,138
1784060940,29572.7,29572.7,29570,29571.4,150
1784061000,29571,29572.5,29568.7,29571.5,140
1784061060,29571.8,29577.2,29570.5,29576.8,140
1784061120,29576.5,29580.3,29574.2,29578.5,154
1784061180,29578,29578.5,29575.9,29577.9,146
1784061240,29577.7,29581.3,29577,29580.3,152
1784061300,29581,29585.7,29580.3,29585.2,148
1784061360,29585.3,29590.2,29585.3,29588.9,142
1784061420,29588.8,29592.4,29588.7,29591.2,160
1784061480,29591.5,29593.5,29590.5,29591.5,130
1784061540,29591,29595.2,29589,29593.5,170
1784061600,29593.8,29593.8,29591,29591.3,128
1784061660,29591.4,29592.4,29589,29591.8,96
1784061720,29592,29593.8,29590.2,29592,134
1784061780,29592.4,29594.9,29592.4,29593.7,118
1784061840,29593.3,29594.7,29591,29592.7,122
1784061900,29592.4,29594.8,29591.9,29593.9,138
1784061960,29594,29597.4,29594,29594.3,112
1784062020,29594.5,29594.5,29590.8,29591.9,120
1784062080,29591.8,29592.2,29589.4,29590.5,118
1784062140,29590.3,29590.5,29585,29585.3,156
1784062200,29585.5,29587,29581.9,29583.7,146
1784062260,29583.5,29590.3,29583.5,29589.3,116
1784062320,29590,29590.8,29587.7,29588.7,100
1784062380,29588.4,29592.5,29587.4,29592.4,146
1784062440,29591.9,29593.7,29590.7,29592.8,144
1784062500,29592.7,29594.5,29588,29592.7,160
1784062560,29592.4,29597.4,29592.4,29596.7,98
1784062620,29596.9,29597.2,29593,29595,124
1784062680,29595.3,29596.3,29593.2,29595.4,116
1784062740,29595.3,29595.3,29595.3,29595.3,2
1784066400,29594,29598.9,29587.9,29588,146
1784066460,29586,29589.4,29581.6,29585.3,174
1784066520,29585.1,29586.3,29579.1,29582.1,174
1784066580,29581.9,29583.4,29579.3,29582,136
1784066640,29581.6,29586.6,29580.4,29586,110
1784066700,29586.1,29590.4,29581.1,29583.8,160
1784066760,29583.6,29588,29583,29588,126
1784066820,29587.8,29589.4,29580.6,29580.6,124
1784066880,29580.9,29580.9,29569.8,29571.5,202
1784066940,29571.4,29571.6,29567.6,29571.1,132
1784067000,29571.3,29575.6,29555.3,29560.5,146
1784067060,29560.6,29562.8,29546.6,29548,188
1784067120,29547.9,29554.4,29547.3,29547.3,172
1784067180,29547.1,29559.1,29545.6,29556.5,178
1784067240,29557.5,29558.6,29549.5,29552.3,162
1784067300,29553.8,29559,29552,29554.5,150
1784067360,29554.9,29566.5,29553.3,29564.9,164
1784067420,29564.8,29566.3,29561.5,29561.9,156
1784067480,29563.1,29568,29562.6,29567.1,132
1784067540,29566.9,29573.1,29565.4,29572.4,136
1784067600,29573.1,29580.6,29570.1,29578.5,162
1784067660,29579.1,29584.1,29579.1,29582.3,136
1784067720,29583,29585.4,29581.3,29581.8,122
1784067780,29581.6,29589.6,29581,29586.6,150
1784067840,29585.9,29594.8,29585.9,29591.8,160
1784067900,29591.6,29592.6,29585.4,29585.8,150
1784067960,29585.6,29588.8,29584.3,29585.9,128
1784068020,29586,29588.1,29585,29587.4,126
1784068080,29587.1,29591.4,29586.1,29588.9,118
1784068140,29589.3,29591,29585.5,29585.5,88
1784068200,29585.9,29590.3,29585.9,29590.3,104
1784068260,29590.1,29590.3,29584.9,29590.3,102
1784068320,29590.4,29594.9,29587.4,29587.8,120
1784068380,29587.6,29587.6,29582.6,29584.5,118
1784068440,29585,29585.4,29582.8,29584.1,100
1784068500,29584,29586.6,29583.4,29585.4,78
1784068560,29585.6,29587,29584.4,29584.9,92
1784068620,29585.1,29585.5,29582.5,29585.5,74
1784068680,29585.6,29585.6,29582,29583.5,56
1784068740,29583.1,29583.8,29582.1,29583.1,108
1784068800,29583.4,29583.9,29581.9,29583.8,66
1784068860,29582.8,29583.9,29581.1,29581.4,88
1784068920,29581.5,29582.5,29579,29579,84
1784068980,29579.1,29581.1,29574.6,29577.8,144
1784069040,29577.9,29580.4,29576.9,29578,94
1784069100,29578.3,29582.1,29577.9,29579.4,78
1784069160,29579.1,29580,29576.5,29579,78
1784069220,29579.3,29580.3,29575.5,29578.3,112
1784069280,29578.4,29578.4,29575.8,29575.8,70
1784069340,29575.4,29576.1,29574.4,29575,116
1784069400,29574.9,29578.9,29574.4,29577.5,72
1784069460,29577.4,29579.6,29572.3,29573.5,122
1784069520,29573.9,29574.4,29564.6,29564.6,144
1784069580,29564.5,29572,29564.5,29572,120
1784069640,29569.4,29572.8,29565.3,29567.6,98
1784069700,29567.5,29567.8,29565.5,29566.4,98
1784069760,29566.9,29567.4,29563.6,29567.4,102
1784069820,29567,29572.1,29565.6,29570.5,118
1784069880,29571.4,29571.4,29567.6,29570.3,116
1784069940,29570.1,29576.3,29569.6,29572.6,100
1784070000,29572,29572,29567.8,29568,104
1784070060,29567,29570.4,29559.9,29561.3,134
1784070120,29560.9,29564.9,29558,29562,126
1784070180,29561.3,29569.6,29558,29569.5,114
1784070240,29570.5,29576.9,29570.5,29574.8,164
1784070300,29576.8,29583.6,29576.8,29581.9,134
1784070360,29581,29583.8,29579.5,29583.8,120
1784070420,29583.6,29588.3,29581,29581.8,108
1784070480,29581.6,29586.8,29578.4,29585.4,92
1784070540,29585.5,29585.5,29581,29582.9,72
1784070600,29583,29585.5,29582.6,29583.9,86
1784070660,29583.8,29588.9,29583.8,29586.8,108
1784070720,29586.9,29588.4,29585.8,29588.4,100
1784070780,29588.5,29594.9,29588.4,29593.9,142
1784070840,29593.8,29597.8,29593,29594.4,130
1784070900,29594.5,29597.6,29591.1,29597.3,104
1784070960,29597.5,29597.6,29592.3,29592.3,100
1784071020,29591.8,29593.1,29585.5,29586.4,100
1784071080,29586.8,29590.5,29585.9,29589.8,110
1784071140,29589.6,29591.5,29588.8,29590.5,94
1784071200,29590.6,29592.5,29587.6,29589.9,110
1784071260,29590,29601.6,29590,29600.5,144
1784071320,29600.4,29601.6,29595.9,29598,124
1784071380,29598.1,29599.5,29596.1,29598.4,100
1784071440,29597.8,29604.3,29597.8,29602.1,98
1784071500,29602,29655.1,29599.6,29650.6,202
1784071560,29650.3,29654.3,29634.8,29636,210
1784071620,29636.1,29649,29635.9,29646.4,188
1784071680,29645.9,29652.5,29641.9,29649.9,186
1784071740,29649.6,29668,29649,29666.5,176
1784071800,29667.9,29672.1,29664,29671,216
1784071860,29670.5,29678.3,29662.9,29672.1,192
1784071920,29672,29676.6,29665.6,29665.8,184
1784071980,29666.3,29671.1,29664,29667.9,140
1784072040,29667.3,29667.9,29661.9,29666.6,144
1784072100,29666.9,29671.5,29661.9,29667.8,130
1784072160,29668.4,29668.4,29662.5,29664.6,112
1784072220,29664.9,29670.5,29663.6,29668.5,144
1784072280,29668.4,29668.5,29663.6,29665.1,106
1784072340,29665,29668.5,29663.6,29664.5,124
1784072400,29664.1,29670.4,29663.1,29665.9,134
1784072460,29664.6,29666.8,29661.9,29663,150
1784072520,29663.5,29673,29662.8,29665,146
1784072580,29663.6,29663.6,29650.3,29650.8,164
1784072640,29650.6,29657.6,29647.1,29647.9,168
1784072700,29648.6,29652.1,29644.5,29648.8,232
1784072760,29648.6,29656.6,29647.8,29655.8,208
1784072820,29655.6,29668.4,29655.1,29665.4,184
1784072880,29665.3,29672.9,29661.6,29672,198
1784072940,29671.9,29675.1,29670.6,29673.4,194
1784073000,29673,29674.8,29670.8,29672.6,184
1784073060,29672.8,29676.1,29665.8,29670.1,154
1784073120,29671.4,29679.5,29670.6,29678.3,162
1784073180,29677.6,29681.8,29676.5,29681.5,158
1784073240,29681.4,29693.3,29679.9,29690.4,170
1784073300,29689.9,29692.1,29685,29686.4,204
1784073360,29685.8,29687.4,29684.8,29687.1,196
1784073420,29687.3,29698.4,29682,29682.5,204
1784073480,29682.3,29684.8,29676.3,29676.6,218
1784073540,29676.1,29687.6,29675.6,29686.8,206
1784073600,29690.4,29694.4,29653.1,29657.5,278
1784073660,29655.9,29670.9,29655.1,29665.3,262
1784073720,29664.9,29683.1,29662.6,29665.8,266
1784073780,29665.5,29672.4,29659.6,29672.1,272
1784073840,29671.3,29674.6,29662,29663.3,254
1784073900,29663.5,29663.5,29639.1,29641.6,260
1784073960,29641.3,29658.9,29637.4,29650.3,260
1784074020,29650.1,29657.4,29641.8,29654.6,262
1784074080,29654.5,29667.6,29652.5,29663.4,244
1784074140,29661.6,29668.9,29657,29668.9,258
1784074200,29667.1,29691.5,29663.5,29680.6,266
1784074260,29680,29695.4,29672.8,29693.5,260
1784074320,29693.1,29695.4,29686.8,29689,268
1784074380,29689.9,29701.4,29684.1,29695.6,258
1784074440,29694.3,29698.9,29688.6,29690.4,226
1784074500,29689.5,29694,29681.8,29687.5,238
1784074560,29688.4,29693.3,29683,29690.5,244
1784074620,29690,29694.9,29685.5,29689.5,242
1784074680,29689.8,29708.5,29689.5,29700.8,222
1784074740,29700.9,29706,29695.3,29698.3,252
1784074800,29699,29730,29697.8,29724.4,260
1784074860,29723.5,29723.5,29712.9,29713.1,244
1784074920,29713.6,29718,29710.3,29710.4,248
1784074980,29710.3,29719.5,29710.3,29718.4,248
1784075040,29717.8,29725.3,29707.9,29710.4,230
1784075100,29710.1,29718.5,29705.6,29707.6,250
1784075160,29707.5,29708.9,29704.6,29707.5,228
1784075220,29708.6,29716.4,29705.3,29712.3,240
1784075280,29712,29720.4,29708.6,29718.8,250
1784075340,29718.4,29719,29713.4,29717.8,248
1784075400,29718.5,29724.8,29717.6,29723.5,246
1784075460,29723,29727,29718.4,29721,256
1784075520,29721.8,29724.3,29712.6,29715.5,242
1784075580,29715.3,29715.8,29700.8,29703.1,240
1784075640,29702.3,29705.4,29695.6,29697.1,238
1784075700,29697,29698.5,29687.8,29689.8,232
1784075760,29689.9,29690.1,29676.8,29680.6,254
1784075820,29680.9,29681.6,29668.1,29669.6,256
1784075880,29668.8,29686.1,29667.4,29686,228
1784075940,29687.5,29688,29679.3,29687.3,262
1784076000,29687.5,29696,29685.3,29696,238
1784076060,29695.6,29697.6,29676.4,29676.9,250
1784076120,29677.5,29678.6,29657.5,29658.9,258
1784076180,29659.3,29661.5,29640.4,29646.6,244
1784076240,29645.9,29656.8,29645.9,29656.8,252
1784076300,29657.5,29677.4,29647.8,29674.6,268
1784076360,29675.4,29681.9,29672,29679.3,258
1784076420,29679.5,29688.4,29671,29685.8,252
1784076480,29684.5,29689.4,29680.9,29682.1,240
1784076540,29682.3,29682.6,29676.9,29681.8,248
1784076600,29681.5,29697.9,29678.5,29695.5,260
1784076660,29693.6,29704.4,29690.1,29702.4,268
1784076720,29703.8,29708.9,29699.1,29707,238
1784076780,29707.9,29707.9,29698.4,29701.9,229
1784076840,29701.4,29709.9,29700.8,29702.4,224
1784076900,29703.3,29716.1,29699.2,29712.3,232
1784076960,29712.1,29714.8,29708.9,29710.8,224
1784077020,29709.8,29718.4,29708.1,29718.3,228
1784077080,29718.8,29728.4,29716.9,29726.3,222
1784077140,29725.5,29728.5,29717,29717.8,246
1784077200,29719.1,29726.3,29693.1,29695.9,266
1784077260,29696.4,29697.6,29682.8,29684.9,270
1784077320,29684.8,29687.4,29677.9,29679.8,246
1784077380,29679.5,29682.1,29665.5,29671,260
1784077440,29670.9,29687.6,29668.4,29685.9,260
1784077500,29685.8,29692.8,29676.8,29678.8,266
1784077560,29678.3,29688.8,29674.1,29688.3,284
1784077620,29688.9,29691.8,29667,29669.3,252
1784077680,29669.6,29674,29662.4,29672.9,244
1784077740,29673.8,29676.4,29668.9,29675.1,234
1784077800,29674.8,29682.5,29664.3,29666,242
1784077860,29665.3,29672.8,29659.8,29671.5,244
1784077920,29672.1,29682.6,29666.5,29681,260
1784077980,29681.6,29687.9,29675,29683.8,264
1784078040,29685.4,29688,29679.6,29685.4,242
1784078100,29684.4,29711.3,29683.3,29711.3,272
1784078160,29710.4,29716.4,29704.4,29707.5,244
1784078220,29707.8,29708.5,29701.8,29706.4,260
1784078280,29707.1,29707.1,29698.6,29700.6,226
1784078340,29700.4,29707,29700.4,29705.4,254
1784078400,29705.6,29709.3,29695.9,29697.8,262
1784078460,29699.1,29705,29696.1,29704.9,260
1784078520,29704.4,29717.1,29704.4,29716,238
1784078580,29715.9,29719.9,29714.1,29718.1,231
1784078640,29718.4,29721.1,29708.4,29710,246
1784078700,29709.8,29716.3,29706.6,29713.6,252
1784078760,29713.1,29734.3,29713.1,29731.9,246
1784078820,29732.9,29733,29725,29731.8,244
1784078880,29731,29738.8,29730.5,29730.5,234
1784078940,29730.3,29731.5,29717.5,29722.4,248
1784079000,29722.5,29733,29718.4,29718.8,270
1784079060,29720.1,29729.9,29714.5,29728.8,258
1784079120,29728.6,29730.3,29722.8,29728.9,254
1784079180,29728.8,29730,29716.4,29719.4,260
1784079240,29719.6,29721.1,29714.1,29720.4,256
1784079300,29720.1,29720.9,29710.6,29717.6,270
1784079360,29718.1,29729.8,29715.5,29727.1,268
1784079420,29727,29734,29722.4,29733,258
1784079480,29735,29736.4,29727.5,29732.8,244
1784079540,29733.1,29740.9,29728.9,29737.5,238
1784079600,29738,29738.3,29718.3,29720.8,256
1784079660,29720.6,29721.6,29705.1,29715.9,252
1784079720,29716.9,29721,29701.3,29702.5,256
1784079780,29702.1,29705.5,29697.1,29704.5,266
1784079840,29705,29705.5,29690.1,29692.9,260
1784079900,29693.4,29705.8,29691.8,29705.8,246
1784079960,29703,29715.8,29703,29711.3,256
1784080020,29711.1,29714.4,29705.8,29709.8,246
1784080080,29709.9,29710,29705.1,29707.3,224
1784080140,29707.6,29722,29707.6,29718,240
1784080200,29717.6,29723.1,29716.2,29718.4,221
1784080260,29718.3,29722.3,29716.3,29722.3,238
1784080320,29723,29725.8,29714.9,29715.3,242
1784080380,29715.4,29731.9,29711.9,29731.9,242
1784080440,29730.9,29735.3,29721.8,29734,264
1784080500,29733.8,29738.3,29732.5,29737.5,214
1784080560,29737.8,29741.9,29735,29739.8,230
1784080620,29740.3,29741.4,29734.9,29740.8,238
1784080680,29740.5,29752.4,29739.5,29751.1,214
1784080740,29751.4,29757.6,29747.6,29755.8,229
1784080800,29756.3,29758.9,29750.3,29754.3,242
1784080860,29753.9,29755.3,29749.4,29750,240
1784080920,29749.8,29757.9,29749.4,29756.8,202
1784080980,29756.6,29758.6,29749.3,29751.6,226
1784081040,29752.5,29758.6,29751.3,29758.6,232
1784081100,29758.9,29765.6,29752,29764.8,222
1784081160,29764.6,29771.8,29762.9,29763.5,226
1784081220,29763.8,29766.5,29762.3,29766.4,202
1784081280,29766,29767.8,29761.9,29765.8,192
1784081340,29765.3,29769.8,29762.4,29764.1,214
1784081400,29765.3,29770.5,29763.5,29767.3,224
1784081460,29767.5,29769.4,29762.9,29763.8,206
1784081520,29764.1,29779.6,29763.8,29778.1,184
1784081580,29777.4,29779.9,29765,29766,212
1784081640,29765.9,29766.8,29757.8,29765,230
1784081700,29765.4,29765.6,29759.9,29764.5,184
1784081760,29764.8,29765.3,29758.5,29762.1,192
1784081820,29762.3,29771.9,29761,29770.6,214
1784081880,29770.8,29777.9,29768.5,29777.9,198
1784081940,29778.1,29780.4,29771.8,29772,188
1784082000,29772.1,29772.1,29759,29759.8,226
1784082060,29759.5,29766,29759,29765.4,206
1784082120,29764.5,29777.3,29761.9,29776.6,196
1784082180,29776.8,29777.1,29763.9,29765,214
1784082240,29765.1,29766.9,29760.3,29760.9,214
1784082300,29760.5,29764.5,29759.9,29762.3,192
1784082360,29762,29765.6,29759.1,29760.8,198
1784082420,29760.3,29766.9,29758.4,29766.9,178
1784082480,29766.4,29771,29762.6,29767.1,196
1784082540,29767,29768.6,29761.1,29768.6,182
1784082600,29768.3,29772.5,29765.1,29769,186
1784082660,29770,29774.1,29766.8,29771.3,218
1784082720,29771,29775.9,29770.8,29774,212
1784082780,29774.8,29779.1,29773.9,29777.5,172
1784082840,29777.8,29780.5,29771.4,29772.6,191
1784082900,29772.4,29777,29769.5,29777,172
1784082960,29776.9,29780.5,29774.9,29779.1,216
1784083020,29779.6,29780.6,29776.6,29779.6,186
1784083080,29779.3,29783.9,29776.1,29777.4,204
1784083140,29777.6,29782.4,29774.6,29780.1,192
1784083200,29780.3,29784.5,29779.6,29784.5,156
1784083260,29784.6,29784.6,29777.9,29777.9,188
1784083320,29778,29782.6,29777.8,29781.5,164
1784083380,29781.4,29782.9,29779,29782.4,140
1784083440,29782,29783.4,29780.6,29782.4,156
1784083500,29782.3,29782.9,29780.1,29782.1,146
1784083560,29782.5,29786.1,29781.5,29782.6,140
1784083620,29782.9,29784.9,29776.1,29777.4,166
1784083680,29777.1,29782.4,29775.9,29781.5,156
1784083740,29781.4,29782.5,29777,29777.1,146
1784083800,29776.9,29778.3,29766.1,29769.5,200
1784083860,29769.4,29770.5,29763.8,29763.8,184
1784083920,29763.6,29770.1,29763.1,29769.1,204
1784083980,29768.8,29769.4,29765.5,29767.4,168
1784084040,29767.6,29768.9,29766.6,29768.1,150
1784084100,29768,29773.4,29767.1,29773.1,188
1784084160,29774.5,29776.9,29768.6,29771.6,178
1784084220,29772.1,29772.1,29764.6,29765.4,180
1784084280,29765.3,29766.9,29762.1,29763.6,162
1784084340,29763.9,29764.6,29758.5,29759.4,196
1784084400,29760.1,29760.9,29755.9,29756.9,226
1784084460,29757,29761.6,29757,29757.6,196
1784084520,29758.4,29766.6,29758.4,29766.3,194
1784084580,29766.5,29766.6,29755.9,29756.1,172
1784084640,29756.3,29762.8,29756.1,29762.5,196
1784084700,29762.3,29762.3,29754.9,29756.6,182
1784084760,29756.4,29758.3,29754.6,29758,164
1784084820,29758.6,29762.1,29753.6,29755.4,150
1784084880,29754.5,29756.4,29753,29754.8,174
1784084940,29754.6,29757.9,29754.1,29757.3,156
1784085000,29757.1,29758.1,29750.9,29752.4,184
1784085060,29752.6,29753,29746.5,29747.3,190
1784085120,29746.8,29752.6,29746.4,29750.1,192
1784085180,29750,29757.8,29749.5,29755.4,196
1784085240,29755.5,29758.9,29753,29758.5,194
1784085300,29758.8,29759,29754.3,29757.6,188
1784085360,29756.9,29772.5,29755.8,29771.3,188
1784085420,29771.5,29779,29769.9,29774.3,198
1784085480,29774.5,29776.9,29772.4,29773.5,160
1784085540,29773.4,29778.1,29769.6,29777.4,196
1784085600,29777.3,29779.3,29775.3,29775.4,182
1784085660,29775.6,29776.6,29770.6,29770.6,180
1784085720,29771.4,29773,29767.3,29770.4,180
1784085780,29770.9,29774.8,29769.5,29770,170
1784085840,29769.9,29771.3,29768.3,29769.1,186
1784085900,29769.3,29774.9,29768.6,29772.5,178
1784085960,29772.4,29774.4,29770.8,29772.1,172
1784086020,29771.6,29779.4,29771.3,29779.4,158
1784086080,29779.9,29781.5,29778.1,29780.4,180
1784086140,29780.8,29783.8,29777.4,29777.9,176
1784086200,29777.5,29790.1,29777.5,29786.1,214
1784086260,29786.3,29787.1,29782,29783.3,196
1784086320,29783.9,29788.9,29782.5,29788.4,178
1784086380,29788.5,29794.8,29787.8,29794.3,158
1784086440,29793.6,29796.1,29792.4,29794.6,194
1784086500,29793.9,29796.5,29791.1,29794,164
1784086560,29793.8,29793.8,29790.4,29792.5,170
1784086620,29792.3,29795,29791.5,29791.5,156
1784086680,29791.4,29796.8,29791.1,29796.4,150
1784086740,29796.3,29796.6,29791,29791.3,146
1784086800,29791.6,29792.5,29790,29791.1,156
1784086860,29790.9,29798.6,29789.9,29798.6,148
1784086920,29798.9,29799.9,29789.9,29790.4,184
1784086980,29790.3,29792.5,29788.3,29790.8,156
1784087040,29791.9,29792.3,29786.5,29786.8,156
1784087100,29786.4,29793.9,29786.4,29792.5,182
1784087160,29792.4,29792.6,29789.1,29792.3,188
1784087220,29792.1,29795.1,29790.6,29793.9,156
1784087280,29793.8,29800.1,29790.3,29799.9,170
1784087340,29799.1,29806.9,29796.1,29806.9,190
1784087400,29808,29816.5,29807.9,29815.1,230
1784087460,29815.4,29816.4,29811.9,29812.1,198
1784087520,29812.4,29816.1,29811.6,29815.1,178
1784087580,29815.4,29817.1,29813.6,29814.4,152
1784087640,29814,29815.4,29812.4,29812.8,144
1784087700,29812.6,29815.3,29811.3,29814.5,158
1784087760,29814.9,29815.8,29811.8,29815.8,174
1784087820,29816.6,29817.8,29810,29810,164
1784087880,29809.9,29813,29809.9,29812.3,142
1784087940,29812,29813.4,29810.1,29811.4,142
1784088000,29813.3,29815.3,29811.9,29814.3,166
1784088060,29814.1,29814.5,29811.3,29813.8,172
1784088120,29813.1,29813.6,29808.4,29809.3,184
1784088180,29809.1,29811,29805.4,29809.5,170
1784088240,29809.6,29812,29807,29807.9,150
1784088300,29807.6,29808.9,29802.1,29802.5,152
1784088360,29803.1,29806.3,29802.6,29804.4,142
1784088420,29803.1,29803.1,29800,29800.5,166
1784088480,29800.8,29801,29797,29798.9,170
1784088540,29799.6,29800.9,29794.9,29796.3,162
1784088600,29797.5,29800.6,29796.3,29800.4,162
1784088660,29801,29804.6,29800.4,29804.3,182
1784088720,29804.4,29806,29799.4,29804.6,176
1784088780,29804.8,29805.1,29801.1,29802.3,150
1784088840,29802.4,29802.4,29797.1,29800,190
1784088900,29799.9,29800.9,29795.6,29800.9,170
1784088960,29800.8,29804.4,29799.3,29803.9,186
1784089020,29804.1,29807.6,29800.1,29806.6,176
1784089080,29807.3,29808.1,29805.6,29807.5,146
1784089140,29807.4,29808.3,29804.6,29807.6,128
1784089200,29807.3,29810.4,29805.9,29810,138
1784089260,29810.4,29811,29806.5,29808.4,156
1784089320,29808.5,29808.8,29802.6,29808.4,188
1784089380,29808.6,29811.9,29808.6,29810.6,170
1784089440,29810.4,29811.5,29808.1,29808.5,122
1784089500,29808.4,29809.9,29807.6,29808.6,128
1784089560,29808.1,29808.9,29805.1,29807.6,180
1784089620,29807.4,29807.5,29801.4,29802.1,168
1784089680,29802.4,29804,29796.6,29798,170
1784089740,29797.9,29798.5,29788.8,29789.1,176
1784089800,29789,29789.9,29782.3,29787.6,198
1784089860,29788,29791.1,29786.6,29788.8,188
1784089920,29788.6,29793.4,29786,29793.3,192
1784089980,29793.4,29796.6,29793.4,29795.9,166
1784090040,29795.5,29797.4,29786.1,29787.9,174
1784090100,29788,29795.5,29786.8,29795.5,170
1784090160,29795.6,29805.8,29795.6,29802.3,182
1784090220,29802.4,29803.1,29799.9,29800.1,186
1784090280,29800.4,29805.9,29800.4,29803.6,152
1784090340,29803.4,29806,29801.1,29804.5,140
1784090400,29804.6,29807.4,29804.4,29805.3,160
1784090460,29805.1,29805.8,29801,29805.5,176
1784090520,29805.9,29810.1,29803.9,29807.6,164
1784090580,29807.5,29807.5,29801.3,29801.8,156
1784090640,29801.5,29804.4,29800.9,29804.3,138
1784090700,29804.4,29805.5,29803.4,29804.5,128
1784090760,29805.8,29809.1,29805,29807.4,178
1784090820,29806.9,29812,29806.9,29808.6,182
1784090880,29808.3,29811.1,29806.4,29809.4,164
1784090940,29809.1,29809.1,29804.4,29804.6,158
1784091000,29804.5,29809,29802.9,29807.6,174
1784091060,29807.9,29809.8,29804.6,29809.1,146
1784091120,29809,29814.1,29808.6,29814,158
1784091180,29814.1,29816.5,29813.4,29815,166
1784091240,29814.9,29815,29810.9,29811.1,106
1784091300,29811.3,29813.3,29808.1,29812.4,146
1784091360,29812.3,29815,29807,29808.5,178
1784091420,29809.6,29811.3,29806.3,29807.8,166
1784091480,29807.1,29815.5,29807,29814.6,188
1784091540,29814.3,29821.5,29810.6,29820.8,182
1784091600,29830.5,29857,29828.9,29850.3,276
1784091660,29849.5,29852.4,29813,29829.3,294
1784091720,29828.6,29828.6,29800.3,29828.4,264
1784091780,29828.1,29834.3,29812.7,29814.1,253
1784091840,29814,29819.9,29809.9,29813.3,242
1784091900,29813.6,29815.1,29804.8,29805.5,244
1784091960,29804.6,29805.5,29792.3,29792.6,246
1784092020,29793.3,29806.5,29792.6,29801.9,260
1784092080,29802.4,29813.6,29800.3,29809.5,252
1784092140,29809.6,29822.1,29808,29821.5,230
1784092200,29822.1,29825,29802.1,29802.1,230
1784092260,29803,29803.3,29796.1,29797.5,228
1784092320,29796.8,29799.6,29794.6,29798.5,218
1784092380,29799.5,29814.8,29796.5,29806.5,248
1784092440,29805.6,29810.3,29798.5,29798.5,206
1784092500,29797.1,29804.9,29794.9,29804.9,246
1784092560,29804.8,29805.8,29800.8,29805.3,214
1784092620,29805,29816.9,29803.9,29815.9,228
1784092680,29815.5,29817.6,29811,29816.3,206
1784092740,29816.5,29822,29814,29817.4,206
1784092800,29817.5,29823.4,29813.5,29823.4,210
1784092860,29823.6,29823.9,29803.8,29803.8,232
1784092920,29804.1,29804.6,29795.8,29801.6,226
1784092980,29802.6,29809.8,29802.6,29806,224
1784093040,29805.6,29806.8,29799.8,29799.9,216
1784093100,29797.8,29797.8,29785.8,29787.3,228
1784093160,29788.3,29788.8,29781.1,29782.3,226
1784093220,29782,29783.8,29776.9,29778.5,216
1784093280,29778.3,29784.8,29775.5,29778.3,210
1784093340,29778.1,29784.5,29775.6,29780.4,190
1784093400,29779.8,29786,29777.8,29778.5,246
1784093460,29778.8,29783.5,29767,29768.3,228
1784093520,29769.8,29792.5,29769.8,29785.6,242
1784093580,29785,29786.6,29779,29784.6,236
1784093640,29785.6,29793.6,29785.4,29791.6,222
1784093700,29791.3,29797.4,29788,29797.4,224
1784093760,29796.5,29798,29789.4,29797,220
1784093820,29797.5,29804.5,29796.5,29802.5,234
1784093880,29802.4,29805.5,29799.4,29799.4,224
1784093940,29799.3,29808,29796.5,29808,220
1784094000,29807.6,29808.3,29800.6,29801.6,216
1784094060,29802,29804.8,29797.5,29798.1,196
1784094120,29798.3,29805.6,29795.5,29798.5,214
1784094180,29798.4,29801.8,29787.6,29793.8,210
1784094240,29793.1,29795.3,29789.3,29790.9,214
1784094300,29790.8,29790.8,29785,29785.3,188
1784094360,29784.8,29794.8,29783.3,29793.5,200
1784094420,29792.5,29796.4,29789,29794.6,198
1784094480,29795.9,29805,29794,29804.9,216
1784094540,29805.4,29805.4,29799.4,29799.9,204
1784094600,29799.6,29800.9,29794.4,29797.3,216
1784094660,29797.1,29797.1,29790,29795.3,228
1784094720,29795.1,29802.1,29791.8,29802,188
1784094780,29803.5,29807.6,29798.8,29807.3,196
1784094840,29807.6,29810.5,29801.8,29809.3,192
1784094900,29808.8,29812.4,29808.5,29811,176
1784094960,29812.8,29823,29812.5,29821.9,208
1784095020,29821.8,29822.9,29818.3,29819.6,204
1784095080,29819.4,29826.6,29818.9,29825.4,180
1784095140,29825.9,29829.6,29825.4,29829.1,200
1784095200,29830.6,29838.4,29830.1,29834.6,224
1784095260,29834.4,29839.1,29832,29834.3,228
1784095320,29833.8,29844.4,29832.3,29844.4,204
1784095380,29842.3,29843.5,29833.6,29836.5,196
1784095440,29837,29847.9,29837,29847,206
1784095500,29846.6,29846.6,29837,29839.1,226
1784095560,29840.3,29842.4,29834.4,29835.4,206
1784095620,29835.3,29845.3,29832.5,29845,200
1784095680,29846.6,29848.6,29841.9,29843.9,208
1784095740,29843.4,29845.1,29835.3,29838.3,212
1784095800,29839,29839.8,29832.5,29835.6,214
1784095860,29835.9,29835.9,29828,29830.3,226
1784095920,29830.1,29833,29827.1,29832.8,194
1784095980,29832.6,29838.4,29832,29838.4,176
1784096040,29838.5,29843.5,29838.3,29841.4,192
1784096100,29840,29840.3,29829.5,29834.3,206
1784096160,29834,29838.1,29832,29832.1,196
1784096220,29831.5,29834.1,29827.6,29828.3,186
1784096280,29827.9,29832.4,29825.6,29829.1,204
1784096340,29829.3,29838.4,29827,29838,198
1784096400,29837.3,29837.5,29830.8,29830.8,190
1784096460,29830.9,29830.9,29825.5,29827.5,214
1784096520,29828,29829.8,29822.6,29826.8,176
1784096580,29826,29832.3,29825.8,29831.5,188
1784096640,29831.4,29834.4,29830.3,29832.8,180
1784096700,29833,29836.6,29831.8,29834.1,210
1784096760,29833.8,29843.8,29831.1,29838.8,194
1784096820,29839,29839.9,29835.9,29836.4,176
1784096880,29836.6,29838.8,29835,29835.1,170
1784096940,29835.3,29839.5,29834,29838.5,196
1784097000,29839.9,29844.1,29825.8,29826.6,230
1784097060,29827,29827.6,29811.4,29814.4,208
1784097120,29812.1,29816.8,29808.6,29813.9,208
1784097180,29814,29824.9,29813.5,29824.3,184
1784097240,29823.5,29823.6,29816.4,29823.4,190
1784097300,29823.6,29829.6,29822.5,29828.9,204
1784097360,29829.1,29829.3,29823.5,29824.5,196
1784097420,29824.9,29829.6,29823.5,29826.1,204
1784097480,29826.8,29828.4,29824.1,29824.1,170
1784097540,29824.8,29827.5,29817.5,29817.9,178
1784097600,29818,29820.9,29816.9,29818.3,160
1784097660,29818.1,29821.8,29813.6,29819.9,166
1784097720,29820,29824.3,29818.6,29820.4,166
1784097780,29820.8,29821.8,29817.1,29817.9,158
1784097840,29816.6,29819.9,29814.1,29817.6,172
1784097900,29818.1,29822.1,29816.8,29821.3,188
1784097960,29820.9,29824.9,29816.6,29823.8,146
1784098020,29823,29825.8,29817.8,29820.6,160
1784098080,29820.8,29821.8,29818.5,29818.5,168
1784098140,29818.8,29823.1,29816.5,29822.4,196
1784098200,29822.5,29824.8,29817.1,29824.8,180
1784098260,29824.6,29825.6,29815.1,29815.5,184
1784098320,29815.3,29824.3,29814.4,29823.5,166
1784098380,29823.6,29829.3,29823.1,29826.8,178
1784098440,29825.8,29828.6,29824.9,29827.9,138
1784098500,29828.4,29834.3,29825,29832.9,200
1784098560,29833.1,29835.1,29830.3,29830.5,182
1784098620,29830.4,29831.5,29825.3,29825.3,170
1784098680,29824.9,29828.3,29815.5,29828,210
1784098740,29829.3,29834.4,29818.6,29829.8,210
1784098800,29827.3,29828.5,29809.8,29814.8,266
1784098860,29816.4,29816.4,29807.1,29810.6,252
1784098920,29811.8,29817.1,29811.3,29812.6,224
1784098980,29812.4,29828.4,29810.1,29825.3,218
1784099040,29825.5,29849.1,29825.5,29845.8,218
1784099100,29845.5,29861,29844.6,29854,242
1784099160,29854.1,29857.8,29847,29847,232
1784099220,29846.8,29848.9,29835.3,29837.5,232
1784099280,29837.8,29841.1,29835.6,29839.6,228
1784099340,29839.5,29844,29837.6,29840.9,238
1784099400,29840.3,29842.6,29836.1,29836.1,216
1784099460,29836,29841,29833.5,29839.9,194
1784099520,29839.1,29840.3,29832.6,29837.6,228
1784099580,29836.3,29847.4,29835.9,29838.9,178
1784099640,29839.3,29843.9,29834.5,29834.8,188
1784099700,29834.3,29835,29826.3,29826.8,220
1784099760,29826.4,29831.6,29817.3,29820.5,212
1784099820,29819.8,29825.8,29819,29825.5,180
1784099880,29825.4,29827,29813.6,29814.3,196
1784099940,29814.5,29822.8,29814.5,29817.5,190
1784100000,29817.4,29819.3,29807.3,29808,174
1784100060,29807.9,29814.3,29796.5,29798.9,204
1784100120,29798.4,29798.5,29792.9,29794.9,214
1784100180,29795.4,29796.9,29791.3,29792.1,158
1784100240,29792.5,29796.8,29787.3,29788.3,216
1784100300,29788.9,29789.5,29767,29768.5,238
1784100360,29768.4,29768.6,29744.4,29744.9,255
1784100420,29744.1,29749.3,29727.9,29748.8,275
1784100480,29749,29762.8,29749,29758.5,246
1784100540,29760.6,29767.3,29752.1,29766.5,246
1784100600,29766.9,29766.9,29744.8,29754.6,226
1784100660,29756.5,29757.1,29746.4,29752.5,232
1784100720,29752.4,29762.4,29749.1,29759.1,238
1784100780,29759.4,29768.5,29758.8,29762.5,206
1784100840,29760.8,29767.1,29753.8,29759.3,216
1784100900,29759.8,29773.6,29758.5,29773.6,200
1784100960,29773.8,29773.8,29766.6,29771.5,216
1784101020,29772,29774.9,29768,29768,208
1784101080,29768.1,29779.3,29767.6,29778,202
1784101140,29778.1,29778.8,29771.5,29775.4,228
1784101200,29775.6,29781.5,29774.5,29779.6,200
1784101260,29779.4,29782.9,29775.6,29781.5,176
1784101320,29782.6,29784.6,29779.5,29783,220
1784101380,29783.5,29788.1,29778.6,29778.8,188
1784101440,29779.1,29779.1,29772.3,29777.5,212
1784101500,29779.8,29780.9,29771.5,29774.5,214
1784101560,29774,29779.6,29770.3,29779.6,186
1784101620,29779.3,29784.9,29779.3,29782.5,194
1784101680,29782.6,29795.9,29781.5,29795.9,188
1784101740,29796.3,29796.3,29789.8,29791.1,194
1784101800,29790.6,29802.8,29790.6,29801.3,200
1784101860,29801,29802,29792,29792.8,193
1784101920,29793.3,29801.3,29791.8,29801.3,184
1784101980,29801.4,29803.3,29794.8,29794.8,184
1784102040,29795,29795,29788.8,29790.8,196
1784102100,29790.5,29792.8,29787,29792.8,192
1784102160,29792.4,29793.1,29785.5,29785.5,188
1784102220,29785.4,29788.3,29784.1,29785.8,170
1784102280,29786,29791.4,29784,29788.8,180
1784102340,29787.5,29797,29787.5,29795.6,182
1784102400,29795.4,29796.4,29775.9,29776,234
1784102460,29775.9,29779.1,29774.3,29777,198
1784102520,29777.3,29783,29762.9,29763.1,224
1784102580,29763,29763.6,29743.9,29744.4,244
1784102640,29743.8,29744.6,29719.3,29731.3,246
1784102700,29730.9,29734,29725.3,29730.8,240
1784102760,29729.5,29731.8,29721.4,29727.4,224
1784102820,29726.8,29732.6,29721.8,29728.1,228
1784102880,29727.4,29738.4,29722.4,29737.8,226
1784102940,29737.3,29737.3,29726,29727,208
1784103000,29726.4,29727.3,29715.4,29720,232
1784103060,29719.9,29724.3,29712.8,29713.4,202
1784103120,29713.3,29729.5,29712.4,29722.8,222
1784103180,29723.1,29731,29708.3,29712.1,228
1784103240,29711.9,29719.3,29711.9,29716,212
1784103300,29716.3,29724.5,29703.8,29708,240
1784103360,29707.9,29712.1,29701.8,29706,240
1784103420,29706.5,29711.8,29702.6,29703.9,226
1784103480,29702.6,29721.5,29696.6,29716.8,244
1784103540,29716.6,29717,29703.4,29708.1,206
1784103600,29708.3,29713.3,29704.1,29707.4,236
1784103660,29707.8,29711.9,29691.5,29691.6,222
1784103720,29691.4,29695,29687.1,29691.6,239
1784103780,29690.6,29690.6,29675.9,29677.5,222
1784103840,29677.3,29685.8,29671.3,29685.6,232
1784103900,29685.1,29688.8,29680.8,29685.6,208
1784103960,29684.6,29692.8,29682.5,29690.3,224
1784104020,29689.5,29698.4,29684.5,29697.1,236
1784104080,29696.8,29703.9,29695.4,29703,226
1784104140,29703.5,29712.1,29703.3,29711.4,238
1784104200,29712.4,29718.8,29708,29711.3,240
1784104260,29711.4,29713.3,29702.1,29703.9,198
1784104320,29703.5,29712.5,29700.6,29712.5,218
1784104380,29712.4,29713.3,29704.3,29709.6,224
1784104440,29710.9,29714.1,29704.8,29708.3,206
1784104500,29708.8,29714.1,29706.1,29713.5,194
1784104560,29712.5,29714.1,29698.4,29709.5,210
1784104620,29708.8,29710.1,29704,29706.8,182
1784104680,29704.5,29711.9,29704.1,29709.5,204
1784104740,29708.8,29716.9,29707.4,29715.8,188
1784104800,29715.5,29724.4,29713.2,29713.2,196
1784104860,29713.9,29715.6,29710.3,29711.4,196
1784104920,29711.3,29719,29701.5,29703.3,222
1784104980,29703.8,29716.5,29702.9,29716.1,190
1784105040,29715.5,29724.5,29712.6,29724.5,188
1784105100,29724.8,29739,29724,29735.5,216
1784105160,29735.3,29742.3,29734.6,29740.1,186
1784105220,29740.3,29740.8,29732,29733.4,208
1784105280,29734,29734.8,29728.4,29729.9,182
1784105340,29729.5,29731.1,29725.3,29728.3,178
1784105400,29728.4,29729.8,29721.5,29722.3,162
1784105460,29721.8,29729,29719.8,29728.1,220
1784105520,29728,29728,29717.5,29720.5,184
1784105580,29720.1,29720.6,29714.1,29715.8,210
1784105640,29715,29718.3,29713,29715.3,188
1784105700,29714.6,29720.5,29713.9,29719,194
1784105760,29718.8,29727,29714,29726.4,204
1784105820,29726,29736.9,29726,29734.3,176
1784105880,29735,29739,29733.1,29734.9,188
1784105940,29734.8,29736.4,29733.4,29736,170
1784106000,29736.1,29745.1,29735.6,29742.4,222
1784106060,29743.4,29744.8,29737.5,29744,202
1784106120,29743.5,29747.1,29740.8,29740.9,196
1784106180,29741.3,29747.9,29739.3,29747.9,200
1784106240,29747.6,29750.5,29744.9,29750.4,172
1784106300,29750.1,29751.3,29746.8,29750.1,204
1784106360,29749.9,29753.6,29748.6,29749.6,176
1784106420,29749.8,29750.9,29745.9,29746.8,198
1784106480,29746.6,29750.4,29745.8,29746.4,172
1784106540,29746.9,29752.6,29743.4,29752.6,176
1784106600,29753.6,29757.4,29752.4,29756.9,196
1784106660,29757.1,29757.4,29746.6,29748.4,210
1784106720,29748.8,29749.1,29742.6,29748.1,172
1784106780,29748.3,29754.3,29747.9,29749.5,172
1784106840,29749.4,29752.9,29749,29751.4,132
1784106900,29751.6,29754.1,29746,29746.8,188
1784106960,29746.5,29756.9,29746.5,29750.6,178
1784107020,29750.4,29750.4,29742.8,29746.8,174
1784107080,29746.6,29751.3,29745.6,29750,166
1784107140,29749.9,29754.8,29749.5,29753.3,174
1784107200,29752.5,29761,29750.6,29758.9,166
1784107260,29759.1,29762.1,29755.1,29761.1,166
1784107320,29760.9,29761.5,29757,29757.3,168
1784107380,29756.9,29758.4,29753.5,29755.8,158
1784107440,29755.9,29758.5,29755.5,29757.4,150
1784107500,29757.1,29757.1,29752.4,29753.6,154
1784107560,29753.8,29757.9,29750.6,29755.6,176
1784107620,29755.1,29755.4,29749.5,29749.6,168
1784107680,29749.8,29750.4,29745.5,29748.5,198
1784107740,29749.3,29750.5,29746.9,29748.1,172
1784107800,29748.4,29749.9,29741.4,29742.1,190
1784107860,29741.1,29741.1,29735.3,29739.6,182
1784107920,29739.9,29741.8,29738.5,29741.3,174
1784107980,29741.1,29743.4,29739.6,29741.1,188
1784108040,29740.9,29742.6,29733.9,29735.1,180
1784108100,29734.9,29736.6,29730.9,29733.5,188
1784108160,29734.5,29735,29727.3,29727.9,196
1784108220,29727.5,29741.3,29727.4,29739.1,202
1784108280,29739.4,29748,29739.3,29745.1,160
1784108340,29744.9,29745.1,29736.8,29737.4,176
1784108400,29737.5,29740.9,29735.8,29740.9,176
1784108460,29740.8,29757.9,29740.8,29755.9,216
1784108520,29755.8,29755.8,29752.8,29754.3,128
1784108580,29754.1,29756.4,29751.9,29753.1,150
1784108640,29752.5,29752.5,29749,29749.9,182
1784108700,29750,29751.3,29745.1,29746.9,168
1784108760,29746.8,29748.3,29737.9,29739.4,186
1784108820,29739.6,29740.8,29736.3,29737.8,170
1784108880,29737.6,29738,29734.5,29737.1,166
1784108940,29737.4,29738.4,29727.8,29734,190
1784109000,29733.6,29743.4,29731.9,29741.8,190
1784109060,29742.1,29742.3,29729.5,29731.4,178
1784109120,29731.3,29731.8,29723.4,29723.4,162
1784109180,29723.8,29725.6,29721,29724.5,208
1784109240,29724.9,29730.1,29724.6,29728.4,190
1784109300,29728.6,29729.9,29721.9,29722.5,176
1784109360,29722.4,29724.8,29716.6,29717.9,184
1784109420,29718.4,29720.9,29718.3,29718.8,182
1784109480,29718.6,29722.1,29717.1,29718.6,188
1784109540,29718.1,29726.5,29714.9,29723,176
1784109600,29723.9,29724.9,29714.9,29719.9,212
1784109660,29720,29728.3,29718,29727.4,208
1784109720,29727,29730.5,29724,29727.8,176
1784109780,29727.9,29728.6,29722,29724,166
1784109840,29723.9,29730.6,29723.4,29727,184
1784109900,29725.8,29731.9,29724.8,29727.9,190
1784109960,29729.8,29732.1,29725.4,29725.9,186
1784110020,29725.6,29728.8,29724.8,29727.8,170
1784110080,29727.5,29728.4,29721.9,29723.9,160
1784110140,29724,29728.8,29723.9,29726.1,156
1784110200,29726.3,29729.6,29723.3,29728.8,152
1784110260,29728.9,29736.9,29726.9,29736,178
1784110320,29735.8,29738.1,29731.8,29737.5,150
1784110380,29738.1,29740.8,29737.5,29740.8,154
1784110440,29741,29742.3,29740,29741.5,156
1784110500,29741.8,29745.5,29739,29744.6,164
1784110560,29744.8,29745.5,29734.1,29737.5,168
1784110620,29738,29741,29732,29733.1,174
1784110680,29733.3,29736.4,29731.8,29733.9,162
1784110740,29734.1,29734.4,29729.9,29731.5,158
1784110800,29731.1,29739.3,29731.1,29737,182
1784110860,29736.8,29736.9,29730.3,29730.9,188
1784110920,29730.8,29736.4,29723.3,29725.4,152
1784110980,29726.3,29726.3,29700.5,29706.9,238
1784111040,29707.3,29716.5,29702.8,29703.8,226
1784111100,29704.3,29708.5,29699.8,29700.6,230
1784111160,29700,29703.4,29696.5,29697.6,220
1784111220,29697.1,29700,29687.1,29692.9,218
1784111280,29692.1,29693.1,29685.8,29690.6,218
1784111340,29693.1,29701.1,29690.4,29695.8,226
1784111400,29695.6,29702.4,29694.4,29700.6,230
1784111460,29702.1,29704.8,29689.5,29691.3,222
1784111520,29690.8,29700.6,29688.9,29698,194
1784111580,29698.3,29700.1,29693.9,29698.5,232
1784111640,29698.1,29702.1,29694.6,29697.9,210
1784111700,29697.5,29704.8,29696.4,29704.5,202
1784111760,29704.6,29709.8,29703.9,29708,190
1784111820,29707.5,29718.5,29706.5,29717.6,198
1784111880,29717.8,29720,29714,29718.8,192
1784111940,29717.9,29718.8,29713.3,29714.5,176
1784112000,29714.4,29714.8,29707.1,29709.1,178
1784112060,29710.6,29710.6,29702.5,29705.8,218
1784112120,29705.5,29705.5,29698.8,29701.3,184
1784112180,29702.3,29703.9,29699,29701.6,194
1784112240,29701.8,29703.8,29699.8,29702.1,170
1784112300,29702.5,29709.1,29699.3,29709,190
1784112360,29708.6,29711.5,29706.6,29706.6,198
1784112420,29707.1,29712.5,29706.5,29708.6,192
1784112480,29708.4,29714,29706.6,29709.1,172
1784112540,29709,29717.3,29708.8,29717.1,200
1784112600,29716.8,29717.5,29711.1,29711.6,186
1784112660,29711.9,29719.1,29711.9,29713.9,186
1784112720,29713.6,29717,29711.6,29716.6,186
1784112780,29716,29716.9,29714.3,29714.3,150
1784112840,29713.9,29722.4,29713.8,29722,176
1784112900,29721.4,29725.4,29721,29725.1,166
1784112960,29725,29731.8,29724.8,29730.8,172
1784113020,29730,29730.6,29720.5,29721.5,176
1784113080,29720.9,29727.5,29720.9,29724.6,164
1784113140,29723.3,29732.3,29722.3,29725.1,202
1784113200,29725.3,29752.3,29725.3,29749.3,258
1784113260,29749.1,29750.8,29740.3,29744.6,234
1784113320,29745.3,29746,29739.6,29741.5,208
1784113380,29741.1,29741.8,29737.3,29737.3,206
1784113440,29736.8,29742.5,29736.8,29738.6,212
1784113500,29739,29741.4,29735.8,29739.4,196
1784113560,29739.1,29740.9,29728.3,29730,186
1784113620,29729.5,29730.3,29719.1,29722.9,210
1784113680,29724.5,29736,29722.3,29736,218
1784113740,29735.8,29738.9,29733.5,29735.6,200
1784113800,29735.1,29738.8,29729.5,29734,208
1784113860,29734.3,29737.3,29726.5,29730.8,206
1784113920,29730.4,29735.8,29729.4,29729.4,192
1784113980,29729.3,29730.4,29723,29726.8,196
1784114040,29726.3,29732.1,29723.4,29724.9,210
1784114100,29725,29728,29721.1,29727.1,220
1784114160,29724.9,29726.1,29721,29722.9,184
1784114220,29723.3,29726.4,29720.1,29722.8,194
1784114280,29722.6,29740.3,29721.9,29736.9,206
1784114340,29736.6,29738.8,29725.3,29725.3,182
1784114400,29724.6,29731.4,29724.5,29728,190
1784114460,29728.4,29732.1,29727.4,29729.6,186
1784114520,29729.5,29733.6,29728.4,29732,150
1784114580,29733,29733.3,29730.4,29731.9,174
1784114640,29731.4,29735.8,29724,29725.3,196
1784114700,29724.9,29729.9,29723.8,29727,170
1784114760,29726.3,29730.5,29722.8,29722.8,160
1784114820,29722.6,29722.8,29715.8,29715.9,182
1784114880,29715.8,29723,29715.6,29721.3,176
1784114940,29722,29722,29714.9,29720,202
1784115000,29721,29723,29716,29719.9,200
1784115060,29719.5,29719.5,29710.5,29717.3,214
1784115120,29717.4,29723.9,29715,29715.9,196
1784115180,29716.3,29721.9,29715.4,29721.9,182
1784115240,29723.3,29730.6,29721.3,29730,206
1784115300,29730.1,29733,29722.5,29723.3,190
1784115360,29722.6,29728.4,29722.3,29726.8,182
1784115420,29726.9,29732.4,29723.5,29727.9,194
1784115480,29728.8,29736.6,29728.8,29732.1,196
1784115540,29732.6,29736.1,29730.9,29732.1,184
1784115600,29733.4,29734.9,29730.8,29731,176
1784115660,29731.1,29733.9,29728,29733.9,182
1784115720,29733.8,29737.6,29732.5,29737,162
1784115780,29736.8,29741.1,29732.3,29734.8,198
1784115840,29733,29733,29723.1,29727.8,196
1784115900,29727.6,29727.6,29718.3,29719.4,204
1784115960,29718.9,29721.9,29714.4,29715.4,204
1784116020,29715.1,29717.6,29709.6,29716.6,214
1784116080,29716.4,29718.6,29710.6,29710.6,188
1784116140,29710.5,29713.5,29706.5,29710.4,206
1784116200,29711.3,29721.3,29710.8,29719,212
1784116260,29719.3,29724.3,29704.3,29716.6,228
1784116320,29716.3,29720.9,29714.6,29717.9,208
1784116380,29715.4,29716.3,29711.8,29713.4,186
1784116440,29713,29716.3,29709.9,29709.9,154
1784116500,29710.3,29720.3,29708.3,29720.3,214
1784116560,29720,29722.5,29719,29720.4,208
1784116620,29720.9,29723.5,29718.6,29723.1,194
1784116680,29722.3,29725.3,29720.1,29723.4,188
1784116740,29723.8,29723.9,29710.3,29710.9,182
1784116800,29711.3,29715,29706.8,29714,204
1784116860,29713.6,29715.6,29707.9,29710.4,222
1784116920,29709.9,29709.9,29703.3,29706.3,218
1784116980,29706.1,29709.8,29702.9,29702.9,182
1784117040,29703.1,29704.9,29700.5,29701.4,206
1784117100,29701.6,29701.6,29678.1,29681.3,248
1784117160,29681,29683,29675.8,29678.1,230
1784117220,29678.6,29690.6,29678.6,29686.8,218
1784117280,29687,29690,29684.5,29688.4,206
1784117340,29688.8,29695.3,29687.4,29689.8,214
1784117400,29687.4,29690.8,29677.6,29680.9,226
1784117460,29680.6,29687.9,29677.6,29685.3,204
1784117520,29685,29691.3,29683.6,29683.6,192
1784117580,29682.3,29682.3,29673.3,29680.3,218
1784117640,29681.5,29684.4,29679,29679.4,198
1784117700,29679.6,29688,29679.6,29687.6,206
1784117760,29686.5,29691.8,29685.6,29690.3,190
1784117820,29691.1,29691.3,29685.9,29690.6,184
1784117880,29690.9,29690.9,29679.6,29684.5,206
1784117940,29685,29686.5,29680,29680.3,194
1784118000,29680.8,29681.3,29675.9,29678.3,206
1784118060,29678.8,29681.1,29657.4,29658.8,222
1784118120,29657.5,29665.3,29656.1,29663,224
1784118180,29663.9,29665,29661.6,29662.1,212
1784118240,29661.3,29668.1,29660.4,29665.8,218
1784118300,29666,29667.6,29655.4,29662.5,228
1784118360,29662.3,29668.4,29661.1,29668.4,216
1784118420,29671.8,29672.6,29665.8,29670.4,200
1784118480,29669.4,29677.8,29669.3,29673.6,182
1784118540,29674.4,29681.6,29673.5,29674.3,196
1784118600,29676.3,29743.3,29669.3,29724.3,277
1784118660,29724.5,29736.4,29716,29725.8,274
1784118720,29727,29749.3,29725.5,29743.1,294
1784118780,29744,29744.3,29730,29730.9,270
1784118840,29730.6,29748.1,29729.8,29741.6,272
1784118900,29742.1,29757.1,29738,29754.4,270
1784118960,29753.6,29754,29742.9,29746.4,268
1784119020,29745.6,29755.1,29737.1,29752.4,242
1784119080,29750,29752.4,29739.8,29744,240
1784119140,29743.6,29747,29732,29732.8,240
1784119200,29735.3,29738.4,29724.1,29732.4,276
1784119260,29732.1,29737.8,29725.5,29737.8,238
1784119320,29738,29770.1,29736,29768.1,272
1784119380,29769.4,29771.5,29759.5,29767.1,254
1784119440,29765.8,29768.6,29746.8,29750,234
1784119500,29751.6,29752.4,29744,29744.1,228
1784119560,29744.3,29747.4,29741.5,29742.9,224
1784119620,29743.5,29752.1,29740.5,29749.3,240
1784119680,29749,29767.8,29748.3,29767.8,246
1784119740,29767.9,29776.9,29763.4,29774.4,242
1784119800,29773.1,29780.1,29771.6,29776.5,238
1784119860,29776.1,29780.4,29771.3,29772.4,236
1784119920,29773.4,29788,29773.3,29782.5,200
1784119980,29782.3,29783.8,29776.8,29777.6,206
1784120040,29778,29784.3,29774.9,29784.3,228
1784120100,29784.5,29788.5,29780.5,29786.5,242
1784120160,29786.3,29790.6,29782.8,29789.4,222
1784120220,29789.5,29794.3,29786.3,29786.8,238
1784120280,29786.3,29792.1,29785,29789.4,208
1784120340,29789,29789.3,29777.1,29779.5,246
1784120400,29780.5,29789.9,29778.3,29779.5,256
1784120460,29779.6,29783.5,29775.9,29777.6,234
1784120520,29777.4,29780.1,29775.5,29777.3,236
1784120580,29777,29782.8,29775.8,29780.5,208
1784120640,29780.3,29789.5,29777,29786.6,238
1784120700,29788,29791.9,29787.5,29790.6,220
1784120760,29791.1,29792.1,29782.2,29789.9,226
1784120820,29789.8,29796.6,29777,29777.6,262
1784120880,29777.8,29778.8,29769.4,29770,240
1784120940,29769.8,29771.4,29766.3,29769.6,218
1784121000,29770,29771.5,29760.4,29761.1,238
1784121060,29760.8,29763.8,29757.6,29757.9,228
1784121120,29757.8,29760.3,29752.6,29754.9,214
1784121180,29754,29754,29740.3,29742.5,236
1784121240,29742.9,29748,29738.5,29745.8,234
1784121300,29746,29748.9,29743,29748.1,220
1784121360,29747.9,29749.3,29741.9,29742.5,230
1784121420,29742.4,29752.5,29741.9,29751,238
1784121480,29750.5,29752.8,29747.8,29751.8,206
1784121540,29751.5,29756.6,29749.8,29754.9,208
1784121600,29754.5,29754.5,29739.3,29742.3,244
1784121660,29742.1,29746.9,29740,29741.5,212
1784121720,29741.4,29749.6,29740.3,29747.8,238
1784121780,29748,29748,29740.4,29743,224
1784121840,29743.3,29748.4,29741.1,29748.4,196
1784121900,29746.9,29753,29743.4,29745.5,234
1784121960,29745,29747.4,29737.6,29741.5,220
1784122020,29741,29752.8,29735.6,29743.8,250
1784122080,29745.9,29745.9,29738.5,29745,254
1784122140,29743.5,29762,29743.5,29756.1,272
1784122200,29752.6,29774.8,29737.2,29753.8,316
1784122260,29753.7,29759.9,29718.2,29738.6,324
1784122320,29741.3,29747.4,29718.2,29729.8,324
1784122380,29732.8,29732.8,29712.4,29731.8,301
1784122440,29730.2,29755.6,29725.6,29753.1,316
1784122500,29752.9,29765.1,29713.7,29715.8,320
1784122560,29717.1,29734.4,29712.1,29730.4,308
1784122620,29729.9,29741.6,29678.6,29678.6,322
1784122680,29678.4,29681.3,29652.1,29672.8,318
1784122740,29673.3,29692.2,29658.9,29681.2,316
1784122800,29681.6,29681.6,29640.3,29648.3,310
1784122860,29647.9,29666.1,29642.1,29645.7,308
1784122920,29647.4,29669.3,29644.3,29653.7,314
1784122980,29654.2,29682.8,29651.3,29676.7,306
1784123040,29678.1,29681.6,29631.9,29632.7,304
1784123100,29633.1,29645.7,29618.3,29632.2,318
1784123160,29631.3,29632.3,29598.6,29610.7,310
1784123220,29610.8,29617.8,29584.7,29597.4,320
1784123280,29595.8,29612.3,29586.8,29590.8,318
1784123340,29589.9,29592.9,29576.7,29581.6,314
1784123400,29584.1,29591.3,29558.9,29570.3,314
1784123460,29571.8,29577.7,29555.1,29557.6,314
1784123520,29558.3,29594.8,29556.7,29589.1,320
1784123580,29589.6,29589.8,29561.6,29569.3,306
1784123640,29568.8,29600.7,29565.9,29596.4,314
1784123700,29597.3,29610.8,29580.8,29597.2,320
1784123760,29597.4,29612.4,29583.3,29584.9,308
1784123820,29588.9,29610.3,29588.1,29603.6,314
1784123880,29604.3,29617.8,29591.2,29607.1,320
1784123940,29604.8,29622.4,29595.1,29622.4,300
1784124000,29621.8,29647.7,29621.8,29635.8,316
1784124060,29635.6,29650.4,29633.3,29647.6,322
1784124120,29652.4,29665.3,29634.7,29644.6,312
1784124180,29643.6,29669.1,29639.8,29658.9,310
1784124240,29658.6,29661.6,29636.4,29643.6,306
1784124300,29642.8,29654.2,29627.1,29636.6,304
1784124360,29638.1,29688.4,29635.7,29686.1,314
1784124420,29686.2,29686.9,29676.8,29685.1,318
1784124480,29684.6,29689.9,29674.2,29677.6,312
1784124540,29675.3,29682.6,29654.6,29660.1,308
1784124600,29659.2,29671.8,29647.9,29661.3,312
1784124660,29661.6,29661.9,29639.2,29646.1,304
1784124720,29647.1,29658.1,29636.8,29656.1,316
1784124780,29655.4,29655.4,29630.2,29638.1,314
1784124840,29638.3,29644.8,29606.6,29606.6,312
1784124900,29605.3,29621.9,29587.8,29596.2,316
1784124960,29597.6,29618.3,29588.3,29611.9,310
1784125020,29610.3,29628.6,29610.3,29614.2,308
1784125080,29614.3,29616.9,29596.2,29598.3,306
1784125140,29599.8,29619.2,29590.7,29598.1,308
1784125200,29597.8,29601.1,29550.6,29558.7,316
1784125260,29559.6,29570.1,29547.3,29565.2,320
1784125320,29564.2,29569.8,29538.8,29551.3,320
1784125380,29546.9,29549.8,29495.1,29501.1,323
1784125440,29501.6,29508.4,29455.2,29472.3,312
1784125500,29471.8,29476.8,29447.1,29467.7,330
1784125560,29467.8,29469.9,29439.3,29464.9,322
1784125620,29468.8,29492.1,29456.4,29489.6,328
1784125680,29488.3,29514.3,29482.2,29497.3,325
1784125740,29496.1,29527.2,29496.1,29522.3,316
1784125800,29521.9,29533.4,29501.8,29509.8,320
1784125860,29508.3,29512.8,29469.8,29471.9,320
1784125920,29469.4,29483.1,29447.1,29473.4,320
1784125980,29474.3,29506.2,29474.2,29504.6,312
1784126040,29506.7,29512.4,29486.3,29489.6,308
1784126100,29489.2,29500.6,29466.1,29477.8,304
1784126160,29475.8,29476.6,29418.1,29418.1,300
1784126220,29424.3,29433.7,29411.8,29415.2,312
1784126280,29415.1,29423.1,29397.6,29407.1,328
1784126340,29405.1,29410.3,29389.1,29402.2,318
1784126400,29404.3,29419.4,29387.3,29405.3,322
1784126460,29402.1,29421.8,29389.4,29403.2,320
1784126520,29401.1,29402.8,29337.3,29342.1,324
1784126580,29343.7,29375.9,29341.4,29369.8,320
1784126640,29370.1,29404.7,29370.1,29399.7,302
1784126700,29396.2,29396.2,29363.4,29371.4,306
1784126760,29368.8,29400.8,29361.6,29397.6,308
1784126820,29397.3,29414.6,29395.8,29411.1,312
1784126880,29410.4,29426.2,29389.6,29425.3,312
1784126940,29423.4,29442.1,29419.6,29438.6,304
1784127000,29439.1,29440.4,29416.8,29417.3,310
1784127060,29416.8,29419.6,29393.9,29403.1,308
1784127120,29402.6,29431.6,29395.4,29398.6,316
1784127180,29397.9,29420.8,29395.3,29412.1,300
1784127240,29410.8,29410.8,29379.8,29399.2,310
1784127300,29402.1,29418.1,29386.1,29398.8,316
1784127360,29397.9,29421.7,29391.7,29419.9,312
1784127420,29420.4,29429.8,29409.1,29411.6,310
1784127480,29410.8,29420.9,29395.8,29404.8,312
1784127540,29403.8,29431.9,29403.8,29430.1,298
1784127600,29427.3,29439.7,29410.9,29416.1,306
1784127660,29415.6,29415.6,29389.4,29393.8,310
1784127720,29392.8,29414.7,29386.8,29406.6,308
1784127780,29405.4,29410.4,29391.1,29395.3,298
1784127840,29396.3,29397.2,29383.8,29389.1,310
1784127900,29388.9,29412.3,29379.8,29412.3,304
1784127960,29412.7,29419.6,29399.6,29417.9,322
1784128020,29417.6,29431.2,29407.9,29430.1,298
1784128080,29429.2,29446.6,29426.9,29441.6,298
1784128140,29442.1,29453.1,29441.6,29450.7,306
1784128200,29452.3,29460.3,29429.4,29439.7,316
1784128260,29440.3,29440.3,29423.6,29432.3,318
1784128320,29431.1,29435.1,29408.6,29411.7,314
1784128380,29411.6,29431.2,29407.6,29414.7,304
1784128440,29414.2,29420.1,29388.4,29390.8,308
1784128500,29390.3,29395.2,29364.3,29377.6,312
1784128560,29374.6,29379.7,29352.8,29354.8,312
1784128620,29352.8,29382.4,29337.1,29380.3,308
1784128680,29379.3,29398.2,29375.1,29397.6,312
1784128740,29398.2,29408.8,29395.3,29408.8,302
1784128800,29408.2,29408.2,29378.9,29395.8,318
1784128860,29397.3,29397.4,29373.3,29377.7,304
1784128920,29376.1,29376.2,29354.8,29358.8,306
1784128980,29357.4,29366.4,29342.3,29351.4,312
1784129040,29351.7,29381.6,29344.9,29381.6,308
1784129100,29381.7,29398.7,29372.2,29388.8,308
1784129160,29388.2,29406.1,29387.1,29392.8,312
1784129220,29394.1,29402.1,29390.6,29397.1,298
1784129280,29398.3,29429.6,29398.3,29423.6,314
1784129340,29422.4,29440.7,29420.4,29438.9,294
1784129400,29442.3,29442.9,29424.2,29425.2,306
1784129460,29425.8,29430.3,29412.9,29421.3,296
1784129520,29422.2,29445.4,29418.2,29443.1,288
1784129580,29444.8,29454.2,29440.4,29440.7,294
1784129640,29442.1,29446.1,29429.6,29433.3,304
1784129700,29434.8,29435.1,29393.8,29408.2,312
1784129760,29409.1,29441.1,29407.8,29438.1,310
1784129820,29438.6,29451.2,29427.1,29438.2,294
1784129880,29438.6,29445.8,29434.3,29441.1,300
1784129940,29441.8,29450.4,29432.3,29446.6,296
1784130000,29447.6,29454.9,29432.6,29435.1,300
1784130060,29433.8,29445.3,29429.8,29442.1,300
1784130120,29442.3,29446.1,29428.3,29438.1,308
1784130180,29437.8,29437.8,29420.3,29421.3,298
1784130240,29421.6,29422.4,29406.1,29415.1,302
1784130300,29416.1,29416.1,29396.8,29400.8,308
1784130360,29400.6,29402.8,29387.2,29402.4,302
1784130420,29403.4,29409.7,29379.7,29384.8,306
1784130480,29385.2,29392.2,29378.8,29391.4,308
1784130540,29389.7,29406.8,29386.8,29395.4,304
1784130600,29395.2,29395.4,29366.8,29371.6,314
1784130660,29371.7,29381.7,29364.4,29373.1,300
1784130720,29373.6,29382.1,29369.6,29374.6,302
1784130780,29373.3,29387.6,29361.9,29387.3,294
1784130840,29386.8,29390.7,29368.6,29382.7,308
1784130900,29382.6,29386.8,29374.8,29382.1,310
1784130960,29381.9,29382.9,29365.4,29377.4,306
1784131020,29378.1,29379.7,29366.7,29367.8,302
1784131080,29367.1,29386.9,29365.9,29384.9,306
1784131140,29385.4,29388.7,29379.8,29380.1,292
1784131200,29380.6,29398.1,29374.6,29380.1,306
1784131260,29380.7,29380.7,29342.7,29349.3,292
1784131320,29349.4,29351.8,29336.8,29341.2,305
1784131380,29340.7,29341.9,29316.9,29318.1,302
1784131440,29320.7,29332.4,29317.1,29330.9,308
1784131500,29331.4,29333.7,29305.4,29305.9,302
1784131560,29305.7,29310.9,29288.8,29292.6,310
1784131620,29292.8,29304.2,29282.4,29284.2,300
1784131680,29284.9,29289.7,29278.9,29287.7,306
1784131740,29289.4,29316.1,29288.9,29313.9,306
1784131800,29313.1,29321.1,29302.7,29314.4,292
1784131860,29311.6,29313.3,29290.9,29295.2,302
1784131920,29296.2,29308.6,29284.8,29308.6,309
1784131980,29308.1,29310.3,29280.9,29282.2,298
1784132040,29281.9,29285.6,29270.4,29274.4,298
1784132100,29274.4,29287.2,29270.4,29279.3,313
1784132160,29278.3,29283.6,29266.9,29269.2,297
1784132220,29268.4,29278.4,29265.3,29277.9,288
1784132280,29280.8,29291.2,29272.3,29288.2,298
1784132340,29287.8,29295.3,29272.2,29273.1,294
1784132400,29273.2,29281.4,29263.8,29264.7,296
1784132460,29264.3,29271.9,29256.1,29260.9,300
1784132520,29259.8,29273.1,29255.2,29264.9,302
1784132580,29264.1,29275.9,29257.4,29263.7,298
1784132640,29264.1,29264.7,29230.4,29241.1,310
1784132700,29240.4,29264.3,29237.9,29250.8,310
1784132760,29250.7,29257.1,29244.2,29250.9,290
1784132820,29250.4,29255.6,29231.8,29240.2,300
1784132880,29239.2,29251.7,29234.4,29244.4,298
1784132940,29245.3,29266.4,29245.3,29260.8,296
1784133000,29259.9,29281.8,29259.6,29276.8,310
1784133060,29277.9,29277.9,29252.4,29258.1,290
1784133120,29257.8,29261.6,29250.3,29255.8,308
1784133180,29256.1,29258.3,29240.3,29248.7,304
1784133240,29249.2,29254.7,29225.7,29233.3,300
1784133300,29233.2,29233.9,29213.6,29224.1,294
1784133360,29222.6,29225.4,29207.9,29210.2,288
1784133420,29211.1,29217.7,29209.4,29213.3,284
1784133480,29212.4,29227.2,29209.4,29220.2,290
1784133540,29220.9,29230.3,29215.6,29216.7,286
1784133600,29216.3,29219.1,29204.4,29205.2,296
1784133660,29204.9,29234.7,29196.2,29220.9,302
1784133720,29220.4,29232.3,29219.6,29223.8,300
1784133780,29223.7,29234.4,29217.3,29230.6,294
1784133840,29229.2,29247.7,29228.8,29244.8,310
1784133900,29244.9,29248.9,29234.3,29237.6,298
1784133960,29237.1,29329.4,29233.7,29294.6,299
1784134020,29292.2,29292.2,29261.4,29262.8,308
1784134080,29264.1,29277.1,29264.1,29264.4,300
1784134140,29265.1,29284.4,29265.1,29275.3,304
1784134200,29275.6,29303.7,29275.6,29299.8,310
1784134260,29299.7,29310.3,29290.8,29290.9,288
1784134320,29291.6,29314.3,29285.7,29311.7,294
1784134380,29312.2,29316.2,29306.8,29311.8,280
1784134440,29311.6,29312.7,29287.6,29293.4,288
1784134500,29294.4,29302.4,29272.6,29274.6,316
1784134560,29274.4,29279.9,29264.9,29271.2,298
1784134620,29269.4,29291.7,29261.4,29291.7,296
1784134680,29292.2,29306.1,29290.3,29301.6,292
1784134740,29300.9,29312.4,29300.9,29311.7,288
1784134800,29310.7,29328.9,29304.9,29326.9,302
1784134860,29326.4,29334.7,29323.8,29327.7,290
1784134920,29328.2,29336.2,29325.9,29326.9,302
1784134980,29326.6,29337.8,29322.8,29333.8,308
1784135040,29333.1,29335.8,29325.1,29325.3,294
1784135100,29326.9,29331.7,29320.8,29325.3,282
1784135160,29324.8,29349.4,29324.8,29342.7,292
1784135220,29342.2,29351.4,29340.9,29349.2,278
1784135280,29350.4,29358.7,29348.9,29348.9,292
1784135340,29349.1,29353.8,29345.8,29348.7,270
1784135400,29350.4,29354.8,29340.7,29354.8,272
1784135460,29354.3,29355.4,29339.9,29340.7,274
1784135520,29340.9,29357.8,29340.9,29357.7,271
1784135580,29357.4,29359.2,29344.3,29344.9,266
1784135640,29344.4,29346.2,29329.9,29330.8,280
1784135700,29330.9,29346.2,29326.2,29344.2,293
1784135760,29344.8,29346.2,29333.7,29342.2,282
1784135820,29342.8,29366.2,29340.6,29363.6,276
1784135880,29364.2,29378.7,29361.8,29375.7,266
1784135940,29375.4,29384.1,29375.4,29380.4,272
1784136000,29379.9,29392.8,29378.9,29378.9,294
1784136060,29378.3,29383.9,29366.7,29372.4,286
1784136120,29372.2,29386.8,29372.2,29386.2,256
1784136180,29386.3,29395.4,29381.7,29381.7,272
1784136240,29382.2,29391.3,29380.7,29386.7,260
1784136300,29386.9,29392.2,29386.1,29388.9,274
1784136360,29389.2,29393.7,29387.4,29387.9,238
1784136420,29387.2,29393.2,29381.9,29389.7,250
1784136480,29388.4,29391.2,29373.9,29377.9,256
1784136540,29378.3,29406.3,29377.7,29403.6,264
1784136600,29403.7,29421.4,29403.7,29413.7,298
1784136660,29412.9,29415.4,29403.4,29410.1,282
1784136720,29409.9,29416.7,29408.4,29414.2,276
1784136780,29414.9,29423.7,29411.7,29420.7,276
1784136840,29420.2,29424.9,29412.4,29419.6,258
1784136900,29419.7,29419.7,29407.9,29413.4,266
1784136960,29412.9,29425.7,29408.8,29421.4,270
1784137020,29420.4,29429.7,29418.7,29425.7,262
1784137080,29425.4,29427.4,29418.7,29423.4,276
1784137140,29423.9,29431.4,29423.9,29429.6,260
1784137200,29429.9,29434.2,29422.9,29426.2,282
1784137260,29424.7,29434.7,29424.6,29427.8,266
1784137320,29428.7,29429.4,29420.6,29420.8,262
1784137380,29421.9,29435.7,29419.4,29434.2,268
1784137440,29432.4,29434.9,29428.9,29432.9,256
1784137500,29432.4,29434.8,29424.4,29433.7,262
1784137560,29434.6,29460.2,29432.4,29456.3,272
1784137620,29456.4,29468.3,29456.3,29466.2,273
1784137680,29464.6,29469.1,29460.9,29467.2,266
1784137740,29467.4,29479.7,29463.2,29475.3,252
1784137800,29475.9,29478.3,29470.6,29472.8,268
1784137860,29472.7,29476.2,29467.9,29473.7,254
1784137920,29473.8,29496.2,29471.9,29495.3,268
1784137980,29493.2,29499.9,29488.4,29491.2,278
1784138040,29490.7,29503.4,29484.4,29498.6,276
1784138100,29499.2,29499.3,29491.7,29494.7,258
1784138160,29494.3,29495.1,29483.9,29488.7,266
1784138220,29488.4,29500.6,29484.4,29498.9,246
1784138280,29497.9,29502.2,29494.9,29498.2,270
1784138340,29497.7,29499.2,29478.9,29485.3,263
1784138400,29485.8,29494.9,29481.2,29491.9,272
1784138460,29492.2,29510.2,29492.2,29507.9,274
1784138520,29507.2,29509.4,29496.7,29507.4,270
1784138580,29507.9,29510.6,29503.7,29507.9,260
1784138640,29508.1,29510.7,29495.9,29499.8,252
1784138700,29499.4,29512.2,29496.9,29511.7,264
1784138760,29511.8,29522.9,29511.7,29521.8,266
1784138820,29522.1,29522.6,29511.7,29515.6,266
1784138880,29516.2,29518.2,29511.9,29516.3,246
1784138940,29515.7,29519.6,29511.8,29517.6,218
1784139000,29517.7,29525.1,29516.2,29523.2,270
1784139060,29523.6,29527.7,29519.3,29526.4,260
1784139120,29527.2,29527.2,29516.3,29521.4,262
1784139180,29520.9,29528.4,29517.4,29525.1,254
1784139240,29523.9,29525.7,29514.4,29514.7,250
1784139300,29515.2,29515.2,29501.1,29504.7,288
1784139360,29503.8,29504.7,29491.9,29491.9,278
1784139420,29492.2,29503.3,29491.4,29498.8,244
1784139480,29498.9,29500.2,29484.4,29495.3,276
1784139540,29495.4,29508.6,29495.2,29504.2,260
1784139600,29503.4,29518.3,29502.6,29515.2,260
1784139660,29514.4,29530.3,29511.9,29528.8,264
1784139720,29529.1,29531.4,29524.7,29527.2,264
1784139780,29528.3,29541.3,29527.7,29537.9,250
1784139840,29537.4,29540.9,29534.4,29535.1,260
1784139900,29534.8,29536.6,29526.4,29531.9,262
1784139960,29530.7,29533.7,29526.8,29532.3,242
1784140020,29532.6,29534.9,29529.9,29533.6,262
1784140080,29533.8,29536.1,29528.9,29531.6,216
1784140140,29531.4,29531.4,29518.3,29523.7,256
1784140200,29524.2,29528.4,29517.2,29519.8,260
1784140260,29519.7,29526.4,29518.8,29525.8,256
1784140320,29525.6,29532.9,29523.8,29532.7,260
1784140380,29532.8,29533.4,29522.7,29523.7,258
1784140440,29523.6,29529.6,29520.8,29522.4,254
1784140500,29521.7,29521.8,29508.4,29511.6,274
1784140560,29511.3,29512.3,29496.7,29502.1,276
1784140620,29500.8,29505.9,29494.9,29505.9,276
1784140680,29505.4,29505.4,29490.8,29493.7,238
1784140740,29493.2,29498.7,29486.8,29487.4,247
1784140800,29487.9,29492.4,29483.9,29491.4,268
1784140860,29492.3,29498.7,29491.1,29493.8,264
1784140920,29493.7,29501.7,29474.7,29475.8,288
1784140980,29476.7,29480.7,29468.4,29474.8,268
1784141040,29474.9,29477.2,29457.7,29461.7,258
1784141100,29460.7,29460.7,29448.6,29454.8,288
1784141160,29455.8,29463.9,29436.7,29437.1,282
1784141220,29441.7,29457.3,29441.7,29450.2,296
1784141280,29447.7,29453.7,29444.2,29451.3,288
1784141340,29451.4,29458.4,29441.1,29441.1,260
1784141400,29440.7,29447.1,29431.7,29444.4,268
1784141460,29444.6,29447.4,29407.6,29415.4,288
1784141520,29415.7,29422.6,29411.3,29417.3,294
1784141580,29416.2,29419.2,29403.3,29411.4,290
1784141640,29412.3,29427.9,29408.4,29424.2,284
1784141700,29423.9,29433.7,29420.2,29427.1,284
1784141760,29427.3,29427.3,29408.2,29413.7,278
1784141820,29413.2,29424.2,29413.1,29423.2,278
1784141880,29422.9,29434.1,29395.7,29401.4,284
1784141940,29401.7,29411.9,29398.7,29411.8,278
1784142000,29412.3,29417.2,29404.2,29410.2,284
1784142060,29408.2,29423.6,29406.3,29423.6,292
1784142120,29423.1,29444.8,29422.2,29443.2,294
1784142180,29441.9,29454.9,29440.7,29445.7,276
1784142240,29444.4,29460.4,29443.2,29455.7,286
1784142300,29455.2,29457.2,29441.3,29452.7,282
1784142360,29452.9,29467.7,29449.9,29460.7,268
1784142420,29461.7,29464.9,29446.1,29450.4,288
1784142480,29450.7,29452.1,29431.9,29439.3,276
1784142540,29440.9,29445.9,29431.2,29435.9,286
1784142600,29435.2,29450.4,29430.4,29449.2,284
1784142660,29448.3,29449.3,29430.2,29432.1,274
1784142720,29433.4,29453.9,29431.2,29446.7,302
1784142780,29445.9,29451.4,29437.8,29443.3,268
1784142840,29445.8,29447.8,29439.4,29443.2,256
1784142900,29443.7,29447.7,29429.9,29438.7,278
1784142960,29440.1,29440.2,29431.4,29436.1,266
1784143020,29435.9,29439.2,29428.2,29432.1,258
1784143080,29432.2,29433.7,29426.9,29428.8,250
1784143140,29428.3,29433.2,29416.2,29416.9,274
1784143200,29415.7,29416.9,29393.7,29404.9,308
1784143260,29404.4,29407.4,29398.4,29403.4,268
1784143320,29402.9,29404.1,29391.2,29399.1,284
1784143380,29397.6,29404.4,29394.9,29403.8,270
1784143440,29404.2,29408.9,29398.2,29401.9,280
1784143500,29401.4,29402.9,29388.8,29397.4,272
1784143560,29396.7,29414.9,29392.1,29414.1,286
1784143620,29414.3,29435.8,29414.3,29426.2,292
1784143680,29425.1,29434.1,29424.2,29433.1,272
1784143740,29434.2,29441.2,29430.8,29441.2,278
1784143800,29443.4,29461.9,29440.4,29459.7,314
1784143860,29459.6,29466.7,29451.3,29459.2,300
1784143920,29461.6,29462.8,29411.9,29415.8,306
1784143980,29415.9,29440.8,29415.9,29426.1,292
1784144040,29426.6,29429.1,29414.2,29421.7,282
1784144100,29423.3,29436.2,29408.3,29432.6,302
1784144160,29431.6,29440.6,29426.6,29440.4,302
1784144220,29439.4,29444.8,29434.8,29443.1,277
1784144280,29442.7,29451.7,29441.6,29446.2,298
1784144340,29446.7,29457.6,29446.1,29455.7,286
1784144400,29455.4,29472.4,29452.8,29469.7,292
1784144460,29469.3,29485.3,29469.2,29479.7,292
1784144520,29479.6,29484.4,29471.7,29481.9,280
1784144580,29481.7,29494.2,29481.6,29484.9,270
1784144640,29482.9,29489.2,29481.8,29482.9,270
1784144700,29479.8,29486.1,29472.3,29472.3,288
1784144760,29472.7,29475.8,29457.8,29464.3,294
1784144820,29464.7,29466.7,29455.4,29459.1,268
1784144880,29459.4,29461.4,29448.7,29448.7,285
1784144940,29448.1,29457.1,29448.1,29453.3,252
1784145000,29485.3,29488.8,29460.8,29466.6,302
1784145060,29467.4,29478.8,29460.4,29473.1,294
1784145120,29472.9,29478.2,29471.4,29474.8,288
1784145180,29474.4,29480.2,29468.4,29476.7,274
1784145240,29474.8,29481.3,29457.7,29477.7,308
1784145300,29488.1,29504.4,29485.1,29501.1,288
1784145360,29501.9,29503.4,29495.1,29501.7,266
1784145420,29501.4,29502.3,29493.4,29499.8,276
1784145480,29499.4,29499.8,29494.9,29495.8,276
1784145540,29497.3,29505.1,29485.6,29500.4,292
1784145600,29507.6,29513.8,29494.4,29507.1,300
1784145660,29508.3,29521,29503.4,29521,266
1784145720,29521.8,29533.6,29517.8,29527.3,240
1784145780,29527.1,29535.9,29519.8,29535.9,240
1784145840,29535.4,29535.4,29521.3,29524.1,222
1784145900,29523,29527.6,29517.5,29527.6,206
1784145960,29528.3,29529.8,29516.6,29519.6,238
1784146020,29519.9,29522.9,29517.3,29518.9,182
1784146080,29518.4,29518.4,29507.5,29512.9,192
1784146140,29513.1,29515.9,29464.5,29490.1,214
1784146200,29489.9,29502,29486.4,29497.1,218
1784146260,29497.4,29500.5,29495.9,29498.1,166
1784146320,29498.3,29501.3,29496.9,29497.3,176
1784146380,29497.4,29500.1,29490.4,29492.9,184
1784146440,29493.9,29502.5,29490.1,29500.8,210
1784146500,29501,29502.3,29495.3,29496.5,200
1784146560,29497,29504.5,29496.3,29500.1,162
1784146620,29500.3,29501.5,29499.1,29499.1,164
1784146680,29499.3,29505.4,29498.9,29504.3,154
1784146740,29504.4,29510.9,29503.8,29510.9,172
1784146800,29510,29516.9,29508.4,29514.9,146
1784146860,29514.3,29518.6,29513.9,29518.6,152
1784146920,29518.5,29518.5,29515.1,29516.1,140
1784146980,29516,29518.1,29514.8,29514.9,134
1784147040,29514.8,29517.3,29511.5,29517.3,148
1784147100,29517.5,29519.3,29515.6,29516.3,132
1784147160,29516.5,29518.5,29513.9,29516.1,110
1784147220,29516.5,29517,29513.4,29514.5,102
1784147280,29514.1,29516.1,29512.9,29513.1,134
1784147340,29512.6,29519.1,29511.5,29517.9,156
1784147400,29517.4,29517.4,29513.9,29515,122
1784147460,29514.8,29515.6,29512.4,29512.5,92
1784147520,29512.4,29513.4,29509.9,29510.5,104
1784147580,29511.6,29512.4,29507.3,29508.8,124
1784147640,29508.6,29512.1,29504.8,29506.3,110
1784147700,29506.1,29510.6,29506.1,29509.6,122
1784147760,29509.8,29512,29508.6,29509.6,114
1784147820,29509.5,29511.8,29508.1,29511.4,112
1784147880,29511.5,29514.8,29510,29513.9,104
1784147940,29514.4,29515.4,29512.4,29513.1,110
1784148000,29513,29514.1,29510.5,29512.6,118
1784148060,29512.5,29514.6,29512.1,29514,122
1784148120,29513.8,29515.1,29512.6,29514.1,104
1784148180,29514.5,29515.4,29513,29514.5,102
1784148240,29514.4,29515.9,29514.3,29515.5,88
1784148300,29515.4,29518.4,29515.4,29516.4,112
1784148360,29516.3,29518.8,29515.5,29518.8,90
1784148420,29518.6,29518.8,29515.3,29517.6,98
1784148480,29517.8,29518.9,29516.1,29516.1,120
1784148540,29516.4,29518.8,29515.5,29517.8,112
1784148600,29517.3,29518.4,29514.8,29516.9,130
1784148660,29517,29517.9,29515.6,29517,130
1784148720,29516.9,29517.1,29512.4,29513.1,128
1784148780,29512.6,29512.9,29511.3,29511.6,108
1784148840,29511.4,29513.4,29511.4,29512,134
1784148900,29511.9,29512.9,29507.9,29512.3,160
1784148960,29512.4,29515,29512,29515,102
1784149020,29515.1,29515.1,29511.9,29513.5,141
1784149080,29513.8,29514.9,29511.6,29514.6,132
1784152800,29520,29522,29517.5,29518.7,128
1784152860,29518.9,29532.2,29512.5,29531.8,192
1784152920,29531.5,29542.2,29530.9,29533.5,184
1784152980,29534,29542.9,29533.7,29538.8,160
1784153040,29538.9,29539.7,29533.5,29536.5,146
1784153100,29536.4,29546,29536.4,29543.3,172
1784153160,29543,29550.4,29543,29549.8,190
1784153220,29550,29550.3,29537.9,29540.5,164
1784153280,29540.8,29543.8,29538.8,29539.2,144
1784153340,29538.9,29542.8,29537.3,29539.4,136
1784153400,29539.3,29541.3,29534.8,29539.8,162
1784153460,29537.9,29541.4,29536.5,29540.7,132
1784153520,29540.5,29540.5,29534.9,29536.2,130
1784153580,29535.9,29540,29533.4,29538,120
1784153640,29537.9,29538.4,29528.5,29530.2,146
1784153700,29530,29530.9,29528.8,29529.3,88
1784153760,29528.8,29530.4,29524.9,29526.2,106
1784153820,29526.4,29531.3,29526.2,29528.7,92
1784153880,29528.5,29528.7,29524.7,29525.4,118
1784153940,29526.4,29527.9,29522.9,29523,110
1784154000,29522.9,29526.5,29521.4,29525.9,130
1784154060,29526.4,29527.7,29524.5,29525.7,96
1784154120,29524.7,29526.3,29520.2,29522.7,138
1784154180,29522.8,29522.8,29512.9,29520,126
1784154240,29519.7,29519.8,29515,29516.7,156
1784154300,29516.8,29518.3,29514.8,29517.8,138
1784154360,29517.9,29520.5,29516.2,29519.9,116
1784154420,29520.4,29521.3,29517.3,29517.8,108
1784154480,29517.7,29518.4,29515.9,29518.3,88
1784154540,29518.2,29519.4,29515.8,29518.7,114
1784154600,29518.8,29525.3,29515.4,29517.2,130
1784154660,29517.4,29518.2,29510.7,29513,134
1784154720,29513.2,29518.5,29511.3,29517,138
1784154780,29516.3,29518.2,29512.5,29512.7,106
1784154840,29510.8,29513.8,29508.9,29510,132
1784154900,29509.9,29511.4,29505.7,29507.4,156
1784154960,29507.2,29507.3,29492.4,29496.8,176
1784155020,29496.5,29497.5,29493.8,29497.4,144
1784155080,29497.3,29497.3,29491.3,29493.3,126
1784155140,29493,29493.9,29491.5,29492.4,130
1784155200,29492.3,29493,29491,29492.9,104
1784155260,29493.4,29493.9,29491.2,29491.4,148
1784155320,29491,29492.3,29488.4,29491,130
1784155380,29490.8,29496.4,29490.2,29495.9,128
1784155440,29496,29497.5,29486,29486,132
1784155500,29487.3,29500.9,29486.8,29500.9,152
1784155560,29500.8,29501.5,29498.5,29499.2,116
1784155620,29499,29499.7,29494.5,29495.8,128
1784155680,29496.3,29496.4,29493.5,29493.5,110
1784155740,29492.8,29493.5,29483.3,29484.8,148
1784155800,29483.7,29495.7,29483.7,29490.4,136
1784155860,29490.2,29490.5,29486.8,29488.3,108
1784155920,29487.9,29487.9,29482.8,29486.7,100
1784155980,29487.4,29488.3,29485.5,29486.2,118
1784156040,29487.4,29515.4,29487.4,29492.5,186
1784156100,29492.2,29494.3,29480,29488.7,184
1784156160,29488.5,29521.9,29488,29520,176
1784156220,29522.4,29523,29511.9,29521.5,174
1784156280,29521.7,29521.8,29514.8,29515.2,136
1784156340,29514.8,29523.8,29514,29519.3,138
1784156400,29518.3,29529.5,29514.3,29521.7,158
1784156460,29521,29527,29518.9,29526,168
1784156520,29525.9,29530.7,29524.4,29530.3,150
1784156580,29529,29530.7,29526.2,29530,119
1784156640,29530.3,29530.5,29525,29527.4,104
1784156700,29527.8,29527.8,29514.7,29514.8,140
1784156760,29514.9,29518.2,29514.5,29517.7,100
1784156820,29517.5,29518.2,29513,29516.2,110
1784156880,29516.4,29518.2,29514.7,29517.4,106
1784156940,29517.5,29523,29515.8,29522.8,124
1784157000,29522.7,29525.7,29522.3,29522.4,92
1784157060,29522.3,29530,29521.9,29529.3,90
1784157120,29529.5,29537.8,29526.7,29535.9,142
1784157180,29536,29536,29524.9,29525,104
1784157240,29524.9,29525.2,29520.2,29521.9,116
1784157300,29521.4,29521.5,29512.3,29515.7,136
1784157360,29516.2,29517.7,29509.2,29510.3,160
1784157420,29510.7,29513.3,29505.3,29505.3,108
1784157480,29505.7,29509,29500.4,29504.3,154
1784157540,29504.2,29510,29504.2,29506.9,133
1784157600,29507.4,29507.4,29502,29505.7,108
1784157660,29505.9,29519.2,29505.9,29514,125
1784157720,29513.9,29514.7,29510.7,29512.9,84
1784157780,29512.5,29512.5,29509,29510.3,80
1784157840,29510.2,29510.4,29501.9,29509.4,140
1784157900,29508.4,29508.8,29503,29503,108
1784157960,29503.2,29519.8,29498,29518.4,110
1784158020,29518.5,29524.2,29518.2,29523.8,148
1784158080,29524.2,29525.9,29521.9,29522.4,121
1784158140,29522.3,29523.2,29519.2,29519.3,116
1784158200,29519.9,29524,29518.5,29518.8,128
1784158260,29518,29521.7,29515.7,29516.7,130
1784158320,29516.5,29521.2,29515.8,29521,86
1784158380,29521.2,29533.5,29521,29532.8,155
1784158440,29533.5,29535,29529.3,29532,138
1784158500,29532.9,29532.9,29530.7,29530.7,106
1784158560,29530.4,29530.4,29528.2,29528.5,104
1784158620,29528.8,29530,29525.8,29526.2,102
1784158680,29526,29526.8,29519,29519.2,124
1784158740,29519.5,29519.8,29506.5,29506.7,90
1784158800,29507.8,29510.5,29507.2,29509,130
1784158860,29508.8,29508.8,29502.8,29504.5,110
1784158920,29504.2,29506.2,29503.5,29505.8,124
1784158980,29506.2,29519,29502.8,29516.4,112
1784159040,29516.3,29525.9,29516.3,29522.9,150
1784159100,29523.2,29529.2,29518.7,29524.8,210
1784159160,29523.3,29523.3,29515.5,29516.2,192
1784159220,29516,29516,29506.5,29510.2,204
1784159280,29510,29513.5,29507.9,29509.8,158
1784159340,29509.5,29510.3,29493.3,29495,182
1784159400,29494.9,29499.3,29490.8,29499.3,194
1784159460,29500,29508.4,29493.5,29494.2,168
1784159520,29494,29500.3,29492.2,29492.2,200
1784159580,29491,29496.2,29490.8,29494.3,165
1784159640,29494.5,29495.2,29490.8,29494.3,174
1784159700,29494,29506.3,29490.5,29501,180
1784159760,29501.2,29503.7,29498.4,29502.4,146
1784159820,29502.5,29502.5,29490.4,29492.8,172
1784159880,29492.5,29495.2,29487.8,29488.2,156
1784159940,29487.9,29496.9,29484.7,29492.9,192
1784160000,29493.3,29503.2,29485.5,29495.5,288
1784160060,29496.3,29520.9,29496.3,29520.2,256
1784160120,29518.9,29545.4,29518.9,29539.8,258
1784160180,29539.5,29546.7,29523.5,29529.2,260
1784160240,29529.7,29542.8,29525.2,29542.8,242
1784160300,29544.4,29547.5,29533.8,29535,252
1784160360,29535.3,29535.7,29522.5,29530.2,264
1784160420,29529.8,29536.8,29523.3,29526,260
1784160480,29526.4,29539.4,29524,29529.5,246
1784160540,29530.4,29545.4,29526.2,29534,244
1784160600,29534.8,29543,29529.2,29531,262
1784160660,29530.9,29537.8,29529.7,29530.7,260
1784160720,29530.5,29537.2,29524.4,29533.3,238
1784160780,29533,29551.8,29533,29547.4,244
1784160840,29547.3,29558.7,29545.8,29557.4,248
1784160900,29556.8,29564.5,29537.8,29537.8,260
1784160960,29538.2,29539.5,29516.3,29517.5,264
1784161020,29518.2,29523.2,29512.7,29516.7,258
1784161080,29516.8,29516.9,29503.8,29505.7,226
1784161140,29506,29509.3,29497.4,29497.4,234
1784161200,29498.3,29503.4,29486.4,29502.7,260
1784161260,29502.4,29507.3,29495.9,29504.5,272
1784161320,29504,29505.7,29492.9,29499.3,260
1784161380,29499.5,29505,29495.3,29496.3,268
1784161440,29492.9,29499.7,29488,29495.5,250
1784161500,29495,29504.3,29491.8,29501.3,238
1784161560,29502.7,29502.7,29477.3,29479.2,252
1784161620,29479.3,29480.3,29465,29468.4,250
1784161680,29467.2,29487.7,29466.3,29481.8,280
1784161740,29481.5,29481.8,29468.2,29472,250
1784161800,29471.8,29478.2,29459,29476.9,258
1784161860,29477.5,29480.7,29459.5,29459.5,286
1784161920,29459.7,29461.9,29455.4,29456.7,251
1784161980,29456.5,29480.2,29456.5,29475.5,258
1784162040,29475.3,29497.8,29472.4,29495.7,254
1784162100,29495.3,29496.3,29477.7,29489,276
1784162160,29486.8,29490,29464.7,29468.3,278
1784162220,29466.4,29473.2,29460.8,29462.3,224
1784162280,29463.3,29466.8,29456.3,29456.3,254
1784162340,29456,29461.8,29454.4,29456.4,248
1784162400,29455.5,29456.4,29445.3,29450,258
1784162460,29449.7,29451.8,29443.4,29446.5,234
1784162520,29447.8,29447.9,29434,29434,230
1784162580,29435.2,29442.5,29430,29439,254
1784162640,29438.4,29439.5,29428.9,29428.9,236
1784162700,29428.4,29434.7,29424.2,29425.8,249
1784162760,29425.9,29434,29425.4,29432.8,252
1784162820,29431.7,29449.2,29430.9,29436.3,238
1784162880,29437.3,29441.2,29429.3,29439.7,218
1784162940,29439.9,29452.9,29439.4,29451.8,230
1784163000,29452,29452.8,29430.7,29431.8,248
1784163060,29431.9,29449.7,29430.2,29448.3,250
1784163120,29448.8,29478.5,29448.5,29473,258
1784163180,29471.5,29473.8,29466,29467.2,246
1784163240,29467.4,29470.3,29456.2,29457.2,240
1784163300,29456.5,29459.3,29444.9,29449.7,240
1784163360,29449.4,29457.3,29439.7,29456.5,256
1784163420,29457.3,29458,29448.4,29455.5,240
1784163480,29454.4,29458.8,29445.7,29450.3,248
1784163540,29451.2,29454.3,29444.2,29454.3,248
1784163600,29453.7,29467.3,29448.9,29455.4,280
1784163660,29453.7,29459.9,29435,29441.9,280
1784163720,29442.5,29451.2,29438.4,29441.7,264
1784163780,29442,29462.2,29440.7,29462,264
1784163840,29461.3,29466.8,29455.4,29462.2,270
1784163900,29462.3,29469.9,29455,29455,246
1784163960,29453.4,29456.5,29445.4,29450.4,280
1784164020,29449.8,29455.7,29446,29450.5,252
1784164080,29451,29466.7,29447.8,29460.7,270
1784164140,29460.9,29466.4,29452.3,29458.3,230
1784164200,29457.9,29461.5,29443,29446.3,254
1784164260,29445.8,29448.5,29438.5,29440.2,246
1784164320,29436.3,29437.2,29426.5,29428.7,252
1784164380,29429.3,29429.3,29417.9,29426,228
1784164440,29426.7,29434.3,29423.9,29428,246
1784164500,29426.9,29431.5,29418.4,29424.7,254
1784164560,29424.9,29424.9,29413.2,29419.8,244
1784164620,29421.2,29421.2,29411.3,29412.5,222
1784164680,29412.4,29412.7,29405.3,29410.7,238
1784164740,29410.8,29413,29404.3,29405.8,266
1784164800,29405.4,29415,29404,29413.9,258
1784164860,29413.4,29429.9,29411.7,29411.7,254
1784164920,29410,29414,29408.7,29410.3,218
1784164980,29410.2,29417.3,29408.8,29416.8,238
1784165040,29416.7,29419.7,29409.5,29414.9,222
1784165100,29413.9,29420.2,29407,29413.2,222
1784165160,29412.9,29422.9,29407.9,29417.5,240
1784165220,29416.9,29419,29410.4,29410.4,256
1784165280,29409.5,29423.5,29407.5,29416.7,254
1784165340,29416.3,29416.7,29404.9,29406.8,244
1784165400,29405.9,29413.5,29401,29410.8,272
1784165460,29410.7,29420.2,29407.7,29411.3,284
1784165520,29411.4,29417.7,29407.8,29407.8,284
1784165580,29407,29407.4,29398,29398.5,252
1784165640,29399,29411.4,29396.5,29411.4,248
1784165700,29413.3,29422.5,29411.4,29421,264
1784165760,29420.3,29434.4,29418,29429.9,266
1784165820,29429.5,29432.7,29419.2,29432.7,280
1784165880,29432.2,29435.8,29424.5,29424.8,262
1784165940,29425,29443.5,29423.8,29437.9,262
1784166000,29437.7,29446.7,29435.9,29440,276
1784166060,29440.2,29447.7,29439,29439,238
1784166120,29437.5,29437.5,29419.7,29423.7,232
1784166180,29421.2,29426,29418.4,29420.9,262
1784166240,29421.3,29424.3,29410,29416.5,234
1784166300,29416.3,29426.2,29414.4,29425.4,258
1784166360,29426,29446.3,29421,29446.3,248
1784166420,29446.5,29453.9,29446.5,29450.4,260
1784166480,29450.2,29463.8,29447.9,29463.7,254
1784166540,29463.2,29479.9,29463.2,29477.3,246
1784166600,29477.4,29484.4,29473.2,29479.5,260
1784166660,29479.9,29482,29460.9,29462.2,232
1784166720,29462.3,29476.4,29459.8,29476.4,270
1784166780,29476,29476,29459.2,29460.5,252
1784166840,29461.4,29481.2,29459,29472.3,248
1784166900,29472.5,29485.9,29472.5,29485.8,242
1784166960,29485.5,29487.9,29474.9,29475.8,252
1784167020,29474.7,29475.4,29457.9,29457.9,240
1784167080,29458.4,29459,29447.9,29449.5,234
1784167140,29449.3,29454.8,29443.8,29451.8,228
1784167200,29453.3,29454.2,29443.7,29444.9,242
1784167260,29444.5,29449.3,29434.3,29438.4,246
1784167320,29437.3,29437.3,29428.7,29432.7,246
1784167380,29432.3,29435.9,29423.3,29425.3,234
1784167440,29425.2,29432.3,29424.3,29426.8,232
1784167500,29426.7,29432.7,29424,29427.8,240
1784167560,29428.2,29433.4,29424.8,29430.5,254
1784167620,29431.3,29435.4,29430.3,29432.4,226
1784167680,29432.3,29441.5,29432.3,29436.5,222
1784167740,29436.8,29437.3,29424.3,29424.5,228
1784167800,29423.9,29430.3,29422.5,29427.8,240
1784167860,29427.9,29440.9,29427.9,29437.9,230
1784167920,29437.5,29444,29432.9,29436.8,204
1784167980,29436.3,29439,29431.4,29433.2,220
1784168040,29432.5,29441.4,29432,29441.4,218
1784168100,29441,29451.7,29441,29446.9,234
1784168160,29447,29447,29437.8,29440.8,216
1784168220,29440.9,29455,29436.3,29454.8,208
1784168280,29454.7,29464.4,29452.7,29460.4,226
1784168340,29460.8,29470.7,29458.3,29470.2,208
1784168400,29469.4,29473,29462,29468.8,214
1784168460,29468,29472.8,29465.5,29470.5,230
1784168520,29470.2,29480,29468.3,29479.8,228
1784168580,29479.5,29490.7,29478.9,29490.4,226
1784168640,29491,29497.2,29487,29494.5,236
1784168700,29495.8,29498.7,29490.3,29495.9,244
1784168760,29496.4,29501.2,29494.2,29499.3,234
1784168820,29499.9,29507.5,29487.5,29493.3,238
1784168880,29493.5,29493.5,29486.9,29492.2,222
1784168940,29492,29498.9,29491.5,29498.4,220
1784169000,29498.2,29500,29491.4,29495.7,228
1784169060,29496,29496.4,29489,29489,216
1784169120,29488.5,29497.4,29488.5,29492.4,230
1784169180,29492.3,29505.4,29492,29499.8,194
1784169240,29499.7,29502,29497.2,29499.9,208
1784169300,29500.2,29508.3,29499.9,29502.9,214
1784169360,29503.7,29508.4,29502.3,29504.7,212
1784169420,29505.2,29508.4,29498.2,29498.2,218
1784169480,29498,29504,29496.7,29498.3,222
1784169540,29497.3,29502,29492.7,29499.8,212
1784169600,29499.7,29500.9,29494.9,29500.9,200
1784169660,29501.2,29502.5,29490.7,29491.9,226
1784169720,29492.4,29493,29482.7,29487.2,218
1784169780,29487.8,29495.8,29481.4,29481.4,198
1784169840,29481.3,29482.4,29474.8,29480.5,202
1784169900,29480.9,29491,29477.7,29488.3,212
1784169960,29489,29494.7,29487.8,29491.8,176
1784170020,29491.4,29493.3,29487.9,29493.3,202
1784170080,29492.5,29498.2,29491.3,29497.8,198
1784170140,29497.7,29519.5,29496.7,29504.3,232
1784170200,29504.2,29510,29502,29504.3,214
1784170260,29504.4,29508.3,29501.8,29506.7,218
1784170320,29505.9,29510.2,29503.2,29510.2,198
1784170380,29509.9,29520.8,29509.5,29519.9,193
1784170440,29520,29525,29520,29523,202
1784170500,29523.2,29528.4,29520.2,29527.8,210
1784170560,29527.4,29528.9,29524.9,29524.9,204
1784170620,29524.5,29528.8,29524.5,29527.8,192
1784170680,29528.5,29536.7,29527.9,29536.7,196
1784170740,29537,29537.2,29528.3,29528.3,218
1784170800,29531.4,29531.4,29523.4,29527.7,222
1784170860,29527.2,29531.5,29525.8,29528.7,182
1784170920,29528.9,29533,29526.5,29532.5,194
1784170980,29532.4,29534.5,29530.3,29531.9,184
1784171040,29532,29532.5,29528.4,29530.4,184
1784171100,29529.8,29545,29529.5,29545,198
1784171160,29545.5,29549.4,29539,29542.7,184
1784171220,29542.3,29542.7,29539.3,29542,152
1784171280,29542.3,29550.2,29541.8,29549.9,206
1784171340,29549.8,29551.5,29547.7,29550.9,200
1784171400,29551,29552,29545.2,29545.7,198
1784171460,29547.8,29553.4,29543.8,29550.4,210
1784171520,29550.9,29551.5,29546.3,29546.8,190
1784171580,29547.2,29551,29547.2,29550.7,164
1784171640,29550.2,29553.2,29545.5,29551.5,182
1784171700,29551.3,29552,29546.5,29548.5,160
1784171760,29548.2,29552.8,29546.2,29546.3,170
1784171820,29545,29546.8,29534,29534.2,176
1784171880,29533.9,29533.9,29526.9,29532.2,182
1784171940,29531.8,29531.9,29520.8,29523.9,162
1784172000,29524.2,29528.7,29521.7,29521.7,188
1784172060,29521.3,29527,29518.5,29526,180
1784172120,29525.9,29533.3,29523.5,29531.3,206
1784172180,29531.2,29531.3,29524.3,29525.4,180
1784172240,29525.7,29525.8,29515.8,29518.9,180
1784172300,29519.5,29520.9,29517.7,29518.9,186
1784172360,29518.7,29522.2,29518.4,29520.2,172
1784172420,29518.9,29519.3,29515,29515.3,190
1784172480,29515.5,29521.2,29512.7,29521.2,186
1784172540,29521,29522.2,29514.8,29519.3,182
1784172600,29518.9,29536,29515.8,29536,262
1784172660,29535.3,29546.2,29535.3,29539.8,262
1784172720,29539.4,29544.2,29533.3,29537,228
1784172780,29536.9,29542.7,29532.7,29542,238
1784172840,29542.7,29544.2,29539,29542.2,218
1784172900,29541.9,29548.3,29537.7,29546.2,230
1784172960,29545.9,29545.9,29528,29528.2,216
1784173020,29527.4,29534.7,29526.4,29532.4,206
1784173080,29532.3,29532.8,29528.4,29528.4,212
1784173140,29528.3,29530.7,29521.9,29522,196
1784173200,29521.8,29536.7,29521.8,29529.4,236
1784173260,29529.2,29531.2,29526.2,29528.3,214
1784173320,29527.8,29528.4,29522.5,29524.4,214
1784173380,29524,29527.3,29521.8,29524,214
1784173440,29523.9,29526,29520,29522.5,212
1784173500,29522.8,29525.8,29512.4,29514.3,194
1784173560,29514.7,29518.3,29512.5,29514.9,198
1784173620,29515,29522.4,29512.4,29518.7,190
1784173680,29518.8,29520.8,29510.8,29518.5,198
1784173740,29519.2,29519.3,29509.9,29510.3,172
1784173800,29510.2,29526.3,29509.3,29525.2,196
1784173860,29524.8,29527.4,29517.4,29520.9,220
1784173920,29521.2,29528.4,29521.2,29524.4,200
1784173980,29524.3,29525.9,29521.8,29522.9,162
1784174040,29523.4,29534.2,29523.4,29529.9,188
1784174100,29529.8,29533,29527.4,29528.7,174
1784174160,29528.4,29533.7,29526.8,29532.5,182
1784174220,29532.7,29533.2,29527.8,29529.5,172
1784174280,29529.7,29539.9,29528.8,29539.8,180
1784174340,29539.9,29545.5,29539.5,29545.5,168
1784174400,29545.7,29550.5,29542.9,29548.2,196
1784174460,29548.3,29550.2,29541.4,29545.9,204
1784174520,29546.3,29549.8,29543.9,29547,196
1784174580,29547.4,29550,29544.3,29546.4,184
1784174640,29546.5,29546.5,29539.3,29541,180
1784174700,29541.3,29544.2,29536.7,29544,204
1784174760,29544.2,29544.2,29539.5,29543.8,182
1784174820,29544.5,29548,29540.4,29546.5,208
1784174880,29546.4,29546.5,29529,29529.3,164
1784174940,29528.3,29529.7,29525.7,29526.3,196
1784175000,29525.7,29533,29524.9,29532.8,188
1784175060,29533.2,29545.8,29533.2,29542.8,196
1784175120,29543.2,29549,29542.3,29547.2,188
1784175180,29547,29549.5,29544.5,29546.8,180
1784175240,29547.5,29557.5,29546.7,29556.8,210
1784175300,29556.7,29556.7,29546.4,29548.2,176
1784175360,29547.7,29548.7,29532.8,29534.2,200
1784175420,29534.5,29536.9,29527.9,29528.9,216
1784175480,29528.3,29534.2,29528,29528.3,190
1784175540,29528.7,29529.2,29525.9,29527.4,200
1784175600,29527.3,29531,29526.7,29531,194
1784175660,29530.7,29531.2,29515.5,29516.3,184
1784175720,29516.7,29518.2,29512,29514.2,184
1784175780,29514,29519.2,29513.9,29516.9,184
1784175840,29516.4,29526,29515.4,29525.2,182
1784175900,29524.4,29526.4,29523.3,29524.7,166
1784175960,29524.3,29525.2,29517.8,29520.3,178
1784176020,29519.5,29524,29517,29521.9,196
1784176080,29521.5,29522.9,29512.7,29514.4,168
1784176140,29514.5,29520.4,29514.4,29518.7,184
1784176200,29518.4,29520,29516.2,29517.3,172
1784176260,29516.9,29522.9,29513.9,29521.9,194
1784176320,29522.3,29522.8,29515.9,29515.9,194
1784176380,29515.7,29516.9,29512.7,29516.9,184
1784176440,29516.7,29519.2,29513.4,29514.7,210
1784176500,29515.2,29516.3,29511.3,29512.9,188
1784176560,29512.8,29514.7,29510.7,29511.3,188
1784176620,29511.4,29514.3,29509.5,29510.7,170
1784176680,29510.8,29510.9,29506.2,29506.9,158
1784176740,29507.4,29509.8,29506.3,29507.9,164
1784176800,29507.5,29507.9,29499.5,29505,170
1784176860,29504.9,29512.2,29500.5,29510.4,212
1784176920,29509.8,29511.7,29505.9,29507.9,220
1784176980,29505.8,29514.2,29504.2,29511.5,178
1784177040,29511.9,29513,29505.4,29505.8,178
1784177100,29505.7,29508.7,29500.7,29508.7,194
1784177160,29508.3,29508.4,29503.2,29503.5,158
1784177220,29503.4,29506.4,29502.4,29504,178
1784177280,29504.3,29508.8,29503.2,29506.9,188
1784177340,29507.3,29511,29505.8,29509,170
1784177400,29509.2,29513.2,29507.2,29508.9,208
1784177460,29508.4,29510.5,29503.9,29505.8,204
1784177520,29506.3,29514,29504.8,29511.7,206
1784177580,29511.9,29513.9,29509,29513,168
1784177640,29512.7,29514.4,29507.8,29512.8,170
1784177700,29512.9,29518.8,29510.8,29514.9,190
1784177760,29514.8,29514.8,29508.2,29510.4,190
1784177820,29510.3,29510.8,29505.4,29509.7,192
1784177880,29509.5,29515.5,29508.5,29514.2,182
1784177940,29514.3,29515.2,29506.8,29509.4,172
1784178000,29510.2,29524.8,29510.2,29518.7,224
1784178060,29517.9,29520.8,29514.8,29520.8,208
1784178120,29520.7,29521.9,29519.5,29520.4,166
1784178180,29520.8,29525.8,29520.2,29525.2,190
1784178240,29525.3,29527.2,29521,29522.3,214
1784178300,29522.8,29526.2,29518.2,29519.3,224
1784178360,29519.2,29526.2,29518.5,29524.9,212
1784178420,29525.2,29525.3,29516.7,29517.2,204
1784178480,29517,29518.5,29513.2,29515.5,202
1784178540,29515.8,29517.3,29508.8,29509.4,202
1784178600,29509,29517.2,29499.4,29514.4,226
1784178660,29515.5,29532.3,29514.4,29532.2,242
1784178720,29531.2,29539.4,29528.9,29537.7,219
1784178780,29538,29546,29535.4,29544.5,206
1784178840,29543.7,29549.8,29543.3,29549.2,206
1784178900,29549.3,29567.6,29549.3,29559.4,244
1784178960,29559.7,29561.5,29545.5,29548.2,222
1784179020,29548,29553.5,29544.2,29546.4,228
1784179080,29546,29553.2,29541.7,29541.7,202
1784179140,29541.4,29551.4,29541.4,29550.5,208
1784179200,29551.3,29557.7,29550.4,29552.8,218
1784179260,29553.3,29555.9,29550.5,29555.5,230
1784179320,29555.4,29564.4,29555.2,29564.4,216
1784179380,29564.8,29571.3,29562.2,29570.7,224
1784179440,29570.5,29571,29564.2,29564.7,224
1784179500,29564.8,29576.3,29564.2,29572.8,207
1784179560,29573.3,29577.4,29570.7,29572,211
1784179620,29572.3,29573,29568.3,29569.5,222
1784179680,29568.5,29569.5,29560.4,29560.9,214
1784179740,29560.7,29569.4,29559.9,29568.5,228
1784179800,29568.3,29598,29565.3,29583.2,276
1784179860,29584.8,29585.5,29557,29557,242
1784179920,29557.8,29558.7,29548.4,29550.4,240
1784179980,29549.9,29550.9,29534.8,29537.9,248
1784180040,29538.3,29538.7,29512.2,29513,254
1784180100,29512.3,29512.3,29476.2,29476.2,278
1784180160,29476.9,29494.4,29472.3,29494.3,270
1784180220,29493.5,29500.4,29486,29499.3,238
1784180280,29498.8,29504.8,29489.5,29495.5,244
1784180340,29495.8,29498.8,29474,29482.3,252
1784180400,29481.9,29484.7,29468.1,29481.1,232
1784180460,29481.8,29500.5,29481,29500.5,244
1784180520,29501.7,29510.9,29500.9,29500.9,226
1784180580,29501.2,29517.3,29493.2,29511.5,233
1784180640,29512.3,29512.7,29502.5,29505.2,236
1784180700,29504.9,29512.9,29497,29497.8,230
1784180760,29498.3,29500,29487.9,29492.8,220
1784180820,29493,29499.4,29491,29495.8,232
1784180880,29493.7,29501.4,29490.8,29495,218
1784180940,29494.3,29497.4,29489.8,29492.8,228
1784181000,29493.5,29495.4,29484.9,29491.8,232
1784181060,29490.5,29493.4,29486.8,29489.8,212
1784181120,29489,29491.9,29485.4,29488.2,226
1784181180,29488.9,29491.3,29485.5,29489,220
1784181240,29489.2,29489.3,29480.7,29486.9,238
1784181300,29486.3,29505.2,29485.9,29505,226
1784181360,29505.2,29508.4,29499.3,29500.5,232
1784181420,29499.3,29504.2,29496.7,29500.2,230
1784181480,29499.9,29499.9,29489.7,29491.8,200
1784181540,29492.4,29495.3,29488.9,29488.9,198
1784181600,29489,29527.3,29487,29527,258
1784181660,29526.3,29530.7,29517.5,29519.3,230
1784181720,29517.4,29519.2,29507.8,29511.8,238
1784181780,29511.7,29515.4,29503.9,29510.5,212
1784181840,29510.8,29513.8,29504.9,29509.8,212
1784181900,29509.5,29520,29474.4,29476.8,256
1784181960,29476.5,29478.8,29461.9,29468,230
1784182020,29467.9,29469.9,29450.7,29454.2,228
1784182080,29453.3,29531.5,29448.7,29510.8,242
1784182140,29508.2,29538.3,29505.6,29519.2,272
1784182200,29519.5,29523.7,29505.9,29507.9,266
1784182260,29507.5,29514,29501.4,29505.3,264
1784182320,29505.5,29519.3,29504.7,29511.5,244
1784182380,29511.8,29519.3,29509.2,29516.7,241
1784182440,29516.9,29532.3,29516.4,29532.3,252
1784182500,29532.2,29538.3,29525,29537.5,218
1784182560,29537.3,29540.7,29531.3,29537.9,228
1784182620,29539.3,29550.4,29538.5,29540.2,234
1784182680,29540,29541.8,29532.2,29541.4,234
1784182740,29541.5,29543.7,29535,29539,214
1784182800,29539.8,29543.4,29535,29536.8,212
1784182860,29537,29537.3,29519.7,29523.7,198
1784182920,29523.5,29524.8,29505.9,29507.3,200
1784182980,29507.2,29507.5,29503.2,29506.7,186
1784183040,29506.3,29506.3,29493.3,29497.8,190
1784183100,29497.7,29503.8,29493.3,29497.7,220
1784183160,29496.8,29500.5,29494.2,29497,190
1784183220,29498,29498.8,29486,29488.4,192
1784183280,29488.7,29492.4,29485.8,29489.3,200
1784183340,29488.9,29497.9,29486.8,29488,226
1784183400,29485.3,29498.5,29483.9,29491.2,232
1784183460,29490.5,29492.3,29484.2,29485.9,209
1784183520,29485.7,29493.4,29481.8,29487.8,216
1784183580,29488.2,29490.3,29476.2,29477.3,220
1784183640,29477.2,29478.8,29465.3,29470.2,210
1784183700,29470,29470.2,29459.7,29463.3,198
1784183760,29463.2,29463.2,29449.3,29449.8,206
1784183820,29449.7,29460.8,29444.7,29458.3,194
1784183880,29459.4,29467.7,29459,29467.4,172
1784183940,29467.5,29477.5,29460.9,29474.4,184
1784184000,29475,29485.8,29475,29484,210
1784184060,29483.3,29484.4,29470.9,29474,179
1784184120,29473.9,29481.3,29473.5,29479.4,158
1784184180,29479.7,29481.4,29477,29479.2,148
1784184240,29479.7,29479.9,29473.5,29475.9,172
1784184300,29476.8,29476.8,29468.7,29469.3,164
1784184360,29469.2,29470.5,29461.4,29466.9,152
1784184420,29467.2,29472.7,29467.2,29470.7,124
1784184480,29470.9,29473.2,29469.2,29471.3,130
1784184540,29471,29485.9,29467.5,29483.4,176
1784184600,29483.3,29484.5,29480.3,29483.5,180
1784184660,29483.7,29485.5,29477.9,29478.8,187
1784184720,29478.5,29482.8,29475,29475.5,166
1784184780,29475.4,29477.3,29472.9,29473.4,174
1784184840,29473,29475.9,29470.8,29475.9,156
1784184900,29476.5,29489.2,29474,29486.5,182
1784184960,29486.8,29495.7,29486.8,29490.8,180
1784185020,29490,29493.9,29486.7,29492.5,143
1784185080,29492.9,29493.7,29482.3,29489.2,206
1784185140,29489.3,29490.8,29486,29486.8,179
1784185200,29486,29486.2,29451,29451.4,242
1784185260,29451.2,29451.2,29440.2,29445.9,258
1784185320,29446.7,29448.7,29443.4,29446.8,234
1784185380,29446.5,29452.9,29443,29452,224
1784185440,29452.2,29465,29448,29464.9,236
1784185500,29465.3,29466.7,29449.7,29450.9,234
1784185560,29452.3,29459.7,29445.3,29452.8,212
1784185620,29451.9,29453.3,29448.3,29450.5,204
1784185680,29450.7,29456.5,29448.8,29450.3,208
1784185740,29449.8,29456.9,29445.7,29451.2,230
1784185800,29451.3,29452.9,29442.5,29443.7,226
1784185860,29442.7,29448.4,29441.3,29444.9,214
1784185920,29445.2,29445.2,29432.5,29436,222
1784185980,29435.8,29436.3,29425,29425.3,220
1784186040,29426.4,29435.2,29423.2,29423.2,208
1784186100,29423.4,29426,29417,29422.7,238
1784186160,29422,29422,29414.2,29418.5,216
1784186220,29417.5,29434.7,29417.5,29428.9,224
1784186280,29429.8,29433.9,29420.7,29424.4,218
1784186340,29425,29430.5,29422.3,29427.3,228
1784186400,29427.9,29445,29426.7,29443,202
1784186460,29441.9,29449.5,29439,29448.4,204
1784186520,29448.5,29450.7,29441.3,29443.4,194
1784186580,29443.5,29444.4,29436.9,29439.3,196
1784186640,29439.8,29440.2,29425.7,29434.2,212
1784186700,29433,29437.2,29425.7,29426.5,214
1784186760,29426,29429.7,29423.4,29426.2,204
1784186820,29427.2,29431.2,29423.3,29423.3,204
1784186880,29422.9,29424.5,29415.7,29424,202
1784186940,29423.7,29425.7,29419,29424.5,158
1784187000,29424.8,29431.5,29422.5,29426.2,228
1784187060,29427.3,29429,29422.7,29425.4,182
1784187120,29425.8,29426.9,29406.3,29409.3,216
1784187180,29409.8,29413.7,29403,29409.2,200
1784187240,29408.9,29417.4,29407,29417,174
1784187300,29417.4,29418.5,29406.8,29406.8,194
1784187360,29407,29407,29398.2,29401.7,226
1784187420,29401.2,29407.2,29398.7,29399.5,214
1784187480,29400.3,29401,29394.5,29395.2,228
1784187540,29395.3,29397.3,29385,29387.5,228
1784187600,29387.2,29387.2,29378.5,29382.9,222
1784187660,29382.5,29386.9,29380.7,29380.8,182
1784187720,29381.5,29388.7,29379.8,29385.5,178
1784187780,29385.3,29386.9,29381,29383.9,175
1784187840,29384,29384.2,29370.6,29372.5,193
1784187900,29373.3,29373.3,29365,29369.3,194
1784187960,29368.5,29369,29359.8,29367.5,216
1784188020,29368.2,29372.3,29361,29364,180
1784188080,29365.4,29373.9,29365.4,29369.9,189
1784188140,29370.4,29384.9,29364,29382.5,204
1784188200,29382.4,29385.3,29371.7,29374.8,216
1784188260,29374.3,29378.5,29373.2,29376.9,174
1784188320,29376,29376,29366.7,29368.2,198
1784188380,29368,29373.4,29367.5,29371.3,170
1784188440,29371.2,29374.3,29365.2,29367.8,214
1784188500,29368.2,29368.7,29354.3,29358.3,198
1784188560,29358.2,29358.2,29350.4,29356.7,194
1784188620,29356,29359,29352.8,29356.9,198
1784188680,29357.4,29369.7,29355.3,29369.7,190
1784188740,29370.3,29370.8,29364,29364.7,170
1784188800,29361.7,29374.5,29358.5,29360.3,252
1784188860,29361.5,29365.2,29347.9,29350.2,252
1784188920,29349.8,29361.8,29346.8,29356.8,220
1784188980,29357.8,29357.8,29325.4,29327,248
1784189040,29328.7,29338.7,29324,29338.4,250
1784189100,29340.7,29347.8,29328.7,29344.3,242
1784189160,29344.4,29348.7,29339.2,29343.4,206
1784189220,29343.3,29350.8,29337.7,29338.8,232
1784189280,29338.9,29338.9,29329.2,29331.4,238
1784189340,29331.8,29336,29325.9,29329.5,231
1784189400,29329,29330,29311,29314.7,244
1784189460,29314,29314.4,29301.8,29304.8,236
1784189520,29305,29305.9,29294.3,29298.3,246
1784189580,29299.2,29312.2,29294.4,29312.2,250
1784189640,29311.8,29313.8,29291,29293.7,250
1784189700,29293.2,29297.5,29287,29291,256
1784189760,29290.8,29292.5,29280.8,29288.9,228
1784189820,29290,29324.3,29287.5,29323.2,247
1784189880,29322.4,29322.8,29315.2,29320.5,233
1784189940,29320.9,29320.9,29308.5,29319.3,214
1784190000,29319,29328.3,29316.3,29324,244
1784190060,29324.2,29342.8,29321.8,29342.2,242
1784190120,29341.2,29351.2,29340.1,29350.4,232
1784190180,29351.4,29356.2,29338.4,29342,228
1784190240,29341.2,29342.5,29324.3,29326.5,212
1784190300,29327.3,29338.7,29324,29331.5,230
1784190360,29330.9,29341.4,29330,29338.2,224
1784190420,29337.9,29338.4,29322.8,29325.8,212
1784190480,29327.4,29335.4,29326.7,29331.5,218
1784190540,29330.5,29340.7,29325.7,29340.7,214
1784190600,29340.5,29344.5,29330.4,29341.3,226
1784190660,29342,29348.9,29339.7,29347.5,224
1784190720,29347.8,29357.2,29340.9,29342,220
1784190780,29342.4,29353,29342.4,29349.7,206
1784190840,29349.4,29354.2,29344.3,29346.4,208
1784190900,29346.3,29364,29345,29363.3,210
1784190960,29362,29369.8,29358.9,29369.8,194
1784191020,29370.2,29375.4,29364.3,29364.9,204
1784191080,29364.8,29378.4,29361.4,29373.7,204
1784191140,29373.5,29377.7,29370.5,29370.7,188
1784191200,29370.5,29375.5,29365,29371.2,198
1784191260,29371,29377.4,29368.7,29370.2,202
1784191320,29369.9,29370,29360.9,29362.7,188
1784191380,29364,29364.5,29353.7,29354.5,194
1784191440,29355.7,29359.4,29345.9,29351.7,208
1784191500,29351.8,29364,29351.5,29364,202
1784191560,29363.3,29378.5,29362.3,29378.5,202
1784191620,29378.8,29387.8,29378.8,29387.5,212
1784191680,29386.8,29388.5,29381.3,29385.4,186
1784191740,29385.3,29393.4,29385.2,29388.8,194
1784191800,29388.7,29388.7,29382.9,29384.5,168
1784191860,29384.8,29390.5,29382.7,29384.3,196
1784191920,29384.4,29385.3,29379,29383.5,173
1784191980,29383,29391.3,29381.4,29384.2,204
1784192040,29384.4,29389.5,29383.7,29385.3,212
1784192100,29385.2,29391,29384.4,29391,164
1784192160,29391.2,29391.8,29383.4,29388.8,194
1784192220,29388.3,29388.9,29382.7,29386.3,196
1784192280,29386.8,29394.2,29385,29392.8,202
1784192340,29393,29397.3,29392.1,29393.7,180
1784192400,29393.4,29421.4,29393.3,29419.3,257
1784192460,29419.5,29419.5,29404,29404.9,230
1784192520,29405.9,29420.5,29404.3,29418.9,214
1784192580,29418.5,29420.2,29413.7,29419.3,232
1784192640,29419,29423.5,29414.8,29417,222
1784192700,29418.4,29424,29410.5,29413.3,198
1784192760,29413.5,29422.2,29413.3,29415.5,202
1784192820,29415,29415.9,29407.8,29407.8,184
1784192880,29407.7,29412.5,29406,29408.3,195
1784192940,29408,29410.5,29404.4,29409.3,188
1784193000,29409.5,29415.3,29407,29410.2,208
1784193060,29410.3,29431.2,29410.3,29430.7,210
1784193120,29430.4,29433,29427.8,29430.7,212
1784193180,29431,29436.3,29429.4,29433.3,162
1784193240,29432.2,29434.4,29427,29427.3,168
1784193300,29427,29444.3,29427,29443.9,202
1784193360,29443.8,29446.5,29438.4,29438.5,190
1784193420,29438.7,29440.4,29435.5,29436,176
1784193480,29436.2,29436.5,29425.8,29425.9,174
1784193540,29426.7,29431,29426.7,29430,176
1784193600,29429.5,29430.2,29422,29422.7,184
1784193660,29422,29440.4,29422,29431.7,190
1784193720,29431.5,29431.7,29424.5,29424.5,172
1784193780,29424.4,29431.9,29422.7,29431.4,208
1784193840,29431.3,29433.9,29425.7,29425.9,178
1784193900,29425.7,29436.9,29425.7,29436.9,204
1784193960,29436.3,29441.7,29434.8,29437,198
1784194020,29436.7,29436.7,29420.8,29425.9,208
1784194080,29426.2,29428.9,29421.9,29425.5,188
1784194140,29425.4,29425.5,29413.3,29415.9,198
1784194200,29416.5,29423.9,29412,29422.7,200
1784194260,29423.9,29427.9,29419.5,29427.9,200
1784194320,29427.4,29433.8,29421.9,29422.3,198
1784194380,29423.4,29423.9,29413.9,29417.7,200
1784194440,29417.5,29419.5,29410.9,29414.5,186
1784194500,29415.5,29418.4,29412.4,29417.8,190
1784194560,29418.2,29420,29405.7,29405.7,204
1784194620,29404.5,29409.3,29403.5,29405.4,184
1784194680,29405.7,29406.7,29400,29401.7,198
1784194740,29402,29402.2,29398.7,29399.4,160
1784194800,29398.4,29403.7,29393.4,29399.9,228
1784194860,29400.4,29404.8,29398.9,29401.9,178
1784194920,29400.7,29407,29399.9,29406.8,176
1784194980,29407,29408,29400.5,29401.3,182
1784195040,29400.8,29402.8,29386.4,29386.4,180
1784195100,29386.2,29386.8,29376.5,29377,212
1784195160,29377.7,29384.3,29371.5,29372.7,192
1784195220,29371.9,29375.7,29367,29367,212
1784195280,29367.2,29375.9,29367,29370,208
1784195340,29369.9,29373,29367.5,29368.5,188
1784195400,29368.3,29372.4,29363.5,29367.4,200
1784195460,29367.7,29367.8,29361.4,29365.8,200
1784195520,29366,29370.2,29360.3,29369.8,198
1784195580,29369.9,29374.2,29362.8,29362.8,200
1784195640,29362.9,29372.5,29362.8,29371.2,188
1784195700,29372.4,29376.4,29358.5,29358.9,258
1784195760,29358.8,29362.9,29351.3,29351.9,214
1784195820,29352.7,29355.3,29348.8,29352.8,190
1784195880,29352.3,29356.9,29334.3,29337,229
1784195940,29336.8,29337.3,29330.5,29332.9,214
1784196000,29333,29339.8,29324.7,29325,226
1784196060,29323.7,29325.8,29317.3,29323.8,208
1784196120,29323.9,29330.5,29320.3,29324.2,200
1784196180,29324.3,29339.8,29324.3,29335.2,202
1784196240,29334.9,29345.7,29334.9,29343.4,176
1784196300,29342.9,29347.7,29336.7,29341.3,188
1784196360,29341,29351,29339.8,29349,194
1784196420,29349.2,29353.7,29345.7,29349.9,188
1784196480,29351.2,29361.4,29350.8,29361.4,190
1784196540,29361.7,29363.4,29357.4,29359.4,172
1784196600,29359.7,29362,29355.2,29359,192
1784196660,29358,29358,29344.5,29345.2,196
1784196720,29345.4,29346,29338.8,29340.7,201
1784196780,29340.8,29349.3,29340.3,29343.9,202
1784196840,29344.2,29354.8,29343.2,29351.9,176
1784196900,29352,29352.9,29342.9,29346.3,170
1784196960,29346.2,29350.4,29338.2,29338.9,154
1784197020,29339.8,29339.9,29335.4,29336.3,196
1784197080,29336.9,29345.2,29336.3,29345.2,184
1784197140,29344.8,29345,29338.4,29340.3,164
1784197200,29339.9,29345.4,29333.9,29336.7,186
1784197260,29335.9,29335.9,29321.4,29322.7,198
1784197320,29322.5,29325.3,29319.4,29320.2,186
1784197380,29320.3,29325.3,29317.4,29322.5,204
1784197440,29321.8,29324.4,29313.9,29324,204
1784197500,29324.4,29327,29318.7,29319,188
1784197560,29319.3,29326.5,29315.8,29326.5,210
1784197620,29326.7,29331,29322.3,29323.3,186
1784197680,29323.4,29331.5,29321.3,29329.5,206
1784197740,29328.9,29340.5,29326.9,29340.5,198
1784197800,29340.2,29352.3,29338.8,29345.8,204
1784197860,29345.7,29346.3,29337.3,29342.8,200
1784197920,29343,29350.5,29338.5,29350.2,200
1784197980,29349.5,29354.9,29346,29354.9,194
1784198040,29354.8,29356.9,29351.7,29355.5,170
1784198100,29355.9,29356.7,29340.7,29340.7,184
1784198160,29340.4,29340.4,29334.3,29335.3,184
1784198220,29334.7,29336.9,29333,29334,182
1784198280,29334.2,29335.3,29327.8,29330.5,186
1784198340,29329.7,29332.3,29312.5,29316.4,212
1784198400,29316.3,29319.5,29313.4,29317.3,202
1784198460,29317.9,29325.8,29317.9,29325,176
1784198520,29324.4,29324.4,29316.7,29322.2,198
1784198580,29321.4,29330,29321.4,29322.4,184
1784198640,29320,29323.8,29318.2,29323.3,192
1784198700,29323.7,29333.3,29322.4,29328.7,196
1784198760,29328.4,29328.7,29316.9,29316.9,210
1784198820,29316.5,29319.2,29307.9,29312,194
1784198880,29312.9,29314.4,29309.7,29311,162
1784198940,29311.3,29316.8,29307.3,29311.3,172
1784199000,29311.5,29312.7,29305.2,29307.2,186
1784199060,29306.9,29319.8,29306.8,29318,198
1784199120,29318.4,29322.2,29315.4,29321.5,188
1784199180,29321.7,29323.7,29317.9,29321.9,178
1784199240,29320.9,29324.5,29317.9,29321.3,218
1784199300,29320.4,29326.5,29318.4,29320.9,180
1784199360,29320.8,29323.8,29319.5,29321.9,194
1784199420,29321.7,29335.5,29321.7,29329.7,198
1784199480,29331,29336.4,29325.4,29336.4,180
1784199540,29335.5,29339.8,29328.4,29331.7,218
1784199600,29333.4,29333.4,29294.5,29297.2,256
1784199660,29296.9,29297.7,29277.5,29285.5,266
1784199720,29285.4,29293.2,29284.9,29291.9,242
1784199780,29292.7,29298.2,29290.2,29290.7,218
1784199840,29291,29291,29285.3,29285.3,200
1784199900,29285.2,29286.4,29276,29283.9,224
1784199960,29283.8,29290.8,29279.3,29287.9,220
1784200020,29287.5,29287.7,29276,29282.8,218
1784200080,29282.5,29286.9,29280.2,29280.2,188
1784200140,29279.8,29280,29266.3,29274.7,220
1784200200,29275.3,29275.3,29262.5,29270.9,197
1784200260,29270.5,29286.2,29268.8,29282.7,208
1784200320,29282.8,29287.7,29281.9,29285.3,196
1784200380,29285.5,29288.3,29281,29285.9,188
1784200440,29285.3,29289.5,29278.5,29289.5,220
1784200500,29288.8,29291.9,29274.4,29275,226
1784200560,29274.5,29274.5,29251.5,29253.5,248
1784200620,29253.8,29270.5,29249.3,29270,228
1784200680,29269.8,29270.5,29252.8,29253.5,228
1784200740,29253.4,29261.8,29251.3,29257.7,190
1784200800,29256.8,29265.5,29256.4,29262.7,192
1784200860,29262.8,29271.8,29262.7,29270.4,190
1784200920,29270.3,29276,29268.8,29275.2,201
1784200980,29275.4,29295.5,29270.5,29295.2,209
1784201040,29294.8,29298.3,29291.9,29297.8,210
1784201100,29297.5,29297.9,29291.7,29294.3,194
1784201160,29293.8,29296.5,29286.8,29292,206
1784201220,29292.5,29300.8,29291.8,29298.8,206
1784201280,29299,29303,29294.8,29294.8,188
1784201340,29294.7,29295.8,29267.4,29273.3,234
1784201400,29273.9,29274.3,29262.5,29262.5,238
1784201460,29263.3,29263.3,29240.8,29240.8,236
1784201520,29240.3,29249.7,29240.2,29249.7,236
1784201580,29249.2,29255.4,29248.8,29254.9,222
1784201640,29253.7,29260.9,29251.2,29260.2,220
1784201700,29260.3,29264.8,29255.9,29260.2,204
1784201760,29261,29272.4,29259.3,29267.2,212
1784201820,29267.4,29270.8,29265.2,29266.7,204
1784201880,29266.8,29269.3,29238.8,29240.9,254
1784201940,29241.8,29254.5,29238.8,29253.3,236
1784202000,29253.4,29256.5,29249.7,29251.4,196
1784202060,29251.3,29254,29247.7,29251.4,212
1784202120,29251.3,29263.4,29249.9,29258.7,216
1784202180,29259.8,29259.8,29246.4,29250.9,238
1784202240,29251.8,29251.8,29232.5,29240.4,256
1784202300,29240.7,29251,29239.9,29248.9,206
1784202360,29248.8,29255.7,29241.2,29253.8,190
1784202420,29254,29257.7,29239,29243.4,190
1784202480,29243.9,29254.9,29241.4,29244.8,208
1784202540,29245.9,29246.5,29165.2,29186.4,224
1784202600,29191.5,29220.4,29191.2,29220.4,302
1784202660,29220.7,29228.2,29217.4,29226,270
1784202720,29226.7,29230,29217.5,29227.7,244
1784202780,29227.4,29233.5,29221.9,29224.4,238
1784202840,29225.8,29229.2,29221.4,29225.2,222
1784202900,29225.3,29230.7,29222.3,29228,232
1784202960,29227.5,29231.4,29214.2,29228.2,246
1784203020,29228.3,29239.5,29228.3,29239.5,246
1784203080,29240.4,29251.4,29239.2,29249.7,224
1784203140,29248.9,29252,29244.5,29248.8,196
1784203200,29248,29259.8,29243.5,29256.5,238
1784203260,29256,29258.2,29252.7,29255.5,224
1784203320,29256,29256.9,29248.2,29248.8,224
1784203380,29248.5,29248.5,29235.5,29236.4,216
1784203440,29235.9,29237.5,29211.6,29213.4,248
1784203500,29213.5,29224.9,29194.9,29195,248
1784203560,29195.9,29205.9,29195.7,29202.3,220
1784203620,29202.8,29209.8,29196.9,29208.2,226
1784203680,29207.5,29214.9,29206.8,29211.7,222
1784203740,29212.3,29215.2,29204,29213.4,236
1784203800,29215.5,29216.4,29202,29202.3,227
1784203860,29204.5,29214.9,29202.4,29208.5,210
1784203920,29208.7,29211.5,29205.3,29208,198
1784203980,29207.8,29210.8,29203.3,29210.8,216
1784204040,29210.9,29225.2,29209,29224.7,220
1784204100,29225,29225.3,29214.7,29217.5,218
1784204160,29217.4,29228.4,29214.7,29228.4,232
1784204220,29228.8,29233.2,29227.3,29233.2,228
1784204280,29233,29240.5,29230.9,29236.3,210
1784204340,29236,29238.8,29230.4,29236.5,212
1784204400,29238.2,29238.5,29233.5,29233.8,226
1784204460,29234.4,29241.4,29202.8,29216.2,246
1784204520,29216,29220.7,29210.2,29210.7,206
1784204580,29209.8,29218.3,29205,29206.7,198
1784204640,29206.2,29206.9,29184.7,29186.9,242
1784204700,29187.2,29192.2,29181.5,29186.7,266
1784204760,29186.8,29196.4,29186.8,29195.3,242
1784204820,29194.9,29199.5,29192.9,29198.2,222
1784204880,29197,29200.8,29196.8,29198.3,196
1784204940,29198.7,29212.8,29197.8,29208.9,198
1784205000,29208.5,29219.2,29195.2,29214.3,234
1784205060,29213.5,29213.9,29195.8,29196.7,242
1784205120,29196.2,29200.5,29189.8,29194.7,246
1784205180,29194.4,29218.8,29194.4,29217,238
1784205240,29216.8,29221.3,29212.3,29219.4,228
1784205300,29219.9,29220.9,29211.8,29214.4,236
1784205360,29214.7,29215.7,29202.4,29203.4,242
1784205420,29202.5,29203.7,29168.3,29172.7,276
1784205480,29173.4,29187,29173.4,29183,260
1784205540,29184.5,29189,29180.5,29182.4,236
1784205600,29182.7,29191.5,29173.8,29177.4,249
1784205660,29177.7,29187.3,29175,29176,242
1784205720,29175.7,29185.5,29174.2,29177.8,230
1784205780,29178,29185,29174.7,29178.8,236
1784205840,29178.7,29179.5,29170.3,29176.9,242
1784205900,29177.2,29181.3,29166.3,29177.4,250
1784205960,29177.2,29194.4,29171.9,29193.5,238
1784206020,29194.2,29202.7,29191.7,29197,242
1784206080,29197.2,29199.5,29195.4,29198.3,218
1784206140,29198.8,29199.9,29185,29192.4,242
1784206200,29191.9,29197.9,29190.4,29195.9,210
1784206260,29196,29201.9,29186,29191.7,230
1784206320,29192.7,29204.8,29192.4,29204.8,232
1784206380,29204.9,29214,29204,29212.3,236
1784206440,29212.5,29216.4,29211,29212.7,206
1784206500,29211.7,29213.2,29196.2,29196.5,238
1784206560,29196.6,29200.8,29194.5,29200.8,250
1784206620,29200.3,29206,29199.5,29202.7,214
1784206680,29202.2,29203.5,29195,29198,206
1784206740,29198.3,29199,29194,29194.5,216
1784206800,29195.8,29228.4,29190,29227.3,266
1784206860,29227.8,29237.7,29226.4,29226.9,264
1784206920,29226.4,29227.8,29212.7,29213.7,264
1784206980,29211.2,29217.7,29207.2,29217.7,264
1784207040,29217.8,29228.4,29215,29228.4,266
1784207100,29226.9,29232.7,29223.2,29231.3,268
1784207160,29231.4,29232.7,29225.4,29231.2,252
1784207220,29231.5,29242.5,29230.2,29241.2,257
1784207280,29241.3,29247,29238.9,29240.7,254
1784207340,29240.9,29245.7,29239.4,29243.2,216
1784207400,29243,29246.4,29241.2,29242.7,212
1784207460,29243,29249.9,29234.3,29246.5,240
1784207520,29246.8,29254.8,29245.2,29249.9,240
1784207580,29249.3,29258.8,29248,29258.8,224
1784207640,29258.5,29259.5,29250.4,29253,252
1784207700,29252.9,29254.7,29244.4,29247.4,226
1784207760,29247.9,29255.8,29247.9,29253,242
1784207820,29253.8,29261,29252.4,29253.4,230
1784207880,29253.2,29261.2,29252.7,29254.3,252
1784207940,29254.5,29260.4,29251.7,29259.8,246
1784208000,29259.3,29267,29258.7,29260.7,232
1784208060,29261.2,29279.3,29257.8,29274.8,254
1784208120,29275.3,29275.7,29263.8,29272,210
1784208180,29273,29283.2,29270.8,29281.7,234
1784208240,29281.5,29289.8,29279.3,29286.2,212
1784208300,29276.3,29276.3,29258.5,29259.4,258
1784208360,29259.8,29264.9,29257.8,29263.5,228
1784208420,29264,29271.5,29251.9,29261.3,258
1784208480,29261.8,29261.8,29249.8,29256.3,254
1784208540,29255.9,29272.2,29255.5,29263.2,290
1784208600,29274.5,29332.8,29274.5,29307.3,316
1784208660,29307,29330.7,29283.5,29325.1,320
1784208720,29324,29330.3,29277.8,29285.7,318
1784208780,29287.2,29302.7,29269,29275.5,312
1784208840,29277.7,29283.6,29232.7,29235.5,314
1784208900,29239.7,29249.7,29204.5,29218,318
1784208960,29221.6,29238.3,29204.7,29227.7,316
1784209020,29228.2,29271.6,29228.2,29241.1,324
1784209080,29240.6,29240.6,29199.5,29207.8,318
1784209140,29208.5,29221.7,29182,29184.5,308
1784209200,29189.6,29234.1,29176.7,29200.7,320
1784209260,29201,29202.5,29149.2,29152.3,314
1784209320,29152.8,29165,29137.1,29149.8,318
1784209380,29149.2,29158.7,29132,29151.5,306
1784209440,29152.3,29170.3,29111.2,29114.8,314
1784209500,29116.8,29140.6,29112.7,29113.5,318
1784209560,29111.7,29129.1,29105,29117.5,314
1784209620,29119.5,29133.7,29108,29108,308
1784209680,29105.7,29118.5,29072.7,29086.7,310
1784209740,29087.2,29091.6,29068.2,29075.2,304
1784209800,29072.2,29118.6,29067.5,29097.6,308
1784209860,29097.2,29125.7,29087.7,29112.2,312
1784209920,29114.2,29155.1,29112,29141.5,314
1784209980,29142.3,29148.1,29097.7,29113.6,308
1784210040,29113.3,29148.5,29092,29092,306
1784210100,29091,29098.3,29062,29098.3,316
1784210160,29097.2,29139.2,29093,29139.2,312
1784210220,29139,29157.8,29100.5,29106,310
1784210280,29105.1,29141.3,29101.8,29135.1,308
1784210340,29139.3,29153.7,29135.2,29149.3,314
1784210400,29146.2,29186.1,29124.1,29181.3,310
1784210460,29182.3,29195.7,29165.6,29186.5,312
1784210520,29184.5,29219.2,29184.5,29195.8,306
1784210580,29196.3,29210.8,29184,29201.3,310
1784210640,29200.3,29210.1,29183.8,29199.6,318
1784210700,29201.3,29231,29188.1,29226.7,308
1784210760,29225,29249.7,29225,29243.6,310
1784210820,29240.2,29257.6,29231.3,29250,306
1784210880,29250.8,29282.6,29250,29273.6,304
1784210940,29274.2,29295,29253.3,29281.7,308
1784211000,29281.5,29292.7,29274.5,29284.7,316
1784211060,29280.6,29281.2,29260.8,29260.8,300
1784211120,29261.1,29278.5,29249,29276.2,312
1784211180,29276.8,29291,29276,29281.1,310
1784211240,29281.2,29287.3,29261.7,29270.2,316
1784211300,29269,29288.6,29266.7,29282.8,300
1784211360,29282.5,29302.1,29272.2,29292,304
1784211420,29291.6,29295.2,29267,29272.3,306
1784211480,29272.7,29283,29255.3,29256.3,308
1784211540,29257.8,29291.6,29247,29283.1,310
1784211600,29285.1,29291.3,29246.2,29249,308
1784211660,29248,29252.3,29225,29228,300
1784211720,29227.5,29233.3,29200.8,29231.2,306
1784211780,29232.5,29247.7,29213.6,29229.5,310
1784211840,29230.2,29258.5,29228.5,29241.2,296
1784211900,29238.7,29238.7,29208.2,29233.3,306
1784211960,29234.5,29248.2,29217.3,29244.2,306
1784212020,29245,29277.5,29235.5,29270.3,306
1784212080,29271.1,29280.2,29262.1,29272.8,304
1784212140,29273,29289,29272.7,29285,292
1784212200,29284.8,29284.8,29263.7,29271.1,302
1784212260,29270.7,29273.6,29241.7,29248.1,302
1784212320,29250.1,29280,29242.5,29280,300
1784212380,29277.7,29284.6,29273.1,29281.2,286
1784212440,29280.5,29283.5,29260.6,29265.3,300
1784212500,29263.2,29282.1,29261.3,29281.2,304
1784212560,29281.3,29286.7,29268.2,29278.6,294
1784212620,29278.8,29306,29274.6,29292.3,306
1784212680,29293,29300.7,29272.7,29275.7,302
1784212740,29274.5,29274.5,29249.6,29259.2,299
1784212800,29259.6,29262.2,29233.2,29239.7,274
1784212860,29238.5,29262.7,29228.3,29247.8,300
1784212920,29243.2,29263,29242.5,29258.7,306
1784212980,29259.1,29271.8,29258.7,29260.5,272
1784213040,29262.2,29270.3,29253.2,29266.3,292
1784213100,29266.5,29270.7,29250,29255.8,304
1784213160,29256.8,29270.3,29251.5,29259.5,296
1784213220,29258.8,29278,29251,29253.6,288
1784213280,29252.3,29264.6,29242.2,29257.2,306
1784213340,29257.5,29261.5,29241,29241.2,304
1784213400,29241.8,29244.8,29192.2,29196.7,314
1784213460,29198,29213.7,29191.7,29206.8,310
1784213520,29207.6,29214.7,29188.7,29199,308
1784213580,29199.3,29202.1,29185.5,29191,302
1784213640,29191.1,29196.7,29179.7,29192.2,296
1784213700,29190.6,29190.6,29166.3,29178.1,296
1784213760,29177.1,29198.7,29170.6,29195.8,300
1784213820,29194.6,29212.5,29193.2,29207.7,286
1784213880,29207.5,29238,29206.6,29220.1,306
1784213940,29217.7,29237,29216.2,29236.7,304
1784214000,29240,29260.1,29231.2,29244.2,306
1784214060,29243.5,29249.1,29226.6,29227.5,312
1784214120,29226,29257.3,29223.5,29247.5,296
1784214180,29248.8,29253.1,29213.2,29213.5,312
1784214240,29213.3,29224.2,29205.8,29211.7,294
1784214300,29206.2,29210.2,29188.2,29204.2,302
1784214360,29203.3,29205.5,29182.8,29185.5,302
1784214420,29184.8,29190.2,29173.3,29173.3,304
1784214480,29174.2,29179.2,29168.6,29173.7,310
1784214540,29172.8,29194.8,29169.7,29194.2,294
1784214600,29195.2,29203.3,29179.7,29188.2,300
1784214660,29188.1,29195.7,29176.5,29177.8,292
1784214720,29178.8,29181,29160,29163.2,288
1784214780,29163.7,29166.2,29145.6,29148.7,292
1784214840,29148.1,29161.1,29139.1,29161,298
1784214900,29157.3,29173,29150.1,29154.5,298
1784214960,29154,29155.2,29139.1,29148,308
1784215020,29147.8,29176.8,29146.2,29165.2,302
1784215080,29167,29189.3,29165.3,29180.6,302
1784215140,29179.8,29193.1,29170.7,29193.1,288
1784215200,29192.8,29193.6,29165.8,29174.2,296
1784215260,29175.7,29184.3,29160,29170.5,300
1784215320,29168.7,29174.2,29151.6,29170.2,294
1784215380,29171.7,29181.1,29167.7,29172.7,304
1784215440,29171.3,29190.6,29165.1,29188.5,308
1784215500,29188.8,29232.1,29188.8,29227.7,310
1784215560,29228.5,29252.2,29224.6,29246.8,300
1784215620,29247.8,29253.1,29224.2,29225,296
1784215680,29225.6,29227.2,29186.7,29190.6,302
1784215740,29190.1,29209.5,29188.7,29209.2,304
1784215800,29208,29210.3,29172.3,29192.2,306
1784215860,29192.7,29225.5,29190.7,29225.5,276
1784215920,29225.8,29239.5,29220.1,29225.6,288
1784215980,29225.5,29226.8,29211.8,29225.3,306
1784216040,29225.5,29242,29222.5,29240.6,300
1784216100,29239.5,29241,29228.2,29231.1,292
1784216160,29232.2,29237,29216.2,29237,276
1784216220,29237.5,29246,29224,29224.5,300
1784216280,29223.8,29246.6,29223.3,29243.1,284
1784216340,29243.2,29267.7,29243.2,29257.8,284
1784216400,29256.5,29261.7,29230.3,29230.3,298
1784216460,29229.8,29232.6,29192.2,29193.3,310
1784216520,29195.5,29207.1,29187.7,29207.1,298
1784216580,29205.8,29211.2,29190.5,29190.7,302
1784216640,29189.7,29202.1,29184,29199.2,282
1784216700,29198.3,29198.3,29171.6,29176.5,296
1784216760,29174.7,29182.5,29159.5,29164.1,308
1784216820,29165.3,29178.8,29162.7,29167,296
1784216880,29168.7,29179,29165.3,29179,298
1784216940,29178,29195.5,29157.5,29193.3,298
1784217000,29193.2,29218.3,29192.6,29216.8,296
1784217060,29218.8,29230.7,29216.3,29224.1,296
1784217120,29223.5,29236.3,29213.2,29221.8,298
1784217180,29222.5,29229.3,29210.7,29213,286
1784217240,29213.6,29224.1,29207.2,29221.3,286
1784217300,29220.8,29221.6,29184.7,29190.1,298
1784217360,29189.6,29193.3,29175.3,29192,298
1784217420,29194,29214.8,29194,29202.5,290
1784217480,29203,29211.7,29196.6,29196.6,292
1784217540,29194.8,29199.7,29188.3,29193.8,284
1784217600,29195.6,29196.6,29171.2,29178.7,302
1784217660,29176.2,29182.6,29164.5,29170.6,304
1784217720,29170.2,29173.5,29153.5,29158.2,300
1784217780,29157.2,29168.7,29153.1,29168.7,294
1784217840,29167.7,29175.2,29140.1,29140.1,304
1784217900,29141.7,29141.7,29115.6,29121.5,290
1784217960,29120.5,29141.6,29118.7,29134.7,300
1784218020,29136.8,29151.1,29132.5,29140.7,290
1784218080,29140.5,29156.3,29139.8,29142,288
1784218140,29144.2,29154,29141.1,29141.7,284
1784218200,29141.2,29141.2,29119.6,29122.2,302
1784218260,29121.7,29127.2,29109.8,29115.6,276
1784218320,29115.8,29115.8,29104.3,29104.5,296
1784218380,29104.2,29117.1,29091.2,29111.7,296
1784218440,29112.3,29115.1,29094.5,29095.7,304
1784218500,29095.5,29101.7,29082.5,29101.5,308
1784218560,29101.6,29105.3,29089.1,29104.2,310
1784218620,29104,29104.2,29086.3,29089.3,288
1784218680,29089.8,29115.1,29088.1,29112.7,290
1784218740,29113.5,29115.2,29094.2,29100.7,298
1784218800,29099.1,29099.1,29071.6,29075.7,318
1784218860,29077.3,29094.6,29074,29083.2,306
1784218920,29083.3,29088.7,29068.6,29073.2,296
1784218980,29073,29083,29066.5,29075.1,286
1784219040,29074.8,29088.5,29068.6,29082.2,296
1784219100,29081.6,29088.2,29070.6,29088,298
1784219160,29089,29102,29087.5,29088.7,306
1784219220,29088.6,29115.6,29088.6,29115,298
1784219280,29115.2,29115.3,29103.6,29108.5,296
1784219340,29109,29110.5,29087.3,29100.5,282
1784219400,29102.5,29114,29096.5,29109.5,306
1784219460,29109.1,29128.8,29101.3,29125.8,308
1784219520,29125,29140.5,29120.2,29139,296
1784219580,29137.7,29139.6,29117.8,29121.7,300
1784219640,29122.1,29122.1,29114.6,29117.2,294
1784219700,29115.3,29120.3,29093.3,29100.8,302
1784219760,29100.1,29106.1,29092.1,29103.1,288
1784219820,29102.6,29116.1,29099.7,29115.6,284
1784219880,29116.5,29121.6,29091.8,29108.2,286
1784219940,29107.5,29109.2,29091.3,29094.8,282
1784220000,29095.7,29106.5,29088.8,29105.2,280
1784220060,29105.7,29124.2,29103.2,29106.2,288
1784220120,29105.7,29106,29089.3,29093.6,292
1784220180,29093.1,29101.2,29091.6,29096.8,284
1784220240,29097.3,29101.7,29093.7,29094.6,284
1784220300,29095.1,29109.2,29083.6,29087.1,302
1784220360,29087.2,29089.5,29073.1,29086.7,290
1784220420,29088.7,29088.7,29075.7,29079.3,290
1784220480,29079.5,29088.8,29075.7,29087.6,288
1784220540,29085.8,29093,29079,29086.6,288
1784220600,29087.3,29106.8,29075.1,29103.3,292
1784220660,29103.1,29123.1,29102,29111,284
1784220720,29111.7,29120.6,29105.5,29108.1,282
1784220780,29109.2,29120.8,29104.2,29119.5,282
1784220840,29119.8,29127.6,29114.8,29123.7,288
1784220900,29123.6,29152.6,29122.8,29145.3,300
1784220960,29146.1,29154,29136.5,29142.3,284
1784221020,29141.8,29145.2,29130.3,29134,292
1784221080,29133.3,29149.7,29125.8,29139.1,289
1784221140,29139.7,29143,29134.3,29140.5,286
1784221200,29142.3,29143.7,29096.6,29097.6,310
1784221260,29099.7,29118,29098.3,29107.6,296
1784221320,29107,29108.7,29087.3,29093.6,292
1784221380,29094,29116.1,29092,29103.7,282
1784221440,29103.6,29124.1,29102.5,29117.8,288
1784221500,29117.5,29119.7,29096,29103.6,280
1784221560,29104.8,29105.6,29088.7,29104.2,288
1784221620,29102.7,29118.2,29101,29109,280
1784221680,29109.8,29134.6,29108.2,29130.3,273
1784221740,29130.1,29135.3,29121.2,29126,284
1784221800,29126.3,29135.7,29124.5,29126.7,280
1784221860,29126.2,29132.7,29110.1,29114.7,288
1784221920,29113.3,29115.2,29105.6,29109.3,272
1784221980,29109,29117.5,29097.5,29101.5,278
1784222040,29101,29101,29086.3,29089.6,280
1784222100,29090.3,29111.6,29086.8,29106.1,282
1784222160,29105.6,29105.6,29083.2,29095.3,282
1784222220,29095.6,29096,29080,29083.3,288
1784222280,29082.6,29094.6,29082.6,29093.8,282
1784222340,29094.2,29104.1,29092.5,29100.7,268
1784222400,29100.3,29107.7,29089.3,29091.8,286
1784222460,29091.6,29093.6,29084.6,29088.7,272
1784222520,29088.2,29089.3,29080.8,29084,280
1784222580,29084.6,29091.8,29081.6,29086.3,264
1784222640,29086.6,29094.5,29081.2,29081.2,266
1784222700,29081,29088.8,29077.1,29088.6,284
1784222760,29088.3,29110.6,29083,29104.2,270
1784222820,29103.6,29122,29099.2,29118.3,270
1784222880,29118.6,29143.8,29118.3,29137.3,300
1784222940,29137.2,29142,29125.7,29135.6,280
1784223000,29135.1,29145.5,29130.8,29132,292
1784223060,29131.1,29133.7,29118.3,29120.3,298
1784223120,29121.1,29132.6,29120.1,29122,274
1784223180,29121.5,29124,29095.1,29097.8,284
1784223240,29097.1,29098.2,29084.1,29090,298
1784223300,29091,29093.3,29083.3,29086,290
1784223360,29086.1,29098.7,29084.5,29090.3,284
1784223420,29090.5,29093.6,29075.6,29076.6,272
1784223480,29077.3,29090.1,29073.7,29081.5,280
1784223540,29081.6,29081.6,29069.1,29072.3,294
1784223600,29072,29073.2,29050.5,29053.5,282
1784223660,29055,29057.3,29040.8,29045.1,270
1784223720,29044.3,29054.1,29040,29043.7,290
1784223780,29044.5,29044.7,29033.1,29038.1,284
1784223840,29037.8,29045.6,29035.1,29045.6,284
1784223900,29045.8,29045.8,29021.8,29028.8,286
1784223960,29028.3,29041.6,29022,29040.8,282
1784224020,29041.3,29057,29040.3,29049.3,290
1784224080,29048.6,29060.8,29041,29060.8,284
1784224140,29060.5,29069.3,29056.1,29058.6,272
1784224200,29059.1,29065.2,29053.1,29058.7,280
1784224260,29058.3,29059.5,29049.2,29049.2,278
1784224320,29047.5,29047.5,29038.1,29045.8,290
1784224380,29046,29070.7,29043.8,29064.7,290
1784224440,29064.3,29070.1,29053.2,29053.3,272
1784224500,29053.6,29054.3,29035.1,29038.6,286
1784224560,29038.8,29041,29027,29038.8,270
1784224620,29038.1,29039.5,29028.3,29030.6,280
1784224680,29029.6,29046.5,29028.2,29044.6,264
1784224740,29045.3,29052.8,29039.6,29045.1,266
1784224800,29048.3,29060.7,29034.5,29059,280
1784224860,29058.5,29061.8,29052.5,29054,282
1784224920,29054.5,29055.1,29039.3,29045.8,282
1784224980,29044.6,29046.6,29036.7,29042.1,282
1784225040,29043.5,29053.1,29034.7,29036.7,280
1784225100,29036.1,29042.1,29032.3,29037.5,290
1784225160,29036.3,29044.8,29033.6,29041.1,280
1784225220,29041.2,29050.6,29029.1,29038.1,298
1784225280,29038.3,29041.7,29027.1,29037.1,308
1784225340,29037.5,29049.5,29027.2,29038.2,304
1784225400,29038.7,29063.7,29037.7,29051.8,308
1784225460,29052.7,29080,29052,29065.6,292
1784225520,29067,29078.2,29054.1,29054.6,286
1784225580,29054,29063,29049.5,29062.7,296
1784225640,29064.2,29067,29035,29036,266
1784225700,29036.7,29036.8,29020.8,29030.5,298
1784225760,29033.5,29071.7,29033.5,29071.7,290
1784225820,29071.6,29077.8,29068.3,29071.2,284
1784225880,29071.3,29075,29062.3,29063.6,272
1784225940,29063,29077.7,29060.5,29069.3,288
1784226000,29068,29093,29066.7,29083.5,298
1784226060,29083.6,29100.2,29082.6,29098.3,296
1784226120,29096.6,29105.7,29092.8,29095.2,274
1784226180,29096.1,29096.2,29076,29088.5,296
1784226240,29088.1,29096.2,29085.2,29091.3,280
1784226300,29091.2,29100.7,29075.2,29075.7,286
1784226360,29076.1,29100.5,29070,29096.3,282
1784226420,29096.5,29103.8,29083.5,29084.5,290
1784226480,29085.6,29096.3,29076.3,29078.1,276
1784226540,29078.2,29079.5,29065,29070,280
1784226600,29070.5,29070.5,29047,29051.7,300
1784226660,29053.1,29056.7,29046.1,29051,290
1784226720,29050,29062.8,29048.6,29048.6,290
1784226780,29049.6,29059,29046.2,29051.6,282
1784226840,29051.7,29056.6,29040.8,29047.3,286
1784226900,29045.2,29045.2,29033.8,29041.3,296
1784226960,29039.8,29040.7,29024,29029.7,282
1784227020,29030.1,29043.6,29026.3,29035.2,292
1784227080,29035.7,29041.7,29032.7,29041,272
1784227140,29040.2,29041.1,29027.2,29028,288
1784227200,29031.5,29031.5,29000.7,29007.6,300
1784227260,29009,29019.5,29006.8,29016.1,284
1784227320,29017,29028.3,29009.1,29028,288
1784227380,29029.2,29045.8,29028.3,29039.5,274
1784227440,29040.5,29051.2,29034.3,29040,296
1784227500,29038.2,29050.5,29025.3,29036.5,282
1784227560,29036.1,29044.1,29035.3,29037.6,258
1784227620,29038.5,29047.2,29033.6,29038.3,276
1784227680,29038,29054.3,29036.8,29052.8,258
1784227740,29052.7,29054.8,29043,29046.5,280
1784227800,29047,29053.1,29040,29050.8,290
1784227860,29051.6,29051.7,29040.1,29041.2,272
1784227920,29041.1,29042,29025.6,29027.3,282
1784227980,29028.1,29028.2,29016.6,29020.1,274
1784228040,29020.3,29022.2,29013.1,29015.1,272
1784228100,29014.6,29014.6,29004.1,29006.1,264
1784228160,29006.6,29018.1,29005.3,29016.2,274
1784228220,29017.2,29024.5,29004.5,29005.8,270
1784228280,29004.7,29019.1,29002.6,29018.8,270
1784228340,29017.8,29019.2,29009.2,29012.3,270
1784228400,29012.6,29030.3,29004.8,29030,284
1784228460,29029.8,29030.3,29010.8,29017.2,286
1784228520,29018.1,29043.7,29015.5,29036.5,286
1784228580,29037.1,29037.6,29022,29034.7,278
1784228640,29034.5,29042.2,29024.3,29028.6,280
1784228700,29029.3,29042.6,29019.3,29040.5,290
1784228760,29039.5,29040.5,29004.8,29008.3,284
1784228820,29008,29011.1,28987.6,28994.3,286
1784228880,28994.8,28997.6,28986.7,28990.8,288
1784228940,28991.6,28992.8,28985.2,28987,296
1784229000,28985.3,28997.1,28980.1,28990.1,296
1784229060,28990.8,28998.1,28986.5,28990.6,287
1784229120,28990.2,28991.2,28978.3,28985.3,276
1784229180,28984.6,28990,28978.7,28979.8,292
1784229240,28980.3,28986.7,28979.2,28985.5,272
1784229300,28984.1,28985.1,28969.3,28976.3,282
1784229360,28976.7,28987.8,28975.7,28977.3,294
1784229420,28977.2,28977.2,28952.6,28954.1,294
1784229480,28953.8,28968,28948.6,28967.3,292
1784229540,28966.7,28970.8,28959.8,28964.1,288
1784229600,28964.8,28970.7,28960.1,28963.1,286
1784229660,28963,28983.1,28959.3,28982.1,290
1784229720,28981.6,28981.6,28960.1,28962.6,286
1784229780,28963.1,28965.7,28951.3,28951.7,270
1784229840,28951.3,28957.5,28947.8,28950.8,284
1784229900,28951.2,28958.5,28943.3,28943.3,282
1784229960,28943.8,28943.8,28924.6,28924.6,296
1784230020,28923.7,28935.8,28921.8,28932.6,294
1784230080,28933.5,28947.3,28933.3,28945.6,284
1784230140,28947.6,28961.6,28947.1,28950.6,284
1784230200,28949.1,28971.8,28929.6,28950.8,314
1784230260,28950.6,28953.7,28927.1,28927.7,302
1784230320,28929.2,28943.6,28921.3,28941.7,298
1784230380,28940.2,28941.5,28933.5,28940.2,294
1784230440,28940.7,28955.5,28939.6,28951.8,296
1784230500,28951.6,28955.7,28934.3,28934.3,298
1784230560,28936.3,28943.1,28922.8,28924.1,290
1784230620,28924.3,28939.1,28920.7,28938.1,272
1784230680,28938.3,28959.3,28937.1,28957.5,296
1784230740,28957.6,28964.2,28951.7,28954.5,274
1784230800,28950.1,28950.1,28934.5,28945.3,290
1784230860,28946.1,28962.5,28945.1,28958.6,286
1784230920,28958.7,28961.7,28946.8,28958.3,300
1784230980,28957.2,28961.8,28936.3,28940,282
1784231040,28938.1,28939.7,28921.7,28923.8,286
1784231100,28922.3,28926.5,28912,28924.2,302
1784231160,28923.2,28925.5,28903.6,28906,288
1784231220,28906.7,28911.3,28897.3,28897.3,292
1784231280,28897.2,28897.2,28880.8,28887.3,309
1784231340,28887.5,28896.5,28881.8,28895.6,280
1784231400,28921,28944,28906.7,28936.5,322
1784231460,28935.2,28958.6,28929.5,28956.3,306
1784231520,28955,28969.5,28952.7,28964.2,300
1784231580,28963.1,28973.6,28954.5,28970,298
1784231640,28969.2,28977.7,28957.5,28975.8,308
1784231700,28992.6,29011.8,28990,29002.3,320
1784231760,29003.3,29004.6,28988.7,29004.6,302
1784231820,29003.1,29006.1,28993.8,29001.5,300
1784231880,28999.7,29005.3,28995.8,29002.7,298
1784231940,29006.6,29034.5,29004.6,29016,306
1784232000,29018.8,29027,29005.8,29022.5,298
1784232060,29022.9,29029,29000.8,29003.2,300
1784232120,29004.2,29026.7,28999.8,29010.7,266
1784232180,29010.2,29025.2,29007.8,29008.3,266
1784232240,29007.5,29007.8,28993.8,29000.9,284
1784232300,28997.7,28999,28982.9,28990.4,238
1784232360,28990.8,28994.7,28987,28991.5,226
1784232420,28992.8,29003.8,28989.5,28991.8,256
1784232480,28992,28996.7,28990.5,28993,220
1784232540,28993.5,28996.3,28978.9,28984.5,252
1784232600,28984.4,28987.3,28979.3,28985.4,232
1784232660,28984.3,28986.4,28979,28983,208
1784232720,28983.4,28986.7,28980,28983,214
1784232780,28983.8,28986.9,28973.8,28973.8,218
1784232840,28974.5,28975.8,28967.9,28969.9,252
1784232900,28970.2,28975.4,28964,28966.9,230
1784232960,28969.3,28978.3,28969.3,28977.3,216
1784233020,28977.2,28981.8,28975.3,28977.5,210
1784233080,28978,28993.5,28977.5,28990.2,222
1784233140,28990.3,28990.9,28985.3,28989,204
1784233200,28989.3,29001.2,28988.4,28992.7,217
1784233260,28992.5,28997,28988.4,28989.3,198
1784233320,28988.7,28991.7,28982.9,28991.7,208
1784233380,28991.4,28996.7,28989.5,28994.5,187
1784233440,28994.8,28994.9,28986.9,28993.4,196
1784233500,28993.3,28993.9,28988.7,28991.3,158
1784233560,28991.4,28992.2,28988.2,28990.2,166
1784233620,28990.3,28992.3,28987.5,28987.8,142
1784233680,28987.9,28988.2,28980.7,28981.9,158
1784233740,28981.5,28983.4,28981.2,28982.5,152
1784233800,28982.3,28983.2,28971.2,28973,152
1784233860,28973.4,28973.8,28967.7,28969,198
1784233920,28970,28974.3,28966.2,28974.3,184
1784233980,28974.2,28976.4,28968.2,28970,182
1784234040,28969.4,28976.3,28968.5,28974.9,168
1784234100,28975.2,28981.5,28974.5,28980.3,140
1784234160,28979.8,28979.9,28976,28977,190
1784234220,28977.3,28985.9,28977.3,28983.9,174
1784234280,28983.5,28989.3,28982.5,28986.7,156
1784234340,28986.8,28987.8,28984.2,28984.3,136
1784234400,28984.9,28991.5,28984.5,28986,156
1784234460,28986.3,28987.4,28984.2,28985.9,144
1784234520,28984.4,28984.4,28972.5,28975.2,174
1784234580,28975.5,28979.8,28975.4,28977,132
1784234640,28976.8,28977,28972.7,28975.8,156
1784234700,28975.4,28980,28973.8,28979.3,152
1784234760,28978.9,28981.8,28977.9,28978,150
1784234820,28978.3,28980,28972.8,28974.7,174
1784234880,28975.3,28976.3,28969.8,28973.5,130
1784234940,28974,28977.5,28972,28973.2,174
1784235000,28973.8,28975.9,28972,28974.8,124
1784235060,28974.5,28975.2,28970.4,28974.9,174
1784235120,28974.2,28975.9,28971.7,28975.2,126
1784235180,28974.9,28978.9,28974.7,28977,146
1784235240,28977.2,28979.7,28976,28977.4,162
1784235300,28977.2,28979.4,28972.2,28976,172
1784235360,28976.5,28977.2,28974.5,28975.8,106
1784235420,28975,28977.5,28973.8,28977,124
1784235480,28977.3,28980.5,28976.9,28976.9,90
1784239200,29015.8,29017.5,29006.2,29015.3,148
1784239260,29016.5,29016.5,28998.5,29000.6,182
1784239320,29001.2,29011.7,28995.8,29005.5,170
1784239380,29005.4,29020,29004.8,29020,148
1784239440,29019.5,29023.2,29017.3,29018.3,150
1784239500,29018.8,29020.4,29009.4,29012.4,138
1784239560,29011.8,29018,29004.5,29017.3,160
1784239620,29017.5,29018.2,29007.9,29010.4,112
1784239680,29011.9,29013.2,29005.8,29006.9,110
1784239740,29008.7,29008.7,29005.3,29007.7,91
1784239800,29009.9,29009.9,29001.7,29005.2,128
1784239860,29005.3,29006.9,28999.7,29006.8,88
1784239920,29006.5,29007.3,29002.8,29004.2,104
1784239980,29003.8,29006.2,28986.9,28993.7,116
1784240040,28992.9,28993.5,28984.8,28989.5,142
1784240100,28990,28991.8,28980.8,28982.5,150
1784240160,28984,28984,28975.9,28976.4,140
1784240220,28977,28979,28973.2,28979,138
1784240280,28979.2,28979.9,28971.5,28974.4,104
1784240340,28974.8,28975.5,28970.5,28970.7,132
1784240400,28970.5,28975.2,28970.2,28971.4,136
1784240460,28971.5,28972.8,28960.5,28962.5,156
1784240520,28962.7,28966.2,28959.5,28966.2,152
1784240580,28966.4,28971.8,28964.7,28971.8,114
1784240640,28972,28972,28964.7,28965.9,134
1784240700,28966,28967.5,28950.2,28955.8,144
1784240760,28955.9,28956.9,28949.9,28956.9,126
1784240820,28956.2,28960.4,28953.2,28953.7,142
1784240880,28953.8,28953.8,28950,28950,110
1784240940,28949.7,28949.7,28942,28944,138
1784241000,28944.7,28947.2,28941.5,28942.4,122
1784241060,28943.3,28944,28939.7,28941.4,136
1784241120,28941.2,28963.4,28939.8,28962,186
1784241180,28962.8,28963.4,28955.7,28956.8,124
1784241240,28956.7,28956.8,28947.3,28947.4,128
1784241300,28948.7,28950.8,28945.5,28945.9,106
1784241360,28946,28953.7,28942.9,28951.9,101
1784241420,28952,28960.9,28951.9,28957.7,116
1784241480,28958.2,28958.2,28956.5,28957,120
1784241540,28957.2,28958.2,28956.4,28957.4,56
1784241600,28957.8,28958.5,28951.5,28952,116
1784241660,28952.3,28952.5,28943.9,28944.9,142
1784241720,28944.4,28946.5,28937.7,28939.9,142
1784241780,28939.8,28943.8,28936.9,28941.5,130
1784241840,28941.3,28954.8,28939.5,28953.4,126
1784241900,28954.5,28955.9,28947,28948.5,136
1784241960,28948.7,28953.8,28947.7,28951.5,110
1784242020,28951.7,28951.8,28947.7,28948.8,124
1784242080,28949,28949,28937.9,28938.9,178
1784242140,28939.3,28940.8,28930.7,28932.7,162
1784242200,28933,28943.5,28932,28943.3,152
1784242260,28943.2,28943.2,28936,28937.7,136
1784242320,28937.4,28937.7,28931.8,28932.8,150
1784242380,28932.5,28936.2,28930.2,28930.4,162
1784242440,28929.8,28931.7,28927.4,28928.2,174
1784242500,28927.9,28933.4,28921,28927.5,152
1784242560,28928.8,28933.9,28925.4,28930.8,128
1784242620,28930.7,28936,28930.5,28932.8,138
1784242680,28933.2,28948.4,28933.2,28934.7,144
1784242740,28934.8,28940.8,28931.1,28940.4,138
1784242800,28940.2,28944.4,28923.8,28941.3,166
1784242860,28938.9,28939.4,28931.5,28933.3,119
1784242920,28933.4,28949.5,28933.3,28945.7,186
1784242980,28947.2,28947.2,28942.4,28945.3,128
1784243040,28945.4,28948,28936.3,28938.9,130
1784243100,28939,28940.4,28930.4,28932.7,160
1784243160,28932.5,28935.3,28929.4,28931.2,136
1784243220,28931.9,28935.2,28931.8,28932.8,120
1784243280,28933.2,28933.2,28919.9,28919.9,126
1784243340,28919.5,28923,28916.7,28918.8,164
1784243400,28919.8,28920.2,28916.3,28917.7,158
1784243460,28916,28916.8,28912.8,28916.3,168
1784243520,28917.2,28924.8,28916.4,28924.8,162
1784243580,28927.7,28940.3,28925,28939.3,168
1784243640,28939,28942.4,28933.4,28936,154
1784243700,28937.4,28937.7,28929.3,28931.3,144
1784243760,28931.4,28933.9,28929.2,28930.4,100
1784243820,28930.5,28930.5,28924.9,28924.9,106
1784243880,28925,28926.4,28915.3,28917.7,138
1784243940,28915.5,28918,28915.4,28915.8,138
1784244000,28915.7,28915.8,28911,28912,122
1784244060,28911.8,28912.7,28908.9,28909.9,124
1784244120,28909.8,28910.5,28904.3,28904.7,114
1784244180,28904.8,28905,28899.9,28903.2,174
1784244240,28902.7,28903.7,28896.3,28896.7,178
1784244300,28896.2,28897.3,28892.3,28892.3,166
1784244360,28891.7,28895.3,28880.9,28892.5,190
1784244420,28892.7,28905.7,28891.8,28903.3,196
1784244480,28903.4,28908.5,28902.8,28907,132
1784244540,28907.2,28907.2,28893.2,28897.2,162
1784244600,28896.5,28897.5,28888,28892.2,168
1784244660,28892.8,28900.9,28887.2,28887.8,150
1784244720,28888.2,28888.8,28872.3,28876.9,204
1784244780,28877,28880.8,28872.7,28874.7,170
1784244840,28874.5,28893.2,28874.3,28883.2,186
1784244900,28883.9,28885.2,28870.7,28870.7,158
1784244960,28870.9,28872,28867.4,28871,142
1784245020,28871.2,28871.3,28865.5,28870.9,192
1784245080,28871,28898,28871,28897.8,198
1784245140,28898,28908.9,28897.7,28908.5,160
1784245200,28909,28932.4,28907.9,28930.3,186
1784245260,28930.9,28930.9,28921.3,28924.8,168
1784245320,28925,28925.5,28920.5,28922.3,140
1784245380,28921.9,28922.4,28917.4,28919,162
1784245440,28919.7,28919.7,28911.4,28914,168
1784245500,28913.7,28915.5,28894.8,28903,246
1784245560,28902.4,28904.8,28894.8,28902.8,226
1784245620,28903,28917.5,28903,28916,214
1784245680,28915.5,28916.4,28895.5,28901,214
1784245740,28900.8,28904.8,28896.7,28903.5,198
1784245800,28903.8,28922.8,28900.8,28921.7,216
1784245860,28921.5,28921.5,28913.7,28914.3,209
1784245920,28912.7,28923.3,28909.9,28909.9,208
1784245980,28910,28914.2,28902.4,28908.3,182
1784246040,28908.7,28915.2,28899.7,28913.5,200
1784246100,28914,28914.7,28904.7,28905.8,218
1784246160,28905.5,28907.7,28898,28900.4,192
1784246220,28899.8,28901.5,28888.9,28896.6,223
1784246280,28897,28900.3,28895,28899.5,188
1784246340,28899.7,28901.5,28890.9,28901.3,214
1784246400,28902.5,28927.7,28902.4,28925.9,288
1784246460,28926,28928.2,28900.8,28900.8,282
1784246520,28899.7,28922.3,28898.5,28916.9,266
1784246580,28916.7,28922.9,28912.3,28918.2,264
1784246640,28919.2,28920.5,28899.3,28900.9,262
1784246700,28898.8,28902.4,28883.3,28891.9,246
1784246760,28892,28892,28874.9,28882,278
1784246820,28881.4,28882.2,28859.2,28865.7,264
1784246880,28865.4,28878,28860.7,28875.4,256
1784246940,28875.7,28877.9,28865.8,28869.4,222
1784247000,28867.5,28867.9,28839.8,28845.6,279
1784247060,28847.5,28855.7,28841.5,28850.3,276
1784247120,28851.4,28862.2,28843.3,28859,260
1784247180,28859.3,28860.5,28840.4,28842,262
1784247240,28842.2,28848.5,28835.8,28847.4,274
1784247300,28846.3,28868.5,28839.7,28867.2,266
1784247360,28866.7,28874.3,28848.5,28872.9,254
1784247420,28872.7,28880.3,28866.2,28878.5,252
1784247480,28877.3,28880.8,28852.2,28852.9,264
1784247540,28850.7,28853.9,28845.9,28853,282
1784247600,28851.4,28863.4,28848.8,28860.7,274
1784247660,28860.5,28866.4,28837.8,28846.5,260
1784247720,28845.9,28845.9,28835.9,28840.8,270
1784247780,28841.5,28864.8,28841.5,28856.3,262
1784247840,28855.5,28860,28840,28841.3,266
1784247900,28841.7,28846.2,28836.5,28842.9,249
1784247960,28843,28843.8,28829.9,28835.4,244
1784248020,28836,28836.7,28827.9,28829.8,244
1784248080,28830,28831.4,28822.5,28829.4,238
1784248140,28826.7,28830.9,28816.9,28823.2,264
1784248200,28824.4,28824.5,28812.2,28816.9,254
1784248260,28816.8,28824.4,28811.2,28822.9,258
1784248320,28823.9,28827.3,28816.8,28821.4,234
1784248380,28822,28834.7,28822,28827.8,250
1784248440,28828.9,28833.8,28823,28823.8,234
1784248500,28822.5,28825.7,28804,28806.3,236
1784248560,28805.5,28811.2,28803.8,28805.5,230
1784248620,28804.5,28812.3,28802.2,28808.9,228
1784248680,28809.9,28826.7,28809,28824.4,240
1784248740,28824.3,28825.7,28808.9,28811.5,244
1784248800,28811.9,28818.3,28808.2,28808.5,234
1784248860,28807.9,28811.7,28805.5,28810,214
1784248920,28810.3,28816.5,28799.5,28815.8,248
1784248980,28816.7,28821.4,28811.8,28814.5,234
1784249040,28815.4,28835,28814,28829.9,252
1784249100,28827.5,28834.7,28823,28827.8,276
1784249160,28828.3,28839.3,28827.5,28838.7,264
1784249220,28838.9,28838.9,28824.8,28831,246
1784249280,28831.7,28835.2,28828.3,28829.7,256
1784249340,28829.8,28841,28829.4,28840.4,230
1784249400,28840,28858,28835.3,28857.7,248
1784249460,28857.9,28871,28857.2,28868.2,212
1784249520,28868,28871.7,28864,28871,234
1784249580,28867.9,28872.5,28859.2,28872,244
1784249640,28869,28872,28863.9,28872,222
1784249700,28872.2,28885,28870.7,28878.2,266
1784249760,28876.3,28884.5,28867.4,28867.9,262
1784249820,28868.2,28879.4,28866.2,28877.4,252
1784249880,28878.9,28881,28866.8,28868.9,246
1784249940,28869,28870.9,28860.3,28861.9,232
1784250000,28863.4,28879,28858.8,28875.7,262
1784250060,28872.4,28886.9,28870.9,28886.9,260
1784250120,28888.4,28906.9,28887.7,28890.7,266
1784250180,28890.3,28910.4,28888.3,28908.8,254
1784250240,28908,28909.2,28895.5,28897.4,228
1784250300,28896.9,28896.9,28882.9,28893.5,244
1784250360,28893.2,28893.2,28862.3,28863.9,258
1784250420,28863.3,28863.3,28847.3,28858.3,270
1784250480,28859.2,28870.9,28854.3,28870.9,250
1784250540,28871,28871,28849.4,28860.2,240
1784250600,28860.8,28865.5,28844.9,28847,252
1784250660,28847.5,28860.5,28846.7,28856.7,236
1784250720,28855.7,28862.8,28849.5,28850.3,244
1784250780,28850.8,28853,28835.7,28840.5,252
1784250840,28840.2,28849.2,28829.9,28834.2,262
1784250900,28834.8,28850.2,28834.8,28846.5,248
1784250960,28847,28850.4,28841,28841.3,232
1784251020,28842.8,28844.4,28836.3,28837.5,241
1784251080,28837.9,28840.8,28827.8,28832.5,225
1784251140,28833,28834,28823.9,28827.8,232
1784251200,28827.8,28828.9,28818.1,28827.4,234
1784251260,28828,28837.7,28826.7,28837.2,236
1784251320,28837.5,28838,28818.9,28822,227
1784251380,28825.4,28825.7,28819.9,28824.4,206
1784251440,28824,28829.2,28819.4,28826,234
1784251500,28827.2,28830.7,28820.4,28822.8,236
1784251560,28823.5,28825.3,28817.8,28818.8,232
1784251620,28819.5,28825.9,28818.3,28818.4,240
1784251680,28818.9,28836.2,28816.8,28836.2,234
1784251740,28836.3,28845.8,28831.5,28844.9,222
1784251800,28846,28848.5,28823.4,28826.3,281
1784251860,28822.4,28822.4,28811.8,28817.7,254
1784251920,28818.4,28821.7,28809.4,28810.5,243
1784251980,28810.7,28813.9,28789.5,28803.9,274
1784252040,28806.4,28808.9,28792,28792,257
1784252100,28791.2,28808,28787,28807.5,254
1784252160,28807.8,28808.9,28798.4,28804.6,254
1784252220,28804,28815.9,28804,28810.5,244
1784252280,28811.7,28813,28804.7,28806.7,231
1784252340,28805.5,28806.9,28800.2,28800.4,229
1784252400,28799.8,28805.2,28797.8,28798.8,242
1784252460,28798.9,28799.5,28786.7,28788.2,217
1784252520,28788.8,28794,28786,28791.9,236
1784252580,28792.5,28797.9,28785.4,28786.7,244
1784252640,28786.3,28787.5,28769.9,28778.7,254
1784252700,28778.8,28781,28770.9,28772.4,266
1784252760,28772.7,28775.8,28765,28768.8,254
1784252820,28767.9,28782.7,28756.6,28778.8,259
1784252880,28779.3,28794.4,28776.7,28793,262
1784252940,28793.5,28793.5,28763.8,28766.3,254
1784253000,28767,28773.5,28764.7,28766.9,240
1784253060,28765.7,28768.5,28752.3,28752.4,274
1784253120,28752.2,28761.9,28752.2,28760.5,246
1784253180,28760.4,28768.8,28759.2,28761.8,233
1784253240,28762.4,28769.3,28759.9,28760.9,216
1784253300,28761,28766.4,28755.5,28762.3,280
1784253360,28762.8,28770.4,28760,28765.8,252
1784253420,28763.2,28783.7,28763.2,28781,250
1784253480,28780,28781.8,28775,28775.2,226
1784253540,28775.5,28777.3,28770.9,28776.3,228
1784253600,28778.4,28791.3,28774.7,28782.5,248
1784253660,28781.5,28785.9,28770.5,28771.5,240
1784253720,28771.3,28779.8,28768.9,28779.5,238
1784253780,28779.8,28784,28772.2,28783.2,236
1784253840,28782.9,28786.9,28779.5,28783.8,210
1784253900,28783.9,28785,28777.9,28779.8,244
1784253960,28780.4,28786.3,28768.9,28770.5,232
1784254020,28770.7,28772,28764.9,28768.9,212
1784254080,28768.8,28770.4,28761,28763.3,210
1784254140,28762.8,28766.5,28755.1,28756.4,206
1784254200,28757.7,28763.5,28754.4,28761.4,216
1784254260,28761.8,28770.7,28759.4,28768.3,216
1784254320,28768,28774.7,28766.7,28772.2,228
1784254380,28770.5,28773.4,28762.5,28765.3,236
1784254440,28765.4,28767.2,28759.9,28762.8,232
1784254500,28762.9,28762.9,28755.9,28760,242
1784254560,28759.8,28766,28759.8,28765.4,228
1784254620,28765.7,28765.9,28757.8,28760.9,198
1784254680,28760.8,28760.9,28747.2,28750.8,216
1784254740,28750.9,28752.5,28746.8,28752.5,208
1784254800,28753,28753,28734.4,28734.4,224
1784254860,28733.5,28737.5,28732.4,28736.5,234
1784254920,28736.9,28738,28733.7,28737.2,202
1784254980,28737.7,28739.5,28732.2,28734,188
1784255040,28734.4,28742.4,28730.5,28734.9,218
1784255100,28734.7,28737.2,28731.7,28736.4,168
1784255160,28736,28736.4,28725.5,28727.4,196
1784255220,28728,28730,28722.4,28727.5,210
1784255280,28727.8,28743,28727.4,28741.5,194
1784255340,28741.2,28741.5,28733,28733,212
1784255400,28733.5,28733.9,28720.5,28723.4,216
1784255460,28722.7,28732,28721.3,28724.4,228
1784255520,28724.3,28729.3,28720.5,28727.7,216
1784255580,28727.4,28728.8,28720.3,28720.3,200
1784255640,28719.3,28721.8,28713.8,28717.7,210
1784255700,28717.9,28720.8,28715.8,28719.8,226
1784255760,28719.7,28727.2,28716.5,28720.5,216
1784255820,28720.4,28720.8,28707.7,28710.2,200
1784255880,28710.6,28718.7,28708,28713.5,218
1784255940,28713.4,28718.7,28712.2,28718.7,194
1784256000,28718.8,28730.2,28716.2,28729.3,226
1784256060,28728.5,28729.3,28720,28721.4,194
1784256120,28721.3,28722.9,28713.7,28714.3,182
1784256180,28713.8,28743.2,28713.8,28741.4,218
1784256240,28739.7,28740.5,28734.2,28738.8,188
1784256300,28739,28742.7,28729.4,28732,236
1784256360,28732.7,28733.5,28722.2,28729.7,208
1784256420,28730,28736.4,28726.5,28730.7,210
1784256480,28730.4,28731.3,28716.3,28716.3,222
1784256540,28714.7,28720,28714.3,28718.9,218
1784256600,28718.7,28720.7,28713.5,28713.8,196
1784256660,28713.7,28724.4,28712,28723.3,206
1784256720,28723.5,28723.5,28713.9,28714.7,186
1784256780,28714.5,28717.8,28711.6,28716,203
1784256840,28715.9,28719.3,28710.7,28710.7,186
1784256900,28710.5,28715,28708.2,28713,216
1784256960,28713.3,28720.5,28711.2,28720.5,180
1784257020,28719.8,28729.3,28716.4,28728.5,229
1784257080,28728.2,28736.8,28728.2,28735.4,186
1784257140,28735.5,28738.7,28724.9,28729,208
1784257200,28729.9,28739.8,28729.9,28731.4,236
1784257260,28731.3,28733.9,28720.4,28722.4,226
1784257320,28722.3,28730.8,28722.3,28730.8,180
1784257380,28730.3,28741.3,28730.3,28738.8,217
1784257440,28738.7,28750.4,28738.7,28742.7,208
1784257500,28742.8,28753.2,28742.2,28752,248
1784257560,28752.2,28758.3,28751.5,28756.2,241
1784257620,28756.5,28759.4,28753.6,28757.5,221
1784257680,28757,28758.7,28752.8,28757.2,232
1784257740,28756.8,28761.2,28754.4,28756.8,197
1784257800,28756.2,28758.5,28752.4,28758.4,206
1784257860,28758.9,28758.9,28752.5,28756.8,202
1784257920,28756.7,28760.4,28753.4,28758.2,204
1784257980,28758.3,28764.9,28756.3,28759.4,186
1784258040,28759,28760,28756.5,28759.4,188
1784258100,28759.5,28767.7,28759.3,28767.7,200
1784258160,28768.8,28772.5,28767.7,28769.5,214
1784258220,28770.3,28777.4,28770.3,28776.8,185
1784258280,28776.7,28783,28774.5,28781.5,175
1784258340,28781.7,28787.2,28780.4,28786.7,205
1784258400,28786.5,28793.2,28784.8,28791.2,203
1784258460,28792.2,28795.9,28790.3,28795.9,200
1784258520,28795.8,28820.9,28793.3,28820.9,206
1784258580,28821.3,28821.3,28808.8,28809.9,248
1784258640,28811,28812.5,28803.9,28803.9,210
1784258700,28804,28809.4,28803.7,28805.8,198
1784258760,28806.5,28817.2,28805.2,28817.2,218
1784258820,28817.7,28830.4,28816.9,28826.3,226
1784258880,28826.4,28827.7,28819.9,28821.2,222
1784258940,28820.7,28823.8,28816.8,28819.5,206
1784259000,28816.8,28821.3,28798.2,28800.9,248
1784259060,28801.5,28804,28792.7,28794.5,220
1784259120,28795,28795.9,28790.4,28794.8,222
1784259180,28794.2,28797.9,28785.7,28785.7,210
1784259240,28785.5,28787.5,28775.4,28780.5,214
1784259300,28781.8,28796.3,28778.2,28796.3,248
1784259360,28796.8,28799.8,28788.8,28792.3,242
1784259420,28792.2,28793.5,28781.3,28782.8,226
1784259480,28782.7,28784.5,28780,28783.8,192
1784259540,28784.7,28785,28773.8,28773.8,216
1784259600,28773.7,28774.5,28756.7,28760.8,236
1784259660,28760.7,28761.3,28757.2,28758.9,222
1784259720,28759.4,28766,28757.4,28763.8,224
1784259780,28763.2,28763.8,28748.5,28754,224
1784259840,28754.2,28761.5,28753.3,28760.5,220
1784259900,28761,28764.2,28751.7,28755.8,220
1784259960,28755.5,28758.7,28750.4,28750.4,198
1784260020,28749.5,28752.2,28744.5,28744.5,214
1784260080,28744.3,28745.2,28740.4,28741.4,212
1784260140,28742.9,28745.5,28739.9,28743.2,198
1784260200,28744,28744.4,28731.4,28733.7,206
1784260260,28734,28739.7,28733.8,28737.4,235
1784260320,28738.3,28743.7,28733.4,28734.9,220
1784260380,28735.4,28736.5,28728.8,28728.8,198
1784260440,28728.4,28735.9,28724.1,28726.7,224
1784260500,28726.5,28730.5,28722.4,28723.7,200
1784260560,28724.3,28727.9,28720.3,28726.3,216
1784260620,28726,28728,28721.3,28727.7,212
1784260680,28727.4,28728.2,28724,28727.4,218
1784260740,28727.3,28727.8,28715.7,28716.3,190
1784260800,28715.9,28717,28688.7,28698,260
1784260860,28697.7,28703.8,28689.5,28692,248
1784260920,28692.2,28692.2,28678.7,28683.2,252
1784260980,28682.5,28687,28676.4,28684.8,230
1784261040,28684.2,28690.2,28668.7,28668.7,228
1784261100,28668.5,28678.5,28667.7,28675.9,240
1784261160,28676.8,28683,28671.7,28671.7,236
1784261220,28672.3,28679.4,28661.4,28678.5,228
1784261280,28678.7,28682.4,28673.7,28677.2,236
1784261340,28677.4,28683.2,28666.8,28666.8,240
1784261400,28662.3,28666,28654.3,28657.3,238
1784261460,28658.3,28674.8,28656,28668.3,232
1784261520,28668.4,28673.7,28662,28670,206
1784261580,28669.7,28671.9,28651.9,28654.3,242
1784261640,28654.2,28659,28649,28654.8,216
1784261700,28655.4,28656.7,28647.7,28653.9,198
1784261760,28654.2,28660.2,28650.7,28658.5,188
1784261820,28658.8,28662.3,28648.2,28651,222
1784261880,28650.7,28655.4,28647.8,28654.4,176
1784261940,28654.7,28654.7,28640.1,28647.5,236
1784262000,28646.8,28664,28646.5,28662.9,232
1784262060,28662.7,28664,28634,28637.3,208
1784262120,28638.7,28645.7,28636.5,28640.8,218
1784262180,28640.7,28645.9,28638.8,28639,218
1784262240,28639.8,28640.9,28631.3,28633.3,204
1784262300,28633.2,28633.9,28624.7,28630.7,244
1784262360,28630,28633.5,28624.3,28628.2,230
1784262420,28627.7,28628.8,28612,28615.4,232
1784262480,28615.5,28623.2,28610.5,28617.4,228
1784262540,28618.2,28618.2,28608.3,28614.4,232
1784262600,28613.3,28627.9,28603.3,28608.8,272
1784262660,28608.2,28613.5,28604.2,28611.5,232
1784262720,28611.9,28614.2,28604.3,28607.5,214
1784262780,28607.3,28608,28597.2,28600.3,224
1784262840,28599.8,28600.4,28589.8,28594.8,238
1784262900,28595.4,28602.4,28587.4,28600.8,250
1784262960,28599.9,28606.8,28593.8,28593.8,254
1784263020,28594.2,28600.3,28591.4,28594.5,246
1784263080,28593.7,28594.8,28578.5,28588.5,242
1784263140,28589,28603.4,28588.7,28602.9,242
1784263200,28602.7,28602.8,28591.5,28596,254
1784263260,28596.2,28608.4,28589.2,28597,236
1784263320,28596.9,28614.2,28595.9,28613.4,264
1784263380,28614.3,28622,28613.8,28619.4,244
1784263440,28617.5,28621.5,28610.7,28614.9,262
1784263500,28617,28623.7,28615.4,28621.8,258
1784263560,28621.3,28632.5,28621.2,28631.2,256
1784263620,28631.3,28631.3,28623.5,28629.2,250
1784263680,28628.9,28640.2,28624.7,28639.9,242
1784263740,28638.9,28639.9,28628.4,28629,234
1784263800,28629.2,28636.7,28626.5,28630.5,246
1784263860,28629.9,28636.5,28625.9,28627.5,224
1784263920,28627.7,28641.8,28627.7,28641.5,224
1784263980,28641.7,28642.5,28632.3,28634.3,232
1784264040,28634.4,28644.4,28634.4,28643.5,212
1784264100,28643.4,28645.5,28639,28642.8,240
1784264160,28643.5,28643.5,28636.5,28638.5,228
1784264220,28638,28639.8,28619.3,28619.8,228
1784264280,28618.7,28623,28612.2,28622.4,232
1784264340,28622.3,28622.3,28610.5,28610.5,212
1784264400,28613.4,28613.4,28601.2,28602.9,252
1784264460,28603.4,28612,28596.4,28597.3,254
1784264520,28596.3,28600.3,28592.5,28596.8,242
1784264580,28597.8,28612.2,28596.2,28611.8,254
1784264640,28611.3,28624.7,28609.5,28621.8,260
1784264700,28622.5,28623.3,28600.3,28601,258
1784264760,28600.7,28604,28594.5,28599.7,248
1784264820,28599.8,28602.3,28594.7,28600.2,230
1784264880,28600.7,28605.5,28596.2,28603.4,238
1784264940,28603.8,28612.9,28599.3,28610.4,248
1784265000,28609.4,28619.2,28608.2,28611.9,238
1784265060,28612.7,28613.3,28600.5,28601.4,258
1784265120,28601.3,28606,28594.9,28599.2,246
1784265180,28597.9,28613.5,28594,28612.2,246
1784265240,28613.3,28617.7,28606.2,28607.3,232
1784265300,28607.7,28611.5,28598,28599.4,240
1784265360,28599.2,28616.3,28593.5,28616,260
1784265420,28616.5,28626,28615.5,28623.4,268
1784265480,28624,28626.2,28612.3,28613.5,232
1784265540,28614.7,28622.3,28614.4,28615.3,222
1784265600,28615.4,28616.4,28598.4,28599.2,234
1784265660,28598.9,28605.4,28596,28601.4,248
1784265720,28601.3,28605.9,28594.2,28602.9,222
1784265780,28602.8,28608.7,28595,28606.3,234
1784265840,28604.7,28604.8,28594.5,28595.3,232
1784265900,28595.8,28600.3,28588.8,28598.9,262
1784265960,28598.3,28601.2,28592.8,28597.3,238
1784266020,28597.8,28598.3,28591.2,28593.3,208
1784266080,28593.4,28606.7,28592.2,28598.5,252
1784266140,28598.3,28604.4,28593,28595.7,262
1784266200,28596.4,28615.9,28595.9,28602.9,260
1784266260,28602.7,28608.7,28593.7,28599.6,257
1784266320,28599.1,28601.6,28592.9,28594.7,260
1784266380,28595.2,28599,28586.8,28589.8,252
1784266440,28588.8,28588.9,28566.9,28577.4,250
1784266500,28578,28588.3,28566.8,28566.8,262
1784266560,28565.7,28568.7,28559.5,28567.2,248
1784266620,28567.5,28569.8,28546.4,28549.8,256
1784266680,28550.3,28556.4,28546.7,28550.8,236
1784266740,28550.9,28552.4,28546.3,28548.5,224
1784266800,28549.2,28554,28541,28545.9,246
1784266860,28546.3,28549.8,28539.7,28545.9,258
1784266920,28545.8,28555,28542,28554,266
1784266980,28554.3,28559,28532,28535.9,242
1784267040,28537.3,28563.7,28536.3,28563.5,254
1784267100,28563,28565.9,28546,28547.5,248
1784267160,28547.3,28556,28545.8,28553.7,240
1784267220,28552.5,28561.3,28544.3,28548.5,248
1784267280,28548,28566.5,28547.3,28566.5,236
1784267340,28566.2,28578.3,28565.4,28569.3,256
1784267400,28569,28572.8,28565.8,28569.3,258
1784267460,28569.5,28572.8,28553.8,28554.3,232
1784267520,28554.7,28558.5,28545.5,28551.8,262
1784267580,28552.5,28559.7,28551,28555.9,248
1784267640,28555.5,28564.3,28551.3,28564,238
1784267700,28564.2,28568.3,28548.8,28556.4,248
1784267760,28556,28559.2,28542.8,28547.8,258
1784267820,28547.3,28550.7,28538.5,28546.4,240
1784267880,28546.2,28552.2,28541.4,28552.2,212
1784267940,28554.2,28562.5,28552.2,28560.5,212
1784268000,28564,28573.4,28557.9,28567.2,258
1784268060,28565.8,28570.4,28549,28551.7,242
1784268120,28553.3,28568.7,28551.7,28568.5,236
1784268180,28567.7,28577.9,28567.7,28574.3,240
1784268240,28574.7,28578.4,28566,28568.2,240
1784268300,28569.9,28577.7,28569.4,28574,236
1784268360,28573.7,28574.2,28552.7,28554.5,228
1784268420,28554.4,28555,28538.9,28540.3,252
1784268480,28540.8,28544.5,28530,28536.9,248
1784268540,28536.5,28542.4,28535.7,28537.2,242
1784268600,28537.3,28550.9,28532.4,28548.3,246
1784268660,28548.7,28564,28548.7,28557.8,244
1784268720,28559,28568.7,28558.8,28564.4,232
1784268780,28565.2,28568.8,28563.5,28567,214
1784268840,28565.8,28572.5,28561.8,28562.8,234
1784268900,28561.3,28570.3,28555,28569.8,238
1784268960,28569.9,28577.9,28566.8,28577.9,220
1784269020,28577.4,28578.5,28570.9,28577.7,196
1784269080,28577.9,28578.4,28571.2,28572.4,222
1784269140,28572,28578.3,28572,28577.2,204
1784269200,28577.5,28592.9,28577,28592.4,240
1784269260,28593.4,28603.4,28593.4,28601.2,230
1784269320,28600,28602.3,28592.2,28600.9,214
1784269380,28601.7,28612.9,28598.5,28603.2,230
1784269440,28604.4,28615.2,28602.7,28613.8,230
1784269500,28615,28628.7,28615,28617.3,244
1784269560,28617,28624.3,28614,28623.5,216
1784269620,28623.9,28628.7,28622,28625.8,210
1784269680,28625.7,28629.3,28619.3,28624,216
1784269740,28623.9,28627.3,28616.7,28620.3,244
1784269800,28617.2,28628.4,28611.3,28625.5,254
1784269860,28626.2,28629.3,28620.4,28628.7,238
1784269920,28628.5,28628.5,28614.5,28620.3,224
1784269980,28620.5,28625.8,28617.5,28624.2,222
1784270040,28624,28626.8,28619.5,28621.7,210
1784270100,28620.8,28621.3,28609.9,28610.5,208
1784270160,28610.3,28617.9,28610.3,28614,230
1784270220,28613.9,28614.3,28593.3,28593.3,226
1784270280,28593.5,28594,28584.3,28589.9,228
1784270340,28589.5,28595,28579.3,28579.4,214
1784270400,28579.7,28587.7,28577.7,28582.4,206
1784270460,28582.9,28584.2,28571.2,28577.4,226
1784270520,28577.7,28581,28574.8,28575.4,198
1784270580,28575.3,28577.8,28567.4,28568.5,204
1784270640,28568.4,28580.9,28568.4,28579.7,212
1784270700,28579,28579,28568.2,28571.8,222
1784270760,28572,28573.5,28547.5,28551.5,212
1784270820,28551.3,28555.3,28549.8,28552,230
1784270880,28550.8,28567.4,28547,28566.4,210
1784270940,28565.8,28565.9,28554.2,28556.7,212
1784271000,28556.2,28557.7,28545.5,28555.7,214
1784271060,28555.4,28556.4,28543.8,28550.5,222
1784271120,28550.2,28559.2,28547.8,28558.7,194
1784271180,28558.4,28559.4,28540.2,28541.8,220
1784271240,28541.7,28551.7,28541.7,28550.3,196
1784271300,28551.3,28555,28548.4,28554,200
1784271360,28555,28556,28543.2,28543.9,210
1784271420,28544.3,28546.7,28537.3,28542.3,208
1784271480,28542.4,28548.8,28539.5,28546.9,216
1784271540,28546.7,28550.5,28542.2,28548.3,200
1784271600,28550.9,28550.9,28534.7,28543.2,288
1784271660,28542.7,28551.9,28534.2,28551.4,276
1784271720,28551.2,28568.9,28551.2,28563.7,264
1784271780,28563.8,28563.8,28551.3,28557.5,268
1784271840,28557.8,28571.8,28557.8,28570.4,254
1784271900,28567.2,28570.2,28562.3,28567.3,232
1784271960,28567.2,28569,28549.3,28554.8,254
1784272020,28555.4,28563.8,28541.2,28545.2,260
1784272080,28545,28554.4,28541.5,28542.2,242
1784272140,28541.5,28543.3,28533.7,28539.3,244
1784272200,28539,28541,28528.5,28532,262
1784272260,28532.5,28540,28528.5,28538.5,228
1784272320,28538.7,28548.5,28534,28548,244
1784272380,28547.5,28551.2,28529.3,28536.9,248
1784272440,28537.2,28556.7,28537.2,28556.7,246
1784272500,28556.5,28569.2,28556.5,28558.4,254
1784272560,28557.7,28562.7,28547.4,28560.8,222
1784272620,28560.5,28563.3,28554.5,28559.3,212
1784272680,28558.5,28560.9,28550,28558,238
1784272740,28561,28563.9,28553.3,28562,208
1784272800,28561.8,28561.8,28549.9,28553,230
1784272860,28548.4,28548.4,28532.3,28534.8,236
1784272920,28534.7,28535.9,28525.2,28533.4,216
1784272980,28532.5,28540.4,28527.7,28529.2,214
1784273040,28529.4,28530.3,28522.5,28526.3,230
1784273100,28526.4,28534,28518.9,28525.9,254
1784273160,28525.8,28549.8,28525.8,28549.7,244
1784273220,28549.9,28557.3,28549.8,28552.7,240
1784273280,28552.3,28554.7,28547.7,28550.2,226
1784273340,28549.9,28555.8,28548.4,28552,224
1784273400,28552.5,28560.8,28547.9,28557.9,228
1784273460,28558.2,28563.3,28553.8,28559.2,234
1784273520,28558.9,28562.9,28554.7,28555.5,230
1784273580,28555.4,28555.7,28536.4,28540,246
1784273640,28540.8,28541.2,28530.7,28530.9,224
1784273700,28530.4,28530.4,28520.4,28522.5,216
1784273760,28521.8,28528.4,28515.7,28523.3,240
1784273820,28524,28529.7,28513.7,28521.9,236
1784273880,28522.5,28528.4,28520.3,28522.7,238
1784273940,28522.4,28525.2,28519,28525.2,196
1784274000,28524.8,28534.4,28516.8,28516.8,232
1784274060,28517.8,28519.7,28510.2,28512.2,218
1784274120,28512.2,28513.4,28507.9,28508.4,211
1784274180,28508.8,28524.3,28507.2,28521.5,220
1784274240,28521.8,28530.2,28516.3,28520.4,218
1784274300,28519.8,28521.7,28497.4,28502.3,228
1784274360,28500.9,28506.3,28494.5,28501.3,234
1784274420,28501.5,28509.9,28496,28509.5,246
1784274480,28509.7,28516,28499.7,28504,222
1784274540,28504.2,28516.3,28499.3,28512.4,228
1784274600,28512.9,28515.5,28508.5,28511.4,232
1784274660,28510.9,28517.4,28504.5,28506.2,222
1784274720,28506.4,28512.2,28502.9,28510.2,220
1784274780,28509.2,28519,28502.7,28506.5,230
1784274840,28507,28516.9,28505.9,28508.2,198
1784274900,28507.5,28517.5,28502.9,28517.5,210
1784274960,28516.7,28526.3,28505.5,28505.9,240
1784275020,28506.3,28510,28493.4,28493.4,228
1784275080,28494.8,28502.4,28490.5,28497.4,250
1784275140,28496.7,28497.7,28489.4,28491.5,218
1784275200,28502.7,28508,28485.7,28503.9,280
1784275260,28504.3,28518.2,28502.8,28515,294
1784275320,28514.7,28533.7,28514.2,28532.9,270
1784275380,28533,28535.5,28507.9,28509.4,274
1784275440,28508.5,28528.8,28499.3,28525.2,272
1784275500,28526.3,28538.9,28524.3,28530.8,264
1784275560,28530.5,28539,28523.7,28526.5,266
1784275620,28527.3,28527.5,28508.2,28511.2,266
1784275680,28509.7,28514.5,28503.2,28505.9,246
1784275740,28506,28519.2,28499.5,28514.4,270
1784275800,28513,28513.5,28477.4,28482.9,274
1784275860,28483,28484.9,28472.8,28476.4,274
1784275920,28477.8,28482.4,28474.8,28480.8,262
1784275980,28480.9,28485.5,28475,28484.2,270
1784276040,28483.5,28486.7,28478.4,28481.3,256
1784276100,28482.3,28484,28466.5,28466.5,278
1784276160,28465.5,28465.5,28417.2,28418.2,302
1784276220,28423.4,28424.4,28393,28396.3,290
1784276280,28395.9,28416,28391.5,28408.5,282
1784276340,28408.4,28408.9,28386.4,28395.7,258
1784276400,28395.3,28398.9,28385.2,28392.2,284
1784276460,28391.7,28404.7,28387.7,28399.2,268
1784276520,28398.8,28404.5,28389.5,28397.9,268
1784276580,28398.9,28418.8,28394.7,28418.7,272
1784276640,28417.2,28419,28394.8,28404.7,278
1784276700,28404.4,28412.4,28395.9,28395.9,256
1784276760,28395.8,28409.7,28383.2,28409.7,266
1784276820,28410.2,28427.8,28410.2,28418.4,262
1784276880,28418.8,28436,28418.3,28432,250
1784276940,28432.7,28433.7,28412.4,28413.5,238
1784277000,28415,28421.4,28408.9,28411.7,244
1784277060,28412,28414.4,28389.8,28391.2,256
1784277120,28388.8,28392.9,28386,28386.8,256
1784277180,28387.2,28391.8,28383.4,28386.4,252
1784277240,28386.2,28394.2,28382.4,28386.7,226
1784277300,28386.5,28394.4,28384.4,28389.5,244
1784277360,28388.7,28394.7,28387.4,28393.5,244
1784277420,28393.7,28393.8,28382.8,28389,236
1784277480,28388.9,28391,28368.8,28372.9,250
1784277540,28370.7,28377,28369.7,28375.3,248
1784277600,28376.7,28380,28371.3,28378.4,248
1784277660,28378.5,28383.5,28372.4,28378.9,248
1784277720,28378,28378,28362,28375.4,252
1784277780,28374,28383.5,28365.7,28379.9,238
1784277840,28379.8,28395.4,28379.8,28390.5,254
1784277900,28390.7,28407.5,28386.5,28405.5,256
1784277960,28405.7,28410.2,28403.8,28409.4,236
1784278020,28409.9,28416.8,28402.3,28413.7,236
1784278080,28415.4,28419.9,28409.7,28414.7,250
1784278140,28414.2,28414.2,28395.5,28398.2,254
1784278200,28399,28411.5,28397.7,28405,234
1784278260,28404.9,28411.8,28398,28408.5,218
1784278320,28409.5,28411.3,28397.9,28397.9,226
1784278380,28398.8,28420.2,28396.7,28420.2,230
1784278440,28421.3,28436.9,28421.3,28430.5,252
1784278500,28430.8,28445.3,28428.2,28442,220
1784278560,28442.5,28448.3,28440.8,28446,250
1784278620,28445.9,28452.2,28440.4,28452.2,242
1784278680,28452,28464.5,28437.4,28437.4,238
1784278740,28437.8,28440.9,28429.5,28434,250
1784278800,28433,28437.7,28423.9,28437.3,256
1784278860,28438.4,28445,28424.9,28435.7,262
1784278920,28435.5,28439.4,28427.3,28429.9,224
1784278980,28429,28444,28429,28441.8,234
1784279040,28440.8,28444,28435.3,28443.5,250
1784279100,28443.7,28444.2,28432.5,28434.4,234
1784279160,28434.5,28441.5,28432.9,28433.5,218
1784279220,28433.7,28449.9,28429.2,28441.8,250
1784279280,28441.2,28449.2,28435.3,28448.2,232
1784279340,28448.3,28455.3,28445.8,28454.5,224
1784279400,28454.4,28454.4,28447.4,28452.4,219
1784279460,28451.9,28456.5,28444,28446.9,226
1784279520,28446.8,28454.4,28444.7,28451.3,236
1784279580,28451.9,28469.8,28450.7,28463.7,240
1784279640,28464.3,28480.7,28464.3,28477.4,244
1784279700,28477.2,28477.8,28454.9,28458.7,236
1784279760,28458.8,28463.3,28455.5,28461.3,218
1784279820,28458,28458,28446.3,28447.5,242
1784279880,28447,28449.3,28437.5,28439.9,236
1784279940,28440,28447.2,28435,28442.9,216
1784280000,28444.4,28455.8,28443.5,28455.8,236
1784280060,28455.4,28460.8,28449.9,28452.7,232
1784280120,28452.8,28453.8,28441,28442.8,220
1784280180,28443.4,28463.3,28438.5,28462.9,230
1784280240,28463.4,28472.7,28463.4,28472.7,238
1784280300,28473.8,28481.7,28472,28478,224
1784280360,28478.2,28489.5,28478.2,28489.5,256
1784280420,28490,28492.8,28486.2,28489.5,242
1784280480,28489,28494.7,28485.9,28494.7,206
1784280540,28493.3,28494.8,28487.3,28494,206
1784280600,28494.9,28496.9,28481.5,28487,222
1784280660,28486.9,28498.8,28483.3,28483.3,230
1784280720,28483.2,28483.2,28473,28476.3,226
1784280780,28476.2,28476.7,28469.7,28470,232
1784280840,28469.9,28474.9,28467.5,28469.9,204
1784280900,28470.8,28490.9,28469.2,28487,240
1784280960,28487.2,28490.8,28481.7,28482.8,224
1784281020,28482.5,28485,28474.7,28479.2,224
1784281080,28478.9,28490.8,28477.7,28488.5,224
1784281140,28489.7,28520,28487.9,28511.7,238
1784281200,28511.8,28512.8,28499.5,28504.2,250
1784281260,28504,28505.3,28488.9,28490.3,214
1784281320,28489.9,28498.3,28487.3,28493.2,228
1784281380,28492.5,28500.5,28489.4,28496.8,226
1784281440,28495.9,28496,28484.2,28490.5,212
1784281500,28490,28504.8,28489.4,28491.5,236
1784281560,28491.8,28502.8,28490.4,28497.9,242
1784281620,28497.5,28512.3,28496.9,28508.2,220
1784281680,28508.7,28517.2,28504.7,28508.2,218
1784281740,28507.7,28509.4,28495.5,28495.5,236
1784281800,28495.8,28523,28495.8,28514.4,264
1784281860,28515,28522.9,28509.3,28515.5,244
1784281920,28514.3,28520,28510.7,28519.7,220
1784281980,28518.9,28531.9,28518.9,28520.7,224
1784282040,28521,28528.5,28519,28519.8,212
1784282100,28519.4,28519.5,28504.4,28504.4,240
1784282160,28504.5,28510.4,28502.5,28505.4,210
1784282220,28505,28512,28503.5,28511.7,210
1784282280,28510.8,28517,28507.3,28514,228
1784282340,28513.9,28517.3,28509.8,28515.8,224
1784282400,28518.7,28525.4,28508.2,28523.5,258
1784282460,28524.3,28533,28524.3,28529,250
1784282520,28530,28532.4,28511.7,28512.2,220
1784282580,28511.8,28512.8,28498.3,28508.3,240
1784282640,28508,28520.5,28502.7,28517.9,208
1784282700,28517.5,28536,28516.8,28533.2,234
1784282760,28532.9,28542,28531.9,28534.5,260
1784282820,28534.9,28543.3,28530.8,28534,242
1784282880,28535.2,28543.8,28533.4,28537.4,242
1784282940,28538.2,28547.2,28531.9,28546.3,258
1784283000,28545.3,28548.9,28531.3,28548.7,228
1784283060,28549.3,28561.2,28545,28550.5,236
1784283120,28548.4,28548.5,28532.5,28542.2,248
1784283180,28542.5,28553,28537.9,28551,236
1784283240,28550.8,28576.4,28550.2,28572.3,242
1784283300,28572.7,28588.9,28571.8,28579.7,242
1784283360,28579,28591.7,28579,28588.5,246
1784283420,28588.7,28590.9,28580.4,28584.5,238
1784283480,28585.4,28585.4,28570.5,28575,224
1784283540,28573.8,28573.8,28559.5,28564.5,240
1784283600,28564.2,28568.9,28557.4,28562.5,232
1784283660,28561.8,28564,28541.5,28544.3,254
1784283720,28543.8,28552.3,28529.8,28550.9,250
1784283780,28551.5,28556.9,28545.7,28556.9,242
1784283840,28555.4,28566,28549.8,28549.8,220
1784283900,28549.7,28556.5,28546,28546.9,218
1784283960,28547.3,28557.5,28539.4,28554.5,202
1784284020,28554.8,28567.5,28550.5,28562.8,234
1784284080,28562.2,28570.5,28558.3,28570,216
1784284140,28569.7,28580.8,28567.7,28578.2,226
1784284200,28577.7,28584.3,28574,28583,236
1784284260,28582,28584,28575.4,28575.4,206
1784284320,28575,28579.3,28568.8,28575,214
1784284380,28575.3,28590.4,28572.3,28588.7,232
1784284440,28588.2,28596.5,28585.9,28596.5,200
1784284500,28594.8,28607.2,28593.9,28602,234
1784284560,28601.7,28610.7,28597.9,28607.8,214
1784284620,28607.5,28607.5,28597.4,28600.9,224
1784284680,28602.2,28612.2,28596.7,28612.2,210
1784284740,28611.8,28626,28610.4,28623.8,232
1784284800,28622.7,28623.3,28618.7,28620.4,220
1784284860,28620.7,28629.5,28618,28621,244
1784284920,28621.3,28622.3,28604.3,28606.4,226
1784284980,28606.5,28615,28604.7,28610.9,224
1784285040,28612.7,28618.5,28600,28605.4,200
1784285100,28605.9,28610.9,28595.4,28605.9,230
1784285160,28605.4,28611.9,28603.2,28608.3,216
1784285220,28607,28614.7,28604.8,28614.2,214
1784285280,28614.3,28619.5,28603.3,28606.4,228
1784285340,28606.5,28607.2,28602.2,28603.5,216
1784285400,28603,28605.4,28595.9,28600.8,224
1784285460,28600.7,28603.4,28596.5,28597.2,228
1784285520,28597.3,28601.5,28593.2,28596.3,200
1784285580,28596.4,28604.9,28594.8,28600,212
1784285640,28600.3,28608.8,28598.8,28598.9,192
1784285700,28598.8,28603.4,28589.7,28593.7,216
1784285760,28593.5,28606.9,28593.5,28602.7,222
1784285820,28603.8,28607.3,28586.5,28586.5,244
1784285880,28586.7,28589.9,28582.3,28587.8,208
1784285940,28585.8,28595,28584.2,28588.8,228
1784286000,28600.7,28609.5,28578.7,28608.3,264
1784286060,28607.7,28612.7,28606.3,28606.9,258
1784286120,28607.2,28610.3,28598,28600.4,238
1784286180,28600.8,28601.4,28575.8,28578.2,252
1784286240,28577.4,28577.7,28567,28567,246
1784286300,28566.4,28585.9,28566.2,28584.7,246
1784286360,28585,28586.5,28573.5,28574.6,241
1784286420,28575,28579.2,28562,28562.2,234
1784286480,28562.7,28570.3,28555.3,28556.9,240
1784286540,28558.4,28559.9,28554.9,28557.9,230
1784286600,28557.7,28565.8,28556.8,28565.8,226
1784286660,28565.2,28584.7,28563.9,28582.2,236
1784286720,28581.8,28581.8,28573.7,28576,214
1784286780,28575.9,28575.9,28566,28569.5,204
1784286840,28568.8,28571,28560,28563.2,208
1784286900,28563.9,28565.8,28559.9,28564.3,206
1784286960,28564.2,28564.2,28555.2,28555.9,200
1784287020,28555.3,28556.7,28548.5,28551.5,212
1784287080,28551.9,28560.7,28545.4,28554.5,244
1784287140,28554,28558.8,28546.3,28547.5,220
1784287200,28547,28548.9,28534,28534.9,256
1784287260,28534.4,28545.9,28534,28541.9,242
1784287320,28541,28554,28537.2,28552.9,216
1784287380,28553.2,28554.8,28544.4,28544.4,208
1784287440,28544.2,28550.3,28539.3,28550.2,212
1784287500,28549.9,28556.8,28549.8,28554.7,228
1784287560,28554.9,28571.3,28553.9,28569,228
1784287620,28569.2,28572.4,28555.8,28558,232
1784287680,28558.4,28560.3,28554,28555.7,188
1784287740,28555.4,28565.5,28552.3,28565.5,220
1784287800,28568.8,28569.2,28552.9,28552.9,222
1784287860,28550.9,28558,28548.3,28548.7,224
1784287920,28550.2,28560,28550.2,28552.4,230
1784287980,28551.2,28556.8,28543.8,28555.4,236
1784288040,28555.3,28560.2,28551.8,28553.9,218
1784288100,28554.2,28564,28554,28562.3,228
1784288160,28562.8,28566.8,28558.9,28563.3,212
1784288220,28563.4,28564.5,28556.4,28561.5,220
1784288280,28561.4,28564.4,28558.7,28558.8,202
1784288340,28558,28560.2,28553,28553.8,208
1784288400,28554.3,28561.5,28552.7,28556,222
1784288460,28556.2,28557,28545.4,28548.3,228
1784288520,28548.8,28556.3,28536.7,28536.7,222
1784288580,28536,28536.9,28523.7,28533.3,246
1784288640,28534,28538.2,28532.4,28534.3,214
1784288700,28533.8,28538.9,28532.9,28534.2,238
1784288760,28533.5,28533.5,28523.9,28531.5,212
1784288820,28532,28539,28527,28536.3,212
1784288880,28534.7,28552.5,28534.7,28550.7,214
1784288940,28551.8,28553.8,28546.2,28549,202
1784289000,28549.2,28549.2,28542.2,28547.5,206
1784289060,28547.9,28547.9,28531.2,28539.8,210
1784289120,28541.2,28548,28541.2,28547.8,226
1784289180,28547.2,28550.7,28543.9,28550.7,238
1784289240,28549,28564.8,28547.9,28562.3,244
1784289300,28562.5,28565.2,28552.3,28552.9,222
1784289360,28552.8,28556.9,28543.4,28543.5,214
1784289420,28544.5,28547.5,28541.2,28543.9,226
1784289480,28544.4,28552.4,28544.2,28550.9,218
1784289540,28550.7,28552.8,28543.7,28545,198
1784289600,28545.9,28550,28541.7,28544.5,222
1784289660,28545.7,28546.9,28528.4,28528.7,236
1784289720,28529.3,28530.5,28522.2,28523.4,230
1784289780,28524.7,28525.9,28505.3,28509.7,244
1784289840,28509,28510.7,28500.4,28504,236
1784289900,28503.2,28506.7,28494.4,28496.3,248
1784289960,28496.4,28500.7,28488.8,28494,248
1784290020,28494.2,28499.7,28489.2,28490.8,226
1784290080,28491.2,28501.7,28487.9,28501.4,228
1784290140,28501.9,28503.3,28488.2,28490.4,228
1784290200,28489.7,28500.4,28487.4,28491.2,240
1784290260,28491.9,28494.4,28481.2,28484.7,244
1784290320,28484.8,28494.3,28480.8,28493,228
1784290380,28493.8,28495.2,28480.8,28481.5,220
1784290440,28482.5,28488.8,28482.2,28488.8,222
1784290500,28488.5,28493.9,28484.9,28485.9,198
1784290560,28484.9,28486,28479,28485.2,232
1784290620,28485.5,28493.5,28484.9,28485.8,222
1784290680,28486,28493.9,28481.3,28481.7,250
1784290740,28481.8,28487.5,28477.8,28480.7,222
1784290800,28480.4,28484,28476.5,28481.9,238
1784290860,28482.9,28493.7,28480,28489.3,236
1784290920,28488.3,28488.8,28482.5,28487.7,244
1784290980,28486.8,28498.5,28485,28497.8,224
1784291040,28498.8,28500.7,28490.7,28492.7,224
1784291100,28491.7,28497.4,28488.5,28489.8,242
1784291160,28490,28490,28473.8,28475.5,242
1784291220,28474.8,28474.8,28467.4,28468.4,242
1784291280,28468.3,28481.3,28468.3,28476.8,228
1784291340,28476.7,28480.9,28474,28480.4,202
1784291400,28479.8,28479.9,28466.8,28478.4,238
1784291460,28479,28479,28467.5,28472.4,260
1784291520,28472.7,28482.5,28467.2,28474.9,240
1784291580,28474.8,28483.8,28469.7,28483.3,258
1784291640,28483.2,28484,28471,28474.5,240
1784291700,28474.4,28475.4,28467.4,28474.7,224
1784291760,28475,28487.5,28472.8,28485.2,244
1784291820,28485.5,28485.5,28470.3,28473.4,218
1784291880,28473,28478.8,28472.3,28474.2,218
1784291940,28474,28482,28471.4,28478.4,198
1784292000,28478.2,28481.9,28463.3,28466.3,244
1784292060,28466.4,28469,28461.2,28462.5,230
1784292120,28462,28464.8,28456.3,28464.8,240
1784292180,28464.9,28470.3,28459,28469.8,244
1784292240,28469.3,28485,28466.4,28479.5,242
1784292300,28479.3,28483.5,28473.7,28482.9,230
1784292360,28483.8,28495.2,28475.9,28488.7,232
1784292420,28490.9,28493.8,28482.2,28482.4,264
1784292480,28483,28483.4,28471,28471,260
1784292540,28472.9,28476.7,28456.7,28456.7,256
1784292600,28455.7,28459.8,28452.3,28459,238
1784292660,28459.3,28465.5,28457.9,28462.7,236
1784292720,28463.4,28466.3,28457,28463.8,218
1784292780,28463.7,28476.7,28460,28476,194
1784292840,28475.7,28477,28470.5,28477,244
1784292900,28477.5,28478.8,28464.9,28475.5,240
1784292960,28474.5,28490.5,28472.5,28487.8,224
1784293020,28488.8,28489.3,28482.5,28486.4,198
1784293080,28485.5,28486.3,28469,28472.3,234
1784293140,28473.9,28474.7,28468,28469.8,228
1784293200,28468.5,28469.8,28450,28459.9,278
1784293260,28461.5,28461.5,28441.5,28449.5,280
1784293320,28449.9,28451.8,28440.4,28445.8,284
1784293380,28444.9,28451,28443.8,28447.5,244
1784293440,28446.5,28451.8,28443.5,28449.2,268
1784293500,28448.9,28453.8,28444.8,28445.8,270
1784293560,28445.7,28455.8,28438.7,28439.7,268
1784293620,28440.2,28442,28433.8,28436.4,276
1784293680,28437.4,28442.9,28432.2,28434,254
1784293740,28434.2,28435.3,28430.9,28432.5,236
1784293800,28432,28439.9,28428.7,28433.5,258
1784293860,28434,28436.5,28428.3,28430.5,268
1784293920,28430.3,28434.4,28426.8,28430,244
1784293980,28429.9,28432.4,28425.3,28429,242
1784294040,28429.4,28429.9,28424.5,28427,206
1784294100,28425.4,28433.4,28422.4,28424.7,258
1784294160,28426.9,28436,28424.3,28425.3,238
1784294220,28425,28435.2,28422,28433,248
1784294280,28433.5,28440,28429,28432.3,262
1784294340,28434,28435.2,28416.9,28419.2,262
1784294400,28418.7,28429.8,28417.3,28429.7,268
1784294460,28428.9,28433.8,28420.8,28420.9,254
1784294520,28421.2,28423.8,28412.9,28415.9,262
1784294580,28416.4,28417.3,28408.3,28412.5,262
1784294640,28411.2,28411.2,28401.7,28403.7,238
1784294700,28418.9,28445.7,28414.2,28445.3,288
1784294760,28444.9,28448.9,28436.7,28441.3,274
1784294820,28438,28450.9,28394.7,28404.4,288
1784294880,28404.5,28422.9,28401.9,28414.3,296
1784294940,28414.5,28414.5,28386.4,28411.9,304
1784295000,28411.8,28463.2,28411.8,28450.2,314
1784295060,28451,28484,28449.6,28483.5,306
1784295120,28483.8,28487.7,28428.5,28434.3,318
1784295180,28437,28443.7,28376.1,28381.5,314
1784295240,28376.8,28379.5,28346,28358.3,314
1784295300,28358.5,28373.5,28335.7,28343.3,318
1784295360,28346.6,28374.3,28320.5,28330.7,316
1784295420,28329,28337.6,28306.8,28314.6,310
1784295480,28312.8,28316.6,28283.2,28284.8,314
1784295540,28285.3,28292.7,28263.6,28267.8,318
1784295600,28269.1,28308.7,28265.2,28281.7,306
1784295660,28281.2,28315.7,28275.3,28283.6,320
1784295720,28282.8,28285.3,28240.6,28240.6,308
1784295780,28239.8,28248.6,28222.8,28226.6,306
1784295840,28226.5,28253.1,28214.2,28225,316
1784295900,28222.8,28264.3,28217.2,28251.5,306
1784295960,28254.1,28281,28244.6,28246.6,320
1784296020,28242.5,28292.1,28227.8,28290.7,316
1784296080,28289,28320.6,28287.2,28309.6,318
1784296140,28310.3,28321.5,28280.1,28303.6,314
1784296200,28303.7,28340.8,28291.5,28326.3,310
1784296260,28326.5,28347.6,28321.6,28329,308
1784296320,28328.6,28374,28322.7,28356.6,312
1784296380,28355.7,28396.3,28355.2,28392.2,314
1784296440,28394.1,28416,28390.1,28406.6,322
1784296500,28404.6,28435.3,28383.8,28417.6,310
1784296560,28417.1,28443,28408.1,28426.8,310
1784296620,28428.1,28459.8,28416.1,28451.3,304
1784296680,28451.1,28479.8,28451.1,28476.7,300
1784296740,28474.8,28484.7,28465.8,28480.7,310
1784296800,28482.3,28542.6,28471.7,28541.3,318
1784296860,28536.8,28551,28524.5,28526.3,314
1784296920,28527.3,28571,28523.3,28566.8,318
1784296980,28564.3,28587.2,28550.8,28553.2,318
1784297040,28550.2,28565.2,28516.7,28519.7,302
1784297100,28524.1,28585.5,28524.1,28572.6,316
1784297160,28571,28616.7,28568.7,28604.1,314
1784297220,28605.2,28609.3,28589.8,28597.8,312
1784297280,28599.3,28616.5,28588.1,28603.8,316
1784297340,28602.3,28620,28591.6,28613.2,312
1784297400,28614.3,28666.1,28610.3,28663.8,310
1784297460,28662.8,28662.8,28641,28649.8,304
1784297520,28650.7,28653.6,28610.2,28618.3,318
1784297580,28619.8,28638.7,28601,28615.6,310
1784297640,28614.1,28617.3,28589.3,28608.6,316
1784297700,28613.1,28655.1,28585.2,28651,308
1784297760,28648.1,28655.6,28624.2,28655.6,314
1784297820,28653.3,28689.7,28653.3,28660.8,316
1784297880,28659.3,28667.7,28645.3,28660.7,311
1784297940,28660.5,28673.3,28647.7,28655.3,322
1784298000,28654.7,28668.6,28636.2,28636.2,314
1784298060,28632.7,28661.6,28622.6,28658.6,300
1784298120,28659.3,28674.6,28629,28649,302
1784298180,28647.1,28661.6,28626,28643.7,322
1784298240,28646.8,28682.7,28646.2,28671.8,318
1784298300,28669.8,28691.2,28660.8,28664.7,312
1784298360,28663.3,28666.6,28646.7,28651,314
1784298420,28651.6,28681.8,28643.1,28660.6,314
1784298480,28659.6,28663.1,28636.2,28642.8,310
1784298540,28643.7,28643.7,28622.8,28636.5,310
1784298600,28636.8,28648.1,28613.3,28642.1,310
1784298660,28638.2,28652.6,28605.6,28607.8,312
1784298720,28607.1,28619.3,28579.6,28579.6,308
1784298780,28577.2,28596.6,28566.8,28583.5,314
1784298840,28583.2,28618.8,28583.2,28598.3,312
1784298900,28596.6,28649.5,28593.3,28649.5,318
1784298960,28646.3,28672.2,28644.8,28655.6,304
1784299020,28653,28677.3,28634.7,28656.3,312
1784299080,28658.3,28688.3,28653,28665.1,308
1784299140,28665.2,28698.7,28662.2,28698.1,310
1784299200,28690.3,28698.3,28671,28677.1,302
1784299260,28676.6,28680.5,28659,28662.8,313
1784299320,28665.1,28679.3,28635.7,28646,306
1784299380,28643.5,28645,28611.3,28618.5,313
1784299440,28618.6,28636.8,28616.7,28629.8,314
1784299500,28628.1,28630.7,28606.3,28616.3,312
1784299560,28614.8,28614.8,28574.3,28603,310
1784299620,28604.3,28662,28602.5,28643.5,308
1784299680,28644.3,28649.8,28605.8,28613.5,312
1784299740,28615.6,28620.5,28593.1,28593.6,310
1784299800,28593.7,28610.5,28584.1,28603.8,310
1784299860,28605.7,28605.7,28568.1,28568.1,310
1784299920,28567,28617.3,28566.1,28587.2,304
1784299980,28587.5,28587.5,28566.8,28569.1,312
1784300040,28567.8,28575.6,28554.6,28566,306
1784300100,28565.1,28613.1,28560.3,28606.2,308
1784300160,28605,28606.2,28556.1,28564.1,308
1784300220,28565.6,28587.3,28560.2,28568.7,312
1784300280,28570,28571.8,28528.7,28535,296
1784300340,28533.7,28543,28526.6,28533.7,308
1784300400,28534.1,28547,28511.3,28515,300
1784300460,28513.8,28520.2,28491.2,28513.5,308
1784300520,28512.8,28530,28507.3,28522,304
1784300580,28520.8,28525.3,28502.3,28503.6,310
1784300640,28504.8,28513.3,28490.1,28494.7,308
1784300700,28494.6,28512.8,28487.7,28502.3,306
1784300760,28502.7,28511.6,28485.8,28502.6,312
1784300820,28502.3,28518.8,28482.3,28494.3,318
1784300880,28497.6,28530.1,28494.1,28529.3,301
1784300940,28527.3,28537.1,28512.1,28535.2,306
1784301000,28534.2,28559.7,28505.8,28516.5,320
1784301060,28516.2,28524.1,28495.7,28505.8,306
1784301120,28506.3,28533.3,28498.5,28514.2,304
1784301180,28515.3,28522.6,28496.1,28502.3,288
1784301240,28501.6,28513.6,28497.6,28511.8,300
1784301300,28511.1,28514.6,28492,28497.1,296
1784301360,28497.5,28515.3,28497.1,28500.1,308
1784301420,28501.6,28511.3,28497.3,28506,302
1784301480,28502.6,28528.3,28495.6,28525,300
1784301540,28526.3,28550.6,28521.8,28529.6,308
1784301600,28530.7,28531.1,28494.1,28528.3,302
1784301660,28526.8,28537.2,28516.1,28527.1,298
1784301720,28526.5,28547.3,28509.7,28536.1,308
1784301780,28534.3,28546,28497.1,28499.8,304
1784301840,28500.1,28500.1,28478.8,28496.6,299
1784301900,28497.1,28523.8,28495.6,28516,306
1784301960,28516.7,28533.3,28515,28530.1,318
1784302020,28531.3,28541.5,28519.1,28523.3,310
1784302080,28522.8,28548.3,28520.1,28540.3,306
1784302140,28538.8,28563.3,28537.5,28556.3,292
1784302200,28558.5,28582.5,28546.1,28576.3,314
1784302260,28576.6,28578.3,28554.7,28560.1,304
1784302320,28560,28577.3,28525.8,28577.3,310
1784302380,28576.8,28594.6,28576.8,28581.6,314
1784302440,28580.8,28585.2,28551.1,28558.3,310
1784302500,28557.8,28559.6,28531.1,28556.6,310
1784302560,28556.5,28585.6,28552,28583.1,312
1784302620,28581.1,28612.1,28576.6,28605.2,313
1784302680,28601.1,28635.3,28586.3,28629,299
1784302740,28629.2,28635.8,28618.1,28627.6,296
1784302800,28628.1,28648.1,28626.6,28629,298
1784302860,28629.2,28629.2,28591.3,28601,310
1784302920,28599.6,28607.1,28578.1,28589.6,300
1784302980,28592.7,28604.1,28571.2,28583.1,290
1784303040,28583.8,28610.8,28578.8,28603.3,296
1784303100,28602.3,28614.6,28586.5,28590.2,302
1784303160,28589.6,28616.6,28589.6,28616.6,300
1784303220,28617.1,28624.5,28614.8,28622.2,302
1784303280,28624,28632.1,28609.3,28609.7,300
1784303340,28610.6,28631.6,28610.6,28631.3,294
1784303400,28630.8,28637.1,28607.6,28608.7,302
1784303460,28608.5,28638.3,28608.1,28627.8,304
1784303520,28629.1,28643.3,28623.1,28641.8,286
1784303580,28641.6,28655.7,28634.8,28650,288
1784303640,28650.2,28689,28649.2,28689,296
1784303700,28689.1,28713,28684.5,28713,300
1784303760,28715.7,28728.7,28713.3,28726.1,304
1784303820,28726,28728.3,28712.7,28717.7,310
1784303880,28717.1,28734,28714.6,28734,290
1784303940,28736.6,28753.2,28732.1,28737.7,305
1784304000,28739.2,28760,28733.5,28752.8,311
1784304060,28753.1,28758.5,28690.7,28694.2,314
1784304120,28696.6,28710.6,28684.6,28689.3,304
1784304180,28688.5,28690.6,28662.8,28679,314
1784304240,28675.5,28685.8,28666.3,28685.8,302
1784304300,28688.1,28689.3,28666.3,28672.6,316
1784304360,28671.6,28679.1,28657.1,28669.1,304
1784304420,28670.3,28686.8,28650.6,28664.3,308
1784304480,28663.8,28680.3,28658.1,28678.7,310
1784304540,28678.3,28722.1,28675.3,28721.1,302
1784304600,28722.1,28747.8,28721.8,28739.6,294
1784304660,28742.3,28747.5,28709.6,28709.6,298
1784304720,28707.6,28728.7,28703.3,28726.1,300
1784304780,28725.6,28740.1,28720.5,28731.8,305
1784304840,28732,28747.1,28731.8,28743.6,300
1784304900,28744.2,28752.2,28730.7,28749.7,304
1784304960,28751.2,28756.5,28735,28735.1,300
1784305020,28734.1,28759.3,28731.1,28744.2,308
1784305080,28744.6,28759.6,28738.7,28743.1,290
1784305140,28745.1,28757.1,28741.6,28747.3,300
1784305200,28745.6,28753.8,28734.8,28736.1,296
1784305260,28735.5,28737.3,28697.1,28700,294
1784305320,28701.1,28705.8,28682.2,28682.7,310
1784305380,28682.1,28682.7,28672.2,28677.5,280
1784305440,28678.2,28692.8,28670,28672.6,296
1784305500,28673,28697.1,28666.1,28692.3,308
1784305560,28691.7,28701.8,28676.6,28701.6,294
1784305620,28700.2,28747.3,28699.7,28736.7,304
1784305680,28737.3,28743,28728.2,28728.2,306
1784305740,28729,28735.8,28718.6,28718.8,304
1784305800,28718.1,28734.6,28693.6,28696.1,304
1784305860,28695.3,28706.3,28692,28701.1,304
1784305920,28700.6,28715.7,28692.2,28714.8,290
1784305980,28715,28722.5,28704.5,28719.8,294
1784306040,28718.8,28722.2,28706.3,28708.8,296
1784306100,28710.1,28730.6,28708.6,28721.7,298
1784306160,28721.1,28738.5,28713,28733.7,296
1784306220,28734.5,28739.1,28718.3,28718.3,288
1784306280,28718.5,28733.7,28715.8,28731.6,286
1784306340,28732,28745.8,28726.8,28732,278
1784306400,28731.8,28736.1,28707.2,28717.2,302
1784306460,28718,28730.7,28715.1,28728.7,302
1784306520,28728.8,28743.2,28728.7,28739.8,276
1784306580,28739.6,28772.6,28739.5,28758.5,308
1784306640,28757.8,28774.7,28744.5,28774.2,298
1784306700,28776.5,28779.5,28770.3,28772.6,290
1784306760,28772.8,28780.2,28768.2,28776.2,286
1784306820,28777,28798,28774.2,28793.7,302
1784306880,28794.5,28805,28791.6,28802.6,288
1784306940,28804.1,28807.1,28796.2,28802.2,298
1784307000,28802.3,28812.2,28789.2,28793.7,304
1784307060,28794,28829.1,28794,28825,304
1784307120,28823.6,28832.6,28808.3,28818.6,288
1784307180,28818.1,28823.5,28807,28807.1,284
1784307240,28807.5,28819.5,28800.8,28815.1,290
1784307300,28815.8,28824.1,28794.6,28794.6,279
1784307360,28794.3,28798,28774.2,28789.2,304
1784307420,28789,28790.2,28770.6,28779.2,270
1784307480,28774.6,28786.5,28767.5,28781,270
1784307540,28780.5,28789.1,28776.1,28780,286
1784307600,28781.5,28820.6,28771.7,28819.8,310
1784307660,28820.1,28837.5,28817.2,28824,292
1784307720,28823.3,28825.1,28799.2,28809.3,302
1784307780,28810.7,28819.5,28803.8,28815.7,298
1784307840,28816.5,28822.2,28809.3,28816.2,290
1784307900,28815,28819.3,28806.7,28814.6,288
1784307960,28813.1,28832.2,28809.5,28827.6,286
1784308020,28827.5,28839.6,28827.5,28832.7,302
1784308080,28832,28843.1,28830.1,28830.7,280
1784308140,28831.1,28841.5,28822.7,28839.2,292
1784308200,28838.5,28847.5,28831,28843.7,288
1784308260,28843.3,28850.7,28829.2,28829.6,290
1784308320,28830.2,28838.8,28824.7,28828.2,288
1784308380,28828.5,28831,28815.1,28818,296
1784308440,28818.7,28818.7,28800.2,28800.2,284
1784308500,28800.8,28822.5,28792.2,28822.5,290
1784308560,28821.8,28840.7,28819.3,28838.7,296
1784308620,28838.6,28847.1,28833.7,28837,294
1784308680,28837.3,28839.5,28821,28822.6,294
1784308740,28822.2,28824.1,28805.5,28808.1,286
1784308800,28807.6,28807.6,28785.2,28796.2,304
1784308860,28798.6,28802.8,28786,28789.6,292
1784308920,28790.5,28805.7,28786.2,28805.7,300
1784308980,28807,28809.5,28790.3,28798.6,302
1784309040,28800.3,28801.6,28787.7,28795.2,286
1784309100,28794.6,28813.2,28793.8,28813.2,308
1784309160,28814.8,28839.1,28814.8,28837,302
1784309220,28837.2,28839.2,28829.5,28836.8,288
1784309280,28836.5,28846,28831,28832.6,276
1784309340,28832.3,28844.7,28832.3,28840.2,274
1784309400,28839,28846.6,28833.7,28844.5,290
1784309460,28843.8,28844.8,28826.7,28830.3,294
1784309520,28831.1,28834.7,28823.3,28828.6,290
1784309580,28828,28840.5,28826.1,28832.6,294
1784309640,28832.8,28836.1,28819.3,28823.6,300
1784309700,28823.3,28828,28786.1,28789.3,288
1784309760,28790.3,28793.2,28781.3,28786.6,294
1784309820,28786.8,28798.8,28784.2,28793.5,302
1784309880,28793.2,28793.2,28778.1,28779.8,296
1784309940,28780.2,28789.3,28777,28785.6,288
1784310000,28785.7,28788,28762.2,28767.1,298
1784310060,28767,28767.6,28753.1,28767.6,290
1784310120,28766.2,28773.8,28753.3,28755.6,302
1784310180,28755.1,28762.1,28749.1,28758.7,292
1784310240,28758.5,28759.6,28749,28754.5,282
1784310300,28755,28773,28745.8,28768.8,290
1784310360,28770.5,28770.5,28747,28749.7,284
1784310420,28749.6,28761.1,28747.5,28759.2,292
1784310480,28758.7,28771,28758.3,28762.2,296
1784310540,28762,28765.2,28756.3,28765.2,290
1784310600,28766.7,28769.8,28738,28742.7,290
1784310660,28742.5,28745.8,28731.7,28738.6,294
1784310720,28739.1,28749.2,28730,28737.5,280
1784310780,28737,28737,28724.6,28726.8,282
1784310840,28727.7,28744.3,28724.8,28725.2,276
1784310900,28725,28729.7,28712.2,28716.3,292
1784310960,28716.7,28718.7,28702.2,28703.6,298
1784311020,28704.3,28711.3,28696,28705.7,268
1784311080,28704.7,28707,28689,28701,284
1784311140,28701.2,28710.3,28700.3,28700.6,274
1784311200,28702.2,28716.5,28688.1,28693,300
1784311260,28694,28713.7,28691.3,28696.2,294
1784311320,28698.1,28719.3,28695.1,28718.1,288
1784311380,28716.3,28733.6,28716.3,28733.3,290
1784311440,28738.1,28740,28710.5,28711.8,286
1784311500,28709.8,28709.8,28691.8,28702.2,304
1784311560,28702.6,28705,28677.5,28687,292
1784311620,28687.7,28692.7,28677.1,28691.7,294
1784311680,28691.5,28699.7,28677.7,28684.3,304
1784311740,28686,28692.2,28676,28677.2,302
1784311800,28677.6,28685.7,28671,28672.7,288
1784311860,28673.5,28674.7,28663.7,28670.8,292
1784311920,28671.3,28678,28664.2,28670.2,288
1784311980,28669.6,28677.7,28661.7,28675.1,300
1784312040,28675,28679.7,28663.7,28667.6,300
1784312100,28668.2,28678.4,28651.4,28657.8,296
1784312160,28656.6,28662.2,28651.1,28657.5,288
1784312220,28657.3,28664,28649,28653.7,294
1784312280,28655.2,28662.3,28647.5,28651,288
1784312340,28651.5,28663.9,28647.4,28662,286
1784312400,28662.7,28663.6,28641.9,28645.9,300
1784312460,28645.6,28654.1,28641.1,28647.9,294
1784312520,28650.6,28662,28650,28662,296
1784312580,28661.7,28677,28654.2,28671.4,296
1784312640,28671.5,28672.4,28647.9,28653.2,294
1784312700,28652.7,28655,28640.2,28642.2,284
1784312760,28642.6,28654.2,28642.6,28644.7,274
1784312820,28645,28647.4,28638.2,28640.6,298
1784312880,28642.5,28657.1,28638.7,28652.5,290
1784312940,28653.2,28670.1,28653.2,28667.5,300
1784313000,28667.6,28706,28661.6,28686.1,312
1784313060,28692.7,28700.6,28678.9,28678.9,290
1784313120,28677.5,28684.5,28658.7,28661.9,284
1784313180,28663.1,28673.1,28646.4,28646.5,304
1784313240,28647.4,28659.4,28639.9,28656.9,286
1784313300,28656.6,28665.1,28648.7,28655.4,302
1784313360,28654.7,28668.9,28653.2,28662.4,298
1784313420,28661.5,28666.1,28648.2,28653.6,282
1784313480,28653,28661.6,28647.4,28658.2,272
1784313540,28658.1,28658.9,28646.5,28652.4,276
1784313600,28653.6,28657.6,28631.2,28633.9,297
1784313660,28633.4,28637.6,28624,28628.2,304
1784313720,28629,28640.1,28619.5,28623.4,296
1784313780,28623.6,28627,28614,28614.6,292
1784313840,28614,28626.9,28612.1,28624.1,298
1784313900,28623.1,28636.2,28613.6,28628,290
1784313960,28627.1,28644.6,28619.1,28643,294
1784314020,28643.9,28661.2,28637.1,28661.2,302
1784314080,28661.4,28677.5,28658,28674.6,294
1784314140,28674,28681.1,28659.5,28662.2,286
1784314200,28661.1,28665.7,28647.5,28657.2,292
1784314260,28656.7,28672.5,28656.1,28665,310
1784314320,28666.2,28673,28659.2,28666.2,270
1784314380,28666.7,28686.9,28665.2,28681.5,274
1784314440,28682.9,28695.6,28672.7,28695.1,283
1784314500,28694.9,28700.4,28687.7,28687.7,283
1784314560,28687.9,28690.1,28679.7,28681.6,288
1784314620,28683,28691.9,28668.4,28688.5,300
1784314680,28688.6,28692.1,28684.1,28688.2,280
1784314740,28686.5,28694.1,28676.9,28676.9,286
1784314800,28679.4,28682.5,28666.4,28668.7,288
1784314860,28668.6,28670.1,28653.9,28660.5,302
1784314920,28658.4,28668,28650.6,28651.5,298
1784314980,28651.2,28664.1,28646.6,28663.1,302
1784315040,28664.4,28676.1,28658.6,28665.2,302
1784315100,28665.6,28671.2,28656.1,28667,306
1784315160,28666.9,28671.2,28640.6,28642.5,288
1784315220,28642.7,28643.2,28630.7,28632.4,272
1784315280,28631.7,28639.7,28626.5,28628.9,296
1784315340,28629,28635.9,28625.4,28631.1,294
1784315400,28630.4,28634.6,28617.2,28620.5,284
1784315460,28620.2,28620.2,28602.4,28609.4,276
1784315520,28609.9,28613.4,28595.5,28595.5,278
1784315580,28596.4,28601.9,28588,28588.1,300
1784315640,28588.2,28590,28573.6,28575.2,278
1784315700,28574.4,28582.1,28562.9,28565.5,288
1784315760,28568.2,28576.5,28553,28555.4,308
1784315820,28556.1,28567.9,28550.6,28563.1,298
1784315880,28563.6,28578.7,28562.5,28565.6,296
1784315940,28563.5,28589.6,28563.5,28583.9,302
1784316000,28582.4,28582.4,28566.1,28578.4,302
1784316060,28577.1,28578,28567.5,28568.7,304
1784316120,28569.6,28570.9,28558.6,28563.2,294
1784316180,28563,28568.9,28558.5,28562,284
1784316240,28561.9,28568.5,28550.6,28551.5,298
1784316300,28549.9,28552,28533.9,28538.9,284
1784316360,28539.1,28559,28537.1,28556.9,306
1784316420,28558,28583.7,28553.4,28582.1,290
1784316480,28582.7,28611.4,28582.7,28606.9,290
1784316540,28607.6,28618.9,28602.4,28609,297
1784316600,28610.5,28658.2,28610.5,28623.7,314
1784316660,28622,28640.9,28608.2,28636.4,304
1784316720,28634.4,28634.4,28610.6,28621.5,300
1784316780,28621,28630.5,28614.5,28628.7,296
1784316840,28629.5,28640.9,28613.1,28616.5,298
1784316900,28616.9,28625,28605.9,28610.6,298
1784316960,28610.4,28618.7,28602,28617,288
1784317020,28616.5,28639.4,28611.1,28630,304
1784317080,28629.7,28631.5,28607.2,28608.5,298
1784317140,28605,28608.2,28582.2,28583.2,300
1784317200,28583.7,28598.4,28571,28581,310
1784317260,28581.2,28610.4,28581.2,28606.7,300
1784317320,28606.5,28612.4,28585.1,28606.2,288
1784317380,28606.5,28613.9,28604.5,28611.2,284
1784317440,28611.5,28622.6,28610,28611,296
1784317500,28611.5,28633.7,28604.7,28621.1,308
1784317560,28620.2,28621.7,28603.9,28614.7,310
1784317620,28615.1,28635.4,28614.9,28632.2,286
1784317680,28633,28642.5,28631.4,28636.7,298
1784317740,28639.2,28644.4,28623,28641.7,288
1784317800,28653.1,28661.5,28634.2,28636,312
1784317860,28636.5,28668.9,28635.5,28661.2,294
1784317920,28660.1,28663.6,28634.5,28641.7,302
1784317980,28639.7,28648.4,28635.7,28641.6,298
1784318040,28642.4,28659.4,28626.1,28652.9,302
1784318100,28646,28649.5,28633.1,28646.1,302
1784318160,28647.1,28663.4,28645.1,28653.2,302
1784318220,28652.9,28654.5,28629.4,28633,294
1784318280,28630.4,28635.5,28625.4,28633.9,304
1784318340,28625.9,28626.6,28573.1,28578.6,318
1784498400,28612.7,28632.8,28612.7,28631.7,170
1784498460,28632.3,28636,28615.9,28632.7,244
1784498520,28632.8,28632.8,28575.4,28592.3,262
1784498580,28593.5,28610,28562.2,28563.9,254
1784498640,28565.8,28572.4,28557,28567.4,252
1784498700,28565.2,28571.9,28555,28557.7,212
1784498760,28557.4,28570.7,28550.7,28554.2,226
1784498820,28553.5,28560.5,28548.3,28553.9,206
1784498880,28554.3,28561.2,28545,28560.3,230
1784498940,28560.9,28572.7,28552.2,28559.8,216
1784499000,28558.8,28560.5,28541.7,28543.7,178
1784499060,28544.3,28555.9,28541.7,28546.9,202
1784499120,28546.7,28547,28541.7,28544.8,154
1784499180,28546.2,28546.8,28537.3,28537.7,160
1784499240,28537.5,28542.9,28534,28539.3,142
1784499300,28539.9,28578,28539.9,28568.3,220
1784499360,28568.9,28579.7,28565.8,28577.4,175
1784499420,28577.2,28588.9,28574.2,28586.5,178
1784499480,28586.7,28594.5,28584.3,28590.7,174
1784499540,28591.2,28611.9,28588.2,28605.4,212
1784499600,28606.7,28632,28604,28631.5,220
1784499660,28631.3,28635.9,28628.3,28632.7,206
1784499720,28632.8,28635.8,28613.8,28624,188
1784499780,28624.3,28630.2,28620.9,28626.8,174
1784499840,28626.7,28627.5,28605.5,28605.8,206
1784499900,28606,28606.9,28590.4,28592,208
1784499960,28591.3,28596.5,28586.7,28587.7,164
1784500020,28587.8,28611.2,28586.2,28589.4,200
1784500080,28589.2,28604.3,28588.5,28591.5,184
1784500140,28591.7,28593.3,28585.7,28588.8,170
1784500200,28588,28603.3,28584.4,28593.4,190
1784500260,28593.9,28603.9,28590.3,28590.3,176
1784500320,28590,28614,28582.5,28613.3,218
1784500380,28613.2,28643,28613.2,28641.8,228
1784500440,28642.3,28652.3,28641,28650.8,206
1784500500,28650,28660.2,28644.3,28646.4,208
1784500560,28646.3,28647.5,28636.3,28641.4,188
1784500620,28640.5,28642.7,28629.4,28631.9,190
1784500680,28631.7,28642.5,28628.9,28635,144
1784500740,28636.3,28642.2,28635.4,28636,130
1784500800,28637.7,28653.8,28637.4,28652.7,186
1784500860,28652.2,28661.7,28650.8,28661,186
1784500920,28660.9,28662.8,28651.3,28651.3,170
1784500980,28651,28672.5,28650,28671,174
1784501040,28671.3,28673.8,28661.5,28661.5,164
1784501100,28663.3,28665.3,28649.5,28658.7,176
1784501160,28659.7,28672.2,28652.2,28658.7,186
1784501220,28657.2,28658.5,28646.3,28646.3,148
1784501280,28646.4,28657.2,28641.9,28652.7,158
1784501340,28652.2,28660.9,28651.5,28653.4,150
1784501400,28653.2,28657.4,28643.4,28648.8,150
1784501460,28648.7,28657.4,28648.7,28655.5,162
1784501520,28655.3,28655.4,28645.4,28645.4,166
1784501580,28644.9,28648.4,28640.7,28643.2,174
1784501640,28643.8,28648.7,28637.7,28642.4,146
1784501700,28645,28646.8,28640,28646.5,130
1784501760,28644.4,28644.4,28637.2,28642.5,136
1784501820,28641.8,28642,28638.4,28639.2,128
1784501880,28639.7,28640.4,28635.8,28636.5,118
1784501940,28636,28640.9,28634.5,28638.3,134
1784502000,28640.5,28647.8,28629.5,28630.4,196
1784502060,28630.3,28636.5,28627,28627.3,184
1784502120,28628.3,28640.4,28626.7,28636.7,152
1784502180,28636.8,28636.9,28610.4,28615.2,154
1784502240,28613.5,28621.7,28611.5,28618,190
1784502300,28617.9,28632.3,28615.9,28630.3,178
1784502360,28628.7,28642.9,28611,28615.3,210
1784502420,28615.7,28622.9,28615.2,28622.7,178
1784502480,28622.5,28641.5,28622.5,28635.5,190
1784502540,28635.4,28647.2,28634.8,28647.2,156
1784502600,28647.3,28652.5,28644.4,28646.8,173
1784502660,28646.5,28650.8,28642.3,28647.7,156
1784502720,28650.4,28651.2,28644.7,28645.7,134
1784502780,28647.3,28660,28640.3,28640.3,186
1784502840,28638.9,28645,28630.9,28636.2,182
1784502900,28638.4,28640.8,28633.9,28635.8,156
1784502960,28635.7,28635.7,28626.5,28626.5,154
1784503020,28629.3,28629.7,28615.2,28617.3,174
1784503080,28617.9,28628.7,28616.8,28628.2,152
1784503140,28628.7,28628.7,28619,28623.9,150
1784503200,28624,28625.5,28612.5,28617,166
1784503260,28619,28619.8,28607.3,28608.3,158
1784503320,28607.5,28618.3,28607.5,28617.5,168
1784503380,28617.7,28637,28615.7,28632.3,198
1784503440,28632.9,28639.4,28632.3,28637.9,138
1784503500,28637.7,28647.7,28636.5,28640.7,164
1784503560,28640,28640,28616.2,28616.2,180
1784503620,28616.5,28623.7,28615.9,28622.7,174
1784503680,28621.2,28625.2,28615.4,28615.4,144
1784503740,28617.8,28635.9,28616.4,28627.8,172
1784503800,28628.2,28631.8,28616.8,28626.3,186
1784503860,28627.5,28637.7,28623.3,28637.4,190
1784503920,28637.5,28638.8,28631.3,28638.8,142
1784503980,28639,28642.5,28633.3,28639.8,154
1784504040,28640.9,28641.9,28625.9,28641.9,154
1784504100,28642.2,28659.7,28642.2,28653.5,196
1784504160,28653.8,28653.8,28644.2,28646.4,180
1784504220,28646.5,28647.4,28634.4,28646.2,206
1784504280,28646.3,28660,28646.3,28659.3,202
1784504340,28659,28661.3,28653.9,28656.5,162
1784504400,28656.8,28659.8,28650,28657.4,140
1784504460,28657.7,28661,28651.8,28653,156
1784504520,28653.2,28676,28652.2,28675.8,168
1784504580,28675.9,28687.9,28675.9,28680,200
1784504640,28679.7,28689.9,28679.7,28689.2,170
1784504700,28689.7,28690.4,28640.2,28655,254
1784504760,28654.5,28663.2,28646.8,28649.4,258
1784504820,28649.5,28660,28649.5,28651,244
1784504880,28650.9,28675.5,28648.3,28662,224
1784504940,28661.9,28664.7,28649.5,28650.4,242
1784505000,28650.9,28666.3,28649.5,28661,230
1784505060,28659.8,28679.3,28658.2,28676.3,252
1784505120,28676.4,28685.3,28667.4,28668.3,224
1784505180,28667.8,28675.5,28667.4,28673.9,234
1784505240,28674.8,28674.8,28659.4,28666.7,242
1784505300,28667.5,28676.4,28664.7,28673.8,226
1784505360,28673.5,28682,28673,28678.8,216
1784505420,28679.4,28686.2,28679.4,28684.9,228
1784505480,28684,28699.5,28680.5,28695.2,232
1784505540,28694.9,28696.8,28684.5,28692.7,228
1784505600,28695.5,28695.5,28653,28659.4,288
1784505660,28659.7,28660,28633.2,28634.9,286
1784505720,28633.4,28669,28630.3,28662.2,284
1784505780,28661,28676.5,28661,28673.3,288
1784505840,28673.8,28696.9,28673.8,28693.7,284
1784505900,28692.5,28723.7,28690.9,28722.5,276
1784505960,28721.9,28732.4,28712.9,28715.7,284
1784506020,28715.2,28740.9,28715,28725.7,278
1784506080,28725.5,28752.7,28721.5,28752,262
1784506140,28751.7,28760.7,28744.9,28749.3,262
1784506200,28747.8,28754.5,28742,28748.2,266
1784506260,28747.3,28771.9,28746.3,28767.5,268
1784506320,28766.9,28767.5,28751.1,28757.7,268
1784506380,28759,28770.3,28758.8,28766.8,258
1784506440,28765.8,28778,28760.2,28763.2,262
1784506500,28763,28777.4,28760.7,28773.8,264
1784506560,28776.2,28786.8,28771.8,28774.3,258
1784506620,28773.1,28781.8,28765.2,28772.7,274
1784506680,28771.3,28777,28766,28776.4,256
1784506740,28776,28784.4,28775.2,28782.2,244
1784506800,28781.9,28782.2,28773.7,28774.5,230
1784506860,28774.3,28786,28763.2,28763.7,250
1784506920,28763.2,28772.8,28761.3,28766.9,266
1784506980,28766.8,28773.2,28762.2,28772.3,238
1784507040,28770,28774,28762.8,28771.5,260
1784507100,28771.8,28771.8,28755.2,28756.8,274
1784507160,28756.9,28771.3,28756.4,28758.3,256
1784507220,28758.2,28761.9,28753.2,28759.8,258
1784507280,28759,28767.9,28757.9,28767.4,264
1784507340,28765.4,28767.5,28750.7,28758.2,246
1784507400,28757.9,28761.2,28733,28735.5,264
1784507460,28736.5,28741.4,28724.5,28730,292
1784507520,28730.5,28731.5,28717.7,28720.4,274
1784507580,28719.9,28722.5,28705.4,28709.4,266
1784507640,28709,28720.7,28700.2,28700.5,270
1784507700,28700.3,28720.3,28699.5,28720.3,272
1784507760,28720,28737.9,28712.9,28734.3,278
1784507820,28733.7,28745.8,28729.4,28744.4,260
1784507880,28744.7,28746.4,28736.3,28745.4,260
1784507940,28744.4,28747.9,28723,28723,268
1784508000,28721.8,28723.8,28709.8,28718.4,260
1784508060,28717.7,28749,28713.9,28748.2,272
1784508120,28748.3,28758.4,28742.3,28742.3,272
1784508180,28740.6,28745.6,28722.9,28723.9,260
1784508240,28724.4,28724.5,28710.2,28710.8,252
1784508300,28711.2,28712.8,28682.8,28691.7,276
1784508360,28692.3,28712.8,28686.7,28712.8,274
1784508420,28712.4,28724.5,28699.7,28702,274
1784508480,28702.7,28706.2,28698.4,28705.2,254
1784508540,28705.4,28716.5,28697.8,28706.7,264
1784508600,28709.3,28710.7,28697.8,28698.5,250
1784508660,28698.4,28710.3,28696.3,28710.3,252
1784508720,28709.9,28709.9,28687.7,28688.4,264
1784508780,28688.2,28696.7,28687,28688.7,260
1784508840,28689.2,28695.7,28685.9,28688.9,248
1784508900,28689.2,28708.4,28688.3,28704.7,264
1784508960,28705.5,28713.5,28688.4,28688.4,260
1784509020,28689.4,28689.4,28677.7,28686.3,270
1784509080,28687,28687.3,28675.8,28684,256
1784509140,28684.2,28690,28679.8,28682,280
1784509200,28683.8,28705.5,28682.4,28700,296
1784509260,28700.3,28710.9,28693.8,28703.2,282
1784509320,28701.9,28704.3,28676.9,28682,290
1784509380,28681.7,28690.7,28677.2,28677.9,292
1784509440,28678.4,28688,28673,28686.2,268
1784509500,28685.5,28708.7,28680.4,28708.2,288
1784509560,28708.5,28723.3,28705.2,28723,282
1784509620,28722.2,28730,28712.4,28716.7,270
1784509680,28716,28724.2,28713.4,28717,266
1784509740,28717.3,28730.3,28716.9,28728,266
1784509800,28727.3,28741.7,28724,28731,262
1784509860,28731.5,28732.4,28694.8,28697.5,288
1784509920,28697.7,28702.2,28686.2,28692.8,288
1784509980,28692,28692,28681.7,28685.3,280
1784510040,28685.7,28688,28671.5,28675.8,272
1784510100,28678,28686.7,28672.4,28675.4,286
1784510160,28676,28688.3,28671.4,28682.4,276
1784510220,28684.3,28692.9,28681.7,28682.5,282
1784510280,28682.2,28684.5,28666.4,28668.9,282
1784510340,28667.7,28679,28654.4,28659,266
1784510400,28657.3,28669.2,28645.7,28667.9,294
1784510460,28667.4,28673.9,28654.8,28667,284
1784510520,28667.4,28687.4,28667.4,28675.9,284
1784510580,28675.8,28695.5,28675.8,28689.4,278
1784510640,28686.4,28702,28684.5,28687.3,284
1784510700,28688.5,28701.5,28682.7,28701.5,278
1784510760,28700.3,28707.9,28688.4,28703.2,280
1784510820,28702.7,28702.7,28677.2,28678.2,282
1784510880,28678.5,28679,28652.3,28652.7,270
1784510940,28653.3,28655.9,28635.9,28640,266
1784511000,28639.4,28645.2,28633,28640.4,292
1784511060,28640.5,28648.4,28637.4,28643.5,276
1784511120,28642.3,28653,28634.9,28649.7,294
1784511180,28650,28652,28638.5,28639,294
1784511240,28638.5,28639.9,28628.7,28634.2,276
1784511300,28633.8,28637.5,28626.2,28631.3,276
1784511360,28630.8,28643.8,28629.3,28636.7,286
1784511420,28636.9,28650.9,28636.3,28644.7,268
1784511480,28643.8,28657.8,28642.5,28642.9,266
1784511540,28643.9,28650.8,28639.4,28648.5,278
1784511600,28647.8,28653.7,28642.5,28645.5,280
1784511660,28645.4,28657.9,28641.5,28641.5,274
1784511720,28639,28639,28613.8,28615.7,272
1784511780,28614.4,28614.4,28600.5,28607.9,278
1784511840,28606.9,28625.3,28601.5,28620.8,278
1784511900,28620.9,28632.4,28610,28618.3,278
1784511960,28620.2,28631.5,28613.8,28616.2,280
1784512020,28615.7,28620.9,28613.7,28618.7,276
1784512080,28618.9,28634,28617.4,28629.2,268
1784512140,28629,28643.8,28627.8,28636,278
1784512200,28636.7,28640.2,28622.2,28625.8,276
1784512260,28625.9,28627.3,28607.8,28608,288
1784512320,28608.5,28612.9,28601.5,28608.4,266
1784512380,28608.3,28609.5,28595.9,28595.9,264
1784512440,28595.4,28600,28591,28593.4,260
1784512500,28593.7,28601,28588.9,28589.9,266
1784512560,28590.3,28607.5,28587.3,28605.9,266
1784512620,28604.9,28623.7,28600.7,28621.2,250
1784512680,28621.4,28625.7,28616,28620.4,260
1784512740,28620,28630.2,28614.5,28619.5,282
1784512800,28622.4,28661.3,28619.7,28652.9,276
1784512860,28653.4,28688,28653.4,28677.2,288
1784512920,28675.9,28702.2,28674.7,28697.8,296
1784512980,28699,28699,28675.2,28675.7,282
1784513040,28676.4,28699.4,28674.5,28697.4,286
1784513100,28696.8,28705.9,28692.3,28698.7,276
1784513160,28699.4,28711.2,28698.9,28701.8,272
1784513220,28701.2,28706.7,28690.5,28698.7,270
1784513280,28698.8,28710,28695.5,28700.3,262
1784513340,28701.5,28704.3,28692.3,28692.8,258
1784513400,28692.4,28693.2,28680.9,28681,228
1784513460,28681.2,28687.4,28671.7,28676.4,264
1784513520,28676.5,28690,28675.4,28680.8,278
1784513580,28680.5,28680.8,28665.8,28666.8,242
1784513640,28665.5,28665.5,28657.5,28662.4,264
1784513700,28662.8,28665.5,28645.1,28646.7,258
1784513760,28646.6,28658.2,28643.4,28658.2,258
1784513820,28658.4,28669.7,28648.7,28651,258
1784513880,28651.8,28653.7,28637.3,28637.9,244
1784513940,28638,28640.7,28632.4,28634.5,242
1784514000,28635.9,28638.5,28625.8,28626.4,262
1784514060,28626.3,28632.2,28616.9,28629.7,282
1784514120,28630.2,28634,28621.4,28622.5,246
1784514180,28622.9,28630.9,28619.2,28621.4,258
1784514240,28622,28630.2,28619,28625.5,266
1784514300,28625.9,28636.2,28618.9,28625.9,258
1784514360,28626.2,28630.8,28617.3,28630.8,262
1784514420,28631.3,28639.9,28622.8,28638.7,280
1784514480,28640.5,28645.3,28634.5,28640.9,254
1784514540,28640.8,28646.5,28633.5,28634.8,266
1784514600,28633.7,28667.4,28633.4,28665.4,270
1784514660,28665.8,28677.5,28665.8,28671.2,264
1784514720,28671.4,28689.5,28669.5,28688,261
1784514780,28688.2,28699.9,28683.8,28683.8,262
1784514840,28683,28695.5,28677,28685.7,250
1784514900,28686.2,28694,28679.8,28691.8,266
1784514960,28691.5,28710.7,28689.2,28702.3,284
1784515020,28702.2,28707.4,28691.3,28694.9,270
1784515080,28694.8,28698.2,28688.4,28695.2,258
1784515140,28694.8,28695.7,28683.7,28684.8,256
1784515200,28684.9,28698.3,28681.5,28697.4,262
1784515260,28697.2,28711.4,28692.3,28706.8,260
1784515320,28707.2,28730.7,28705.3,28724.8,272
1784515380,28724.2,28739.4,28722.4,28738,264
1784515440,28737.7,28737.7,28722,28722.9,250
1784515500,28723.4,28735.4,28719.5,28733.2,256
1784515560,28733,28738.4,28726,28726,250
1784515620,28725.2,28730.4,28718.5,28725.9,270
1784515680,28726.4,28746.2,28723.3,28742.4,274
1784515740,28741.2,28756.4,28730.3,28756.4,266
1784515800,28756,28762.4,28745.5,28747.5,248
1784515860,28747.4,28747.5,28731.5,28732.2,246
1784515920,28732.5,28737.9,28727.7,28736.8,247
1784515980,28737,28739.7,28733.7,28735.7,236
1784516040,28735.8,28738.3,28726.9,28729.5,244
1784516100,28730.2,28733.4,28716.5,28716.5,248
1784516160,28716.9,28733.2,28713.2,28726.5,257
1784516220,28726.4,28726.5,28707.8,28710.2,238
1784516280,28709.9,28713.3,28709,28711,226
1784516340,28711.8,28716,28708.8,28710.4,232
1784516400,28712.7,28730.5,28710.3,28730.5,256
1784516460,28730,28736.5,28723.7,28725.4,246
1784516520,28726.7,28726.7,28713.2,28719.3,252
1784516580,28718.7,28724.2,28708.9,28717.8,250
1784516640,28717.5,28718,28705.4,28708.9,247
1784516700,28708.7,28711.2,28691.3,28692.8,251
1784516760,28693.3,28694.3,28685.7,28686.2,238
1784516820,28686.5,28689,28681.2,28686.5,256
1784516880,28686.9,28689.4,28680.2,28687.5,254
1784516940,28687.3,28701.3,28685.9,28696.3,244
1784517000,28696.9,28705.9,28695.8,28703.9,246
1784517060,28703.7,28708,28695.8,28699,270
1784517120,28699.7,28700.3,28690.3,28695.9,234
1784517180,28696,28704.4,28696,28700.7,266
1784517240,28700.4,28714.8,28692.2,28708.7,266
1784517300,28707.3,28731,28698.3,28729.5,252
1784517360,28729.2,28735.9,28723.5,28735.9,252
1784517420,28734.8,28736.5,28723,28731.7,273
1784517480,28731.8,28733.2,28723.3,28731.8,244
1784517540,28731.7,28733.3,28713,28713,238
1784517600,28711.4,28717.5,28706.3,28710.2,262
1784517660,28710.3,28719.7,28708.3,28710.7,247
1784517720,28710.4,28713.9,28701.4,28709.8,231
1784517780,28709.9,28709.9,28687.4,28696,236
1784517840,28695,28721,28695,28716.7,240
1784517900,28717,28717.8,28706.4,28716.3,256
1784517960,28716.2,28719.4,28707.8,28707.8,260
1784518020,28705.7,28706.2,28694,28705.9,226
1784518080,28707.8,28713.2,28699.4,28708.8,252
1784518140,28708.2,28711.7,28699.7,28700.9,254
1784518200,28701.7,28716.4,28691.9,28714.9,264
1784518260,28716.7,28727.4,28703.7,28706.8,278
1784518320,28706.7,28714.2,28696.3,28697.3,256
1784518380,28697.2,28709,28695.3,28696,252
1784518440,28695.2,28695.5,28688.3,28691.5,238
1784518500,28691.2,28693,28674.4,28676.9,234
1784518560,28677,28692,28675,28692,244
1784518620,28694,28711.9,28691.4,28708.3,262
1784518680,28709.3,28713.9,28699.7,28699.8,252
1784518740,28699.5,28713.8,28699,28711.4,248
1784518800,28709.8,28716.9,28699.9,28700.5,258
1784518860,28699.7,28714.7,28692.2,28705.4,262
1784518920,28705.2,28725.8,28703.2,28723,236
1784518980,28723.2,28726.2,28717.6,28721.3,252
1784519040,28721.2,28725.3,28711.8,28722.4,245
1784519100,28722.9,28726,28714.4,28718.4,234
1784519160,28718.9,28725.8,28713.5,28717.4,242
1784519220,28717.5,28723.8,28708.2,28722.2,242
1784519280,28722.4,28728,28721.8,28726.9,240
1784519340,28726.7,28730.5,28719.3,28725.5,236
1784519400,28725,28744.3,28722.8,28744.3,226
1784519460,28744.8,28747.4,28737,28745.7,216
1784519520,28745.4,28756.3,28744.9,28754.7,210
1784519580,28755,28760,28753,28757.2,226
1784519640,28757.8,28761.2,28753.7,28755.5,198
1784519700,28755.8,28758.8,28738.4,28738.8,228
1784519760,28739.2,28740.3,28726.7,28728.2,250
1784519820,28727.8,28729.8,28719.3,28719.3,224
1784519880,28718.3,28719,28705,28717.7,230
1784519940,28717.5,28721.8,28711.3,28721.2,238
1784520000,28722.7,28731.5,28718.5,28729,262
1784520060,28729.4,28742.3,28715.7,28720.9,234
1784520120,28720.5,28722.8,28715.5,28721,232
1784520180,28721.5,28724.4,28715.9,28722.2,226
1784520240,28722.3,28724,28717.3,28718.8,224
1784520300,28718.3,28720.9,28709.7,28712.4,246
1784520360,28711,28712.7,28704.5,28704.5,226
1784520420,28704.3,28705.5,28695.2,28703.3,222
1784520480,28701.7,28709.4,28699.7,28705,232
1784520540,28705.5,28706.5,28699.8,28705.7,220
1784520600,28705.8,28709.3,28698.2,28702.7,220
1784520660,28702.4,28710,28698.9,28706,246
1784520720,28706.7,28707.8,28701.3,28701.3,214
1784520780,28701.2,28709.7,28694.3,28702,210
1784520840,28701.9,28701.9,28687.5,28690.9,230
1784520900,28691.3,28691.3,28683,28686.7,234
1784520960,28687.3,28688.9,28681.3,28683.7,244
1784521020,28683.4,28685.8,28669.2,28675,234
1784521080,28675.9,28683.9,28670.9,28672.8,254
1784521140,28672.4,28677.9,28669,28675.9,230
1784521200,28675.8,28685,28668.8,28684.4,258
1784521260,28683.5,28687.5,28672,28673.7,236
1784521320,28673.3,28676.8,28667.9,28672,254
1784521380,28671.9,28687.9,28671.8,28681.2,252
1784521440,28681.8,28690.4,28681.4,28687.4,234
1784521500,28687.2,28697.9,28684.2,28696,250
1784521560,28696.7,28711.3,28693.5,28709.9,238
1784521620,28708.3,28720.7,28707.4,28720.3,254
1784521680,28719.5,28724.8,28718,28720.7,220
1784521740,28720.5,28726.2,28714.2,28723.4,218
1784521800,28723,28726.2,28712.7,28716.4,254
1784521860,28716.3,28728.5,28714.7,28724,243
1784521920,28722.5,28744.9,28722.5,28744.9,246
1784521980,28745.4,28758.4,28727.2,28727.3,260
1784522040,28726.5,28736,28726.5,28729.4,252
1784522100,28730.5,28743.8,28726.8,28743,220
1784522160,28742,28742,28721.7,28722.2,250
1784522220,28722.3,28741.9,28722.3,28740.3,253
1784522280,28740.5,28749.8,28740,28749.4,220
1784522340,28749.7,28757.5,28746,28746,234
1784522400,28746.3,28752.8,28738.9,28739.7,232
1784522460,28739.9,28745.9,28730.8,28738.8,214
1784522520,28738.5,28757.9,28735.9,28752.8,252
1784522580,28752.9,28752.9,28740.9,28742.8,222
1784522640,28742.5,28763.4,28742.5,28757.4,232
1784522700,28756.7,28761,28749.7,28755.8,242
1784522760,28756.3,28760.4,28752.8,28759.8,240
1784522820,28759.7,28763.8,28757.5,28760.8,224
1784522880,28761,28765,28758.7,28759.3,218
1784522940,28760,28765,28759.3,28759.3,200
1784523000,28761.3,28764.4,28751.8,28754.5,224
1784523060,28754.2,28765.2,28751.9,28763.2,226
1784523120,28763.3,28763.3,28754.8,28754.8,216
1784523180,28754.9,28758.3,28741.2,28742.7,212
1784523240,28742.2,28742.7,28737.7,28738.4,222
1784523300,28738.7,28744.5,28729.8,28729.9,241
1784523360,28730.4,28732.5,28723.8,28724.9,214
1784523420,28725.7,28727.9,28723,28725,226
1784523480,28725.3,28726.7,28717.5,28719.4,226
1784523540,28719.3,28722.9,28716.4,28721.2,210
1784523600,28720.4,28725.9,28711,28720.2,246
1784523660,28720,28723.4,28710.9,28712.5,230
1784523720,28712.3,28713.5,28708.7,28709.3,244
1784523780,28707.7,28710.9,28697.4,28706.4,240
1784523840,28706.8,28710,28697.4,28700.5,236
1784523900,28701,28701.7,28687.7,28687.9,216
1784523960,28687.3,28693.7,28682.2,28689.5,222
1784524020,28690.3,28691.2,28683.4,28689.3,220
1784524080,28688.7,28688.9,28680.9,28682.5,234
1784524140,28682,28685.2,28668.9,28673.5,236
1784524200,28674.3,28676.4,28656,28656,255
1784524260,28656.6,28659.3,28644.3,28647.3,260
1784524320,28647,28651.2,28635.9,28638.2,264
1784524380,28637.2,28681.5,28636.9,28678.9,260
1784524440,28679.8,28692.3,28673.4,28686,278
1784524500,28685.8,28685.9,28667.7,28675.7,268
1784524560,28675.3,28680.2,28671.2,28675.3,262
1784524620,28675,28676.5,28664.3,28664.3,260
1784524680,28664.2,28670.4,28662.9,28670.2,256
1784524740,28670.4,28678.8,28668.9,28675.9,270
1784524800,28676.9,28680,28662.2,28662.9,230
1784524860,28662.8,28675.3,28661.5,28663.4,230
1784524920,28663.5,28668,28661.9,28666.5,258
1784524980,28667.2,28669.2,28650.9,28658.7,258
1784525040,28658.4,28664.9,28656.5,28664.3,254
1784525100,28665.2,28669.2,28652.7,28669.2,250
1784525160,28668.5,28672.9,28661.7,28665.4,260
1784525220,28665,28673.8,28659.4,28669.5,230
1784525280,28669.3,28671.9,28655.9,28655.9,240
1784525340,28655.3,28664.9,28652.8,28655.9,242
1784525400,28656,28656.8,28645.9,28652.8,266
1784525460,28652.4,28660.5,28644.5,28655.7,236
1784525520,28655.2,28659.2,28650.5,28652.5,230
1784525580,28653,28659.8,28646,28647,244
1784525640,28647.3,28651.4,28641.7,28650.4,256
1784525700,28650.3,28657.3,28647,28651.5,270
1784525760,28650.8,28658.9,28646.8,28649.2,240
1784525820,28649,28656.8,28647,28647,242
1784525880,28646.9,28656.4,28644.8,28653.8,254
1784525940,28653.3,28653.3,28638.3,28641.4,240
1784526000,28641.2,28652.3,28639.8,28646,270
1784526060,28646.2,28655.4,28637.5,28639.4,238
1784526120,28639.3,28644,28634.3,28641.3,234
1784526180,28640.8,28649.2,28636.5,28638.9,248
1784526240,28639.5,28642.4,28636,28636.3,224
1784526300,28636.7,28642.5,28635.3,28636.7,244
1784526360,28636.4,28638.4,28629.7,28635.3,232
1784526420,28635.2,28652.5,28633.3,28652.5,250
1784526480,28652.4,28654.9,28638.5,28640.9,240
1784526540,28641.2,28646.2,28635.5,28643.8,236
1784526600,28645.8,28646,28630.9,28636.3,254
1784526660,28636.5,28637.8,28632,28632.9,228
1784526720,28632.8,28637.4,28624.3,28632.8,230
1784526780,28632.5,28634.5,28626.4,28626.9,232
1784526840,28626.8,28630.2,28614.4,28617.9,216
1784526900,28618,28630.5,28613,28628.4,238
1784526960,28628.5,28638.9,28624.8,28636.3,250
1784527020,28636,28645.3,28634.9,28645.3,222
1784527080,28646.3,28646.3,28629.5,28629.5,208
1784527140,28630.2,28630.5,28619.5,28630.5,238
1784527200,28630.7,28641.7,28625.4,28637.4,262
1784527260,28637,28646.7,28632.9,28645,259
1784527320,28644.5,28646.7,28623.5,28632.4,256
1784527380,28632.7,28637.3,28625.5,28629.4,242
1784527440,28629.8,28645.4,28628.7,28641.8,226
1784527500,28642.5,28645.3,28619.5,28626.3,270
1784527560,28626.5,28633.4,28625,28631.5,248
1784527620,28631.2,28633.7,28626.7,28628.4,232
1784527680,28628,28638.9,28627.3,28635.3,238
1784527740,28636.2,28643.2,28624.9,28626.3,232
1784527800,28626.4,28626.4,28609.2,28612.7,226
1784527860,28612.9,28619.5,28607.5,28608.5,242
1784527920,28608.7,28619.2,28606.9,28618.3,246
1784527980,28617.8,28620.8,28608.2,28610.2,218
1784528040,28610,28612.5,28606.2,28608.4,224
1784528100,28607.9,28608.9,28602.4,28608.3,224
1784528160,28608.2,28631.7,28608.2,28620.7,268
1784528220,28621,28624.2,28614.2,28615.9,218
1784528280,28615.4,28620.4,28603.4,28605,256
1784528340,28605.5,28626.4,28601.7,28624.3,246
1784528400,28624.4,28638.9,28624.4,28635.2,236
1784528460,28633.4,28634.5,28612.7,28612.7,226
1784528520,28612,28616.7,28610.4,28614.7,224
1784528580,28615.8,28621.8,28610,28611.7,228
1784528640,28611,28613.2,28594.4,28595.8,248
1784528700,28595.4,28606.8,28592.5,28605.3,240
1784528760,28605.8,28613.8,28603.8,28611.3,222
1784528820,28611.8,28611.8,28603.8,28607.5,230
1784528880,28607.3,28612,28604.3,28605.4,236
1784528940,28605.8,28618.7,28604.4,28609.8,244
1784529000,28608.8,28620,28604.7,28618.3,250
1784529060,28618.8,28620.3,28616.3,28616.5,232
1784529120,28615.4,28615.4,28601.7,28608.4,224
1784529180,28608.8,28610.7,28603.7,28606.8,218
1784529240,28607,28609.9,28598.8,28602.4,216
1784529300,28602.5,28603.2,28590,28594.9,240
1784529360,28594.7,28603.4,28593,28598.8,232
1784529420,28600.4,28601.4,28589.9,28599.9,244
1784529480,28599.8,28610.2,28599.8,28600.8,202
1784529540,28601,28602.9,28592.7,28597.5,234
1784529600,28597.7,28611.8,28595.7,28607.6,204
1784529660,28607.7,28636.9,28607,28635.4,250
1784529720,28635.7,28636.7,28609.7,28609.7,210
1784529780,28609.8,28623,28609.8,28622.7,218
1784529840,28621.8,28630.9,28621.4,28627.5,190
1784529900,28627.4,28628.5,28616,28619.8,230
1784529960,28619.5,28624.3,28616.8,28623.2,204
1784530020,28623,28627.3,28606.9,28607.4,184
1784530080,28605.5,28611,28602.8,28606.2,228
1784530140,28607.3,28614.9,28607.3,28612.2,208
1784530200,28612,28622.4,28612,28616.9,218
1784530260,28617.4,28629,28617.4,28628,204
1784530320,28628.8,28631.5,28624,28624,192
1784530380,28624.2,28629.2,28619.3,28622.4,206
1784530440,28623,28627.3,28620.4,28622.7,190
1784530500,28622.9,28628.5,28615.2,28628.3,224
1784530560,28627.9,28631.8,28623,28630.9,190
1784530620,28630.3,28633.8,28618.5,28618.8,178
1784530680,28618.7,28619.5,28606.5,28606.9,204
1784530740,28606.4,28627.7,28604.7,28627.7,224
1784530800,28628.4,28647.2,28628.1,28638.3,276
1784530860,28638.5,28656.2,28638.5,28652,266
1784530920,28651.8,28652.8,28638.3,28638.5,230
1784530980,28640,28644.9,28634.5,28639.8,256
1784531040,28640.5,28656.5,28640.5,28645.2,256
1784531100,28643.8,28651.8,28639,28640.5,242
1784531160,28640.9,28648.3,28633.8,28635.4,250
1784531220,28635.2,28641.9,28634.8,28640.8,240
1784531280,28641,28641,28631.5,28634.4,236
1784531340,28635.3,28642.5,28632.7,28642.5,200
1784531400,28642.7,28648.5,28636.3,28641.5,242
1784531460,28639,28645.5,28637,28642.2,230
1784531520,28641.9,28644.9,28633.5,28635.3,206
1784531580,28635.8,28648.5,28634.3,28642,234
1784531640,28642.2,28650.6,28640.6,28644.8,208
1784531700,28645,28648.4,28641.3,28644.3,218
1784531760,28645.4,28645.7,28638.4,28642.2,216
1784531820,28641.7,28642,28623,28623.3,238
1784531880,28623.7,28630.7,28623.3,28624.9,226
1784531940,28625.3,28634.8,28621.9,28634,208
1784532000,28632.7,28642,28624.3,28637.9,240
1784532060,28638.4,28639.9,28629,28632.9,196
1784532120,28632.7,28673.5,28631.4,28672.7,252
1784532180,28670.8,28673.5,28657.9,28663.9,260
1784532240,28665.4,28671.8,28660.7,28667.2,248
1784532300,28666.7,28673.9,28663,28671.7,262
1784532360,28671.8,28690.8,28669.7,28690.8,240
1784532420,28691,28700.8,28687.3,28688.9,260
1784532480,28689.3,28694.9,28685.2,28690.2,240
1784532540,28690.8,28709.2,28690.8,28703.2,246
1784532600,28703.7,28730.5,28700.9,28712,262
1784532660,28709.7,28721.9,28707.9,28712,246
1784532720,28711.4,28721.3,28711.3,28712.9,234
1784532780,28713.5,28729,28710.4,28723.8,242
1784532840,28724,28744.5,28719.8,28735.4,250
1784532900,28734,28737.4,28726.5,28726.7,226
1784532960,28727.3,28743.8,28723,28726.4,246
1784533020,28725,28734.2,28721.3,28734.2,248
1784533080,28734.4,28742.8,28723.2,28734,246
1784533140,28734.8,28740.3,28732,28736.2,238
1784533200,28736.4,28736.9,28727.7,28735,250
1784533260,28734,28748.8,28721.3,28721.3,268
1784533320,28719.7,28732.5,28714.4,28720.5,258
1784533380,28721,28727.8,28717.3,28722.7,238
1784533440,28722.3,28730.5,28721.8,28729.3,236
1784533500,28729.2,28738.7,28720.4,28738.5,242
1784533560,28740,28741.2,28728,28730.2,220
1784533620,28730,28730.4,28709.2,28712.2,252
1784533680,28711.7,28714.5,28707.3,28709,220
1784533740,28709.2,28712.2,28706.8,28711.5,210
1784533800,28711.7,28711.7,28704.4,28704.4,222
1784533860,28704.7,28716.5,28703.3,28715.4,230
1784533920,28715.5,28721.2,28714.2,28719.2,204
1784533980,28718,28721.9,28714.2,28714.2,206
1784534040,28714,28717,28709.3,28716,202
1784534100,28715.5,28724.3,28714.5,28722.3,204
1784534160,28722.8,28742.7,28722.5,28742.7,222
1784534220,28743,28745.9,28727.9,28733.2,206
1784534280,28733,28744,28732.8,28739.8,228
1784534340,28739.4,28740.5,28730.8,28733.2,236
1784534400,28733.3,28754.5,28728.5,28746.8,282
1784534460,28746.9,28747.9,28738.9,28740.9,266
1784534520,28740.8,28755.2,28738.3,28747.3,248
1784534580,28746.9,28756.5,28744.2,28756.5,226
1784534640,28756.9,28757.5,28741.8,28746,241
1784534700,28744.5,28751.9,28732.5,28737.7,234
1784534760,28738.4,28744.3,28734.8,28735.7,230
1784534820,28736,28736.5,28720.2,28722.9,226
1784534880,28721.9,28722.5,28713.3,28717.3,214
1784534940,28717,28723.5,28717,28722,194
1784535000,28723.7,28726.9,28717.5,28726,228
1784535060,28726.5,28736.9,28724.9,28733,212
1784535120,28733.3,28751.2,28728.4,28749.2,244
1784535180,28749.4,28750.2,28745.5,28748.8,228
1784535240,28748.9,28752.2,28748.9,28750.5,188
1784535300,28750.9,28760.3,28750.8,28759.4,226
1784535360,28759.2,28762.9,28755.9,28759.3,230
1784535420,28758.4,28759.7,28738.9,28738.9,222
1784535480,28739.8,28747.4,28737.5,28746.4,218
1784535540,28746.2,28748.4,28737.2,28739.4,208
1784535600,28739.3,28742.2,28724.7,28728.2,222
1784535660,28727.7,28733.9,28726.2,28731,208
1784535720,28731.8,28736,28730,28730.8,196
1784535780,28730.5,28734.2,28725.4,28725.4,200
1784535840,28725.9,28735.3,28725.9,28733.4,224
1784535900,28733,28734.9,28724.9,28725.2,222
1784535960,28725.7,28729.2,28720.8,28725.8,224
1784536020,28725.7,28727.2,28719.2,28725.2,222
1784536080,28725.9,28732.7,28725.8,28729.2,212
1784536140,28728.3,28732.3,28724.3,28725,234
1784536200,28725.8,28730,28703.7,28704.4,244
1784536260,28704,28713,28702.3,28710.2,206
1784536320,28710,28714.4,28702.5,28704.2,202
1784536380,28704,28705.8,28694.7,28705.8,216
1784536440,28705.4,28708.3,28701.5,28707.7,188
1784536500,28706.7,28707,28696.9,28697.9,190
1784536560,28697.5,28700.8,28693.7,28696.7,218
1784536620,28696.4,28701.2,28685.2,28690.5,240
1784536680,28690.8,28701.2,28690.5,28696.3,190
1784536740,28696,28700.3,28693.4,28699.2,182
1784536800,28697.9,28700.4,28694.9,28699,180
1784536860,28700.5,28707.8,28698.9,28706.9,206
1784536920,28705.3,28710,28694.9,28700.2,212
1784536980,28699.7,28700.5,28686.2,28688.7,198
1784537040,28687.9,28689.5,28684.3,28687.5,220
1784537100,28688,28693.5,28684.7,28690.8,208
1784537160,28691,28696.3,28689.5,28695.2,202
1784537220,28695,28696.2,28688.7,28695.8,194
1784537280,28695.4,28700.9,28693.4,28700.4,188
1784537340,28700,28710.3,28699.3,28709.8,190
1784537400,28709.4,28710.8,28705.4,28706.2,200
1784537460,28705.4,28713.2,28703,28708.9,204
1784537520,28708.7,28710.4,28696.8,28698.8,200
1784537580,28699.3,28706.2,28697.8,28702.5,188
1784537640,28702.8,28703.8,28687.5,28690.5,176
1784537700,28691.5,28693,28688.8,28689.8,196
1784537760,28689.5,28702,28689.3,28702,200
1784537820,28701.4,28708.8,28699,28703.9,212
1784537880,28703.5,28708.8,28701.8,28704.2,166
1784537940,28704.4,28705.3,28701.3,28704.5,204
1784538000,28704.7,28712.4,28701,28706,202
1784538060,28705.8,28712,28702.9,28709.2,200
1784538120,28709.5,28710.8,28697.2,28698,220
1784538180,28697.8,28703.4,28692.4,28701.9,234
1784538240,28701.5,28708.7,28700.3,28700.9,224
1784538300,28700.5,28701.5,28686.4,28689.9,204
1784538360,28689.8,28697.4,28687.5,28691.5,228
1784538420,28691.8,28692.3,28679.7,28685,206
1784538480,28684.9,28705.3,28683.7,28696.5,216
1784538540,28695.9,28701.5,28692.2,28696.9,204
1784538600,28696.8,28705.9,28692.9,28703.8,216
1784538660,28703.7,28706.3,28700.7,28701.4,196
1784538720,28701.3,28704.9,28696.5,28701.4,194
1784538780,28701.3,28702.4,28699,28701.4,176
1784538840,28701.3,28704.2,28693.3,28700.8,170
1784538900,28701,28716.3,28701,28713.5,208
1784538960,28713.9,28721.4,28711.7,28720.4,205
1784539020,28720.5,28725.5,28718,28723.4,196
1784539080,28723.2,28724.3,28709,28710.2,189
1784539140,28710.9,28713.5,28705.3,28705.7,208
1784539200,28704.9,28722.3,28704.8,28717.2,195
1784539260,28717.5,28730.3,28716.9,28729.7,200
1784539320,28729.8,28733.3,28728.4,28730.9,200
1784539380,28731.4,28739.7,28730.5,28735.8,176
1784539440,28735.9,28738.5,28727.8,28729.8,204
1784539500,28729.3,28735.4,28727.8,28733.5,188
1784539560,28733.4,28736.7,28728.8,28729.2,184
1784539620,28729.3,28733.2,28727.9,28728.9,186
1784539680,28729,28731,28725.3,28728.7,184
1784539740,28728.5,28733,28728.5,28730,180
1784539800,28728.7,28731.8,28722.3,28729.8,202
1784539860,28729.7,28742.5,28729.4,28736.3,208
1784539920,28735,28738.2,28731.3,28734.9,190
1784539980,28735.2,28742.3,28731.5,28736.3,172
1784540040,28736.7,28736.8,28729.3,28731.3,186
1784540100,28731.5,28740.8,28730.4,28739.7,216
1784540160,28739.4,28743.3,28734.2,28737.4,190
1784540220,28737.3,28739.7,28734.4,28735.2,196
1784540280,28735.4,28744,28735,28741.5,182
1784540340,28739.4,28747.2,28739,28747.2,194
1784540400,28748.3,28752.4,28744.4,28750.5,198
1784540460,28749.7,28760,28749,28756.5,214
1784540520,28756.9,28762.2,28754.4,28758.8,208
1784540580,28758.7,28763.5,28757,28758.4,200
1784540640,28758.5,28765,28758.5,28765,188
1784540700,28764.9,28777.5,28763.9,28772,214
1784540760,28772.3,28779.5,28769.8,28778.4,182
1784540820,28778.7,28782,28778.7,28779.7,176
1784540880,28779.5,28788.2,28778.9,28786.7,208
1784540940,28789.3,28790.2,28785.4,28790,180
1784541000,28791.4,28791.9,28787.2,28791.5,178
1784541060,28792.2,28798.3,28791.8,28797.8,210
1784541120,28798,28821,28795.9,28820.8,208
1784541180,28821.5,28821.8,28798.7,28799.3,219
1784541240,28799.5,28800.2,28792.9,28794,190
1784541300,28792.5,28792.5,28777,28777.4,218
1784541360,28778,28781.5,28777.7,28778.4,192
1784541420,28778.3,28782.5,28772.3,28779.8,202
1784541480,28779.9,28790.5,28779.7,28782.7,208
1784541540,28782.5,28783.3,28775.8,28775.8,180
1784541600,28776,28779.5,28765,28765,214
1784541660,28765.3,28768.7,28762.3,28763.5,212
1784541720,28764.3,28767.3,28762.2,28762.4,182
1784541780,28762.9,28767.7,28761.3,28762.9,182
1784541840,28764.4,28769.9,28763.4,28766.4,182
1784541900,28767.2,28767.2,28762,28764,182
1784541960,28764.3,28767.2,28752.4,28755.9,200
1784542020,28755.4,28755.9,28751.3,28755.2,204
1784542080,28755.3,28760.4,28753.8,28756.3,190
1784542140,28756.2,28760.8,28756.2,28758.2,160
1784542200,28757.8,28766.5,28754.4,28766.3,188
1784542260,28766.4,28767.7,28758.4,28761.2,202
1784542320,28760.7,28762.4,28754.7,28757.5,200
1784542380,28757.8,28757.8,28752,28756.3,184
1784542440,28756.5,28757.8,28753,28756.3,170
1784542500,28754.5,28755,28744.9,28754.7,210
1784542560,28753.7,28760.7,28753.5,28758.3,170
1784542620,28757.9,28759.4,28753.2,28754.5,178
1784542680,28754.3,28761.7,28751.3,28761.7,170
1784542740,28761.2,28761.2,28750.9,28758,196
1784542800,28758.3,28773.9,28754.5,28773.9,204
1784542860,28773.8,28774.8,28764.5,28767,196
1784542920,28768.3,28774.8,28764.3,28773.8,210
1784542980,28773.7,28777,28771.2,28771.5,186
1784543040,28771.4,28772.4,28764.2,28769,174
1784543100,28768.8,28771.2,28757.4,28757.8,214
1784543160,28757.3,28773.3,28757.2,28772.7,180
1784543220,28772.9,28777.4,28769.2,28776.9,182
1784543280,28776.8,28781.8,28771.7,28781.8,182
1784543340,28781.2,28785.4,28779.3,28780.2,200
1784543400,28779.5,28796.2,28778.8,28785.4,216
1784543460,28785.3,28785.9,28774,28777.8,200
1784543520,28777.7,28782.3,28774.5,28775.5,198
1784543580,28775.7,28788.8,28773.4,28786.7,200
1784543640,28786.8,28789.2,28782.2,28788.5,190
1784543700,28788.8,28790.2,28770.8,28774.5,212
1784543760,28774.7,28779.3,28773.2,28778.8,204
1784543820,28779.4,28781.7,28774.7,28779,188
1784543880,28778.8,28779.8,28772.2,28778.5,192
1784543940,28778.2,28780.7,28777.2,28778.2,162
1784544000,28778,28784.4,28772.8,28777.5,218
1784544060,28777,28793.7,28776.3,28789.4,214
1784544120,28789.2,28791.9,28786.5,28789.3,188
1784544180,28789.7,28791.5,28785.7,28786.5,192
1784544240,28786.9,28793.9,28786.9,28791,194
1784544300,28791.3,28796.2,28788,28794.7,190
1784544360,28794.8,28802.5,28793.3,28799.5,192
1784544420,28798.9,28801,28793.4,28798.4,200
1784544480,28798.5,28799.5,28792.7,28799.4,206
1784544540,28799.2,28800.2,28790.3,28792,228
1784544600,28791.8,28793.8,28786.3,28791,194
1784544660,28791.2,28794.5,28789.8,28790,180
1784544720,28790.9,28794.3,28786.8,28788.5,184
1784544780,28788.7,28799,28788.4,28798.2,182
1784544840,28797.8,28803.2,28794.5,28803,180
1784544900,28802.8,28803.2,28791.4,28791.9,186
1784544960,28792,28795.5,28790.5,28791.2,168
1784545020,28791.3,28796,28791.3,28793.8,184
1784545080,28793.3,28794.3,28789.4,28789.5,184
1784545140,28789.7,28794.4,28789.7,28793,168
1784545200,28793.3,28807.4,28787.9,28803.7,270
1784545260,28804.5,28810.9,28796.7,28797.9,220
1784545320,28797.5,28802.2,28790.9,28794.4,230
1784545380,28794.3,28809.4,28791.9,28805.7,232
1784545440,28805.5,28817.3,28799.4,28816,230
1784545500,28815.8,28825.7,28815.8,28820.8,206
1784545560,28821,28821.7,28815,28817.7,192
1784545620,28818,28823.2,28813.4,28817.9,202
1784545680,28817.4,28826.4,28813.4,28825.7,218
1784545740,28823.5,28827.7,28822.8,28825.8,220
1784545800,28825.9,28826.7,28823.2,28826,206
1784545860,28826.5,28833,28822.9,28831.4,208
1784545920,28831.5,28833.2,28825.4,28833.2,206
1784545980,28832.8,28847.9,28832.8,28837.8,216
1784546040,28836.4,28836.8,28829.8,28835.7,188
1784546100,28835.8,28842.2,28828.5,28828.9,212
1784546160,28829.2,28833,28824.7,28831.8,182
1784546220,28832,28832,28828.2,28831.8,166
1784546280,28832.8,28835.4,28824.5,28824.7,223
1784546340,28824.5,28833.2,28824.2,28825.8,208
1784546400,28825.5,28831.2,28825.3,28826.2,188
1784546460,28825.3,28826.7,28817.2,28821,194
1784546520,28821.2,28822,28815.2,28817.7,200
1784546580,28818.2,28822.8,28817.5,28821.5,194
1784546640,28822.3,28823.8,28816.7,28816.7,186
1784546700,28816.4,28821.4,28815,28820,172
1784546760,28819.8,28822.8,28812,28815,212
1784546820,28815.8,28817.8,28812.5,28813,190
1784546880,28812.5,28820.4,28812.4,28818.9,176
1784546940,28819.2,28823.2,28818.7,28821.7,188
1784547000,28821.3,28886.3,28819.8,28863.7,319
1784547060,28862.3,28898.9,28858.2,28892.2,310
1784547120,28890.7,28920.2,28886.9,28913,304
1784547180,28912.9,28927.5,28903.2,28910.2,294
1784547240,28911.5,28930,28905.8,28922.2,287
1784547300,28922.4,28929.5,28910.9,28918.7,276
1784547360,28917.7,28922.8,28908.2,28914.9,264
1784547420,28914.4,28918.3,28910.3,28917.2,240
1784547480,28917.8,28923,28911,28915.9,256
1784547540,28915.4,28920.5,28909.9,28910.7,230
1784547600,28911,28915.3,28904.4,28911.5,258
1784547660,28911.3,28929.7,28910.7,28927.5,232
1784547720,28927,28931.3,28921.5,28924.9,252
1784547780,28925.2,28932.2,28916.8,28917.8,252
1784547840,28917.5,28919.7,28910.9,28911.9,236
1784547900,28911.8,28921,28909.3,28909.3,224
1784547960,28909,28915.8,28907,28908.2,236
1784548020,28907.3,28910.5,28886.8,28897.2,248
1784548080,28897.5,28897.5,28886.4,28893,236
1784548140,28892.4,28894.8,28886,28886,226
1784548200,28885.8,28885.8,28871.1,28876.3,225
1784548260,28875.3,28890.4,28874.2,28886.8,252
1784548320,28887.3,28904.2,28887.3,28903.3,212
1784548380,28903.2,28904.9,28895.7,28901.4,220
1784548440,28901.5,28908.3,28897.2,28904.2,182
1784548500,28904.3,28906.7,28892.9,28897.2,206
1784548560,28897.8,28899.8,28894.8,28895.2,188
1784548620,28894.7,28901.7,28891.8,28899.3,210
1784548680,28900,28902.5,28895.8,28900.5,210
1784548740,28900.8,28901.4,28892.5,28896.9,220
1784548800,28896.5,28899.7,28869.5,28872.9,244
1784548860,28872.7,28876.8,28864.9,28866.8,229
1784548920,28867.4,28870.3,28805.7,28816.5,298
1784548980,28816.2,28829,28806,28814.2,312
1784549040,28814.5,28839.2,28814.5,28832.3,290
1784549100,28831.5,28838,28825.4,28836.5,264
1784549160,28836.8,28847.5,28831.7,28840,266
1784549220,28838.8,28848.7,28832.9,28848.7,238
1784549280,28845.5,28845.5,28826.3,28837.7,260
1784549340,28837.4,28845.8,28834.9,28840.8,232
1784549400,28841.2,28847.9,28838.4,28842.9,220
1784549460,28841.9,28843.5,28833.2,28839,258
1784549520,28839.4,28840.9,28819.2,28824.2,254
1784549580,28823.7,28826.2,28814.5,28821,248
1784549640,28820.7,28833,28817.8,28827.4,224
1784549700,28827.2,28830.7,28814.8,28822.9,242
1784549760,28822.5,28838.8,28822.4,28838.8,226
1784549820,28838.4,28840.3,28833.9,28840.2,208
1784549880,28840.5,28843.2,28839.4,28840.5,192
1784549940,28841.3,28843,28833.4,28837.5,212
1784550000,28839.9,28841.7,28826.7,28829.2,202
1784550060,28829.3,28832.4,28827.9,28830.7,196
1784550120,28830.5,28833.9,28822.8,28823.5,208
1784550180,28823.3,28831.8,28823.3,28830.5,196
1784550240,28831.2,28835.4,28831,28832.2,206
1784550300,28832.5,28833,28824,28828.3,222
1784550360,28828.2,28844.7,28827.7,28843.3,226
1784550420,28843.5,28852.7,28841.8,28851.7,208
1784550480,28852.5,28859.9,28852.2,28856.7,209
1784550540,28857.5,28858.9,28853.2,28858.3,206
1784550600,28858.4,28864,28850.9,28856.4,238
1784550660,28856.2,28862.2,28852.5,28854.2,220
1784550720,28855,28863.7,28854,28863.2,196
1784550780,28863.7,28863.7,28850.2,28850.7,226
1784550840,28849.9,28860.5,28840.9,28859.8,216
1784550900,28860.3,28867.9,28857,28866.4,228
1784550960,28866.8,28869,28862.4,28863.8,230
1784551020,28863.4,28867.9,28862.2,28866.2,194
1784551080,28865.8,28867.3,28862.5,28867.3,196
1784551140,28867,28869.7,28858,28858.8,208
1784551200,28858.9,28862.4,28855,28856,208
1784551260,28855.8,28858.7,28849.8,28857.3,192
1784551320,28856.8,28860.3,28846.9,28847.4,198
1784551380,28847.3,28847.8,28840.5,28842.9,212
1784551440,28842.5,28842.8,28825.2,28829.5,234
1784551500,28829.3,28834.3,28827.5,28832.5,198
1784551560,28832.2,28835.7,28830.3,28834.2,218
1784551620,28834.3,28856.2,28833.3,28856.2,242
1784551680,28857.2,28866.7,28857.2,28860.5,210
1784551740,28861.7,28866.9,28856.7,28864.9,234
1784551800,28863.4,28863.9,28854.4,28861.8,218
1784551860,28861.9,28862.5,28852.5,28854.7,212
1784551920,28854.8,28855.8,28844.8,28844.8,222
1784551980,28845,28850.9,28844.3,28846.4,202
1784552040,28846,28853.8,28836.8,28837.4,242
1784552100,28837,28838.5,28828.2,28832,236
1784552160,28832.5,28835.5,28829.9,28835.3,236
1784552220,28835.4,28836.5,28829.4,28834.4,216
1784552280,28834.7,28844.3,28834.7,28843.8,218
1784552340,28843.9,28849.4,28839.3,28848.8,236
1784552400,28850.7,28877.9,28849.3,28864.7,264
1784552460,28864.4,28867.9,28857.2,28858.7,268
1784552520,28858.8,28863.9,28856.4,28859.3,236
1784552580,28859,28881.2,28857.7,28880.9,240
1784552640,28880.7,28880.7,28870.8,28872.7,240
1784552700,28873.3,28877.4,28868,28873.7,235
1784552760,28873.4,28877.2,28864.9,28870,244
1784552820,28870.4,28875.7,28867.8,28872.9,228
1784552880,28873.5,28878.7,28865.6,28869.7,226
1784552940,28869.5,28870.9,28865.4,28867.4,218
1784553000,28867.5,28874.5,28866.7,28870.5,228
1784553060,28870.7,28880.7,28867.7,28876.9,258
1784553120,28876.4,28877.7,28860.5,28863.4,214
1784553180,28863,28863.3,28850.8,28852.2,226
1784553240,28852,28854.3,28847.2,28847.4,230
1784553300,28847.5,28854.5,28845.5,28852,242
1784553360,28851.8,28857.5,28849.2,28855.7,240
1784553420,28856.2,28859,28852.5,28854,244
1784553480,28853.8,28859.5,28851.3,28857,234
1784553540,28857.5,28864.3,28857.2,28862.9,234
1784553600,28863.9,28868.9,28862.2,28868.4,238
1784553660,28867.8,28873.3,28865.9,28870.7,210
1784553720,28870.4,28874.2,28867.5,28867.5,204
1784553780,28866.3,28869.7,28865.2,28869.7,210
1784553840,28869.9,28873,28868.3,28869.8,222
1784553900,28870.2,28873.4,28862.9,28871.7,266
1784553960,28870.8,28881.6,28869,28873.3,256
1784554020,28873.9,28881.2,28865.3,28867.2,256
1784554080,28865.3,28865.3,28850.7,28855.9,256
1784554140,28853.9,28863.7,28845.7,28863.7,286
1784554200,28876.6,28890.1,28855.6,28883.5,314
1784554260,28881.5,28906,28873.3,28882.7,322
1784554320,28883.7,28935,28883,28932,315
1784554380,28931.7,28947.1,28922.6,28946.7,308
1784554440,28946.6,28960.8,28938.6,28960.8,310
1784554500,28959.1,28971.7,28950.7,28954.6,308
1784554560,28954.2,28972.1,28952.1,28971.8,304
1784554620,28972.1,28990.6,28970.5,28982.6,308
1784554680,28979.6,28989.3,28971.3,28974.1,302
1784554740,28975.8,28976.1,28942.8,28949.6,317
1784554800,28950.1,28969.5,28946.2,28950.2,308
1784554860,28950.1,28980.6,28950.1,28970.5,306
1784554920,28970,28985.6,28968.8,28982.3,294
1784554980,28982.5,29005,28980.8,29001.3,305
1784555040,29000.2,29002.8,28990.6,29002.8,310
1784555100,29002.2,29015.5,28995.2,28995.2,304
1784555160,28993.1,29002.2,28972.6,28986.6,308
1784555220,28981.2,28984,28965.3,28966.6,310
1784555280,28966.7,28972.1,28957.8,28964.6,300
1784555340,28964.2,28968,28939.6,28942.7,296
1784555400,28941.1,28954.2,28921.7,28928.7,304
1784555460,28929,28930.1,28893.1,28898.2,306
1784555520,28897.3,28905.6,28857.7,28880.2,309
1784555580,28879.3,28884.1,28851.6,28875.7,311
1784555640,28876.3,28895.6,28869.3,28888.5,314
1784555700,28884.2,28888.8,28866.2,28870.5,312
1784555760,28872.2,28872.7,28843.8,28864.6,318
1784555820,28861.2,28861.2,28820.2,28823.3,306
1784555880,28824.3,28839.6,28806.1,28807.2,298
1784555940,28809.3,28828,28805.1,28819.1,306
1784556000,28815.3,28828,28804,28820.7,322
1784556060,28823.2,28826.2,28785.8,28810,322
1784556120,28809.6,28843.7,28809.6,28838.6,308
1784556180,28840.3,28858.5,28838,28858.5,314
1784556240,28858.3,28871.2,28838.5,28842.8,308
1784556300,28843.3,28850.5,28831.2,28831.2,312
1784556360,28829.6,28839.8,28817.2,28825.5,316
1784556420,28825.1,28842.3,28807.5,28837.5,318
1784556480,28839.2,28846.3,28816.1,28819.3,308
1784556540,28820.7,28836.5,28813.7,28832.2,310
1784556600,28831.2,28831.2,28782.5,28783.5,314
1784556660,28786,28802.6,28767.1,28778,310
1784556720,28777.6,28785.5,28763.3,28771.8,310
1784556780,28770.6,28792.8,28762.5,28790.8,304
1784556840,28793.7,28814.7,28787.5,28794,310
1784556900,28796.3,28821.6,28780.2,28821.3,309
1784556960,28820.5,28827.2,28783.7,28788,320
1784557020,28790,28791.1,28773.2,28776.2,313
1784557080,28776,28789.1,28764.7,28789.1,314
1784557140,28790,28800,28765.3,28783.5,318
1784557200,28783.6,28787.6,28748.3,28755.7,316
1784557260,28754.1,28756.7,28735.8,28746.6,304
1784557320,28748.3,28768.7,28732,28768.7,317
1784557380,28767.8,28799.6,28761.5,28795.2,314
1784557440,28794.7,28808.7,28791.6,28791.6,310
1784557500,28791.5,28823.5,28787.6,28818.3,312
1784557560,28818.2,28834.8,28805.8,28829.3,310
1784557620,28828.7,28836.8,28817.1,28817.7,318
1784557680,28819.1,28828.2,28801.8,28824.1,306
1784557740,28825.2,28855,28823,28853.6,314
1784557800,28854.5,28873.3,28848.1,28868,314
1784557860,28867.8,28869,28837.7,28851.1,304
1784557920,28851.7,28855.7,28814.6,28833.7,302
1784557980,28832,28832.2,28817.1,28821.2,304
1784558040,28822.2,28834.8,28805,28825.7,312
1784558100,28826.5,28849,28814.6,28843.2,308
1784558160,28844.2,28846.8,28816.2,28817,306
1784558220,28814.7,28824.5,28802.7,28817.2,314
1784558280,28816.8,28817.5,28796.7,28810.3,314
1784558340,28812.2,28826.2,28807.5,28814.7,308
1784558400,28814,28840.1,28812.6,28834.2,312
1784558460,28833.7,28839.2,28799.7,28801.5,306
1784558520,28803.2,28819.6,28798,28802.7,306
1784558580,28802.8,28811.2,28778,28783,305
1784558640,28781,28798.2,28777.2,28788,304
1784558700,28784,28802.6,28756.5,28798.6,316
1784558760,28799.3,28826.6,28797.6,28814.8,300
1784558820,28816.5,28825.3,28779,28779.7,304
1784558880,28777.8,28783.7,28752.5,28766.7,310
1784558940,28767.6,28773.3,28750.3,28751.3,308
1784559000,28750.1,28769,28743.5,28755.7,304
1784559060,28756.2,28763.5,28743.5,28751.8,308
1784559120,28752.2,28765.2,28735.5,28737.6,308
1784559180,28737.2,28740.1,28719.7,28727.7,314
1784559240,28730.6,28742.5,28725.8,28736.2,309
1784559300,28732.2,28746.1,28725.7,28745.8,309
1784559360,28743.8,28750,28708.5,28712.1,306
1784559420,28712,28720.5,28705,28718.8,308
1784559480,28719.3,28733.1,28701.3,28701.3,304
1784559540,28702.1,28725.3,28700,28716,318
1784559600,28715.6,28737.5,28698.2,28736,320
1784559660,28737.1,28745.5,28729.3,28744.5,320
1784559720,28745,28765.1,28742.5,28765,306
1784559780,28766.2,28779.6,28748.6,28751.8,308
1784559840,28752.6,28761.1,28737.2,28750.6,312
1784559900,28750.5,28763.1,28708.2,28714.1,306
1784559960,28715.2,28741,28714,28738.5,305
1784560020,28739,28770,28737.2,28766,316
1784560080,28765.5,28804.1,28762.5,28787.8,304
1784560140,28786.6,28811.1,28781.7,28810.7,314
1784560200,28808.2,28811,28777.8,28778,310
1784560260,28776,28783,28760.3,28771.5,296
1784560320,28771.3,28786,28765.2,28767.7,306
1784560380,28767.3,28787.2,28766.6,28782,296
1784560440,28781.7,28785.2,28761.3,28770.1,300
1784560500,28768.2,28788.3,28754.1,28787.6,308
1784560560,28786.5,28801.5,28781.8,28801.3,316
1784560620,28800.8,28817.8,28800.8,28815.8,310
1784560680,28815.6,28820.6,28807.5,28813.3,296
1784560740,28813.6,28815,28790.7,28796.3,300
1784560800,28796,28807.3,28783,28807.1,302
1784560860,28807.3,28826.1,28806.8,28820,302
1784560920,28819.8,28829.7,28816.6,28828.1,303
1784560980,28827.2,28847,28824.3,28824.3,294
1784561040,28826.3,28837,28821.1,28826.3,298
1784561100,28826,28837.3,28818.7,28826.5,306
1784561160,28828.2,28843,28823.3,28823.3,306
1784561220,28823.8,28836.8,28817.8,28818.3,308
1784561280,28819.2,28819.3,28794.8,28797.8,300
1784561340,28796.8,28840.3,28793.8,28838.7,300
1784561400,28839.5,28848.1,28839.2,28847.1,296
1784561460,28847,28854.1,28845.3,28852,300
1784561520,28851.3,28852.6,28841.6,28842.8,298
1784561580,28842.3,28846.8,28835.6,28845.3,295
1784561640,28845.2,28850.3,28834.1,28843.2,308
1784561700,28844.8,28849.8,28835.1,28845.1,300
1784561760,28842.6,28848.2,28838.2,28846.1,286
1784561820,28842.6,28848.5,28829.1,28830.8,292
1784561880,28832,28836.8,28826.2,28835.3,275
1784561940,28835.2,28843.3,28822.8,28823.3,310
1784562000,28823.5,28824.7,28810,28816.8,312
1784562060,28818.1,28836.5,28816.8,28831.3,294
1784562120,28829.7,28852.3,28829.7,28845.6,288
1784562180,28845.7,28857.3,28833.2,28836.7,303
1784562240,28835.3,28852.1,28829.2,28852.1,308
1784562300,28852.3,28854.3,28833.6,28840.8,298
1784562360,28840.5,28847.7,28835.3,28842,288
1784562420,28842.3,28849.7,28815.7,28824.2,298
1784562480,28820.2,28820.8,28804.3,28810.1,288
1784562540,28809.1,28818.8,28802.8,28809,298
1784562600,28808.8,28817.5,28799,28817.3,304
1784562660,28818.1,28845.2,28816.3,28840.2,286
1784562720,28840.3,28847.8,28835.7,28843.8,294
1784562780,28843.6,28863.3,28842.1,28861.2,287
1784562840,28861.3,28878.1,28861.1,28867.6,284
1784562900,28868.3,28882.1,28868.3,28879.2,274
1784562960,28879.6,28886.8,28876.1,28885.8,268
1784563020,28886.3,28888.1,28871.3,28877.8,276
1784563080,28876.2,28886.1,28867.3,28878.6,272
1784563140,28879.7,28883.6,28870.6,28875,276
1784563200,28874.8,28890.5,28870.1,28883.3,284
1784563260,28884,28892.2,28872.8,28872.8,271
1784563320,28871.1,28872.8,28854.1,28858.5,305
1784563380,28858.1,28883.5,28853.1,28883.5,304
1784563440,28883.1,28890.1,28882.1,28887.2,300
1784563500,28887.7,28916.7,28886.7,28915.6,290
1784563560,28913.5,28922.2,28906.6,28922.2,284
1784563620,28921.1,28926.1,28916.3,28924.6,283
1784563680,28926.1,28928.8,28923.1,28924.3,262
1784563740,28924.7,28929.1,28921.3,28927.1,272
1784563800,28926.3,28938.3,28925.3,28932.8,282
1784563860,28933.3,28939.1,28927.1,28932.1,256
1784563920,28931.7,28941.7,28931.2,28932.1,278
1784563980,28932.3,28938.8,28921.3,28924.6,266
1784564040,28924.5,28930.8,28918.7,28930.1,272
1784564100,28932.3,28932.6,28913.1,28913.2,276
1784564160,28912.8,28915.6,28908.5,28911.3,280
1784564220,28912,28923.1,28909.8,28923,258
1784564280,28923.6,28929.8,28916.8,28928.3,270
1784564340,28928.5,28929.3,28921.6,28928.1,262
1784564400,28927.6,28934.6,28924,28934.6,278
1784564460,28935.1,28935.6,28924.1,28927,275
1784564520,28927.7,28931.6,28924.3,28928,260
1784564580,28926.3,28932.6,28924.8,28929.8,244
1784564640,28930.1,28934.2,28918.1,28925.1,274
1784564700,28924.8,28928.8,28900.5,28905,278
1784564760,28904.3,28904.8,28894.1,28902.8,282
1784564820,28903.1,28911.1,28897.8,28903.3,278
1784564880,28903.1,28904.2,28896,28898.7,260
1784564940,28898.6,28908.8,28897.3,28907.3,260
1784565000,28909.1,28924.1,28903.3,28907.1,274
1784565060,28906.6,28908.5,28898.3,28905.5,268
1784565120,28904.3,28905,28888.3,28889.8,256
1784565180,28890.3,28892.1,28871.6,28871.7,286
1784565240,28871.8,28880.6,28867.5,28869.1,282
1784565300,28869.6,28880.6,28869.3,28877.1,256
1784565360,28878.3,28880.1,28872.1,28876.6,262
1784565420,28875.3,28887.1,28867,28887.1,270
1784565480,28886.8,28890.3,28874.3,28881.3,270
1784565540,28880.1,28899.2,28877.1,28897.8,268
1784565600,28897.3,28906.1,28887.6,28892.1,284
1784565660,28891.8,28898.1,28793.5,28837.2,296
1784565720,28841.3,28852.8,28825,28839.7,307
1784565780,28841,28850.5,28836,28845,300
1784565840,28846.1,28847.5,28820,28828.3,306
1784565900,28828.2,28830.7,28819,28826.2,301
1784565960,28826,28848.7,28816.1,28847.1,286
1784566020,28847.7,28864.8,28846.8,28859.6,298
1784566080,28859.8,28865.5,28855.3,28860.2,286
1784566140,28859.8,28875.1,28859.5,28873.6,276
1784566200,28873.8,28874.6,28850.8,28853.6,286
1784566260,28854.8,28860,28831.3,28836.8,298
1784566320,28835.6,28839.7,28823.7,28828.7,290
1784566380,28829.1,28830.8,28818.3,28828.5,288
1784566440,28828.6,28829.1,28799.2,28802.2,284
1784566500,28799.8,28808.3,28794.7,28806.1,294
1784566560,28805.7,28805.8,28781.6,28782.2,286
1784566620,28781.2,28796.3,28780.1,28793.6,292
1784566680,28794.3,28807,28794.1,28795.8,298
1784566740,28795.7,28812.2,28792.3,28807.1,278
1784566800,28808.3,28822.8,28804.6,28815.8,290
1784566860,28817.1,28820.1,28781.6,28785.3,284
1784566920,28786.3,28792.7,28779.1,28791.3,286
1784566980,28790.7,28795.5,28783.2,28793.1,272
1784567040,28792.5,28794.6,28784.1,28785.1,268
1784567100,28784.5,28788,28771.3,28777.6,260
1784567160,28777.1,28782.3,28766.1,28781.1,288
1784567220,28781.3,28783.6,28771.5,28772.3,286
1784567280,28773.2,28774.3,28762.1,28770.7,280
1784567340,28772.1,28793.6,28771.3,28791.1,270
1784567400,28789.8,28793.8,28763.3,28767.8,276
1784567460,28768.2,28770.1,28763.3,28768,274
1784567520,28767.8,28770.2,28761.2,28765.6,288
1784567580,28765.1,28770,28754.8,28761.8,270
1784567640,28761.3,28761.8,28746,28750.3,284
1784567700,28750.2,28750.2,28734.7,28736.8,296
1784567760,28737.1,28746.1,28736.5,28740.7,269
1784567820,28741.7,28765.6,28740.7,28764.1,280
1784567880,28764.8,28777.6,28764.6,28777.6,279
1784567940,28777.3,28783.6,28771.3,28779.8,286
1784568000,28777.8,28781.6,28768,28776.1,270
1784568060,28775.3,28788.1,28773.1,28785.1,284
1784568120,28785.3,28799.1,28785.3,28790.1,288
1784568180,28791.2,28796.1,28784.6,28794.6,270
1784568240,28794,28795.1,28777.1,28782.1,259
1784568300,28781.8,28792.8,28775.8,28792.8,284
1784568360,28793,28796.8,28782.1,28796.8,274
1784568420,28795.8,28797.6,28769.7,28772.7,288
1784568480,28773.3,28776.2,28769,28776,270
1784568540,28775.6,28785.6,28773.5,28782.2,262
1784568600,28782.7,28789.8,28770.8,28778.8,278
1784568660,28779.6,28780.3,28770.8,28773.7,278
1784568720,28773.6,28785.7,28770.6,28784.1,276
1784568780,28784.7,28789.3,28776.1,28778.8,274
1784568840,28777.8,28791.7,28777.3,28781.1,268
1784568900,28779.5,28796.1,28775.6,28789.5,270
1784568960,28789.7,28792.3,28769.6,28772.8,266
1784569020,28772.3,28776.1,28767.5,28771.3,271
1784569080,28771.7,28775.7,28766.3,28770.1,268
1784569140,28770,28781.1,28767.1,28769.3,276
1784569200,28769.1,28770.8,28751.3,28755,280
1784569260,28755.1,28756.8,28741.8,28751.7,280
1784569320,28751.6,28752.6,28740.7,28746.8,258
1784569380,28746.3,28748.5,28725.3,28729.3,265
1784569440,28729.5,28736.2,28726.3,28733.6,288
1784569500,28733.8,28763.3,28732.8,28762.7,280
1784569560,28762.8,28772.8,28751.1,28759,296
1784569620,28759.1,28767.3,28755.5,28767.1,282
1784569680,28767.5,28779.3,28767.1,28775.8,254
1784569740,28776.6,28777.8,28763.3,28769.5,270
1784569800,28769.3,28781.6,28766.5,28775.3,278
1784569860,28776.1,28790.6,28767.6,28789,258
1784569920,28788.6,28802.3,28787.6,28799.6,280
1784569980,28797.6,28801.6,28792,28798.5,262
1784570040,28797.8,28805.3,28793.1,28793.6,272
1784570100,28793.8,28794.1,28782.6,28790.5,288
1784570160,28789.1,28790.3,28766.1,28772.8,280
1784570220,28773.6,28789.1,28773.6,28785.1,283
1784570280,28784.8,28791.8,28775.7,28778.8,260
1784570340,28779,28780.8,28772.3,28780.3,268
1784570400,28780.6,28800.3,28780.6,28799.8,276
1784570460,28800,28813.7,28799.1,28813.3,284
1784570520,28813.1,28813.1,28801.2,28810.5,286
1784570580,28811.1,28815.3,28793,28796.8,266
1784570640,28797.5,28797.5,28788.2,28794.8,280
1784570700,28793.3,28802.8,28791.1,28796.8,264
1784570760,28797.1,28800,28785.5,28799.3,274
1784570820,28798.8,28802.7,28790,28791.3,278
1784570880,28790,28794.7,28781.3,28793,260
1784570940,28792.8,28811.8,28792.5,28811.8,278
1784571000,28812.1,28816.5,28804.6,28811.6,250
1784571060,28811.3,28813.3,28799.2,28808.1,256
1784571120,28809,28825.6,28806.6,28819.3,252
1784571180,28818.8,28824,28817.8,28820.6,240
1784571240,28821.8,28821.8,28814.5,28816.6,232
1784571300,28814.2,28817.3,28809.6,28811.3,260
1784571360,28811.6,28819.1,28803.1,28815.3,250
1784571420,28814.6,28833.3,28814.6,28820.6,253
1784571480,28821.3,28824.7,28805.6,28813.3,254
1784571540,28813.8,28817.7,28806.6,28817.1,228
1784571600,28816.5,28819.1,28804.7,28804.7,260
1784571660,28805.1,28809.3,28788.5,28798,268
1784571720,28798.2,28798.2,28783.3,28789.3,290
1784571780,28786.3,28789,28772.5,28779.3,282
1784571840,28778.2,28779.8,28763.3,28766.1,292
1784571900,28765.3,28783.7,28756.8,28783.5,280
1784571960,28781.8,28787.6,28779.3,28784,296
1784572020,28783.3,28785.7,28777.1,28779.3,276
1784572080,28779.1,28789.3,28773.2,28787.1,280
1784572140,28787.2,28795.1,28771.8,28771.8,276
1784572200,28772.8,28772.8,28746.6,28747.8,284
1784572260,28748.6,28754,28742.8,28754,284
1784572320,28754.5,28757.1,28744.8,28753.6,280
1784572380,28752.8,28752.8,28735.8,28740.8,286
1784572440,28741.2,28741.2,28719.6,28730.6,302
1784572500,28730.1,28752.7,28729.6,28747.6,268
1784572560,28747.8,28768.3,28747.8,28763.2,282
1784572620,28764.6,28769.6,28749.1,28749.1,260
1784572680,28749.3,28759.2,28739.7,28740.3,272
1784572740,28740.7,28740.7,28721.8,28730.3,284
1784572800,28729.8,28736.7,28715.6,28715.6,276
1784572860,28714.6,28716.3,28700,28712.1,280
1784572920,28713.3,28713.8,28701.6,28708.7,280
1784572980,28708.3,28711,28693.2,28700.1,288
1784573040,28699.3,28704,28683.8,28685.2,302
1784573100,28683.3,28693.6,28679.8,28688.2,298
1784573160,28688,28709.7,28684.8,28709.5,306
1784573220,28709.2,28714.5,28700.8,28706.6,292
1784573280,28707.1,28708.7,28699.3,28703.1,296
1784573340,28702.1,28709.5,28692.7,28693.7,292
1784573400,28694,28709.5,28689.6,28705.1,274
1784573460,28705.6,28706.3,28695.1,28700.3,276
1784573520,28701.7,28709.5,28697.3,28704.6,272
1784573580,28704.3,28715.3,28703.2,28713.8,276
1784573640,28717.1,28724.5,28710.3,28716.1,276
1784573700,28717.1,28719.1,28711.3,28717.3,286
1784573760,28716.5,28721.2,28708.8,28711.1,260
1784573820,28709.6,28710,28694.3,28694.7,266
1784573880,28693.3,28694.3,28679.8,28690.5,270
1784573940,28692.1,28703.3,28691.7,28694.6,278
1784574000,28696.1,28718.1,28693.1,28717.1,268
1784574060,28718.8,28719.2,28707.3,28713.8,286
1784574120,28713.3,28714.1,28681.7,28682.1,290
1784574180,28682.6,28684.1,28668.2,28669.3,271
1784574240,28669.2,28674.6,28660.6,28669.7,279
1784574300,28670.1,28675.8,28659.1,28662.6,288
1784574360,28661.8,28677.7,28657,28677.2,306
1784574420,28677.1,28677.7,28666.1,28676.1,284
1784574480,28676.6,28676.8,28667.8,28669.2,284
1784574540,28669.3,28681.1,28668.2,28672.6,286
1784574600,28672.3,28701.6,28671.3,28695.3,300
1784574660,28694.8,28694.8,28661.6,28670,284
1784574720,28669.7,28673,28658.6,28659.3,276
1784574780,28659,28659,28636.3,28637.6,297
1784574840,28639.3,28642.8,28631.7,28632.6,276
1784574900,28632,28645.2,28620.6,28639,292
1784574960,28640.1,28648.1,28632.8,28646.3,288
1784575020,28648.8,28657.2,28626,28641.3,288
1784575080,28642.3,28645.8,28634.8,28644.6,269
1784575140,28645.1,28650.8,28637.7,28637.8,286
1784575200,28638.3,28651.1,28627.2,28629.2,296
1784575260,28629.1,28640.7,28627.7,28629.7,282
1784575320,28630.1,28642.1,28630.1,28631.3,272
1784575380,28632.5,28646.6,28621.1,28646.6,299
1784575440,28646.5,28655.7,28641.1,28648.7,296
1784575500,28649.1,28652.6,28633.8,28634.6,276
1784575560,28634.2,28634.2,28623.8,28632.3,288
1784575620,28632.6,28636.5,28622.5,28636.5,276
1784575680,28637,28643.3,28628.1,28630.6,266
1784575740,28631.2,28690.8,28630.3,28678.2,290
1784575800,28679.6,28697.7,28662.8,28664.7,288
1784575860,28662.5,28690.8,28659.1,28689.2,288
1784575920,28688.5,28705,28686,28703.5,310
1784575980,28702.6,28706,28690.5,28691.5,286
1784576040,28692.3,28702.6,28687,28690.7,286
1784576100,28690.2,28693.7,28672.7,28674.8,289
1784576160,28674,28683.1,28668,28672.8,290
1784576220,28673.1,28676.8,28663.3,28666.6,272
1784576280,28664.5,28684.2,28661.3,28678.7,264
1784576340,28678,28697.1,28674.7,28685.3,282
1784576400,28683.3,28705,28678.3,28703.1,288
1784576460,28702.1,28716.1,28699.3,28710.3,276
1784576520,28710.5,28717.2,28687,28688.3,298
1784576580,28687,28696.6,28682.6,28695.3,282
1784576640,28695.6,28697.1,28688.1,28691,292
1784576700,28690.5,28702.7,28670.2,28673.6,302
1784576760,28674.1,28687.8,28665.6,28683.5,286
1784576820,28683.8,28683.8,28668.5,28672.1,272
1784576880,28671,28677.3,28667,28677.3,292
1784576940,28678.1,28692.3,28676.3,28690.6,288
1784577000,28673.3,28673.3,28643.7,28659.2,300
1784577060,28659,28659,28633.7,28636.8,306
1784577120,28637.1,28643.3,28631,28636.1,290
1784577180,28635.2,28635.3,28621.3,28622.1,286
1784577240,28619.3,28629,28617.7,28629,290
1784577300,28627.6,28627.6,28592.2,28601,292
1784577360,28597.5,28615.3,28597.1,28614.7,290
1784577420,28614.3,28618.8,28603.2,28604.3,290
1784577480,28603.8,28617.5,28603.5,28612.6,286
1784577540,28612.1,28618.7,28592.7,28609.1,305
1784577600,28611.3,28654.4,28611.3,28647.2,296
1784577660,28645.8,28645.8,28624.4,28625,262
1784577720,28625.4,28633.3,28617.3,28622.9,258
1784577780,28622.8,28624.4,28616.7,28617.7,232
1784577840,28617.5,28625.8,28614.5,28618,226
1784577900,28618.5,28624.4,28615.4,28621.3,204
1784577960,28620,28626.3,28617.8,28617.8,222
1784578020,28617.5,28617.5,28595.9,28602.9,260
1784578080,28603,28604.9,28597.2,28601.8,230
1784578140,28601.5,28601.7,28592.4,28597,226
1784578200,28595.3,28597.9,28592.3,28594.3,220
1784578260,28595.5,28598.5,28593.5,28596.3,192
1784578320,28596.4,28602.9,28596.4,28600.7,188
1784578380,28600.8,28606.7,28600,28604.3,196
1784578440,28603.3,28605.8,28595.3,28596.8,216
1784578500,28596.5,28598,28589.3,28590,202
1784578560,28589.7,28591.3,28588.3,28588.7,194
1784578620,28588.8,28589.8,28580.2,28581.6,206
1784578680,28581.1,28581.5,28577,28578.6,183
1784578740,28577.8,28583.3,28577.8,28581,186
1784578800,28581.3,28585.5,28580.2,28583.5,184
1784578860,28582.9,28585.3,28582.3,28583,160
1784578920,28582.8,28584.4,28578.9,28581.7,140
1784578980,28581.3,28582.4,28577.5,28581,154
1784579040,28580.5,28582.2,28579.3,28580.2,148
1784579100,28580.3,28586.4,28580,28585,156
1784579160,28584.5,28585,28574.5,28575.3,178
1784579220,28574.9,28577.3,28574.1,28576.8,162
1784579280,28578.4,28580.2,28577.3,28578.3,162
1784579340,28578.2,28583.5,28577.4,28582.4,130
1784579400,28582.5,28584.3,28581.7,28583.7,106
1784579460,28583,28586.9,28581.8,28584.3,162
1784579520,28584.8,28588.2,28584.2,28587,138
1784579580,28587.3,28595.3,28587.3,28594,138
1784579640,28593.7,28597.4,28593.7,28597,122
1784579700,28596.9,28597.9,28594,28597.8,124
1784579760,28597.9,28602.3,28597.4,28598.4,134
1784579820,28598.2,28602.3,28597.8,28601.5,144
1784579880,28601.2,28604.8,28598.4,28599.9,136
1784579940,28600.2,28600.2,28598,28599,130
1784580000,28598.8,28600.7,28596,28597.7,148
1784580060,28597.8,28600,28595.8,28597.5,134
1784580120,28597,28597.9,28587.7,28588.7,152
1784580180,28588.8,28590.9,28588.8,28589.8,126
1784580240,28589.2,28595.3,28589.2,28594.7,106
1784580300,28594.9,28598.7,28593.4,28595.5,148
1784580360,28595.9,28599.4,28594.9,28599.4,122
1784580420,28600.3,28603,28597.9,28602.5,124
1784580480,28602.8,28605.7,28602,28603.5,124
1784580540,28603.7,28604.7,28602.8,28604.7,134
1784580600,28604.5,28606,28600.9,28602.5,148
1784580660,28601,28601.9,28592,28596.2,148
1784580720,28598.2,28599.3,28594.8,28597.5,112
1784580780,28598.2,28601,28595.4,28596.7,114
1784580840,28596.8,28603.4,28595,28603.4,136
1784580900,28603.3,28603.3,28599.9,28600.5,138
1784580960,28600.3,28605.8,28600,28605.8,124
1784581020,28605.7,28606.2,28602.3,28605.3,128
1784581080,28605.4,28605.7,28604.4,28605.2,84
1784584800,28609.5,28609.5,28588.2,28597.8,122
1784584860,28596.2,28604.5,28594.2,28598.5,160
1784584920,28598,28598,28572.3,28578.2,162
1784584980,28578.4,28580,28573.9,28576.2,152
1784585040,28577.8,28582.9,28556,28557.8,178
1784585100,28559.5,28562.2,28541.4,28545.9,208
1784585160,28546,28554.3,28532.4,28532.4,186
1784585220,28533.7,28555.7,28533.7,28545.8,168
1784585280,28545.9,28558.5,28543.3,28547.8,148
1784585340,28547.9,28558.8,28547.9,28556.8,124
1784585400,28557,28560.3,28556,28557.2,138
1784585460,28558.5,28561.8,28548.9,28552.7,168
1784585520,28552.4,28556.8,28550.8,28554.3,136
1784585580,28554.7,28557,28552.5,28554.9,112
1784585640,28555.4,28555.8,28546.8,28547.2,122
1784585700,28547.3,28550.4,28544.9,28549,140
1784585760,28549.5,28550,28545,28546.3,102
1784585820,28547,28547,28540.5,28543.5,110
1784585880,28543.2,28549.5,28539.3,28540.8,156
1784585940,28541,28550.5,28541,28548.4,154
1784586000,28548.5,28551.2,28543,28545,134
1784586060,28544.9,28548.5,28543.3,28546.3,134
1784586120,28546.7,28549.7,28543.9,28545.3,128
1784586180,28543.9,28547.3,28542.4,28545.3,108
1784586240,28545.4,28555.3,28543.9,28551.4,132
1784586300,28551.8,28552.3,28544,28547.2,116
1784586360,28547.3,28555.2,28546.8,28554,116
1784586420,28553.3,28554,28538.2,28542,148
1784586480,28541.9,28547.5,28541.9,28547,108
1784586540,28544.9,28547.2,28543.4,28546.2,102
1784586600,28546.4,28553.9,28546.2,28551,110
1784586660,28552.5,28557.2,28552.5,28557.2,108
1784586720,28558.7,28560,28543.4,28549,158
1784586780,28549.2,28549.2,28538.8,28540.3,112
1784586840,28539.8,28539.9,28528.4,28532.8,146
1784586900,28532.9,28534.8,28530.5,28532.9,162
1784586960,28533.3,28536.9,28531.4,28535.4,126
1784587020,28534.7,28542.2,28533.8,28542,130
1784587080,28542.2,28542.2,28535.2,28537.3,134
1784587140,28537.4,28553.3,28537.4,28544.2,157
1784587200,28543.5,28544.5,28539.9,28540.9,116
1784587260,28540.7,28550.3,28539.2,28549.7,130
1784587320,28549.9,28550.5,28545.2,28549.5,134
1784587380,28549.4,28549.4,28545.9,28549,82
1784587440,28549.3,28550.9,28546.4,28550.4,96
1784587500,28552.7,28559.5,28548,28549.4,168
1784587560,28549.9,28550.3,28542.4,28543.8,132
1784587620,28544,28545.8,28541.3,28542.3,88
1784587680,28542.2,28542.5,28538.7,28538.7,98
1784587740,28538.2,28541.7,28533.9,28538.9,140
1784587800,28537.8,28538.9,28533.8,28535.9,144
1784587860,28536,28541.9,28535.4,28539.7,120
1784587920,28539.5,28540.8,28539.2,28540.3,74
1784587980,28539.5,28543.4,28539.5,28541.9,84
1784588040,28542,28546.5,28541.9,28543.8,86
1784588100,28544.2,28545.3,28542,28544.9,112
1784588160,28545,28545.4,28543.9,28545,68
1784588220,28544.9,28545.8,28541.8,28545.7,62
1784588280,28545,28545,28542.2,28542.8,66
1784588340,28542.7,28545.9,28542.5,28543.4,98
1784588400,28543.5,28547,28539.2,28540.2,106
1784588460,28540,28545.9,28538.9,28545.2,112
1784588520,28545,28559.8,28545,28553,168
1784588580,28552.7,28558,28551.2,28555.5,140
1784588640,28555.2,28560,28554.7,28559.9,128
1784588700,28562,28565.9,28562,28565.4,166
1784588760,28565.3,28566.4,28564.4,28566,140
1784588820,28572.4,28585.9,28571.8,28584.5,166
1784588880,28584.4,28592,28584.3,28591.4,156
1784588940,28591.2,28601.7,28591,28599.8,192
1784589000,28600.5,28604.3,28597.5,28602.7,161
1784589060,28602.4,28603.3,28597.2,28597.2,136
1784589120,28597.4,28600.9,28592.4,28594.9,140
1784589180,28594.8,28594.8,28586.7,28586.7,156
1784589240,28587,28595.3,28583.4,28594.8,128
1784589300,28594.9,28603.7,28594.9,28596.7,158
1784589360,28597,28597,28592.2,28592.7,114
1784589420,28592.5,28601.7,28592.4,28599.8,134
1784589480,28599.9,28612.8,28599.3,28605.4,168
1784589540,28604.9,28628,28604.2,28624.9,206
1784589600,28625.2,28628.5,28621.8,28624.8,164
1784589660,28624.5,28640,28624.5,28627.2,192
1784589720,28628.7,28641.8,28625.9,28640.7,184
1784589780,28640.3,28646.5,28638,28645.2,174
1784589840,28645.4,28645.5,28638.3,28639,172
1784589900,28639.2,28643.4,28638.9,28639.7,152
1784589960,28639.8,28641.3,28638.3,28638.3,134
1784590020,28636.5,28638.4,28632.9,28637.4,158
1784590080,28637.2,28640.5,28637.2,28640.3,92
1784590140,28642.3,28648,28640.5,28645.8,136
1784590200,28645,28648,28640.9,28645.2,172
1784590260,28643.7,28647.3,28643.5,28644.4,154
1784590320,28644.3,28650.5,28643.2,28647.9,172
1784590380,28648.3,28648.9,28641.3,28642.8,136
1784590440,28642.9,28643.8,28638.3,28641.9,138
1784590500,28642,28642.2,28640,28641,86
1784590560,28640.9,28641.4,28634.2,28635.3,152
1784590620,28635.2,28639.3,28635.2,28636.2,118
1784590680,28636,28641.2,28635.2,28639.3,106
1784590740,28639.8,28639.8,28635,28636.7,130
1784590800,28636.4,28640.4,28635.2,28639,94
1784590860,28638.7,28639,28634.4,28634.8,100
1784590920,28635.3,28637.2,28632.3,28632.5,102
1784590980,28632.8,28639.3,28632.8,28639,116
1784591040,28639.3,28642.9,28637,28637.5,106
1784591100,28637.8,28653.7,28631.8,28648.4,254
1784591160,28648.3,28651.5,28637.9,28642,228
1784591220,28642.2,28651.9,28634.8,28650.8,224
1784591280,28651.7,28652.3,28637.5,28637.5,200
1784591340,28636.4,28636.4,28626.3,28628.7,226
1784591400,28628.4,28628.9,28609.5,28611.7,224
1784591460,28610.8,28614.4,28592,28594.9,226
1784591520,28595.7,28595.7,28588.7,28591,232
1784591580,28592.4,28596.2,28587.3,28589,232
1784591640,28589.2,28610,28584.8,28609.4,240
1784591700,28608.8,28614.9,28602.4,28614.4,244
1784591760,28614.9,28626.5,28614,28623,220
1784591820,28621.9,28625.8,28617.3,28620.4,232
1784591880,28619.5,28627.8,28616.2,28619.2,218
1784591940,28618.3,28618.3,28601.3,28605.9,238
1784592000,28605.2,28605.2,28570.4,28571.5,304
1784592060,28570.7,28589.4,28560.8,28560.9,308
1784592120,28561.8,28564.7,28549.2,28552.9,286
1784592180,28552.4,28574,28550.2,28561.4,286
1784592240,28563,28569.7,28555.8,28566.3,282
1784592300,28568,28576.4,28550.7,28558.2,290
1784592360,28558.7,28574.4,28558.7,28567.8,292
1784592420,28563.9,28563.9,28533.3,28542.2,272
1784592480,28542.7,28548.9,28536.7,28545.3,274
1784592540,28544.9,28557.9,28543.4,28553.2,272
1784592600,28555.4,28556.8,28538.3,28544.4,280
1784592660,28543.9,28552.7,28535.8,28543.8,276
1784592720,28544.3,28569.3,28538.7,28564.7,272
1784592780,28564.9,28591,28564,28585.4,292
1784592840,28584.8,28591.4,28556.7,28563.7,292
1784592900,28564.8,28566.8,28545.3,28546.8,292
1784592960,28547.3,28566.8,28536.7,28563.7,282
1784593020,28561.8,28588.2,28557,28588.2,288
1784593080,28588.4,28597.4,28578.2,28594.4,284
1784593140,28595.2,28629.9,28594.3,28627.4,272
1784593200,28626.3,28633,28621.5,28623.3,286
1784593260,28622.8,28628.8,28609.9,28612,288
1784593320,28613.2,28614.3,28602.9,28606.9,288
1784593380,28606.4,28609,28598,28600.2,272
1784593440,28599.8,28623.5,28598.9,28622.8,270
1784593500,28622.3,28629.5,28609.2,28618.7,280
1784593560,28619.3,28631.5,28619.3,28629.3,266
1784593620,28628.8,28655.7,28627.5,28655.7,264
1784593680,28655.3,28660.7,28641.4,28646.8,270
1784593740,28645.5,28653.4,28642.5,28644,266
1784593800,28644.2,28657.8,28640.9,28651.3,286
1784593860,28652.3,28669.3,28652.3,28666.5,278
1784593920,28667.2,28679.9,28664.5,28679.9,256
1784593980,28681.2,28691,28675.7,28675.7,268
1784594040,28674.9,28689,28672.4,28686.5,274
1784594100,28687.4,28692.3,28682.4,28685.4,248
1784594160,28686.2,28691.4,28673.5,28678.5,266
1784594220,28678.3,28689.5,28669.3,28686.5,272
1784594280,28686.3,28695,28680.7,28682.8,240
1784594340,28683.3,28693.7,28682,28688.8,258
1784594400,28688,28695.8,28686,28687.9,232
1784594460,28687.5,28697.5,28685.5,28695.2,266
1784594520,28695.9,28705.9,28694.9,28698.7,258
1784594580,28698.8,28701,28680.2,28683,254
1784594640,28682.9,28696.2,28682.4,28692.8,238
1784594700,28695.8,28707.3,28690.3,28693.2,256
1784594760,28692.9,28702.5,28682,28702.4,256
1784594820,28702.5,28705.5,28695.8,28704,246
1784594880,28703.9,28718.8,28703.7,28715.4,264
1784594940,28715,28722.9,28713.3,28714.9,242
1784595000,28714.7,28722.9,28712.8,28720.7,242
1784595060,28720.3,28720.4,28712,28716,244
1784595120,28716.2,28721.7,28712.2,28717,238
1784595180,28717.3,28717.7,28711,28713.9,208
1784595240,28713.8,28717.3,28703.8,28708.4,230
1784595300,28708.2,28708.9,28693.3,28695.2,240
1784595360,28695,28697.4,28693.2,28694.7,244
1784595420,28693.9,28702,28690,28701.2,248
1784595480,28699,28699,28691.2,28693.3,242
1784595540,28693,28695,28682.9,28684.5,242
1784595600,28684,28689.4,28677,28681.9,290
1784595660,28682.8,28685.2,28671.5,28673.3,256
1784595720,28672.9,28678.4,28664,28675.4,260
1784595780,28676.7,28688.3,28666.8,28684.3,262
1784595840,28684,28704.3,28680.8,28703.3,274
1784595900,28703.4,28718.9,28699.7,28712,282
1784595960,28712.8,28727.5,28712.3,28718.4,280
1784596020,28716.9,28720.7,28704.8,28720.3,282
1784596080,28720,28733.5,28717.5,28728.7,250
1784596140,28728,28733.9,28722,28725.2,260
1784596200,28724.8,28736,28721.5,28727.9,260
1784596260,28729.2,28731.7,28721.3,28722.9,248
1784596320,28723.2,28735,28721.4,28734.9,248
1784596380,28735,28735,28721.4,28724.2,250
1784596440,28724.3,28736.8,28722.5,28729.9,240
1784596500,28730.8,28738.3,28729.9,28733.4,256
1784596560,28733.2,28738.2,28726.4,28728.5,266
1784596620,28727.9,28733.3,28713.3,28714,250
1784596680,28713.2,28713.8,28704,28706,252
1784596740,28706.2,28730.7,28699.3,28724.9,260
1784596800,28723.3,28733,28709.8,28729.3,274
1784596860,28728.8,28728.8,28718,28718.4,260
1784596920,28717.8,28723.7,28710.3,28720.5,232
1784596980,28720.4,28720.8,28712.9,28713.7,228
1784597040,28713.2,28726.4,28713.2,28717.2,230
1784597100,28717.5,28722,28713.5,28721.7,222
1784597160,28721.2,28721.2,28708.4,28714.2,242
1784597220,28713.8,28722.7,28711.5,28713,250
1784597280,28712.2,28719.5,28710.4,28718.9,232
1784597340,28719,28726,28714.4,28717.2,234
1784597400,28717.3,28731,28713.3,28714,248
1784597460,28713.5,28726,28713.2,28726,260
1784597520,28725.8,28730.9,28722.4,28730.8,250
1784597580,28730.3,28737.7,28725.7,28736.4,244
1784597640,28737.8,28742.4,28734.2,28738.8,216
1784597700,28738.5,28741.3,28733.3,28735.3,248
1784597760,28735.4,28746.8,28732.7,28745.9,254
1784597820,28745.2,28747.5,28738.2,28745,212
1784597880,28744.4,28746.5,28730.9,28732.2,238
1784597940,28731.8,28731.8,28715.2,28715.9,254
1784598000,28713.9,28724,28704.8,28723.3,238
1784598060,28723.4,28724.2,28703,28703.3,250
1784598120,28703.4,28707.5,28701.8,28704,234
1784598180,28704.3,28705.7,28693.5,28695.2,266
1784598240,28694.9,28704.4,28693.9,28701.4,254
1784598300,28701.7,28713,28696.3,28712.2,272
1784598360,28712.7,28716.7,28710.7,28714.5,260
1784598420,28715.4,28728.4,28713.8,28721.4,260
1784598480,28720.7,28735.8,28720.7,28727.2,236
1784598540,28727,28737,28726.4,28729,212
1784598600,28729.7,28733.5,28722.4,28730,236
1784598660,28729.3,28730.4,28713.2,28715,250
1784598720,28715.7,28720.8,28715.7,28720.2,240
1784598780,28720.4,28720.8,28711.2,28717.9,254
1784598840,28716.8,28724.3,28712.3,28723.7,254
1784598900,28723.5,28723.5,28709.5,28713.2,262
1784598960,28713.8,28718.2,28702.3,28705.2,230
1784599020,28705.4,28706.2,28698.3,28706,234
1784599080,28705.8,28708.4,28702.7,28705.2,208
1784599140,28705.5,28710.8,28700.8,28710.8,248
1784599200,28713.7,28716.3,28709.8,28714.3,246
1784599260,28714,28717.3,28705.4,28707.2,266
1784599320,28707.5,28719.3,28704.5,28716.4,260
1784599380,28717.7,28733.4,28716.9,28733.4,252
1784599440,28733.2,28738.5,28729.5,28735.7,230
1784599500,28736,28761.8,28733.8,28757.9,260
1784599560,28757.8,28764.4,28751,28753.8,258
1784599620,28753.5,28757.2,28749,28750.5,232
1784599680,28750.4,28751.9,28739.4,28739.4,246
1784599740,28740.9,28741,28722.4,28722.9,236
1784599800,28722.3,28726,28708.2,28710,252
1784599860,28708.8,28718.2,28706.5,28717,264
1784599920,28716.5,28718.7,28707,28711.3,230
1784599980,28711.5,28717.5,28710.4,28711.9,214
1784600040,28712,28713.9,28708.4,28711.7,220
1784600100,28710.9,28716.5,28706,28706.8,214
1784600160,28706.5,28707.5,28698.8,28703.3,250
1784600220,28703.8,28709.8,28703.2,28704.7,218
1784600280,28706.3,28708.2,28704.5,28704.5,218
1784600340,28702.8,28702.8,28686.2,28690.2,232
1784600400,28689.9,28694.7,28686,28691.2,246
1784600460,28691.3,28707.2,28691.3,28707.2,226
1784600520,28707.4,28716.5,28706.2,28712.9,222
1784600580,28714.4,28730.7,28714.4,28730.7,218
1784600640,28729.3,28740.2,28729.3,28738.9,230
1784600700,28739.2,28745.4,28736.9,28742.4,230
1784600760,28742.5,28742.5,28731.5,28734.9,224
1784600820,28735.3,28735.9,28722.4,28728.3,228
1784600880,28727.8,28731,28723.2,28726.5,212
1784600940,28726.8,28729.9,28720.2,28720.4,258
1784601000,28719.9,28739.4,28719.9,28734.3,238
1784601060,28733.5,28742,28731.3,28742,222
1784601120,28741.9,28746.5,28737.7,28745,228
1784601180,28744.8,28747.4,28740.3,28745,222
1784601240,28744.9,28753,28744.7,28748.3,220
1784601300,28749.2,28752.7,28747.3,28751.3,212
1784601360,28751,28769.2,28751,28768.2,228
1784601420,28768.4,28773.3,28761.9,28772.9,214
1784601480,28772.5,28775.9,28770.3,28774.7,210
1784601540,28774.4,28775.5,28770.4,28771.3,216
1784601600,28772.2,28774.8,28770.2,28771.7,238
1784601660,28771.8,28772.2,28767.9,28768.9,216
1784601720,28769,28773,28768.3,28769.9,204
1784601780,28769.5,28781,28769.2,28778.3,188
1784601840,28778.4,28778.5,28773.5,28775.4,212
1784601900,28775.8,28776.2,28767.7,28772.7,208
1784601960,28773.4,28773.5,28768.9,28772.7,216
1784602020,28771.8,28773.4,28769.8,28770.4,198
1784602080,28770.7,28775.4,28768.8,28774.4,200
1784602140,28773.9,28774,28760.5,28761.9,192
1784602200,28762.4,28767,28757.7,28766.7,208
1784602260,28766.4,28768.7,28765.2,28767.2,174
1784602320,28767.4,28767.4,28757,28757.7,230
1784602380,28757.2,28761.8,28754.2,28757,184
1784602440,28756.7,28765.7,28756.7,28762.7,222
1784602500,28762.8,28768.5,28760.4,28766.2,226
1784602560,28767.4,28777.4,28766.9,28772.3,220
1784602620,28772.7,28774.9,28770.2,28771.4,192
1784602680,28771.2,28778,28771.2,28777.3,176
1784602740,28777.4,28782.9,28776.7,28780.9,210
1784602800,28781.3,28788.4,28777.5,28782.9,256
1784602860,28782.8,28793,28781.2,28793,179
1784602920,28792.5,28799.9,28792.5,28795.7,220
1784602980,28795.5,28800.9,28792.8,28796.2,200
1784603040,28796,28796,28790.7,28794.3,170
1784603100,28794.4,28798.5,28790.5,28791,207
1784603160,28791.1,28796.2,28790.9,28796.2,198
1784603220,28795.5,28795.9,28792.7,28794.3,200
1784603280,28793.7,28795.2,28792.3,28793.5,191
1784603340,28794,28797.4,28791.8,28793.3,166
1784603400,28793.4,28801.8,28792.8,28801.2,204
1784603460,28801.6,28807.8,28801.6,28807.2,174
1784603520,28807,28807.9,28800.2,28800.3,202
1784603580,28800.7,28803.8,28800.3,28803.8,152
1784603640,28803.2,28803.2,28800.4,28801.9,166
1784603700,28801.2,28803.3,28798.3,28803.3,188
1784603760,28803.2,28803.2,28798.2,28800.7,184
1784603820,28800.9,28812.5,28800.8,28810.2,162
1784603880,28810.4,28815.3,28808.4,28814.5,186
1784603940,28814.4,28819.9,28812.4,28817.3,180
1784604000,28816.8,28816.8,28812.8,28814.7,170
1784604060,28814.4,28820.5,28813,28814.8,206
1784604120,28814.9,28817.8,28813.9,28815.8,158
1784604180,28815.9,28818.4,28814.8,28817.2,170
1784604240,28817,28821.2,28816.2,28818.4,176
1784604300,28818.2,28820.5,28817.2,28817.2,166
1784604360,28816.8,28819,28812.9,28812.9,186
1784604420,28812.2,28816.2,28812,28812.8,188
1784604480,28812.5,28818.5,28812.4,28818.4,148
1784604540,28818.5,28823.9,28814.8,28822.3,198
1784604600,28822.4,28826.9,28819.3,28823.7,222
1784604660,28823,28832.2,28819.7,28831.9,224
1784604720,28832,28838.3,28828.4,28838.3,222
1784604780,28838.4,28841.5,28837.3,28838.2,204
1784604840,28838.3,28842.5,28838.3,28841.3,184
1784604900,28841.9,28854.5,28839.2,28854.4,214
1784604960,28854.5,28863.8,28852,28852.4,212
1784605020,28852,28854.4,28850.4,28854.4,194
1784605080,28854,28856,28852.4,28855.9,184
1784605140,28855.8,28865.8,28855.7,28865.5,226
1784605200,28865.4,28867.8,28861,28866,182
1784605260,28866.4,28875.5,28865.9,28874.7,220
1784605320,28874.9,28874.9,28869,28869.9,168
1784605380,28870,28872,28867.8,28869.3,162
1784605440,28869.5,28869.9,28860,28860.3,188
1784605500,28860.7,28876.3,28860.7,28875.8,212
1784605560,28876,28890.7,28875.8,28889.5,228
1784605620,28890,28891.9,28884.5,28886.9,212
1784605680,28886.7,28892,28883.9,28888.5,208
1784605740,28888.8,28899.3,28888.8,28894.8,224
1784605800,28894.4,28899,28889.3,28898.9,218
1784605860,28899,28900.3,28896,28900,200
1784605920,28899.3,28899.7,28892.9,28898.3,184
1784605980,28900.3,28903.2,28898.8,28900.3,210
1784606040,28899.9,28901.5,28895,28901.3,206
1784606100,28901.2,28904.2,28883.7,28883.7,210
1784606160,28883,28887.9,28883,28886.2,169
1784606220,28885.8,28888.7,28884.2,28885.7,182
1784606280,28885.3,28886.3,28882.3,28884.8,166
1784606340,28884.9,28900.5,28884,28898.8,194
1784606400,28901.4,28908.3,28888.3,28889.3,235
1784606460,28889.4,28904.9,28886.8,28902.8,206
1784606520,28902.7,28906,28900.3,28904.2,182
1784606580,28904.3,28904.3,28890,28892.3,184
1784606640,28892.9,28894.7,28888.5,28888.5,194
1784606700,28889.4,28901.2,28885.3,28899.5,188
1784606760,28900.8,28915.3,28898.3,28903.2,234
1784606820,28903.3,28905.7,28899.8,28905.4,194
1784606880,28905,28908.7,28903.2,28903.3,182
1784606940,28903,28903.3,28895.4,28895.4,196
1784607000,28895.2,28903.2,28892.8,28902,200
1784607060,28901.8,28902.3,28894.5,28895.7,208
1784607120,28895.8,28898.8,28895,28897.9,160
1784607180,28898.5,28901.5,28894.3,28894.8,190
1784607240,28894.4,28897.7,28892.4,28893.7,180
1784607300,28893.4,28894.2,28889.7,28890.9,204
1784607360,28891,28895.8,28890.2,28893,196
1784607420,28892.2,28892.9,28889.4,28890.7,178
1784607480,28890.9,28898.3,28889.5,28894.8,198
1784607540,28894.7,28895.7,28886.7,28887,182
1784607600,28886.9,28898.7,28886.5,28898.2,207
1784607660,28898.4,28903.3,28895.7,28896.8,178
1784607720,28897.2,28897.2,28887.3,28889.5,192
1784607780,28889.2,28892,28882.5,28882.5,188
1784607840,28882.3,28889.4,28882.2,28889.4,155
1784607900,28888,28900.8,28887.5,28895.9,192
1784607960,28896.4,28898.2,28888.3,28890.5,182
1784608020,28890.4,28893.5,28890,28892,198
1784608080,28892.3,28896.2,28890.9,28892,172
1784608140,28890.7,28893.7,28888,28891.8,153
1784608200,28892.3,28894,28887.4,28888,182
1784608260,28887.3,28889.4,28886,28886.2,162
1784608320,28886.3,28890.8,28884.4,28888,188
1784608380,28888.2,28890.2,28884.9,28887.7,174
1784608440,28888.2,28890.4,28886,28886.4,200
1784608500,28887.7,28896.7,28887.3,28896.7,190
1784608560,28896.2,28898.9,28886.2,28887.8,208
1784608620,28887.7,28897.3,28887.5,28896.5,192
1784608680,28896.3,28900.5,28894.8,28899.2,170
1784608740,28899.9,28901.9,28896.2,28897.3,178
1784608800,28897.4,28899.7,28896.7,28897.4,174
1784608860,28897.7,28897.7,28887.7,28894,190
1784608920,28893.9,28894.7,28885,28888.5,169
1784608980,28887.8,28890.8,28885.2,28890.8,196
1784609040,28890.3,28891.3,28887.3,28890.9,176
1784609100,28891.5,28891.5,28885.2,28888.5,162
1784609160,28888.7,28891.8,28887.2,28891.8,172
1784609220,28891.3,28900,28890.9,28898.5,162
1784609280,28898.3,28903,28897.8,28900.4,174
1784609340,28900.5,28901.2,28898.2,28899.3,154
1784609400,28899,28899.7,28894.4,28894.9,182
1784609460,28894,28895.4,28884.2,28884.3,178
1784609520,28883.9,28884.5,28877.6,28884.2,204
1784609580,28884.2,28885.2,28878.4,28879.3,195
1784609640,28879.2,28882.8,28878.9,28880.5,190
1784609700,28881.7,28881.7,28878.7,28880.2,172
1784609760,28879.9,28880.2,28875.9,28876.7,204
1784609820,28876.5,28882.2,28875.8,28881.8,214
1784609880,28881.7,28889.3,28881.7,28889.3,206
1784609940,28888.9,28889.4,28877.8,28881.9,178
1784610000,28881.7,28886.2,28879.5,28884.5,224
1784610060,28884.7,28885.2,28880.5,28883.3,190
1784610120,28883.5,28885.4,28879,28884.3,196
1784610180,28884,28887.4,28882,28883,198
1784610240,28882.8,28886.5,28881,28882.9,182
1784610300,28883.7,28884.7,28877.3,28880.2,188
1784610360,28880.7,28881.8,28874.9,28881,202
1784610420,28881.3,28882.2,28875.5,28882.2,201
1784610480,28882.5,28884.3,28876.9,28877.7,204
1784610540,28877.3,28881.7,28876.3,28878.4,168
1784610600,28878.2,28878.3,28869,28870.4,196
1784610660,28870.5,28870.8,28865,28865.3,176
1784610720,28864.9,28866.2,28860.3,28864.7,170
1784610780,28864.3,28868.3,28863.3,28867.8,164
1784610840,28866.9,28868.3,28861.5,28861.7,200
1784610900,28861.9,28863,28859.5,28859.5,180
1784610960,28859.2,28859.2,28849,28849,221
1784611020,28849.5,28853.5,28846.7,28852.2,208
1784611080,28851.7,28853.2,28844.8,28851.7,210
1784611140,28852,28853,28842.3,28845.3,241
1784611200,28844.9,28852.8,28844.4,28851.4,218
1784611260,28851.3,28855.5,28850.9,28852.9,228
1784611320,28853.2,28857.9,28850,28854.9,212
1784611380,28854.7,28865.5,28850.7,28865.5,228
1784611440,28864.4,28875.5,28864.4,28869.9,232
1784611500,28869.8,28871.3,28866.9,28869.4,214
1784611560,28868.9,28882.5,28867.7,28880.9,220
1784611620,28881,28890.5,28879.8,28889.4,210
1784611680,28889.8,28896.7,28885.5,28886.3,205
1784611740,28886.7,28893.9,28885.3,28891.8,192
1784611800,28892.8,28897.3,28886.4,28888.7,208
1784611860,28889.4,28889.8,28881.4,28882.5,218
1784611920,28882.4,28882.8,28874.6,28875.4,200
1784611980,28875.5,28879.4,28867.4,28867.8,180
1784612040,28868.7,28885.3,28866,28884.7,218
1784612100,28883.4,28893.7,28881.7,28892.9,206
1784612160,28892,28898.3,28891.9,28895.7,210
1784612220,28895.2,28895.5,28886.7,28887,173
1784612280,28887.1,28889.9,28884,28885.2,186
1784612340,28885.5,28891.7,28884,28887.3,214
1784612400,28888.5,28904,28888.5,28901.5,228
1784612460,28902.4,28909.2,28900.4,28908.3,228
1784612520,28908.2,28908.8,28904.3,28906.2,200
1784612580,28906.4,28919.9,28905.9,28910.7,236
1784612640,28910.5,28914.4,28909.4,28913.7,207
1784612700,28913.3,28913.3,28897.5,28901.7,214
1784612760,28902.2,28906,28901.9,28904.7,190
1784612820,28905,28905.9,28898.7,28905.9,194
1784612880,28905.7,28917.9,28905.7,28916.5,188
1784612940,28916.3,28917,28910.5,28912.2,218
1784613000,28912,28919.9,28911.5,28914.2,188
1784613060,28914.5,28925.8,28914,28920.9,205
1784613120,28920.7,28922.4,28917,28920,190
1784613180,28920.9,28923.4,28918.5,28920.9,204
1784613240,28921.3,28927.2,28920,28923.8,206
1784613300,28923.4,28927.7,28920.4,28926.8,216
1784613360,28927,28929,28923.7,28924.5,208
1784613420,28923.5,28928.9,28921.4,28921.4,186
1784613480,28921,28930.9,28921,28930.9,202
1784613540,28930.8,28930.8,28924.5,28925.4,190
1784613600,28924.9,28935.2,28923.4,28931.4,236
1784613660,28931.7,28939.5,28925.6,28938.7,224
1784613720,28939,28940.3,28933.8,28937.5,226
1784613780,28937.4,28943.8,28936.4,28937.2,206
1784613840,28937.4,28945.5,28933.8,28945.5,207
1784613900,28944.8,28946.9,28942.2,28945.3,192
1784613960,28944.9,28951.2,28943.3,28950.5,198
1784614020,28950.2,28951.5,28936.6,28943.4,206
1784614080,28943.2,28943.2,28934.2,28937.9,189
1784614140,28938.2,28944.2,28937,28942.2,174
1784614200,28942,28946.8,28936.3,28945.2,208
1784614260,28944.9,28951,28940.3,28950.2,210
1784614320,28950.8,28955.8,28943,28955.3,210
1784614380,28954.5,28965.3,28947.2,28964.3,214
1784614440,28963.8,28964,28958.2,28959.2,168
1784614500,28959,28961,28952.3,28952.3,216
1784614560,28952.7,28967.8,28952.7,28965.4,196
1784614620,28965.7,28967,28961.7,28964.8,180
1784614680,28964.9,28965.9,28959.7,28962.2,194
1784614740,28962.7,28966,28952.4,28953.8,194
1784614800,28955,28955.2,28946.1,28947.5,198
1784614860,28947.8,28952.7,28941.3,28942.8,219
1784614920,28943.2,28951.7,28937.5,28937.5,192
1784614980,28936.3,28951.2,28935.5,28950.9,200
1784615040,28951.2,28955.7,28941.4,28943.3,216
1784615100,28943.2,28953.2,28942.7,28946,218
1784615160,28946.2,28950.7,28943.7,28945.8,218
1784615220,28945.4,28946.4,28938.4,28945.3,176
1784615280,28944.3,28947.2,28943.7,28943.9,188
1784615340,28944.8,28950.9,28936.7,28936.7,218
1784615400,28938.2,28954.5,28938.2,28945.5,260
1784615460,28944.5,28957.4,28944.4,28948.7,240
1784615520,28949.4,28953,28948.8,28952.7,224
1784615580,28952.5,28958,28949.7,28957.3,204
1784615640,28958,28960.8,28952.9,28960.3,224
1784615700,28959.8,28978.5,28959.7,28971.2,236
1784615760,28970.5,28974.2,28969.3,28971.7,201
1784615820,28971.5,28972.2,28960.8,28963.9,180
1784615880,28963.8,28965.5,28954.5,28955,184
1784615940,28955.7,28964.4,28955.7,28964.3,194
1784616000,28963.9,28969.9,28962.4,28968.2,166
1784616060,28967.9,28980.4,28965.3,28976.9,176
1784616120,28977.2,28978.9,28975,28976.2,168
1784616180,28976.4,28979.3,28972.4,28976,174
1784616240,28976.2,28980.9,28975.4,28980.5,154
1784616300,28980.7,28981.4,28973.3,28973.4,182
1784616360,28973.3,28973.3,28960.8,28960.8,170
1784616420,28960.7,28961.5,28957.3,28959.7,182
1784616480,28959.8,28960,28957.3,28959.8,164
1784616540,28960.3,28976.5,28960.2,28975,194
1784616600,28975.4,28976.7,28971.2,28971.2,172
1784616660,28969.5,28971,28964.9,28965,170
1784616720,28965.4,28970.8,28965.2,28969.8,166
1784616780,28969.4,28970.7,28966,28966,148
1784616840,28966.2,28969.9,28963.2,28967.7,172
1784616900,28967.5,28974.5,28967,28969.5,150
1784616960,28969.8,28972.2,28968.4,28971.3,152
1784617020,28972.2,28974.5,28970,28970.8,170
1784617080,28971.3,28972.9,28966.2,28966.3,178
1784617140,28966.9,28974.9,28965.9,28973.5,198
1784617200,28973.2,28980.7,28966.8,28971.3,258
1784617260,28972,28976.7,28967.8,28976.2,230
1784617320,28975,28982.9,28968.2,28979.9,240
1784617380,28979.8,28986.5,28979.4,28982.8,220
1784617440,28982,28983.5,28971.9,28974,238
1784617500,28974.9,28979.8,28973.9,28979.8,206
1784617560,28981,28981.8,28974,28974.5,194
1784617620,28974.8,28977.4,28966,28967.9,176
1784617680,28968.2,28969.8,28962.4,28962.5,200
1784617740,28963.8,28967.2,28962.2,28964.2,200
1784617800,28963.9,28970.7,28961.2,28969.4,210
1784617860,28970,28972.2,28966,28966.9,224
1784617920,28967.4,28969.2,28959.7,28959.8,212
1784617980,28959.9,28959.9,28944.3,28949.2,222
1784618040,28948.9,28958.7,28948.8,28957.8,196
1784618100,28957.5,28957.5,28948.5,28949,210
1784618160,28948.5,28950.2,28941.5,28942.2,194
1784618220,28941.4,28948.4,28940.7,28947.3,204
1784618280,28947.8,28952.3,28944.2,28944.2,186
1784618340,28943.4,28953,28943.2,28952,206
1784618400,28951.4,28951.4,28939.5,28940.3,196
1784618460,28940.2,28940.2,28931.5,28936.7,198
1784618520,28937.9,28941.9,28931,28935.9,214
1784618580,28936.4,28938.7,28933.8,28933.8,192
1784618640,28933,28934.8,28926.9,28931.5,202
1784618700,28931.9,28938.9,28926.2,28926.8,210
1784618760,28926.9,28926.9,28921,28921.5,216
1784618820,28921,28928,28919.5,28928,208
1784618880,28929,28936.5,28926.9,28935.4,214
1784618940,28935.2,28937.3,28928.9,28930.3,194
1784619000,28930.5,28930.9,28914.5,28915,228
1784619060,28915.8,28925.8,28915.8,28925.8,208
1784619120,28925.9,28932.5,28924.5,28932.4,210
1784619180,28931.9,28945.9,28931.8,28941.4,211
1784619240,28941.5,28946,28941.5,28945.9,186
1784619300,28945.8,28950.4,28943.9,28948.9,186
1784619360,28948.2,28953.2,28948.2,28949.5,194
1784619420,28949.9,28951.8,28945.3,28946.7,193
1784619480,28946.5,28948.2,28943.2,28944.2,198
1784619540,28944.4,28946.7,28940.9,28945.9,188
1784619600,28944.9,28949,28938.5,28939.8,212
1784619660,28939.7,28945.8,28939.7,28942.2,174
1784619720,28941.5,28942.5,28938,28939.4,182
1784619780,28939.2,28940.7,28936.7,28937.8,194
1784619840,28937.9,28938.5,28935.2,28938.4,172
1784619900,28938.5,28941.4,28932.8,28935,194
1784619960,28935.2,28938.4,28934.4,28934.5,184
1784620020,28934.8,28936.2,28933.2,28935.8,176
1784620080,28935.7,28938.2,28933.7,28938,168
1784620140,28938.4,28938.4,28919,28923.7,198
1784620200,28923.9,28929,28919.7,28919.7,188
1784620260,28919.9,28923.4,28918.7,28922.9,176
1784620320,28923.4,28931.9,28921.8,28931.9,188
1784620380,28931.7,28932.2,28927.3,28932,196
1784620440,28931.8,28937.7,28930.3,28934.7,194
1784620500,28934.9,28939.3,28931.3,28939,182
1784620560,28938.8,28941.9,28935.9,28938.9,190
1784620620,28938.8,28940.5,28936.5,28936.9,180
1784620680,28937,28946.5,28934.8,28945.8,178
1784620740,28945.2,28946.9,28942.4,28944.8,196
1784620800,28944.7,28952,28940.4,28951.9,258
1784620860,28951.4,28957.3,28932,28937.5,236
1784620920,28940.7,28947.5,28931.5,28937.5,254
1784620980,28937,28950.4,28935.7,28946.8,210
1784621040,28947.3,28960.8,28946,28958.7,224
1784621100,28961,28961.9,28954,28955.2,210
1784621160,28955.9,28961.2,28954.4,28960.3,216
1784621220,28960.2,28961.7,28953.2,28956.5,236
1784621280,28956.7,28962.4,28955.4,28962.4,228
1784621340,28962,28966.4,28960.8,28962.4,220
1784621400,28962.2,28963.8,28956,28961.3,220
1784621460,28961,28962.2,28949,28956.9,206
1784621520,28956.5,28956.8,28949.9,28952.3,192
1784621580,28952.5,28974.9,28949.4,28974.9,228
1784621640,28974.8,28980,28971.3,28978.4,222
1784621700,28978.5,28982.3,28973.7,28974,214
1784621760,28973.6,28977.5,28972.5,28976.2,224
1784621820,28975.8,28975.8,28970.2,28971.8,178
1784621880,28972,28975,28966.6,28970.2,190
1784621940,28969.5,28973.7,28968.8,28973.2,196
1784622000,28971.9,28977.4,28968,28971.8,162
1784622060,28971.5,28980.5,28971.5,28979,202
1784622120,28979.9,28983.8,28977.5,28980.3,196
1784622180,28980.5,28984.3,28977.5,28980.7,174
1784622240,28980.3,28989.8,28977.7,28987.2,192
1784622300,28987.7,28993.7,28984.2,28985.3,216
1784622360,28984.2,28985.9,28981.7,28984.8,194
1784622420,28984.9,28986.7,28979.9,28983.7,194
1784622480,28984.3,28990.9,28983.5,28989,162
1784622540,28988.7,28994.2,28983.4,28994,190
1784622600,28995,28999.9,28990,28990.9,218
1784622660,28990.5,28997.3,28987.7,28993.3,200
1784622720,28991.3,29001.2,28990.2,28999.9,190
1784622780,28999.4,29001.3,28995,28995.3,168
1784622840,28994,28995.4,28987.8,28987.8,192
1784622900,28988,28999.7,28984.4,28997.3,202
1784622960,28997.9,28998.5,28993.4,28994.9,158
1784623020,28994.7,28998.4,28993,28994.4,164
1784623080,28995.2,28995.4,28985.4,28985.9,172
1784623140,28986,28994.4,28983.8,28987.9,195
1784623200,28987.8,29001.2,28982.9,29001.2,198
1784623260,29001,29002.3,28995.4,28999.3,170
1784623320,28999.2,29000.3,28992.3,28996.2,156
1784623380,28995.4,29000.7,28994.8,28996.9,174
1784623440,28996.8,29000.4,28993.4,28993.4,178
1784623500,28994.4,28995.5,28984.2,28984.4,172
1784623560,28984.9,28987.5,28981.5,28983.8,184
1784623620,28983.7,28985.2,28976.7,28977.9,172
1784623680,28978.8,28985,28978.8,28982.4,174
1784623740,28982,28988.3,28981.9,28987.3,164
1784623800,28987.2,28990,28984,28985.4,162
1784623860,28985.3,28986.9,28981.9,28986.9,156
1784623920,28987.5,28991.7,28981.9,28983,175
1784623980,28983.7,28987.9,28981.7,28984.2,198
1784624040,28983.7,28988.2,28983.2,28986.8,154
1784624100,28986.2,28992.2,28984.7,28991.7,164
1784624160,28991.5,28992.9,28988.5,28991.9,144
1784624220,28991.8,28992,28983.5,28992,156
1784624280,28993,29001,28992.4,28996.3,174
1784624340,28996.2,28996.2,28992.4,28993.4,136
1784624400,28993.9,29000.9,28989.4,28995.9,192
1784624460,28995.8,29007.7,28995.8,28999.9,188
1784624520,28999.2,29002.4,28993.9,28998.2,186
1784624580,28998.3,29001.2,28994.5,28998,178
1784624640,28998.2,28999.3,28990.2,28997.4,182
1784624700,28997.2,29000,28994.2,28997.4,194
1784624760,28997.8,28999.9,28995.5,28999.7,166
1784624820,28999.8,29005.5,28999.2,29001.7,194
1784624880,29001.9,29003.4,28998.3,29002,170
1784624940,29001.8,29003.8,28997,29002.9,186
1784625000,29002.5,29005.8,29002.2,29005.5,154
1784625060,29003,29005.8,28997.2,28998.8,178
1784625120,28998.5,29000.8,28994.7,28997.5,184
1784625180,28997.9,29002.9,28997.3,28999.9,184
1784625240,29000.2,29000.7,28994.9,28997.8,146
1784625300,28998,29005.7,28997.9,29004.9,184
1784625360,29004.3,29011.8,29004.2,29008.9,170
1784625420,29009.4,29014,29007.5,29014,204
1784625480,29013.3,29015.8,29008.5,29015.8,202
1784625540,29016.5,29022,29012.8,29013.5,186
1784625600,29013,29022,29010,29014.2,201
1784625660,29014.4,29015.8,29009,29012.4,178
1784625720,29012.5,29014.4,29007.9,29009.2,158
1784625780,29008.8,29011,29005.4,29005.4,168
1784625840,29004.9,29013.4,29004.9,29008.3,190
1784625900,29008.4,29014,29008.3,29013.5,170
1784625960,29012.7,29013,28998.9,28999.9,184
1784626020,28999.5,29000,28995.2,28996.2,188
1784626080,28997.2,29000.2,28995,28995.8,182
1784626140,28996,28997.5,28991.4,28993.3,180
1784626200,28992.9,28996,28982.5,28988.4,208
1784626260,28988.9,28996.7,28987.8,28996.3,200
1784626320,28996.4,28999,28995.8,28998.9,182
1784626380,28999,29005.9,28999,29001.4,134
1784626440,29001.3,29003.5,28997.9,28997.9,168
1784626500,28998,28999.4,28993.9,28994.4,158
1784626560,28994,28994.2,28980.8,28980.8,178
1784626620,28980.7,28984,28979.4,28983.5,166
1784626680,28982.9,28984.4,28980.2,28981.5,162
1784626740,28980.9,28990.4,28977.9,28989,170
1784626800,28987.2,28988.2,28981.8,28983,162
1784626860,28983.3,28986.4,28982.9,28985.2,164
1784626920,28985.4,28991.8,28984.9,28990.3,122
1784626980,28988.5,28995,28986.7,28994.5,152
1784627040,28995.2,28997,28992.7,28992.7,138
1784627100,28991.7,28997.4,28988.7,28996.9,206
1784627160,28997,29009.3,28997,29006.7,190
1784627220,29006.8,29006.8,29004.2,29005.3,142
1784627280,29005.2,29007.7,29002.9,29004.8,142
1784627340,29004.4,29011,29004.3,29008.2,164
1784627400,29007.5,29007.9,29000.5,29002.2,170
1784627460,29001,29004.4,28998.2,29002.9,166
1784627520,29002.5,29007.2,28998.7,28999.4,172
1784627580,28999.7,29005.8,28997.8,29004,154
1784627640,29003.8,29004.9,29001,29004,144
1784627700,29003.8,29003.9,28999,28999,172
1784627760,28998.4,29002.2,28989.9,28989.9,166
1784627820,28989.7,28990.5,28981.4,28983.2,182
1784627880,28982.9,28984.7,28979.9,28983.9,180
1784627940,28984,28985.7,28980.9,28980.9,146
1784628000,28981.7,28993.5,28981.7,28984.9,214
1784628060,28984.5,28991.9,28984.3,28990,176
1784628120,28990.5,29008.7,28983.5,29002.3,240
1784628180,29001.5,29001.7,28989.3,28993.3,174
1784628240,28993.5,28993.7,28985.9,28989,182
1784628300,28989.8,28992.2,28982.4,28982.7,172
1784628360,28983,28986.4,28982.3,28986,184
1784628420,28986.2,28987.8,28982.7,28984.5,158
1784628480,28984.3,28988,28984.2,28985.4,160
1784628540,28985.5,28989.2,28984.2,28984.2,156
1784628600,28984.4,29016,28982.3,29007.5,244
1784628660,29006.9,29023.1,29003.7,29017.5,280
1784628720,29017.2,29019,29002.4,29002.4,246
1784628780,29003.2,29008.8,28999.2,28999.2,224
1784628840,28999.9,29003.8,28997.3,28997.9,200
1784628900,28997.7,29002.3,28994.8,28995,204
1784628960,28994.8,29003,28994.7,28997.3,212
1784629020,28997.8,29004.3,28997.7,29004,187
1784629080,29004.4,29005.4,29001.7,29005.4,178
1784629140,29005.8,29006,28997.9,29001.8,168
1784629200,29000.9,29006.5,28999.5,29006.4,188
1784629260,29005.5,29011.2,29002,29002.7,164
1784629320,29002.2,29009.8,29002.2,29009.7,144
1784629380,29009.5,29011.9,29007.2,29010.3,172
1784629440,29009.8,29013.4,29002.7,29006.5,176
1784629500,29006.8,29008,29004.5,29005.2,176
1784629560,29005.4,29005.5,28992.2,29001.4,186
1784629620,29001.5,29004.4,28998.7,28998.9,162
1784629680,28999.3,29006.7,28999.3,29004,174
1784629740,29003.4,29003.9,28999.7,29000.7,172
1784629800,29001,29002.5,28996.9,28997.2,158
1784629860,28997.3,29001.4,28997.3,29000.4,154
1784629920,29000.5,29011,29000.2,29011,171
1784629980,29011.2,29012.8,29005.9,29008,156
1784630040,29009.4,29011.8,29008.2,29008.9,134
1784630100,29008.5,29016.8,29005.9,29008.2,154
1784630160,29007.9,29029.3,29007.9,29022.5,180
1784630220,29021.5,29021.8,29009.2,29015.7,190
1784630280,29015.3,29016.2,29003.3,29005.3,198
1784630340,29005.4,29005.9,29002.4,29004.7,174
1784630400,29003.9,29005.5,28991.5,28993.4,194
1784630460,28993.5,28995.5,28992.3,28994.5,177
1784630520,28994.4,28999.9,28993.2,28998,178
1784630580,28998.3,29003.8,28996.2,29003.7,160
1784630640,29003,29004.9,28996.7,28998.3,170
1784630700,28997.9,28999.9,28995.4,28996.4,156
1784630760,28996.7,28996.7,28982.4,28990.4,196
1784630820,28991,28997.7,28989.3,28997.7,176
1784630880,28997.2,29007.4,28996.5,29005.5,156
1784630940,29005.4,29011,29003.8,29007.9,146
1784631000,29007.7,29007.9,28999.5,29000.7,172
1784631060,28997.8,29001.7,28994.3,28999.8,168
1784631120,29000.3,29005.8,28999.2,29005,160
1784631180,29005.2,29005.9,28996.8,28996.8,172
1784631240,28996.7,28997,28992.2,28992.2,168
1784631300,28993.4,28994.9,28991.2,28993,146
1784631360,28992.9,28995.3,28991.8,28994.9,162
1784631420,28994.7,28995.9,28990.5,28991,146
1784631480,28991.2,28994.3,28989.9,28991,128
1784631540,28991.5,29003,28991,28993.4,164
1784631600,28994.8,29010.4,28990.7,28994.3,246
1784631660,28994.7,28995.9,28989.2,28990.3,198
1784631720,28990.2,28990.2,28983.4,28986.9,182
1784631780,28986.8,28987.2,28980.2,28980.8,198
1784631840,28981.2,28983.4,28968.3,28969,224
1784631900,28969.7,28969.8,28965.8,28969.3,200
1784631960,28970.3,28973,28966,28968.3,200
1784632020,28968.5,28968.5,28961,28964.5,208
1784632080,28964.4,28966.4,28961.9,28964.7,196
1784632140,28964.9,28968.8,28962.8,28963.2,178
1784632200,28963,28965.7,28961.3,28962.4,200
1784632260,28962.5,28964.7,28960.2,28964,160
1784632320,28964.2,28984,28963.9,28983.3,214
1784632380,28983,28987.4,28981.3,28984.4,198
1784632440,28984,28988.9,28983.8,28984,176
1784632500,28984.5,28985.8,28970.2,28978.7,166
1784632560,28978.8,28980.5,28973.8,28975.2,152
1784632620,28975.7,28978.5,28970.3,28970.3,188
1784632680,28970.4,28976.8,28970,28970.7,174
1784632740,28970.5,28971.4,28955,28959.7,206
1784632800,28959.5,28964.7,28948.7,28948.9,212
1784632860,28949,28953.2,28948,28952.2,214
1784632920,28951.5,28958.8,28949.8,28958.3,180
1784632980,28958.4,28963,28958.4,28963,178
1784633040,28962.5,28967.9,28961.5,28967.7,190
1784633100,28967.8,28969.2,28956.4,28956.4,200
1784633160,28956.2,28960.5,28948.2,28952.3,180
1784633220,28952.7,28962.4,28947.8,28957.9,214
1784633280,28958.2,28962.5,28957,28958.5,178
1784633340,28958.3,28961.8,28954.8,28954.8,168
1784633400,28955.3,28970.4,28953.3,28968.2,208
1784633460,28968,28968,28961.7,28961.7,192
1784633520,28961.8,28964,28960.3,28962.7,174
1784633580,28961.9,28969.4,28959.8,28960.3,172
1784633640,28960.9,28969.9,28959.8,28968.4,166
1784633700,28967.5,28976.7,28966.9,28976.7,184
1784633760,28976.9,28979.2,28974.2,28977.3,194
1784633820,28977.2,28988,28976.5,28988,190
1784633880,28987.8,28995.9,28987.7,28989.5,217
1784633940,28989.7,28998.5,28983.9,28983.9,218
1784634000,28985.2,28987.3,28983,28983.9,216
1784634060,28983.5,28992.7,28982.2,28989.7,204
1784634120,28989.2,28991.9,28986,28988.9,176
1784634180,28990,28996.7,28986.7,28995.7,182
1784634240,28996.5,28996.9,28989.7,28993.5,182
1784634300,28992.8,28997.8,28992.2,28993.3,164
1784634360,28993.4,28993.5,28989.8,28991.9,158
1784634420,28992,29002.2,28991.2,29000.4,180
1784634480,29000.2,29002.7,28998.4,29001.2,178
1784634540,29001.4,29007.2,29000.3,29005.5,160
1784634600,29005.4,29008.5,28996.8,28997,188
1784634660,28997.2,28998.9,28988.4,28990,192
1784634720,28989.5,28991.3,28983.8,28985.3,180
1784634780,28985.2,28985.9,28979.8,28981.7,186
1784634840,28982.2,28985.2,28980.4,28982.3,152
1784634900,28982.7,28984.9,28980,28982.7,184
1784634960,28982.9,28986.2,28978.7,28979.7,192
1784635020,28979.2,28979.4,28971.8,28974.8,186
1784635080,28975.3,28978.5,28972.7,28972.8,192
1784635140,28972.7,28979.8,28972.3,28979.5,158
1784635200,28982,28999.4,28981.7,28988.3,238
1784635260,28987.9,28987.9,28973.5,28974.9,186
1784635320,28974.7,28979.3,28972.7,28974.9,212
1784635380,28974.7,28979.2,28974.2,28975,204
1784635440,28975.8,28991.3,28974.8,28989.9,212
1784635500,28990.5,28992.3,28986.7,28988.7,194
1784635560,28988.9,28996.8,28984.9,28992.4,190
1784635620,28992.5,29005.9,28992.5,29004.9,208
1784635680,29005,29016.2,29002.8,29014,238
1784635740,29013.5,29014.7,29007.4,29009.8,208
1784635800,29008.5,29012.3,29005.2,29006.7,226
1784635860,29007.2,29017.2,29007,29015.2,202
1784635920,29014.9,29020.7,29013.4,29015.2,210
1784635980,29013.9,29018.3,29011.7,29015.8,208
1784636040,29015.9,29016.4,29003.5,29003.7,178
1784636100,29004.5,29004.9,28971.9,28972.9,228
1784636160,28971.9,28990.7,28964.8,28990,262
1784636220,28989.5,28999.3,28985.9,28998.3,224
1784636280,28998,28999.8,28976.5,28977.9,238
1784636340,28977.8,28983.9,28976.9,28977.3,232
1784636400,28977.8,28980.5,28970.5,28975.4,214
1784636460,28974.3,28975,28966.4,28972,218
1784636520,28972.4,28973.9,28966.7,28967,210
1784636580,28966.4,28969.4,28961.9,28968.9,196
1784636640,28969.9,28981.5,28969.7,28979,210
1784636700,28979.3,28979.3,28973.7,28976.7,214
1784636760,28976.5,28978.9,28972.3,28975.7,206
1784636820,28975.4,28975.4,28963.8,28967.9,210
1784636880,28966.4,28966.5,28960.4,28962,186
1784636940,28962.3,28966.3,28960.2,28960.2,186
1784637000,28960.4,28968.4,28960.4,28967.2,212
1784637060,28966.8,28966.9,28959.9,28965.5,200
1784637120,28965.4,28966,28954.8,28954.8,228
1784637180,28954.5,28960.4,28954.5,28956.9,210
1784637240,28958,28963.3,28954,28960,214
1784637300,28960.3,28960.8,28948.3,28951.3,206
1784637360,28951.2,28956.3,28945,28952.7,244
1784637420,28952.5,28956.5,28947.4,28955.4,198
1784637480,28954.9,28957.7,28952.2,28953.7,216
1784637540,28954.3,28962.8,28953.3,28960.9,212
1784637600,28960.3,28960.3,28948,28951.3,206
1784637660,28951.8,28952.8,28941.8,28942.5,228
1784637720,28942.4,28947,28938.4,28947,230
1784637780,28946.8,28969.2,28942.5,28948,260
1784637840,28948.3,28963.3,28947.9,28961.3,270
1784637900,28962.3,28973.8,28961,28972,252
1784637960,28971.5,28975.8,28965.5,28968.8,244
1784638020,28969,28985.4,28966.2,28984.4,246
1784638080,28984.3,29003.3,28984.3,28997,260
1784638140,28997.3,28999.7,28992.8,28995.8,244
1784638200,28995.3,29001.2,28995.3,28998,226
1784638260,28997.9,28999.8,28992.9,28993.8,230
1784638320,28993.7,29009.2,28992,29007.3,248
1784638380,29006.3,29008,29003.3,29007,228
1784638440,29006,29013.5,29000.8,29003.4,240
1784638500,29003.3,29006.5,28999.4,29003.2,230
1784638560,29002.8,29002.8,28997.7,28999.7,218
1784638620,28999.9,29005.2,28997.5,29001.8,214
1784638680,29002.3,29007.5,29000.8,29005.3,236
1784638740,29006.3,29006.3,28998,28998.9,214
1784638800,29003.3,29009.7,28994,28997.2,264
1784638860,28997.5,29002.2,28996.4,28999.2,224
1784638920,28999.3,28999.3,28992.2,28992.5,218
1784638980,28992.4,28995.8,28990.3,28993.9,218
1784639040,28995,28996,28990.2,28990.2,200
1784639100,28990.4,28998.3,28988.4,28990.9,204
1784639160,28991,28996.5,28989.9,28989.9,214
1784639220,28988.8,28992.3,28983.4,28990,200
1784639280,28989,28993.2,28987.8,28991.3,218
1784639340,28991.4,28992.2,28986,28988,230
1784639400,28987.5,28989,28984.2,28985.9,192
1784639460,28986,28990.2,28983.5,28985.7,208
1784639520,28985.3,28989.8,28984.8,28986,190
1784639580,28985.9,28989.8,28984,28989.8,212
1784639640,28990.2,28993.4,28987.4,28989.4,236
1784639700,28988.8,28993.7,28986.9,28989.5,218
1784639760,28989.7,28990,28984.2,28984.4,232
1784639820,28984.5,28992.7,28983.4,28991.4,248
1784639880,28991.5,28997.8,28990.5,28995,236
1784639940,28994.9,28997.8,28992.5,28995.7,194
1784640000,28995.8,28999,28994.3,28998.3,194
1784640060,28998.7,29007.5,28996,29005.8,218
1784640120,29005.4,29006,28999.9,29002.2,208
1784640180,29001.2,29004.4,28997,29002.7,212
1784640240,29002.3,29005.5,28996.9,29004.8,226
1784640300,29011.3,29018.2,29008.7,29015.4,248
1784640360,29015,29024.7,29014.9,29018.2,232
1784640420,29018.7,29031.8,29015.2,29031,250
1784640480,29035,29039.2,29033,29036.3,258
1784640540,29036,29050,29033.9,29050,258
1784640600,29051.3,29071.8,29013.6,29013.6,318
1784640660,29010.6,29024.1,28980.5,28995.8,320
1784640720,28998.3,28999.1,28979.8,28993.8,322
1784640780,28993.3,29009.3,28965.3,28966.1,304
1784640840,28966.3,28982.2,28961.3,28973.3,304
1784640900,28973.8,29014,28966.6,29013.7,310
1784640960,29015,29049.6,29014,29026.1,324
1784641020,29023.2,29023.2,28984.1,29000.5,312
1784641080,29000.2,29031.8,28990.7,29026.6,312
1784641140,29029.3,29040.1,29015,29017.2,306
1784641200,29016.3,29018.8,28978.3,28991.3,316
1784641260,28991.6,28992.3,28962.8,28972.6,318
1784641320,28973.8,28992.8,28964.2,28970,320
1784641380,28970.5,29005.6,28970.5,28977.5,314
1784641440,28977.2,28994.6,28956.8,28967.5,298
1784641500,28971.7,28978.6,28954.1,28961.8,310
1784641560,28962.6,28969.3,28939.8,28941.6,312
1784641620,28941.3,28952.3,28922.8,28942.6,326
1784641680,28943.5,28955.6,28932.3,28950.1,312
1784641740,28949.6,28968.8,28947.6,28968.1,314
1784641800,28969.8,28995.6,28967,28983.1,320
1784641860,28984.2,29003.1,28966.3,28968.3,322
1784641920,28967.1,28987.8,28946.3,28987.2,306
1784641980,28986.6,28997.8,28968,28987.8,315
1784642040,28985.5,28992.2,28960,28967.7,316
1784642100,28965.3,28988.8,28957.6,28965.3,320
1784642160,28962.7,28963.3,28931.3,28936,308
1784642220,28935.2,28940,28921.1,28939.6,316
1784642280,28939.7,28944.8,28927.3,28939.3,308
1784642340,28939.8,28979.3,28937.7,28978.2,312
1784642400,28981,29014.2,28975.1,28996.1,312
1784642460,28996,29006.8,28976.5,28982.7,308
1784642520,28983,28992.3,28958.3,28958.5,306
1784642580,28958.6,28959.1,28915.8,28939.3,318
1784642640,28938.6,28943.1,28923.5,28940.3,306
1784642700,28939.1,28942.1,28910.5,28928.1,300
1784642760,28930.1,28963.7,28928.3,28960.3,304
1784642820,28959.7,28959.7,28925.3,28932.2,310
1784642880,28927.8,28932.2,28911.1,28920.7,320
1784642940,28920.8,28929.6,28901.8,28906.5,318
1784643000,28908,28918.7,28891.1,28907,312
1784643060,28908.3,28923.2,28894.3,28910.7,306
1784643120,28911.3,28927.5,28911.3,28917.8,302
1784643180,28915.8,28946,28915.8,28945.8,302
1784643240,28944.3,28963.1,28944.3,28956.1,310
1784643300,28957.1,28957.1,28900.8,28912.1,313
1784643360,28912.5,28914.6,28894.8,28912.3,308
1784643420,28911.3,28931.7,28899.8,28928.7,302
1784643480,28928.8,28987.6,28927.3,28979.8,306
1784643540,28979.1,28988.2,28974.2,28984.2,312
1784643600,28983.3,28997.2,28965.7,28967.3,316
1784643660,28966,28968.8,28940,28944.2,306
1784643720,28944.6,28979.1,28944.6,28971,302
1784643780,28971.8,28977.7,28960,28973,298
1784643840,28974.8,28981.3,28965.2,28974.6,296
1784643900,28971,29007.6,28968.6,29003.8,312
1784643960,29003.6,29011.1,28995.8,29008.6,306
1784644020,29008.2,29036.2,29005.8,29032.6,304
1784644080,29033.8,29044,29023.7,29026.2,308
1784644140,29025.6,29036.2,29020,29033.5,300
1784644200,29032.8,29045.6,29030,29043.5,302
1784644260,29043.3,29056.1,29032.1,29054.3,304
1784644320,29054.7,29055.1,29037.6,29042.5,304
1784644380,29043.8,29048.1,29035.3,29038.3,294
1784644440,29038.6,29055.7,29034,29044.3,306
1784644500,29044.8,29061.7,29043.8,29053,303
1784644560,29053.3,29057.5,29035.5,29047.6,296
1784644620,29047.2,29049,29036,29044.5,296
1784644680,29043.7,29045.2,29013.6,29024.7,292
1784644740,29025.5,29031.5,29014.5,29030.2,294
1784644800,29029.2,29034,29016.1,29027.3,304
1784644860,29027.1,29028.2,29002,29003,306
1784644920,29002.2,29015,28990.5,29014.7,312
1784644980,29015,29048.2,29015,29042.8,312
1784645040,29043.3,29051.8,29043,29050.5,294
1784645100,29053.7,29080.5,29053.7,29065.5,292
1784645160,29066.5,29075.2,29057.7,29061.2,288
1784645220,29061.7,29061.7,29038.7,29049.3,308
1784645280,29049.5,29082.2,29048.8,29064,312
1784645340,29064.5,29066.5,29053.6,29054.3,302
1784645400,29055.6,29059.2,29041.3,29054.6,302
1784645460,29053.5,29058.2,29037.2,29056.3,302
1784645520,29057.1,29062.2,29043.6,29045.7,275
1784645580,29044.5,29051,29040.5,29049.6,272
1784645640,29049.8,29059.6,29045.1,29056.7,290
1784645700,29057.1,29063.1,29052.1,29059.7,292
1784645760,29058.7,29061.2,29039.1,29040.7,308
1784645820,29042.1,29058.6,29042.1,29051.7,292
1784645880,29052,29066.1,29046.6,29064.2,307
1784645940,29064.1,29067.8,29058.8,29064.3,294
1784646000,29064.6,29070.7,29057.7,29068.3,306
1784646060,29068.6,29070.7,29051.5,29055,302
1784646120,29055.7,29055.7,29024.3,29026.8,300
1784646180,29027,29031.7,29019.6,29030.2,306
1784646240,29028.8,29033,29021.6,29025.8,282
1784646300,29026.1,29034.5,29008.8,29034.3,294
1784646360,29034,29061,29034,29057.1,300
1784646420,29058,29085.3,29056.5,29084.2,292
1784646480,29083.5,29090,29080.2,29088.7,290
1784646540,29090,29107.2,29087.7,29100.5,288
1784646600,29100.7,29108.8,29097,29102.2,286
1784646660,29100.1,29104.2,29097.1,29100.7,278
1784646720,29101.2,29120.6,29099.2,29119.5,286
1784646780,29118.6,29123.3,29112.1,29114,294
1784646840,29112.3,29122.7,29112.2,29117.6,284
1784646900,29119.7,29124.2,29112.5,29113.7,270
1784646960,29114,29117.5,29107.6,29114.7,274
1784647020,29114.6,29122.3,29111.6,29122.3,270
1784647080,29121.1,29122.1,29115,29119.1,250
1784647140,29118.7,29122.6,29108.1,29111.5,272
1784647200,29110.5,29113.1,29098.8,29102,280
1784647260,29101.5,29134.3,29099.7,29122.2,288
1784647320,29123.1,29126.5,29117.1,29121.2,272
1784647380,29120.5,29122.7,29111.7,29119.6,268
1784647440,29120,29129,29118,29127.2,260
1784647500,29127.1,29134,29124.1,29134,260
1784647560,29132.5,29145.2,29132,29142.6,266
1784647620,29142.2,29146,29140.2,29141.5,244
1784647680,29141.7,29143.8,29133.7,29135.6,250
1784647740,29135.7,29135.7,29124.8,29134,266
1784647800,29134.7,29134.7,29123,29124.7,282
1784647860,29125.2,29129.5,29114.3,29115.7,254
1784647920,29115.3,29120,29114.3,29116.1,266
1784647980,29116,29119.2,29096.1,29108.6,282
1784648040,29108.2,29124.7,29107.5,29121.8,272
1784648100,29123.2,29132.5,29110.7,29112.7,284
1784648160,29111.8,29124.1,29108.1,29120.1,244
1784648220,29120.5,29122.6,29111.2,29114.2,254
1784648280,29115.1,29116.2,29102.6,29105.6,260
1784648340,29105.8,29113.6,29103,29103.3,270
1784648400,29103,29107.6,29094,29096.6,260
1784648460,29097,29109.6,29096.7,29102.8,277
1784648520,29103.1,29107.2,29099.7,29105.5,258
1784648580,29105.8,29107.2,29096.1,29102.7,246
1784648640,29102.5,29105.2,29085.1,29087.5,282
1784648700,29086.8,29096.5,29085.2,29090.7,264
1784648760,29091.3,29096.2,29088.1,29093.7,260
1784648820,29093.2,29104.3,29089.2,29103,266
1784648880,29103.1,29114.3,29103.1,29106.8,285
1784648940,29107.2,29118.2,29107.2,29115.5,254
1784649000,29115.6,29127.1,29114.1,29116.5,274
1784649060,29116.7,29123.5,29114.2,29118,254
1784649120,29118.5,29122.5,29105,29106.6,272
1784649180,29107.5,29117,29105,29115.2,256
1784649240,29115.7,29115.7,29100.5,29101.5,266
1784649300,29102,29109.5,29094.5,29096.7,256
1784649360,29097.7,29109.7,29092,29106.1,250
1784649420,29106.5,29107.5,29097.7,29101.5,270
1784649480,29102,29105.8,29099,29099.3,262
1784649540,29099.5,29099.5,29084,29086.3,264
1784649600,29086.5,29103.2,29081.2,29098.7,280
1784649660,29099.2,29107,29099.2,29106.3,260
1784649720,29105.2,29112.5,29102.2,29105,256
1784649780,29104.5,29116.7,29104,29116.7,258
1784649840,29116.6,29129.7,29116.6,29129.5,260
1784649900,29129.6,29134.7,29125.6,29134.1,258
1784649960,29134.5,29138.5,29132.6,29135.6,268
1784650020,29135,29139.1,29131.7,29136.8,278
1784650080,29136.7,29150.3,29136.1,29136.8,262
1784650140,29136.1,29140.7,29133.2,29134.6,272
1784650200,29135.7,29138.2,29132.7,29135,260
1784650260,29134.8,29140.6,29133.8,29137.2,264
1784650320,29137.3,29138.7,29129,29131.7,248
1784650380,29133.1,29133.1,29123.6,29125.8,262
1784650440,29126.2,29132.6,29123,29128.3,256
1784650500,29128.8,29146.3,29127.6,29140.5,272
1784650560,29141,29144,29137.1,29139.8,250
1784650620,29140.2,29145.5,29139.8,29142,250
1784650680,29141.2,29143.1,29130.6,29133.3,254
1784650740,29133.7,29142.1,29130.5,29142.1,240
1784650800,29141.8,29145.7,29139.5,29144.7,246
1784650860,29144.2,29149.3,29141.2,29148.7,244
1784650920,29149.1,29155.8,29146.2,29153.1,238
1784650980,29152.7,29163.5,29152.7,29157.6,278
1784651040,29158.5,29161.8,29149.6,29152.5,254
1784651100,29152,29156.7,29146.8,29146.8,256
1784651160,29147.7,29147.7,29138.8,29139.8,258
1784651220,29139.7,29143.3,29131.6,29137.8,282
1784651280,29139.5,29143.7,29136,29142.5,256
1784651340,29142,29142.2,29137,29138.7,242
1784651400,29139.8,29144,29132.8,29143.5,248
1784651460,29144.2,29149,29133.1,29136.5,264
1784651520,29135.7,29136.5,29131.2,29134,234
1784651580,29134.7,29137.5,29130.1,29134.1,260
1784651640,29133.5,29141.3,29132.3,29140.7,250
1784651700,29141,29143.5,29135.6,29141.5,250
1784651760,29141.2,29146.8,29135.5,29145.5,256
1784651820,29144.2,29152.2,29143,29152.2,250
1784651880,29152.1,29157.3,29151.6,29157.3,240
1784651940,29157.1,29157.8,29152.6,29157.2,216
1784652000,29156.8,29161.3,29155,29155,228
1784652060,29154.1,29156.7,29145,29146.6,240
1784652120,29146.1,29151.5,29139.7,29141.2,252
1784652180,29141.5,29149.2,29140.8,29148,212
1784652240,29147.8,29148.7,29140.8,29147,251
1784652300,29146.5,29151.8,29146.3,29147,240
1784652360,29146.8,29148.6,29139,29148,237
1784652420,29147.8,29155.4,29147.4,29151.4,224
1784652480,29151.6,29153.4,29148.6,29148.8,238
1784652540,29149,29155.3,29148.8,29151.8,246
1784652600,29151.5,29162.4,29150.3,29162.1,252
1784652660,29162.4,29171.4,29161.3,29169.8,250
1784652720,29170.9,29172.5,29168.9,29170.3,230
1784652780,29170.6,29173.1,29168.6,29170.4,210
1784652840,29170.1,29175.1,29169.5,29175.1,236
1784652900,29174.5,29179.1,29168.5,29178.3,242
1784652960,29178.4,29178.9,29167.3,29167.3,214
1784653020,29167.8,29177.3,29166.5,29172.3,228
1784653080,29172.5,29173.6,29164.9,29165.9,230
1784653140,29166.5,29167,29159.1,29159.4,238
1784653200,29159.3,29173.3,29159.1,29170.9,264
1784653260,29171.1,29176.9,29169.4,29175,256
1784653320,29175.1,29175.6,29169.1,29174.5,240
1784653380,29174.4,29178,29172,29174.9,234
1784653440,29175.1,29177.6,29172.8,29176.5,226
1784653500,29176.6,29181.9,29173.9,29180.6,238
1784653560,29181.1,29182.6,29176.6,29180.4,232
1784653620,29179.6,29183.1,29175.3,29175.9,208
1784653680,29175.1,29176,29172,29174.1,222
1784653740,29174,29182.9,29173.8,29174.5,212
1784653800,29175.4,29177.8,29165,29165.8,250
1784653860,29166.3,29166.5,29161.6,29166.1,254
1784653920,29166.3,29170,29162.3,29162.3,236
1784653980,29162.4,29170.9,29161.5,29164.5,264
1784654040,29164.8,29167.4,29161.6,29162.8,238
1784654100,29162.9,29167.8,29160.8,29162.3,242
1784654160,29162.5,29167.8,29160.8,29164.5,240
1784654220,29165,29170.8,29163.5,29167.3,238
1784654280,29167.5,29172.3,29166.4,29169.1,224
1784654340,29169.6,29170.8,29156.8,29158.5,242
1784654400,29158.1,29159.6,29156.5,29158.3,244
1784654460,29158.4,29167.4,29153.3,29156.4,229
1784654520,29157,29163,29156.1,29159.1,234
1784654580,29158.8,29164,29154.4,29155.8,240
1784654640,29156,29162,29154.8,29156.8,232
1784654700,29157.5,29163.5,29155.6,29159.3,228
1784654760,29159.1,29161.4,29154.8,29157.3,244
1784654820,29157.5,29159,29154.8,29156.5,222
1784654880,29156.1,29156.8,29151.1,29155.8,232
1784654940,29156.4,29161.5,29154,29161,224
1784655000,29160.9,29172.1,29160.9,29171,258
1784655060,29170.8,29179.1,29168.5,29177.3,248
1784655120,29177.5,29178.1,29172.8,29176.6,244
1784655180,29177,29177.8,29164.9,29166.1,252
1784655240,29166.3,29168.3,29155.5,29165,252
1784655300,29164.6,29170.4,29160.1,29170.4,272
1784655360,29170.9,29178.4,29170.9,29178,254
1784655420,29178.4,29178.4,29172.5,29173.1,246
1784655480,29173.3,29175.8,29170.4,29173.9,222
1784655540,29173.6,29175.1,29170.1,29174.8,242
1784655600,29174.5,29175.1,29167.3,29171.8,244
1784655660,29171.5,29172,29165.9,29166.5,226
1784655720,29166.3,29168.8,29162.4,29164.3,236
1784655780,29164.5,29169.5,29162.4,29169.3,226
1784655840,29168.5,29171.5,29165.4,29169.1,246
1784655900,29169.8,29172.4,29161.4,29162.3,246
1784655960,29162.5,29172.4,29161.5,29165.4,232
1784656020,29166,29176.6,29165.3,29173.5,238
1784656080,29173.3,29175.9,29172.6,29174.1,204
1784656140,29174.5,29184.9,29174.5,29184.8,242
1784656200,29184.4,29190.4,29184.4,29188.6,244
1784656260,29188.1,29189,29181.6,29183.6,240
1784656320,29183.3,29183.3,29176.3,29179.4,252
1784656380,29179.3,29180.4,29175.1,29176.5,213
1784656440,29176.4,29177.8,29171.1,29172.3,238
1784656500,29171.5,29175.3,29169.8,29170,210
1784656560,29169.4,29172.5,29166.1,29170,226
1784656620,29169.6,29173.1,29166.5,29168.3,248
1784656680,29168.4,29168.9,29160.8,29166.1,254
1784656740,29166.3,29171,29164.8,29169.5,234
1784656800,29169,29182.6,29166.6,29176.6,258
1784656860,29176.9,29182.5,29171.3,29174,248
1784656920,29173.9,29178.3,29169,29173.8,254
1784656980,29174,29175.6,29167.8,29169.3,258
1784657040,29169,29177.3,29169,29171.3,214
1784657100,29170.3,29180.1,29170.1,29177.6,248
1784657160,29177.8,29184.5,29174.9,29181.9,240
1784657220,29182,29184.5,29181.1,29181.5,222
1784657280,29181.8,29189.5,29181.8,29182.9,226
1784657340,29182.8,29182.8,29177.9,29178.8,232
1784657400,29178.5,29179.6,29172.4,29178.3,236
1784657460,29179.1,29179.4,29173.4,29178.9,226
1784657520,29179.1,29180.1,29172,29172,230
1784657580,29171.6,29175.9,29169,29174.8,224
1784657640,29174.3,29174.5,29165.8,29165.9,230
1784657700,29166.8,29170.5,29165.8,29166.6,234
1784657760,29167,29169.3,29164,29164.9,246
1784657820,29165.1,29170.1,29165.1,29168.6,216
1784657880,29168.8,29170,29163.6,29165.1,234
1784657940,29164.4,29167.5,29162.4,29167,214
1784658000,29167.3,29167.5,29159.5,29162.1,214
1784658060,29162,29162.9,29158.6,29161.6,226
1784658120,29161.4,29170.5,29161,29168.1,230
1784658180,29168.9,29170.5,29164.3,29169.1,228
1784658240,29168.9,29172.4,29162.8,29168.5,258
1784658300,29167.8,29168,29159.9,29161,228
1784658360,29161.1,29161.5,29153.9,29154,218
1784658420,29154.4,29156.8,29148.1,29149.8,228
1784658480,29149.6,29153.5,29148.8,29151.1,242
1784658540,29151.3,29155.4,29151.3,29153.1,212
1784658600,29155.3,29156.9,29151,29151.6,228
1784658660,29151.9,29151.9,29141.1,29143.5,246
1784658720,29143,29143.9,29138.8,29142.3,236
1784658780,29142.5,29145.6,29140.9,29145,228
1784658840,29145.4,29154.1,29144.3,29144.3,244
1784658900,29144.6,29159.6,29144.6,29159.6,241
1784658960,29160.6,29163.4,29154.4,29156.8,228
1784659020,29156.5,29159.6,29155.1,29158,222
1784659080,29158.1,29163.1,29155.8,29158.3,242
1784659140,29158.1,29159.8,29155,29155.6,240
1784659200,29155.3,29156.1,29147.5,29156.1,242
1784659260,29155.3,29160.6,29154.5,29157.5,232
1784659320,29157.8,29169.1,29157.8,29166.6,244
1784659380,29166.4,29171.6,29163.1,29171.6,232
1784659440,29172.4,29176.6,29171.1,29175.6,228
1784659500,29175.8,29181.6,29175.4,29180.1,244
1784659560,29180.4,29183.3,29176.6,29181.4,206
1784659620,29181.1,29181.6,29170.1,29174,228
1784659680,29173.8,29175.4,29166.9,29169,230
1784659740,29168.6,29170.6,29162.5,29167.8,216
1784659800,29167.4,29170.3,29165.5,29165.6,228
1784659860,29165.5,29167.5,29163.1,29165.1,216
1784659920,29165.3,29168.6,29164.3,29165.8,228
1784659980,29165.4,29165.9,29153.8,29157.3,252
1784660040,29157.5,29158,29151.4,29151.4,208
1784660100,29151.6,29159.9,29150.6,29156,230
1784660160,29155,29157.5,29144.8,29149.6,254
1784660220,29150.3,29150.3,29145,29146.4,226
1784660280,29146.6,29148.6,29145,29148,212
1784660340,29147.5,29156.4,29147.5,29156,220
1784660400,29156.5,29163,29153,29157.6,258
1784660460,29156.8,29156.8,29141.3,29143.9,238
1784660520,29144,29145.8,29141.1,29142.3,248
1784660580,29142,29143.9,29139.5,29143.4,260
1784660640,29143.5,29154.3,29143.4,29146.6,250
1784660700,29145.4,29151.9,29138.8,29147.4,264
1784660760,29147.8,29155.3,29145.8,29151.5,260
1784660820,29151.3,29154.6,29141.1,29142.6,258
1784660880,29142.8,29144.3,29134.3,29141.4,258
1784660940,29141.1,29147,29137.4,29138.5,234
1784661000,29138.4,29142.6,29132.8,29135.3,252
1784661060,29135.4,29141.4,29135,29140.3,258
1784661120,29140.1,29146.8,29137.5,29141,244
1784661180,29140.6,29142.3,29137,29137.5,218
1784661240,29137.3,29140.5,29134,29138.1,234
1784661300,29137,29144.3,29133.1,29138.5,244
1784661360,29138.8,29145,29135.1,29145,248
1784661420,29145.3,29147.8,29139.5,29142.5,246
1784661480,29142.3,29145.6,29141.1,29141.8,230
1784661540,29142.8,29147.9,29141.9,29144.8,232
1784661600,29144.4,29147,29138.9,29145.6,228
1784661660,29145.8,29146.8,29134.8,29137,240
1784661720,29136.5,29140.5,29134.8,29140.3,224
1784661780,29139.9,29143.8,29137.9,29140,248
1784661840,29140.3,29141.6,29136.8,29138.6,244
1784661900,29138,29140,29134.6,29135.5,260
1784661960,29135,29135.3,29127,29132.9,252
1784662020,29132.5,29140.1,29127.4,29128.1,248
1784662080,29128,29131.5,29125.5,29125.5,240
1784662140,29125.9,29129.4,29118.9,29121.4,260
1784662200,29124.4,29130.9,29119.6,29126.8,284
1784662260,29127.8,29135,29125.5,29133.6,266
1784662320,29133.5,29138.6,29133.3,29135,248
1784662380,29135.5,29138.8,29133.8,29135.3,260
1784662440,29135.5,29137,29133,29134,236
1784662500,29133.5,29151.1,29132.8,29150,258
1784662560,29149.3,29156.6,29148.1,29151.5,256
1784662620,29151.9,29158,29151.5,29157.1,252
1784662680,29156.6,29159,29152,29152.6,244
1784662740,29152.4,29155,29149.6,29153.3,248
1784662800,29153.1,29155.9,29149,29152.1,248
1784662860,29151.8,29154.8,29149,29150.8,250
1784662920,29150.5,29155.5,29148.6,29154.6,220
1784662980,29154,29165.3,29153.3,29164,242
1784663040,29164.6,29167.9,29161.1,29165.5,248
1784663100,29163.9,29167.9,29161.8,29163.3,270
1784663160,29163,29165.3,29160.8,29162.9,226
1784663220,29162.5,29163.3,29154,29155.5,236
1784663280,29155.1,29162.4,29154.6,29158.4,260
1784663340,29158,29168.3,29158,29167.5,224
1784663400,29150.4,29172.5,29143.9,29162.3,292
1784663460,29162.1,29168.3,29156.5,29160.5,274
1784663520,29159.9,29167.6,29159.9,29162.1,252
1784663580,29165.9,29167.8,29159.9,29162.1,260
1784663640,29163,29177.1,29160.6,29166.1,276
1784663700,29168.8,29172.6,29162.1,29163.8,286
1784663760,29163.4,29173.3,29161.5,29168.8,282
1784663820,29169.1,29174.4,29168.9,29172.4,240
1784663880,29171.9,29171.9,29163.4,29163.4,254
1784663940,29161.6,29163.1,29129.9,29139.8,288
1784664000,29139.5,29143.7,29120,29127.5,290
1784664060,29126.5,29133.5,29124.5,29130.2,250
1784664120,29130,29130,29118.8,29122.8,242
1784664180,29122.2,29122.7,29116.6,29119.2,220
1784664240,29118.8,29120.7,29115.6,29118.7,212
1784664300,29118.5,29130.5,29117.5,29129.1,238
1784664360,29128.7,29128.7,29118,29127.5,232
1784664420,29127.2,29130.6,29127,29128.3,210
1784664480,29128.5,29129.7,29127.7,29129.5,190
1784664540,29128.3,29133.5,29125.6,29131.7,188
1784664600,29131.6,29132.2,29123.3,29124,174
1784664660,29123.8,29126.7,29120.7,29123.2,200
1784664720,29123.7,29132.6,29123.7,29131.6,180
1784664780,29131.7,29136.6,29131.7,29131.8,182
1784664840,29131.7,29135.8,29131.1,29135,178
1784664900,29134.3,29134.3,29124,29125.1,182
1784664960,29125.2,29125.5,29122.2,29124.5,152
1784665020,29124.6,29125.7,29122.5,29124.2,132
1784665080,29124.5,29124.5,29111.7,29113.8,180
1784665140,29114.3,29120.3,29113.8,29117.7,154
1784665200,29118,29120.2,29116.8,29119.5,130
1784665260,29120,29120,29116.5,29118.1,122
1784665320,29117.6,29118.7,29114.8,29115,118
1784665380,29115.3,29118.2,29115.3,29116.7,146
1784665440,29116.6,29118.3,29116.3,29117.1,124
1784665500,29117.3,29121.5,29116.5,29117.2,154
1784665560,29117.3,29119.5,29115.1,29115.7,146
1784665620,29116,29119.6,29116,29119.5,126
1784665680,29119.7,29121,29117.7,29119,120
1784665740,29118.8,29121.5,29118.6,29120.7,116
1784665800,29120.5,29126.5,29120.5,29126.2,146
1784665860,29125.3,29127,29123,29126.3,110
1784665920,29126.5,29129,29125.7,29127.5,128
1784665980,29127.2,29127.5,29125.1,29127.1,132
1784666040,29127.2,29127.6,29126.5,29127.6,124
1784666100,29127.5,29128.1,29124,29124,148
1784666160,29123.7,29129.1,29123.7,29128.6,122
1784666220,29128.7,29128.8,29125.8,29126.6,96
1784666280,29126.7,29130.1,29126.6,29128.6,112
1784666340,29129.1,29129.3,29127.6,29127.6,120
1784666400,29127.5,29128,29125.5,29127.8,118
1784666460,29127.7,29128,29122.2,29124.3,142
1784666520,29124,29124.8,29121.1,29121.8,146
1784666580,29120.7,29121.3,29118,29120,142
1784666640,29120.2,29122.2,29120.1,29120.7,142
1784666700,29121.2,29122.3,29116.2,29120.2,144
1784666760,29119.3,29119.6,29116.7,29118.2,132
1784666820,29118.5,29119.6,29116.8,29117.1,154
1784666880,29117.2,29117.7,29113.5,29114.5,146
1784666940,29114.3,29114.3,29107.2,29111.1,160
1784667000,29110.8,29111.8,29109.5,29109.7,164
1784667060,29109.6,29113.7,29109.5,29113.3,108
1784667120,29113.6,29114.5,29111.2,29112.6,114
1784667180,29112.2,29115.3,29111.8,29115.2,98
1784667240,29116.2,29117,29110.5,29112.1,120
1784667300,29112,29114.6,29111,29114.2,110
1784667360,29113.2,29114.5,29107.3,29114.1,122
1784667420,29114,29115.6,29110.2,29110.7,98
1784667480,29110.6,29115.7,29110,29113.7,90
1784671200,29126.2,29132.1,29121.8,29128.4,162
1784671260,29128.7,29133.1,29122.2,29124.8,174
1784671320,29124.9,29128.7,29122.2,29124.6,124
1784671380,29124.4,29124.7,29116.7,29120.8,168
1784671440,29120.4,29130.1,29116.8,29122.4,172
1784671500,29123.1,29126.9,29117.1,29118.1,150
1784671560,29117.7,29120.8,29114.7,29114.7,150
1784671620,29114.6,29122.4,29111.3,29121.9,142
1784671680,29122.1,29125.6,29119.6,29122.2,150
1784671740,29122.3,29123.8,29115.3,29119.2,178
1784671800,29118.1,29120.4,29115.4,29116.8,126
1784671860,29116.6,29118.9,29113.9,29115.1,132
1784671920,29115.6,29119.7,29113.7,29119.3,126
1784671980,29119.4,29121.8,29117.6,29121.3,162
1784672040,29121.4,29128.6,29119.9,29128.2,154
1784672100,29128.3,29132.4,29127.4,29129.2,168
1784672160,29128.8,29132.2,29128.3,29130.1,124
1784672220,29129.9,29130.7,29128.4,29129.2,146
1784672280,29129.1,29130.1,29124.9,29128.1,134
1784672340,29127.9,29130.1,29126.6,29129.4,134
1784672400,29130.2,29132.1,29126.8,29132.1,106
1784672460,29131.7,29132.6,29129.1,29129.6,112
1784672520,29129.3,29131.7,29129.1,29129.3,96
1784672580,29129.4,29132.3,29129.4,29131.7,74
1784672640,29131.6,29131.6,29104.8,29104.8,160
1784672700,29105.2,29109.3,29101.8,29107.7,158
1784672760,29108.8,29111.3,29105.2,29107.2,134
1784672820,29106.9,29109.4,29106.2,29107.4,136
1784672880,29107.7,29108.4,29101,29101.7,138
1784672940,29101.9,29102.7,29096.7,29101.2,128
1784673000,29100.1,29103.8,29088.7,29094.6,172
1784673060,29094.7,29101.9,29094.1,29100.7,168
1784673120,29100.4,29104.7,29098.1,29104.2,128
1784673180,29104.8,29106.1,29100.3,29101.2,110
1784673240,29101.4,29110.9,29101.2,29108.2,128
1784673300,29107.9,29113.4,29101.4,29105.2,150
1784673360,29105.3,29106.6,29103.7,29106.1,90
1784673420,29105.3,29109.2,29105.3,29107.7,140
1784673480,29107.6,29109.9,29106.9,29109.6,92
1784673540,29109.7,29110.3,29105.7,29105.7,122
1784673600,29105.6,29111.1,29105.1,29109.2,114
1784673660,29109.3,29109.9,29104.8,29109.1,126
1784673720,29109.7,29109.7,29101.9,29106.8,118
1784673780,29106.9,29107.4,29102.2,29104.4,90
1784673840,29104.6,29104.9,29099.4,29100.6,82
1784673900,29099.9,29100.4,29086.7,29087.2,186
1784673960,29087.9,29088.1,29085.3,29087.3,160
1784674020,29087.6,29088.7,29085.9,29086.3,116
1784674080,29086.4,29090.3,29083.9,29088.8,144
1784674140,29089.1,29091.9,29088.1,29089.6,124
1784674200,29090.4,29091.4,29089.4,29090.8,112
1784674260,29090.4,29092.9,29090.2,29091.9,130
1784674320,29091.7,29092.1,29089.2,29092.1,118
1784674380,29092.7,29093.6,29089.4,29090.4,108
1784674440,29090.7,29094.7,29087.4,29094.7,124
1784674500,29094.8,29100.8,29091.8,29092.3,176
1784674560,29090.7,29101.8,29089.2,29101.6,158
1784674620,29101.7,29106.3,29101.7,29106.1,130
1784674680,29105.8,29106.2,29102.8,29104.1,128
1784674740,29104.2,29104.9,29102.2,29104.9,108
1784674800,29104.1,29104.7,29096.7,29098.2,144
1784674860,29097.6,29099.4,29092.2,29096.8,178
1784674920,29098.6,29103.1,29097.9,29100.9,138
1784674980,29100.7,29102.6,29097.8,29102.2,88
1784675040,29102.3,29105.1,29101.2,29101.9,136
1784675100,29100.2,29100.7,29094.1,29094.8,150
1784675160,29095.1,29101.7,29095.1,29100.9,112
1784675220,29101.2,29102.1,29097.3,29099.8,120
1784675280,29099.9,29101.7,29098.7,29100.7,92
1784675340,29100.6,29102.3,29098.9,29101.4,94
1784675400,29101.2,29102.9,29098.7,29100.2,102
1784675460,29100.9,29110.3,29100.9,29109.2,156
1784675520,29109.3,29116.3,29107.6,29113.8,144
1784675580,29113.9,29114.1,29109.6,29110.4,128
1784675640,29110.2,29113.4,29107.4,29112.9,140
1784675700,29113.2,29114.6,29109.2,29110.1,122
1784675760,29112.3,29115.4,29111.3,29111.3,102
1784675820,29111.4,29112.1,29103.3,29111.6,122
1784675880,29111.8,29124.4,29111.8,29122.6,176
1784675940,29122.3,29134.2,29121.4,29131.4,164
1784676000,29130.2,29130.2,29118.9,29121.9,162
1784676060,29122.2,29123.9,29121.2,29123.9,124
1784676120,29123.7,29124.6,29121.4,29123.4,90
1784676180,29122.6,29125.7,29121.9,29121.9,84
1784676240,29121.8,29122.9,29115.1,29118.3,124
1784676300,29118.2,29118.3,29115.9,29118.2,108
1784676360,29118.3,29119.6,29115.9,29118.4,108
1784676420,29118.6,29122.9,29118.4,29122.9,120
1784676480,29123.6,29127.2,29120.6,29126.4,148
1784676540,29126.7,29128.6,29126.3,29126.6,128
1784676600,29126.1,29126.6,29123.1,29125.6,136
1784676660,29125.7,29128.3,29122.7,29127.2,126
1784676720,29126.7,29134.7,29126.7,29133.8,122
1784676780,29134.3,29134.3,29129.2,29131.4,134
1784676840,29130.9,29131.1,29126.2,29126.8,114
1784676900,29125.3,29125.3,29115.6,29118.2,142
1784676960,29118.1,29126.1,29118.1,29123.1,156
1784677020,29122.4,29122.4,29118.3,29118.4,106
1784677080,29118.7,29121.3,29117.6,29117.7,112
1784677140,29117.6,29117.6,29113.6,29116.7,116
1784677200,29118.2,29119.9,29116.3,29118.3,128
1784677260,29118.4,29119.3,29104.9,29105.9,156
1784677320,29105.4,29111.9,29104.4,29109.2,150
1784677380,29108.9,29109.8,29107.2,29109.3,108
1784677440,29108.7,29111.8,29106.8,29110.4,152
1784677500,29110.9,29119.2,29107.6,29115.3,262
1784677560,29116.1,29124.2,29113.2,29118.8,230
1784677620,29118.7,29122.9,29114.9,29118.4,200
1784677680,29119.2,29122.7,29117.8,29120.6,196
1784677740,29120.7,29124.8,29120.7,29123.4,190
1784677800,29122.1,29131.9,29119.2,29130.3,190
1784677860,29130.8,29132.1,29116.7,29116.8,204
1784677920,29117.1,29120.1,29109.3,29109.3,210
1784677980,29109.6,29110.7,29101.3,29110.1,206
1784678040,29110.4,29111.6,29106.1,29110.4,222
1784678100,29110.8,29124.4,29110.1,29118.9,212
1784678160,29118.8,29124.4,29117.3,29122.8,148
1784678220,29123.7,29125.1,29119.1,29121.7,184
1784678280,29121.8,29129.2,29121.8,29128.7,198
1784678340,29127.2,29133.7,29126.7,29128.7,244
1784678400,29133.2,29137.3,29117.4,29124.1,288
1784678460,29125.7,29143.1,29123.3,29142.6,258
1784678520,29143.1,29149.4,29136.9,29149.4,288
1784678580,29148.6,29152.3,29142.6,29150.3,256
1784678640,29150.4,29154.8,29148.9,29154.1,258
1784678700,29153.7,29156.4,29146.7,29151.3,256
1784678760,29150.7,29164.3,29146.1,29155.9,244
1784678820,29155.2,29166.1,29151.2,29162.7,264
1784678880,29163.7,29164.9,29146.7,29151.2,266
1784678940,29151.3,29162.7,29143.3,29158.8,252
1784679000,29158.7,29158.7,29139.9,29153.2,284
1784679060,29153.4,29166.9,29153.2,29159.7,268
1784679120,29159.3,29163.6,29157.2,29159.8,270
1784679180,29159.6,29163.4,29154.2,29162.1,226
1784679240,29161.8,29164.8,29156.8,29159.2,222
1784679300,29159.1,29160.7,29152.7,29153.6,264
1784679360,29153.7,29156.1,29140.4,29144.9,238
1784679420,29144.8,29150.8,29139.9,29143.3,254
1784679480,29144.1,29145.6,29137.9,29139.8,242
1784679540,29140.1,29154.7,29139.6,29154.7,234
1784679600,29155.6,29158.1,29147.3,29148.7,242
1784679660,29148.9,29156.9,29147.6,29148.2,282
1784679720,29148.4,29149.1,29135.9,29145.8,268
1784679780,29144.1,29144.3,29131.8,29138.9,252
1784679840,29139.1,29153.2,29136.7,29139.4,252
1784679900,29139.7,29147.1,29137.4,29144.4,260
1784679960,29145.6,29146.8,29126.6,29126.6,248
1784680020,29128.3,29129.2,29121.9,29124.7,264
1784680080,29124.2,29130.2,29122.3,29126.3,252
1784680140,29126.6,29130.2,29121.8,29129.9,258
1784680200,29130.2,29134.7,29126.4,29129.6,268
1784680260,29129.9,29135.8,29120.8,29121.7,262
1784680320,29120.7,29120.7,29103.3,29113.2,260
1784680380,29113.3,29123.4,29112.4,29123.3,278
1784680440,29123.9,29125.6,29116.6,29116.9,252
1784680500,29116.6,29119.9,29107.4,29108.1,254
1784680560,29107.4,29118.6,29104.7,29111.6,252
1784680620,29111.3,29120.8,29106.4,29113.2,250
1784680680,29112.8,29120.8,29110.9,29120.8,278
1784680740,29122.1,29123.9,29115.6,29121.8,236
1784680800,29121.3,29126.2,29113.4,29123.6,236
1784680860,29123.4,29128.1,29121.8,29125.6,224
1784680920,29125.8,29127.7,29121.7,29127.6,234
1784680980,29127.3,29127.4,29112.8,29112.8,224
1784681040,29113.3,29117.6,29110.6,29115.1,240
1784681100,29114.4,29117.2,29103.7,29103.8,254
1784681160,29103.9,29109.2,29093.2,29099.4,244
1784681220,29099.1,29099.9,29092.7,29096.8,238
1784681280,29096.4,29103.9,29090.4,29100.7,242
1784681340,29100.9,29111.8,29098.8,29111.6,230
1784681400,29110.9,29113.2,29104.9,29105.9,242
1784681460,29105.3,29113.9,29104.1,29105.3,268
1784681520,29105.4,29108.4,29100.3,29101.3,216
1784681580,29101.4,29102.7,29096.2,29100.9,234
1784681640,29101.1,29102.4,29095.6,29098.3,218
1784681700,29098.4,29103.8,29090.3,29103.7,252
1784681760,29103.8,29112.8,29101.9,29110.8,228
1784681820,29110.4,29117.1,29104.4,29115.7,252
1784681880,29116.2,29119.6,29112.6,29119.2,244
1784681940,29119.4,29123.2,29117.3,29118.8,244
1784682000,29119.1,29124.3,29087.4,29087.4,280
1784682060,29088.1,29090.3,29071.4,29071.4,282
1784682120,29070.1,29076.3,29065.3,29076.3,258
1784682180,29076.8,29077.2,29069.8,29072.8,276
1784682240,29073.2,29078.1,29070.2,29073.3,266
1784682300,29072.3,29079.6,29071.4,29072.7,242
1784682360,29073.3,29076.9,29065.7,29073.2,232
1784682420,29072.8,29081.2,29072.7,29080.7,212
1784682480,29079.3,29079.4,29074.3,29074.3,228
1784682540,29074.6,29075.2,29069.4,29073.6,230
1784682600,29074.2,29077.7,29071.9,29075.8,238
1784682660,29074.6,29077.2,29068.7,29069.4,202
1784682720,29069.6,29086.1,29069.1,29086.1,210
1784682780,29086.8,29091.4,29084.2,29089.8,222
1784682840,29089.3,29089.3,29081.9,29087.2,232
1784682900,29087.8,29093.6,29086.6,29093.4,242
1784682960,29093.6,29100.6,29091.2,29094.6,238
1784683020,29094.4,29097.9,29091.8,29096.6,240
1784683080,29097.1,29101.8,29095.7,29097.1,204
1784683140,29097.2,29098.7,29093.1,29095.2,212
1784683200,29095.1,29095.1,29087.7,29087.9,212
1784683260,29087.8,29093.2,29079.8,29092.8,236
1784683320,29093.2,29096.8,29088.9,29091.7,226
1784683380,29091.3,29091.3,29078.7,29079.6,232
1784683440,29080.3,29081.1,29070.3,29072.7,258
1784683500,29073.3,29080.8,29071.2,29080.8,226
1784683560,29080.1,29091.6,29079.3,29089.9,216
1784683620,29090.3,29093.4,29086.6,29087.7,232
1784683680,29087.6,29089.8,29077.6,29080.1,224
1784683740,29079.8,29082.6,29075.6,29077.1,242
1784683800,29078.4,29078.4,29064.3,29069.8,268
1784683860,29069.9,29076.4,29062.4,29065.8,276
1784683920,29066.1,29073.8,29064.2,29072.2,244
1784683980,29072.4,29080.2,29069.9,29073.4,240
1784684040,29072.7,29076.9,29071.2,29074.4,226
1784684100,29075.3,29076.4,29071.1,29071.3,240
1784684160,29071.9,29084.1,29071.2,29081.8,232
1784684220,29082.1,29087.2,29081.6,29083.1,240
1784684280,29083.3,29086.4,29078.8,29085.4,216
1784684340,29085.6,29085.7,29080.1,29083.2,232
1784684400,29083.4,29091.8,29082.6,29087.8,246
1784684460,29087.6,29087.9,29077.6,29078.6,220
1784684520,29079.1,29086.2,29071.4,29071.7,246
1784684580,29072.1,29087.3,29071.1,29084.9,252
1784684640,29081.9,29086.1,29076.4,29085.2,250
1784684700,29085.8,29095.8,29081.8,29095.3,252
1784684760,29095.6,29107.9,29095.6,29106.3,230
1784684820,29106.7,29111.6,29104.1,29111.6,240
1784684880,29111.4,29117.8,29109.4,29114.2,224
1784684940,29113.8,29118.4,29111.9,29118.4,200
1784685000,29118.3,29120.2,29113.1,29113.9,208
1784685060,29114.8,29126.6,29114.4,29125.4,210
1784685120,29124.7,29136.1,29122.9,29133.8,216
1784685180,29134.3,29134.8,29128.6,29129.6,214
1784685240,29129.3,29135.6,29128.4,29131.8,210
1784685300,29131.6,29133.3,29126.9,29130.3,208
1784685360,29130.2,29130.6,29124.1,29125.8,194
1784685420,29126.1,29126.6,29121.1,29121.3,212
1784685480,29121.6,29123.9,29112.7,29112.7,190
1784685540,29113.1,29113.3,29106.3,29107.4,220
1784685600,29108.3,29114.8,29092.7,29093.6,236
1784685660,29093.3,29097.1,29078.2,29089.4,258
1784685720,29089.3,29089.7,29081.2,29086.7,258
1784685780,29086.9,29097.6,29086.7,29092.7,244
1784685840,29093.1,29098.9,29092.6,29093.4,232
1784685900,29093.3,29100.1,29080.1,29081.2,248
1784685960,29081.6,29089.3,29077.6,29078.2,236
1784686020,29079.1,29080.2,29075.2,29078.1,232
1784686080,29078.6,29079.1,29070.3,29070.3,218
1784686140,29070.4,29079.8,29069.8,29076.9,234
1784686200,29076.4,29083.2,29074.4,29078.9,224
1784686260,29078.6,29083.2,29076.1,29083.2,228
1784686320,29081.9,29089.2,29078.3,29088.4,236
1784686380,29089.1,29094.4,29086.6,29092.3,240
1784686440,29091.9,29093.8,29084.6,29092.7,226
1784686500,29092.2,29098.8,29086.7,29089.9,232
1784686560,29090.2,29094.7,29087.2,29094.7,230
1784686620,29094.9,29096.2,29086.8,29087.6,224
1784686680,29088.1,29095.9,29086.4,29093.8,238
1784686740,29094.9,29094.9,29086.4,29089.8,232
1784686800,29089.9,29094.2,29084.6,29090.4,236
1784686860,29089.4,29093.7,29084.7,29089.6,234
1784686920,29089.3,29096.1,29088.6,29093.4,222
1784686980,29092.9,29096.7,29092.7,29093.6,220
1784687040,29093.4,29096.3,29091.3,29093.8,186
1784687100,29094.1,29095.6,29081.6,29087.9,228
1784687160,29087.3,29092.3,29085.1,29088.9,222
1784687220,29088.6,29104.1,29087.1,29104.1,218
1784687280,29104.7,29111.2,29102.2,29111.2,222
1784687340,29111.4,29114.8,29106.8,29106.8,204
1784687400,29105.9,29107.7,29091.4,29093.1,254
1784687460,29093.3,29100.6,29087.3,29100.1,256
1784687520,29099.7,29106.1,29089.1,29094.4,248
1784687580,29093.8,29093.8,29085.1,29085.9,242
1784687640,29085.7,29087.4,29082.1,29084.9,214
1784687700,29085.4,29088.1,29080.6,29081.6,218
1784687760,29081.7,29083.8,29077.6,29080.4,240
1784687820,29080.3,29083.3,29074.6,29074.8,212
1784687880,29075.3,29080.9,29074.9,29077.9,216
1784687940,29078.1,29080.2,29074.3,29075.7,210
1784688000,29075.4,29088.3,29074.2,29086.6,222
1784688060,29086.9,29094.8,29086.9,29090.3,222
1784688120,29091.4,29093.1,29084.8,29086.4,204
1784688180,29085.4,29086.8,29081.6,29083.7,232
1784688240,29083.6,29084.7,29079.8,29083.8,202
1784688300,29083.2,29085.1,29077.1,29078.7,196
1784688360,29078.2,29088.8,29077.2,29088.1,244
1784688420,29087.9,29094.3,29086.2,29093.9,206
1784688480,29092.6,29094.6,29086.3,29086.6,186
1784688540,29086.8,29091.9,29084.1,29091.9,210
1784688600,29091.1,29092.2,29086.1,29087.8,190
1784688660,29088.1,29088.1,29081.8,29082.6,194
1784688720,29082.7,29083.4,29077.4,29079.6,192
1784688780,29079.7,29082.8,29076.3,29080.9,230
1784688840,29081.3,29085.8,29080.7,29083.3,182
1784688900,29083.6,29084.8,29073.3,29073.3,206
1784688960,29073.6,29073.8,29067.4,29069.2,206
1784689020,29068.1,29072.1,29065.1,29066.2,194
1784689080,29066.3,29067.3,29059.1,29063.4,190
1784689140,29063.9,29069.7,29061.7,29069.6,188
1784689200,29069.8,29071.3,29059.2,29060.3,246
1784689260,29062.3,29065.9,29059.1,29065.9,200
1784689320,29066.1,29068.6,29062.1,29063.8,214
1784689380,29064.1,29066.3,29058.9,29063.3,218
1784689440,29063.6,29069.2,29060.8,29065.8,222
1784689500,29065.6,29069.6,29061.7,29067.4,234
1784689560,29066.6,29073.9,29065.6,29073.8,236
1784689620,29074.8,29074.8,29057.2,29059.1,242
1784689680,29058.2,29062.7,29057.6,29058.7,192
1784689740,29058.9,29061.7,29046.2,29047.1,182
1784689800,29047.2,29050.3,29046.3,29048.3,176
1784689860,29047.6,29048.2,29042.9,29044.4,200
1784689920,29044.6,29047.9,29041.4,29042.6,200
1784689980,29042.8,29050.6,29041.1,29050.4,172
1784690040,29050.6,29050.7,29041.8,29044.8,170
1784690100,29044.3,29051.3,29043.1,29049.8,222
1784690160,29049.4,29058.3,29049.4,29054.8,226
1784690220,29054.6,29056.8,29047.3,29050.1,214
1784690280,29049.8,29050.3,29046.2,29046.3,210
1784690340,29046.6,29051.7,29044.2,29047.4,208
1784690400,29047.6,29053.3,29047.3,29053.1,184
1784690460,29054.1,29057.6,29050.2,29052.6,218
1784690520,29052.8,29061.6,29052.8,29060.8,192
1784690580,29060.1,29079.6,29060.1,29077.3,218
1784690640,29076.9,29081.4,29076.1,29080.1,202
1784690700,29079.7,29085.8,29077.9,29085.4,226
1784690760,29085.1,29089.4,29085.1,29088.8,204
1784690820,29088.3,29089.6,29083.4,29086.9,200
1784690880,29086.7,29090.2,29085.3,29087.9,210
1784690940,29088.2,29092.6,29084.8,29092.4,214
1784691000,29092.2,29097.6,29083.8,29083.8,254
1784691060,29083.1,29085.3,29070.6,29074.8,224
1784691120,29074.6,29074.6,29060.4,29061.1,238
1784691180,29060.7,29061.4,29053.1,29056.4,242
1784691240,29057.2,29058.7,29050.7,29056.4,236
1784691300,29056.3,29060.8,29052.6,29056.8,250
1784691360,29057.1,29061.1,29054.8,29054.8,224
1784691420,29055.8,29062.6,29050.2,29057.9,242
1784691480,29058.1,29059.6,29054.9,29059.4,208
1784691540,29060.2,29061.7,29056.8,29058.8,216
1784691600,29058.4,29061.7,29056.9,29058.3,222
1784691660,29057.9,29065.8,29055.2,29058.3,230
1784691720,29057.7,29058.7,29048.6,29051.3,214
1784691780,29051.2,29060.1,29048.9,29054.8,214
1784691840,29054.4,29058.4,29052.3,29054.2,206
1784691900,29053.9,29068.1,29053.9,29066.8,212
1784691960,29066.3,29069.3,29064.7,29066.1,190
1784692020,29066.2,29071.8,29065.2,29070.1,214
1784692080,29070.3,29072.6,29067.7,29069.4,184
1784692140,29069.2,29070.4,29062.8,29065.8,180
1784692200,29065.2,29065.2,29059.8,29061.3,206
1784692260,29061.1,29061.1,29036.1,29036.1,242
1784692320,29036.2,29040.6,29034.9,29037.7,220
1784692380,29038.2,29039.4,29028.6,29031.2,244
1784692440,29032.2,29034.7,29022.4,29028.3,240
1784692500,29028.6,29032.1,29022.9,29027.6,232
1784692560,29027.4,29028.1,29021.2,29021.7,228
1784692620,29022.1,29026.3,29021.3,29024.6,210
1784692680,29025.1,29032.8,29023.7,29028.1,228
1784692740,29028.3,29038.1,29028.3,29029.9,218
1784692800,29030.2,29039.2,29029.2,29038.9,238
1784692860,29038.6,29041.7,29019.1,29024.8,230
1784692920,29024.9,29034.2,29024.3,29033.1,218
1784692980,29032.6,29040.1,29028.6,29039.3,212
1784693040,29039.1,29043.4,29035.2,29043.4,218
1784693100,29044.4,29048.2,29038.4,29046.9,218
1784693160,29047.7,29051.6,29046.1,29048.4,204
1784693220,29048.9,29054.6,29047.3,29052.2,206
1784693280,29052.1,29054.8,29048.3,29053.1,220
1784693340,29052.8,29054.2,29048.1,29050.3,202
1784693400,29050.8,29054.6,29046.3,29053.6,198
1784693460,29053.4,29054.7,29045.7,29048.9,200
1784693520,29049.1,29049.7,29040.1,29041.4,222
1784693580,29041.6,29044.6,29040.4,29042.6,184
1784693640,29042.1,29048.2,29040.2,29044.3,202
1784693700,29044.7,29057.4,29043.7,29056.6,216
1784693760,29056.4,29057.2,29049.2,29049.4,192
1784693820,29049.3,29051.7,29048.8,29050.7,200
1784693880,29050.4,29057.1,29047.8,29056.3,190
1784693940,29055.7,29057.6,29053.9,29053.9,180
1784694000,29053.7,29060.4,29050.9,29059.3,204
1784694060,29059.2,29060.2,29056.8,29060.2,172
1784694120,29059.8,29064.3,29057.4,29064.3,182
1784694180,29064.2,29066.4,29063.2,29065.2,171
1784694240,29065.1,29066.2,29061.4,29062.4,188
1784694300,29062.2,29062.3,29055.4,29060.3,186
1784694360,29060.2,29062.1,29054.6,29055.8,176
1784694420,29055.6,29062.2,29055.3,29061.4,190
1784694480,29061.6,29067.2,29061.6,29067.2,180
1784694540,29067.1,29069.1,29063.9,29064.2,180
1784694600,29063.9,29063.9,29046.9,29048.8,213
1784694660,29048.3,29056.4,29045.9,29056.1,178
1784694720,29056.3,29058.4,29049.4,29049.4,194
1784694780,29049.6,29063.6,29049.6,29055.6,206
1784694840,29055.2,29055.3,29046.1,29048.3,198
1784694900,29048.8,29050.9,29046.8,29049.8,180
1784694960,29049.7,29051.7,29046.2,29051.3,196
1784695020,29050.6,29052.1,29042.4,29042.8,174
1784695080,29043.1,29049.3,29042.6,29048.9,152
1784695140,29049.1,29049.2,29042.4,29043.1,198
1784695200,29042.4,29045.4,29039.9,29045.1,218
1784695260,29045.2,29054.2,29042.8,29051.7,210
1784695320,29051.6,29051.8,29041.6,29043.7,218
1784695380,29043.8,29048.4,29042.8,29047.6,196
1784695440,29047.1,29051.3,29046.3,29047.8,192
1784695500,29048.1,29048.4,29043.2,29046.7,206
1784695560,29046.3,29046.8,29038.6,29038.9,206
1784695620,29039.2,29043.6,29036.2,29043.1,204
1784695680,29043.2,29050.7,29041.7,29044.1,188
1784695740,29043.8,29044.3,29037.8,29039.6,200
1784695800,29039.8,29040.8,29035.3,29035.8,192
1784695860,29035.7,29041.6,29035.7,29041.1,172
1784695920,29040.6,29041.8,29036.3,29039.1,180
1784695980,29039.4,29041.4,29033.9,29034.7,166
1784696040,29034.8,29037.6,29033.8,29033.8,196
1784696100,29033.9,29034.6,29029.4,29029.8,194
1784696160,29029.6,29029.6,29024.6,29026.9,196
1784696220,29026.8,29043.6,29026.3,29042.7,222
1784696280,29042.4,29047.3,29035.1,29047.2,232
1784696340,29048.8,29052.9,29045.3,29052.2,222
1784696400,29052.3,29054.8,29043.8,29047.4,244
1784696460,29047.6,29050.4,29041.8,29046.2,238
1784696520,29045.7,29046.2,29038.3,29040.2,220
1784696580,29040.1,29040.1,29032.6,29032.6,224
1784696640,29032.4,29037.6,29030.3,29032.3,228
1784696700,29033.2,29033.9,29024.8,29032.1,206
1784696760,29031.6,29035.6,29023.2,29023.3,260
1784696820,29022.9,29025.6,29022.4,29022.9,210
1784696880,29023.1,29023.7,29019.1,29021.3,210
1784696940,29021.1,29021.6,29015.7,29016.1,214
1784697000,29015.8,29022.8,29013.7,29022.8,252
1784697060,29022.7,29024.9,29012.7,29015.1,248
1784697120,29014.2,29018.1,29010.8,29017.1,224
1784697180,29017.4,29022.1,29017.1,29019.2,238
1784697240,29019.1,29020.2,29014.1,29017.9,220
1784697300,29017.8,29019.6,29011.1,29019.1,242
1784697360,29018.1,29020.1,29009.7,29010.7,248
1784697420,29009.8,29019.4,29008.3,29015.1,268
1784697480,29014.9,29026.4,29014.4,29023.6,256
1784697540,29024.1,29025.6,29017.6,29018.2,234
1784697600,29017.8,29017.8,29002.8,29003.6,230
1784697660,29003.8,29008.3,29001.7,29002.2,222
1784697720,29001.4,29012.6,29001.4,29011.6,248
1784697780,29011.3,29011.7,28999.9,29000.7,232
1784697840,29000.2,29008.6,28997.1,29000.9,242
1784697900,29000.8,29012.1,29000.8,29006.1,260
1784697960,29005.4,29012.7,29001.9,29012.1,258
1784698020,29013.4,29017.1,29004.1,29004.6,246
1784698080,29004.2,29006.7,28999.4,28999.6,248
1784698140,28999.3,29002.1,28996.8,28996.8,236
1784698200,28997.1,29004.1,28993.7,29002.9,252
1784698260,29003.3,29007.3,28993.2,28996.3,272
1784698320,28996.9,29007.3,28996.7,29002.1,278
1784698380,29002.6,29002.7,28993.4,29000.1,238
1784698440,28999.8,29014.6,28999.8,29012.7,240
1784698500,29012.2,29013.2,28999.1,28999.1,258
1784698560,28999.2,29005.3,28990.1,28990.3,256
1784698620,28989.6,28990.7,28985.4,28989.2,246
1784698680,28989.8,28996.8,28989.4,28994.9,240
1784698740,28996.8,29002.7,28990.9,28998.9,252
1784698800,28998.2,29001.2,28986.3,28986.4,244
1784698860,28986.8,28989.2,28983.2,28984.7,224
1784698920,28984.8,28984.8,28977.8,28981.8,226
1784698980,28982.3,28982.3,28976.7,28980.7,228
1784699040,28981.3,28984.9,28977.6,28978.3,238
1784699100,28978.4,28981.7,28977.2,28977.4,226
1784699160,28978.1,28978.7,28971.6,28977.4,222
1784699220,28977.2,28987.3,28976.6,28982.9,216
1784699280,28982.8,28986.3,28975.3,28985.9,252
1784699340,28986.2,28987.2,28977.2,28984.3,234
1784699400,28984.8,28997.1,28983.4,28996.2,238
1784699460,28996.3,29004.7,28996.3,29004.4,230
1784699520,29003.6,29008.2,29002.6,29003.9,238
1784699580,29004.2,29006.2,28993.9,28996.9,230
1784699640,28996.2,28999.8,28986.7,28987.6,220
1784699700,28987.3,28995.2,28985.4,28992.2,234
1784699760,28992.1,28995.6,28990.8,28993.9,236
1784699820,28994.3,28996.4,28991.1,28994.3,232
1784699880,28994.1,29001.8,28990.7,28999.7,216
1784699940,29000.1,29003.9,28999.3,29003.6,200
1784700000,29003.3,29003.8,28991.1,28995.7,256
1784700060,28996.4,28997.4,28988.4,28988.4,246
1784700120,28989.3,28992.9,28986.8,28987.3,224
1784700180,28987.7,28987.7,28980.8,28982.2,254
1784700240,28982.3,28985.9,28980.8,28982.1,238
1784700300,28981.6,28982.3,28965.2,28966.7,248
1784700360,28966.8,28967.9,28958.1,28962.9,226
1784700420,28962.4,28968.8,28961.8,28968.8,230
1784700480,28969.2,28971.1,28964.6,28964.8,256
1784700540,28965.2,28965.7,28959.6,28960.3,236
1784700600,28960.6,28968.7,28959.1,28965.2,216
1784700660,28964.7,28974.3,28962.1,28965.2,234
1784700720,28965.6,28970.8,28960.3,28965.8,226
1784700780,28965.7,28968.2,28957.6,28959.2,216
1784700840,28959.6,28963.8,28957.6,28963.6,204
1784700900,28963.8,28963.8,28951.4,28953.2,224
1784700960,28953.1,28953.7,28943.9,28944.1,198
1784701020,28943.9,28946.6,28940.6,28941.1,218
1784701080,28941.2,28942.3,28926.2,28930.1,230
1784701140,28930.8,28932.2,28925.7,28928.8,236
1784701200,28929.6,28930.1,28909.6,28912.2,232
1784701260,28911.4,28915.4,28909.1,28912.3,250
1784701320,28909.7,28910.3,28897.1,28898.2,226
1784701380,28899.6,28905.4,28897.2,28897.2,222
1784701440,28897.7,28914.1,28890.8,28912.6,234
1784701500,28911.7,28915.4,28902.2,28911.7,246
1784701560,28911.8,28912.3,28904.2,28908.2,236
1784701620,28908.6,28916.2,28907.8,28910.8,222
1784701680,28911.3,28918.2,28908.9,28912.3,208
1784701740,28912.4,28914.6,28900.1,28909.2,240
1784701800,28911.3,28918.4,28898.9,28909.3,246
1784701860,28908.3,28914.4,28907.7,28913.6,212
1784701920,28913.4,28917.4,28907.2,28912.7,230
1784701980,28912.6,28920.8,28912.6,28919.3,225
1784702040,28919.9,28925.3,28915.9,28925.3,242
1784702100,28926.6,28931.3,28924.8,28925.7,216
1784702160,28926.7,28942.3,28926.4,28941.9,214
1784702220,28942.1,28945.6,28941.4,28943.7,208
1784702280,28942.9,28943.1,28934.8,28936.8,186
1784702340,28936.7,28941.7,28932.9,28941.3,186
1784702400,28941.1,28945.6,28939.1,28941.3,190
1784702460,28942.8,28943.3,28937.4,28940.3,188
1784702520,28940.6,28944.3,28937.8,28943.3,192
1784702580,28943.4,28943.8,28940.9,28943.3,166
1784702640,28943.4,28944.1,28932.8,28932.8,192
1784702700,28933.1,28933.1,28913.8,28915.8,218
1784702760,28915.2,28915.7,28907.3,28914.6,194
1784702820,28914.8,28916.1,28901.3,28906.4,206
1784702880,28906.8,28908.9,28903.3,28904.3,202
1784702940,28904.4,28904.4,28899.3,28900.3,186
1784703000,28900.1,28907.3,28893.9,28907.3,212
1784703060,28906.9,28922.7,28906.9,28922.1,216
1784703120,28922.4,28928.7,28922.4,28928.7,190
1784703180,28928.3,28930.7,28927.4,28930.2,172
1784703240,28929.9,28933.1,28923.7,28923.7,172
1784703300,28923.3,28924.3,28914.2,28920.3,206
1784703360,28920.1,28923.3,28918.6,28920.7,166
1784703420,28919.8,28923.8,28918.7,28922.6,160
1784703480,28922.3,28926.8,28917.6,28919.8,204
1784703540,28919.6,28929.4,28919.2,28923.3,214
1784703600,28922.6,28932.4,28908.8,28931.4,278
1784703660,28932.6,28932.6,28913.1,28917.9,270
1784703720,28918.9,28922.2,28904.1,28907.7,236
1784703780,28907.3,28918.7,28905.4,28917.2,236
1784703840,28917.6,28922.7,28914.4,28914.4,204
1784703900,28913.6,28915.7,28907.2,28909.9,236
1784703960,28910.6,28910.6,28882.7,28890.6,232
1784704020,28890.3,28902.9,28888.3,28902.7,202
1784704080,28902.1,28902.9,28895.1,28897.9,234
1784704140,28898.3,28901.3,28893.6,28897.3,240
1784704200,28897.4,28904.9,28896.3,28902.1,224
1784704260,28901.8,28912.8,28900.2,28911.3,218
1784704320,28911.7,28917.9,28907.8,28917.3,230
1784704380,28917.9,28928.6,28917.6,28924.9,220
1784704440,28925.2,28929.4,28921.3,28927.9,236
1784704500,28927.8,28930.8,28922.2,28924.1,220
1784704560,28924.4,28928.1,28921.6,28921.9,232
1784704620,28922.4,28931.1,28922.1,28930.9,182
1784704680,28931.2,28945.1,28929.8,28943.8,216
1784704740,28942.7,28945.2,28936.4,28936.9,212
1784704800,28936.6,28941.3,28935.6,28940.1,200
1784704860,28941.6,28945.2,28935.8,28937.7,208
1784704920,28938.1,28941.6,28936.2,28937.6,192
1784704980,28938.1,28940.9,28929.9,28931.9,206
1784705040,28932.2,28933.3,28919.7,28922.9,222
1784705100,28922.7,28923.9,28915.4,28922.8,218
1784705160,28922.9,28941.7,28922.3,28941.6,242
1784705220,28941.4,28954.3,28940.1,28953.7,220
1784705280,28953.6,28953.6,28947.1,28951.3,212
1784705340,28951.7,28951.9,28945.4,28949.9,210
1784705400,28948.2,28954.6,28918.4,28918.4,284
1784705460,28918.6,28921.7,28905.6,28921.7,266
1784705520,28921.9,28921.9,28911.8,28912.6,228
1784705580,28912.8,28912.8,28903.9,28909.4,230
1784705640,28909.9,28910.9,28902.1,28902.1,220
1784705700,28902.4,28906.9,28897.1,28904.6,240
1784705760,28904.4,28905.6,28895.3,28895.9,218
1784705820,28895.4,28901.3,28887.3,28901.3,228
1784705880,28900.6,28904.4,28892.1,28892.1,242
1784705940,28892.7,28895.7,28880.9,28880.9,254
1784706000,28879.1,28885.6,28876.4,28879.3,240
1784706060,28879.1,28882.9,28857.2,28861.4,242
1784706120,28861.3,28876.1,28860.3,28876.1,242
1784706180,28875.8,28886.6,28871.4,28886.6,218
1784706240,28887.3,28895.6,28886.2,28895.1,238
1784706300,28895.2,28900.1,28893.9,28897.9,232
1784706360,28897.3,28898.3,28892.2,28897.2,216
1784706420,28896.8,28897.8,28890.7,28894.2,214
1784706480,28894.4,28906.9,28879.9,28894.3,256
1784706540,28894.2,28894.2,28875.8,28878.2,236
1784706600,28877.6,28877.9,28872.3,28874.4,218
1784706660,28873.7,28881.2,28872.2,28876.4,228
1784706720,28876.6,28882.8,28872.2,28875.1,212
1784706780,28874.7,28889.1,28871.3,28888.7,218
1784706840,28888.3,28897.9,28888.3,28892.3,236
1784706900,28892.4,28898.9,28886.7,28886.8,228
1784706960,28886.9,28895.1,28885.8,28889.7,194
1784707020,28890.1,28895.3,28886.6,28889.4,198
1784707080,28889.7,28894.1,28884.2,28887.6,214
1784707140,28887.8,28889.8,28880.6,28887.6,218
1784707200,28892.8,28902.7,28871.7,28901.3,272
1784707260,28900.7,28903.7,28880.3,28902.6,258
1784707320,28900.3,28905.2,28890.4,28892.9,268
1784707380,28893.6,28896.9,28884.9,28896.9,254
1784707440,28897.1,28917.9,28891.8,28915.6,252
1784707500,28914.8,28920.6,28905.3,28910.3,246
1784707560,28910.4,28916.8,28899.3,28901.4,256
1784707620,28902.4,28917.4,28899.6,28916.2,240
1784707680,28916.6,28937.4,28916.6,28929.3,246
1784707740,28930.1,28931.6,28924.7,28924.9,210
1784707800,28925.3,28927.7,28910.3,28910.3,224
1784707860,28910.6,28917.2,28904.8,28906.3,236
1784707920,28905.9,28906.3,28894.7,28901.4,228
1784707980,28901.1,28908.2,28896.3,28904.4,242
1784708040,28903.4,28905.4,28896.7,28898.2,230
1784708100,28897.9,28907.1,28896.8,28902.9,230
1784708160,28903.4,28910.3,28895.2,28898.8,224
1784708220,28900.1,28907.3,28899.1,28899.6,210
1784708280,28899.2,28906.8,28897.8,28906.3,220
1784708340,28906.2,28912.3,28893.3,28903.1,240
1784708400,28903.8,28915.2,28900.1,28910.6,236
1784708460,28911.1,28916.4,28910.7,28913.2,218
1784708520,28913.6,28925.9,28913.1,28924.4,218
1784708580,28924.6,28934.3,28923.6,28929.3,220
1784708640,28928.4,28931.2,28918.9,28930.8,208
1784708700,28930.3,28935.1,28928.2,28931.6,224
1784708760,28931.4,28935.1,28927.8,28928.3,216
1784708820,28927.8,28930.6,28920.7,28922.9,248
1784708880,28923.7,28925.7,28919.2,28923.1,232
1784708940,28921.7,28932.3,28918.4,28931.9,240
1784709000,28932.1,28945.3,28928.2,28944.2,236
1784709060,28943.8,28946.8,28936.4,28937.9,230
1784709120,28938.6,28944.7,28936.4,28940.4,206
1784709180,28938.7,28942.6,28937.4,28937.6,216
1784709240,28938.3,28943.4,28931.9,28942.7,230
1784709300,28942.2,28943.3,28935.1,28938.4,208
1784709360,28937.9,28939.8,28934.3,28935.9,208
1784709420,28935.8,28936.9,28928.4,28929.6,206
1784709480,28929.1,28930.9,28923.7,28928.2,208
1784709540,28928.1,28928.8,28917.8,28918.4,210
1784709600,28919.1,28923.7,28918.1,28918.7,228
1784709660,28919.1,28922.3,28915.3,28919.4,214
1784709720,28918.2,28930.6,28916.7,28928.8,202
1784709780,28928.9,28928.9,28916.6,28918.1,198
1784709840,28918.2,28920.2,28911.3,28916.9,198
1784709900,28917.4,28932.6,28916.9,28931.4,212
1784709960,28930.9,28937.9,28930.7,28935.8,186
1784710020,28935.6,28936.8,28930.7,28930.7,176
1784710080,28930.2,28933.8,28923.2,28924.6,198
1784710140,28924.1,28927.1,28919.9,28925.7,211
1784710200,28926.7,28927.9,28919.1,28919.6,206
1784710260,28919.2,28927.4,28917.3,28926.2,204
1784710320,28926.1,28933.6,28924.4,28932.1,196
1784710380,28931.6,28936.9,28928.8,28936.9,196
1784710440,28937.7,28938.6,28932.4,28935.8,196
1784710500,28935.9,28936.7,28926.3,28928.8,180
1784710560,28928.7,28938.4,28925.6,28937.7,214
1784710620,28937.1,28945.8,28936.2,28945.2,200
1784710680,28944.9,28948.1,28942.1,28942.9,208
1784710740,28943.8,28943.8,28938.8,28940.8,186
1784710800,28940.9,28942.7,28937.8,28939.8,228
1784710860,28940.1,28946.9,28938.1,28944.6,220
1784710920,28944.8,28953.1,28942.8,28944.1,210
1784710980,28943.6,28968.7,28943.1,28962.4,214
1784711040,28961.4,28963.2,28958.2,28962.8,206
1784711100,28962.6,28965.2,28956.8,28962.6,216
1784711160,28962.9,28965.1,28957.8,28958.7,186
1784711220,28958.4,28980.2,28958.4,28977.4,214
1784711280,28977.7,28978.9,28970.1,28975.7,210
1784711340,28974.6,28976.8,28966.1,28968.2,200
1784711400,28967.9,28968.9,28963.3,28965.6,186
1784711460,28965.4,28975.8,28963.9,28969.9,204
1784711520,28970.1,28973.2,28961.4,28961.4,212
1784711580,28961.7,28964.9,28959.1,28959.9,192
1784711640,28960.6,28962.7,28957.4,28962.2,192
1784711700,28961.4,28966.2,28959.2,28962.7,210
1784711760,28962.8,28965.2,28959.6,28965.2,210
1784711820,28964.6,28967.1,28962.8,28963.8,190
1784711880,28964.1,28967.3,28961.7,28962.2,188
1784711940,28962.9,28966.7,28961.1,28965.6,194
1784712000,28965.4,28973.3,28960.2,28973.3,198
1784712060,28975.2,28977.2,28969.7,28975.6,210
1784712120,28976.4,28976.7,28970.3,28970.3,186
1784712180,28970.9,28970.9,28965.4,28970.4,168
1784712240,28969.7,28970.9,28965.4,28969.3,176
1784712300,28969.2,28973.3,28961.1,28963.9,184
1784712360,28963.7,28969.1,28963.4,28965.7,186
1784712420,28965.8,28966.7,28960.3,28960.7,182
1784712480,28960.4,28966.9,28955.7,28966.9,214
1784712540,28967.1,28967.4,28955.8,28956.4,194
1784712600,28956.3,28956.9,28946.7,28948.4,220
1784712660,28948.2,28954.3,28943.7,28947.3,198
1784712720,28947.2,28949.7,28943.4,28943.4,198
1784712780,28943.9,28944.2,28934.7,28935.1,208
1784712840,28934.2,28938.2,28927.6,28929.2,230
1784712900,28929.3,28937.4,28928.3,28937.3,230
1784712960,28937.1,28943.4,28936.1,28940.3,194
1784713020,28939.9,28944.1,28936.9,28943.3,204
1784713080,28943.7,28943.8,28938.3,28939.6,200
1784713140,28937.7,28944.8,28937.2,28941.1,204
1784713200,28940.6,28941.3,28933.2,28933.8,210
1784713260,28934.1,28943.6,28933.1,28940.4,200
1784713320,28940.8,28942.9,28933.6,28941.9,182
1784713380,28942.4,28949.8,28938.7,28945.6,232
1784713440,28944.7,28949.8,28944.7,28946.7,200
1784713500,28947.2,28950.9,28943.6,28945.4,190
1784713560,28945.7,28949.9,28943.1,28947.4,176
1784713620,28946.9,28952.4,28945.7,28951.9,204
1784713680,28951.8,28954.4,28949.9,28951.8,198
1784713740,28952.1,28952.2,28945.9,28946.2,174
1784713800,28945.4,28946.7,28937.6,28938.2,186
1784713860,28938.1,28939.2,28934.7,28935.4,196
1784713920,28935.8,28937.2,28926.9,28929.4,204
1784713980,28929.7,28929.7,28921.7,28923.2,226
1784714040,28923.3,28928.2,28920.6,28928.2,216
1784714100,28930.8,28937.4,28927.4,28937.4,230
1784714160,28937.7,28952.9,28937.2,28952.9,192
1784714220,28953.4,28958.4,28952.1,28955.3,202
1784714280,28955.6,28958.6,28954.4,28957.3,172
1784714340,28957.6,28958.6,28951.8,28958.4,188
1784714400,28958.6,28969.2,28957.9,28966.7,236
1784714460,28967.2,28974.7,28965.2,28972.8,184
1784714520,28971.3,28981.6,28971.3,28980.1,220
1784714580,28979.4,28989.4,28973.6,28974.7,218
1784714640,28974.4,28976.1,28970.8,28974.1,166
1784714700,28975.8,28976.7,28966.7,28966.7,198
1784714760,28966.6,28973.7,28961.8,28963.2,210
1784714820,28964.1,28966.2,28962.6,28966.1,196
1784714880,28965.3,28966.7,28962.9,28964.9,192
1784714940,28965.2,28966.4,28963.4,28963.6,162
1784715000,28963.7,28971.3,28961.6,28962.4,188
1784715060,28962.7,28966.8,28954.6,28956.9,182
1784715120,28956.8,28962.1,28951.4,28952.8,188
1784715180,28952.9,28957.1,28951.8,28953.8,188
1784715240,28953.6,28956.1,28952.8,28953,164
1784715300,28953.3,28961.6,28953,28961.6,190
1784715360,28961,28961.3,28947.9,28948.3,186
1784715420,28948.5,28955.3,28947.3,28954.8,186
1784715480,28954.4,28966.8,28954.4,28965.9,218
1784715540,28966.6,28971.1,28961,28962.6,206
1784715600,28962.8,28999,28962.8,28982,264
1784715660,28982.5,28995.6,28980.3,28992.5,270
1784715720,28991.3,28995.4,28984.5,28992.6,260
1784715780,28992.4,28992.4,28981.5,28984.6,218
1784715840,28984.5,28998.3,28983.6,28994.5,232
1784715900,28995,28996.9,28990.3,28991.6,216
1784715960,28992.3,28996.1,28988.5,28993,208
1784716020,28994.1,28995.9,28991.8,28995,228
1784716080,28995.5,28997.4,28991.5,28993.4,204
1784716140,28993.6,28996.9,28988.6,28993.9,214
1784716200,28994.8,29001.5,28989.5,28996.8,218
1784716260,28995.5,28996.6,28985.5,28986.8,216
1784716320,28987.5,28992.1,28982.4,28984.1,218
1784716380,28984.9,28989.4,28983.1,28986.6,228
1784716440,28986.4,28987.9,28976.8,28979,216
1784716500,28978.6,28980.4,28975.4,28978,216
1784716560,28978.1,28986.3,28975.4,28981.3,210
1784716620,28981,28984.5,28977.3,28981.8,188
1784716680,28981.9,28982.5,28974.5,28975,208
1784716740,28975.1,28975.6,28968.5,28972.4,204
1784716800,28972.5,28975.6,28968.1,28974.8,184
1784716860,28974.9,28975,28969,28969.8,202
1784716920,28970,28973.9,28967.1,28972.5,200
1784716980,28972.8,28973.5,28967.9,28969.6,196
1784717040,28969.8,28972,28967.6,28967.6,190
1784717100,28967.4,28971.9,28966.6,28971.4,210
1784717160,28971.3,28976.9,28971.3,28976.9,220
1784717220,28976.8,28979.1,28973,28976.8,190
1784717280,28977,28992.6,28975.8,28991.3,210
1784717340,28989,29002.9,28989,29002.9,216
1784717400,29003.9,29005.5,28995.9,29001.5,216
1784717460,29001,29002,28994.4,28996.4,190
1784717520,28996.3,28997,28991.8,28992.9,174
1784717580,28993.8,28993.8,28990.5,28992.5,166
1784717640,28992.3,28993.4,28988.9,28990.4,146
1784717700,28990.6,28992,28986.8,28988,196
1784717760,28988.3,28991.8,28987.1,28990,182
1784717820,28991,28994.3,28987.3,28988.3,178
1784717880,28988,28994.5,28987.4,28987.6,180
1784717940,28987.1,28990.4,28984.3,28987,190
1784718000,28987.9,28992.5,28975.5,28990.4,236
1784718060,28989.1,28990.5,28980.3,28984.6,228
1784718120,28983.9,28991.5,28979.1,28991.1,212
1784718180,28991.8,28996.9,28982,28986.1,258
1784718240,28985.8,28985.8,28968,28968,244
1784718300,28967.9,28974.9,28966.5,28974.9,220
1784718360,28974.5,28978.6,28970.3,28970.3,194
1784718420,28970,28976,28966.3,28975.1,216
1784718480,28973.9,28977,28968.4,28970,224
1784718540,28969.9,28971.4,28963,28968.8,216
1784718600,28969.1,28970.1,28961.9,28966.6,208
1784718660,28967.3,28969.8,28961.1,28961.4,206
1784718720,28962.4,28968.1,28960.1,28964,212
1784718780,28964.1,28967.4,28958.6,28960.6,204
1784718840,28960.8,28960.9,28954.9,28956.5,186
1784718900,28956,28956,28948.3,28948.9,216
1784718960,28948.8,28954.3,28948.5,28954.1,206
1784719020,28954.3,28954.3,28948.4,28949.3,164
1784719080,28949,28952.8,28948.3,28952.8,184
1784719140,28953.1,28953.1,28944.1,28946,196
1784719200,28945.9,28962,28945.9,28960.6,226
1784719260,28961.4,28967.8,28960.4,28964.6,196
1784719320,28964.9,28966,28955.5,28955.9,192
1784719380,28956,28959.8,28953.6,28955.9,202
1784719440,28955.8,28958.6,28951.8,28953,182
1784719500,28952.8,28952.9,28944.9,28946.6,204
1784719560,28947.4,28947.4,28935.4,28939.3,212
1784719620,28938.9,28944.5,28933.3,28933.5,184
1784719680,28933.9,28937.3,28931.5,28934.8,204
1784719740,28935,28937.3,28933.5,28934.8,190
1784719800,28934.5,28935.5,28928.4,28931.5,178
1784719860,28932.1,28937.9,28931.9,28937.9,186
1784719920,28938,28941,28933,28936.8,196
1784719980,28936.9,28943,28935.3,28938.6,214
1784720040,28938.5,28940.4,28935.6,28937.3,180
1784720100,28936.8,28944.1,28934.6,28943.5,196
1784720160,28943,28946.4,28941.5,28943.1,188
1784720220,28943.4,28943.8,28918.1,28928.8,236
1784720280,28929.4,28931.5,28923.5,28923.9,202
1784720340,28924,28924.5,28919.4,28921.1,204
1784720400,28921,28921,28888.6,28898.5,218
1784720460,28899.3,28901.5,28882.5,28898.8,274
1784720520,28899,28901.6,28871.9,28882.3,252
1784720580,28882.5,28884,28850.8,28855.4,280
1784720640,28855.1,28881.1,28855,28875.6,254
1784720700,28875,28876.4,28868.1,28875.3,252
1784720760,28876.4,28884.4,28874.5,28881.5,230
1784720820,28881.6,28906.8,28881.5,28904.5,246
1784720880,28904.9,28911.5,28904.6,28907.6,236
1784720940,28908.6,28908.9,28902.9,28904,204
1784721000,28904.5,28906.4,28890.8,28891.1,234
1784721060,28891.4,28905.4,28891.1,28903,234
1784721120,28903.4,28904.5,28897.1,28900.6,222
1784721180,28900.4,28901,28893.5,28895.9,194
1784721240,28897.5,28901.4,28895.9,28898.5,190
1784721300,28898.6,28901.6,28892.5,28893,188
1784721360,28892.5,28892.5,28877.5,28883.8,222
1784721420,28885.5,28892.4,28885,28888.5,202
1784721480,28888.3,28889.4,28882.3,28882.3,184
1784721540,28882,28889.1,28881.8,28886.9,204
1784721600,28888.3,28903.8,28886.9,28896.5,236
1784721660,28896.1,28896.3,28883.1,28888,210
1784721720,28887.1,28890.6,28879.5,28880.8,222
1784721780,28880.4,28880.4,28865.9,28873.9,238
1784721840,28873.1,28875.6,28861.5,28869.8,226
1784721900,28869.9,28884.5,28869.9,28884.1,236
1784721960,28885.1,28888.5,28877.5,28877.5,222
1784722020,28877,28877.3,28858.5,28860,242
1784722080,28860.8,28867.6,28860.5,28865.6,222
1784722140,28865.5,28869.5,28861.1,28867.6,202
1784722200,28868,28871.5,28859,28869.8,240
1784722260,28869.5,28876,28868.8,28875.8,226
1784722320,28875.1,28878.9,28869.5,28875,224
1784722380,28875.5,28882.6,28870.8,28881.1,220
1784722440,28880.6,28881.3,28871.9,28877,204
1784722500,28877.8,28880,28870.3,28872.8,190
1784722560,28873.1,28873.1,28861.5,28867.4,220
1784722620,28867,28867,28854,28856.9,236
1784722680,28856.8,28860.8,28853.9,28858.1,216
1784722740,28857,28860.8,28853.1,28858.4,206
1784722800,28858.8,28861.9,28852.8,28860.6,196
1784722860,28861.4,28862,28837.6,28840.4,256
1784722920,28840.5,28844.3,28837.4,28842.6,208
1784722980,28842.8,28849.1,28833.4,28834.6,226
1784723040,28834.9,28835.6,28830,28830.3,198
1784723100,28830.5,28840.9,28827.8,28840.9,224
1784723160,28840.8,28846,28838.1,28845.1,215
1784723220,28845.4,28854.8,28842.8,28854.4,224
1784723280,28854.1,28856.4,28850,28854.1,214
1784723340,28854,28859.9,28852.4,28858.9,214
1784723400,28864,28888.9,28864,28882.9,272
1784723460,28883.5,28891,28877.6,28880,252
1784723520,28879.8,28890.3,28877.4,28883.6,270
1784723580,28883.9,28891.4,28876.1,28888.6,250
1784723640,28888.4,28898.6,28887.4,28892.1,240
1784723700,28892.3,28899,28888.3,28892.3,238
1784723760,28892.4,28898.1,28888.4,28891.6,254
1784723820,28891.5,28896.4,28888.1,28889.5,198
1784723880,28887,28887.6,28875.4,28877,250
1784723940,28876.5,28899.5,28876.5,28896.6,230
1784724000,28896,28897.8,28889.3,28896.3,204
1784724060,28897.3,28900.4,28893.8,28897.8,224
1784724120,28897.9,28899.6,28894,28894,208
1784724180,28894.1,28895.3,28887.8,28887.8,212
1784724240,28888.1,28894.3,28887.4,28888.5,220
1784724300,28888.3,28889,28864.4,28865.6,240
1784724360,28866.3,28879.4,28865.9,28873.9,276
1784724420,28874.8,28876.9,28859.6,28861.1,250
1784724480,28860.1,28860.1,28843.1,28847.4,272
1784724540,28847.1,28853.6,28844.6,28851.8,234
1784724600,28851.9,28856.9,28848.9,28856.6,222
1784724660,28856.5,28867.4,28853.4,28867.4,226
1784724720,28867.6,28874.4,28865.9,28871.4,244
1784724780,28871.3,28877.3,28870,28874.6,208
1784724840,28874.8,28879.1,28874.1,28878.3,194
1784724900,28878.4,28879.4,28869.4,28870.9,222
1784724960,28870.5,28875.4,28797.9,28820.4,220
1784725020,28825.1,28851.6,28810.5,28848.9,276
1784725080,28848.3,28851.5,28843.5,28848.9,234
1784725140,28849.6,28859.6,28846.6,28849.1,248
1784725200,28860.9,28869.3,28857.5,28867.1,252
1784725260,28866.3,28866.3,28855,28862.6,232
1784725320,28862.5,28869.6,28858.1,28866.3,222
1784725380,28866.6,28870.3,28865.6,28869.6,220
1784725440,28868.5,28879.6,28868.4,28877.6,220
1784725500,28877.8,28880.5,28872.9,28875,232
1784725560,28875.4,28876.8,28871.8,28873,208
1784725620,28873.1,28877,28869.8,28873.3,216
1784725680,28873.8,28880,28872.8,28878.5,196
1784725740,28878.3,28893.4,28878.1,28892.1,242
1784725800,28892,28892.8,28886.6,28886.6,228
1784725860,28887.9,28889.5,28884.8,28888.1,220
1784725920,28887.4,28889.1,28882.5,28883.8,206
1784725980,28883.6,28895.4,28883.5,28891.5,192
1784726040,28891.6,28892.8,28886.5,28889.1,186
1784726100,28889,28892.5,28887,28891.9,194
1784726160,28892,28902.8,28891,28902.8,206
1784726220,28903.5,28906.8,28900,28906.3,218
1784726280,28903.6,28905.1,28897.8,28897.8,214
1784726340,28898.3,28914.3,28896.3,28912.1,248
1784726400,28912,28912.4,28902.8,28902.8,242
1784726460,28902.5,28906,28901.8,28903.4,206
1784726520,28903.9,28912.3,28903.3,28909,208
1784726580,28909.5,28917,28905.5,28915.6,232
1784726640,28916.6,28921.6,28912.8,28921.6,226
1784726700,28925.4,28931,28915.9,28928.6,260
1784726760,28928.4,28928.4,28920.1,28921.1,240
1784726820,28920.6,28923.4,28906.5,28907.3,248
1784726880,28910.8,28920.6,28909.8,28918.4,252
1784726940,28918.6,28924.8,28916.3,28920.8,258
1784727000,28926.7,28955.2,28926.7,28952.3,324
1784727060,28954.8,28965.2,28934.6,28960.7,316
1784727120,28956.1,28981.2,28944.6,28979.2,304
1784727180,28980.4,28993.7,28975.1,28975.9,310
1784727240,28974.1,28986.8,28964.3,28983.6,306
1784727300,28984.1,28986.9,28973.8,28983.4,310
1784727360,28982.8,28984.8,28955.7,28969.7,318
1784727420,28970.2,28996.6,28964.7,28992.3,300
1784727480,28991.1,28991.6,28953.3,28953.8,312
1784727540,28954.8,28995.1,28946.6,28987.8,310
1784727600,28988.9,28989.7,28964.9,28972.8,320
1784727660,28970.2,28996.7,28970.2,28990.9,312
1784727720,28990.8,29010.3,28987.4,28997.7,306
1784727780,28996.8,29014.6,28993.8,29010.7,298
1784727840,29009.3,29017.8,29001.2,29010.7,302
1784727900,29011.3,29048.8,29011.3,29037.1,296
1784727960,29036.6,29042.9,29027.9,29034.7,302
1784728020,29034.9,29035.2,29006.1,29007.8,292
1784728080,29007.6,29018.4,28990.3,29009.9,306
1784728140,29009.6,29021.6,29000.8,29005.4,308
1784728200,29006.1,29010.1,28986.4,28997.3,316
1784728260,28996.6,29033.1,28994.1,29016.7,310
1784728320,29015.1,29041.6,29015.1,29034.4,312
1784728380,29034.9,29058.2,29034.9,29057.8,298
1784728440,29057.9,29070.9,29054.8,29069.2,302
1784728500,29068.8,29077.7,29062.3,29075.3,292
1784728560,29074.1,29086.7,29067.1,29084.8,314
1784728620,29085.2,29093.3,29070.6,29089.3,304
1784728680,29088.6,29091.7,29078.6,29083.1,300
1784728740,29079.8,29109.6,29079.4,29108.4,298
1784728800,29110.3,29115.1,29093.3,29110.6,300
1784728860,29107.8,29111.6,29093.8,29096.3,295
1784728920,29095.2,29099.8,29083.7,29092.1,304
1784728980,29092.6,29100.8,29071.6,29075.1,296
1784729040,29074.7,29092.7,29073.3,29090.8,298
1784729100,29090.7,29109.4,29083.3,29107.3,312
1784729160,29107.8,29107.8,29087.8,29088.3,286
1784729220,29090.9,29091.2,29062.6,29071.7,304
1784729280,29071.1,29075.9,29062.4,29065.9,296
1784729340,29065.7,29074.3,29054.4,29054.8,291
1784729400,29056.1,29074.9,29051.1,29070.8,296
1784729460,29071.1,29091.7,29068.3,29086.3,300
1784729520,29085.6,29095.1,29077.8,29079.1,296
1784729580,29078.7,29078.7,29057.8,29062.2,312
1784729640,29062.3,29071.2,29057.2,29067.1,306
1784729700,29068.1,29072.3,29028.6,29039.6,300
1784729760,29040.1,29055.3,29033.3,29046.6,302
1784729820,29047.3,29063.9,29034.3,29060.8,308
1784729880,29060.1,29065.4,29041.8,29045.2,310
1784729940,29044.9,29084.6,29042.6,29084.2,308
1784730000,29083.9,29097.9,29075.8,29096.1,308
1784730060,29093.7,29105.1,29089.6,29095.3,306
1784730120,29093.8,29098.3,29077.7,29078.6,318
1784730180,29077.4,29078.1,29038.1,29051.3,322
1784730240,29050.8,29053.1,29032.1,29050.6,314
1784730300,29050.7,29063.8,29044.3,29058.1,308
1784730360,29057.8,29063.1,29037.9,29040.2,310
1784730420,29040.6,29055.8,29034.4,29046.2,296
1784730480,29045.9,29051.8,29034.7,29045.1,302
1784730540,29045.2,29059.3,29040.1,29051.1,308
1784730600,29051.8,29070.1,29049.1,29061.1,308
1784730660,29061.8,29065.1,29052.1,29064.1,310
1784730720,29064.4,29091.3,29063.8,29091.2,298
1784730780,29090.2,29091.1,29067.4,29067.4,296
1784730840,29067.3,29075.4,29049.4,29050.2,308
1784730900,29051.7,29058.1,29040.3,29056.2,298
1784730960,29056.6,29077.8,29053.8,29071.8,284
1784731020,29072.1,29077.8,29057.9,29058.9,302
1784731080,29057.6,29062.1,29042.2,29054.4,308
1784731140,29053.3,29055.1,29040.4,29051.7,302
1784731200,29052.8,29063.8,29045.8,29049.2,318
1784731260,29051.2,29054.3,29015.9,29020.8,318
1784731320,29021.6,29035.8,29007.7,29031.8,318
1784731380,29032.1,29033.1,29016.7,29024.8,300
1784731440,29022.9,29030.1,29018.4,29018.4,312
1784731500,29017.8,29033.1,29007.3,29029.8,306
1784731560,29031.6,29059.6,29027.6,29054.8,300
1784731620,29055.7,29055.7,29038.8,29044.2,312
1784731680,29044.9,29062.3,29042.3,29053.1,300
1784731740,29052.6,29058.2,29036.8,29055.8,286
1784731800,29056.8,29058.3,29039.8,29048.8,294
1784731860,29048.9,29051.3,29019.7,29044.3,300
1784731920,29044.9,29054.6,29027.7,29028.8,302
1784731980,29029.3,29048.9,29028.1,29032.7,292
1784732040,29033.1,29053.1,29033.1,29033.3,286
1784732100,29032.1,29032.6,29016.3,29031.3,292
1784732160,29030.8,29045.6,29028.8,29039.6,306
1784732220,29039.2,29059.4,29039.2,29059.2,294
1784732280,29058.1,29076.4,29058.1,29072.1,280
1784732340,29071.8,29075.4,29066.1,29072.6,294
1784732400,29075.4,29097.1,29075.4,29096.8,298
1784732460,29095.9,29098.1,29079.7,29082.1,286
1784732520,29081.6,29094.1,29075.3,29092.8,302
1784732580,29091.6,29104.9,29091.6,29093.3,288
1784732640,29094.1,29106.7,29094.1,29102.1,270
1784732700,29102.8,29124.3,29095.1,29123.1,300
1784732760,29122.8,29129.9,29121.9,29124.3,296
1784732820,29123.3,29130.7,29119.1,29129.4,280
1784732880,29128.8,29134.8,29124.3,29134.7,286
1784732940,29133.9,29133.9,29123.2,29125.1,258
1784733000,29124.8,29141.3,29122.1,29140.9,292
1784733060,29141.2,29146.1,29128.9,29131.3,270
1784733120,29131.8,29138.2,29125.2,29138.2,284
1784733180,29137.8,29137.8,29129.2,29131.3,262
1784733240,29130.6,29138.9,29125.9,29138.8,284
1784733300,29139.6,29145.1,29133.8,29141.1,276
1784733360,29140.6,29144.1,29133.4,29141.1,268
1784733420,29140.1,29145.6,29132.3,29132.3,264
1784733480,29132.6,29137.2,29124.8,29128.1,270
1784733540,29128.8,29141.3,29128.6,29141.3,270
1784733600,29142.3,29156.2,29139.7,29155.2,268
1784733660,29155.9,29159.2,29135.8,29136.1,286
1784733720,29135.8,29143.2,29129.6,29143.2,284
1784733780,29142.3,29144.1,29132.1,29142.6,278
1784733840,29146.7,29159.7,29146.1,29155.3,296
1784733900,29154.9,29162.2,29153.3,29162.2,268
1784733960,29162.9,29168.2,29160.2,29166.3,276
1784734020,29166.8,29174.2,29164.2,29164.9,268
1784734080,29164.6,29166.1,29157.9,29162.3,272
1784734140,29159.9,29164.7,29155.4,29157.1,268
1784734200,29158.2,29167.1,29150.4,29165.1,300
1784734260,29165.6,29165.8,29156.8,29157.8,262
1784734320,29158.1,29159.2,29139.1,29140.8,278
1784734380,29140.6,29143.8,29131.3,29132.4,278
1784734440,29132.7,29133.1,29121.3,29124.7,288
1784734500,29125.1,29138.6,29124.3,29137.1,279
1784734560,29137.6,29142.4,29133.1,29138.8,278
1784734620,29138.6,29138.9,29115.2,29128.9,276
1784734680,29129.3,29132.8,29116.6,29120.8,268
1784734740,29120.1,29120.8,29111.2,29114.7,272
1784734800,29114.1,29129.3,29107.7,29128.6,276
1784734860,29129.1,29134.3,29121.3,29131.1,270
1784734920,29130.2,29133.7,29122.3,29123.6,260
1784734980,29123.3,29125.1,29112.4,29116.8,266
1784735040,29117.6,29126.1,29116.7,29121.2,266
1784735100,29121.9,29136.6,29121.9,29134.2,272
1784735160,29134.1,29141.3,29124.7,29124.7,266
1784735220,29124.1,29134.9,29123.4,29130.9,272
1784735280,29131.3,29136.3,29129.1,29131.8,260
1784735340,29132.3,29139.4,29126.8,29139.4,262
1784735400,29139.6,29145.1,29137.8,29139.9,272
1784735460,29139.8,29155.7,29139.4,29152.4,264
1784735520,29152.3,29163.7,29151.9,29163.6,256
1784735580,29162.9,29164.9,29145.3,29146.1,268
1784735640,29146.2,29150.3,29136.2,29140.1,278
1784735700,29139.9,29144.4,29132.6,29143.6,274
1784735760,29142.6,29143.6,29135.2,29142.6,264
1784735820,29142.3,29146.3,29133.7,29145.1,264
1784735880,29144.3,29156.2,29144.1,29155.2,250
1784735940,29155.1,29162.9,29152.6,29162.2,252
1784736000,29162.9,29165.6,29157.2,29159.7,264
1784736060,29158.7,29160.3,29145.2,29148.6,282
1784736120,29148.7,29156.7,29146.6,29155.1,264
1784736180,29154.6,29155.4,29146.4,29152.3,258
1784736240,29151.8,29156.1,29146.7,29152.1,244
1784736300,29151.7,29158.7,29146.7,29156.7,264
1784736360,29157.3,29165.2,29156.1,29159.3,248
1784736420,29158.8,29162.2,29154.7,29160.6,254
1784736480,29160.2,29161.1,29156.1,29156.8,230
1784736540,29156.9,29162.8,29155.9,29160.9,248
1784736600,29160.7,29161.7,29156.1,29157.4,262
1784736660,29157.8,29162.3,29148.7,29148.7,248
1784736720,29148.8,29159.7,29148.6,29157.2,268
1784736780,29157.9,29161.1,29153.6,29155.7,246
1784736840,29157.6,29165.2,29157.4,29161.7,256
1784736900,29160.8,29167.2,29159.1,29160.7,252
1784736960,29159.9,29165.9,29156.6,29159.9,258
1784737020,29160.4,29164.7,29151.1,29153.6,254
1784737080,29152.9,29162.6,29150.4,29161.7,250
1784737140,29162.1,29164.7,29161.2,29161.9,238
1784737200,29161.4,29161.4,29145.9,29153.3,276
1784737260,29153.1,29155.3,29148.6,29152.1,258
1784737320,29152.4,29155.2,29146.3,29149.3,262
1784737380,29148.9,29151.1,29142.4,29142.4,256
1784737440,29142.8,29147.7,29140.6,29147.1,268
1784737500,29147.3,29149.2,29141.7,29146.8,262
1784737560,29146.7,29146.7,29132.8,29138.3,254
1784737620,29138.6,29144.8,29137.9,29140.2,264
1784737680,29139.1,29143.9,29134.1,29143.9,244
1784737740,29144.6,29148.9,29140.4,29143.8,240
1784737800,29143.6,29148.6,29140.3,29147.8,262
1784737860,29147.6,29157.7,29145.8,29153.4,258
1784737920,29153.3,29155.6,29150.3,29154.2,236
1784737980,29154.6,29159.6,29150.8,29159.6,260
1784738040,29159.9,29160.6,29149.4,29155.3,238
1784738100,29155.4,29155.4,29147.8,29150.1,240
1784738160,29148.8,29150.1,29141.6,29142.3,256
1784738220,29141.8,29143.8,29135.3,29135.8,270
1784738280,29136.3,29147.4,29136.3,29146.3,230
1784738340,29146.2,29147.9,29133.9,29137.2,246
1784738400,29137.7,29138.7,29123.3,29124.6,272
1784738460,29125.9,29128.6,29122.8,29122.8,250
1784738520,29121.7,29126.7,29119.4,29120.1,256
1784738580,29120.8,29123.8,29116.3,29117.6,258
1784738640,29117.3,29124.8,29117.3,29122.8,260
1784738700,29122.7,29128.7,29116.1,29117.7,252
1784738760,29117.8,29122.9,29111.1,29112.2,282
1784738820,29111.6,29115.6,29108.8,29115.6,263
1784738880,29115.4,29124.2,29115.4,29124.2,250
1784738940,29123.7,29125.1,29118.8,29120.7,250
1784739000,29120.6,29123.6,29113.3,29123.6,250
1784739060,29124.3,29128.7,29120.2,29121.3,275
1784739120,29120.2,29127.9,29118.2,29126.2,241
1784739180,29126.6,29128.1,29116.4,29122.2,256
1784739240,29121.8,29126.6,29120.4,29123.4,250
1784739300,29122.8,29147.4,29122.4,29146.4,256
1784739360,29147.2,29148.8,29144.7,29146.2,242
1784739420,29146.6,29153.9,29146.6,29147.9,247
1784739480,29147.2,29150.4,29144.9,29149.3,234
1784739540,29148.9,29148.9,29140.4,29142.7,236
1784739600,29143.2,29158.8,29140.1,29157.2,236
1784739660,29157.3,29157.3,29147.8,29150.9,216
1784739720,29149.8,29151.8,29142.3,29145.8,260
1784739780,29145.3,29147.1,29136.2,29143.3,234
1784739840,29142.3,29142.3,29135.8,29140.6,234
1784739900,29141.8,29151.1,29141.1,29147.3,248
1784739960,29147.6,29154.4,29144.3,29153.8,244
1784740020,29153.7,29163.2,29150.8,29162.6,258
1784740080,29162.8,29163.2,29155.7,29158.9,228
1784740140,29159.1,29159.3,29151.3,29158.6,254
1784740200,29158.8,29160.2,29154.9,29158.6,256
1784740260,29158.3,29159.9,29152.7,29156.7,246
1784740320,29156.6,29159.1,29151.2,29153.4,236
1784740380,29153.3,29153.3,29145.1,29147.4,240
1784740440,29147.7,29148.4,29139.4,29142.2,270
1784740500,29143.1,29145.7,29134.8,29137.3,248
1784740560,29137.6,29141.8,29133.9,29136.9,260
1784740620,29135.9,29145.7,29135.1,29145.7,232
1784740680,29145.4,29150.4,29144.7,29147.2,232
1784740740,29146.7,29149.9,29142.4,29142.4,262
1784740800,29142.8,29142.8,29132.8,29134.8,252
1784740860,29134.9,29140.9,29130.9,29131.3,248
1784740920,29130.6,29138.4,29127.8,29137.8,262
1784740980,29137.4,29145.4,29137.3,29142.9,252
1784741040,29143.2,29148.6,29140.1,29145.9,262
1784741100,29145.6,29145.6,29135.6,29136.8,240
1784741160,29136.3,29137.6,29131.1,29135.6,256
1784741220,29135.7,29140.3,29134.6,29138.9,240
1784741280,29138.4,29149.8,29135.8,29147.3,252
1784741340,29147.2,29151.1,29138.1,29138.3,224
1784741400,29137.8,29144.8,29136.1,29144.8,230
1784741460,29144.7,29152.1,29144.3,29146.3,256
1784741520,29146.8,29147.2,29125.4,29129.3,266
1784741580,29129.1,29129.3,29116.6,29122.8,268
1784741640,29122.2,29122.2,29114.7,29115.4,277
1784741700,29115.2,29125.3,29112.6,29121.7,270
1784741760,29122.2,29129.6,29121.7,29128.4,224
1784741820,29128.6,29140.2,29127.8,29138.4,258
1784741880,29138.8,29144.1,29134.7,29137.1,244
1784741940,29136.4,29147.6,29135.7,29146.3,250
1784742000,29146.6,29146.6,29135.3,29137.6,252
1784742060,29137.4,29137.4,29129.9,29130.2,224
1784742120,29130.1,29131.8,29124.7,29126.2,260
1784742180,29126.4,29128.9,29122.2,29123.6,239
1784742240,29123.8,29130.1,29123.8,29126.3,248
1784742300,29127.1,29130.1,29124.8,29126.8,240
1784742360,29127.1,29129.7,29122.8,29126.1,230
1784742420,29125.8,29126.2,29118.4,29119.7,232
1784742480,29119.9,29121.6,29113.9,29115.3,234
1784742540,29115.4,29121.3,29114.6,29114.7,228
1784742600,29114.4,29115.9,29110.4,29112.6,250
1784742660,29112.7,29119.6,29112.7,29116.7,256
1784742720,29116.8,29116.8,29101.4,29104.3,246
1784742780,29104.1,29104.1,29090.9,29091.3,272
1784742840,29091.7,29092.8,29082.9,29083.1,283
1784742900,29082.4,29085.6,29067.1,29083.3,286
1784742960,29083.7,29088.3,29080.6,29084.2,290
1784743020,29084.6,29092.8,29079.2,29081.9,248
1784743080,29082.4,29087.6,29077.1,29077.6,270
1784743140,29077.3,29080.1,29071.7,29076.8,258
1784743200,29076.1,29093.8,29076.1,29091.2,282
1784743260,29090.8,29092.7,29075.1,29082.1,258
1784743320,29082.2,29083.6,29065.1,29074.2,282
1784743380,29074.6,29080.3,29072.3,29080.3,255
1784743440,29080.8,29086.6,29075.4,29084.7,268
1784743500,29084.8,29091.3,29078.6,29086.8,268
1784743560,29086.1,29091.7,29084.8,29090.1,264
1784743620,29089.6,29101.1,29086.4,29100.2,240
1784743680,29101.1,29102.7,29091.8,29091.8,236
1784743740,29091.9,29091.9,29078.1,29078.3,258
1784743800,29077.8,29082.8,29070.1,29081.9,274
1784743860,29081.8,29085.9,29077.8,29078.1,278
1784743920,29078.4,29078.6,29066.1,29068.1,254
1784743980,29068.6,29073.2,29061.3,29066.2,248
1784744040,29065.6,29067.4,29058.2,29058.2,245
1784744100,29056.7,29062.2,29055.1,29060.6,252
1784744160,29059.3,29067.6,29056.3,29062.6,266
1784744220,29063.1,29067.7,29056.7,29059.8,246
1784744280,29060.3,29071.4,29060.3,29071.4,260
1784744340,29070.6,29072.9,29061.3,29064.6,268
1784744400,29064.2,29074.8,29057.3,29074.6,258
1784744460,29074.7,29084.8,29070.8,29072.7,260
1784744520,29071.1,29071.4,29065.6,29070.1,242
1784744580,29069.8,29070.7,29058.1,29059.4,258
1784744640,29059.3,29070.7,29058.7,29062.4,264
1784744700,29062.2,29066.4,29060.2,29064.6,240
1784744760,29064.4,29067.7,29060.2,29063.8,250
1784744820,29063.9,29068.3,29058.2,29064.4,254
1784744880,29064.3,29078.8,29063.7,29077.8,236
1784744940,29078.1,29080.1,29071.3,29071.8,250
1784745000,29072.1,29072.1,29055.8,29061.1,263
1784745060,29061.2,29061.2,29046.2,29048.4,258
1784745120,29048.3,29048.8,29040.4,29043.1,260
1784745180,29043.3,29052.4,29042.8,29051.8,260
1784745240,29051.2,29052.8,29045.4,29047.2,242
1784745300,29045.8,29062.8,29044.3,29062.8,258
1784745360,29063.1,29067.7,29062.1,29066.4,254
1784745420,29066.1,29071.7,29062.8,29065.9,260
1784745480,29066.3,29071.9,29064.8,29065.1,248
1784745540,29065.3,29066.3,29055.2,29066.3,252
1784745600,29065.3,29067.9,29057.3,29059.4,240
1784745660,29059.6,29065.8,29057.3,29065.3,242
1784745720,29065.2,29065.2,29055.7,29056.4,250
1784745780,29056.8,29063.9,29055.7,29063.7,198
1784745840,29063.8,29064.6,29061.1,29061.3,202
1784745900,29061.1,29077.6,29059.9,29076.1,254
1784745960,29076.4,29077.4,29070.7,29076.4,254
1784746020,29076.3,29076.3,29072.2,29075.2,216
1784746080,29074.8,29081.4,29074.3,29075.4,250
1784746140,29075.8,29075.8,29064.1,29064.9,246
1784746200,29065.2,29066.3,29057.6,29061.4,246
1784746260,29061.3,29070.4,29058.8,29065.6,246
1784746320,29066.1,29068.6,29056.8,29064.1,236
1784746380,29063.6,29075.6,29062.8,29075.6,236
1784746440,29075.2,29086.7,29074.6,29086.2,244
1784746500,29085.7,29089.9,29084.3,29089.7,232
1784746560,29089.4,29091.1,29075.8,29080.9,252
1784746620,29080.7,29083.6,29078.3,29083.4,238
1784746680,29083.3,29090.4,29083.2,29085.9,214
1784746740,29086.1,29089.2,29077.9,29077.9,240
1784746800,29078.2,29082.4,29075.1,29080.9,260
1784746860,29081.4,29085.6,29067.1,29072.9,270
1784746920,29073.2,29076.8,29071.2,29071.4,258
1784746980,29072.3,29081.4,29072.2,29081.3,252
1784747040,29081.2,29089.9,29080.6,29081.2,252
1784747100,29081.1,29086.2,29078.1,29078.1,244
1784747160,29078.6,29084.9,29073.3,29084.9,240
1784747220,29085.1,29085.4,29073.8,29075.1,264
1784747280,29075.2,29083.8,29073.4,29078.8,248
1784747340,29079.8,29081.9,29078.1,29078.7,230
1784747400,29077.2,29077.8,29072.4,29074.3,246
1784747460,29074.2,29075.8,29063.9,29067.2,248
1784747520,29067.1,29067.6,29056.3,29057.9,252
1784747580,29057.6,29061.2,29054.2,29056.4,248
1784747640,29056.9,29057.6,29047.8,29056.7,270
1784747700,29056.9,29062.2,29050.1,29058.3,276
1784747760,29058.7,29072.8,29057.3,29071.3,260
1784747820,29071.1,29073.7,29067.4,29070.9,258
1784747880,29071.2,29075.2,29066.1,29072.8,242
1784747940,29072.6,29078.6,29072.6,29072.8,234
1784748000,29072.2,29073.2,29065.3,29065.4,246
1784748060,29065.1,29067.7,29056.7,29063.9,256
1784748120,29063.8,29077.2,29059.7,29076.8,262
1784748180,29075.6,29079.7,29074.3,29076.6,248
1784748240,29076.1,29078.9,29069.8,29069.8,218
1784748300,29069.2,29071.8,29062.7,29068.6,248
1784748360,29070.1,29072.9,29060.8,29063.2,234
1784748420,29063.1,29077.1,29060.3,29076.8,244
1784748480,29076.4,29090.9,29075.9,29089.7,242
1784748540,29089.9,29091.4,29083.9,29085.4,226
1784748600,29082.9,29086.6,29065.4,29066.1,286
1784748660,29066.9,29072.1,29063.8,29067.6,262
1784748720,29067.3,29069.3,29064.8,29067.3,252
1784748780,29067.7,29072.4,29063.2,29065.6,238
1784748840,29065.8,29066.8,29058.4,29061.6,238
1784748900,29062.1,29068.3,29057.8,29058.6,270
1784748960,29058.8,29058.8,29045.6,29051.6,256
1784749020,29052.2,29053.4,29045.3,29046.8,258
1784749080,29046.6,29046.6,29026.7,29031.9,286
1784749140,29031.2,29034.1,29025.3,29032.3,262
1784749200,29032.1,29042.1,29031.8,29036.1,268
1784749260,29035.8,29041.6,29028.2,29041.6,270
1784749320,29041.7,29051.7,29041.3,29048.6,256
1784749380,29049.3,29053.4,29047.8,29051.4,240
1784749440,29051.6,29055.6,29042.6,29044.6,258
1784749500,29044.2,29053.8,29043.3,29046.1,272
1784749560,29045.8,29052.2,29041.1,29042.3,274
1784749620,29042.6,29051.4,29041.4,29046.3,244
1784749680,29046.4,29052.6,29045.3,29050.3,240
1784749740,29051.1,29059.9,29051.1,29056.2,260
1784749800,29056.4,29076.8,29038.9,29039.6,282
1784749860,29040.1,29044.1,29036.4,29041.4,270
1784749920,29038.8,29059.7,29037.8,29049.2,260
1784749980,29049.1,29054.8,29042.2,29046.1,258
1784750040,29044.6,29049.6,29032.2,29035.7,284
1784750100,29035.8,29035.8,29010.7,29013.4,298
1784750160,29013.8,29016.3,29007.3,29009.1,276
1784750220,29012.1,29026.4,29012.1,29021.3,290
1784750280,29019.7,29032.9,29019.6,29025.2,276
1784750340,29025.4,29036.2,28991.3,28991.3,310
1784750400,28999.4,29036.1,28998,29036.1,286
1784750460,29036.5,29049.9,28990.6,29043.9,292
1784750520,29036.3,29065.8,28974.5,29025.8,310
1784750580,29031.3,29054,28995.1,29036.8,284
1784750640,29037.4,29037.5,28976.9,28979,284
1784750700,28985.4,29004.9,28955.4,28962,274
1784750760,28962.3,28977.8,28952.4,28974.3,266
1784750820,28974.1,29002.6,28973.5,28988.8,274
1784750880,28985.9,29000.1,28982.5,28998,244
1784750940,28998.5,29004,28987.5,28987.5,238
1784751000,28985.8,28995.9,28977.4,28984.5,238
1784751060,28984.3,29011.5,28984,29009.1,226
1784751120,29010,29028.8,29006,29012.4,260
1784751180,29012.5,29051,29009.9,29043,268
1784751240,29046.4,29081.5,29042.4,29080.5,260
1784751300,29081.4,29088.1,29073.1,29073.6,274
1784751360,29071.5,29071.5,29055.6,29065.4,266
1784751420,29065.9,29079.9,29064.8,29077.6,240
1784751480,29078.5,29091.8,29066.6,29086.6,234
1784751540,29086.4,29089.9,29077.8,29081,230
1784751600,29080.4,29082.3,29062.8,29062.8,212
1784751660,29063,29064.4,29048.8,29049.4,218
1784751720,29049.5,29070.6,29046.6,29070.4,230
1784751780,29069.5,29075.8,29059.1,29064.1,202
1784751840,29064.3,29071.1,29059.5,29066.3,168
1784751900,29066,29072.1,29057.3,29057.3,178
1784751960,29057.1,29059.6,29041.1,29041.5,192
1784752020,29041.6,29049,29039.1,29042.5,202
1784752080,29043,29045.5,29037.3,29040.1,168
1784752140,29040.6,29050.4,29039,29050.4,170
1784752200,29049.9,29050.1,29039.4,29042.9,172
1784752260,29043.5,29045,29033.1,29043.8,196
1784752320,29044.1,29050.3,29040.6,29048.5,186
1784752380,29047.8,29056.9,29047.1,29054.4,152
1784752440,29053.5,29053.5,29044.4,29047.9,186
1784752500,29047.3,29052.1,29045.1,29047.9,176
1784752560,29048,29052.6,29035,29035.9,204
1784752620,29036.4,29040.5,29029.9,29032.5,184
1784752680,29031.8,29037.9,29016.4,29020.5,232
1784752740,29020.4,29036.3,29019.3,29028.9,228
1784752800,29028.8,29030.8,29021.4,29022.6,160
1784752860,29023.9,29031.4,29022.9,29029,184
1784752920,29029.1,29032.6,29025,29026.4,198
1784752980,29026.9,29029.3,29018.4,29021.9,138
1784753040,29021.8,29023.8,29016.3,29016.9,180
1784753100,29016.4,29018.8,29011.5,29017.4,162
1784753160,29017.9,29021.8,29015,29018.1,138
1784753220,29018,29028.1,29016.9,29025.4,142
1784753280,29025.5,29030.9,29023.4,29023.5,164
1784753340,29023.3,29023.5,29019.3,29021.4,164
1784753400,29021.3,29035.6,29021.3,29034.9,196
1784753460,29034.8,29042.3,29029.5,29032.4,162
1784753520,29032.5,29037.4,29032.3,29036.1,166
1784753580,29035.9,29044.9,29035.8,29036.4,180
1784753640,29036.5,29039.5,29028.8,29034.6,186
1784753700,29034.1,29034.1,29026.1,29027,168
1784753760,29027.3,29029.3,29019.3,29024.8,188
1784753820,29024.5,29027.6,29022.6,29025.5,178
1784753880,29025.8,29026.4,29014.8,29015.8,196
1784757600,28973.8,28975.9,28941.2,28941.9,180
1784757660,28942.8,28950.9,28927.1,28929.2,226
1784757720,28929.9,28930.4,28911.6,28922.3,212
1784757780,28922.9,28934.3,28917.2,28920.2,204
1784757840,28920.6,28920.6,28913.6,28913.6,170
1784757900,28913.7,28917.2,28901.9,28908.3,189
1784757960,28907.3,28912.6,28901.8,28912.4,178
1784758020,28913.6,28913.7,28896.2,28900.9,170
1784758080,28903.1,28908.7,28901.6,28905.3,184
1784758140,28904.8,28909.4,28901.9,28902.6,186
1784758200,28902.7,28916.1,28901.3,28908.7,172
1784758260,28908.6,28911.9,28905.2,28910.6,174
1784758320,28910.1,28921.2,28909.8,28920.4,178
1784758380,28920.3,28921.9,28913.1,28921.8,180
1784758440,28923.7,28927.4,28919.9,28920.3,142
1784758500,28920.4,28928.7,28920.4,28922.1,182
1784758560,28922.3,28927.1,28919.1,28919.9,154
1784758620,28919.8,28921.6,28906.2,28914.7,174
1784758680,28914.6,28921.9,28914.3,28921.4,166
1784758740,28920.2,28923.4,28917.2,28917.2,154
1784758800,28918.6,28926.8,28916.7,28925.9,178
1784758860,28925.6,28930.7,28921.8,28921.8,168
1784758920,28921.9,28924.3,28916.1,28920.1,170
1784758980,28919.6,28920.9,28917.4,28918.1,138
1784759040,28918.2,28925.2,28914.1,28924.7,172
1784759100,28925.6,28934.2,28925.2,28931.8,126
1784759160,28931.7,28941.3,28931.3,28941.2,148
1784759220,28939.8,28940.6,28933.7,28933.9,170
1784759280,28934.2,28937.3,28919.8,28920.3,178
1784759340,28920.6,28922.6,28912.2,28917.1,172
1784759400,28917.3,28920.3,28913.1,28918.3,170
1784759460,28917.8,28923.4,28915.1,28921.9,164
1784759520,28921.4,28921.9,28914.3,28915.4,164
1784759580,28915.7,28923.4,28914.4,28921.9,142
1784759640,28919.7,28919.7,28912.2,28914.8,160
1784759700,28914.6,28918.3,28912.1,28918.1,148
1784759760,28918.6,28920.3,28911.4,28912.8,160
1784759820,28912.6,28912.6,28896.1,28896.1,204
1784759880,28896.6,28898.9,28893.1,28894.8,182
1784759940,28895.2,28895.4,28881.6,28882.8,198
1784760000,28883.3,28883.3,28877.7,28880.6,192
1784760060,28880.9,28883.7,28876.8,28881.8,174
1784760120,28882.3,28890.1,28879.1,28880.2,158
1784760180,28880.1,28885.9,28877.3,28883.9,178
1784760240,28883.8,28884.7,28880.4,28881.3,144
1784760300,28882.2,28883.7,28875.7,28876.1,152
1784760360,28876.2,28880.2,28874.8,28879.2,154
1784760420,28879.3,28880.7,28876.7,28876.7,132
1784760480,28878.1,28885.9,28877.3,28881.4,144
1784760540,28881.3,28899.6,28881.1,28897.8,190
1784760600,28897.9,28898.8,28891.7,28893.1,176
1784760660,28892.4,28904.1,28892.2,28903.8,148
1784760720,28903.7,28908.6,28901.7,28907.4,170
1784760780,28907.3,28910.3,28905.9,28907.8,158
1784760840,28907.6,28914.4,28906.2,28913.9,154
1784760900,28914.1,28916.3,28911.1,28914.2,146
1784760960,28914.4,28919.4,28913.8,28918.2,176
1784761020,28918.1,28919.3,28908.4,28908.6,162
1784761080,28908.2,28910.9,28907.7,28908.9,116
1784761140,28908.8,28910.7,28904.2,28907.4,146
1784761200,28908.2,28910.4,28901.8,28904.2,164
1784761260,28904.3,28915.3,28902.3,28910.2,174
1784761320,28909.9,28910.9,28902.6,28907.1,144
1784761380,28906.9,28906.9,28901.1,28902.4,142
1784761440,28902.7,28904.6,28863.1,28873.9,226
1784761500,28874.8,28876.6,28868.2,28868.2,188
1784761560,28868.3,28873.8,28868.1,28869.9,176
1784761620,28870.2,28877.3,28867.8,28876.8,150
1784761680,28874.7,28875.9,28870.7,28874.7,144
1784761740,28874.9,28876.7,28867.7,28868.9,142
1784761800,28868.4,28880.6,28865.4,28875.9,186
1784761860,28874.6,28881.9,28874.6,28877.2,176
1784761920,28877.4,28896.6,28876.9,28895.6,158
1784761980,28895.1,28901.9,28895.1,28901.9,172
1784762040,28901.8,28902.6,28897.4,28898.8,168
1784762100,28898.9,28901.3,28895.8,28900.1,144
1784762160,28900.9,28901.2,28891.7,28891.9,140
1784762220,28891.7,28891.8,28879.3,28879.3,154
1784762280,28880.3,28882.7,28871.8,28881.3,180
1784762340,28881.2,28882.7,28873.6,28877.9,146
1784762400,28878.3,28884.4,28877.6,28882.2,140
1784762460,28882.1,28884.4,28880.4,28882.6,104
1784762520,28883.3,28885.3,28881.4,28881.6,114
1784762580,28881.7,28888.3,28881.4,28887.3,116
1784762640,28887.2,28891.3,28886.4,28891.3,108
1784762700,28891.4,28898.2,28891.4,28894.4,152
1784762760,28894.7,28895.4,28892.7,28894.9,126
1784762820,28894.8,28895.3,28891.6,28893.4,96
1784762880,28894.7,28895.3,28881.1,28888.2,156
1784762940,28887.9,28893.1,28887.2,28893.1,148
1784763000,28893.3,28900.6,28893.3,28899.1,144
1784763060,28899.2,28904.9,28896.9,28903.4,162
1784763120,28904.2,28908.7,28901.9,28907.9,162
1784763180,28907.4,28912.2,28906.2,28909.2,168
1784763240,28909.1,28911.3,28906.7,28908.2,150
1784763300,28906.9,28912.3,28906.2,28912.2,140
1784763360,28912.6,28913.1,28910.2,28912.7,108
1784763420,28912.8,28918.2,28910.9,28911.1,144
1784763480,28911.4,28913.4,28909.2,28912.9,130
1784763540,28913.4,28916.4,28912.4,28915.1,108
1784763600,28914.9,28926.9,28914.9,28926.8,170
1784763660,28926.7,28931.6,28925.6,28926.7,162
1784763720,28926.3,28928.3,28923.8,28928.2,150
1784763780,28927.8,28932.3,28923.3,28929.6,148
1784763840,28929.7,28932.8,28928.1,28931.8,168
1784763900,28931.7,28953.8,28927.6,28953.1,274
1784763960,28956.7,28966.2,28953.9,28962.6,240
1784764020,28962.1,28968.4,28960.4,28961.4,212
1784764080,28961.3,28972.1,28961.2,28971.7,180
1784764140,28971.6,28976.2,28962.8,28963.7,202
1784764200,28963.2,28967.8,28958.2,28964.9,204
1784764260,28964.4,28970.6,28959.8,28967.4,198
1784764320,28967.1,28970.4,28961.7,28964.4,176
1784764380,28964.6,28965.1,28956.1,28959.4,192
1784764440,28959.7,28962.6,28957.9,28961.9,178
1784764500,28961.4,28961.4,28954.8,28956.9,162
1784764560,28957.1,28959.9,28954.8,28958.1,184
1784764620,28959.6,28962.2,28956.6,28959.8,182
1784764680,28964.4,28972.6,28962.9,28972.1,222
1784764740,28972.3,28978.2,28967.7,28977.9,204
1784764800,28978.1,28989.3,28970.2,28986.6,286
1784764860,28985.9,28997.7,28975.8,28997.1,268
1784764920,28995.6,28996.4,28970.3,28971.2,266
1784764980,28971.7,28980.3,28968.1,28976.1,276
1784765040,28976.6,28994.7,28976.2,28991.1,256
1784765100,28991.3,29001.1,28991.3,28999.3,256
1784765160,28999.6,29004.3,28992.9,29004.3,248
1784765220,29003.2,29003.9,28995.2,29001.8,250
1784765280,29001.7,29005.3,28998.2,29004.6,244
1784765340,29004.9,29007.9,28999.9,29000.1,232
1784765400,28999.3,29001.1,28996.4,28999.6,216
1784765460,29000.3,29004.4,28995.9,28997.4,230
1784765520,28996.6,28996.6,28986.3,28987.7,228
1784765580,28987.4,28991.8,28979.2,28982.4,238
1784765640,28982.9,29004.4,28982.4,29002.8,250
1784765700,29002.2,29003.7,28992.6,28997.3,256
1784765760,28996.6,29021.8,28994.9,29021.8,262
1784765820,29022.1,29045.4,29019.6,29042.1,260
1784765880,29040.4,29042.6,29031.6,29034.6,234
1784765940,29035.6,29037.7,29031.8,29034.6,228
1784766000,29034.4,29051.2,29034.4,29049.9,258
1784766060,29048.6,29051.3,29037.8,29045.4,258
1784766120,29045.2,29068.3,29040.7,29067.1,254
1784766180,29066.3,29066.7,29060.3,29063.1,252
1784766240,29064.1,29068.7,29062.2,29067.8,240
1784766300,29067.9,29076.2,29066.2,29075.6,244
1784766360,29076.1,29076.3,29067.6,29073.8,228
1784766420,29074.3,29091.3,29072.9,29087.7,244
1784766480,29087.4,29087.4,29071.8,29071.8,246
1784766540,29073.3,29074.4,29061.1,29062.1,246
1784766600,29060.9,29067.8,29054.1,29056.7,248
1784766660,29056.6,29063.1,29054.3,29059.8,242
1784766720,29059.4,29076.9,29057.6,29071.8,260
1784766780,29072.2,29073.8,29062.2,29068.1,248
1784766840,29068.8,29077.4,29066.7,29074.9,246
1784766900,29075.2,29084.2,29075.1,29075.8,242
1784766960,29075.2,29080.3,29072.9,29074.2,236
1784767020,29073.2,29075.3,29069.9,29074.1,228
1784767080,29074.2,29082.4,29068.7,29078.3,216
1784767140,29078.4,29078.4,29066.8,29075.3,226
1784767200,29075.4,29081.8,29067.2,29070.9,244
1784767260,29070.7,29076.7,29068.7,29073.2,244
1784767320,29072.9,29081.8,29066.9,29066.9,210
1784767380,29067.1,29076.4,29066.4,29069.6,222
1784767440,29069.2,29074.1,29067.7,29069.4,206
1784767500,29069.2,29079.3,29064.7,29079.3,262
1784767560,29078.7,29079.2,29068.2,29072.6,232
1784767620,29072.1,29074.1,29069.7,29071.6,206
1784767680,29070.9,29075.3,29067.4,29072.7,202
1784767740,29073.1,29081.1,29072.9,29079.1,220
1784767800,29080.2,29080.4,29067.3,29069.8,224
1784767860,29070.9,29116.9,29069.9,29110.7,246
1784767920,29110.4,29110.4,29094.7,29096.2,220
1784767980,29096.8,29105.2,29086.8,29102.3,228
1784768040,29102.4,29110.8,29101.7,29103.8,218
1784768100,29104.1,29110.4,29099.7,29108.1,202
1784768160,29107.8,29110.2,29102.4,29106.8,198
1784768220,29107.1,29107.3,29103.9,29106.4,194
1784768280,29106.3,29110.2,29098.3,29100.4,224
1784768340,29101.4,29101.4,29090.8,29090.8,216
1784768400,29093.7,29097.7,29072.8,29085.4,282
1784768460,29086.2,29092.8,29083.6,29085.6,262
1784768520,29083.6,29097.8,29083.6,29096.8,258
1784768580,29096.7,29103.6,29092.7,29101.1,274
1784768640,29099.2,29104.7,29094.4,29097.4,254
1784768700,29096.7,29105.1,29095.1,29102.4,216
1784768760,29102.3,29102.3,29085.9,29087.9,228
1784768820,29087.7,29095.2,29086.2,29095.2,248
1784768880,29094.8,29097.9,29087.2,29088.6,230
1784768940,29088.1,29095.6,29086.8,29093.4,224
1784769000,29093.6,29104.7,29093.6,29099.8,224
1784769060,29099.6,29102.4,29097.4,29101.2,212
1784769120,29101.1,29102.9,29094.4,29101.2,234
1784769180,29101.3,29104.6,29100.1,29102.8,218
1784769240,29103.1,29106.1,29099.4,29103.8,226
1784769300,29104.2,29108.2,29098.7,29100.6,240
1784769360,29100.4,29102.9,29092.9,29093.3,224
1784769420,29093.6,29094.3,29082.7,29084.7,254
1784769480,29084.6,29088.4,29081.8,29085.1,238
1784769540,29084.9,29085.4,29075.8,29077.4,224
1784769600,29077.8,29079.2,29068.1,29071.4,238
1784769660,29072.1,29090.7,29072.1,29088.2,258
1784769720,29087.8,29088.7,29078.7,29079.4,238
1784769780,29078.9,29086.4,29076.9,29078.9,250
1784769840,29078.4,29088.2,29075.9,29078.3,266
1784769900,29078.1,29078.7,29070.1,29075.9,246
1784769960,29075.8,29079.2,29072.1,29077.8,236
1784770020,29077.6,29087.9,29076.2,29081.1,234
1784770080,29080.8,29087.3,29076.3,29079.7,238
1784770140,29080.1,29081.1,29072.2,29076.3,244
1784770200,29077.3,29084.4,29053.8,29055.4,286
1784770260,29054.7,29054.7,29043.6,29044.1,274
1784770320,29043.8,29069.1,29043.8,29067.4,286
1784770380,29066.6,29071.2,29060.9,29070.3,284
1784770440,29069.7,29082.9,29069.7,29080.7,274
1784770500,29080.3,29082.8,29074.6,29081.3,246
1784770560,29079.9,29087.8,29073.8,29086.1,252
1784770620,29086.2,29094.6,29075.9,29076.1,270
1784770680,29076.7,29080.6,29067.8,29069.3,266
1784770740,29068.8,29079.8,29043.8,29044.9,244
1784770800,29045.2,29046.2,29033.6,29034.9,260
1784770860,29035.2,29046.8,29034.4,29038.4,248
1784770920,29039.4,29044.2,29033.7,29041.2,274
1784770980,29041.3,29042.8,29035.8,29041.7,262
1784771040,29042.2,29043.9,29016.7,29017.3,262
1784771100,29016.8,29031.1,29016.4,29026.2,254
1784771160,29025.2,29031.6,29020.2,29031.6,258
1784771220,29031.3,29033.9,29023.2,29023.2,232
1784771280,29022.4,29024.3,29013.8,29021.9,234
1784771340,29022.2,29024.4,29015.1,29018.9,244
1784771400,29018.4,29031.7,29011.4,29031.7,266
1784771460,29031.8,29043.6,29026.8,29037.1,280
1784771520,29037.3,29043.3,29036.8,29037.8,252
1784771580,29037.9,29039.3,29022.3,29032.6,272
1784771640,29032.7,29037.9,29028.7,29033.9,262
1784771700,29046.4,29051.2,29043.2,29049.4,256
1784771760,29049.6,29051.7,29044.6,29048.4,232
1784771820,29047.7,29049.3,29031.7,29032.3,250
1784771880,29032.8,29034.6,29016.4,29018.7,236
1784771940,29019.2,29019.8,29011.4,29011.9,220
1784772000,29011.7,29016.7,29003.6,29007.9,260
1784772060,29007.4,29016.8,29003.9,29013.9,270
1784772120,29014.6,29025.8,29012.8,29023.3,244
1784772180,29023.6,29023.6,29001.4,29004.2,252
1784772240,29004.3,29029.6,29003.8,29029.1,258
1784772300,29029.2,29030.9,29015.9,29030.8,272
1784772360,29030.6,29035.3,29023.4,29023.4,258
1784772420,29023.2,29027.3,29018.4,29024.9,256
1784772480,29024.8,29024.8,29015.4,29019.8,228
1784772540,29019.7,29019.8,29012.2,29013.2,200
1784772600,29012.8,29012.8,28999.7,29001.1,218
1784772660,29000.3,29004.4,28996.6,28999.1,244
1784772720,28998.6,28998.6,28983.2,28988.9,244
1784772780,28989.2,28995.3,28987.7,28991.1,238
1784772840,28991.7,28993.3,28984.1,28984.3,232
1784772900,28983.6,28990.2,28980.7,28988.7,222
1784772960,28988.2,28990.3,28983.3,28986.9,232
1784773020,28987.2,28987.7,28975.7,28976.3,240
1784773080,28974.1,28974.1,28961.8,28963.3,228
1784773140,28963.1,28968.2,28960.7,28965.7,230
1784773200,28965.6,28968.2,28960.7,28963.8,226
1784773260,28964.7,28966.7,28949.3,28950.9,254
1784773320,28950.2,28953.8,28946.7,28946.7,244
1784773380,28944.9,28954.3,28941.2,28944.8,240
1784773440,28944.7,28949.8,28942.4,28943.6,228
1784773500,28942.7,28944.1,28934.7,28935.2,236
1784773560,28935.4,28944.2,28933.2,28937.7,238
1784773620,28938.1,28939.3,28927.8,28931.8,232
1784773680,28932.1,28938.9,28930.1,28934.2,246
1784773740,28935.2,28943.1,28931.1,28939.6,242
1784773800,28939.3,28948.4,28936.2,28947.6,242
1784773860,28948.2,28951.3,28944.7,28951.1,250
1784773920,28949.8,28956.6,28944.4,28952.2,232
1784773980,28951.3,28960.4,28948.2,28958.8,242
1784774040,28958.9,28959.4,28952.8,28958.9,212
1784774100,28958.6,28958.8,28933.9,28933.9,218
1784774160,28933.7,28939.8,28932.1,28936.9,224
1784774220,28937.1,28937.4,28915.8,28918.4,250
1784774280,28918.3,28919.6,28906.7,28908.7,260
1784774340,28909.1,28913.6,28908.8,28909.9,232
1784774400,28910.1,28910.1,28901.6,28903.3,222
1784774460,28903.1,28911.8,28894.1,28910.9,262
1784774520,28910.4,28912.7,28905.9,28906.1,232
1784774580,28906.3,28906.3,28897.9,28899.4,222
1784774640,28899.6,28905.8,28896.2,28904.2,234
1784774700,28904.3,28914.8,28903.8,28914.3,208
1784774760,28914.6,28917.7,28909.4,28916.2,224
1784774820,28916.3,28919.8,28913.9,28916.1,222
1784774880,28915.6,28927.4,28915.3,28925.1,222
1784774940,28924.8,28924.8,28903.9,28903.9,230
1784775000,28903.2,28910.9,28900.2,28900.8,230
1784775060,28900.9,28918.3,28898.1,28918.3,232
1784775120,28917.6,28920.4,28908.4,28918.9,210
1784775180,28919.4,28924.9,28918.7,28921.7,224
1784775240,28922.4,28930.2,28921.9,28926.7,200
1784775300,28927.1,28928.1,28921.8,28924.3,218
1784775360,28924.2,28926.1,28919.8,28925.6,214
1784775420,28924.9,28926.7,28919.9,28925.4,212
1784775480,28925.3,28931.8,28925.1,28928.8,218
1784775540,28928.7,28929.1,28923.7,28926.8,218
1784775600,28926.7,28932.1,28916.2,28919.2,236
1784775660,28919.4,28924.8,28910.4,28921.9,256
1784775720,28922.1,28925.9,28921.3,28923.3,194
1784775780,28923.4,28924.9,28908.8,28912.8,216
1784775840,28904.3,28911.3,28904.3,28908.9,206
1784775900,28909.2,28912.3,28898.3,28899.9,224
1784775960,28899.7,28913.4,28899.7,28912.3,204
1784776020,28911.3,28912.1,28893.1,28897.6,226
1784776080,28897.7,28899.6,28881.4,28881.4,220
1784776140,28882.3,28887.2,28879.3,28886.7,226
1784776200,28886.4,28886.4,28875.9,28876.4,220
1784776260,28876.7,28876.7,28866.1,28875.6,216
1784776320,28875.4,28878.8,28870.3,28873.9,228
1784776380,28874.2,28885.7,28866.6,28885.4,244
1784776440,28884.6,28894.4,28883.3,28888.6,242
1784776500,28888.4,28894.6,28878.6,28880.2,232
1784776560,28879.2,28887.4,28875.8,28878.8,218
1784776620,28880.9,28883.3,28878.4,28879.2,192
1784776680,28880.3,28888.6,28880.3,28882.4,210
1784776740,28883.4,28890.1,28877.7,28889.9,220
1784776800,28890.4,28893.4,28884.7,28893.4,246
1784776860,28893.7,28905.6,28889.9,28892.9,224
1784776920,28891.7,28899.7,28891.1,28899.3,212
1784776980,28899.1,28914.6,28898.8,28903.9,220
1784777040,28903.7,28905.9,28899.2,28900.8,212
1784777100,28900.9,28901.9,28881.9,28887.7,234
1784777160,28887.8,28897.1,28886.4,28895.7,210
1784777220,28895.6,28898.8,28892.8,28895.2,210
1784777280,28895.1,28911.2,28894.4,28909.9,216
1784777340,28910.7,28919.1,28909.8,28919.1,210
1784777400,28918.2,28948.2,28917.8,28937.9,290
1784777460,28936.3,28936.4,28912.6,28912.6,270
1784777520,28911.2,28922.7,28908.3,28912.7,266
1784777580,28912.8,28918.3,28910.7,28915.6,264
1784777640,28915.4,28920.8,28907.6,28917.4,270
1784777700,28917.3,28922.4,28911.7,28922.4,268
1784777760,28922.2,28926.7,28920.9,28925.8,244
1784777820,28924.8,28930.9,28918.9,28920.1,230
1784777880,28920.3,28927.9,28920.3,28926.3,224
1784777940,28926.6,28934.6,28926.2,28933.7,238
1784778000,28933.8,28940.3,28929.7,28933.7,274
1784778060,28934.2,28942.7,28934.1,28941.2,236
1784778120,28940.2,28941.3,28930.7,28932.3,224
1784778180,28932.2,28942.4,28931.2,28941.9,240
1784778240,28941.6,28951.6,28940.8,28951.1,206
1784778300,28951.8,28955.7,28950.2,28953.1,208
1784778360,28951.3,28953.6,28938.8,28940.6,220
1784778420,28942.2,28955.3,28940.7,28949.2,208
1784778480,28950.1,28958.3,28946.4,28958.3,228
1784778540,28958.4,28958.9,28952.6,28955.8,194
1784778600,28956.4,28956.6,28951.7,28955.4,208
1784778660,28955.2,28955.9,28947.8,28950.3,214
1784778720,28950.2,28960.7,28949.7,28958.3,186
1784778780,28958.2,28961.9,28957.4,28961.3,200
1784778840,28960.7,28963.3,28959.6,28960.1,190
1784778900,28959.8,28961.4,28955.3,28956.3,228
1784778960,28956.8,28958.8,28953.1,28953.2,218
1784779020,28953.3,28955.9,28952.8,28952.8,200
1784779080,28952.7,28959.4,28949.7,28959.4,224
1784779140,28959.3,28959.3,28946.6,28947.1,200
1784779200,28947.4,28949.3,28929.1,28932.2,214
1784779260,28930.8,28934.9,28929.7,28930.9,226
1784779320,28930.7,28935.7,28925.6,28935.7,208
1784779380,28934.8,28938.7,28927.8,28927.8,210
1784779440,28927.7,28930.6,28926.7,28928.6,212
1784779500,28928.8,28930.4,28915.7,28918.7,208
1784779560,28919.1,28919.1,28906.8,28909.9,206
1784779620,28909.4,28909.9,28903.3,28907.4,223
1784779680,28907.6,28933.4,28906.4,28932.2,242
1784779740,28931.9,28935.9,28922.2,28922.3,226
1784779800,28921.7,28934.7,28920.4,28928.1,228
1784779860,28927.9,28931.6,28923.8,28931.2,244
1784779920,28931.8,28952.6,28930.3,28952.4,228
1784779980,28951.8,28959.4,28948.7,28959.4,224
1784780040,28959.8,28969.7,28957.3,28969.6,210
1784780100,28970.9,28974.8,28968.8,28971.7,218
1784780160,28971.8,28974.7,28953.7,28954.4,236
1784780220,28954.6,28958.1,28948.9,28955.6,240
1784780280,28956.2,28960.9,28954.1,28955.9,218
1784780340,28955.8,28957.9,28947.4,28948.3,216
1784780400,28950.2,28960.6,28950.2,28958.3,232
1784780460,28957.6,28968.7,28955.6,28963.9,218
1784780520,28964.6,28973.4,28961.9,28972.2,214
1784780580,28972.3,28973.1,28967.6,28970.7,212
1784780640,28970.9,28976.9,28970.4,28976.1,206
1784780700,28976.2,28997.6,28975.9,28995.9,212
1784780760,28994.1,28996.3,28991.9,28994.2,194
1784780820,28994.4,28996.4,28986.1,28987.4,204
1784780880,28986.7,28989.1,28961.8,28972.7,222
1784780940,28972.8,28988.8,28971.4,28986.1,234
1784781000,28986.7,28995.1,28982.9,28993.3,246
1784781060,28992.8,28993.9,28979.3,28983.9,216
1784781120,28983.8,28989.3,28980.4,28985.9,222
1784781180,28985.2,28996.7,28983.6,28992.6,238
1784781240,28993.2,29000.3,28991.8,28998.9,226
1784781300,28999.1,29000.6,28985.9,28985.9,212
1784781360,28986.7,28995.9,28979.6,28995.4,230
1784781420,28996.7,28998.2,28990.2,28990.6,216
1784781480,28989.3,28996.7,28987.3,28992.9,194
1784781540,28993.3,28996.3,28991.9,28996.3,218
1784781600,28996.7,28997.7,28990.9,28994.6,200
1784781660,28994.3,28995.7,28986.2,28986.6,194
1784781720,28985.7,28986.3,28976.8,28980.4,228
1784781780,28980.2,28982.1,28973.3,28976.9,196
1784781840,28976.6,28983.6,28976.3,28976.7,212
1784781900,28976.6,28984.3,28971.4,28984.2,232
1784781960,28984.7,28992.2,28982.9,28985.9,214
1784782020,28984.9,28992.2,28984.4,28991.6,214
1784782080,28991.1,28991.1,28978.1,28979.2,206
1784782140,28975.8,28978.1,28964.4,28964.4,188
1784782200,28962.7,28963.9,28957.6,28959.4,216
1784782260,28959.6,28964.2,28954.8,28955.6,220
1784782320,28955.7,28961.9,28953.1,28953.7,210
1784782380,28954.1,28954.6,28948.2,28954.4,218
1784782440,28954.6,28962.1,28952.7,28954.4,224
1784782500,28954.3,28962.3,28950.6,28952.8,210
1784782560,28953.8,28956.1,28947.7,28956.1,212
1784782620,28955.8,28961.2,28954.6,28961.2,194
1784782680,28961.3,28963.6,28955.9,28959.4,212
1784782740,28958.4,28962.2,28955.8,28959.6,210
1784782800,28959.7,28963.6,28943.9,28949.8,268
1784782860,28946.8,28949.7,28942.8,28944.1,240
1784782920,28943.9,28954.8,28942.1,28945.2,230
1784782980,28944.9,28951.9,28942.8,28947.1,228
1784783040,28946.6,28949.7,28943.2,28946.8,216
1784783100,28948.8,28952.3,28943.4,28947.3,234
1784783160,28946.8,28952.6,28945.1,28950.9,248
1784783220,28950.7,28955.6,28945.1,28952.1,234
1784783280,28952.2,28952.2,28942.3,28943.9,230
1784783340,28944.9,28950.1,28943.9,28949.4,220
1784783400,28949.3,28951.7,28943.6,28946.9,218
1784783460,28947.6,28948.8,28941.1,28942.1,216
1784783520,28942.6,28947.1,28935.8,28946.3,234
1784783580,28946.2,28949.3,28940.1,28947.6,234
1784783640,28948.3,28953.2,28946.9,28953.1,236
1784783700,28952.6,28952.6,28945.2,28950.6,232
1784783760,28950.9,28950.9,28939.6,28941.3,222
1784783820,28941.6,28945.6,28937.6,28942.8,242
1784783880,28942.6,28953.7,28940.7,28947.2,230
1784783940,28947.6,28948.1,28938.4,28946.3,218
1784784000,28945.9,28958.7,28944.6,28954.8,254
1784784060,28954.6,28963.2,28954.1,28961.6,220
1784784120,28961.9,28967.6,28953.3,28953.3,214
1784784180,28953.6,28954.3,28941.2,28941.2,228
1784784240,28940.3,28956.2,28934.6,28955.6,230
1784784300,28954.4,28970.1,28954.3,28964.9,244
1784784360,28965.4,28986.2,28965.4,28986.2,216
1784784420,28986.9,28993.7,28986.8,28988.2,228
1784784480,28987.1,28990.1,28985.4,28987.1,224
1784784540,28987.3,29004.9,28987.3,29004.9,228
1784784600,29005.7,29012.3,29002.1,29009.4,254
1784784660,29008.7,29015.3,29008.7,29014.3,238
1784784720,29014.1,29017.7,29008.9,29010.4,250
1784784780,29010.3,29013.2,29006.6,29009.7,230
1784784840,29009.9,29013.2,29005.6,29009.1,236
1784784900,29008.6,29008.9,29001.6,29003.3,216
1784784960,29003.9,29006.9,28995.7,28996.6,222
1784785020,28997.4,29002.7,28996.6,28998.7,208
1784785080,28999.7,29000.7,28983.3,28983.6,214
1784785140,28984.2,28986.7,28975.9,28979.6,218
1784785200,28978.8,28987.6,28975.3,28987.3,236
1784785260,28987.4,28992.6,28984.7,28986.4,222
1784785320,28986.8,28987.7,28982.1,28985.2,214
1784785380,28984.8,28991.6,28972.6,28972.6,216
1784785440,28973.4,28986.1,28971.3,28983.3,230
1784785500,28982.8,28984.2,28972.1,28973.4,208
1784785560,28973.2,28978.3,28971.9,28976.3,200
1784785620,28976.4,28976.7,28967.8,28967.8,200
1784785680,28966.4,28966.4,28950.4,28954.9,238
1784785740,28953.9,28955.3,28941.3,28941.6,226
1784785800,28942.3,28947.9,28934.2,28947.1,256
1784785860,28948.7,28953.6,28944.1,28945.4,222
1784785920,28946.1,28948.3,28939.1,28942.9,216
1784785980,28943.4,28944.4,28939.7,28941.7,246
1784786040,28941.6,28943.7,28914.3,28914.3,246
1784786100,28916.6,28934.7,28916.6,28930.6,224
1784786160,28931.8,28943.6,28929.6,28941.4,226
1784786220,28940.9,28941.3,28926.3,28933.9,232
1784786280,28933.7,28935.9,28925.9,28928.1,204
1784786340,28928.2,28929.8,28919.1,28922.1,216
1784786400,28922.6,28935.8,28920.6,28933.9,260
1784786460,28932.9,28951.6,28932.9,28945.9,234
1784786520,28945.4,28945.4,28936.2,28937.7,236
1784786580,28938.8,28941.6,28934.3,28937.3,214
1784786640,28937.2,28939.1,28932.8,28935.9,256
1784786700,28936.2,28945.1,28935.4,28941.2,228
1784786760,28941.1,28941.1,28924.4,28925.3,236
1784786820,28927.4,28929.6,28919.8,28923.9,222
1784786880,28923.8,28924.6,28917.8,28919.8,218
1784786940,28920.2,28921.4,28912.7,28917.4,220
1784787000,28918.4,28926.3,28916.6,28923.9,232
1784787060,28922.6,28928.4,28918.6,28922.9,240
1784787120,28923.3,28932.1,28914.4,28930.3,242
1784787180,28931.9,28935.6,28927.7,28931.9,236
1784787240,28932.4,28938.4,28931.3,28933.8,208
1784787300,28933.6,28935.8,28927.6,28929.7,212
1784787360,28929.4,28929.7,28923.7,28924.8,216
1784787420,28924.3,28939.6,28923.4,28936.4,232
1784787480,28935.3,28939.2,28928.3,28928.3,226
1784787540,28926.6,28940.4,28921.8,28935.7,250
1784787600,28938.4,28945.2,28934.9,28935.3,230
1784787660,28935.1,28940.2,28934.6,28938.4,206
1784787720,28937.2,28938.6,28918.8,28920.9,214
1784787780,28920.7,28921.4,28914.8,28917.2,226
1784787840,28918.2,28926.6,28917.4,28926.2,212
1784787900,28925.2,28933.8,28923.1,28931.3,236
1784787960,28930.9,28936.9,28929.9,28935.3,220
1784788020,28934.9,28935.6,28930.3,28934.1,192
1784788080,28933.9,28940.9,28932.7,28937.7,196
1784788140,28937.4,28945.1,28933.7,28942.9,220
1784788200,28942.7,28947.1,28937.4,28940.9,252
1784788260,28940.7,28943.7,28936.7,28939.9,222
1784788320,28940.8,28941.1,28934.6,28936.6,206
1784788380,28936.4,28938.9,28931.2,28932.1,222
1784788440,28931.9,28933.7,28926.3,28932.1,220
1784788500,28933.2,28935.4,28918.7,28925.4,226
1784788560,28926.2,28936.3,28925.7,28935.7,218
1784788620,28935.8,28936.4,28928.7,28930.9,188
1784788680,28930.3,28930.3,28923.9,28928.3,204
1784788740,28929.3,28929.8,28923.4,28925.1,194
1784788800,28925.2,28930.4,28921.4,28924.4,202
1784788860,28924.2,28928.1,28921.7,28928.1,214
1784788920,28927.8,28931.8,28926.8,28929.6,168
1784788980,28929.7,28934.3,28926.7,28927.3,168
1784789040,28927.2,28927.7,28916.8,28917.4,194
1784789100,28917.6,28926.9,28916.6,28923.6,180
1784789160,28923.3,28954.7,28923.3,28954.1,204
1784789220,28953.3,28954.1,28946.2,28946.7,200
1784789280,28947.3,28950.4,28942.1,28944.4,164
1784789340,28944.3,28944.4,28939.3,28939.8,182
1784789400,28939.3,28943.4,28937.8,28942.6,182
1784789460,28942.8,28943.3,28924.7,28925.6,164
1784789520,28924.9,28924.9,28914.7,28921.3,208
1784789580,28921.7,28926.2,28921.6,28925.8,196
1784789640,28925.3,28926.6,28918.3,28921.3,198
1784789700,28921.4,28922.3,28915.7,28919.3,204
1784789760,28919.6,28924.4,28917.2,28920.2,198
1784789820,28920.6,28922.8,28916.6,28919.2,192
1784789880,28918.4,28920.4,28911.2,28917.2,196
1784789940,28917.1,28920.8,28916.1,28918.9,190
1784790000,28919.2,28921.9,28885.8,28887.4,276
1784790060,28888.4,28892.8,28881.3,28886.9,260
1784790120,28888.6,28906.8,28883.2,28904.6,258
1784790180,28905.6,28910.3,28899.7,28904.6,248
1784790240,28904.4,28907.4,28889.1,28896.3,254
1784790300,28896.2,28897.8,28885.1,28888.2,238
1784790360,28889.1,28889.4,28875.2,28879.3,260
1784790420,28879.2,28882.7,28869.2,28870.7,254
1784790480,28869.9,28877.3,28867.1,28867.1,240
1784790540,28867.6,28868.6,28854.6,28854.6,234
1784790600,28854.8,28857.1,28832.4,28832.4,270
1784790660,28833.1,28834.1,28808.4,28811.1,266
1784790720,28808.9,28817.9,28789.9,28797.7,274
1784790780,28798.3,28816.3,28792.9,28814.3,266
1784790840,28813.9,28836.3,28812.6,28830.6,262
1784790900,28832.2,28842.2,28831.6,28837.3,258
1784790960,28836.7,28843.7,28827.6,28843.7,254
1784791020,28844.2,28845.8,28834.2,28844.7,240
1784791080,28844.8,28848.1,28835.7,28846.2,252
1784791140,28846.4,28850.2,28835.4,28847.7,234
1784791200,28849.2,28868.8,28848.2,28868.1,232
1784791260,28868.8,28868.9,28852.6,28859.3,254
1784791320,28859.9,28862.8,28854.9,28855.1,224
1784791380,28855.7,28857.8,28853.4,28855.6,216
1784791440,28855.2,28857.2,28844.7,28844.7,250
1784791500,28845.8,28865.4,28845.1,28860.7,248
1784791560,28860.6,28873.6,28859.8,28869.7,226
1784791620,28869.8,28871.6,28863.9,28867.2,224
1784791680,28867.3,28868.6,28858.1,28858.2,234
1784791740,28860.1,28861.4,28850.7,28851.3,256
1784791800,28853.4,28854.9,28842.8,28843.3,262
1784791860,28842.8,28844.7,28835.4,28840.3,240
1784791920,28837.8,28840.3,28824.1,28826.4,230
1784791980,28825.8,28830.7,28825.1,28825.4,208
1784792040,28825.7,28825.7,28811.7,28816.6,238
1784792100,28817.1,28818.7,28814.2,28817.2,226
1784792160,28816.3,28824.8,28812.8,28823.2,218
1784792220,28822.8,28823.1,28813.2,28819.7,220
1784792280,28819.3,28825.3,28813.7,28818.3,224
1784792340,28819.1,28825.1,28809.4,28811.4,242
1784792400,28813.7,28813.7,28798.7,28800.7,258
1784792460,28800.3,28806.7,28796.9,28798.3,246
1784792520,28798.6,28799.6,28784.6,28784.7,256
1784792580,28787.6,28794.6,28778.2,28794.6,238
1784792640,28792.9,28794.3,28773.6,28775.8,234
1784792700,28775.2,28775.2,28763.2,28770.7,260
1784792760,28771.2,28771.8,28757.4,28767.8,262
1784792820,28767.4,28769.9,28760.6,28769.9,242
1784792880,28770.9,28786.7,28768.7,28786.7,254
1784792940,28786.6,28786.6,28774.4,28778.3,232
1784793000,28778.6,28785.8,28770.4,28785.3,244
1784793060,28785.1,28785.2,28779.8,28780.9,246
1784793120,28779.2,28790.9,28777.1,28786.7,236
1784793180,28786.9,28788.1,28779.6,28780.8,238
1784793240,28781.2,28801.2,28780.3,28794.2,258
1784793300,28797.2,28812.4,28795.7,28808.7,262
1784793360,28808.9,28813.6,28806.2,28812.3,234
1784793420,28812.6,28820.7,28811.2,28814.7,236
1784793480,28814.1,28821.9,28813.6,28817.9,238
1784793540,28818.6,28823.8,28815.8,28822.9,252
1784793600,28826.2,28828.3,28811.1,28815.6,282
1784793660,28816.1,28816.4,28798.1,28798.7,274
1784793720,28798.9,28811.2,28795.1,28802.8,268
1784793780,28801.8,28818.2,28794.3,28814.6,266
1784793840,28816.4,28836.6,28814.8,28830.3,256
1784793900,28829.7,28835.8,28826.7,28834.2,248
1784793960,28833.9,28853.3,28833.9,28846.3,252
1784794020,28846.8,28860.1,28844.2,28860.1,250
1784794080,28860.6,28862.9,28856.2,28862.3,226
1784794140,28862.2,28870.8,28857.8,28870.7,232
1784794200,28869.8,28870.4,28861.2,28862.2,224
1784794260,28862.7,28866.7,28855.6,28863.1,236
1784794320,28862.9,28877.2,28861.3,28872.2,240
1784794380,28872.7,28876.9,28870.9,28873.1,210
1784794440,28873.4,28875.4,28869.1,28870.7,228
1784794500,28870.4,28877.4,28868.2,28868.6,230
1784794560,28868.4,28881.1,28860.7,28881.1,242
1784794620,28881.3,28895.3,28881.3,28891.3,246
1784794680,28891.2,28895.6,28887.9,28894.6,220
1784794740,28894.2,28894.7,28881.1,28885.3,242
1784794800,28887.9,28889.6,28880.3,28881.8,240
1784794860,28881.6,28882.8,28873.3,28874.7,216
1784794920,28875.1,28878.8,28870.2,28870.4,232
1784794980,28870.6,28871.8,28854.9,28854.9,234
1784795040,28855.1,28863.7,28853.9,28860.1,252
1784795100,28860.3,28865.7,28854.6,28864.2,238
1784795160,28863.8,28883.8,28858.9,28883.8,232
1784795220,28883.9,28883.9,28876.8,28882.4,216
1784795280,28882.6,28886.6,28875.1,28877.4,230
1784795340,28878.1,28886.1,28875.4,28885.4,236
1784795400,28884.4,28894.8,28883.3,28894.6,228
1784795460,28895.1,28896.3,28888.2,28890.8,234
1784795520,28890.2,28891.2,28876.7,28877.1,224
1784795580,28877.2,28886.1,28873.2,28884.9,204
1784795640,28885.2,28894.7,28883.6,28892.3,202
1784795700,28892.8,28895.7,28879.6,28881.1,218
1784795760,28882.3,28885.7,28877.6,28877.8,190
1784795820,28877.1,28885.7,28876.2,28881.9,216
1784795880,28882.6,28886.8,28880.2,28885.7,230
1784795940,28886.1,28886.2,28878.2,28878.3,230
1784796000,28877.9,28879.7,28866.6,28866.6,206
1784796060,28866.9,28874.2,28866.9,28870.6,184
1784796120,28870.8,28887.3,28867.4,28887.3,216
1784796180,28886.9,28888.9,28869.4,28870.4,242
1784796240,28871.1,28876.4,28869.9,28872.6,208
1784796300,28872.8,28875.9,28870.1,28875.9,208
1784796360,28875.8,28881.7,28874.2,28879.6,220
1784796420,28880.4,28886.2,28876.4,28883.1,230
1784796480,28883.9,28885.8,28880.9,28883.2,208
1784796540,28883.3,28891.7,28883.2,28885.3,218
1784796600,28886.2,28900.4,28881.3,28899.6,216
1784796660,28898.1,28900.2,28890.9,28899.4,224
1784796720,28899.7,28904.1,28892.1,28894.2,212
1784796780,28894.3,28908.9,28894.3,28906.2,212
1784796840,28906.7,28913.4,28906.7,28911.1,180
1784796900,28911.2,28915.9,28909.6,28914.9,204
1784796960,28915.2,28934.3,28914.6,28931.8,206
1784797020,28932.1,28938.9,28930.3,28932.4,212
1784797080,28932.2,28936.2,28930.8,28936.2,208
1784797140,28935.8,28945.8,28935.1,28938.6,212
1784797200,28938.2,28938.3,28922.9,28926.7,234
1784797260,28926.9,28936.8,28925.7,28931.3,226
1784797320,28931.8,28942.8,28929.8,28939.7,236
1784797380,28940.3,28972.1,28940.3,28958.2,262
1784797440,28957.1,28964.9,28950.8,28962.9,254
1784797500,28962.1,28963.2,28951.9,28954.4,238
1784797560,28954.6,28962.2,28954.6,28957.9,234
1784797620,28958.1,28958.4,28947.9,28949.3,228
1784797680,28948.8,28949.3,28944.6,28948.6,214
1784797740,28948.7,28951.7,28941.2,28941.8,230
1784797800,28941.9,28944.6,28936.3,28943.7,210
1784797860,28944.3,28944.7,28931.4,28937.3,216
1784797920,28936.8,28938.1,28930.8,28931.6,202
1784797980,28931.7,28935.4,28927.4,28930.7,194
1784798040,28930.6,28930.6,28915.2,28916.8,232
1784798100,28916.6,28919.8,28912.9,28919.1,226
1784798160,28918.3,28926.6,28916.2,28926.6,190
1784798220,28927.3,28930.2,28924.1,28929.1,184
1784798280,28929.8,28932.3,28921.9,28922.3,186
1784798340,28924.3,28928.3,28920.7,28923.8,212
1784798400,28924.1,28930.6,28922.7,28925.3,208
1784798460,28925.1,28927.6,28916.3,28916.9,204
1784798520,28916.8,28929.4,28916.8,28924.4,210
1784798580,28924.6,28931.6,28923.7,28929.8,168
1784798640,28929.6,28937.4,28927.4,28930.9,192
1784798700,28930.7,28934.3,28926.7,28929.9,196
1784798760,28929.8,28930.4,28924.8,28928.2,175
1784798820,28928.7,28931.8,28926,28929.9,180
1784798880,28930.3,28930.6,28925.4,28928.1,192
1784798940,28927.9,28930.4,28920.4,28926.3,202
1784799000,28926.6,28926.6,28915.6,28918.9,232
1784799060,28919.2,28925.4,28919.2,28922.3,216
1784799120,28923.1,28923.6,28916.9,28916.9,192
1784799180,28916.7,28922.2,28913.2,28913.7,202
1784799240,28913.2,28913.2,28902.9,28909.2,202
1784799300,28908.7,28912.2,28906.1,28906.1,208
1784799360,28905.9,28910.8,28905.7,28906.2,194
1784799420,28906.8,28915.4,28906.2,28908.9,206
1784799480,28908.6,28912.1,28906.4,28911.8,178
1784799540,28911.7,28911.9,28905.8,28910.4,216
1784799600,28909.9,28912.2,28905.1,28906.8,202
1784799660,28906.7,28911.6,28904.6,28910.2,214
1784799720,28910.1,28912.4,28906.8,28908.3,174
1784799780,28907.9,28916.3,28907.6,28910.6,210
1784799840,28910.7,28912.7,28908.7,28910.8,204
1784799900,28910.6,28921.8,28910.6,28920.3,220
1784799960,28919.7,28920.2,28912.7,28912.8,194
1784800020,28912.6,28918.6,28912.6,28916.8,202
1784800080,28916.9,28917.8,28912.2,28912.2,186
1784800140,28912.1,28916.2,28908.9,28909.2,192
1784800200,28909.1,28909.1,28898.6,28899.8,226
1784800260,28900.2,28901.8,28894.7,28895.9,208
1784800320,28896.2,28902.6,28895.8,28898.4,194
1784800380,28898.6,28912.7,28898.4,28907.6,198
1784800440,28907.4,28908.3,28899.1,28899.4,190
1784800500,28902.2,28902.6,28891.7,28902.6,220
1784800560,28902.8,28902.8,28893.9,28894.3,234
1784800620,28894.1,28894.9,28891.1,28892.6,196
1784800680,28892.2,28894.1,28881.7,28884.4,202
1784800740,28884.6,28890.7,28880.7,28890.3,222
1784800800,28890.8,28899.7,28881.2,28881.8,252
1784800860,28881.9,28892.3,28881.9,28888.4,208
1784800920,28888.6,28900.8,28888.6,28895.1,230
1784800980,28894.9,28899.6,28888.9,28896.9,184
1784801040,28896.8,28899.2,28892.9,28894.6,196
1784801100,28894.3,28897.1,28891.6,28891.6,212
1784801160,28891.4,28896.6,28883.9,28891.8,224
1784801220,28892.8,28901.3,28888.4,28901.1,208
1784801280,28900.9,28902.2,28880.9,28885.6,200
1784801340,28885.9,28885.9,28881.6,28883.1,182
1784801400,28883.4,28884.4,28874.4,28879.6,192
1784801460,28879.3,28880.8,28875.4,28876.4,184
1784801520,28876.7,28881.3,28874.6,28880.7,178
1784801580,28880.9,28881.4,28875.2,28877.8,178
1784801640,28877.9,28882.8,28873.8,28877.9,198
1784801700,28877.8,28882.6,28876.3,28881.1,208
1784801760,28880.8,28889.6,28872.3,28884.7,212
1784801820,28884.6,28885.9,28879.4,28880.8,200
1784801880,28880.9,28886.9,28877.7,28878.7,218
1784801940,28879.4,28882.1,28875.7,28876.2,196
1784802000,28875.9,28884.3,28873.7,28880.1,216
1784802060,28880.8,28888.7,28876.1,28886.3,226
1784802120,28886.4,28888.3,28884.4,28886.8,210
1784802180,28886.6,28891.6,28880.8,28883.2,210
1784802240,28882.9,28884.7,28876.8,28884.7,222
1784802300,28885.9,28892.9,28881.6,28892.4,194
1784802360,28892.7,28896.6,28886.9,28896.2,202
1784802420,28896.4,28898.7,28890.3,28891.2,202
1784802480,28891.3,28895.2,28885.3,28885.3,196
1784802540,28885.8,28892.6,28885.4,28888.2,200
1784802600,28887.8,28922.1,28881.6,28912.9,248
1784802660,28913.1,28927.7,28912.2,28919.4,240
1784802720,28919.6,28926.9,28917.7,28925.4,232
1784802780,28926.1,28938.2,28925.8,28932.6,232
1784802840,28932.8,28932.8,28925.3,28928.6,190
1784802900,28927.9,28940.1,28927.9,28939.4,215
1784802960,28938.9,28949.7,28938.9,28943.7,214
1784803020,28942.4,28944.3,28939.4,28941.9,204
1784803080,28941.4,28951.6,28939.8,28945.9,214
1784803140,28946.1,28946.1,28939.6,28945.1,194
1784803200,28944.6,28948.8,28941.7,28948.8,204
1784803260,28948.4,28957.3,28948.4,28951.9,202
1784803320,28952.1,28955.7,28945.9,28946.1,220
1784803380,28945.7,28948.7,28934.3,28934.7,222
1784803440,28934.6,28935.8,28930.8,28935.8,202
1784803500,28936.3,28937.6,28930.6,28931.6,196
1784803560,28931.8,28934.9,28931.2,28932.2,204
1784803620,28933.2,28936.9,28931.2,28933.7,182
1784803680,28934.3,28943.8,28934.3,28938.9,208
1784803740,28939.1,28942.8,28935.7,28941.4,210
1784803800,28941.2,28942.1,28935.3,28935.9,208
1784803860,28936.3,28937.8,28932.7,28937.2,212
1784803920,28937.3,28939.6,28933.1,28938.4,206
1784803980,28937.6,28938.3,28932.7,28933.4,208
1784804040,28933.3,28935.8,28932.1,28932.1,190
1784804100,28932.9,28942.9,28932.3,28932.9,208
1784804160,28933.3,28938.1,28930.7,28932.1,206
1784804220,28933.1,28940.3,28931.9,28931.9,180
1784804280,28932.1,28934.6,28929.7,28932.4,192
1784804340,28931.6,28937.6,28930.1,28937.2,186
1784804400,28937.7,28942.1,28921.3,28921.7,276
1784804460,28922.1,28924.7,28908.1,28908.7,242
1784804520,28908.2,28908.2,28891.2,28898.4,248
1784804580,28897.7,28901.7,28893.1,28901.7,230
1784804640,28901.4,28905.2,28890.4,28892.2,242
1784804700,28892.3,28893.4,28879.3,28879.6,242
1784804760,28879.7,28883.6,28876.4,28883.6,246
1784804820,28883.7,28885.2,28876.6,28876.9,236
1784804880,28876.4,28887.3,28871.6,28887.2,232
1784804940,28887.3,28887.3,28874.2,28876.3,236
1784805000,28876.1,28880.1,28875.8,28876.7,190
1784805060,28877.2,28885.9,28869.4,28883.6,226
1784805120,28883.9,28892.2,28883.4,28886.9,224
1784805180,28887.1,28893.8,28882.7,28886.9,214
1784805240,28887.2,28893.6,28885.1,28892.4,200
1784805300,28892.2,28906.7,28891.9,28897.8,222
1784805360,28897.7,28904.2,28894.6,28900.8,226
1784805420,28901.4,28901.4,28887.2,28888.3,212
1784805480,28888.9,28891.9,28884.6,28888.6,230
1784805540,28888.9,28891.6,28883.9,28886.3,210
1784805600,28885.1,28885.6,28868.1,28872.4,238
1784805660,28872.6,28874.3,28867.6,28868.3,228
1784805720,28868.1,28870.1,28853.4,28853.4,228
1784805780,28854.2,28858.3,28845.8,28845.8,232
1784805840,28846.8,28850.7,28845.7,28847.6,214
1784805900,28847.7,28851.6,28845.6,28850.7,220
1784805960,28850.6,28855.2,28848.1,28850.1,220
1784806020,28850.3,28852.3,28840.9,28841.2,206
1784806080,28841.9,28847.9,28840.6,28841.3,224
1784806140,28841.8,28841.8,28827.7,28829.4,246
1784806200,28829.7,28836.9,28824.4,28827.6,252
1784806260,28828.1,28833.3,28825.1,28830.7,224
1784806320,28831.1,28835.7,28817.1,28817.7,223
1784806380,28818.1,28821.7,28805.6,28810.2,236
1784806440,28809.2,28817.1,28808.8,28815.7,234
1784806500,28815.8,28815.8,28769.1,28769.2,284
1784806560,28771.2,28775.7,28766.8,28768.6,240
1784806620,28767.3,28769.7,28758.9,28765.6,268
1784806680,28766.8,28768.7,28754.3,28757.7,264
1784806740,28757.8,28770.8,28752.1,28764.6,248
1784806800,28763.7,28765.8,28750.8,28759.1,274
1784806860,28759.4,28761.1,28749.3,28760.1,248
1784806920,28759.9,28772.3,28756.6,28769.9,258
1784806980,28769.7,28770.4,28750.2,28758.7,258
1784807040,28757.4,28762.1,28750.8,28760.3,256
1784807100,28760.7,28773.1,28757.6,28762.8,262
1784807160,28763.1,28763.3,28749.4,28753.1,250
1784807220,28752.8,28761.6,28748.9,28761.1,242
1784807280,28763.2,28770.8,28760.8,28767.3,248
1784807340,28768.4,28775.3,28766.8,28773.8,224
1784807400,28774.2,28785.4,28773.1,28775.3,252
1784807460,28775.8,28779.6,28770.1,28773.1,232
1784807520,28772.8,28815.7,28772.6,28785.9,248
1784807580,28786.2,28796.2,28785.7,28790.6,252
1784807640,28791.1,28801.9,28786.8,28788.3,246
1784807700,28787.9,28791.7,28784.3,28785.9,242
1784807760,28785.8,28786.7,28778.8,28782.8,244
1784807820,28782.9,28787.2,28777.9,28782.9,248
1784807880,28783.2,28795.6,28782.4,28795.6,234
1784807940,28795.7,28808.3,28795.7,28800.1,236
1784808000,28799.8,28802.2,28785.6,28788.6,258
1784808060,28788.1,28789.1,28785.2,28787.8,242
1784808120,28786.6,28796.6,28782.6,28788.2,236
1784808180,28788.8,28792.8,28788.2,28790.6,214
1784808240,28790.7,28801.9,28785.1,28785.4,232
1784808300,28785.6,28788.4,28762.7,28765.2,252
1784808360,28765.4,28775.9,28762.8,28769.7,238
1784808420,28770.2,28773.2,28762.4,28771.6,240
1784808480,28771.8,28772.2,28751.6,28754.7,228
1784808540,28756.8,28763.1,28755.3,28759.6,238
1784808600,28759.9,28773.7,28758.7,28771.6,242
1784808660,28772.1,28776.4,28755.8,28763.2,226
1784808720,28762.4,28765.2,28751.2,28754.2,194
1784808780,28755.6,28764.3,28755.3,28759.3,186
1784808840,28761.4,28761.8,28750.9,28751.8,220
1784808900,28751.6,28772.7,28747.3,28765.4,262
1784808960,28765.1,28771.2,28723.7,28740.3,244
1784809020,28742.4,28753.8,28737.9,28745.6,270
1784809080,28746.4,28747.8,28736.6,28738.9,256
1784809140,28738.4,28747.6,28727.3,28727.3,258
1784809200,28727.2,28727.2,28715.3,28720.1,258
1784809260,28720.3,28733.3,28713.1,28730.1,272
1784809320,28730.3,28733.3,28724.7,28729.3,253
1784809380,28728.9,28729.9,28712.3,28713.4,274
1784809440,28713.2,28714.7,28697.9,28709.4,278
1784809500,28708.2,28708.3,28696.6,28703.2,266
1784809560,28703.7,28708.4,28695.2,28698.7,258
1784809620,28699.3,28713.3,28697.3,28709.3,254
1784809680,28710.4,28710.4,28691.9,28693.7,242
1784809740,28693.9,28704.6,28690.6,28701.2,226
1784809800,28692.4,28709.4,28685.9,28696.4,260
1784809860,28696.1,28698.1,28684.3,28689.2,262
1784809920,28688.9,28690.1,28680.9,28684.2,268
1784809980,28684.4,28685.2,28666.6,28672.9,253
1784810040,28674.2,28675.1,28663.4,28673.1,270
1784810100,28672.9,28673.3,28662.2,28666.8,252
1784810160,28667.3,28667.4,28638.9,28640.2,270
1784810220,28640.3,28643.3,28632.4,28635.9,272
1784810280,28635.1,28649.3,28632.3,28638.7,282
1784810340,28639.4,28643.7,28626.1,28630.9,265
1784810400,28630.4,28630.4,28610.6,28614.8,284
1784810460,28614.7,28642.1,28612.6,28633.8,288
1784810520,28634.2,28635.1,28609.9,28611.9,272
1784810580,28612.2,28617.4,28604.8,28613.2,288
1784810640,28614.2,28625.9,28614.2,28623.8,270
1784810700,28624.6,28628.6,28611.6,28624.8,276
1784810760,28625.2,28631.9,28617.9,28631.9,278
1784810820,28631.4,28631.4,28603.4,28604.7,280
1784810880,28603.7,28609.7,28593.3,28596.4,286
1784810940,28595.6,28622.6,28592.1,28621.6,292
1784811000,28621.8,28630.3,28616.2,28627.6,274
1784811060,28627.3,28634.1,28625.6,28629.3,276
1784811120,28630.1,28633.1,28620.9,28626.4,274
1784811180,28627.3,28639.9,28627.3,28631.7,258
1784811240,28631.6,28631.6,28612.6,28618.9,295
1784811300,28619.2,28625.1,28616.1,28616.9,270
1784811360,28616.6,28627.7,28616.2,28627.6,260
1784811420,28627.2,28630.7,28622.8,28627.1,266
1784811480,28627.3,28630.7,28608.6,28612.9,272
1784811540,28611.3,28621.2,28610.2,28620.9,272
1784811600,28620,28630.4,28611.3,28630.1,274
1784811660,28629.7,28638.8,28621.9,28638.3,286
1784811720,28638.6,28639.3,28612.6,28614.9,294
1784811780,28615.1,28621.9,28605.9,28616.7,274
1784811840,28616.6,28619.3,28600.7,28604.8,288
1784811900,28605.1,28605.3,28586.7,28586.7,290
1784811960,28586.1,28588.3,28574.3,28576.4,292
1784812020,28576.3,28601.8,28576.3,28601.8,290
1784812080,28599.6,28608.4,28580.4,28580.4,298
1784812140,28580.6,28581.1,28559.5,28561.2,270
1784812200,28561.5,28568.4,28559.1,28564.7,262
1784812260,28565.4,28568.2,28553.6,28555.6,278
1784812320,28555.1,28573.1,28551.3,28567,278
1784812380,28566.9,28571.8,28553.3,28557.6,270
1784812440,28556.3,28562.9,28552.6,28561.9,284
1784812500,28562.1,28566.6,28553.4,28556.6,276
1784812560,28556.8,28562.4,28551.9,28558.7,262
1784812620,28558.3,28559.8,28541.1,28555.1,276
1784812680,28553.6,28555.8,28541.7,28553.8,284
1784812740,28552.7,28554.2,28538.9,28551.4,252
1784812800,28551.3,28553.3,28538.7,28543.4,254
1784812860,28543.9,28555.9,28542.3,28550.1,260
1784812920,28550.2,28553.4,28539.3,28545.4,270
1784812980,28546.8,28551.8,28535.8,28551.1,272
1784813040,28552.3,28552.9,28535.6,28537.7,262
1784813100,28537.6,28556.7,28537.6,28551.7,276
1784813160,28551.8,28551.9,28533.8,28546.2,266
1784813220,28546.7,28555.9,28535.2,28537.2,270
1784813280,28539.1,28559.6,28534.9,28558.3,280
1784813340,28559.7,28559.7,28539.6,28554.7,294
1784813400,28554.1,28557,28493.7,28523.9,320
1784813460,28521.5,28557.1,28519.9,28552.1,312
1784813520,28555.2,28582,28547.5,28575.4,316
1784813580,28570.2,28574.7,28531.5,28557.4,320
1784813640,28560.1,28598.5,28560.1,28595.7,312
1784813700,28589.2,28609.1,28587,28589.1,314
1784813760,28588.2,28624.9,28574.4,28623.5,316
1784813820,28624.9,28643,28616.5,28637.1,304
1784813880,28638.6,28651.6,28613.6,28627.6,318
1784813940,28631,28643,28615,28632.5,316
1784814000,28631.5,28658,28631.5,28648.9,308
1784814060,28648.1,28666.7,28646.2,28663.9,312
1784814120,28663,28701.2,28655.1,28699.7,324
1784814180,28700.4,28716.9,28698.5,28707.9,310
1784814240,28708.5,28712.6,28689.1,28692.4,316
1784814300,28691.6,28702.5,28659.2,28689.2,324
1784814360,28681.2,28693,28656.7,28681.6,320
1784814420,28681.1,28685,28660.7,28662.1,306
1784814480,28661.6,28666.7,28629,28631,324
1784814540,28631.2,28638.5,28584.5,28596.2,313
1784814600,28594,28619.2,28587.2,28611.5,316
1784814660,28612.9,28618.1,28561.7,28564.9,318
1784814720,28568.2,28582.2,28554.6,28582.2,322
1784814780,28578.5,28609,28570,28605.7,316
1784814840,28603.7,28654,28603.5,28651.5,314
1784814900,28652.5,28668.6,28630.7,28632,320
1784814960,28632.5,28635.5,28597.5,28597.5,308
1784815020,28597,28598.1,28563.1,28571,310
1784815080,28567,28567,28532.4,28560.5,312
1784815140,28561.1,28570.1,28541.6,28542.7,308
1784815200,28544.1,28603,28544.1,28583.2,324
1784815260,28582,28583.5,28545.5,28547.2,304
1784815320,28550.2,28567.6,28544,28562.2,312
1784815380,28562.7,28576.7,28553.1,28563.1,308
1784815440,28562,28600.5,28560.2,28583.5,324
1784815500,28585.2,28628.5,28575.7,28626.7,320
1784815560,28625.5,28634.9,28609.6,28613.1,310
1784815620,28611.7,28627.1,28602.5,28615.2,320
1784815680,28613,28633.1,28544.6,28547.1,299
1784815740,28554,28554,28514.1,28552.5,316
1784815800,28556.4,28589,28551.4,28559.7,314
1784815860,28559.1,28574.6,28532.5,28572,308
1784815920,28570.2,28595.5,28564.7,28590.5,318
1784815980,28591,28604.7,28573.4,28579.7,318
1784816040,28583,28595,28532.6,28539.1,310
1784816100,28540.2,28562.2,28525.2,28532,318
1784816160,28531.2,28555,28522.9,28552.7,312
1784816220,28549.7,28564.7,28534.9,28564,320
1784816280,28561.7,28577.2,28552.7,28554.5,312
1784816340,28548.9,28555.7,28534.4,28540,320
1784816400,28540.5,28562.2,28532.5,28541.9,298
1784816460,28543.2,28590.2,28539.5,28590.2,314
1784816520,28588.2,28613.7,28582.2,28599.2,314
1784816580,28598.7,28602.2,28567.1,28570.2,310
1784816640,28570.5,28573.2,28526.2,28544.9,318
1784816700,28544.4,28576.9,28531,28570.5,312
1784816760,28571,28571,28530.9,28549.5,302
1784816820,28551,28553.7,28532.6,28547.4,318
1784816880,28547,28572.9,28536.5,28537.5,314
1784816940,28539,28578.2,28537,28568.7,310
1784817000,28565.6,28582.2,28554.2,28566.5,310
1784817060,28565.1,28586.2,28549,28554,306
1784817120,28553.1,28553.5,28511.9,28518.7,314
1784817180,28518.2,28529.2,28479.4,28484.5,318
1784817240,28484.7,28514.7,28478.6,28505.2,304
1784817300,28505.5,28512.6,28482.9,28490.2,312
1784817360,28492.2,28509.7,28487.2,28502.7,308
1784817420,28502.5,28590.1,28502.5,28590.1,326
1784817480,28591.5,28596.5,28559.7,28570.2,316
1784817540,28570.7,28597.7,28565.7,28589.7,308
1784817600,28590.2,28607.1,28563.6,28563.6,318
1784817660,28564,28572.7,28517.7,28523.7,316
1784817720,28523.5,28534.4,28489.6,28503.5,312
1784817780,28501.4,28506.2,28461.6,28478,316
1784817840,28479.2,28490,28463.6,28481.5,310
1784817900,28480,28493.7,28467.4,28468,310
1784817960,28468.5,28495.4,28463.6,28486.5,308
1784818020,28488.7,28505.1,28483.9,28486.6,312
1784818080,28485.6,28485.6,28462.5,28470.6,318
1784818140,28470.1,28480.5,28456.5,28464.7,298
1784818200,28463.1,28481,28445.6,28450,308
1784818260,28450.1,28450.7,28423.9,28427.6,286
1784818320,28429,28452.4,28424.7,28448.9,314
1784818380,28447.6,28447.6,28422.5,28424.9,310
1784818440,28425.9,28430,28414.6,28417.4,304
1784818500,28417.7,28432.6,28412.6,28413.4,320
1784818560,28413.9,28442.7,28413.9,28442.7,312
1784818620,28441.6,28453.6,28436.1,28449.7,308
1784818680,28449.1,28449.9,28428.6,28429.7,304
1784818740,28430.2,28449,28426.9,28431.5,296
1784818800,28436.1,28438.7,28420.1,28424,310
1784818860,28421.6,28423.9,28402.4,28412.9,298
1784818920,28413.1,28425.2,28407.2,28407.4,304
1784818980,28406.1,28422.6,28404.5,28408.6,308
1784819040,28407.9,28407.9,28394,28403.6,294
1784819100,28402.9,28406.6,28390.9,28391.1,302
1784819160,28390.2,28392.1,28369.6,28370,302
1784819220,28369.9,28388,28366.1,28378,310
1784819280,28377.2,28387.9,28374.4,28384,306
1784819340,28384.4,28392.7,28361.4,28364.7,310
1784819400,28364.4,28378.9,28358.1,28365.1,306
1784819460,28364.6,28364.9,28347.1,28347.1,304
1784819520,28346.1,28349.4,28322.9,28333.1,307
1784819580,28332.2,28344.4,28329.9,28338.7,298
1784819640,28337.7,28341.9,28318.4,28329,302
1784819700,28328.2,28353.6,28328.2,28344.1,308
1784819760,28345.1,28352.7,28334.2,28346.9,308
1784819820,28345.5,28367.9,28343.4,28360,316
1784819880,28361.4,28367.9,28352.9,28357.2,314
1784819940,28358.7,28372.6,28355,28371.7,292
1784820000,28372,28404,28372,28390.7,302
1784820060,28391.1,28395,28354.6,28355.9,308
1784820120,28355.1,28369.2,28296.5,28317.5,304
1784820180,28321.2,28340.4,28321.2,28326.1,308
1784820240,28327.5,28344.9,28326,28339.4,304
1784820300,28336.9,28342.5,28313.9,28321,304
1784820360,28323,28323,28303.1,28310.2,308
1784820420,28309.1,28310.7,28295.4,28295.6,300
1784820480,28296.9,28314.2,28284.9,28285.4,310
1784820540,28285.1,28307.9,28284.1,28301.7,304
1784820600,28301.6,28310.4,28282.1,28284.1,286
1784820660,28283,28307.2,28269.4,28301.5,308
1784820720,28302.5,28321.5,28302.5,28316.9,308
1784820780,28317.2,28324.5,28304.2,28315.9,300
1784820840,28317.7,28327.9,28307.4,28325.5,316
1784820900,28325.4,28353.2,28325.4,28341.7,304
1784820960,28342.4,28351,28329.8,28351,310
1784821020,28352,28371.8,28339.2,28351.3,300
1784821080,28351,28370.5,28349.8,28368.7,318
1784821140,28366.8,28369.4,28349.4,28363.7,306
1784821200,28363.3,28387.2,28363.3,28370,302
1784821260,28367.9,28374.5,28353,28373.4,308
1784821320,28373.9,28383.5,28343.3,28347.7,304
1784821380,28346.7,28356.9,28341.5,28344.8,314
1784821440,28343.4,28353.5,28330.7,28330.9,302
1784821500,28329.8,28349.7,28315.4,28342.9,300
1784821560,28341.2,28348.2,28325.2,28333.9,312
1784821620,28333.7,28345,28328.7,28333,310
1784821680,28333.3,28348.7,28331.8,28339,308
1784821740,28337.7,28364.5,28335.4,28358.9,300
1784821800,28356.4,28370.7,28341.7,28367.5,292
1784821860,28367.9,28372.7,28350.2,28355.2,298
1784821920,28357.2,28379.3,28356.7,28373.4,308
1784821980,28373.2,28379.2,28366.9,28374.5,288
1784822040,28375,28393.7,28373.8,28392.8,302
1784822100,28392.9,28404.9,28389.5,28401,292
1784822160,28399.9,28418.4,28394.9,28407.3,302
1784822220,28407.5,28409.7,28387.7,28409.4,278
1784822280,28408.7,28422.5,28403,28418.2,276
1784822340,28418.5,28426.3,28418.5,28424.9,298
1784822400,28430,28434.5,28415.2,28434.5,304
1784822460,28435.3,28435.3,28410.4,28428.4,300
1784822520,28428.7,28455.9,28422.2,28455.9,280
1784822580,28455.2,28463.5,28444.7,28453.7,276
1784822640,28453.8,28456,28441.2,28452.8,280
1784822700,28452.5,28457.3,28416.4,28419.9,306
1784822760,28417.7,28433.3,28414.7,28415.7,302
1784822820,28416.2,28425.8,28414.7,28418.4,298
1784822880,28419.4,28455.9,28418.2,28453.9,298
1784822940,28452.7,28459.5,28447.2,28459.5,300
1784823000,28459.4,28468.9,28458.7,28467.2,294
1784823060,28466.2,28470.9,28455.4,28468.2,292
1784823120,28468.4,28480.2,28459.9,28459.9,292
1784823180,28459.3,28473.9,28459.3,28460.4,294
1784823240,28459.7,28473.4,28459.7,28465.9,284
1784823300,28466.7,28480.4,28462.9,28478.7,288
1784823360,28477.5,28479.9,28460.4,28461.3,266
1784823420,28461.2,28476.5,28460.4,28473.9,282
1784823480,28473.5,28476.2,28466.7,28472.9,286
1784823540,28472.8,28472.8,28446.7,28467,284
1784823600,28467.4,28492.7,28466.9,28491.5,292
1784823660,28489.9,28495.2,28485.9,28490.3,276
1784823720,28489.9,28508.9,28483.2,28507.2,288
1784823780,28507,28532.7,28504.7,28526.8,294
1784823840,28525.7,28531.3,28521.7,28524.9,280
1784823900,28524,28533.4,28519.9,28525.9,268
1784823960,28528.4,28528.4,28512.4,28512.7,288
1784824020,28513.7,28535.9,28510.4,28533.2,270
1784824080,28532.4,28539.7,28530,28537.2,282
1784824140,28537.9,28551.3,28536.2,28543.4,302
1784824200,28542.3,28544.2,28522.9,28533.7,286
1784824260,28533.2,28538.7,28527.2,28533.5,274
1784824320,28531.2,28535.9,28524.9,28533.2,286
1784824380,28532.3,28543.4,28528.7,28533.3,292
1784824440,28534,28539.8,28524.8,28526.7,288
1784824500,28528.9,28549.7,28519.8,28544.5,288
1784824560,28544.4,28545,28531.2,28540.7,288
1784824620,28541,28548.2,28532.9,28547.4,276
1784824680,28543.9,28570.2,28538.7,28568.7,292
1784824740,28569.4,28574.5,28561.4,28568.2,300
1784824800,28570.2,28570.2,28545.2,28549.4,292
1784824860,28547.4,28547.7,28533.8,28537.5,276
1784824920,28535.9,28539.9,28528.2,28537.9,280
1784824980,28539.7,28546.4,28535.9,28542.7,278
1784825040,28542.4,28543.3,28523.7,28524.2,284
1784825100,28523.9,28523.9,28485.2,28485.2,296
1784825160,28485.4,28488.7,28477.2,28481.9,298
1784825220,28482.9,28491.2,28476.7,28487.3,286
1784825280,28489.8,28493.2,28472.4,28476.9,278
1784825340,28477.5,28488.7,28472.7,28473.7,284
1784825400,28473.5,28477.4,28460.8,28462.9,286
1784825460,28463.5,28472.4,28453.8,28458.7,288
1784825520,28459.2,28483.3,28457.7,28464.5,296
1784825580,28464.4,28464.4,28446.4,28451,288
1784825640,28450.7,28457.2,28448,28448.3,284
1784825700,28448.5,28471.8,28448.5,28458,304
1784825760,28459.9,28465.5,28450.5,28461.9,290
1784825820,28462.3,28468.9,28455.3,28461.8,290
1784825880,28461.2,28469.4,28455.7,28461.2,288
1784825940,28461,28482.8,28460.9,28477.3,286
1784826000,28477.4,28498.9,28452.4,28493.2,294
1784826060,28490.9,28494.5,28479.4,28488.2,276
1784826120,28485.4,28487.3,28463.9,28484.4,298
1784826180,28485,28487.8,28475.4,28485.8,290
1784826240,28486.5,28486.7,28451.4,28451.7,302
1784826300,28450.7,28450.9,28425.7,28438.5,310
1784826360,28436.8,28451.9,28426.9,28431.9,310
1784826420,28430.2,28454,28428.7,28443.4,286
1784826480,28443.8,28465,28435,28444.7,302
1784826540,28445,28466.2,28434.2,28463,294
1784826600,28462.7,28484.3,28462.4,28469.3,312
1784826660,28469.5,28476,28462.4,28475.3,302
1784826720,28473.8,28489.2,28473.5,28485.3,304
1784826780,28485.5,28494.2,28473.3,28474.9,302
1784826840,28475.4,28482.8,28465.4,28479.7,298
1784826900,28478.9,28485.9,28472.7,28477.8,300
1784826960,28478.9,28492.9,28475,28481.8,300
1784827020,28483,28487.7,28457.9,28458.2,306
1784827080,28457.9,28477.8,28451.3,28470.9,296
1784827140,28471.5,28476.9,28465,28476,290
1784827200,28476.9,28509.4,28476.9,28497,296
1784827260,28497.7,28501.7,28472.7,28473.2,294
1784827320,28473.3,28482,28465.2,28471.2,306
1784827380,28470.4,28496.4,28467,28495.2,282
1784827440,28496.9,28504.4,28490.4,28500.4,278
1784827500,28500.3,28509.4,28496.2,28505.7,290
1784827560,28506.4,28512.9,28497.2,28504.3,290
1784827620,28505.7,28505.7,28491.7,28497.2,268
1784827680,28497.7,28502.9,28492.2,28500.8,274
1784827740,28499.7,28501.3,28488.9,28489.4,286
1784827800,28486.4,28492.9,28474.2,28484.9,312
1784827860,28485.5,28485.5,28453.7,28457.7,294
1784827920,28457.8,28457.8,28443,28448.2,288
1784827980,28447.8,28468.2,28443.2,28456.9,298
1784828040,28456.8,28465.7,28452.7,28456.7,306
1784828100,28455.7,28461.3,28433.2,28434,306
1784828160,28434.2,28444,28429.7,28430.9,308
1784828220,28432.3,28437,28424.5,28429.5,286
1784828280,28433.4,28437.9,28424.4,28425.8,306
1784828340,28427.4,28438.5,28424.8,28426.4,274
1784828400,28426.3,28435.4,28410.2,28415.2,294
1784828460,28413.7,28423.2,28407.4,28422.5,282
1784828520,28422.8,28428.4,28416.9,28424.7,298
1784828580,28425.7,28437.9,28422.2,28434.2,300
1784828640,28434.9,28440.8,28421.9,28430.4,300
1784828700,28431.2,28459.8,28419,28455.2,300
1784828760,28455.3,28460.4,28440.8,28453.5,294
1784828820,28453.9,28465.4,28452.3,28455.9,308
1784828880,28456.2,28462.4,28446.9,28457.4,298
1784828940,28457.7,28464.7,28456.9,28457.2,292
1784829000,28456.9,28460.7,28446.4,28458.2,294
1784829060,28458.9,28460.5,28441.7,28444.5,290
1784829120,28446,28464.2,28442.2,28458.4,290
1784829180,28458.2,28460.9,28439.2,28444.7,296
1784829240,28443.5,28448,28433.2,28433.2,292
1784829300,28433.7,28433.7,28417.4,28426.4,300
1784829360,28426.9,28426.9,28407.4,28415.4,290
1784829420,28415.5,28419.7,28406.3,28407.9,278
1784829480,28407.7,28415.4,28402.4,28410.4,298
1784829540,28411.9,28414.4,28403,28403.9,282
1784829600,28403.4,28415.2,28394.2,28407.7,302
1784829660,28406.7,28408.4,28387.9,28403.2,294
1784829720,28402.2,28407.2,28398.5,28406.9,290
1784829780,28408.2,28416.5,28405.7,28413.2,296
1784829840,28413.3,28418.9,28394.7,28397.9,286
1784829900,28397,28399.4,28392.7,28398,276
1784829960,28397.7,28406.9,28394.4,28402.4,278
1784830020,28401.9,28403,28380.4,28380.4,276
1784830080,28380.3,28394.8,28379.2,28389.7,292
1784830140,28390,28390.7,28381.7,28383.5,276
1784830200,28383.2,28392.4,28380.5,28390.8,286
1784830260,28390.7,28398.7,28384.4,28396.2,278
1784830320,28395.5,28413.9,28394.8,28410.2,280
1784830380,28411.2,28414.2,28404.8,28408.7,282
1784830440,28407.4,28410.7,28394.4,28396.2,278
1784830500,28396.8,28408.2,28391.9,28405.9,292
1784830560,28405.2,28414.2,28400.2,28404.9,294
1784830620,28405.7,28408.8,28383.9,28386.7,284
1784830680,28387.4,28400.9,28383.9,28387.7,264
1784830740,28388.9,28393.2,28382.2,28392.5,262
1784830800,28393.2,28398.9,28391.2,28392.4,291
1784830860,28392.3,28405.9,28385.9,28405.9,286
1784830920,28405.4,28407.9,28397.7,28397.9,280
1784830980,28396.4,28407.4,28394.7,28406.7,276
1784831040,28405.8,28417.9,28405.8,28416.4,260
1784831100,28415.7,28420.7,28398.9,28406.3,278
1784831160,28406.2,28409,28397.7,28397.7,284
1784831220,28398.4,28408,28392.4,28392.4,280
1784831280,28393.5,28412.2,28393.5,28404.2,288
1784831340,28403.9,28416.2,28403.9,28411.8,284
1784831400,28411.2,28422.9,28406.4,28415.4,294
1784831460,28415.7,28424.9,28415.7,28421.3,284
1784831520,28422.8,28428.9,28414.4,28419.9,290
1784831580,28415.9,28421.9,28412.2,28421.9,277
1784831640,28422.4,28433.3,28422.4,28433.3,258
1784831700,28432.7,28438.7,28416.5,28417.9,280
1784831760,28417.4,28422.3,28403.9,28404.7,268
1784831820,28404.5,28406.5,28393,28405.9,284
1784831880,28405.8,28407.5,28391.4,28394.4,268
1784831940,28395.5,28405.5,28392.7,28404.9,268
1784832000,28403.2,28412.2,28398,28412.2,276
1784832060,28410.7,28410.7,28391.4,28393.9,260
1784832120,28394,28394,28381.9,28390.4,270
1784832180,28390.7,28391.7,28383.9,28387.2,276
1784832240,28387.4,28393.7,28382.4,28387.7,260
1784832300,28386.7,28401.9,28385.9,28398.2,270
1784832360,28397.7,28405.9,28395.9,28399.7,266
1784832420,28399.5,28411.9,28399.5,28411.8,282
1784832480,28412.2,28413.9,28405.2,28411.2,262
1784832540,28410.7,28412.9,28397,28401.2,270
1784832600,28400.9,28405.3,28393.2,28399.3,274
1784832660,28398.4,28404.7,28394.3,28398.7,250
1784832720,28398.5,28403.7,28392.7,28400.7,260
1784832780,28398.4,28400.5,28387.8,28395.7,260
1784832840,28396.4,28397.3,28367.7,28368.9,276
1784832900,28368.8,28376,28363.9,28375.7,292
1784832960,28374.9,28377.5,28365.9,28373.5,278
1784833020,28373.9,28375.4,28368.4,28371.4,272
1784833080,28370.8,28375.7,28363.2,28372.7,260
1784833140,28372.9,28388.4,28371.7,28387.7,282
1784833200,28387.3,28402,28387.3,28391.4,286
1784833260,28390,28390.8,28377.4,28377.5,270
1784833320,28377.4,28384.5,28376.3,28381,242
1784833380,28379.9,28379.9,28357,28357.7,266
1784833440,28356.5,28359.2,28351.7,28351.9,254
1784833500,28352.2,28362.7,28348.8,28362.3,268
1784833560,28361.8,28363.9,28355.9,28362.9,272
1784833620,28362.8,28363.7,28347.7,28347.7,264
1784833680,28347.3,28352.9,28344.9,28351.9,268
1784833740,28352.2,28352.5,28344.9,28345,250
1784833800,28345.9,28345.9,28338,28340,264
1784833860,28340.3,28349.8,28338.2,28347.4,274
1784833920,28347.7,28359.7,28347.2,28351.2,280
1784833980,28351.3,28354.3,28342.7,28345.4,244
1784834040,28344.7,28346.9,28342.3,28342.3,264
1784834100,28342.2,28359.2,28341.2,28353.2,278
1784834160,28353.4,28365.7,28352.3,28363.4,258
1784834220,28362.4,28377.4,28361.5,28366.3,280
1784834280,28365.3,28365.3,28350.7,28356.4,266
1784834340,28357.7,28362.5,28356.7,28362,258
1784834400,28360.4,28378.3,28360.4,28375.7,276
1784834460,28375.8,28395.2,28375.8,28389.4,274
1784834520,28391.7,28398.2,28382.4,28385.9,276
1784834580,28386.7,28400.7,28385.7,28397.9,278
1784834640,28398.4,28409.7,28397,28409.4,258
1784834700,28409.9,28430.2,28409.9,28424.5,301
1784834760,28423.4,28427.5,28415.5,28418.9,282
1784834820,28418.7,28430.4,28412.4,28419.2,272
1784834880,28418.4,28422.4,28398.4,28403.5,276
1784834940,28402.9,28419,28400.7,28418.7,282
1784835000,28419.9,28430.9,28414.2,28425.4,304
1784835060,28425.9,28425.9,28392.2,28392.2,290
1784835120,28391.4,28397.7,28388.7,28389.4,276
1784835180,28387.9,28393.4,28370.5,28387.4,268
1784835240,28388.2,28406.3,28388.2,28397.7,274
1784835300,28396.7,28401.7,28386.7,28389.7,280
1784835360,28390.2,28395.2,28376.8,28390.9,262
1784835420,28391.7,28400.7,28385.9,28393.7,278
1784835480,28392.2,28397.7,28379.2,28380.9,272
1784835540,28381.2,28385.7,28376.4,28377,282
1784835600,28376,28380.9,28372.8,28374.9,288
1784835660,28374.4,28374.4,28365.2,28370.5,270
1784835720,28369.9,28370.2,28347,28347.2,280
1784835780,28346.5,28354.2,28340.9,28350.7,280
1784835840,28351,28351,28338.7,28338.7,276
1784835900,28340.7,28346,28337.9,28340.7,282
1784835960,28341.4,28342.7,28327,28329.7,298
1784836020,28330,28347.5,28322.8,28344.4,298
1784836080,28345.2,28347.9,28336.2,28337.7,284
1784836140,28338.4,28338.5,28323,28335.2,278
1784836200,28356.9,28379.4,28356.9,28365.8,308
1784836260,28362.5,28373.9,28353,28373.3,290
1784836320,28373.9,28376.8,28348.2,28359.4,282
1784836380,28360.2,28360.2,28346,28352.9,284
1784836440,28347.5,28374,28342.4,28371.7,290
1784836500,28393.5,28415.2,28389.8,28414.5,302
1784836560,28414.2,28424.3,28409.7,28420.4,294
1784836620,28419.9,28442.7,28419.7,28441.8,288
1784836680,28442.8,28466.9,28442.8,28459.7,302
1784836740,28462.4,28469.3,28445.4,28445.4,306
1784836800,28457.1,28513.7,28451.4,28513.7,296
1784836860,28512,28530.4,28488,28519.4,303
1784836920,28520.1,28531.6,28501.7,28526.5,280
1784836980,28528.6,28560.2,28527.1,28557.9,284
1784837040,28558.9,28561.6,28545,28545.1,262
1784837100,28544.6,28552.5,28537.1,28543.1,260
1784837160,28544.2,28560,28542.2,28559.4,228
1784837220,28559.5,28559.5,28539.4,28547.9,222
1784837280,28549.7,28552.7,28546.4,28550,218
1784837340,28549.7,28555,28541.1,28549.5,224
1784837400,28551.4,28564.5,28550.6,28557.7,254
1784837460,28557.5,28568.4,28556.9,28567.2,236
1784837520,28567.6,28582.7,28564.9,28564.9,270
1784837580,28565.2,28580.1,28557.4,28576.9,236
1784837640,28576.7,28579.5,28559.6,28563.1,244
1784837700,28563.6,28570.5,28555.7,28570.4,234
1784837760,28570.2,28585.9,28569.1,28576.4,252
1784837820,28576.1,28584.6,28576.1,28580.6,216
1784837880,28581.1,28592.4,28581.1,28587.6,220
1784837940,28587.7,28591.4,28583.6,28591.4,222
1784838000,28591.6,28603.4,28587.6,28588.4,246
1784838060,28587.5,28595,28586.1,28592.6,238
1784838120,28592.4,28605.1,28592.4,28604,220
1784838180,28604.4,28604.6,28596.2,28601,200
1784838240,28600.9,28607.2,28600.2,28606.5,204
1784838300,28606,28613.6,28604.9,28605.5,228
1784838360,28606.4,28607.2,28595.9,28599.9,220
1784838420,28600,28604.2,28595,28603.2,208
1784838480,28603.7,28606.8,28601.2,28604.5,204
1784838540,28604,28604,28598.3,28603.5,210
1784838600,28603.3,28605.9,28591,28593.2,214
1784838660,28592.8,28600.7,28592.4,28598.5,204
1784838720,28598.7,28614.9,28598.3,28614.3,220
1784838780,28614.5,28615.5,28596.4,28601.7,222
1784838840,28601.8,28606.7,28598.8,28600.7,202
1784838900,28600.8,28607.3,28600.7,28602,224
1784838960,28601.3,28605.8,28597.8,28598.7,180
1784839020,28599,28605.7,28598.9,28601.3,176
1784839080,28601.4,28604.4,28600.7,28602.8,202
1784839140,28602.4,28603.4,28599.8,28601.7,186
1784839200,28601,28601,28583,28583,196
1784839260,28582.9,28586.8,28580.7,28584.8,184
1784839320,28584.7,28585.2,28570.9,28571.9,212
1784839380,28572.5,28575.4,28567,28569,196
1784839440,28570,28571.5,28562.7,28570.2,196
1784839500,28570.3,28573.4,28567.9,28568,182
1784839560,28568.5,28568.8,28564.9,28566.4,176
1784839620,28565.9,28569.7,28562.9,28566,188
1784839680,28565.8,28565.8,28559.7,28564,194
1784839740,28564.3,28570.3,28562.4,28564,174
1784839800,28563.7,28570,28561,28570,212
1784839860,28569.7,28570.5,28562.5,28563.5,180
1784839920,28563.4,28566.8,28561,28562.3,180
1784839980,28562.4,28562.9,28560.7,28562.9,164
1784840040,28562.8,28568.5,28562.8,28566.5,176
1784840100,28566.8,28568.5,28563,28565,178
1784840160,28564,28569.2,28563.2,28567.4,150
1784840220,28567.8,28569,28564.8,28566.9,172
1784840280,28567.3,28577.9,28566.5,28576.2,198
1784844000,28527.2,28534.7,28523.9,28526.6,178
1784844060,28526.9,28529.4,28494.6,28497.6,230
1784844120,28497.7,28513.5,28493,28507.9,222
1784844180,28506.9,28518.6,28500.2,28504.7,202
1784844240,28504.5,28504.6,28494.4,28495.6,192
1784844300,28494.5,28497.4,28487.1,28493.4,202
1784844360,28493.9,28502.2,28493.1,28498.5,192
1784844420,28498.6,28499.7,28496,28497.4,138
1784844480,28497.5,28501.2,28491.9,28491.9,152
1784844540,28491.2,28498.5,28491,28497.5,144
1784844600,28498,28498,28479.6,28479.6,174
1784844660,28479.9,28485.2,28474.2,28478.9,198
1784844720,28479,28481.1,28474.9,28475.4,170
1784844780,28475.5,28477.4,28470.5,28471.4,188
1784844840,28471.6,28479.4,28469.1,28478.4,150
1784844900,28478.2,28480,28473.1,28476.7,168
1784844960,28477.5,28479.4,28471.4,28475.1,140
1784845020,28475,28475.6,28471.1,28471.7,142
1784845080,28471.9,28473.6,28467.6,28469.7,158
1784845140,28469.6,28470.7,28460.7,28466.6,164
1784845200,28466.7,28473.1,28464.4,28471.2,184
1784845260,28471.9,28485.7,28471,28484.7,185
1784845320,28484.6,28497.7,28483.9,28497.1,192
1784845380,28497.4,28505.9,28495.9,28505.9,200
1784845440,28505.6,28512.4,28504.1,28506,192
1784845500,28506.1,28506.4,28500.9,28501.1,180
1784845560,28500.9,28501.2,28489.6,28494,196
1784845620,28493.9,28508,28493.6,28508,160
1784845680,28507.7,28509.2,28505.5,28506.9,142
1784845740,28506,28506.1,28497,28499.5,152
1784845800,28499.7,28523,28499.2,28521.2,196
1784845860,28521.6,28527.9,28517.4,28525.5,196
1784845920,28525.6,28525.6,28515.5,28521.1,150
1784845980,28520.9,28522.2,28512.4,28515.6,142
1784846040,28515.7,28518,28513.5,28514.4,142
1784846100,28514.2,28522,28510.9,28514.1,148
1784846160,28514.4,28514.9,28512.2,28514.6,88
1784846220,28513.9,28514.7,28503.9,28507.5,164
1784846280,28507.4,28520.7,28507.4,28519.5,120
1784846340,28519.2,28524.1,28509.9,28509.9,150
1784846400,28509.1,28514.6,28505.4,28505.4,124
1784846460,28505.2,28511.2,28504.6,28508.9,146
1784846520,28508.6,28513.6,28505.4,28513.6,96
1784846580,28514.1,28520.4,28514.1,28519,156
1784846640,28519.2,28521.6,28518.5,28520.6,98
1784846700,28519.7,28521.6,28519.7,28521.2,100
1784846760,28521.1,28542.7,28521.1,28532,200
1784846820,28532.1,28536.1,28530.5,28534.6,126
1784846880,28534.5,28541.5,28531.7,28538.4,152
1784846940,28538.1,28538.5,28532.6,28534,110
1784847000,28533.4,28536.5,28531.1,28534.7,160
1784847060,28535.5,28542.5,28533.6,28542.2,116
1784847120,28541.7,28542.7,28537.9,28538.5,120
1784847180,28538.4,28542.6,28538,28539,78
1784847240,28539.1,28544.4,28539.1,28542.7,134
1784847300,28543.2,28559.4,28543.2,28555,186
1784847360,28554.9,28557.4,28553.6,28555.5,138
1784847420,28554.7,28556.7,28552.5,28556.2,134
1784847480,28556.4,28565.4,28555.5,28564.5,148
1784847540,28564.7,28568.1,28563.7,28566.6,136
1784847600,28566.4,28570.4,28564.4,28568.6,150
1784847660,28568.7,28570.1,28558.5,28564.2,182
1784847720,28563.7,28567.2,28560.6,28564.7,124
1784847780,28565.1,28566.5,28545.5,28548.9,182
1784847840,28550.4,28551.2,28536.1,28539.1,194
1784847900,28539.4,28545.9,28536.1,28542.6,158
1784847960,28541.5,28542.7,28535.5,28535.5,150
1784848020,28535.4,28538.6,28533.6,28535.2,164
1784848080,28532.4,28535.5,28527.6,28530.4,166
1784848140,28530.1,28540.1,28530.1,28539,146
1784848200,28538,28539.9,28536.6,28539.9,148
1784848260,28540,28540.9,28535.6,28540.5,132
1784848320,28540.4,28540.4,28526.1,28532.5,144
1784848380,28531.9,28532.5,28529.1,28531.6,78
1784848440,28532.1,28534.5,28531.1,28534.1,112
1784848500,28533.6,28536.7,28532.5,28533.6,118
1784848560,28533,28543.5,28529.1,28530,148
1784848620,28531.6,28532,28527,28531.4,156
1784848680,28531.1,28531.2,28526.7,28528.6,150
1784848740,28528.7,28532,28526.2,28532,132
1784848800,28530.6,28535.2,28529.5,28532.1,146
1784848860,28532,28543.5,28529.1,28540.7,142
1784848920,28540.9,28544.1,28534.7,28539.1,140
1784848980,28539.7,28539.9,28534.2,28536.4,100
1784849040,28536.5,28540.5,28536.1,28538.6,96
1784849100,28538.7,28539.6,28535,28535.7,134
1784849160,28535.1,28537.6,28532.2,28533.5,118
1784849220,28533.2,28537.7,28532.4,28535.7,98
1784849280,28536.7,28539.2,28533.5,28538.1,124
1784849340,28538.2,28541.9,28532.7,28536.1,136
1784849400,28534.4,28537.6,28528.7,28531.6,152
1784849460,28531.5,28532.1,28519.4,28521.5,146
1784849520,28521.6,28526.4,28521.6,28524.7,132
1784849580,28523.7,28531,28522.7,28530.9,98
1784849640,28529.9,28532.2,28528.4,28531.6,120
1784849700,28531.4,28532.6,28527.1,28528,100
1784849760,28528.5,28531.7,28523.2,28523.2,110
1784849820,28523.1,28524.7,28519.9,28523.6,128
1784849880,28523.5,28525.6,28521.5,28521.6,134
1784849940,28521.5,28521.5,28512.4,28513,148
1784850000,28513.4,28513.4,28497.4,28506.2,216
1784850060,28506.6,28523.6,28505.9,28522.9,188
1784850120,28521,28532.6,28518.2,28525.1,228
1784850180,28524.9,28525.5,28518.5,28519.5,194
1784850240,28519.7,28523,28517.1,28522.9,192
1784850300,28523.9,28544.9,28516.5,28535.6,292
1784850360,28534.1,28536.9,28525,28527.1,278
1784850420,28526.9,28531.1,28516.6,28518.9,274
1784850480,28518.2,28529.6,28511.7,28529.2,230
1784850540,28529.1,28529.6,28515,28516.2,238
1784850600,28516.4,28522.6,28510.1,28512.7,238
1784850660,28512.2,28514.9,28504.1,28504.5,232
1784850720,28504,28509.4,28502,28505.2,234
1784850780,28506,28511.4,28501,28503,238
1784850840,28503.4,28505.2,28496.2,28501,242
1784850900,28500.7,28507.5,28499.9,28506.1,234
1784850960,28507.1,28513.5,28497.5,28504.6,230
1784851020,28504.7,28518.7,28504.6,28518.2,204
1784851080,28518.1,28528.6,28517.5,28525,224
1784851140,28524.1,28525,28510.1,28515.7,246
1784851200,28520.9,28535.4,28515.9,28529.4,306
1784851260,28530,28560.6,28529.5,28538.5,288
1784851320,28536,28546.1,28530.5,28534.7,292
1784851380,28534.4,28534.4,28517.5,28517.7,300
1784851440,28517.1,28522.7,28490.2,28491.6,284
1784851500,28491.2,28495.1,28478.6,28484,294
1784851560,28485.1,28507.4,28473,28499.1,294
1784851620,28499.6,28499.6,28471.7,28476.5,274
1784851680,28476.1,28477.4,28465.6,28472.6,276
1784851740,28472,28475.1,28465,28472.6,282
1784851800,28472.9,28486.2,28459.7,28466.7,276
1784851860,28467.2,28469.9,28456.4,28460.4,258
1784851920,28461.2,28479.5,28455.6,28479.5,260
1784851980,28479.9,28482.7,28465.9,28476,266
1784852040,28476.2,28481.4,28471.7,28479.2,270
1784852100,28479,28482.6,28455,28457,274
1784852160,28457.7,28477.9,28452.9,28477.9,298
1784852220,28477.2,28479.5,28463,28468.2,278
1784852280,28469.5,28494.4,28462.2,28485.7,284
1784852340,28486.4,28487.7,28464.1,28466.9,260
1784852400,28466.5,28479.1,28459.4,28479,258
1784852460,28478.9,28500.5,28475.5,28484.1,260
1784852520,28485.4,28496.4,28482.2,28493.9,264
1784852580,28492.9,28519.1,28485.5,28505.2,280
1784852640,28505.4,28510.7,28503.1,28503.7,288
1784852700,28504.5,28511.1,28492.9,28498.2,286
1784852760,28497.6,28507.5,28489.9,28492.1,277
1784852820,28491.9,28496.4,28484.2,28485.7,262
1784852880,28486.1,28486.9,28477.5,28479.1,256
1784852940,28479.7,28481,28473.5,28481,268
1784853000,28481.5,28484.5,28468.6,28469.2,254
1784853060,28470,28473.1,28459,28473.1,272
1784853120,28473,28473.2,28464.9,28467.5,280
1784853180,28467.2,28472.6,28462.6,28470.6,270
1784853240,28471.2,28473.2,28462,28466.1,262
1784853300,28464.9,28469.4,28457.9,28466.7,246
1784853360,28467,28486,28467,28476.2,266
1784853420,28475.9,28481.6,28471.6,28473.7,256
1784853480,28475,28481.1,28469.5,28478.6,278
1784853540,28478.9,28501.2,28478.1,28487.1,268
1784853600,28487.4,28497.4,28486.7,28497,274
1784853660,28497.2,28500.1,28482.1,28484.5,276
1784853720,28484.9,28512,28480.4,28505.7,276
1784853780,28506.2,28509.6,28492.9,28496.9,256
1784853840,28496,28497.7,28486.5,28492.1,258
1784853900,28492,28499,28487.5,28496.7,280
1784853960,28496.6,28509.2,28487.9,28495.6,266
1784854020,28494,28510.2,28487,28510.2,284
1784854080,28510.5,28515.9,28505.9,28507.7,279
1784854140,28507.2,28510.2,28498.5,28504.2,264
1784854200,28504.5,28510.4,28494,28510.4,262
1784854260,28510.7,28511.6,28497.5,28502.7,270
1784854320,28501,28504.5,28497.2,28500.5,254
1784854380,28500.2,28503.5,28485,28485,262
1784854440,28484.4,28484.4,28471.9,28473.9,276
1784854500,28474.1,28481.9,28463.5,28480.9,276
1784854560,28481.9,28496.5,28473.7,28491.7,256
1784854620,28492,28502.9,28491.4,28498.4,268
1784854680,28499.1,28508.5,28499.1,28499.4,268
1784854740,28499.9,28510.9,28497.5,28507.2,272
1784854800,28506.4,28516.9,28500.6,28507.7,302
1784854860,28506.7,28522.7,28506.2,28522.7,292
1784854920,28522.1,28523.7,28506.9,28506.9,284
1784854980,28507.1,28508.7,28494,28500,284
1784855040,28501,28527.1,28500.2,28525.7,260
1784855100,28526.9,28535.5,28524.2,28531.1,274
1784855160,28531,28531.7,28519.7,28521.7,288
1784855220,28521.4,28528.6,28520.4,28524.5,264
1784855280,28524.4,28537.1,28523,28536.6,268
1784855340,28536.5,28537.7,28522.5,28522.5,276
1784855400,28523,28528.5,28509.6,28510.7,266
1784855460,28511.1,28519.4,28507.7,28511,254
1784855520,28512,28519.5,28502.5,28518.4,282
1784855580,28517.9,28518.7,28511.7,28512,240
1784855640,28512.1,28513.7,28494.5,28499.4,256
1784855700,28497.9,28500.6,28491.2,28496.9,264
1784855760,28498.5,28519.2,28495.1,28497.2,284
1784855820,28496.6,28513.9,28494.1,28510.2,274
1784855880,28510,28511.7,28486.9,28490.5,260
1784855940,28489.7,28507.7,28489.2,28502.5,260
1784856000,28501.9,28508.2,28488.7,28502.7,290
1784856060,28503.1,28504.5,28488.2,28490,262
1784856120,28489.9,28493.6,28487,28491.2,252
1784856180,28490.1,28492,28477.7,28483.2,272
1784856240,28483,28495.1,28478.9,28491.5,250
1784856300,28491.2,28515.7,28488.9,28512.2,278
1784856360,28511.1,28525.6,28510.7,28519.4,274
1784856420,28519.2,28529.2,28513.2,28521.7,262
1784856480,28520,28521.6,28501.9,28502.9,272
1784856540,28503.4,28506.5,28491.1,28491.4,272
1784856600,28493.2,28501.5,28486.7,28499.2,290
1784856660,28498.2,28504.7,28484.4,28489.6,290
1784856720,28488.9,28490.2,28483.1,28489,258
1784856780,28488.2,28517.1,28487.2,28516.2,286
1784856840,28517.6,28520.2,28513.2,28515.5,274
1784856900,28516.7,28518.9,28506.9,28512.5,272
1784856960,28511.6,28516.5,28506.5,28512.6,290
1784857020,28512.2,28519.6,28506,28511.7,276
1784857080,28512.1,28521,28506.5,28518,274
1784857140,28518.4,28519.5,28491.6,28492.9,282
1784857200,28492.7,28499.4,28481.7,28488.4,262
1784857260,28488.2,28502.7,28485.7,28502.7,272
1784857320,28502.5,28514.7,28498.2,28503,284
1784857380,28501.6,28513.2,28501,28511.5,274
1784857440,28511.1,28520.9,28495.7,28500.4,280
1784857500,28499.5,28500,28492.2,28496.9,264
1784857560,28496.5,28503.9,28493.2,28499.9,256
1784857620,28499.7,28508.9,28497.7,28500,272
1784857680,28500.1,28501.7,28493.5,28495,260
1784857740,28494.2,28496.5,28480,28480,246
1784857800,28480.4,28480.4,28470.5,28472.6,244
1784857860,28472.4,28480.5,28470.9,28478,266
1784857920,28476.7,28476.7,28465.9,28470.7,252
1784857980,28471.1,28478,28465.6,28477.9,248
1784858040,28476.5,28485.7,28475,28482.2,270
1784858100,28480.6,28487.6,28474.1,28475.2,272
1784858160,28474.9,28475.7,28461.4,28462.5,246
1784858220,28460.9,28464.2,28458.7,28459.4,252
1784858280,28458.9,28458.9,28447.5,28453,266
1784858340,28452.9,28456.2,28448.6,28450.1,246
1784858400,28454.6,28458.7,28448.9,28450.5,268
1784858460,28451.1,28454.9,28444.5,28454.9,260
1784858520,28454.5,28454.7,28442.9,28454.2,256
1784858580,28454.6,28458.5,28445.9,28455.4,266
1784858640,28455.1,28456.5,28439.5,28440.6,266
1784858700,28439.2,28440.2,28432.9,28437.6,264
1784858760,28437.5,28442.6,28432.6,28435.6,252
1784858820,28435.1,28442.4,28432.5,28441.6,246
1784858880,28441.2,28445.6,28430.4,28436.9,266
1784858940,28436.2,28453.1,28434.2,28452.7,258
1784859000,28453,28460.5,28449.4,28451.9,276
1784859060,28451.7,28467.5,28445.6,28463.4,280
1784859120,28463,28467.4,28452.9,28459.9,270
1784859180,28459,28465.5,28456,28457.2,244
1784859240,28455.1,28459.1,28451.7,28454.4,266
1784859300,28453.1,28459.5,28442.7,28450.5,262
1784859360,28450.2,28452.5,28440.1,28441.5,268
1784859420,28442.2,28452.5,28442.2,28449.5,262
1784859480,28449,28451,28437,28442.1,258
1784859540,28443.2,28450.1,28441.2,28442,262
1784859600,28441.1,28441.5,28431.7,28435.5,256
1784859660,28435.4,28440.1,28427.2,28428.5,250
1784859720,28428,28431.5,28422.9,28424.7,248
1784859780,28425.4,28436.6,28424.6,28436.1,250
1784859840,28435.6,28447.7,28434.7,28444.5,250
1784859900,28444.7,28455.7,28443.6,28455,240
1784859960,28455.6,28459.7,28448.4,28459.4,264
1784860020,28459.1,28459.7,28448.1,28454,242
1784860080,28453.4,28458.5,28440.5,28440.7,240
1784860140,28441.4,28441.4,28427.7,28430.4,260
1784860200,28430.9,28434.7,28419.1,28432.6,272
1784860260,28432.2,28433,28426.1,28429.7,256
1784860320,28430.1,28430.9,28416.2,28419.2,254
1784860380,28419.4,28421.2,28407.1,28408.2,256
1784860440,28409.7,28411.1,28406.9,28408.2,244
1784860500,28408.4,28408.4,28397.6,28401.9,216
1784860560,28402,28402,28395.2,28396,218
1784860620,28396.5,28402.1,28389.9,28401.6,266
1784860680,28400.6,28401.7,28391.2,28393.4,246
1784860740,28393,28395.7,28389,28390.2,230
1784860800,28390.4,28397.1,28390.1,28391.7,212
1784860860,28391.2,28396.5,28388.1,28394.1,254
1784860920,28394,28394.4,28389.5,28390.7,230
1784860980,28390.6,28392.5,28384.1,28392.5,222
1784861040,28394.1,28394.4,28384.7,28384.7,238
1784861100,28384.1,28388.9,28379.6,28383.1,256
1784861160,28382,28386.1,28373.6,28374.4,240
1784861220,28374,28388.6,28373.7,28384.4,248
1784861280,28384,28384,28367.5,28372.9,244
1784861340,28373.1,28379.9,28371.7,28374.2,262
1784861400,28374.4,28383.1,28369,28379.9,248
1784861460,28380.5,28384.5,28377.6,28383.7,236
1784861520,28383.9,28383.9,28372,28374.7,252
1784861580,28373.9,28377.2,28367.1,28369.1,220
1784861640,28368.6,28369.7,28365.2,28367.5,202
1784861700,28367.2,28377.9,28366.6,28375,236
1784861760,28375.1,28380.6,28372.6,28374.9,228
1784861820,28375.1,28376.7,28365,28366.4,220
1784861880,28366.1,28370.7,28355,28359.7,210
1784861940,28360.4,28361.7,28353.7,28356.1,238
1784862000,28355.6,28373.5,28354.6,28371.6,238
1784862060,28371.7,28374.4,28360.9,28361.5,240
1784862120,28361.2,28365.9,28359.5,28365.9,226
1784862180,28366.4,28369.7,28358,28368.6,246
1784862240,28367.2,28377.6,28366.6,28372,244
1784862300,28371.9,28381.5,28371.5,28378.1,232
1784862360,28375,28378.9,28368.6,28373.5,248
1784862420,28374.9,28376.2,28368,28373.7,238
1784862480,28374.4,28376,28368.5,28369.7,238
1784862540,28369,28370.4,28360.2,28362.2,232
1784862600,28362.6,28368.7,28358.9,28367.1,248
1784862660,28367,28375,28357.5,28374.6,256
1784862720,28374,28382.4,28370.6,28381,264
1784862780,28380,28381,28367.1,28374.5,252
1784862840,28375.7,28379,28372.5,28374.9,236
1784862900,28374.7,28382.9,28372.4,28382.5,230
1784862960,28379.9,28390.2,28378.1,28386.5,242
1784863020,28386.4,28393.4,28383.2,28391.5,246
1784863080,28391.7,28396,28380.1,28380.1,240
1784863140,28379.9,28381.4,28367.1,28367.7,244
1784863200,28368.1,28369.1,28363,28365.9,246
1784863260,28365.5,28369.5,28358.4,28369.5,250
1784863320,28369.4,28377,28365.9,28366.6,250
1784863380,28366.2,28371.7,28359,28370.5,236
1784863440,28371.6,28372.7,28365,28365.9,246
1784863500,28365.5,28381.4,28364.1,28381.4,256
1784863560,28381.2,28382.7,28375.1,28379.4,280
1784863620,28379.9,28392.9,28377.5,28389.2,238
1784863680,28389,28390.9,28379.6,28381.9,254
1784863740,28382.1,28386,28379.7,28381.5,228
1784863800,28381.1,28385.6,28374.5,28380.9,288
1784863860,28381.1,28391.4,28381.1,28383.7,280
1784863920,28382.5,28384.1,28363,28365.4,256
1784863980,28366.4,28373.1,28357.2,28358,260
1784864040,28358.1,28358.6,28347.6,28357.2,250
1784864100,28357.5,28371,28355.9,28365.5,272
1784864160,28365,28365,28346.2,28355.1,274
1784864220,28354.6,28361,28351.4,28361,250
1784864280,28360.5,28362.5,28349.6,28362.5,248
1784864340,28362.4,28372.9,28355.5,28359.4,262
1784864400,28359.7,28365.1,28353.6,28361.2,280
1784864460,28361,28361.7,28352.2,28354.4,232
1784864520,28353.6,28354.2,28347.6,28347.6,248
1784864580,28347,28348.7,28341.5,28344.4,248
1784864640,28343.4,28344.4,28336.5,28341,238
1784864700,28340.9,28340.9,28330.5,28336.7,236
1784864760,28335.5,28348.7,28334.4,28348.7,274
1784864820,28348.2,28355.7,28340.5,28340.9,254
1784864880,28341.6,28345.7,28339.4,28344.6,250
1784864940,28344.9,28350.7,28344.1,28347.7,234
1784865000,28347,28347.4,28339.7,28343.6,248
1784865060,28343.4,28343.4,28335.4,28339.5,238
1784865120,28341.6,28343.5,28334,28341.7,234
1784865180,28342.1,28346.2,28337.6,28344.6,248
1784865240,28344,28345.5,28330.1,28335.4,206
1784865300,28335.1,28335.6,28323,28326.7,222
1784865360,28327.1,28329.6,28323.6,28324.7,230
1784865420,28324.5,28325.5,28318.4,28321.7,208
1784865480,28322.2,28323.4,28318.5,28321.7,178
1784865540,28320.4,28322,28317.7,28321.9,212
1784865600,28323.2,28327.6,28310.1,28312.7,246
1784865660,28312.1,28313.5,28307.9,28308.7,194
1784865720,28309,28311.9,28306.7,28309.4,192
1784865780,28309.7,28313.5,28307.4,28313.5,186
1784865840,28313.4,28314.7,28303.7,28312.1,222
1784865900,28312,28339,28312,28335.6,266
1784865960,28335.7,28338.5,28325,28328.5,266
1784866020,28328.2,28348.9,28325.2,28348.9,260
1784866080,28349.5,28351,28342.4,28349.6,248
1784866140,28349.2,28351.2,28344.6,28350.5,222
1784866200,28351.1,28351.6,28333.6,28334.7,248
1784866260,28334.2,28339.7,28329.2,28336.6,222
1784866320,28337.2,28338.2,28323,28324.9,230
1784866380,28324.5,28329.5,28322.5,28323,202
1784866440,28323.5,28324.7,28318.5,28322.2,210
1784866500,28322,28326.6,28318.5,28324.2,230
1784866560,28324.1,28335.4,28322.1,28335.4,200
1784866620,28335.5,28345.1,28329.6,28343.5,208
1784866680,28343.7,28346.6,28340.4,28343.4,230
1784866740,28343.5,28349.1,28339.4,28347.9,216
1784866800,28348.1,28348.5,28331.9,28335.1,238
1784866860,28333.4,28343,28331.1,28341.1,226
1784866920,28341,28356.5,28340.6,28352.4,244
1784866980,28352.1,28365.9,28352,28365.9,240
1784867040,28366,28370.5,28364.6,28368.5,242
1784867100,28369.4,28372.7,28362.9,28365.7,220
1784867160,28365.4,28371.5,28358.6,28371.1,232
1784867220,28371.7,28390.6,28371.2,28386.1,248
1784867280,28386.2,28392.2,28384.6,28390.7,242
1784867340,28390.4,28392.2,28386.6,28387.4,230
1784867400,28386.1,28391.1,28383.1,28385.1,258
1784867460,28384.7,28390.9,28384,28390.6,226
1784867520,28390,28393.7,28380.2,28380.2,236
1784867580,28380.1,28385.1,28374.7,28378.4,238
1784867640,28377.7,28384.1,28376.4,28381.9,234
1784867700,28382,28386.4,28379.1,28383.1,254
1784867760,28382.7,28388.1,28374.9,28379.1,260
1784867820,28379,28381.1,28372.9,28372.9,220
1784867880,28372.7,28373.7,28369.4,28373.2,218
1784867940,28372,28374.9,28364.7,28366.4,226
1784868000,28367.4,28371.6,28353.1,28355,232
1784868060,28355.1,28355.7,28348.1,28351,222
1784868120,28350.5,28358.5,28349.5,28358.5,204
1784868180,28358.4,28369.9,28358.1,28363.7,218
1784868240,28363,28364.9,28357.4,28364.9,218
1784868300,28364.6,28371.7,28361.4,28371.7,242
1784868360,28372.1,28373,28358.9,28368,232
1784868420,28368.1,28370.7,28360.5,28360.7,232
1784868480,28360.4,28362.6,28356.9,28358,214
1784868540,28357.5,28365.4,28355.7,28365.2,206
1784868600,28364.9,28382.2,28362.4,28370.6,234
1784868660,28369.1,28370.7,28365.4,28369.4,210
1784868720,28369.1,28376.2,28367.4,28376.2,236
1784868780,28376.6,28382,28374.5,28378.5,230
1784868840,28378.9,28390.2,28378.4,28382.2,236
1784868900,28381,28390.1,28377.9,28385.1,232
1784868960,28384.2,28385,28380.5,28383.1,218
1784869020,28382.6,28407.2,28381.5,28405.9,228
1784869080,28399.1,28399.5,28390.9,28393.1,212
1784869140,28393.4,28403.6,28393.4,28401.1,220
1784869200,28401.4,28411.5,28396.5,28396.7,252
1784869260,28396.4,28396.4,28385.9,28386.5,250
1784869320,28387,28393.4,28384.5,28393.4,234
1784869380,28392.6,28407.6,28389.5,28397.1,264
1784869440,28395.6,28403.6,28392.4,28399.7,258
1784869500,28399.5,28410.1,28398.7,28409.4,256
1784869560,28408.7,28412.9,28404.5,28412.1,261
1784869620,28411.7,28426.6,28410.1,28422.2,250
1784869680,28422.9,28432.7,28420.5,28430.1,240
1784869740,28430,28436.2,28421.1,28422.1,234
1784869800,28422.9,28427.9,28416.5,28417.1,260
1784869860,28417.4,28430.2,28415.7,28428.4,227
1784869920,28428.7,28432,28426,28430,240
1784869980,28429.9,28430.2,28425.4,28428.7,242
1784870040,28428.6,28429.4,28415.4,28428.7,258
1784870100,28428.6,28429.1,28420.5,28423.7,264
1784870160,28423.1,28430,28415.9,28428.7,266
1784870220,28428.2,28431.5,28423.4,28425,272
1784870280,28427.2,28429.4,28413.1,28414.2,258
1784870340,28414.5,28423.4,28407,28421.1,268
1784870400,28421.6,28429.9,28415,28429.4,270
1784870460,28427.9,28435.7,28422.1,28423.9,268
1784870520,28424.1,28431.6,28421.4,28427.4,244
1784870580,28428.1,28432.5,28426.5,28429.2,236
1784870640,28429.9,28431.7,28421.9,28429,252
1784870700,28429.5,28431.1,28421.1,28430.7,242
1784870760,28430.6,28437.6,28429.7,28431,238
1784870820,28430.7,28434.6,28421.7,28422.7,210
1784870880,28422,28427.9,28419.5,28420.5,226
1784870940,28420.2,28422.5,28417,28418.5,232
1784871000,28419.1,28426.1,28414,28415.7,276
1784871060,28415,28421,28415,28419.7,244
1784871120,28419.9,28425.5,28415.1,28416.7,270
1784871180,28416.6,28417.2,28407.4,28412.6,240
1784871240,28413.6,28420.4,28406.9,28419.5,256
1784871300,28420,28420.2,28404,28406.1,252
1784871360,28406.4,28408.2,28402.7,28406.6,198
1784871420,28407,28412.9,28403.1,28411,236
1784871480,28411.4,28423.7,28405.2,28423.2,226
1784871540,28422.2,28424.4,28413.9,28417,252
1784871600,28416.7,28419.1,28411,28412.4,236
1784871660,28412.1,28412.9,28404.4,28410.5,216
1784871720,28409.2,28414.9,28403.9,28414.6,230
1784871780,28415,28419.7,28410,28419.7,232
1784871840,28419.2,28430.7,28416.9,28427.2,254
1784871900,28425.7,28433.5,28422.5,28427.6,228
1784871960,28427.2,28430,28422,28425.6,218
1784872020,28425.7,28441.7,28425.5,28440.2,228
1784872080,28440.5,28442.4,28436.6,28437,230
1784872140,28437.2,28437.4,28424.7,28425.5,208
1784872200,28424.7,28429.1,28416.2,28416.9,214
1784872260,28417,28419.4,28409.5,28411.7,242
1784872320,28411.6,28411.6,28404.4,28407.5,228
1784872380,28407,28408.2,28404.6,28406.7,198
1784872440,28406.9,28408.4,28390.5,28392,220
1784872500,28393,28393.1,28380.9,28385.9,242
1784872560,28385.7,28392.1,28382.2,28386.5,216
1784872620,28385.9,28389.6,28382.2,28383.5,226
1784872680,28383.4,28387.4,28382.1,28383.4,210
1784872740,28382.9,28383.1,28380.5,28381.7,208
1784872800,28383.5,28384.6,28372.9,28377.1,254
1784872860,28377.7,28379.5,28370.6,28370.9,244
1784872920,28371.4,28376.6,28370.1,28376.6,240
1784872980,28377,28378.4,28365.7,28365.9,226
1784873040,28366.4,28366.7,28357.7,28359.9,224
1784873100,28358.2,28359.4,28350.2,28357.2,240
1784873160,28357.5,28360.6,28349.5,28359.4,246
1784873220,28359.5,28365.4,28355.7,28362.1,226
1784873280,28361.5,28361.6,28355,28356,234
1784873340,28356.1,28359.2,28352.7,28353.6,238
1784873400,28353.4,28363.1,28353.4,28358.4,256
1784873460,28358.7,28360,28347.9,28348.5,242
1784873520,28348.4,28355.5,28346.9,28353.4,210
1784873580,28352.9,28356,28340.1,28343.1,232
1784873640,28343.4,28347.9,28340.5,28345.9,216
1784873700,28346.2,28353.5,28345.4,28349.9,238
1784873760,28349.6,28363,28345,28362.5,234
1784873820,28362,28364.5,28357.9,28361.4,198
1784873880,28362.1,28367.4,28357.5,28363.1,214
1784873940,28362.5,28385.1,28362.5,28384.6,240
1784874000,28384.1,28393.9,28383.5,28392.1,252
1784874060,28392.4,28401.4,28392.4,28395.2,236
1784874120,28394.6,28399.2,28391.6,28397.6,220
1784874180,28398.4,28400.7,28384.6,28389.1,238
1784874240,28387.4,28395.7,28383.7,28393.7,216
1784874300,28393.5,28411.7,28393.5,28404.9,270
1784874360,28405.1,28407,28394.1,28400,246
1784874420,28400.2,28400.2,28382.5,28386.5,232
1784874480,28385.5,28385.5,28363.4,28364.1,230
1784874540,28363.9,28375.6,28359.2,28370.7,248
1784874600,28371.9,28371.9,28362.6,28364.7,266
1784874660,28363.9,28375.9,28363.4,28375.7,232
1784874720,28375.9,28379.1,28365.6,28366.4,240
1784874780,28366.2,28371.7,28365.5,28368.7,214
1784874840,28368.9,28378.6,28362.7,28378.6,236
1784874900,28377.2,28384.9,28373.5,28382.2,242
1784874960,28383.4,28397,28381.5,28393.7,208
1784875020,28393.6,28393.6,28382.5,28383.5,214
1784875080,28383.4,28385.5,28374.7,28378.9,214
1784875140,28378.6,28381.5,28377,28378.9,180
1784875200,28378.6,28382.2,28370.1,28372.2,198
1784875260,28372.1,28372.2,28366.2,28369,180
1784875320,28369.2,28369.7,28360.2,28361.1,200
1784875380,28360.9,28361.4,28351.7,28352.9,190
1784875440,28353.1,28353.5,28341.4,28343.5,194
1784875500,28343,28344.1,28332.4,28335.6,210
1784875560,28337.1,28342.6,28335.6,28337.2,216
1784875620,28337.4,28342.6,28336.6,28342.6,182
1784875680,28343,28343,28332.5,28334.4,204
1784875740,28333.7,28335.6,28318.1,28321,210
1784875800,28321.1,28331.5,28321.1,28329,232
1784875860,28328.7,28331.4,28322,28323.1,214
1784875920,28323,28343.7,28323,28343.4,178
1784875980,28343.6,28348.7,28340.9,28344,208
1784876040,28345,28353.5,28342.7,28350.1,222
1784876100,28350.4,28352,28343.4,28345.6,220
1784876160,28345.7,28359,28342.6,28356.1,228
1784876220,28356.7,28358.5,28352.6,28358.2,214
1784876280,28359.2,28372.4,28358.4,28372.4,220
1784876340,28372.6,28383.1,28372.6,28379.9,240
1784876400,28379.4,28394.1,28376.4,28391.5,284
1784876460,28392,28404.6,28389.6,28400.4,252
1784876520,28399.7,28414.2,28397.5,28411.6,250
1784876580,28412.1,28419.2,28409.1,28417.6,268
1784876640,28418.2,28422.5,28408.4,28408.9,254
1784876700,28409,28409,28399.9,28405.7,246
1784876760,28405.5,28410.7,28396.7,28406.6,246
1784876820,28406.4,28410.5,28402.9,28410.5,230
1784876880,28409.5,28416.7,28404.7,28411.6,232
1784876940,28411.1,28434.5,28410.6,28433.9,248
1784877000,28436,28448.1,28435.9,28448.1,264
1784877060,28448.5,28455.5,28445.1,28454.4,240
1784877120,28454.1,28466.4,28453.9,28462.4,240
1784877180,28461.6,28466.9,28457.4,28464.2,232
1784877240,28464.4,28473.9,28462,28472.4,226
1784877300,28472.1,28474.4,28460.5,28472.1,250
1784877360,28471.2,28479.5,28462.7,28478.2,250
1784877420,28477.2,28492.4,28474.7,28488.1,252
1784877480,28489.4,28490.6,28474.5,28480.2,254
1784877540,28479.9,28483.9,28477.6,28482.1,248
1784877600,28482.4,28489.9,28479.7,28481.5,256
1784877660,28481.9,28483.1,28474.6,28480.9,238
1784877720,28481.1,28487.7,28478,28480.5,212
1784877780,28480.7,28480.7,28470.2,28471.9,216
1784877840,28472,28478.2,28468.7,28474.2,230
1784877900,28474.5,28495.2,28472.2,28494.2,262
1784877960,28494.4,28499.1,28484.6,28484.9,228
1784878020,28486.4,28486.6,28480.6,28482.9,230
1784878080,28482.1,28485,28475.7,28484.6,194
1784878140,28484.7,28491.2,28481.9,28489.2,200
1784878200,28490.1,28494.2,28480.7,28490.7,240
1784878260,28490.4,28493.6,28474.5,28478,262
1784878320,28478.9,28481.2,28474.4,28480.9,236
1784878380,28481.2,28483.2,28473.7,28477,226
1784878440,28478,28481,28471.6,28480.2,222
1784878500,28480,28483.7,28473.5,28475.9,240
1784878560,28475.1,28481.2,28474.2,28476.9,228
1784878620,28475.2,28480.5,28473.5,28478.6,218
1784878680,28478.9,28480.7,28469,28471.1,202
1784878740,28470.5,28473.2,28466.6,28468.7,226
1784878800,28467.9,28470.2,28459.9,28460.2,195
1784878860,28460.1,28462.4,28450.4,28456.2,230
1784878920,28456.1,28458.4,28450.5,28451.7,198
1784878980,28452,28453.1,28446.9,28453.1,220
1784879040,28453.5,28467.2,28452.5,28462.1,220
1784879100,28461.4,28465.4,28459.6,28460.6,196
1784879160,28459.9,28462.7,28454.1,28457.5,218
1784879220,28458,28460.2,28452.9,28459.2,188
1784879280,28460.1,28463.4,28452.9,28456.9,228
1784879340,28457.4,28468.1,28453.5,28465.4,186
1784879400,28465.9,28468.9,28455,28457.4,224
1784879460,28456.9,28461.2,28455,28458.4,182
1784879520,28458.1,28460.4,28455.4,28455.4,196
1784879580,28455.5,28463.7,28451.7,28463.4,238
1784879640,28463.5,28464.5,28459.5,28460.6,208
1784879700,28462,28467.7,28458.9,28459.5,210
1784879760,28459,28462.5,28456.5,28459.4,202
1784879820,28459.5,28461,28454.4,28456.9,184
1784879880,28457,28460.9,28456.7,28459.2,200
1784879940,28458,28459.4,28449.6,28452.4,198
1784880000,28451.1,28455.4,28446.7,28446.9,256
1784880060,28446.4,28450.9,28440.6,28443.7,252
1784880120,28442,28442,28430.2,28437.7,260
1784880180,28437.4,28439.7,28428.2,28439.7,248
1784880240,28439.9,28441,28426.5,28428.9,248
1784880300,28427.6,28429.5,28411.4,28418.1,260
1784880360,28418.2,28423,28413.9,28419.2,268
1784880420,28418.4,28423.5,28413.6,28419.6,228
1784880480,28419.4,28425.7,28415.5,28419.7,250
1784880540,28419.2,28432.5,28414.1,28415.7,226
1784880600,28416.9,28420.5,28413.7,28413.7,232
1784880660,28413.5,28413.6,28402.4,28407.2,252
1784880720,28406.2,28407.2,28393.7,28396.9,232
1784880780,28397.4,28405.9,28396.2,28402.2,226
1784880840,28402.1,28416.2,28402.1,28410.2,236
1784880900,28409.4,28417.6,28408.2,28416.1,246
1784880960,28416.4,28431.7,28415.1,28431.7,238
1784881020,28431.4,28437.1,28427.4,28428.7,220
1784881080,28428.2,28431.5,28411.6,28411.6,252
1784881140,28412.6,28430,28411.7,28429.6,208
1784881200,28430.2,28435.2,28425.5,28432.9,234
1784881260,28433,28438.1,28425.7,28428.9,236
1784881320,28428.4,28438.2,28428.2,28433.9,250
1784881380,28434,28436.5,28427.2,28434,222
1784881440,28433.9,28437.1,28422.2,28424.4,234
1784881500,28423.9,28427.7,28417.6,28424,246
1784881560,28424.1,28441.7,28424.1,28438.6,252
1784881620,28438.2,28439.9,28431.7,28434,222
1784881680,28436.5,28439.4,28431.9,28434.4,240
1784881740,28434.5,28459,28434.5,28459,260
1784881800,28455.2,28467,28450.4,28458.4,254
1784881860,28458.2,28470.4,28452.7,28466.6,232
1784881920,28467.1,28472.1,28462.7,28470.5,236
1784881980,28469.5,28476.7,28469.4,28471.6,236
1784882040,28471.5,28474.6,28467.9,28471.2,212
1784882100,28472.1,28474.4,28465,28466.9,242
1784882160,28467.6,28476.1,28465.9,28476,220
1784882220,28475.2,28485.2,28474.6,28479.5,244
1784882280,28480,28480.6,28469.9,28472.5,196
1784882340,28472,28474.4,28469.2,28469.6,242
1784882400,28469.4,28473.4,28465,28465.5,212
1784882460,28467,28468.6,28460.1,28467.6,224
1784882520,28467.4,28469.7,28461.5,28461.5,216
1784882580,28461.6,28463.9,28456,28460.7,224
1784882640,28460.2,28467.4,28458.1,28467,220
1784882700,28466,28467.5,28461.9,28465.5,224
1784882760,28465.4,28470.4,28461.2,28461.2,208
1784882820,28461.5,28467.2,28453,28456.7,234
1784882880,28456.5,28457,28445.5,28447.7,222
1784882940,28448.9,28457.9,28448.2,28456.2,224
1784883000,28456,28462,28453.9,28454.1,200
1784883060,28453.6,28457.7,28451.7,28455.6,212
1784883120,28454.9,28456.5,28450.2,28455.4,216
1784883180,28455.7,28460.9,28449.2,28450.2,196
1784883240,28450.1,28462.2,28449.7,28460.2,224
1784883300,28460.5,28465.7,28457.2,28465.7,220
1784883360,28465.2,28465.5,28456,28458.2,226
1784883420,28458.1,28461.5,28453.1,28454,222
1784883480,28453.7,28455.4,28449.4,28450.5,212
1784883540,28449.9,28460.7,28448.9,28457.2,206
1784883600,28458.7,28460.9,28448.1,28453.2,256
1784883660,28453,28467,28451.6,28464,250
1784883720,28464.2,28471.7,28457,28471.2,244
1784883780,28470.7,28473.4,28462.5,28472.7,224
1784883840,28473.4,28473.4,28456.4,28457.7,216
1784883900,28457.6,28461.5,28451.9,28453.2,214
1784883960,28454.7,28465.2,28454,28464.4,252
1784884020,28465.4,28485.5,28463.7,28485.5,238
1784884080,28485.6,28488.4,28482.7,28488.4,222
1784884140,28488.2,28516.5,28486.5,28514.1,260
1784884200,28514.2,28517.6,28509.7,28509.7,250
1784884260,28509,28510.9,28495.1,28496,224
1784884320,28495.9,28496.5,28477.1,28480.1,238
1784884380,28479.9,28485,28479.4,28483,238
1784884440,28482.1,28482.1,28474.9,28478.5,200
1784884500,28478.6,28483,28469.2,28469.2,184
1784884560,28469.6,28485.6,28469,28483.7,226
1784884620,28483.6,28489.2,28480.5,28480.5,232
1784884680,28480.4,28480.5,28472.5,28474.1,222
1784884740,28474.2,28485.7,28469.7,28485.2,216
1784884800,28484.5,28487.4,28479.7,28484.1,202
1784884860,28484,28496.6,28483.2,28496.4,234
1784884920,28496.7,28497.5,28485.6,28485.7,206
1784884980,28486.4,28495,28485.9,28495,184
1784885040,28495.1,28499.1,28491.1,28497.6,214
1784885100,28496.9,28512.4,28495.9,28508.9,236
1784885160,28508.7,28512.7,28501.5,28502.4,204
1784885220,28502.5,28505.2,28497.5,28503.2,216
1784885280,28503.5,28508.6,28503.2,28507.7,186
1784885340,28508.5,28512.6,28505.9,28509.1,234
1784885400,28510.2,28512,28499.7,28508.9,238
1784885460,28509.1,28515.6,28507.9,28513.4,216
1784885520,28512.6,28521.5,28511.7,28521.4,204
1784885580,28521.9,28526,28514.6,28519,224
1784885640,28518.9,28520.1,28517.4,28518.2,200
1784885700,28518.9,28522,28510,28512.6,208
1784885760,28511.9,28521.2,28511.7,28518.4,200
1784885820,28518.2,28522,28512.9,28521,198
1784885880,28520.6,28523.5,28516.1,28519.6,210
1784885940,28519.4,28528.5,28518.6,28527.4,190
1784886000,28528.7,28532.2,28522.7,28523.9,194
1784886060,28523.4,28529.7,28521.2,28522.5,182
1784886120,28522.1,28535.2,28522.1,28534.7,218
1784886180,28535.1,28537.6,28533.2,28535,184
1784886240,28535.1,28537.2,28530.7,28531,172
1784886300,28532.5,28538.4,28530.6,28535.4,220
1784886360,28535,28536.2,28531.6,28532.4,166
1784886420,28532,28535.5,28526.7,28527.6,210
1784886480,28527.9,28530.1,28522.1,28524.6,198
1784886540,28524.4,28529.4,28519.7,28520.4,218
1784886600,28521.5,28524.2,28521.1,28522.1,166
1784886660,28521.1,28530.2,28518.6,28521.7,214
1784886720,28521.2,28526.1,28521.2,28523.7,206
1784886780,28523.2,28523.9,28518.1,28519.1,180
1784886840,28519,28520.5,28517,28519.1,188
1784886900,28518.9,28526,28518.9,28525.4,204
1784886960,28524.7,28529.6,28524.7,28528.1,218
1784887020,28528,28535,28524.9,28532.1,192
1784887080,28532.4,28535.4,28531.9,28535.2,142
1784887140,28534.9,28540.2,28528,28536,204
1784887200,28537.2,28541.4,28531.9,28539.9,208
1784887260,28540.2,28540.4,28526,28528.7,222
1784887320,28528.6,28531.2,28523.9,28527.1,210
1784887380,28527.2,28529.2,28519.2,28521.9,190
1784887440,28521.4,28521.9,28513.7,28515.7,194
1784887500,28515.9,28516.4,28511.1,28513.5,190
1784887560,28513.6,28520.2,28513.6,28515.5,198
1784887620,28515.6,28515.9,28503.1,28503.2,224
1784887680,28503.1,28505.7,28500.5,28502.2,204
1784887740,28501.5,28507,28500.9,28507,186
1784887800,28507.5,28511.1,28502.9,28506.4,190
1784887860,28506.6,28510.5,28506.5,28507,178
1784887920,28507.2,28507.2,28498.5,28499.4,200
1784887980,28499.5,28501.1,28497.9,28498.6,168
1784888040,28498.2,28502.5,28495.5,28500.1,184
1784888100,28499.6,28504.2,28498,28504,172
1784888160,28504.1,28505.5,28493,28495.4,198
1784888220,28494.6,28499.7,28494.2,28497.7,176
1784888280,28497.9,28499,28493.6,28494.6,184
1784888340,28494.4,28497.7,28492.5,28497,168
1784888400,28496.7,28497.5,28490.9,28496.5,196
1784888460,28497,28505.1,28496.2,28499,188
1784888520,28499.4,28507.5,28498.1,28506.7,174
1784888580,28506.9,28507.7,28501.9,28505.7,172
1784888640,28505.5,28507.6,28501,28504.4,180
1784888700,28504,28506.9,28491.9,28493.9,180
1784888760,28494.1,28505.2,28490.2,28504.5,210
1784888820,28504.9,28513.5,28504.6,28513.5,188
1784888880,28513.2,28514.9,28511.9,28513.6,137
1784888940,28513.4,28513.4,28503.6,28503.6,176
1784889000,28504,28508,28502,28507,194
1784889060,28506.2,28521.6,28505.4,28520.5,194
1784889120,28516.7,28518.4,28505.6,28510.5,210
1784889180,28510.7,28520.1,28510.7,28515.6,216
1784889240,28515.4,28516.4,28500.1,28501.1,208
1784889300,28501.5,28501.6,28489.5,28491.2,198
1784889360,28491.4,28495.9,28490.1,28493.5,182
1784889420,28493.2,28494.7,28483.1,28487.9,212
1784889480,28488.9,28489.4,28481.4,28488.2,176
1784889540,28486.9,28487.2,28481.6,28482.2,178
1784889600,28482.6,28484.1,28474.1,28476,210
1784889660,28476.1,28488.4,28476.1,28485.1,218
1784889720,28484.9,28487.1,28482.2,28483.6,194
1784889780,28483.4,28483.4,28476.1,28477.4,210
1784889840,28477.5,28483.4,28477.2,28483.4,166
1784889900,28483.2,28487.6,28481.1,28484.4,192
1784889960,28485,28487.6,28479.2,28485.1,228
1784890020,28485.4,28486.9,28481,28483.5,184
1784890080,28482.7,28492.9,28481.7,28490.6,182
1784890140,28490.9,28491.5,28483.2,28486.5,172
1784890200,28487.1,28487.4,28476.5,28476.7,204
1784890260,28477.1,28481.5,28471.7,28472.7,246
1784890320,28471.5,28475.4,28469.6,28473.9,226
1784890380,28473.4,28477,28470.6,28476.2,204
1784890440,28476.5,28478.9,28470.9,28474.6,218
1784890500,28474.4,28480.5,28472.1,28476,216
1784890560,28475.4,28483.4,28473.6,28482.2,184
1784890620,28481.9,28481.9,28472.4,28475.1,182
1784890680,28475.4,28484.2,28474.9,28482.6,208
1784890740,28483.1,28483.1,28473.5,28476,234
1784890800,28475.6,28481.7,28468.6,28474.7,264
1784890860,28475.4,28490.5,28473.9,28486.1,256
1784890920,28486.9,28491.5,28482.2,28486.2,246
1784890980,28485.5,28496,28483.6,28493,204
1784891040,28493.7,28495.4,28486.2,28489.4,224
1784891100,28489,28498.7,28489,28495.1,228
1784891160,28494.9,28500.4,28491.6,28499.6,236
1784891220,28499.1,28502.7,28495,28497.6,234
1784891280,28497.4,28498.1,28482.5,28484.5,230
1784891340,28483.7,28486.7,28477.1,28478.5,220
1784891400,28478.6,28481,28475,28480.2,192
1784891460,28480.4,28487.2,28478.5,28485.7,216
1784891520,28485.1,28487.9,28483.5,28485.5,194
1784891580,28486.5,28487.2,28483.6,28483.9,188
1784891640,28484.2,28492.9,28484.2,28492.9,222
1784891700,28492.1,28494.7,28483.7,28489.2,212
1784891760,28489.5,28490.2,28484.6,28489.9,192
1784891820,28488.7,28495.6,28487.2,28488.4,200
1784891880,28488.2,28497.9,28487.9,28495.9,206
1784891940,28495.1,28495.7,28487.5,28490.2,200
1784892000,28490.5,28497.5,28488.9,28493.5,230
1784892060,28495.1,28495.1,28480.9,28481.6,220
1784892120,28481.9,28483.1,28477.9,28477.9,178
1784892180,28478.5,28487.9,28476.5,28487.5,192
1784892240,28486.6,28499.4,28486.4,28491.5,234
1784892300,28490.7,28491.5,28481.6,28487.9,222
1784892360,28487.7,28488.5,28477.1,28477.5,208
1784892420,28477.6,28483.5,28473.7,28477.9,222
1784892480,28477.5,28480.6,28475.6,28476.4,188
1784892540,28476.1,28479.7,28473,28479.6,194
1784892600,28478.7,28480.5,28470.7,28473.6,202
1784892660,28473.9,28484.6,28465.6,28465.7,232
1784892720,28465.6,28467.9,28459.6,28466.7,226
1784892780,28466.2,28466.9,28461.4,28463.5,208
1784892840,28463.4,28465.7,28459.6,28461.7,196
1784892900,28461.4,28462.9,28454.7,28456.6,224
1784892960,28456.9,28482.7,28456.9,28482.7,232
1784893020,28483,28483,28465.9,28465.9,244
1784893080,28466.7,28467.9,28460,28460.7,224
1784893140,28460.6,28464,28455.6,28459.1,228
1784893200,28459,28461.1,28453.9,28459.4,252
1784893260,28459.9,28464.7,28458.2,28463.1,204
1784893320,28462.9,28463.4,28458.6,28461.4,204
1784893380,28461.5,28467.4,28460.4,28464,216
1784893440,28463.6,28470.6,28452.7,28452.7,222
1784893500,28453.1,28464.2,28453.1,28460.7,234
1784893560,28460,28460,28450.5,28452.4,192
1784893620,28451,28452.1,28445.7,28446.2,240
1784893680,28446.1,28448,28440.4,28442.4,208
1784893740,28442.1,28451.6,28439.4,28451.6,248
1784893800,28452.1,28454.7,28448.7,28453.4,208
1784893860,28452.6,28463.1,28451,28462.9,214
1784893920,28462.4,28464.7,28460.1,28462.4,202
1784893980,28462.6,28463.1,28451.1,28453.1,196
1784894040,28452.2,28457.2,28452,28453.6,188
1784894100,28454.1,28454.1,28447,28448.6,196
1784894160,28448.5,28448.5,28438.7,28439.1,194
1784894220,28439.4,28451.7,28438.2,28446.1,218
1784894280,28446.6,28507.9,28444.4,28507.9,248
1784894340,28511.7,28534.4,28501.6,28515.7,314
1784894400,28515,28515,28495.4,28502.5,286
1784894460,28501,28501,28481,28485.5,276
1784894520,28485.9,28486.7,28467.5,28473.2,258
1784894580,28473.7,28482.7,28473.6,28478,256
1784894640,28477.1,28489,28475.4,28488.9,270
1784894700,28488.5,28489.9,28461.9,28469,254
1784894760,28468.6,28488.4,28468,28485,248
1784894820,28485.2,28498.1,28482.4,28497.1,242
1784894880,28495.7,28496.7,28487.9,28494.5,230
1784894940,28494.7,28513.6,28494.7,28511,260
1784895000,28511.1,28511.1,28503.6,28503.9,248
1784895060,28504.1,28511.6,28503.4,28507.9,222
1784895120,28507.6,28510.4,28503.7,28503.9,226
1784895180,28503.5,28509.5,28501,28504,200
1784895240,28504.7,28531.2,28504.7,28525.9,258
1784895300,28525.2,28525.4,28515.4,28518.5,224
1784895360,28519.6,28525.4,28516.6,28521.1,252
1784895420,28520.9,28529.6,28518.7,28524.4,230
1784895480,28524.6,28530.2,28518.1,28529.7,222
1784895540,28529.6,28530.6,28513.5,28519.4,260
1784895600,28518.9,28518.9,28506.9,28508.9,252
1784895660,28509,28513.6,28503.2,28507,224
1784895720,28507.1,28514.1,28505.9,28509.6,214
1784895780,28509.7,28513.5,28506,28508.4,214
1784895840,28508.2,28525,28507.6,28522.4,224
1784895900,28522.7,28523.9,28494.2,28515.9,246
1784895960,28516.7,28527,28513.4,28517.7,230
1784896020,28518,28523.2,28514.4,28520.5,222
1784896080,28520.2,28526,28517.9,28524.2,198
1784896140,28524,28524.7,28521.2,28523,192
1784896200,28522.9,28524.5,28503.1,28516,230
1784896260,28515.7,28516.9,28508.9,28511.2,234
1784896320,28512.5,28516.2,28508.1,28513.5,218
1784896380,28513.4,28514.9,28501.6,28501.6,216
1784896440,28501.4,28501.5,28477.7,28478.9,260
1784896500,28479.2,28487,28478.5,28486.6,244
1784896560,28487.9,28488.9,28478.4,28484.4,234
1784896620,28484.5,28500,28484.1,28498.7,240
1784896680,28497.9,28498.4,28490.7,28491.9,226
1784896740,28491.1,28497.1,28485.1,28486.4,236
1784896800,28486.5,28488.4,28482.1,28482.1,224
1784896860,28481.6,28485.1,28469.7,28473.1,252
1784896920,28472.9,28476.5,28467.7,28471.5,230
1784896980,28472.2,28473.1,28466,28468.5,222
1784897040,28467.9,28468.4,28461.4,28465,240
1784897100,28465.6,28471.2,28463.1,28467.6,230
1784897160,28467.5,28469.5,28460.6,28463.9,220
1784897220,28464,28464.4,28454.1,28462.1,244
1784897280,28462.6,28467.6,28459.1,28467.1,230
1784897340,28466.4,28467.4,28458.7,28460.5,228
1784897400,28460.6,28464.5,28454.6,28455.9,216
1784897460,28456.2,28465.6,28456.1,28458.6,230
1784897520,28459.2,28459.7,28448.4,28450.5,214
1784897580,28449.1,28450.9,28443.4,28445.1,226
1784897640,28444.6,28446.9,28443.4,28446.9,182
1784897700,28447,28448.7,28439.4,28440.7,216
1784897760,28440.6,28443.4,28429.1,28429.5,232
1784897820,28430.1,28431.5,28425,28428.6,244
1784897880,28428.7,28436.6,28424.9,28428,244
1784897940,28427.9,28434.4,28424.9,28428,244
1784898000,28428.7,28435.7,28421.4,28423.2,302
1784898060,28421.4,28425.1,28418.6,28418.6,268
1784898120,28419.4,28433.9,28419.4,28433.1,244
1784898180,28432.9,28435.6,28428.4,28431.7,226
1784898240,28432.4,28437.4,28432.4,28433,244
1784898300,28433.1,28438.2,28425.4,28429.7,258
1784898360,28429.2,28429.2,28421.1,28423.2,242
1784898420,28422.9,28423.2,28410.4,28411.4,250
1784898480,28410.9,28414.1,28408.1,28414.1,234
1784898540,28413.6,28420.5,28413,28420.5,214
1784898600,28420,28423.4,28413.5,28422.2,206
1784898660,28422.4,28429.5,28417,28429,232
1784898720,28427.9,28432.9,28426.9,28426.9,234
1784898780,28427.4,28429.4,28421.4,28421.7,202
1784898840,28421.6,28429.4,28420.7,28427.4,234
1784898900,28425.9,28433.6,28423.5,28430.4,262
1784898960,28430.7,28431.4,28420.6,28422.2,240
1784899020,28422.1,28443.2,28421.9,28442,254
1784899080,28441.9,28445.6,28438.4,28439.7,234
1784899140,28439.9,28442,28433.4,28440.4,244
1784899200,28440.2,28445,28432.5,28432.5,244
1784899260,28431.6,28438.5,28427.2,28427.2,246
1784899320,28427.1,28427.7,28415.6,28422.7,242
1784899380,28423,28437.2,28421.9,28437.2,230
1784899440,28436.7,28437.9,28432,28437.2,246
1784899500,28447,28451.6,28427.2,28431.2,272
1784899560,28431.1,28436.2,28420,28431.2,250
1784899620,28430.5,28430.5,28392.9,28393.1,282
1784899680,28390.7,28401.4,28390.4,28394.6,278
1784899740,28394.5,28395.1,28376,28376,286
1784899800,28365.8,28375.2,28341.4,28366.3,314
1784899860,28367.3,28376.2,28336.8,28363.8,306
1784899920,28370.9,28395,28355.7,28394.8,322
1784899980,28396.9,28421.7,28387.8,28393.3,314
1784900040,28395,28442,28392.3,28440,322
1784900100,28440.8,28457.3,28407.8,28415.5,318
1784900160,28410.3,28410.3,28360.4,28361.8,316
1784900220,28364.8,28388,28355.8,28380,320
1784900280,28380.7,28398.7,28354.4,28355.5,324
1784900340,28353.5,28364.8,28339.9,28363.4,304
1784900400,28363.3,28363.5,28325.8,28327.7,320
1784900460,28330.5,28340.4,28313.2,28318,314
1784900520,28319,28326.4,28295.3,28316.2,312
1784900580,28314.8,28320.9,28306.8,28315.7,302
1784900640,28316.7,28332.9,28310.2,28321,304
1784900700,28321.5,28332,28300.3,28306.7,316
1784900760,28306.4,28311.7,28283.2,28296.2,310
1784900820,28297,28314.2,28290.5,28303.3,314
1784900880,28302,28310.2,28287.3,28294.8,312
1784900940,28295.9,28343.8,28295.9,28338.5,318
1784901000,28337.2,28337.2,28249.8,28269.7,314
1784901060,28272.4,28272.9,28221.8,28232.4,314
1784901120,28231.7,28232.7,28192.9,28205,310
1784901180,28205.3,28206.4,28178.4,28188.3,314
1784901240,28187.5,28192.3,28174.3,28181,306
1784901300,28179.5,28184.3,28151.3,28161.8,312
1784901360,28162,28189,28153.5,28160.7,314
1784901420,28160.9,28175.5,28154.4,28164.3,308
1784901480,28165.5,28204,28165.5,28182.8,304
1784901540,28180.4,28188.3,28157.9,28160.5,311
1784901600,28160.2,28212.3,28145.5,28209.3,308
1784901660,28210.8,28222.3,28196.5,28203.9,314
1784901720,28205.2,28230.5,28204.5,28204.7,314
1784901780,28204.2,28204.2,28172,28199.9,314
1784901840,28199.4,28213.2,28165.8,28174.4,318
1784901900,28177.2,28214.3,28173.2,28210.2,312
1784901960,28208,28218.9,28188.7,28198.8,314
1784902020,28200.5,28233.8,28183.8,28225,318
1784902080,28226.5,28262,28219.8,28258.9,314
1784902140,28257.5,28275.7,28242.9,28265.8,312
1784902200,28263.9,28271.2,28243.5,28258.5,314
1784902260,28257.5,28273.7,28246,28254.8,320
1784902320,28253.8,28265.3,28230.3,28232.4,306
1784902380,28230.5,28262.5,28223.8,28255.8,320
1784902440,28255.4,28286.9,28250.8,28256.5,306
1784902500,28259,28268,28215.9,28219.4,306
1784902560,28218,28222,28193.9,28208.5,320
1784902620,28210.3,28211.5,28164.2,28182.7,322
1784902680,28181.4,28199,28151.5,28152.7,314
1784902740,28152.2,28172.7,28136.2,28169,318
1784902800,28170.7,28185,28142.8,28176.4,312
1784902860,28176.8,28218.7,28171.2,28212,312
1784902920,28209.8,28231.9,28209.5,28221.8,312
1784902980,28223.5,28259.3,28223.3,28256,316
1784903040,28254.8,28257.5,28219.2,28228.7,310
1784903100,28229.7,28237,28202.4,28217.2,320
1784903160,28218.5,28236.3,28207.2,28226.8,312
1784903220,28226.3,28242,28200,28209.5,314
1784903280,28209.7,28235.4,28203,28227.8,308
1784903340,28227.5,28242.7,28227.4,28227.4,318
1784903400,28227.8,28231.3,28172.5,28183.2,308
1784903460,28183.8,28205.7,28180.3,28201,314
1784903520,28201.2,28201.3,28166,28167.8,308
1784903580,28167.9,28185,28161.2,28165.2,316
1784903640,28165.5,28174.3,28141.5,28141.5,308
1784903700,28143.2,28174.3,28141,28171.9,312
1784903760,28175.7,28179.7,28158.3,28161,310
1784903820,28160.8,28169.8,28144.2,28144.2,316
1784903880,28144.5,28157.8,28143.5,28144.5,312
1784903940,28143.5,28155,28111.9,28120,300
1784904000,28119.5,28128.4,28104.9,28121,304
1784904060,28120,28131.8,28103.4,28118.3,312
1784904120,28119.3,28131.4,28100.4,28107.3,312
1784904180,28107,28125.5,28103.9,28120.5,308
1784904240,28121.5,28141.4,28121.5,28123.3,310
1784904300,28121.9,28125.5,28098.5,28100.9,310
1784904360,28098.7,28129.2,28091.5,28128.8,308
1784904420,28124.5,28143.8,28099.3,28109.2,318
1784904480,28110.9,28121.4,28109.9,28116.8,306
1784904540,28116.4,28160.7,28113.9,28157.5,306
1784904600,28157.2,28197.2,28157.2,28195.9,304
1784904660,28193.9,28197.7,28175.2,28184,308
1784904720,28183,28196.4,28153.5,28156.4,318
1784904780,28154.3,28200.2,28148.8,28194.5,306
1784904840,28195.9,28200.8,28163.2,28187,310
1784904900,28188.4,28216.7,28186.7,28213.7,306
1784904960,28213.3,28221.3,28203.8,28219.8,298
1784905020,28219.7,28258.2,28219.7,28251,310
1784905080,28251.2,28276.2,28237.3,28276.2,310
1784905140,28275.9,28296.9,28275.9,28287.4,302
1784905200,28288.3,28304.4,28269.2,28304.4,310
1784905260,28303.7,28312.9,28267.5,28267.5,316
1784905320,28269,28269.2,28252.7,28268.7,300
1784905380,28266.2,28274,28250,28252.8,314
1784905440,28253.2,28260.7,28241.4,28241.7,310
1784905500,28241.8,28256.5,28239.2,28246.9,308
1784905560,28245.2,28254.8,28223.4,28223.4,312
1784905620,28221.2,28235,28210,28234,298
1784905680,28234.2,28259.3,28230.7,28238.7,316
1784905740,28237.9,28248.5,28198.2,28200.4,310
1784905800,28199.8,28267.9,28192.4,28258.8,316
1784905860,28255.7,28321.2,28252.8,28267.8,312
1784905920,28271,28293.7,28260.8,28266.5,316
1784905980,28267.2,28282.4,28261.5,28269.3,300
1784906040,28268.5,28345.2,28268.5,28331,306
1784906100,28328.5,28390.9,28321.5,28381.4,312
1784906160,28376.2,28392.5,28349.7,28349.7,308
1784906220,28350.4,28362.7,28325.3,28326.2,318
1784906280,28325.8,28346,28310.5,28321.2,316
1784906340,28321.7,28329.8,28294,28300.8,302
1784906400,28303,28347.4,28296.7,28336.3,308
1784906460,28337.8,28351.5,28332.3,28337.9,304
1784906520,28338.8,28348.2,28330.8,28334.4,310
1784906580,28333.7,28360.4,28333.7,28349.3,300
1784906640,28348.3,28352.9,28334.3,28337.2,300
1784906700,28338.2,28365,28336.2,28365,312
1784906760,28365.9,28373.8,28347,28347.8,304
1784906820,28347,28373.9,28347,28369.4,304
1784906880,28370.5,28387.5,28356,28356.2,296
1784906940,28358.4,28359.9,28328.9,28336.3,308
1784907000,28334.2,28346.8,28321.3,28345,305
1784907060,28345.9,28372.7,28345.9,28370.5,310
1784907120,28368.2,28376.4,28343.5,28343.5,300
1784907180,28342,28349.5,28329.7,28337.5,304
1784907240,28340.4,28348.8,28323.5,28323.5,310
1784907300,28325.5,28353.5,28323.4,28352.5,308
1784907360,28354.5,28359.2,28340.7,28358.7,302
1784907420,28359.2,28365.9,28335.2,28365,312
1784907480,28370.2,28391.5,28367.7,28390.3,304
1784907540,28390,28402,28387.8,28398.2,288
1784907600,28396.8,28412.3,28393,28394.3,292
1784907660,28394.8,28394.8,28362.4,28369.8,312
1784907720,28368.3,28379,28351.3,28353.2,308
1784907780,28354.2,28360.2,28327,28334.9,304
1784907840,28336.9,28355.7,28336.9,28341.9,304
1784907900,28343.3,28366.7,28339.5,28353.9,304
1784907960,28353.5,28360.8,28346.2,28346.2,300
1784908020,28346.3,28355,28333.2,28337.9,310
1784908080,28337.4,28352.7,28328.3,28349.2,300
1784908140,28349.3,28349.3,28331.5,28338.8,296
1784908200,28341,28377.2,28340,28375.4,296
1784908260,28374.8,28383.7,28363.9,28368.2,304
1784908320,28369.4,28379.7,28363.2,28364.2,288
1784908380,28364,28383.5,28353.3,28382.5,298
1784908440,28381.5,28385.9,28369.2,28372.7,286
1784908500,28372.9,28396.2,28370.9,28389.8,292
1784908560,28391.7,28411,28387.4,28407.4,288
1784908620,28407.2,28413.9,28399.2,28399.2,296
1784908680,28398.4,28413.2,28393.9,28412.7,292
1784908740,28410.9,28418.4,28409.9,28412.7,276
1784908800,28414.3,28414.3,28392.4,28394.5,302
1784908860,28395.2,28399.9,28386.4,28399.2,294
1784908920,28399.4,28404,28390.4,28400.9,288
1784908980,28399.7,28419.2,28398.2,28416,278
1784909040,28415.9,28429.9,28415.3,28427.7,280
1784909100,28426.4,28435.3,28421.9,28429.3,296
1784909160,28427.3,28434.2,28418.5,28418.5,290
1784909220,28419.9,28450.9,28416.7,28450.9,286
1784909280,28450.2,28454,28436.7,28440,272
1784909340,28441.3,28448.9,28438.3,28440.9,286
1784909400,28440.4,28466.5,28437.9,28465.2,286
1784909460,28465.7,28466.2,28440.2,28444.4,290
1784909520,28444.2,28454.4,28431.7,28431.7,296
1784909580,28433.5,28434.7,28413.5,28413.5,296
1784909640,28413.4,28423.2,28409.2,28410.9,304
1784909700,28411.5,28412.2,28399.5,28403.3,302
1784909760,28403.5,28405.7,28395.2,28398.7,280
1784909820,28399.2,28402.2,28389.7,28393.8,290
1784909880,28394.2,28408.9,28391.7,28401.7,282
1784909940,28401.3,28411.9,28400.4,28402.3,282
1784910000,28403.4,28421.3,28402.3,28420.8,280
1784910060,28420.4,28423,28399.9,28411.3,292
1784910120,28411.2,28428.2,28406.2,28427.7,282
1784910180,28428.2,28428.2,28417.7,28421.2,256
1784910240,28421.7,28424.7,28412.3,28420.7,270
1784910300,28421.2,28424.4,28409.4,28424.4,292
1784910360,28426.2,28427.8,28418,28423.3,284
1784910420,28423.2,28424.9,28410.8,28410.8,286
1784910480,28411.3,28416.9,28407.7,28412.5,286
1784910540,28413.5,28417.2,28403.3,28403.3,294
1784910600,28402.4,28404.7,28366,28375.8,290
1784910660,28375.5,28384.3,28364.5,28377.3,296
1784910720,28376.9,28385.8,28366.2,28376.8,290
1784910780,28377.4,28383.9,28368.9,28372.7,296
1784910840,28371.3,28388.2,28370.5,28378,290
1784910900,28378.2,28385.8,28371.8,28379.7,264
1784910960,28380.3,28391.7,28372.9,28376.2,290
1784911020,28376.4,28378.2,28366.9,28377.4,278
1784911080,28377.2,28381.2,28353.2,28353.7,282
1784911140,28353.2,28364.9,28352.9,28361.9,282
1784911200,28360.9,28360.9,28344.9,28347.3,296
1784911260,28346.7,28352.3,28342,28350.9,288
1784911320,28351.9,28352.7,28338.5,28347.5,288
1784911380,28347,28350.3,28331.7,28342.2,272
1784911440,28342.4,28344.2,28334.2,28335.9,284
1784911500,28335.2,28346.9,28328.2,28343.4,300
1784911560,28342.7,28343.9,28328.3,28328.7,278
1784911620,28328.3,28335.3,28314.9,28318.7,290
1784911680,28318.2,28319.2,28306,28311.5,288
1784911740,28312.8,28320.3,28303.2,28318.4,294
1784911800,28318.2,28318.7,28307.7,28315.7,296
1784911860,28318,28322.4,28307.4,28313.4,304
1784911920,28314.4,28317.9,28306.9,28309,294
1784911980,28307.8,28314.3,28297.9,28305.5,298
1784912040,28305.9,28321.5,28304.4,28310.4,302
1784912100,28308.9,28328.8,28299.8,28322.5,300
1784912160,28322.2,28330.2,28316.9,28324.9,290
1784912220,28327.5,28338.9,28327.3,28337.7,296
1784912280,28338.3,28346.4,28334.2,28337.9,286
1784912340,28338.5,28344.7,28329,28330.9,284
1784912400,28333.4,28337.9,28320.7,28325.5,306
1784912460,28324.9,28324.9,28304.3,28319.3,280
1784912520,28321.2,28323.3,28309.4,28314.7,292
1784912580,28315.4,28320.7,28306.2,28312.7,288
1784912640,28313.7,28320.4,28309.7,28314.7,286
1784912700,28314.2,28323.4,28308.9,28316.9,270
1784912760,28317.4,28319.9,28283.7,28299.8,284
1784912820,28298.2,28301.9,28282.3,28285.9,272
1784912880,28285.8,28288.5,28272.3,28279.9,296
1784912940,28280.9,28289.4,28271.3,28272.2,308
1784913000,28272.3,28284,28264.3,28275.4,296
1784913060,28275.2,28293.2,28271.9,28287.7,298
1784913120,28287.9,28302.4,28286.9,28294,292
1784913180,28293.9,28299.7,28288.2,28291.7,290
1784913240,28292.4,28306.4,28291.8,28294.9,266
1784913300,28293.9,28300.4,28285.7,28286.5,284
1784913360,28288.3,28289.9,28277.5,28282.4,292
1784913420,28282.9,28308.7,28281.7,28308.2,282
1784913480,28307.4,28322.9,28298.4,28314.5,286
1784913540,28315.3,28326.4,28311.3,28322.2,272
1784913600,28323.2,28330.2,28316.2,28318.4,284
1784913660,28318.7,28325.4,28313.9,28315.4,290
1784913720,28315.7,28319.5,28299,28304.5,278
1784913780,28302.4,28312.7,28298.7,28303.8,284
1784913840,28304.2,28326.7,28301.4,28326.7,292
1784913900,28326.5,28329.9,28308.5,28328,270
1784913960,28328.7,28342.7,28327.7,28340.9,280
1784914020,28341.2,28354.2,28340.4,28351.9,284
1784914080,28350.2,28357.7,28347.7,28353.2,276
1784914140,28352.9,28354.7,28343.7,28350.7,268
1784914200,28352.5,28359.2,28341.2,28345.7,270
1784914260,28346.7,28357.2,28343.7,28353.4,278
1784914320,28355,28358.7,28344.7,28351.9,282
1784914380,28352,28372.7,28348.2,28369.3,282
1784914440,28368.2,28379.8,28365.9,28377.4,272
1784914500,28377.7,28378.7,28367.9,28373.2,292
1784914560,28372.7,28375.7,28357.9,28360.9,274
1784914620,28360.4,28360.7,28340.4,28342.2,270
1784914680,28342.3,28345.7,28334.4,28339.9,282
1784914740,28340.3,28341.9,28325.8,28328.4,268
1784914800,28326.7,28328.7,28314.9,28319.9,278
1784914860,28320.4,28320.9,28306.9,28310.2,294
1784914920,28312.5,28313.2,28302.9,28310.2,272
1784914980,28312.7,28315,28308.7,28312.7,258
1784915040,28313.2,28321.7,28303.2,28303.7,262
1784915100,28303.9,28303.9,28291.7,28299.4,288
1784915160,28298.4,28318.7,28298.2,28315.5,288
1784915220,28315.2,28322.7,28304.2,28306.9,264
1784915280,28307.7,28311.2,28298.2,28307.2,270
1784915340,28307,28323.5,28305.4,28323.4,278
1784915400,28323.2,28333,28316.9,28331.7,274
1784915460,28331.8,28340.4,28310.9,28312.4,284
1784915520,28312,28316.9,28307.4,28315.9,280
1784915580,28315.7,28322.4,28313.9,28316.4,282
1784915640,28316.7,28324.8,28312.2,28322.9,280
1784915700,28323.5,28330.4,28313.9,28315.2,286
1784915760,28315.9,28329.5,28314.2,28324.7,290
1784915820,28324.4,28325.2,28312,28313.2,272
1784915880,28310.7,28319.9,28308.3,28312.7,272
1784915940,28313,28315.9,28305.4,28305.7,268
1784916000,28306.8,28318.7,28299.2,28317.5,286
1784916060,28317.3,28325.2,28298.5,28298.5,294
1784916120,28299.2,28308.8,28292,28305.7,264
1784916180,28306.3,28309.7,28293.4,28294.9,274
1784916240,28294.4,28300.7,28291.2,28294.4,274
1784916300,28295.7,28297.3,28287.7,28293.9,260
1784916360,28293.4,28299.9,28283.2,28286.3,276
1784916420,28286.4,28302.9,28285.8,28301.9,282
1784916480,28301.7,28306.2,28294.7,28296.2,274
1784916540,28297,28304.2,28287.4,28289.4,282
1784916600,28292.9,28293.9,28280.8,28281.7,258
1784916660,28282.3,28283.9,28272.7,28273.9,264
1784916720,28275.3,28276.2,28264.5,28273.2,272
1784916780,28274.4,28277.9,28263.9,28267.5,258
1784916840,28265.4,28273,28260.2,28267.2,272
1784916900,28266.8,28268.7,28258.7,28264.4,266
1784916960,28264.7,28268.8,28258.3,28260.8,278
1784917020,28261.2,28267.9,28257.4,28258.9,272
1784917080,28258.7,28261.4,28245,28253.8,268
1784917140,28255,28256.9,28236.3,28238.5,282
1784917200,28237.4,28237.9,28225.5,28226.4,282
1784917260,28227.3,28230.4,28221.2,28222.7,270
1784917320,28223.2,28229.9,28219.9,28223.3,296
1784917380,28223.4,28227.4,28214.9,28224.4,280
1784917440,28224.2,28228.3,28213.4,28215.4,268
1784917500,28215.9,28218.7,28197.2,28206.4,292
1784917560,28206.2,28207.7,28192.3,28194.4,274
1784917620,28193.7,28200.5,28187.3,28189,270
1784917680,28187.9,28190.8,28179.5,28182.7,286
1784917740,28183.2,28193.2,28173,28176.7,294
1784917800,28178.5,28185.5,28170.8,28172.3,306
1784917860,28172.2,28172.9,28151.7,28155.9,292
1784917920,28154.9,28164.7,28152.9,28157.7,286
1784917980,28157.4,28165.8,28140.7,28144.7,298
1784918040,28143.3,28149.9,28131.5,28137.5,288
1784918100,28137.9,28138.7,28118.9,28133,298
1784918160,28135.3,28159.9,28135.3,28140.4,306
1784918220,28139.8,28148.2,28133.7,28135.8,290
1784918280,28135.7,28153,28130.4,28148.7,294
1784918340,28148.5,28149.4,28120.7,28134.4,288
1784918400,28134.2,28134.2,28113.7,28114.9,296
1784918460,28114.4,28122.7,28107.2,28108.2,284
1784918520,28107.7,28116.9,28098.9,28115.2,288
1784918580,28115.8,28130,28113.4,28121,290
1784918640,28121.4,28128.2,28114.9,28115.4,286
1784918700,28115.7,28145,28109.4,28143.4,296
1784918760,28145.2,28164,28145.2,28148.7,298
1784918820,28150.2,28161.9,28147.2,28159.8,282
1784918880,28160.8,28162.4,28140.8,28142.2,290
1784918940,28142,28149.2,28140.2,28144.4,282
1784919000,28143.9,28154.2,28127.4,28134.9,292
1784919060,28135,28158.8,28135,28148.4,276
1784919120,28148.7,28157.7,28145,28153.9,284
1784919180,28155,28158.4,28144.3,28150.5,290
1784919240,28149.9,28149.9,28130,28137.9,284
1784919300,28137.2,28149.5,28132.2,28148.3,284
1784919360,28148.9,28165.7,28141.5,28158.9,282
1784919420,28158.7,28166.8,28152.7,28153.5,282
1784919480,28153.4,28156.4,28140.4,28141.5,280
1784919540,28141.7,28150.5,28139.7,28141.4,300
1784919600,28140.7,28155.5,28130.8,28144.5,301
1784919660,28143.4,28167.3,28139.7,28146.3,304
1784919720,28148.2,28149.9,28126.2,28126.8,304
1784919780,28126.2,28130.9,28122.2,28127.5,302
1784919840,28129.4,28133.4,28120.4,28124.9,298
1784919900,28122.8,28143.8,28116.2,28139.3,288
1784919960,28139.7,28149.8,28114.4,28116.5,292
1784920020,28116.7,28117.5,28078.7,28080.9,302
1784920080,28081.4,28089.5,28075.9,28081.8,284
1784920140,28081.2,28082.8,28066.7,28069.9,274
1784920200,28068.5,28075.4,28062.4,28065.4,300
1784920260,28065,28071.4,28061.2,28069.2,282
1784920320,28069.4,28098.7,28069.4,28076.9,296
1784920380,28078.2,28079.9,28069.7,28074.5,280
1784920440,28074.4,28074.4,28059.3,28061.2,294
1784920500,28061.9,28067,28053.4,28059.2,288
1784920560,28058.7,28065.9,28052.4,28064.4,292
1784920620,28065.9,28079.8,28063.4,28070.9,292
1784920680,28071.2,28075.5,28064.4,28069.5,288
1784920740,28070.8,28081.8,28067.8,28079.7,282
1784920800,28081.5,28082.8,28067.8,28080.7,302
1784920860,28080.3,28093,28075.7,28088.4,286
1784920920,28087.3,28095.7,28085.5,28091.2,302
1784920980,28090.8,28090.8,28079.3,28084.9,296
1784921040,28085.3,28086.7,28058.9,28068.5,296
1784921100,28069.9,28072,28060.7,28064.4,296
1784921160,28064.5,28073.3,28063,28071.2,294
1784921220,28072.4,28091.9,28071.8,28084.4,278
1784921280,28082.3,28095.5,28079.7,28095.5,284
1784921340,28097.2,28104.4,28088.8,28093.4,300
1784921400,28097.4,28109.8,28093,28096.9,290
1784921460,28097.2,28114.4,28093.3,28109.9,300
1784921520,28110.3,28123.2,28108.9,28121.4,298
1784921580,28120.5,28131.8,28118.2,28127.4,308
1784921640,28124.5,28135.9,28122.2,28122.4,290
1784921700,28121.2,28140,28114.3,28133.8,296
1784921760,28132.3,28140.8,28117.8,28118.2,298
1784921820,28117.7,28141.3,28117.7,28135.7,302
1784921880,28135,28140.2,28126.8,28137.2,278
1784921940,28137.4,28141.5,28108.5,28112.5,304
1784922000,28112.2,28122.4,28105.5,28110.3,296
1784922060,28108.3,28108.3,28090.9,28096.8,298
1784922120,28096.9,28100.7,28086.4,28092.8,296
1784922180,28092.7,28099.9,28078.9,28099.2,302
1784922240,28099.7,28115,28096,28114.7,280
1784922300,28114.4,28121.7,28094.2,28095.7,298
1784922360,28094.8,28097.2,28089.4,28094.4,290
1784922420,28092.9,28107.9,28091.2,28097.2,280
1784922480,28097.4,28103.3,28089.2,28091.4,272
1784922540,28090.8,28116.2,28082.2,28115.3,276
1784922600,28117.5,28117.5,28075.4,28075.4,308
1784922660,28075.3,28082.2,28066.7,28077.9,302
1784922720,28076.8,28076.9,28067.8,28071.7,284
1784922780,28073.2,28081.4,28064.7,28079.9,286
1784922840,28077.4,28118.4,28076.2,28111.3,290
1784922900,28111,28111,28088.4,28089,284
1784922960,28087.7,28102,28087.7,28099.2,276
1784923020,28098.8,28114,28097.2,28111.2,288
1784923080,28110.2,28114.4,28107.7,28108.4,294
1784923140,28110.3,28132.4,28090.8,28122.9,314
