time,open,high,low,close,Volume
1784498400,7455.8,7456.8,7453.7,7456.8,120
1784498460,7456.7,7459.3,7455.2,7458.5,182
1784498520,7458.8,7459.5,7451.1,7453.8,176
1784498580,7454,7457.5,7450.2,7451,172
1784498640,7451.2,7452.5,7448.8,7450.5,152
1784498700,7450.2,7450.8,7445.3,7445.8,158
1784498760,7446.1,7447.8,7443.9,7444.3,154
1784498820,7444.7,7446.7,7444.3,7446.1,144
1784498880,7446.3,7447.7,7443.3,7445.9,170
1784498940,7446.2,7448.7,7446.1,7448.7,140
1784499000,7448.2,7448.4,7443.6,7443.7,128
1784499060,7443.8,7445.9,7443.4,7445.9,124
1784499120,7445.7,7445.9,7444.9,7445.8,92
1784499180,7445.7,7446.7,7445.1,7445.3,112
1784499240,7445.4,7446.1,7444.8,7444.8,98
1784499300,7444.9,7449.7,7444.9,7449.2,138
1784499360,7449.3,7451.3,7448.8,7449.9,104
1784499420,7449.8,7450.7,7449.4,7450.1,98
1784499480,7450.2,7451.9,7449.9,7451.2,118
1784499540,7451.3,7453.6,7450.8,7453.4,126
1784499600,7453.6,7457.4,7453.1,7457.2,136
1784499660,7457.1,7457.7,7456.4,7456.4,94
1784499720,7456.6,7456.9,7454.9,7455.3,112
1784499780,7455.2,7455.7,7454.7,7454.7,84
1784499840,7454.6,7454.6,7451.9,7451.9,108
1784499900,7452.1,7452.1,7451.1,7451.3,96
1784499960,7451.2,7451.2,7449.4,7449.6,92
1784500020,7449.4,7451.6,7448.7,7448.7,128
1784500080,7448.9,7450.8,7448.9,7449.9,106
1784500140,7449.8,7450.2,7448.2,7448.3,90
1784500200,7448.2,7449.3,7447.3,7448.3,126
1784500260,7448.4,7450.3,7448.4,7449.4,100
1784500320,7449.3,7452.6,7448.4,7452.6,112
1784500380,7452.4,7456.8,7452.4,7456.3,142
1784500440,7456.2,7457.8,7456.2,7457.8,114
1784500500,7457.6,7458.6,7457.1,7457.6,106
1784500560,7457.4,7458.2,7457.3,7457.8,110
1784500620,7457.7,7458.1,7455.2,7455.4,96
1784500680,7455.2,7457.2,7455.2,7456.1,88
1784500740,7456.2,7456.9,7456.2,7456.4,44
1784500800,7456.7,7458.4,7456.4,7458.4,106
1784500860,7458.3,7460.4,7458.2,7460.3,110
1784500920,7460.2,7460.3,7459.2,7459.6,112
1784500980,7459.4,7462.9,7459.2,7462.9,84
1784501040,7463.2,7463.4,7461.6,7461.6,62
1784501100,7461.7,7462.2,7460.7,7461.4,116
1784501160,7461.7,7463.2,7460.4,7460.9,110
1784501220,7460.7,7460.7,7458.4,7458.4,104
1784501280,7458.6,7459.4,7457.9,7458.9,78
1784501340,7459.1,7460.4,7459.1,7459.9,72
1784501400,7460.1,7460.2,7457.8,7458.2,56
1784501460,7458.4,7459.3,7457.6,7458.2,134
1784501520,7457.9,7458.1,7456.4,7456.4,96
1784501580,7456.3,7456.9,7455.8,7456.1,98
1784501640,7456.2,7457.2,7455.9,7456.9,82
1784501700,7457.1,7458.3,7456.6,7457.9,74
1784501760,7457.7,7457.9,7456.9,7457.6,82
1784501820,7457.2,7457.9,7457.1,7457.2,62
1784501880,7457.1,7457.3,7456.7,7457.1,66
1784501940,7456.8,7457.3,7456.1,7456.8,66
1784502000,7457.1,7457.3,7454.2,7455.3,124
1784502060,7455.2,7455.7,7454.3,7454.3,86
1784502120,7454.4,7455.4,7454.2,7455.2,78
1784502180,7455.1,7455.1,7453.2,7453.6,100
1784502240,7453.4,7455.7,7453.4,7455.4,90
1784502300,7455.2,7457.6,7454.8,7457.1,90
1784502360,7456.9,7458.2,7454.6,7454.9,116
1784502420,7455.2,7455.7,7454.7,7455.6,80
1784502480,7456.4,7458.2,7456.4,7457.3,102
1784502540,7457.2,7458.3,7456.9,7458.2,74
1784502600,7458.3,7458.6,7457.3,7457.9,78
1784502660,7458.2,7458.7,7457.2,7458.4,58
1784502720,7458.7,7458.7,7457.6,7457.6,62
1784502780,7457.8,7459.4,7456.8,7456.8,64
1784502840,7456.7,7457.9,7456.2,7456.6,94
1784502900,7456.9,7457.4,7456.4,7456.7,72
1784502960,7456.6,7456.7,7455.2,7455.2,64
1784503020,7455.8,7456.1,7454.6,7455.2,70
1784503080,7455.6,7457.1,7455.4,7456.8,64
1784503140,7456.6,7456.6,7455.6,7456.2,62
1784503200,7456.4,7456.4,7454.9,7455.3,64
1784503260,7455.6,7455.8,7453.8,7453.8,62
1784503320,7453.9,7455.4,7453.9,7455.3,56
1784503380,7455.4,7457.3,7454.9,7456.9,82
1784503440,7457.1,7457.8,7456.9,7457.7,56
1784503500,7457.6,7459.3,7457.6,7458.8,66
1784503560,7458.7,7458.7,7454.3,7454.3,96
1784503620,7454.4,7454.8,7453.1,7453.7,90
1784503680,7453.8,7454.4,7453.3,7453.3,62
1784503740,7453.2,7455.7,7453.1,7454.4,80
1784503800,7454.6,7455.2,7452.2,7453.7,90
1784503860,7453.9,7455.7,7453.3,7455.3,102
1784503920,7455.2,7455.7,7454.7,7455.7,64
1784503980,7455.4,7456.7,7455.1,7456.3,96
1784504040,7456.7,7457.4,7455.2,7457.4,90
1784504100,7457.6,7459.3,7457.3,7458.6,118
1784504160,7458.4,7458.6,7457.6,7457.9,76
1784504220,7457.7,7457.9,7455.3,7457.4,118
1784504280,7457.6,7459.1,7457.4,7458.7,104
1784504340,7458.6,7458.9,7457.9,7457.9,82
1784504400,7458.1,7458.8,7457.2,7458.2,60
1784504460,7458.1,7459.2,7457.6,7457.9,70
1784504520,7457.7,7461.7,7457.6,7461.7,80
1784504580,7461.6,7462.9,7461.4,7461.9,118
1784504640,7462.3,7463.1,7461.9,7462.9,76
1784504700,7463.1,7463.1,7455.8,7458.1,168
1784504760,7457.9,7459.1,7456.2,7456.3,184
1784504820,7456.2,7458.2,7456.2,7456.9,108
1784504880,7456.6,7460.1,7456.6,7458.6,134
1784504940,7458.4,7458.8,7456.9,7456.9,126
1784505000,7456.8,7460.4,7456.8,7460.1,152
1784505060,7460.2,7463.4,7459.7,7462.8,130
1784505120,7462.7,7463.8,7461.7,7461.9,112
1784505180,7461.8,7463.3,7461.6,7463.1,116
1784505240,7463.2,7463.2,7460.6,7461.4,130
1784505300,7461.7,7462.7,7460.4,7462.3,108
1784505360,7462.1,7463.3,7462.1,7463.2,114
1784505420,7463.4,7464.7,7463.4,7464.4,118
1784505480,7464.3,7466.1,7464.3,7465.3,126
1784505540,7465.2,7466.2,7464.3,7465.3,116
1784505600,7465.4,7465.9,7460.6,7461.4,186
1784505660,7461.2,7461.3,7458.3,7458.6,180
1784505720,7458.2,7462.3,7457.7,7461.7,190
1784505780,7461.6,7463.3,7461.3,7462.7,194
1784505840,7463.1,7465.7,7462.9,7465.6,164
1784505900,7465.4,7469.7,7465.2,7469.7,170
1784505960,7469.4,7471.9,7469.3,7469.4,154
1784506020,7469.7,7473.9,7469.7,7470.2,166
1784506080,7470.3,7474.8,7470.1,7474.7,130
1784506140,7474.8,7475.7,7473.8,7473.9,156
1784506200,7473.3,7475.2,7472.9,7474.3,154
1784506260,7474.2,7478.2,7474.2,7477.2,148
1784506320,7477.4,7477.7,7475.3,7476.3,150
1784506380,7476.9,7477.6,7476.4,7477.3,134
1784506440,7477.2,7478.4,7475.3,7475.8,134
1784506500,7476.2,7477.4,7474.9,7476.6,150
1784506560,7476.4,7477.9,7476.2,7476.2,122
1784506620,7476.3,7478.2,7475.1,7476.2,136
1784506680,7476.3,7476.8,7475.4,7476.4,134
1784506740,7476.3,7477.6,7476.3,7477.1,142
1784506800,7476.9,7476.9,7475.8,7475.9,126
1784506860,7476.2,7477.7,7473.9,7473.9,158
1784506920,7474.1,7474.4,7472.7,7473.6,140
1784506980,7473.4,7474.4,7472.8,7474.1,134
1784507040,7474.2,7474.3,7472.7,7473.7,112
1784507100,7473.4,7473.6,7471.4,7471.6,116
1784507160,7471.7,7473.4,7471.7,7472.6,142
1784507220,7472.9,7473.1,7471.4,7472.7,134
1784507280,7472.3,7473.9,7472.2,7473.9,130
1784507340,7473.6,7473.9,7471.7,7472.6,138
1784507400,7472.7,7473.1,7469.2,7469.8,150
1784507460,7469.7,7470.7,7468.4,7469.3,104
1784507520,7469.4,7469.7,7467.1,7467.6,136
1784507580,7467.4,7467.7,7465.4,7465.9,120
1784507640,7465.7,7467.3,7464.7,7464.8,158
1784507700,7464.9,7467.4,7464.7,7467.3,142
1784507760,7467.4,7469.8,7465.9,7469.1,164
1784507820,7468.9,7469.9,7468.3,7469.9,140
1784507880,7469.8,7470.7,7468.7,7470.7,120
1784507940,7470.4,7470.7,7466.9,7467.3,150
1784508000,7467.1,7468.1,7466.2,7466.8,144
1784508060,7466.9,7470.2,7466.6,7469.9,142
1784508120,7470.1,7471.2,7469.4,7469.4,162
1784508180,7469.2,7470.1,7466.7,7466.9,138
1784508240,7467.2,7467.2,7465.4,7465.4,108
1784508300,7465.7,7465.9,7463.4,7464.9,156
1784508360,7465.2,7466.6,7464.3,7466.3,166
1784508420,7466.4,7467.2,7464.4,7464.6,160
1784508480,7464.7,7465.9,7464.4,7465.9,148
1784508540,7465.8,7467.3,7465.2,7466.2,124
1784508600,7466.9,7466.9,7465.4,7465.7,118
1784508660,7465.6,7467.7,7465.4,7467.7,112
1784508720,7467.6,7467.6,7464.2,7464.2,120
1784508780,7464.3,7465.2,7464.3,7464.7,112
1784508840,7464.4,7465.4,7464.2,7464.6,116
1784508900,7464.7,7466.8,7464.2,7466.7,128
1784508960,7466.9,7467.6,7464.8,7464.9,142
1784509020,7465.1,7465.1,7463.4,7464.8,124
1784509080,7464.7,7464.7,7463.1,7463.9,130
1784509140,7464.1,7464.8,7463.6,7464.4,130
1784509200,7464.7,7467.9,7464.3,7467.6,206
1784509260,7467.4,7468.9,7466.6,7467.8,172
1784509320,7467.4,7468.1,7465.1,7465.7,172
1784509380,7465.6,7466.8,7465.3,7465.4,160
1784509440,7465.2,7466.4,7464.7,7466.2,162
1784509500,7466.1,7469.2,7465.4,7469.1,160
1784509560,7469.2,7470.7,7468.3,7470.7,174
1784509620,7470.6,7471.7,7469.1,7469.3,150
1784509680,7469.4,7470.4,7469.1,7469.6,156
1784509740,7469.7,7471.4,7469.7,7471.2,172
1784509800,7471.1,7472.7,7470.4,7471.3,134
1784509860,7471.4,7471.7,7467.3,7467.6,156
1784509920,7467.4,7468.4,7466.6,7467.3,140
1784509980,7467.2,7467.2,7465.8,7466.2,150
1784510040,7466.3,7466.6,7464.2,7464.7,142
1784510100,7464.9,7465.9,7464.2,7464.9,160
1784510160,7465.1,7466.8,7464.6,7466.2,170
1784510220,7466.4,7466.4,7464.9,7465.1,154
1784510280,7465.2,7465.4,7463.8,7464.7,156
1784510340,7464.4,7465.9,7462.9,7463.3,130
1784510400,7463.1,7464.7,7461.2,7464.6,142
1784510460,7464.2,7465.8,7462.8,7464.1,164
1784510520,7464.3,7467.2,7464.3,7465.3,164
1784510580,7465.4,7468.2,7465.4,7466.9,120
1784510640,7467.2,7468.2,7465.9,7465.9,160
1784510700,7466.2,7468.2,7465.3,7467.8,146
1784510760,7467.9,7468.4,7465.9,7467.7,174
1784510820,7467.6,7467.6,7464.2,7464.6,142
1784510880,7464.4,7464.7,7461.4,7461.4,150
1784510940,7461.6,7461.8,7459.4,7460.2,104
1784511000,7459.9,7460.6,7458.9,7459.8,166
1784511060,7460.1,7460.9,7459.3,7460.3,142
1784511120,7460.2,7461.6,7459.2,7460.9,162
1784511180,7461.2,7461.2,7459.9,7459.9,142
1784511240,7459.7,7460.7,7459.1,7460.2,140
1784511300,7459.9,7460.4,7458.7,7459.2,138
1784511360,7459.1,7460.1,7458.3,7459.4,142
1784511420,7459.6,7461.2,7459.4,7460.4,170
1784511480,7460.6,7461.9,7460.2,7460.3,170
1784511540,7460.2,7461.1,7459.4,7460.9,158
1784511600,7460.8,7461.7,7460.1,7460.6,160
1784511660,7460.7,7461.8,7460.2,7460.2,132
1784511720,7459.9,7459.9,7456.1,7456.4,170
1784511780,7456.2,7456.2,7454.1,7455.3,146
1784511840,7454.9,7456.9,7454.2,7456.3,158
1784511900,7456.4,7457.7,7454.9,7456.1,150
1784511960,7456.2,7458.1,7455.8,7456.1,160
1784512020,7456.2,7456.7,7455.7,7456.4,142
1784512080,7456.7,7458.6,7456.3,7457.9,132
1784512140,7457.8,7459.2,7457.6,7458.3,128
1784512200,7458.2,7458.8,7456.1,7456.7,124
1784512260,7456.4,7456.6,7454.2,7454.2,118
1784512320,7454.4,7454.9,7452.9,7453.9,132
1784512380,7453.8,7454.2,7451.9,7451.9,104
1784512440,7451.8,7452.4,7451.2,7451.3,128
1784512500,7451.4,7452.9,7451.2,7451.6,120
1784512560,7451.7,7453.4,7451.2,7453.2,132
1784512620,7452.9,7455.8,7452.7,7455.8,136
1784512680,7455.7,7456.3,7455.2,7455.7,132
1784512740,7455.6,7456.9,7454.9,7455.7,130
1784512800,7455.9,7460.7,7455.8,7459.7,164
1784512860,7460.2,7464.1,7459.9,7462.7,182
1784512920,7462.6,7466.2,7462.4,7465.9,164
1784512980,7465.7,7466.2,7462.8,7462.9,130
1784513040,7463.1,7465.7,7462.8,7465.3,152
1784513100,7465.4,7466.9,7465.1,7466.3,146
1784513160,7466.1,7467.6,7465.7,7465.8,138
1784513220,7465.9,7466.3,7464.2,7464.9,134
1784513280,7465.1,7466.9,7464.7,7465.3,144
1784513340,7465.4,7466.1,7464.4,7464.7,134
1784513400,7464.8,7464.8,7463.2,7463.3,108
1784513460,7463.2,7464.1,7461.9,7462.6,138
1784513520,7462.3,7463.9,7462.2,7462.7,122
1784513580,7462.6,7462.9,7460.9,7461.3,106
1784513640,7461.1,7461.1,7459.9,7460.7,116
1784513700,7460.8,7461.2,7458.2,7458.7,112
1784513760,7458.6,7459.9,7457.9,7459.9,130
1784513820,7460.2,7460.9,7458.6,7458.9,126
1784513880,7458.8,7459.2,7456.9,7457.1,110
1784513940,7456.9,7457.1,7455.7,7456.2,126
1784514000,7456.6,7457.1,7455.7,7455.8,140
1784514060,7455.9,7457.4,7455.2,7457.3,134
1784514120,7456.9,7457.3,7455.6,7455.6,124
1784514180,7455.7,7457.2,7455.6,7456.1,138
1784514240,7456.4,7456.7,7455.6,7456.1,122
1784514300,7456.2,7457.4,7455.2,7456.2,100
1784514360,7456.1,7456.1,7454.7,7455.8,122
1784514420,7456.2,7457.3,7455.4,7457.3,132
1784514480,7457.7,7458.6,7457.1,7458.1,128
1784514540,7457.9,7458.9,7457.2,7457.7,132
1784514600,7457.4,7461.8,7457.4,7461.7,132
1784514660,7461.6,7462.8,7461.3,7461.8,132
1784514720,7461.7,7464.2,7461.4,7463.9,116
1784514780,7463.8,7465.4,7462.7,7462.7,140
1784514840,7462.4,7464.4,7461.8,7463.2,132
1784514900,7463.4,7464.3,7462.1,7463.4,146
1784514960,7463.3,7466.3,7463.1,7465.1,144
1784515020,7464.9,7465.9,7464.1,7464.4,134
1784515080,7464.2,7465.1,7463.9,7464.9,146
1784515140,7465.1,7465.1,7463.4,7463.7,124
1784515200,7463.6,7465.2,7463.1,7464.9,144
1784515260,7465.1,7467.2,7464.3,7466.6,132
1784515320,7466.4,7469.7,7466.4,7468.7,148
1784515380,7468.8,7470.2,7468.4,7469.7,136
1784515440,7469.9,7470.1,7467.6,7467.7,126
1784515500,7467.9,7469.2,7467.4,7469.1,148
1784515560,7468.9,7469.9,7468.4,7468.4,118
1784515620,7468.3,7468.9,7467.7,7468.6,138
1784515680,7468.7,7471.3,7468.3,7470.8,146
1784515740,7470.9,7471.2,7469.4,7471.2,112
1784515800,7471.4,7471.7,7470.2,7470.6,104
1784515860,7470.4,7470.6,7469.2,7469.3,108
1784515920,7469.2,7469.7,7468.7,7469.7,104
1784515980,7469.6,7469.9,7469.1,7469.4,114
1784516040,7469.2,7469.6,7468.1,7468.3,114
1784516100,7468.4,7468.9,7466.9,7467.2,122
1784516160,7466.9,7469.4,7466.7,7468.6,108
1784516220,7468.7,7468.7,7466.4,7466.7,106
1784516280,7466.4,7467.2,7466.4,7466.8,76
1784516340,7466.9,7467.4,7466.4,7466.7,74
1784516400,7466.6,7468.4,7466.3,7468.2,128
1784516460,7468.4,7468.8,7467.7,7467.7,94
1784516520,7467.9,7468.2,7466.7,7467.4,112
1784516580,7467.6,7468.2,7466.2,7467.4,112
1784516640,7467.3,7467.4,7466.2,7466.3,104
1784516700,7466.2,7466.6,7464.1,7464.3,102
1784516760,7464.4,7464.4,7463.2,7463.4,86
1784516820,7463.2,7463.6,7462.7,7463.2,82
1784516880,7462.9,7463.4,7462.3,7463.1,104
1784516940,7462.9,7464.3,7462.9,7463.4,88
1784517000,7463.7,7464.4,7463.4,7464.2,90
1784517060,7464.1,7464.7,7462.9,7463.4,132
1784517120,7463.6,7463.7,7462.4,7463.1,102
1784517180,7463.2,7464.2,7463.2,7463.4,124
1784517240,7463.7,7465.1,7462.8,7464.7,118
1784517300,7464.6,7467.7,7463.7,7467.4,144
1784517360,7467.3,7468.4,7466.8,7468.4,138
1784517420,7468.2,7468.7,7466.8,7467.7,114
1784517480,7467.8,7468.1,7466.7,7467.8,138
1784517540,7467.7,7467.9,7466.4,7466.7,114
1784517600,7466.6,7467.6,7466.1,7466.4,132
1784517660,7466.3,7467.4,7466.1,7466.7,148
1784517720,7466.8,7467.2,7465.7,7466.7,124
1784517780,7466.8,7466.9,7464.2,7465.1,114
1784517840,7464.9,7468.2,7464.9,7467.4,108
1784517900,7467.6,7467.7,7466.2,7467.4,120
1784517960,7467.6,7467.7,7466.4,7466.4,120
1784518020,7466.3,7466.3,7464.6,7465.7,106
1784518080,7465.9,7466.7,7464.8,7465.9,114
1784518140,7466.1,7466.4,7464.9,7465.3,138
1784518200,7465.4,7467.2,7464.1,7466.9,122
1784518260,7467.1,7468.4,7465.7,7466.3,136
1784518320,7466.2,7467.2,7465.3,7465.4,112
1784518380,7465.3,7467.3,7465.1,7465.7,122
1784518440,7465.6,7465.9,7465.2,7465.7,110
1784518500,7465.4,7465.7,7463.4,7463.8,134
1784518560,7463.7,7465.4,7463.4,7465.4,106
1784518620,7465.7,7467.7,7465.2,7467.2,134
1784518680,7467.3,7467.9,7465.9,7465.9,120
1784518740,7466.1,7467.4,7465.9,7467.1,106
1784518800,7466.9,7467.6,7465.7,7465.7,104
1784518860,7465.9,7467.2,7465.2,7466.3,148
1784518920,7466.4,7469.2,7466.1,7468.7,122
1784518980,7468.8,7469.1,7468.2,7468.7,104
1784519040,7468.4,7468.9,7467.4,7468.6,100
1784519100,7468.4,7468.9,7467.7,7468.1,130
1784519160,7467.9,7469.1,7467.4,7467.8,104
1784519220,7467.9,7468.9,7467.2,7468.9,140
1784519280,7468.8,7469.4,7468.6,7469.2,98
1784519340,7469.3,7469.4,7467.9,7468.6,116
1784519400,7468.7,7470.4,7468.2,7470.4,106
1784519460,7470.6,7470.6,7469.4,7470.2,90
1784519520,7470.1,7471.2,7469.9,7470.9,90
1784519580,7471.1,7471.4,7470.6,7470.7,66
1784519640,7470.8,7471.2,7470.4,7470.7,82
1784519700,7470.9,7470.9,7468.9,7469.1,94
1784519760,7468.9,7469.3,7467.7,7467.8,120
1784519820,7467.7,7468.2,7466.9,7466.9,106
1784519880,7466.7,7466.9,7464.9,7466.4,108
1784519940,7466.6,7466.8,7465.6,7466.6,116
1784520000,7466.7,7467.7,7466.4,7467.4,130
1784520060,7467.7,7468.7,7466.3,7467.1,108
1784520120,7467.2,7467.2,7466.2,7467.1,98
1784520180,7466.9,7467.3,7466.4,7467.2,112
1784520240,7467.1,7467.7,7466.8,7467.1,102
1784520300,7467.2,7467.2,7465.9,7466.3,104
1784520360,7466.2,7466.2,7465.1,7465.2,114
1784520420,7464.9,7465.2,7463.8,7464.7,114
1784520480,7464.4,7465.4,7464.2,7464.9,98
1784520540,7465.1,7465.2,7464.4,7464.9,78
1784520600,7465.2,7465.4,7463.9,7464.7,84
1784520660,7464.6,7465.8,7464.2,7465.4,106
1784520720,7465.2,7465.6,7464.4,7464.4,86
1784520780,7464.2,7464.7,7463.4,7464.2,120
1784520840,7463.9,7463.9,7462.4,7462.9,78
1784520900,7462.8,7462.9,7461.7,7462.1,78
1784520960,7462.2,7462.4,7461.4,7462.1,112
1784521020,7461.9,7462.2,7460.2,7460.9,70
1784521080,7461.2,7462.2,7460.9,7461.2,102
1784521140,7461.1,7462.4,7460.7,7462.3,106
1784521200,7462.2,7463.2,7461.3,7463.2,124
1784521260,7463.1,7463.4,7461.7,7461.9,108
1784521320,7462.2,7462.3,7461.2,7461.7,116
1784521380,7461.8,7463.9,7461.7,7463.1,122
1784521440,7463.2,7464.4,7463.2,7463.9,90
1784521500,7463.8,7465.2,7463.7,7464.8,126
1784521560,7464.9,7466.9,7464.6,7466.7,90
1784521620,7466.4,7468.2,7466.4,7468.2,82
1784521680,7468.1,7468.9,7467.9,7468.2,100
1784521740,7468.1,7469.4,7467.7,7468.9,82
1784521800,7468.7,7469.2,7467.4,7467.9,112
1784521860,7467.8,7469.2,7467.7,7468.6,106
1784521920,7468.4,7471.3,7468.2,7471.3,108
1784521980,7472.2,7473.2,7469.7,7469.7,122
1784522040,7469.8,7470.7,7469.3,7469.7,122
1784522100,7469.8,7470.9,7469.4,7470.7,86
1784522160,7470.6,7470.7,7468.7,7469.1,98
1784522220,7469.2,7470.7,7469.2,7470.3,108
1784522280,7470.4,7471.6,7470.2,7471.6,100
1784522340,7471.7,7472.9,7471.6,7471.7,112
1784522400,7471.4,7472.9,7471.4,7472.1,138
1784522460,7472.2,7472.9,7471.1,7471.8,96
1784522520,7471.9,7474.2,7471.6,7473.7,108
1784522580,7473.8,7473.8,7472.3,7472.7,106
1784522640,7472.9,7474.4,7472.8,7473.2,84
1784522700,7473.4,7473.8,7472.4,7473.2,86
1784522760,7473.3,7474.4,7472.8,7474.4,88
1784522820,7474.3,7474.9,7473.9,7474.4,88
1784522880,7474.6,7474.9,7474.2,7474.4,78
1784522940,7474.6,7475.2,7474.6,7474.9,70
1784523000,7475.2,7475.4,7473.9,7474.7,94
1784523060,7474.6,7476.2,7474.2,7475.8,124
1784523120,7475.9,7475.9,7474.7,7474.7,108
1784523180,7474.8,7474.9,7473.2,7473.3,66
1784523240,7473.2,7473.2,7472.4,7472.7,68
1784523300,7472.6,7473.4,7471.3,7471.3,82
1784523360,7471.4,7471.9,7470.8,7471.2,74
1784523420,7470.9,7471.4,7470.8,7470.8,92
1784523480,7470.9,7471.2,7470.1,7470.3,96
1784523540,7470.4,7470.7,7469.9,7470.2,90
1784523600,7470.7,7471.3,7469.7,7470.9,122
1784523660,7471.2,7471.4,7469.7,7469.9,114
1784523720,7469.7,7469.9,7469.2,7469.3,108
1784523780,7469.2,7469.7,7467.9,7469.4,116
1784523840,7469.2,7469.6,7467.9,7468.3,106
1784523900,7468.4,7468.4,7466.4,7466.4,56
1784523960,7466.2,7467.3,7465.9,7466.9,120
1784524020,7467.1,7467.1,7465.7,7466.8,80
1784524080,7466.6,7466.7,7465.6,7465.7,116
1784524140,7465.8,7466.1,7463.9,7464.7,102
1784524200,7464.8,7465.2,7462.7,7462.8,110
1784524260,7462.9,7462.9,7460.4,7460.7,108
1784524320,7460.8,7461.2,7458.9,7459.4,112
1784524380,7459.2,7463.7,7459.2,7463.4,146
1784524440,7463.6,7464.9,7462.8,7464.2,140
1784524500,7464.1,7464.2,7462.4,7463.3,136
1784524560,7463.4,7463.8,7462.7,7463.1,148
1784524620,7462.9,7463.2,7461.4,7461.4,144
1784524680,7461.6,7462.2,7461.2,7462.2,96
1784524740,7462.4,7463.9,7461.9,7463.7,108
1784524800,7463.4,7464.2,7461.9,7462.2,122
1784524860,7462.3,7462.9,7461.4,7461.7,114
1784524920,7461.4,7462.3,7461.3,7461.9,106
1784524980,7462.1,7462.3,7460.1,7461.2,94
1784525040,7461.1,7462.2,7460.9,7462.1,116
1784525100,7462.2,7462.2,7460.2,7462.1,118
1784525160,7461.9,7462.2,7460.9,7461.4,126
1784525220,7461.3,7462.9,7461.2,7462.4,92
1784525280,7462.7,7462.8,7460.9,7460.9,100
1784525340,7461.1,7461.8,7460.7,7461.4,110
1784525400,7461.2,7461.4,7459.9,7461.2,138
1784525460,7461.1,7461.6,7459.7,7460.8,144
1784525520,7460.7,7460.9,7460.1,7460.4,114
1784525580,7460.6,7461.4,7459.7,7459.7,108
1784525640,7459.8,7460.2,7458.7,7459.7,114
1784525700,7459.8,7461.2,7459.4,7460.3,94
1784525760,7460.4,7461.4,7459.9,7460.7,92
1784525820,7460.9,7461.7,7460.2,7460.2,116
1784525880,7459.9,7461.2,7459.7,7461.2,108
1784525940,7461.1,7461.1,7459.2,7459.4,120
1784526000,7459.2,7460.7,7459.1,7460.2,106
1784526060,7460.3,7461.2,7458.9,7459.1,148
1784526120,7458.9,7460.1,7458.7,7459.3,116
1784526180,7459.2,7459.9,7458.4,7459.2,124
1784526240,7458.9,7459.4,7458.4,7458.4,96
1784526300,7458.7,7458.9,7458.2,7458.3,106
1784526360,7458.6,7458.6,7457.2,7457.9,80
1784526420,7458.2,7460.4,7457.8,7460.2,104
1784526480,7460.4,7460.8,7458.4,7458.9,122
1784526540,7459.1,7459.2,7457.9,7459.1,96
1784526600,7458.9,7459.2,7457.7,7458.2,96
1784526660,7458.3,7458.4,7457.7,7457.7,104
1784526720,7457.6,7458.4,7456.7,7458.1,90
1784526780,7457.9,7458.2,7457.4,7457.4,80
1784526840,7457.6,7457.6,7455.8,7455.9,94
1784526900,7456.1,7457.7,7455.2,7457.6,108
1784526960,7457.4,7458.7,7457.2,7458.4,92
1784527020,7458.6,7459.4,7458.3,7459.2,74
1784527080,7459.4,7459.4,7457.2,7457.2,82
1784527140,7457.1,7457.2,7455.9,7457.2,98
1784527200,7457.7,7458.9,7457.2,7458.4,156
1784527260,7458.3,7459.7,7457.7,7459.4,116
1784527320,7459.6,7459.6,7456.9,7458.2,126
1784527380,7457.9,7458.9,7457.4,7457.7,106
1784527440,7457.8,7459.7,7457.6,7459.2,140
1784527500,7459.3,7459.7,7456.2,7457.3,120
1784527560,7457.6,7458.6,7457.1,7457.8,96
1784527620,7457.9,7458.3,7457.4,7457.8,110
1784527680,7457.7,7460.2,7457.7,7459.9,130
1784527740,7459.7,7460.4,7458.4,7458.4,92
1784527800,7458.2,7458.3,7456.2,7456.7,86
1784527860,7456.9,7457.4,7455.9,7456.1,66
1784527920,7455.9,7457.4,7455.7,7457.3,72
1784527980,7457.4,7457.7,7455.7,7455.9,84
1784528040,7456.1,7456.4,7455.7,7456.2,90
1784528100,7455.9,7456.4,7455.4,7456.3,88
1784528160,7456.4,7458.8,7456.4,7457.8,112
1784528220,7457.7,7458.2,7456.4,7456.4,108
1784528280,7456.7,7457.2,7455.4,7455.4,100
1784528340,7455.7,7457.2,7454.9,7456.9,82
1784528400,7457.4,7459.2,7457.2,7458.7,94
1784528460,7458.6,7458.8,7456.4,7456.4,74
1784528520,7456.2,7456.9,7455.9,7456.6,68
1784528580,7456.8,7457.9,7456.2,7456.6,82
1784528640,7456.4,7456.9,7454.2,7454.2,118
1784528700,7454.4,7455.7,7453.9,7455.4,72
1784528760,7455.6,7456.7,7454.9,7456.4,98
1784528820,7456.2,7456.4,7455.4,7455.9,102
1784528880,7455.8,7456.4,7455.4,7455.6,72
1784528940,7455.4,7457.1,7455.4,7456.2,114
1784529000,7455.9,7456.9,7455.2,7456.7,110
1784529060,7456.9,7456.9,7456.2,7456.2,82
1784529120,7455.9,7455.9,7453.8,7454.4,80
1784529180,7454.2,7454.7,7453.8,7454.4,104
1784529240,7454.2,7454.7,7453.3,7454.1,78
1784529300,7453.9,7454.2,7452.2,7452.9,86
1784529360,7452.8,7454.2,7452.4,7453.7,96
1784529420,7453.9,7453.9,7452.2,7453.4,104
1784529480,7453.7,7454.9,7453.6,7453.7,76
1784529540,7453.6,7454.2,7452.6,7453.6,92
1784529600,7453.4,7455.2,7453.2,7454.9,62
1784529660,7454.7,7459.2,7454.7,7458.9,112
1784529720,7459.2,7459.4,7455.4,7455.4,94
1784529780,7455.6,7456.8,7455.6,7456.6,78
1784529840,7456.7,7457.9,7456.7,7457.6,80
1784529900,7457.4,7457.7,7456.4,7456.9,90
1784529960,7457.2,7457.9,7456.9,7457.4,78
1784530020,7457.3,7457.9,7454.7,7454.7,86
1784530080,7454.8,7455.9,7454.7,7455.2,84
1784530140,7455.4,7456.2,7454.9,7455.7,46
1784530200,7455.9,7457.4,7455.9,7456.9,76
1784530260,7457.2,7458.4,7457.1,7458.4,48
1784530320,7458.2,7458.7,7457.3,7457.3,66
1784530380,7456.9,7458.2,7456.9,7457.3,64
1784530440,7457.2,7457.8,7456.9,7457.4,64
1784530500,7457.7,7457.9,7456.2,7457.7,98
1784530560,7457.8,7458.2,7457.2,7457.9,90
1784530620,7458.1,7458.3,7456.7,7456.7,82
1784530680,7456.4,7456.8,7455.4,7455.4,92
1784530740,7455.6,7458.2,7455.3,7458.2,78
1784530800,7458.4,7460.9,7458.2,7460.3,154
1784530860,7460.2,7463.4,7460.2,7462.9,134
1784530920,7463.2,7463.2,7461.2,7461.3,100
1784530980,7461.4,7462.4,7460.7,7461.7,122
1784531040,7461.8,7463.7,7461.3,7461.4,110
1784531100,7461.6,7462.7,7461.1,7461.3,124
1784531160,7461.2,7462.4,7460.1,7460.4,136
1784531220,7460.7,7461.4,7459.9,7461.4,124
1784531280,7461.3,7461.3,7459.9,7460.4,100
1784531340,7460.7,7461.4,7460.2,7461.4,96
1784531400,7461.7,7462.2,7460.7,7460.9,122
1784531460,7460.7,7461.7,7460.4,7460.8,114
1784531520,7460.7,7461.4,7459.7,7459.9,98
1784531580,7459.7,7461.3,7459.7,7460.2,90
1784531640,7460.4,7461.4,7460.1,7460.7,90
1784531700,7460.9,7460.9,7459.9,7460.4,98
1784531760,7460.3,7460.4,7459.7,7460.2,80
1784531820,7459.9,7460.2,7457.8,7457.8,94
1784531880,7457.9,7459.7,7457.8,7459.2,98
1784531940,7458.9,7459.9,7458.4,7459.9,66
1784532000,7460.2,7461.9,7459.4,7460.9,94
1784532060,7460.7,7461.1,7459.6,7459.9,72
1784532120,7460.1,7466.9,7459.7,7466.9,184
1784532180,7466.6,7467.2,7463.9,7464.7,144
1784532240,7464.8,7465.9,7464.3,7465.7,144
1784532300,7465.4,7466.9,7465.1,7466.4,130
1784532360,7466.3,7469.7,7466.1,7469.7,118
1784532420,7469.3,7470.9,7468.8,7468.9,122
1784532480,7469.2,7470.1,7468.2,7468.9,112
1784532540,7469.1,7470.9,7468.9,7470.7,106
1784532600,7470.6,7475.4,7470.4,7473.4,152
1784532660,7472.9,7474.7,7472.4,7472.9,136
1784532720,7472.8,7474.2,7472.4,7472.7,130
1784532780,7472.8,7475.9,7472.4,7475.3,132
1784532840,7475.2,7478.1,7474.7,7476.8,134
1784532900,7476.7,7477.7,7476.4,7476.7,130
1784532960,7476.9,7478.9,7476.2,7476.4,140
1784533020,7476.7,7477.4,7475.7,7477.3,102
1784533080,7477.2,7478.6,7475.7,7477.2,140
1784533140,7477.3,7478.4,7476.9,7477.4,134
1784533200,7477.7,7477.7,7476.4,7477.2,110
1784533260,7477.1,7480.4,7476.3,7476.3,146
1784533320,7476.2,7478.7,7475.7,7476.9,164
1784533380,7477.4,7477.4,7476.3,7476.9,98
1784533440,7477.1,7478.4,7476.7,7478.2,104
1784533500,7478.4,7479.4,7476.8,7479.4,116
1784533560,7479.6,7479.7,7477.4,7477.8,126
1784533620,7477.9,7477.9,7474.6,7475.2,104
1784533680,7474.9,7475.4,7474.3,7474.7,82
1784533740,7474.8,7475.1,7474.2,7474.7,88
1784533800,7474.4,7474.7,7472.9,7472.9,98
1784533860,7472.7,7474.7,7472.7,7474.4,102
1784533920,7474.7,7475.4,7474.2,7475.1,74
1784533980,7474.9,7475.4,7474.2,7474.2,90
1784534040,7473.9,7474.6,7473.4,7474.2,100
1784534100,7473.9,7475.4,7473.9,7475.2,86
1784534160,7475.7,7477.9,7475.6,7477.9,94
1784534220,7478.2,7478.7,7477.1,7477.9,102
1784534280,7477.8,7478.9,7477.7,7478.2,118
1784534340,7478.1,7478.2,7476.4,7476.9,80
1784534400,7477.2,7480.7,7476.7,7479.6,154
1784534460,7479.7,7480.2,7478.7,7479.2,132
1784534520,7478.9,7481.7,7478.8,7480.6,130
1784534580,7480.4,7481.1,7479.9,7481.1,104
1784534640,7481.4,7481.4,7479.4,7479.8,94
1784534700,7479.6,7480.7,7477.6,7478.4,128
1784534760,7478.6,7479.3,7478.2,7478.3,106
1784534820,7478.4,7478.4,7476.2,7476.7,94
1784534880,7476.6,7476.6,7475.2,7476.2,72
1784534940,7476.1,7476.9,7476.1,7476.8,82
1784535000,7476.9,7477.2,7475.9,7476.8,92
1784535060,7476.9,7478.4,7476.7,7477.7,86
1784535120,7477.8,7481.1,7477.4,7480.7,134
1784535180,7480.4,7480.7,7479.9,7480.3,98
1784535240,7480.4,7481.2,7480.4,7480.9,40
1784535300,7481.2,7482.2,7481.2,7481.8,96
1784535360,7481.9,7482.6,7481.4,7482.2,98
1784535420,7482.1,7482.2,7479.9,7479.9,96
1784535480,7480.2,7481.2,7479.9,7480.9,72
1784535540,7480.7,7481.2,7480.2,7480.2,58
1784535600,7479.9,7480.4,7478.2,7478.7,78
1784535660,7478.8,7479.4,7478.3,7478.8,82
1784535720,7478.9,7479.8,7478.9,7479.1,76
1784535780,7479.2,7479.7,7478.4,7478.4,62
1784535840,7478.6,7479.9,7478.4,7479.7,66
1784535900,7479.4,7479.9,7478.7,7478.8,94
1784535960,7478.7,7479.6,7478.4,7479.2,96
1784536020,7479.3,7479.4,7478.4,7478.9,96
1784536080,7479.2,7480.2,7479.2,7479.9,72
1784536140,7479.7,7480.4,7478.6,7478.6,68
1784536200,7478.7,7479.4,7475.8,7476.1,116
1784536260,7475.9,7477.2,7475.7,7476.9,70
1784536320,7477.2,7477.6,7475.4,7475.4,90
1784536380,7475.7,7475.7,7473.9,7475.2,78
1784536440,7474.9,7475.9,7474.6,7475.9,50
1784536500,7475.8,7475.9,7474.4,7475.1,80
1784536560,7474.9,7475.8,7474.4,7475.2,60
1784536620,7475.1,7475.4,7473.9,7474.9,110
1784536680,7475.2,7476.9,7474.9,7475.9,68
1784536740,7476.1,7476.9,7476.1,7476.4,56
1784536800,7476.3,7476.7,7475.9,7476.7,54
1784536860,7476.9,7477.4,7476.7,7477.4,68
1784536920,7477.3,7477.4,7475.7,7476.2,100
1784536980,7476.1,7476.2,7473.7,7473.9,78
1784537040,7473.7,7474.2,7473.2,7473.9,86
1784537100,7473.8,7474.7,7473.3,7474.2,62
1784537160,7473.9,7474.7,7473.9,7474.4,78
1784537220,7474.3,7474.4,7473.6,7474.4,90
1784537280,7474.7,7475.1,7474.1,7475.1,98
1784537340,7474.9,7476.9,7474.8,7476.7,98
1784537400,7476.6,7476.9,7476.2,7476.4,72
1784537460,7476.2,7476.9,7475.6,7476.4,76
1784537520,7476.7,7476.7,7474.7,7475.2,74
1784537580,7475.3,7475.9,7474.8,7475.4,82
1784537640,7475.6,7475.7,7473.4,7473.9,60
1784537700,7474.2,7474.4,7473.7,7473.7,96
1784537760,7473.9,7475.2,7473.7,7475.2,70
1784537820,7475.1,7475.9,7474.6,7475.4,88
1784537880,7475.2,7476.2,7475.1,7475.4,80
1784537940,7475.6,7475.6,7474.7,7475.2,66
1784538000,7475.4,7476.2,7474.8,7475.9,82
1784538060,7475.8,7476.8,7475.4,7476.1,100
1784538120,7476.2,7476.4,7474.7,7474.7,114
1784538180,7474.4,7474.9,7473.9,7474.6,68
1784538240,7474.7,7475.2,7474.1,7474.2,92
1784538300,7473.9,7473.9,7472.4,7472.8,100
1784538360,7472.9,7474.2,7472.7,7473.9,98
1784538420,7473.8,7473.9,7472.2,7472.9,66
1784538480,7472.7,7474.9,7472.6,7473.7,78
1784538540,7473.4,7474.1,7472.9,7473.4,62
1784538600,7473.6,7475.4,7472.9,7475.1,102
1784538660,7475.2,7475.4,7474.4,7474.4,60
1784538720,7474.7,7474.9,7473.9,7474.4,56
1784538780,7474.6,7474.6,7473.8,7474.2,42
1784538840,7474.1,7474.7,7473.2,7473.9,68
1784538900,7474.1,7476.7,7473.9,7476.2,86
1784538960,7476.4,7476.9,7475.7,7476.9,54
1784539020,7477.1,7477.9,7476.7,7477.4,86
1784539080,7477.6,7477.7,7474.9,7475.3,72
1784539140,7475.4,7475.4,7474.1,7474.1,72
1784539200,7473.9,7476.2,7473.9,7475.7,56
1784539260,7475.8,7477.9,7475.7,7477.7,92
1784539320,7477.6,7478.2,7477.4,7478.1,80
1784539380,7477.9,7479.3,7477.9,7478.6,58
1784539440,7478.7,7478.9,7477.6,7478.2,106
1784539500,7478.4,7478.7,7477.7,7478.4,38
1784539560,7478.3,7478.9,7478.2,7478.3,74
1784539620,7478.2,7478.7,7477.9,7478.2,54
1784539680,7478.1,7478.6,7477.7,7478.2,70
1784539740,7477.9,7478.7,7477.9,7478.2,44
1784539800,7477.9,7478.2,7477.2,7478.1,96
1784539860,7478.2,7480.4,7477.9,7479.2,102
1784539920,7478.9,7479.4,7478.7,7478.9,62
1784539980,7478.8,7480.2,7478.4,7479.4,82
1784540040,7479.7,7479.7,7478.3,7478.6,80
1784540100,7478.4,7479.9,7478.4,7479.7,86
1784540160,7479.4,7480.2,7478.7,7479.2,72
1784540220,7479.1,7479.2,7478.4,7478.7,62
1784540280,7478.6,7479.4,7478.6,7478.9,52
1784540340,7478.7,7479.7,7478.6,7479.7,48
1784540400,7479.9,7480.3,7479.2,7480.1,86
1784540460,7479.9,7481.9,7479.9,7481.4,56
1784540520,7481.2,7482.1,7480.8,7481.2,80
1784540580,7481.1,7481.7,7480.9,7480.9,62
1784540640,7481.2,7481.9,7481.2,7481.7,48
1784540700,7481.4,7482.9,7481.4,7481.9,78
1784540760,7482.2,7483.2,7481.9,7482.9,48
1784540820,7483.4,7483.7,7483.1,7483.2,46
1784540880,7483.4,7484.3,7483.2,7483.9,56
1784540940,7484.4,7484.9,7484.2,7484.7,54
1784541000,7484.6,7484.9,7484.2,7484.9,56
1784541060,7485.1,7485.9,7484.9,7485.4,62
1784541120,7485.6,7488.4,7485.3,7488.4,92
1784541180,7488.2,7488.4,7485.7,7485.7,84
1784541240,7485.8,7485.8,7484.6,7484.7,44
1784541300,7484.6,7484.6,7481.7,7481.9,88
1784541360,7482.2,7482.7,7481.7,7482.2,70
1784541420,7482.3,7483.1,7481.9,7482.4,64
1784541480,7482.8,7483.2,7482.6,7482.7,56
1784541540,7482.4,7482.9,7481.7,7482.7,52
1784541600,7482.8,7483.4,7481.9,7481.9,52
1784541660,7481.7,7481.7,7480.7,7480.9,50
1784541720,7481.2,7481.4,7480.9,7481.4,44
1784541780,7481.7,7481.7,7480.9,7481.1,44
1784541840,7481.2,7481.9,7480.9,7481.7,86
1784541900,7481.4,7481.7,7481.2,7481.2,78
1784541960,7481.3,7481.9,7479.6,7479.9,64
1784542020,7480.1,7480.2,7479.7,7480.2,68
1784542080,7480.1,7480.9,7479.9,7480.4,78
1784542140,7480.6,7480.7,7480.2,7480.4,38
1784542200,7480.3,7481.7,7479.9,7481.7,64
1784542260,7481.4,7482.2,7480.7,7480.9,74
1784542320,7480.7,7480.9,7479.4,7479.7,90
1784542380,7479.4,7479.9,7478.9,7479.7,52
1784542440,7479.8,7479.8,7478.9,7479.4,42
1784542500,7479.2,7479.3,7477.9,7478.9,62
1784542560,7479.2,7479.7,7478.9,7479.4,62
1784542620,7479.7,7479.7,7478.4,7478.4,68
1784542680,7478.2,7479.4,7478.2,7479.4,54
1784542740,7479.2,7479.4,7477.9,7478.7,66
1784542800,7478.8,7481.2,7478.4,7481.2,76
1784542860,7481.1,7481.2,7479.7,7479.9,50
1784542920,7480.2,7481.4,7479.4,7481.4,64
1784542980,7481.6,7481.9,7480.9,7480.9,50
1784543040,7481.1,7481.4,7480.2,7481.1,64
1784543100,7480.9,7481.9,7479.2,7479.3,100
1784543160,7479.4,7481.2,7479.2,7480.8,82
1784543220,7480.7,7481.4,7480.3,7481.2,46
1784543280,7481.3,7481.4,7480.2,7481.4,64
1784543340,7481.7,7481.8,7480.9,7480.9,60
1784543400,7480.7,7483.7,7480.7,7481.8,108
1784543460,7481.7,7482.1,7480.1,7480.2,88
1784543520,7480.3,7480.9,7479.9,7480.1,76
1784543580,7480.2,7481.6,7479.7,7481.3,68
1784543640,7481.4,7481.7,7480.8,7481.6,88
1784543700,7481.4,7481.4,7478.7,7479.4,104
1784543760,7479.3,7480.1,7478.9,7479.9,90
1784543820,7480.2,7480.3,7479.2,7479.8,82
1784543880,7479.7,7479.9,7478.7,7479.7,58
1784543940,7479.9,7480.2,7479.7,7479.7,50
1784544000,7479.3,7480.1,7478.4,7478.9,98
1784544060,7478.7,7480.7,7478.7,7480.2,80
1784544120,7480.1,7480.4,7479.7,7480.1,74
1784544180,7480.2,7480.4,7479.7,7479.9,72
1784544240,7480.1,7480.9,7480.1,7480.7,64
1784544300,7480.4,7481.2,7479.4,7480.9,64
1784544360,7481.1,7482.7,7480.9,7482.4,92
1784544420,7482.3,7482.8,7481.7,7482.6,90
1784544480,7482.4,7483.4,7481.7,7483.2,84
1784544540,7483.4,7483.4,7481.9,7482.4,74
1784544600,7482.7,7482.9,7481.4,7482.7,76
1784544660,7482.6,7483.2,7482.4,7482.7,82
1784544720,7482.4,7483.2,7482.4,7482.9,52
1784544780,7483.2,7484.4,7483.2,7484.1,44
1784544840,7484.2,7485.2,7483.9,7485.2,56
1784544900,7485.1,7485.2,7482.9,7482.9,56
1784544960,7483.2,7483.4,7482.7,7482.8,46
1784545020,7482.7,7483.4,7482.4,7482.9,62
1784545080,7482.7,7482.9,7482.2,7482.4,44
1784545140,7482.7,7483.2,7482.4,7482.9,54
1784545200,7483.2,7484.4,7481.7,7484.3,146
1784545260,7484.2,7484.9,7482.6,7482.8,84
1784545320,7482.9,7483.7,7482.4,7482.7,92
1784545380,7482.8,7485.7,7482.4,7485.4,80
1784545440,7485.2,7487.1,7484.2,7486.8,106
1784545500,7486.7,7488.4,7486.7,7487.9,90
1784545560,7487.7,7488.2,7487.2,7487.2,76
1784545620,7487.4,7487.9,7486.7,7487.4,94
1784545680,7487.6,7488.7,7486.7,7488.7,66
1784545740,7488.4,7488.7,7487.9,7488.2,80
1784545800,7488.1,7488.4,7487.7,7488.2,48
1784545860,7488.4,7488.8,7487.4,7488.4,96
1784545920,7488.6,7488.6,7487.6,7488.6,78
1784545980,7488.7,7490.4,7488.7,7489.2,74
1784546040,7489.1,7489.1,7488.1,7488.4,76
1784546100,7488.7,7489.3,7488.1,7488.1,92
1784546160,7487.9,7488.3,7487.4,7487.9,58
1784546220,7487.7,7487.9,7487.4,7487.9,44
1784546280,7488.1,7488.3,7486.2,7486.2,80
1784546340,7486.4,7487.4,7486.2,7486.4,90
1784546400,7486.7,7487.2,7486.4,7486.7,38
1784546460,7486.6,7486.7,7485.2,7485.4,50
1784546520,7485.7,7485.7,7484.9,7485.4,62
1784546580,7485.2,7485.9,7485.2,7485.8,60
1784546640,7485.7,7485.9,7484.9,7484.9,48
1784546700,7484.7,7485.4,7484.7,7484.9,34
1784546760,7485.2,7485.4,7483.9,7484.2,56
1784546820,7483.9,7484.7,7483.9,7484.2,52
1784546880,7483.9,7484.7,7483.9,7484.4,20
1784546940,7484.7,7485.1,7484.4,7484.7,22
1784547000,7484.4,7497.3,7484.2,7492.3,246
1784547060,7492.2,7498.9,7491.3,7497.3,216
1784547120,7496.4,7502.8,7496.4,7502.8,214
1784547180,7502.9,7506.3,7500.4,7500.9,220
1784547240,7501.3,7503.8,7500.1,7502.1,190
1784547300,7501.9,7504.3,7500.1,7501.3,174
1784547360,7501.4,7501.4,7499.2,7500.1,136
1784547420,7499.9,7500.8,7499.7,7500.4,120
1784547480,7500.6,7501.6,7499.3,7499.9,138
1784547540,7499.7,7500.8,7499.4,7499.7,122
1784547600,7499.4,7500.2,7497.4,7499.4,110
1784547660,7499.2,7503.4,7499.2,7502.9,120
1784547720,7503.2,7503.4,7501.7,7502.2,134
1784547780,7502.4,7503.6,7500.7,7500.7,126
1784547840,7500.6,7501.7,7499.9,7500.2,108
1784547900,7500.4,7501.9,7499.9,7499.9,114
1784547960,7499.8,7500.9,7498.9,7499.2,114
1784548020,7498.9,7499.7,7496.2,7498.2,114
1784548080,7498.3,7498.3,7494.9,7497.2,156
1784548140,7497.1,7497.3,7495.7,7495.7,82
1784548200,7495.8,7495.8,7493.7,7493.9,132
1784548260,7494.1,7496.8,7493.9,7496.7,110
1784548320,7496.9,7498.4,7496.8,7498.2,116
1784548380,7498.1,7498.4,7496.4,7497.4,102
1784548440,7497.3,7498.7,7496.7,7498.2,60
1784548500,7498.1,7498.4,7496.7,7497.2,90
1784548560,7497.4,7497.6,7496.2,7496.2,78
1784548620,7496.4,7497.9,7496.1,7497.4,76
1784548680,7497.6,7497.7,7496.7,7497.3,90
1784548740,7497.2,7497.4,7495.7,7496.7,86
1784548800,7496.9,7496.9,7492.4,7493.2,114
1784548860,7493.3,7493.7,7491.9,7492.2,88
1784548920,7492.1,7493.2,7482.3,7484.2,212
1784548980,7484.1,7486.4,7482.3,7484.1,248
1784549040,7483.8,7487.9,7483.8,7485.9,198
1784549100,7485.8,7487.4,7484.7,7487.2,156
1784549160,7487.4,7489.4,7486.7,7487.9,158
1784549220,7487.7,7491.1,7486.7,7491.1,124
1784549280,7490.2,7490.2,7486.4,7489.1,178
1784549340,7489.2,7489.9,7488.4,7488.4,126
1784549400,7488.7,7489.7,7487.9,7488.9,108
1784549460,7488.7,7488.9,7486.9,7488.1,136
1784549520,7488.2,7488.4,7485.1,7485.8,142
1784549580,7485.9,7486.4,7484.9,7485.9,116
1784549640,7485.8,7487.9,7485.4,7487.2,104
1784549700,7486.9,7487.4,7484.7,7486.2,92
1784549760,7486.4,7488.9,7486.1,7488.9,98
1784549820,7488.7,7488.9,7487.7,7488.7,100
1784549880,7488.4,7489.2,7488.2,7488.2,84
1784549940,7488.4,7488.7,7486.4,7487.2,106
1784550000,7487.4,7487.9,7485.7,7486.1,86
1784550060,7485.9,7486.7,7485.9,7486.2,64
1784550120,7486.4,7486.7,7484.9,7485.2,86
1784550180,7485.1,7486.4,7485.1,7486.2,62
1784550240,7486.3,7486.8,7485.7,7485.7,74
1784550300,7485.9,7486.1,7484.4,7485.4,88
1784550360,7485.3,7488.2,7485.3,7487.9,98
1784550420,7487.7,7489.7,7487.4,7489.7,78
1784550480,7489.4,7491.2,7489.4,7490.3,112
1784550540,7490.4,7491.2,7489.9,7491.2,72
1784550600,7492.3,7492.3,7490.2,7491.2,122
1784550660,7490.9,7492.2,7490.6,7490.7,76
1784550720,7490.6,7491.2,7490.2,7490.7,72
1784550780,7490.8,7490.8,7488.7,7488.8,88
1784550840,7488.7,7490.2,7487.7,7490.2,100
1784550900,7490.3,7491.4,7489.7,7491.3,100
1784550960,7491.2,7491.7,7490.7,7490.9,108
1784551020,7490.7,7491.4,7490.7,7491.2,58
1784551080,7491.1,7491.4,7490.7,7491.4,46
1784551140,7491.6,7491.9,7489.9,7489.9,78
1784551200,7489.8,7490.7,7489.6,7489.7,58
1784551260,7489.6,7490.2,7488.4,7489.7,84
1784551320,7489.6,7490.2,7488.2,7488.2,74
1784551380,7487.9,7488.2,7487.2,7487.6,72
1784551440,7487.7,7487.7,7485.3,7486.2,76
1784551500,7486.4,7486.7,7485.9,7486.4,60
1784551560,7486.7,7486.9,7486.2,7486.7,64
1784551620,7486.9,7490.4,7486.9,7490.4,92
1784551680,7490.7,7491.7,7489.8,7490.2,76
1784551740,7490.4,7490.7,7489.4,7490.3,70
1784551800,7490.2,7490.4,7488.9,7490.4,68
1784551860,7490.2,7490.2,7488.8,7488.9,62
1784551920,7488.7,7489.4,7487.2,7487.2,76
1784551980,7487.4,7488.2,7487.2,7487.4,60
1784552040,7487.3,7488.9,7485.4,7485.7,100
1784552100,7485.8,7485.9,7483.7,7484.7,84
1784552160,7484.4,7485.2,7484.3,7485.2,68
1784552220,7484.9,7485.9,7484.4,7485.7,64
1784552280,7485.9,7487.9,7485.9,7487.4,76
1784552340,7487.2,7488.7,7486.7,7488.4,88
1784552400,7488.7,7490.1,7487.7,7489.4,140
1784552460,7489.2,7489.2,7487.9,7488.4,98
1784552520,7488.7,7488.9,7487.9,7488.4,86
1784552580,7488.2,7491.2,7488.2,7491.2,98
1784552640,7490.7,7491.2,7490.4,7490.8,80
1784552700,7490.7,7490.9,7489.7,7490.4,64
1784552760,7490.2,7490.7,7489.2,7490.2,94
1784552820,7490.4,7491.2,7490.2,7490.7,58
1784552880,7490.4,7491.2,7489.4,7490.2,78
1784552940,7490.1,7490.4,7489.7,7489.9,48
1784553000,7490.2,7491.2,7489.9,7490.4,58
1784553060,7490.2,7492.4,7490.2,7491.7,100
1784553120,7491.4,7491.7,7489.7,7490.2,46
1784553180,7489.9,7490.2,7488.7,7488.7,68
1784553240,7488.4,7488.9,7488.2,7488.4,34
1784553300,7488.7,7488.7,7487.2,7487.9,70
1784553360,7487.7,7488.6,7487.4,7488.2,30
1784553420,7488.3,7489.4,7488.2,7488.8,84
1784553480,7488.9,7489.7,7488.7,7489.2,68
1784553540,7489.4,7489.9,7488.7,7489.4,48
1784553600,7489.7,7490.2,7489.4,7489.9,78
1784553660,7489.7,7490.4,7489.7,7490.1,38
1784553720,7489.9,7490.9,7489.7,7489.9,64
1784553780,7489.7,7490.7,7489.4,7490.7,56
1784553840,7490.6,7492.2,7490.4,7491.4,88
1784553900,7491.2,7493.4,7491.2,7493.2,92
1784553960,7492.9,7495.4,7492.9,7495.2,68
1784554020,7495.4,7497.2,7494.8,7495.9,84
1784554080,7494.7,7494.9,7493.2,7494.1,88
1784554140,7493.9,7495.2,7492.4,7495.2,138
1784554200,7496.5,7502.8,7494.3,7502,226
1784554260,7502.7,7503.8,7500.3,7501,170
1784554320,7501.3,7505.2,7501.3,7504.8,188
1784554380,7504.5,7505.3,7501.8,7502.3,150
1784554440,7502.5,7505.3,7501,7505.3,125
1784554500,7506,7508,7502.8,7504,166
1784554560,7503.8,7508.5,7503.8,7508.3,114
1784554620,7508.2,7511.8,7507.5,7511,132
1784554680,7510.8,7512.5,7507.5,7508.3,142
1784554740,7508,7508.3,7504.7,7507.3,146
1784554800,7507,7508.8,7506,7507.3,158
1784554860,7507.8,7509.5,7507,7507.5,144
1784554920,7507.3,7508.3,7506.3,7508.2,146
1784554980,7508.3,7511.4,7507.5,7510.5,124
1784555040,7510,7511.5,7509.5,7511,110
1784555100,7511.3,7512.5,7507.3,7507.3,158
1784555160,7507,7508,7504.5,7506,140
1784555220,7505.5,7505.5,7503,7503.8,156
1784555280,7504.3,7505,7502.5,7503.8,138
1784555340,7503.5,7504,7500.5,7501,134
1784555400,7500.8,7503.3,7500.8,7501.5,154
1784555460,7501.3,7502.8,7496.8,7497,144
1784555520,7496.5,7497,7489.5,7492.4,194
1784555580,7492.3,7492.8,7487.8,7490,192
1784555640,7489.8,7491.5,7488.3,7489.4,174
1784555700,7489.8,7490,7486.5,7487.3,170
1784555760,7487,7487,7483.3,7486.3,198
1784555820,7486.2,7486.3,7482.5,7482.8,166
1784555880,7482.9,7484.8,7480.8,7480.9,168
1784555940,7481,7483.5,7480.5,7481.5,196
1784556000,7481.3,7485.6,7480.8,7484.4,200
1784556060,7484.3,7485.1,7479.6,7482.6,188
1784556120,7482.3,7485.9,7481.7,7485.9,176
1784556180,7485.8,7487.3,7484.9,7486.8,174
1784556240,7487.6,7489.1,7484.1,7484.1,168
1784556300,7484.3,7486.3,7483.3,7483.8,188
1784556360,7483.6,7484.3,7480.6,7481.9,180
1784556420,7482.1,7482.3,7479.3,7481.6,164
1784556480,7481.8,7483.8,7479.3,7479.4,182
1784556540,7479.3,7480.8,7478.4,7479.6,182
1784556600,7479.3,7479.6,7475.3,7476.3,156
1784556660,7475.8,7477.6,7473.8,7475.1,170
1784556720,7474.8,7475.6,7473.3,7474.3,148
1784556780,7474.1,7476.8,7473.3,7476.6,178
1784556840,7476.8,7478.3,7474.4,7475.6,176
1784556900,7475.8,7480.1,7474.6,7479.6,186
1784556960,7479.7,7480.6,7474.1,7474.6,142
1784557020,7474.7,7475.8,7473.1,7473.8,166
1784557080,7473.6,7475.3,7473.1,7475.3,166
1784557140,7475.1,7476.3,7472.1,7474.6,150
1784557200,7474.3,7474.3,7469.6,7470.8,178
1784557260,7471.1,7471.1,7468.1,7470.7,156
1784557320,7471.3,7473.1,7469.1,7473.1,188
1784557380,7472.7,7476.8,7472.3,7476.1,156
1784557440,7475.8,7477.8,7475.4,7475.4,174
1784557500,7475.3,7479.1,7474.8,7477.8,164
1784557560,7478.1,7479.3,7475.8,7479.1,148
1784557620,7479.3,7480.3,7477.3,7477.7,154
1784557680,7477.8,7479.6,7476.3,7479.3,168
1784557740,7479.6,7483.1,7478.9,7482.3,176
1784557800,7482.6,7484.8,7480.7,7484.1,178
1784557860,7484.6,7484.8,7480.8,7483.6,154
1784557920,7483.8,7484.1,7478.3,7479.8,170
1784557980,7480.1,7480.1,7477.6,7478.1,168
1784558040,7478.3,7480.6,7476.2,7478.1,180
1784558100,7478.3,7479.6,7476.4,7479.1,186
1784558160,7479.3,7479.6,7476.1,7476.3,178
1784558220,7476.1,7479.1,7475.3,7478.9,184
1784558280,7478.8,7480.1,7477.3,7479.3,170
1784558340,7479.4,7481.3,7478.2,7479.6,174
1784558400,7479.4,7483.7,7479.1,7482.4,178
1784558460,7482.3,7482.9,7476.2,7476.6,170
1784558520,7476.8,7479.1,7475.3,7476.3,168
1784558580,7476.4,7478.9,7474.1,7474.3,186
1784558640,7474.1,7476.3,7473.3,7474.8,182
1784558700,7474.2,7479.1,7470.8,7478.8,180
1784558760,7479.1,7483.3,7478.8,7480.9,162
1784558820,7480.8,7482.6,7476.6,7476.6,144
1784558880,7476.1,7477.1,7472.7,7473.8,186
1784558940,7474.3,7475.6,7471.8,7472.1,172
1784559000,7471.8,7474.6,7470.8,7472.6,176
1784559060,7472.3,7475.3,7471.6,7473.6,174
1784559120,7473.7,7475.3,7470.3,7470.8,168
1784559180,7470.6,7470.8,7467.6,7468.3,158
1784559240,7468.6,7471.2,7468.1,7469.2,182
1784559300,7468.6,7470.3,7467.8,7470.3,164
1784559360,7470.2,7470.8,7465.1,7465.6,160
1784559420,7465.8,7467.3,7464.8,7467.3,186
1784559480,7467.6,7468.8,7464.1,7464.3,178
1784559540,7464.2,7468.3,7463.3,7467.1,170
1784559600,7466.6,7468.3,7464.1,7468.1,180
1784559660,7468.3,7470.7,7466.8,7470.6,186
1784559720,7470.8,7472.6,7469.3,7472.6,176
1784559780,7472.8,7474.6,7471.1,7471.2,188
1784559840,7471.3,7472.3,7469.6,7471.6,162
1784559900,7471.3,7473.1,7464.3,7465.2,192
1784559960,7465.3,7468.8,7465.3,7468.7,156
1784560020,7468.6,7473.3,7468.3,7472.8,158
1784560080,7472.6,7478.1,7472.1,7475.7,156
1784560140,7476.1,7480.7,7475.1,7480.1,226
1784560200,7479.6,7480.3,7475.6,7475.6,168
1784560260,7475.1,7475.8,7472.6,7473.8,184
1784560320,7474.1,7476.6,7473.1,7473.6,144
1784560380,7473.3,7476.1,7472.8,7475.3,164
1784560440,7475.6,7476.1,7472.8,7473.8,174
1784560500,7474.3,7477.4,7471.9,7477.3,174
1784560560,7477.1,7478.7,7475.8,7478.7,152
1784560620,7478.6,7479.8,7477.6,7479.8,144
1784560680,7480.1,7481.1,7479.1,7479.6,130
1784560740,7479.8,7479.8,7476.6,7478.6,162
1784560800,7478.3,7479.8,7476.6,7479.3,172
1784560860,7479.6,7481.8,7479.2,7481.2,138
1784560920,7481.3,7483.1,7480.8,7482.6,134
1784560980,7482.8,7485.1,7481.8,7482.1,148
1784561040,7482.3,7484.6,7481.8,7483.3,130
1784561100,7483.1,7485.1,7482.8,7483.3,146
1784561160,7483.6,7485.6,7481.9,7481.9,138
1784561220,7482.6,7484.1,7481.3,7481.6,124
1784561280,7481.3,7482.1,7478.1,7478.6,150
1784561340,7478.4,7484.6,7478.1,7484.4,166
1784561400,7484.6,7485.6,7483.3,7484.6,128
1784561460,7484.8,7485.8,7484.6,7485.8,110
1784561520,7485.6,7485.9,7484.3,7484.6,114
1784561580,7484.3,7485.3,7483.8,7484.6,130
1784561640,7484.3,7485.8,7483.8,7484.6,140
1784561700,7484.7,7485.2,7482.8,7484.1,130
1784561760,7483.6,7484.6,7483.1,7484.1,124
1784561820,7483.8,7484.1,7480.1,7480.1,134
1784561880,7479.9,7482.1,7479.8,7482.1,148
1784561940,7482.3,7483.8,7480.3,7480.4,132
1784562000,7480.6,7480.8,7478.7,7479.6,148
1784562060,7479.7,7482.8,7479.4,7482.1,138
1784562120,7481.9,7484.1,7481.6,7483.1,134
1784562180,7482.8,7484.9,7482.1,7482.3,134
1784562240,7481.8,7485.6,7481.6,7485.6,114
1784562300,7485.3,7485.8,7482.1,7483.3,132
1784562360,7483.1,7484.1,7481.8,7482.8,102
1784562420,7483.1,7484.3,7479.3,7480.6,146
1784562480,7480.3,7480.3,7477.6,7478.3,136
1784562540,7477.8,7480.1,7476.6,7478.3,134
1784562600,7478.6,7479.6,7477.1,7479.3,162
1784562660,7479.8,7483.6,7479.4,7482.7,138
1784562720,7482.8,7484.3,7481.8,7483.7,136
1784562780,7483.8,7486.8,7483.3,7486.8,128
1784562840,7486.9,7489.3,7486.9,7488.1,126
1784562900,7488.6,7489.8,7488.3,7489.3,92
1784562960,7489.8,7490.1,7488.6,7489.8,116
1784563020,7489.7,7490.1,7487.1,7487.3,106
1784563080,7487.6,7488.8,7486.1,7486.8,108
1784563140,7487.1,7487.3,7485.1,7485.8,98
1784563200,7485.6,7488.1,7484.8,7487.1,100
1784563260,7487.6,7488.3,7485.6,7485.6,128
1784563320,7485.3,7485.6,7481.8,7482.8,124
1784563380,7482.9,7487.4,7481.3,7487.4,134
1784563440,7487.7,7488.1,7486.8,7487.3,102
1784563500,7487.6,7491.1,7487.6,7491.1,100
1784563560,7491.3,7492.3,7490.1,7492.3,88
1784563620,7491.8,7492.8,7491.6,7491.8,86
1784563680,7492.1,7493.6,7492.1,7493.3,102
1784563740,7493.1,7494.1,7492.8,7493.6,94
1784563800,7493.8,7495.6,7493.1,7495.1,96
1784563860,7495.6,7495.8,7494.1,7494.6,98
1784563920,7494.3,7495.8,7494.3,7494.3,76
1784563980,7494.1,7495.3,7492.2,7493.1,96
1784564040,7492.8,7494.3,7492.3,7493.6,94
1784564100,7493.8,7494.3,7490.3,7490.6,130
1784564160,7490.3,7491.3,7489.8,7491.1,84
1784564220,7490.8,7492.6,7490.3,7492.6,108
1784564280,7492.3,7492.8,7491.3,7492.6,106
1784564340,7492.3,7492.8,7492.1,7492.8,90
1784564400,7492.6,7493.6,7492.3,7493.3,106
1784564460,7493.4,7493.6,7492.3,7492.8,92
1784564520,7493.1,7493.3,7491.8,7492.8,94
1784564580,7493.1,7494.6,7492.8,7494.3,74
1784564640,7494.6,7494.6,7492.6,7493.6,84
1784564700,7493.7,7494.1,7489.1,7489.3,116
1784564760,7489.6,7489.6,7487.3,7488.6,124
1784564820,7488.3,7490.8,7488.3,7489.8,122
1784564880,7489.6,7489.8,7488.8,7489.1,66
1784564940,7489.3,7491.1,7489.1,7490.6,100
1784565000,7491.1,7493.4,7489.3,7489.8,114
1784565060,7489.6,7490.3,7488.8,7489.8,96
1784565120,7490.1,7490.3,7487.8,7487.8,102
1784565180,7487.9,7488.3,7484.3,7484.3,108
1784565240,7484.6,7486.1,7483.6,7483.9,126
1784565300,7483.8,7485.8,7483.6,7484.8,114
1784565360,7485.3,7485.6,7484.1,7485.2,98
1784565420,7485.3,7486.6,7483.7,7486.6,122
1784565480,7486.8,7487.1,7484.8,7486.3,86
1784565540,7486.1,7489.1,7486.1,7489.1,90
1784565600,7488.8,7490.8,7487.6,7488.6,98
1784565660,7488.3,7489.6,7472.4,7478.7,198
1784565720,7479.6,7482.3,7478.1,7480.3,204
1784565780,7480.8,7482.6,7479.6,7481.8,156
1784565840,7481.6,7482.3,7478.3,7479.8,178
1784565900,7479.6,7480.6,7478.3,7480.1,166
1784565960,7479.9,7484.6,7478.1,7484.6,160
1784566020,7484.7,7487.1,7484.3,7485.1,124
1784566080,7485.6,7486.3,7484.9,7485.6,116
1784566140,7485.3,7487.8,7485.3,7487.3,80
1784566200,7487.1,7487.6,7482.9,7483.8,136
1784566260,7483.7,7484.8,7481.3,7481.8,108
1784566320,7481.6,7481.8,7479.6,7481.1,122
1784566380,7481.3,7481.3,7479.6,7480.6,122
1784566440,7480.7,7480.7,7475.1,7475.8,124
1784566500,7475.6,7477.4,7475.1,7477.3,150
1784566560,7477.2,7477.3,7473.1,7473.6,150
1784566620,7473.1,7475.8,7473.1,7475.1,148
1784566680,7474.8,7476.8,7474.4,7474.6,126
1784566740,7474.3,7476.3,7473.7,7475.6,116
1784566800,7476.1,7477.6,7475.3,7477.3,120
1784566860,7477.8,7477.8,7471.8,7472.8,136
1784566920,7472.6,7473.8,7472.1,7473.3,122
1784566980,7473.7,7474.1,7472.1,7472.8,88
1784567040,7472.7,7473.1,7471.3,7471.4,112
1784567100,7471.3,7471.8,7468.8,7469.9,116
1784567160,7469.8,7470.3,7468.3,7470.1,96
1784567220,7470.3,7470.3,7468.3,7468.4,100
1784567280,7468.6,7469.1,7467.1,7468.4,122
1784567340,7468.6,7472.1,7468.3,7471.3,104
1784567400,7471.6,7472.1,7467.7,7468.8,108
1784567460,7468.6,7468.7,7467.6,7467.8,88
1784567520,7468.1,7468.6,7467.2,7467.8,102
1784567580,7467.6,7468.6,7466.1,7467.1,116
1784567640,7466.9,7466.9,7464.3,7464.6,102
1784567700,7464.3,7464.3,7461.6,7461.8,122
1784567760,7462.1,7462.8,7461.3,7461.7,100
1784567820,7461.8,7465.8,7461.6,7465.4,124
1784567880,7465.6,7467.3,7465.6,7467.3,86
1784567940,7467.6,7468.1,7465.6,7466.6,106
1784568000,7466.3,7467.1,7465.3,7466.6,84
1784568060,7466.3,7468.1,7466.3,7468.1,88
1784568120,7468.3,7470.3,7468.3,7468.9,120
1784568180,7469.1,7469.8,7467.3,7468.3,102
1784568240,7468.1,7468.6,7465.8,7466.6,108
1784568300,7466.3,7467.6,7465.3,7467.6,102
1784568360,7467.3,7469.1,7466.1,7469.1,100
1784568420,7468.8,7469.3,7464.6,7465.1,108
1784568480,7465.3,7465.8,7464.8,7465.8,88
1784568540,7466.1,7467.1,7465.3,7466.8,88
1784568600,7467.1,7468.6,7465.3,7466.8,128
1784568660,7466.6,7466.8,7465.3,7465.3,102
1784568720,7465.6,7467.6,7465.1,7467.3,108
1784568780,7467.6,7467.8,7466.1,7467.1,118
1784568840,7466.8,7469.6,7466.8,7468.8,98
1784568900,7468.7,7471.1,7468.1,7470.1,108
1784568960,7470.3,7470.6,7466.3,7466.8,110
1784569020,7466.6,7467.1,7465.8,7466.3,112
1784569080,7466.6,7467.3,7465.6,7466.6,100
1784569140,7466.3,7468.1,7465.3,7465.6,130
1784569200,7465.8,7466.1,7463.1,7463.8,98
1784569260,7464.1,7464.6,7462.1,7464.3,124
1784569320,7463.8,7464.8,7463.3,7464.6,82
1784569380,7464.3,7465.3,7461.3,7462.3,140
1784569440,7462.1,7463.3,7461.8,7463.1,112
1784569500,7463.3,7468.1,7462.7,7467.8,142
1784569560,7467.9,7469.1,7465.8,7467.1,132
1784569620,7466.8,7467.6,7465.9,7467.6,112
1784569680,7467.8,7469.1,7467.1,7468.6,92
1784569740,7468.8,7468.8,7466.8,7467.8,94
1784569800,7468.1,7470.1,7467.6,7469.1,92
1784569860,7468.9,7471.3,7467.7,7471.1,114
1784569920,7470.8,7473.1,7470.8,7472.6,108
1784569980,7472.3,7473.3,7471.6,7473.1,92
1784570040,7472.9,7474.3,7471.8,7472.1,108
1784570100,7471.9,7472.3,7470.1,7471.1,108
1784570160,7470.6,7471.1,7467.7,7468.8,116
1784570220,7469.1,7471.8,7469.1,7471.3,108
1784570280,7471.6,7472.6,7470.1,7470.8,86
1784570340,7470.6,7471.1,7469.8,7471.1,82
1784570400,7471.3,7474.6,7471.3,7474.6,98
1784570460,7474.8,7477.1,7474.8,7476.6,128
1784570520,7476.4,7476.6,7474.6,7476.6,122
1784570580,7476.8,7476.8,7473.1,7474.3,114
1784570640,7474.4,7474.7,7473.3,7473.8,82
1784570700,7474.1,7474.8,7473.3,7473.6,112
1784570760,7473.3,7474.6,7472.3,7474.3,88
1784570820,7474.4,7474.8,7472.3,7472.6,100
1784570880,7472.3,7472.6,7470.8,7471.6,86
1784570940,7471.8,7474.3,7471.8,7474.3,92
1784571000,7474.1,7474.6,7472.6,7474.3,92
1784571060,7474.4,7474.8,7472.7,7474.6,92
1784571120,7474.8,7477.3,7474.3,7476.3,78
1784571180,7476.6,7477.6,7476.1,7476.8,74
1784571240,7477.1,7477.1,7475.6,7475.9,54
1784571300,7476.1,7476.8,7475.3,7475.6,108
1784571360,7475.7,7477.6,7474.6,7476.8,98
1784571420,7477.1,7479.6,7477.1,7477.6,80
1784571480,7477.8,7478.6,7475.3,7477.1,102
1784571540,7477.3,7478.3,7476.4,7478.2,48
1784571600,7478.3,7478.7,7476.8,7477.3,86
1784571660,7477.6,7477.7,7474.1,7475.6,82
1784571720,7475.3,7475.3,7472.3,7472.9,128
1784571780,7472.8,7472.8,7470.1,7471.1,114
1784571840,7471.2,7471.2,7468.1,7468.6,132
1784571900,7468.3,7471.6,7467.1,7471.3,126
1784571960,7471.2,7472.6,7471.1,7471.6,112
1784572020,7471.7,7471.9,7470.1,7470.6,114
1784572080,7470.3,7472.1,7469.8,7472.1,104
1784572140,7472.3,7473.6,7470.3,7470.6,108
1784572200,7470.3,7470.3,7465.9,7466.3,120
1784572260,7466.6,7467.1,7464.8,7466.3,140
1784572320,7466.6,7466.9,7465.1,7466.1,108
1784572380,7465.8,7466.1,7463.1,7464.3,114
1784572440,7464.1,7464.3,7460.1,7462.1,128
1784572500,7461.8,7465.6,7461.8,7464.6,118
1784572560,7464.8,7468.1,7464.6,7467.4,128
1784572620,7467.3,7468.6,7465.1,7465.1,106
1784572680,7464.9,7467.1,7463.3,7463.6,108
1784572740,7463.8,7463.8,7460.3,7461.3,126
1784572800,7461.1,7461.6,7458.3,7458.3,136
1784572860,7458.1,7458.1,7456.1,7457.8,144
1784572920,7458.1,7458.1,7455.6,7456.6,128
1784572980,7456.8,7457.1,7453.8,7454.8,142
1784573040,7455.1,7455.3,7451.1,7451.1,150
1784573100,7450.8,7452.8,7449.7,7451.2,172
1784573160,7451.3,7455.1,7450.8,7455.1,142
1784573220,7454.8,7455.8,7453.8,7454.6,138
1784573280,7454.3,7455.2,7453.8,7454.1,122
1784573340,7453.9,7455.1,7452.3,7452.3,124
1784573400,7452.2,7454.3,7451.3,7453.6,104
1784573460,7453.1,7453.8,7452.1,7452.8,114
1784573520,7453.1,7455.2,7453.1,7454.3,122
1784573580,7454.6,7456.1,7453.6,7455.3,108
1784573640,7455.6,7457.6,7454.8,7456.3,92
1784573700,7456.1,7456.6,7454.6,7456.1,112
1784573760,7456.3,7456.6,7454.8,7455.3,108
1784573820,7455.1,7455.1,7452.8,7452.9,98
1784573880,7452.8,7452.8,7450.2,7452.8,114
1784573940,7453.1,7454.3,7452.3,7452.7,124
1784574000,7452.6,7457.1,7452.6,7457.1,132
1784574060,7456.8,7457.1,7455.8,7456.8,100
1784574120,7456.6,7457.1,7452.6,7452.6,128
1784574180,7452.8,7452.8,7450.3,7450.8,118
1784574240,7450.7,7452.1,7449.6,7451.1,120
1784574300,7451.6,7452.1,7449.1,7449.6,120
1784574360,7449.3,7452.3,7448.1,7452.3,138
1784574420,7452.1,7452.3,7450.3,7451.8,136
1784574480,7451.6,7451.8,7450.3,7450.8,112
1784574540,7450.9,7453.6,7450.6,7452.1,120
1784574600,7452.3,7456.2,7452.1,7455.1,142
1784574660,7454.8,7454.8,7450.1,7450.6,120
1784574720,7450.3,7450.8,7449.1,7449.3,104
1784574780,7449.1,7449.3,7445.1,7445.3,122
1784574840,7445.4,7445.6,7442.3,7442.3,118
1784574900,7442.1,7444.6,7440.3,7443.6,148
1784574960,7444.1,7445.1,7442.8,7445.1,114
1784575020,7445.3,7447.1,7442.1,7444.6,148
1784575080,7444.8,7445.1,7443.3,7445.1,122
1784575140,7444.8,7446.3,7444.3,7444.3,126
1784575200,7444.6,7447.1,7443.8,7444.1,120
1784575260,7443.8,7446.1,7443.8,7444.6,130
1784575320,7444.8,7446.6,7444.8,7444.8,98
1784575380,7444.7,7448.3,7443.1,7448.3,138
1784575440,7448.1,7449.6,7447.1,7448.4,126
1784575500,7448.3,7449.1,7445.8,7445.8,114
1784575560,7446.1,7446.1,7444.3,7445.1,76
1784575620,7444.8,7445.8,7443.8,7445.8,104
1784575680,7445.6,7446.6,7444.6,7445.1,108
1784575740,7445.3,7454.3,7444.8,7452.3,160
1784575800,7452.6,7454.6,7449.3,7449.6,180
1784575860,7449.3,7455.1,7448.8,7455.1,152
1784575920,7454.6,7457.1,7454.1,7457.1,160
1784575980,7457.3,7457.3,7454.3,7454.8,146
1784576040,7454.7,7456.6,7454.3,7455.1,128
1784576100,7454.8,7455.8,7451.6,7452.1,148
1784576160,7451.8,7453.6,7450.8,7451.7,112
1784576220,7451.6,7452.7,7450.6,7451.6,118
1784576280,7451.3,7455.1,7450.7,7454.1,112
1784576340,7453.8,7456.8,7453.3,7455.3,126
1784576400,7455.1,7457.3,7453.8,7457.3,136
1784576460,7457.1,7458.6,7456.4,7458.1,106
1784576520,7458.3,7459.1,7454.4,7454.6,128
1784576580,7454.4,7456.3,7453.6,7456.1,118
1784576640,7455.8,7456.3,7454.8,7455.8,118
1784576700,7455.6,7458.3,7453.1,7453.8,174
1784576760,7453.6,7456.6,7452.8,7456.6,136
1784576820,7456.3,7456.3,7453.8,7454.3,110
1784576880,7454.1,7454.3,7452.8,7454.3,132
1784576940,7454.6,7456.8,7454.3,7456.7,136
1784577000,7456.6,7456.6,7449.3,7450.8,196
1784577060,7450.6,7451.4,7447.6,7448.3,138
1784577120,7448.4,7449.6,7446.6,7448.3,154
1784577180,7448.1,7448.1,7446.1,7446.1,114
1784577240,7445.6,7447.8,7445.1,7447.6,118
1784577300,7446.8,7446.8,7443.1,7444.8,160
1784577360,7445.1,7447.6,7443.1,7447.3,134
1784577420,7447.6,7447.9,7445.8,7446.3,116
1784577480,7446.1,7447.1,7445.8,7446.6,116
1784577540,7445.8,7447.6,7442.6,7447.6,190
1784577600,7448.2,7455,7448.2,7453.7,170
1784577660,7453.5,7453.5,7450.6,7450.6,104
1784577720,7450.7,7451.1,7449.2,7449.2,96
1784577780,7449.5,7449.5,7448.2,7448.3,58
1784577840,7448.5,7449.5,7448,7448.7,74
1784577900,7448.5,7449.7,7448.2,7448.7,72
1784577960,7448.5,7449.5,7447.7,7447.7,46
1784578020,7447.2,7447.2,7444,7445,72
1784578080,7445.5,7445.5,7444.7,7445.5,58
1784578140,7445.2,7445.2,7443.2,7444.2,62
1784578200,7444,7444.3,7443,7443.5,46
1784578260,7443.2,7443.5,7443,7443.2,34
1784578320,7443.5,7444.2,7443.2,7444,26
1784578380,7443.7,7445,7443.7,7444.3,34
1784578440,7444,7445,7443.2,7443.7,76
1784578500,7443.5,7444,7442.5,7442.5,64
1784578560,7442.2,7443,7442,7442.2,48
1784578620,7442.5,7442.5,7440.7,7441,48
1784578680,7440.7,7441,7440.5,7441,12
1784578740,7440.7,7441.7,7440.7,7441.5,38
1784578800,7441.7,7442,7441.2,7441.7,30
1784578860,7442,7442.2,7442,7442,22
1784578920,7442.2,7442.2,7441.2,7441.5,20
1784578980,7441.7,7442,7440.7,7441.5,38
1784579040,7441.2,7442,7441.2,7441.7,22
1784579100,7442,7442.7,7442,7442.5,22
1784579160,7442.2,7442.2,7438.7,7439,60
1784579220,7438.7,7440,7438.7,7439.8,34
1784579280,7439.7,7441,7439.7,7440.5,36
1784579340,7440.2,7441.2,7440.2,7441,24
1784579400,7441.2,7441.2,7440.7,7441.2,10
1784579460,7441,7442.7,7441,7442,34
1784579520,7442.1,7442.7,7441.7,7442.2,36
1784579580,7442.5,7443.2,7442.2,7443,30
1784579640,7443.2,7443.7,7443,7443.5,16
1784579700,7443.2,7443.7,7443,7443.7,10
1784579760,7444,7444.2,7443.7,7444,26
1784579820,7444.2,7445,7444.2,7444.7,18
1784579880,7444.5,7445.2,7444.2,7444.7,34
1784579940,7444.5,7444.7,7444.2,7444.7,8
1784580000,7445,7445,7444,7444.3,46
1784580060,7444.2,7444.7,7444,7444.5,16
1784580120,7444.2,7444.2,7442.7,7442.7,34
1784580180,7443,7443.2,7443,7443,10
1784580240,7442.7,7443.7,7442.7,7443.7,16
1784580300,7444,7444,7443,7443.2,38
1784580360,7443.5,7444.5,7443.5,7444.5,22
1784580420,7444.3,7445.2,7444.2,7445,26
1784580480,7445.2,7445.5,7444.7,7445,12
1784580540,7444.7,7445,7444.7,7445,8
1784580600,7445.2,7445.2,7443.5,7444,44
1784580660,7443.7,7444,7442.5,7443.5,42
1784580720,7443.7,7444.2,7443.2,7443.7,36
1784580780,7444,7444.2,7443.7,7443.7,8
1784580840,7444,7445.2,7444,7445.2,12
1784580900,7445,7445.2,7444.5,7444.7,20
1784580960,7444.5,7445.5,7444.5,7445.5,22
1784581020,7445.2,7445.7,7445,7445.5,12
1784581080,7445.2,7445.5,7445.2,7445.5,8
1784584800,7444.9,7444.9,7442.2,7442.9,70
1784584860,7442.7,7443.9,7442.1,7443.6,72
1784584920,7443.4,7443.6,7441.3,7441.8,88
1784584980,7441.9,7441.9,7440.4,7441.4,66
1784585040,7441.6,7442.4,7439.6,7439.9,54
1784585100,7440.1,7440.1,7436.2,7436.7,114
1784585160,7436.9,7438.3,7436.1,7436.1,80
1784585220,7436.3,7438.1,7436.3,7436.9,84
1784585280,7437.1,7438.8,7437.1,7437.8,50
1784585340,7437.9,7439.4,7437.9,7439.1,62
1784585400,7439.2,7439.6,7439.1,7439.2,46
1784585460,7439.3,7439.9,7438.3,7438.7,82
1784585520,7438.6,7439.3,7438.4,7439.1,58
1784585580,7439.2,7439.6,7438.9,7439.4,46
1784585640,7439.6,7439.6,7438.3,7438.7,50
1784585700,7438.6,7439.1,7438.3,7439.1,60
1784585760,7439.2,7439.2,7438.3,7438.6,28
1784585820,7438.4,7438.6,7437.8,7438.3,42
1784585880,7438.2,7439.3,7437.6,7437.8,48
1784585940,7438.1,7438.9,7437.9,7438.6,78
1784586000,7438.8,7438.9,7437.8,7438.2,44
1784586060,7438.1,7439.2,7437.8,7438.9,54
1784586120,7438.8,7439.3,7438.6,7438.8,30
1784586180,7438.4,7439.1,7438.3,7438.6,34
1784586240,7438.7,7440.1,7438.3,7439.6,40
1784586300,7439.7,7439.7,7438.6,7439.1,38
1784586360,7439.2,7439.8,7439.2,7439.6,32
1784586420,7439.3,7439.6,7437.7,7438.1,64
1784586480,7438.2,7438.8,7438.1,7438.6,22
1784586540,7438.3,7438.7,7438.2,7438.6,30
1784586600,7438.8,7439.3,7438.6,7439.1,22
1784586660,7439.2,7439.6,7438.8,7439.4,26
1784586720,7439.6,7439.7,7437.8,7438.6,48
1784586780,7438.4,7438.4,7437.1,7437.3,34
1784586840,7437.2,7437.3,7435.8,7436.4,60
1784586900,7436.3,7436.6,7436.1,7436.3,42
1784586960,7436.1,7436.6,7436.1,7436.4,44
1784587020,7436.3,7437.6,7436.3,7437.6,28
1784587080,7437.4,7437.4,7436.6,7436.8,40
1784587140,7437.3,7438.6,7437.1,7437.4,62
1784587200,7437.6,7437.8,7437.1,7437.1,28
1784587260,7437.2,7438.6,7437.2,7438.3,60
1784587320,7438.6,7438.6,7437.9,7438.3,32
1784587380,7438.2,7438.3,7437.8,7438.3,12
1784587440,7438.6,7438.8,7438.1,7438.8,18
1784587500,7439.1,7439.6,7438.1,7438.2,68
1784587560,7438.3,7438.3,7437.3,7437.6,50
1784587620,7437.7,7438.1,7437.6,7437.8,26
1784587680,7437.7,7437.8,7437.3,7437.3,24
1784587740,7437.6,7437.6,7436.6,7437.6,64
1784587800,7437.4,7437.4,7436.6,7437.1,58
1784587860,7436.8,7437.7,7436.8,7437.4,38
1784587920,7437.3,7437.6,7437.3,7437.6,18
1784587980,7437.4,7437.9,7437.4,7437.8,18
1784588040,7437.7,7438.3,7437.7,7437.8,28
1784588100,7437.9,7438.2,7437.6,7438.1,26
1784588220,7437.9,7438.2,7437.7,7438.1,26
1784588280,7437.9,7437.9,7437.7,7437.8,16
1784588340,7438.1,7438.3,7437.8,7438.1,30
1784588400,7438.3,7438.6,7437.4,7437.6,52
1784588460,7437.4,7438.3,7437.4,7438.2,36
1784588520,7438.3,7440.3,7438.3,7439.7,64
1784588580,7439.6,7440.4,7439.4,7440.1,26
1784588640,7439.9,7440.6,7439.9,7440.4,44
1784588700,7440.7,7441.1,7440.6,7441.1,46
1784588760,7441.2,7441.6,7441.1,7441.6,52
1784588820,7442.1,7443.7,7442.1,7443.6,68
1784588880,7443.7,7444.4,7443.7,7444.3,36
1784588940,7444.4,7445.4,7444.4,7445.3,42
1784589000,7445.4,7445.8,7445.1,7445.7,56
1784589060,7445.6,7445.8,7445.3,7445.3,46
1784589120,7445.4,7445.8,7445.1,7445.6,54
1784589180,7445.4,7445.4,7444.8,7444.8,58
1784589240,7444.6,7445.6,7444.3,7445.6,38
1784589300,7445.8,7446.4,7445.3,7445.8,72
1784589360,7445.7,7445.7,7445.3,7445.4,26
1784589420,7445.6,7446.3,7445.6,7446.1,30
1784589480,7446.3,7447.6,7446.1,7446.8,52
1784589540,7447.1,7450.1,7447.1,7449.8,76
1784589600,7449.7,7450.3,7449.4,7449.6,54
1784589660,7449.7,7451.7,7449.7,7449.8,78
1784589720,7449.9,7452.1,7449.7,7451.8,64
1784589780,7451.7,7452.2,7451.3,7452.1,72
1784589840,7451.8,7452.1,7451.3,7451.6,56
1784589900,7451.7,7452.1,7451.3,7451.3,52
1784589960,7451.2,7451.7,7451.1,7451.6,20
1784590020,7451.2,7451.2,7450.4,7451.1,56
1784590080,7451.2,7451.7,7451.2,7451.7,12
1784590140,7451.6,7452.6,7451.6,7452.3,40
1784590200,7452.2,7452.6,7451.6,7452.3,44
1784590260,7452.1,7452.6,7451.9,7452.3,42
1784590320,7452.1,7453.4,7452.1,7453.3,50
1784590380,7453.4,7453.6,7452.6,7452.9,32
1784590440,7452.8,7452.9,7452.3,7452.6,52
1784590500,7452.4,7452.6,7452.2,7452.4,24
1784590560,7452.6,7452.6,7451.6,7451.6,48
1784590620,7451.8,7451.9,7451.6,7451.6,22
1784590680,7451.4,7452.1,7451.4,7451.8,30
1784590740,7451.6,7451.7,7450.8,7451.1,30
1784590800,7451.2,7451.2,7450.6,7451.1,18
1784590860,7450.8,7451.4,7450.8,7451.1,36
1784590920,7451.2,7451.6,7451.1,7451.1,14
1784590980,7451.2,7451.6,7450.9,7451.6,32
1784591040,7451.7,7452.1,7451.3,7451.6,36
1784591100,7451.3,7453.1,7451.2,7452.2,132
1784591160,7452.3,7452.9,7450.8,7451.2,132
1784591220,7451.3,7452.2,7450.1,7452.2,114
1784591280,7452.1,7452.4,7450.7,7450.7,86
1784591340,7450.6,7450.6,7449.4,7449.6,108
1784591400,7449.3,7449.6,7447.1,7447.4,94
1784591460,7447.2,7447.6,7444.6,7444.9,92
1784591520,7445.1,7445.2,7443.8,7444.4,118
1784591580,7444.6,7445.1,7443.8,7443.9,114
1784591640,7444.1,7446.6,7443.3,7446.4,118
1784591700,7446.3,7447.7,7445.6,7447.7,146
1784591760,7447.8,7449.3,7447.8,7448.7,110
1784591820,7448.6,7449.3,7448.6,7449.1,102
1784591880,7448.9,7450.3,7448.3,7449.3,102
1784591940,7449.1,7449.1,7446.7,7447.8,126
1784592000,7447.4,7447.4,7440.9,7441.4,214
1784592060,7441.8,7444.4,7440.6,7440.7,190
1784592120,7440.8,7441.4,7439.8,7440.7,168
1784592180,7440.8,7442.6,7440.3,7441.3,180
1784592240,7441.4,7442.4,7440.6,7441.9,164
1784592300,7442.1,7443.3,7439.9,7440.8,174
1784592360,7440.9,7442.9,7440.3,7441.6,170
1784592420,7441.4,7441.4,7437.1,7438.2,168
1784592480,7438.3,7438.7,7437.1,7438.2,156
1784592540,7438.3,7440.3,7437.9,7439.7,190
1784592600,7439.8,7439.9,7437.9,7438.6,154
1784592660,7438.4,7439.9,7437.6,7439.1,162
1784592720,7438.8,7442.8,7438.2,7442.2,168
1784592780,7441.9,7444.8,7441.9,7443.6,176
1784592840,7443.3,7444.3,7439.6,7440.3,180
1784592900,7440.8,7440.8,7437.6,7437.8,176
1784592960,7437.9,7440.6,7436.6,7440.1,186
1784593020,7440.2,7443.1,7439.4,7442.9,174
1784593080,7443.1,7444.1,7441.6,7443.4,166
1784593140,7443.3,7448.1,7443.2,7447.6,146
1784593200,7447.4,7448.3,7446.3,7446.6,188
1784593260,7446.3,7447.4,7444.8,7445.1,180
1784593320,7445.3,7445.6,7443.8,7444.9,146
1784593380,7444.8,7445.1,7443.8,7443.8,164
1784593440,7443.9,7446.6,7443.7,7446.4,164
1784593500,7446.3,7447.2,7444.8,7445.8,164
1784593560,7445.9,7447.6,7445.9,7446.9,140
1784593620,7447.1,7450.6,7446.8,7450.3,148
1784593680,7450.6,7451.1,7448.8,7449.3,150
1784593740,7449.1,7449.8,7448.3,7448.8,142
1784593800,7448.9,7450.6,7448.6,7450.2,146
1784593860,7450.3,7452.1,7450.1,7451.4,130
1784593920,7451.6,7454.1,7451.3,7454.1,98
1784593980,7454.2,7455.6,7452.9,7452.9,140
1784594040,7452.8,7455.1,7452.6,7454.7,142
1784594100,7454.8,7455.2,7454.1,7454.3,126
1784594160,7454.4,7454.9,7452.8,7453.3,142
1784594220,7453.1,7454.3,7452.1,7453.8,124
1784594280,7453.9,7455.1,7453.3,7453.9,126
1784594340,7453.8,7455.6,7453.8,7454.7,110
1784594400,7454.8,7455.8,7454.4,7454.7,102
1784594460,7454.8,7455.8,7454.3,7455.3,114
1784594520,7455.6,7456.8,7455.1,7455.9,116
1784594580,7455.8,7456.1,7453.4,7453.8,102
1784594640,7453.7,7455.6,7453.7,7455.1,120
1784594700,7455.2,7456.6,7454.6,7454.9,136
1784594760,7454.8,7455.8,7453.3,7455.7,140
1784594820,7455.8,7456.1,7455.1,7455.8,118
1784594880,7455.7,7458.1,7455.7,7457.8,122
1784594940,7457.7,7458.6,7457.6,7457.8,110
1784595000,7457.9,7458.6,7457.6,7458.2,102
1784595060,7458.3,7458.3,7456.9,7457.6,70
1784595120,7457.4,7458.1,7457.1,7457.4,100
1784595180,7457.6,7457.6,7456.8,7457.6,74
1784595240,7457.3,7457.8,7455.9,7456.6,108
1784595300,7456.4,7456.8,7455.1,7455.1,106
1784595360,7455.3,7455.6,7455.1,7455.4,112
1784595420,7455.3,7456.6,7454.9,7456.3,102
1784595480,7456.2,7456.2,7455.3,7455.6,100
1784595540,7455.7,7455.8,7454.8,7454.8,92
1784595600,7455.2,7455.8,7453.6,7454.7,154
1784595660,7454.8,7454.9,7453.3,7453.6,122
1784595720,7453.4,7454.1,7452.1,7453.4,132
1784595780,7453.6,7454.6,7452.1,7454.1,142
1784595840,7453.8,7456.3,7453.8,7456.2,118
1784595900,7456.3,7458.3,7456.3,7458.1,150
1784595960,7458.3,7459.8,7458.1,7458.7,142
1784596020,7458.6,7459.1,7457.3,7459.1,146
1784596080,7458.8,7460.8,7458.6,7459.6,102
1784596140,7459.7,7460.6,7459.3,7459.7,114
1784596200,7459.6,7460.7,7458.9,7460.1,90
1784596260,7459.9,7460.3,7458.8,7459.3,98
1784596320,7459.2,7460.7,7459.1,7460.7,114
1784596380,7460.8,7460.8,7459.1,7459.3,122
1784596440,7459.2,7461.3,7459.2,7460.6,100
1784596500,7460.7,7461.6,7460.7,7461.1,82
1784596560,7460.9,7462.1,7460.8,7461.1,96
1784596620,7460.9,7461.7,7459.2,7459.2,108
1784596680,7459.1,7459.3,7458.1,7458.1,130
1784596740,7458.3,7461.6,7457.3,7460.4,146
1784596800,7460.2,7461.6,7458.4,7460.4,158
1784596860,7460.3,7460.6,7459.2,7459.2,116
1784596920,7459.3,7460.1,7458.8,7459.6,118
1784596980,7459.7,7459.8,7458.8,7458.8,106
1784597040,7459.1,7460.6,7458.9,7459.3,110
1784597100,7459.6,7459.8,7458.8,7459.3,96
1784597160,7459.2,7459.2,7457.8,7458.3,124
1784597220,7458.4,7459.8,7458.3,7458.4,118
1784597280,7458.3,7458.9,7457.9,7458.8,122
1784597340,7458.7,7459.6,7458.1,7458.3,104
1784597400,7458.6,7460.3,7457.6,7457.6,120
1784597460,7457.3,7459.6,7457.3,7459.6,138
1784597520,7459.4,7459.9,7459.1,7459.9,98
1784597580,7459.8,7460.7,7459.3,7460.3,98
1784597640,7460.4,7460.8,7459.9,7460.4,72
1784597700,7460.3,7460.6,7459.1,7459.1,62
1784597760,7458.8,7460.6,7458.8,7460.6,96
1784597820,7460.8,7460.8,7459.3,7460.2,88
1784597880,7460.1,7460.3,7458.6,7458.7,108
1784597940,7458.8,7458.8,7456.8,7456.9,106
1784598000,7457.1,7457.6,7455.8,7457.4,76
1784598060,7457.6,7457.6,7455.3,7455.6,106
1784598120,7455.3,7455.6,7454.8,7455.2,120
1784598180,7455.3,7455.3,7453.8,7454.1,110
1784598240,7453.8,7454.8,7453.6,7454.4,102
1784598300,7454.6,7455.8,7453.6,7455.6,106
1784598360,7455.8,7456.6,7455.6,7456.2,94
1784598420,7456.3,7457.7,7456.2,7456.7,132
1784598480,7456.9,7458.6,7456.8,7457.1,96
1784598540,7457.3,7458.6,7457.3,7457.8,80
1784598600,7457.9,7458.6,7457.1,7458.2,120
1784598660,7458.1,7458.1,7455.6,7455.6,118
1784598720,7455.7,7456.7,7455.7,7456.6,98
1784598780,7456.7,7456.7,7455.4,7456.6,106
1784598840,7456.4,7457.8,7455.9,7457.8,108
1784598900,7457.6,7457.6,7456.1,7456.6,142
1784598960,7456.7,7457.4,7455.4,7455.8,92
1784599020,7456.1,7456.1,7454.3,7455.3,94
1784599080,7455.2,7455.6,7454.8,7455.3,84
1784599140,7455.2,7455.7,7454.6,7455.6,120
1784599200,7455.9,7456.6,7455.3,7456.1,126
1784599260,7456.2,7456.6,7455.3,7455.6,106
1784599320,7455.4,7456.8,7455.2,7456.3,110
1784599380,7456.4,7458.6,7456.3,7458.6,114
1784599440,7458.4,7459.3,7457.9,7458.6,110
1784599500,7458.7,7461.8,7458.3,7461.4,118
1784599560,7461.3,7462.3,7460.3,7460.9,120
1784599620,7460.8,7461.3,7460.1,7460.1,102
1784599680,7460.2,7460.3,7458.9,7459.1,104
1784599740,7458.9,7459.1,7456.6,7456.9,104
1784599800,7457.1,7457.2,7455.3,7455.6,92
1784599860,7455.3,7456.7,7454.8,7456.7,104
1784599920,7456.6,7456.9,7455.2,7455.6,100
1784599980,7455.7,7456.3,7455.6,7455.7,102
1784600040,7455.8,7455.8,7455.3,7455.6,76
1784600100,7455.4,7456.2,7454.7,7454.8,86
1784600160,7454.7,7454.9,7453.8,7454.1,102
1784600220,7454.2,7455.1,7454.1,7454.3,82
1784600280,7454.4,7454.8,7454.1,7454.1,82
1784600340,7453.8,7453.8,7451.3,7451.9,122
1784600400,7451.8,7452.7,7451.4,7452.3,100
1784600460,7452.4,7454.6,7452.4,7454.6,108
1784600520,7454.8,7455.7,7454.6,7455.4,76
1784600580,7455.6,7457.8,7455.4,7457.8,90
1784600640,7457.6,7458.9,7457.6,7458.8,92
1784600700,7458.9,7460.1,7458.8,7459.8,96
1784600760,7459.6,7459.8,7458.6,7458.9,62
1784600820,7459.1,7459.1,7457.3,7458.1,90
1784600880,7458.2,7458.6,7457.6,7457.9,84
1784600940,7457.6,7458.2,7456.7,7456.7,116
1784601000,7456.6,7459.3,7456.6,7458.8,116
1784601060,7458.7,7460.2,7458.7,7460.2,74
1784601120,7460.3,7460.8,7459.6,7460.3,70
1784601180,7460.4,7460.6,7459.8,7460.6,106
1784601240,7460.7,7461.3,7460.3,7460.6,88
1784601300,7460.7,7461.3,7460.4,7461.1,64
1784601360,7461.2,7463.4,7461.1,7463.2,96
1784601420,7463.3,7463.9,7462.8,7463.8,72
1784601480,7463.9,7464.2,7463.6,7463.6,82
1784601540,7463.4,7463.8,7463.2,7463.4,32
1784601600,7463.6,7463.8,7463.1,7463.3,72
1784601660,7463.2,7463.3,7462.6,7462.8,72
1784601720,7463.1,7463.4,7462.8,7462.8,60
1784601780,7462.6,7464.1,7462.6,7463.6,54
1784601840,7463.7,7463.7,7463.1,7463.3,40
1784601900,7463.2,7463.2,7462.3,7462.8,60
1784601960,7462.9,7463.1,7462.6,7462.8,70
1784602020,7462.7,7463.1,7462.3,7462.6,50
1784602080,7462.7,7463.3,7462.6,7463.1,46
1784602140,7462.9,7463.1,7461.3,7461.6,54
1784602200,7461.4,7462.3,7461.3,7462.1,58
1784602260,7461.8,7462.3,7461.8,7462.1,56
1784602320,7461.9,7462.1,7461.1,7461.1,58
1784602380,7461.3,7461.6,7460.8,7461.3,52
1784602440,7461.6,7462.3,7461.3,7462.2,64
1784602500,7462.3,7463.1,7462.1,7463.1,58
1784602560,7462.9,7464.1,7462.8,7463.6,102
1784602620,7463.8,7464.1,7463.3,7463.3,40
1784602680,7463.6,7464.2,7463.4,7464.1,44
1784602740,7464.2,7464.6,7463.8,7464.3,54
1784602800,7464.4,7465.3,7464.3,7464.8,70
1784602860,7464.9,7465.6,7464.6,7465.3,58
1784602920,7465.6,7466.3,7465.3,7465.6,42
1784602980,7465.8,7466.1,7465.3,7466.1,52
1784603040,7465.8,7466.3,7465.8,7466.3,36
1784603100,7466.4,7466.8,7465.8,7465.8,36
1784603160,7466.1,7466.1,7465.6,7466.1,56
1784603220,7465.8,7466.3,7465.6,7465.8,46
1784603280,7465.6,7465.8,7465.6,7465.8,28
1784603340,7465.6,7466.1,7465.6,7465.6,36
1784603400,7465.8,7466.6,7465.8,7466.6,34
1784603460,7466.8,7467.1,7466.6,7466.8,14
1784603520,7466.6,7466.8,7466.1,7466.1,10
1784603580,7466.3,7466.8,7466.3,7466.8,40
1784603640,7466.6,7466.6,7466.3,7466.3,18
1784603700,7466.4,7466.8,7466.1,7466.8,40
1784603760,7466.7,7466.8,7466.3,7466.8,48
1784603820,7466.9,7467.6,7466.8,7467.3,26
1784603880,7467.6,7468.1,7467.3,7468.1,24
1784603940,7468.3,7469.3,7468.3,7469.1,48
1784604000,7468.8,7468.8,7468.6,7468.8,10
1784604060,7469.1,7470.1,7468.8,7469.1,50
1784604120,7469.3,7469.6,7469.1,7469.4,28
1784604180,7469.6,7469.8,7469.3,7469.6,22
1784604240,7469.7,7470.2,7469.6,7470.1,34
1784604300,7470.2,7470.4,7470.1,7470.1,32
1784604360,7470.3,7470.3,7469.8,7469.8,24
1784604420,7469.6,7470.1,7469.6,7469.8,36
1784604480,7469.6,7470.3,7469.6,7470.3,26
1784604540,7470.4,7470.6,7469.8,7470.6,38
1784604600,7470.8,7471.1,7470.1,7470.6,52
1784604660,7470.3,7470.9,7470.1,7470.9,36
1784604720,7470.8,7471.1,7470.3,7470.8,64
1784604780,7471.1,7471.3,7470.7,7470.8,64
1784604840,7471.1,7471.6,7470.9,7471.1,42
1784604900,7471.3,7472.3,7470.8,7472.3,40
1784604960,7472.4,7473.1,7471.6,7471.6,62
1784605020,7471.7,7471.8,7471.3,7471.8,28
1784605080,7472.1,7472.3,7471.8,7472.1,34
1784605140,7472.3,7472.8,7471.8,7472.8,48
1784605200,7473.1,7473.3,7472.6,7473.1,40
1784605260,7473.3,7473.8,7473.1,7473.6,32
1784605320,7473.3,7473.6,7473.1,7473.1,54
1784605380,7473.3,7473.3,7472.8,7472.9,28
1784605440,7473.1,7473.1,7472.1,7472.1,42
1784605500,7472.3,7473.3,7472.1,7473.1,50
1784605560,7473.2,7474.1,7473.2,7473.8,46
1784605620,7474.1,7474.1,7473.3,7473.6,14
1784605680,7473.7,7474.3,7473.7,7474.3,62
1784605740,7474.6,7475.1,7474.3,7474.6,36
1784605800,7474.8,7474.8,7473.8,7474.6,46
1784605860,7474.7,7474.8,7474.3,7474.6,30
1784605920,7474.4,7474.6,7473.7,7474.3,54
1784605980,7474.4,7474.7,7474.3,7474.3,36
1784606040,7474.1,7474.8,7473.9,7474.8,50
1784606100,7475.1,7475.1,7473.8,7474.1,48
1784606160,7473.8,7474.3,7473.8,7474.1,26
1784606220,7473.9,7474.6,7473.8,7474.3,26
1784606280,7474.2,7474.3,7474.1,7474.3,6
1784606340,7475.1,7475.7,7474.6,7475.4,48
1784606400,7475.6,7476.6,7475.4,7475.4,58
1784606460,7475.6,7477.3,7475.3,7477.1,46
1784606520,7476.9,7477.1,7476.8,7477.1,36
1784606580,7476.8,7476.8,7475.8,7476.2,50
1784606640,7476.3,7476.4,7475.8,7476.1,42
1784606700,7476.2,7476.8,7475.6,7476.8,58
1784606760,7476.9,7479.3,7476.7,7478.3,80
1784606820,7478.1,7478.3,7477.6,7478.3,34
1784606880,7478.2,7478.8,7477.8,7477.8,34
1784606940,7477.6,7477.6,7477.1,7477.1,64
1784607000,7476.8,7478.1,7476.8,7477.8,58
1784607060,7477.6,7477.8,7477.1,7477.3,54
1784607120,7477.2,7477.6,7477.1,7477.6,32
1784607180,7477.4,7477.8,7477.1,7477.3,38
1784607240,7477.2,7477.3,7476.8,7476.8,46
1784607300,7476.6,7476.9,7476.3,7476.6,44
1784607360,7476.8,7477.3,7476.8,7477.1,40
1784607420,7476.8,7477.1,7476.6,7476.8,42
1784607480,7476.7,7477.3,7476.6,7476.9,50
1784607540,7477.1,7477.1,7475.8,7475.8,62
1784607600,7475.9,7476.8,7475.8,7476.8,50
1784607660,7477.1,7477.3,7476.6,7476.9,50
1784607720,7476.8,7476.8,7476.3,7476.3,24
1784607780,7476.6,7476.8,7476.1,7476.1,24
1784607840,7475.8,7476.8,7475.8,7476.8,26
1784607900,7476.6,7477.6,7476.3,7477.1,48
1784607960,7476.9,7477.3,7475.8,7476.1,30
1784608020,7476.2,7476.3,7476.1,7476.3,34
1784608080,7476.2,7476.6,7476.1,7476.3,48
1784608140,7476.2,7476.6,7476.1,7476.6,46
1784608200,7476.8,7477.1,7476.1,7476.2,52
1784608260,7476.1,7476.8,7476.1,7476.3,44
1784608320,7476.1,7476.8,7476.1,7476.6,26
1784608380,7476.8,7476.8,7476.1,7476.8,36
1784608440,7476.7,7477.2,7476.6,7476.8,40
1784608500,7476.9,7478.4,7476.8,7478.4,72
1784608560,7478.6,7478.8,7477.3,7477.6,50
1784608620,7477.8,7478.3,7477.8,7478.3,48
1784608680,7478.1,7478.6,7478.1,7478.3,30
1784608740,7478.4,7478.8,7478.1,7478.1,52
1784608800,7478.2,7478.3,7477.8,7478.1,48
1784608860,7477.8,7478.1,7477.2,7478.1,60
1784608920,7477.8,7477.9,7477.1,7477.3,36
1784608980,7477.4,7477.4,7476.8,7477.3,34
1784609040,7477.1,7477.3,7477.1,7477.3,60
1784609100,7477.2,7477.3,7476.6,7476.9,30
1784609160,7476.8,7477.3,7476.8,7477.3,38
1784609220,7477.4,7477.9,7477.3,7477.8,16
1784609280,7478.1,7478.3,7478.1,7478.3,30
1784609340,7478.2,7478.3,7478.1,7478.3,32
1784609400,7478.2,7478.3,7477.4,7477.8,44
1784609460,7477.7,7477.8,7476.6,7476.6,40
1784609520,7476.4,7476.8,7475.8,7476.6,46
1784609580,7476.7,7476.8,7476.1,7476.1,60
1784609640,7476.2,7476.7,7476.1,7476.6,44
1784609700,7476.7,7476.7,7476.3,7476.4,46
1784609760,7476.3,7476.6,7475.9,7476.1,40
1784609820,7475.9,7476.8,7475.8,7476.8,60
1784609880,7476.7,7477.3,7476.6,7477.3,66
1784609940,7477.6,7477.6,7476.3,7476.9,68
1784610000,7476.8,7477.3,7476.6,7477.1,76
1784610060,7476.9,7477.3,7476.8,7477.1,76
1784610120,7476.8,7477.3,7476.6,7477.1,76
1784610180,7477.3,7477.3,7476.8,7476.8,68
1784610240,7477.1,7477.3,7476.6,7476.8,26
1784610300,7476.9,7477.1,7475.9,7476.3,44
1784610360,7476.2,7476.6,7475.6,7476.3,50
1784610420,7476.1,7476.6,7475.8,7476.6,36
1784610480,7476.7,7476.8,7476.1,7476.1,34
1784610540,7476.2,7476.6,7475.8,7476.2,64
1784610600,7476.1,7476.2,7475.3,7475.4,56
1784610660,7475.3,7475.3,7474.6,7474.6,28
1784610720,7474.4,7474.8,7474.1,7474.6,64
1784610780,7474.7,7475.1,7474.6,7475.1,42
1784610840,7474.8,7475.1,7474.6,7474.6,50
1784610900,7474.4,7474.6,7474.1,7474.1,46
1784610960,7474.3,7474.3,7473.6,7473.6,68
1784611020,7473.8,7473.8,7473.2,7473.6,36
1784611080,7473.4,7473.8,7472.8,7473.8,52
1784611140,7473.7,7473.8,7472.8,7473.1,16
1784611200,7472.9,7473.8,7472.9,7473.6,78
1784611260,7473.7,7474.3,7473.6,7474.2,62
1784611320,7474.1,7474.6,7473.8,7474.3,68
1784611380,7474.1,7475.6,7473.9,7475.4,70
1784611440,7475.6,7477.1,7475.3,7476.7,56
1784611500,7476.6,7477.1,7476.3,7476.9,62
1784611560,7476.8,7478.6,7476.8,7478.3,60
1784611620,7478.6,7479.1,7478.3,7478.8,52
1784611680,7478.9,7479.6,7478.3,7478.6,32
1784611740,7478.8,7479.3,7478.6,7479.3,30
1784611800,7479.4,7479.8,7478.6,7478.6,70
1784611860,7478.8,7478.9,7478.3,7478.3,42
1784611920,7478.1,7478.3,7477.7,7477.8,50
1784611980,7477.9,7478.3,7477.1,7477.3,54
1784612040,7477.6,7479.1,7477.3,7479.1,66
1784612100,7478.8,7479.3,7478.6,7479.3,60
1784612160,7479.6,7480.1,7479.4,7479.8,34
1784612220,7479.7,7480.1,7479.4,7479.6,20
1784612280,7479.8,7479.9,7479.3,7479.8,44
1784612340,7479.6,7479.7,7478.8,7479.1,62
1784612400,7479.2,7481.8,7479.2,7481.6,96
1784612460,7481.8,7482.2,7481.4,7482.1,64
1784612520,7481.9,7482.6,7481.7,7482.6,86
1784612580,7482.4,7484.6,7482.4,7483.2,74
1784612640,7483.3,7484.1,7483.1,7483.8,46
1784612700,7484.1,7484.1,7481.8,7482.1,40
1784612760,7482.2,7482.6,7482.1,7482.6,46
1784612820,7482.3,7482.6,7481.6,7482.6,46
1784612880,7482.8,7484.3,7482.8,7484.1,62
1784612940,7484.2,7484.2,7483.3,7483.6,52
1784613000,7483.7,7484.3,7483.6,7483.8,74
1784613060,7485.2,7485.6,7484.1,7484.6,76
1784613120,7484.3,7484.6,7484.1,7484.1,58
1784613180,7484.2,7484.4,7483.8,7483.9,88
1784613240,7484.1,7484.8,7484.1,7484.2,66
1784613300,7484.1,7484.6,7483.8,7484.3,88
1784613360,7484.4,7484.6,7483.8,7483.9,72
1784613420,7483.8,7484.1,7483.7,7483.7,88
1784613480,7483.3,7484.3,7483.2,7484.3,96
1784613540,7484.2,7484.2,7483.3,7483.6,54
1784613600,7483.3,7484.8,7483.2,7484.3,102
1784613660,7484.4,7484.6,7483.8,7484.6,80
1784613720,7484.3,7484.6,7483.9,7483.9,40
1784613780,7483.8,7484.6,7483.8,7483.8,56
1784613840,7483.6,7484.6,7483.4,7484.6,46
1784613900,7484.7,7484.8,7484.1,7484.6,68
1784613960,7484.8,7485.3,7484.4,7485.3,32
1784614020,7485.1,7485.3,7483.6,7483.9,76
1784614080,7483.8,7483.8,7482.8,7483.1,54
1784614140,7483.2,7483.3,7482.6,7483.1,42
1784614200,7482.6,7483.6,7482.6,7483.1,70
1784614260,7483.3,7483.8,7482.1,7483.8,58
1784614320,7483.6,7484.3,7483.1,7484.1,54
1784614380,7483.8,7484.8,7483.4,7484.6,62
1784614440,7484.4,7484.4,7483.8,7483.8,42
1784614500,7483.9,7484.1,7482.7,7482.8,66
1784614560,7482.9,7484.6,7482.8,7483.8,56
1784614620,7484.1,7484.1,7483.3,7483.8,32
1784614680,7483.6,7483.6,7482.7,7483.1,26
1784614740,7482.8,7483.3,7482.1,7482.3,54
1784614800,7482.1,7482.3,7481.3,7481.6,34
1784614860,7481.8,7482.1,7481.1,7481.3,66
1784614920,7481.2,7481.8,7481.1,7481.1,56
1784614980,7480.8,7482.8,7480.6,7482.6,66
1784615040,7482.7,7483.1,7481.9,7482.6,56
1784615100,7482.7,7485.3,7482.7,7484.1,86
1784615160,7483.9,7484.3,7483.6,7483.6,94
1784615220,7483.3,7483.3,7482.6,7482.8,30
1784615280,7483.1,7483.2,7482.6,7482.6,52
1784615340,7482.8,7483.6,7482.3,7482.4,44
1784615400,7482.3,7484.8,7482.3,7483.8,130
1784615460,7483.7,7485.3,7483.6,7484.1,84
1784615520,7484.2,7485.1,7484.1,7484.8,82
1784615580,7484.6,7485.1,7484.3,7484.9,82
1784615640,7485.1,7485.8,7484.4,7485.6,90
1784615700,7485.4,7490.1,7485.4,7488.1,96
1784615760,7487.9,7488.1,7487.3,7487.3,86
1784615820,7487.4,7487.4,7486.6,7487.1,60
1784615880,7486.9,7487.3,7485.6,7485.8,62
1784615940,7485.9,7486.6,7485.9,7486.6,38
1784616000,7486.4,7486.8,7486.2,7486.6,34
1784616060,7486.7,7488.7,7486.3,7488.1,74
1784616120,7488.2,7488.3,7487.7,7487.8,38
1784616180,7488.1,7488.1,7487.2,7487.7,70
1784616240,7487.8,7488.3,7487.6,7487.9,46
1784616300,7488.1,7488.3,7487.3,7487.3,56
1784616360,7487.1,7487.3,7485.6,7485.6,46
1784616420,7485.4,7485.6,7484.9,7485.3,22
1784616480,7485.1,7485.6,7484.9,7485.6,28
1784616540,7485.7,7487.1,7485.6,7486.8,34
1784616600,7487.1,7487.6,7486.8,7487.1,30
1784616660,7486.8,7486.8,7485.9,7486.1,60
1784616720,7485.8,7486.8,7485.8,7486.8,30
1784616780,7486.6,7487.3,7486.3,7486.7,34
1784616840,7486.6,7487.2,7486.4,7486.8,42
1784616900,7486.9,7487.6,7486.6,7486.6,48
1784616960,7486.7,7486.9,7486.3,7486.8,22
1784617020,7486.9,7487.2,7486.6,7486.8,50
1784617080,7486.7,7487.1,7486.1,7486.1,34
1784617140,7485.8,7486.6,7485.6,7486.6,36
1784617200,7486.8,7488.6,7485.2,7487.8,120
1784617260,7487.6,7488.6,7487.1,7488.3,94
1784617320,7488.1,7489.7,7487.1,7489.3,74
1784617380,7489.6,7490.6,7489.3,7489.8,120
1784617440,7490.1,7490.2,7487.9,7488.3,102
1784617500,7488.2,7489.1,7488.2,7489.1,96
1784617560,7489.3,7489.3,7488.3,7488.6,60
1784617620,7488.8,7489.3,7488.1,7488.2,44
1784617680,7488.1,7488.3,7487.1,7487.3,44
1784617740,7487.4,7488.1,7487.1,7487.3,88
1784617800,7487.1,7487.8,7486.8,7487.8,72
1784617860,7488.1,7488.3,7486.3,7486.3,68
1784617920,7486.6,7487.1,7485.8,7485.8,74
1784617980,7485.6,7485.6,7483.4,7484.3,76
1784618040,7484.6,7485.8,7484.6,7485.6,72
1784618100,7485.3,7485.3,7484.6,7484.8,68
1784618160,7484.7,7485.1,7483.1,7483.1,82
1784618220,7483.3,7484.3,7483.1,7484.3,62
1784618280,7484.4,7485.1,7483.6,7483.6,56
1784618340,7483.3,7485.1,7483.3,7485.1,74
1784618400,7484.9,7484.9,7483.6,7483.6,42
1784618460,7483.4,7483.6,7481.8,7483.1,60
1784618520,7483.3,7483.6,7481.8,7482.3,56
1784618580,7482.4,7482.8,7482.1,7482.4,48
1784618640,7482.3,7482.3,7481.1,7481.6,94
1784618700,7481.7,7482.8,7480.6,7480.7,88
1784618760,7480.6,7480.6,7479.1,7479.1,64
1784618820,7479.3,7479.8,7478.6,7479.6,54
1784618880,7479.7,7480.6,7479.2,7480.6,60
1784618940,7480.3,7480.6,7479.3,7479.6,52
1784619000,7479.8,7479.8,7476.6,7476.6,102
1784619060,7476.8,7478.3,7476.8,7478.3,72
1784619120,7478.1,7480.1,7477.8,7480.1,72
1784619180,7479.9,7482.1,7479.8,7481.3,88
1784619240,7481.6,7482.1,7481.3,7482.1,68
1784619300,7481.9,7482.3,7481.3,7482.3,82
1784619360,7482.4,7483.1,7482.3,7482.3,60
1784619420,7482.6,7483.1,7482.3,7482.3,50
1784619480,7482.2,7482.6,7481.6,7481.8,44
1784619540,7481.6,7482.1,7481.3,7481.8,46
1784619600,7481.7,7482.3,7481.1,7481.3,88
1784619660,7481.1,7482.1,7481.1,7481.3,28
1784619720,7481.1,7481.4,7480.3,7480.7,80
1784619780,7480.8,7480.8,7480.1,7480.3,48
1784619840,7480.2,7480.3,7479.8,7480.1,52
1784619900,7480.3,7480.8,7479.1,7479.6,68
1784619960,7479.8,7480.3,7479.3,7479.3,36
1784620020,7479.4,7479.6,7479.1,7479.6,60
1784620080,7479.7,7479.8,7479.1,7479.6,54
1784620140,7479.7,7479.8,7477.8,7478.1,62
1784620200,7477.8,7478.8,7477.3,7477.3,54
1784620260,7477.2,7478.1,7477.2,7477.9,68
1784620320,7478.1,7478.8,7477.3,7478.8,78
1784620380,7478.6,7478.6,7477.7,7478.4,74
1784620440,7478.3,7479.3,7478.3,7478.6,46
1784620500,7478.7,7479.8,7477.9,7479.8,56
1784620560,7480.1,7480.6,7479.6,7479.9,66
1784620620,7480.1,7480.4,7479.8,7480.1,62
1784620680,7479.8,7480.8,7479.6,7480.6,50
1784620740,7480.3,7480.7,7479.8,7480.6,56
1784620800,7480.3,7480.7,7478.6,7480.6,110
1784620860,7480.8,7481.3,7478.8,7480.1,124
1784620920,7480.2,7481.3,7478.6,7479.3,136
1784620980,7479.1,7481.6,7478.9,7480.6,106
1784621040,7480.8,7482.1,7480.3,7481.6,94
1784621100,7481.7,7481.8,7480.8,7481.3,82
1784621160,7481.4,7482.2,7481.1,7482.1,100
1784621220,7481.9,7482.3,7481.3,7481.6,120
1784621280,7481.8,7482.6,7481.6,7482.3,80
1784621340,7482.2,7483.1,7482.1,7482.3,74
1784621400,7482.2,7482.8,7481.4,7482.1,90
1784621460,7481.9,7482.3,7480.6,7481.8,88
1784621520,7481.7,7481.8,7480.9,7481.3,56
1784621580,7481.4,7485.1,7481.1,7485.1,84
1784621640,7484.9,7485.8,7484.6,7485.6,80
1784621700,7485.4,7486.3,7484.8,7484.8,60
1784621760,7484.9,7485.6,7484.1,7485.3,82
1784621820,7484.9,7485.3,7484.3,7485.1,80
1784621880,7485.2,7485.4,7484.1,7484.6,70
1784621940,7484.3,7485.1,7484.3,7484.8,68
1784622000,7484.6,7485.1,7484.1,7484.1,76
1784622060,7484.2,7485.3,7484.1,7485.3,86
1784622120,7485.4,7485.8,7484.9,7484.9,88
1784622180,7484.8,7485.6,7484.4,7485.2,70
1784622240,7485.1,7486.6,7484.7,7485.9,74
1784622300,7486.1,7486.9,7485.3,7485.6,88
1784622360,7485.4,7486.1,7485.1,7486.1,70
1784622420,7485.9,7486.3,7484.9,7485.1,66
1784622480,7485.2,7486.1,7485.1,7485.8,46
1784622540,7485.9,7486.2,7484.8,7486.2,82
1784622600,7486.1,7486.8,7485.3,7485.9,90
1784622660,7485.7,7486.8,7485.1,7485.7,96
1784622720,7485.6,7487.1,7485.6,7487.1,56
1784622780,7486.9,7487.1,7486.3,7486.3,74
1784622840,7486.2,7486.3,7485.9,7486.1,86
1784622900,7485.9,7487.3,7485.3,7487.3,86
1784622960,7487.1,7487.3,7486.8,7486.9,66
1784623020,7487.1,7487.3,7486.7,7486.9,48
1784623080,7486.8,7487.2,7486.3,7486.3,62
1784623140,7486.4,7487.3,7485.8,7485.8,68
1784623200,7485.6,7487.6,7485.1,7487.6,72
1784623260,7487.3,7488.1,7487.1,7487.6,50
1784623320,7487.8,7487.8,7486.8,7487.1,64
1784623380,7487.3,7488.1,7487.2,7487.6,80
1784623440,7487.7,7488.3,7487.2,7487.3,34
1784623500,7487.2,7487.3,7485.7,7485.7,62
1784623560,7485.6,7485.8,7485.1,7485.1,90
1784623620,7485.2,7485.4,7483.9,7484.2,88
1784623680,7484.3,7485.2,7484.3,7484.8,50
1784623740,7484.9,7485.6,7484.8,7485.6,52
1784623800,7485.4,7486.4,7485.3,7486.1,34
1784623860,7485.8,7486.1,7485.3,7485.9,72
1784623920,7486.1,7486.6,7485.2,7485.2,58
1784623980,7485.3,7485.6,7484.8,7485.1,66
1784624040,7484.8,7485.8,7484.8,7485.6,34
1784624100,7485.3,7485.8,7485.1,7485.6,48
1784624160,7485.4,7486.1,7485.1,7486.1,44
1784624220,7485.7,7485.7,7484.6,7485.3,44
1784624280,7485.4,7486.6,7485.4,7486.3,48
1784624340,7486.1,7486.3,7485.8,7486.1,48
1784624400,7485.8,7487.3,7485.6,7486.4,82
1784624460,7486.6,7488.3,7486.6,7487.6,82
1784624520,7487.4,7488.1,7487.1,7487.8,60
1784624580,7488.1,7488.3,7487.3,7487.8,64
1784624640,7488.1,7488.3,7487.3,7488.1,42
1784624700,7488.3,7488.6,7487.6,7488.3,46
1784624760,7488.6,7488.6,7487.8,7488.3,30
1784624820,7488.1,7489.1,7488.1,7488.3,30
1784624880,7488.1,7488.4,7487.8,7488.3,34
1784624940,7488.2,7488.3,7487.6,7488.1,52
1784625000,7488.3,7488.7,7488.1,7488.3,38
1784625060,7488.6,7488.8,7488.1,7488.3,62
1784625120,7488.1,7488.6,7487.6,7488.3,36
1784625180,7488.2,7488.6,7487.8,7488.1,26
1784625240,7488.2,7488.3,7487.3,7488.1,28
1784625300,7488.3,7489.3,7488.3,7489.1,54
1784625360,7489.3,7490.1,7489.3,7489.6,30
1784625420,7489.3,7489.6,7488.8,7489.2,68
1784625480,7489.1,7489.6,7488.3,7489.6,68
1784625540,7489.3,7490.1,7489.3,7489.3,48
1784625600,7489.1,7490.8,7489.1,7489.6,72
1784625660,7489.8,7489.8,7489.1,7489.6,32
1784625720,7489.3,7489.6,7488.6,7488.8,28
1784625780,7488.6,7489.1,7488.4,7488.4,32
1784625840,7488.3,7489.1,7488.1,7488.6,52
1784625900,7488.3,7489.3,7488.3,7489.3,48
1784625960,7489.1,7489.2,7487.6,7487.6,56
1784626020,7487.3,7487.7,7486.6,7487.1,46
1784626080,7487.3,7487.3,7486.6,7486.8,40
1784626140,7486.7,7487.1,7485.6,7485.8,50
1784626200,7486.1,7486.3,7484.4,7485.3,76
1784626260,7485.2,7487.1,7485.1,7487.1,82
1784626320,7486.9,7487.8,7486.8,7487.6,72
1784626380,7487.8,7488.1,7487.6,7487.6,44
1784626440,7487.8,7488.1,7487.1,7487.1,36
1784626500,7486.9,7487.1,7486.6,7486.6,34
1784626560,7486.3,7486.6,7484.8,7484.8,22
1784626620,7484.7,7485.1,7484.4,7485.1,46
1784626680,7484.8,7485.1,7484.4,7484.6,58
1784626740,7484.3,7485.8,7484.1,7485.6,46
1784626800,7485.3,7485.6,7484.1,7484.1,42
1784626860,7484.3,7485.1,7484.2,7484.7,60
1784626920,7484.8,7485.4,7484.8,7485.3,34
1784626980,7485.1,7486.1,7484.9,7486.1,70
1784627040,7486.3,7486.3,7485.7,7485.7,48
1784627100,7485.6,7486.7,7485.1,7486.7,60
1784627160,7486.8,7489.1,7486.6,7488.6,54
1784627220,7488.4,7488.6,7488.3,7488.6,48
1784627280,7488.3,7488.8,7488.1,7488.3,50
1784627340,7488.6,7489.7,7488.3,7489.3,52
1784627400,7489.1,7489.2,7488.1,7488.2,66
1784627460,7488.1,7488.4,7487.2,7488.3,58
1784627520,7488.1,7488.6,7487.2,7487.6,60
1784627580,7487.3,7488.6,7487.1,7488.3,32
1784627640,7488.6,7488.6,7487.8,7488.3,30
1784627700,7488.2,7488.3,7487.8,7487.8,38
1784627760,7487.7,7488.3,7486.6,7486.6,42
1784627820,7486.8,7486.8,7485.3,7485.3,42
1784627880,7485.4,7485.4,7484.6,7485.3,62
1784627940,7485.1,7485.8,7484.8,7485.2,52
1784628000,7485.3,7487.3,7485.3,7486.2,92
1784628060,7486.1,7486.8,7485.8,7486.3,70
1784628120,7486.6,7489.4,7484.9,7488.1,108
1784628180,7487.9,7488.1,7486.1,7486.6,86
1784628240,7486.4,7486.6,7485.1,7485.6,44
1784628300,7485.8,7485.9,7484.1,7484.1,78
1784628360,7484.3,7484.6,7483.9,7484.6,48
1784628420,7484.7,7484.8,7483.8,7484.1,30
1784628480,7484.3,7485.1,7483.8,7484.6,54
1784628540,7484.8,7485.1,7484.1,7484.2,34
1784628600,7484.3,7489.6,7483.6,7488.1,150
1784628660,7488.3,7490.6,7487.6,7489.9,198
1784628720,7489.8,7489.9,7487.1,7487.3,144
1784628780,7487.2,7488.3,7486.3,7486.3,130
1784628840,7486.6,7487.2,7485.9,7486.1,98
1784628900,7485.9,7486.8,7485.3,7485.4,64
1784628960,7485.6,7486.8,7485.3,7485.8,94
1784629020,7485.9,7486.8,7485.8,7486.8,68
1784629080,7486.6,7487.2,7486.3,7487.2,52
1784629140,7487.3,7487.3,7486.1,7486.8,92
1784629200,7486.7,7488.1,7486.6,7488.1,76
1784629260,7487.8,7488.3,7487.1,7487.6,62
1784629320,7487.7,7488.4,7487.6,7488.4,74
1784629380,7488.3,7488.6,7487.6,7487.9,84
1784629440,7487.8,7488.8,7487.3,7487.8,62
1784629500,7487.9,7488.1,7487.1,7487.3,40
1784629560,7485.3,7486.3,7485.3,7486.3,58
1784629620,7485.9,7486.6,7485.8,7485.8,52
1784629680,7485.9,7487.2,7485.9,7486.8,64
1784629740,7486.9,7486.9,7486.2,7486.6,60
1784629800,7486.4,7487.4,7486.4,7486.6,50
1784629860,7486.8,7487.3,7486.7,7487.1,72
1784629920,7487.3,7488.6,7487.3,7488.6,54
1784629980,7488.8,7488.8,7487.7,7488.3,48
1784630040,7488.2,7488.6,7488.1,7488.1,56
1784630100,7487.9,7489.6,7487.8,7488.3,64
1784630160,7488.2,7491.3,7488.1,7490.3,124
1784630220,7490.2,7490.2,7488.3,7489.7,74
1784630280,7489.6,7489.7,7487.8,7488.1,88
1784630340,7487.9,7488.1,7486.6,7486.6,68
1784630400,7486.3,7486.6,7484.1,7484.6,58
1784630460,7484.8,7484.8,7484.3,7484.8,56
1784630520,7484.7,7485.8,7484.6,7485.7,70
1784630580,7485.8,7486.8,7485.6,7486.8,56
1784630640,7486.7,7487.1,7485.6,7485.8,46
1784630700,7485.6,7486.1,7485.3,7485.3,64
1784630760,7485.4,7485.4,7482.3,7483.8,88
1784630820,7483.9,7485.1,7483.6,7485.1,62
1784630880,7484.9,7486.8,7484.6,7486.1,70
1784630940,7485.9,7488.6,7485.8,7487.3,60
1784631000,7487.4,7487.4,7485.8,7485.8,68
1784631060,7485.7,7486.6,7485.1,7486.4,66
1784631120,7486.3,7487.6,7486.1,7487.4,54
1784631180,7487.3,7487.4,7486.1,7486.1,62
1784631240,7485.9,7485.9,7483.8,7483.8,102
1784631300,7484.1,7484.4,7483.6,7483.9,106
1784631360,7483.8,7484.8,7483.7,7484.6,46
1784631420,7484.3,7484.8,7483.8,7483.8,44
1784631480,7483.9,7484.3,7483.6,7484.1,36
1784631540,7484.2,7486.6,7484.1,7484.7,102
1784631600,7484.8,7486.3,7484.2,7484.3,140
1784631660,7484.4,7484.6,7483.3,7483.6,106
1784631720,7483.4,7483.6,7482.6,7482.8,68
1784631780,7482.7,7482.8,7481.8,7481.9,52
1784631840,7482.1,7482.2,7480.3,7480.6,70
1784631900,7480.3,7481.1,7480.2,7480.8,70
1784631960,7480.7,7480.8,7480.1,7480.3,72
1784632020,7480.2,7480.2,7479.1,7479.8,76
1784632080,7480.1,7480.1,7479.6,7479.8,60
1784632140,7479.6,7480.2,7479.4,7479.6,40
1784632200,7479.3,7480.1,7479.1,7479.4,70
1784632260,7479.6,7479.7,7478.6,7479.1,34
1784632320,7479.2,7481.8,7479.1,7481.6,72
1784632380,7481.7,7481.8,7481.1,7481.6,46
1784632440,7481.8,7482.3,7481.6,7481.8,40
1784632500,7482.1,7482.1,7480.8,7481.8,50
1784632560,7481.9,7481.9,7481.1,7481.4,36
1784632620,7481.6,7481.6,7480.1,7480.1,60
1784632680,7480.2,7481.2,7480.1,7480.1,52
1784632740,7480.2,7480.2,7477.8,7478.3,74
1784632800,7478.4,7478.6,7477.1,7477.1,100
1784632860,7477.2,7477.4,7476.1,7476.6,84
1784632920,7476.2,7478.3,7475.8,7478.1,86
1784632980,7478.2,7478.9,7478.1,7478.8,78
1784633040,7479.1,7479.8,7478.6,7479.8,62
1784633100,7480.1,7480.1,7477.8,7477.8,72
1784633160,7477.7,7478.6,7475.9,7476.9,92
1784633220,7477.4,7479.1,7476.8,7478.3,108
1784633280,7478.6,7479.1,7477.8,7478.1,78
1784633340,7478.2,7478.4,7477.1,7477.1,68
1784633400,7477.2,7480.6,7477.1,7479.8,86
1784633460,7479.7,7479.8,7479.1,7479.2,46
1784633520,7479.1,7479.4,7478.6,7478.8,72
1784633580,7478.7,7479.8,7478.2,7478.2,78
1784633640,7478.1,7479.2,7478.1,7478.7,70
1784633700,7478.8,7480.1,7478.7,7480.1,60
1784633760,7479.8,7480.4,7479.7,7480.3,68
1784633820,7480.1,7481.1,7480.1,7481.1,66
1784633880,7481.3,7482.3,7481.1,7481.6,80
1784633940,7481.3,7483.3,7481.1,7481.1,84
1784634000,7481.3,7481.7,7480.3,7480.3,70
1784634060,7480.2,7481.1,7480.2,7480.3,40
1784634120,7480.2,7480.3,7479.3,7479.3,48
1784634180,7479.6,7480.6,7479.1,7480.3,64
1784634240,7480.6,7480.6,7479.2,7479.8,86
1784634300,7479.6,7480.8,7479.6,7479.8,44
1784634360,7479.6,7480.1,7479.6,7479.8,32
1784634420,7479.7,7480.8,7479.7,7480.6,82
1784634480,7480.7,7480.7,7480.3,7480.3,54
1784634540,7480.1,7480.8,7480.1,7480.6,52
1784634600,7480.7,7481.3,7479.8,7480.1,78
1784634660,7479.9,7480.1,7478.1,7478.4,74
1784634720,7478.3,7478.8,7477.6,7477.6,68
1784634780,7477.8,7477.8,7477.1,7477.1,52
1784634840,7477.3,7477.6,7476.8,7477.2,68
1784634900,7477.3,7477.6,7476.9,7477.6,56
1784634960,7477.4,7478.1,7477.2,7477.6,60
1784635020,7477.4,7477.6,7476.3,7476.8,70
1784635080,7476.9,7477.3,7476.6,7476.6,64
1784635140,7476.7,7477.3,7476.6,7477.3,54
1784635200,7477.6,7480.3,7477.6,7478.7,106
1784635260,7478.6,7478.6,7476.3,7476.6,74
1784635320,7476.7,7477.6,7476.3,7476.9,108
1784635380,7476.8,7477.7,7476.8,7477.1,72
1784635440,7476.8,7478.8,7476.8,7478.6,72
1784635500,7478.8,7479.1,7478.2,7478.6,84
1784635560,7478.4,7479.6,7477.8,7478.6,82
1784635620,7478.8,7480.8,7478.8,7480.6,84
1784635680,7480.3,7482.6,7480.3,7482.3,64
1784635740,7482.2,7482.3,7480.6,7480.8,70
1784635800,7480.6,7481.1,7479.8,7480.4,80
1784635860,7480.8,7482.3,7480.4,7482.3,94
1784635920,7482.1,7483.1,7482.1,7482.7,80
1784635980,7482.6,7483.9,7482.3,7483.1,72
1784636040,7482.8,7483.1,7480.7,7480.7,56
1784636100,7480.8,7480.8,7473.9,7474.1,110
1784636160,7473.8,7478.1,7473.2,7477.8,162
1784636220,7477.6,7479.3,7477.1,7479.3,120
1784636280,7479.2,7479.4,7475.3,7475.3,120
1784636340,7475.8,7476.8,7475.4,7475.6,98
1784636400,7475.3,7476.1,7474.6,7474.9,104
1784636460,7475.1,7475.6,7474.4,7475.6,76
1784636520,7475.3,7475.8,7474.8,7474.8,82
1784636580,7474.6,7475.4,7474.3,7475.3,58
1784636640,7475.6,7476.9,7475.6,7476.6,100
1784636700,7476.4,7476.4,7475.4,7475.6,56
1784636760,7475.4,7476.3,7475.3,7475.6,86
1784636820,7475.3,7475.6,7473.9,7474.6,86
1784636880,7474.4,7474.4,7473.3,7473.9,88
1784636940,7473.8,7474.3,7473.6,7473.6,88
1784637000,7473.8,7475.1,7473.6,7474.8,94
1784637060,7474.4,7475.1,7473.8,7474.9,92
1784637120,7475.1,7475.3,7474.1,7474.1,96
1784637180,7474.2,7474.8,7474.1,7474.3,72
1784637240,7474.1,7475.1,7473.8,7474.8,62
1784637300,7474.7,7474.9,7473.1,7473.2,78
1784637360,7473.1,7473.7,7471.9,7473.3,80
1784637420,7473.2,7473.3,7472.6,7473.1,76
1784637480,7473.3,7473.7,7473.1,7473.2,58
1784637540,7473.3,7474.3,7473.3,7474.1,64
1784637600,7473.8,7473.8,7471.8,7472.3,62
1784637660,7472.6,7472.6,7470.6,7470.6,68
1784637720,7470.8,7471.2,7469.8,7470.8,86
1784637780,7470.7,7473.1,7468.6,7469.8,128
1784637840,7470.1,7472.6,7469.8,7472.4,134
1784637900,7472.7,7474.3,7472.3,7473.8,94
1784637960,7473.6,7474.8,7473.6,7474.3,104
1784638020,7474.2,7476.7,7473.6,7476.6,116
1784638080,7476.3,7478.6,7476.3,7477.6,106
1784638140,7477.7,7478.7,7477.1,7477.7,92
1784638200,7477.6,7478.1,7477.3,7477.8,88
1784638260,7477.6,7478.3,7477.3,7477.3,98
1784638320,7477.1,7479.1,7477.1,7479.1,114
1784638380,7478.9,7479.3,7478.6,7479.3,64
1784638440,7479.6,7480.1,7479.1,7479.3,70
1784638500,7479.1,7479.6,7478.6,7479.1,40
1784638560,7478.8,7479.1,7478.1,7478.6,30
1784638620,7478.3,7479.3,7478.1,7479.1,68
1784638680,7478.8,7479.6,7478.6,7478.8,40
1784638740,7478.6,7478.6,7477.3,7478.3,52
1784638800,7478.8,7479.1,7475.8,7476.3,112
1784638860,7476.6,7477.3,7476.6,7476.7,56
1784638920,7476.8,7476.8,7475.8,7475.9,84
1784638980,7476.1,7476.6,7475.6,7476.6,80
1784639040,7476.3,7477.2,7475.8,7476.1,50
1784639100,7476.3,7477.3,7475.8,7476.6,44
1784639160,7476.8,7477.1,7475.8,7475.8,56
1784639220,7475.6,7476.8,7474.6,7476.3,72
1784639280,7476.1,7476.8,7475.8,7476.3,48
1784639340,7476.2,7476.3,7475.1,7475.6,38
1784639400,7475.3,7475.6,7475.1,7475.6,32
1784639460,7475.3,7476.6,7475.3,7476.1,62
1784639520,7475.8,7476.8,7475.8,7476.3,34
1784639580,7476.1,7477.3,7475.8,7477.1,60
1784639640,7477.3,7477.6,7476.6,7476.8,70
1784639700,7476.6,7477.6,7476.3,7476.8,54
1784639760,7476.6,7477.1,7476.3,7476.4,60
1784639820,7476.6,7479.2,7476.6,7479.1,80
1784639880,7479.2,7480.6,7479.2,7479.6,88
1784639940,7479.3,7480.1,7479.1,7479.7,58
1784640000,7479.6,7480.3,7479.1,7479.6,40
1784640060,7479.3,7480.8,7478.8,7480.6,48
1784640120,7480.3,7481.1,7480.1,7480.6,60
1784640180,7480.3,7480.8,7479.6,7480.3,54
1784640240,7480.4,7480.8,7479.3,7480.8,64
1784640300,7482.2,7483.3,7481.6,7482.6,80
1784640360,7482.8,7483.6,7482.6,7482.6,62
1784640420,7482.8,7485.2,7482.3,7485.2,126
1784640480,7485.1,7486.3,7484.9,7486.1,132
1784640540,7485.7,7488.3,7485.1,7488.3,104
1784640600,7488.6,7492.9,7483.4,7483.4,214
1784640660,7482.7,7483.4,7478.2,7480.4,202
1784640720,7480.7,7481.7,7478.9,7479.9,158
1784640780,7480.4,7480.4,7477.2,7477.2,154
1784640840,7477.7,7482.9,7477.2,7481.4,168
1784640900,7481.7,7484.2,7479.9,7484.2,158
1784640960,7483.9,7487.9,7481.4,7481.4,164
1784641020,7481.7,7482.7,7478.4,7480.2,164
1784641080,7479.9,7481.4,7478.7,7480.4,156
1784641140,7480.2,7482.2,7478.4,7478.7,146
1784641200,7478.2,7478.7,7471.7,7473.9,170
1784641260,7473.7,7473.9,7469.2,7470.4,194
1784641320,7470.7,7472.5,7469.7,7470.4,174
1784641380,7470.7,7474.4,7470.3,7470.3,154
1784641440,7470.7,7471.7,7468.4,7470.4,168
1784641500,7470.7,7472.4,7469.5,7470.7,214
1784641560,7470.9,7473.4,7469.7,7470.4,172
1784641620,7470.2,7471.7,7467.4,7469.9,184
1784641680,7470,7474.4,7469.7,7474.2,194
1784641740,7474.4,7475.7,7472.7,7475.2,184
1784641800,7475.7,7478.9,7473.2,7474.7,198
1784641860,7474.4,7475.4,7470.2,7470.2,208
1784641920,7469.7,7473.9,7468.2,7473.2,198
1784641980,7472.9,7477,7471.9,7476.7,186
1784642040,7476.5,7477.7,7473.4,7476.4,176
1784642100,7475.9,7478.7,7473.2,7474,196
1784642160,7474.2,7474.7,7472.2,7473.4,162
1784642220,7473.2,7475.2,7471.9,7475.2,198
1784642280,7474.9,7474.9,7471.8,7474.2,174
1784642340,7473.7,7479.4,7473.4,7478.9,172
1784642400,7479.2,7484.3,7479,7481.5,188
1784642460,7481.3,7482.8,7479.3,7480.3,168
1784642520,7480.5,7481.5,7478.8,7479.3,172
1784642580,7479,7480.8,7475.5,7479.7,194
1784642640,7479.5,7480.2,7477.9,7479.8,176
1784642700,7480,7480.5,7475.8,7478.8,180
1784642760,7479,7483.3,7478,7482.5,172
1784642820,7482.3,7482.3,7477.8,7478.8,168
1784642880,7478.5,7481.5,7477.8,7480,190
1784642940,7479.9,7481.3,7476.8,7477.8,174
1784643000,7477.5,7478.8,7475.3,7477.5,186
1784643060,7477.4,7478.3,7475.5,7477,156
1784643120,7477.3,7479.5,7477.3,7477.4,152
1784643180,7477.3,7481.3,7477.2,7481.2,174
1784643240,7481,7484.3,7480.8,7483,170
1784643300,7483.2,7483.2,7474.8,7476.3,184
1784643360,7475.8,7476.5,7473.8,7475.4,156
1784643420,7475.3,7479.8,7475,7479.7,162
1784643480,7479.5,7487.3,7479.3,7485.9,182
1784643540,7485.8,7486.5,7484.8,7485.8,152
1784643600,7486,7488,7484,7484.3,158
1784643660,7483.8,7485.3,7480.5,7481,162
1784643720,7480.8,7485.8,7480.8,7484.8,154
1784643780,7484.5,7486.5,7483.8,7486,160
1784643840,7486.3,7486.8,7484.5,7485.5,156
1784643900,7485,7490.8,7485,7489.5,166
1784643960,7489,7490.7,7488.3,7490.3,130
1784644020,7490,7493.8,7489.8,7493.5,124
1784644080,7494,7495.5,7491.5,7491.8,126
1784644140,7491.5,7494.8,7491.5,7494.5,136
1784644200,7494.8,7496.8,7494,7495.5,142
1784644260,7495.8,7498.3,7494.8,7497.5,148
1784644320,7497.8,7497.8,7493.5,7493.9,136
1784644380,7493.8,7494.5,7492.5,7492.9,126
1784644440,7492.5,7495.4,7491.8,7494,112
1784644500,7493.8,7496,7492.3,7492.8,134
1784644560,7492.5,7493.5,7490.5,7491.5,108
1784644620,7491.3,7492,7490,7491.5,114
1784644680,7491.8,7491.8,7487.3,7488.4,118
1784644740,7488.5,7489.5,7486.9,7488.9,156
1784644800,7489,7490.3,7487.5,7489.2,158
1784644860,7489,7489,7484.8,7485.3,134
1784644920,7485,7486.8,7483.8,7486.5,148
1784644980,7486.8,7491.8,7486.8,7491,120
1784645040,7491.5,7492.3,7491.3,7491.9,110
1784645100,7492,7495.3,7492,7493.9,92
1784645160,7493.8,7495.3,7493,7493.8,102
1784645220,7493.5,7493.5,7491,7492.5,126
1784645280,7492.8,7498.9,7492.5,7495.8,196
1784645340,7495.5,7496.8,7495,7495.3,146
1784645400,7495.5,7495.8,7493.3,7495.5,158
1784645460,7495,7495.3,7493,7494.5,142
1784645520,7494.8,7495.8,7493,7493,96
1784645580,7493.3,7493.8,7492,7492.3,98
1784645640,7492.5,7493.3,7491,7493,104
1784645700,7492.9,7493.8,7491.8,7493.2,136
1784645760,7493.3,7493.5,7489.3,7490,130
1784645820,7489.8,7492.3,7489.8,7491.3,118
1784645880,7491,7493.5,7491,7493,132
1784645940,7492.8,7494,7492.5,7493.8,92
1784646000,7494,7494.8,7493,7494.2,152
1784646060,7494.3,7494.5,7489.5,7490.3,134
1784646120,7489.8,7490.3,7485.5,7485.8,144
1784646180,7486,7486.8,7484.3,7486.5,138
1784646240,7486.3,7487.5,7485.5,7486.3,108
1784646300,7485.8,7487.8,7484.4,7487.3,132
1784646360,7487.5,7490.5,7487.5,7490,132
1784646420,7490.3,7493.3,7489.8,7492.8,90
1784646480,7492.5,7493.3,7491.5,7493.3,120
1784646540,7493.5,7496.5,7493.3,7495.8,90
1784646600,7496.3,7497.5,7495.5,7496.2,96
1784646660,7496,7497,7495.5,7496.8,78
1784646720,7497,7500.5,7497,7500.4,96
1784646780,7500.3,7501.3,7497.8,7497.8,102
1784646840,7497.5,7498.8,7497.3,7498,78
1784646900,7498.3,7499.3,7498,7498.5,88
1784646960,7498.3,7499,7497.5,7498.5,76
1784647020,7498.3,7500.5,7498,7500.5,94
1784647080,7500.3,7501,7499.3,7500.5,44
1784647140,7500.8,7501.5,7499.5,7500.2,106
1784647200,7500,7501.5,7499.5,7500,122
1784647260,7499.8,7505.8,7499.5,7502.9,152
1784647320,7503,7503.5,7501.8,7502,130
1784647380,7502.2,7502.3,7501,7501.8,124
1784647440,7501.9,7503.3,7501.8,7502.8,98
1784647500,7502.5,7503.8,7502.5,7503.3,94
1784647560,7503.5,7505.3,7503.3,7505.3,66
1784647620,7505.5,7506.3,7505,7505.3,74
1784647680,7505.5,7506,7504.3,7505.5,72
1784647740,7505.8,7506.3,7504.8,7506.3,78
1784647800,7506,7506,7504.3,7504.8,100
1784647860,7504.5,7505.5,7503.8,7503.8,76
1784647920,7503.5,7505.5,7503.3,7504.5,90
1784647980,7504.3,7504.9,7500.3,7501.8,122
1784648040,7502,7504.3,7501.8,7503.9,74
1784648100,7504,7505.5,7501.3,7501.5,118
1784648160,7501.7,7503.8,7501.3,7503,98
1784648220,7503.2,7503.3,7502,7502.3,60
1784648280,7501.8,7502.8,7500.8,7501.3,78
1784648340,7501.5,7503,7501.3,7501.8,86
1784648400,7502,7503,7501.5,7502.8,86
1784648460,7503,7504.8,7502.9,7503.5,92
1784648520,7503.3,7504,7503,7503.8,78
1784648580,7503.5,7503.5,7502,7503,74
1784648640,7503.3,7503.8,7501.3,7502,96
1784648700,7502.3,7502.8,7501.5,7501.5,60
1784648760,7501.8,7502.4,7501.5,7502,60
1784648820,7501.8,7503.3,7501.5,7503,68
1784648880,7502.8,7504.3,7502.8,7503.8,64
1784648940,7503.9,7505.3,7503.9,7504.3,58
1784649000,7504.5,7506,7503.8,7504.3,62
1784649060,7504.5,7505.5,7504.3,7505,68
1784649120,7504.8,7505.8,7503.8,7503.8,62
1784649180,7504,7505,7503.5,7504.8,72
1784649240,7504.5,7504.8,7503,7503.3,54
1784649300,7503.5,7504.8,7503,7503.3,62
1784649360,7503,7505,7502.8,7504.3,68
1784649420,7504.5,7504.5,7503,7503.3,72
1784649480,7503.5,7504,7502.5,7503,62
1784649540,7502.8,7502.8,7500.8,7501.3,82
1784649600,7500.8,7503.7,7500.8,7503,78
1784649660,7503.3,7504.3,7503.3,7504.3,58
1784649720,7504,7505,7504,7504.7,70
1784649780,7504.8,7506,7504.5,7506,48
1784649840,7506.3,7508.5,7506,7508.3,82
1784649900,7508,7508.3,7507.3,7508.2,52
1784649960,7508.3,7509.2,7507.8,7507.8,68
1784650020,7507.5,7507.8,7506.8,7507.5,50
1784650080,7507.8,7509,7507.3,7507.3,74
1784650140,7507,7508.3,7507,7507.3,48
1784650200,7507.5,7508,7507.3,7507.8,46
1784650260,7507.5,7508.5,7507.5,7507.8,64
1784650320,7507.5,7507.5,7506.5,7507.3,46
1784650380,7507,7507.3,7506.5,7507.3,28
1784650440,7507.5,7508.3,7507.3,7508.3,40
1784650500,7508.5,7511,7508,7510,72
1784650560,7509.8,7510.8,7509.8,7510,64
1784650620,7510.3,7510.3,7509.8,7509.8,44
1784650680,7509.3,7510.8,7509.3,7509.8,60
1784650740,7509.5,7510.5,7509.3,7510.5,62
1784650800,7510.8,7511,7509.9,7510.3,38
1784650860,7510.2,7511.5,7510,7511.5,52
1784650920,7511.8,7512.3,7510.8,7511.8,62
1784650980,7511.9,7513.3,7511.5,7512.3,64
1784651040,7512,7513,7511.3,7511.5,48
1784651100,7511.8,7512.3,7511.3,7511.3,42
1784651160,7511,7511.5,7510.5,7511.3,70
1784651220,7511.5,7511.8,7510.8,7511,50
1784651280,7511.3,7513,7511,7513,52
1784651340,7512.8,7513,7512,7512.3,58
1784651400,7512.5,7513.3,7511.5,7513.3,80
1784651460,7513.5,7513.8,7510.8,7511.3,62
1784651520,7511.5,7512,7511.3,7511.8,40
1784651580,7511.5,7512.5,7511.5,7512.5,50
1784651640,7512.3,7513,7512.3,7512.8,38
1784651700,7512.5,7512.5,7511.5,7512,46
1784651760,7511.8,7512.3,7510.8,7512.3,50
1784651820,7512,7512.4,7511.3,7512.3,40
1784651880,7512.5,7513.3,7512.5,7513.2,24
1784651940,7513.3,7513.3,7512.5,7512.8,22
1784652000,7512.5,7513.5,7512.5,7512.5,48
1784652060,7512.8,7512.8,7511.5,7511.5,40
1784652120,7511.8,7512.3,7511,7511.3,50
1784652180,7511.5,7512.2,7511.3,7512.2,30
1784652240,7512,7512.3,7511.5,7512.3,32
1784652300,7512.5,7512.5,7511,7511.2,46
1784652360,7511,7511.2,7509.6,7510.6,58
1784652420,7510.8,7511.3,7510.6,7510.6,20
1784652480,7510.3,7510.8,7510.1,7510.3,18
1784652540,7510.6,7510.8,7509.8,7510.1,64
1784652600,7509.8,7511.3,7509.8,7511.3,46
1784652660,7511.8,7513.3,7511.8,7513.3,46
1784652720,7513.6,7514.8,7513.3,7514.3,60
1784652780,7514.1,7514.6,7513.6,7514.1,44
1784652840,7514.3,7515.3,7514.1,7514.8,40
1784652900,7515.1,7515.8,7514.6,7515.6,60
1784652960,7515.8,7515.8,7514.1,7514.1,52
1784653020,7513.6,7514.8,7513.6,7513.8,50
1784653080,7514,7514.3,7513.1,7513.3,46
1784653140,7513.1,7513.1,7512.1,7512.1,42
1784653200,7512.3,7513.6,7512.2,7513.1,56
1784653260,7512.8,7513.1,7511.8,7512.6,44
1784653320,7512.8,7512.8,7511.3,7512.3,30
1784653380,7512.1,7512.8,7511.3,7511.6,46
1784653440,7511.3,7511.8,7511.1,7511.6,42
1784653500,7511.3,7512.6,7511.3,7512.3,60
1784653560,7512.6,7512.6,7511.8,7512.1,28
1784653620,7511.8,7512.7,7511.6,7511.6,38
1784653680,7511.8,7512.6,7511.6,7512.6,50
1784653740,7512.8,7513.8,7512.3,7512.6,38
1784653800,7512.7,7512.7,7510.6,7510.8,64
1784653860,7510.7,7511.3,7510.6,7510.8,68
1784653920,7511,7511.8,7511,7511.1,42
1784653980,7511,7512.3,7510.8,7511.3,56
1784654040,7511.6,7512.1,7511.1,7511.3,48
1784654100,7511.1,7511.6,7509.6,7509.6,32
1784654160,7509.8,7510.1,7508.8,7509.6,62
1784654220,7509.3,7510.6,7509.3,7509.6,46
1784654280,7509.1,7510.3,7509.1,7510.2,38
1784654340,7510.1,7510.3,7508.3,7508.3,50
1784654400,7508.1,7508.3,7508.1,7508.3,46
1784654460,7508.6,7509.8,7507.6,7508.1,60
1784654520,7507.8,7509.1,7507.8,7508.8,64
1784654580,7509.1,7509.6,7508.6,7508.8,66
1784654640,7508.6,7509.8,7508.6,7509.3,48
1784654700,7509.8,7510.1,7508.6,7508.8,40
1784654760,7509.1,7509.3,7508.3,7508.8,42
1784654820,7508.6,7509.1,7508.1,7508.1,40
1784654880,7507.8,7508.3,7507.6,7508.1,36
1784654940,7508.3,7508.8,7507.8,7508.8,56
1784655000,7509.3,7510.3,7509.1,7509.8,66
1784655060,7509.6,7510.6,7509.1,7510.3,54
1784655120,7510.6,7510.8,7509.8,7510.6,50
1784655180,7510.3,7510.6,7509.1,7509.1,38
1784655240,7509.3,7509.3,7507.3,7508.8,44
1784655300,7508.6,7509.3,7508.6,7509.3,40
1784655360,7509.6,7510.8,7509.5,7510.8,40
1784655420,7511.1,7511.6,7510.3,7511.1,38
1784655480,7511.2,7512.2,7510.8,7511.6,54
1784655540,7511.8,7512.3,7511.1,7512.1,28
1784655600,7512.3,7512.3,7510.8,7511.1,72
1784655660,7511.3,7511.3,7510.6,7510.8,46
1784655720,7511.1,7511.1,7510.1,7510.6,50
1784655780,7510.3,7511.1,7510.3,7511.1,24
1784655840,7511.3,7511.8,7511.1,7511.8,48
1784655900,7512.1,7512.3,7510.8,7510.8,56
1784655960,7510.6,7512.1,7510.6,7511.1,46
1784656020,7511.3,7512.6,7511.1,7512.1,46
1784656080,7511.8,7512.6,7511.8,7512.3,26
1784656140,7512.6,7513.8,7512.3,7513.3,52
1784656200,7513.8,7514.3,7513.6,7513.8,38
1784656260,7513.6,7513.6,7512.6,7512.8,42
1784656320,7512.7,7513.3,7512.6,7513.3,42
1784656380,7513.6,7513.8,7512.8,7512.8,22
1784656440,7513.1,7513.1,7511.6,7511.8,38
1784656500,7511.6,7512.1,7511.3,7511.6,38
1784656560,7511.8,7512.1,7510.3,7510.8,40
1784656620,7510.6,7511.6,7510.1,7510.3,68
1784656680,7510.6,7511.1,7510.3,7510.8,46
1784656740,7511,7511.8,7510.8,7511.1,46
1784656800,7510.8,7512.3,7510.6,7512.1,40
1784656860,7512.3,7512.8,7511.1,7511.6,60
1784656920,7511.3,7512.1,7508.6,7509.6,62
1784656980,7509.1,7509.1,7507.6,7507.6,68
1784657040,7508,7509.3,7508,7508.6,50
1784657100,7508.1,7508.8,7507.8,7508.1,44
1784657160,7508.3,7509.1,7507.8,7509.1,48
1784657220,7509.3,7509.6,7508.6,7509.2,26
1784657280,7509.3,7510.6,7509.3,7509.6,62
1784657340,7509.3,7510.1,7509.3,7509.6,44
1784657400,7509.3,7509.3,7508.6,7508.8,46
1784657460,7509.1,7509.8,7508.8,7509.8,46
1784657520,7510.1,7510.3,7509.1,7509.1,28
1784657580,7509,7509.1,7508.6,7508.6,24
1784657640,7508.3,7508.6,7506.6,7506.6,70
1784657700,7506.8,7507.1,7505.8,7506.8,52
1784657760,7507.1,7507.5,7506.6,7506.6,54
1784657820,7506.8,7507.3,7506.8,7507.3,28
1784657880,7507.6,7507.8,7506,7506.3,48
1784657940,7506.1,7507.1,7506.1,7507.1,48
1784658000,7506.8,7507.1,7506.1,7507.1,42
1784658060,7507.3,7507.3,7506.1,7507.1,36
1784658120,7507.2,7508.3,7506.8,7508.1,32
1784658180,7508.3,7508.3,7507.3,7508.1,26
1784658240,7507.8,7508.8,7507.1,7508.1,52
1784658300,7507.8,7508.1,7506.6,7507.1,40
1784658360,7506.8,7506.8,7506.1,7506.3,44
1784658420,7506.6,7506.8,7505.6,7506.1,40
1784658480,7505.8,7506.6,7505.8,7506.3,48
1784658540,7506.6,7507.3,7506.6,7507.1,26
1784658600,7507.3,7507.6,7505.8,7505.8,54
1784658660,7505.6,7505.8,7504.6,7505.1,34
1784658720,7504.8,7505.3,7504.3,7505.1,42
1784658780,7504.8,7505.3,7504.6,7505.1,36
1784658840,7505.3,7505.8,7504.6,7504.6,46
1784658900,7504.8,7506.6,7504.8,7506.6,46
1784658960,7506.3,7506.8,7506.1,7506.3,36
1784659020,7506.1,7506.6,7505.8,7506.6,38
1784659080,7506.3,7507.6,7506.3,7507.3,46
1784659140,7507.6,7507.6,7506.3,7506.3,28
1784659200,7506.1,7506.8,7505.3,7506.8,32
1784659260,7507.1,7507.3,7506.3,7506.5,46
1784659320,7506.6,7508.1,7506.6,7507.8,24
1784659380,7507.6,7509.3,7507.3,7509.3,38
1784659440,7509.6,7510.8,7509.3,7510.3,44
1784659500,7510.6,7511.3,7510.6,7510.8,40
1784659560,7510.6,7511.1,7510.1,7510.8,36
1784659620,7510.6,7510.6,7508.8,7509.6,40
1784659680,7509.8,7509.8,7509.1,7509.2,52
1784659740,7509.1,7510.1,7508.8,7509.6,30
1784659800,7509.8,7510.1,7509.3,7509.6,50
1784659860,7509.8,7510,7509.3,7509.3,32
1784659920,7509.6,7509.7,7509.1,7509.1,32
1784659980,7508.8,7509.2,7507.8,7508.3,56
1784660040,7508.1,7508.1,7507.6,7507.6,26
1784660100,7507.8,7509.3,7507.6,7508.8,58
1784660160,7508.7,7509.3,7507.3,7508.1,56
1784660220,7508.3,7508.3,7507.6,7507.8,36
1784660280,7508.1,7508.1,7507.6,7507.6,22
1784660340,7507.8,7508.8,7507.8,7508.8,54
1784660400,7509.1,7509.6,7507.8,7508.1,58
1784660460,7507.8,7508.1,7506.7,7507.6,54
1784660520,7507.3,7508.1,7507.3,7507.3,60
1784660580,7507.1,7507.8,7507.1,7507.6,56
1784660640,7507.8,7508.8,7507.6,7507.8,44
1784660700,7507.6,7508.8,7507.1,7508.1,56
1784660760,7508.3,7509.1,7508.1,7508.7,74
1784660820,7508.8,7509.3,7508.3,7508.3,32
1784660880,7508.5,7508.6,7507.3,7507.6,60
1784660940,7507.3,7508.1,7506.3,7506.6,50
1784661000,7506.8,7507.1,7506.1,7506.6,44
1784661060,7506.8,7507.6,7506.6,7507.6,60
1784661120,7507.8,7508.6,7507.3,7507.8,60
1784661180,7507.6,7507.8,7507.3,7507.3,34
1784661240,7507.1,7508.3,7507.1,7507.8,48
1784661300,7507.6,7508.6,7507.3,7508.6,34
1784661360,7508.3,7509.6,7508.3,7509.6,56
1784661420,7509.8,7509.8,7508.8,7509.3,50
1784661480,7509.1,7509.3,7508.8,7508.8,28
1784661540,7508.6,7509.1,7508.1,7508.3,40
1784661600,7508.2,7509.1,7507.6,7508.8,44
1784661660,7509.1,7509.1,7507.6,7507.6,28
1784661720,7507.3,7507.8,7507.1,7507.8,38
1784661780,7508.1,7508.1,7507.3,7507.6,32
1784661840,7507.8,7508.6,7507.6,7508.1,36
1784661900,7508.3,7508.3,7507.8,7507.8,26
1784661960,7507.6,7508.6,7507.1,7508.3,40
1784662020,7508.6,7509.6,7507.6,7507.8,60
1784662080,7508.1,7508.7,7507.8,7508.1,34
1784662140,7508.3,7508.3,7507.6,7507.6,34
1784662200,7507.8,7508.6,7507.1,7508.1,76
1784662260,7508.3,7508.8,7507.3,7507.6,46
1784662320,7507.8,7508.3,7507.3,7507.6,40
1784662380,7507.3,7507.6,7506.6,7507.1,36
1784662440,7507.3,7507.3,7506.6,7506.6,28
1784662500,7506.3,7508.6,7506.1,7508.6,48
1784662560,7508.8,7509.8,7508.8,7509.3,46
1784662620,7509.6,7510.6,7509.6,7510.3,40
1784662680,7510.1,7510.1,7509.3,7509.3,50
1784662740,7509.1,7509.6,7508.6,7509.1,42
1784662800,7508.8,7509.1,7508.1,7508.1,40
1784662860,7508.3,7508.3,7507.1,7507.3,54
1784662920,7507.6,7507.8,7507.1,7507.6,36
1784662980,7507.3,7509.1,7507.3,7509.1,38
1784663040,7509.3,7510.6,7508.6,7510.1,40
1784663100,7509.6,7509.8,7508.8,7509.1,68
1784663160,7509.3,7509.3,7508.8,7508.8,50
1784663220,7508.6,7508.8,7507,7508.1,48
1784663280,7507.8,7509.7,7507.8,7509.1,68
1784663340,7509.3,7510.8,7509.1,7510.6,66
1784663400,7508.1,7511.1,7507.6,7508.6,134
1784663460,7509.1,7509.8,7507.8,7508.6,92
1784663520,7508.8,7509.8,7508.7,7509.3,62
1784663580,7509.7,7510.3,7508.7,7509.1,80
1784663640,7509.3,7509.8,7508.3,7508.3,76
1784663700,7509.3,7509.3,7507.1,7507.7,118
1784663760,7507.8,7510.6,7507.8,7509.8,92
1784663820,7509.6,7510.1,7508.8,7509.1,48
1784663880,7508.8,7509.1,7507.3,7507.3,98
1784663940,7507.1,7509.6,7505.3,7508.1,152
1784664000,7507.7,7508.7,7505.5,7506.2,110
1784664060,7506,7506.9,7505.5,7506,84
1784664120,7505.7,7505.7,7503.7,7504.2,50
1784664180,7504.5,7504.5,7503.2,7503.7,40
1784664240,7503.5,7503.9,7503.2,7503.6,48
1784664300,7503.5,7504.7,7503.2,7504.5,48
1784664360,7504.2,7504.5,7503,7504.5,50
1784664420,7504.7,7505.5,7504.7,7504.7,20
1784664480,7505,7505.7,7504.7,7505.5,30
1784664540,7505.2,7506.2,7505.2,7505.7,26
1784664600,7505.5,7505.5,7504.5,7504.7,20
1784664660,7505,7505,7504.2,7504.2,44
1784664720,7504.5,7505.7,7504.2,7505.5,22
1784664780,7505.7,7506.2,7505.5,7505.7,20
1784664840,7506,7506.5,7505.9,7506.2,20
1784664900,7505.9,7505.9,7504.6,7504.7,44
1784664960,7504.5,7505,7504.2,7504.7,26
1784665020,7504.5,7504.7,7504.2,7504.5,12
1784665080,7504.4,7504.4,7503.2,7503.5,38
1784665140,7503.7,7503.7,7503.2,7503.2,8
1784665200,7503.5,7503.5,7503,7503,16
1784665260,7503.2,7503.2,7502.7,7502.7,8
1784665380,7503,7503.5,7503,7503,10
1784665440,7503.2,7504.1,7503.2,7504,12
1784665500,7503.7,7504.2,7503.5,7503.5,16
1784665560,7503.2,7503.5,7502.7,7503,22
1784665620,7503.2,7503.2,7503.2,7503.2,2
1784665680,7503,7503.2,7503,7503,6
1784665740,7503.2,7503.2,7503,7503.2,6
1784665800,7503.5,7504,7503.5,7504,6
1784665860,7504.2,7504.2,7503.7,7504.2,22
1784665920,7504.5,7504.5,7504,7504.2,14
1784665980,7504.5,7504.5,7504.2,7504.5,12
1784666100,7504.2,7504.5,7504,7504,14
1784666160,7504.2,7504.7,7504.2,7504.7,6
1784666220,7505,7505,7504.7,7505,6
1784666280,7505.2,7505.5,7505,7505,8
1784666340,7504.7,7504.7,7504.7,7504.7,2
1784666400,7504.5,7504.5,7504.5,7504.5,2
1784666460,7504.7,7505,7504.2,7504.5,12
1784666520,7504.2,7504.5,7504.2,7504.5,8
1784666580,7504.4,7504.5,7504,7504.2,10
1784666640,7504,7504.2,7504,7504.2,4
1784666700,7504.5,7504.5,7504,7504.5,20
1784666760,7504.6,7504.6,7504.2,7504.5,8
1784666820,7504.2,7504.5,7504,7504,8
1784666880,7503.7,7503.7,7503.5,7503.7,14
1784666940,7503.5,7503.5,7503.2,7503.2,12
1784667000,7503.5,7503.5,7503,7503.1,14
1784667060,7503,7503.7,7503,7503.7,8
1784667120,7504,7504,7503.5,7503.5,6
1784667180,7503.7,7503.7,7503.2,7503.5,12
1784667240,7503.7,7503.7,7503,7503,18
1784667300,7503.2,7503.5,7503.2,7503.2,6
1784667360,7503.5,7503.5,7502.5,7503.2,20
1784667420,7503.5,7503.5,7503,7503,18
1784667480,7503.5,7503.7,7503.5,7503.7,4
1784671200,7505.4,7506.1,7504.9,7505.9,64
1784671260,7505.6,7506.6,7504.7,7504.9,102
1784671320,7505.1,7505.8,7504.8,7505.1,44
1784671380,7504.8,7505.6,7504.8,7505.6,74
1784671440,7505.3,7506.8,7504.8,7505.8,58
1784671500,7506.1,7506.6,7505.2,7505.4,64
1784671560,7505.6,7506.1,7504.6,7504.6,66
1784671620,7504.3,7505.4,7504.1,7505.4,52
1784671680,7505.7,7506.1,7504.9,7505.7,40
1784671740,7505.8,7506.3,7504.9,7505.4,58
1784671800,7505.3,7505.7,7505.2,7505.4,36
1784671860,7505.6,7505.9,7505.3,7505.6,38
1784671920,7505.3,7505.9,7505.3,7505.8,26
1784671980,7506.1,7506.3,7505.8,7506.3,24
1784672040,7506.1,7507.1,7506.1,7507.1,26
1784672100,7506.8,7507.6,7506.8,7507.1,46
1784672160,7506.9,7507.6,7506.9,7507.3,46
1784672220,7507.1,7507.6,7507.1,7507.3,44
1784672280,7507.1,7507.6,7507.1,7507.6,40
1784672340,7507.8,7507.8,7507.1,7507.6,14
1784672400,7507.8,7507.8,7507.1,7507.8,30
1784672460,7507.7,7508.1,7507.6,7507.6,12
1784672520,7507.4,7507.8,7507.4,7507.6,10
1784672580,7507.8,7507.8,7507.8,7507.8,2
1784672640,7507.6,7507.6,7503.8,7503.8,44
1784672700,7503.9,7505.1,7503.7,7504.8,54
1784672760,7505.1,7505.4,7504.6,7504.8,46
1784672820,7504.9,7505.2,7504.8,7504.8,24
1784672880,7504.9,7505.1,7504.3,7504.3,32
1784672940,7504.2,7504.3,7503.6,7504.3,32
1784673000,7504.1,7504.6,7502.8,7503.6,46
1784673060,7503.4,7504.2,7503.4,7503.9,54
1784673120,7504.1,7504.3,7503.6,7504.3,32
1784673180,7504.2,7504.3,7503.8,7503.8,28
1784673240,7503.9,7504.8,7503.9,7504.6,18
1784673300,7504.8,7505.2,7503.8,7504.3,52
1784673360,7504.2,7504.4,7504.1,7504.3,30
1784673420,7504.4,7504.6,7504.3,7504.3,28
1784673480,7504.4,7504.9,7504.4,7504.9,28
1784673540,7505.1,7505.1,7504.6,7504.6,22
1784673600,7504.4,7505.1,7504.3,7504.8,36
1784673660,7504.7,7504.8,7504.4,7504.7,18
1784673720,7504.6,7504.6,7503.7,7504.3,32
1784673780,7504.4,7504.4,7503.8,7504.1,22
1784673840,7503.9,7503.9,7503.6,7503.6,6
1784673900,7503.4,7503.4,7501.7,7501.8,58
1784673960,7501.6,7501.8,7501.3,7501.4,44
1784674020,7501.6,7501.8,7501.4,7501.4,46
1784674080,7501.6,7501.8,7501.1,7501.6,32
1784674140,7501.7,7501.8,7501.1,7501.3,24
1784674200,7501.4,7501.8,7501.4,7501.6,28
1784674260,7501.4,7501.8,7501.4,7501.8,22
1784674320,7501.7,7501.8,7501.3,7501.8,38
1784674380,7501.6,7501.6,7501.3,7501.6,14
1784674440,7501.4,7502.1,7501.3,7502.1,36
1784674500,7501.9,7502.7,7501.6,7501.8,42
1784674560,7501.7,7502.6,7501.3,7502.6,20
1784674620,7502.8,7503.3,7502.7,7503.3,30
1784674680,7503.2,7503.2,7502.8,7503.1,26
1784674740,7503.3,7503.3,7503.3,7503.3,2
1784674800,7503.1,7503.4,7502.8,7503.1,56
1784674860,7502.8,7503.1,7502.3,7502.6,46
1784674920,7502.8,7503.4,7502.8,7503.1,26
1784674980,7502.8,7503.3,7502.7,7503.3,16
1784675040,7503.7,7503.7,7503.3,7503.3,14
1784675100,7503.1,7503.1,7502.6,7502.7,22
1784675160,7502.8,7503.6,7502.7,7503.3,28
1784675220,7503.6,7503.6,7503.1,7503.3,14
1784675280,7503.2,7503.6,7503.2,7503.6,22
1784675340,7503.3,7503.6,7503.1,7503.3,18
1784675400,7503.1,7503.3,7502.8,7502.9,26
1784675460,7502.8,7503.8,7502.8,7503.8,26
1784675520,7503.6,7504.6,7503.6,7504.6,24
1784675580,7504.3,7504.3,7503.8,7503.9,16
1784675640,7503.8,7504.3,7503.6,7504.3,26
1784675700,7504.6,7504.6,7503.8,7503.8,24
1784675760,7504.1,7504.3,7503.8,7503.8,18
1784675820,7503.6,7503.8,7502.8,7503.7,28
1784675880,7503.8,7505.1,7503.8,7504.8,42
1784675940,7505.1,7506.6,7504.9,7506.2,48
1784676000,7506.1,7506.1,7504.3,7504.7,46
1784676060,7504.6,7504.9,7504.4,7504.9,30
1784676120,7504.8,7505.1,7504.7,7504.9,34
1784676180,7505.1,7505.3,7504.7,7504.7,20
1784676240,7504.8,7504.8,7503.4,7503.8,12
1784676300,7503.9,7504.1,7503.8,7504.1,12
1784676360,7503.9,7504.3,7503.8,7504.2,24
1784676420,7504.3,7504.7,7504.3,7504.7,32
1784676480,7504.8,7505.6,7504.6,7505.6,34
1784676540,7505.7,7505.8,7505.4,7505.6,20
1784676600,7505.3,7505.6,7504.8,7505.3,32
1784676660,7505.4,7505.8,7505.1,7505.6,26
1784676720,7505.8,7506.4,7505.7,7506.4,30
1784676780,7506.6,7506.6,7505.8,7506.1,40
1784676840,7505.9,7506.1,7505.6,7505.6,26
1784676900,7505.4,7505.4,7504.3,7504.7,44
1784676960,7504.8,7505.7,7504.8,7505.1,36
1784677020,7504.9,7504.9,7504.4,7504.6,18
1784677080,7504.8,7504.9,7504.2,7504.2,24
1784677140,7504.1,7504.1,7503.8,7504.1,20
1784677200,7504.3,7504.6,7504.1,7504.3,26
1784677260,7504.4,7504.4,7502.3,7502.6,52
1784677320,7502.4,7503.3,7502.4,7502.8,44
1784677380,7502.7,7502.8,7502.6,7502.8,24
1784677440,7502.6,7503.2,7502.3,7503.1,36
1784677500,7503.2,7504.4,7502.7,7504.2,128
1784677560,7504.1,7505.4,7504.1,7504.7,100
1784677620,7504.6,7505.3,7504.1,7504.8,78
1784677680,7504.7,7505.7,7504.6,7505.3,86
1784677740,7505.4,7506.1,7505.4,7505.8,62
1784677800,7505.6,7506.6,7505.2,7506.3,88
1784677860,7506.1,7506.3,7504.3,7504.3,72
1784677920,7504.4,7504.9,7503.7,7503.7,86
1784677980,7503.8,7503.9,7502.8,7503.9,96
1784678040,7504.1,7504.1,7503.3,7503.8,76
1784678100,7503.9,7505.9,7503.8,7505.1,86
1784678160,7504.9,7505.6,7504.8,7505.3,68
1784678220,7505.4,7505.9,7505.1,7505.2,52
1784678280,7505.3,7506.1,7505.1,7505.7,64
1784678340,7505.6,7506.6,7505.6,7505.7,98
1784678400,7506.4,7506.7,7504.6,7505.1,176
1784678460,7505.3,7507.3,7505.1,7507.3,152
1784678520,7507.2,7508.8,7506.7,7508.8,144
1784678580,7508.4,7509.1,7507.6,7508.4,112
1784678640,7508.6,7509.4,7508.3,7509.4,122
1784678700,7509.3,7509.6,7507.3,7507.9,126
1784678760,7507.8,7509.1,7507.1,7507.8,118
1784678820,7507.7,7509.3,7507.7,7509.1,102
1784678880,7509.2,7509.3,7507.1,7507.4,126
1784678940,7507.3,7507.9,7506.1,7507.3,128
1784679000,7507.1,7507.1,7504.9,7506.6,118
1784679060,7506.7,7508.2,7506.7,7507.3,128
1784679120,7507.2,7507.9,7506.9,7507.7,116
1784679180,7507.6,7508.3,7506.8,7508.2,94
1784679240,7508.3,7508.9,7507.3,7507.4,86
1784679300,7507.7,7508.1,7506.3,7506.6,108
1784679360,7506.4,7506.8,7505.2,7505.8,110
1784679420,7505.9,7506.6,7505.1,7505.4,106
1784679480,7505.6,7505.9,7505.1,7505.8,88
1784679540,7505.6,7507.6,7505.6,7507.3,94
1784679600,7507.4,7508.2,7506.6,7506.6,98
1784679660,7506.8,7507.7,7506.6,7506.6,104
1784679720,7506.4,7506.6,7504.6,7505.8,128
1784679780,7505.9,7505.9,7504.3,7505.2,106
1784679840,7505.3,7507.3,7505.2,7505.6,88
1784679900,7505.4,7506.8,7505.4,7506.3,122
1784679960,7506.4,7506.8,7503.6,7503.6,104
1784680020,7503.8,7504.1,7503.3,7503.6,108
1784680080,7503.4,7504.6,7503.3,7503.8,92
1784680140,7503.6,7504.6,7503.3,7504.6,98
1784680200,7504.7,7505.3,7504.2,7504.9,114
1784680260,7504.8,7505.6,7503.8,7503.9,118
1784680320,7503.8,7503.8,7501.8,7503.2,136
1784680380,7503.3,7504.3,7503.1,7504.3,122
1784680440,7504.4,7504.6,7503.4,7503.4,102
1784680500,7503.3,7503.8,7502.4,7502.6,114
1784680560,7502.8,7503.6,7502.1,7502.8,98
1784680620,7502.7,7504.6,7502.1,7503.8,116
1784680680,7503.7,7504.3,7503.3,7504.3,110
1784680740,7504.6,7504.6,7503.6,7504.1,114
1784680800,7503.8,7504.8,7503.6,7504.6,96
1784680860,7504.7,7505.1,7504.3,7504.8,62
1784680920,7505.1,7505.3,7504.3,7504.9,84
1784680980,7505.1,7505.3,7503.4,7503.6,80
1784681040,7503.3,7504.1,7503.1,7503.3,78
1784681100,7503.4,7503.8,7502.1,7502.1,98
1784681160,7502.3,7502.6,7500.8,7501.6,116
1784681220,7501.4,7501.8,7501.1,7501.4,84
1784681280,7501.6,7502.2,7500.6,7501.7,114
1784681340,7501.6,7503.1,7501.3,7503.1,124
1784681400,7502.9,7503.1,7502.4,7502.8,70
1784681460,7502.6,7504.2,7502.6,7502.9,78
1784681520,7502.8,7503.3,7501.9,7502.1,68
1784681580,7502.2,7502.3,7501.3,7502.1,62
1784681640,7501.8,7502.3,7501.6,7501.8,56
1784681700,7501.9,7502.6,7501.1,7502.4,76
1784681760,7502.6,7503.6,7502.3,7503.3,86
1784681820,7503.1,7504.3,7502.6,7504.1,90
1784681880,7504.3,7504.6,7503.7,7504.6,104
1784681940,7504.4,7505.1,7504.3,7504.6,70
1784682000,7504.8,7505.3,7502.1,7502.2,134
1784682060,7502.1,7502.4,7500.3,7500.3,140
1784682120,7499.8,7499.8,7498.8,7499.8,84
1784682180,7499.9,7500.6,7499.4,7500.1,134
1784682240,7500.2,7500.8,7499.7,7500.1,116
1784682300,7500.3,7500.7,7499.8,7500.1,94
1784682360,7499.9,7500.6,7499.2,7499.6,104
1784682420,7499.8,7500.1,7499.3,7500.1,56
1784682480,7499.8,7500.1,7499.3,7499.6,82
1784682540,7499.4,7499.6,7498.8,7499.3,70
1784682600,7499.4,7500.1,7499.3,7499.4,86
1784682660,7499.3,7499.8,7498.9,7499.1,58
1784682720,7499.3,7500.6,7499.3,7500.6,56
1784682780,7500.3,7501.3,7500.3,7501.2,48
1784682840,7501.1,7501.1,7500.3,7500.8,46
1784682900,7501.1,7501.4,7500.6,7501.4,114
1784682960,7501.6,7501.8,7500.8,7501.1,74
1784683020,7500.9,7501.4,7500.6,7501.3,66
1784683080,7501.6,7501.8,7501.3,7501.3,42
1784683140,7501.6,7501.6,7501.1,7501.1,60
1784683200,7500.8,7501.3,7500.1,7500.3,70
1784683260,7500.4,7500.6,7499.3,7500.6,98
1784683320,7500.8,7500.8,7500.1,7500.3,62
1784683380,7500.2,7500.3,7498.8,7499.1,74
1784683440,7499.3,7499.3,7497.6,7497.8,76
1784683500,7497.9,7498.8,7497.6,7498.8,62
1784683560,7498.7,7500.3,7498.7,7500.3,64
1784683620,7500.2,7500.8,7500.1,7500.1,78
1784683680,7499.9,7500.1,7498.8,7498.8,42
1784683740,7498.9,7499.3,7498.6,7499.1,66
1784683800,7498.8,7498.8,7497.3,7498.1,114
1784683860,7497.9,7498.6,7497.1,7497.3,120
1784683920,7497.2,7498.3,7497.1,7498.2,92
1784683980,7498.1,7499.1,7497.8,7498.3,66
1784684040,7498.4,7499.1,7498.3,7499.1,84
1784684100,7499.2,7499.3,7498.6,7498.8,90
1784684160,7498.9,7500.1,7498.8,7499.8,84
1784684220,7499.7,7500.3,7499.6,7499.8,60
1784684280,7499.9,7500.3,7499.6,7500.3,52
1784684340,7500.1,7500.3,7499.8,7500.3,80
1784684400,7500.2,7501.1,7500.1,7500.6,74
1784684460,7500.7,7500.7,7499.3,7499.6,60
1784684520,7499.8,7500.7,7499.3,7499.4,58
1784684580,7499.3,7500.7,7498.8,7500.3,90
1784684640,7500.1,7501.1,7499.8,7500.8,102
1784684700,7501.1,7502.1,7500.2,7502.1,96
1784684760,7502.3,7503.6,7502.2,7503.3,68
1784684820,7503.6,7504.1,7503.1,7504.1,86
1784684880,7503.9,7504.4,7503.6,7504.1,48
1784684940,7504.3,7504.8,7503.9,7504.8,38
1784685000,7505.1,7505.1,7503.8,7504.1,58
1784685060,7504.2,7505.3,7504.1,7505.3,60
1784685120,7505.2,7506.9,7504.9,7506.9,74
1784685180,7506.8,7507.1,7505.8,7505.8,38
1784685240,7505.9,7506.8,7505.8,7506.4,58
1784685300,7506.3,7506.6,7505.8,7506.3,52
1784685360,7506.2,7506.3,7505.3,7505.8,64
1784685420,7505.7,7505.8,7505.2,7505.6,70
1784685480,7505.4,7505.8,7504.3,7504.3,48
1784685540,7504.1,7504.2,7503.3,7503.6,54
1784685600,7503.8,7504.4,7501.6,7501.8,84
1784685660,7502.2,7502.3,7499.8,7500.8,80
1784685720,7500.6,7501.1,7499.6,7500.3,96
1784685780,7500.6,7501.6,7500.3,7501.1,84
1784685840,7500.9,7501.8,7500.9,7501.1,74
1784685900,7501.3,7502.1,7500.1,7500.2,64
1784685960,7500.1,7500.8,7499.8,7499.8,92
1784686020,7499.6,7500.1,7499.3,7499.8,62
1784686080,7499.9,7500.3,7499.1,7499.2,90
1784686140,7499.1,7500.3,7499.1,7500.1,94
1784686200,7499.9,7501.1,7499.7,7500.6,88
1784686260,7500.4,7501.1,7500.3,7501.1,88
1784686320,7500.9,7501.9,7500.3,7501.8,84
1784686380,7501.9,7502.8,7501.8,7502.6,80
1784686440,7502.3,7502.6,7501.6,7502.3,70
1784686500,7502.1,7503.1,7501.6,7501.8,86
1784686560,7501.7,7502.7,7501.6,7502.7,48
1784686620,7502.8,7502.9,7501.7,7501.8,88
1784686680,7501.7,7502.8,7501.6,7502.6,80
1784686740,7502.4,7502.4,7501.7,7502.2,70
1784686800,7502.3,7502.8,7501.8,7502.6,74
1784686860,7502.4,7502.6,7501.8,7502.3,72
1784686920,7502.2,7503.1,7502.1,7502.7,72
1784686980,7502.6,7503.1,7502.6,7502.7,56
1784687040,7502.6,7502.9,7502.3,7502.8,52
1784687100,7502.6,7503.1,7501.1,7501.8,82
1784687160,7501.7,7502.6,7501.4,7502.1,96
1784687220,7502.2,7504.1,7501.7,7504.1,78
1784687280,7504.2,7505.1,7503.8,7505.1,54
1784687340,7504.9,7505.3,7504.1,7504.1,54
1784687400,7503.8,7504.2,7502.3,7502.7,110
1784687460,7502.6,7503.8,7501.9,7503.8,94
1784687520,7503.7,7504.6,7502.7,7503.4,110
1784687580,7503.2,7503.3,7502.1,7502.3,112
1784687640,7502.4,7502.6,7501.8,7502.2,104
1784687700,7502.3,7502.6,7501.6,7501.7,100
1784687760,7501.8,7502.1,7501.3,7501.8,74
1784687820,7501.6,7502.1,7501.1,7501.1,72
1784687880,7501.2,7501.6,7500.8,7501.3,66
1784687940,7501.4,7501.4,7500.8,7500.8,64
1784688000,7500.9,7502.8,7500.8,7502.8,84
1784688060,7502.9,7504.2,7502.9,7503.8,84
1784688120,7503.7,7504.3,7503.6,7503.8,74
1784688180,7503.7,7503.8,7503.3,7503.8,62
1784688240,7503.7,7504.1,7503.6,7504.1,56
1784688300,7504.3,7504.3,7503.4,7503.6,72
1784688360,7503.8,7505.1,7503.3,7504.8,94
1784688420,7504.6,7505.6,7504.6,7505.6,68
1784688480,7505.4,7505.8,7504.8,7504.8,68
1784688540,7505.1,7505.3,7504.6,7505.3,72
1784688600,7505.4,7505.4,7504.8,7504.8,76
1784688660,7504.9,7504.9,7504.2,7504.2,56
1784688720,7504.3,7504.3,7503.8,7504.1,50
1784688780,7503.9,7504.3,7503.7,7504.1,66
1784688840,7504.2,7504.8,7504.2,7504.6,48
1784688900,7504.8,7504.8,7503.4,7503.4,68
1784688960,7503.3,7503.4,7502.8,7502.9,52
1784689020,7503.1,7503.3,7502.8,7502.8,50
1784689080,7503.1,7503.1,7502.6,7503.1,44
1784689140,7503.3,7504.1,7503.1,7503.9,46
1784689200,7503.8,7504.3,7502.7,7502.8,112
1784689260,7503.1,7504.1,7502.8,7504.1,70
1784689320,7503.8,7504.6,7503.8,7504.1,86
1784689380,7504.2,7504.6,7503.3,7504.2,74
1784689440,7504.1,7505.1,7503.8,7504.6,70
1784689500,7504.4,7505.1,7503.8,7504.3,110
1784689560,7504.4,7505.1,7503.9,7505.1,72
1784689620,7504.8,7505.1,7503.1,7503.2,84
1784689680,7503.3,7503.8,7502.8,7503.1,56
1784689740,7502.8,7503.3,7501.4,7501.4,42
1784689800,7501.6,7501.8,7501.3,7501.4,66
1784689860,7501.6,7501.6,7501.1,7501.1,36
1784689920,7500.9,7501.6,7500.6,7500.8,58
1784689980,7500.9,7501.8,7500.6,7501.6,32
1784690040,7501.3,7501.3,7500.8,7501.3,40
1784690100,7501.2,7501.8,7501.1,7501.7,86
1784690160,7501.6,7502.8,7501.6,7502.4,90
1784690220,7502.3,7502.8,7501.8,7502.1,74
1784690280,7502.3,7502.6,7502.1,7502.1,60
1784690340,7502.2,7502.8,7502.1,7502.3,72
1784690400,7502.6,7502.9,7502.3,7502.6,72
1784690460,7502.8,7503.3,7502.4,7502.8,62
1784690520,7503.1,7504.3,7503.1,7504.1,48
1784690580,7504.3,7506.1,7504.2,7505.8,66
1784690640,7505.7,7506.3,7505.7,7506.1,66
1784690700,7505.9,7506.6,7505.8,7506.6,76
1784690760,7506.8,7507.1,7506.6,7506.9,56
1784690820,7506.8,7507.1,7506.4,7506.8,50
1784690880,7507.1,7507.1,7506.6,7506.6,38
1784690940,7506.4,7506.8,7506.1,7506.8,52
1784691000,7506.6,7507.3,7505.8,7505.9,70
1784691060,7505.8,7506.2,7504.8,7505.1,66
1784691120,7504.8,7504.8,7503.1,7503.1,86
1784691180,7502.8,7502.8,7501.8,7502.4,72
1784691240,7502.6,7502.9,7501.8,7502.4,116
1784691300,7502.6,7503.1,7502.1,7502.4,122
1784691360,7502.6,7503.1,7502.2,7502.2,106
1784691420,7502.1,7503.1,7501.3,7502.6,90
1784691480,7502.4,7502.6,7501.9,7502.6,102
1784691540,7502.7,7503.1,7502.3,7502.4,74
1784691600,7502.3,7502.6,7502.1,7502.3,84
1784691660,7502.2,7503.6,7502.1,7502.6,100
1784691720,7502.4,7502.6,7501.6,7501.8,52
1784691780,7501.7,7502.6,7501.6,7501.9,70
1784691840,7501.8,7502.3,7501.7,7501.8,70
1784691900,7502.1,7503.1,7501.9,7502.8,72
1784691960,7503.1,7503.3,7502.6,7502.6,56
1784692020,7502.3,7503.1,7502.3,7502.7,66
1784692080,7502.6,7503.1,7502.3,7502.8,52
1784692140,7502.6,7502.8,7501.8,7502.3,60
1784692200,7502.1,7502.3,7501.8,7501.8,56
1784692260,7501.6,7501.7,7498.9,7499.1,102
1784692320,7498.8,7499.4,7498.3,7499.1,80
1784692380,7499.2,7499.3,7498.3,7498.8,98
1784692440,7499.1,7499.2,7497.8,7498.2,90
1784692500,7498.3,7498.3,7497.1,7497.6,100
1784692560,7497.4,7497.8,7497.1,7497.3,70
1784692620,7497.4,7498.1,7497.3,7497.6,90
1784692680,7497.8,7498.6,7497.3,7497.7,80
1784692740,7497.8,7498.6,7497.8,7498.1,58
1784692800,7498.2,7499.1,7498.2,7499.1,74
1784692860,7498.9,7499.2,7496.8,7497.6,56
1784692920,7497.4,7498.4,7497.3,7498.3,86
1784692980,7498.2,7499.1,7497.8,7498.8,48
1784693040,7498.7,7499.3,7498.2,7499.3,86
1784693100,7499.1,7499.8,7498.6,7499.8,68
1784693160,7499.9,7500.6,7499.6,7500.3,58
1784693220,7500.4,7501.1,7500.2,7500.8,62
1784693280,7500.9,7501.1,7500.3,7500.9,78
1784693340,7500.8,7501.1,7500.4,7500.8,56
1784693400,7500.6,7501.1,7500.1,7501.1,90
1784693460,7501.2,7501.2,7500.3,7500.8,82
1784693520,7500.6,7500.7,7499.7,7499.8,56
1784693580,7499.6,7500.1,7499.6,7499.8,44
1784693640,7500.1,7500.4,7499.8,7500.1,66
1784693700,7500.2,7501.8,7500.1,7501.8,50
1784693760,7501.7,7501.8,7500.8,7500.9,46
1784693820,7500.8,7501.1,7500.8,7500.8,54
1784693880,7500.6,7501.6,7500.6,7501.6,40
1784693940,7501.4,7501.6,7501.1,7501.1,52
1784694000,7500.8,7501.6,7500.8,7501.6,62
1784694060,7501.3,7501.6,7501.3,7501.6,26
1784694120,7501.4,7502.1,7501.3,7501.8,18
1784694180,7501.7,7501.8,7501.7,7501.8,8
1784694240,7501.6,7502.1,7501.6,7501.7,52
1784694300,7501.6,7501.8,7500.8,7501.3,70
1784694360,7501.6,7501.6,7500.8,7500.8,62
1784694420,7500.9,7501.3,7500.8,7501.1,54
1784694480,7501.3,7501.6,7501.3,7501.6,36
1784694540,7501.8,7501.8,7501.2,7501.3,20
1784694600,7501.2,7501.2,7499.6,7499.6,60
1784694660,7499.3,7500.6,7499.3,7500.6,48
1784694720,7500.4,7500.6,7499.8,7499.8,52
1784694780,7499.9,7501.3,7499.9,7500.4,64
1784694840,7500.3,7500.3,7498.6,7499.1,66
1784694900,7498.9,7499.3,7498.8,7499.2,44
1784694960,7499.1,7499.6,7498.6,7499.3,34
1784695020,7499.2,7499.4,7498.6,7498.6,54
1784695080,7498.8,7499.6,7498.6,7499.4,44
1784695140,7499.3,7499.6,7499.1,7499.1,60
1784695200,7499.3,7499.3,7498.7,7499.3,48
1784695260,7499.6,7500.6,7499.3,7500.3,54
1784695320,7500.2,7500.3,7499.4,7499.6,52
1784695380,7499.7,7500.2,7499.6,7500.1,42
1784695440,7500.3,7500.8,7500.1,7500.4,42
1784695500,7500.3,7500.4,7499.9,7500.3,58
1784695560,7500.2,7500.3,7499.1,7499.2,48
1784695620,7499.3,7499.8,7498.6,7499.7,60
1784695680,7499.6,7500.6,7499.6,7499.8,44
1784695740,7499.7,7499.8,7499.1,7499.6,68
1784695800,7499.3,7499.8,7498.8,7498.9,82
1784695860,7498.8,7499.6,7498.8,7499.3,62
1784695920,7499.6,7499.7,7499.1,7499.3,46
1784695980,7499.4,7499.6,7498.8,7498.8,38
1784696040,7499.1,7499.1,7498.6,7498.6,44
1784696100,7498.7,7498.7,7498.3,7498.3,46
1784696160,7498.2,7498.3,7497.8,7498.2,52
1784696220,7498.1,7500.1,7498.1,7499.8,36
1784696280,7499.6,7500.4,7499.1,7500.4,64
1784696340,7500.8,7501.1,7500.3,7501.1,94
1784696400,7501.3,7501.6,7500.1,7500.4,130
1784696460,7500.6,7500.8,7500.1,7500.4,108
1784696520,7500.3,7500.4,7499.7,7499.8,68
1784696580,7499.7,7500.1,7499.1,7499.1,64
1784696640,7498.9,7499.6,7498.8,7498.9,94
1784696700,7499.1,7499.1,7498.1,7499.1,64
1784696760,7498.9,7499.3,7497.9,7497.9,72
1784696820,7498.1,7498.3,7497.9,7498.3,44
1784696880,7498.1,7498.3,7497.8,7498.1,52
1784696940,7497.8,7498.3,7497.6,7497.8,54
1784697000,7497.6,7498.3,7497.6,7498.3,64
1784697060,7498.6,7498.6,7497.6,7497.8,68
1784697120,7497.6,7498.1,7497.3,7498.1,56
1784697180,7498.2,7498.3,7497.8,7497.8,102
1784697240,7497.9,7498.1,7497.4,7498.1,70
1784697300,7497.9,7498.4,7497.3,7498.3,74
1784697360,7498.2,7499.1,7497.6,7497.6,88
1784697420,7497.7,7498.4,7497.4,7497.8,108
1784697480,7497.9,7499.1,7497.8,7498.8,104
1784697540,7498.9,7499.2,7498.1,7498.1,110
1784697600,7497.9,7497.9,7497.1,7497.1,84
1784697660,7496.9,7497.3,7496.6,7496.6,92
1784697720,7496.8,7497.8,7496.6,7497.8,90
1784697780,7497.7,7497.8,7496.7,7496.8,70
1784697840,7496.7,7497.8,7496.6,7497.1,86
1784697900,7496.9,7498.1,7496.8,7497.6,102
1784697960,7497.4,7498.6,7496.8,7498.6,94
1784698020,7498.8,7499.1,7497.9,7497.9,106
1784698080,7497.8,7498.1,7497.2,7497.2,96
1784698140,7497.3,7497.8,7497.1,7497.2,82
1784698200,7497.3,7497.6,7496.7,7497.3,128
1784698260,7497.4,7497.8,7496.2,7496.4,116
1784698320,7496.6,7498.1,7496.6,7497.6,118
1784698380,7497.7,7497.7,7496.7,7497.6,92
1784698440,7497.8,7499.1,7497.8,7498.9,82
1784698500,7498.8,7499.1,7497.4,7497.4,110
1784698560,7497.3,7498.1,7496.3,7496.3,126
1784698620,7496.2,7496.8,7495.8,7496.6,68
1784698680,7496.7,7497.1,7496.3,7496.7,76
1784698740,7496.8,7497.8,7496.3,7497.6,80
1784698800,7497.3,7497.8,7496.1,7496.1,102
1784698860,7496.3,7496.3,7495.6,7495.8,56
1784698920,7495.6,7496.1,7495.3,7495.8,44
1784698980,7495.6,7496.1,7495.6,7496.1,32
1784699040,7495.8,7496.3,7495.8,7495.8,74
1784699100,7496.1,7496.1,7495.3,7495.3,66
1784699160,7495.1,7495.8,7494.8,7495.6,68
1784699220,7495.8,7496.8,7495.8,7496.3,56
1784699280,7496.2,7497.3,7495.6,7497.2,76
1784699340,7497.1,7497.3,7496.1,7496.6,66
1784699400,7496.8,7497.9,7496.3,7497.9,72
1784699460,7497.8,7498.8,7497.8,7498.8,88
1784699520,7498.7,7499.6,7498.7,7499.3,74
1784699580,7499.4,7499.4,7498.3,7498.6,104
1784699640,7498.3,7498.8,7497.2,7497.3,62
1784699700,7497.2,7498.4,7497.1,7497.8,90
1784699760,7497.9,7498.2,7497.6,7497.8,88
1784699820,7497.7,7498.3,7497.6,7497.9,94
1784699880,7498.1,7499.1,7497.8,7498.8,74
1784699940,7498.9,7499.1,7498.6,7499.1,50
1784700000,7498.8,7499.3,7497.6,7498.2,102
1784700060,7498.3,7498.6,7497.8,7497.9,104
1784700120,7497.8,7498.6,7497.8,7498.3,74
1784700180,7498.1,7498.8,7497.8,7498.1,80
1784700240,7498.3,7498.8,7498.1,7498.3,82
1784700300,7498.2,7498.6,7496.1,7496.3,94
1784700360,7496.4,7496.6,7495.3,7495.8,76
1784700420,7495.6,7496.6,7495.6,7496.6,80
1784700480,7496.4,7496.8,7495.9,7496.1,86
1784700540,7496.2,7496.3,7495.4,7495.8,80
1784700600,7496.1,7496.6,7495.8,7496.3,56
1784700660,7496.1,7497.6,7496.1,7496.9,80
1784700720,7496.8,7497.2,7496.3,7496.8,80
1784700780,7496.9,7497.3,7496.1,7496.6,66
1784700840,7496.3,7496.8,7496.3,7496.8,42
1784700900,7496.6,7496.6,7495.3,7495.6,74
1784700960,7495.7,7495.7,7494.6,7494.6,76
1784701020,7494.7,7495.1,7494.3,7494.4,50
1784701080,7494.3,7494.6,7492.2,7492.6,40
1784701140,7492.8,7493.1,7491.8,7492.6,64
1784701200,7492.3,7492.7,7490.1,7490.3,76
1784701260,7490.6,7490.8,7490.3,7490.6,42
1784701320,7490.3,7490.3,7488.6,7488.8,48
1784701380,7488.6,7489.1,7487.3,7487.3,68
1784701440,7487.6,7488.6,7486.1,7488.4,66
1784701500,7488.1,7488.6,7487.1,7488.1,78
1784701560,7487.8,7487.8,7487.1,7487.4,78
1784701620,7487.6,7488.6,7487.3,7487.8,64
1784701680,7487.9,7488.6,7487.1,7487.6,54
1784701740,7487.3,7488.3,7486.8,7487.3,92
1784701800,7487.1,7489.3,7487.1,7487.8,112
1784701860,7487.6,7488.1,7487.1,7487.8,84
1784701920,7487.6,7488.3,7487.6,7487.7,76
1784701980,7487.6,7488.3,7487.6,7488.1,58
1784702040,7488.3,7489.6,7488.1,7489.6,76
1784702100,7489.7,7490.3,7489.6,7489.6,54
1784702160,7489.8,7492.1,7489.6,7491.9,52
1784702220,7492.1,7492.1,7491.6,7491.6,60
1784702280,7491.3,7491.4,7490.3,7490.6,42
1784702340,7490.4,7490.8,7489.8,7490.6,42
1784702400,7490.7,7490.8,7490.1,7490.1,48
1784702460,7489.8,7490.1,7489.6,7489.8,40
1784702520,7490.1,7490.1,7489.1,7489.3,38
1784702580,7489.1,7489.6,7488.9,7489.4,42
1784702640,7489.3,7489.6,7488.2,7488.2,64
1784702700,7488.1,7488.1,7485.6,7486.1,70
1784702760,7485.9,7486.1,7484.8,7485.6,58
1784702820,7485.8,7485.8,7483.8,7484.6,56
1784702880,7484.8,7485.1,7484.3,7484.9,50
1784702940,7484.8,7484.9,7484.3,7484.6,58
1784703000,7484.8,7485.6,7484.1,7485.6,64
1784703060,7485.3,7487.3,7485.3,7486.6,60
1784703120,7486.8,7487.8,7486.8,7487.8,44
1784703180,7487.7,7488.6,7487.6,7488.3,58
1784703240,7488.4,7488.8,7487.6,7487.6,50
1784703300,7487.7,7487.8,7486.1,7487.1,72
1784703360,7486.8,7487.3,7486.8,7487.1,42
1784703420,7487.2,7487.2,7486.6,7486.7,42
1784703480,7486.6,7487.1,7486.1,7486.1,90
1784703540,7486.2,7486.8,7485.3,7485.3,78
1784703600,7485.6,7486.1,7483.8,7485.6,118
1784703660,7485.7,7485.8,7483.6,7484.1,130
1784703720,7484.2,7484.3,7481.8,7482.2,110
1784703780,7482.1,7483.6,7481.6,7483.3,88
1784703840,7483.6,7483.8,7482.6,7482.8,88
1784703900,7482.6,7482.8,7481.6,7482.1,90
1784703960,7481.8,7482.1,7479.1,7480.3,90
1784704020,7480.2,7481.8,7480.1,7481.8,88
1784704080,7481.7,7481.8,7480.8,7481.3,84
1784704140,7481.4,7481.8,7480.6,7481.3,74
1784704200,7481.6,7482.6,7481.3,7482.1,90
1784704260,7482.3,7483.1,7481.6,7482.8,105
1784704320,7483.1,7483.8,7482.3,7483.4,90
1784704380,7483.6,7485.1,7483.6,7484.3,90
1784704440,7484.4,7485.8,7484.4,7485.8,86
1784704500,7485.9,7486.6,7485.6,7486.1,104
1784704560,7486.3,7486.6,7485.6,7485.6,76
1784704620,7485.7,7486.8,7485.7,7486.6,64
1784704680,7486.7,7488.8,7486.6,7488.6,50
1784704740,7488.4,7488.8,7487.6,7487.6,78
1784704800,7487.8,7488.2,7487.6,7488.2,64
1784704860,7488.3,7488.8,7487.3,7487.6,80
1784704920,7487.7,7487.9,7487.1,7487.4,74
1784704980,7487.3,7487.8,7486.2,7486.6,62
1784705040,7486.4,7486.6,7484.4,7484.9,102
1784705100,7484.8,7485.1,7484.1,7485.1,88
1784705160,7485.2,7487.6,7485.1,7487.6,110
1784705220,7487.4,7489.6,7487.3,7489.3,72
1784705280,7489.1,7489.1,7487.9,7488.2,68
1784705340,7488.3,7488.6,7487.3,7487.8,56
1784705400,7487.7,7489.1,7484.3,7484.4,150
1784705460,7484.3,7484.8,7482.3,7484.6,130
1784705520,7484.4,7485.1,7483.6,7483.6,96
1784705580,7483.4,7483.7,7482.6,7483.6,88
1784705640,7483.4,7483.8,7481.8,7481.8,108
1784705700,7481.6,7482.6,7481.1,7482.6,104
1784705760,7482.4,7482.8,7481.1,7481.1,114
1784705820,7481.3,7481.4,7479.6,7481.4,78
1784705880,7481.3,7481.8,7480.1,7480.1,108
1784705940,7480.2,7480.6,7478.1,7478.2,120
1784706000,7477.9,7478.8,7477.1,7477.3,92
1784706060,7477.1,7478.1,7474.8,7475.1,96
1784706120,7474.8,7477.3,7474.8,7477.1,92
1784706180,7476.8,7477.8,7476.1,7477.8,86
1784706240,7478.1,7479.6,7478.1,7479.6,116
1784706300,7479.7,7480.3,7479.6,7479.8,76
1784706360,7479.9,7480.3,7479.1,7480.1,72
1784706420,7479.8,7480.1,7478.6,7479.1,64
1784706480,7479.3,7481.3,7476.6,7478.4,110
1784706540,7478.6,7478.6,7476.3,7476.4,108
1784706600,7476.6,7477.1,7475.6,7476.8,96
1784706660,7476.6,7477.6,7476.3,7477.1,92
1784706720,7477.2,7477.6,7476.3,7476.8,72
1784706780,7476.7,7478.8,7476.3,7478.6,100
1784706840,7478.8,7479.4,7477.8,7478.6,106
1784706900,7478.4,7479.8,7478.3,7478.3,96
1784706960,7478.6,7479.3,7478.3,7478.6,78
1784707020,7478.3,7479.6,7478.2,7479.1,78
1784707080,7478.8,7479.6,7478.3,7478.6,90
1784707140,7478.7,7478.9,7477.8,7478.8,88
1784707200,7479.3,7480.8,7477.6,7480.6,114
1784707260,7480.4,7481.4,7478.6,7481.1,134
1784707320,7481.2,7481.6,7480.1,7480.3,110
1784707380,7480.4,7481.1,7478.8,7481.1,120
1784707440,7480.9,7484.1,7480.8,7483.8,122
1784707500,7483.7,7484.6,7482.1,7483.1,122
1784707560,7482.8,7483.9,7480.9,7481.3,150
1784707620,7481.6,7483.3,7480.9,7483.1,104
1784707680,7483.3,7485.3,7483.2,7484.3,78
1784707740,7484.6,7484.6,7483.6,7483.6,88
1784707800,7483.8,7483.8,7480.8,7480.8,108
1784707860,7481.1,7482.1,7479.8,7480.1,104
1784707920,7479.9,7480.1,7478.6,7479.3,114
1784707980,7479.6,7480.6,7478.9,7479.6,112
1784708040,7479.3,7480.1,7478.8,7479.1,114
1784708100,7478.9,7481.1,7478.8,7480.9,100
1784708160,7480.8,7481.9,7479.8,7480.8,108
1784708220,7480.7,7482.1,7480.7,7481.1,100
1784708280,7481.2,7481.8,7481.1,7481.8,112
1784708340,7481.6,7482.4,7479.8,7481.3,104
1784708400,7481.4,7482.6,7480.9,7481.8,84
1784708460,7481.9,7482.7,7481.8,7482.1,90
1784708520,7482.2,7483.6,7481.9,7483.3,86
1784708580,7483.2,7485.1,7483.2,7484.6,72
1784708640,7484.3,7484.8,7483.1,7484.7,72
1784708700,7484.8,7485.2,7484.2,7484.9,124
1784708760,7485.1,7485.6,7484.3,7484.7,84
1784708820,7484.6,7485.3,7483.9,7484.3,106
1784708880,7484.6,7485.2,7484.3,7484.8,116
1784708940,7484.7,7486.3,7484.3,7486.1,128
1784709000,7486.3,7488.8,7485.8,7488.6,104
1784709060,7488.3,7489.1,7487.6,7487.8,100
1784709120,7488.1,7488.6,7487.6,7487.9,86
1784709180,7487.8,7488.3,7487.6,7487.8,68
1784709240,7487.6,7488.3,7486.8,7488.1,54
1784709300,7488.3,7488.6,7487.1,7487.8,64
1784709360,7487.7,7487.9,7486.8,7487.1,96
1784709420,7487.3,7487.6,7486.6,7486.7,92
1784709480,7486.6,7487.1,7485.8,7486.8,74
1784709540,7486.6,7487.1,7484.8,7484.9,82
1784709600,7485.1,7485.8,7484.8,7484.9,90
1784709660,7484.8,7485.8,7484.8,7485.2,104
1784709720,7484.9,7486.1,7484.6,7486.1,88
1784709780,7485.8,7486.1,7484.6,7484.7,74
1784709840,7484.8,7485.2,7483.8,7484.8,82
1784709900,7484.9,7487.2,7484.9,7487.1,68
1784709960,7486.9,7488.1,7486.9,7487.8,78
1784710020,7487.6,7487.8,7486.6,7486.6,60
1784710080,7486.4,7486.8,7485.3,7485.8,84
1784710140,7485.6,7486.1,7485.3,7486.1,74
1784710200,7485.8,7486.8,7485.4,7485.4,98
1784710260,7485.6,7486.6,7485.1,7486.3,88
1784710320,7486.2,7487.6,7486.1,7487.4,76
1784710380,7487.6,7488.3,7487.1,7488.3,88
1784710440,7488.6,7488.6,7487.1,7487.8,64
1784710500,7487.7,7487.8,7485.8,7486.3,66
1784710560,7486.6,7487.2,7485.8,7486.7,104
1784710620,7486.8,7488.3,7486.3,7488.2,66
1784710680,7488.1,7488.8,7487.8,7488.3,66
1784710740,7488.2,7488.2,7487.3,7487.8,48
1784710800,7488.1,7488.2,7487.4,7487.8,88
1784710860,7487.9,7489.8,7487.6,7489.6,96
1784710920,7489.8,7490.8,7489.6,7489.6,72
1784710980,7489.8,7492.1,7489.6,7491.1,56
1784711040,7490.9,7491.6,7490.8,7491.3,98
1784711100,7491.4,7491.8,7490.2,7491.6,86
1784711160,7491.4,7492.1,7490.8,7491.1,72
1784711220,7491.2,7494.3,7491.2,7493.8,68
1784711280,7494.1,7494.1,7492.3,7493.2,76
1784711340,7493.1,7493.3,7491.3,7491.6,72
1784711400,7491.7,7491.8,7490.8,7491.1,56
1784711460,7491.3,7492.6,7490.8,7491.8,48
1784711520,7491.6,7492.3,7490.8,7491.1,52
1784711580,7491.3,7491.6,7490.6,7490.6,68
1784711640,7490.8,7490.8,7490.3,7490.8,30
1784711700,7491.1,7491.1,7490.3,7490.6,50
1784711760,7490.3,7490.7,7490.1,7490.6,62
1784711820,7490.4,7490.8,7490.3,7490.8,36
1784711880,7491.1,7491.8,7490.7,7491.1,60
1784711940,7491.3,7491.8,7491.1,7491.6,52
1784712000,7491.3,7493.1,7491.1,7493.1,56
1784712060,7493.3,7493.8,7492.6,7493.3,64
1784712120,7493.4,7493.6,7492.8,7492.8,50
1784712180,7492.7,7492.7,7491.8,7492.6,54
1784712240,7492.3,7493.1,7492.1,7493.1,46
1784712300,7493.3,7493.3,7491.8,7492.1,48
1784712360,7492.2,7492.6,7492.1,7492.1,42
1784712420,7492.3,7492.4,7491.1,7491.1,52
1784712480,7490.8,7491.3,7490.1,7491.3,68
1784712540,7491.4,7491.4,7489.8,7489.8,60
1784712600,7489.6,7490.1,7488.6,7488.8,94
1784712660,7488.9,7489.4,7488.2,7488.6,66
1784712720,7488.4,7488.6,7487.6,7487.6,60
1784712780,7487.7,7487.8,7486.3,7486.3,74
1784712840,7486.2,7487.1,7485.1,7485.3,84
1784712900,7485.2,7486.3,7485.1,7486.1,116
1784712960,7486.3,7487.3,7485.8,7486.8,68
1784713020,7486.6,7487.6,7486.6,7487.6,86
1784713080,7487.4,7487.6,7486.6,7486.6,78
1784713140,7486.4,7487.3,7486.3,7486.8,54
1784713200,7486.7,7487.1,7485.8,7485.8,78
1784713260,7485.9,7486.8,7485.3,7486.3,74
1784713320,7486.4,7487.3,7485.9,7487.1,68
1784713380,7487.2,7488.6,7486.6,7487.3,84
1784713440,7487.6,7488.1,7487.3,7487.4,78
1784713500,7487.3,7488.2,7486.8,7487.3,56
1784713560,7487.4,7487.9,7486.8,7487.6,76
1784713620,7487.4,7488.3,7487.4,7488.2,90
1784713680,7488.3,7488.8,7487.8,7488.3,68
1784713740,7488.1,7488.1,7487.3,7487.3,48
1784713800,7487.1,7487.3,7485.8,7486.1,68
1784713860,7485.9,7486.1,7485.1,7485.3,96
1784713920,7485.6,7485.6,7483.9,7484.3,78
1784713980,7484.1,7484.3,7483.2,7483.6,78
1784714040,7483.8,7484.6,7483.2,7484.6,54
1784714100,7485.1,7486.1,7484.3,7486.1,86
1784714160,7486.3,7488.3,7486.3,7488.3,76
1784714220,7488.1,7489.1,7488.1,7488.6,64
1784714280,7488.7,7488.8,7488.2,7488.6,24
1784714340,7488.7,7489.1,7487.8,7489.1,76
1784714400,7489.3,7490.6,7489.1,7490.1,86
1784714460,7490.3,7491.1,7489.8,7491.1,58
1784714520,7490.7,7492.8,7490.7,7492.6,70
1784714580,7492.3,7493.1,7491.6,7491.8,62
1784714640,7491.6,7491.8,7491.1,7491.8,38
1784714700,7492.1,7492.2,7490.8,7490.8,78
1784714760,7490.6,7491.6,7489.7,7490.1,68
1784714820,7490.3,7490.3,7489.8,7490.3,60
1784714880,7490.1,7490.4,7489.8,7490.1,70
1784714940,7490.2,7490.3,7489.8,7489.8,30
1784715000,7489.6,7490.8,7489.2,7489.3,70
1784715060,7489.6,7489.9,7488.3,7488.4,50
1784715120,7488.6,7489.6,7488.3,7488.6,66
1784715180,7488.4,7488.9,7488.1,7488.3,62
1784715240,7488.6,7488.6,7488.1,7488.1,36
1784715300,7487.9,7489.1,7487.9,7488.8,38
1784715360,7489.1,7489.1,7487.3,7487.3,86
1784715420,7487.4,7488.1,7487.1,7488.1,64
1784715480,7488.2,7489.4,7488.1,7489.3,82
1784715540,7489.8,7490.3,7488.9,7489.1,44
1784715600,7489.3,7495.6,7489.1,7492.8,152
1784715660,7492.9,7494.8,7492.6,7494.7,146
1784715720,7494.6,7495.6,7493.8,7495.2,134
1784715780,7495.1,7495.1,7493.1,7493.6,88
1784715840,7493.3,7495.3,7493.3,7494.6,100
1784715900,7494.7,7495.1,7493.9,7494.1,86
1784715960,7494.2,7494.9,7493.3,7493.8,98
1784716020,7494.1,7494.3,7493.6,7494.1,102
1784716080,7494.2,7494.3,7493.1,7493.7,74
1784716140,7493.8,7494.6,7493.3,7494.3,70
1784716200,7494.6,7495.3,7493.6,7494.3,90
1784716260,7494.6,7494.6,7493.4,7494.1,88
1784716320,7494.2,7494.8,7493.3,7493.6,118
1784716380,7493.7,7494.3,7493.3,7493.6,84
1784716440,7493.8,7493.9,7492.8,7493.1,78
1784716500,7492.8,7493.3,7492.3,7492.8,78
1784716560,7492.6,7493.8,7492.2,7493.1,82
1784716620,7492.8,7493.3,7492.3,7492.8,78
1784716680,7492.7,7492.9,7491.3,7491.6,76
1784716740,7491.3,7491.6,7490.4,7491.1,48
1784716800,7491.2,7491.6,7490.3,7491.6,74
1784716860,7491.3,7491.6,7490.7,7490.8,90
1784716920,7490.7,7491.1,7490.3,7491.1,72
1784716980,7491.2,7491.3,7489.6,7489.6,60
1784717040,7489.3,7489.8,7488.8,7488.8,108
1784717100,7488.6,7489.8,7488.6,7489.6,72
1784717160,7489.8,7490.7,7489.6,7490.6,62
1784717220,7490.4,7490.6,7489.8,7489.8,66
1784717280,7490.1,7492.1,7489.8,7491.8,92
1784717340,7491.6,7494.3,7491.6,7494.2,70
1784717400,7494.3,7494.6,7493.3,7494.6,98
1784717460,7494.4,7494.6,7493.6,7493.8,42
1784717520,7493.6,7493.8,7493.3,7493.3,64
1784717580,7493.7,7493.7,7493.1,7493.4,64
1784717640,7493.3,7493.6,7492.8,7493.2,28
1784717700,7493.3,7493.8,7492.8,7493.3,82
1784717760,7493.2,7493.7,7493.1,7493.6,62
1784717820,7493.7,7494.1,7492.6,7492.6,48
1784717880,7492.7,7493.6,7492.6,7492.8,60
1784717940,7492.7,7493.4,7492.6,7492.8,80
1784718000,7492.6,7492.7,7490.6,7491.8,120
1784718060,7491.6,7491.8,7490.6,7491.4,100
1784718120,7491.3,7491.6,7490.6,7491.6,90
1784718180,7491.7,7492.6,7490.8,7491.1,124
1784718240,7490.9,7491.1,7489.3,7489.3,82
1784718300,7489.4,7490.3,7489.3,7489.8,84
1784718360,7489.9,7490.6,7489.3,7489.7,94
1784718420,7489.6,7490.8,7489.2,7490.7,92
1784718480,7490.6,7491.1,7489.7,7490.3,102
1784718540,7490.4,7491.6,7490.3,7491.6,86
1784718600,7491.7,7492.6,7490.8,7491.8,92
1784718660,7491.9,7491.9,7490.3,7490.6,100
1784718720,7490.3,7491.3,7490.1,7490.6,70
1784718780,7490.7,7490.8,7489.3,7489.3,76
1784718840,7489.1,7489.3,7487.9,7487.9,56
1784718900,7488.1,7488.1,7486.4,7486.6,86
1784718960,7486.8,7487.3,7486.4,7487.3,48
1784719020,7487.2,7487.2,7486.3,7486.6,52
1784719080,7486.7,7487.3,7486.3,7487.3,64
1784719140,7487.1,7487.3,7486.3,7486.6,50
1784719200,7486.7,7488.8,7486.7,7488.4,66
1784719260,7488.6,7489.6,7488.6,7489.6,48
1784719320,7489.8,7489.8,7488.3,7488.4,50
1784719380,7488.6,7489.1,7488.1,7488.6,58
1784719440,7488.7,7489.1,7488.3,7488.4,64
1784719500,7488.3,7488.3,7486.8,7487.1,68
1784719560,7486.8,7487.1,7486.1,7487.1,50
1784719620,7486.8,7487.6,7485.8,7485.8,46
1784719680,7485.6,7485.8,7485.3,7485.6,44
1784719740,7485.3,7485.8,7485.3,7485.8,42
1784719800,7485.6,7486.1,7485.3,7485.8,24
1784719860,7486.1,7486.3,7485.6,7486.3,40
1784719920,7486.6,7486.8,7485.8,7486.3,50
1784719980,7486.1,7487.3,7486.1,7487.1,74
1784720040,7486.9,7487.6,7486.8,7487.4,58
1784720100,7487.3,7488.8,7487.1,7488.8,56
1784720160,7488.6,7489.1,7488.3,7488.8,44
1784720220,7488.6,7488.6,7485.8,7487.1,68
1784720280,7486.8,7487.7,7486.6,7486.6,50
1784720340,7486.3,7486.8,7486.1,7486.3,66
1784720400,7486.1,7486.3,7481.6,7482.7,60
1784720460,7482.6,7483.1,7479.2,7482.1,182
1784720520,7482.3,7482.6,7477.2,7479.1,158
1784720580,7479.2,7479.2,7474.3,7474.9,178
1784720640,7475.1,7480.3,7475.1,7479.1,148
1784720700,7478.7,7480.3,7478.3,7480.3,140
1784720760,7480.6,7480.9,7479.6,7480.7,104
1784720820,7480.6,7485.1,7480.6,7484.8,130
1784720880,7484.9,7485.8,7484.8,7484.9,90
1784720940,7485.1,7485.3,7484.3,7484.4,94
1784721000,7484.6,7484.7,7481.2,7481.2,122
1784721060,7481.1,7483.4,7481.1,7482.9,102
1784721120,7482.8,7483.3,7481.8,7482.1,70
1784721180,7481.9,7482.1,7480.4,7481.1,64
1784721240,7481.2,7481.6,7480.8,7481.1,64
1784721300,7481.3,7481.6,7480.8,7481.1,40
1784721360,7480.8,7480.8,7478.3,7479.6,92
1784721420,7479.8,7481.1,7479.7,7480.3,74
1784721480,7480.1,7480.2,7479.1,7479.1,58
1784721540,7479.2,7480.1,7479.2,7479.9,78
1784721600,7480.3,7482.8,7480.2,7481.3,112
1784721660,7481.2,7481.3,7479.6,7480.7,108
1784721720,7480.2,7480.8,7479.1,7479.4,104
1784721780,7479.3,7479.3,7476.6,7478.2,90
1784721840,7478.1,7478.6,7476.8,7478.3,94
1784721900,7478.4,7481.1,7478.3,7480.8,92
1784721960,7481.1,7481.8,7479.9,7480.1,110
1784722020,7479.8,7479.8,7477.8,7477.8,94
1784722080,7478.1,7479.3,7478.1,7478.7,92
1784722140,7478.8,7479.8,7478.3,7479.1,90
1784722200,7478.9,7480.1,7478.3,7479.8,104
1784722260,7479.9,7481.1,7479.4,7481.1,60
1784722320,7480.8,7481.3,7480.3,7481.1,64
1784722380,7481.3,7482.1,7480.6,7481.8,66
1784722440,7481.6,7481.8,7481.1,7481.3,54
1784722500,7481.4,7481.8,7480.8,7481.1,58
1784722560,7480.8,7480.8,7479.8,7480.3,72
1784722620,7480.1,7480.1,7478.1,7478.4,70
1784722680,7478.3,7479.1,7478.1,7478.6,78
1784722740,7478.3,7479.4,7477.8,7479,68
1784722800,7478.8,7479.3,7478,7479,62
1784722860,7479.1,7479.3,7475.5,7476,98
1784722920,7475.8,7477,7475.8,7476.8,76
1784722980,7476.5,7477.8,7475.3,7475.5,70
1784723040,7475.3,7475.8,7475.1,7475.5,56
1784723100,7475.3,7476.8,7475,7476.8,58
1784723160,7476.5,7477.5,7476,7477.5,76
1784723220,7477.4,7479,7477,7479,86
1784723280,7478.8,7478.8,7478,7478.5,76
1784723340,7478.6,7479.5,7478.3,7479.3,70
1784723400,7479.4,7481.5,7479.3,7481.1,168
1784723460,7481,7482.5,7480.3,7481.6,124
1784723520,7481.5,7483.5,7481.5,7483.3,132
1784723580,7483.5,7485,7483,7484.3,102
1784723640,7484.4,7485.8,7484,7484.3,84
1784723700,7484.5,7485.3,7484.3,7484.8,92
1784723760,7484.5,7485.1,7484,7484.5,100
1784723820,7484.4,7485,7484.1,7484.3,80
1784723880,7483.9,7484.4,7483.3,7483.8,106
1784723940,7483.9,7486,7483.9,7485.4,94
1784724000,7485.3,7485.8,7484.8,7485.3,74
1784724060,7485.4,7486,7485,7485.3,78
1784724120,7485,7485.8,7485,7485,48
1784724180,7485.3,7485.3,7484.5,7484.8,56
1784724240,7485,7485.3,7484.6,7484.6,78
1784724300,7484.8,7484.8,7481.8,7482,70
1784724360,7481.9,7483.5,7481.8,7482.9,88
1784724420,7482.8,7483,7481.3,7481.3,88
1784724480,7481,7481.3,7478.5,7479.3,92
1784724540,7479.5,7480,7479.3,7479.5,62
1784724600,7479.3,7480.3,7479,7479.5,54
1784724660,7479.4,7481,7479.3,7481,52
1784724720,7481.3,7481.8,7480.8,7481,54
1784724780,7481.1,7482,7481,7481.5,42
1784724840,7481.8,7482.8,7481.8,7482.8,38
1784724900,7482.5,7482.5,7481.3,7481.3,48
1784724960,7481.4,7481.5,7468.5,7471.9,72
1784725020,7473.1,7476.9,7470.3,7476.1,216
1784725080,7476,7477.5,7475.1,7476.9,160
1784725140,7476.8,7478.5,7476.8,7477.5,112
1784725200,7478.3,7480.8,7478.1,7480.3,130
1784725260,7479.5,7480.1,7478.4,7480,100
1784725320,7479.8,7481,7479.1,7480.5,104
1784725380,7480.8,7481,7480,7480.8,86
1784725440,7481,7482.3,7481,7482,66
1784725500,7482.3,7482.3,7480.5,7480.8,60
1784725560,7481,7481.5,7480.8,7480.8,52
1784725620,7480.5,7480.8,7479.1,7479.8,80
1784725680,7480,7481.3,7479.5,7481,72
1784725740,7480.9,7483.8,7480.9,7483.5,58
1784725800,7483.4,7483.5,7482.3,7482.4,68
1784725860,7482.5,7482.8,7481.6,7481.8,56
1784725920,7481.5,7482.4,7480.5,7481,58
1784725980,7481.3,7482.8,7481.3,7482.5,50
1784726040,7482.3,7482.8,7481.5,7482,52
1784726100,7481.8,7483.5,7481.8,7483.3,56
1784726160,7483.8,7484.8,7483.3,7484.8,38
1784726220,7485,7486.5,7484.6,7485.9,68
1784726280,7485.8,7486.3,7484.5,7484.9,60
1784726340,7485,7487.3,7484.5,7486.8,106
1784726400,7487,7487,7485.5,7485.9,70
1784726460,7485.8,7486.5,7485.8,7486,50
1784726520,7486.3,7487,7485.8,7486.8,56
1784726580,7486.5,7488.5,7486.3,7488.3,60
1784726640,7488.5,7489,7488,7489,54
1784726700,7489.3,7489.5,7486.8,7487.8,94
1784726760,7487.5,7487.8,7486.3,7486.5,72
1784726820,7486.2,7487.5,7486.2,7486.6,81
1784726880,7487.5,7489.3,7487.5,7489,88
1784726940,7488.5,7491.5,7488.5,7490.8,88
1784727000,7491.9,7496.1,7488.6,7493.5,202
1784727060,7493.4,7499.6,7493.1,7498.1,194
1784727120,7498.4,7500.1,7496.4,7499.6,152
1784727180,7499.4,7499.9,7496.1,7496.6,132
1784727240,7496.4,7497.9,7495.1,7497.6,130
1784727300,7497.9,7498.4,7494.9,7497.9,152
1784727360,7498.1,7499.4,7495.5,7497.1,158
1784727420,7497.4,7499.1,7496.6,7499.1,136
1784727480,7498.9,7498.9,7495.7,7496.4,128
1784727540,7496.5,7499.1,7495.1,7498.6,132
1784727600,7498.4,7498.4,7495.6,7496.4,124
1784727660,7496.1,7499.1,7496.1,7497.4,140
1784727720,7497.1,7499.4,7495.9,7496.4,126
1784727780,7496.6,7499.6,7496.6,7499.6,98
1784727840,7500.1,7501.4,7499.4,7500.4,114
1784727900,7500.6,7505.1,7500.4,7504.1,146
1784727960,7503.9,7505.1,7503.4,7504.1,116
1784728020,7504.4,7504.4,7501.6,7501.9,132
1784728080,7501.6,7503.9,7501.1,7503.6,126
1784728140,7503.4,7504.1,7501.7,7502.4,122
1784728200,7502.1,7502.9,7499.1,7499.4,130
1784728260,7499.1,7502.7,7498.6,7500.2,142
1784728320,7499.9,7504.6,7499.9,7503.4,146
1784728380,7503.1,7504.6,7502.6,7504.1,118
1784728440,7504.4,7506.6,7504.1,7506.6,110
1784728500,7506.4,7506.9,7505.1,7506.6,120
1784728560,7506.4,7509.4,7505.6,7509.1,122
1784728620,7508.9,7511.9,7508.1,7511.4,110
1784728680,7511.1,7511.4,7509.4,7510.4,114
1784728740,7509.9,7512.9,7509.6,7512.9,108
1784728800,7512.6,7513.9,7510.1,7513.4,138
1784728860,7513.6,7513.9,7511.6,7513.4,132
1784728920,7513.1,7513.6,7511.6,7513.6,112
1784728980,7513.4,7514.6,7511.4,7512.1,116
1784729040,7512.4,7514.9,7512.1,7514.9,100
1784729100,7515.1,7519.1,7514.6,7519.1,112
1784729160,7518.9,7519.1,7516.4,7516.4,112
1784729220,7516.7,7517.1,7513.2,7513.6,132
1784729280,7513.4,7513.4,7511.1,7511.6,126
1784729340,7511.4,7512.4,7510.6,7510.9,98
1784729400,7511.1,7511.9,7509.4,7511.6,146
1784729460,7511.4,7513.1,7511.4,7512.1,104
1784729520,7511.6,7512.6,7510.9,7511.1,126
1784729580,7510.9,7510.9,7507.6,7507.6,128
1784729640,7507.9,7508.4,7506.4,7507.4,114
1784729700,7507.6,7508.1,7504.1,7505.4,144
1784729760,7505.6,7506.6,7503.9,7505.1,118
1784729820,7505.2,7506.1,7503.4,7505.6,126
1784729880,7505.9,7506.4,7503.9,7504.4,130
1784729940,7504.1,7506.6,7502.9,7506.6,134
1784730000,7506.4,7509.1,7505.4,7508.6,140
1784730060,7508.4,7509.1,7507.1,7507.6,108
1784730120,7507.4,7507.6,7503.4,7503.9,136
1784730180,7503.4,7503.6,7498.9,7500.6,136
1784730240,7500.4,7501.4,7499.1,7501.1,154
1784730300,7501.4,7502.6,7500.1,7500.9,134
1784730360,7501.1,7501.1,7497.4,7497.6,116
1784730420,7497.4,7498.9,7495.9,7497.6,122
1784730480,7497.4,7499.2,7496.1,7497.6,138
1784730540,7497.4,7499.1,7496.4,7497.4,130
1784730600,7497.6,7499.6,7496.9,7497.4,158
1784730660,7497.6,7498.9,7496.6,7498.9,126
1784730720,7499.1,7502.6,7498.9,7502.4,132
1784730780,7502.1,7502.9,7498.6,7498.7,112
1784730840,7498.4,7499.4,7497.1,7497.2,136
1784730900,7497.4,7498.1,7496.1,7497.1,150
1784730960,7497.4,7498.9,7496.6,7498.1,142
1784731020,7498.4,7499.2,7496.9,7497.4,124
1784731080,7497.1,7498.4,7496.1,7498.1,122
1784731140,7497.9,7498.1,7495.6,7497.9,112
1784731200,7498.4,7499.4,7497.1,7497.2,136
1784731260,7497.5,7497.9,7494.1,7494.4,138
1784731320,7494.1,7495.6,7492.6,7495,164
1784731380,7494.9,7494.9,7492.9,7493.9,122
1784731440,7494.1,7494.6,7492.6,7492.6,138
1784731500,7492.9,7496.1,7491.9,7495.6,174
1784731560,7495.9,7499.6,7495.4,7498.1,114
1784731620,7497.9,7498.6,7496.4,7496.9,104
1784731680,7497.1,7499.9,7496.9,7498.1,144
1784731740,7498.2,7499.1,7496.1,7499.1,142
1784731800,7498.9,7499.4,7497.4,7498.6,132
1784731860,7498.5,7499.1,7496.1,7499.1,116
1784731920,7499.4,7499.6,7496.9,7496.9,122
1784731980,7497.1,7500.4,7497.1,7498.4,98
1784732040,7498.6,7501.9,7498.6,7499.6,114
1784732100,7499.4,7499.4,7496.9,7498.6,128
1784732160,7498.4,7500.4,7498.1,7499.4,88
1784732220,7499.1,7502.6,7499.1,7502.6,78
1784732280,7502.9,7504.9,7502.9,7504.9,98
1784732340,7505.1,7505.1,7503.6,7504.9,88
1784732400,7505.1,7507.1,7505.1,7506.9,112
1784732460,7506.7,7506.9,7504.6,7504.9,88
1784732520,7504.6,7506.6,7504.1,7506.4,94
1784732580,7506.5,7507.9,7506.5,7507.4,90
1784732640,7507.1,7509.6,7507.1,7508.4,76
1784732700,7508.2,7509.9,7507.4,7509.7,102
1784732760,7509.6,7511.4,7509.1,7510.4,80
1784732820,7510.1,7511.6,7509.9,7511.5,94
1784732880,7511.1,7512.1,7510.1,7512.1,96
1784732940,7511.9,7512.6,7511.1,7511.4,84
1784733000,7511.6,7514.9,7511.6,7514.9,74
1784733060,7515.1,7515.9,7513.1,7513.1,100
1784733120,7513.4,7514.1,7512.6,7513.9,106
1784733180,7514.4,7514.6,7513.4,7513.6,74
1784733240,7513.7,7514.1,7512.9,7513.9,74
1784733300,7514.1,7515.1,7513.4,7514.4,82
1784733360,7514.1,7514.6,7512.9,7514.1,82
1784733420,7513.9,7514.4,7512.4,7512.4,66
1784733480,7512.1,7512.4,7510.6,7510.6,78
1784733540,7510.9,7513.9,7510.9,7513.9,86
1784733600,7514.1,7516.6,7513.6,7516.6,82
1784733660,7516.9,7516.9,7514.9,7514.9,96
1784733720,7515.1,7515.6,7514.4,7515.6,96
1784733780,7515.4,7516.4,7514.6,7516.1,80
1784733840,7516.4,7519.4,7516.2,7518.9,92
1784733900,7518.6,7520.6,7518.4,7520.6,68
1784733960,7520.9,7521.9,7520.6,7521.1,84
1784734020,7520.9,7522.4,7520.6,7521.9,84
1784734080,7521.6,7522.4,7521.4,7522.1,62
1784734140,7521.7,7522.4,7519.4,7520,96
1784734200,7520.1,7520.9,7518.4,7520.5,112
1784734260,7520.6,7520.6,7519.4,7519.6,90
1784734320,7519.5,7519.9,7518.4,7518.6,92
1784734380,7518.4,7519.1,7516.6,7516.6,84
1784734440,7516.4,7516.9,7515.1,7515.2,98
1784734500,7515.6,7516.9,7515.4,7516.6,86
1784734560,7516.9,7516.9,7515.2,7516.4,60
1784734620,7516.2,7516.6,7513.9,7515.9,76
1784734680,7515.6,7516.1,7513.6,7514.6,94
1784734740,7514.4,7514.9,7513.1,7514.6,94
1784734800,7514.1,7517.4,7513.9,7517.4,76
1784734860,7517.1,7517.6,7515.6,7516.9,94
1784734920,7517.1,7517.4,7515.6,7515.7,76
1784734980,7515.6,7516.1,7514.1,7514.7,86
1784735040,7514.6,7515.6,7514.6,7515.4,74
1784735100,7515.6,7518.4,7515.6,7518.1,64
1784735160,7517.9,7518.9,7516.4,7516.4,78
1784735220,7516.5,7518.1,7516.4,7517.9,62
1784735280,7517.6,7519.1,7517.6,7518.6,62
1784735340,7518.9,7519.1,7517.6,7519,72
1784735400,7519.1,7519.9,7519.1,7519.1,62
1784735460,7519.4,7520.4,7519.1,7519.9,50
1784735520,7520.1,7521.4,7519.9,7520.9,50
1784735580,7521.1,7521.1,7518.5,7518.6,64
1784735640,7518.9,7519.1,7517.9,7518.1,50
1784735700,7517.9,7519.1,7517.4,7519.1,54
1784735760,7518.9,7519.6,7518.4,7518.9,88
1784735820,7519.1,7519.4,7517.9,7519.4,60
1784735880,7519.6,7520.9,7519.4,7520.9,50
1784735940,7520.6,7523.1,7520.6,7523.1,48
1784736000,7523.4,7523.6,7522.4,7522.6,78
1784736060,7522.4,7522.9,7520.9,7521.1,90
1784736120,7520.9,7521.9,7520.4,7521.5,56
1784736180,7521.6,7521.6,7520.4,7521.4,50
1784736240,7521.1,7522.4,7521.1,7522.4,44
1784736300,7522.6,7523.6,7520.9,7523.4,66
1784736360,7523.6,7524.6,7523.4,7523.6,50
1784736420,7523.4,7524.1,7522.9,7523.9,58
1784736480,7523.6,7523.9,7523.1,7523.4,32
1784736540,7523.6,7523.6,7522.9,7523.2,34
1784736600,7523.1,7523.1,7522.4,7522.9,54
1784736660,7523.1,7523.6,7521.9,7521.9,54
1784736720,7521.6,7522.9,7521.6,7522.1,38
1784736780,7522.4,7522.9,7522.1,7522.6,32
1784736840,7522.9,7523.4,7522.4,7522.6,38
1784736900,7522.4,7524.1,7522.4,7523,76
1784736960,7522.9,7523.6,7522.6,7522.6,64
1784737020,7522.9,7523.9,7522.4,7523.1,48
1784737080,7522.9,7525.4,7522.9,7525.4,32
1784737140,7525.6,7525.9,7525.4,7525.6,32
1784737200,7525.4,7525.4,7523.6,7524.4,60
1784737260,7524.1,7524.6,7523.6,7524.6,54
1784737320,7524.9,7525.4,7523.9,7524.4,42
1784737380,7524.6,7524.9,7523.9,7523.9,54
1784737440,7524.1,7524.6,7523.9,7524.4,54
1784737500,7524.1,7525.1,7523.9,7524.4,62
1784737560,7524.1,7524.1,7522.6,7523.7,52
1784737620,7523.9,7524.6,7523.4,7523.4,50
1784737680,7523.1,7523.9,7522.9,7523.9,38
1784737740,7524.1,7524.6,7523.9,7524.4,40
1784737800,7524.6,7524.6,7523.4,7523.9,46
1784737860,7524.1,7524.9,7523.6,7523.9,36
1784737920,7524.1,7524.4,7523.6,7524.1,26
1784737980,7524.4,7525.6,7524.1,7525.6,76
1784738040,7525.4,7525.4,7524.6,7524.9,30
1784738100,7524.6,7525.1,7524.1,7524.1,38
1784738160,7524.4,7524.6,7523.6,7523.9,40
1784738220,7523.6,7524.6,7523.6,7524.1,58
1784738280,7523.9,7525.1,7523.9,7524.9,54
1784738340,7524.6,7524.9,7523.9,7524.4,20
1784738400,7524.6,7524.6,7523.1,7523.4,52
1784738460,7523.1,7523.9,7522.9,7523.4,52
1784738520,7523.1,7523.9,7522.6,7522.9,58
1784738580,7522.7,7523.4,7522.4,7522.6,60
1784738640,7522.9,7523.5,7522.7,7523.4,38
1784738700,7523.6,7524.6,7522.9,7522.9,56
1784738760,7523,7523.1,7521.4,7521.9,42
1784738820,7521.7,7521.7,7521.1,7521.4,42
1784738880,7521.5,7522.1,7521.1,7522.1,78
1784738940,7521.9,7522.4,7521.6,7521.6,42
1784739000,7521.9,7522.1,7521.1,7522.1,64
1784739060,7522.4,7522.6,7520.6,7520.9,46
1784739120,7520.6,7522.4,7520.6,7521.9,48
1784739180,7522.1,7522.1,7520.9,7521.4,48
1784739240,7521.6,7521.9,7521.1,7521.1,30
1784739300,7520.9,7524.1,7520.9,7523.9,56
1784739360,7523.6,7524.4,7523.6,7524.1,40
1784739420,7524.4,7525.4,7524.4,7524.6,42
1784739480,7524.9,7525.1,7524.1,7524.6,40
1784739540,7524.4,7524.6,7523.4,7523.9,36
1784739600,7524.1,7525.2,7523.1,7524.9,92
1784739660,7524.6,7524.9,7523.6,7523.6,56
1784739720,7523.7,7523.7,7522.1,7522.1,69
1784739780,7522.4,7522.6,7520.6,7521.4,75
1784739840,7521.1,7521.1,7520.1,7520.6,42
1784739900,7520.4,7521.4,7520.4,7521,56
1784739960,7521.1,7521.6,7520.4,7521.1,50
1784740020,7521.4,7522.9,7521.1,7522.9,68
1784740080,7522.6,7522.6,7521.4,7522.1,40
1784740140,7521.9,7522.1,7521.1,7521.6,40
1784740200,7521.5,7521.6,7520.4,7521.1,30
1784740260,7520.9,7521.1,7520.4,7520.9,36
1784740320,7521.1,7521.1,7520.1,7520.4,26
1784740380,7520.1,7520.4,7519.6,7519.6,36
1784740440,7519.4,7519.4,7518.1,7518.6,66
1784740500,7518.5,7518.9,7517.4,7518.1,78
1784740560,7517.9,7518.6,7517.9,7518.4,70
1784740620,7518.1,7519.6,7518.1,7519.1,52
1784740680,7519.4,7519.9,7518.5,7518.6,56
1784740740,7518.5,7518.9,7517.9,7518.1,40
1784740800,7517.6,7517.9,7517.1,7517.5,42
1784740860,7517.4,7518.4,7516.6,7516.6,60
1784740920,7516.4,7516.9,7515.1,7515.9,76
1784740980,7516.1,7516.6,7515.9,7516.6,50
1784741040,7516.4,7517.4,7516.1,7517.1,54
1784741100,7516.9,7516.9,7515.4,7515.6,68
1784741160,7515.9,7516.4,7515.6,7516.1,40
1784741220,7515.9,7516.6,7515.9,7516.6,44
1784741280,7516.4,7518.2,7515.9,7517.4,70
1784741340,7517.6,7517.9,7515.9,7515.9,48
1784741400,7516.1,7517.1,7515.9,7517.1,42
1784741460,7516.9,7518.1,7516.9,7517.4,26
1784741520,7517.6,7517.6,7515.7,7516.4,60
1784741580,7516.6,7516.6,7515.1,7515.9,44
1784741640,7515.6,7515.6,7514.1,7514.1,44
1784741700,7514.2,7515.6,7513.9,7514.9,86
1784741760,7515.1,7516.1,7514.9,7516.1,58
1784741820,7515.9,7517.6,7515.9,7517.4,62
1784741880,7517.6,7518.1,7516.6,7516.9,60
1784741940,7517.1,7519.1,7517.1,7519.1,42
1784742000,7518.9,7518.9,7516.9,7517.1,70
1784742060,7517.4,7517.4,7516.1,7516.9,46
1784742120,7516.7,7517.6,7516.7,7517.1,56
1784742180,7516.9,7517.4,7516.1,7516.2,42
1784742240,7516.4,7517.1,7516.4,7516.6,32
1784742300,7516.4,7517.1,7516.2,7516.6,40
1784742360,7516.5,7517.6,7516.1,7517.1,38
1784742420,7516.9,7517.1,7515.6,7516.1,56
1784742480,7516.4,7516.4,7515.6,7515.9,24
1784742540,7516.1,7516.6,7515.9,7515.9,50
1784742600,7515.6,7516.4,7515.1,7516.1,52
1784742660,7516.4,7516.9,7516.4,7516.6,52
1784742720,7516.4,7516.6,7515.1,7515.6,38
1784742780,7515.4,7515.6,7514.1,7514.1,54
1784742840,7513.9,7513.9,7512.4,7512.4,92
1784742900,7512.1,7512.4,7509.1,7512.1,112
1784742960,7512.4,7512.4,7510.9,7511.4,106
1784743020,7511.6,7512.1,7510.9,7511.1,76
1784743080,7511,7511.6,7510.6,7510.6,80
1784743140,7510.4,7510.9,7510.1,7510.6,38
1784743200,7510.4,7512.6,7510.4,7511.9,94
1784743260,7512.1,7512.1,7509.6,7510.4,84
1784743320,7510.6,7510.6,7507.9,7508.9,80
1784743380,7508.6,7509.1,7507.9,7508.4,76
1784743440,7508.6,7509.4,7507.6,7509.4,62
1784743500,7509.1,7510.1,7508.1,7509.4,92
1784743560,7509.1,7510.1,7508.6,7510.1,84
1784743620,7509.9,7512.4,7509.6,7511.9,66
1784743680,7512.1,7512.1,7510.1,7510.1,34
1784743740,7509.9,7509.9,7508.4,7508.4,58
1784743800,7508.1,7509,7507.1,7508.9,56
1784743860,7508.6,7509.1,7507.6,7507.6,68
1784743920,7507.9,7507.9,7506.1,7506.6,48
1784743980,7506.4,7507.4,7505.4,7506.4,80
1784744040,7506.1,7506.9,7505.9,7505.9,58
1784744100,7505.7,7506.6,7505.6,7506.1,64
1784744160,7505.9,7508.1,7505.9,7507.4,90
1784744220,7507.6,7507.9,7506.6,7507.1,48
1784744280,7507.4,7508.9,7507.4,7508.9,50
1784744340,7508.6,7509.1,7507.1,7507.7,68
1784744400,7507.9,7509.6,7506.9,7509.5,56
1784744460,7509.6,7510.9,7508.9,7508.9,66
1784744520,7508.6,7508.9,7508.1,7508.6,60
1784744580,7508.4,7508.6,7507.1,7507.4,54
1784744640,7507.6,7509.1,7507.4,7507.9,72
1784744700,7507.7,7508.4,7507.6,7508.1,40
1784744760,7508.4,7508.9,7507.9,7508.4,58
1784744820,7508.6,7508.9,7507.6,7508.4,70
1784744880,7508.1,7510.9,7508.1,7510.1,72
1784744940,7510.6,7510.9,7509.6,7510.1,60
1784745000,7509.9,7509.9,7507.9,7508.6,76
1784745060,7508.4,7508.4,7506.6,7506.9,68
1784745120,7506.6,7507.1,7506.1,7506.4,50
1784745180,7506.6,7507.9,7506.1,7507.6,64
1784745240,7507.4,7507.9,7507.1,7507.6,38
1784745300,7507.4,7509.9,7507.1,7509.9,64
1784745360,7509.7,7509.7,7508.9,7509.6,60
1784745420,7509.9,7509.9,7508.9,7509.1,36
1784745480,7509.4,7509.9,7508.9,7509.1,40
1784745540,7508.9,7509.5,7508.1,7509.5,48
1784745600,7509.7,7509.9,7508.1,7508.4,62
1784745660,7508.6,7509.6,7507.9,7509.6,58
1784745720,7509.4,7510.1,7508.2,7508.2,56
1784745780,7508.4,7508.9,7508.1,7508.6,38
1784745840,7508.9,7508.9,7508.1,7508.4,44
1784745900,7508.1,7511.4,7508.1,7510.9,72
1784745960,7510.6,7510.6,7509.6,7510.4,60
1784746020,7510,7510,7508.9,7509.1,28
1784746080,7508.9,7510.4,7508.9,7509.4,70
1784746140,7509.1,7509.1,7507.6,7507.6,36
1784746200,7507.4,7507.6,7506.6,7507.1,44
1784746260,7507.4,7508.9,7507.1,7507.7,46
1784746320,7507.9,7508.4,7507.2,7508.1,42
1784746380,7507.9,7509.1,7507.6,7509.1,42
1784746440,7509.4,7511.2,7508.9,7510.6,44
1784746500,7510.4,7511.4,7510.4,7511.1,40
1784746560,7510.9,7511.4,7509.2,7510.1,56
1784746620,7510.4,7510.6,7509.9,7510.6,38
1784746680,7510.9,7511.1,7510.4,7510.4,40
1784746740,7510.6,7511.1,7509.7,7509.7,36
1784746800,7510.1,7510.4,7509.1,7509.4,68
1784746860,7509.1,7509.9,7507.1,7507.9,72
1784746920,7507.6,7508.1,7507.4,7507.4,44
1784746980,7507.2,7508.9,7507.2,7508.9,68
1784747040,7509.1,7509.9,7508.1,7508.1,42
1784747100,7508.4,7508.6,7507.6,7507.6,60
1784747160,7507.9,7508.6,7507.1,7508.6,62
1784747220,7508.9,7509.1,7507.6,7507.9,58
1784747280,7508.1,7508.9,7507.9,7508.1,46
1784747340,7508.4,7508.4,7507.6,7507.6,32
1784747400,7507.4,7507.9,7506.9,7507.4,48
1784747460,7507.1,7507.4,7505.9,7506.4,48
1784747520,7506.1,7506.4,7504.6,7504.9,46
1784747580,7504.7,7505.6,7504.6,7505.1,56
1784747640,7505.4,7505.4,7504.1,7504.9,66
1784747700,7504.6,7505.6,7504.1,7505.1,70
1784747760,7505.4,7507.1,7505.1,7506.9,74
1784747820,7506.6,7506.9,7505.9,7506.6,60
1784747880,7506.9,7507.1,7505.9,7506.9,34
1784747940,7507.1,7507.6,7506.6,7506.9,42
1784748000,7506.6,7506.6,7505.6,7506.1,46
1784748060,7505.9,7506.1,7503.9,7504.6,68
1784748120,7504.4,7505.9,7504.1,7505.6,56
1784748180,7505.4,7505.9,7505.1,7505.4,48
1784748240,7505.1,7505.6,7504.4,7504.6,34
1784748300,7504.4,7504.6,7503.1,7503.4,70
1784748360,7503.6,7504.1,7502.4,7502.6,48
1784748420,7502.9,7504.6,7502.1,7504.4,60
1784748480,7504.5,7506.6,7504.4,7506.1,54
1784748540,7506.4,7506.4,7505.6,7505.6,48
1784748600,7505.4,7505.6,7503.1,7503.4,74
1784748660,7503.1,7504.4,7502.9,7503.4,84
1784748720,7503.6,7504.1,7503.4,7503.6,56
1784748780,7503.7,7504.4,7502.9,7502.9,60
1784748840,7502.6,7503.4,7502.4,7502.4,74
1784748900,7502.6,7503.6,7502.1,7502.1,48
1784748960,7502.4,7502.4,7500.6,7502.1,80
1784749020,7502.2,7502.4,7501.4,7501.4,64
1784749080,7501.5,7501.6,7499.4,7500.4,96
1784749140,7500.2,7500.4,7499.2,7499.9,76
1784749200,7500.1,7501.6,7500.1,7500.9,72
1784749260,7500.6,7502.2,7500.4,7502.1,94
1784749320,7501.9,7504.1,7501.6,7503.9,80
1784749380,7504.1,7504.4,7503.7,7504.1,66
1784749440,7503.9,7504.9,7503.6,7503.6,62
1784749500,7503.9,7505.6,7503.6,7503.9,84
1784749560,7503.6,7505.1,7503.6,7503.9,72
1784749620,7503.6,7505.1,7503.4,7504.6,60
1784749680,7504.9,7505.9,7504.4,7504.9,54
1784749740,7505.1,7506.1,7505.1,7505.9,88
1784749800,7506.6,7508.9,7503.9,7504.5,130
1784749860,7504.6,7505.4,7503.1,7503.9,88
1784749920,7503.6,7506.6,7503.4,7505.6,86
1784749980,7505.9,7507.1,7504.6,7505.4,80
1784750040,7505.1,7505.6,7503.1,7504.1,102
1784750100,7503.6,7503.9,7501.6,7503.1,106
1784750160,7502.9,7504.6,7502.1,7503.9,76
1784750220,7504.1,7506.9,7503.6,7506.4,88
1784750280,7505.9,7508.4,7504.9,7505.6,98
1784750340,7505.9,7508.6,7499.4,7499.4,176
1784750400,7500.5,7507.5,7500.5,7507.1,204
1784750460,7508,7510.8,7502.5,7510.8,198
1784750520,7509.9,7514.1,7499.4,7506.1,254
1784750580,7507.1,7511.9,7500.1,7507.6,226
1784750640,7507.9,7508.4,7498.5,7498.9,204
1784750700,7499.5,7502.1,7495.4,7496.8,186
1784750760,7496.9,7500.1,7496.6,7499.6,186
1784750820,7499.5,7504.4,7499.1,7500.6,194
1784750880,7500,7502.4,7498,7501.3,170
1784750940,7501,7501.6,7499.1,7499.1,138
1784751000,7498.6,7500.6,7497.9,7500,158
1784751060,7500.1,7503.9,7500,7503.8,132
1784751120,7503.9,7507.3,7503.6,7504.5,178
1784751180,7504.3,7510.3,7504.3,7509.1,180
1784751240,7509.6,7515.4,7509.3,7515.3,176
1784751300,7515.5,7516.3,7514,7514,174
1784751360,7513.8,7513.8,7511.4,7512.5,180
1784751420,7513,7514.6,7512.4,7514.3,146
1784751480,7514.4,7516,7512.9,7515.3,147
1784751540,7515.1,7516.8,7514.5,7515.4,122
1784751600,7515.5,7515.8,7513.4,7513.5,136
1784751660,7513.3,7513.5,7511.1,7511.1,118
1784751720,7511.3,7513.8,7510.6,7513.8,124
1784751780,7513.6,7514.6,7512.8,7513.5,102
1784751840,7513.8,7514.6,7513.1,7514,90
1784751900,7514.1,7514.8,7512.8,7512.8,104
1784751960,7512.9,7513.1,7509.9,7510,86
1784752020,7510.1,7511,7509.3,7510,110
1784752080,7510.1,7510.5,7509.3,7509.8,82
1784752140,7509.5,7511.5,7509.5,7511.5,90
1784752200,7511.4,7511.8,7510.1,7510.9,82
1784752260,7511,7511.3,7509.5,7511,58
1784752320,7511.8,7512,7510.9,7511.3,68
1784752380,7511.4,7512,7511.1,7511.5,80
1784752440,7511.4,7511.5,7510.3,7510.8,54
1784752500,7510.5,7511,7509.8,7510.8,98
1784752560,7511,7511.5,7508.8,7509.3,94
1784752620,7509,7509.8,7508,7508,98
1784752680,7508.4,7508.9,7506,7506.9,114
1784752740,7506.8,7510.5,7506.8,7509.4,114
1784752800,7509.3,7509.6,7508,7508.3,74
1784752860,7508,7509.4,7508,7508.8,84
1784752920,7508.9,7509.8,7508.4,7508.8,102
1784752980,7508.9,7509.3,7508.1,7508.5,58
1784753040,7508.3,7508.8,7507.5,7507.5,80
1784753100,7507.3,7508.3,7506.8,7508,46
1784753160,7508.3,7508.5,7507.5,7508,50
1784753220,7507.8,7508.8,7507.8,7508.5,46
1784753280,7508.8,7509.3,7507.3,7507.3,60
1784753340,7507,7507.5,7506.8,7507.5,38
1784753400,7507.4,7509.8,7507.4,7509.5,60
1784753460,7509.8,7510.9,7509.5,7510,52
1784753520,7510.3,7511,7510.3,7510.5,50
1784753580,7510.8,7511.5,7510,7510,34
1784753640,7510.3,7510.5,7508.8,7510,52
1784753700,7509.8,7509.9,7508.8,7508.8,64
1784753760,7509,7509,7507.8,7508.6,66
1784753820,7508.8,7509,7508.5,7508.6,42
1784753880,7508.8,7508.8,7506.8,7506.8,100
1784757600,7498.6,7499.4,7492.6,7492.8,116
1784757660,7492.6,7493.3,7488.3,7488.5,162
1784757720,7488.3,7488.3,7486.5,7488.1,114
1784757780,7487.9,7491.8,7487.8,7489.3,122
1784757840,7489.4,7489.6,7487.9,7487.9,78
1784757900,7488,7489.1,7486.8,7487.9,116
1784757960,7488,7488.9,7486.8,7488.6,108
1784758020,7488.8,7488.8,7486.6,7487.1,78
1784758080,7487.3,7488.8,7487.3,7488.4,100
1784758140,7488.5,7489.3,7488,7488,92
1784758200,7487.9,7489.5,7487.4,7488.3,110
1784758260,7488.1,7488.6,7487.5,7488.3,66
1784758320,7488.1,7490,7488.1,7489.9,92
1784758380,7490,7490,7488.8,7490,72
1784758440,7490.1,7490.3,7489,7489,52
1784758500,7489.5,7490.3,7488.8,7488.8,90
1784758560,7488.9,7489.5,7488.3,7488.4,50
1784758620,7488.3,7488.9,7486.5,7487.5,80
1784758680,7487.8,7489,7487.8,7488.8,82
1784758740,7488.6,7489.3,7488.5,7488.5,54
1784758800,7488.6,7489.8,7488,7489.5,72
1784758860,7490,7490.8,7489.6,7489.8,70
1784758920,7489.6,7490.3,7488.5,7488.9,86
1784758980,7488.8,7489.3,7488.5,7488.5,42
1784759040,7488.4,7489.5,7488.3,7489.4,52
1784759100,7489.5,7490,7489,7489.3,56
1784759160,7489,7489.8,7489,7489.8,32
1784759220,7489.6,7489.8,7488.3,7488.3,28
1784759280,7488.5,7488.9,7486.1,7486.3,68
1784759340,7486.4,7486.5,7485.5,7486,44
1784759400,7486.4,7486.5,7485,7486.3,46
1784759460,7486.5,7486.5,7485.8,7486.5,46
1784759520,7486.3,7486.3,7485.5,7485.8,32
1784759580,7485.9,7486.8,7485.8,7486.5,40
1784759640,7486.3,7486.3,7485.5,7485.5,34
1784759700,7485.3,7486,7485,7485.9,36
1784759760,7486,7486.3,7484.8,7485,38
1784759820,7484.9,7485,7483,7483,64
1784759880,7483.3,7483.3,7482.3,7482.5,50
1784759940,7482.8,7482.8,7480.8,7481,74
1784760000,7480.8,7481,7480.3,7480.8,44
1784760060,7480.9,7481,7479.6,7480.4,66
1784760120,7480.5,7481.8,7480.3,7480.3,38
1784760180,7480.1,7481,7480,7481,34
1784760240,7481.1,7481.3,7481,7481,38
1784760300,7481.3,7481.3,7480.1,7480.5,54
1784760360,7480.8,7481.5,7480.3,7481.5,76
1784760420,7481.3,7481.8,7481.3,7481.4,30
1784760480,7481.5,7482.5,7481.3,7481.6,48
1784760540,7481.8,7484,7481.8,7484,52
1784760600,7484.3,7484.3,7483.8,7483.9,58
1784760660,7483.8,7485.3,7483.8,7485.3,48
1784760720,7485.1,7486.3,7485,7485.9,66
1784760780,7486,7486.3,7485.8,7486,62
1784760840,7485.9,7487,7485.9,7486.8,36
1784760900,7486.9,7487,7486.4,7486.8,56
1784760960,7487,7487.5,7487,7487.5,36
1784761020,7487.8,7488,7486.8,7486.8,42
1784761080,7486.9,7486.9,7486.4,7486.5,18
1784761140,7486.8,7486.8,7485.8,7486,32
1784761200,7486.1,7486.4,7485.3,7485.3,52
1784761260,7485.4,7486.3,7485,7485.3,80
1784761320,7485.4,7485.5,7484,7485,66
1784761380,7484.9,7485,7484.1,7484.5,54
1784761440,7484.8,7484.9,7480.8,7482.3,100
1784761500,7482.4,7482.5,7481.4,7481.5,74
1784761560,7481.6,7482.4,7481.4,7482,56
1784761620,7481.9,7482.5,7481.8,7482.5,50
1784761680,7482.4,7482.9,7482,7482.8,64
1784761740,7483,7483,7481.8,7481.9,32
1784761800,7482,7483.1,7481.5,7482.5,78
1784761860,7482.6,7483.5,7482.5,7482.6,66
1784761920,7482.5,7484.9,7482.5,7484.6,64
1784761980,7484.5,7485,7484.1,7485,62
1784762040,7484.8,7485,7484.5,7484.8,26
1784762100,7484.6,7484.8,7484,7484.5,64
1784762160,7484.6,7484.6,7483.5,7483.5,28
1784762220,7483.3,7483.3,7481.9,7481.9,38
1784762280,7482,7482.3,7481,7482,74
1784762340,7482.3,7482.3,7481,7481.5,22
1784762400,7481.6,7482.3,7481.4,7482,36
1784762460,7482.3,7482.3,7481.5,7481.8,32
1784762520,7481.9,7482,7481.5,7481.6,18
1784762580,7481.5,7482.8,7481.5,7482.5,38
1784762640,7482.4,7482.9,7482.3,7482.9,18
1784762700,7483,7483.8,7483,7483.3,22
1784762760,7483,7483.4,7483,7483.3,38
1784762820,7483.1,7483.5,7483,7483.3,32
1784762880,7483.1,7483.1,7481.9,7482.5,42
1784762940,7482.8,7483.3,7482.5,7483.1,24
1784763000,7483.3,7484,7483.1,7483.8,54
1784763060,7483.5,7484.4,7483.5,7484.3,36
1784763120,7484.1,7484.5,7483.8,7484.5,28
1784763180,7484.4,7485,7484.3,7484.8,60
1784763240,7484.9,7485,7484.8,7484.8,28
1784763300,7484.5,7485,7484.4,7485,30
1784763360,7484.8,7485,7484.8,7485,34
1784763420,7485.3,7485.9,7485.3,7485.3,48
1784763480,7485.1,7485.5,7485,7485.3,38
1784763540,7485.4,7485.8,7485.3,7485.5,50
1784763600,7485.8,7486.8,7485.8,7486.8,14
1784763660,7486.5,7487,7486.3,7486.5,18
1784763720,7486.3,7486.5,7486,7486.5,32
1784763780,7486.4,7487,7485.8,7486.8,32
1784763840,7486.5,7487,7486.4,7486.8,44
1784763900,7486.5,7489.5,7486.1,7489.5,108
1784763960,7490,7490.8,7489.5,7490.3,108
1784764020,7490,7491,7490,7490,66
1784764080,7490.1,7491.5,7490.1,7491.3,56
1784764140,7491.4,7492,7490.6,7490.6,62
1784764200,7490.8,7491.4,7489.6,7491,90
1784764260,7490.9,7491.8,7490.1,7491.5,92
1784764320,7491.8,7492,7490.8,7491.3,28
1784764380,7491.1,7491.1,7490.3,7490.4,76
1784764440,7490.5,7490.8,7490.3,7490.6,70
1784764500,7490.5,7490.8,7490,7490.1,62
1784764560,7490.3,7490.9,7490.1,7490.8,58
1784764620,7490.9,7491.8,7490.9,7491.5,92
1784764680,7491.8,7493,7491.8,7492.9,86
1784764740,7492.8,7494,7492.5,7493.9,74
1784764800,7494,7495.3,7491.4,7493.6,180
1784764860,7493.4,7495.3,7492.6,7495.3,144
1784764920,7495,7495.3,7491.9,7492.4,142
1784764980,7492.5,7493.5,7492,7493.1,144
1784765040,7493.3,7495.1,7493.3,7494.5,112
1784765100,7494.9,7495.4,7494.6,7495.3,134
1784765160,7495.1,7496,7494.9,7495.8,106
1784765220,7495.6,7496,7495,7496,124
1784765280,7495.9,7496.5,7495.3,7496.4,66
1784765340,7496.5,7497,7495.4,7495.5,106
1784765400,7495.4,7495.8,7495.1,7495.3,82
1784765460,7495.5,7496.3,7494.9,7495.1,88
1784765520,7495,7495,7493.5,7493.8,92
1784765580,7493.5,7494.4,7493,7493.3,112
1784765640,7493.4,7495.5,7493.3,7495.4,86
1784765700,7495.3,7495.4,7493.8,7494.1,120
1784765760,7494,7497.6,7493.9,7497.6,122
1784765820,7497.5,7501,7497.4,7500.8,118
1784765880,7500.5,7500.8,7499.8,7500,106
1784765940,7500.1,7500.5,7499.8,7500.3,82
1784766000,7500.5,7502,7500.5,7501.9,98
1784766060,7502,7502.5,7500.8,7501.5,118
1784766120,7501.6,7504.5,7500.9,7504.1,110
1784766180,7504,7504,7503,7503.5,86
1784766240,7503.4,7505,7503.4,7504.8,106
1784766300,7505,7505.5,7504.3,7505.3,98
1784766360,7505.5,7506,7504.8,7506,68
1784766420,7506.3,7508.5,7506,7508,80
1784766480,7507.8,7508,7505.8,7505.9,82
1784766540,7505.8,7506,7504,7504.3,100
1784766600,7504.5,7505.9,7504.3,7504.8,98
1784766660,7504.5,7505.1,7504.3,7504.6,84
1784766720,7504.5,7507,7504.3,7506.1,98
1784766780,7506.3,7506.5,7504.9,7505.8,92
1784766840,7505.9,7507,7505.5,7506.6,102
1784766900,7506.8,7507.8,7506.6,7506.8,98
1784766960,7506.6,7507.3,7506,7507,96
1784767020,7507.1,7507.6,7506.5,7507,112
1784767080,7507.3,7508.5,7506.3,7508,90
1784767140,7507.8,7507.9,7506.5,7507.8,56
1784767200,7507.9,7508.8,7507.5,7507.8,70
1784767260,7507.5,7508.1,7507.5,7507.9,102
1784767320,7508,7509.8,7507.5,7507.5,98
1784767380,7507.8,7509,7507.5,7508,66
1784767440,7508.1,7508.8,7507.9,7508.3,60
1784767500,7508,7509.5,7507.5,7509.5,118
1784767560,7509.8,7509.8,7508,7508.3,100
1784767620,7508,7508.5,7507.8,7508.3,82
1784767680,7508.1,7508.5,7507.8,7508.1,48
1784767740,7508,7508.8,7507.9,7508.3,104
1784767800,7508.4,7508.5,7507,7507.4,58
1784767860,7507.6,7513,7507.4,7512.3,118
1784767920,7512,7512,7510.3,7510.4,72
1784767980,7510.5,7511,7509.5,7510.8,80
1784768040,7510.9,7512.3,7510.8,7511.9,62
1784768100,7511.8,7512,7511,7511.8,80
1784768160,7511.6,7512.1,7511,7511.3,84
1784768220,7511.4,7511.8,7511,7511.5,74
1784768280,7511.8,7512.8,7511.3,7511.8,64
1784768340,7511.6,7511.6,7510.3,7510.3,70
1784768400,7510.5,7511.3,7508.4,7510,148
1784768460,7509.9,7511.5,7509.9,7510.9,138
1784768520,7510.8,7512.3,7510.6,7512.3,100
1784768580,7512,7513,7511.8,7512.8,92
1784768640,7512.5,7513.3,7511.8,7512.3,82
1784768700,7512,7512.9,7511.5,7512.5,90
1784768760,7512.6,7512.6,7509.9,7510.3,100
1784768820,7510.1,7510.9,7510.1,7510.6,108
1784768880,7510.9,7511.3,7510,7510.3,128
1784768940,7510.1,7510.8,7510,7510.5,98
1784769000,7510.6,7512,7510.3,7511.3,84
1784769060,7511.1,7511.3,7510.5,7511.3,88
1784769120,7511,7511.3,7510.5,7511,100
1784769180,7511.1,7511.5,7511,7511.3,92
1784769240,7511.1,7511.8,7510.6,7510.9,96
1784769300,7511,7511.5,7510.3,7510.3,96
1784769360,7510,7510.5,7509.5,7509.5,80
1784769420,7509.4,7509.8,7508.5,7508.8,108
1784769480,7508.9,7509.1,7508.5,7508.8,64
1784769540,7508.5,7508.8,7508,7508,58
1784769600,7508.3,7508.5,7507.5,7508.3,82
1784769660,7508.5,7510,7508.3,7509.5,78
1784769720,7509.6,7510,7509,7509,74
1784769780,7509.3,7509.8,7508.3,7508.5,92
1784769840,7508.4,7509.3,7507.8,7507.9,104
1784769900,7507.8,7508,7507,7507.3,74
1784769960,7507.5,7508.3,7507,7508.3,84
1784770020,7508,7509.1,7508,7508.5,64
1784770080,7508.8,7509,7507.8,7508,84
1784770140,7508.3,7508.3,7507.3,7507.5,102
1784770200,7507.8,7509,7505,7505,112
1784770260,7505.3,7505.5,7504.3,7504.5,98
1784770320,7504.6,7507.5,7504.6,7507.5,134
1784770380,7507.3,7508.3,7506.8,7508.1,112
1784770440,7508,7509,7508,7508.8,124
1784770500,7508.9,7509,7508,7508.4,118
1784770560,7508.5,7509,7507.5,7508.6,120
1784770620,7508.8,7509.5,7507.8,7507.8,94
1784770680,7508,7508.8,7507.5,7508,84
1784770740,7507.9,7509,7504.8,7504.8,96
1784770800,7504.9,7505.5,7504,7504.8,120
1784770860,7504.9,7506,7504.5,7504.8,110
1784770920,7505,7505.8,7504.5,7505.5,134
1784770980,7505.3,7505.5,7504.5,7505.5,116
1784771040,7505.3,7505.5,7502.8,7502.9,94
1784771100,7502.8,7504.3,7502.4,7503.8,78
1784771160,7503.5,7503.8,7503.3,7503.8,92
1784771220,7503.9,7504,7503,7503,98
1784771280,7502.9,7504,7502,7503.5,66
1784771340,7503.8,7503.9,7503,7503.3,106
1784771400,7503.1,7505,7502.5,7504.9,122
1784771460,7505,7506,7504.4,7505.3,102
1784771520,7505.1,7505.8,7504.9,7504.9,82
1784771580,7504.8,7504.9,7503.3,7504,120
1784771640,7504.3,7505.3,7503.6,7505.3,122
1784771700,7505,7505.9,7504.9,7505.5,106
1784771760,7505.4,7505.8,7505,7505.4,102
1784771820,7505.5,7505.8,7504,7504,88
1784771880,7504.3,7504.3,7502.5,7502.8,84
1784771940,7502.6,7502.9,7502.1,7502.3,92
1784772000,7502.4,7502.8,7501,7501.8,98
1784772060,7501.6,7503,7501.3,7502.8,112
1784772120,7502.9,7503.8,7502.5,7503.5,108
1784772180,7503.8,7503.8,7501.5,7501.9,126
1784772240,7501.8,7504.8,7501.8,7504.6,86
1784772300,7504.8,7504.8,7503.3,7504.8,82
1784772360,7505,7505.3,7504,7504,96
1784772420,7503.9,7504.5,7503.5,7504.3,92
1784772480,7504,7504.3,7503.3,7503.8,74
1784772540,7503.6,7503.8,7502.8,7503,120
1784772600,7502.9,7503,7501.8,7501.9,98
1784772660,7502,7502.3,7501.5,7501.8,66
1784772720,7501.6,7501.8,7499.5,7500.3,76
1784772780,7500.4,7501,7500.3,7500.8,76
1784772840,7501,7501.3,7499.8,7500,114
1784772900,7499.9,7500.8,7499.4,7500.4,110
1784772960,7500.5,7500.8,7500,7500.3,76
1784773020,7500.4,7500.5,7498.8,7498.8,96
1784773080,7498.4,7498.4,7497,7497.3,82
1784773140,7497.1,7497.8,7496.8,7497.3,102
1784773200,7497.5,7497.5,7496.5,7497,86
1784773260,7496.9,7497.5,7495.5,7495.6,106
1784773320,7495.5,7496.1,7495.1,7495.1,82
1784773380,7495,7496,7494.4,7494.8,98
1784773440,7495,7495.5,7494.3,7494.4,96
1784773500,7494.3,7494.5,7493.3,7493.5,104
1784773560,7493.3,7495,7493.3,7494.5,50
1784773620,7494.6,7494.6,7493.3,7493.6,86
1784773680,7493.5,7494.3,7493.5,7493.6,72
1784773740,7493.8,7494.8,7493.5,7494.5,78
1784773800,7494.8,7495.4,7494,7495.3,108
1784773860,7495.1,7495.8,7495,7495.5,70
1784773920,7495.4,7496.8,7495.1,7496,108
1784773980,7496.3,7497.6,7495.8,7497.5,84
1784774040,7497.4,7497.8,7496.8,7497.5,84
1784774100,7497.3,7497.5,7494.8,7494.8,74
1784774160,7494.6,7495.3,7494.3,7494.9,74
1784774220,7495,7495,7492.3,7492.8,58
1784774280,7492.5,7492.8,7490.8,7491.3,78
1784774340,7491.4,7491.9,7491,7491.8,58
1784774400,7491.6,7491.8,7491.3,7491.4,84
1784774460,7491.5,7492.8,7490.4,7492.8,80
1784774520,7493,7493,7492,7492,94
1784774580,7491.8,7492,7490.8,7491,74
1784774640,7491.1,7491.8,7490.8,7491.5,90
1784774700,7491.6,7492.5,7491.5,7492.5,74
1784774760,7492.6,7492.6,7491.8,7492.3,64
1784774820,7492.4,7492.8,7491.9,7492.1,72
1784774880,7492,7493.8,7492,7493.5,84
1784774940,7493.3,7493.5,7491.5,7491.5,62
1784775000,7491.4,7492.3,7491.3,7491.3,86
1784775060,7491.5,7493.5,7491,7493.5,94
1784775120,7493.4,7494,7493,7493.9,72
1784775180,7494,7494.8,7494,7494.6,74
1784775240,7494.5,7495.3,7494.5,7494.8,94
1784775300,7494.9,7495,7494.3,7494.5,92
1784775360,7494.6,7494.8,7494,7494.8,56
1784775420,7494.6,7494.6,7494,7494.5,70
1784775480,7494.6,7495.3,7494.5,7494.9,34
1784775540,7494.8,7494.9,7494.3,7494.5,102
1784775600,7494.6,7495,7493.3,7493.6,84
1784775660,7493.5,7494.1,7492.5,7493.8,96
1784775720,7493.9,7494.3,7493.8,7494.1,70
1784775780,7494,7494.3,7492,7492,60
1784775840,7492.3,7492.6,7492,7492.3,62
1784775900,7492.1,7492.8,7491.5,7491.8,82
1784775960,7491.9,7493,7491.8,7492.8,74
1784776020,7492.5,7492.9,7490.5,7491,70
1784776080,7491.3,7491.3,7488.8,7488.8,80
1784776140,7489,7489.5,7488.5,7489.5,86
1784776200,7489.3,7489.5,7488,7488.1,74
1784776260,7488,7488.1,7486.6,7487.5,80
1784776320,7487.3,7487.6,7486.5,7486.8,68
1784776380,7486.9,7487.5,7485.3,7487.5,94
1784776440,7487.3,7488.3,7487,7487.5,94
1784776500,7487.4,7488,7486.5,7486.5,78
1784776560,7486.3,7487.5,7486,7486.5,72
1784776620,7486.8,7487.1,7486.5,7486.9,64
1784776680,7486.8,7488,7486.8,7487.1,60
1784776740,7487,7488,7486.5,7488,108
1784776800,7488.1,7488.3,7487,7487.8,122
1784776860,7487.6,7489.3,7487.3,7487.5,108
1784776920,7487.3,7488,7487.3,7487.8,98
1784776980,7488,7489,7487.8,7487.8,84
1784777040,7488,7488,7487.3,7487.3,56
1784777100,7487.5,7487.5,7484.5,7485.3,114
1784777160,7485.5,7486.3,7485.1,7486,78
1784777220,7486.1,7486.3,7485.8,7486,54
1784777280,7486.3,7488,7485.9,7487.8,98
1784777340,7487.9,7488.8,7487.8,7488.8,60
1784777400,7488.9,7491.6,7488.8,7490.5,128
1784777460,7490.3,7490.3,7487,7487,112
1784777520,7486.9,7488.4,7486.5,7487.1,130
1784777580,7487.3,7488,7486.9,7487.4,150
1784777640,7487.5,7487.8,7486.3,7487.4,138
1784777700,7487.5,7488,7486.8,7488,148
1784777760,7487.8,7488.8,7487.8,7488.4,112
1784777820,7488.3,7489.3,7487.8,7487.8,100
1784777880,7487.9,7489.1,7487.9,7488.8,112
1784777940,7488.6,7489.5,7488.5,7489.5,90
1784778000,7489.6,7490.3,7489,7489.5,122
1784778060,7489.6,7490.6,7489.3,7490.1,118
1784778120,7490,7490.3,7489,7489,64
1784778180,7489.3,7490.3,7489,7490.3,66
1784778240,7490.1,7491.5,7490.1,7491.4,64
1784778300,7491.5,7492,7491.3,7491.8,74
1784778360,7491.6,7492,7489.5,7489.6,76
1784778420,7489.8,7491.5,7489.8,7490.9,86
1784778480,7491,7492.3,7490.8,7492.3,90
1784778540,7492.1,7492.3,7491.5,7492,62
1784778600,7492.1,7492.1,7491.4,7491.9,78
1784778660,7491.8,7491.9,7490.8,7491,70
1784778720,7491.1,7492.3,7491,7492,72
1784778780,7492.3,7492.5,7492,7492.3,34
1784778840,7492.5,7492.6,7492.1,7492.1,32
1784778900,7492.3,7492.5,7491.5,7491.8,74
1784778960,7492,7492,7491.3,7491.3,68
1784779020,7491.5,7491.6,7491,7491,44
1784779080,7490.8,7491.6,7490.5,7491.6,76
1784779140,7491.8,7491.8,7490.3,7490.5,84
1784779200,7490.6,7490.6,7488.3,7488.5,84
1784779260,7488.3,7489,7488.3,7488.5,74
1784779320,7488.6,7489,7487.8,7489,70
1784779380,7488.8,7489.4,7488,7488,84
1784779440,7488.1,7488.4,7487.8,7488.3,46
1784779500,7488.1,7488.3,7486.5,7487,98
1784779560,7486.9,7486.9,7485.3,7485.5,92
1784779620,7485.4,7485.8,7485,7485.5,94
1784779680,7485.8,7488.8,7485.5,7488.5,88
1784779740,7488.6,7489.3,7487.5,7487.5,98
1784779800,7487.3,7488.6,7487.3,7487.9,88
1784779860,7487.8,7488.3,7487.5,7488.3,114
1784779920,7488.1,7490.5,7487.8,7490.3,94
1784779980,7490.4,7491.5,7490,7491.5,86
1784780040,7491.4,7492.5,7491,7492.5,88
1784780100,7492.6,7493.3,7492.5,7492.8,64
1784780160,7492.5,7493.3,7491.3,7491.3,88
1784780220,7491.1,7491.6,7490.8,7491.3,108
1784780280,7491.1,7491.8,7491,7491.5,66
1784780340,7491.8,7491.9,7491,7491,84
1784780400,7491.1,7492.4,7491.1,7492,116
1784780460,7491.9,7493,7491.6,7492.8,84
1784780520,7492.9,7494.3,7492.5,7494,68
1784780580,7494.3,7494.3,7493.5,7493.9,64
1784780640,7494,7494.3,7493.5,7494.1,88
1784780700,7494.3,7497,7494,7497,76
1784780760,7496.8,7497.3,7496.5,7496.8,58
1784780820,7497,7497,7495.8,7495.9,82
1784780880,7495.8,7496,7493.3,7494.3,86
1784780940,7494.4,7496.3,7493.6,7495.8,116
1784781000,7495.9,7496.5,7495,7496.1,132
1784781060,7496,7496,7494.3,7494.8,92
1784781120,7494.6,7495.3,7494.3,7495.1,80
1784781180,7495,7496.3,7494.9,7495.6,98
1784781240,7495.8,7496.8,7495.5,7496.5,80
1784781300,7496.6,7496.8,7495.3,7495.4,98
1784781360,7495.5,7496.5,7494.8,7496.3,100
1784781420,7496.5,7496.8,7495.8,7496,82
1784781480,7495.8,7496.3,7495.3,7495.8,80
1784781540,7495.9,7496.4,7495.8,7496.3,78
1784781600,7496.5,7496.8,7495.9,7496.3,78
1784781660,7496.4,7496.5,7495.3,7495.3,74
1784781720,7495.1,7495.1,7494.1,7494.9,86
1784781780,7494.8,7494.9,7493.5,7493.8,72
1784781840,7493.9,7494.5,7493.5,7493.5,62
1784781900,7493.6,7494.4,7493,7494.3,86
1784781960,7494.4,7495.3,7494.1,7494.5,120
1784782020,7494.4,7495.3,7494.3,7495.3,68
1784782080,7495,7495,7493.5,7493.5,76
1784782140,7493.3,7493.5,7492,7492,94
1784782200,7491.8,7491.8,7490.9,7491,66
1784782260,7491.1,7491.4,7490,7490.3,86
1784782320,7490.5,7491.3,7490,7490,90
1784782380,7490.1,7490.5,7489.4,7490.5,70
1784782440,7490.4,7491.3,7490.1,7490.4,100
1784782500,7490.5,7491.3,7490,7490.3,84
1784782560,7490.1,7490.5,7489.5,7490.5,86
1784782620,7490.3,7491.1,7490.3,7491.1,94
1784782680,7491.3,7491.5,7490.5,7491,76
1784782740,7490.9,7491.3,7490.8,7491,70
1784782800,7491.3,7491.8,7489.5,7490.1,128
1784782860,7490.3,7490.3,7489.3,7489.5,106
1784782920,7489.4,7490.5,7488.9,7489.4,110
1784782980,7489.3,7490.3,7489,7489.5,88
1784783040,7489.4,7489.9,7489,7489.6,92
1784783100,7490,7490.1,7489.3,7489.5,82
1784783160,7489.4,7490,7489.1,7489.9,82
1784783220,7489.8,7490.5,7489.1,7490.3,92
1784783280,7490,7490.3,7489.3,7489.5,110
1784783340,7489.6,7490,7489.4,7489.8,104
1784783400,7490,7490.3,7489.3,7489.6,92
1784783460,7489.8,7489.9,7488.8,7488.8,84
1784783520,7488.9,7489.4,7487.8,7489.4,86
1784783580,7489.3,7489.9,7488.5,7489.8,86
1784783640,7489.9,7490.8,7489.8,7490.6,94
1784783700,7490.5,7490.6,7489.6,7490.4,116
1784783760,7490.3,7490.3,7489,7489.4,86
1784783820,7489.3,7489.8,7488.8,7489.5,90
1784783880,7489.3,7490.5,7489.3,7489.5,84
1784783940,7489.6,7489.8,7488.5,7489.8,80
1784784000,7489.5,7491.3,7489.4,7490.9,110
1784784060,7491,7491.8,7490.8,7491.5,94
1784784120,7491.6,7492.1,7490.5,7490.5,114
1784784180,7490.4,7490.4,7489,7489,92
1784784240,7488.8,7491,7488,7490.9,134
1784784300,7490.6,7492.8,7490.6,7492,92
1784784360,7492.1,7494.9,7492.1,7494.9,106
1784784420,7495.1,7495.8,7494.9,7495,82
1784784480,7494.9,7495.3,7494.6,7494.9,92
1784784540,7494.8,7497.3,7494.8,7497.3,120
1784784600,7497,7498.8,7496.8,7498.5,142
1784784660,7498.3,7499.1,7498.1,7498.6,108
1784784720,7498.4,7499,7498,7498.1,106
1784784780,7498,7498.3,7497.3,7497.5,100
1784784840,7497.6,7498,7496.8,7497,108
1784784900,7496.9,7497.1,7496.1,7496.3,74
1784784960,7496.5,7497,7495.5,7495.8,88
1784785020,7495.9,7496.4,7495.5,7495.8,86
1784785080,7495.9,7496,7493.8,7493.9,84
1784785140,7493.6,7494,7492.6,7493.3,92
1784785200,7493,7494.3,7492.5,7494.3,74
1784785260,7494.1,7495,7493.9,7494.5,110
1784785320,7494.4,7494.5,7493.5,7493.8,96
1784785380,7494,7494.5,7492.3,7492.3,108
1784785440,7492.1,7493.8,7491.9,7493.5,100
1784785500,7493.3,7493.6,7491.8,7492,70
1784785560,7492.3,7492.8,7492.1,7492.3,94
1784785620,7492.1,7492.1,7491.3,7491.3,76
1784785680,7491,7491,7489.5,7490,92
1784785740,7489.9,7490.3,7488.6,7488.6,68
1784785800,7488.8,7489.5,7487.5,7489.3,124
1784785860,7489,7489.6,7488.3,7488.3,94
1784785920,7488.5,7488.5,7487.6,7488.1,94
1784785980,7488.3,7488.5,7487.8,7488,102
1784786040,7488.1,7488.3,7485,7485.1,96
1784786100,7485,7487.3,7485,7487,94
1784786160,7487.3,7488.6,7486.8,7488.5,84
1784786220,7488.4,7488.5,7486.5,7487.8,108
1784786280,7487.5,7487.8,7486.4,7486.8,84
1784786340,7486.9,7487,7485.8,7486.3,90
1784786400,7486,7487.8,7486,7487.8,98
1784786460,7487.5,7490,7487.5,7489.5,106
1784786520,7489.3,7489.3,7488,7488.3,114
1784786580,7488.4,7488.9,7488,7488.5,82
1784786640,7488.8,7488.8,7487.6,7488.3,100
1784786700,7488.1,7489.5,7488.1,7489,104
1784786760,7488.9,7489,7486.6,7486.8,106
1784786820,7487,7487,7486,7486.5,70
1784786880,7486.3,7486.9,7486,7486.5,84
1784786940,7486.3,7486.5,7485.5,7486.1,74
1784787000,7486,7487.5,7486,7487.3,82
1784787060,7487,7487.5,7486.3,7486.8,84
1784787120,7487,7487.8,7485.8,7487.8,102
1784787180,7488,7488.3,7487.5,7488,64
1784787240,7488.1,7488.8,7487.8,7488,82
1784787300,7487.9,7488.3,7487.3,7487.5,78
1784787360,7487.3,7487.8,7486.8,7487.4,80
1784787420,7487.3,7489.5,7487.3,7488.6,110
1784787480,7488.8,7489.3,7487.8,7487.8,82
1784787540,7488,7489.8,7487.3,7489.5,112
1784787600,7489.6,7490.3,7489.3,7489.5,100
1784787660,7489.3,7489.8,7489.3,7489.8,62
1784787720,7489.5,7489.8,7487,7487,58
1784787780,7487.3,7487.3,7486.1,7486.5,64
1784787840,7486.8,7487.5,7486.8,7487.4,74
1784787900,7487.3,7489.1,7487.3,7488.8,72
1784787960,7488.5,7489.3,7488.5,7488.9,76
1784788020,7488.6,7488.8,7487.8,7488.5,84
1784788080,7488.4,7489,7488.1,7488.8,48
1784788140,7488.5,7489.8,7488.3,7489.5,92
1784788200,7490,7490,7488.3,7488.3,136
1784788260,7488.5,7488.5,7487.8,7488,56
1784788320,7487.9,7488.1,7487.3,7487.5,64
1784788380,7487.4,7487.8,7486.8,7486.8,78
1784788440,7486.5,7486.5,7485.3,7486.4,96
1784788500,7486.3,7486.8,7485,7486.3,92
1784788560,7486,7486.8,7486,7486.5,58
1784788620,7486.4,7486.5,7485.3,7485.8,62
1784788680,7485.5,7485.9,7485,7485.8,50
1784788740,7485.6,7485.8,7485.3,7485.5,48
1784788800,7485.4,7485.8,7484.8,7484.8,54
1784788860,7484.5,7485,7484.3,7485,42
1784788920,7485.3,7485.5,7485,7485.3,26
1784788980,7485.5,7486,7485,7485.4,36
1784789040,7485.3,7485.4,7483.8,7483.8,48
1784789100,7484,7485.3,7483.8,7485,36
1784789160,7485.3,7489,7485.3,7488.8,68
1784789220,7488.9,7488.9,7487.4,7487.5,36
1784789280,7487.6,7487.8,7487.3,7487.5,24
1784789340,7487.4,7487.4,7486.8,7486.8,44
1784789400,7486.6,7487,7486.1,7486.8,44
1784789460,7487,7487,7484.8,7485,62
1784789520,7484.9,7485,7483.5,7484.1,82
1784789580,7484,7485,7484,7484.8,34
1784789640,7484.5,7485,7484.3,7484.6,68
1784789700,7484.5,7484.6,7483.8,7484,64
1784789760,7484.3,7484.6,7483.8,7484.3,46
1784789820,7484.1,7484.5,7483.9,7483.9,52
1784789880,7484,7484.3,7483.3,7483.5,66
1784789940,7483.3,7483.8,7483,7483.3,76
1784790000,7484.1,7484.1,7477.3,7477.5,168
1784790060,7477.8,7478,7476,7477,134
1784790120,7477.3,7480.5,7476.5,7480,134
1784790180,7479.8,7480.8,7479.5,7479.6,108
1784790240,7479.8,7480,7477.3,7478.5,140
1784790300,7478.3,7479.5,7477.8,7478.5,134
1784790360,7478.6,7478.8,7476.8,7477.5,120
1784790420,7477.3,7477.6,7475.8,7476.3,100
1784790480,7476.4,7476.8,7475.5,7475.5,98
1784790540,7475.4,7475.5,7473.8,7473.8,118
1784790600,7474,7474,7469.3,7469.3,110
1784790660,7469.1,7469.3,7465.3,7465.3,156
1784790720,7464.8,7466.8,7462.3,7463.3,176
1784790780,7463.4,7466.3,7463,7465.6,138
1784790840,7465.4,7469.5,7465.3,7468.8,134
1784790900,7468.6,7470.8,7468.6,7470.3,132
1784790960,7470,7471.5,7469.3,7471.5,130
1784791020,7471.8,7472,7470.3,7472,116
1784791080,7472.3,7472.3,7470,7471.8,110
1784791140,7472,7472.6,7470,7472.3,114
1784791200,7472.8,7474.9,7472.6,7474.8,108
1784791260,7474.9,7474.9,7472.5,7473.4,150
1784791320,7473.5,7473.8,7472.5,7472.5,116
1784791380,7472.6,7473.9,7472.3,7473.8,86
1784791440,7473.5,7473.8,7470.9,7471,120
1784791500,7471.3,7475.5,7471.3,7474.8,118
1784791560,7474.5,7476.9,7474.5,7476.3,128
1784791620,7476,7476.5,7475,7475.4,104
1784791680,7475.5,7475.5,7474.3,7474.3,94
1784791740,7474.5,7474.6,7472.8,7473,124
1784791800,7473.5,7473.8,7471.6,7471.6,118
1784791860,7471.5,7471.8,7470,7470.8,134
1784791920,7470.5,7471,7468.3,7468.8,110
1784791980,7468.5,7469.8,7468.5,7468.9,98
1784792040,7468.8,7468.8,7465.8,7466.6,110
1784792100,7466.5,7466.9,7466,7466.8,110
1784792160,7466.5,7468.5,7465.9,7468.3,86
1784792220,7468.1,7468.1,7466.8,7467.5,96
1784792280,7467.3,7468.6,7467,7468.3,120
1784792340,7468,7469.1,7466.5,7467,128
1784792400,7467.1,7467.1,7464.9,7465.3,122
1784792460,7465.4,7466.5,7464.8,7465,112
1784792520,7465.3,7465.3,7463,7463,144
1784792580,7463.1,7464,7461.3,7464,122
1784792640,7463.8,7464.3,7461.5,7462.1,146
1784792700,7462,7462,7460,7461.5,128
1784792760,7461.4,7461.5,7459,7461.1,132
1784792820,7460.8,7461.1,7459.8,7460.8,130
1784792880,7460.6,7462.1,7460,7462.1,148
1784792940,7461.9,7462,7460.1,7461,128
1784793000,7461.1,7462,7459.8,7462,104
1784793060,7461.8,7462.1,7460.6,7460.6,126
1784793120,7460.4,7462.9,7460,7462,140
1784793180,7461.9,7462.8,7460.8,7460.8,132
1784793240,7461,7464.5,7460.8,7463.5,138
1784793300,7463.6,7467,7463.6,7466.4,138
1784793360,7466.3,7466.8,7465.8,7466.4,120
1784793420,7466.5,7467.8,7466.5,7467,130
1784793480,7467.3,7467.8,7466.8,7467,110
1784793540,7467.3,7468,7466.8,7468,122
1784793600,7468.3,7469,7465.3,7466.1,172
1784793660,7466,7466.1,7462.8,7462.8,140
1784793720,7462.4,7464.5,7462.4,7463.4,140
1784793780,7463.3,7465.5,7462.4,7465,122
1784793840,7465.4,7467.5,7464.6,7466.6,132
1784793900,7466.5,7467.8,7466.3,7467.3,120
1784793960,7467.1,7470.8,7467.1,7469.6,108
1784794020,7469.5,7471.8,7469,7471.8,128
1784794080,7472,7473.5,7471.5,7473,118
1784794140,7472.9,7475.4,7472.9,7475.4,92
1784794200,7475.3,7475.5,7473.5,7473.8,108
1784794260,7474,7474.6,7472.8,7474.3,116
1784794320,7474.1,7476.4,7473.8,7475.5,130
1784794380,7475.6,7476.3,7475,7475,106
1784794440,7474.9,7475.3,7474.3,7474.6,120
1784794500,7474.5,7475.4,7473.8,7473.8,118
1784794560,7473.5,7475.9,7472.5,7475.9,140
1784794620,7476,7478.9,7476,7478,78
1784794680,7478.3,7478.8,7477.3,7478.8,108
1784794740,7478.9,7478.9,7476.5,7477.3,96
1784794800,7477.6,7478.3,7477,7477.3,108
1784794860,7477,7477.5,7475.5,7475.6,108
1784794920,7475.8,7476.1,7474.8,7474.8,84
1784794980,7474.5,7474.8,7472.5,7472.6,106
1784795040,7472.5,7473.8,7472.3,7473.5,114
1784795100,7473.4,7474.5,7472.9,7474.1,100
1784795160,7474,7476.5,7473.4,7476.3,114
1784795220,7476.5,7476.6,7475.8,7476.5,82
1784795280,7476.3,7477.5,7475.5,7476.1,78
1784795340,7476,7477.3,7475.5,7477,136
1784795400,7476.5,7477.5,7476.4,7477.5,114
1784795460,7477.4,7478,7476.3,7477.3,92
1784795520,7477.4,7477.4,7474.5,7474.5,86
1784795580,7474.3,7476.6,7474,7476.5,88
1784795640,7476.3,7477,7476.1,7476.5,92
1784795700,7476.6,7477,7474.8,7475.1,88
1784795760,7475.4,7475.6,7474.8,7475,98
1784795820,7474.9,7475.8,7474.8,7475.6,100
1784795880,7475.5,7476,7475,7475.6,118
1784795940,7475.8,7475.8,7474.3,7474.6,106
1784796000,7474.8,7474.9,7472.5,7472.5,78
1784796060,7472.6,7473.3,7472.4,7472.9,66
1784796120,7472.8,7475,7472.1,7475,72
1784796180,7474.9,7475.4,7472,7472,90
1784796240,7471.8,7472.8,7471.5,7471.8,90
1784796300,7471.9,7472.3,7471.3,7472.3,76
1784796360,7472,7473.3,7471.9,7473,76
1784796420,7473.3,7473.6,7472,7473,98
1784796480,7473.1,7473.8,7473,7473.4,86
1784796540,7473.5,7474.8,7473.3,7474,100
1784796600,7473.9,7475.5,7473.3,7475.3,120
1784796660,7475.4,7475.9,7474.4,7475.9,90
1784796720,7476.3,7476.5,7475,7475.5,98
1784796780,7475.8,7478.1,7475.8,7477.5,78
1784796840,7477.8,7478.5,7477.6,7478.3,54
1784796900,7478,7479,7477.8,7478.8,76
1784796960,7479,7481.3,7479,7481,52
1784797020,7480.8,7481.8,7480.4,7480.5,58
1784797080,7480.3,7481.5,7480.3,7481.5,72
1784797140,7481.6,7483.3,7481.5,7482.4,92
1784797200,7482.3,7482.4,7480.5,7480.9,86
1784797260,7481,7482.8,7480.8,7482.3,80
1784797320,7482,7483.8,7481.8,7483.3,88
1784797380,7483.5,7489.3,7483.5,7486.1,126
1784797440,7486,7487.4,7485,7487,144
1784797500,7486.9,7486.9,7484.8,7484.9,102
1784797560,7485,7486.5,7485,7485.5,112
1784797620,7485.8,7485.8,7483.3,7483.6,76
1784797680,7483.5,7483.5,7482.8,7482.8,74
1784797740,7483,7483.3,7481.8,7481.8,80
1784797800,7481.5,7483,7481.3,7483,96
1784797860,7483.3,7483.3,7481.4,7482.3,60
1784797920,7482.4,7482.4,7481.3,7481.4,74
1784797980,7481.3,7482,7480.4,7481.1,60
1784798040,7481,7481.1,7479,7479,88
1784798100,7478.8,7479.5,7478.3,7479.4,86
1784798160,7479.3,7480,7478.6,7480,74
1784798220,7480.1,7480.8,7479.5,7480.3,48
1784798280,7480.5,7480.6,7479.3,7479.3,70
1784798340,7479.4,7479.5,7478,7478.5,90
1784798400,7478.3,7479,7478,7478.3,104
1784798460,7478.4,7478.5,7476.9,7477,66
1784798520,7477.1,7478,7477.1,7477.5,72
1784798580,7477.3,7478.8,7477.3,7478.3,68
1784798640,7478,7479.5,7478,7478.3,82
1784798700,7478.4,7478.8,7477.6,7478,64
1784798760,7478.1,7478.1,7477,7477.6,76
1784798820,7477.8,7478.5,7477.6,7478.1,68
1784798880,7478.3,7478.5,7477.5,7477.8,78
1784798940,7477.9,7478,7476.5,7477.4,78
1784799000,7477.3,7477.3,7475.8,7476.4,100
1784799060,7476.5,7477.5,7476.4,7476.8,94
1784799120,7477,7477,7475.8,7475.8,58
1784799180,7475.5,7476.8,7475.3,7475.8,100
1784799240,7475.6,7475.8,7473.8,7474.8,82
1784799300,7474.6,7475.3,7474.3,7474.4,60
1784799360,7474.3,7475.4,7474.3,7474.5,100
1784799420,7475,7475.8,7474.8,7474.8,76
1784799480,7474.5,7475.8,7474.5,7475.8,52
1784799540,7475.5,7476,7474.8,7475.8,84
1784799600,7475.5,7476.3,7474.9,7476,86
1784799660,7475.9,7476.3,7475.5,7476.3,84
1784799720,7476,7476.5,7475.3,7475.5,88
1784799780,7475.6,7477.3,7475.6,7477,72
1784799840,7477.3,7477.6,7476.8,7477,58
1784799900,7477.3,7478.8,7477.3,7478.8,84
1784799960,7478.6,7478.8,7477.3,7477.4,74
1784800020,7477.5,7478.3,7477.5,7478,76
1784800080,7477.8,7478.3,7477.3,7477.3,94
1784800140,7477.4,7478,7477,7477.1,64
1784800200,7477,7477,7475.5,7475.5,54
1784800260,7475.8,7475.8,7474,7474.4,80
1784800320,7474.5,7475.5,7474.5,7475,94
1784800380,7475.3,7477.8,7475.3,7476.8,92
1784800440,7477,7477,7475.8,7476,64
1784800500,7476.9,7476.9,7475.6,7476.8,94
1784800560,7476.5,7476.5,7475.4,7475.6,78
1784800620,7475.5,7475.5,7474.8,7475.3,76
1784800680,7475,7475.5,7473.3,7473.8,72
1784800740,7473.9,7475,7473,7475,80
1784800800,7474.8,7476.5,7473.8,7473.8,92
1784800860,7474,7475.6,7473.8,7475.1,114
1784800920,7475,7476.6,7475,7475.8,112
1784800980,7475.5,7476.5,7475.1,7476.1,86
1784801040,7476,7477,7476,7476.5,94
1784801100,7476.3,7476.9,7476.3,7476.3,88
1784801160,7476,7476.8,7475,7475.8,106
1784801220,7475.9,7477.5,7475.3,7477.5,74
1784801280,7477.8,7477.9,7474.5,7475.3,100
1784801340,7475.1,7475.1,7474,7474.5,78
1784801400,7474.4,7474.5,7472.8,7473.5,78
1784801460,7473.6,7473.6,7472.5,7472.5,64
1784801520,7472.3,7473.5,7472.3,7473.3,76
1784801580,7473.5,7473.5,7472.5,7472.9,58
1784801640,7472.8,7473.5,7472,7472.9,84
1784801700,7472.8,7473.9,7472.8,7473.8,80
1784801760,7473.6,7475.3,7472.4,7474.5,106
1784801820,7474.6,7474.8,7473.6,7473.8,78
1784801880,7473.6,7475.3,7473.3,7474.3,92
1784801940,7474.4,7474.9,7473.6,7474,108
1784802000,7473.9,7475.1,7473.5,7474.6,102
1784802060,7474.5,7476.5,7473.9,7476,120
1784802120,7476.1,7476.5,7475.8,7476.3,86
1784802180,7476.5,7477,7475.1,7475.5,78
1784802240,7475.4,7476.1,7474.8,7476.1,88
1784802300,7476.3,7477.3,7475.5,7477.3,96
1784802360,7477,7477.6,7476.3,7477.5,116
1784802420,7477.8,7477.9,7476.8,7477,60
1784802480,7476.9,7477.3,7475.8,7475.8,120
1784802540,7476,7476.9,7475.8,7476,82
1784802600,7476.1,7481.5,7475.3,7479.8,160
1784802660,7479.6,7482,7479.5,7480.9,126
1784802720,7480.8,7482,7480.3,7481.8,118
1784802780,7482,7483.3,7481.6,7482.5,136
1784802840,7482.3,7482.6,7481.3,7481.8,106
1784802900,7481.6,7484,7481.5,7483.6,120
1784802960,7483.8,7486,7483.5,7484.9,110
1784803020,7484.6,7485.3,7484.1,7484.9,88
1784803080,7484.8,7486,7484.6,7485.3,96
1784803140,7485.1,7485.3,7484.3,7485,84
1784803200,7485.3,7485.8,7484.5,7485.8,78
1784803260,7486,7487.5,7486,7486.5,98
1784803320,7486.8,7487.3,7486.1,7486.3,98
1784803380,7486,7486.5,7484,7484,88
1784803440,7483.9,7484.3,7483.3,7484.3,76
1784803500,7484.1,7485.3,7484,7484.1,88
1784803560,7484,7484.8,7483.8,7484.4,76
1784803620,7484.3,7485,7484,7484.6,82
1784803680,7484.5,7486,7484.5,7484.8,72
1784803740,7485,7485.8,7484.5,7485.4,62
1784803800,7485.5,7485.8,7483.8,7483.9,66
1784803860,7483.6,7484,7483.3,7484,80
1784803920,7484.1,7485,7483.8,7485,84
1784803980,7484.9,7485,7484,7484.3,76
1784804040,7484.4,7484.8,7484,7484,62
1784804100,7484.1,7485.5,7484,7484.3,76
1784804160,7484.4,7485,7483.8,7484,70
1784804220,7484.1,7485,7483.9,7483.9,74
1784804280,7483.8,7484.3,7483.3,7483.9,50
1784804340,7483.8,7484.1,7483.5,7484.1,72
1784804400,7484,7485.1,7482,7482.3,130
1784804460,7482.4,7482.6,7480.3,7480.3,116
1784804520,7480.4,7480.4,7477.5,7478.8,108
1784804580,7478.5,7479.5,7478.1,7479.3,94
1784804640,7479.1,7479.6,7478,7478.3,98
1784804700,7478.1,7478.4,7476,7476,110
1784804760,7475.8,7476.5,7475.5,7476.5,114
1784804820,7476.6,7477,7475.8,7475.8,98
1784804880,7475.9,7476.8,7475,7476.5,108
1784804940,7476.3,7476.5,7474.6,7474.8,94
1784805000,7475,7475.3,7474.8,7475,74
1784805060,7474.9,7476.3,7474,7476,96
1784805120,7476.3,7477.3,7476.1,7476.5,76
1784805180,7476.4,7477.3,7475.8,7476.5,98
1784805240,7476.6,7477.8,7476.3,7477.6,76
1784805300,7477.5,7479.5,7477.4,7478,92
1784805360,7478.1,7478.4,7477.3,7478,96
1784805420,7477.9,7478,7476.1,7476.3,100
1784805480,7476.1,7476.8,7475.5,7476.3,74
1784805540,7476.4,7476.8,7475.8,7476,88
1784805600,7475.9,7476,7473,7473.8,90
1784805660,7474,7474,7472.8,7472.8,108
1784805720,7472.9,7473,7470.3,7470.3,86
1784805780,7470.5,7471.3,7469,7469,102
1784805840,7469.3,7470.3,7469.1,7469.9,78
1784805900,7469.8,7470.5,7469.8,7470.3,96
1784805960,7470.5,7471.8,7469.8,7470.6,88
1784806020,7470.5,7470.8,7469.3,7469.5,96
1784806080,7469.8,7470.1,7469.3,7469.4,80
1784806140,7469.5,7469.5,7467,7468.3,116
1784806200,7467.3,7469.4,7466.8,7468,148
1784806260,7468.1,7468.8,7467.5,7468.5,72
1784806320,7468.3,7469.3,7466.3,7466.4,100
1784806380,7466.3,7466.8,7463.5,7464,104
1784806440,7463.8,7465.5,7463.5,7465.3,108
1784806500,7465,7465,7456.5,7457.1,172
1784806560,7457,7458.3,7457,7457,134
1784806620,7456.8,7457.5,7456,7457.1,126
1784806680,7457.3,7457.5,7455,7455.8,132
1784806740,7455.5,7457.8,7454.8,7457.3,126
1784806800,7457,7457.3,7454.8,7456.3,130
1784806860,7456,7456.3,7453.8,7455.5,120
1784806920,7455.8,7458.8,7455.3,7458.3,110
1784806980,7458.1,7458.5,7455.8,7456,112
1784807040,7456.1,7456.8,7455,7456.5,96
1784807100,7456.3,7458.4,7456.3,7457.1,124
1784807160,7457,7457,7455,7455.5,98
1784807220,7455.8,7456.5,7454.4,7456.5,116
1784807280,7456.8,7458,7456.5,7457.6,118
1784807340,7457.5,7458.5,7457,7458.1,136
1784807400,7458,7460.8,7458,7459.5,134
1784807460,7459.8,7460,7458.5,7458.9,88
1784807520,7459,7465.9,7459,7461,138
1784807580,7460.9,7462.5,7460.9,7461.5,144
1784807640,7461.6,7463.3,7460.8,7461.9,122
1784807700,7461.8,7462.5,7461.5,7461.9,134
1784807760,7461.8,7462,7460.5,7461.3,108
1784807820,7461.4,7462,7460.3,7461.4,96
1784807880,7461.5,7462.9,7461.5,7462.8,122
1784807940,7463.3,7464.8,7463,7463.5,114
1784808000,7463.8,7463.8,7460.6,7461.3,124
1784808060,7461.5,7461.5,7461,7461.5,84
1784808120,7461.8,7463.6,7461.5,7462.3,90
1784808180,7462.6,7463.3,7462.3,7462.8,74
1784808240,7463.3,7465,7462.3,7462.3,112
1784808300,7462,7462.8,7459,7459.3,114
1784808360,7458.8,7460.3,7458.5,7459.3,104
1784808420,7459,7460.3,7458.8,7460.3,88
1784808480,7460,7460.1,7457.3,7457.8,92
1784808540,7458.1,7458.8,7458,7458.3,92
1784808600,7458.1,7459.5,7457.5,7459.5,84
1784808660,7459.6,7460.3,7457,7458.3,106
1784808720,7458,7458.6,7456,7456.5,90
1784808780,7456.6,7458.3,7456.5,7458.3,82
1784808840,7458.4,7458.4,7456.1,7456.1,48
1784808900,7456.3,7460.4,7455.9,7458.9,152
1784808960,7458.8,7459.8,7451,7454.5,146
1784809020,7454.4,7456.5,7454,7455.6,198
1784809080,7455.3,7456,7454.3,7454.5,136
1784809140,7454.8,7455.8,7451.8,7452.1,148
1784809200,7452,7452,7449.1,7449.6,134
1784809260,7449.8,7452.8,7448.8,7451.5,136
1784809320,7451.8,7452,7450.5,7451,128
1784809380,7450.8,7451,7448,7448.3,126
1784809440,7448.1,7448.3,7445.5,7446.8,110
1784809500,7446.6,7446.9,7445.3,7446.5,122
1784809560,7447,7447.3,7445,7445,112
1784809620,7445.1,7447.8,7445,7446.6,122
1784809680,7446.9,7447,7443.1,7444,126
1784809740,7444.1,7445.6,7443.6,7445.4,106
1784809800,7445.1,7445.9,7442.8,7444.4,160
1784809860,7444.3,7444.8,7441.4,7441.4,152
1784809920,7441.6,7443,7440.3,7441.9,148
1784809980,7442,7442.5,7439.5,7440,132
1784810040,7440.3,7441.6,7439.1,7441.5,160
1784810100,7441.4,7441.9,7440,7441.9,122
1784810160,7441.8,7441.9,7436.8,7436.8,146
1784810220,7436.3,7437.5,7435.4,7436,156
1784810280,7436.1,7439.3,7436,7438.3,136
1784810340,7438.1,7438.8,7436.1,7437.3,122
1784810400,7436.5,7436.5,7434,7435,152
1784810460,7434.8,7437,7434.1,7436.3,150
1784810520,7436,7436.1,7431,7431.5,128
1784810580,7431.8,7432.8,7430.5,7432,124
1784810640,7432.3,7434.5,7432.3,7434,129
1784810700,7434.3,7434.8,7431.5,7433.8,158
1784810760,7433.6,7435.3,7432,7435.3,154
1784810820,7435,7435,7429.3,7429.3,178
1784810880,7429.5,7430.3,7426,7426.8,140
1784810940,7426.3,7432,7426.3,7431.9,146
1784811000,7431.8,7433.3,7431,7432.8,146
1784811060,7432.5,7433.8,7431.8,7432.3,122
1784811120,7432.5,7433,7429.4,7431,140
1784811180,7431.1,7434.5,7431.1,7433,128
1784811240,7432.6,7432.9,7429.3,7430.8,138
1784811300,7431,7431.9,7429.3,7429.8,144
1784811360,7429.6,7432,7429.5,7431.8,116
1784811420,7431.5,7432.5,7431,7432.3,122
1784811480,7432,7432.8,7427.4,7427.9,158
1784811540,7427.8,7429.6,7427.5,7429.6,118
1784811600,7429.8,7430.3,7427.3,7430.1,158
1784811660,7430.3,7431.1,7428.8,7431,148
1784811720,7431.3,7431.3,7427.5,7428.3,146
1784811780,7428,7429.3,7426.8,7428.3,150
1784811840,7428.4,7429.3,7425.3,7426.4,142
1784811900,7426.3,7426.8,7423.8,7424.3,146
1784811960,7424,7424.1,7421,7421.3,152
1784812020,7421.1,7425.5,7421.1,7425.5,144
1784812080,7426.8,7427.8,7424,7424,146
1784812140,7423.5,7424,7421.3,7421.5,124
1784812200,7421.8,7421.8,7419.5,7421.3,136
1784812260,7421,7422.3,7418.8,7419,154
1784812320,7418.9,7423,7418,7422.5,130
1784812380,7422,7423,7420.3,7420.8,134
1784812440,7420.5,7422,7420,7422,102
1784812500,7421.8,7422.3,7420,7420.3,110
1784812560,7420.5,7421.3,7418.3,7419,114
1784812620,7419.3,7420.8,7417.5,7420.8,134
1784812680,7420.3,7421,7418.5,7420.8,114
1784812740,7420.9,7421,7418.3,7420.3,124
1784812800,7420.1,7420.5,7417,7417.5,106
1784812860,7417.3,7420,7417.3,7418.4,116
1784812920,7418.5,7419.3,7416.4,7417.5,126
1784812980,7417.4,7418,7415.3,7418,98
1784813040,7418.1,7418.3,7415,7415,118
1784813100,7417.5,7417.8,7415,7416.4,120
1784813160,7416.5,7416.5,7413.8,7416.3,122
1784813220,7416.5,7416.8,7413.8,7413.8,122
1784813280,7414,7417.1,7413.5,7417.1,168
1784813340,7417.5,7417.8,7416.1,7417.1,170
1784813400,7415.9,7418.1,7408.9,7414.4,242
1784813460,7414.9,7421.9,7412.9,7421.9,226
1784813520,7422.1,7428.6,7421.9,7427.9,184
1784813580,7428,7432.1,7425.9,7431.6,186
1784813640,7431.9,7437.9,7431.9,7437.5,178
1784813700,7437.1,7440.1,7434.9,7436.6,204
1784813760,7435.9,7437.1,7432.6,7437.1,198
1784813820,7437.4,7441.1,7436.6,7440.4,158
1784813880,7440.1,7442.9,7436.1,7438.5,182
1784813940,7438.9,7440.6,7435.9,7438.4,172
1784814000,7438.9,7441.6,7438.9,7439.4,176
1784814060,7439.5,7442.6,7438.6,7442.6,172
1784814120,7441.9,7447.1,7441.4,7446.5,174
1784814180,7446.9,7449.9,7446.4,7448.1,146
1784814240,7448.4,7448.4,7442.6,7442.6,180
1784814300,7442.5,7444.1,7437.1,7442.4,180
1784814360,7440.1,7441.4,7436.9,7439.9,204
1784814420,7440.1,7440.1,7436.4,7436.6,182
1784814480,7436.9,7437.5,7432.1,7432.6,200
1784814540,7432.1,7433.6,7426.1,7427.9,200
1784814600,7427.6,7429.4,7425.6,7428.6,190
1784814660,7427.9,7428.6,7422.6,7422.9,218
1784814720,7423.4,7425.4,7421.4,7425.1,206
1784814780,7425,7427.4,7423.5,7426.4,218
1784814840,7426.6,7433.6,7425.9,7433.4,190
1784814900,7433.6,7436.6,7431.4,7431.4,198
1784814960,7431.6,7431.6,7424.6,7424.6,186
1784815020,7424.9,7424.9,7419.9,7422,194
1784815080,7421.6,7422.4,7416.9,7421.9,178
1784815140,7421.6,7423.1,7419.6,7419.6,200
1784815200,7421.4,7430.1,7420.6,7426.9,226
1784815260,7426.6,7427.2,7421.1,7421.4,210
1784815320,7421.6,7424.9,7421.1,7422.1,234
1784815380,7422.9,7425.6,7422.6,7424.1,240
1784815440,7423.9,7429.1,7423.9,7427.2,206
1784815500,7427.6,7430.9,7424.6,7430.9,228
1784815560,7431.1,7433.2,7429.6,7430.1,200
1784815620,7429.9,7431.9,7427.9,7428.9,216
1784815680,7429.1,7431.6,7416.9,7417.6,214
1784815740,7418.6,7419.1,7412.6,7417.4,204
1784815800,7418.4,7424.2,7418.4,7420.1,242
1784815860,7419.9,7423.9,7416.1,7423.4,210
1784815920,7423.1,7426.9,7421.9,7426.9,220
1784815980,7427.4,7429.4,7424.7,7424.7,214
1784816040,7425.1,7426.7,7418.9,7420.6,248
1784816100,7420.4,7423.9,7418.5,7419.9,224
1784816160,7420,7424.7,7419.1,7424.1,228
1784816220,7423.9,7426.1,7422,7425.9,242
1784816280,7425.4,7427.5,7423.9,7424.1,228
1784816340,7423.5,7424.1,7418.1,7418.7,208
1784816400,7418.9,7422.4,7417.6,7419,210
1784816460,7419.1,7425.6,7418.5,7425.2,236
1784816520,7424.9,7428.1,7422.9,7426.4,220
1784816580,7425.9,7427.4,7421.6,7421.9,208
1784816640,7422.1,7422.6,7416.1,7417.9,218
1784816700,7417.6,7421.6,7416.1,7420.4,196
1784816760,7420.1,7420.1,7414.1,7416.4,174
1784816820,7416.9,7417.4,7413.9,7415.9,188
1784816880,7416.1,7419.9,7415.6,7416.1,200
1784816940,7415.9,7423.2,7415.9,7421.9,172
1784817000,7420.9,7423.4,7417.9,7419.9,224
1784817060,7419.6,7423.6,7417.6,7417.7,202
1784817120,7418.1,7418.7,7413.6,7414.6,184
1784817180,7414.1,7415.4,7410.4,7411.6,208
1784817240,7411.4,7415.1,7411,7413.6,180
1784817300,7413.4,7414.6,7409.9,7410.6,184
1784817360,7410.4,7413,7409.9,7412.6,194
1784817420,7413.1,7426.4,7413.1,7426.2,224
1784817480,7426.9,7426.9,7420.6,7423.1,220
1784817540,7423.9,7429.1,7423.1,7427.7,220
1784817600,7427.6,7430.1,7423.6,7423.6,186
1784817660,7423.9,7424.9,7416.9,7418.6,232
1784817720,7418.5,7420.4,7413.1,7415.9,194
1784817780,7415.7,7416.6,7410.6,7412.4,210
1784817840,7412.2,7414.4,7410.4,7412.6,192
1784817900,7412.4,7414.9,7410.9,7410.9,196
1784817960,7411.1,7415.6,7410.6,7414.6,188
1784818020,7414.9,7418.6,7414.9,7415.6,184
1784818080,7415.1,7415.6,7412.4,7413.4,174
1784818140,7413.6,7414.1,7410.6,7412.1,174
1784818200,7411.6,7414.6,7408.4,7409.1,178
1784818260,7408.6,7408.7,7404.1,7404.4,150
1784818320,7404.1,7408.1,7404.1,7407.6,168
1784818380,7407.1,7407.1,7404.1,7405.4,168
1784818440,7405.1,7406.6,7404.1,7405.4,142
1784818500,7405.6,7407.4,7404.9,7404.9,162
1784818560,7405.1,7408.1,7405.1,7408.1,180
1784818620,7408,7409.6,7407.4,7408.9,172
1784818680,7409,7409,7405.4,7405.9,162
1784818740,7406.1,7409.1,7405.4,7407.4,172
1784818800,7407.6,7408.6,7405.9,7406.6,170
1784818860,7406.4,7406.9,7401.4,7403.1,182
1784818920,7402.6,7404.4,7401.1,7401.1,144
1784818980,7401.4,7403.9,7400.4,7401.5,166
1784819040,7401.1,7401.1,7398.9,7400.6,132
1784819100,7400.4,7400.9,7396.9,7396.9,130
1784819160,7396.6,7396.6,7393.1,7393.9,172
1784819220,7393.6,7398.6,7393.6,7397.2,170
1784819280,7396.9,7398.1,7395.9,7397.1,160
1784819340,7396.9,7399.1,7394.9,7395.4,156
1784819400,7395.1,7397.9,7393.6,7395.9,168
1784819460,7396.1,7396.1,7392.1,7392.1,144
1784819520,7392.4,7392.9,7388.9,7390.1,140
1784819580,7389.6,7392.4,7389.4,7392.1,170
1784819640,7391.9,7392.4,7388.1,7390.2,154
1784819700,7389.9,7394.6,7389.9,7392.4,176
1784819760,7392.9,7393.4,7390.2,7392.6,168
1784819820,7392.4,7395.9,7392.1,7394.6,170
1784819880,7394.9,7395.9,7393.4,7393.9,154
1784819940,7394.4,7396.6,7393.2,7395.9,144
1784820000,7396.1,7400.6,7396.1,7398.9,156
1784820060,7399.1,7399.6,7392.9,7393.1,128
1784820120,7393.4,7395.6,7384.1,7386.9,184
1784820180,7387.1,7391.1,7387.1,7388.7,178
1784820240,7388.6,7391.6,7388.4,7390.9,172
1784820300,7390.4,7391.1,7385.9,7386.9,168
1784820360,7387.1,7387.1,7384.1,7385.6,160
1784820420,7385.1,7385.9,7383.9,7384.5,154
1784820480,7384.9,7387.1,7382.1,7382.1,154
1784820540,7382.4,7384.1,7381.9,7382.9,162
1784820600,7382.6,7383.9,7378.1,7378.1,166
1784820660,7378.2,7381.9,7375.6,7380.6,158
1784820720,7380.9,7384.1,7380.9,7383.4,166
1784820780,7383.9,7387.1,7382.4,7385.1,166
1784820840,7385.4,7387.9,7384.4,7387.7,170
1784820900,7387.9,7391.6,7387.9,7389.6,154
1784820960,7389.9,7391.1,7387.5,7391.1,174
1784821020,7391.4,7395.9,7389.1,7392.9,200
1784821080,7392.6,7397.6,7392.6,7397.4,148
1784821140,7397.6,7398.4,7394.6,7397.4,154
1784821200,7398,7400.6,7397.6,7397.6,170
1784821260,7397.1,7398.9,7394.6,7398.4,166
1784821320,7398.6,7399.7,7392.9,7393.6,154
1784821380,7393.2,7394.4,7391.4,7391.4,132
1784821440,7391.1,7393.4,7390.4,7390.4,126
1784821500,7390.5,7392.9,7387.6,7391.6,146
1784821560,7391.4,7392.6,7388.5,7389.7,168
1784821620,7389.6,7391.1,7388.9,7389.6,140
1784821680,7389.7,7391.9,7389.1,7390.1,146
1784821740,7390.4,7393.6,7389.6,7393,156
1784821800,7392.6,7394.1,7389.7,7393.4,138
1784821860,7393.6,7393.9,7390.6,7391.1,126
1784821920,7391.2,7394.4,7391.1,7392.9,150
1784821980,7392.6,7393.6,7391.6,7392.6,166
1784822040,7392.9,7397.1,7392.9,7397.1,146
1784822100,7397.5,7398.4,7396.6,7397.4,118
1784822160,7397.1,7399.6,7395.9,7397.6,138
1784822220,7397.9,7398.4,7394.9,7398.4,108
1784822280,7398.1,7401.4,7397.9,7400.9,102
1784822340,7401.1,7402.9,7401.1,7402.4,110
1784822400,7402.9,7403.1,7399.9,7403.1,170
1784822460,7402.9,7402.9,7399.1,7402.2,116
1784822520,7402.4,7405.9,7401.6,7405.9,118
1784822580,7405.6,7406.9,7403.9,7405.1,136
1784822640,7405.4,7405.4,7402.9,7404.1,116
1784822700,7403.9,7404.9,7399.6,7399.7,148
1784822760,7399.1,7403.6,7399.1,7401.4,152
1784822820,7401.1,7402.9,7400.9,7402.1,138
1784822880,7402,7407.4,7402,7407.1,154
1784822940,7406.9,7408.4,7405.9,7408.4,122
1784823000,7408.1,7409.6,7408.1,7409.4,110
1784823060,7409.6,7410.9,7408.1,7410.4,118
1784823120,7410.2,7412.1,7408.9,7408.9,126
1784823180,7409.1,7411.2,7408.6,7408.6,128
1784823240,7408.4,7411.1,7408.4,7409.9,120
1784823300,7410.1,7411.4,7409.1,7411.1,114
1784823360,7411,7411.1,7408.6,7409.9,116
1784823420,7410.1,7412.1,7410.1,7411.9,122
1784823480,7411.7,7411.9,7410.1,7410.4,110
1784823540,7410.1,7410.1,7405.9,7409.4,128
1784823600,7409.9,7413.4,7409.4,7413.1,104
1784823660,7412.6,7415.1,7412.4,7414.4,100
1784823720,7414.1,7416.9,7413.1,7416.4,122
1784823780,7416.6,7420.6,7415.9,7419.4,96
1784823840,7420.1,7420.4,7418.1,7418.9,112
1784823900,7418.6,7419.4,7417.6,7418.2,130
1784823960,7418.4,7418.4,7415.6,7415.6,98
1784824020,7415.9,7418.6,7415.4,7418.4,118
1784824080,7418.1,7418.6,7417.1,7418.2,100
1784824140,7418.4,7420.1,7417.1,7418.6,110
1784824200,7418.4,7418.6,7415.6,7417.6,142
1784824260,7417.9,7418.6,7416.9,7417.4,110
1784824320,7417.1,7417.6,7415.6,7417,128
1784824380,7416.9,7418.4,7416.1,7416.6,120
1784824440,7416.9,7417.6,7414.7,7415.1,114
1784824500,7415.4,7417.9,7413.6,7417.1,120
1784824560,7417.4,7417.9,7415.6,7417.4,102
1784824620,7417.1,7417.4,7415.1,7416.6,118
1784824680,7416.4,7419.6,7415.1,7419.6,120
1784824740,7420.1,7421.1,7419.4,7420.9,120
1784824800,7421.1,7421.1,7417.1,7418.1,122
1784824860,7417.6,7418.1,7415.4,7415.9,102
1784824920,7415.6,7415.6,7413.6,7414.9,138
1784824980,7415.1,7415.9,7414.4,7415.2,106
1784825040,7415.4,7415.6,7413.6,7413.6,110
1784825100,7413.4,7413.4,7407.6,7407.6,146
1784825160,7408,7409.1,7407.4,7407.6,116
1784825220,7408.4,7409.1,7406.6,7407.9,126
1784825280,7408.1,7408.4,7404.9,7405.7,126
1784825340,7405.6,7406.9,7404.1,7404.1,124
1784825400,7403.9,7404.9,7401.9,7403.4,138
1784825460,7403.1,7405.4,7402.6,7403.4,124
1784825520,7403.9,7407.4,7403.4,7404.1,132
1784825580,7403.9,7404.1,7401.6,7402.6,92
1784825640,7402.5,7404.6,7402.4,7404.1,124
1784825700,7403.9,7408.1,7403.9,7406.4,154
1784825760,7406.6,7407.9,7405.1,7407.9,152
1784825820,7407.6,7408.1,7405.6,7406.4,132
1784825880,7406.1,7407.1,7405.1,7405.7,94
1784825940,7405.6,7411.1,7405.6,7410.6,118
1784826000,7410.9,7413.4,7407.4,7412.7,144
1784826060,7412.4,7412.9,7410.4,7412.1,122
1784826120,7411.7,7412.1,7408.2,7411.9,132
1784826180,7411.6,7412.4,7410.1,7411.4,150
1784826240,7411.1,7411.4,7406.1,7406.4,140
1784826300,7406.1,7406.1,7401.9,7404.2,148
1784826360,7403.9,7405.9,7402.6,7403.1,150
1784826420,7402.9,7406.4,7402.6,7404.4,162
1784826480,7404.6,7408.1,7403.4,7405.4,134
1784826540,7405.1,7409,7403.6,7408.9,118
1784826600,7408.4,7412.1,7408.1,7410.1,146
1784826660,7410.4,7410.4,7408.1,7409.7,144
1784826720,7409.9,7412.1,7409.6,7411.6,148
1784826780,7411.9,7412.4,7409.2,7409.9,128
1784826840,7410.1,7410.6,7408.4,7409.6,108
1784826900,7409.9,7410.6,7408.4,7410.1,150
1784826960,7410.4,7413.1,7409.9,7411.6,162
1784827020,7411.9,7412.9,7406.6,7406.6,144
1784827080,7406.7,7409.2,7405.6,7407.4,116
1784827140,7407.6,7409.1,7406.6,7409.1,128
1784827200,7409.4,7413.4,7409.4,7411.6,146
1784827260,7411.7,7412.5,7409.6,7409.6,138
1784827320,7409.7,7410.9,7408,7409.1,138
1784827380,7409,7412.9,7408.4,7412.9,134
1784827440,7413.1,7414.1,7411.6,7413.6,86
1784827500,7413.9,7415.1,7412.9,7414.9,104
1784827560,7415.1,7415.6,7413.6,7415.1,132
1784827620,7414.9,7414.9,7411.6,7412.7,124
1784827680,7413.1,7413.6,7412.4,7413.4,102
1784827740,7413.6,7413.6,7411.4,7411.4,128
1784827800,7410.6,7411.9,7408.9,7410.6,154
1784827860,7410.4,7410.9,7405.6,7406.4,120
1784827920,7405.9,7406.6,7404.6,7405.1,132
1784827980,7405.4,7407.1,7404.4,7405.4,154
1784828040,7405.1,7406.9,7404.4,7404.6,118
1784828100,7404.4,7405.1,7400.1,7400.4,166
1784828160,7400.1,7401.4,7398.9,7399.4,140
1784828220,7399.6,7400.4,7398.6,7400.1,131
1784828280,7400.6,7402.6,7399.9,7400.5,160
1784828340,7400.4,7402.4,7400.1,7400.2,122
1784828400,7400.1,7401.6,7397.1,7397.9,144
1784828460,7397.6,7399.6,7396.9,7399.4,142
1784828520,7399.6,7400.4,7398.4,7399.6,138
1784828580,7399.4,7402.1,7399.4,7401.6,140
1784828640,7401.9,7402.9,7400.1,7401.4,114
1784828700,7400.6,7405.9,7399.1,7405.4,152
1784828760,7405.2,7406.6,7403.4,7405.4,140
1784828820,7405.6,7406.9,7404.6,7405.6,132
1784828880,7405.4,7406.6,7403.6,7405.6,144
1784828940,7405.9,7407.1,7405.6,7405.9,132
1784829000,7405.6,7406.4,7403.6,7405.6,134
1784829060,7405.4,7406.1,7403.1,7403.6,110
1784829120,7404,7406.6,7403.6,7405.1,92
1784829180,7404.9,7405.4,7402.6,7403.1,116
1784829240,7403.2,7403.6,7401.4,7401.4,114
1784829300,7401.1,7401.1,7398.6,7399.9,106
1784829360,7399.6,7400,7396.9,7397.9,126
1784829420,7397.6,7398.4,7395.9,7396.1,122
1784829480,7395.9,7396.9,7395.4,7396.6,112
1784829540,7396.4,7396.9,7395.4,7395.6,104
1784829600,7395.4,7397.1,7394.4,7395.6,154
1784829660,7395.9,7395.9,7392.9,7394.6,134
1784829720,7394.4,7395.4,7393.6,7395.4,110
1784829780,7395.6,7396.9,7395.1,7396.6,134
1784829840,7396.4,7396.9,7393.4,7393.9,128
1784829900,7393.6,7394.4,7392.9,7393.9,116
1784829960,7393.7,7395.6,7393.1,7394.9,140
1784830020,7395.1,7395.1,7392.1,7392.6,110
1784830080,7392.4,7394.6,7392.4,7393.6,132
1784830140,7393.9,7394.4,7392.9,7392.9,88
1784830200,7393.1,7394.9,7392.9,7394.4,120
1784830260,7394.1,7395.4,7393.1,7394.9,118
1784830320,7395.1,7397.9,7394.9,7396.9,94
1784830380,7397.1,7397.4,7395.6,7396.4,108
1784830440,7396.9,7397.1,7393.6,7393.6,110
1784830500,7393.9,7396.4,7393.5,7395.9,132
1784830560,7396.1,7397.6,7394.9,7395.9,136
1784830620,7396.1,7396.6,7392.9,7393.1,122
1784830680,7393,7395.2,7392.9,7393.1,114
1784830740,7393.4,7394.4,7392.4,7394.4,96
1784830800,7394.1,7395.1,7393.9,7394.4,132
1784830860,7394.1,7396.9,7393.6,7396.6,120
1784830920,7396.9,7396.9,7395.1,7396.1,98
1784830980,7395.4,7396.9,7394.9,7396.9,128
1784831040,7396.7,7398.6,7396.7,7398.5,116
1784831100,7398.4,7398.9,7395.6,7396.6,134
1784831160,7396.9,7397.4,7395.1,7395.1,130
1784831220,7395.2,7396.9,7394.6,7394.6,126
1784831280,7394.9,7397.9,7394.9,7397.1,142
1784831340,7397.4,7398.9,7396.9,7398.6,92
1784831400,7398.4,7400.2,7397.6,7399.1,138
1784831460,7399.4,7400.6,7398.9,7399.9,112
1784831520,7400,7400.4,7397.9,7399,112
1784831580,7398.9,7399.4,7397.9,7399.4,120
1784831640,7399.5,7401,7399.5,7400.4,90
1784831700,7400.9,7401.4,7397.6,7397.6,120
1784831760,7397.4,7398.1,7394.9,7394.9,98
1784831820,7395,7395.4,7392.9,7394.6,92
1784831880,7394.4,7394.7,7392.9,7393.6,88
1784831940,7393.4,7394.6,7393.1,7393.9,70
1784832000,7393.4,7394.6,7392.7,7394.6,102
1784832060,7394.4,7394.4,7391.1,7391.9,98
1784832120,7391.6,7392.9,7390.6,7392.4,90
1784832180,7392.6,7393.1,7391.6,7392.9,92
1784832240,7392.6,7393.4,7392.1,7392.7,82
1784832300,7392.9,7396.1,7392.9,7395.4,120
1784832360,7395.6,7396.6,7395.4,7396.4,82
1784832420,7396.5,7398.1,7396.4,7398.1,110
1784832480,7398.4,7399.1,7397.1,7398.4,82
1784832540,7398.6,7399.1,7396.6,7397.9,102
1784832600,7397.6,7398.1,7395.9,7396.6,128
1784832660,7396.5,7397.9,7396.1,7396.6,86
1784832720,7396.9,7397.4,7395.4,7396.4,104
1784832780,7395.9,7397.4,7395.4,7395.9,114
1784832840,7395.6,7395.9,7391.4,7391.6,90
1784832900,7391.4,7392.9,7391.1,7392.6,102
1784832960,7392.9,7392.9,7391.1,7392.6,100
1784833020,7392.7,7392.9,7391.7,7391.9,74
1784833080,7392.1,7392.9,7390.9,7392.9,94
1784833140,7392.6,7395.1,7392.4,7394.9,120
1784833200,7395.1,7398.4,7395,7397.4,134
1784833260,7397.1,7397.1,7395.6,7395.9,118
1784833320,7395.6,7397.4,7395.6,7396.9,86
1784833380,7396.6,7396.6,7392.9,7392.9,108
1784833440,7392.4,7393.9,7392.4,7392.6,96
1784833500,7392.4,7393.6,7391.6,7393.6,78
1784833560,7393.4,7393.9,7392.6,7393.6,66
1784833620,7393.4,7393.9,7392.6,7392.6,62
1784833680,7392.4,7394.4,7392.4,7394.4,82
1784833740,7394.1,7394.4,7391.9,7391.9,82
1784833800,7391.6,7391.6,7389.9,7390.1,90
1784833860,7389.9,7391.9,7389.6,7391.6,100
1784833920,7391.9,7393.4,7391.9,7392.1,90
1784833980,7391.9,7392.6,7391.1,7391.6,66
1784834040,7391.4,7392.1,7390.9,7390.9,78
1784834100,7391.1,7393.6,7390.9,7392.6,86
1784834160,7392.4,7394.4,7392.1,7393.9,92
1784834220,7393.6,7396.4,7393.4,7394.9,96
1784834280,7394.6,7395.1,7392.9,7393.9,102
1784834340,7394.1,7395.1,7393.6,7394.6,94
1784834400,7394.4,7398.1,7394.4,7397.6,114
1784834460,7397.4,7400.1,7397.4,7399.4,108
1784834520,7399.6,7400.9,7397.7,7398.1,112
1784834580,7398.4,7400.1,7398.1,7399.6,98
1784834640,7399.9,7401.4,7399.4,7401.4,76
1784834700,7401.9,7404.4,7401.9,7403.1,146
1784834760,7402.9,7403.5,7401.6,7402.5,124
1784834820,7402.4,7403.9,7401.6,7402.6,100
1784834880,7402.4,7403.6,7399.4,7399.6,126
1784834940,7399.4,7400.1,7398.4,7399.9,100
1784835000,7400.1,7402.4,7398.9,7401.1,142
1784835060,7400.9,7400.9,7395,7395.1,142
1784835120,7395.6,7396.9,7395.1,7395.1,90
1784835180,7394.6,7395.9,7392.1,7394.6,116
1784835240,7394.7,7398.1,7394.7,7396.6,100
1784835300,7396.7,7397.4,7395.4,7395.4,92
1784835360,7395.2,7395.9,7393.6,7395.6,112
1784835420,7395.5,7397.1,7395.1,7396,94
1784835480,7395.9,7396.6,7393.6,7393.9,90
1784835540,7394.1,7395.6,7393.9,7394.1,78
1784835600,7394.4,7395.1,7393.4,7393.6,104
1784835660,7393.4,7393.6,7391.6,7393.1,96
1784835720,7392.9,7393.1,7389.4,7389.4,116
1784835780,7389.6,7389.9,7388,7389.9,106
1784835840,7389.6,7389.9,7387.9,7387.9,94
1784835900,7388.1,7389.1,7387.1,7387.7,118
1784835960,7387.9,7388.1,7385.1,7385.2,114
1784836020,7385.4,7388.2,7383.9,7386.6,134
1784836080,7386.9,7387.4,7384.9,7385.1,120
1784836140,7385.4,7385.4,7382.5,7384.6,112
1784836200,7384.9,7394,7384.9,7392.6,204
1784836260,7392.9,7393.6,7389.6,7393.4,156
1784836320,7393.6,7394.1,7389.6,7391.4,126
1784836380,7391.1,7391.1,7387.6,7388.9,116
1784836440,7387.9,7392.6,7387.9,7392.6,130
1784836500,7395.6,7401.1,7395.4,7401.1,178
1784836560,7400.6,7402.1,7399.9,7401.9,134
1784836620,7401.4,7406.4,7401.4,7406.4,130
1784836680,7406.1,7410.9,7406.1,7410.1,150
1784836740,7410.4,7411.4,7405.9,7405.9,204
1784836800,7408.3,7415.3,7407.8,7414.6,246
1784836860,7414,7415.9,7412.3,7414.9,216
1784836920,7415,7416.9,7413.3,7416.3,194
1784836980,7416.5,7419.6,7416.5,7418.5,176
1784837040,7418.8,7419.4,7416,7416.3,156
1784837100,7416.5,7416.8,7414.5,7414.6,164
1784837160,7414.8,7416,7414.5,7416,150
1784837220,7416.1,7416.1,7413.8,7414.6,126
1784837280,7414.8,7415.5,7414.5,7414.5,102
1784837340,7414.6,7415.3,7413.5,7414.4,120
1784837400,7414.8,7417.1,7414.3,7414.5,130
1784837460,7414.3,7416.9,7414.3,7416.9,114
1784837520,7416.8,7418.5,7416.4,7416.5,118
1784837580,7416.4,7418.8,7415.5,7418.3,100
1784837640,7418.5,7418.8,7416.5,7416.8,112
1784837700,7416.9,7418.3,7416.4,7418,98
1784837760,7417.8,7420.5,7417.8,7418.8,118
1784837820,7418.9,7419.8,7418.5,7418.9,70
1784837880,7419,7419.8,7418.5,7418.6,92
1784837940,7418.4,7419,7418,7419,116
1784838000,7418.8,7420,7417.8,7418.1,88
1784838060,7418,7418.5,7417.4,7418.3,74
1784838120,7418,7420,7418,7419.8,80
1784838180,7420,7420,7418.6,7419.5,64
1784838240,7419.3,7421.1,7419.3,7421.1,86
1784838300,7421,7421.5,7420.8,7420.8,58
1784838360,7421,7421,7418.2,7418.3,102
1784838420,7418.2,7419,7417.6,7418.7,86
1784838480,7418.8,7419,7418.1,7418.7,110
1784838540,7418.6,7418.6,7417.5,7418.1,74
1784838600,7418.2,7418.3,7417,7417.2,108
1784838660,7417.3,7418.8,7417.3,7418.5,62
1784838720,7418.7,7421,7418.7,7421,76
1784838780,7420.8,7421,7418.5,7419.5,98
1784838840,7419.2,7419.7,7419.1,7419.3,94
1784838900,7419.5,7420.3,7418.6,7418.7,80
1784838960,7419,7419.5,7418.7,7418.7,62
1784839020,7419,7420.7,7419,7420.5,32
1784839080,7420.6,7420.7,7419.7,7419.7,50
1784839140,7420,7420,7419.5,7419.5,34
1784839200,7419.3,7419.3,7417.7,7417.7,48
1784839260,7417.5,7418,7417.5,7417.5,30
1784839320,7417.3,7417.5,7416.2,7416.2,40
1784839380,7416.5,7417,7416,7416,48
1784839440,7415.7,7416.2,7415.5,7416.2,46
1784839500,7416,7416.5,7416,7416,30
1784839560,7415.7,7416,7415.2,7415.5,38
1784839620,7415.3,7416,7415.2,7415.7,46
1784839680,7415.6,7415.7,7415.2,7415.6,58
1784839740,7415.7,7416.6,7415.5,7415.7,60
1784839800,7415.6,7416.2,7415.2,7416,54
1784839860,7416.2,7416.2,7415.5,7415.5,38
1784839920,7415.6,7416.2,7415.5,7415.5,32
1784839980,7415.3,7416.5,7415.2,7416.5,40
1784840040,7416.7,7417.2,7416.5,7416.8,42
1784840100,7417,7417.5,7416.7,7417,40
1784840160,7416.7,7417.5,7416.3,7417,46
1784840220,7416.7,7417.2,7416.2,7416.7,40
1784840280,7416.8,7418.8,7416.8,7417.5,66
1784844000,7412.5,7412.8,7411.2,7412.1,106
1784844060,7412,7412.5,7409.1,7409.7,120
1784844120,7409.6,7411.5,7409.2,7410.6,142
1784844180,7410.5,7412.1,7410.3,7410.8,112
1784844240,7411.1,7411.1,7409.3,7409.3,98
1784844300,7409.2,7410.3,7409,7410,116
1784844360,7409.8,7411,7409.7,7410.5,84
1784844420,7410.6,7410.6,7410,7410.3,26
1784844480,7410.5,7410.7,7409,7409,80
1784844540,7408.8,7410.2,7408.8,7410.1,70
1784844600,7410,7410,7407.7,7408,88
1784844660,7407.7,7408.3,7407.2,7407.5,82
1784844720,7407.3,7407.8,7406.7,7406.8,94
1784844780,7407,7407,7406.2,7406.7,66
1784844840,7406.6,7408,7406.3,7408,56
1784844900,7407.8,7408.6,7407.6,7408,64
1784844960,7408.2,7408.7,7407.6,7407.8,40
1784845020,7407.7,7408,7407.3,7407.5,60
1784845080,7407.6,7407.8,7407,7407.1,54
1784845140,7407.2,7407.5,7406.5,7407,70
1784845200,7406.8,7408,7406.8,7407.3,52
1784845260,7407.6,7409.5,7407.6,7409.3,82
1784845320,7409.5,7410.2,7409,7410.2,66
1784845380,7410.5,7412,7410.5,7411.6,78
1784845440,7411.7,7412.8,7411.6,7412,72
1784845500,7412.2,7412.2,7411,7411.1,82
1784845560,7411,7411,7409.8,7410.1,92
1784845620,7410,7411.2,7409.5,7411.2,76
1784845680,7411.5,7411.8,7411,7411.3,68
1784845740,7411.2,7411.2,7409.7,7409.8,60
1784845800,7410,7412.7,7410,7412.7,80
1784845860,7412.5,7413.1,7412,7412.7,76
1784845920,7412.5,7412.8,7412,7412.7,58
1784845980,7412.6,7412.8,7411.6,7411.8,48
1784846040,7412,7412.1,7411.2,7411.3,40
1784846100,7411.2,7412.2,7410.8,7411.2,46
1784846160,7411,7411,7410.6,7411,30
1784846220,7410.8,7411,7409.5,7409.8,54
1784846280,7410,7411.6,7410,7411.3,32
1784846340,7411.2,7412.2,7410.5,7410.5,66
1784846400,7410.2,7411.2,7409.6,7409.6,52
1784846460,7409.5,7410.5,7409.5,7410.3,84
1784846520,7410.5,7411,7409.8,7411,42
1784846580,7411.1,7411.7,7411,7411.5,54
1784846640,7411.6,7412,7411.5,7411.6,48
1784846700,7411.7,7411.8,7411.5,7411.7,24
1784846760,7412.2,7414.2,7412.2,7412.7,92
1784846820,7412.5,7413.2,7412.3,7413.1,42
1784846880,7413,7414,7412.6,7413.5,64
1784846940,7413.2,7413.2,7412.6,7412.8,34
1784847000,7412.7,7413.2,7412.3,7413,54
1784847060,7413.2,7413.8,7413.1,7413.8,52
1784847120,7413.7,7413.8,7413.3,7413.3,50
1784847180,7413.5,7413.7,7413.2,7413.2,22
1784847240,7413.3,7414.1,7413.2,7413.8,58
1784847300,7414,7415.7,7414,7415.3,66
1784847360,7415.2,7415.6,7415.1,7415.3,38
1784847420,7415.2,7415.5,7414.8,7415.5,58
1784847480,7415.6,7416.5,7415.5,7416.3,68
1784847540,7416.2,7417,7416,7416.5,38
1784847600,7416.3,7417,7416,7416.6,78
1784847660,7416.7,7416.7,7415.5,7416,70
1784847720,7415.8,7416.2,7415.5,7416,44
1784847780,7415.8,7416,7413.5,7413.7,62
1784847840,7414,7414,7412.2,7412.5,80
1784847900,7412.7,7413.6,7412.5,7413,66
1784847960,7412.7,7412.8,7412.2,7412.5,72
1784848020,7412.2,7412.8,7412.1,7412.5,50
1784848080,7412.6,7412.8,7411.6,7412,86
1784848140,7411.8,7412.8,7411.8,7412.6,42
1784848200,7412.5,7412.7,7412.2,7412.5,38
1784848260,7412.3,7412.5,7412,7412.5,42
1784848320,7412.3,7412.3,7411,7411.8,58
1784848380,7411.7,7411.8,7411.5,7411.7,22
1784848440,7411.8,7412.5,7411.7,7412.5,46
1784848500,7412.3,7412.5,7412,7412.2,40
1784848560,7412.3,7413.5,7412.2,7412.3,40
1784848620,7412.5,7412.5,7411.7,7412.2,64
1784848680,7412,7412.1,7411.7,7411.8,30
1784848740,7412,7412.1,7411.3,7412.1,42
1784848800,7412,7412.5,7411.8,7412.1,36
1784848860,7412,7413.2,7411.6,7413,60
1784848920,7413.1,7413.3,7412.2,7412.5,46
1784848980,7412.6,7412.6,7412,7412.3,40
1784849040,7412.5,7413,7412.5,7412.5,30
1784849100,7412.6,7412.8,7412.2,7412.5,30
1784849160,7412.6,7412.8,7412.2,7412.3,44
1784849220,7412.2,7412.8,7412.1,7412.7,44
1784849280,7412.8,7413.3,7412.5,7413.2,34
1784849340,7413,7414.2,7412.7,7413.3,72
1784849400,7413.1,7413.6,7412.5,7412.7,56
1784849460,7412.5,7413,7411.2,7411.5,56
1784849520,7411.7,7412,7411.5,7411.7,54
1784849580,7411.6,7413,7411.5,7413,30
1784849640,7413.3,7413.3,7412.6,7413.1,30
1784849700,7413,7413.2,7412.5,7412.7,44
1784849760,7412.8,7413.2,7411.8,7411.8,22
1784849820,7412,7412.1,7411.5,7411.8,32
1784849880,7411.7,7412,7411.5,7411.5,12
1784849940,7411.2,7411.2,7410.2,7410.5,44
1784850000,7410.3,7410.5,7407.7,7408.5,98
1784850060,7408.6,7412,7408.5,7411.8,84
1784850120,7411.7,7413.2,7410.7,7412.1,114
1784850180,7412,7412.1,7410.8,7411.2,84
1784850240,7411.5,7412,7411.2,7412,64
1784850300,7412.2,7415.2,7411,7414.1,168
1784850360,7414,7414.5,7412.8,7413.1,172
1784850420,7413.2,7413.8,7411.5,7412.2,130
1784850480,7412,7413.5,7410.7,7413.2,118
1784850540,7413.3,7413.5,7411.5,7411.6,128
1784850600,7411.7,7412.7,7411,7411.3,138
1784850660,7411.5,7411.7,7410.1,7410.2,90
1784850720,7410.3,7410.8,7409.6,7410.2,96
1784850780,7410.3,7410.7,7409.2,7409.3,90
1784850840,7409.5,7410,7408.5,7409.1,106
1784850900,7409.2,7410.3,7409.2,7410.2,94
1784850960,7410.5,7411.1,7409.2,7410.2,110
1784851020,7410.1,7412,7410.1,7411.8,86
1784851080,7412,7413.7,7411.7,7413.3,124
1784851140,7413,7413.5,7411.2,7412.1,128
1784851200,7412.2,7414.3,7412.2,7413.7,224
1784851260,7413.6,7417.6,7413.5,7415.3,194
1784851320,7415.2,7418.3,7415.1,7415.8,176
1784851380,7415.2,7415.6,7414.1,7414.5,184
1784851440,7414.2,7415,7410.6,7410.8,184
1784851500,7410.7,7411.2,7408.5,7409.2,170
1784851560,7409.5,7413.6,7408,7412.3,182
1784851620,7412.2,7412.2,7409.1,7410.1,166
1784851680,7410.2,7410.6,7409,7410,136
1784851740,7410.1,7410.2,7408.3,7409.5,144
1784851800,7409.2,7411.2,7407.2,7408.5,158
1784851860,7408.3,7408.7,7406.7,7408,136
1784851920,7408.2,7410.5,7407.5,7410.3,140
1784851980,7410.7,7411.2,7408.5,7410.2,162
1784852040,7410.3,7410.7,7409.5,7410.3,142
1784852100,7410.5,7411.1,7407.7,7408.7,138
1784852160,7408.5,7411.6,7408,7411.6,166
1784852220,7411.7,7412,7409.7,7410.8,148
1784852280,7410.7,7413.7,7409.8,7412.7,188
1784852340,7412.8,7413.1,7410,7410.6,152
1784852400,7410.5,7412.3,7409.5,7412.2,138
1784852460,7412.1,7415.3,7411.8,7413.2,164
1784852520,7413.6,7415.2,7413.1,7415,176
1784852580,7414.8,7418.2,7413.8,7416.6,160
1784852640,7416.5,7417.1,7415.7,7416,156
1784852700,7415.8,7416.7,7414.7,7415.1,152
1784852760,7415,7416.2,7414.7,7415,154
1784852820,7414.7,7415.6,7414,7414.5,130
1784852880,7414.3,7414.5,7413,7413.2,130
1784852940,7413.3,7414,7412.7,7414,130
1784853000,7414.1,7414.2,7412,7412.2,138
1784853060,7412.1,7412.6,7410.5,7412.6,126
1784853120,7412.5,7412.5,7411.5,7411.5,128
1784853180,7411.6,7412.5,7410.7,7412.3,146
1784853240,7412.2,7412.5,7410.7,7411.3,110
1784853300,7411.2,7411.7,7410.1,7411.5,116
1784853360,7411.6,7414.1,7411.5,7412.6,136
1784853420,7412.7,7413.2,7412,7412.2,104
1784853480,7412.5,7413.2,7411.8,7413,110
1784853540,7413.1,7415.8,7413,7414.1,140
1784853600,7414.2,7416,7414.1,7415.7,110
1784853660,7415.8,7416.5,7414.6,7415,136
1784853720,7414.8,7418.8,7414.2,7418,130
1784853780,7417.8,7418.5,7416.6,7417.2,120
1784853840,7417.3,7418,7416.7,7417.5,120
1784853900,7417.3,7418.1,7416.5,7417.7,124
1784853960,7418,7419.3,7417.2,7418,150
1784854020,7417.8,7419.7,7417,7419.7,122
1784854080,7419.8,7420,7418.3,7418.5,128
1784854140,7418.2,7418.5,7417,7417.5,98
1784854200,7417.6,7418.1,7416.3,7418.1,136
1784854260,7418.2,7418.3,7416.5,7417.1,108
1784854320,7417,7417.2,7416.2,7416.5,128
1784854380,7416.3,7416.7,7414.5,7414.5,114
1784854440,7414.2,7414.2,7413,7413.2,96
1784854500,7413,7414,7411.7,7414,116
1784854560,7414.2,7415.3,7413,7415,116
1784854620,7414.8,7416.1,7414.7,7415.8,124
1784854680,7416,7417.5,7416,7416.3,126
1784854740,7416.2,7417.8,7415.7,7417.5,132
1784854800,7417.2,7419.1,7417.2,7418,176
1784854860,7418.2,7419.5,7418,7419.3,162
1784854920,7419.5,7419.7,7417.5,7417.5,124
1784854980,7417.3,7417.5,7415.7,7415.8,116
1784855040,7416,7419,7415.7,7418.7,128
1784855100,7418.8,7420,7418.7,7419.5,130
1784855160,7419.3,7419.6,7418,7418.3,168
1784855220,7418.2,7419,7418,7418.5,112
1784855280,7418.3,7420.3,7418.2,7420.1,136
1784855340,7420,7420.3,7418.5,7418.6,134
1784855400,7418.5,7419.2,7417.2,7417.5,102
1784855460,7417.6,7418.7,7417,7417.8,102
1784855520,7417.7,7418,7415.8,7417.7,136
1784855580,7417.8,7418.1,7417.5,7417.6,110
1784855640,7417.5,7417.7,7415.7,7416.2,92
1784855700,7416,7416.3,7415.3,7415.8,116
1784855760,7416.1,7418.6,7415.6,7416.5,154
1784855820,7416.2,7418.2,7416.1,7418,132
1784855880,7418.2,7418.2,7415,7415.7,116
1784855940,7415.6,7417.8,7415.6,7416.8,130
1784856000,7416.7,7417.5,7415.2,7416.8,132
1784856060,7417,7417.1,7415.5,7415.5,110
1784856120,7415.3,7416,7415.2,7415.7,112
1784856180,7415.6,7415.8,7414.2,7414.8,110
1784856240,7414.7,7416.2,7414.2,7416,142
1784856300,7415.8,7419.1,7415.8,7418.6,148
1784856360,7418.3,7420.2,7418.3,7419.5,114
1784856420,7419.3,7420.6,7418.8,7420,120
1784856480,7419.7,7419.7,7418,7418,104
1784856540,7418.1,7418.3,7416.2,7416.2,124
1784856600,7416.7,7417.8,7416,7417.5,160
1784856660,7417.3,7418.2,7415.5,7416.2,144
1784856720,7416.1,7416.5,7415.5,7416.2,96
1784856780,7416,7420,7416,7420,136
1784856840,7419.7,7421,7419.5,7420.3,132
1784856900,7420.5,7420.6,7419,7419.6,108
1784856960,7419.5,7420,7419,7419.5,128
1784857020,7419.3,7420.7,7419.1,7419.8,134
1784857080,7419.7,7421,7419.2,7420.6,126
1784857140,7420.7,7421,7417.7,7417.7,122
1784857200,7417.8,7419,7416.7,7417.7,124
1784857260,7417.5,7419.2,7417.2,7419.2,140
1784857320,7419.5,7421,7419.3,7420,126
1784857380,7420.5,7421.2,7420,7421,88
1784857440,7421.2,7422.2,7419.5,7420.1,118
1784857500,7420,7420,7419,7419.3,110
1784857560,7419.5,7419.8,7418.7,7419.2,134
1784857620,7419.3,7420.2,7419.1,7419.3,134
1784857680,7419.2,7419.5,7418.6,7418.7,102
1784857740,7418.6,7418.6,7416.8,7416.8,100
1784857800,7416.7,7416.7,7415,7415.5,92
1784857860,7415.3,7416.2,7415.1,7416,108
1784857920,7416.1,7416.1,7414.7,7415.5,104
1784857980,7415.6,7416.5,7415,7416.2,108
1784858040,7416.5,7417.6,7416,7417.1,110
1784858100,7417.2,7418.2,7416.5,7416.6,126
1784858160,7416.5,7416.6,7415,7415,114
1784858220,7414.8,7415.2,7414.7,7415,80
1784858280,7414.7,7414.7,7413.5,7414.3,92
1784858340,7414.2,7414.7,7413.7,7414.2,110
1784858400,7414,7414.7,7413.5,7413.6,146
1784858460,7413.7,7414,7412.7,7413.8,110
1784858520,7414,7414,7412.8,7413.8,70
1784858580,7413.7,7414.7,7413,7414.2,140
1784858640,7414.1,7414.5,7412.5,7412.7,114
1784858700,7412.6,7412.6,7411.6,7412.1,100
1784858760,7412.2,7413.1,7411.7,7412.3,112
1784858820,7412.2,7413.1,7411.7,7413,122
1784858880,7412.8,7413.5,7411.5,7412.2,92
1784858940,7412.5,7414.2,7411.8,7414.2,94
1784859000,7414.3,7415.5,7414.2,7414.5,110
1784859060,7414.2,7416.5,7413.7,7415.7,144
1784859120,7415.5,7416.2,7414.2,7415.2,126
1784859180,7415.1,7416,7414.5,7414.5,110
1784859240,7414.3,7415.2,7414.1,7414.6,116
1784859300,7414.7,7415.5,7413.6,7414.2,114
1784859360,7414.3,7414.5,7412.7,7413,86
1784859420,7413.2,7414.6,7413,7414,112
1784859480,7414.1,7414.2,7412.7,7413.3,100
1784859540,7413.2,7414,7413,7413.2,68
1784859600,7413,7413.1,7412.2,7412.6,130
1784859660,7412.7,7413.2,7411.7,7412,94
1784859720,7411.8,7412.3,7411.1,7411.5,102
1784859780,7411.6,7412.7,7411.5,7412.7,74
1784859840,7412.6,7414.5,7412.5,7414.1,98
1784859900,7414,7415.2,7413.7,7415,94
1784859960,7414.7,7415.7,7414.2,7415.7,90
1784860020,7415.5,7415.7,7414.5,7415.2,90
1784860080,7415.3,7415.7,7414,7414,112
1784860140,7413.7,7413.7,7412.7,7413.1,120
1784860200,7413.2,7413.2,7411.5,7412.6,150
1784860260,7412.5,7412.6,7411.7,7412.2,90
1784860320,7412.3,7412.3,7410,7410.1,100
1784860380,7410.2,7410.2,7408.7,7408.7,102
1784860440,7409,7409.5,7408.7,7409,102
1784860500,7408.8,7409.2,7408.2,7408.6,60
1784860560,7408.7,7408.7,7407,7407,82
1784860620,7406.7,7407.7,7406,7407.7,66
1784860680,7407.5,7407.7,7406.7,7406.7,80
1784860740,7406.5,7407,7406.2,7406.2,92
1784860800,7406.3,7407,7406,7406.5,92
1784860860,7406.2,7407.2,7406,7406.7,88
1784860920,7406.6,7406.7,7406.5,7406.5,84
1784860980,7406.6,7406.6,7406,7406.5,66
1784861040,7406.7,7406.7,7405.7,7405.7,84
1784861100,7405.5,7406.1,7405,7405.5,92
1784861160,7405.2,7406,7404.2,7404.2,94
1784861220,7404.5,7406,7404.2,7405.2,96
1784861280,7405,7405.2,7403.2,7404,112
1784861340,7404.1,7404.5,7403.7,7404,70
1784861400,7404.5,7405.2,7403.2,7404.5,94
1784861460,7404.7,7405.5,7404.5,7405.3,88
1784861520,7405.5,7405.5,7403.7,7404,120
1784861580,7404.1,7404.5,7403.5,7403.6,68
1784861640,7403.5,7403.7,7403.2,7403.2,52
1784861700,7403.5,7405.2,7403.2,7404.8,96
1784861760,7404.7,7405.5,7404.7,7404.7,96
1784861820,7404.8,7404.8,7404,7404,78
1784861880,7403.8,7404.5,7402.7,7403.6,62
1784861940,7403.7,7403.7,7402.5,7402.5,84
1784862000,7402.6,7404.5,7402.5,7404.2,68
1784862060,7404.5,7404.5,7402.5,7402.7,104
1784862120,7402.8,7403.5,7402.7,7403.5,104
1784862180,7403.7,7403.7,7402.2,7403.6,94
1784862240,7403.5,7405.2,7403.2,7404.7,90
1784862300,7404.5,7406,7404.5,7405.5,88
1784862360,7405.2,7405.5,7404.2,7404.8,100
1784862420,7405,7405.1,7403.6,7404.3,76
1784862480,7404.5,7404.6,7403.7,7403.8,58
1784862540,7403.7,7404,7402.6,7402.7,74
1784862600,7403,7404,7402.7,7403.7,82
1784862660,7403.5,7404.7,7402.5,7404.7,116
1784862720,7404.6,7405.7,7404.2,7405.6,102
1784862780,7405.5,7405.7,7404,7405,110
1784862840,7405.2,7405.7,7404.7,7404.7,94
1784862900,7404.8,7406.1,7404.6,7405.7,96
1784862960,7405.6,7406.7,7405.2,7406.5,120
1784863020,7406.6,7406.7,7405.8,7406.2,88
1784863080,7406.5,7406.8,7405.1,7405.1,94
1784863140,7405,7405.2,7404,7404,106
1784863200,7404.1,7404.2,7403.2,7403.7,86
1784863260,7403.6,7404.5,7403.2,7404.5,86
1784863320,7404.6,7405.6,7404.5,7404.5,98
1784863380,7404.3,7404.5,7403.2,7404.3,84
1784863440,7404.2,7404.8,7403.6,7403.7,98
1784863500,7403.5,7405.7,7403.5,7405.7,116
1784863560,7405.6,7405.7,7404.3,7405,114
1784863620,7405.1,7407,7405,7406.6,110
1784863680,7406.5,7406.7,7405.1,7405.5,108
1784863740,7405.6,7405.8,7405.1,7405.2,86
1784863800,7405.5,7405.7,7404.2,7405,136
1784863860,7405.2,7406.5,7405.1,7405.5,120
1784863920,7405.3,7405.5,7403,7403.2,108
1784863980,7403.5,7404.2,7402.2,7402.5,110
1784864040,7402.3,7403,7401.3,7402.7,118
1784864100,7403,7405.1,7403,7404,128
1784864160,7403.8,7403.8,7402,7402.7,106
1784864220,7402.6,7403.7,7402.5,7403.7,110
1784864280,7403.8,7403.8,7402.2,7403.7,118
1784864340,7403.8,7405.2,7403.2,7403.6,102
1784864400,7403.8,7404.2,7403,7404,128
1784864460,7403.7,7403.7,7403,7403.3,88
1784864520,7403.2,7403.3,7402.5,7402.6,96
1784864580,7402.7,7402.7,7401.8,7402.5,76
1784864640,7402.2,7402.3,7401.5,7402.1,80
1784864700,7402,7402.2,7400.5,7402,86
1784864760,7401.7,7403.5,7401.7,7403.3,126
1784864820,7403.5,7404.5,7402.5,7402.5,88
1784864880,7402.7,7403,7402,7402.6,76
1784864940,7402.7,7403.3,7402.3,7402.7,82
1784865000,7402.6,7402.8,7402,7402.7,90
1784865060,7402.5,7402.5,7401.7,7402.5,104
1784865120,7402.7,7403,7401.7,7402.7,82
1784865180,7402.6,7403.2,7402.2,7402.8,92
1784865240,7403,7403,7401.2,7401.5,76
1784865300,7401.3,7401.5,7400.2,7400.7,70
1784865360,7400.6,7400.7,7400.3,7400.5,48
1784865420,7400.3,7400.8,7400,7400.3,70
1784865480,7400.2,7400.5,7400,7400.3,80
1784865540,7400.2,7400.5,7400,7400.5,40
1784865600,7400.6,7401.2,7399.2,7399.5,86
1784865660,7399.3,7399.6,7398.7,7399,86
1784865720,7398.7,7399.2,7398.4,7399,48
1784865780,7399.1,7399.2,7398.5,7399,36
1784865840,7399.2,7399.7,7398.5,7399.5,60
1784865900,7399.7,7402.7,7399.7,7402.3,116
1784865960,7402.2,7402.5,7401,7401.2,146
1784866020,7401,7404,7401,7404,96
1784866080,7403.8,7404.2,7403,7403.7,86
1784866140,7404,7404.2,7403.2,7403.7,92
1784866200,7403.6,7403.8,7402,7402.1,64
1784866260,7402,7402.2,7401,7402,78
1784866320,7401.7,7402.2,7400.1,7400.3,92
1784866380,7400.5,7401,7400.1,7400.1,58
1784866440,7400,7400.5,7399.7,7400.2,86
1784866500,7400.1,7400.7,7400,7400.3,58
1784866560,7400.5,7401.8,7400.2,7401.7,78
1784866620,7401.8,7403.1,7401,7403,106
1784866680,7403.1,7403.1,7402.2,7402.5,72
1784866740,7402.3,7402.7,7401.7,7402.6,76
1784866800,7402.7,7402.7,7400.7,7400.7,80
1784866860,7400.5,7401.7,7400.2,7401.6,96
1784866920,7401.5,7404,7401.5,7403.5,116
1784866980,7403.7,7405.3,7403.6,7405.3,70
1784867040,7405.2,7405.7,7405,7405.2,82
1784867100,7405.3,7406,7404.7,7405.1,116
1784867160,7405,7405.5,7404.2,7405.3,122
1784867220,7405.5,7407.3,7405.3,7407,96
1784867280,7406.8,7407.7,7406.7,7407.2,116
1784867340,7407.3,7407.7,7407.1,7407.3,96
1784867400,7407.5,7407.7,7406.8,7407.1,118
1784867460,7407,7407.2,7406.5,7407,88
1784867520,7407.1,7407.3,7405.5,7405.5,86
1784867580,7405.3,7406.2,7404.7,7405.2,80
1784867640,7405.3,7405.8,7405,7405.6,92
1784867700,7405.5,7406.2,7405.3,7406,102
1784867760,7405.8,7406.6,7405,7405.5,112
1784867820,7405.7,7405.8,7404.7,7404.7,94
1784867880,7404.6,7404.8,7404.3,7404.6,96
1784867940,7404.7,7404.8,7403.2,7403.5,90
1784868000,7403.6,7404,7401.5,7401.7,94
1784868060,7401.8,7401.8,7400.7,7401,84
1784868120,7401.1,7402.2,7401,7402.2,62
1784868180,7402.5,7403.8,7402.2,7403,106
1784868240,7402.8,7403.1,7402.2,7403,84
1784868300,7402.8,7403.8,7402.6,7403.8,108
1784868360,7403.7,7404,7402.2,7403.3,94
1784868420,7403.5,7403.6,7402,7402,92
1784868480,7401.8,7402.2,7401.5,7401.7,74
1784868540,7401.6,7402.5,7401.5,7402.5,80
1784868600,7402.2,7404.7,7402.1,7403.2,80
1784868660,7403,7403.3,7402.7,7403.2,64
1784868720,7403.3,7404.2,7403,7404.2,132
1784868780,7404.5,7404.7,7403.7,7404.2,108
1784868840,7404.3,7406,7404.2,7404.5,80
1784868900,7404.6,7405.5,7404.2,7404.6,80
1784868960,7404.5,7404.7,7404.2,7404.7,94
1784869020,7404.6,7406.7,7404.5,7406.5,108
1784869080,7406.2,7406.2,7405.1,7405.6,94
1784869140,7405.7,7406.5,7405.5,7406.5,58
1784869200,7406.3,7407.7,7405.7,7405.7,136
1784869260,7405.8,7405.8,7404.7,7404.7,98
1784869320,7404.8,7405.7,7404.5,7405.7,68
1784869380,7405.5,7407.5,7405.2,7406.2,114
1784869440,7406.3,7407.2,7405.7,7406.7,104
1784869500,7406.6,7407.7,7406.6,7407.5,92
1784869560,7407.2,7407.7,7406.7,7407.7,108
1784869620,7407.6,7410.6,7407.5,7409.8,130
1784869680,7409.7,7410.7,7409.6,7410.5,116
1784869740,7410.6,7411.2,7408.8,7409,112
1784869800,7409.1,7410,7408.5,7408.6,114
1784869860,7408.7,7409.8,7408.5,7409.7,92
1784869920,7409.6,7409.7,7409.2,7409.5,78
1784869980,7409.2,7409.7,7408.7,7409.2,132
1784870040,7409,7409.2,7407.5,7409,94
1784870100,7408.7,7409.1,7408.1,7408.5,94
1784870160,7408.6,7409.5,7407.7,7409.2,114
1784870220,7409.5,7410,7409,7409.1,128
1784870280,7409.2,7409.7,7407.7,7408,110
1784870340,7408.1,7409.2,7407.3,7409,118
1784870400,7409.1,7410,7408.2,7410,122
1784870460,7409.8,7411,7409.3,7409.5,110
1784870520,7409.7,7410.5,7409.2,7410,116
1784870580,7410.1,7410.5,7409.7,7410,106
1784870640,7410.1,7410.5,7409.1,7410.3,96
1784870700,7410.2,7410.7,7409.5,7410.5,92
1784870760,7411,7411.8,7410.7,7411.2,68
1784870820,7411.3,7411.7,7410.2,7410.2,92
1784870880,7410.3,7410.7,7410,7410,90
1784870940,7410.1,7410.2,7409.5,7409.8,94
1784871000,7410,7411.2,7409.2,7410.1,148
1784871060,7410,7410.5,7409.7,7410.3,100
1784871120,7410.5,7411.1,7409.7,7410,136
1784871180,7409.8,7409.8,7408.2,7409,112
1784871240,7409.2,7410.1,7408.2,7409.8,106
1784871300,7410,7410,7407.8,7408.2,86
1784871360,7408.3,7408.7,7407.7,7408.5,70
1784871420,7408.2,7409.5,7408,7408.8,92
1784871480,7409,7410.5,7408.2,7410.5,100
1784871540,7410.2,7410.6,7409.2,7409.8,88
1784871600,7410,7410,7409,7409,114
1784871660,7409.1,7409.1,7408.2,7408.7,70
1784871720,7408.5,7410,7407.7,7409.8,116
1784871780,7410,7410,7409,7410,104
1784871840,7409.7,7411.2,7409.5,7410.8,110
1784871900,7410.7,7411.7,7410.5,7411,96
1784871960,7411.2,7411.3,7410.3,7410.8,88
1784872020,7411,7413,7410.7,7412.8,106
1784872080,7413,7413.2,7412.5,7412.7,68
1784872140,7412.5,7412.6,7410.8,7410.8,64
1784872200,7411,7411.5,7410,7410,114
1784872260,7410.1,7410.2,7409,7409,98
1784872320,7408.8,7409.1,7408,7408.7,110
1784872380,7408.6,7409,7408.5,7409,74
1784872440,7408.8,7409.2,7406.7,7406.7,72
1784872500,7406.8,7406.8,7405.1,7405.6,104
1784872560,7405.5,7407.2,7405.2,7406.6,82
1784872620,7406.5,7406.7,7405.7,7405.8,100
1784872680,7405.7,7406.1,7405.3,7405.3,86
1784872740,7405.2,7405.6,7405.2,7405.2,76
1784872800,7405.5,7405.8,7404.1,7404.7,140
1784872860,7405,7405.2,7404,7404,84
1784872920,7404.2,7404.7,7404,7404.7,92
1784872980,7405,7405,7403.2,7403.3,68
1784873040,7403.2,7403.5,7402,7402.5,78
1784873100,7402.3,7402.3,7401,7401.7,90
1784873160,7402,7402.2,7400.7,7401.8,104
1784873220,7401.7,7402.7,7401.5,7402.5,94
1784873280,7402.2,7402.5,7401.7,7402,82
1784873340,7402.1,7402.5,7401.5,7401.7,90
1784873400,7401.6,7403.2,7401.6,7402.7,94
1784873460,7402.6,7402.6,7401.3,7401.6,80
1784873520,7401.5,7402.2,7401,7402,76
1784873580,7402.2,7402.2,7400,7400.1,74
1784873640,7400.2,7401,7399.7,7400.7,80
1784873700,7401,7401.6,7400.5,7400.8,94
1784873760,7400.7,7403.2,7400.1,7402.7,120
1784873820,7402.5,7403,7402.2,7402.7,48
1784873880,7402.8,7403.3,7402.2,7402.7,96
1784873940,7402.8,7406.8,7402.8,7406.5,100
1784874000,7406.7,7408.2,7406.5,7408,120
1784874060,7408.2,7409,7408,7408.2,88
1784874120,7408.5,7408.7,7408,7408.7,98
1784874180,7408.6,7409.2,7407.2,7407.8,86
1784874240,7407.7,7408.3,7407.2,7408.2,82
1784874300,7408.1,7410.2,7408,7409.5,124
1784874360,7409.2,7409.7,7408,7408.7,86
1784874420,7408.6,7408.7,7406.2,7406.7,74
1784874480,7406.5,7406.5,7403.8,7403.8,76
1784874540,7404,7405.3,7403.2,7404.7,84
1784874600,7404.8,7405,7403,7403.3,130
1784874660,7403.2,7404.8,7403.2,7404.7,110
1784874720,7404.8,7404.8,7403.5,7403.5,70
1784874780,7403.3,7404.2,7403.3,7403.7,62
1784874840,7403.5,7405.6,7403.5,7405.6,80
1784874900,7405.5,7406.7,7405.1,7406.5,110
1784874960,7406.7,7408.2,7406.2,7407.7,104
1784875020,7407.2,7407.2,7405.7,7405.7,88
1784875080,7405.8,7406,7404.5,7405,86
1784875140,7405.2,7405.5,7404.7,7404.8,50
1784875200,7405,7405.5,7403.7,7404.2,72
1784875260,7404.1,7404.1,7403.3,7404,52
1784875320,7403.8,7404,7402.7,7402.7,60
1784875380,7402.8,7402.8,7401.5,7401.6,56
1784875440,7401.5,7401.7,7400.5,7400.7,74
1784875500,7400.6,7400.7,7399.5,7399.7,68
1784875560,7400,7400.5,7399.7,7400.1,64
1784875620,7400.2,7400.7,7400,7400.7,50
1784875680,7400.5,7400.5,7399,7399.5,48
1784875740,7399.3,7399.6,7397,7397.7,112
1784875800,7397.6,7399,7397.6,7398.5,100
1784875860,7398.6,7399,7397.3,7397.5,106
1784875920,7397.6,7400.2,7397.5,7400.2,90
1784875980,7400.1,7401,7399.8,7400.7,100
1784876040,7400.5,7402.2,7400.3,7401.7,70
1784876100,7401.5,7402,7400.7,7401.1,128
1784876160,7401.2,7403,7400.7,7402.7,90
1784876220,7402.5,7402.7,7401.8,7402.7,78
1784876280,7403,7405.1,7402.8,7405.1,100
1784876340,7405.2,7406.5,7405.2,7405.7,114
1784876400,7406,7407.5,7405.1,7406.7,162
1784876460,7406.5,7409.5,7406.3,7408.8,146
1784876520,7408.7,7411.2,7408.5,7410.6,136
1784876580,7410.7,7411.7,7410.2,7411.5,128
1784876640,7411.2,7412.2,7410.2,7410.2,90
1784876700,7410,7410.6,7409.2,7410.2,110
1784876760,7410.3,7411.5,7409.2,7410.8,102
1784876820,7410.7,7411.7,7410.5,7411.7,82
1784876880,7411.5,7412.7,7410.8,7412.2,76
1784876940,7412,7415.5,7412,7415.2,122
1784877000,7415.3,7416.5,7415.3,7416.5,106
1784877060,7416.7,7417.7,7416.2,7417.2,100
1784877120,7417.5,7418.5,7417.2,7417.7,132
1784877180,7417.8,7418.5,7417.2,7418,100
1784877240,7417.6,7419.2,7417.6,7419,86
1784877300,7419.1,7419.1,7417.5,7418.6,156
1784877360,7418.7,7419.7,7417.6,7419.6,114
1784877420,7419.2,7422.8,7419.2,7422.5,138
1784877480,7422.2,7422.7,7420.6,7421.7,132
1784877540,7421.6,7422.7,7421.2,7422.2,112
1784877600,7422.5,7423.7,7422.3,7422.5,120
1784877660,7422.2,7422.7,7421.2,7422.5,102
1784877720,7422.2,7423.1,7422,7422.1,110
1784877780,7422,7422,7420.5,7421,68
1784877840,7420.7,7422,7420.7,7422,84
1784877900,7421.2,7424.7,7421,7424.7,124
1784877960,7424.8,7425.7,7424.2,7424.2,112
1784878020,7424.3,7424.5,7423.6,7424.1,80
1784878080,7424,7424.2,7423,7423.8,78
1784878140,7424,7425,7423.5,7424.8,108
1784878200,7425,7426,7423.7,7425.5,126
1784878260,7425.2,7426.2,7422.7,7423.8,120
1784878320,7424,7424.2,7422.2,7422.7,106
1784878380,7422.5,7423.1,7422,7422.1,104
1784878440,7422.2,7423.2,7422,7423.1,80
1784878500,7423.2,7424.5,7422.8,7423.2,66
1784878560,7423.3,7423.8,7423,7423.5,104
1784878620,7423.3,7424,7422.3,7423.5,94
1784878680,7423.2,7423.5,7421.7,7421.8,58
1784878740,7421.7,7422.2,7421,7421.5,86
1784878800,7421.3,7421.7,7420.2,7420.2,96
1784878860,7420.5,7420.6,7418.5,7419.5,104
1784878920,7419.7,7420,7418.7,7419,72
1784878980,7418.7,7419,7417.6,7418.7,94
1784879040,7418.3,7420.6,7418.3,7419.8,72
1784879100,7419.7,7420.7,7419.6,7420,76
1784879160,7419.7,7420.3,7418.7,7419.5,72
1784879220,7419.7,7420,7419.1,7419.7,88
1784879280,7420,7420.5,7419,7419.8,104
1784879340,7419.7,7421,7419.3,7420.6,74
1784879400,7420.7,7421.5,7419.2,7420,82
1784879460,7420.2,7420.7,7419.5,7420,86
1784879520,7419.8,7420.2,7419.5,7419.5,76
1784879580,7419.3,7420.8,7418.6,7420.7,94
1784879640,7420.8,7421.2,7420.2,7420.6,80
1784879700,7420.7,7421.7,7420.2,7420.3,86
1784879760,7420.2,7421.2,7419.7,7420.7,88
1784879820,7420.5,7421.2,7420,7420.3,64
1784879880,7420.5,7421,7420.3,7420.6,88
1784879940,7420.7,7420.7,7419.2,7419.6,62
1784880000,7419.3,7419.7,7417.7,7417.7,124
1784880060,7417.8,7417.8,7416.3,7416.8,118
1784880120,7417,7417.2,7415.7,7416.7,118
1784880180,7417,7417.5,7415.7,7417.5,108
1784880240,7417.7,7417.8,7416,7416.5,86
1784880300,7416,7416.5,7413,7413.7,126
1784880360,7413.6,7414.8,7413.2,7414.2,136
1784880420,7414.3,7414.5,7413,7414,104
1784880480,7414.5,7415.1,7413.6,7415,112
1784880540,7414.7,7417,7414.5,7415.1,112
1784880600,7415.2,7416.1,7414.7,7414.8,120
1784880660,7415,7415,7413.3,7414.2,128
1784880720,7414.1,7414.2,7412.3,7413,110
1784880780,7412.5,7414.2,7412.5,7413.6,132
1784880840,7413.7,7415.7,7413.7,7414.5,98
1784880900,7414.3,7415.3,7414.1,7415,122
1784880960,7415.1,7418,7415,7417.8,124
1784881020,7417.5,7418.2,7416.5,7416.6,112
1784881080,7416.5,7417.1,7414.1,7414.2,150
1784881140,7414.5,7416.7,7414.5,7416.7,76
1784881200,7416.5,7417.6,7416,7417.5,106
1784881260,7417.7,7418.1,7415.5,7416,116
1784881320,7416.1,7417.3,7416.1,7416.8,94
1784881380,7416.7,7417.2,7416,7417,140
1784881440,7416.8,7417.3,7415.5,7416,104
1784881500,7415.8,7416.3,7414.7,7415.7,84
1784881560,7415.8,7419,7415.7,7418.2,130
1784881620,7418.5,7418.5,7417.3,7417.6,82
1784881680,7417.7,7418.7,7417.6,7418.2,102
1784881740,7418.5,7422.1,7418.5,7422,128
1784881800,7421.2,7422.5,7420.5,7421.5,140
1784881860,7421.2,7423.5,7420.5,7422.7,138
1784881920,7422.6,7424,7422,7423.6,112
1784881980,7423.5,7424.5,7423.3,7423.7,120
1784882040,7423.6,7424.2,7423,7423,82
1784882100,7423.1,7423.2,7421.6,7421.8,100
1784882160,7422.1,7423.2,7421.8,7423.2,92
1784882220,7423.5,7425,7423.5,7424.2,96
1784882280,7424.1,7424.3,7422.7,7423,86
1784882340,7422.8,7423.6,7422.7,7422.8,108
1784882400,7423,7423.5,7422,7422.1,108
1784882460,7422.5,7422.5,7421.2,7422.2,94
1784882520,7422.5,7422.7,7421.5,7421.5,102
1784882580,7421.2,7421.7,7420.5,7421.5,96
1784882640,7421.7,7422.6,7421.2,7422.3,98
1784882700,7422.2,7422.5,7421.7,7422.2,80
1784882760,7422,7422.8,7421.7,7421.8,78
1784882820,7422,7422.5,7420.7,7421,82
1784882880,7420.7,7421,7419.2,7419.5,54
1784882940,7419.7,7421.2,7419.7,7421,64
1784883000,7421.1,7422,7420.5,7420.5,102
1784883060,7420.2,7421.2,7420,7420.7,82
1784883120,7420.6,7420.7,7419.8,7420.5,72
1784883180,7420.7,7421.2,7419.2,7419.2,80
1784883240,7419.5,7421.2,7419.5,7420.7,70
1784883300,7420.5,7422,7420.2,7421.2,100
1784883360,7421,7421.2,7419.7,7420.2,66
1784883420,7420,7420.7,7419.5,7419.7,72
1784883480,7419.8,7420.2,7419.5,7419.7,62
1784883540,7419.5,7421,7419.5,7420.5,72
1784883600,7420.7,7421,7419.3,7419.8,88
1784883660,7419.7,7421.7,7419.5,7421.3,100
1784883720,7421.2,7422.2,7420.3,7422.1,96
1784883780,7422.2,7422.2,7420.8,7422.1,86
1784883840,7422,7422,7420,7420.5,74
1784883900,7420.2,7421.1,7419.7,7420,70
1784883960,7420.2,7421.7,7420,7421.7,94
1784884020,7422,7424.6,7421.6,7424.6,100
1784884080,7424.7,7424.7,7423.7,7424.2,80
1784884140,7424.1,7428.1,7424,7427.7,94
1784884200,7427.8,7428.2,7427.5,7427.6,98
1784884260,7427.3,7428,7426,7426,78
1784884320,7425.7,7426,7422.8,7423.2,98
1784884380,7423.3,7423.7,7423.2,7423.3,76
1784884440,7423.2,7423.2,7422,7422.7,82
1784884500,7422.6,7423.2,7421,7421,76
1784884560,7421.2,7423.5,7421.2,7423.2,78
1784884620,7423,7424.3,7422.7,7423,112
1784884680,7422.7,7423,7421.5,7421.7,90
1784884740,7421.6,7423.7,7421.2,7423.5,70
1784884800,7423.2,7424.2,7423,7423.7,80
1784884860,7423.8,7426.2,7423.7,7426.2,102
1784884920,7426.3,7426.5,7424.8,7425,94
1784884980,7424.7,7426.5,7424.7,7426.5,68
1784885040,7426.3,7426.7,7425.7,7426,76
1784885100,7425.7,7428,7425.7,7427.7,88
1784885160,7427.5,7428,7426.2,7426.3,72
1784885220,7426.5,7427,7426,7426.6,74
1784885280,7426.7,7427.3,7426.5,7427.2,72
1784885340,7427.5,7427.7,7426.5,7426.7,66
1784885400,7427,7427,7425.2,7426.5,108
1784885460,7426.3,7427.7,7426.2,7427.3,102
1784885520,7427.5,7428.1,7427.2,7428.1,88
1784885580,7428,7428.7,7427.6,7428.1,86
1784885640,7428,7428.7,7427.8,7428.6,62
1784885700,7428.7,7429.2,7427.7,7428.3,52
1784885760,7428.2,7429,7428.2,7428.7,52
1784885820,7428.5,7429,7428.3,7428.6,60
1784885880,7428.7,7429,7427.5,7427.7,62
1784885940,7428,7428.7,7427.7,7428.7,40
1784886000,7429,7429.2,7428.2,7428.2,44
1784886060,7428.5,7429.2,7428.1,7428.5,52
1784886120,7428.7,7430,7428.6,7429.7,66
1784886180,7429.5,7430.2,7429.5,7429.5,70
1784886240,7429.6,7429.8,7429.1,7429.2,68
1784886300,7429.5,7429.7,7428.8,7429.2,82
1784886360,7429.1,7429.3,7429,7429,30
1784886420,7429.1,7430.3,7428.8,7429,84
1784886480,7429.1,7429.2,7427.7,7428,70
1784886540,7428.2,7428.8,7427.5,7427.5,66
1784886600,7427.6,7428,7427.6,7427.7,58
1784886660,7427.6,7429,7427.5,7427.6,86
1784886720,7427.5,7428.5,7427.5,7428,62
1784886780,7428.1,7428.1,7427,7427.2,70
1784886840,7427.5,7427.5,7427,7427.2,32
1784886900,7427.5,7428.1,7427.2,7428.1,28
1784886960,7428,7429,7427.8,7428.5,68
1784887020,7428.3,7429.2,7428.2,7428.7,48
1784887080,7428.8,7429,7428.7,7429,28
1784887140,7429.2,7429.5,7427.5,7429,90
1784887200,7428.7,7430,7428.2,7429.7,66
1784887260,7429.8,7429.8,7428,7428.7,82
1784887320,7428.8,7429,7427.6,7428.2,74
1784887380,7428.5,7428.5,7427.5,7427.7,56
1784887440,7427.6,7427.6,7426.2,7426.5,34
1784887500,7426.3,7426.5,7425.7,7426.2,38
1784887560,7426.5,7427.5,7426.3,7426.5,64
1784887620,7426.2,7426.2,7424.3,7424.5,46
1784887680,7424.2,7424.5,7423.5,7423.7,58
1784887740,7423.5,7424.3,7423.5,7424.2,40
1784887800,7424.5,7424.7,7423.5,7423.7,36
1784887860,7424,7425,7423.7,7424.2,42
1784887920,7424,7424.5,7423,7423.7,54
1784887980,7424,7424.3,7423.7,7424,30
1784888040,7423.7,7424.7,7423.2,7424.6,58
1784888100,7424.5,7425,7424,7425,62
1784888160,7425.1,7425.2,7423.5,7423.7,60
1784888220,7423.8,7424.7,7423.8,7424.5,40
1784888280,7424.3,7424.7,7424,7424.2,48
1784888340,7424.1,7424.7,7423.7,7424.7,68
1784888400,7424.5,7424.5,7423.7,7424.2,50
1784888460,7424.5,7424.7,7423.2,7424,48
1784888520,7423.7,7425,7423.6,7424.7,44
1784888580,7424.8,7425.2,7424.5,7425.2,68
1784888640,7425.1,7425.2,7424.1,7424.7,54
1784888700,7424.5,7425,7422.5,7422.8,78
1784888760,7423,7424.2,7422.3,7424.2,76
1784888820,7424.3,7425.5,7424.2,7425.5,38
1784888880,7425.3,7425.7,7425.3,7425.7,30
1784888940,7425.5,7426,7424.7,7424.7,76
1784889000,7424.8,7425.5,7424.5,7425.1,40
1784889060,7425,7427,7425,7426.6,52
1784889120,7426.5,7426.5,7425.5,7426,56
1784889180,7426.2,7427.5,7426.2,7427,70
1784889240,7426.7,7427,7424.5,7424.6,76
1784889300,7424.7,7424.7,7422.7,7423.5,68
1784889360,7423.2,7424,7423.2,7423.6,92
1784889420,7423.7,7424,7423,7423.7,82
1784889480,7423.6,7423.7,7422,7423.1,66
1784889540,7423.2,7423.5,7422.5,7422.7,50
1784889600,7423,7423.1,7422.2,7422.5,74
1784889660,7422.6,7424,7422.5,7423.8,82
1784889720,7423.7,7424,7423.1,7423.2,54
1784889780,7423.1,7423.2,7422.5,7423,50
1784889840,7423.1,7423.8,7423.1,7423.8,62
1784889900,7423.7,7424.2,7423.3,7423.8,50
1784889960,7424,7424,7423,7423.5,92
1784890020,7423.2,7423.7,7423,7423.1,46
1784890080,7423.2,7424.7,7423,7424.5,44
1784890140,7424.3,7424.5,7423.7,7424.2,62
1784890200,7424,7424.2,7423,7423,58
1784890260,7423.1,7423.8,7422.2,7422.2,94
1784890320,7422,7422.2,7421.5,7422.2,68
1784890380,7422,7422.2,7421.2,7422,50
1784890440,7422.2,7422.5,7421.6,7421.7,56
1784890500,7421.6,7422.7,7421.5,7422.2,66
1784890560,7422.5,7423.2,7422,7423.2,72
1784890620,7423,7423.5,7422.7,7423.2,48
1784890680,7423.1,7423.7,7423,7423.5,60
1784890740,7423.2,7423.2,7421.2,7421.7,102
1784890800,7421.5,7423.2,7421.2,7422,134
1784890860,7422.2,7424.2,7421.2,7423.7,142
1784890920,7423.6,7424.6,7423.3,7424,96
1784890980,7423.7,7425.5,7423.7,7425.2,74
1784891040,7425.5,7425.6,7423.7,7424.3,88
1784891100,7424.2,7425.3,7424.2,7424.3,108
1784891160,7424.5,7425.6,7424.2,7425.6,92
1784891220,7425.5,7426,7424.8,7425.5,104
1784891280,7425.2,7425.5,7423,7423.2,94
1784891340,7423.1,7424.2,7422.7,7423.2,76
1784891400,7423.3,7423.5,7422.5,7423.2,62
1784891460,7423,7424.2,7422.8,7424.1,74
1784891520,7424.2,7424.2,7423.5,7423.8,72
1784891580,7424,7424.2,7423.3,7423.5,68
1784891640,7423.7,7424.2,7423.2,7423.8,94
1784891700,7424,7424.5,7423.5,7424.2,84
1784891760,7424.3,7424.7,7423.5,7424.7,72
1784891820,7424.6,7425.5,7424.3,7424.7,58
1784891880,7425,7425.1,7424.2,7425,74
1784891940,7424.7,7424.7,7423.7,7424.5,62
1784892000,7424.2,7425.2,7424,7424.7,76
1784892060,7425,7425,7422.2,7422.5,94
1784892120,7422.2,7423,7422,7422.5,56
1784892180,7422.6,7423.7,7422.2,7423.7,28
1784892240,7423.5,7424.7,7423.5,7424.2,86
1784892300,7424,7424.2,7423,7424,90
1784892360,7424.1,7424.1,7422.2,7422.2,72
1784892420,7422,7423.5,7422,7422.6,90
1784892480,7422.7,7422.8,7422.2,7422.5,70
1784892540,7422.3,7422.7,7421.7,7422.7,46
1784892600,7422.6,7423,7422,7422.2,74
1784892660,7422.3,7423.3,7421,7421,76
1784892720,7420.8,7421,7420.1,7421,82
1784892780,7420.8,7421,7420.2,7420.3,82
1784892840,7420.5,7420.7,7420,7420.2,64
1784892900,7420.1,7420.2,7419.2,7419.5,92
1784892960,7419.6,7423.5,7419.5,7423.5,100
1784893020,7423.7,7423.7,7421.7,7421.8,96
1784893080,7421.7,7422,7420.5,7420.6,104
1784893140,7420.5,7421.2,7420.2,7420.2,88
1784893200,7420.3,7420.5,7419,7419.6,92
1784893260,7419.7,7419.7,7419.2,7419.7,76
1784893320,7419.6,7420,7419,7419.5,80
1784893380,7419.6,7420.3,7419.2,7419.5,72
1784893440,7419.7,7420.2,7418.3,7418.3,86
1784893500,7418.2,7420.2,7418.2,7419.7,90
1784893560,7419.5,7420,7418.5,7418.7,66
1784893620,7419,7419,7417.6,7417.8,88
1784893680,7417.7,7418.2,7417.2,7417.6,64
1784893740,7417.5,7419.7,7417.1,7419.6,84
1784893800,7419.5,7420,7419.2,7419.7,76
1784893860,7419.5,7421.5,7419.3,7421.3,54
1784893920,7421.2,7421.6,7421,7421.2,76
1784893980,7421.3,7421.3,7419.5,7419.5,56
1784894040,7419.2,7420.1,7419.2,7419.3,72
1784894100,7419.2,7419.5,7417.5,7417.7,70
1784894160,7417.5,7417.7,7416.3,7416.5,46
1784894220,7416.7,7418,7416.7,7417.1,60
1784894280,7417.2,7427.7,7417.2,7427.7,136
1784894340,7427.6,7431.7,7426,7428.3,252
1784894400,7428.2,7428.3,7425.1,7426.5,194
1784894460,7426,7426,7423,7423.6,164
1784894520,7423.7,7424,7421.2,7422.5,146
1784894580,7422.2,7424,7422.2,7423.7,128
1784894640,7423.6,7425.2,7422.7,7424.1,148
1784894700,7424,7424,7420.7,7421.6,118
1784894760,7421.7,7424,7421.6,7423.2,108
1784894820,7423.3,7425.2,7423,7425.1,118
1784894880,7425.2,7425.3,7423.8,7424.8,92
1784894940,7425,7427.5,7424.8,7426.7,120
1784895000,7426.5,7426.5,7425.7,7426.1,80
1784895060,7426,7427.6,7426,7427.2,58
1784895120,7427.1,7428,7427,7427.2,86
1784895180,7427,7427.8,7426.7,7427,64
1784895240,7427.2,7430.7,7427.2,7429.7,108
1784895300,7429.5,7430,7428.7,7429.3,84
1784895360,7429.5,7430.1,7428.7,7429.5,112
1784895420,7429.2,7430.7,7429.2,7429.5,94
1784895480,7429.6,7430.2,7429,7430.1,102
1784895540,7430.2,7430.2,7427.5,7428.5,102
1784895600,7428.2,7428.2,7426.3,7426.7,104
1784895660,7426.8,7427.5,7426.2,7427,84
1784895720,7427.2,7428,7426.7,7427.5,62
1784895780,7427.3,7428,7426.7,7427,68
1784895840,7427.5,7430.3,7427.5,7429.5,80
1784895900,7429.7,7429.7,7423.8,7428.5,138
1784895960,7428.6,7430.2,7427.7,7428.8,94
1784896020,7429,7429.5,7428.2,7429,76
1784896080,7428.7,7430,7428.3,7429.2,54
1784896140,7429.3,7429.5,7428.7,7429,58
1784896200,7428.8,7429.5,7426.2,7427.7,126
1784896260,7427.6,7428,7427,7427.1,86
1784896320,7427.2,7428.2,7427,7428,86
1784896380,7427.8,7428,7426.5,7426.5,74
1784896440,7426.3,7426.6,7422.2,7422.7,116
1784896500,7422.8,7424,7422.2,7424,116
1784896560,7423.8,7423.8,7422,7423,102
1784896620,7422.8,7425.5,7422.8,7425.2,88
1784896680,7425,7425,7424.2,7424.3,60
1784896740,7424.2,7425,7422.7,7423,86
1784896800,7422.7,7423.2,7422.3,7423,68
1784896860,7422.7,7423,7420.7,7420.7,68
1784896920,7421,7421.2,7420,7420.2,86
1784896980,7420.3,7420.5,7419.1,7419.3,96
1784897040,7419.2,7419.5,7418.2,7418.7,78
1784897100,7418.8,7419.5,7418.5,7419,74
1784897160,7418.7,7419.2,7418,7418.2,82
1784897220,7418.1,7418.2,7416.5,7418,68
1784897280,7417.7,7418.5,7417.2,7418.5,64
1784897340,7418.2,7419,7418,7418.2,70
1784897400,7418,7418.7,7417.2,7417.5,66
1784897460,7417.7,7418.5,7417.5,7417.5,82
1784897520,7417.7,7418,7415.7,7416.5,66
1784897580,7416.7,7417.2,7415.7,7416,70
1784897640,7416.1,7416.2,7415.7,7416,36
1784897700,7416.2,7416.5,7414.5,7414.7,80
1784897760,7414.6,7415,7412.6,7412.6,76
1784897820,7412.7,7413.5,7412.5,7413,58
1784897880,7413.2,7414.2,7412.6,7413.5,82
1784897940,7413,7414,7412.5,7413.5,72
1784898000,7413.2,7414.7,7412.2,7412.5,114
1784898060,7412.2,7412.7,7411.7,7411.7,58
1784898120,7412.2,7414,7411.5,7413.8,74
1784898180,7413.7,7414.2,7412.5,7413,86
1784898240,7413.1,7414,7413.1,7413.2,64
1784898300,7413.5,7413.7,7412,7412.7,60
1784898360,7412.6,7412.6,7411.2,7411.7,70
1784898420,7411.5,7411.5,7410,7410.2,52
1784898480,7410.1,7411,7409.7,7411,60
1784898540,7411.2,7412.2,7411.2,7412.2,52
1784898600,7412.5,7413.2,7411.7,7413,56
1784898660,7412.5,7413.5,7411.6,7413.5,68
1784898720,7413.3,7414.2,7413.3,7413.5,64
1784898780,7413.5,7413.7,7412.7,7412.7,55
1784898840,7413,7413.2,7412.5,7413.2,46
1784898900,7413.5,7414.2,7413,7414,68
1784898960,7413.7,7414.2,7412.5,7412.7,66
1784899020,7412.5,7416,7412.5,7415.7,98
1784899080,7415.5,7416.2,7415,7415.2,60
1784899140,7415.3,7415.7,7414.5,7415.2,60
1784899200,7415.3,7416,7414.5,7414.6,64
1784899260,7414.5,7415,7413,7413,78
1784899320,7413.1,7413.1,7411.5,7412.1,72
1784899380,7412,7414.5,7412,7414.3,48
1784899440,7414.5,7414.6,7413.7,7414.3,64
1784899500,7414.5,7416,7413,7413.5,106
1784899560,7413.2,7413.7,7411,7413.7,84
1784899620,7413.5,7413.5,7410.7,7411,92
1784899680,7410.6,7412.7,7410.6,7411.5,106
1784899740,7411.2,7411.5,7406.7,7407,156
1784899800,7406.8,7412.1,7406.6,7408.8,230
1784899860,7409.3,7410.1,7405.6,7409.3,204
1784899920,7410.1,7415.6,7410.1,7413.3,188
1784899980,7413.2,7416.3,7411.6,7412.8,194
1784900040,7412.7,7414.8,7412.3,7414.6,188
1784900100,7414.1,7418.1,7414.1,7415.1,198
1784900160,7414.8,7414.8,7410.3,7411.1,204
1784900220,7411.6,7417.6,7411.6,7417.1,198
1784900280,7417.3,7417.8,7414.3,7414.3,176
1784900340,7413.8,7414.3,7411.6,7412.6,172
1784900400,7411.6,7412.6,7409.6,7410.7,180
1784900460,7411.3,7413.3,7410.3,7411.4,208
1784900520,7411.7,7412.1,7408.3,7409.8,174
1784900580,7409.7,7410.6,7408.7,7409.3,194
1784900640,7409.1,7410.6,7408.3,7409.7,200
1784900700,7408.8,7412.3,7407.7,7411.3,210
1784900760,7411.6,7414.8,7409.8,7414.7,204
1784900820,7414.8,7417.3,7413.6,7416.1,192
1784900880,7415.6,7418.3,7414.8,7416.6,184
1784900940,7416.8,7420.3,7416.6,7419.8,180
1784901000,7418.8,7419.1,7408.4,7411.3,208
1784901060,7411.6,7412.1,7403.6,7404.8,220
1784901120,7404.6,7404.8,7400.6,7401.6,206
1784901180,7401.7,7402.6,7400.1,7400.6,188
1784901240,7399.8,7401.4,7398.6,7399.8,180
1784901300,7399.6,7400.2,7395.9,7396.8,182
1784901360,7397.1,7400.6,7396.1,7397.8,220
1784901420,7397.6,7400.8,7397.3,7399.2,178
1784901480,7399.3,7403.6,7399.2,7401.1,204
1784901540,7400.8,7401.7,7396.3,7396.7,188
1784901600,7396.3,7403.6,7395.1,7403.3,184
1784901660,7403.6,7405.1,7401.8,7403.1,208
1784901720,7402.8,7408.4,7402.8,7404.8,172
1784901780,7404.4,7406.6,7400.8,7406.3,190
1784901840,7406.8,7407.6,7398.8,7399.6,190
1784901900,7399.8,7404.1,7399.1,7403.3,180
1784901960,7403.1,7404.3,7400.3,7402.1,212
1784902020,7401.9,7405.8,7400.6,7405.3,182
1784902080,7405.6,7412.6,7404.7,7412.3,188
1784902140,7411.8,7416.9,7411.3,7415.3,178
1784902200,7415.1,7416.6,7413.3,7416.1,172
1784902260,7415.8,7417.1,7414.6,7414.8,196
1784902320,7414.6,7415.8,7410.8,7411.8,188
1784902380,7411.6,7416.3,7410.6,7415.3,164
1784902440,7415.6,7421.3,7415.3,7417.6,184
1784902500,7417.7,7419.3,7413.4,7413.6,176
1784902560,7413.3,7414.3,7410.8,7413.1,186
1784902620,7412.8,7412.8,7405.1,7408.1,196
1784902680,7408.3,7410.3,7404.3,7404.8,188
1784902740,7404.6,7407.6,7402.1,7407.6,196
1784902800,7407.8,7409.1,7403.6,7408.3,152
1784902860,7408.6,7415.8,7407.6,7414.8,176
1784902920,7414.6,7417.3,7414.3,7415.8,192
1784902980,7415.9,7421.8,7415.9,7420.3,160
1784903040,7419.8,7420.6,7416.8,7417.6,186
1784903100,7418.3,7418.8,7413.6,7415.6,180
1784903160,7415.8,7418.6,7414.6,7417.1,174
1784903220,7416.6,7419.1,7411.8,7413.6,182
1784903280,7413.4,7416.1,7412.8,7415.3,168
1784903340,7415.6,7417.3,7413.8,7413.9,174
1784903400,7413.8,7414.7,7408.1,7409.8,170
1784903460,7409.6,7412.4,7409.1,7412.4,166
1784903520,7412.6,7412.6,7408.8,7409.4,146
1784903580,7409.6,7412.1,7408.4,7409.3,158
1784903640,7409.7,7410.6,7406.1,7406.1,168
1784903700,7405.6,7410.1,7405.3,7409.1,192
1784903760,7409.3,7410.6,7407.3,7407.6,184
1784903820,7407.4,7408.6,7406.6,7406.6,174
1784903880,7407.1,7408.6,7406.3,7406.3,152
1784903940,7406.4,7407.6,7401.4,7402.8,170
1784904000,7403.1,7406.1,7401.4,7404.8,200
1784904060,7404.3,7405.7,7401.8,7404.1,194
1784904120,7404.3,7404.9,7400.8,7401.9,182
1784904180,7402.1,7403.6,7401.6,7402.6,152
1784904240,7403.1,7404.8,7401.1,7401.3,164
1784904300,7401.1,7401.6,7397.8,7397.8,172
1784904360,7397.6,7403.1,7396.6,7402.6,168
1784904420,7402.8,7404.8,7398.2,7399.3,190
1784904480,7399.6,7401.3,7399.6,7401.3,160
1784904540,7401.6,7407.8,7401.1,7407.8,170
1784904600,7408.3,7413.6,7408.3,7413.3,158
1784904660,7413.1,7415.6,7412.1,7414.4,160
1784904720,7414.1,7415.3,7409.3,7409.8,156
1784904780,7409.7,7415.6,7409.1,7414.6,144
1784904840,7414.3,7415.1,7409.3,7412.6,156
1784904900,7412.8,7416.8,7412.6,7416.3,136
1784904960,7416.1,7417.8,7415.1,7417.7,160
1784905020,7417.8,7423.8,7417.8,7423.1,142
1784905080,7422.8,7427.1,7421.1,7427.1,164
1784905140,7427.3,7429.3,7427.1,7428.6,166
1784905200,7429.8,7431.6,7425.8,7431.6,178
1784905260,7431.3,7432.3,7427.1,7427.4,180
1784905320,7427.3,7428.1,7425.3,7427.8,166
1784905380,7427.6,7428.6,7425.6,7426.8,150
1784905440,7427.1,7427.6,7424.8,7425.1,134
1784905500,7425.3,7427.6,7425.1,7427.1,150
1784905560,7426.6,7428.1,7423.8,7423.8,158
1784905620,7423.4,7425.1,7421.1,7424.8,142
1784905680,7425.1,7429.1,7424.3,7425.3,170
1784905740,7425.1,7426.2,7419.3,7419.3,154
1784905800,7419.6,7431.6,7418.6,7430.1,184
1784905860,7429.6,7440.3,7429.3,7432.1,264
1784905920,7432.3,7435.3,7432.1,7432.7,208
1784905980,7432.6,7433.3,7430.7,7431.6,226
1784906040,7431.3,7444.6,7431.3,7441.8,218
1784906100,7441.1,7452.8,7440.3,7451.2,276
1784906160,7450.3,7453.1,7445.1,7445.1,236
1784906220,7444.7,7447.4,7441.6,7441.6,234
1784906280,7442.1,7445.2,7439.4,7441.3,228
1784906340,7441.2,7442.8,7436.6,7437.7,210
1784906400,7437.9,7445.6,7437.3,7443.6,226
1784906460,7443.3,7446.1,7443.3,7445.1,218
1784906520,7444.8,7446.9,7444.1,7445.1,166
1784906580,7445.8,7449.6,7445.6,7448.3,196
1784906640,7448.8,7449.1,7446.6,7446.8,188
1784906700,7446.3,7449.8,7446.3,7449.8,170
1784906760,7450.1,7451.1,7448.6,7448.6,154
1784906820,7448.8,7452.1,7448.7,7451.3,154
1784906880,7451.6,7454.6,7451.1,7451.1,148
1784906940,7451.6,7451.8,7448.1,7449.1,180
1784907000,7449.3,7449.6,7446.6,7448.8,178
1784907060,7448.6,7451.8,7448.6,7451.1,174
1784907120,7450.8,7451.3,7446.8,7446.8,162
1784907180,7446.4,7448.1,7445.1,7446.1,150
1784907240,7445.8,7447.6,7443.4,7443.6,158
1784907300,7443.4,7447.3,7443.3,7447.1,178
1784907360,7447.3,7448.8,7445.6,7448.7,162
1784907420,7448.8,7449.8,7444.8,7449.8,152
1784907480,7450.6,7453.1,7449.6,7452.9,146
1784907540,7453.1,7454.4,7452.8,7453.8,146
1784907600,7454.1,7455.3,7453.1,7453.3,144
1784907660,7453.1,7453.6,7448.8,7449.8,192
1784907720,7449.4,7450.6,7447.1,7448.2,174
1784907780,7448.3,7449.3,7443.1,7444.7,146
1784907840,7444.6,7447.3,7444.6,7445.8,138
1784907900,7445.6,7449.3,7445.6,7447.8,126
1784907960,7448.1,7449.1,7446.9,7446.9,140
1784908020,7447.3,7448.6,7444.8,7445.3,131
1784908080,7445.3,7446.8,7443.6,7446.3,151
1784908140,7446.4,7446.4,7443.6,7444.3,140
1784908200,7444.1,7449.8,7444.1,7449.6,158
1784908260,7449.4,7450.6,7447.3,7447.6,108
1784908320,7447.3,7448.7,7445.3,7445.8,128
1784908380,7446.1,7449.1,7445.1,7449.1,148
1784908440,7449.3,7450.3,7448.1,7448.8,116
1784908500,7448.6,7450.6,7448.1,7449.2,134
1784908560,7449.3,7451.8,7449.3,7451.6,120
1784908620,7451.3,7452.3,7450.6,7450.8,102
1784908680,7451.1,7452.8,7449.6,7452.3,110
1784908740,7452.1,7453.8,7452.1,7453.3,120
1784908800,7453.8,7453.8,7450.1,7450.6,142
1784908860,7451.1,7451.8,7449.6,7451.6,126
1784908920,7451.3,7452.1,7450.6,7451.7,122
1784908980,7451.6,7453.3,7451.3,7452.8,106
1784909040,7453.1,7455.3,7452.8,7454.8,94
1784909100,7455.1,7455.8,7454.1,7454.9,106
1784909160,7454.6,7455.3,7452.9,7452.9,124
1784909220,7453.3,7458.1,7452.6,7457.8,116
1784909280,7458.1,7458.6,7456.2,7456.3,96
1784909340,7456.6,7457.3,7455.6,7456.1,94
1784909400,7455.8,7460.1,7455.8,7459.9,116
1784909460,7459.8,7460.1,7457.1,7457.3,90
1784909520,7457.1,7458.6,7455.8,7456.1,112
1784909580,7455.8,7456.6,7452.6,7452.8,128
1784909640,7452.9,7453.8,7451.8,7452.8,116
1784909700,7452.6,7453.3,7451.3,7452.4,113
1784909760,7452.6,7453.8,7451.8,7453.1,100
1784909820,7452.8,7453.3,7451.8,7452.3,124
1784909880,7452.6,7455.3,7452.1,7454.1,114
1784909940,7453.8,7456.1,7453.6,7454.6,96
1784910000,7455.1,7457.6,7454.4,7457.3,106
1784910060,7457.6,7457.6,7454.1,7455.6,102
1784910120,7455.4,7457.9,7455.1,7457.9,96
1784910180,7457.8,7457.8,7456.6,7456.7,86
1784910240,7456.8,7457.4,7455.6,7456.8,100
1784910300,7456.7,7457.8,7455.6,7457.8,126
1784910360,7457.9,7458.3,7457.3,7458.1,114
1784910420,7458.3,7458.7,7456.8,7456.8,98
1784910480,7457.1,7457.6,7456.3,7456.3,92
1784910540,7456.6,7457.1,7454.8,7454.8,98
1784910600,7455.1,7455.1,7448.1,7449.7,136
1784910660,7449.8,7450.9,7448.8,7449.6,136
1784910720,7450.2,7450.6,7447.8,7449.2,120
1784910780,7449.3,7450.1,7446.6,7447.2,100
1784910840,7447.1,7449.3,7446.8,7448.1,120
1784910900,7447.8,7449.6,7447.1,7448.4,114
1784910960,7448.6,7450.6,7448.1,7448.6,124
1784911020,7448.3,7449.3,7446.8,7449.1,116
1784911080,7449.2,7449.6,7445.8,7445.8,104
1784911140,7445.6,7447.3,7445.1,7445.8,108
1784911200,7445.3,7445.3,7443.1,7443.1,116
1784911260,7443.6,7443.6,7442.1,7443.4,120
1784911320,7443.3,7443.8,7441.1,7442.6,126
1784911380,7443.2,7443.2,7440.1,7441.3,124
1784911440,7441.1,7441.6,7439.3,7439.4,102
1784911500,7439.1,7441.1,7438.1,7440.6,148
1784911560,7440.2,7440.4,7438.3,7438.3,124
1784911620,7437.8,7439.1,7435.1,7435.3,144
1784911680,7435.1,7435.3,7433.3,7434.2,142
1784911740,7434.3,7435.1,7432.1,7434.3,142
1784911800,7434.6,7435.1,7433.1,7433.9,154
1784911860,7434.3,7434.8,7433.1,7434.1,138
1784911920,7434.3,7434.3,7431.8,7432.1,144
1784911980,7432.3,7432.8,7430.1,7431.8,130
1784912040,7431.6,7435.1,7431.6,7433.1,144
1784912100,7432.8,7436.3,7431.1,7434.8,138
1784912160,7435.1,7435.6,7433.8,7435.6,142
1784912220,7435.8,7438.1,7435.8,7438.1,130
1784912280,7437.8,7440.3,7437.3,7438.9,122
1784912340,7438.8,7439.8,7437.2,7437.3,106
1784912400,7437.7,7438.6,7435.6,7436.1,152
1784912460,7436.2,7436.3,7433.1,7436.2,150
1784912520,7436.1,7436.2,7434.3,7434.3,126
1784912580,7434.6,7435.3,7432.9,7433.9,100
1784912640,7434.3,7435.3,7433.6,7434.6,90
1784912700,7434.3,7436.1,7433.8,7434.8,122
1784912760,7435.1,7435.1,7427.8,7431.1,192
1784912820,7431.3,7431.6,7429.1,7429.4,172
1784912880,7429.3,7429.8,7426.6,7428.1,166
1784912940,7428.3,7429.2,7426.3,7426.6,116
1784913000,7426.3,7428.7,7425.3,7427.6,134
1784913060,7427.4,7430.8,7427.1,7429.6,130
1784913120,7429.3,7431.8,7429.3,7430.1,122
1784913180,7430.3,7432.2,7429.6,7431.1,126
1784913240,7431.3,7433.3,7431.3,7432.1,100
1784913300,7431.8,7433.1,7430.2,7430.6,122
1784913360,7430.8,7431.1,7429.3,7430.3,112
1784913420,7430.1,7434.6,7430.1,7434.3,132
1784913480,7434.6,7436.6,7433.1,7435.8,132
1784913540,7435.3,7437.6,7435.1,7436.8,84
1784913600,7437.1,7437.6,7435.6,7436.1,124
1784913660,7436.3,7437.6,7435.3,7435.6,108
1784913720,7435.3,7436.3,7431.8,7432.8,104
1784913780,7432.4,7434.3,7432.1,7432.6,112
1784913840,7432.8,7435.8,7432.1,7435.8,138
1784913900,7435.6,7436.3,7432.8,7436.1,116
1784913960,7436.3,7438.3,7435.9,7438.1,100
1784914020,7437.8,7440.6,7437.8,7439.9,106
1784914080,7440.1,7441.1,7439.3,7439.8,110
1784914140,7439.7,7440.6,7438.8,7440.3,114
1784914200,7440.1,7441.3,7438.1,7440.1,128
1784914260,7440.3,7441.6,7438.8,7441.1,110
1784914320,7441.3,7441.8,7439.1,7440.6,108
1784914380,7440.3,7442.8,7440.1,7442.3,94
1784914440,7442.1,7444.6,7441.8,7444.1,94
1784914500,7443.9,7444.1,7442.8,7443.6,112
1784914560,7443.3,7443.8,7441.2,7442.1,98
1784914620,7441.8,7442.1,7439.1,7439.6,116
1784914680,7439.3,7440.6,7438.8,7440.1,98
1784914740,7440.6,7440.6,7438,7438.6,108
1784914800,7438.8,7438.8,7436.5,7436.8,146
1784914860,7437,7437,7435,7436.3,122
1784914920,7436.5,7436.8,7435.3,7436.3,110
1784914980,7436,7436.8,7435,7435.5,108
1784915040,7435.8,7436.8,7434.3,7434.3,100
1784915100,7434,7434.8,7433,7434.1,114
1784915160,7434,7436.8,7434,7436.3,128
1784915220,7436.1,7437.5,7434.5,7434.5,86
1784915280,7434.8,7435,7432.8,7434.4,94
1784915340,7434.3,7436.8,7434,7436.8,118
1784915400,7437,7438,7435.5,7437.8,112
1784915460,7437.9,7438.8,7434.3,7434.3,134
1784915520,7434,7434.5,7433,7434.1,88
1784915580,7434.5,7436,7434.5,7435,114
1784915640,7434.8,7436.5,7434.5,7436.3,92
1784915700,7436.8,7437.5,7435,7435.3,100
1784915760,7435.8,7437.3,7434.9,7436.8,104
1784915820,7436.5,7436.8,7434.5,7434.8,108
1784915880,7434.5,7436.3,7434.5,7435.3,82
1784915940,7435.5,7435.5,7433.3,7433.3,80
1784916000,7433,7435.5,7432.8,7435.3,116
1784916060,7435.5,7436.3,7432.5,7432.5,100
1784916120,7432.4,7433,7431.5,7432.8,100
1784916180,7432.5,7433.3,7431.5,7431.5,104
1784916240,7431.8,7433,7431.6,7432.5,92
1784916300,7432.3,7432.9,7431.5,7432.5,100
1784916360,7432.3,7433.5,7431.9,7432.4,118
1784916420,7432.5,7435.5,7432.3,7435.5,112
1784916480,7435.8,7436.3,7434.3,7434.3,124
1784916540,7434.5,7435.6,7433.3,7433.5,106
1784916600,7433.8,7434.4,7431.8,7432,90
1784916660,7431.9,7432.4,7430.5,7430.8,102
1784916720,7431,7431,7429,7430.3,94
1784916780,7430.5,7430.8,7429,7429.5,94
1784916840,7429,7430.5,7428.5,7429.5,86
1784916900,7429.3,7429.5,7428.3,7429,98
1784916960,7429.3,7429.5,7428,7429,84
1784917020,7428.8,7430,7428.3,7428.5,94
1784917080,7428.8,7429,7426.5,7428.5,102
1784917140,7428.8,7429,7424.9,7425.5,108
1784917200,7425.3,7425.3,7422.5,7422.8,116
1784917260,7422.5,7423.3,7421.3,7421.4,112
1784917320,7421.5,7422.8,7421,7422,114
1784917380,7422.3,7422.8,7420.8,7422.3,136
1784917440,7422.5,7423,7421,7421.8,116
1784917500,7421.5,7422,7417.8,7419.4,144
1784917560,7419.5,7419.8,7417,7417.8,130
1784917620,7417.5,7418.5,7416.3,7416.5,98
1784917680,7416,7416.5,7415,7415.3,120
1784917740,7415.5,7417,7413.3,7413.5,106
1784917800,7413.8,7415,7413,7413.5,144
1784917860,7413.4,7413.4,7409.3,7410,148
1784917920,7409.9,7411.4,7409.8,7409.8,136
1784917980,7410,7411.3,7406.5,7407,145
1784918040,7406.9,7407.5,7404,7405,136
1784918100,7404.3,7405.5,7401.5,7404.8,146
1784918160,7405.3,7409.4,7404.5,7405.6,176
1784918220,7405.5,7407,7404.8,7404.9,132
1784918280,7405,7408.3,7404,7407.8,122
1784918340,7407.5,7407.5,7402.8,7405.8,140
1784918400,7405.5,7405.5,7401.5,7401.5,134
1784918460,7401.3,7403.1,7400.9,7400.9,156
1784918520,7400.6,7402.5,7400,7402,134
1784918580,7402.3,7404.3,7401.8,7402.8,152
1784918640,7402.9,7404,7401.5,7402,134
1784918700,7401.8,7407.3,7401.4,7406.8,148
1784918760,7407.3,7410.3,7407.3,7407.8,124
1784918820,7408,7410.3,7407.9,7409.6,130
1784918880,7409.8,7410.3,7406,7406,142
1784918940,7406.1,7407,7405.5,7406.3,122
1784919000,7406.5,7407.5,7404,7405.3,142
1784919060,7405.5,7408.5,7405.3,7406.3,136
1784919120,7406.5,7407.5,7405.5,7407.4,136
1784919180,7407.3,7408,7405.8,7407.3,138
1784919240,7406.9,7407,7404.1,7405.4,146
1784919300,7405.3,7407.3,7404.8,7407,126
1784919360,7407.3,7410.3,7406.1,7409.5,126
1784919420,7409.3,7410.5,7409,7409,102
1784919480,7408.9,7409.8,7407.5,7407.8,134
1784919540,7407.5,7409,7407,7407.5,130
1784919600,7408.5,7409.8,7406.3,7409,136
1784919660,7408.9,7412.8,7408,7409.5,114
1784919720,7409.8,7410.3,7406.8,7406.8,140
1784919780,7406.6,7407.6,7405.8,7406.5,114
1784919840,7407,7407.8,7405.8,7406.4,118
1784919900,7406.3,7409.5,7405.3,7408.8,128
1784919960,7409,7410.3,7406.3,7406.5,128
1784920020,7406.3,7406.5,7401,7401.5,142
1784920080,7401.3,7402.8,7400.8,7401.8,114
1784920140,7401.5,7401.8,7399.3,7399.8,118
1784920200,7400,7401,7398.5,7399.5,142
1784920260,7399.4,7401,7399,7400.5,124
1784920320,7400.8,7406,7400.8,7402.8,124
1784920380,7402.9,7403.5,7401.5,7402.3,110
1784920440,7402,7402,7399.8,7400,100
1784920500,7399.8,7401,7399,7399.5,122
1784920560,7399.3,7399.8,7398,7399.5,128
1784920620,7399.8,7401.5,7399,7399.4,126
1784920680,7399.8,7401.3,7399.4,7400.3,118
1784920740,7400.5,7401.8,7399.5,7401.8,114
1784920800,7401.4,7401.5,7399.5,7401,136
1784920860,7400.5,7403.4,7400,7403,142
1784920920,7402.5,7403.8,7402,7402.6,128
1784920980,7402.3,7402.5,7400.5,7400.8,114
1784921040,7401,7401.3,7396.8,7397.8,138
1784921100,7398,7399,7396.8,7397.8,110
1784921160,7397.5,7398.8,7397,7398.5,122
1784921220,7398.4,7401.5,7398.4,7399.5,124
1784921280,7399.3,7400.3,7398.3,7400.3,108
1784921340,7400.5,7402,7399.3,7400.3,136
1784921400,7400.5,7402.5,7400,7401.5,142
1784921460,7401.8,7403.8,7401,7403,156
1784921520,7403.3,7405.5,7403.3,7405.3,128
1784921580,7405.8,7406.8,7404,7405.8,164
1784921640,7405.3,7407,7404.5,7404.5,132
1784921700,7404.4,7410,7403.8,7408.9,174
1784921760,7408.8,7409.8,7405.8,7406.3,170
1784921820,7406.4,7410,7406.4,7408.5,128
1784921880,7408.8,7409.4,7407.5,7408.4,114
1784921940,7408.5,7409.3,7404.3,7404.8,130
1784922000,7404.5,7406.8,7404.3,7405.5,96
1784922060,7405.3,7405.3,7403,7404.1,116
1784922120,7404.3,7404.3,7402.8,7404,92
1784922180,7404.3,7404.8,7401.5,7404,126
1784922240,7403.8,7406.8,7403.3,7406.5,138
1784922300,7406.3,7408,7402.8,7403,134
1784922360,7402.9,7403.5,7402,7402.8,110
1784922420,7402.5,7404.3,7402,7402,100
1784922480,7402.3,7403.8,7401.5,7401.9,100
1784922540,7401.8,7407.1,7401.3,7407.1,136
1784922600,7407,7408.3,7402,7402,154
1784922660,7401.8,7402,7400.6,7401.3,148
1784922720,7401.5,7401.5,7400,7401.5,86
1784922780,7401.8,7404,7400.8,7403.5,122
1784922840,7403.8,7409.3,7403,7408.5,146
1784922900,7408.8,7408.8,7405.3,7405.3,124
1784922960,7404.3,7407.3,7404.3,7406.3,92
1784923020,7406,7408.8,7406,7408.3,96
1784923080,7408,7409.5,7407.5,7408.5,110
1784923140,7408.4,7414.5,7405,7412.5,182
