time,open,high,low,close,Volume
1781714520,24950.7,24953.2,24947.7,24948.7,164
1781714580,24949.2,24951.7,24947.7,24949.7,204
1781714640,24950.2,24952.7,24948.7,24950.2,208
1781714700,24949.7,24950.2,24943.2,24946.2,184
1781714760,24946.7,24949.2,24944.7,24945.7,152
1781714820,24944.7,24945.7,24939.7,24941.2,118
1781714880,24941.7,24942.7,24936.2,24936.7,182
1781714940,24937.2,24940.2,24936.2,24936.7,216
1781715000,24937.2,24938.7,24935.7,24936.7,174
1781715060,24936.2,24942.7,24936.2,24938.7,170
1781715120,24938.2,24942.2,24935.2,24941.2,148
1781715180,24940.2,24941.2,24935.2,24938.7,162
1781715240,24938.2,24941.7,24936.2,24940.7,182
1781715300,24940.2,24948.2,24940.2,24947.2,194
1781715360,24946.7,24947.2,24939.7,24943.7,166
1781715420,24944.2,24945.2,24941.7,24943.7,186
1781715480,24943.2,24946.2,24941.7,24946.2,144
1781715540,24945.7,24948.7,24944.2,24947.7,136
1781715600,24947.2,24955.2,24945.2,24950.7,202
1781715660,24951.2,24953.2,24949.2,24953.2,176
1781715720,24952.7,24955.2,24950.2,24951.7,186
1781715780,24951.2,24956.2,24951.2,24956.2,202
1781715840,24955.7,24956.2,24949.2,24950.7,168
1781715900,24950.2,24952.7,24938.7,24940.2,194
1781715960,24939.2,24943.7,24938.2,24939.7,164
1781716020,24938.7,24940.7,24934.2,24935.2,160
1781716080,24934.7,24939.7,24915.7,24939.7,200
1781716140,24940.2,24941.7,24936.7,24939.2,104
1781716200,24938.7,24941.7,24934.2,24934.7,142
1781716260,24935.2,24941.2,24934.7,24938.7,170
1781716320,24939.2,24941.2,24937.7,24940.7,104
1781716380,24941.2,24944.2,24939.7,24940.2,116
1781716440,24940.7,24940.7,24939.2,24939.7,70
1781716500,24939.2,24940.2,24934.7,24935.2,80
1781716560,24934.7,24938.7,24934.7,24935.7,48
1781716620,24936.2,24945.2,24935.7,24945.2,84
1781716680,24944.2,24947.7,24942.2,24946.7,84
1781716740,24946.2,24949.7,24946.2,24949.2,88
1781716800,24948.7,24948.7,24937.7,24942.7,50
1781716860,24942.2,24949.7,24942.2,24945.7,106
1781716920,24945.2,24948.7,24945.2,24945.7,36
1781716980,24944.7,24945.2,24941.2,24942.7,62
1781717040,24943.7,24943.7,24939.2,24939.2,74
1781717100,24939.7,24943.7,24939.7,24943.7,64
1781717160,24945.2,24948.2,24944.7,24947.7,70
1781717220,24946.7,24951.7,24946.7,24947.2,32
1781717280,24947.7,24947.7,24941.2,24943.7,90
1781717340,24943.2,24946.2,24943.2,24944.2,44
1781717400,24942.7,24945.2,24940.2,24941.2,98
1781717460,24940.7,24942.2,24939.7,24940.2,68
1781717520,24941.2,24943.2,24937.7,24938.7,74
1781717580,24938.2,24943.2,24937.7,24941.7,82
1781717640,24941.2,24941.2,24935.7,24938.7,90
1781717700,24939.7,24941.2,24936.7,24937.2,62
1781717760,24937.7,24941.7,24936.7,24941.7,40
1781717820,24943.7,24943.7,24937.7,24937.7,68
1781717880,24937.2,24939.7,24935.7,24939.2,84
1781717940,24938.7,24939.2,24936.2,24936.7,54
1781718000,24936.2,24942.2,24934.7,24942.2,64
1781718060,24941.7,24945.7,24939.7,24945.2,67
1781718120,24945.7,24946.7,24943.2,24946.2,36
1781718180,24946.7,24946.7,24941.7,24943.2,58
1781718240,24941.7,24945.7,24941.7,24944.7,64
1781718300,24945.7,24948.2,24944.2,24946.7,48
1781718360,24947.2,24947.2,24943.7,24946.7,84
1781718420,24946.2,24947.7,24944.2,24946.7,92
1781718480,24947.7,24949.2,24945.7,24949.2,66
1781718540,24949.7,24951.7,24947.7,24950.2,102
1781718600,24949.7,24949.7,24938.2,24946.7,126
1781718660,24946.2,24950.2,24945.7,24950.2,56
1781718720,24949.7,24952.2,24947.7,24948.7,84
1781718780,24951.2,24958.7,24951.2,24956.2,86
1781718840,24955.7,24957.7,24953.2,24957.2,60
1781718900,24957.7,24958.2,24951.7,24952.2,70
1781718960,24952.7,24958.2,24951.2,24957.2,120
1781719020,24957.7,24957.7,24955.7,24956.2,26
1781719080,24955.7,24958.2,24954.2,24958.2,26
1781719140,24956.7,24966.7,24953.7,24966.7,52
1781719200,24952.7,24956.7,24918.7,24918.7,77
1781719260,24918.2,24927.7,24911.1,24919.7,74
1781719320,24921.7,24924.7,24892.2,24892.2,142
1781719380,24893.7,24899.2,24874.2,24879.7,286
1781719440,24877.7,24887.2,24859.2,24860.2,287
1781719500,24860.7,24864.7,24844.2,24852.2,291
1781719560,24851.2,24877.2,24851.2,24875.2,248
1781719620,24873.7,24893.2,24869.7,24884.2,308
1781719680,24884.7,24901.7,24880.7,24891.2,326
1781719740,24890.7,24907.2,24888.7,24902.7,306
1781719800,24901.2,24911.2,24894.2,24899.2,306
1781719860,24900.7,24907.2,24897.7,24906.7,250
1781719920,24906.2,24910.7,24891.7,24910.7,256
1781719980,24909.7,24909.7,24885.7,24886.7,278
1781720040,24887.2,24900.7,24884.7,24898.2,248
1781720100,24898.7,24924.7,24898.2,24922.2,206
1781720160,24922.7,24924.2,24912.7,24916.2,242
1781720220,24917.2,24920.2,24908.2,24913.7,196
1781720280,24914.2,24923.2,24913.7,24923.2,148
1781720340,24921.7,24926.2,24919.7,24923.2,134
1781720400,24923.7,24924.7,24908.2,24908.2,158
1781720460,24907.2,24918.7,24906.7,24917.2,208
1781720520,24917.7,24919.7,24911.2,24911.7,148
1781720580,24912.7,24922.2,24911.2,24918.7,156
1781720640,24919.2,24920.2,24909.7,24917.7,190
1781720700,24916.7,24917.2,24901.7,24914.2,268
1781720760,24913.7,24922.7,24909.7,24909.7,244
1781720820,24910.2,24913.7,24903.2,24912.7,234
1781720880,24913.7,24919.2,24909.7,24914.7,228
1781720940,24914.2,24924.2,24912.7,24919.7,240
1781721000,24920.2,24922.7,24909.6,24913.7,197
1781721060,24916.2,24942.2,24915.7,24941.7,172
1781721120,24941.2,24944.7,24898.2,24916.7,341
1781721180,24918.7,24930.7,24894.7,24902.7,347
1781721240,24897.7,24915.2,24888.7,24895.7,260
1781721300,24897.7,24920.7,24896.7,24913.7,241
1781721360,24915.7,24939.7,24910.7,24938.2,382
1781721420,24935.2,24946.7,24926.2,24929.7,294
1781721480,24930.2,24943.2,24929.2,24943.2,230
1781721540,24942.7,24948.2,24931.2,24935.7,278
1781721600,24934.2,24941.2,24931.7,24937.7,244
1781721660,24936.7,24961.2,24927.7,24953.2,300
1781721720,24952.7,24962.7,24948.2,24961.7,236
1781721780,24960.7,24973.2,24955.2,24968.7,300
1781721840,24968.2,24974.2,24958.7,24969.2,302
1781721900,24968.2,24968.2,24948.2,24948.7,218
1781721960,24948.2,24966.2,24948.2,24962.7,286
1781722020,24961.7,24994.2,24961.7,24991.7,280
1781722080,24991.2,24991.2,24971.2,24975.2,212
1781722140,24975.7,24978.7,24970.2,24971.7,188
1781722200,24970.7,24976.7,24962.7,24967.2,230
1781722260,24966.7,24975.2,24965.2,24970.2,250
1781722320,24969.7,24984.7,24965.7,24977.2,242
1781722380,24975.7,24976.2,24961.2,24961.7,178
1781722440,24962.7,24971.7,24961.7,24964.7,214
1781722500,24963.7,24963.7,24943.2,24944.2,234
1781722560,24945.2,24948.7,24934.2,24934.7,238
1781722620,24935.2,24937.2,24921.2,24925.7,198
1781722680,24926.2,24928.7,24894.2,24897.2,232
1781722740,24897.7,24919.7,24897.7,24915.2,292
1781722800,24915.7,24934.2,24910.7,24930.2,308
1781722860,24930.7,24930.7,24910.7,24916.2,268
1781722920,24915.2,24938.2,24914.7,24916.2,299
1781722980,24913.7,24921.7,24900.2,24917.7,298
1781723040,24916.7,24923.7,24905.7,24911.7,202
1781723100,24912.7,24919.7,24905.7,24917.7,214
1781723160,24917.7,24929.7,24914.7,24915.2,252
1781723220,24915.7,24924.7,24908.2,24913.2,224
1781723280,24912.7,24928.7,24912.7,24918.2,251
1781723340,24918.7,24922.7,24905.2,24907.2,250
1781723400,24906.2,24907.7,24890.7,24894.2,292
1781723460,24891.2,24896.2,24874.7,24876.7,247
1781723520,24877.2,24895.7,24872.7,24894.2,234
1781723580,24894.7,24929.2,24893.2,24926.7,283
1781723640,24926.2,24926.2,24909.7,24914.2,308
1781723700,24917.2,24921.2,24891.7,24894.7,266
1781723760,24895.2,24902.2,24887.2,24889.2,192
1781723820,24888.2,24895.2,24880.2,24880.7,198
1781723880,24880.2,24884.2,24861.7,24862.7,214
1781723940,24863.7,24877.2,24858.2,24858.2,182
1781724000,24855.7,24857.2,24833.2,24834.7,282
1781724060,24835.2,24837.7,24821.2,24829.2,312
1781724120,24827.7,24844.7,24824.7,24833.2,320
1781724180,24833.7,24841.7,24819.7,24832.2,320
1781724240,24831.2,24833.2,24818.7,24823.7,288
1781724300,24822.7,24844.7,24821.7,24839.7,346
1781724360,24840.2,24854.2,24839.2,24853.7,290
1781724420,24853.2,24860.2,24832.7,24838.2,298
1781724480,24836.7,24840.7,24826.7,24831.7,242
1781724540,24833.2,24836.7,24823.2,24832.7,260
1781724600,24831.7,24839.7,24826.7,24828.7,354
1781724660,24828.2,24843.2,24825.7,24833.2,312
1781724720,24831.7,24834.7,24817.7,24822.7,344
1781724780,24822.2,24834.7,24819.7,24829.7,316
1781724840,24830.2,24838.7,24826.2,24832.7,284
1781724900,24831.2,24842.7,24829.2,24832.2,326
1781724960,24833.2,24838.2,24820.2,24836.2,308
1781725020,24835.7,24848.7,24832.7,24838.7,320
1781725080,24839.7,24842.2,24815.7,24815.7,256
1781725140,24819.2,24828.2,24807.7,24811.7,318
1781725200,24811.2,24820.2,24798.7,24800.7,360
1781725260,24801.7,24814.7,24799.2,24803.7,316
1781725320,24803.2,24809.2,24794.2,24806.2,316
1781725380,24805.7,24820.7,24803.7,24812.7,296
1781725440,24813.2,24813.2,24800.7,24806.2,292
1781725500,24809.2,24821.7,24808.2,24808.2,260
1781725560,24808.7,24835.7,24802.7,24833.2,223
1781725620,24832.7,24839.2,24828.2,24835.7,208
1781725680,24836.2,24849.2,24836.2,24847.2,178
1781725740,24846.7,24846.7,24823.2,24829.7,256
1781725800,24831.2,24837.7,24807.7,24816.7,181
1781725860,24817.7,24818.7,24799.7,24803.7,122
1781725920,24804.7,24805.2,24798.7,24802.2,145
1781725980,24803.2,24811.7,24800.7,24805.2,129
1781726040,24806.7,24818.7,24805.2,24813.7,136
1781726100,24812.2,24841.7,24812.2,24831.7,153
1781726160,24830.7,24840.2,24825.7,24839.7,99
1781726220,24838.2,24841.2,24826.7,24831.7,82
1781726280,24831.7,24834.7,24824.6,24825.1,64
1781726340,24823.6,24831.2,24810.7,24814.7,130
1781726400,24808.6,24825.6,24808.6,24823.9,472
1781726460,24822.9,24830.2,24822,24823.2,357
1781726520,24823.9,24832.8,24823.2,24825.8,285
1781726580,24825.6,24825.6,24815.7,24821.7,248
1781726640,24822,24822.5,24812.4,24817.7,272
1781726700,24818.4,24819.1,24814.3,24817.2,196
1781726760,24816.9,24822,24814.5,24819.3,246
1781726820,24819.1,24819.6,24807.6,24809.7,228
1781726880,24810,24816,24808.3,24814.8,236
1781726940,24814.3,24822.5,24812.6,24818.6,230
1781727000,24819.1,24821.7,24817.2,24820.5,216
1781727060,24820.3,24827.5,24811.9,24811.9,258
1781727120,24811.2,24811.9,24803,24806.3,246
1781727180,24806.1,24806.1,24797.9,24799.6,238
1781727240,24799.4,24811.9,24797.5,24806.1,258
1781727300,24805.1,24809,24803,24806.1,206
1781727360,24805.6,24810.9,24804.9,24809.7,180
1781727420,24809,24819.3,24808.5,24818.6,204
1781727480,24819.1,24823.9,24816,24822.9,206
1781727540,24822.7,24829.4,24822.7,24828,172
1781727600,24829.2,24841,24829.2,24836.9,285
1781727660,24837.1,24839.1,24830.2,24838.1,243
1781727720,24838.6,24844.3,24835.4,24841.4,228
1781727780,24841.7,24844.6,24840,24840.5,202
1781727840,24840,24842.4,24836.6,24838.3,224
1781727900,24838.6,24841,24835.9,24840,198
1781727960,24840.5,24845.5,24839.8,24844.8,195
1781728020,24844.3,24847.5,24842.7,24843.4,158
1781728080,24843.1,24843.6,24839,24842.2,138
1781728140,24842.9,24844.8,24841.4,24843.9,148
1781728200,24844.1,24845.8,24840.2,24844.8,116
1781728260,24845.3,24852.5,24845.3,24848.9,138
1781728320,24849.4,24849.6,24845.1,24846.3,156
1781728380,24847.9,24848.2,24840.2,24840.7,160
1781728440,24841,24846,24840,24845.3,172
1781728500,24845.1,24852,24845.1,24850.8,170
1781728560,24850.1,24856.6,24850.1,24855.9,144
1781728620,24856.4,24860.2,24854.9,24858.5,142
1781728680,24858.8,24862.4,24854.4,24860.9,152
1781728740,24861.2,24862.9,24858.3,24858.8,122
1781728800,24858.3,24858.8,24854.9,24858,86
1781728860,24857.6,24859,24852.5,24853.2,134
1781728920,24853,24854.4,24850.1,24850.6,98
1781728980,24850.1,24853.5,24849.9,24852.5,110
1781729040,24853,24857.1,24852.3,24855.2,158
1781729100,24854.9,24855.6,24852.5,24854.2,100
1781729160,24854,24859,24854,24856.1,138
1781729220,24855.4,24856.4,24853.2,24855.9,106
1781729280,24856.4,24857.1,24853.2,24853.7,124
1781729340,24853.2,24855.9,24851.5,24852,142
1781729400,24852.5,24856.4,24849.1,24850.6,124
1781729460,24851,24851.5,24845.5,24845.7,104
1781729520,24846,24847.7,24841.7,24844.1,116
1781729580,24842.1,24844.5,24842.1,24843.8,104
1781729640,24844.3,24850.1,24844.3,24849.1,92
1781729700,24849.6,24851,24846.7,24846.7,100
1781729760,24846.9,24850.1,24845,24847.9,118
1781729820,24848.1,24848.6,24844.3,24848.6,86
1781729880,24848.1,24849.6,24846.7,24848.1,128
1781733720,24847.8,24857,24845.7,24852.4,196
1781733780,24853.6,24856.7,24850,24850.7,196
1781733840,24850.2,24855.5,24848.6,24849.5,192
1781733900,24850.5,24865.4,24850.5,24864.4,150
1781733960,24864.7,24865.2,24861.1,24861.5,139
1781734020,24861.8,24864.2,24861.5,24862.8,124
1781734080,24863,24864.2,24862.5,24863.7,108
1781734140,24862,24871.9,24862,24870,250
1781734200,24870,24877.6,24869,24875.2,149
1781734260,24875,24884.4,24873.8,24883.7,177
1781734320,24883.9,24890.1,24883.4,24889.2,184
1781734380,24889.4,24890.1,24887.3,24887.7,116
1781734440,24887.5,24890.1,24885.1,24886.5,136
1781734500,24887,24889.9,24883.9,24884.1,144
1781734560,24884.6,24891.9,24883.9,24891.4,118
1781734620,24891.7,24894.1,24888.3,24888.3,94
1781734680,24889,24889,24887.1,24887.8,68
1781734740,24887.6,24887.6,24882.5,24885.4,66
1781734800,24885.2,24896.4,24885.2,24895.9,163
1781734860,24895.7,24896.4,24892.1,24892.1,109
1781734920,24891.8,24895.7,24890.9,24893.3,116
1781734980,24893,24902,24893,24900.1,124
1781735040,24900.3,24905.1,24897.7,24904.2,140
1781735100,24904.4,24905.9,24896.7,24903.4,127
1781735160,24903.2,24905.4,24897.4,24897.7,79
1781735220,24897.4,24903.2,24889.3,24896.5,57
1781735280,24897.7,24901,24897.7,24899.4,58
1781735340,24899.1,24899.4,24895.5,24895.8,74
1781735400,24895.5,24899.8,24891.2,24894.3,108
1781735460,24895.3,24898.6,24895.3,24895.8,76
1781735520,24896,24898.6,24895.3,24895.3,60
1781735580,24894.3,24896.5,24892.2,24894.1,92
1781735640,24894.3,24896.7,24894.1,24894.1,74
1781735700,24894.3,24903.9,24894.3,24903.9,54
1781735760,24903.7,24904.4,24899.4,24901,74
1781735820,24900.8,24904.7,24900.8,24901.3,50
1781735880,24901,24902.5,24898.6,24902,68
1781735940,24902.5,24903,24900.3,24900.6,26
1781736000,24899.6,24900.1,24898.2,24898.2,40
1781736060,24898.4,24899.8,24897.7,24899.4,36
1781736120,24899.8,24900.3,24899.6,24899.8,30
1781736180,24900.8,24901,24898.2,24898.2,52
1781736240,24898.4,24898.4,24896.2,24897.7,48
1781736300,24897.9,24898.2,24897,24897,38
1781736360,24897.2,24901,24897.2,24899.4,88
1781736420,24899.1,24902,24899.1,24900.1,58
1781736480,24899.8,24900.1,24898.2,24900.1,36
1781736540,24899.8,24901.5,24899.8,24900.1,28
1781736600,24899.6,24900.6,24899.1,24899.8,56
1781736660,24900.1,24901.3,24897.7,24898.2,50
1781736720,24898.4,24900.6,24898.4,24899.6,31
1781736780,24899.4,24901,24898.6,24899.6,45
1781736840,24899.8,24901,24899.4,24900.8,30
1781736900,24900.1,24902,24900.1,24900.1,38
1781736960,24900.3,24901.3,24898.6,24899.1,68
1781737020,24898.9,24900.8,24898.9,24900.3,32
1781737080,24899.8,24901,24898.6,24898.6,60
1781737140,24898.4,24900.3,24898.4,24899.6,52
1781737200,24899.8,24900.8,24898.2,24898.4,36
1781737260,24898.9,24900.6,24898.2,24898.2,28
1781737320,24898.4,24903,24897.9,24902.3,48
1781737380,24902,24902.7,24902,24902.3,22
1781737440,24902.7,24903.9,24902.3,24902.7,30
1781737500,24903,24903,24900.1,24900.1,42
1781737560,24900.3,24903.2,24898.4,24902.7,78
1781737620,24903.2,24908.5,24903.2,24907.1,44
1781737680,24907.5,24909.5,24905.9,24906.6,44
1781737740,24907.3,24915.2,24899.4,24906.1,84
1781737800,24905.1,24906.4,24903.7,24906.4,60
1781737860,24906.6,24907.3,24904.2,24904.4,94
1781737920,24906.1,24909,24906.1,24908.5,66
1781737980,24909,24912.1,24909,24911.6,46
1781738040,24910.9,24917.2,24910.4,24916.9,68
1781738100,24917.2,24920.1,24915.7,24916,96
1781738160,24915.7,24917.4,24915.7,24917.2,62
1781738220,24916.9,24921,24916.7,24919.8,63
1781738280,24919.6,24924.4,24919.3,24921.7,123
1781738340,24922.2,24922.5,24921.3,24922,32
1781738400,24922.2,24925.6,24922,24925.6,78
1781738460,24925.3,24926.3,24924.4,24924.9,70
1781738520,24924.6,24931.1,24924.6,24928.5,88
1781738580,24928.7,24930.4,24917.7,24930.4,91
1781738640,24930.9,24932.1,24930.2,24930.4,72
1781738700,24930.2,24931.1,24929.9,24930.9,24
1781738760,24931.4,24933,24930.4,24930.9,77
1781738820,24931.1,24933.3,24929.9,24933.3,43
1781738880,24933.5,24936.7,24933.5,24934.7,74
1781738940,24935.9,24935.9,24934.7,24934.7,24
1781739000,24934,24936.7,24930.9,24936.7,86
1781739060,24936.2,24940.3,24935.9,24937.4,94
1781739120,24937.1,24937.1,24923.4,24931.4,76
1781739180,24931.1,24931.4,24927.5,24927.5,64
1781739240,24927.3,24930.1,24926.1,24929.7,72
1781739300,24929.4,24929.4,24926.1,24927,56
1781739360,24926.5,24927,24923.4,24925.6,80
1781739420,24925.1,24925.6,24921.5,24921.7,58
1781739480,24922,24922,24920.3,24921.7,58
1781739540,24921,24922.7,24919.1,24922.2,82
1781739600,24922.5,24923.2,24920,24920.3,62
1781739660,24919.8,24919.8,24916.9,24918.1,86
1781739720,24917.9,24920.3,24917.6,24918.1,76
1781739780,24918.4,24925.7,24918.4,24923.1,68
1781739840,24922.8,24926.7,24922.1,24926.7,40
1781739900,24926.4,24926.4,24922.8,24925.9,140
1781739960,24926.2,24930.8,24925.9,24928.6,140
1781740020,24928.8,24931.2,24927.1,24928.1,108
1781740080,24928.3,24933.4,24928.1,24932.7,74
1781740140,24932.9,24936.3,24928.2,24928.2,112
1781740200,24928.4,24929.6,24926.5,24927.5,108
1781740260,24927,24929.9,24926.7,24928.9,98
1781740320,24929.2,24934.7,24926.7,24934.2,88
1781740380,24933.7,24936.1,24932,24932,104
1781740440,24931.6,24931.6,24929.2,24931.3,54
1781740500,24931.1,24931.3,24928.2,24928.9,72
1781740560,24929.2,24930.8,24926,24927,88
1781740620,24927.5,24929.2,24926,24928.4,98
1781740680,24928.9,24930.6,24927.2,24928.9,94
1781740740,24929.2,24935.4,24929.2,24935.4,98
1781740800,24936.1,24953.3,24930.4,24950.2,305
1781740860,24950.4,24957.4,24948,24956.7,305
1781740920,24956.9,24965.5,24956.7,24960.9,238
1781740980,24960.7,24967.4,24958.7,24959.2,216
1781741040,24958.7,24965.5,24958.7,24965,178
1781741100,24966,24970.1,24965,24968.1,198
1781741160,24967.9,24986.6,24966.9,24984.2,340
1781741220,24984.7,24986.9,24977.7,24978,312
1781741280,24978.5,24979.8,24969.5,24975.5,295
1781741340,24976.2,24985.1,24973.3,24977.7,237
1781741400,24978.4,24986.1,24974.5,24986.1,237
1781741460,24986.6,24989.9,24981.7,24982.2,252
1781741520,24982.7,24984.6,24973.7,24976.6,262
1781741580,24976.4,24986,24973,24984.8,292
1781741640,24984.6,24994.7,24983.1,24991.8,262
1781741760,25028.9,25030.9,25013.9,25025.9,66
1781741820,25026.9,25034.9,25002.9,25007.9,54
1781741880,25008.4,25008.4,24974.9,24982.9,135
1781741940,24982.9,24984.9,24966.9,24966.9,39
1781742000,24961.4,24968.9,24948.9,24966.9,98
1781742060,24967.9,24971.9,24964.4,24966.9,84
1781742120,24964.9,24966.4,24951.9,24956.9,90
1781742180,24957.4,24959.9,24942.4,24957.9,62
1781742240,24957.4,24957.4,24925.9,24937.4,40
1781742300,24933.9,24934.4,24927.4,24927.9,32
1781742360,24927.4,24936.9,24910.4,24910.4,86
1781742420,24911.4,24918.4,24892.9,24914.9,59
1781742480,24915.9,24920.4,24908.4,24915.9,90
1781742540,24916.4,24926.4,24914.9,24924.4,70
1781742600,24924.9,24929.4,24921.9,24928.4,66
1781742660,24927.9,24931.9,24923.9,24928.9,50
1781742720,24928.4,24931.9,24909.9,24918.9,53
1781742780,24919.9,24921.4,24914.4,24915.9,62
1781742840,24915.4,24918.9,24914.9,24918.4,20
1781742900,24916.4,24916.4,24905.9,24907.4,40
1781742960,24905.9,24919.9,24905.9,24915.4,90
1781743020,24911.4,24918.4,24911.4,24916.4,58
1781743080,24917.9,24921.4,24917.4,24917.9,28
1781743140,24917.4,24918.4,24915.9,24917.9,13
1781743200,24917.4,24917.9,24913.9,24914.9,26
1781743260,24914.4,24914.4,24911.9,24911.9,22
1781743320,24912.4,24916.4,24909.9,24912.4,44
1781743380,24913.4,24914.4,24909.4,24914.4,24
1781743440,24903.9,24909.4,24903.9,24908.4,32
1781743500,24909.9,24910.4,24898.9,24901.9,78
1781743560,24903.9,24904.4,24896.9,24901.9,68
1781743620,24903.9,24909.9,24901.4,24908.4,46
1781743680,24906.9,24908.4,24898.9,24903.9,32
1781743740,24906.9,24906.9,24904.9,24904.9,10
1781743800,24903.9,24904.9,24890.9,24895.4,40
1781743860,24894.9,24894.9,24880.9,24886.4,70
1781743920,24883.9,24886.9,24869.9,24873.9,80
1781743980,24872.9,24882.9,24865.4,24878.4,78
1781744040,24876.4,24880.9,24858.9,24868.9,101
1781744100,24871.4,24874.4,24856.9,24867.9,59
1781744160,24865.9,24865.9,24859.9,24860.9,14
1781744220,24859.9,24862.9,24859.9,24861.9,6
1781744280,24859.9,24865.9,24859.9,24859.9,36
1781744340,24857.9,24859.9,24842.9,24854.4,21
1781744400,24857.9,24858.9,24850.9,24851.9,86
1781744460,24849.9,24867.4,24849.9,24866.4,57
1781744520,24865.9,24872.4,24864.9,24864.9,50
1781744580,24861.9,24871.9,24859.9,24868.9,86
1781744640,24867.9,24871.4,24860.4,24863.9,78
1781744700,24867.4,24868.9,24857.9,24863.4,94
1781744760,24864.4,24868.4,24855.9,24858.9,77
1781744820,24858.4,24867.9,24856.9,24862.4,102
1781744880,24864.4,24872.4,24856.9,24867.9,67
1781744940,24869.4,24869.4,24856.9,24868.9,77
1781745000,24869.9,24870.9,24855.9,24869.9,43
1781745060,24866.4,24870.4,24865.4,24869.9,50
1781745120,24866.4,24873.9,24866.4,24868.9,31
1781745180,24870.9,24872.9,24861.9,24864.9,53
1781745240,24865.9,24866.9,24861.9,24862.4,40
1781745300,24859.9,24861.9,24846.4,24847.4,79
1781745360,24850.4,24855.4,24850.4,24854.4,28
1781745420,24851.9,24857.4,24851.4,24853.9,49
1781745480,24853.9,24855.9,24852.4,24854.4,14
1781745540,24856.4,24857.4,24856.4,24857.4,4
1781745600,24858.4,24858.4,24857.4,24857.4,4
1781745660,24858.4,24878.4,24857.9,24877.9,46
1781745720,24875.4,24880.4,24874.4,24879.4,54
1781745780,24876.9,24878.4,24874.4,24877.9,56
1781745840,24878.9,24879.4,24875.9,24877.4,44
1781745900,24878.4,24888.9,24877.4,24886.9,56
1781745960,24886.4,24888.4,24881.9,24885.9,48
1781746020,24886.9,24890.4,24886.4,24887.9,34
1781746080,24890.4,24893.9,24887.9,24890.4,34
1781746140,24891.4,24891.4,24876.4,24878.4,46
1781746200,24878.9,24887.4,24878.9,24887.4,82
1781746260,24884.4,24884.9,24881.9,24881.9,30
1781746320,24880.9,24889.4,24880.9,24889.4,46
1781746380,24889.9,24902.9,24888.9,24901.9,94
1781746440,24900.4,24904.4,24893.9,24898.9,80
1781746500,24895.9,24897.9,24885.9,24887.9,107
1781746560,24889.4,24889.9,24875.9,24881.9,84
1781746620,24881.9,24883.9,24874.4,24879.4,73
1781746680,24875.9,24879.9,24871.9,24878.4,24
1781746740,24885.9,24885.9,24876.4,24880.9,47
1781746800,24885.9,24890.4,24878.9,24886.4,77
1781746860,24884.4,24898.4,24884.4,24893.9,41
1781746920,24893.4,24895.4,24889.9,24893.9,44
1781746980,24894.9,24896.9,24892.9,24895.9,24
1781747040,24897.9,24900.4,24886.4,24888.9,80
1781747100,24884.9,24889.9,24882.9,24888.9,66
1781747160,24888.4,24889.4,24882.4,24884.4,36
1781747220,24885.4,24893.4,24879.4,24880.9,128
1781747280,24883.4,24884.4,24879.4,24879.4,30
1781747340,24880.4,24884.9,24879.4,24882.9,42
1781747400,24883.9,24884.9,24879.9,24881.9,20
1781747460,24879.9,24879.9,24873.9,24876.9,60
1781747520,24877.9,24889.4,24876.9,24889.4,70
1781747580,24888.9,24893.9,24886.4,24893.9,56
1781747640,24888.4,24888.9,24876.4,24876.4,24
1781747700,24877.4,24887.4,24877.4,24881.9,38
1781747760,24886.9,24886.9,24869.9,24869.9,84
1781747820,24877.9,24882.9,24873.9,24876.4,57
1781747880,24875.4,24883.4,24875.4,24880.9,36
1781747940,24881.9,24883.9,24879.9,24881.4,30
1781748000,24879.4,24884.9,24879.4,24880.4,24
1781748060,24882.4,24883.4,24879.4,24881.9,24
1781748120,24884.9,24885.9,24884.4,24885.4,12
1781748180,24885.9,24885.9,24883.4,24884.4,18
1781748240,24885.9,24895.4,24885.9,24895.4,38
1781748300,24894.9,24894.9,24893.9,24893.9,4
1781748360,24892.9,24895.9,24892.4,24894.4,30
1781748420,24897.4,24899.9,24891.9,24896.4,52
1781748480,24895.4,24903.9,24895.4,24901.9,38
1781748540,24902.4,24906.4,24901.9,24905.9,14
1781748600,24902.4,24903.9,24900.4,24903.9,38
1781748660,24901.4,24903.9,24893.9,24898.4,82
1781748720,24893.9,24904.9,24892.9,24904.9,58
1781748780,24905.4,24909.9,24904.4,24909.9,58
1781748840,24905.9,24907.9,24902.4,24903.4,48
1781748900,24905.4,24905.4,24897.4,24898.9,54
1781748960,24897.9,24902.9,24897.9,24902.9,28
1781749020,24900.9,24903.4,24900.9,24903.4,20
1781749080,24901.4,24901.4,24897.9,24897.9,7
1781749140,24897.4,24897.4,24895.9,24895.9,8
1781749200,24897.4,24897.4,24897.4,24897.4,2
1781749260,24895.9,24895.9,24895.9,24895.9,2
1781749380,24897.4,24899.4,24897.4,24899.4,6
1781749440,24895.9,24898.4,24895.4,24896.4,18
1781749500,24895.4,24895.4,24891.4,24892.9,22
1781749620,24891.9,24893.4,24890.4,24891.9,18
1781749680,24892.9,24892.9,24890.9,24890.9,20
1781749740,24891.9,24894.9,24891.4,24891.4,18
1781749800,24892.9,24894.9,24879.9,24879.9,43
1781749860,24880.9,24881.4,24873.4,24875.9,44
1781749920,24877.4,24882.4,24876.4,24879.9,42
1781749980,24879.4,24890.4,24879.4,24890.4,34
1781750040,24887.4,24889.4,24883.4,24885.4,38
1781750100,24883.9,24884.9,24878.4,24881.9,34
1781750160,24886.9,24888.4,24878.4,24879.4,44
1781750220,24878.4,24879.9,24878.4,24878.9,6
1781750280,24880.9,24882.4,24879.9,24881.4,12
1781750340,24882.4,24883.4,24880.4,24883.4,22
1781750400,24881.9,24887.9,24876.9,24883.9,35
1781750460,24882.9,24883.9,24879.4,24880.4,30
1781750520,24879.4,24881.4,24879.4,24880.4,20
1781750580,24881.9,24882.4,24880.4,24881.4,26
1781750640,24882.4,24882.4,24881.4,24881.9,10
1781750700,24882.4,24882.9,24882.4,24882.9,12
1781750760,24884.4,24884.4,24879.4,24879.4,8
1781750820,24880.4,24880.4,24877.4,24880.4,18
1781750880,24879.4,24884.4,24879.4,24879.9,16
1781750940,24879.4,24886.9,24879.4,24882.4,18
1781751000,24882.9,24885.4,24879.4,24885.4,20
1781751060,24886.9,24887.9,24881.4,24885.4,38
1781751120,24883.4,24888.9,24882.4,24885.4,48
1781751180,24884.4,24885.4,24882.4,24883.4,22
1781751240,24880.9,24881.4,24874.9,24880.4,24
1781751300,24878.4,24880.4,24878.4,24880.4,16
1781751360,24878.4,24880.4,24877.4,24877.4,32
1781751420,24874.9,24875.4,24868.4,24870.9,38
1781751540,24872.4,24872.4,24872.4,24872.4,2
1781751600,24873.9,24873.9,24871.9,24871.9,18
1781751660,24873.9,24878.9,24871.9,24877.9,22
1781751720,24876.9,24876.9,24876.9,24876.9,2
1781751780,24877.4,24878.9,24875.4,24875.9,18
1781751840,24876.4,24876.4,24875.4,24875.9,12
1781751900,24876.4,24876.9,24866.4,24866.9,36
1781751960,24869.4,24870.4,24864.9,24865.9,30
1781752020,24868.4,24868.4,24859.9,24861.9,38
1781752080,24864.9,24864.9,24857.9,24860.9,26
1781752200,24859.9,24859.9,24858.9,24858.9,8
1781752260,24857.9,24858.4,24857.4,24857.4,6
1781752320,24857.9,24859.4,24857.9,24859.4,6
1781752380,24858.4,24859.9,24850.4,24853.9,22
1781752440,24854.4,24858.9,24854.4,24858.9,6
1781752560,24858.9,24858.9,24851.4,24852.9,11
1781752620,24856.9,24857.4,24852.4,24856.4,38
1781752680,24855.4,24856.4,24852.4,24854.9,18
1781752800,24854.4,24869.9,24854.4,24869.9,14
1781752860,24867.4,24871.9,24866.9,24869.9,24
1781752920,24869.4,24869.9,24865.9,24866.9,22
1781752980,24865.4,24865.4,24852.9,24854.4,30
1781753040,24853.9,24858.4,24853.9,24857.4,6
1781753100,24858.4,24864.9,24852.9,24863.4,26
1781753160,24867.4,24867.4,24862.9,24863.9,36
1781753220,24863.4,24870.4,24862.4,24866.9,34
1781753280,24869.9,24873.4,24868.4,24871.4,48
1781753340,24871.9,24871.9,24864.4,24864.4,14
1781753400,24865.9,24878.9,24865.9,24875.4,50
1781753460,24874.4,24875.9,24873.4,24875.9,38
1781753520,24876.4,24878.4,24876.4,24878.4,8
1781753580,24875.4,24875.4,24867.9,24870.4,12
1781753640,24869.4,24870.4,24868.4,24869.9,22
1781753700,24868.4,24869.4,24868.4,24868.4,6
1781753760,24865.4,24867.4,24849.9,24854.9,34
1781753820,24853.9,24859.9,24853.4,24858.4,20
1781753880,24858.9,24861.9,24857.4,24860.4,16
1781753940,24858.9,24859.9,24858.9,24859.4,8
1781754000,24857.4,24864.9,24857.4,24858.9,40
1781754060,24856.9,24860.4,24853.9,24856.9,42
1781754120,24860.9,24860.9,24857.9,24858.9,32
1781754180,24859.9,24859.9,24857.9,24859.9,10
1781754240,24864.9,24864.9,24864.9,24864.9,2
1781754300,24864.4,24864.9,24864.4,24864.9,4
1781754360,24866.4,24869.4,24866.4,24866.9,10
1781754420,24866.4,24867.4,24865.9,24865.9,12
1781754480,24867.9,24871.4,24866.4,24871.4,20
1781754540,24872.4,24873.4,24872.4,24873.4,8
1781754600,24876.4,24877.4,24876.4,24877.4,8
1781754660,24875.4,24879.4,24875.4,24879.4,10
1781754720,24877.9,24878.9,24877.9,24878.4,6
1781754780,24879.4,24879.4,24878.4,24878.4,4
1781754840,24876.9,24887.4,24876.9,24887.4,12
1781754900,24888.4,24891.4,24886.4,24891.4,16
1781754960,24891.9,24899.9,24891.9,24896.9,26
1781755020,24894.4,24896.9,24891.4,24894.4,24
1781755080,24893.9,24894.9,24892.9,24894.9,8
1781755140,24897.9,24897.9,24896.9,24897.4,8
1781755200,24898.9,24908.9,24896.9,24908.9,46
1781755260,24908.4,24908.9,24905.4,24908.9,22
1781755320,24910.4,24910.9,24906.4,24909.9,14
1781755380,24911.4,24911.4,24904.4,24905.4,20
1781755440,24904.4,24905.9,24901.4,24902.9,16
1781755500,24900.9,24900.9,24898.9,24898.9,10
1781755560,24899.9,24903.9,24897.4,24900.4,44
1781755620,24902.4,24902.4,24901.4,24901.4,6
1781755680,24900.9,24901.4,24900.4,24900.4,6
1781755740,24899.4,24901.9,24899.4,24901.4,10
1781755800,24900.4,24900.9,24896.9,24896.9,10
1781755860,24895.4,24896.9,24891.9,24891.9,28
1781755920,24892.9,24897.4,24891.9,24895.9,22
1781755980,24894.9,24897.4,24892.4,24894.9,26
1781756040,24896.9,24897.4,24896.4,24896.4,8
1781756100,24897.9,24897.9,24896.9,24896.9,4
1781756160,24899.4,24899.4,24894.9,24896.4,56
1781756220,24897.9,24899.4,24890.9,24893.4,36
1781756280,24892.9,24896.9,24890.4,24890.9,42
1781756340,24889.9,24893.4,24887.9,24888.9,44
1781756400,24887.9,24888.4,24865.9,24871.4,64
1781756460,24871.9,24880.4,24871.4,24877.9,50
1781756520,24878.9,24880.4,24874.4,24876.4,24
1781756580,24878.9,24878.9,24875.9,24875.9,8
1781756640,24873.9,24876.9,24873.4,24876.9,16
1781756700,24874.4,24874.4,24871.9,24873.9,18
1781756760,24872.9,24874.4,24872.4,24873.9,28
1781756820,24874.9,24875.9,24869.9,24870.9,18
1781756880,24871.9,24871.9,24870.9,24871.9,6
1781756940,24872.9,24875.4,24870.9,24872.9,32
1781757000,24870.9,24870.9,24870.4,24870.9,6
1781757060,24867.9,24871.4,24867.9,24871.4,10
1781757120,24872.4,24873.4,24868.9,24870.4,22
1781757180,24871.4,24873.4,24869.4,24869.4,16
1781757240,24869.9,24870.9,24862.4,24867.4,38
1781757300,24867.9,24867.9,24866.9,24867.9,6
1781757360,24866.9,24870.9,24866.9,24870.9,12
1781757420,24870.4,24870.9,24869.9,24869.9,8
1781757480,24868.4,24868.9,24868.4,24868.9,4
1781757540,24866.9,24866.9,24863.4,24863.4,18
1781757600,24862.9,24864.9,24852.4,24852.4,62
1781757660,24857.4,24862.9,24851.9,24859.4,56
1781757720,24859.9,24862.9,24857.4,24857.4,14
1781757780,24858.4,24860.9,24856.4,24857.4,38
1781757840,24858.4,24860.4,24849.4,24854.9,18
1781757900,24854.4,24857.9,24846.4,24850.9,55
1781757960,24851.4,24854.4,24846.9,24850.4,48
1781758020,24854.4,24854.4,24854.4,24854.4,2
1781758080,24853.9,24854.4,24847.9,24850.4,26
1781758140,24849.9,24854.4,24848.4,24853.9,18
1781758200,24855.4,24857.4,24854.9,24856.4,28
1781758260,24855.9,24856.9,24855.4,24856.9,18
1781758320,24857.9,24859.9,24857.4,24858.4,14
1781758380,24856.4,24864.9,24856.4,24863.9,14
1781758440,24864.4,24864.9,24862.9,24864.9,20
1781758500,24864.4,24864.4,24859.9,24862.4,30
1781758560,24860.9,24866.9,24859.9,24866.9,26
1781758620,24866.4,24866.9,24857.9,24863.9,40
1781758680,24863.4,24863.4,24860.4,24861.9,14
1781758740,24862.9,24862.9,24861.9,24861.9,12
1781758800,24862.4,24863.4,24852.4,24854.9,46
1781758860,24852.4,24856.4,24852.4,24854.4,24
1781758920,24854.9,24863.9,24854.9,24863.4,28
1781758980,24864.4,24865.4,24859.9,24859.9,34
1781759040,24858.9,24861.4,24858.4,24861.4,24
1781759100,24863.4,24865.9,24863.4,24865.4,18
1781759160,24866.4,24867.4,24864.9,24866.4,22
1781759220,24863.9,24869.4,24863.9,24867.4,22
1781759280,24865.4,24865.9,24865.4,24865.9,8
1781759340,24865.4,24866.9,24864.9,24866.9,8
1781759400,24865.9,24866.9,24864.9,24865.9,10
1781759460,24864.9,24869.4,24862.9,24868.4,50
1781759520,24869.4,24869.4,24866.4,24868.9,34
1781759580,24868.4,24874.9,24866.4,24874.4,40
1781759640,24872.9,24875.9,24872.4,24875.4,14
1781759700,24874.4,24882.9,24874.4,24882.9,44
1781759760,24880.4,24883.4,24878.4,24882.4,38
1781759820,24883.4,24885.4,24879.4,24884.9,34
1781759880,24885.9,24904.9,24884.9,24904.9,58
1781759940,24904.4,24904.9,24896.4,24897.9,72
1781760000,24896.9,24898.9,24893.4,24894.4,24
1781760060,24893.4,24900.9,24887.4,24900.9,60
1781760120,24901.9,24905.9,24900.9,24901.4,40
1781760180,24897.4,24907.9,24897.4,24904.4,72
1781760240,24900.9,24907.9,24900.9,24905.4,34
1781760300,24907.4,24908.9,24896.4,24903.9,62
1781760360,24906.4,24910.4,24905.4,24910.4,22
1781760420,24910.9,24913.4,24907.9,24907.9,56
1781760480,24907.4,24907.4,24901.4,24902.4,24
1781760540,24902.9,24905.4,24901.9,24902.9,64
1781760600,24903.4,24904.4,24897.9,24901.9,106
1781760660,24901.4,24904.4,24898.4,24902.9,94
1781760720,24901.4,24904.9,24893.9,24897.4,56
1781760780,24896.4,24904.9,24895.4,24899.9,26
1781760840,24902.4,24902.4,24898.4,24900.4,24
1781760900,24899.4,24904.9,24898.4,24904.9,70
1781760960,24905.9,24906.4,24901.9,24901.9,50
1781761020,24901.4,24904.9,24899.4,24900.9,50
1781761080,24901.4,24903.9,24898.9,24903.9,18
1781761140,24903.4,24904.9,24901.4,24901.9,26
1781761200,24899.9,24902.9,24899.9,24902.9,22
1781761260,24903.4,24904.4,24902.9,24903.9,18
1781761320,24902.9,24903.9,24902.9,24902.9,6
1781761380,24903.9,24904.9,24902.9,24902.9,8
1781761500,24901.9,24902.9,24892.9,24894.9,36
1781761560,24893.4,24896.9,24889.9,24891.9,56
1781761620,24890.9,24894.4,24885.4,24890.9,72
1781761680,24889.4,24890.4,24886.9,24888.4,28
1781761740,24887.4,24888.4,24879.4,24881.4,56
1781761800,24882.4,24882.9,24877.9,24877.9,22
1781761860,24880.9,24880.9,24872.4,24880.4,70
1781761920,24881.4,24887.4,24881.4,24884.4,32
1781761980,24885.4,24890.4,24882.9,24884.4,28
1781762040,24885.4,24887.4,24878.4,24881.4,66
1781762100,24879.9,24884.4,24878.9,24883.4,44
1781762160,24881.9,24887.4,24878.9,24884.9,62
1781762220,24881.9,24889.4,24881.9,24888.9,44
1781762280,24889.4,24890.4,24886.9,24889.9,22
1781762340,24890.4,24894.9,24888.9,24894.9,52
1781762400,24895.9,24896.4,24875.4,24892.4,122
1781762460,24893.2,24895.2,24882.2,24892.7,170
1781762520,24893.2,24895.7,24888.2,24891.2,134
1781762580,24893.2,24914.7,24893.2,24902.2,160
1781762640,24903.2,24909.2,24899.2,24905.7,112
1781762700,24906.2,24910.2,24899.7,24906.2,196
1781762760,24903.7,24908.2,24896.7,24903.7,242
1781762820,24903.2,24905.2,24893.2,24896.2,254
1781762880,24897.2,24900.7,24894.2,24899.2,228
1781762940,24900.2,24912.7,24899.2,24910.2,244
1781763000,24912.2,24914.7,24907.2,24914.2,212
1781763060,24913.7,24922.2,24911.2,24919.7,236
1781763120,24921.2,24923.2,24915.7,24920.7,218
1781763180,24919.7,24931.2,24913.7,24929.2,206
1781763240,24928.7,24943.7,24928.7,24941.2,200
1781763300,24942.2,24946.7,24933.7,24940.2,222
1781763360,24940.7,24947.2,24933.7,24947.2,184
1781763420,24946.2,24951.2,24941.2,24949.2,220
1781763480,24948.7,24958.2,24945.7,24955.2,158
1781763540,24955.7,24956.2,24941.2,24944.2,212
1781763600,24944.7,24957.2,24941.2,24956.2,212
1781763660,24954.7,24969.7,24952.7,24969.2,216
1781763720,24969.7,24986.7,24968.7,24983.2,200
1781763780,24984.2,24984.2,24971.2,24972.2,204
1781763840,24971.7,24975.2,24961.2,24965.2,200
1781763900,24964.7,24964.7,24956.2,24961.7,186
1781763960,24961.2,24968.2,24959.2,24961.7,166
1781764020,24960.7,24965.2,24959.2,24961.2,210
1781764080,24961.7,24964.2,24958.2,24961.2,214
1781764140,24962.2,24966.7,24959.2,24964.2,214
1781764200,24963.7,24966.7,24957.7,24960.7,236
1781764260,24960.2,24962.7,24956.7,24958.2,184
1781764320,24959.7,24960.7,24954.7,24954.7,162
1781764380,24956.7,24958.2,24950.7,24950.7,154
1781764440,24951.2,24956.7,24948.7,24950.2,184
1781764500,24950.7,24955.2,24944.2,24945.7,204
1781764560,24946.2,24946.7,24938.7,24939.7,158
1781764620,24939.2,24945.2,24938.2,24939.7,188
1781764680,24939.2,24941.7,24936.2,24937.2,180
1781764740,24935.2,24938.2,24932.7,24937.2,154
1781764800,24938.2,24938.2,24928.7,24931.2,202
1781764860,24933.2,24933.2,24926.2,24930.2,188
1781764920,24929.2,24937.2,24929.2,24935.2,172
1781764980,24936.2,24943.7,24935.2,24943.2,188
1781765040,24941.2,24951.2,24938.7,24949.7,154
1781765100,24950.2,24959.2,24946.2,24954.2,164
1781765160,24955.2,24965.2,24952.2,24965.2,152
1781765220,24966.2,24966.7,24957.7,24965.7,196
1781765280,24965.2,24967.7,24962.2,24964.7,176
1781765340,24964.2,24976.2,24964.2,24973.7,166
1781765400,24974.2,24977.7,24968.7,24976.7,164
1781765460,24975.2,24975.2,24969.7,24972.7,142
1781765520,24972.2,24973.2,24965.2,24966.2,118
1781765580,24966.7,24974.2,24964.7,24969.7,146
1781765640,24969.2,24971.2,24964.2,24970.2,104
1781765700,24969.2,24976.2,24968.2,24975.7,106
1781765760,24975.2,24984.7,24973.2,24978.7,118
1781765820,24978.2,24989.7,24977.2,24989.7,174
1781765880,24991.2,24992.2,24982.7,24989.2,220
1781765940,24989.7,24997.2,24988.7,24995.7,234
1781766000,24991.2,25015.2,24991.2,25000.2,450
1781766060,25001.2,25013.7,24998.7,25013.2,352
1781766120,25014.2,25022.7,25003.2,25012.7,362
1781766180,25012.2,25013.7,24995.7,24996.7,316
1781766240,24996.2,25007.7,24994.7,25005.7,236
1781766300,25006.7,25023.7,25001.2,25011.7,360
1781766360,25012.2,25015.2,25004.7,25013.7,302
1781766420,25012.7,25016.7,25010.7,25015.2,304
1781766480,25012.7,25019.7,25009.7,25016.7,324
1781766540,25015.2,25030.7,25008.7,25030.2,302
1781766600,25031.2,25037.2,25012.7,25013.7,353
1781766660,25013.2,25030.7,25006.9,25026.2,268
1781766720,25025.7,25029.2,25009.2,25013.7,294
1781766780,25012.7,25017.2,25002.7,25009.7,254
1781766840,25009.2,25012.2,25002.7,25008.2,324
1781766900,25008.7,25010.2,25002.7,25009.7,284
1781766960,25008.2,25012.2,24994.7,24999.2,298
1781767020,24998.7,25004.7,24995.7,24998.2,270
1781767080,24997.2,25009.2,24991.2,25003.7,253
1781767140,25004.2,25012.7,24998.2,25012.2,192
1781767200,25012.7,25021.2,25011.2,25017.7,280
1781767260,25017.2,25020.7,25013.2,25018.7,320
1781767320,25019.2,25036.2,25019.2,25033.2,258
1781767380,25033.7,25043.7,25032.2,25043.7,240
1781767440,25044.7,25049.7,25040.7,25045.7,270
1781767500,25046.2,25052.7,25037.2,25040.2,313
1781767560,25039.7,25059.7,25039.2,25058.7,278
1781767620,25059.2,25060.7,25052.2,25059.7,196
1781767680,25058.7,25071.2,25057.2,25071.2,198
1781767740,25069.7,25070.7,25062.7,25063.7,218
1781767800,25063.2,25067.2,25052.2,25058.2,270
1781767860,25057.2,25059.7,25051.2,25051.2,272
1781767920,25052.2,25062.7,25047.7,25051.7,296
1781767980,25051.2,25052.7,25038.2,25042.7,292
1781768040,25042.2,25053.7,25036.7,25053.2,241
1781768100,25054.7,25057.7,25048.2,25048.2,240
1781768160,25048.7,25054.2,25044.2,25051.2,206
1781768220,25051.7,25054.2,25049.2,25053.7,222
1781768280,25052.7,25057.7,25048.7,25051.7,270
1781768340,25051.2,25053.2,25041.2,25048.2,304
1781768400,25049.2,25051.2,25037.7,25038.2,212
1781768460,25037.7,25043.7,25036.2,25042.7,228
1781768520,25043.2,25043.2,25024.7,25030.7,232
1781768580,25028.2,25028.2,25010.7,25011.2,240
1781768640,25010.2,25014.7,25008.2,25012.7,182
1781768700,25012.2,25015.2,25003.2,25003.2,220
1781768760,25002.7,25006.2,24994.7,24996.2,240
1781768820,24996.7,24999.2,24993.2,24995.7,218
1781768880,24996.2,25010.2,24993.7,25004.7,234
1781768940,25005.2,25023.2,25003.7,25023.2,192
1781769000,25023.7,25023.7,25007.2,25011.2,242
1781769060,25011.7,25012.7,24994.2,24994.2,182
1781769120,24993.7,24996.7,24987.2,24991.2,208
1781769180,24990.7,24990.7,24977.2,24977.7,210
1781769240,24976.7,24977.7,24967.2,24972.2,183
1781769300,24972.7,24979.7,24971.2,24979.2,220
1781769360,24978.7,24982.2,24970.7,24976.7,224
1781769420,24976.2,24991.2,24973.7,24990.7,194
1781769480,24989.7,24996.2,24982.7,24994.2,172
1781769540,24993.2,24999.7,24991.7,24996.2,194
1781769600,24998.7,25008.7,24995.7,25006.2,276
1781769660,25006.2,25021.7,25004.7,25016.2,231
1781769720,25015.7,25017.2,25007.7,25011.7,260
1781769780,25011.2,25012.7,24996.7,24996.7,240
1781769840,24997.2,25003.7,24994.7,24998.7,216
1781769900,24999.2,25004.2,24983.9,25000.2,291
1781769960,25001.2,25001.2,24988.2,24996.2,260
1781770020,24995.7,25008.2,24995.7,25007.2,270
1781770080,25007.7,25008.2,24996.7,25002.2,244
1781770140,25001.7,25001.7,24993.7,24998.2,251
1781770200,25000.2,25000.7,24981.2,24994.7,272
1781770260,24993.7,25000.2,24989.7,24992.2,198
1781770320,24991.7,24998.2,24990.7,24994.2,232
1781770380,24993.7,24999.2,24993.2,24996.2,222
1781770440,24995.7,24999.7,24988.7,24990.2,248
1781770500,24990.7,24996.2,24986.2,24986.7,214
1781770560,24985.7,24988.7,24979.7,24981.7,144
1781770620,24981.2,24985.7,24970.2,24970.7,184
1781770680,24971.2,24971.7,24960.2,24961.7,196
1781770740,24961.2,24972.7,24950.7,24951.7,244
1781770800,24952.2,24952.2,24940.2,24940.7,198
1781770860,24941.2,24944.7,24940.2,24940.7,170
1781770920,24941.2,24945.7,24934.7,24945.2,204
1781770980,24945.7,24947.7,24927.2,24929.7,206
1781771040,24930.2,24942.2,24927.7,24939.2,226
1781771100,24939.7,24946.7,24937.2,24939.7,192
1781771160,24941.2,24944.2,24933.2,24934.7,138
1781771220,24935.2,24944.2,24931.7,24942.2,228
1781771280,24941.7,24942.2,24930.2,24932.7,252
1781771340,24933.2,24935.2,24924.7,24926.7,276
1781771400,24926.2,24926.7,24915.2,24916.7,250
1781771460,24917.2,24920.2,24904.7,24907.2,264
1781771520,24907.7,24923.2,24906.2,24910.7,238
1781771580,24911.2,24923.2,24908.7,24911.2,240
1781771640,24911.7,24916.2,24903.2,24905.7,228
1781771700,24906.2,24908.2,24899.7,24907.7,248
1781771760,24908.7,24911.7,24905.2,24909.2,210
1781771820,24910.2,24910.2,24898.7,24906.2,230
1781771880,24905.7,24910.2,24905.7,24909.7,188
1781771940,24909.2,24909.7,24898.7,24904.7,238
1781772000,24906.7,24909.2,24904.7,24904.7,110
1781772060,24905.7,24909.2,24900.7,24903.7,199
1781772120,24903.2,24904.2,24890.7,24891.7,226
1781772180,24892.7,24892.7,24881.7,24887.7,186
1781772240,24888.2,24890.2,24883.2,24889.7,206
1781772300,24888.7,24889.7,24881.2,24884.7,164
1781772360,24885.2,24886.7,24877.2,24883.7,216
1781772420,24884.7,24889.2,24882.7,24886.7,174
1781772480,24887.7,24890.2,24885.2,24887.7,148
1781772540,24888.7,24890.7,24883.7,24888.7,150
1781772600,24890.2,24890.2,24886.2,24889.2,144
1781772660,24888.7,24891.2,24887.7,24890.2,164
1781772720,24890.7,24891.2,24865.2,24865.7,154
1781772780,24862.7,24880.7,24862.7,24880.7,242
1781772840,24878.7,24886.2,24876.7,24884.7,206
1781772900,24885.2,24893.2,24884.7,24892.7,152
1781772960,24892.2,24897.7,24869.7,24870.7,232
1781773020,24872.2,24877.7,24870.7,24870.7,252
1781773080,24871.2,24875.7,24868.2,24874.7,216
1781773140,24873.2,24874.7,24866.7,24868.7,196
1781773200,24869.7,24869.7,24849.2,24852.7,242
1781773260,24850.7,24860.7,24846.7,24855.7,210
1781773320,24855.2,24867.7,24850.7,24864.2,288
1781773380,24863.7,24870.7,24859.7,24869.2,262
1781773440,24869.7,24879.7,24869.7,24879.2,210
1781773500,24878.7,24886.7,24877.2,24882.2,214
1781773560,24883.2,24887.2,24877.2,24885.7,168
1781773620,24886.2,24903.2,24885.7,24901.2,216
1781773680,24901.7,24911.7,24900.7,24908.7,200
1781773740,24909.2,24918.2,24905.2,24907.2,222
1781773800,24906.2,24909.7,24901.7,24903.7,234
1781773860,24903.2,24905.7,24899.7,24900.7,148
1781773920,24901.2,24908.2,24895.2,24906.2,244
1781773980,24905.7,24928.7,24905.2,24926.7,230
1781774040,24927.2,24927.7,24915.7,24922.7,216
1781774100,24921.2,24935.2,24920.2,24935.2,208
1781774160,24934.7,24934.7,24927.7,24928.7,208
1781774220,24929.2,24939.2,24925.7,24937.2,194
1781774280,24938.2,24940.2,24933.7,24936.2,216
1781774340,24937.2,24940.7,24934.7,24937.7,190
1781774400,24937.2,24942.7,24934.7,24937.7,238
1781774460,24937.2,24938.7,24933.2,24935.7,212
1781774520,24936.2,24941.7,24933.2,24936.2,212
1781774580,24935.7,24942.7,24934.2,24940.2,198
1781774640,24939.2,24944.7,24935.7,24943.2,204
1781774700,24943.7,24957.7,24942.7,24957.2,168
1781774760,24956.2,24957.2,24951.7,24952.7,212
1781774820,24953.2,24953.2,24944.2,24950.7,236
1781774880,24951.7,24955.2,24950.2,24952.7,194
1781774940,24953.2,24957.7,24951.2,24952.7,222
1781775000,24951.7,24954.7,24944.2,24945.2,218
1781775060,24945.7,24951.2,24945.2,24949.2,226
1781775120,24947.7,24958.2,24943.7,24955.7,182
1781775180,24956.2,24957.7,24945.2,24949.2,208
1781775240,24950.2,24953.2,24944.2,24947.2,160
1781775300,24946.2,24948.2,24937.2,24937.7,164
1781775360,24938.2,24945.2,24938.2,24943.7,180
1781775420,24944.2,24952.7,24943.2,24952.7,164
1781775480,24952.2,24959.7,24950.7,24953.7,172
1781775540,24954.2,24957.2,24947.7,24948.7,220
1781775600,24949.2,24949.7,24938.2,24940.7,206
1781775660,24941.2,24952.7,24938.2,24952.7,198
1781775720,24953.7,24954.7,24947.2,24953.7,158
1781775780,24953.2,24953.7,24943.7,24952.2,212
1781775840,24951.7,24956.2,24949.7,24953.2,170
1781775900,24952.7,24965.7,24952.2,24964.7,170
1781775960,24965.7,24965.7,24957.7,24959.2,214
1781776020,24959.7,24967.2,24957.2,24964.2,192
1781776080,24965.2,24966.7,24961.7,24965.2,188
1781776140,24964.7,24979.7,24963.7,24977.2,208
1781776200,24977.7,24982.7,24976.2,24981.2,216
1781776260,24981.7,24984.2,24979.2,24984.2,190
1781776320,24983.2,24994.7,24983.2,24993.2,220
1781776380,24992.7,24998.7,24991.2,24998.7,194
1781776440,24999.2,25005.7,24996.2,25003.7,154
1781776500,25004.2,25007.2,24996.2,25000.7,204
1781776560,24999.7,24999.7,24989.2,24989.2,222
1781776620,24990.2,24991.7,24983.2,24984.7,196
1781776680,24985.7,24989.7,24978.7,24979.2,216
1781776740,24978.7,24982.7,24975.2,24975.2,182
1781776800,24975.7,24976.7,24950.2,24952.7,276
1781776860,24952.2,24956.2,24951.2,24955.7,180
1781776920,24955.2,24956.2,24939.7,24944.2,210
1781776980,24944.7,24951.2,24942.7,24948.2,228
1781777040,24948.7,24959.7,24948.2,24958.7,164
1781777100,24957.7,24967.7,24953.2,24962.2,236
1781777160,24962.7,24967.2,24959.2,24967.2,230
1781777220,24966.7,24970.7,24963.7,24966.2,222
1781777280,24967.2,24967.2,24956.7,24957.2,212
1781777340,24957.7,24961.2,24956.7,24960.2,188
1781777400,24959.7,24963.2,24956.7,24958.2,212
1781777460,24957.2,24958.2,24951.7,24955.7,234
1781777520,24955.2,24958.2,24953.2,24954.2,198
1781777580,24955.2,24969.7,24953.7,24969.2,162
1781777640,24968.7,24981.2,24968.7,24976.7,178
1781777700,24977.2,24984.2,24976.2,24982.7,156
1781777760,24981.7,24990.7,24981.2,24987.2,152
1781777820,24986.7,24994.2,24985.7,24987.7,177
1781777880,24988.2,24988.7,24981.2,24985.2,194
1781777940,24987.2,24992.2,24986.2,24991.2,140
1781778000,24992.2,24996.7,24988.7,24994.2,180
1781778060,24993.2,24995.2,24986.2,24995.2,204
1781778120,24994.2,24994.2,24985.7,24985.7,192
1781778180,24984.2,24987.2,24979.2,24984.2,194
1781778240,24985.2,24990.7,24982.2,24984.7,174
1781778300,24985.2,24992.2,24981.2,24989.2,206
1781778360,24990.2,24992.2,24984.2,24985.2,246
1781778420,24985.7,24987.2,24978.2,24981.7,240
1781778480,24982.2,24983.7,24978.2,24980.2,190
1781778540,24979.2,24983.2,24977.7,24980.2,208
1781778600,24980.7,24987.2,24979.2,24979.2,196
1781778660,24979.7,24986.7,24979.7,24982.2,194
1781778720,24981.7,24984.7,24980.7,24981.2,158
1781778780,24977.7,24978.2,24959.7,24962.2,246
1781778840,24962.7,24970.2,24962.7,24966.7,228
1781778900,24967.2,24970.2,24963.2,24963.7,218
1781778960,24964.2,24965.2,24955.2,24960.7,178
1781779020,24961.2,24967.2,24958.7,24962.7,176
1781779080,24963.2,24969.2,24957.4,24967.7,209
1781779140,24967.2,24967.2,24958.7,24964.7,216
1781779200,24964.2,24968.2,24963.2,24966.2,226
1781779260,24967.2,24968.7,24959.7,24962.2,240
1781779320,24963.2,24963.2,24949.7,24952.2,246
1781779380,24951.7,24957.2,24946.2,24955.2,210
1781779440,24956.2,24957.2,24931.2,24932.2,288
1781779500,24930.2,24939.7,24929.7,24933.7,226
1781779560,24933.2,24938.7,24929.7,24938.2,228
1781779620,24937.7,24951.2,24937.7,24950.7,204
1781779680,24951.2,24953.7,24943.7,24946.2,200
1781779740,24945.2,24951.2,24944.7,24950.2,218
1781779800,24950.7,24954.2,24948.2,24952.7,182
1781779860,24952.2,24955.7,24947.2,24951.2,202
1781779920,24949.7,24951.7,24938.2,24939.2,185
1781779980,24939.7,24942.2,24935.7,24939.2,178
1781780040,24939.7,24945.7,24939.2,24940.7,134
1781780100,24942.2,24944.7,24939.2,24943.2,196
1781780160,24944.2,24946.7,24935.2,24942.2,220
1781780220,24941.7,24944.7,24936.7,24936.7,56
1781780280,24938.2,24941.2,24936.2,24936.7,50
1781780340,24937.2,24943.2,24934.7,24935.7,92
1781780400,24937.2,24937.2,24931.2,24933.2,100
1781780460,24932.7,24934.7,24928.7,24934.7,80
1781780520,24933.7,24940.2,24927.2,24937.2,202
1781780580,24936.7,24939.2,24932.2,24937.2,108
1781780640,24937.7,24941.2,24934.7,24937.7,214
1781780700,24938.2,24938.7,24897.2,24898.2,190
1781780760,24898.7,24899.7,24880.7,24887.7,236
1781780820,24890.7,24904.2,24887.7,24903.7,276
1781780880,24903.2,24913.2,24900.2,24901.7,216
1781780940,24902.2,24905.7,24883.2,24889.2,292
1781781000,24888.2,24892.2,24875.7,24881.7,293
1781781060,24883.2,24889.2,24876.7,24881.2,262
1781781120,24882.2,24893.2,24881.2,24891.2,262
1781781180,24892.2,24896.7,24891.2,24896.2,186
1781781240,24894.2,24911.2,24893.7,24910.7,193
1781781300,24910.2,24912.7,24903.2,24908.2,238
1781781360,24908.7,24911.2,24902.7,24910.7,243
1781781420,24910.2,24910.2,24898.2,24899.7,244
1781781480,24899.2,24905.7,24893.2,24901.2,214
1781781540,24900.7,24906.2,24898.2,24906.2,236
1781781600,24905.2,24907.7,24900.2,24905.2,212
1781781660,24904.2,24904.2,24897.2,24900.2,238
1781781720,24899.2,24901.7,24891.2,24900.2,228
1781781780,24900.7,24907.2,24899.7,24901.2,186
1781781840,24900.7,24917.2,24900.2,24915.7,178
1781781900,24916.2,24925.7,24914.2,24925.7,222
1781781960,24926.2,24927.2,24922.2,24926.7,206
1781782020,24926.2,24927.7,24921.2,24926.2,240
1781782080,24926.7,24929.2,24922.2,24923.7,246
1781782140,24923.2,24936.2,24923.2,24935.7,240
1781782200,24934.2,24935.2,24927.2,24931.7,242
1781782260,24932.2,24948.7,24929.2,24948.7,196
1781782320,24948.2,24948.2,24941.2,24943.7,206
1781782380,24942.7,24944.2,24934.7,24935.2,204
1781782440,24934.7,24939.7,24933.2,24938.2,174
1781782500,24939.2,24939.2,24928.4,24931.2,174
1781782560,24930.2,24930.7,24924.7,24929.2,184
1781782620,24930.2,24930.2,24926.2,24926.2,166
1781782680,24927.7,24932.2,24924.2,24926.7,210
1781782740,24926.2,24930.7,24926.2,24929.2,198
1781782800,24928.7,24929.2,24909.2,24912.2,246
1781782860,24911.2,24915.7,24904.7,24914.2,268
1781782920,24914.7,24919.2,24911.7,24912.2,264
1781782980,24911.2,24923.2,24911.2,24922.7,172
1781783040,24923.2,24938.2,24923.2,24933.7,260
1781783100,24933.2,24941.2,24931.2,24938.2,208
1781783160,24937.7,24940.7,24933.2,24937.2,230
1781783220,24937.7,24937.7,24924.7,24926.7,210
1781783280,24927.2,24927.2,24921.2,24923.2,198
1781783340,24921.2,24925.2,24915.7,24922.2,180
1781783400,24921.2,24933.2,24921.2,24932.7,176
1781783460,24933.2,24941.2,24933.2,24940.7,212
1781783520,24940.2,24946.2,24938.7,24943.7,236
1781783580,24944.2,24950.2,24942.2,24949.2,202
1781783640,24948.7,24951.2,24944.2,24944.7,188
1781783700,24945.2,24945.2,24937.7,24938.7,166
1781783760,24938.2,24939.2,24929.2,24934.7,202
1781783820,24935.2,24937.7,24931.7,24934.2,140
1781783880,24933.7,24938.2,24931.2,24935.2,226
1781783940,24935.7,24942.7,24935.2,24941.7,178
1781784000,24942.2,24947.2,24938.2,24943.2,242
1781784060,24944.2,24955.2,24943.2,24954.7,124
1781784120,24955.2,24956.2,24948.7,24954.7,218
1781784180,24952.2,24957.7,24951.2,24956.2,218
1781784240,24956.7,24959.2,24950.7,24956.2,222
1781784300,24955.7,24959.2,24953.2,24955.2,226
1781784360,24956.2,24957.2,24951.2,24953.2,170
1781784420,24953.7,24958.2,24951.2,24955.7,230
1781784480,24954.2,24958.2,24953.2,24953.2,204
1781784540,24952.2,24964.7,24952.2,24955.2,168
1781784600,24954.2,24966.7,24953.2,24961.2,236
1781784660,24962.2,24964.7,24959.2,24961.7,178
1781784720,24961.2,24970.2,24960.2,24969.2,206
1781784780,24969.7,24973.2,24967.2,24972.7,204
1781784840,24972.2,24976.7,24972.2,24975.2,200
1781784900,24974.2,24983.7,24974.2,24980.7,198
1781784960,24981.2,24983.2,24972.7,24982.2,204
1781785020,24983.2,24990.7,24981.7,24990.2,162
1781785080,24989.7,24992.7,24989.7,24990.2,142
1781785140,24989.7,24989.7,24982.2,24986.2,178
1781785200,24985.2,24997.7,24985.2,24996.7,192
1781785260,24997.2,24997.2,24977.2,24977.7,258
1781785320,24977.2,24982.7,24972.2,24972.7,244
1781785380,24972.2,24975.2,24970.2,24973.7,203
1781785440,24973.2,24983.2,24973.2,24983.2,200
1781785500,24982.7,24987.2,24979.7,24986.7,234
1781785560,24987.2,24987.2,24978.7,24980.7,196
1781785620,24980.2,24980.2,24971.2,24976.2,178
1781785680,24975.2,24979.2,24968.7,24971.7,164
1781785740,24972.2,24975.2,24970.2,24973.2,167
1781785800,24976.7,24981.7,24974.2,24977.2,69
1781785860,24976.7,24984.2,24975.7,24980.2,104
1781785920,24980.7,24983.7,24972.9,24983.7,102
1781785980,24983.2,24985.2,24978.2,24982.2,158
1781786040,24981.7,24984.2,24979.2,24982.2,198
1781786100,24981.7,24984.2,24976.2,24983.7,242
1781786160,24983.2,24991.7,24981.2,24982.7,226
1781786220,24982.2,24985.2,24975.2,24982.7,224
1781786280,24983.2,24984.7,24980.7,24983.7,208
1781786340,24983.2,24987.7,24979.7,24986.7,160
1781786400,24986.2,24997.2,24986.2,24996.2,206
1781786460,24996.7,24999.7,24994.7,24997.2,228
1781786520,24996.7,25004.2,24996.2,25002.2,174
1781786580,25001.7,25002.2,24994.9,24997.2,188
1781786640,24998.2,25003.2,24994.7,24999.2,184
1781786700,25000.2,25006.7,24996.7,25002.2,220
1781786760,25003.2,25013.2,25001.7,25010.7,208
1781786820,25010.2,25020.7,25009.7,25020.7,193
1781786880,25020.2,25025.7,25019.7,25022.7,201
1781786940,25022.2,25026.2,25018.2,25025.2,156
1781787000,25024.2,25026.2,25022.7,25025.2,212
1781787060,25024.7,25028.2,25018.4,25023.2,205
1781787120,25022.7,25024.2,25017.7,25021.7,208
1781787180,25022.2,25027.7,25017.9,25024.2,247
1781787240,25023.7,25027.2,25019.2,25022.2,188
1781787300,25023.2,25027.2,25021.2,25026.7,138
1781787360,25027.2,25036.7,25027.2,25034.2,156
1781787420,25034.7,25041.2,25028.7,25035.2,212
1781787480,25035.7,25039.2,25032.2,25032.2,187
1781787540,25033.2,25033.7,25027.2,25028.2,162
1781787600,25027.7,25033.7,25027.7,25031.2,222
1781787660,25032.2,25032.7,25027.2,25028.7,160
1781787720,25028.2,25031.7,25009.2,25012.2,238
1781787780,25011.7,25015.7,24997.7,24999.7,256
1781787840,25000.2,25013.2,24999.7,25012.7,266
1781787900,25013.2,25025.2,25011.7,25022.7,182
1781787960,25022.2,25031.2,25018.2,25029.7,274
1781788020,25030.7,25039.2,25029.7,25035.2,202
1781788080,25034.7,25043.2,25032.7,25042.2,200
1781788140,25042.7,25048.2,25035.7,25035.7,208
1781788200,25036.2,25039.7,25034.2,25039.2,234
1781788260,25039.7,25047.2,25036.7,25047.2,220
1781788320,25046.7,25046.7,25034.7,25043.2,194
1781788380,25044.2,25044.2,25035.2,25039.2,212
1781788440,25038.7,25041.2,25033.7,25037.2,180
1781788500,25037.7,25040.7,25025.2,25025.7,246
1781788560,25025.2,25033.7,25025.2,25031.2,276
1781788620,25031.7,25034.7,25027.2,25034.7,165
1781788680,25034.2,25043.2,25031.2,25038.2,196
1781788740,25037.7,25042.7,25034.7,25037.7,228
1781788800,25037.2,25041.7,25035.7,25040.7,214
1781788860,25039.7,25045.2,25037.4,25038.9,243
1781788920,25038.4,25042.2,25037.7,25039.7,195
1781788980,25039.2,25047.7,25039.2,25045.2,184
1781789040,25046.2,25046.7,25026.7,25029.2,200
1781789100,25030.2,25038.2,25023.7,25028.2,332
1781789160,25027.7,25031.2,25017.2,25019.2,234
1781789220,25019.7,25024.7,25017.2,25023.7,231
1781789280,25022.7,25025.7,25019.2,25022.7,237
1781789340,25023.7,25023.7,25010.2,25014.2,326
1781789400,25013.2,25025.2,25009.2,25021.2,436
1781789460,25019.2,25023.7,25015.2,25021.2,356
1781789520,25020.7,25020.7,25004.2,25008.2,388
1781789580,25008.7,25015.7,24995.2,24996.2,340
1781789640,24996.7,25012.2,24996.2,25008.2,236
1781789700,25007.7,25017.2,24999.2,25010.2,340
1781789760,25010.7,25018.7,24996.7,24996.7,414
1781789820,24995.2,24999.7,24986.2,24986.2,344
1781789880,24987.2,24991.2,24972.7,24975.2,328
1781789940,24974.7,24975.2,24952.7,24954.7,350
1781790000,24953.7,24956.2,24926.2,24941.7,346
1781790060,24941.2,24970.2,24940.7,24956.7,334
1781790120,24955.2,24971.2,24955.2,24965.2,280
1781790180,24965.7,24968.2,24958.2,24959.2,346
1781790240,24958.7,24969.2,24956.7,24967.2,338
1781790300,24966.2,24969.7,24961.7,24968.7,346
1781790360,24967.2,24978.7,24966.2,24974.2,334
1781790420,24973.7,24974.2,24953.7,24957.2,332
1781790480,24956.2,24965.2,24948.2,24949.2,356
1781790540,24950.7,24970.2,24948.2,24969.2,324
1781790600,24968.7,24971.2,24959.2,24965.2,352
1781790660,24965.7,24971.7,24953.7,24957.2,314
1781790720,24956.7,24964.7,24951.2,24962.7,296
1781790780,24962.2,24972.2,24961.7,24970.2,356
1781790840,24971.2,24972.2,24964.2,24967.7,352
1781790900,24968.7,24984.2,24967.2,24970.2,342
1781790960,24971.2,24971.2,24949.7,24950.2,322
1781791020,24949.7,24950.2,24932.2,24939.2,332
1781791080,24939.7,24952.2,24939.7,24949.7,270
1781791140,24950.2,24955.7,24946.7,24953.2,292
1781791200,24951.2,24959.2,24942.2,24956.7,228
1781791260,24956.2,24965.2,24949.7,24955.2,328
1781791320,24954.7,24959.2,24948.2,24958.2,294
1781791380,24957.2,24975.2,24957.2,24970.2,360
1781791440,24969.2,24973.2,24963.2,24973.2,334
1781791500,24972.7,24983.4,24969.7,24983.4,346
1781791560,24984.4,24992.9,24983.4,24983.4,285
1781791620,24983.9,24991.2,24980.9,24985.2,295
1781791680,24984.2,24985.2,24972.7,24976.2,298
1781791740,24974.7,24989.2,24974.2,24987.7,300
1781791800,24986.2,24987.2,24977.2,24982.7,310
1781791860,24984.7,24989.2,24982.2,24983.2,314
1781791920,24983.7,24992.2,24983.2,24990.2,324
1781791980,24990.7,24993.2,24982.2,24986.2,250
1781792040,24985.2,24995.2,24985.2,24991.7,236
1781792100,24991.2,24992.7,24985.2,24986.7,282
1781792160,24986.2,25002.2,24985.2,25001.2,298
1781792220,25001.7,25005.2,24996.7,25005.2,282
1781792280,25003.7,25014.7,25000.2,25013.2,298
1781792340,25013.7,25025.2,25011.2,25020.2,292
1781792400,25020.7,25028.2,25012.7,25013.7,328
1781792460,25013.2,25018.2,25009.7,25012.2,234
1781792520,25011.7,25013.7,25006.2,25009.2,254
1781792580,25009.7,25018.7,25009.7,25014.7,256
1781792640,25014.2,25016.7,25006.2,25006.7,206
1781792700,25007.2,25011.2,25003.7,25005.7,250
1781792760,25005.2,25006.2,24988.7,24989.2,288
1781792820,24988.7,25000.2,24988.7,24998.7,254
1781792880,24998.2,25005.2,24997.2,24999.2,292
1781792940,24998.7,25005.2,24995.7,24999.2,262
1781793000,24998.7,24998.7,24979.9,24990.2,358
1781793060,24991.2,25006.2,24987.7,25001.2,268
1781793120,25001.7,25012.7,25000.2,25012.7,308
1781793180,25011.7,25012.7,25004.7,25005.7,240
1781793240,25006.7,25020.2,25004.2,25019.2,326
1781793300,25019.7,25026.2,25014.2,25017.2,310
1781793360,25017.7,25027.7,25015.2,25026.2,298
1781793420,25025.2,25029.2,25022.7,25024.7,274
1781793480,25025.2,25037.7,25024.2,25031.2,242
1781793540,25031.7,25031.7,25026.7,25030.2,266
1781793600,25030.7,25030.7,25021.7,25022.7,176
1781793660,25023.7,25025.7,25019.2,25019.7,256
1781793720,25019.2,25023.7,25009.2,25014.2,256
1781793780,25013.7,25019.7,25010.2,25018.7,214
1781793840,25019.2,25032.2,25019.2,25022.7,260
1781793900,25022.2,25038.2,25021.2,25037.2,253
1781793960,25037.7,25043.7,25035.7,25041.7,227
1781794020,25043.2,25045.7,25036.7,25038.7,248
1781794080,25038.2,25048.7,25037.2,25047.7,198
1781794140,25047.2,25050.7,25042.2,25042.7,213
1781794200,25042.2,25046.7,25037.2,25044.7,238
1781794260,25045.2,25050.2,25035.2,25042.7,272
1781794320,25043.2,25045.7,25032.7,25033.2,234
1781794380,25033.7,25036.2,25025.7,25034.2,244
1781794440,25035.2,25039.2,25030.2,25031.2,284
1781794500,25030.2,25035.2,25024.7,25035.2,208
1781794560,25034.7,25046.7,25034.2,25045.7,246
1781794620,25043.7,25047.2,25041.7,25046.2,260
1781794680,25045.7,25052.2,25045.2,25049.7,216
1781794740,25048.7,25055.2,25047.2,25054.2,298
1781794800,25053.7,25056.2,25047.2,25054.7,298
1781794860,25054.2,25054.7,25047.2,25050.7,292
1781794920,25051.2,25057.2,25049.2,25054.2,240
1781794980,25053.7,25066.2,25053.2,25065.7,270
1781795040,25065.2,25079.2,25065.2,25072.2,240
1781795100,25073.2,25073.2,25052.2,25054.2,218
1781795160,25053.7,25054.7,25047.2,25052.7,208
1781795220,25052.2,25052.7,25043.2,25046.2,210
1781795280,25045.7,25053.7,25043.7,25046.2,248
1781795340,25045.7,25050.2,25043.7,25043.7,166
1781795400,25044.2,25047.2,25038.2,25039.2,276
1781795460,25040.2,25050.2,25039.2,25043.7,286
1781795520,25044.2,25044.7,25036.2,25044.7,178
1781795580,25044.2,25047.2,25042.2,25043.7,188
1781795640,25044.7,25046.7,25033.7,25034.7,246
1781795700,25035.2,25037.2,25021.2,25029.7,222
1781795760,25030.2,25046.2,25030.2,25044.2,292
1781795820,25044.7,25045.2,25038.2,25039.2,230
1781795880,25040.2,25043.7,25028.7,25028.7,294
1781795940,25025.2,25028.2,25013.2,25025.7,278
1781796000,25025.2,25040.2,25025.2,25028.2,278
1781796060,25027.7,25038.7,25027.2,25037.7,248
1781796120,25037.2,25041.2,25036.7,25039.7,162
1781796180,25040.2,25049.2,25032.7,25047.2,212
1781796240,25046.7,25051.7,25034.2,25041.7,262
1781796300,25042.7,25052.2,25040.7,25045.7,278
1781796360,25046.7,25049.7,25042.2,25047.7,290
1781796420,25048.2,25059.7,25047.2,25053.2,288
1781796480,25052.2,25052.2,25040.2,25040.7,260
1781796540,25041.2,25050.7,25037.7,25048.2,340
1781796600,25046,25051.5,25041.5,25051.5,202
1781796660,25052.5,25065,25052.5,25058.5,274
1781796720,25059,25059.5,25044.5,25050.5,240
1781796780,25049.5,25049.5,25029,25041,310
1781796840,25040.5,25075,25036.5,25043,438
1781796900,25041.5,25043,25023,25029.5,261
1781796960,25029,25040,25023,25033.5,302
1781797020,25034,25036,25025,25027.5,284
1781797080,25029,25030,25009,25014.5,276
1781797140,25013,25032.5,25013,25030,326
1781797200,25030.5,25035.5,25023.5,25033,284
1781797260,25032.5,25039.5,25031.5,25035.5,268
1781797320,25036.5,25045.5,25033.5,25041.5,298
1781797380,25042.5,25043.5,25031,25035.5,286
1781797440,25035,25037.5,25032.5,25034,268
1781797500,25034.5,25034.5,25021,25027,286
1781797560,25026.5,25033,25024.5,25032.5,222
1781797620,25033,25039.5,25024.5,25038,242
1781797680,25037.5,25039.5,25029.5,25037,282
1781797740,25035,25048,25035,25041,276
1781797800,25040.5,25049.9,25040.5,25049,217
1781797860,25049.5,25057,25049,25052,234
1781797920,25053,25069.5,25051,25068.5,240
1781797980,25069,25074,25066,25069,198
1781798040,25068,25069.5,25061.5,25065,238
1781798100,25064,25070.5,25062,25069.5,176
1781798160,25070.5,25070.5,25064.5,25066.5,212
1781798220,25066,25070.5,25065.5,25068.5,220
1781798280,25069,25072.5,25068.5,25070,228
1781798340,25071,25072,25067.5,25067.5,174
1781798400,25066,25080.5,25065,25074.5,242
1781798460,25074,25075,25066.5,25068.5,198
1781798520,25067.5,25076.5,25066,25076,212
1781798580,25076.5,25076.5,25067.5,25070,192
1781798640,25070.5,25075.5,25069,25071,212
1781798700,25072,25076,25067.5,25073,212
1781798760,25074,25077.5,25071,25073.5,166
1781798820,25073,25074.5,25067,25072.5,278
1781798880,25072,25076.5,25069.5,25072,174
1781798940,25071,25075.5,25069,25072,228
1781799000,25071,25072.5,25068,25070,202
1781799060,25070.5,25076.5,25069,25075,174
1781799120,25075.5,25076.5,25073.5,25075,168
1781799180,25075.5,25076.5,25074,25075,190
1781799240,25075.5,25076.5,25074,25075,146
1781799300,25074.5,25081.5,25071.5,25080.5,144
1781799360,25082.5,25086,25079.5,25082,155
1781799420,25083,25084.5,25081,25083.5,148
1781799480,25083,25087,25076,25078,204
1781799540,25077,25078,25071,25077,162
1781799600,25076,25079,25075,25075,164
1781799660,25076,25080,25071.5,25073.5,166
1781799720,25073,25075.5,25070.5,25074,162
1781799780,25075,25079,25074,25076,100
1781799840,25076.5,25076.5,25071,25071.5,122
1781799900,25070.5,25074.5,25068.5,25071,184
1781799960,25072,25072,25067.5,25069,168
1781800020,25067.5,25074.5,25063.4,25073.5,184
1781800080,25073,25076,25073,25075.5,194
1781800140,25075,25075.5,25069.5,25071,158
1781800200,25072,25078,25070,25075,216
1781800260,25074.5,25078,25073,25077,172
1781800320,25078.5,25078.5,25074,25076,78
1781800380,25075,25076,25072.5,25075,224
1781800440,25075.5,25077,25074,25077,166
1781800500,25078,25078,25067,25068,176
1781800560,25068.5,25073,25066,25072.5,143
1781800620,25070.5,25076,25070.5,25072,194
1781800680,25073,25073,25066,25070.5,132
1781800740,25072,25076.5,25070.5,25074.5,128
1781800800,25072,25074,25069.5,25073.5,150
1781800860,25073,25075,25071,25072,160
1781800920,25071,25074.5,25069,25074.5,180
1781800980,25073.5,25081.5,25073.5,25076,160
1781801040,25076.5,25077.5,25075,25077.5,94
1781801100,25078,25081,25073,25076,130
1781801160,25075.5,25078.5,25070,25070.5,174
1781801220,25067.5,25074.5,25064.5,25068,184
1781801280,25067.5,25071.5,25066,25071.5,96
1781801340,25073.5,25074.5,25066.5,25068,104
1781801400,25068.5,25069,25060.5,25061.5,150
1781801460,25059.5,25060,25052,25052.5,188
1781801520,25053,25054,25050,25051,182
1781801580,25051.5,25057,25051,25056,124
1781801640,25055.5,25056.5,25045.5,25045.5,94
1781801700,25046,25052,25046,25046,194
1781801760,25046.5,25051,25045,25047,166
1781801820,25048,25050.5,25045,25047.5,156
1781801880,25047,25050.5,25045,25050.5,78
1781801940,25050,25060,25048,25060,102
1781802000,25060.5,25063,25052,25054.5,114
1781802060,25055,25057,25053,25056,78
1781802120,25057,25065.5,25055.5,25065,258
1781802180,25066,25072.5,25063.5,25069,82
1781802240,25074,25076,25072.5,25076,76
1781802300,25074.5,25078.5,25074,25076.5,106
1781802360,25076,25077,25072.5,25074.5,130
1781802420,25075.5,25075.5,25072,25074,114
1781802480,25073,25075,25072,25074,196
1781802540,25075,25076.5,25074,25076.5,130
1781802600,25076,25078,25074.5,25076,150
1781802660,25076.5,25081.5,25074,25080.5,156
1781802720,25081,25087,25080,25083,148
1781802780,25082,25085,25082,25084.5,182
1781802840,25084,25085.5,25078.8,25078.8,132
1781802900,25076.8,25077.8,25069.1,25073.1,124
1781802960,25073.6,25075.9,25071.9,25075.4,86
1781803020,25075.9,25076.4,25073.9,25074.9,157
1781803080,25074.4,25074.4,25066.9,25068.4,52
1781803140,25067.9,25067.9,25064.4,25065.9,66
1781803200,25064.9,25067.4,25060.4,25062.9,164
1781803260,25062.4,25070.4,25062.4,25065.4,145
1781803320,25064.9,25064.9,25057.9,25062.4,140
1781803380,25062.9,25070.4,25060.9,25070.4,186
1781803440,25069.9,25073.4,25069.4,25069.4,128
1781803500,25070.4,25073.9,25069.4,25071.9,84
1781803560,25072.4,25073.4,25070.4,25072.9,176
1781803620,25071.9,25074.4,25071.9,25074.4,110
1781803680,25074.9,25074.9,25072.4,25073.9,96
1781803740,25074.4,25074.4,25072.4,25074.4,124
1781803800,25074.9,25077.4,25070.4,25076.9,138
1781803860,25075.9,25076.9,25073.4,25075.4,150
1781803920,25074.9,25074.9,25070.9,25071.4,124
1781803980,25071.9,25072.4,25069.9,25070.9,128
1781804040,25069.9,25071.9,25068.9,25070.9,120
1781804100,25069.9,25070.9,25068.9,25070.4,138
1781804160,25070.9,25072.9,25069.9,25071.9,88
1781804220,25070.9,25071.9,25069.9,25070.9,132
1781804280,25070.4,25076.4,25069.9,25075.4,102
1781804340,25074.9,25074.9,25068.9,25070.9,40
1781804400,25070.4,25080.4,25070.4,25077.9,164
1781804460,25078.9,25081.9,25077.4,25080.9,106
1781804520,25080.4,25084.4,25076.9,25076.9,106
1781804580,25075.9,25079.4,25072.9,25079.4,126
1781804640,25078.9,25083.9,25078.4,25082.9,66
1781804700,25082.4,25084.9,25081.4,25083.9,106
1781804760,25083.4,25083.9,25073.9,25079.9,122
1781804820,25080.4,25082.9,25078.4,25082.9,108
1781804880,25082.4,25084.4,25079.9,25081.4,66
1781804940,25080.9,25081.4,25078.4,25078.9,96
1781805000,25079.9,25079.9,25075.4,25076.4,92
1781805060,25076.9,25080.4,25075.9,25078.9,56
1781805120,25077.9,25078.9,25074.9,25076.4,78
1781805180,25076.9,25081.4,25076.4,25080.9,66
1781805240,25080.4,25082.9,25077.9,25077.9,154
1781805300,25078.9,25079.9,25073.9,25075.9,132
1781805360,25074.9,25075.9,25071.9,25073.4,150
1781805420,25073.9,25077.9,25071.9,25076.9,160
1781805480,25077.4,25078.9,25075.4,25076.9,136
1781805540,25077.4,25078.9,25073.9,25073.9,112
1781805600,25075.9,25076.4,25068.4,25069.9,112
1781805660,25068.9,25075.4,25068.9,25070.4,138
1781805720,25070.9,25075.9,25069.4,25072.4,140
1781805780,25072.9,25072.9,25065.4,25068.4,124
1781805840,25068.9,25072.4,25067.4,25067.4,158
1781805900,25067.9,25071.9,25063.4,25070.4,166
1781805960,25068.9,25074.9,25068.9,25071.4,128
1781806020,25070.9,25078.9,25070.9,25077.9,86
1781806080,25078.4,25078.9,25075.4,25076.9,156
1781806140,25077.4,25077.9,25075.4,25076.9,136
1781806200,25077.4,25082.9,25076.4,25079.9,104
1781806260,25080.9,25085.4,25078.9,25080.4,126
1781806320,25080.9,25080.9,25074.9,25080.4,134
1781806380,25080.9,25080.9,25070.9,25073.9,162
1781806440,25074.9,25074.9,25068.4,25068.4,132
1781806500,25068.9,25074.4,25068.4,25070.4,138
1781806560,25070.9,25073.4,25070.4,25071.9,146
1781806620,25072.4,25075.4,25070.9,25072.4,158
1781806680,25071.9,25074.4,25070.9,25073.9,116
1781806740,25074.4,25074.4,25071.4,25071.9,116
1781806800,25072.9,25072.9,25069.4,25070.9,132
1781806860,25071.4,25073.4,25068.4,25072.9,160
1781806920,25073.4,25079.4,25072.4,25077.4,154
1781806980,25076.9,25078.9,25074.9,25078.9,142
1781807040,25076.9,25077.9,25072.9,25075.4,98
1781807100,25074.9,25078.9,25074.9,25075.9,184
1781807160,25076.4,25076.9,25071.9,25072.4,122
1781807220,25071.9,25078.9,25071.9,25078.4,164
1781807280,25077.9,25078.4,25065.4,25070.9,220
1781807340,25070.4,25071.9,25067.9,25067.9,134
1781807400,25068.9,25069.9,25067.4,25068.9,192
1781807460,25067.9,25068.9,25060.4,25063.4,156
1781807520,25063.9,25065.9,25056.9,25058.4,152
1781807580,25058.9,25059.9,25058.4,25058.4,122
1781807640,25058.9,25062.9,25058.4,25060.9,116
1781807700,25061.4,25061.4,25057.9,25058.4,116
1781807760,25058.9,25059.4,25049.9,25051.4,146
1781807820,25050.9,25053.9,25047.9,25047.9,102
1781807880,25048.9,25049.4,25042.9,25046.4,150
1781807940,25046.9,25052.9,25045.9,25049.9,150
1781808000,25050.9,25050.9,25047.4,25047.9,164
1781808060,25047.4,25055.4,25047.4,25054.9,120
1781808120,25055.4,25055.4,25050.9,25052.9,177
1781808180,25052.4,25055.4,25051.9,25052.4,144
1781808240,25051.9,25053.9,25051.4,25052.4,120
1781808300,25052.9,25057.4,25052.9,25055.4,90
1781808360,25054.9,25058.9,25053.4,25054.9,160
1781808420,25053.9,25057.9,25053.9,25055.9,138
1781808480,25055.4,25062.4,25055.4,25057.9,132
1781808540,25058.4,25062.4,25057.4,25061.4,148
1781808600,25061.9,25061.9,25058.4,25061.9,168
1781808660,25060.9,25062.9,25058.9,25060.4,140
1781808720,25060.9,25063.4,25059.9,25061.4,126
1781808780,25061.9,25066.9,25061.4,25063.9,140
1781808840,25064.4,25064.9,25056.8,25059.4,101
1781808900,25059.9,25062.9,25059.4,25061.4,134
1781808960,25060.9,25062.9,25058.9,25059.9,176
1781809020,25058.9,25061.9,25058.9,25060.9,150
1781809080,25060.4,25061.9,25058.9,25059.9,108
1781809140,25058.9,25063.4,25058.9,25059.9,142
1781809200,25059.4,25059.9,25051.9,25054.9,162
1781809260,25053.9,25055.9,25052.4,25053.9,126
1781809320,25052.9,25055.9,25048.9,25049.4,168
1781809380,25048.9,25049.4,25042.4,25046.9,152
1781809440,25045.9,25051.4,25044.9,25045.9,156
1781809500,25046.4,25047.4,25041.9,25046.9,200
1781809560,25047.4,25048.9,25044.4,25045.4,150
1781809620,25044.9,25053.4,25044.9,25051.9,100
1781809680,25051.4,25052.9,25048.9,25051.9,142
1781809740,25052.9,25053.9,25049.4,25049.9,132
1781809800,25050.9,25050.9,25042.9,25045.9,190
1781809860,25044.9,25046.9,25030.9,25033.9,199
1781809920,25033.4,25036.4,25031.4,25034.4,198
1781809980,25035.4,25036.4,25029.9,25032.9,166
1781810040,25033.9,25035.9,25028.4,25031.9,188
1781810100,25031.4,25039.9,25030.4,25034.9,184
1781810160,25035.9,25036.4,25033.4,25035.9,160
1781810220,25034.4,25041.9,25034.4,25039.9,172
1781810280,25041.4,25041.9,25028.9,25033.9,182
1781810340,25033.4,25047.4,25032.9,25047.4,138
1781810400,25046.9,25050.9,25046.4,25048.9,100
1781810460,25049.4,25049.9,25047.9,25048.9,70
1781810520,25049.4,25049.9,25046.4,25046.4,116
1781810580,25044.4,25044.4,25034.4,25035.4,80
1781810640,25036.4,25039.4,25030.9,25034.4,102
1781810700,25034.9,25039.9,25034.4,25038.4,108
1781810760,25038.9,25038.9,25032.9,25033.4,68
1781810820,25032.9,25037.4,25030.9,25031.4,70
1781810880,25032.4,25034.4,25031.4,25031.4,58
1781810940,25032.4,25043.9,25032.4,25041.4,110
1781811000,25040.9,25040.9,25022.9,25026.9,190
1781811060,25027.9,25035.4,25027.4,25035.4,84
1781811120,25034.9,25037.9,25033.4,25036.9,114
1781811180,25037.4,25047.9,25036.9,25046.4,126
1781811240,25046.9,25047.9,25037.4,25039.4,190
1781811300,25038.9,25047.4,25038.9,25046.4,148
1781811360,25045.9,25047.9,25042.9,25043.9,112
1781811420,25043.4,25048.9,25041.4,25048.4,138
1781811480,25047.9,25048.4,25046.4,25046.9,138
1781811540,25046.4,25046.9,25043.4,25045.4,134
1781811600,25046.4,25047.9,25041.9,25045.4,150
1781811660,25045.9,25047.4,25037.4,25040.4,116
1781811720,25043.9,25044.9,25041.4,25041.9,156
1781811780,25042.4,25043.4,25036.4,25041.4,172
1781811840,25041.9,25045.4,25036.9,25040.9,118
1781811900,25039.9,25043.4,25039.4,25039.9,46
1781811960,25039.4,25041.9,25039.4,25039.9,96
1781812020,25040.4,25040.9,25035.4,25038.4,88
1781812080,25037.9,25041.9,25035.4,25040.4,96
1781812140,25038.4,25042.4,25037.9,25040.9,102
1781812200,25040.4,25052.9,25036.9,25049.9,180
1781812260,25049.4,25053.9,25047.9,25049.9,160
1781812320,25050.9,25050.9,25045.9,25047.9,150
1781812380,25046.9,25048.9,25041.9,25048.9,150
1781812440,25048.4,25053.9,25047.9,25051.9,168
1781812500,25052.9,25054.9,25047.9,25051.4,194
1781812560,25051.9,25052.4,25049.4,25052.4,130
1781812620,25051.9,25052.4,25048.4,25051.4,122
1781812680,25049.9,25059.9,25048.9,25058.9,70
1781812740,25061.4,25067.4,25051.9,25061.4,148
1781812800,25059.8,25061.8,25043,25053.7,408
1781812860,25053.4,25064.8,25051.2,25059.7,284
1781812920,25059.9,25063.3,25057.5,25062.1,236
1781812980,25061.8,25070.3,25061.4,25070.3,206
1781813040,25070.8,25075.2,25068.4,25074.7,200
1781813100,25074.5,25081,25073.3,25078.6,286
1781813160,25078.8,25078.8,25074.5,25077.6,210
1781813220,25077.4,25080.3,25073.7,25077.6,172
1781813280,25077.8,25079.8,25074.9,25076.1,200
1781813340,25076.4,25077.1,25073.5,25074.2,164
1781813400,25073.7,25076.9,25072,25072.8,154
1781813460,25072.5,25078.3,25072,25077.6,172
1781813520,25078.1,25082,25076.9,25079.3,126
1781813580,25079.5,25083.2,25077.8,25078.8,150
1781813640,25079.1,25084.6,25079.1,25082.9,181
1781813700,25083.2,25085.4,25082.7,25084.2,132
1781813760,25084.4,25085.6,25083.7,25085.1,88
1781813820,25085.6,25086.3,25073.3,25073.3,139
1781813880,25073.8,25084.9,25073.8,25084.9,87
1781813940,25085.4,25087.4,25079.9,25087.2,102
1781814000,25087.4,25093.7,25087.4,25088.1,194
1781814060,25087.9,25098.9,25086.9,25096.7,134
1781814120,25097.4,25097.4,25093.1,25093.6,136
1781814180,25093.3,25096.2,25093.1,25093.6,136
1781814240,25093.8,25093.8,25090.4,25090.4,122
1781814300,25090.6,25093.6,25089.7,25092.3,92
1781814360,25092.6,25100.1,25090.4,25098.2,132
1781814420,25097.2,25097.4,25094.5,25095.7,104
1781814480,25089.7,25098.9,25089.7,25097.2,88
1781814540,25098.2,25098.4,25095.5,25096.2,112
1781814600,25095.5,25099.1,25095.5,25097,86
1781814660,25097.7,25097.9,25093.3,25097.4,88
1781814720,25097.2,25097.9,25092.1,25092.6,172
1781814780,25092.1,25093.6,25091.9,25091.9,100
1781814840,25092.4,25094.3,25091.9,25094,82
1781814900,25093.8,25095,25091.6,25092.6,102
1781814960,25091.6,25091.6,25086.8,25088,50
1781815020,25088.7,25089.4,25086.3,25089.2,78
1781815080,25089,25089.4,25087.5,25088,68
1781815140,25087.7,25088.5,25086.5,25088.5,78
1781815200,25089.4,25090.4,25088.7,25089.7,68
1781815260,25089.4,25090.2,25086.8,25087.5,70
1781815320,25087,25089.2,25085.6,25085.6,98
1781815380,25085.8,25085.8,25081.2,25082.2,66
1781815440,25081.9,25084.1,25081.7,25083.6,40
1781815500,25082.9,25084.1,25081.4,25082.6,106
1781815560,25083.1,25083.4,25077.1,25082.2,72
1781815620,25081.7,25081.7,25078.3,25080.7,102
1781815680,25081.2,25083.1,25080.2,25082.4,82
1781815740,25082.6,25086.3,25082.4,25084.6,92
1781815800,25084.3,25087.3,25084.1,25086.3,88
1781815860,25086.5,25087.5,25085.6,25086.5,66
1781815920,25086.3,25086.3,25081.2,25081.4,78
1781815980,25081.7,25082.9,25080.9,25082.2,54
1781816040,25082.4,25086.3,25080.5,25086,74
1781816100,25085.8,25088.5,25084.1,25086.5,152
1781816160,25086.3,25087.7,25083.9,25084.3,54
1781816220,25083.9,25086,25083.4,25085.1,68
1781816280,25085.3,25089.9,25084.8,25089.9,94
1781820120,25093,25093.3,25086.3,25086.7,116
1781820180,25088.4,25094,25086,25090.9,156
1781820240,25091.1,25092.1,25087.2,25090.6,150
1781820300,25091.3,25092.3,25084.6,25091.1,171
1781820360,25090.6,25091.3,25089.2,25089.9,118
1781820420,25089.6,25090.1,25087,25089.2,178
1781820480,25089.6,25091.1,25086,25087.5,130
1781820540,25087.2,25088.2,25086.7,25088.2,48
1781820600,25088,25090.6,25088,25090.6,74
1781820660,25090.9,25092.3,25090.1,25091.3,44
1781820720,25091.1,25091.1,25088,25088.7,58
1781820780,25090.1,25090.1,25088,25089.2,34
1781820840,25088.7,25088.9,25086.3,25086.5,18
1781820900,25085.3,25085.5,25084.3,25084.3,14
1781820960,25085.3,25085.8,25083.6,25084.6,66
1781821020,25084.1,25084.8,25084.1,25084.1,24
1781821080,25083.8,25083.8,25078.5,25079.9,84
1781821140,25079.7,25080.2,25073.9,25075.1,110
1781821200,25074.8,25074.8,25067.1,25067.8,60
1781821260,25068,25068,25064.1,25064.1,60
1781821320,25065.1,25065.4,25062.4,25063.2,112
1781821380,25062.7,25064.4,25059.5,25061.5,104
1781821440,25061.2,25061.2,25059.1,25061.2,92
1781821500,25061,25066.8,25060.5,25065.1,94
1781821560,25064.6,25066.8,25064.1,25065.6,66
1781821620,25065.1,25066.1,25062.7,25063.2,64
1781821680,25063.4,25064.1,25062,25063.9,62
1781821740,25064.1,25064.9,25061.2,25061.7,40
1781821800,25062,25062,25059.1,25059.8,60
1781821860,25059.5,25060.5,25059.1,25059.8,34
1781821920,25060,25060.3,25058.8,25060,44
1781821980,25059.8,25061.5,25058.8,25059.1,46
1781822040,25059.5,25060.3,25058.8,25058.8,52
1781822100,25058.1,25058.1,25052.1,25057.8,44
1781822160,25057.6,25058.1,25050.1,25051.6,64
1781822220,25051.3,25052.8,25050.4,25050.6,32
1781822280,25051.1,25052.3,25050.4,25050.4,38
1781822340,25049.4,25050.4,25048.4,25049.4,78
1781822400,25048.9,25050.8,25048.2,25049.4,56
1781822460,25048.9,25049.9,25047.9,25049.4,54
1781822520,25049.9,25052,25048.7,25048.7,60
1781822580,25048.2,25048.2,25046.2,25046.2,16
1781822640,25047.2,25049.4,25046.5,25049.1,18
1781822700,25048.7,25049.4,25047,25048.7,56
1781822760,25048.4,25048.4,25045,25045.3,50
1781822820,25044.8,25045.7,25042.3,25045.5,64
1781822880,25045.7,25048.4,25045.7,25048.4,60
1781822940,25048.9,25051.1,25048.9,25051.1,62
1781823000,25050.8,25050.8,25047.7,25048.4,52
1781823060,25049.1,25051.3,25049.1,25050.4,70
1781823120,25050.1,25050.4,25048.7,25048.9,18
1781823180,25049.1,25049.6,25048.7,25048.9,48
1781823240,25049.1,25050.1,25048.2,25048.4,40
1781823300,25048.2,25048.2,25046.2,25046.7,58
1781823360,25047.2,25047.2,25045.7,25047.2,32
1781823420,25046.7,25047.2,25046.2,25046.7,34
1781823480,25046.5,25046.5,25045.3,25045.3,10
1781823540,25046,25046.2,25045.5,25045.7,24
1781823600,25046.2,25047.4,25045.7,25046.7,44
1781823660,25046.5,25047,25043.3,25046,74
1781823720,25045.7,25049.4,25045.7,25047.4,92
1781823780,25047.2,25047.2,25043.8,25044.3,44
1781823840,25044.5,25046,25044,25044.3,45
1781823900,25044,25044,25041.6,25043.3,34
1781823960,25043.1,25045.7,25043.1,25045.3,24
1781824020,25045,25045.3,25043.6,25045,34
1781824080,25044,25044.5,25043.6,25044,20
1781824140,25044.3,25047,25044.3,25045.5,40
1781824200,25045.3,25047,25045,25046.5,63
1781824260,25046.7,25046.7,25045.5,25046,53
1781824320,25045.7,25045.7,25044.3,25044.8,52
1781824380,25045,25045.5,25042.8,25043.3,48
1781824440,25043.1,25044.5,25043.1,25043.8,30
1781824500,25044,25044.3,25043.3,25044.3,32
1781824560,25044,25046.2,25044,25045.3,24
1781824620,25045.5,25046.7,25044.3,25046.5,52
1781824680,25046,25047,25046,25047,12
1781824740,25046.7,25046.7,25045.7,25046,22
1781824800,25046.2,25047.9,25046,25047.9,28
1781824860,25048.2,25052,25048.2,25050.8,38
1781824920,25051.3,25052.8,25050.4,25052.8,47
1781824980,25053,25054.7,25053,25053.7,44
1781825040,25053.3,25054.5,25052,25054.2,58
1781825100,25053.7,25055,25053.5,25053.7,26
1781825160,25047.7,25052.8,25046.3,25052.3,28
1781825220,25052.5,25055.7,25052.5,25055.7,40
1781825280,25055.4,25055.7,25054.2,25054.7,40
1781825340,25055.2,25055.2,25054.2,25055.2,38
1781825400,25054.5,25056.7,25054.2,25055.9,82
1781825460,25055.9,25055.9,25051.3,25053.3,80
1781825520,25053.5,25055.7,25053.3,25055.7,38
1781825580,25055.9,25056.4,25055.2,25056.4,22
1781825640,25056.2,25056.7,25054.7,25056.7,16
1781825700,25056.4,25058.1,25056.4,25057.9,62
1781825760,25057.6,25058.1,25056.4,25057.9,46
1781825820,25058.1,25058.4,25052.4,25052.9,30
1781825880,25052.7,25056.8,25052.4,25056.6,55
1781825940,25056.3,25056.3,25053.2,25054.4,77
1781826000,25054.6,25054.9,25054.1,25054.4,43
1781826060,25054.6,25055.6,25053.4,25054.4,36
1781826120,25054.6,25054.9,25053.6,25053.6,24
1781826180,25053.4,25053.4,25051,25051.9,52
1781826240,25052.2,25054.9,25051.9,25054.9,32
1781826300,25054.1,25054.6,25051.2,25051.7,92
1781826360,25051.2,25054.1,25051.2,25054.1,72
1781826420,25053.9,25055.6,25053.2,25053.4,83
1781826480,25053.6,25056.3,25053.4,25054.1,55
1781826540,25053.6,25054.1,25052.9,25054.1,58
1781826600,25054.4,25059.5,25054.1,25059,76
1781826660,25058.5,25059,25056.6,25056.8,62
1781826720,25056.6,25057.8,25055.6,25056.8,66
1781826780,25057.5,25058.5,25056.3,25058.5,46
1781826840,25058.3,25060.4,25057.5,25059.5,60
1781826900,25059.2,25060.9,25058.7,25059.7,56
1781826960,25059.2,25060.2,25055.3,25057,114
1781827020,25056.6,25057.5,25056.1,25056.8,62
1781827080,25056.6,25057.5,25056.1,25057,86
1781827140,25057.5,25058,25054.6,25054.6,102
1781827200,25054.4,25055.6,25045.4,25045.6,240
1781827260,25045.9,25051,25042.1,25042.3,175
1781827320,25048.3,25052.9,25042.3,25051.2,172
1781827380,25051.5,25053.2,25044.7,25046.9,157
1781827440,25052.9,25052.9,25042.6,25046.1,147
1781827500,25046.6,25049.8,25043.9,25049.5,156
1781827560,25049.3,25049.8,25043.4,25043.4,184
1781827620,25043.7,25045.9,25040.5,25040.5,172
1781827680,25040.8,25041,25036.7,25037.6,180
1781827740,25037.4,25042.2,25037.4,25040.5,156
1781827800,25040.3,25041.7,25038.3,25038.6,184
1781827860,25038.1,25039.1,25032.8,25034.2,166
1781827920,25034,25034.2,25029.1,25030.3,166
1781827980,25030.6,25032,25028.6,25030.3,158
1781828040,25030.6,25031.8,25029.4,25030.6,169
1781828100,25030.8,25030.8,25030.8,25030.8,2
1781828160,25004.7,25004.7,24988.7,24991.7,104
1781828220,24992.2,24995.2,24986.7,24993.7,94
1781828280,24994.2,24995.2,24982.7,24984.2,70
1781828340,24983.7,24994.7,24978.2,24989.7,61
1781828400,24990.2,24991.2,24986.2,24986.7,92
1781828460,24985.7,24985.7,24979.7,24981.7,108
1781828520,24982.7,24983.7,24974.7,24975.7,74
1781828580,24977.2,24983.7,24971.7,24971.7,82
1781828640,24972.2,24974.2,24969.7,24971.2,46
1781828700,24971.7,24972.7,24967.2,24971.2,56
1781828760,24970.2,24977.7,24970.2,24975.7,58
1781828820,24975.2,24975.2,24974.7,24975.2,14
1781828880,24976.7,24980.7,24976.2,24977.2,28
1781828940,24978.7,24979.2,24977.7,24978.2,24
1781829000,24975.7,24987.7,24975.2,24987.7,88
1781829060,24987.2,24990.2,24983.7,24986.2,78
1781829120,24990.7,24991.2,24984.2,24984.2,66
1781829180,24985.2,24986.2,24981.7,24983.2,78
1781829240,24985.7,24991.7,24983.7,24988.2,76
1781829300,24987.7,24990.2,24983.7,24986.7,84
1781829360,24987.2,24989.2,24978.7,24982.7,66
1781829420,24984.2,24984.2,24933.2,24938.2,121
1781829480,24942.2,24945.2,24939.2,24942.2,24
1781829540,24946.7,24960.2,24944.2,24956.7,92
1781829600,24957.2,24960.2,24954.2,24960.2,30
1781829660,24958.7,24966.7,24957.2,24963.2,53
1781829720,24964.7,24969.2,24961.7,24967.7,32
1781829780,24965.7,24966.7,24964.7,24964.7,20
1781829840,24968.2,24971.7,24965.7,24971.7,40
1781829900,24970.7,24976.2,24961.2,24968.2,50
1781829960,24969.7,24969.7,24967.7,24967.7,34
1781830020,24969.2,24970.2,24968.7,24970.2,10
1781830080,24973.2,24977.7,24972.7,24975.2,34
1781830140,24977.7,24978.7,24971.7,24975.7,40
1781830200,24974.2,24975.2,24974.2,24975.2,10
1781830260,24976.2,24976.2,24970.7,24971.2,50
1781830320,24973.7,24973.7,24971.2,24972.7,24
1781830380,24972.2,24972.2,24971.2,24972.2,6
1781830440,24973.2,24973.2,24971.7,24971.7,4
1781830500,24972.7,24972.7,24971.7,24971.7,4
1781830560,24969.7,24971.7,24967.2,24968.7,22
1781830620,24969.7,24979.7,24969.7,24974.2,24
1781830680,24973.7,24973.7,24971.7,24973.7,20
1781830740,24974.7,24977.7,24974.7,24976.2,18
1781830800,24977.7,24979.7,24976.2,24979.2,28
1781830860,24978.2,24978.2,24976.7,24976.7,24
1781830920,24976.2,24983.7,24976.2,24982.2,28
1781830980,24983.2,24990.2,24983.2,24990.2,74
1781831040,24992.2,24992.7,24988.7,24988.7,60
1781831100,24989.2,24990.7,24982.2,24984.7,56
1781831160,24983.7,24983.7,24973.2,24974.7,36
1781831220,24972.7,24974.7,24968.7,24970.2,64
1781831280,24969.7,24970.2,24969.2,24970.2,16
1781831340,24972.2,24972.7,24969.2,24969.2,28
1781831400,24969.7,24972.2,24969.7,24971.7,10
1781831460,24970.7,24975.7,24964.2,24975.7,50
1781831520,24973.2,24973.2,24965.2,24965.7,38
1781831580,24965.2,24966.7,24964.7,24965.7,22
1781831640,24964.7,24964.7,24962.2,24963.2,16
1781831700,24964.2,24964.7,24962.2,24963.7,18
1781831760,24965.2,24965.2,24965.2,24965.2,2
1781831820,24965.7,24970.2,24965.7,24967.2,14
1781831880,24966.2,24970.2,24965.2,24968.7,32
1781831940,24969.2,24973.2,24967.7,24972.7,44
1781832000,24971.7,24971.7,24964.7,24964.7,34
1781832060,24967.2,24967.2,24958.2,24960.7,40
1781832120,24961.2,24964.2,24961.2,24964.2,18
1781832180,24966.2,24968.2,24964.2,24964.2,36
1781832240,24964.7,24964.7,24960.2,24961.7,16
1781832300,24960.7,24963.7,24960.7,24963.2,24
1781832360,24962.7,24965.2,24962.7,24964.7,12
1781832420,24965.2,24966.2,24965.2,24965.7,10
1781832540,24966.7,24966.7,24965.7,24966.2,6
1781832600,24965.2,24965.2,24960.7,24960.7,12
1781832660,24961.7,24963.7,24960.2,24960.2,44
1781832720,24960.7,24962.7,24955.2,24955.7,42
1781832780,24957.2,24966.2,24955.7,24965.7,32
1781832840,24962.7,24966.7,24962.7,24965.2,32
1781832900,24965.7,24965.7,24964.2,24965.7,14
1781832960,24966.2,24969.2,24965.7,24969.2,20
1781833020,24967.2,24968.2,24965.7,24965.7,12
1781833080,24966.2,24966.2,24962.7,24963.7,42
1781833140,24964.2,24965.2,24960.7,24962.2,38
1781833200,24962.7,24963.2,24959.2,24959.2,26
1781833260,24957.7,24960.2,24957.2,24959.7,20
1781833320,24961.2,24961.2,24959.2,24960.7,8
1781833380,24959.7,24960.2,24959.7,24960.2,4
1781833440,24959.2,24961.2,24959.2,24961.2,6
1781833500,24960.7,24960.7,24960.7,24960.7,2
1781833560,24961.7,24965.2,24961.7,24962.7,24
1781833620,24964.7,24964.7,24960.7,24961.2,40
1781833680,24962.2,24962.2,24955.2,24955.7,26
1781833740,24956.7,24959.7,24955.7,24957.2,32
1781833800,24956.7,24956.7,24956.7,24956.7,2
1781833860,24956.2,24957.7,24954.7,24956.7,24
1781833920,24954.7,24955.2,24953.2,24953.2,16
1781833980,24953.7,24955.2,24953.2,24953.7,18
1781834040,24952.7,24954.2,24951.7,24952.7,14
1781834100,24953.2,24953.2,24952.2,24953.2,10
1781834160,24952.2,24952.7,24952.2,24952.7,4
1781834220,24953.2,24953.2,24952.7,24952.7,4
1781834280,24950.7,24952.2,24949.7,24950.2,18
1781834340,24948.7,24948.7,24948.7,24948.7,2
1781834400,24949.2,24949.2,24943.7,24943.7,28
1781834460,24942.7,24945.2,24942.7,24944.2,66
1781834520,24944.7,24947.7,24944.2,24944.7,28
1781834580,24945.7,24947.2,24943.2,24944.7,22
1781834640,24943.7,24943.7,24943.7,24943.7,2
1781834760,24943.2,24944.7,24943.2,24943.2,6
1781834820,24942.2,24942.2,24936.7,24937.7,24
1781834880,24937.2,24940.7,24934.7,24940.2,28
1781834940,24940.7,24944.2,24939.2,24943.7,28
1781835000,24943.2,24943.2,24931.7,24934.7,52
1781835060,24933.7,24942.2,24930.7,24938.2,62
1781835120,24938.7,24940.2,24938.7,24940.2,8
1781835180,24941.7,24942.7,24941.7,24941.7,8
1781835240,24941.2,24941.2,24938.7,24939.7,14
1781835300,24940.2,24940.7,24936.2,24936.7,16
1781835360,24937.2,24937.2,24935.2,24937.2,34
1781835420,24936.7,24936.7,24932.7,24932.7,34
1781835480,24933.7,24935.2,24932.2,24932.7,48
1781835540,24933.2,24934.2,24931.7,24932.7,22
1781835600,24933.7,24935.2,24932.2,24932.7,50
1781835660,24931.7,24938.2,24931.7,24938.2,26
1781835720,24936.2,24938.7,24934.7,24938.2,24
1781835780,24940.2,24942.7,24939.2,24940.7,24
1781835840,24940.2,24940.7,24939.2,24940.7,10
1781835900,24937.7,24942.2,24937.2,24941.7,30
1781835960,24941.2,24941.2,24939.7,24940.2,14
1781836020,24940.7,24942.2,24940.2,24940.2,16
1781836080,24940.7,24940.7,24940.7,24940.7,2
1781836140,24941.2,24942.7,24941.2,24942.7,16
1781836200,24942.2,24942.2,24942.2,24942.2,2
1781836260,24941.7,24941.7,24939.7,24940.7,8
1781836320,24941.7,24943.7,24941.2,24942.7,10
1781836380,24943.7,24943.7,24941.7,24942.2,8
1781836440,24943.2,24943.2,24941.2,24943.2,12
1781836500,24942.2,24945.2,24941.2,24943.2,24
1781836560,24942.7,24944.2,24941.7,24943.2,16
1781836620,24942.7,24943.7,24942.2,24942.2,22
1781836680,24942.7,24945.2,24942.2,24945.2,50
1781836740,24945.7,24945.7,24944.7,24945.2,6
1781836800,24945.7,24946.2,24945.7,24946.2,4
1781836860,24945.7,24954.7,24945.7,24953.7,30
1781836920,24952.7,24957.2,24952.7,24956.2,10
1781836980,24957.2,24957.7,24955.2,24956.7,20
1781837040,24957.7,24957.7,24956.7,24957.7,10
1781837100,24957.2,24957.2,24953.2,24953.7,10
1781837160,24953.2,24953.2,24950.7,24951.2,30
1781837220,24951.7,24951.7,24949.2,24950.2,22
1781837340,24948.7,24950.7,24948.7,24949.7,10
1781837400,24950.2,24950.2,24942.7,24942.7,54
1781837460,24938.2,24945.7,24938.2,24944.2,60
1781837520,24945.2,24946.7,24943.2,24944.7,46
1781837580,24945.2,24946.2,24944.2,24945.7,20
1781837640,24946.7,24946.7,24946.2,24946.2,8
1781837700,24946.7,24946.7,24946.7,24946.7,2
1781838060,24947.7,24947.7,24947.7,24947.7,2
1781838120,24951.2,24951.7,24951.2,24951.7,4
1781838180,24951.2,24956.2,24951.2,24955.7,18
1781838240,24954.7,24954.7,24950.2,24950.7,18
1781838300,24951.2,24951.7,24947.2,24947.2,16
1781838360,24947.7,24950.2,24945.2,24948.2,36
1781838420,24950.2,24950.7,24948.2,24949.7,20
1781838480,24948.7,24948.7,24945.2,24945.2,12
1781838600,24946.7,24946.7,24944.7,24944.7,10
1781838660,24945.2,24946.2,24945.2,24945.2,6
1781838720,24945.7,24945.7,24945.7,24945.7,2
1781838780,24946.7,24947.7,24943.7,24945.7,16
1781838840,24945.2,24945.2,24943.2,24943.7,8
1781838900,24942.7,24942.7,24934.2,24935.7,40
1781838960,24935.2,24936.2,24932.2,24934.2,40
1781839020,24934.7,24935.2,24931.7,24932.7,36
1781839080,24933.7,24940.7,24932.7,24938.2,68
1781839140,24935.7,24936.7,24935.2,24936.7,18
1781839200,24937.2,24937.2,24937.2,24937.2,2
1781839260,24936.7,24941.7,24936.7,24939.7,28
1781839320,24940.7,24940.7,24932.2,24932.2,56
1781839380,24934.2,24934.2,24928.7,24933.7,32
1781839440,24934.2,24934.2,24931.2,24933.7,42
1781839500,24932.7,24934.2,24932.2,24932.2,50
1781839560,24931.2,24936.7,24931.2,24934.7,50
1781839620,24933.2,24935.7,24933.2,24933.7,46
1781839680,24935.2,24938.7,24932.7,24933.7,52
1781839740,24934.7,24939.2,24933.2,24937.2,40
1781839800,24938.2,24939.7,24932.7,24937.7,90
1781839860,24938.2,24939.2,24930.2,24931.2,70
1781839920,24934.2,24936.7,24931.7,24933.2,82
1781839980,24930.2,24933.2,24929.2,24929.2,52
1781840040,24929.7,24932.7,24929.2,24931.2,82
1781840100,24932.2,24934.2,24929.2,24929.7,104
1781840160,24930.2,24934.7,24930.2,24932.7,104
1781840220,24934.7,24943.2,24934.2,24942.7,102
1781840280,24942.2,24944.2,24939.7,24943.7,40
1781840340,24945.2,24945.2,24944.7,24945.2,22
1781840400,24944.7,24946.7,24943.7,24944.7,28
1781840460,24945.2,24945.2,24942.2,24944.2,50
1781840520,24943.2,24943.2,24937.7,24937.7,120
1781840580,24939.7,24940.7,24936.2,24940.7,78
1781840640,24939.7,24943.2,24939.2,24941.2,54
1781840700,24941.7,24944.2,24939.7,24941.7,54
1781840760,24941.2,24943.7,24938.2,24942.2,72
1781840820,24942.7,24942.7,24939.2,24940.2,34
1781840880,24940.7,24945.7,24940.7,24942.7,80
1781840940,24941.7,24943.2,24939.7,24942.7,60
1781841000,24941.7,24946.2,24940.7,24944.7,42
1781841060,24944.2,24944.7,24940.2,24942.2,44
1781841120,24941.2,24943.7,24940.2,24940.7,36
1781841180,24941.2,24945.7,24940.7,24945.7,42
1781841240,24946.7,24946.7,24942.7,24945.7,52
1781841300,24945.2,24945.2,24941.2,24941.2,18
1781841360,24942.2,24943.7,24940.7,24943.7,10
1781841420,24944.7,24946.2,24944.2,24945.2,18
1781841480,24943.7,24945.2,24938.7,24939.2,42
1781841540,24940.2,24945.2,24940.2,24944.7,68
1781841600,24946.7,24950.2,24945.2,24950.2,104
1781841660,24948.2,24948.2,24938.7,24941.7,110
1781841720,24939.7,24944.2,24935.7,24944.2,106
1781841780,24943.7,24947.2,24935.7,24937.7,110
1781841840,24939.2,24939.2,24934.2,24937.7,64
1781841900,24939.2,24942.2,24937.7,24941.7,54
1781841960,24940.2,24950.2,24940.2,24950.2,80
1781842020,24950.7,24950.7,24945.7,24945.7,56
1781842080,24946.7,24949.2,24945.2,24948.2,48
1781842140,24943.2,24944.7,24937.7,24944.7,34
1781842200,24945.7,24947.2,24944.7,24946.7,24
1781842260,24946.2,24951.2,24945.7,24951.2,50
1781842320,24950.7,24952.7,24949.2,24952.2,58
1781842380,24953.2,24958.7,24953.2,24957.2,40
1781842440,24956.7,24965.2,24956.2,24965.2,36
1781842500,24963.7,24964.7,24950.2,24955.2,98
1781842560,24954.7,24962.7,24954.2,24962.2,128
1781842620,24961.7,24965.2,24958.2,24962.7,88
1781842680,24960.7,24961.7,24958.7,24960.2,36
1781842740,24959.7,24960.7,24954.2,24955.2,58
1781842800,24954.7,24955.2,24944.7,24948.7,40
1781842860,24949.2,24954.2,24949.2,24951.2,30
1781842920,24951.7,24954.7,24949.7,24952.7,34
1781842980,24951.7,24955.7,24951.7,24954.2,46
1781843040,24954.7,24962.2,24953.2,24962.2,44
1781843100,24961.7,24961.7,24953.7,24955.7,56
1781843160,24955.2,24955.2,24948.7,24949.2,44
1781843220,24950.2,24951.7,24946.2,24948.2,50
1781843280,24947.7,24947.7,24947.2,24947.7,6
1781843340,24948.2,24948.2,24948.2,24948.2,2
1781843400,24947.7,24949.2,24946.7,24948.2,20
1781843460,24947.7,24947.7,24944.2,24945.2,24
1781843520,24942.7,24943.7,24932.7,24934.7,30
1781843580,24935.2,24935.2,24930.2,24930.2,20
1781843640,24929.7,24930.2,24918.7,24918.7,24
1781843700,24916.7,24918.2,24909.7,24911.2,92
1781843760,24906.2,24921.2,24906.2,24915.7,62
1781843820,24918.7,24925.7,24916.7,24922.7,63
1781843880,24923.2,24927.7,24923.2,24927.2,14
1781843940,24928.2,24928.2,24923.2,24926.2,32
1781844000,24924.2,24927.2,24924.2,24924.7,40
1781844060,24924.2,24924.2,24910.2,24911.7,48
1781844120,24911.2,24918.2,24909.2,24914.2,72
1781844180,24913.7,24915.2,24908.7,24908.7,28
1781844240,24909.2,24914.2,24901.7,24910.2,58
1781844300,24910.7,24913.7,24907.7,24909.2,42
1781844360,24910.7,24912.7,24907.2,24907.7,40
1781844420,24906.2,24908.7,24906.2,24907.7,26
1781844480,24908.2,24908.7,24907.2,24908.7,16
1781844540,24909.2,24910.7,24906.7,24910.2,68
1781844600,24909.7,24915.2,24909.2,24910.2,64
1781844660,24909.7,24913.7,24906.2,24908.2,28
1781844720,24906.2,24909.2,24906.2,24907.7,18
1781844780,24908.2,24911.2,24900.2,24901.7,64
1781844840,24897.7,24901.7,24891.2,24898.7,100
1781844900,24899.7,24904.2,24898.2,24901.2,80
1781844960,24898.7,24899.7,24895.2,24898.2,40
1781845020,24898.7,24900.2,24893.7,24895.2,32
1781845080,24895.7,24902.2,24891.7,24898.7,66
1781845140,24902.7,24907.2,24899.7,24907.2,40
1781845200,24906.7,24910.2,24904.2,24906.2,102
1781845260,24906.7,24914.2,24906.2,24910.2,82
1781845320,24911.2,24911.2,24901.2,24908.7,56
1781845380,24908.2,24911.2,24902.2,24903.2,68
1781845440,24902.7,24910.7,24902.7,24910.2,60
1781845500,24908.7,24916.2,24905.2,24915.7,74
1781845560,24916.2,24921.2,24915.2,24916.2,60
1781845620,24913.7,24916.7,24910.2,24911.2,62
1781845680,24910.2,24918.7,24910.2,24915.2,58
1781845740,24917.7,24917.7,24911.2,24915.2,58
1781845800,24914.2,24917.7,24912.2,24915.7,84
1781845860,24913.7,24919.2,24912.2,24919.2,42
1781845920,24917.2,24918.2,24913.2,24915.2,78
1781845980,24915.7,24929.2,24915.2,24927.7,74
1781846040,24928.2,24934.2,24924.7,24924.7,72
1781846100,24925.7,24927.7,24921.2,24925.2,50
1781846160,24926.2,24933.7,24926.2,24932.7,66
1781846220,24931.7,24935.7,24931.2,24931.2,58
1781846280,24932.2,24932.2,24931.7,24931.7,8
1781846340,24929.2,24929.2,24918.7,24923.2,118
1781846400,24923.7,24924.7,24913.7,24913.7,62
1781846460,24915.7,24919.2,24914.7,24918.7,38
1781846520,24923.7,24924.7,24920.2,24920.7,50
1781846580,24917.2,24923.7,24917.2,24923.7,48
1781846640,24923.2,24923.7,24919.2,24922.2,58
1781846700,24919.7,24928.7,24917.2,24927.2,96
1781846760,24926.7,24932.2,24924.7,24929.7,76
1781846820,24929.2,24931.2,24923.7,24924.2,64
1781846880,24924.7,24930.7,24924.7,24930.2,70
1781846940,24929.2,24933.2,24928.2,24932.2,34
1781847000,24929.7,24934.2,24928.2,24928.2,52
1781847060,24929.2,24929.2,24920.7,24924.2,60
1781847120,24924.7,24925.2,24918.2,24919.7,32
1781847180,24918.7,24920.7,24917.2,24920.2,64
1781847240,24918.7,24921.2,24916.2,24919.2,34
1781847300,24920.7,24928.2,24920.2,24925.2,92
1781847360,24924.7,24928.7,24919.7,24926.2,70
1781847420,24925.7,24925.7,24918.7,24919.2,58
1781847480,24918.7,24920.2,24916.7,24918.7,66
1781847540,24919.7,24924.7,24919.2,24924.7,70
1781847600,24926.7,24936.7,24926.7,24936.2,98
1781847660,24936.7,24939.2,24931.2,24938.2,102
1781847720,24937.2,24937.2,24924.7,24929.2,82
1781847780,24928.2,24932.7,24924.2,24924.7,92
1781847840,24925.7,24932.7,24924.7,24928.2,64
1781847900,24928.7,24935.2,24927.7,24929.2,68
1781847960,24928.7,24932.7,24927.7,24932.7,48
1781848020,24933.2,24935.7,24933.2,24935.2,26
1781848080,24935.7,24941.7,24935.2,24941.7,86
1781848140,24942.2,24943.7,24940.7,24941.2,50
1781848200,24942.7,24949.2,24941.7,24947.7,64
1781848260,24946.7,24947.2,24941.7,24945.2,58
1781848320,24945.7,24948.2,24943.7,24945.7,66
1781848380,24944.7,24946.2,24939.7,24940.2,44
1781848440,24940.7,24946.7,24940.7,24945.2,54
1781848500,24946.2,24957.2,24944.2,24953.2,50
1781848560,24952.7,24954.2,24949.7,24950.2,38
1781848620,24949.7,24954.2,24949.7,24951.7,46
1781848680,24950.7,24952.7,24949.2,24951.2,34
1781848740,24951.7,24952.7,24951.2,24952.2,20
1781848800,24953.2,24959.7,24948.2,24959.7,104
1781848860,24960.5,24963,24954,24961,86
1781848920,24961.5,24977,24959,24977,80
1781848980,24976.5,24983,24975,24983,63
1781849040,24982.5,24984,24982,24982.5,20
1781849100,24983,24984.5,24978,24983,130
1781849160,24984,24986.5,24979,24986,150
1781849220,24985,24986,24975,24983,180
1781849280,24982,24984,24975.5,24976.5,158
1781849340,24975.5,24982,24974.5,24978,122
1781849400,24977.5,24980.5,24973,24978.5,128
1781849460,24979,24980,24977,24978,88
1781849520,24977.5,24980,24973,24975,106
1781849580,24975.5,24985,24974,24982.5,104
1781849640,24982,24984.5,24981.5,24983.5,50
1781849700,24983,24985,24979.5,24982,92
1781849760,24981,24982.5,24977.5,24979.5,92
1781849820,24979,24980,24971.7,24972.2,174
1781849880,24972.7,24979,24972.2,24978,77
1781849940,24979,24979,24976,24977.5,128
1781850000,24978,24981.5,24976,24976,98
1781850060,24977,24982,24975,24981.5,106
1781850120,24981,24983,24980,24982.5,94
1781850180,24981.5,24982,24976,24977.5,78
1781850240,24977,24979,24976,24978.5,70
1781850300,24979,24981,24978,24980.5,80
1781850360,24981,24986,24979,24986,54
1781850420,24985.5,24991,24981.2,24989,69
1781850480,24989.5,25000,24989,24999.5,104
1781850540,25000,25009,24999.5,25005.5,138
1781850600,25006,25012,25002,25008.5,143
1781850660,25009,25016.5,25005.5,25013,138
1781850720,25012.5,25014,25008,25008,126
1781850780,25007.5,25008,25004,25006,116
1781850840,25005,25007,25003,25005,112
1781850900,25004.5,25017,25003.5,25012,106
1781850960,25011,25011,25000.5,25000.5,134
1781851020,25003,25011.5,25000.5,25006.5,106
1781851080,25007,25008.5,25004,25007,88
1781851140,25006.5,25011,25006,25010,74
1781851200,25009,25017.5,25009,25015,76
1781851260,25014,25019,25010,25017,108
1781851320,25017.5,25020,25013,25016,124
1781851380,25015,25017,25010,25015,90
1781851440,25016,25016,25011,25013,78
1781851500,25012.5,25012.5,25008,25010,100
1781851560,25010.5,25012.5,25010.5,25012,77
1781851620,25010,25014,25010,25010.5,86
1781851680,25010,25013,25009,25012,108
1781851740,25012.5,25014.5,25008,25014.5,52
1781851800,25013.5,25019,25012.5,25018.5,80
1781851860,25019,25021,25017.5,25019,60
1781851920,25018.5,25020,25015,25019.5,110
1781851980,25020,25020.5,25017,25020.5,114
1781852040,25020,25021,25016,25019.5,78
1781852100,25020.5,25030,25019.5,25029,112
1781852160,25028.5,25028.5,25017.5,25020.5,128
1781852220,25019.5,25029,25019.5,25029,96
1781852280,25028,25029,25023,25025.5,110
1781852340,25026,25038.5,25024.5,25033.5,206
1781852400,25034,25056,25030,25052.5,393
1781852460,25053.5,25066.5,25048.5,25060.5,332
1781852520,25060,25079.5,25054,25067.5,330
1781852580,25067,25082.5,25063,25072.2,257
1781852640,25072.7,25073.5,25057,25064,255
1781852700,25065,25081,25062.5,25079.5,302
1781852760,25081,25090,25076,25079,264
1781852820,25078,25083.5,25070,25071.5,314
1781852880,25071,25075.5,25066,25070,236
1781852940,25069.5,25082,25067.5,25080,226
1781853000,25079.5,25080,25069.5,25071,262
1781853060,25070.5,25077.5,25067,25070,274
1781853120,25071,25084,25070.5,25075.5,242
1781853180,25078,25079.5,25070.5,25070.5,194
1781853240,25070,25086.5,25069.5,25086,220
1781853300,25085.5,25091,25078,25088.5,246
1781853360,25089,25094.5,25083.5,25086.5,222
1781853420,25087,25095,25083,25087.5,234
1781853480,25088,25089.5,25078,25079,246
1781853540,25078.5,25081.5,25072.5,25079.5,196
1781853600,25078,25078,25065,25069,195
1781853660,25070,25080,25068,25079,218
1781853720,25081.5,25107.5,25078.5,25103.5,203
1781853780,25105,25106.5,25093.5,25095.5,200
1781853840,25094.5,25106.5,25094.5,25106.5,216
1781853900,25106,25117.5,25105,25113.5,202
1781853960,25113,25118,25108,25114.5,178
1781854020,25115,25117.5,25109,25110.5,182
1781854080,25110,25110,25104,25108.5,214
1781854140,25107.5,25108.5,25101,25102.5,166
1781854200,25102,25117.5,25102,25117.5,256
1781854260,25117,25117,25107.5,25108,196
1781854320,25107.5,25112,25091.5,25091.5,180
1781854380,25091,25097,25084.5,25092.5,210
1781854440,25093.5,25098.5,25092.5,25095.5,198
1781854500,25095,25100,25088.5,25099.5,206
1781854560,25100,25105.5,25097.5,25104.5,216
1781854620,25104,25122,25104,25114,208
1781854680,25114.5,25117,25112.5,25116.5,203
1781854740,25117,25124,25114,25123.5,174
1781854800,25124.5,25131.5,25118.5,25131,245
1781854860,25131.5,25144.5,25130.5,25143.5,192
1781854920,25143,25143,25135.5,25140,158
1781854980,25139.5,25146.5,25137.5,25146.5,218
1781855040,25145,25153,25144.5,25152,192
1781855100,25152.5,25154.5,25144.5,25145,240
1781855160,25144.5,25145.5,25138.5,25143.5,152
1781855220,25144,25148.5,25141.5,25147.5,154
1781855280,25149,25154.5,25148.5,25152.5,164
1781855340,25151.5,25155,25148.2,25149,186
1781855400,25149.5,25151.5,25140.5,25145,220
1781855460,25145.5,25150.5,25139,25148,204
1781855520,25148.5,25158,25148.5,25153.5,198
1781855580,25154,25157,25151,25151.5,132
1781855640,25152,25153.5,25139.5,25141.5,162
1781855700,25142.5,25149.5,25142,25148,168
1781855760,25149,25159.5,25149,25157.5,140
1781855820,25158.5,25164,25155.5,25162.5,134
1781855880,25162,25169,25160.5,25166.5,120
1781855940,25165,25167,25159.5,25162.5,146
1781856000,25161,25170.5,25158.5,25161,188
1781856060,25160.5,25161,25155.5,25158.5,158
1781856120,25159.5,25159.5,25142.5,25142.5,171
1781856180,25142,25158,25141.5,25157,198
1781856240,25157.5,25158.5,25147,25147,174
1781856300,25147.5,25147.5,25138,25141,194
1781856360,25144,25158,25144,25157.5,168
1781856420,25157,25158,25145,25151.5,222
1781856480,25151,25154,25146,25150,160
1781856540,25150.5,25153,25146.5,25148,168
1781856600,25147,25151,25145,25147.5,188
1781856660,25147,25150.5,25142.5,25143,194
1781856720,25144,25144,25134.5,25139,170
1781856780,25138.5,25152.5,25138,25149,197
1781856840,25148,25154.5,25145,25151,190
1781856900,25152.5,25168.5,25151,25165.5,166
1781856960,25164,25175.5,25163,25175.5,174
1781857020,25175,25179.5,25164,25164.5,220
1781857080,25163,25164.5,25161,25161.5,198
1781857140,25162,25168,25158.5,25165,164
1781857200,25165.5,25166,25160,25160.5,190
1781857260,25160,25168,25159,25166.5,148
1781857320,25167,25173,25167,25169.5,148
1781857380,25168.5,25170,25165,25168.5,152
1781857440,25168,25174.5,25166.5,25169.5,124
1781857500,25168.5,25171,25166.5,25167.5,168
1781857560,25166.5,25171.5,25165.5,25167.5,164
1781857620,25168,25169,25158.5,25159.5,130
1781857680,25160,25160.5,25153.5,25154.5,120
1781857740,25155.5,25161,25155,25158.5,178
1781857800,25159,25159,25145.5,25147.5,182
1781857860,25147,25147.5,25130.5,25132.5,186
1781857920,25132,25139,25131.5,25136,184
1781857980,25135.5,25137.5,25123,25127.5,163
1781858040,25128.5,25129,25119,25120,162
1781858100,25119,25127,25118.5,25125,172
1781858160,25124.5,25129.5,25116.5,25120.5,146
1781858220,25119.5,25129.5,25119.5,25125,112
1781858280,25124.5,25125,25115,25122,174
1781858340,25121,25131.5,25121,25129.5,154
1781858400,25129,25130,25118.5,25119,120
1781858460,25118.5,25129.5,25115,25129.5,160
1781858520,25130,25138.5,25127,25137.5,152
1781858580,25137,25138.5,25130,25135.5,156
1781858640,25135,25136,25130.5,25133,150
1781858700,25132.5,25136.5,25132,25132.5,160
1781858760,25133.5,25134.5,25127.5,25128,128
1781858820,25127.5,25129.5,25122.5,25127,138
1781858880,25127.5,25136,25126.5,25133.5,122
1781858940,25133,25140,25129,25138,156
1781859000,25137.5,25139,25132.5,25136.5,152
1781859060,25136,25136.5,25129.5,25132.5,160
1781859120,25133,25134.5,25127.5,25127.5,170
1781859180,25128,25128.5,25111,25112.5,168
1781859240,25113,25115,25106.5,25111.5,124
1781859300,25112.5,25116,25110.5,25115.5,126
1781859360,25115,25119.5,25114.5,25115,120
1781859420,25115.5,25122.5,25115.5,25120,124
1781859480,25119.5,25127.5,25117,25126.5,136
1781859540,25127.5,25132,25124.5,25124.5,130
1781859600,25125.5,25135,25125.5,25133.5,168
1781859660,25133,25135.5,25124.5,25126.5,150
1781859720,25127,25128,25116,25116.5,147
1781859780,25116,25119,25111.5,25113.5,144
1781859840,25113,25115,25110,25110,152
1781859900,25108.5,25111,25104,25111,154
1781859960,25111.5,25125.5,25111.5,25117.5,204
1781860020,25116.5,25120.5,25113,25115.5,196
1781860080,25116,25117,25105,25106,150
1781860140,25107,25109.5,25105.5,25107,172
1781860200,25108,25115,25106,25106.5,206
1781860260,25107,25107,25098,25104,222
1781860320,25104.5,25112.5,25103,25110,168
1781860380,25110.5,25116.5,25103.5,25105.5,156
1781860440,25106,25106,25089,25092,242
1781860500,25091.5,25091.5,25082,25087.5,206
1781860560,25088,25098,25086.5,25094,190
1781860620,25093,25096.5,25090,25096.5,188
1781860680,25096,25096.5,25091,25093,160
1781860740,25094.5,25096.5,25092.5,25093.5,140
1781860800,25093,25097,25092.5,25095,116
1781860860,25094.5,25096,25082.5,25082.5,166
1781860920,25083,25083.5,25079.5,25083,146
1781860980,25083.5,25083.5,25076,25079.5,152
1781861040,25080,25084,25076,25080,200
1781861100,25080.5,25080.5,25069.5,25069.5,105
1781861160,25070,25073,25063.5,25071.5,192
1781861220,25072,25075,25063.5,25075,202
1781861280,25074.5,25080,25072.7,25077,138
1781861340,25076.5,25083,25075.5,25075.5,108
1781861400,25077,25084.5,25073,25080.5,174
1781861460,25080,25080,25077,25078.5,142
1781861520,25078,25088.5,25078,25085,112
1781861580,25084.5,25091.5,25080.5,25091.5,190
1781861640,25090.5,25100.5,25089.5,25100,126
1781861700,25100.5,25101.5,25097,25101.5,136
1781861760,25100.5,25108.5,25097.5,25105.5,164
1781861820,25107,25110.5,25105,25109,136
1781861880,25109.5,25113.5,25106,25110,163
1781861940,25109.5,25120.5,25109,25120,106
1781862000,25121,25123,25114,25115,160
1781862060,25115.5,25118.5,25109,25115,179
1781862120,25117,25121.5,25114.5,25119.5,125
1781862180,25119,25119.5,25107,25108,156
1781862240,25110,25111,25101,25103,174
1781862300,25102,25104,25100,25100,164
1781862360,25101,25106,25093,25105.5,190
1781862420,25106.5,25118.5,25106,25116,152
1781862480,25115,25119,25110.5,25111.5,150
1781862540,25112,25112.5,25104,25107,190
1781862600,25108.5,25135,25108.5,25133.5,360
1781862660,25134,25134,25123,25124.5,296
1781862720,25124,25127.5,25117,25124.5,228
1781862780,25125,25137.5,25120,25136,214
1781862840,25135.5,25135.5,25128,25133,268
1781862900,25133.5,25137,25129,25134,204
1781862960,25133.5,25141,25133,25139,196
1781863020,25138,25138,25128,25128,264
1781863080,25127.5,25132,25120,25120,244
1781863140,25119,25127,25112.5,25113,230
1781863200,25113.5,25122,25109.5,25114,220
1781863260,25113.5,25122,25111,25116.5,158
1781863320,25117,25129.5,25114.5,25129,207
1781863380,25128,25128.5,25115,25115,174
1781863440,25116,25117,25109.5,25112,164
1781863500,25111,25113,25106,25107,186
1781863560,25106.5,25108.5,25103.5,25104,188
1781863620,25104.5,25115,25101.5,25114.5,166
1781863680,25114,25117.5,25113.5,25115,110
1781863740,25115.5,25128.5,25114,25128.5,108
1781863800,25128,25129,25115,25118.5,130
1781863860,25119,25122,25108.5,25108.5,144
1781863920,25108,25110.5,25103,25108,154
1781863980,25107.5,25119,25106.5,25118.5,114
1781864040,25117,25118.5,25104.5,25104.5,196
1781864100,25105,25105,25096.5,25098.5,216
1781864160,25099,25106,25098.5,25103,132
1781864220,25102.5,25110,25102,25107,132
1781864280,25106,25117.5,25106,25107,132
1781864340,25106.5,25106.5,25100.5,25102.5,120
1781864400,25102,25108,25101,25108,90
1781864460,25107.5,25113,25102.5,25111,164
1781864520,25110.5,25111.5,25096.5,25097,168
1781864580,25096.5,25096.5,25084,25084,121
1781864640,25083,25086,25076.5,25076.5,162
1781864700,25076,25080.5,25075.5,25078,124
1781864760,25077.5,25081,25076.5,25078,136
1781864820,25078.5,25084.5,25077,25084.5,128
1781864880,25084,25084.5,25074,25076.5,156
1781864940,25075.5,25080,25070.5,25072,170
1781865000,25071,25072.5,25054,25055.5,192
1781865060,25056,25060.5,25052,25053.5,167
1781865120,25052.5,25058.5,25050.5,25054.5,130
1781865180,25054,25055.5,25048.5,25053.5,186
1781865240,25054.5,25064.5,25053,25064,148
1781865300,25063,25067.5,25057,25059.5,122
1781865360,25059,25063.5,25044,25048.5,194
1781865420,25048,25053.5,25043,25044,184
1781865480,25043,25048,25038,25038,184
1781865540,25037.5,25038.5,25018,25022,253
1781865600,25022.5,25038,25021.5,25031.5,218
1781865660,25032,25036.5,25030,25036,196
1781865720,25035.5,25041.5,25034.5,25037,171
1781865780,25036.5,25048,25033,25048,158
1781865840,25049,25053,25048.5,25052.5,131
1781865900,25053.5,25062.5,25051,25061.5,139
1781865960,25061,25061.5,25048.5,25061,215
1781866020,25060.5,25070,25060.5,25065,204
1781866080,25064.5,25065,25057.5,25064.5,149
1781866140,25065,25065.5,25047,25048,188
1781866200,25048.5,25054.5,25047.5,25053.5,147
1781866260,25053,25053,25041.5,25048.5,184
1781866320,25049.5,25066,25048,25064,166
1781866380,25063.5,25073.5,25063,25071,186
1781866440,25071.5,25072,25059.5,25059.5,156
1781866500,25060,25061,25051.5,25052.5,150
1781866560,25053.5,25053.5,25046.5,25050.5,157
1781866620,25049,25051,25042,25044,150
1781866680,25043.5,25050.5,25042.5,25049.5,108
1781866740,25048.5,25048.5,25043.5,25045.5,152
1781866800,25044,25044,25028.5,25033.5,246
1781866860,25033,25038.5,25018,25018,150
1781866920,25019,25047.5,25019,25038,184
1781866980,25040.5,25041.5,25029,25035.5,150
1781867040,25036,25052,25035,25041,246
1781867100,25040.5,25058.5,25040.5,25051.5,258
1781867160,25051,25051,25043,25046,218
1781867220,25046.5,25063.5,25045.5,25054.5,241
1781867280,25054,25058,25043,25057.5,204
1781867340,25058,25062,25052,25054,214
1781867400,25055,25057,25051,25055,134
1781867460,25055.5,25056.5,25050,25054.5,184
1781867520,25054,25058.5,25049,25049,139
1781867580,25049.5,25053,25043,25050.5,176
1781867640,25051,25053,25043,25047,166
1781867700,25048,25054.5,25047,25050.5,132
1781867760,25049,25051.5,25040.5,25041,164
1781867820,25041.5,25044,25038.5,25039.5,130
1781867880,25041.5,25051.5,25040.5,25046,158
1781867940,25046.5,25047,25036,25040,104
1781868000,25039,25045,25037.5,25044,136
1781868060,25044.5,25045,25037,25040,132
1781868120,25038.5,25043,25035,25036,141
1781868180,25036.5,25037.5,25029.5,25033,124
1781868240,25033.5,25034,25029.5,25031.5,114
1781868300,25029,25033.5,25025.7,25028,124
1781868360,25028.5,25035.5,25028.5,25028.5,147
1781868420,25029,25030,25026,25027.5,152
1781868480,25027,25028,25016.5,25017.5,163
1781868540,25018,25022,25017.5,25020.5,102
1781868600,25019.5,25024.5,25016.5,25019.5,144
1781868660,25020,25022,25014.5,25014.5,140
1781868720,25016.5,25024.5,25016,25024.5,156
1781868780,25026,25028,25017.5,25017.5,150
1781868840,25018.5,25020,25013.5,25019.5,130
1781868900,25019,25030.5,25016,25020,168
1781868960,25021,25027,25020.5,25026.5,140
1781869020,25027.5,25035,25027.5,25032,114
1781869080,25031,25032,25024.5,25029.5,126
1781869140,25031,25034,25030.5,25033.5,96
1781869200,25034,25041,25033.5,25039.5,95
1781869260,25038.5,25045,25034,25044,144
1781869320,25043,25044,25038.5,25041.5,136
1781869380,25040.5,25042,25038.5,25039,100
1781869440,25039.5,25040,25036,25037,114
1781869500,25036.5,25037.5,25030.5,25037.5,138
1781869560,25036,25039.5,25035,25039.5,136
1781869620,25040.5,25044.5,25038,25042.5,119
1781869680,25042,25048,25040.5,25045.5,115
1781869740,25046,25050.5,25039,25039.5,130
1781869800,25039,25039,25033.5,25036.5,138
1781869860,25036,25038.5,25025.2,25026.5,134
1781869920,25027,25027.5,25022.5,25024,83
1781869980,25024.5,25024.5,25013.5,25018.5,168
1781870040,25018,25018,25012.5,25015.5,108
1781870100,25015,25021,25011.5,25020,145
1781870160,25019.5,25026.5,25019.5,25025.5,150
1781870220,25026,25034,25025,25033,124
1781870280,25033.5,25042.5,25033,25041.5,92
1781870340,25042,25047,25042,25043.5,122
1781870400,25044,25044.5,25039,25039.5,120
1781870460,25040,25040.5,25034.5,25036.5,114
1781870520,25036,25036.5,25025.5,25026,124
1781870580,25025.5,25025.5,25019.5,25019.5,110
1781870640,25020,25022.5,25016.5,25020.5,132
1781870700,25021.5,25024.5,25019.5,25024,132
1781870760,25023.5,25023.5,25016.2,25020.5,144
1781870820,25021,25022.5,25017,25017.5,144
1781870880,25017,25023,25016.5,25018.5,114
1781870940,25019,25023.5,25018,25023.5,114
1781871000,25023,25024,25014.5,25014.5,104
1781871060,25015,25016,25010.5,25011.5,80
1781871120,25011,25014.5,25008.5,25009.5,102
1781871180,25010,25013,25004.5,25004.5,92
1781871240,25002.5,25002.5,24993.5,24993.5,118
1781871300,24994,24994,24986.5,24988,106
1781871360,24987,24987,24979.5,24984,126
1781871420,24984.5,24984.5,24977.5,24980.5,122
1781871480,24978.7,24984.5,24974,24984.5,129
1781871540,24983.5,24984,24980.5,24981.5,98
1781871600,24981,24987,24980.5,24986,104
1781871660,24986.5,24988.5,24984.5,24985.5,94
1781871720,24985,24993.5,24980.5,24991.5,128
1781871780,24992,24992,24984.5,24987,92
1781871840,24986.5,24992.5,24986,24990.5,86
1781871900,24989.5,25002.5,24989.5,25001,124
1781871960,25001.5,25006,25000,25005,104
1781872020,25005.5,25008,25003.5,25006.5,117
1781872080,25006,25006,24996.5,24998,118
1781872140,24997.5,24999.5,24992.5,24992.5,112
1781872200,24992,24993,24986,24987.5,130
1781872260,24988.5,24992,24987.5,24992,132
1781872320,24991.5,24995.5,24991,24992.5,98
1781872380,24993.5,24995,24990.5,24990.5,164
1781872440,24991.5,24994,24990.5,24992,120
1781872500,24992.5,24992.5,24982.5,24984.5,128
1781872560,24985,24985,24979.5,24982,160
1781872620,24982.5,24989,24948,24974,233
1781872680,24973.5,24975.5,24966,24968,207
1781872740,24968.5,24971.5,24962,24962,148
1781872800,24962.5,24962.5,24950.5,24951.5,156
1781872860,24953,24961,24953,24957.5,164
1781872920,24958,24961.5,24954.5,24960,141
1781872980,24959.5,24968,24958,24967,124
1781873040,24967.5,24979,24966.5,24978.5,138
1781873100,24978,24981,24974.5,24980,128
1781873160,24979.5,24983.5,24977,24981.5,168
1781873220,24980.5,24983,24971.5,24977,158
1781873280,24976,24980.5,24971,24973,96
1781873340,24973.5,24974,24964,24967.5,152
1781873400,24967,25000,24967,25000,298
1781873460,25000.5,25039,25000,25030.5,414
1781873520,25031,25040.5,25019,25038,306
1781873580,25037.5,25051.5,25030,25034,362
1781873640,25034.5,25049,25032,25041.5,295
1781873700,25041,25044,25031,25031.7,266
1781873760,25033,25056.5,25033,25046.5,284
1781873820,25047,25056,25045.5,25054,248
1781873880,25053,25055,25045,25050.5,228
1781873940,25049.5,25066.5,25049.5,25061,200
1781874000,25062,25076.5,25062,25076,253
1781874060,25076.5,25089,25076.5,25083.2,214
1781874120,25083.7,25098.5,25083,25084.5,207
1781874180,25085.5,25085.5,25067.5,25068.5,182
1781874240,25069,25069,25057.5,25060,213
1781874300,25059.5,25070,25058,25063.5,221
1781874360,25063,25063.5,25045.5,25051.5,198
1781874420,25051,25051,25037.2,25042.5,191
1781874480,25043,25059,25042,25054.5,196
1781874540,25054,25068.5,25052.5,25067.5,272
1781874600,25065,25065.5,25051.5,25053,210
1781874660,25054.5,25061.5,25054,25056,192
1781874720,25055,25064.5,25054,25061.5,157
1781874780,25061,25061,25046.5,25049,150
1781874840,25048,25051,25043.5,25046,182
1781874900,25047,25052,25039,25040.5,233
1781874960,25041.5,25044,25036.5,25040,161
1781875020,25040.5,25044,25035,25038.5,124
1781875080,25037,25040,25029,25033,180
1781875140,25030,25041,25029,25039,126
1781875200,25039.5,25045.5,25036.5,25043,181
1781875260,25042.5,25052.5,25042.5,25045.5,164
1781875320,25045,25055,25043,25053.5,140
1781875380,25053,25057,25052,25057,84
1781875440,25056.5,25060.5,25056.5,25059.5,144
1781875500,25060,25061,25056,25057,132
1781875560,25058,25060,25054,25058.5,140
1781875620,25059,25060.5,25053.5,25054,150
1781875680,25055,25066.5,25054,25066.5,122
1781875740,25065,25070,25064.5,25068,88
1781875800,25068.5,25072,25057,25057,258
1781875860,25058,25058,25043,25044,216
1781875920,25045,25045,25036,25040,180
1781875980,25039,25041,25035,25037,158
1781876040,25036.5,25043,25036.5,25036.5,132
1781876100,25037,25054.5,25034,25054,208
1781876160,25053,25054,25042,25042.5,168
1781876220,25042,25050,25041,25042,178
1781876280,25041,25044,25036.2,25042,177
1781876340,25040,25042,25034.5,25035.5,164
1781876400,25035,25041,25032.5,25033,196
1781876460,25032,25032.5,25027,25027.5,162
1781876520,25028,25031,25025,25026.5,192
1781876580,25027,25029.5,25024,25029,186
1781876640,25030,25031,25022.5,25028,172
1781876700,25029.5,25029.5,25021.5,25027.5,166
1781876760,25027,25034.5,25027,25033.5,172
1781876820,25034,25041,25032.5,25040,196
1781876880,25039.5,25046.5,25033.5,25046,166
1781876940,25045.5,25047,25045,25046,114
1781877000,25045.5,25052,25041,25052,176
1781877060,25051.5,25059,25049.5,25052,178
1781877120,25053.5,25058.5,25049.5,25056,162
1781877180,25055,25059,25054,25059,124
1781877240,25059.5,25061.5,25050.5,25051.5,130
1781877300,25052.5,25056.5,25050.5,25056,124
1781877360,25056.5,25063,25054.5,25060,174
1781877420,25059.5,25064,25055.7,25064,148
1781877480,25063,25066,25054,25055,174
1781877540,25055.5,25056,25051,25053,150
1781877600,25054,25054.5,25038.5,25039,204
1781877660,25040,25044.9,25035.4,25044.4,166
1781877720,25043.9,25044.4,25036.4,25042.9,186
1781877780,25043.4,25053.9,25040.4,25052.4,194
1781877840,25051.9,25059.4,25051.4,25057.9,140
1781877900,25058.4,25058.9,25049.9,25055.4,208
1781877960,25054.9,25058.4,25048.4,25048.9,148
1781878020,25049.4,25050.4,25045.9,25048.4,134
1781878080,25049.4,25058.4,25048.4,25056.4,144
1781878140,25055.9,25061.4,25054.4,25058.4,146
1781878200,25058.9,25061.9,25056.9,25059.4,134
1781878260,25058.9,25059.9,25056.9,25057.9,102
1781878320,25056.9,25059.9,25055.4,25059.9,154
1781878380,25057.9,25060.4,25055.4,25059.4,146
1781878440,25058.4,25063.9,25058.4,25061.9,112
1781878500,25062.9,25072.9,25060.4,25072.9,114
1781878560,25073.9,25073.9,25062.4,25062.4,152
1781878620,25062.9,25067.4,25061.9,25062.4,126
1781878680,25061.9,25069.9,25059.4,25069.9,98
1781878740,25068.9,25073.4,25067.9,25069.9,136
1781878800,25069.4,25070.9,25067.4,25067.9,136
1781878860,25067.4,25072.9,25065.4,25070.4,120
1781878920,25070.9,25083.4,25069.4,25083.4,104
1781878980,25082.9,25084.4,25075.4,25076.9,132
1781879040,25077.4,25077.4,25072.9,25073.9,90
1781879100,25074.4,25078.9,25073.4,25074.4,110
1781879160,25073.9,25081.4,25072.9,25076.9,120
1781879220,25077.4,25077.9,25068.4,25073.4,114
1781879280,25072.9,25077.9,25072.4,25073.9,148
1781879340,25073.4,25077.4,25069.4,25075.9,148
1781879400,25075.4,25083.9,25075.4,25078.9,148
1781879460,25078.4,25079.4,25069.9,25071.9,138
1781879520,25072.4,25077.4,25071.9,25075.9,142
1781879580,25076.4,25076.9,25072.9,25075.9,124
1781879640,25076.4,25076.4,25067.4,25069.4,88
1781879700,25070.4,25070.4,25063.9,25067.9,116
1781879760,25068.4,25074.4,25064.9,25074.4,122
1781879820,25073.9,25077.4,25072.9,25074.9,152
1781879880,25075.4,25076.4,25066.9,25070.4,156
1781879940,25069.9,25069.9,25060.9,25066.4,150
1781880000,25065.4,25069.9,25058.9,25059.9,172
1781880060,25060.4,25073.9,25060.4,25073.9,128
1781880120,25072.4,25075.4,25066.4,25066.9,160
1781880180,25067.4,25068.4,25063.9,25066.4,132
1781880240,25065.9,25066.4,25051.9,25052.9,146
1781880300,25052.4,25053.4,25041.4,25042.9,154
1781880360,25042.4,25044.4,25038.4,25041.9,166
1781880420,25041.4,25045.4,25040.4,25043.4,126
1781880480,25043.9,25045.9,25038.4,25039.4,126
1781880540,25038.4,25042.8,25036.8,25042.3,134
1781880600,25041.8,25047.8,25041.3,25041.8,124
1781880660,25042.3,25043.8,25038.3,25039.8,98
1781880720,25038.8,25045.8,25036.8,25037.8,176
1781880780,25036.8,25037.3,25026.8,25029.8,210
1781880840,25029.3,25033.8,25027.8,25029.8,134
1781880900,25029.3,25036.8,25029.3,25036.8,156
1781880960,25035.8,25042.3,25035.8,25040.3,136
1781881020,25040.8,25049.3,25040.8,25047.3,158
1781881080,25047.8,25048.3,25040.3,25040.3,138
1781881140,25040.8,25042.3,25036.3,25036.8,146
1781881200,25037.3,25046.8,25032.8,25043.8,172
1781881260,25043.3,25044.8,25037.8,25037.8,174
1781881320,25038.3,25052.3,25031.8,25049.8,180
1781881380,25049.3,25053.3,25046.8,25050.8,136
1781881440,25050.3,25052.3,25042.3,25045.8,146
1781881500,25045.3,25045.3,25037.8,25042.3,184
1781881560,25041.8,25041.8,25035.8,25040.8,182
1781881620,25039.8,25041.8,25033.8,25038.3,114
1781881680,25037.8,25047.8,25037.8,25047.8,146
1781881740,25047.3,25051.8,25045.8,25050.8,126
1781881800,25050.3,25055.8,25048.3,25053.3,136
1781881860,25054.8,25059.3,25050.8,25057.8,140
1781881920,25058.3,25060.3,25054.3,25055.3,120
1781881980,25056.8,25057.3,25050.3,25052.3,160
1781882040,25051.8,25064.8,25051.8,25058.3,132
1781882100,25057.8,25057.8,25043.8,25048.3,152
1781882160,25049.3,25050.3,25040.3,25040.8,140
1781882220,25041.3,25046.3,25040.8,25044.8,182
1781882280,25044.3,25044.3,25037.8,25039.3,127
1781882340,25037.8,25040.8,25032.8,25034.3,172
1781882400,25034.8,25047.3,25034.3,25043.3,178
1781882460,25043.8,25044.8,25036.8,25044.3,178
1781882520,25043.8,25045.8,25032.8,25032.8,176
1781882580,25033.3,25035.3,25028.3,25029.8,150
1781882640,25028.8,25030.3,25023.8,25027.3,215
1781882700,25026.3,25026.8,25021.3,25026.3,131
1781882760,25026.8,25032.3,25019.3,25029.8,184
1781882820,25029.3,25029.3,25021.3,25025.3,120
1781882880,25026.3,25029.3,25022.3,25023.8,116
1781882940,25024.3,25029.3,25020.8,25024.3,228
1781883000,25027.1,25037.1,25021.6,25033.1,242
1781883060,25034.1,25034.1,25011.6,25013.1,250
1781883120,25014.1,25019.6,25004.1,25005.1,168
1781883180,25004.6,25017.1,24994.6,25011.1,232
1781883240,25012.1,25017.6,25002.1,25002.1,362
1781883300,24999.1,25001.6,24989.6,24994.6,308
1781883360,24995.1,25005.1,24993.5,25000.6,166
1781883420,24999.6,25001.6,24978.6,24978.6,152
1781883480,24979.6,24983.6,24973.6,24977.1,240
1781883540,24977.6,24984.6,24974.6,24983.6,208
1781883600,24982.6,24993.1,24977.6,24993.1,166
1781883660,24992.6,24994.6,24983.6,24990.1,160
1781883720,24990.6,24993.6,24984.6,24989.6,152
1781883780,24985.1,24990.1,24984.1,24989.6,104
1781883840,24991.1,24999.1,24990.6,24993.6,138
1781883900,24992.6,25001.1,24992.6,24999.1,132
1781883960,24998.6,24999.1,24993.6,24996.1,96
1781884020,24993.6,24999.1,24991.6,24998.1,142
1781884080,24998.6,25002.6,24995.6,24998.6,118
1781884140,24999.1,25005.1,24998.6,25002.1,94
1781884200,25003.6,25003.6,25000.6,25000.6,72
1781884260,24999.1,25003.6,24996.1,25001.6,96
1781884320,25002.6,25011.6,25002.6,25009.1,114
1781884380,25009.6,25009.6,25006.6,25007.1,68
1781884440,25005.6,25006.6,25003.1,25003.1,84
1781884500,25002.1,25009.1,25002.1,25007.6,88
1781884560,25007.1,25010.1,25004.6,25009.6,82
1781884620,25010.1,25011.6,25008.6,25008.6,46
1781884680,25009.1,25009.6,25006.6,25008.6,52
1781884740,25007.6,25014.6,25007.6,25013.6,94
1781884800,25014.1,25019.6,25011.1,25015.6,110
1781884860,25015.1,25022.6,25013.6,25020.1,72
1781884920,25021.1,25023.1,25017.6,25018.1,106
1781884980,25018.6,25025.1,25017.6,25024.1,50
1781885040,25023.6,25025.6,25019.1,25021.1,46
1781885100,25020.6,25023.1,25019.1,25020.1,92
1781885160,25019.6,25023.1,25018.1,25022.1,54
1781885220,25019.6,25021.6,25016.1,25017.1,42
1781885280,25016.6,25018.6,25015.1,25017.1,82
1781885340,25016.6,25017.1,25013.6,25016.1,58
1781885400,25015.6,25015.6,25012.1,25014.6,74
1781885460,25014.1,25016.1,25012.1,25013.1,54
1781885520,25014.6,25022.6,25013.6,25022.1,60
1781885580,25023.1,25023.6,25021.1,25023.1,42
1781885640,25022.1,25024.6,25021.1,25024.1,44
1781885700,25023.6,25026.1,25021.1,25024.1,52
1781885760,25023.6,25029.1,25021.1,25021.1,66
1781885820,25020.6,25022.1,25017.6,25021.6,90
1781885880,25022.6,25023.6,25020.1,25022.6,28
1781885940,25021.6,25025.6,25020.6,25023.6,58
1781886000,25022.6,25026.6,25022.6,25025.6,76
1781886060,25025.1,25026.1,25022.1,25023.1,76
1781886120,25023.6,25025.6,25023.1,25025.6,20
1781886180,25026.1,25035.6,25025.6,25035.1,58
1781886240,25034.6,25035.6,25029.6,25031.6,72
1781886300,25030.6,25035.1,25029.6,25034.6,112
1781886360,25034.1,25037.6,25033.6,25036.6,46
1781886420,25035.6,25038.6,25034.6,25038.1,50
1781886480,25037.6,25039.1,25037.6,25037.6,12
1781886540,25037.1,25039.1,25037.1,25039.1,32
1781886600,25038.6,25039.1,25036.6,25036.6,18
1781886660,25035.6,25037.6,25033.6,25036.6,40
1781886720,25036.1,25040.1,25035.6,25039.6,64
1781886780,25039.1,25039.6,25036.6,25037.6,42
1781886840,25036.6,25042.6,25036.6,25041.1,64
1781886900,25040.6,25041.1,25033.6,25035.6,50
1781886960,25034.6,25035.6,25029.1,25029.1,50
1781887020,25028.6,25029.1,25025.6,25027.1,60
1781887080,25027.6,25030.6,25026.1,25028.1,68
1781887140,25028.6,25029.1,25026.6,25027.1,74
1781887200,25028.1,25030.6,25027.1,25030.1,52
1781887260,25029.6,25030.1,25027.6,25029.1,36
1781887320,25030.1,25030.1,25027.1,25027.1,80
1781887380,25028.1,25028.1,25027.1,25028.1,82
1781887440,25027.6,25032.1,25027.6,25031.6,40
1781887500,25031.1,25031.6,25025.1,25026.1,32
1781887560,25024.6,25025.6,25022.1,25025.1,40
1781887680,25024.6,25025.6,25020.6,25020.6,28
1781887740,25021.1,25021.6,25016.1,25016.1,54
1781887800,25015.6,25018.1,25013.6,25016.1,36
1781887860,25015.6,25021.1,25015.6,25017.1,70
1781887920,25016.1,25016.1,25011.6,25012.6,46
1781887980,25011.6,25014.1,25003.6,25003.6,68
1781888040,25004.1,25004.1,24996.1,24999.6,98
1781888100,24998.1,25004.1,24995.6,24997.6,144
1781888160,24999.1,25009.1,24998.1,25007.1,110
1781888220,25006.1,25008.6,25002.6,25004.6,72
1781888280,25003.1,25003.1,24993.6,24994.6,128
1781888340,24996.1,24997.1,24989.1,24995.6,124
1781888400,24994.6,25000.1,24993.6,24994.1,30
1781888460,24995.6,24998.6,24995.6,24997.6,12
1781888520,25000.1,25000.6,24999.1,25000.6,16
1781888580,25001.1,25001.1,24999.1,24999.1,8
1781888640,25000.6,25002.1,24997.6,25001.6,42
1781888700,25001.1,25002.1,24997.6,25000.1,40
1781888760,25000.6,25001.1,24997.1,24997.1,36
1781888820,24996.1,24998.1,24994.1,24997.1,26
1781888880,24997.6,24997.6,24997.6,24997.6,2
1781888940,25001.1,25002.1,24995.1,24996.6,24
1781889000,24997.1,25000.1,24997.1,24999.6,16
1781889060,25000.1,25000.1,24998.1,24999.6,18
1781889120,24998.6,25002.1,24998.6,25000.6,32
1781889180,25000.1,25000.6,24997.6,24998.6,32
1781889240,24998.1,24999.1,24996.6,24997.1,38
1781889300,24998.6,25000.1,24992.1,24993.6,40
1781889360,24993.1,24998.6,24993.1,24997.6,32
1781889420,24997.1,24998.6,24990.1,24992.1,54
1781889480,24993.1,24994.1,24989.6,24994.1,40
1781889540,24994.6,24995.1,24994.1,24994.1,24
1781889600,24994.6,24995.1,24993.1,24993.1,14
1781889660,24993.6,24999.1,24993.6,24997.6,30
1781889720,24998.1,24998.1,24996.1,24996.6,6
1781889780,24996.1,24996.6,24994.6,24995.1,14
1781889840,24996.1,24997.1,24994.1,24996.6,20
1781889900,24997.6,24998.1,24996.1,24996.1,14
1781889960,24994.6,24999.1,24994.6,24998.6,20
1781890020,24999.1,25000.1,24999.1,24999.6,10
1781890080,24998.1,25002.6,24997.1,25002.1,24
1781890140,25002.6,25004.6,25002.1,25002.6,12
1781890200,25002.1,25007.6,25002.1,25003.1,32
1781890260,25001.6,25002.1,25000.1,25000.6,8
1781890320,25001.1,25001.1,24999.6,25000.6,18
1781890380,25000.1,25000.1,24999.1,25000.1,14
1781890440,24999.6,24999.6,24998.6,24999.1,10
1781890500,24998.1,24999.1,24997.1,24998.6,28
1781890560,24998.1,24999.1,24997.1,24998.6,14
1781890620,24999.1,24999.1,24999.1,24999.1,2
1781890680,24998.1,24998.6,24997.1,24998.1,28
1781890740,24997.6,24999.6,24996.6,24997.1,26
1781890800,24998.1,24998.1,24996.1,24997.1,34
1781890860,24997.6,24997.6,24997.1,24997.6,14
1781890920,24997.1,24998.1,24996.1,24997.1,26
1781890980,24997.6,25000.1,24997.6,25000.1,20
1781891040,25001.1,25001.6,25000.1,25001.6,46
1781891100,25000.1,25003.1,25000.1,25001.6,20
1781891160,25000.6,25001.6,25000.1,25000.1,22
1781891220,25001.1,25001.1,25000.1,25000.1,12
1781891280,25001.1,25001.1,25000.1,25000.1,8
1781891340,25001.1,25001.1,25001.1,25001.1,2
1781891400,25000.1,25002.1,24998.1,24999.1,28
1781891460,24998.6,25000.1,24998.6,24999.1,18
1781891520,24999.6,25000.1,24998.6,25000.1,14
1781891580,24998.6,25001.6,24998.6,25001.6,22
1781891640,25002.1,25003.1,25002.1,25002.6,14
1781891700,25003.1,25003.1,25002.1,25002.6,16
1781891760,25003.1,25004.6,25002.1,25002.1,12
1781891880,25002.6,25004.1,25002.6,25003.6,12
1781891940,25003.1,25003.6,25003.1,25003.6,4
1781892000,25004.1,25004.1,25003.6,25004.1,6
1781892060,25003.6,25003.6,25003.6,25003.6,2
1781892180,25003.1,25003.1,25003.1,25003.1,2
1781892240,25002.6,25003.1,25002.6,25002.6,6
1781892300,25003.1,25004.1,25001.1,25001.1,28
1781892360,25000.6,25002.1,25000.6,25002.1,10
1781892420,25001.6,25002.6,25001.6,25002.6,10
1781892480,25003.1,25004.1,25002.6,25003.6,8
1781892540,25004.1,25004.1,25004.1,25004.1,2
1781892600,25005.6,25010.1,25005.6,25009.6,22
1781892660,25009.1,25009.1,25006.6,25008.1,8
1781892720,25009.1,25010.6,25008.6,25010.6,8
1781892780,25010.1,25011.1,25009.1,25009.1,12
1781892840,25010.6,25010.6,25009.6,25010.6,16
1781892900,25010.1,25010.6,25010.1,25010.6,4
1781893020,25010.1,25010.1,25010.1,25010.1,2
1781893080,25010.6,25010.6,25010.6,25010.6,2
1781893140,25010.1,25010.6,25010.1,25010.1,10
1781893200,25007.6,25008.6,25007.6,25007.6,10
1781893320,25003.6,25004.6,25001.6,25001.6,26
1781893380,25002.1,25002.1,25001.6,25001.6,16
1781893440,25003.6,25005.1,25003.6,25004.1,12
1781893500,25005.1,25005.1,25003.1,25003.1,10
1781893560,25002.6,25003.6,25002.6,25003.6,4
1781893620,25004.1,25006.1,25003.6,25004.6,28
1781893680,25005.1,25005.1,25002.6,25004.1,10
1781893740,25003.1,25004.1,25003.1,25004.1,12
1781893800,25005.6,25005.6,25003.6,25004.6,16
1781893860,25004.1,25005.6,25003.6,25005.1,16
1781893920,25005.6,25006.6,25004.1,25006.1,28
1781893980,25005.1,25006.6,25004.1,25005.1,34
1781894040,25004.6,25005.6,25003.6,25005.1,22
1781894100,25004.6,25005.6,25004.1,25005.1,42
1781894160,25004.1,25006.6,25004.1,25006.6,46
1781894220,25006.1,25007.1,25006.1,25006.6,10
1781894340,25006.1,25006.6,25006.1,25006.6,12
1781894400,25006.1,25006.6,25006.1,25006.6,16
1781894460,25006.1,25006.6,25006.1,25006.1,18
1781894520,25006.6,25006.6,25006.1,25006.6,10
1781894640,25007.1,25008.6,25007.1,25008.6,6
1781894700,25007.6,25008.1,25006.1,25007.6,28
1781894760,25006.6,25006.6,25006.1,25006.1,20
1781894820,25006.6,25006.6,25006.1,25006.1,8
1781894880,25006.6,25006.6,25006.1,25006.6,14
1781894940,25007.1,25007.1,25006.1,25006.6,12
1781895000,25006.1,25006.6,25006.1,25006.6,8
1781895060,25006.1,25007.6,25006.1,25007.1,10
1781895120,25006.6,25008.1,25003.6,25005.1,30
1781895180,25004.6,25005.1,25004.1,25004.6,20
1781895240,25004.1,25004.6,25004.1,25004.1,6
1781895300,25005.1,25005.6,25003.6,25004.6,14
1781895360,25004.1,25005.1,25002.1,25002.6,26
1781895420,25002.1,25002.6,24999.6,25000.6,14
1781895480,24999.6,25000.6,24998.6,24999.6,16
1781895540,25000.1,25003.6,25000.1,25002.6,10
1781895600,25002.1,25003.6,25002.1,25003.1,10
1781895660,25003.6,25003.6,25002.6,25002.6,10
1781895720,25002.1,25002.1,25001.6,25002.1,6
1781895780,25003.1,25003.6,25002.6,25003.6,12
1781895840,25002.6,25004.6,25002.6,25004.6,16
1781895900,25004.1,25009.6,25003.6,25009.1,19
1781895960,25008.1,25009.1,25007.1,25009.1,18
1781896020,25008.1,25009.6,25008.1,25008.6,28
1781896080,25008.1,25008.6,25007.1,25008.6,24
1781896140,25007.6,25007.6,25006.6,25007.1,10
1781896200,25006.6,25006.6,25006.1,25006.6,6
1781896260,25006.1,25007.6,25006.1,25006.6,16
1781896320,25007.6,25007.6,25006.6,25006.6,4
1781896380,25007.6,25007.6,25006.6,25006.6,20
1781896440,25007.1,25007.6,25006.6,25007.6,16
1781896500,25006.6,25009.1,25006.6,25008.1,20
1781896560,25007.6,25008.1,25007.1,25007.6,12
1781896620,25007.1,25008.1,25006.6,25007.6,12
1781896680,25007.1,25007.1,25006.6,25007.1,6
1781896740,25006.6,25008.6,25006.6,25008.1,16
1781896800,25009.1,25009.1,25009.1,25009.1,2
1781896860,25009.6,25011.1,25009.6,25009.6,18
1781896920,25010.6,25010.6,25010.1,25010.6,6
1781896980,25010.1,25010.6,25010.1,25010.1,6
1781897040,25009.6,25010.6,25009.6,25010.6,4
1781897100,25010.6,25010.6,25009.1,25009.1,6
1781897160,25008.6,25009.6,25006.6,25009.6,20
1781897220,25009.1,25009.6,25008.6,25009.6,10
1781897280,25008.6,25008.6,25007.1,25007.1,4
1781897340,25007.6,25007.6,25006.6,25006.6,6
1781897400,25008.1,25008.6,25007.6,25008.1,10
1781897460,25008.6,25008.6,25008.6,25008.6,2
1781897520,25008.1,25010.6,25008.1,25008.6,8
1781897580,25009.6,25009.6,25008.6,25008.6,4
1781897640,25009.1,25009.1,25008.1,25008.1,4
1781897760,25008.6,25008.6,25008.6,25008.6,2
1781897820,25008.1,25009.1,25008.1,25009.1,4
1781897940,25008.6,25008.6,25003.6,25003.6,16
1781898000,25004.1,25005.1,24999.6,24999.6,23
1781898060,25002.1,25002.1,24999.1,25000.1,12
1781898180,24999.6,25002.6,24999.6,25002.6,14
1781898240,25003.1,25005.1,25003.1,25004.6,16
1781898300,25004.1,25004.1,24997.1,24997.1,26
1781898360,24996.6,25000.1,24995.6,24995.6,16
1781898420,24997.1,25001.1,24997.1,25000.6,14
1781898480,24997.6,24997.6,24993.6,24995.1,32
1781898540,24994.6,24999.1,24992.1,24999.1,28
1781898600,25000.6,25000.6,24999.1,24999.6,22
1781898660,24998.6,24999.1,24995.1,24998.1,54
1781898720,24996.6,24999.6,24996.6,24998.6,26
1781898780,24998.1,24998.1,24992.6,24996.6,22
1781898840,24996.1,25000.6,24994.1,24999.1,26
1781898900,24998.1,25000.6,24998.1,25000.6,14
1781898960,25002.1,25006.1,25000.6,25006.1,28
1781899020,25005.6,25005.6,24996.6,24996.6,46
1781899080,24996.1,24999.6,24988.1,24996.1,50
1782079500,24983.3,24983.3,24979.9,24979.9,28
1782079560,24981.1,24987.6,24975,24985.5,104
1782079620,24985.7,24985.7,24981.8,24985.5,114
1782079680,24983.3,24983.3,24960.2,24960.2,124
1782079740,24960,24960,24931.6,24936.2,82
1782079800,24936.4,24950.3,24936.4,24946.4,70
1782079860,24946.9,24952.2,24933.3,24948.6,107
1782079920,24947.3,24947.6,24904.7,24910.9,185
1782079980,24910.7,24924.8,24909.5,24922.6,174
1782080040,24921.9,24929.9,24921.9,24923.9,124
1782080100,24924.9,24933.3,24908.1,24910.1,192
1782080160,24909.6,24925.8,24903.8,24923.8,235
1782080220,24923.6,24927.9,24913.8,24927.9,148
1782080280,24928.1,24930.3,24922,24926.9,98
1782080340,24928.1,24929.3,24923.7,24928.1,97
1782080400,24927.9,24944.1,24925.7,24942.4,189
1782080460,24942.9,24944.4,24937.7,24940.4,125
1782080520,24940.1,24948.9,24939.7,24948.6,94
1782080580,24948.4,24954.4,24946.9,24954,118
1782080640,24954.2,24960.3,24954.2,24959.8,76
1782080700,24959.3,24961.5,24958.3,24961.5,50
1782080760,24961.2,24963.2,24954.7,24954.9,60
1782080820,24955.4,24962.2,24954.9,24960.3,94
1782080880,24960,24960,24950.3,24958.6,132
1782080940,24958.4,24959.6,24952.6,24959.6,92
1782081000,24959.1,24959.6,24939.1,24946.2,200
1782081060,24945.2,24946.7,24936,24946.4,119
1782081120,24946.9,24947.4,24943.7,24946.4,116
1782081180,24946.9,24946.9,24937.9,24938.2,91
1782081240,24938.2,24946.3,24938.2,24943.1,77
1782081300,24942.9,24946.3,24941.7,24943.4,108
1782081360,24943.9,24949.2,24942.4,24948.5,74
1782081420,24948.2,24954.3,24934.1,24940.4,103
1782081480,24939.9,24944.6,24935.5,24944.1,80
1782081540,24943.8,24948,24939.2,24941.9,120
1782081600,24941.7,24945.5,24941.7,24945.3,48
1782081660,24944.1,24947.2,24942.1,24946.3,124
1782081720,24946,24948.2,24943.8,24946.8,42
1782081780,24947.5,24955.2,24947.5,24955.2,68
1782081840,24955.5,24959.9,24949.4,24949.9,84
1782081900,24950.4,24953.1,24948.7,24951.6,86
1782081960,24951.4,24952.8,24949.7,24952.1,66
1782082020,24952.3,24953.1,24948,24951.1,76
1782082080,24951.1,24956.5,24949.9,24955.3,76
1782082140,24955,24958.9,24955,24957.4,80
1782082200,24957,24958.7,24952.6,24954,50
1782082260,24953.3,24956.7,24951.1,24956.7,54
1782082320,24957,24957.4,24956.5,24957,20
1782082380,24956.5,24959.9,24953.9,24953.9,39
1782082440,24953.7,24954.9,24951.2,24954.9,55
1782082500,24953.7,24955.4,24952.4,24952.4,48
1782082560,24952.2,24955.4,24951.7,24952,56
1782082620,24951.5,24955.4,24950,24955.4,96
1782082680,24954.1,24954.1,24943,24943,162
1782082740,24943.5,24945.4,24938.2,24943,99
1782082800,24942.3,24943.2,24926.3,24932.3,165
1782082860,24931.8,24932.8,24912,24914.4,212
1782082920,24914.2,24918,24905.5,24905.5,192
1782082980,24905.8,24905.8,24886.3,24903.1,133
1782083040,24902.7,24905.1,24901.2,24901.4,98
1782083100,24901.2,24907.5,24897.9,24906.5,117
1782083160,24905.8,24911.6,24902.9,24906.5,146
1782083220,24906.3,24909,24896.5,24907.8,145
1782083280,24908.8,24908.8,24904.9,24908.1,70
1782083340,24907.8,24914.6,24907.6,24911.7,129
1782083400,24912.2,24912.2,24904,24910.5,130
1782083460,24910.7,24913.2,24908.8,24911.2,98
1782083520,24911.5,24913.7,24908.6,24910.3,100
1782083580,24910.5,24911.2,24904.9,24904.9,98
1782083640,24901,24901,24896,24899.1,110
1782083700,24899.8,24901.8,24893.3,24894.7,112
1782083760,24893.8,24898.4,24893.5,24898.1,88
1782083820,24898.9,24900.1,24892.8,24894.8,100
1782083880,24894.3,24896.2,24893.3,24894.3,56
1782083940,24894.8,24901.6,24894.3,24898.4,112
1782084000,24897.5,24909.3,24895.8,24909.1,148
1782084060,24908.6,24911,24908.1,24911,78
1782084120,24911.5,24914.2,24909.3,24913.9,104
1782084180,24914.2,24915.4,24903.2,24911.9,124
1782084240,24911.6,24912.1,24908.5,24911.1,114
1782084300,24910.2,24912.1,24904.8,24905.1,88
1782084360,24904.8,24904.8,24900.2,24901.7,82
1782084420,24901.9,24905.6,24900.5,24904.8,104
1782084480,24905.1,24908.2,24901.9,24908.2,88
1782084540,24907.7,24907.7,24904.3,24907.5,98
1782084600,24907.7,24910.9,24901.7,24901.9,116
1782084660,24901.7,24906.5,24896.4,24900.8,161
1782084720,24901.2,24905.6,24895.2,24903.7,106
1782084780,24902.9,24902.9,24896.4,24900.3,124
1782084840,24900,24903.2,24896.2,24902.2,90
1782084900,24901.7,24901.7,24890.9,24892.3,83
1782084960,24892.1,24896.9,24875.6,24887.9,197
1782085020,24888.1,24889.6,24879.2,24889.6,116
1782085080,24889.1,24890.3,24883.1,24888.6,94
1782085140,24888.4,24889.8,24886.9,24889.1,102
1782085200,24889.4,24890.1,24879.2,24886.7,135
1782085260,24886.9,24888.1,24877.8,24880.2,168
1782085320,24880.7,24892.5,24879.7,24892.5,113
1782085380,24892.3,24894.9,24890.6,24894,76
1782085440,24893.7,24894.5,24885.1,24885.9,128
1782085500,24886.1,24887.6,24881.7,24886.4,184
1782085560,24886.6,24888.1,24877.4,24878.1,179
1782085620,24877.9,24878.6,24874,24877.4,166
1782085680,24877.1,24877.4,24859.9,24866.2,148
1782085740,24866.4,24867.4,24862.3,24863,161
1782085800,24863.2,24869.3,24862,24862.8,152
1782085860,24863,24863.7,24858.6,24860.6,122
1782085920,24860.3,24862.5,24850.2,24850.7,150
1782085980,24850.7,24851.7,24846.8,24849.7,120
1782086040,24850,24850.9,24843.7,24846.1,148
1782086100,24846.3,24848.3,24845.6,24847.8,153
1782086160,24847.5,24852.9,24847.3,24852.2,104
1782086220,24851.4,24854.1,24850.9,24850.9,114
1782086280,24851.2,24857.2,24844.4,24844.7,162
1782086340,24845.2,24852.9,24844.2,24851.5,174
1782086400,24851,24874.2,24838.9,24871.3,375
1782086460,24871.6,24888.2,24871.6,24883,295
1782086520,24883.2,24899.8,24880.8,24899.8,250
1782086580,24899.1,24909.4,24896.6,24905.1,270
1782086640,24905.6,24919.3,24902.4,24918.4,252
1782086700,24916.7,24939.3,24915.7,24932.3,294
1782086760,24932.1,24940.2,24925.9,24931,390
1782086820,24930.7,24936.5,24926.4,24928.1,338
1782086880,24928.3,24932.9,24926.1,24928.8,285
1782086940,24927.8,24931.5,24924.2,24927.3,248
1782087000,24928.1,24932.2,24918.4,24921.3,283
1782087060,24921.8,24923.5,24918.4,24919.1,268
1782087120,24918.4,24920.8,24914.1,24918.7,251
1782087180,24918.5,24921.6,24916.1,24921.1,270
1782087240,24920.9,24933.3,24920.9,24933,252
1782087360,24947.9,24960.4,24939.9,24950.9,180
1782087420,24952.4,24967.4,24938.9,24945.4,138
1782087480,24944.9,24962.9,24940.9,24958.9,163
1782087540,24957.9,24958.9,24948.9,24953.9,97
1782087600,24954.4,24963.4,24953.9,24963.4,66
1782087660,24964.4,24965.4,24960.4,24962.4,38
1782087720,24963.4,24963.4,24955.4,24957.9,82
1782087780,24958.9,24961.4,24953.9,24960.4,62
1782087840,24961.4,24968.4,24958.9,24967.9,56
1782087900,24966.9,24970.9,24964.4,24969.9,70
1782087960,24968.9,24981.4,24968.9,24980.4,70
1782088020,24979.4,24987.9,24976.4,24985.9,80
1782088080,24986.4,24986.4,24968.9,24974.4,68
1782088140,24973.9,24984.4,24971.4,24982.9,64
1782088200,24983.4,24984.4,24977.4,24977.4,58
1782088260,24978.4,24981.4,24976.4,24978.9,74
1782088320,24977.9,24985.9,24977.4,24983.9,84
1782088380,24983.4,24986.4,24981.9,24985.9,60
1782088440,24984.9,24989.4,24984.9,24986.9,54
1782088500,24987.9,24990.9,24984.4,24990.9,106
1782088560,24990.4,24993.9,24988.9,24993.4,62
1782088620,24991.9,24994.9,24989.9,24993.9,82
1782088680,24994.4,24994.9,24986.9,24992.4,50
1782088740,24990.9,24990.9,24988.4,24988.9,40
1782088800,24987.4,24987.4,24979.9,24984.9,58
1782088860,24984.4,24986.4,24980.9,24984.9,68
1782088920,24983.4,24983.9,24981.9,24983.4,20
1782088980,24982.9,24985.9,24982.9,24984.9,54
1782089040,24985.4,24987.4,24984.9,24986.9,18
1782089100,24987.9,24996.4,24987.9,24994.4,54
1782089160,24994.9,24997.4,24990.4,24992.4,54
1782089220,24991.9,24992.9,24990.9,24992.9,14
1782089280,24990.9,24991.9,24988.9,24989.4,34
1782089340,24988.9,24990.9,24987.4,24990.9,60
1782089400,24989.9,24991.4,24986.9,24990.9,66
1782089460,24994.4,24994.4,24988.9,24990.9,72
1782089520,24989.4,24990.9,24988.4,24990.4,60
1782089580,24989.9,24991.4,24989.4,24989.9,28
1782089640,24989.4,24994.9,24987.4,24994.9,26
1782089700,24993.4,24995.4,24992.9,24995.4,22
1782089760,24996.4,25003.9,24996.4,25003.4,36
1782089820,25002.9,25007.4,25002.9,25004.9,30
1782089880,25005.4,25007.4,25004.9,25007.4,20
1782089940,25006.9,25007.4,25004.4,25004.9,26
1782090000,25007.9,25016.4,25007.9,25015.4,164
1782090060,25014.9,25018.9,25010.4,25015.9,132
1782090120,25016.9,25024.4,25014.4,25023.9,118
1782090180,25023.4,25023.4,25016.9,25021.4,110
1782090240,25021.9,25026.4,25017.9,25020.4,100
1782090300,25018.9,25025.4,25018.4,25022.9,72
1782090360,25021.9,25022.9,25018.4,25020.9,64
1782090420,25020.4,25029.9,25018.9,25028.4,56
1782090480,25029.4,25029.4,25018.4,25020.4,90
1782090540,25018.9,25019.4,25014.4,25015.4,112
1782090600,25015.9,25018.9,25014.4,25016.4,68
1782090660,25016.9,25016.9,25012.4,25014.9,68
1782090720,25014.4,25014.4,25007.4,25009.9,56
1782090780,25010.9,25012.4,25008.9,25011.4,26
1782090840,25009.9,25018.9,25009.9,25016.4,56
1782090900,25015.4,25016.9,25008.9,25013.9,108
1782090960,25011.9,25012.9,25007.4,25009.9,72
1782091020,25010.4,25016.4,25010.4,25015.9,30
1782091080,25013.9,25016.9,25012.4,25015.9,50
1782091140,25014.9,25014.9,25010.4,25010.4,28
1782091200,25010.9,25017.9,25009.4,25016.4,66
1782091260,25018.4,25021.9,25016.4,25021.9,68
1782091320,25023.4,25025.9,25019.4,25025.4,47
1782091380,25022.9,25024.9,25020.4,25023.4,54
1782091440,25022.9,25028.9,25022.9,25024.9,64
1782091500,25023.9,25026.9,25022.4,25025.4,52
1782091560,25025.9,25029.4,25024.9,25029.4,40
1782091620,25029.9,25031.9,25029.4,25031.4,52
1782091680,25030.9,25031.4,25026.9,25029.9,76
1782091740,25029.4,25031.9,25028.4,25030.4,68
1782091800,25029.4,25029.4,25014.4,25019.4,98
1782091860,25019.9,25019.9,25014.4,25015.9,47
1782091920,25015.4,25017.9,25012.4,25014.9,67
1782091980,25014.4,25016.4,25013.4,25016.4,12
1782092040,25019.4,25019.4,25016.4,25016.4,6
1782092100,25017.4,25017.4,25011.9,25011.9,14
1782092160,25010.4,25010.4,25007.9,25009.4,14
1782092220,25009.9,25011.9,25009.4,25011.4,34
1782092280,25013.4,25016.4,25013.4,25015.9,8
1782092340,25017.4,25017.4,25017.4,25017.4,2
1782092400,25015.9,25017.9,25007.4,25007.4,28
1782092460,25004.9,25006.9,25004.4,25006.4,37
1782092520,25006.9,25009.4,25005.4,25007.4,45
1782092580,25004.4,25006.4,25002.4,25004.9,28
1782092640,25003.4,25004.4,25002.9,25002.9,8
1782092700,25003.9,25003.9,25002.9,25002.9,6
1782092760,25001.9,25001.9,24996.4,24998.9,72
1782092820,24999.4,24999.4,24992.9,24993.4,74
1782092880,24994.4,24998.9,24994.4,24996.9,34
1782092940,24996.4,24996.4,24990.4,24991.9,54
1782093000,24992.4,24995.9,24991.4,24994.9,54
1782093060,24993.9,24995.4,24993.4,24995.4,22
1782093120,24994.4,24994.4,24987.9,24988.4,24
1782093180,24987.4,24990.4,24985.9,24986.9,80
1782093240,24985.9,24987.4,24980.9,24983.4,88
1782093300,24982.9,24983.4,24978.4,24980.9,46
1782093360,24981.9,24985.4,24981.9,24984.9,40
1782093420,24983.9,24988.9,24983.4,24988.9,42
1782093480,24987.4,24988.4,24984.9,24985.9,20
1782093540,24985.4,24985.9,24981.4,24982.9,18
1782093600,24982.4,24989.9,24982.4,24988.4,54
1782093660,24988.9,24988.9,24982.9,24982.9,38
1782093720,24981.4,24984.4,24977.4,24982.4,102
1782093780,24981.4,24981.4,24976.4,24978.9,24
1782093840,24979.9,24985.9,24979.4,24981.4,84
1782093900,24980.9,24987.4,24980.9,24986.9,44
1782093960,24985.9,24992.9,24985.9,24992.9,70
1782094020,24991.9,24995.9,24989.9,24994.9,80
1782094080,24995.9,24998.4,24995.9,24998.4,66
1782094140,24996.9,24998.4,24994.4,24994.9,52
1782094200,24997.4,24997.4,24982.4,24982.9,68
1782094260,24983.4,24987.9,24983.4,24985.4,46
1782094320,24986.4,24987.9,24983.9,24984.4,38
1782094380,24984.9,24984.9,24980.9,24980.9,26
1782094440,24980.4,24981.4,24976.4,24976.4,22
1782094500,24977.4,24978.9,24968.4,24970.4,40
1782094560,24974.9,24978.4,24972.9,24976.4,48
1782094620,24974.9,24977.9,24973.9,24976.4,78
1782094680,24977.4,24979.4,24976.4,24978.4,50
1782094740,24977.9,24980.4,24976.9,24977.4,22
1782094800,24976.9,24980.9,24976.4,24977.9,56
1782094860,24977.4,24981.9,24975.4,24981.9,68
1782094920,24979.9,24987.9,24979.9,24987.9,14
1782094980,24989.4,24991.4,24987.4,24989.4,26
1782095040,24987.9,24992.9,24987.9,24991.4,36
1782095100,24990.9,24991.9,24986.9,24988.4,34
1782095160,24987.9,24987.9,24983.9,24985.9,28
1782095220,24982.9,24983.4,24978.4,24982.4,76
1782095280,24982.9,24984.4,24982.4,24984.4,24
1782095340,24983.9,24983.9,24981.9,24981.9,10
1782095400,24978.9,24979.4,24977.4,24977.4,18
1782095460,24977.9,24977.9,24976.4,24976.9,20
1782095520,24975.9,24975.9,24971.4,24973.4,24
1782095580,24972.9,24973.9,24968.4,24971.9,36
1782095640,24972.4,24975.9,24971.4,24975.4,30
1782095700,24976.4,24976.9,24973.4,24974.4,34
1782095760,24975.4,24975.9,24971.4,24974.4,28
1782095820,24975.4,24975.4,24968.9,24971.9,34
1782095880,24970.9,24976.9,24970.9,24976.9,20
1782095940,24976.4,24976.9,24975.9,24976.4,20
1782096000,24975.9,24978.9,24975.9,24977.4,20
1782096060,24976.9,24979.4,24976.9,24979.4,22
1782096120,24980.4,24981.4,24977.9,24978.9,46
1782096180,24978.4,24978.9,24973.9,24975.4,68
1782096240,24975.9,24977.9,24973.9,24975.4,66
1782096300,24974.9,24976.9,24972.4,24973.9,62
1782096360,24973.4,24974.4,24972.4,24972.9,36
1782096420,24972.4,24972.4,24969.4,24971.4,46
1782096480,24970.9,24972.4,24967.9,24967.9,20
1782096540,24964.9,24966.9,24962.4,24963.4,44
1782096600,24962.9,24964.4,24961.9,24962.4,28
1782096660,24964.9,24964.9,24963.9,24964.4,10
1782096960,24966.4,24966.9,24964.9,24965.4,28
1782097020,24965.9,24966.9,24962.9,24963.9,22
1782097080,24965.4,24966.9,24964.9,24966.9,26
1782097140,24966.4,24966.4,24963.4,24965.4,16
1782097200,24964.4,24964.4,24956.9,24957.4,58
1782097260,24956.9,24956.9,24946.4,24947.4,96
1782097320,24947.9,24951.9,24947.9,24951.4,46
1782097380,24950.9,24955.4,24950.9,24954.4,32
1782097440,24954.9,24956.9,24953.9,24955.9,42
1782097500,24955.4,24956.4,24952.4,24953.4,44
1782097560,24954.4,24955.4,24951.9,24951.9,62
1782097620,24952.4,24954.4,24951.9,24952.4,60
1782097680,24951.9,24952.4,24950.4,24951.4,36
1782097740,24951.9,24954.9,24950.9,24954.9,26
1782097800,24953.9,24954.4,24951.4,24954.4,30
1782097860,24953.4,24954.9,24953.4,24954.9,20
1782097920,24954.4,24954.9,24952.9,24954.9,32
1782097980,24955.4,24955.9,24954.4,24954.4,34
1782098040,24953.9,24955.4,24951.9,24952.4,28
1782098100,24954.4,24965.9,24953.4,24964.9,74
1782098160,24965.4,24965.9,24962.9,24963.4,42
1782098220,24962.4,24965.9,24961.9,24963.4,66
1782098280,24964.4,24966.4,24962.9,24963.9,34
1782098340,24963.4,24965.4,24963.4,24963.9,26
1782098400,24964.4,24965.9,24964.4,24964.9,20
1782098460,24965.4,24965.4,24962.4,24962.4,32
1782098520,24962.9,24967.4,24961.9,24966.9,22
1782098640,24970.4,24970.4,24967.4,24967.4,10
1782098700,24968.9,24969.4,24966.9,24966.9,20
1782098760,24967.4,24967.4,24962.9,24963.9,34
1782098820,24962.9,24964.4,24962.4,24963.9,36
1782098880,24962.9,24969.4,24962.9,24968.9,18
1782098940,24967.9,24968.9,24967.9,24968.4,8
1782099000,24971.4,24976.9,24971.4,24975.9,28
1782099060,24975.4,24976.4,24975.4,24976.4,14
1782099120,24975.9,24975.9,24973.4,24975.4,34
1782099240,24978.4,24979.9,24976.9,24976.9,18
1782099300,24977.4,24979.4,24977.4,24978.4,28
1782099360,24977.4,24977.4,24970.9,24972.4,14
1782099420,24971.9,24975.4,24969.4,24974.4,26
1782099480,24973.9,24976.9,24973.4,24974.4,26
1782099540,24976.9,24976.9,24975.9,24975.9,6
1782099600,24975.4,24977.4,24973.9,24976.4,32
1782099660,24975.9,24976.9,24974.9,24975.9,22
1782099720,24975.4,24975.4,24974.4,24975.4,10
1782099780,24974.9,24975.4,24972.9,24972.9,8
1782099840,24973.9,24974.4,24972.9,24974.4,12
1782099900,24974.9,24976.4,24973.4,24973.9,52
1782099960,24974.4,24975.9,24972.4,24974.9,28
1782100020,24975.9,24984.9,24974.9,24981.4,36
1782100080,24978.9,24981.4,24978.9,24979.4,20
1782100140,24980.4,24981.9,24978.9,24980.4,32
1782100200,24982.4,24982.4,24978.9,24978.9,18
1782100260,24980.9,24980.9,24979.4,24979.4,18
1782100320,24979.9,24979.9,24975.9,24977.4,26
1782100380,24976.9,24977.4,24975.4,24976.9,20
1782100440,24976.4,24976.4,24970.9,24970.9,38
1782100500,24971.4,24971.4,24968.4,24970.4,66
1782100560,24969.4,24969.4,24958.4,24960.9,58
1782100620,24962.4,24963.4,24956.9,24957.9,110
1782100680,24958.4,24961.9,24957.9,24959.9,62
1782100740,24961.4,24963.4,24960.9,24962.4,54
1782100800,24963.4,24963.4,24957.4,24958.4,58
1782100860,24958.9,24959.4,24956.9,24957.4,26
1782100920,24956.9,24957.9,24956.4,24956.9,24
1782100980,24957.4,24962.4,24957.4,24961.4,48
1782101040,24962.4,24962.9,24961.4,24962.4,32
1782101100,24962.9,24964.9,24962.4,24963.9,58
1782101160,24963.4,24965.9,24961.9,24965.9,40
1782101220,24966.9,24968.9,24966.9,24967.9,50
1782101280,24967.4,24967.9,24965.9,24967.4,70
1782101340,24966.4,24970.9,24966.4,24969.9,26
1782101400,24970.4,24973.4,24970.4,24970.9,38
1782101460,24971.9,24971.9,24967.9,24970.4,64
1782101520,24968.9,24969.9,24967.4,24968.9,22
1782101580,24969.4,24970.4,24966.9,24966.9,18
1782101640,24969.4,24969.4,24953.4,24953.9,52
1782101700,24955.4,24955.4,24953.9,24954.9,24
1782101760,24955.9,24960.9,24955.9,24959.4,48
1782101820,24961.4,24961.4,24959.4,24960.4,24
1782101880,24959.9,24961.9,24956.9,24961.4,50
1782101940,24960.4,24962.9,24957.9,24958.9,80
1782102000,24959.4,24962.9,24959.4,24960.4,30
1782102060,24959.9,24960.9,24956.9,24957.4,44
1782102120,24957.9,24961.4,24957.4,24959.4,28
1782102180,24958.9,24959.4,24958.4,24959.4,12
1782102240,24958.4,24960.4,24958.4,24959.4,36
1782102300,24959.9,24959.9,24954.4,24955.4,24
1782102360,24955.9,24958.4,24955.9,24955.9,28
1782102420,24955.4,24955.4,24953.4,24954.9,20
1782102480,24951.4,24955.4,24950.9,24953.4,38
1782102540,24955.4,24957.4,24952.9,24955.4,40
1782102600,24954.4,24955.9,24953.9,24955.4,16
1782102660,24955.9,24958.9,24950.9,24952.4,48
1782102720,24951.9,24952.9,24950.4,24950.9,40
1782102780,24948.4,24954.9,24948.4,24952.9,38
1782102840,24953.9,24954.9,24953.4,24953.9,12
1782102900,24954.4,24954.4,24948.9,24952.9,64
1782102960,24950.4,24952.9,24949.4,24949.4,18
1782103020,24950.9,24952.9,24945.4,24947.4,64
1782103080,24948.4,24949.4,24945.9,24947.4,36
1782103140,24947.9,24949.9,24946.9,24949.9,26
1782103200,24949.4,24952.9,24949.4,24951.4,22
1782103260,24951.9,24951.9,24948.4,24949.9,34
1782103320,24949.4,24949.4,24945.9,24947.9,42
1782103380,24946.4,24948.4,24943.9,24945.9,76
1782103440,24944.9,24945.4,24943.4,24945.4,28
1782103500,24946.4,24950.9,24945.9,24949.9,20
1782103560,24951.4,24961.9,24950.4,24959.9,80
1782103620,24960.4,24967.9,24959.4,24963.9,80
1782103680,24962.9,24963.9,24959.4,24959.9,70
1782103740,24960.9,24961.9,24958.9,24960.4,82
1782103800,24960.9,24963.4,24958.4,24963.4,52
1782103860,24964.4,24966.4,24963.9,24964.4,46
1782103920,24963.9,24963.9,24960.9,24961.4,34
1782103980,24960.9,24964.9,24960.9,24964.9,30
1782104040,24965.4,24965.4,24962.9,24963.4,22
1782104100,24962.4,24964.4,24960.4,24963.9,56
1782104160,24963.4,24968.4,24963.4,24966.9,64
1782104220,24966.4,24969.9,24966.4,24969.4,24
1782104280,24969.9,24972.9,24968.4,24971.9,58
1782104340,24972.4,24976.9,24971.9,24976.9,32
1782104400,24977.4,24982.4,24976.4,24980.4,68
1782104460,24978.9,24979.9,24976.4,24977.4,24
1782104520,24976.4,24982.4,24976.4,24982.4,34
1782104580,24981.9,24985.4,24979.9,24979.9,54
1782104640,24980.4,24981.9,24977.4,24980.4,46
1782104700,24978.9,24982.9,24976.9,24982.9,44
1782104760,24982.4,24991.4,24982.4,24990.9,50
1782104820,24992.9,25000.4,24990.9,25000.4,66
1782104880,24999.9,25010.9,24999.4,25010.9,68
1782104940,25010.4,25011.9,25007.9,25010.9,80
1782105000,25009.9,25010.4,25003.9,25006.4,36
1782105060,25007.9,25015.9,25006.4,25015.9,38
1782105120,25015.4,25015.4,25008.9,25008.9,42
1782105180,25009.4,25019.9,25009.4,25015.9,52
1782105240,25014.9,25015.4,25010.4,25011.4,56
1782105300,25010.9,25017.4,25006.9,25017.4,82
1782105360,25016.4,25017.4,25015.4,25016.4,34
1782105420,25015.9,25016.9,25012.9,25015.9,44
1782105480,25015.4,25016.9,25012.9,25016.4,42
1782105540,25015.4,25016.4,25011.4,25012.9,52
1782105600,25013.4,25015.4,25009.9,25015.4,112
1782105660,25014.9,25015.4,25013.9,25014.9,10
1782105720,25016.4,25016.4,25012.9,25013.4,42
1782105780,25011.9,25011.9,25010.9,25010.9,14
1782105840,25012.4,25015.4,25010.9,25015.4,40
1782105900,25015.9,25020.9,25013.9,25020.4,68
1782105960,25019.9,25020.9,25017.4,25019.4,50
1782106020,25018.9,25018.9,25013.9,25017.9,60
1782106080,25017.4,25017.9,25012.4,25014.4,60
1782106140,25015.9,25017.9,25015.4,25016.9,20
1782106200,25016.4,25016.9,25013.9,25013.9,52
1782106260,25010.4,25010.4,25005.9,25006.9,40
1782106320,25006.4,25011.4,25005.9,25010.4,48
1782106380,25010.9,25016.4,25007.4,25015.9,62
1782106440,25015.4,25018.9,25014.9,25017.4,52
1782106500,25016.9,25022.9,25016.9,25018.4,98
1782106560,25019.4,25024.4,25017.9,25024.4,88
1782106620,25023.4,25024.4,25017.4,25018.9,56
1782106680,25019.9,25019.9,25010.9,25011.4,44
1782106740,25010.9,25011.4,25008.9,25008.9,26
1782106800,25009.4,25012.9,25007.4,25010.9,68
1782106860,25011.4,25012.4,25009.9,25012.4,48
1782106920,25011.9,25011.9,25006.4,25011.4,38
1782106980,25010.9,25011.4,25006.9,25007.4,66
1782107040,25006.9,25007.9,25003.9,25005.4,40
1782107100,25004.9,25004.9,25002.4,25003.4,30
1782107160,25002.9,25002.9,24996.9,24997.9,38
1782107220,24996.9,25003.4,24996.9,25001.9,64
1782107280,25001.4,25004.9,25001.4,25004.9,36
1782107340,25004.4,25007.4,25004.4,25006.9,26
1782107400,25006.4,25006.4,25003.9,25005.4,28
1782107460,25005.4,25010.4,25004.9,25009.4,27
1782107520,25007.4,25011.4,25007.4,25010.4,62
1782107580,25010.9,25012.4,25010.9,25011.4,18
1782107640,25011.9,25019.4,25010.9,25012.4,44
1782107700,25013.4,25019.9,25012.4,25019.9,38
1782107760,25018.4,25021.9,25018.4,25021.9,14
1782107820,25021.4,25021.9,25017.4,25018.4,36
1782107880,25019.9,25019.9,25017.9,25018.4,8
1782107940,25018.9,25020.9,25018.9,25020.9,12
1782108000,25024.4,25026.4,25012.9,25014.9,120
1782108060,25015.6,25015.6,25008.6,25011.1,100
1782108120,25011.6,25019.1,25011.6,25015.6,72
1782108180,25017.6,25029.6,25016.4,25019.1,77
1782108240,25018.6,25019.6,25015.6,25015.6,32
1782108300,25014.6,25025.6,25013.6,25023.6,92
1782108360,25024.6,25032.6,25022.4,25031.6,147
1782108420,25030.6,25039.6,25030.6,25039.6,155
1782108480,25039.1,25041.6,25032.6,25037.6,146
1782108540,25038.1,25046.6,25034.1,25044.6,103
1782108600,25043.6,25045.1,25039.6,25041.1,128
1782108660,25040.6,25041.1,25029.6,25031.6,144
1782108720,25032.1,25036.6,25031.6,25035.1,122
1782108780,25035.6,25035.6,25032.1,25035.6,94
1782108840,25036.1,25038.6,25031.1,25031.1,94
1782108900,25030.1,25031.1,25025.1,25031.1,88
1782108960,25030.6,25030.6,25025.1,25025.1,64
1782109020,25026.1,25036.1,25026.1,25035.1,92
1782109080,25034.1,25034.1,25026.6,25027.1,100
1782109140,25026.6,25027.1,25016.6,25020.6,96
1782109200,25020.1,25031.1,25019.1,25031.1,96
1782109260,25029.6,25030.1,25025.6,25025.6,72
1782109320,25026.6,25032.1,25025.1,25027.1,86
1782109380,25026.6,25028.6,25025.1,25025.1,64
1782109440,25025.6,25047.1,25025.6,25045.1,128
1782109500,25045.6,25054.1,25043.1,25050.6,162
1782109560,25048.6,25052.1,25047.1,25049.6,164
1782109620,25050.1,25054.6,25045.6,25054.1,92
1782109680,25054.6,25059.6,25053.6,25059.6,94
1782109740,25058.6,25060.1,25054.6,25058.1,176
1782109800,25057.1,25062.1,25049.6,25051.6,159
1782109860,25051.1,25052.6,25046.1,25052.6,142
1782109920,25052.1,25052.1,25047.1,25049.6,142
1782109980,25050.1,25051.6,25048.6,25050.1,90
1782110040,25049.6,25051.1,25048.6,25050.1,38
1782110100,25050.6,25050.6,25047.1,25048.6,106
1782110160,25049.6,25052.6,25047.6,25052.6,90
1782110220,25052.1,25064.1,25051.1,25064.1,80
1782110280,25063.6,25063.6,25055.1,25056.6,114
1782110340,25056.1,25058.1,25054.6,25057.6,70
1782110400,25058.1,25061.1,25056.1,25060.1,110
1782110460,25060.6,25063.6,25058.1,25062.6,112
1782110520,25063.1,25065.1,25061.1,25063.6,82
1782110580,25063.1,25067.1,25062.6,25064.6,96
1782110640,25065.1,25069.6,25063.1,25069.1,95
1782110700,25069.6,25072.6,25069.1,25072.1,80
1782110760,25072.6,25072.6,25065.4,25070.1,110
1782110820,25069.6,25075.1,25068.1,25068.1,96
1782110880,25067.6,25070.1,25066.1,25066.1,106
1782110940,25066.6,25069.6,25066.1,25068.1,60
1782111000,25069.1,25072.1,25066.1,25072.1,90
1782111060,25073.1,25080.1,25073.1,25079.1,85
1782111120,25079.6,25079.6,25070.1,25070.6,106
1782111180,25071.1,25076.6,25070.6,25076.6,52
1782111240,25076.1,25078.6,25075.1,25076.1,64
1782111300,25075.6,25076.6,25068.6,25075.1,106
1782111360,25076.1,25079.1,25072.1,25073.1,102
1782111420,25072.6,25075.1,25072.1,25072.1,62
1782111480,25071.1,25079.1,25071.1,25078.1,94
1782111540,25078.6,25083.1,25076.1,25076.1,156
1782111600,25069.6,25072.1,25026.1,25052.6,446
1782111660,25051.6,25062.6,25040.6,25040.6,360
1782111720,25041.6,25053.6,25040.6,25050.6,300
1782111780,25049.6,25052.6,25026.6,25026.6,266
1782111840,25025.6,25037.6,25023.1,25037.6,294
1782111900,25037.1,25054.6,25035.6,25054.1,296
1782111960,25055.1,25075.6,25054.1,25069.6,302
1782112020,25068.6,25071.6,25052.1,25052.6,310
1782112080,25052.1,25065.6,25045.6,25060.6,258
1782112140,25059.1,25073.6,25055.6,25073.6,176
1782112200,25074.1,25077.6,25067.6,25075.6,288
1782112260,25075.1,25075.6,25054.6,25056.1,246
1782112320,25055.6,25061.1,25048.1,25050.1,228
1782112380,25051.6,25053.6,25040.1,25042.6,230
1782112440,25043.1,25062.6,25043.1,25059.6,236
1782112500,25060.1,25076.1,25059.6,25072.6,270
1782112560,25071.1,25073.6,25064.6,25068.1,240
1782112620,25069.6,25070.1,25059.4,25069.1,198
1782112680,25068.1,25070.1,25058.1,25061.6,216
1782112740,25062.6,25064.1,25055.6,25059.6,268
1782112800,25058.6,25060.6,25044.6,25047.6,262
1782112860,25048.1,25061.1,25046.1,25058.1,184
1782112920,25059.6,25077.1,25059.6,25077.1,198
1782112980,25076.6,25077.1,25059.1,25059.6,222
1782113040,25058.6,25061.1,25049.1,25056.6,212
1782113100,25056.1,25063.1,25056.1,25062.1,170
1782113160,25064.1,25064.1,25056.1,25060.1,180
1782113220,25060.6,25063.1,25051.1,25056.1,174
1782113280,25057.1,25058.6,25049.9,25055.1,152
1782113340,25054.1,25073.6,25054.1,25073.6,134
1782113400,25073.1,25088.1,25071.1,25077.1,188
1782113460,25076.1,25090.1,25075.1,25077.1,206
1782113520,25076.6,25078.1,25064.1,25066.1,230
1782113580,25066.6,25068.6,25047.1,25049.6,236
1782113640,25049.1,25060.1,25048.6,25059.6,258
1782113700,25058.6,25065.1,25053.1,25063.6,220
1782113760,25064.6,25076.1,25062.1,25068.6,220
1782113820,25069.6,25074.6,25064.4,25070.6,206
1782113880,25071.1,25071.6,25058.6,25059.6,208
1782113940,25058.6,25060.1,25050.6,25051.6,194
1782114000,25051.1,25052.6,25030.6,25034.6,231
1782114060,25035.1,25037.1,25022.9,25025.6,229
1782114120,25024.6,25026.1,25018.1,25022.1,207
1782114180,25023.1,25026.1,25012.1,25014.1,154
1782114240,25013.1,25016.6,25006.1,25014.1,203
1782114300,25014.6,25014.6,25004.1,25004.1,202
1782114360,25006.1,25006.6,24995.1,24998.1,188
1782114420,24996.1,25004.1,24993.1,25003.1,196
1782114480,25002.6,25016.1,25002.6,25013.6,219
1782114540,25011.6,25021.6,25007.4,25018.6,205
1782114600,25019.6,25023.1,25017.1,25020.6,240
1782114660,25021.1,25021.1,25009.6,25011.6,228
1782114720,25012.1,25012.1,25003.1,25003.6,180
1782114780,25004.1,25004.1,24992.1,25001.1,206
1782114840,25002.1,25003.1,24992.6,24994.6,116
1782114900,24994.1,25001.1,24991.1,25001.1,192
1782114960,25001.6,25013.6,25001.6,25003.6,210
1782115020,25004.1,25011.1,24999.6,25003.1,170
1782115080,25003.6,25011.6,25001.1,25007.6,178
1782115140,25007.1,25018.6,25006.1,25017.6,198
1782115200,25018.1,25021.6,24999.6,25005.1,288
1782115260,25005.6,25012.6,25004.6,25007.6,240
1782115320,25008.1,25008.1,24988.1,24989.6,266
1782115380,24989.1,24995.6,24989.1,24991.1,212
1782115440,24991.6,24994.1,24985.1,24993.1,211
1782115500,24992.6,24996.6,24989.1,24994.1,230
1782115560,24993.6,24993.6,24985.6,24987.6,260
1782115620,24987.1,24990.6,24980.6,24982.6,234
1782115680,24980.6,24985.1,24977.6,24985.1,201
1782115740,24984.6,24995.6,24984.6,24994.6,220
1782115800,24995.6,24996.1,24980.6,24983.6,244
1782115860,24984.1,24985.6,24975.6,24979.6,204
1782115920,24980.1,24999.1,24980.1,24998.6,242
1782115980,24997.6,25002.6,24992.1,24992.1,190
1782116040,24992.6,24996.1,24989.6,24994.6,208
1782116100,24993.6,24999.1,24981.1,24998.6,232
1782116160,24998.1,24998.1,24974.1,24977.6,216
1782116220,24978.1,24983.6,24974.6,24975.1,180
1782116280,24974.1,24977.6,24972.6,24977.1,202
1782116340,24976.6,24977.6,24970.1,24972.1,168
1782116400,24972.6,24986.6,24971.1,24985.6,193
1782116460,24985.1,24993.6,24982.6,24993.1,230
1782116520,24992.1,24997.6,24987.6,24989.1,238
1782116580,24989.6,24991.1,24982.6,24989.1,208
1782116640,24989.6,24998.1,24988.6,24995.1,192
1782116700,24994.1,25004.1,24991.1,25002.6,260
1782116760,25002.1,25004.1,24991.6,24992.6,200
1782116820,24992.1,24998.6,24991.1,24995.6,208
1782116880,24995.1,24998.1,24987.6,24994.1,284
1782116940,24994.6,24996.6,24984.6,24991.6,256
1782117000,24992.1,24992.1,24971.1,24974.6,230
1782117060,24974.1,24981.1,24966.6,24967.6,208
1782117120,24968.1,24970.1,24957.1,24959.1,204
1782117180,24960.1,24963.1,24958.1,24959.1,158
1782117240,24958.6,24971.1,24957.1,24971.1,207
1782117300,24970.6,24972.6,24966.6,24972.6,248
1782117360,24972.1,24979.6,24968.6,24978.6,190
1782117420,24979.6,24986.1,24975.1,24985.6,206
1782117480,24985.1,24986.6,24978.1,24978.6,158
1782117540,24979.1,24992.1,24977.6,24989.6,196
1782117600,24989.1,24996.1,24988.1,24989.6,166
1782117660,24988.6,24990.1,24985.1,24988.6,174
1782117720,24988.1,24990.6,24983.1,24983.6,184
1782117780,24984.6,24986.1,24975.1,24984.1,152
1782117840,24984.6,24985.1,24979.1,24982.1,208
1782117900,24982.6,24983.1,24968.6,24971.1,150
1782117960,24970.6,24971.1,24964.6,24968.1,168
1782118020,24967.6,24968.1,24961.1,24962.1,162
1782118080,24961.6,24962.1,24950.1,24951.1,166
1782118140,24949.6,24961.6,24948.6,24959.1,188
1782118200,24958.1,24964.1,24953.6,24963.1,196
1782118260,24962.6,24963.1,24955.1,24955.1,154
1782118320,24956.1,24964.1,24955.1,24961.6,190
1782118380,24961.1,24967.1,24959.6,24966.6,186
1782118440,24966.1,24966.6,24960.1,24963.1,170
1782118500,24963.6,24964.1,24954.1,24955.6,176
1782118560,24955.1,24968.6,24955.1,24965.6,170
1782118620,24966.6,24966.6,24959.1,24959.1,178
1782118680,24957.1,24957.6,24949.6,24953.1,160
1782118740,24952.6,24955.6,24951.6,24954.1,196
1782118800,24953.6,24956.1,24935.6,24940.1,218
1782118860,24940.6,24946.6,24939.6,24940.6,170
1782118920,24941.1,24946.1,24936.1,24946.1,202
1782118980,24945.6,24955.6,24945.1,24951.1,178
1782119040,24952.6,24952.6,24946.1,24947.6,216
1782119100,24947.1,24958.1,24946.1,24951.1,211
1782119160,24950.6,24959.6,24946.1,24957.1,162
1782119220,24957.6,24961.1,24951.6,24954.1,188
1782119280,24953.6,24965.1,24952.6,24965.1,206
1782119340,24964.6,24965.6,24958.6,24963.6,180
1782119400,24963.1,24963.6,24955.1,24955.6,180
1782119460,24952.6,24967.1,24947.1,24967.1,188
1782119520,24968.1,24977.1,24965.6,24967.1,204
1782119580,24966.6,24971.1,24961.6,24969.6,152
1782119640,24970.6,24976.1,24965.6,24976.1,202
1782119700,24975.6,24979.6,24974.6,24978.6,176
1782119760,24979.6,24981.6,24972.1,24974.6,160
1782119820,24974.1,24977.6,24972.1,24975.1,152
1782119880,24975.6,24976.6,24962.1,24965.6,190
1782119940,24966.1,24966.1,24958.6,24963.1,156
1782120000,24962.6,24967.1,24958.6,24960.1,158
1782120060,24959.6,24962.1,24950.1,24950.6,156
1782120120,24951.6,24954.6,24946.1,24947.1,180
1782120180,24948.6,24949.6,24943.1,24946.1,150
1782120240,24946.6,24951.1,24945.1,24949.1,178
1782120300,24948.6,24953.6,24943.6,24944.6,164
1782120360,24944.1,24946.1,24941.6,24945.6,156
1782120420,24946.1,24946.1,24936.1,24939.1,168
1782120480,24939.6,24948.1,24939.1,24947.1,162
1782120540,24946.6,24953.1,24943.6,24951.6,164
1782120600,24952.6,24962.6,24951.6,24954.1,168
1782120660,24955.6,24957.6,24951.1,24956.6,160
1782120720,24955.6,24958.6,24950.6,24952.6,168
1782120780,24952.1,24956.1,24945.6,24955.1,176
1782120840,24954.1,24958.1,24949.6,24949.6,184
1782120900,24950.6,24953.6,24942.1,24945.1,156
1782120960,24945.6,24948.6,24942.1,24943.1,182
1782121020,24944.1,24945.1,24939.1,24942.1,170
1782121080,24942.6,24945.6,24938.1,24938.6,158
1782121140,24939.1,24941.1,24925.1,24926.1,156
1782121200,24925.1,24929.1,24922.6,24929.1,136
1782121260,24928.1,24938.1,24928.1,24931.6,166
1782121320,24931.1,24934.6,24928.1,24933.1,162
1782121380,24933.6,24938.1,24930.1,24931.6,150
1782121440,24932.1,24936.1,24927.1,24934.6,146
1782121500,24935.1,24944.1,24933.1,24943.6,178
1782121560,24943.1,24948.6,24943.1,24944.1,124
1782121620,24944.6,24947.6,24939.1,24939.1,150
1782121680,24938.6,24939.1,24929.6,24930.6,100
1782121740,24931.1,24931.1,24924.4,24927.1,141
1782121800,24926.6,24928.1,24913.1,24921.6,196
1782121860,24921.1,24925.6,24918.1,24923.6,176
1782121920,24923.1,24924.1,24917.6,24922.1,160
1782121980,24921.6,24923.1,24911.1,24922.1,178
1782122040,24921.1,24924.1,24919.1,24921.1,116
1782122100,24922.1,24924.1,24914.6,24923.6,160
1782122160,24923.1,24928.1,24914.1,24915.1,164
1782122220,24914.6,24920.1,24912.6,24917.6,162
1782122280,24918.1,24921.6,24912.6,24914.1,176
1782122340,24913.6,24913.6,24905.1,24905.1,160
1782122400,24905.6,24914.1,24903.1,24907.6,198
1782122460,24908.1,24912.1,24900.6,24903.1,184
1782122520,24903.6,24912.6,24903.1,24910.6,219
1782122580,24910.1,24916.1,24908.6,24916.1,120
1782122640,24916.6,24927.6,24916.6,24927.1,140
1782122700,24926.6,24930.1,24924.1,24929.1,164
1782122760,24929.6,24933.6,24922.1,24931.6,198
1782122820,24932.1,24942.1,24931.1,24939.1,200
1782122880,24938.1,24940.1,24933.9,24937.1,186
1782122940,24937.6,24938.1,24927.6,24927.6,228
1782123000,24928.1,24930.6,24924.1,24927.6,196
1782123060,24927.1,24927.1,24920.1,24922.6,142
1782123120,24923.1,24930.1,24922.1,24926.6,182
1782123180,24926.1,24936.1,24925.1,24933.1,158
1782123240,24933.6,24939.1,24930.6,24930.6,176
1782123300,24931.1,24935.1,24930.6,24934.1,166
1782123360,24933.1,24938.1,24933.1,24937.1,136
1782123420,24936.1,24941.1,24936.1,24938.6,128
1782123480,24938.1,24941.1,24934.6,24937.6,158
1782123540,24938.1,24939.6,24929.6,24935.6,182
1782123600,24936.1,24938.6,24928.1,24933.1,196
1782123660,24933.6,24933.6,24926.6,24930.1,132
1782123720,24929.6,24931.6,24928.6,24930.6,120
1782123780,24931.1,24931.1,24927.6,24927.6,142
1782123840,24928.1,24935.1,24927.6,24931.1,136
1782123900,24930.6,24938.6,24929.1,24929.6,126
1782123960,24930.1,24932.6,24929.6,24929.6,152
1782124020,24930.1,24935.1,24929.1,24934.1,118
1782124080,24933.6,24934.1,24927.1,24932.1,130
1782124140,24932.6,24932.6,24928.1,24930.6,134
1782124200,24930.1,24931.6,24922.6,24928.1,124
1782124260,24927.6,24930.6,24922.1,24922.6,174
1782124320,24922.1,24933.6,24918.1,24928.1,186
1782124380,24927.1,24931.6,24927.1,24928.1,90
1782124440,24927.6,24929.6,24922.6,24924.1,142
1782124500,24925.6,24936.6,24923.6,24936.1,158
1782124560,24936.6,24944.6,24936.1,24940.1,168
1782124620,24939.1,24939.1,24934.6,24936.6,86
1782124680,24937.1,24937.6,24932.1,24933.1,128
1782124740,24934.1,24938.1,24932.1,24932.1,90
1782124800,24934.1,24939.1,24929.1,24936.6,186
1782124860,24934.6,24934.6,24930.1,24933.6,138
1782124920,24933.1,24936.6,24931.1,24933.6,134
1782124980,24934.1,24936.1,24930.6,24931.6,114
1782125040,24931.1,24934.1,24929.1,24929.6,160
1782125100,24929.1,24936.6,24929.1,24936.6,128
1782125160,24936.1,24937.1,24932.1,24932.1,122
1782125220,24933.1,24933.1,24917.1,24923.1,144
1782125280,24922.1,24923.1,24918.6,24921.6,120
1782125340,24921.1,24923.1,24920.1,24922.6,146
1782125400,24923.6,24924.1,24916.1,24916.1,124
1782125460,24916.6,24923.1,24915.6,24922.6,112
1782125520,24923.1,24927.1,24920.1,24920.1,170
1782125580,24919.6,24927.6,24918.1,24926.6,140
1782125640,24925.6,24931.1,24925.1,24929.1,158
1782125700,24929.6,24931.1,24926.1,24927.1,98
1782125760,24926.6,24929.1,24923.6,24923.6,132
1782125820,24924.1,24927.1,24922.6,24924.6,130
1782125880,24924.1,24924.1,24919.1,24921.1,122
1782125940,24920.6,24922.6,24916.1,24916.6,136
1782126000,24917.1,24917.1,24902.1,24909.6,162
1782126060,24909.1,24913.1,24908.1,24912.1,170
1782126120,24911.1,24926.1,24910.1,24925.1,192
1782126180,24925.6,24925.6,24918.1,24923.1,118
1782126240,24922.6,24946.1,24922.6,24942.6,186
1782126300,24941.6,24957.6,24941.1,24953.6,336
1782126360,24951.1,24973.1,24945.6,24961.6,384
1782126420,24960.6,24969.6,24952.6,24954.6,310
1782126480,24955.1,24969.1,24954.6,24962.6,180
1782126540,24963.1,24966.6,24956.6,24957.1,208
1782126600,24954.6,24962.1,24950.6,24950.6,254
1782126660,24951.1,24951.1,24936.6,24943.1,238
1782126720,24943.6,24946.6,24942.1,24945.1,202
1782126780,24944.6,24950.6,24944.1,24949.1,168
1782126840,24948.6,24953.6,24948.1,24951.1,212
1782126900,24950.6,24950.6,24944.6,24946.6,172
1782126960,24947.1,24954.1,24945.6,24950.1,160
1782127020,24950.6,24950.6,24945.1,24945.6,156
1782127080,24946.1,24954.6,24944.1,24950.6,118
1782127140,24950.1,24951.1,24942.6,24944.1,182
1782127200,24944.6,24948.1,24943.1,24945.1,138
1782127260,24945.6,24950.1,24944.1,24947.1,148
1782127320,24946.6,24947.6,24942.1,24945.1,158
1782127380,24946.1,24952.1,24946.1,24952.1,120
1782127440,24951.6,24954.1,24945.1,24947.6,130
1782127500,24946.6,24958.1,24946.6,24958.1,156
1782127560,24959.1,24966.1,24958.1,24965.1,132
1782127620,24964.6,24969.6,24962.6,24967.1,130
1782127680,24966.6,24967.1,24962.6,24963.6,152
1782127740,24964.1,24966.1,24963.1,24964.1,140
1782127800,24963.6,24965.6,24960.1,24964.1,132
1782127860,24963.1,24968.1,24962.1,24967.6,166
1782127920,24968.1,24974.6,24966.1,24973.1,146
1782127980,24973.6,24984.6,24973.1,24979.1,170
1782128040,24978.6,24982.1,24976.6,24980.6,126
1782128100,24980.1,24990.1,24980.1,24987.1,174
1782128160,24987.6,24989.1,24977.1,24982.1,154
1782128220,24981.6,24986.1,24977.6,24980.1,178
1782128280,24980.6,24981.1,24977.1,24980.1,144
1782128340,24980.6,24980.6,24977.1,24977.6,128
1782128400,24978.1,24981.6,24976.1,24978.6,146
1782128460,24977.6,24982.6,24976.1,24981.1,156
1782128520,24981.6,24982.1,24976.6,24981.1,130
1782128580,24981.6,24994.6,24981.1,24994.1,130
1782128640,24993.6,24995.1,24989.6,24991.6,166
1782128700,24992.6,24992.6,24982.1,24985.6,167
1782128760,24985.1,24992.6,24983.6,24984.1,135
1782128820,24983.6,24990.1,24980.6,24990.1,148
1782128880,24989.6,24992.1,24983.1,24992.1,198
1782128940,24991.1,24994.1,24989.1,24990.6,138
1782129000,24990.1,24993.1,24984.6,24992.1,112
1782129060,24993.1,24994.6,24992.1,24992.6,116
1782129120,24992.1,24993.1,24982.1,24985.6,126
1782129180,24986.1,24992.6,24985.6,24992.6,144
1782129240,24993.6,24997.6,24991.1,24991.6,138
1782129300,24990.6,25003.1,24990.6,25000.1,162
1782129360,24999.6,25000.1,24993.6,24995.1,138
1782129420,24995.6,25003.1,24995.1,25000.1,92
1782129480,24999.6,25000.6,24997.1,24999.1,108
1782129540,24999.6,25005.1,24999.6,25003.6,114
1782129600,25004.1,25006.1,24997.6,24999.1,168
1782129660,24998.6,25004.1,24993.6,25002.6,176
1782129720,25002.1,25002.6,24999.1,25002.6,162
1782129780,25003.6,25004.1,24995.6,25000.1,148
1782129840,24998.6,25000.6,24997.1,25000.1,124
1782129900,24999.6,25004.6,24997.1,24997.1,158
1782129960,24998.1,24998.1,24988.1,24988.1,166
1782130020,24988.6,24991.1,24978.1,24979.1,142
1782130080,24979.6,24990.1,24979.1,24984.1,150
1782130140,24985.1,24987.1,24984.1,24985.6,112
1782130200,24985.1,24986.1,24979.6,24984.1,104
1782130260,24983.6,24995.1,24983.6,24994.6,110
1782130320,24995.1,24999.1,24993.1,24997.1,126
1782130380,24996.1,24999.1,24994.4,24997.1,120
1782130440,24996.6,25004.6,24995.1,25004.1,120
1782130500,25003.1,25003.1,24997.1,25001.6,154
1782130560,25001.1,25004.6,24997.1,25002.6,196
1782130620,25003.1,25003.1,24990.1,24991.1,168
1782130680,24990.6,25000.6,24990.1,24999.1,134
1782130740,24998.6,25005.1,24998.1,25004.6,162
1782130800,25004.1,25011.1,25004.1,25010.6,152
1782130860,25009.6,25016.1,25009.1,25015.1,132
1782130920,25015.6,25026.1,25013.9,25025.1,154
1782130980,25025.6,25030.1,25022.1,25026.1,116
1782131040,25027.1,25030.1,25022.4,25029.1,87
1782131100,25029.6,25029.6,25015.1,25017.6,148
1782131160,25018.1,25021.1,25014.9,25021.1,124
1782131220,25020.1,25021.1,25015.1,25017.1,164
1782131280,25017.6,25026.6,25016.1,25026.1,146
1782131340,25026.6,25030.1,25023.1,25028.6,154
1782131400,25029.1,25032.1,25026.1,25031.1,154
1782131460,25030.1,25032.1,25021.1,25026.6,186
1782131520,25027.1,25027.1,25019.1,25022.1,180
1782131580,25021.6,25023.6,25017.6,25019.1,152
1782131640,25018.6,25020.1,25016.1,25018.6,153
1782131700,25018.1,25031.6,25016.1,25031.6,162
1782131760,25030.1,25036.6,25028.1,25035.1,156
1782131820,25034.6,25035.1,25028.1,25028.6,190
1782131880,25027.6,25029.1,25023.1,25027.1,150
1782131940,25026.6,25030.1,25024.1,25029.1,170
1782132000,25029.6,25033.1,25024.6,25032.1,180
1782132060,25031.6,25034.6,25024.6,25024.6,182
1782132120,25024.1,25026.6,25018.6,25022.1,144
1782132180,25021.1,25024.1,25012.1,25018.1,192
1782132240,25018.6,25020.1,25015.6,25020.1,116
1782132300,25022.1,25025.6,25014.6,25014.6,154
1782132360,25015.1,25019.1,25012.6,25018.6,146
1782132420,25018.1,25023.1,25018.1,25020.6,104
1782132480,25021.1,25023.6,25018.1,25020.1,164
1782132540,25020.6,25020.6,25016.1,25016.1,144
1782132600,25017.1,25022.6,25017.1,25019.1,122
1782132660,25020.1,25024.1,25019.1,25023.1,130
1782132720,25022.6,25027.1,25021.6,25026.6,144
1782132780,25026.1,25029.6,25023.1,25029.1,88
1782132840,25028.6,25028.6,25024.1,25025.6,142
1782132900,25025.1,25031.1,25024.1,25031.1,168
1782132960,25031.6,25035.6,25030.6,25035.1,102
1782133020,25033.1,25035.6,25030.1,25034.1,84
1782133080,25034.6,25038.1,25034.6,25036.1,74
1782133140,25035.1,25035.6,25028.6,25028.6,112
1782133200,25029.1,25071.1,25029.1,25066.1,434
1782133260,25064.6,25069.1,25058.6,25064.1,310
1782133320,25063.1,25074.6,25062.1,25069.6,204
1782133380,25070.6,25073.1,25063.1,25064.1,230
1782133440,25063.1,25067.6,25055.6,25056.1,208
1782133500,25056.6,25062.6,25056.1,25056.1,202
1782133560,25055.6,25057.1,25048.1,25049.1,200
1782133620,25049.6,25049.6,25039.1,25040.1,198
1782133680,25039.1,25042.1,25035.1,25036.1,180
1782133740,25035.6,25041.6,25034.6,25037.6,174
1782133800,25038.1,25045.1,25034.6,25044.1,188
1782133860,25043.1,25064.1,25041.6,25054.1,248
1782133920,25052.1,25055.1,25049.1,25054.6,182
1782133980,25055.1,25055.1,25049.1,25051.6,168
1782134040,25051.1,25060.1,25051.1,25059.1,116
1782134100,25060.1,25065.1,25055.1,25057.6,218
1782134160,25058.1,25063.1,25049.6,25051.1,196
1782134220,25050.6,25056.1,25049.1,25055.6,170
1782134280,25055.1,25063.6,25054.1,25060.1,150
1782134340,25060.6,25063.1,25054.6,25056.6,162
1782134400,25057.1,25064.1,25054.6,25063.1,158
1782134460,25063.6,25072.1,25062.1,25072.1,164
1782134520,25071.6,25078.1,25070.6,25077.1,174
1782134580,25076.1,25076.1,25070.6,25075.1,146
1782134640,25076.1,25076.1,25073.1,25075.6,186
1782134700,25076.1,25082.6,25075.1,25081.1,178
1782134760,25082.1,25095.6,25079.6,25093.6,188
1782134820,25092.6,25098.6,25092.1,25092.6,142
1782134880,25094.1,25095.1,25088.6,25091.1,140
1782134940,25091.6,25092.1,25085.6,25089.1,164
1782135000,25089.6,25103.1,25088.1,25102.1,346
1782135060,25101.1,25118.1,25096.6,25118.1,314
1782135120,25119.1,25122.1,25113.1,25115.1,304
1782135180,25114.1,25115.1,25106.1,25113.1,224
1782135240,25114.1,25124.1,25113.1,25119.6,276
1782135300,25119.1,25119.1,25106.6,25110.1,298
1782135360,25109.6,25115.1,25109.6,25113.6,210
1782135420,25113.1,25116.6,25106.1,25113.1,250
1782135480,25112.6,25119.1,25109.6,25111.1,262
1782135540,25111.6,25114.6,25107.1,25113.6,244
1782135600,25114.1,25118.1,25104.1,25108.1,282
1782135660,25108.6,25111.6,25094.6,25095.1,276
1782135720,25095.6,25100.6,25086.1,25091.1,266
1782135780,25090.1,25098.6,25089.6,25098.6,260
1782135840,25098.1,25110.1,25095.6,25110.1,274
1782135900,25109.6,25110.1,25101.1,25107.6,328
1782135960,25108.1,25128.6,25107.1,25127.6,296
1782136020,25128.1,25135.6,25122.6,25132.1,288
1782136080,25131.1,25133.1,25121.1,25121.6,224
1782136140,25122.1,25131.1,25119.6,25129.1,274
1782136200,25129.6,25135.6,25128.6,25133.1,234
1782136260,25133.6,25138.1,25128.1,25134.1,244
1782136320,25133.1,25134.1,25125.1,25127.1,238
1782136380,25127.6,25139.1,25127.6,25138.1,218
1782136440,25137.1,25145.1,25133.6,25142.1,214
1782136500,25141.6,25145.1,25135.6,25136.1,272
1782136560,25135.6,25141.1,25134.1,25139.1,198
1782136620,25139.6,25157.6,25139.6,25155.1,182
1782136680,25156.1,25158.6,25147.1,25150.6,230
1782136740,25150.1,25158.1,25149.1,25156.6,146
1782136800,25156.1,25157.6,25146.1,25156.1,266
1782136860,25155.1,25157.6,25146.1,25146.1,204
1782136920,25145.6,25146.1,25128.1,25129.1,206
1782136980,25130.6,25138.6,25129.6,25137.6,190
1782137040,25138.1,25152.1,25138.1,25144.1,216
1782137100,25143.1,25146.1,25136.9,25141.1,241
1782137160,25141.6,25155.1,25140.6,25153.6,216
1782137220,25152.1,25167.1,25152.1,25167.1,242
1782137280,25166.1,25174.1,25164.1,25173.1,239
1782137340,25174.1,25176.1,25168.6,25176.1,202
1782137400,25177.1,25184.6,25172.6,25173.1,246
1782137460,25172.1,25174.1,25161.6,25165.6,260
1782137520,25165.1,25176.1,25162.1,25165.6,258
1782137580,25166.1,25170.6,25160.1,25162.1,218
1782137640,25161.6,25165.1,25159.6,25164.1,222
1782137700,25163.6,25164.6,25149.1,25156.1,218
1782137760,25154.6,25160.6,25149.1,25153.1,246
1782137820,25152.6,25152.6,25143.6,25145.1,180
1782137880,25144.6,25150.6,25142.1,25150.6,190
1782137940,25150.1,25156.1,25144.6,25146.1,174
1782138000,25147.1,25152.1,25146.1,25149.1,202
1782138060,25149.6,25164.1,25149.6,25162.1,180
1782138120,25162.6,25164.1,25154.1,25156.6,197
1782138180,25156.1,25157.1,25149.1,25153.6,204
1782138240,25154.1,25155.1,25150.6,25153.6,226
1782138300,25152.6,25157.6,25144.1,25145.1,262
1782138360,25145.6,25154.6,25144.6,25151.6,216
1782138420,25151.1,25151.1,25140.1,25142.1,260
1782138480,25142.6,25151.6,25141.1,25143.6,202
1782138540,25143.1,25144.1,25132.1,25133.1,242
1782138600,25133.6,25134.1,25118.1,25120.6,282
1782138660,25121.1,25126.6,25118.6,25120.6,272
1782138720,25121.6,25126.1,25116.6,25121.1,336
1782138780,25120.6,25134.1,25120.6,25133.1,286
1782138840,25132.6,25137.6,25130.1,25133.6,276
1782138900,25134.1,25137.6,25125.1,25131.1,310
1782138960,25130.6,25130.6,25123.1,25126.6,310
1782139020,25126.1,25133.6,25121.1,25132.1,268
1782139080,25131.6,25137.6,25129.6,25136.6,244
1782139140,25137.1,25142.1,25132.6,25138.1,236
1782139200,25137.6,25138.6,25132.1,25134.4,256
1782139260,25132.9,25132.9,25123.8,25125.3,256
1782139320,25125.8,25133.3,25120.8,25125.8,226
1782139380,25126.8,25130.3,25119.3,25121.3,230
1782139440,25120.8,25121.3,25109.3,25109.3,228
1782139500,25109.8,25124.8,25108.3,25118.3,296
1782139560,25117.8,25129.8,25117.3,25128.3,256
1782139620,25127.3,25129.3,25113.3,25116.3,258
1782139680,25116.8,25118.3,25110.3,25111.3,278
1782139740,25110.3,25110.3,25104.8,25108.3,230
1782139800,25107.3,25112.3,25098.3,25099.8,236
1782139860,25099.3,25102.3,25091.3,25091.3,280
1782139920,25092.3,25101.3,25089.3,25098.8,242
1782139980,25099.8,25103.3,25095.8,25096.8,240
1782140040,25097.3,25097.3,25086.3,25088.8,264
1782140100,25089.3,25097.3,25084.3,25096.8,284
1782140160,25094.8,25111.8,25094.8,25110.8,272
1782140220,25111.3,25118.8,25110.8,25116.8,228
1782140280,25117.3,25124.3,25110.3,25122.3,244
1782140340,25122.8,25124.3,25112.3,25113.3,246
1782140400,25113.8,25125.3,25113.8,25122.3,282
1782140460,25121.3,25127.8,25120.3,25123.8,210
1782140520,25125.3,25126.8,25117.8,25122.8,186
1782140580,25122.3,25126.8,25120.3,25121.3,186
1782140640,25120.8,25123.8,25116.8,25118.8,196
1782140700,25119.3,25119.8,25106.3,25109.3,248
1782140760,25108.8,25116.3,25099.8,25100.8,268
1782140820,25101.3,25104.3,25096.3,25096.3,218
1782140880,25095.8,25100.3,25091.3,25100.3,224
1782140940,25101.3,25111.3,25101.3,25105.3,210
1782141000,25105.8,25113.3,25104.8,25108.3,250
1782141060,25107.8,25121.3,25106.3,25121.3,198
1782141120,25122.3,25126.3,25117.3,25125.3,254
1782141180,25125.8,25138.3,25125.3,25137.3,182
1782141240,25137.8,25139.3,25133.3,25135.3,226
1782141300,25135.8,25135.8,25126.3,25127.3,264
1782141360,25129.3,25132.8,25127.3,25130.3,196
1782141420,25130.8,25131.3,25122.3,25128.8,220
1782141480,25129.3,25129.3,25119.8,25123.3,190
1782141540,25122.3,25130.3,25117.8,25122.8,266
1782141600,25123.3,25125.8,25117.8,25119.8,198
1782141660,25119.3,25128.8,25116.8,25119.3,254
1782141720,25119.8,25125.8,25119.3,25122.8,221
1782141780,25123.3,25125.8,25121.8,25125.3,184
1782141840,25126.3,25128.3,25123.8,25127.8,202
1782141900,25127.3,25138.3,25119.3,25125.3,190
1782141960,25127.3,25137.3,25119.8,25131.8,258
1782142020,25132.3,25140.8,25129.3,25137.3,190
1782142080,25136.3,25137.3,25128.8,25132.3,170
1782142140,25133.3,25157.3,25132.3,25157.3,218
1782142200,25157.2,25159.2,25149.7,25153.7,228
1782142260,25153.2,25157.7,25149.2,25151.2,166
1782142320,25150.2,25157.2,25149.2,25156.7,206
1782142380,25157.2,25166.7,25154.2,25165.2,184
1782142440,25165.7,25170.2,25139.2,25142.2,286
1782142500,25143.2,25148.2,25121.7,25133.7,314
1782142560,25134.2,25148.2,25134.2,25144.2,166
1782142620,25142.7,25143.2,25132.2,25135.7,132
1782142680,25136.2,25144.2,25136.2,25141.2,198
1782142740,25143.2,25145.2,25139.2,25140.7,186
1782142800,25141.2,25145.2,25138.2,25139.7,144
1782142860,25140.2,25140.2,25133.7,25140.2,176
1782142920,25140.7,25146.2,25138.2,25145.2,130
1782142980,25144.7,25147.7,25142.2,25146.2,152
1782143040,25145.7,25148.2,25145.7,25147.2,118
1782143100,25148.2,25154.2,25146.2,25150.2,172
1782143160,25149.7,25156.7,25148.7,25150.2,174
1782143220,25149.7,25151.2,25142.2,25142.2,220
1782143280,25142.7,25144.2,25139.2,25142.7,164
1782143340,25143.2,25143.2,25122.7,25124.2,278
1782143400,25124.7,25132.2,25122.7,25131.2,260
1782143460,25130.7,25131.2,25122.2,25125.2,242
1782143520,25125.7,25129.7,25124.2,25127.2,180
1782143580,25127.7,25132.2,25126.7,25128.7,228
1782143640,25129.2,25132.7,25127.2,25128.2,184
1782143700,25127.7,25133.2,25126.2,25130.2,152
1782143760,25130.7,25137.7,25130.2,25132.2,220
1782143820,25131.7,25137.2,25131.7,25135.2,118
1782143880,25135.7,25135.7,25114.2,25119.2,184
1782143940,25119.7,25119.7,25100.2,25107.2,188
1782144000,25107.7,25111.2,25094.7,25096.2,224
1782144060,25097.2,25099.7,25089.2,25096.2,210
1782144120,25095.7,25097.2,25078.7,25080.2,224
1782144180,25079.7,25090.2,25079.7,25086.2,210
1782144240,25085.7,25088.2,25081.7,25085.2,270
1782144300,25085.7,25092.2,25082.7,25087.2,224
1782144360,25087.7,25095.2,25084.7,25093.7,206
1782144420,25094.7,25094.7,25080.7,25087.2,218
1782144480,25087.7,25094.7,25087.2,25093.2,220
1782144540,25093.7,25095.7,25088.2,25092.7,144
1782144600,25092.2,25096.2,25091.2,25091.2,158
1782144660,25090.7,25100.2,25090.2,25097.7,162
1782144720,25097.2,25098.7,25093.2,25098.2,146
1782144780,25097.7,25098.7,25095.2,25098.2,110
1782144840,25097.7,25104.2,25096.2,25103.7,158
1782144900,25103.2,25105.7,25098.2,25100.2,196
1782144960,25100.7,25103.2,25099.2,25099.2,122
1782145020,25098.7,25101.7,25096.7,25098.7,140
1782145080,25098.2,25101.2,25097.7,25101.2,162
1782145140,25100.7,25101.7,25098.2,25101.2,120
1782145200,25101.7,25106.7,25101.2,25102.2,128
1782145260,25102.7,25104.7,25097.7,25099.2,140
1782145320,25098.7,25099.2,25086.2,25087.7,186
1782145380,25087.2,25093.2,25087.2,25089.2,192
1782145440,25088.7,25090.7,25085.7,25089.7,178
1782145500,25089.2,25090.2,25085.2,25085.7,156
1782145560,25086.7,25088.7,25085.7,25088.2,96
1782145620,25089.2,25090.7,25085.7,25086.7,108
1782145680,25087.2,25095.7,25085.2,25095.2,162
1782145740,25094.2,25097.2,25093.2,25097.2,156
1782145800,25096.2,25096.2,25091.2,25091.2,140
1782145860,25091.7,25097.2,25091.2,25095.2,122
1782145920,25094.7,25095.2,25085.2,25086.7,170
1782145980,25086.2,25089.2,25086.2,25086.7,134
1782146040,25087.2,25087.2,25084.7,25086.2,142
1782146100,25086.7,25088.2,25082.7,25083.2,164
1782146160,25082.7,25090.7,25080.2,25088.2,146
1782146220,25087.7,25090.2,25084.2,25088.7,142
1782146280,25089.2,25092.7,25088.2,25088.7,104
1782146340,25088.2,25091.7,25088.2,25089.2,92
1782146400,25089.7,25092.7,25085.2,25087.2,160
1782146460,25087.7,25093.2,25087.2,25091.2,178
1782146520,25091.7,25093.2,25088.2,25091.2,112
1782146580,25090.7,25091.2,25085.2,25086.2,178
1782146640,25085.7,25087.7,25083.2,25083.2,144
1782146700,25083.7,25083.7,25076.2,25076.7,172
1782146760,25077.2,25086.7,25077.2,25086.7,160
1782146820,25087.2,25093.2,25086.7,25088.7,174
1782146880,25088.2,25090.2,25085.7,25087.7,148
1782146940,25088.7,25093.7,25087.2,25092.7,138
1782147000,25092.2,25100.7,25091.2,25099.2,130
1782147060,25099.7,25099.7,25095.7,25096.2,102
1782147120,25095.7,25095.7,25093.2,25093.7,64
1782147180,25093.2,25094.7,25091.7,25093.2,108
1782147240,25093.7,25095.7,25089.2,25089.2,74
1782147300,25089.7,25095.2,25089.7,25090.2,100
1782147360,25089.7,25091.2,25087.2,25088.2,166
1782147420,25088.7,25090.2,25084.2,25086.7,154
1782147480,25086.2,25106.7,25086.2,25091.7,178
1782147540,25090.7,25095.7,25089.7,25092.7,74
1782147600,25093.7,25094.7,25089.7,25093.7,112
1782147660,25094.7,25094.7,25087.7,25087.7,82
1782147720,25088.2,25089.2,25085.2,25089.2,116
1782147780,25088.7,25091.2,25088.2,25090.7,102
1782147840,25090.2,25091.7,25088.2,25089.2,56
1782147900,25088.2,25089.2,25082.7,25085.2,120
1782147960,25084.7,25084.7,25077.2,25083.2,118
1782148020,25082.7,25086.2,25081.7,25084.2,114
1782148080,25084.7,25086.2,25078.2,25078.2,110
1782148140,25078.7,25082.7,25077.7,25079.7,120
1782148200,25080.2,25082.2,25077.2,25079.2,144
1782148260,25079.7,25079.7,25077.2,25079.2,66
1782148320,25080.2,25081.2,25078.7,25080.2,122
1782148380,25081.2,25081.2,25076.2,25080.2,66
1782148440,25078.7,25079.2,25073.7,25074.2,44
1782148500,25075.2,25084.7,25075.2,25083.2,94
1782148560,25082.7,25083.2,25076.7,25080.7,142
1782148620,25081.2,25081.7,25077.7,25078.7,78
1782148680,25079.2,25083.7,25078.2,25083.2,118
1782148740,25083.7,25085.7,25080.2,25084.2,64
1782148800,25085.2,25087.2,25083.2,25083.2,102
1782148860,25083.7,25084.2,25076.7,25077.7,122
1782148920,25078.2,25079.7,25074.2,25076.2,86
1782148980,25075.7,25081.7,25075.7,25078.7,58
1782149040,25077.7,25080.2,25076.2,25076.2,94
1782149100,25077.2,25077.2,25071.7,25072.2,52
1782149160,25071.2,25077.2,25071.2,25076.7,126
1782149220,25076.2,25077.7,25074.2,25074.7,102
1782149280,25076.7,25082.2,25075.7,25080.2,110
1782149340,25081.2,25081.2,25077.7,25079.2,132
1782149400,25078.7,25080.2,25076.7,25079.7,126
1782149460,25079.2,25081.2,25077.7,25077.7,136
1782149520,25078.7,25078.7,25067.6,25070.7,132
1782149580,25070.2,25071.2,25066.2,25070.2,136
1782149640,25069.7,25072.2,25069.7,25070.7,108
1782149700,25070.2,25073.7,25069.7,25070.2,142
1782149760,25070.7,25073.7,25063.7,25070.7,156
1782149820,25071.2,25081.2,25071.2,25081.2,124
1782149880,25080.7,25084.7,25080.2,25082.2,110
1782149940,25081.2,25087.2,25079.2,25085.2,106
1782150000,25085.7,25087.2,25083.2,25084.2,120
1782150060,25083.7,25085.7,25083.2,25085.7,106
1782150120,25084.7,25087.7,25083.2,25086.2,68
1782150180,25085.7,25088.7,25085.7,25086.2,90
1782150240,25085.7,25087.2,25085.2,25085.7,76
1782150300,25085.2,25086.7,25080.2,25083.7,96
1782150360,25084.2,25086.2,25080.2,25086.2,96
1782150420,25087.2,25088.2,25085.2,25085.2,104
1782150480,25086.2,25092.2,25086.2,25089.7,126
1782150540,25090.2,25092.2,25089.2,25090.2,122
1782150600,25090.7,25092.2,25089.2,25089.7,106
1782150660,25089.2,25090.2,25086.2,25086.2,78
1782150720,25086.7,25094.7,25086.2,25094.7,100
1782150780,25094.2,25096.7,25094.2,25095.2,78
1782150840,25095.7,25096.7,25094.2,25094.2,92
1782150900,25094.7,25095.2,25090.2,25091.2,92
1782150960,25090.2,25093.2,25090.2,25092.2,30
1782151020,25091.7,25092.2,25089.7,25091.2,40
1782151080,25090.7,25092.2,25087.2,25091.7,78
1782151140,25092.2,25092.7,25090.2,25090.2,92
1782151200,25089.7,25094.2,25088.2,25093.2,164
1782151260,25092.7,25093.7,25089.2,25091.7,122
1782151320,25090.7,25094.7,25087.7,25087.7,100
1782151380,25088.2,25088.2,25084.2,25084.2,138
1782151440,25085.2,25089.2,25084.7,25087.7,72
1782151500,25088.2,25089.2,25087.2,25087.7,130
1782151560,25088.2,25091.2,25084.7,25090.2,124
1782151620,25091.2,25096.7,25090.7,25096.2,114
1782151680,25097.2,25101.2,25096.2,25101.2,98
1782151740,25100.2,25101.7,25100.2,25101.2,50
1782151800,25102.2,25105.7,25102.2,25105.2,30
1782151860,25105.7,25105.7,25098.2,25098.7,80
1782151920,25098.2,25101.2,25096.2,25100.2,70
1782151980,25098.2,25105.2,25098.2,25104.7,98
1782152040,25104.2,25105.2,25102.2,25102.2,62
1782152100,25102.7,25105.2,25098.7,25098.7,56
1782152160,25098.2,25099.7,25096.7,25097.7,62
1782152220,25098.2,25099.7,25096.7,25098.2,78
1782152280,25097.7,25099.7,25097.2,25097.2,64
1782152340,25097.7,25098.7,25096.7,25098.7,36
1782152400,25099.2,25107.7,25098.2,25106.7,88
1782152460,25107.2,25108.2,25105.2,25105.7,108
1782152520,25105.2,25109.2,25103.7,25107.2,100
1782152580,25107.7,25108.2,25105.2,25106.2,104
1782152640,25106.7,25108.7,25106.2,25107.2,76
1782152700,25107.7,25108.2,25106.2,25106.7,90
1782152760,25106.2,25108.2,25102.2,25103.2,140
1782152820,25102.7,25104.7,25101.7,25104.2,86
1782152880,25103.2,25103.2,25098.2,25099.2,112
1782152940,25099.7,25102.2,25097.7,25099.2,98
1782153000,25100.2,25107.2,25100.2,25107.2,132
1782153060,25106.7,25110.7,25106.2,25106.2,124
1782153120,25106.7,25107.2,25095.7,25097.2,118
1782153180,25098.7,25098.7,25089.7,25091.7,54
1782153240,25092.7,25094.7,25091.2,25091.7,94
1782153300,25092.2,25096.2,25091.7,25094.7,96
1782153360,25094.2,25096.7,25093.2,25095.2,136
1782153420,25094.7,25095.7,25092.2,25093.2,42
1782153480,25093.7,25098.2,25093.7,25097.7,74
1782153540,25098.2,25098.7,25091.7,25092.7,74
1782153600,25092.2,25093.2,25087.7,25088.2,110
1782153660,25087.7,25090.2,25084.2,25088.2,90
1782153720,25088.7,25089.2,25086.2,25088.2,78
1782153780,25087.7,25088.2,25086.2,25086.7,72
1782153840,25086.2,25087.7,25085.2,25086.2,110
1782153900,25087.2,25088.2,25084.2,25085.2,110
1782153960,25084.2,25084.7,25081.2,25081.7,124
1782154020,25082.2,25087.2,25081.7,25086.2,94
1782154080,25086.7,25087.2,25083.7,25085.2,68
1782154140,25085.7,25090.7,25085.7,25089.2,94
1782154200,25089.7,25090.2,25088.2,25088.7,102
1782154260,25088.2,25088.7,25084.2,25087.2,120
1782154320,25086.7,25087.2,25076.2,25078.2,166
1782154380,25078.7,25080.7,25075.7,25079.2,148
1782154440,25078.7,25081.2,25076.7,25081.2,156
1782154500,25080.2,25080.2,25076.2,25077.2,130
1782154560,25077.7,25081.2,25075.2,25076.2,142
1782154620,25075.2,25080.2,25073.7,25077.2,158
1782154680,25076.7,25078.2,25074.2,25075.2,136
1782154740,25075.7,25077.7,25073.2,25075.2,164
1782154800,25074.7,25078.7,25073.2,25076.2,188
1782154860,25074.7,25077.7,25073.2,25077.2,134
1782154920,25076.7,25080.2,25075.2,25080.2,164
1782154980,25079.7,25081.7,25077.7,25079.2,118
1782155040,25079.7,25079.7,25076.2,25078.2,128
1782155100,25077.7,25080.2,25075.2,25077.7,88
1782155160,25077.2,25077.7,25073.2,25074.7,82
1782155220,25074.2,25075.2,25070.2,25070.2,120
1782155280,25070.7,25074.7,25066.2,25072.7,140
1782155340,25072.2,25076.2,25072.2,25073.2,138
1782155400,25073.7,25075.7,25070.7,25071.2,118
1782155460,25070.7,25082.7,25070.7,25079.7,130
1782155520,25079.2,25083.7,25079.2,25080.7,120
1782155580,25080.2,25082.2,25077.7,25080.2,108
1782155640,25079.7,25082.2,25078.2,25079.7,114
1782155700,25080.2,25083.2,25079.2,25082.2,134
1782155760,25082.7,25084.7,25079.2,25080.2,68
1782155820,25079.7,25083.2,25078.2,25082.2,138
1782155880,25083.2,25084.7,25081.2,25084.7,134
1782155940,25084.2,25086.2,25081.7,25083.2,116
1782156000,25082.7,25084.2,25080.7,25080.7,114
1782156060,25081.2,25081.7,25077.2,25079.7,138
1782156120,25079.2,25082.2,25078.2,25081.2,100
1782156180,25081.7,25082.7,25080.2,25081.2,96
1782156240,25081.7,25083.2,25080.7,25082.2,78
1782156300,25082.7,25083.7,25078.2,25079.2,82
1782156360,25079.7,25081.2,25076.2,25079.2,84
1782156420,25078.2,25080.2,25076.2,25079.7,114
1782156480,25079.2,25081.2,25077.2,25078.7,96
1782156540,25079.2,25081.2,25076.2,25076.7,118
1782156600,25079.2,25082.2,25076.7,25080.2,136
1782156660,25079.2,25081.2,25078.2,25080.2,120
1782156720,25079.2,25081.2,25077.2,25079.7,96
1782156780,25079.2,25082.2,25079.2,25079.2,68
1782156840,25078.7,25080.7,25076.7,25079.2,110
1782156900,25078.7,25082.2,25077.2,25079.2,94
1782156960,25079.7,25082.2,25078.2,25080.2,140
1782157020,25079.7,25085.2,25079.7,25084.2,98
1782157080,25084.7,25087.2,25083.7,25085.7,144
1782157140,25085.2,25087.2,25083.7,25086.7,92
1782157200,25087.2,25087.2,25084.2,25086.2,152
1782157260,25085.7,25093.7,25085.2,25090.7,122
1782157320,25089.7,25091.7,25081.7,25081.7,104
1782157380,25082.2,25086.2,25082.2,25082.7,102
1782157440,25083.2,25083.2,25075.2,25076.7,70
1782157500,25078.2,25082.7,25077.2,25079.2,94
1782157560,25079.7,25082.2,25077.2,25080.2,198
1782157620,25079.7,25081.7,25078.7,25080.2,106
1782157680,25079.2,25082.2,25078.7,25081.2,80
1782157740,25081.7,25090.7,25081.7,25086.2,128
1782157800,25085.7,25095.2,25081.7,25091.2,218
1782157860,25090.2,25095.2,25088.7,25091.7,196
1782157920,25091.2,25094.7,25088.7,25089.7,116
1782157980,25090.2,25091.2,25086.2,25091.2,126
1782158040,25091.7,25092.2,25086.7,25090.7,138
1782158100,25090.2,25096.7,25087.2,25094.7,196
1782158160,25094.2,25096.2,25090.2,25093.7,88
1782158220,25094.2,25099.2,25091.7,25097.7,106
1782158280,25098.2,25098.2,25087.7,25092.7,140
1782158340,25093.7,25097.7,25090.2,25093.7,158
1782158400,25087.5,25104.2,25084.6,25098.7,344
1782158460,25099.7,25109.5,25092.3,25105.1,242
1782158520,25105.3,25109.2,25101.1,25101.6,216
1782158580,25101.1,25107.7,25098.9,25107.2,186
1782158640,25106.9,25106.9,25101.9,25103.5,146
1782158700,25103.3,25106,25103.1,25106,162
1782158760,25105.7,25106,25092.3,25095.4,159
1782158820,25094.9,25100.5,25094.9,25100.2,141
1782158880,25099.8,25101.5,25098.1,25100.7,134
1782158940,25101,25102.4,25095.1,25097.5,140
1782159000,25096.3,25098.2,25094.6,25096.3,144
1782159060,25096.5,25098.2,25093.6,25093.9,126
1782159120,25093.6,25095.6,25090.5,25095.1,104
1782159180,25095.8,25100.7,25090.2,25099.7,122
1782159240,25100.2,25107.5,25100.2,25100.3,172
1782159300,25100.8,25105.8,25095.7,25095.7,103
1782159360,25096.2,25100,25094.2,25100,68
1782159420,25100.5,25101.7,25098.6,25098.8,96
1782159480,25098.1,25105.6,25097.9,25104.6,92
1782159540,25105.4,25108.3,25105.4,25108,66
1782159600,25107.8,25109.3,25106.6,25106.6,78
1782159660,25106.8,25109,25096.3,25102.1,96
1782159720,25101.9,25101.9,25100.2,25101.1,60
1782159780,25100.6,25101.6,25097,25097.5,80
1782159840,25097.2,25098.5,25095.3,25096.3,54
1782159900,25096.5,25096.5,25093.9,25094.1,70
1782159960,25093.9,25096.9,25089,25094.9,68
1782160020,25095.4,25095.4,25093.2,25094,76
1782160080,25093.7,25094.5,25091.1,25091.5,108
1782160140,25091.3,25097.1,25084.3,25084.3,65
1782160200,25084.5,25092,25083.8,25092,71
1782160260,25091.7,25094.2,25090.8,25093.9,66
1782160320,25093.7,25093.7,25092.5,25093.2,34
1782160380,25093.7,25094.2,25088.8,25090,64
1782160440,25089.8,25090.3,25088.1,25088.1,74
1782160500,25087.6,25090,25083.5,25090,78
1782160560,25090.4,25090.4,25084,25089,44
1782160620,25089.5,25091.9,25088.5,25090.7,78
1782160680,25090.4,25092.9,25089.7,25091.9,48
1782160740,25092.1,25093.8,25091.4,25092.1,86
1782160800,25093.1,25095,25093.1,25095,46
1782160860,25096,25098.7,25086.3,25092,72
1782160920,25092.3,25094.7,25092.3,25093.7,78
1782160980,25094,25095.9,25094,25095.2,50
1782161040,25095.4,25095.9,25093.7,25094.5,92
1782161100,25094.7,25096.4,25093,25094.7,72
1782161160,25093.5,25094.7,25092.8,25094.2,42
1782161220,25093.7,25095.7,25092,25093.5,64
1782161280,25092.8,25094.5,25092.5,25094.2,42
1782161340,25094.7,25096.2,25093.7,25093.7,48
1782161400,25093.5,25095.7,25093.3,25093.5,36
1782161460,25093.3,25093.7,25090.4,25092,48
1782161520,25092.8,25092.8,25089.6,25089.6,52
1782161580,25089.9,25090.8,25088.2,25089.1,34
1782161640,25089.4,25092.5,25089.4,25091.1,52
1782161700,25090.8,25094.2,25090.1,25093.7,54
1782161760,25094,25094.7,25093.3,25094.2,38
1782161820,25094.7,25095.7,25089.4,25089.6,64
1782161880,25089.4,25089.4,25085.8,25087.5,132
1782165720,25102.3,25104,25098.9,25101.8,98
1782165780,25101.6,25102.3,25091.1,25092.8,90
1782165840,25092.6,25093.8,25091.4,25091.4,84
1782165900,25091.1,25094.3,25085.1,25088.7,134
1782165960,25086.8,25090.2,25084.8,25085.6,108
1782166020,25086.3,25086.3,25081.2,25084.1,114
1782166080,25084.4,25085.1,25080.5,25084.8,128
1782166140,25084.1,25090.2,25084.1,25090.2,54
1782166200,25089.5,25089.7,25087.3,25087.8,34
1782166260,25088,25089.9,25086.3,25089.7,52
1782166320,25089,25089.9,25089,25089,12
1782166380,25089.5,25089.7,25088.5,25088.7,20
1782166440,25088.5,25088.5,25087.8,25088,8
1782166500,25088.2,25089.5,25086.1,25086.1,32
1782166560,25085.6,25085.8,25083.6,25085.1,22
1782166620,25090.7,25090.7,25087.8,25088,22
1782166680,25086.8,25090.7,25086.8,25090.7,22
1782166740,25089.7,25092.1,25089.7,25092.1,50
1782166800,25091.6,25093.1,25090.9,25090.9,40
1782166860,25091.2,25095.3,25090.7,25095.3,102
1782166920,25094.8,25095.3,25093.1,25093.8,58
1782166980,25093.6,25096.2,25093.3,25095,48
1782167040,25093.8,25095.3,25093.6,25094.5,38
1782167100,25095,25095.3,25093.8,25094.8,28
1782167160,25094.3,25094.8,25094.1,25094.5,30
1782167220,25093.8,25094.8,25093.8,25094.3,20
1782167280,25094.5,25094.5,25086.8,25086.8,64
1782167340,25087.6,25089.7,25085.1,25089,104
1782167400,25088.3,25088.8,25086.1,25087.3,100
1782167460,25088.3,25089.5,25074,25079.5,125
1782167520,25079.2,25080.2,25076.6,25080.2,67
1782167580,25080.4,25080.9,25078.3,25079.5,42
1782167640,25078.7,25078.7,25071,25072,110
1782167700,25072.2,25074.4,25070,25071.5,142
1782167760,25071.7,25072,25065.9,25068.1,104
1782167820,25067.8,25069,25055.9,25058.6,136
1782167880,25059,25062.7,25058.3,25062,72
1782167940,25062.2,25064.9,25061.7,25064.1,112
1782168000,25064.4,25064.4,25059,25060.7,138
1782168060,25060.5,25062.2,25059.5,25061.7,80
1782168120,25061.5,25061.5,25059,25061.5,54
1782168180,25061.2,25061.2,25059.3,25060.7,52
1782168240,25060.3,25060.5,25055.7,25056.9,106
1782168300,25057.6,25061.7,25053.7,25053.9,80
1782168360,25054.1,25054.1,25051,25051.7,64
1782168420,25052.7,25054.1,25052,25054.1,36
1782168480,25054.4,25055.1,25054.1,25055.1,16
1782168540,25055.4,25056.1,25053.7,25056.1,66
1782168600,25055.8,25056.1,25053.7,25054.4,47
1782168660,25054.1,25054.1,25052.2,25052.4,20
1782168720,25052.4,25052.4,25050.5,25052.2,33
1782168780,25052.2,25053.4,25051.7,25052.9,29
1782168840,25054.1,25057.3,25053.7,25056.8,42
1782168900,25057.1,25059.7,25056.3,25059.7,88
1782168960,25059,25060.2,25058.8,25060,36
1782169020,25059.2,25059.7,25056.1,25058.8,38
1782169080,25059.5,25059.5,25057.5,25057.8,46
1782169140,25057.3,25058,25056.3,25057.3,84
1782169200,25057.5,25057.8,25054.6,25057.5,80
1782169260,25057.8,25060.2,25056.1,25060,36
1782169320,25059.7,25059.7,25057.1,25057.5,42
1782169380,25057.8,25057.8,25052.9,25055.4,88
1782169440,25056.1,25056.6,25055.1,25055.1,24
1782169500,25055.4,25055.4,25052.9,25054.6,32
1782169560,25055.4,25056.1,25055.4,25056.1,8
1782169620,25055.6,25055.6,25053.2,25053.9,40
1782169680,25054.1,25054.9,25053.4,25054.6,30
1782169740,25054.4,25056.3,25053.9,25056.1,34
1782169800,25055.6,25055.6,25051.2,25051.7,30
1782169860,25051.5,25051.7,25049.1,25049.1,20
1782169920,25049.3,25049.8,25047.6,25049.5,26
1782169980,25050.3,25050.3,25045.9,25046.1,48
1782170040,25045.9,25048.1,25045.7,25047.4,32
1782170100,25047.6,25048.1,25042.8,25043.7,70
1782170160,25043.5,25044.4,25040.3,25044.4,32
1782170220,25044,25047.1,25042.8,25047.1,52
1782170280,25046.1,25046.1,25044.2,25044.2,22
1782170340,25044.4,25045.4,25044.4,25045.2,12
1782170400,25044.9,25047.8,25044,25047.8,26
1782170460,25048.6,25050,25048.6,25048.8,20
1782170520,25048.6,25048.8,25047.6,25047.8,12
1782170580,25048.1,25049.5,25048.1,25048.6,38
1782170640,25048.3,25048.8,25048.1,25048.1,36
1782170700,25048.6,25049.1,25046.6,25048.1,54
1782170760,25047.1,25053.2,25047.1,25053.2,34
1782170820,25053.4,25056.3,25053.4,25056.1,36
1782170880,25055.8,25055.8,25053.2,25053.2,22
1782170940,25052.7,25054.6,25052.7,25053.7,16
1782171000,25053.9,25054.4,25052.2,25054.1,40
1782171060,25053.9,25053.9,25051.7,25052.9,26
1782171120,25052.4,25052.4,25051.7,25052,16
1782171180,25051.7,25051.7,25050.5,25051.5,18
1782171240,25050.3,25051.5,25049.5,25051,30
1782171300,25051.5,25054.9,25051.5,25054.9,32
1782171360,25055.6,25055.8,25052,25052.4,24
1782171420,25052,25052.9,25051,25052.9,12
1782171480,25052.4,25052.4,25050.5,25051,20
1782171540,25050.5,25051,25049.5,25050.5,16
1782171600,25051,25051,25050,25050.5,10
1782171660,25051.5,25056.1,25051.5,25056.1,18
1782171720,25055.4,25055.4,25054.4,25054.6,14
1782171780,25055.6,25056.3,25055.6,25056.1,8
1782171840,25054.9,25057.1,25054.9,25056.8,28
1782171900,25057.8,25058.5,25053.4,25055.4,64
1782171960,25054.9,25055.1,25052.9,25054.9,56
1782172020,25055.8,25055.8,25046,25048.1,103
1782172080,25048.4,25057.1,25048.4,25051.1,58
1782172140,25050.6,25050.6,25045.8,25049.7,98
1782172200,25049.2,25050.1,25047.2,25047.7,62
1782172260,25048,25049.9,25047.7,25048.7,56
1782172320,25049.2,25051.4,25047.2,25050.6,62
1782172380,25050.4,25053.3,25049.9,25052.8,80
1782172440,25052.6,25053.8,25051.1,25052.8,64
1782172500,25052.3,25054.5,25051.1,25054.5,44
1782172560,25054,25054.5,25054,25054,14
1782172620,25053.1,25054.7,25053.1,25053.5,28
1782172680,25054.5,25054.7,25053.3,25053.8,36
1782172740,25054,25057.4,25053.8,25056.4,69
1782172800,25056,25061.3,25052.1,25056.4,188
1782172860,25056.2,25058.9,25048.9,25048.9,164
1782172920,25049.4,25055,25048,25053.5,150
1782172980,25053.1,25058.1,25053.1,25055,122
1782173040,25055.2,25056.9,25052.6,25054.3,136
1782173100,25054.5,25061.3,25052.3,25061.3,150
1782173160,25060.3,25061.3,25056.4,25058.1,128
1782173220,25058.4,25060.8,25057.4,25059.4,132
1782173280,25059.1,25059.1,25045.3,25053.2,167
1782173340,25052.7,25058.5,25052.7,25054.9,148
1782173400,25054.4,25055.6,25040.8,25046.8,128
1782173460,25047.1,25047.5,25041.2,25041.5,134
1782173520,25041.2,25043.7,25032.7,25033.9,176
1782173580,25034.2,25038,25034.2,25036.3,106
1782173640,25036.6,25036.8,25033.9,25034.6,102
1782173760,25044,25045.5,25029.5,25034.5,50
1782173820,25036,25038.5,25031.5,25036,56
1782173880,25035.5,25037,25026.5,25033.5,90
1782173940,25035.5,25038.5,25031,25037.5,54
1782174000,25032.5,25038,25032,25036,24
1782174060,25034.5,25035.5,25033,25033,42
1782174120,25033.5,25038,25030.5,25037.5,48
1782174180,25039.5,25047,25039.5,25043,80
1782174240,25044,25046.5,25039.5,25042.5,80
1782174300,25042,25044.5,25040.5,25043,72
1782174360,25044,25050.5,25043,25049.5,112
1782174420,25049,25051,25043.5,25044,88
1782174480,25045,25045.5,25041.5,25044,42
1782174540,25043.5,25047,25043,25047,10
1782174600,25045.5,25049.5,25039,25049.5,100
1782174660,25050,25061.5,25049,25059,128
1782174720,25060,25063,25056.5,25061.5,78
1782174780,25061,25065,25054.5,25061,114
1782174840,25060.5,25064,25058,25060,66
1782174900,25061,25065.5,25056,25056.5,84
1782174960,25057.5,25058.5,25052,25052.5,52
1782175020,25051.5,25057,25051.5,25056.5,62
1782175080,25056,25062,25054,25062,50
1782175140,25063,25065.5,25062.5,25065.5,20
1782175200,25066,25067,25064,25066.5,34
1782175260,25066,25072.5,25066,25072.5,60
1782175320,25072,25074,25068,25069,54
1782175380,25068.5,25075,25068.5,25075,52
1782175440,25075.5,25086,25075.5,25085.5,98
1782175500,25085,25099,25083.5,25098,220
1782175560,25096,25097.5,25084,25084,142
1782175620,25082.5,25089,25081,25088.5,110
1782175680,25087,25091,25087,25087,66
1782175740,25089,25091,25085.5,25089,68
1782175800,25089.5,25092.5,25088,25089.5,44
1782175860,25089,25090.5,25082.5,25085,94
1782175920,25087,25088,25083,25085,88
1782175980,25084.5,25085,25080.5,25080.5,60
1782176040,25082,25082.5,25076.5,25082,76
1782176100,25081.5,25084.5,25078,25082.5,68
1782176160,25079.5,25083,25077.5,25079,84
1782176220,25080.5,25086.5,25079,25084.5,84
1782176280,25084,25087,25081.5,25083.5,50
1782176340,25083,25086.5,25080,25085.5,66
1782176400,25086.5,25092.5,25086.5,25091.5,102
1782176460,25090.5,25092.5,25086.5,25089,114
1782176520,25089.5,25091,25087,25089.5,148
1782176580,25089,25094,25088,25093.5,68
1782176640,25092,25094,25092,25093.5,38
1782176700,25092.5,25095,25088,25089.5,104
1782176760,25089,25089.5,25079,25082,76
1782176820,25084,25087,25082,25086.5,70
1782176880,25085.5,25092.5,25084,25087,140
1782176940,25087.5,25092,25086.5,25088.5,116
1782177000,25089,25090.5,25085.5,25087,92
1782177060,25087.5,25090,25086,25089,46
1782177120,25088.5,25089.5,25088,25088,32
1782177180,25087.5,25087.5,25081,25081.5,58
1782177240,25080,25084,25079,25080.5,68
1782177300,25080,25082.5,25076,25080.5,86
1782177360,25081,25087,25073.5,25078,116
1782177420,25079,25079,25071.5,25075,102
1782177480,25076,25078.5,25072,25074,110
1782177540,25073.5,25077.5,25069,25076,92
1782177600,25075.5,25076,25070.5,25070.5,122
1782177660,25071.5,25075,25069,25074,126
1782177720,25074.5,25078,25073.5,25074.5,102
1782177780,25075.5,25075.5,25071,25072,78
1782177840,25073.5,25073.5,25070.5,25070.5,64
1782177900,25071,25075.5,25069.5,25071,84
1782177960,25071.5,25079.5,25070,25079.5,72
1782178020,25080.5,25082,25075,25076,112
1782178080,25075.5,25077.5,25074.5,25076,76
1782178140,25076.5,25079,25075.5,25077,66
1782178200,25077.5,25080,25075,25076,88
1782178260,25076.5,25079.5,25076.5,25077.5,102
1782178320,25077,25077.5,25072.5,25073.5,64
1782178380,25073,25075,25068,25074.5,70
1782178440,25072.5,25073,25061.5,25062,122
1782178500,25061.5,25063.5,25055,25055.5,118
1782178560,25055,25056.5,25049,25049.5,114
1782178620,25049,25054.5,25049,25049,100
1782178680,25047.5,25050.5,25042,25047.5,122
1782178740,25047,25053,25042,25051,146
1782178800,25050,25057.5,25050,25054,172
1782178860,25053,25058,25053,25057.5,84
1782178920,25058.5,25062.5,25041.5,25043,126
1782178980,25042.5,25044,25038,25040,148
1782179040,25039,25042,25037.5,25041.5,86
1782179100,25040.5,25041.5,25032.5,25039,82
1782179160,25039.5,25042.5,25036.5,25042,128
1782179220,25042.5,25052.5,25042.5,25052,116
1782179280,25051.5,25051.5,25043,25046.5,112
1782179340,25048,25051.5,25041,25044,128
1782179400,25043.5,25044.5,25033.5,25039,156
1782179460,25038.5,25052.5,25038.5,25049,242
1782179520,25046.5,25053.5,25044.5,25052.5,130
1782179580,25052,25055.5,25049,25052.5,154
1782179640,25051.5,25055,25049,25051,84
1782179700,25052,25052.5,25048,25050,132
1782179760,25050.5,25052,25048.5,25048.5,98
1782179820,25049.5,25058.5,25046,25057.5,64
1782179880,25057,25059,25049,25049.5,96
1782179940,25049,25052,25045.5,25052,104
1782180000,25053,25061.5,25051.5,25051.5,104
1782180060,25050,25052,25046,25048,108
1782180120,25048.5,25050,25042,25045.5,148
1782180180,25044.5,25048,25042,25048,64
1782180240,25047,25054,25046.5,25051.5,122
1782180300,25051,25051,25039.5,25040.5,120
1782180360,25041.5,25043,25036,25036,116
1782180420,25036.5,25038,25029.5,25030,114
1782180480,25030.5,25034,25030,25032.5,110
1782180540,25032,25033.5,25027.5,25030.5,48
1782180600,25030,25035.5,25019,25019,178
1782180660,25017.5,25020.5,25014.5,25019.5,104
1782180720,25020.5,25026.5,25019,25025.5,152
1782180780,25023.5,25029,25022.5,25022.5,104
1782180840,25023,25026.5,25021,25026,72
1782180900,25027,25035.5,25025,25035,96
1782180960,25033.5,25034.5,25021.5,25022.5,40
1782181020,25024.5,25027.5,25020,25026.5,90
1782181080,25026,25031,25025.5,25027.5,82
1782181140,25026,25032.5,25024,25029,80
1782181200,25028,25032.5,25026,25031,68
1782181260,25030,25035,25030,25035,64
1782181320,25034.5,25035,25030,25032,38
1782181380,25033,25033,25032,25033,16
1782181440,25032.5,25033.5,25027.5,25029.5,70
1782181500,25032,25037.5,25030.5,25031.5,86
1782181560,25033,25034.5,25030,25032.5,86
1782181620,25033,25041,25033,25040.5,54
1782181680,25039.5,25040,25038.5,25040,16
1782181740,25040.5,25041,25034.5,25036.5,30
1782181800,25034.5,25036.5,25029,25030.5,54
1782181860,25030,25033.5,25025.5,25025.5,78
1782181920,25025,25027.5,25025,25027.5,24
1782181980,25027,25028.5,25026,25028,44
1782182040,25029.5,25029.5,25022,25022.5,36
1782182100,25023.5,25031,25023,25025,42
1782182160,25025.5,25028.5,25025,25026,32
1782182220,25028,25028,25024.5,25024.5,10
1782182280,25023.5,25025,25021.5,25023,26
1782182340,25022.5,25023,25017.5,25018.5,40
1782182400,25019,25019,25014,25018,88
1782182460,25017,25020,25016.5,25019.5,96
1782182520,25019,25023.5,25018,25019.5,56
1782182580,25020,25020.5,25016,25018.5,74
1782182640,25018,25025.5,25018,25024.5,82
1782182700,25024,25029.5,25023,25026,76
1782182760,25025.5,25025.5,25008,25008,106
1782182820,25011,25011,25005,25007,56
1782182880,25007.5,25012,25007.5,25009,74
1782182940,25008,25011.5,25006,25010.5,76
1782183000,25010,25014.5,25006.5,25013.5,88
1782183060,25012.5,25016.5,25012,25013.5,94
1782183120,25013,25018,25013,25018,28
1782183180,25019,25020,25012.5,25016,76
1782183240,25014.5,25017,25009.5,25011.5,40
1782183300,25011,25013,25010.5,25012.5,30
1782183360,25013,25016,25011.5,25012,50
1782183420,25013,25013,25007,25007,14
1782183480,25006,25006.5,24999.5,25001.5,54
1782183540,25000.5,25001.5,24996.5,25000.5,46
1782183600,25001.5,25005,24994.5,24996.5,90
1782183660,24997,25000.5,24997,25000,36
1782183720,24998,25000.5,24997.5,24999.5,68
1782183780,25000,25003,24999,24999.5,88
1782183840,24998,24999.5,24978.5,24980.5,58
1782183900,24979.5,24980.5,24972,24976.5,42
1782183960,24975,24975,24965,24966,94
1782184020,24966.5,24973.5,24965,24969,114
1782184080,24968,24971.5,24964,24966,80
1782184140,24967,24967,24959,24963,74
1782184200,24962,24967,24960,24965,114
1782184260,24964,24965.5,24959.5,24962,58
1782184320,24960.5,24967,24960.5,24965.5,66
1782184380,24966.5,24974,24966.5,24970,70
1782184440,24969,24969.5,24963.5,24964,54
1782184500,24966,24969.5,24965,24967,62
1782184560,24967.5,24970.5,24964,24969,102
1782184620,24969.5,24975.5,24966,24975.5,94
1782184680,24975,24975.5,24972.5,24972.5,60
1782184740,24973.5,24974.5,24970.5,24972,46
1782184800,24972.5,24975.5,24970.5,24971,76
1782184860,24971.5,24971.5,24965.5,24967,86
1782184920,24966.5,24969.5,24964.5,24969.5,58
1782184980,24968.5,24971,24964.5,24965,54
1782185040,24964.5,24967.5,24964,24966,24
1782185100,24966.5,24969.5,24963.5,24966,74
1782185160,24966.5,24971,24966.5,24970.5,50
1782185220,24970,24976.5,24970,24970.5,44
1782185280,24968.5,24974,24968.5,24971.5,52
1782185340,24973,24973.5,24970.5,24973,62
1782185400,24972,24972,24959.5,24961,90
1782185460,24960.5,24962,24956.5,24957.5,76
1782185520,24958,24959,24956,24957.5,42
1782185580,24957,24964.5,24953.5,24953.5,90
1782185640,24953,24955,24949.5,24949.5,26
1782185700,24950,24953.5,24947.5,24948,100
1782185760,24948.5,24948.5,24935,24936.5,86
1782185820,24934,24937.5,24930,24931,60
1782185880,24931.5,24932,24921.5,24924.5,120
1782185940,24921.5,24928.5,24921.5,24927.5,92
1782186000,24927,24927,24920.5,24926,80
1782186060,24926.5,24929,24921,24926.5,84
1782186120,24927,24935.5,24922.5,24935.5,80
1782186180,24935,24938,24930,24937,116
1782186240,24936,24948.5,24935,24948,100
1782186300,24946.5,24949,24942.5,24943,106
1782186360,24941.5,24946,24938.5,24939.5,78
1782186420,24941,24942.5,24937,24941.5,54
1782186480,24942,24943.5,24939,24943,98
1782186540,24942.5,24947.5,24942.5,24945.5,68
1782186600,24943.5,24949.5,24942,24949,126
1782186660,24948,24953,24945.5,24952.5,68
1782186720,24953.5,24962.5,24953,24962,48
1782186780,24960.5,24968.5,24960.5,24968,54
1782186840,24968.5,24970.5,24967.5,24969.5,40
1782186900,24969,24975,24967.5,24975,108
1782186960,24974.5,24976.5,24972,24973.5,72
1782187020,24974,24976.5,24970.5,24975.5,80
1782187080,24976,24980.5,24974,24978,78
1782187140,24978.5,24983.5,24977,24982.5,56
1782187200,24981.5,24989,24981.5,24988.5,50
1782187260,24989,24989.5,24987,24988.5,42
1782187320,24988,24988.5,24986,24987,30
1782187380,24988,24988,24979,24979.5,86
1782187440,24982,24987.5,24980.5,24985,94
1782187500,24984.5,24984.5,24975,24975.5,66
1782187560,24976,24977,24972.5,24975,66
1782187620,24976.5,24976.5,24974,24975.5,60
1782187680,24976,24979,24971.5,24973.5,90
1782187740,24974,24974,24967,24970.5,64
1782187800,24970,24972,24969.5,24971.5,78
1782187860,24972,24973,24966.5,24967,58
1782187920,24966,24970,24965.5,24968.5,48
1782187980,24968,24974,24967.5,24973,66
1782188040,24972.5,24973.5,24968,24970,96
1782188100,24969.5,24970,24964.5,24965,66
1782188160,24964,24966,24958,24960.5,66
1782188220,24959,24960,24957.5,24959.5,22
1782188280,24957.5,24959,24953.5,24957.5,64
1782188340,24958,24959,24954.5,24956,62
1782188400,24957.5,24959,24955,24956,62
1782188460,24957,24957,24951,24951,58
1782188520,24951.5,24952,24939.5,24939.5,40
1782188580,24940,24947,24940,24946,40
1782188640,24946.5,24950,24945,24950,16
1782188700,24950.5,24958,24950.5,24957,70
1782188760,24957.5,24960.5,24955.5,24956.5,34
1782188820,24960.5,24961,24951.5,24955,66
1782188880,24957,24957,24952.5,24954.5,18
1782188940,24958.5,24965,24958,24965,58
1782189000,24962.5,24963,24952,24953.5,40
1782189060,24953,24959,24951.5,24957,38
1782189120,24958.5,24968,24958,24965.5,92
1782189180,24963.5,24968.5,24960.5,24961,54
1782189240,24962,24962,24957,24959.5,34
1782189300,24960,24960.5,24954,24954.5,50
1782189360,24954,24957,24953.5,24955.5,34
1782189420,24956.5,24961,24953,24957.5,80
1782189480,24958,24958,24947,24948,52
1782189540,24949.5,24951,24948,24949,14
1782189600,24948.5,24949.5,24947,24948,18
1782189660,24945.5,24948.5,24945.5,24946.5,42
1782189720,24947,24953.5,24947,24950.5,62
1782189780,24949.5,24950.5,24945.5,24948,50
1782189840,24947.5,24951,24946,24950.5,48
1782189900,24953,24953,24947.5,24948.5,47
1782189960,24949,24953,24946.5,24949.5,88
1782190020,24951,24951,24948.5,24949.5,74
1782190080,24950.5,24951,24947,24947.5,100
1782190140,24945.5,24948.5,24945,24946,50
1782190200,24944.5,24944.5,24938,24940,78
1782190260,24939,24940.5,24932.5,24933,44
1782190320,24933.5,24936,24929.5,24929.5,46
1782190380,24929,24929,24924.5,24926,56
1782190440,24928,24929,24916,24916,44
1782190500,24917,24920,24916,24916,56
1782190560,24915.5,24915.5,24913,24914,24
1782190620,24914.5,24920,24914.5,24918,78
1782190680,24917.5,24924,24915,24923.5,138
1782190740,24923,24923,24914,24920,88
1782190800,24919.5,24922.5,24911.5,24918,174
1782190860,24917.5,24920,24911.5,24914.5,150
1782190920,24914,24927.5,24914,24924,102
1782190980,24923.5,24928,24923.5,24926,106
1782191040,24925.5,24929.5,24925.5,24929,108
1782191100,24929.5,24931,24926.5,24931,66
1782191160,24932,24933,24927.5,24932,132
1782191220,24931,24934,24926.5,24928,90
1782191280,24928.5,24928.5,24916,24919.5,56
1782191340,24921,24926,24919.5,24922.5,98
1782191400,24921.5,24931.5,24921.5,24931.5,104
1782191460,24930,24937.5,24926,24937,104
1782191520,24938.5,24940.5,24932.5,24935,84
1782191580,24934,24935,24927.5,24929.5,126
1782191640,24930.5,24931,24926.5,24926.5,138
1782191700,24925.5,24930,24921.5,24928,134
1782191760,24927,24928.5,24922,24922.5,80
1782191820,24923.5,24924,24921,24923.5,54
1782191880,24923,24923,24919,24920,64
1782191940,24919.5,24921.5,24915.5,24917,58
1782192000,24916,24928,24915.5,24923,80
1782192060,24922,24925.5,24916.5,24916.5,92
1782192120,24917,24920,24913.5,24916,76
1782192180,24916.5,24922.5,24916,24922,92
1782192240,24922.5,24922.5,24916,24916,32
1782192300,24916.5,24918.5,24909.5,24910.5,44
1782192360,24910,24910,24882,24882,98
1782192420,24881.5,24885,24872,24881,122
1782192480,24881.5,24884,24876.5,24880,80
1782192540,24881,24887.5,24880.5,24887,86
1782192600,24888,24888,24879.5,24885,82
1782192660,24885.5,24894.5,24881.5,24893.5,98
1782192720,24894.5,24895.5,24884,24885,160
1782192780,24885.5,24893,24881.5,24891.5,150
1782192840,24891,24902.5,24890,24902,74
1782192900,24903,24904,24888,24891,92
1782192960,24892,24898.5,24889.5,24889.5,148
1782193020,24889,24893,24883,24888,98
1782193080,24886.5,24892,24882,24882,152
1782193140,24883,24887,24881,24886.5,86
1782193200,24888.5,24893,24886.5,24890,116
1782193260,24890.5,24892,24883.5,24888,80
1782193320,24884,24888,24883.5,24887,72
1782193380,24887.5,24895,24887.5,24893,92
1782193440,24893.5,24896,24889,24894,142
1782193500,24895,24901,24883,24887,142
1782193560,24888,24894.5,24885.5,24893.5,98
1782193620,24894.5,24899.5,24891.5,24896.5,54
1782193680,24897,24903.5,24896,24899,60
1782193740,24899.5,24904.5,24896.5,24903,48
1782193800,24904,24907.5,24901.5,24907.5,48
1782193860,24906.5,24906.5,24899,24899,110
1782193920,24898.5,24900,24890.5,24897.5,86
1782193980,24898,24898.5,24894,24895,60
1782194040,24894,24896.5,24893.5,24895,54
1782194100,24894.5,24894.5,24890,24893.5,88
1782194160,24893,24893.5,24887,24888.5,62
1782194220,24891,24891.5,24887,24889.5,106
1782194280,24890,24890,24879.5,24883,86
1782194340,24884,24890,24882.5,24885,98
1782194400,24886.5,24890.5,24875.5,24883,136
1782194460,24883.8,24889.3,24878.8,24882.3,198
1782194520,24884.3,24898.3,24884.3,24895.3,138
1782194580,24893.8,24901.8,24888.3,24901.8,153
1782194640,24902.3,24910.3,24902.3,24906.8,150
1782194700,24906.3,24912.8,24902.8,24907.3,216
1782194760,24907.8,24907.8,24887.8,24893.3,182
1782194820,24895.3,24896.3,24886.8,24893.8,174
1782194880,24892.8,24893.8,24873.8,24875.8,226
1782194940,24876.8,24886.8,24875.8,24881.8,212
1782195000,24882.8,24888.3,24881.3,24883.8,122
1782195060,24884.8,24888.3,24879.8,24885.3,138
1782195120,24883.8,24892.8,24883.3,24888.8,144
1782195180,24889.8,24889.8,24878.8,24879.8,96
1782195240,24879.3,24890.8,24875.8,24889.3,186
1782195300,24889.8,24900.8,24887.8,24893.3,185
1782195360,24893.8,24899.3,24890.8,24897.8,203
1782195420,24898.8,24899.8,24892.8,24896.8,174
1782195480,24896.3,24896.8,24880.3,24881.8,180
1782195540,24881.3,24890.8,24881.3,24890.8,198
1782195600,24889.8,24889.8,24882.3,24885.3,118
1782195660,24885.8,24886.3,24878.8,24884.3,146
1782195720,24882.8,24886.8,24878.8,24879.8,150
1782195780,24880.8,24880.8,24866.8,24869.3,176
1782195840,24869.8,24870.8,24857.3,24866.8,164
1782195900,24866.3,24872.3,24855.8,24861.8,240
1782195960,24860.8,24868.8,24858.8,24866.8,228
1782196020,24866.3,24868.3,24862.3,24867.8,224
1782196080,24866.3,24871.8,24862.8,24867.3,168
1782196140,24868.8,24869.8,24853.8,24857.8,196
1782196200,24854.8,24854.8,24840.3,24846.8,264
1782196260,24847.8,24872.3,24847.8,24871.8,216
1782196320,24871.3,24876.8,24867.8,24873.8,168
1782196380,24874.3,24882.8,24873.8,24875.3,172
1782196440,24874.8,24880.3,24872.3,24877.8,162
1782196500,24878.3,24882.3,24873.8,24877.3,150
1782196560,24876.3,24879.8,24867.8,24868.8,180
1782196620,24869.8,24871.8,24866.3,24870.8,164
1782196680,24871.8,24885.8,24870.8,24882.8,130
1782196740,24883.8,24884.8,24879.8,24880.3,128
1782196800,24884.8,24894.3,24882.8,24886.3,140
1782196860,24886.8,24886.8,24879.3,24880.8,108
1782196920,24880.3,24880.3,24868.8,24871.8,130
1782196980,24871.3,24872.8,24858.8,24862.3,146
1782197040,24863.8,24863.8,24859.3,24862.8,154
1782197100,24862.3,24862.3,24857.8,24861.8,140
1782197160,24862.8,24869.8,24861.8,24869.3,128
1782197220,24871.3,24872.8,24867.8,24870.3,142
1782197280,24870.8,24870.8,24861.3,24863.8,82
1782197340,24864.3,24867.3,24861.3,24863.3,146
1782197400,24862.3,24863.3,24853.8,24861.8,162
1782197460,24862.3,24862.8,24853.8,24858.8,160
1782197520,24860.8,24865.3,24847.3,24849.8,150
1782197580,24850.3,24854.8,24847.8,24851.3,140
1782197640,24849.3,24856.3,24848.8,24852.3,134
1782197700,24853.3,24856.8,24851.3,24855.8,156
1782197760,24856.3,24858.3,24850.3,24854.8,126
1782197820,24855.3,24856.8,24850.3,24850.3,76
1782197880,24849.8,24851.8,24840.8,24842.3,110
1782197940,24841.8,24844.8,24830.3,24835.3,272
1782198000,24837.8,24878.8,24820.3,24864.8,412
1782198060,24869.8,24880.3,24850.3,24850.3,334
1782198120,24850.8,24853.8,24825.3,24825.8,352
1782198180,24823.8,24840.3,24820.8,24832.3,366
1782198240,24829.8,24851.8,24828.3,24847.3,272
1782198300,24847.8,24854.8,24837.8,24847.8,350
1782198360,24846.8,24854.3,24845.8,24851.3,244
1782198420,24850.8,24857.3,24844.8,24846.8,248
1782198480,24847.8,24863.3,24846.8,24847.8,360
1782198540,24847.3,24867.8,24842.8,24855.3,302
1782198600,24854.8,24855.8,24845.3,24854.8,284
1782198660,24853.8,24858.3,24842.3,24850.3,256
1782198720,24850.8,24871.3,24847.8,24865.8,270
1782198780,24866.3,24866.8,24842.3,24848.3,260
1782198840,24850.8,24855.8,24839.3,24839.3,234
1782198900,24838.8,24840.3,24819.3,24831.8,304
1782198960,24831.3,24833.8,24821.3,24829.3,290
1782199020,24829.8,24830.3,24816.3,24816.8,236
1782199080,24815.8,24825.3,24802.8,24806.3,272
1782199140,24807.8,24812.8,24801.8,24810.3,272
1782199200,24808.8,24821.8,24798,24800.5,278
1782199260,24800,24817.3,24800,24809.8,261
1782199320,24808.8,24811.8,24790.8,24806.8,240
1782199380,24806.3,24809.8,24793.8,24793.8,276
1782199440,24795.3,24795.3,24781.3,24788.8,253
1782199500,24789.3,24798.8,24768.8,24768.8,270
1782199560,24769.3,24802.8,24768.8,24788.3,260
1782199620,24788.8,24791.8,24780.8,24786.8,272
1782199680,24787.3,24801.3,24784.8,24800.3,210
1782199740,24800.8,24810.3,24798.8,24806.3,200
1782199800,24805.8,24811.3,24786.8,24806.8,217
1782199860,24807.3,24811.8,24794.8,24801.8,263
1782199920,24802.3,24817.8,24792.3,24816.8,270
1782199980,24817.3,24834.8,24810.3,24830.8,266
1782200040,24830.3,24854.3,24827.3,24852.8,256
1782200100,24851.8,24852.3,24825.8,24826.8,334
1782200160,24827.3,24838.3,24825.8,24831.3,210
1782200220,24830.8,24836.3,24826.8,24832.3,240
1782200280,24831.8,24839.8,24829.3,24837.8,230
1782200340,24838.8,24852.8,24836.8,24852.3,220
1782200400,24852.8,24854.3,24834.8,24837.3,170
1782200460,24838.8,24843.8,24831.3,24838.3,232
1782200520,24838.8,24846.3,24833.8,24838.3,239
1782200580,24836.8,24840.8,24828.8,24837.8,264
1782200640,24838.3,24839.8,24821.3,24829.8,196
1782200700,24829.3,24836.8,24825.8,24826.8,176
1782200760,24826.3,24836.8,24819.8,24836.8,238
1782200820,24837.8,24838.8,24812.3,24812.8,232
1782200880,24812.3,24820.3,24807.3,24812.8,200
1782200940,24813.3,24835.3,24810.8,24829.8,242
1782201000,24828.8,24834.8,24820.3,24821.3,222
1782201060,24821.8,24830.8,24816.8,24824.8,242
1782201120,24826.3,24828.8,24815.8,24823.8,234
1782201180,24824.8,24830.8,24822.3,24830.3,168
1782201240,24829.8,24829.8,24812.3,24813.3,210
1782201300,24814.3,24814.3,24786.8,24786.8,240
1782201360,24786.3,24786.8,24774.3,24774.8,238
1782201420,24774.3,24784.8,24769.3,24784.8,240
1782201480,24785.8,24796.8,24782.3,24789.3,184
1782201540,24788.8,24792.8,24787.8,24789.3,214
1782201600,24788.8,24789.3,24760.3,24779.8,338
1782201660,24781.8,24795.8,24777.3,24793.3,306
1782201720,24790.8,24798.3,24786.3,24788.8,336
1782201780,24788.3,24789.8,24778.8,24778.8,266
1782201840,24777.8,24777.8,24753.8,24753.8,275
1782201900,24753.3,24768.8,24753.3,24763.8,286
1782201960,24762.8,24768.3,24758.8,24766.3,238
1782202020,24764.8,24767.8,24756.8,24764.8,238
1782202080,24765.8,24768.8,24755.8,24763.3,268
1782202140,24762.3,24775.8,24756.3,24775.3,294
1782202200,24774.8,24781.8,24764.8,24766.3,280
1782202260,24765.3,24768.3,24756.8,24761.8,248
1782202320,24762.8,24771.8,24754.3,24766.8,284
1782202380,24767.3,24771.8,24757.8,24758.3,286
1782202440,24757.3,24770.3,24750.8,24766.8,248
1782202500,24765.8,24780.8,24762.3,24777.8,304
1782202560,24778.8,24779.8,24762.8,24776.8,308
1782202620,24777.8,24780.8,24764.3,24769.3,272
1782202680,24768.8,24774.3,24762.3,24764.8,262
1782202740,24767.8,24771.8,24744.8,24744.8,257
1782202800,24744.3,24750.8,24735.3,24735.8,258
1782202860,24735.3,24746.3,24735.3,24743.8,234
1782202920,24744.3,24748.8,24738.8,24742.3,217
1782202980,24741.8,24748.3,24731.8,24732.8,292
1782203040,24731.8,24739.8,24730.3,24732.3,190
1782203100,24731.8,24738.8,24728.8,24730.8,272
1782203160,24731.8,24738.3,24724.8,24733.8,232
1782203220,24734.3,24739.8,24730.8,24736.8,172
1782203280,24737.8,24745.8,24736.8,24742.8,206
1782203340,24743.8,24745.8,24737.8,24744.3,190
1782203400,24744.8,24759.8,24737.3,24759.8,287
1782203460,24761.8,24772.8,24757.3,24769.8,264
1782203520,24771.3,24780.8,24766.3,24776.3,218
1782203580,24776.8,24776.8,24764.8,24770.8,249
1782203640,24769.3,24772.8,24760.8,24769.8,276
1782203700,24771.3,24786.3,24770.8,24786.3,196
1782203760,24785.8,24785.8,24771.8,24777.8,226
1782203820,24778.8,24785.3,24774.8,24777.3,200
1782203880,24776.3,24788.3,24773.8,24782.3,224
1782203940,24784.3,24785.8,24773.1,24779.8,195
1782204000,24780.8,24790.3,24779.3,24786.3,208
1782204060,24785.8,24798.8,24782.3,24798.8,216
1782204120,24797.8,24797.8,24786.3,24786.3,168
1782204180,24784.8,24784.8,24761.8,24761.8,208
1782204240,24760.8,24770.8,24757.3,24769.8,174
1782204300,24769.3,24769.3,24744.8,24745.8,274
1782204360,24746.3,24754.8,24742.8,24754.8,204
1782204420,24754.3,24757.3,24740.8,24742.8,190
1782204480,24743.3,24745.8,24734.8,24737.8,194
1782204540,24737.3,24751.3,24736.8,24748.8,192
1782204600,24748.3,24754.8,24746.8,24746.8,214
1782204660,24746.3,24758.3,24746.3,24757.8,184
1782204720,24758.3,24766.8,24757.3,24763.8,192
1782204780,24764.3,24766.3,24757.8,24766.3,160
1782204840,24764.8,24768.8,24756.3,24759.8,194
1782204900,24760.3,24760.8,24755.3,24755.3,158
1782204960,24754.8,24763.8,24753.8,24763.8,174
1782205020,24761.8,24766.8,24752.8,24752.8,192
1782205080,24753.3,24762.8,24753.3,24758.3,142
1782205140,24759.3,24773.8,24758.8,24773.8,154
1782205200,24774.3,24786.8,24764.3,24786.3,236
1782205260,24785.8,24785.8,24774.8,24776.8,206
1782205320,24776.3,24778.3,24771.8,24774.8,170
1782205380,24773.8,24775.3,24763.3,24767.8,174
1782205440,24768.8,24769.8,24759.8,24761.8,180
1782205500,24762.3,24773.3,24761.8,24772.8,206
1782205560,24771.3,24783.3,24767.3,24779.8,212
1782205620,24779.3,24779.8,24768.8,24768.8,188
1782205680,24769.3,24770.3,24756.8,24758.3,188
1782205740,24757.8,24767.8,24757.8,24766.8,164
1782205800,24766.3,24783.8,24758.3,24781.8,176
1782205860,24781.3,24783.3,24770.8,24775.8,266
1782205920,24774.8,24776.8,24767.8,24776.3,152
1782205980,24775.8,24797.8,24775.8,24797.8,180
1782206040,24798.8,24802.8,24793.8,24796.8,172
1782206100,24797.8,24805.8,24795.3,24799.8,122
1782206160,24799.3,24800.3,24797.3,24800.3,178
1782206220,24799.8,24799.8,24787.8,24787.8,114
1782206280,24788.3,24789.3,24775.8,24778.3,184
1782206340,24777.3,24785.3,24775.8,24783.3,166
1782206400,24783.8,24784.8,24780.8,24784.8,174
1782206460,24784.3,24794.8,24781.8,24794.8,196
1782206520,24793.8,24806.3,24793.8,24802.3,200
1782206580,24801.8,24811.8,24800.8,24809.8,138
1782206640,24810.8,24817.3,24807.8,24815.3,198
1782206700,24815.8,24818.3,24813.3,24814.8,150
1782206760,24813.8,24817.3,24809.8,24814.8,184
1782206820,24815.3,24816.3,24811.8,24813.8,122
1782206880,24813.3,24814.3,24806.8,24813.3,172
1782206940,24812.8,24814.3,24808.3,24813.3,150
1782207000,24814.8,24815.8,24803.3,24804.8,174
1782207060,24803.8,24806.3,24800.3,24804.8,184
1782207120,24805.3,24813.8,24804.3,24811.8,134
1782207180,24810.8,24818.8,24809.3,24817.3,162
1782207240,24816.8,24817.8,24806.8,24816.3,168
1782207300,24816.8,24819.3,24812.8,24817.3,178
1782207360,24816.8,24818.8,24809.3,24818.3,156
1782207420,24818.8,24825.8,24817.8,24819.8,168
1782207480,24819.3,24823.3,24811.3,24811.8,138
1782207540,24812.8,24812.8,24800.8,24800.8,176
1782207600,24801.8,24803.8,24793.8,24796.8,118
1782207660,24797.3,24807.3,24796.8,24807.3,164
1782207720,24806.8,24813.8,24805.8,24811.3,140
1782207780,24811.8,24820.8,24808.8,24814.8,160
1782207840,24814.3,24828.3,24811.8,24828.3,136
1782207900,24827.8,24829.3,24820.3,24828.3,188
1782207960,24827.8,24836.8,24823.8,24836.8,172
1782208020,24836.3,24838.3,24827.3,24831.8,162
1782208080,24831.3,24837.3,24828.8,24832.3,156
1782208140,24831.8,24834.3,24825.8,24833.3,156
1782208200,24832.8,24835.8,24829.3,24833.8,176
1782208260,24832.8,24837.3,24830.8,24836.3,172
1782208320,24836.8,24838.3,24832.8,24836.3,150
1782208380,24835.8,24841.8,24833.8,24835.8,138
1782208440,24834.8,24844.8,24833.3,24834.3,196
1782208500,24835.3,24845.3,24832.3,24842.8,164
1782208560,24843.3,24851.3,24841.3,24851.3,156
1782208620,24851.8,24860.8,24851.8,24858.3,148
1782208680,24857.3,24858.3,24852.8,24856.3,146
1782208740,24856.8,24856.8,24850.3,24855.8,156
1782208800,24854.3,24867.8,24851.3,24866.8,184
1782208860,24866.3,24880.8,24866.3,24875.8,150
1782208920,24876.3,24889.8,24874.8,24888.8,152
1782208980,24887.8,24888.3,24882.3,24883.3,176
1782209040,24882.8,24888.3,24880.3,24880.8,124
1782209100,24880.3,24882.8,24873.8,24877.8,130
1782209160,24875.3,24885.3,24875.3,24885.3,142
1782209220,24884.8,24885.3,24875.3,24875.3,200
1782209280,24875.8,24886.3,24875.3,24886.3,170
1782209340,24885.8,24887.8,24877.3,24877.3,192
1782209400,24876.8,24881.3,24869.3,24880.8,176
1782209460,24881.3,24883.3,24875.8,24878.3,158
1782209520,24878.8,24881.3,24872.8,24878.8,144
1782209580,24878.3,24883.8,24870.8,24873.3,210
1782209640,24872.8,24878.3,24870.3,24877.3,168
1782209700,24876.8,24877.8,24868.8,24875.8,132
1782209760,24876.3,24881.3,24872.3,24877.3,186
1782209820,24878.3,24881.8,24876.3,24878.3,126
1782209880,24878.8,24881.3,24876.3,24876.8,146
1782209940,24877.3,24887.3,24876.3,24883.3,176
1782210000,24882.8,24885.3,24879.3,24884.3,160
1782210060,24885.3,24897.3,24883.8,24897.3,90
1782210120,24896.3,24910.3,24895.3,24908.8,157
1782210180,24908.3,24914.3,24903.3,24907.3,156
1782210240,24905.8,24906.8,24893.3,24893.3,165
1782210300,24892.8,24896.8,24883.8,24883.8,194
1782210360,24884.3,24888.3,24880.8,24888.3,154
1782210420,24885.8,24887.8,24883.3,24885.3,136
1782210480,24885.8,24885.8,24880.3,24883.3,106
1782210540,24883.8,24890.3,24881.8,24888.3,134
1782210600,24888.8,24893.8,24885.3,24893.8,196
1782210660,24893.3,24893.3,24877.3,24877.8,156
1782210720,24876.8,24880.8,24870.8,24871.8,194
1782210780,24874.3,24880.3,24872.8,24878.3,154
1782210840,24877.8,24878.8,24869.8,24872.8,148
1782210900,24873.3,24875.8,24865.8,24867.3,148
1782210960,24866.8,24879.8,24858.3,24858.3,196
1782211020,24858.8,24863.8,24851.8,24858.8,192
1782211080,24859.3,24862.8,24857.3,24861.3,128
1782211140,24862.3,24865.8,24859.3,24864.8,172
1782211200,24863.8,24863.8,24852.8,24852.8,174
1782211260,24853.3,24853.3,24839.8,24840.3,150
1782211320,24841.8,24845.8,24835.8,24837.8,168
1782211380,24838.3,24852.3,24838.3,24848.3,138
1782211440,24848.8,24853.8,24845.8,24851.8,152
1782211500,24851.3,24859.8,24851.3,24858.3,178
1782211560,24858.8,24860.8,24851.8,24859.3,128
1782211620,24858.3,24866.8,24856.3,24866.3,138
1782211680,24864.3,24868.3,24861.3,24867.8,138
1782211740,24868.3,24870.8,24858.8,24863.8,176
1782211800,24865.8,24869.3,24859.8,24861.8,202
1782211860,24863.3,24866.3,24858.8,24862.3,130
1782211920,24861.8,24862.3,24844.8,24852.8,174
1782211980,24851.8,24854.8,24846.3,24849.3,174
1782212040,24848.8,24853.8,24846.3,24846.8,120
1782212100,24847.8,24849.8,24843.8,24844.3,154
1782212160,24842.8,24848.8,24842.3,24845.8,148
1782212220,24846.3,24852.8,24845.8,24850.3,136
1782212280,24850.8,24859.8,24846.8,24859.8,120
1782212340,24860.3,24860.8,24854.8,24858.3,118
1782212400,24856.3,24873.8,24856.3,24871.8,194
1782212460,24872.8,24881.3,24870.8,24873.3,178
1782212520,24872.8,24880.8,24872.3,24875.8,202
1782212580,24876.8,24876.8,24866.8,24873.8,196
1782212640,24873.3,24877.8,24865.8,24866.3,120
1782212700,24864.3,24865.3,24843.8,24844.8,168
1782212760,24845.3,24853.3,24842.8,24850.8,204
1782212820,24849.8,24856.8,24848.8,24854.3,164
1782212880,24853.3,24853.3,24843.3,24846.8,154
1782212940,24847.3,24850.8,24837.8,24848.8,134
1782213000,24848.3,24854.3,24847.8,24853.8,136
1782213060,24854.3,24857.8,24851.8,24857.3,176
1782213120,24857.8,24859.8,24855.3,24858.3,100
1782213180,24859.3,24864.8,24855.3,24861.3,170
1782213240,24860.8,24870.8,24858.8,24870.8,152
1782213300,24870.3,24871.8,24859.3,24863.3,172
1782213360,24863.8,24865.3,24855.3,24855.8,138
1782213420,24855.3,24858.3,24848.3,24855.8,146
1782213480,24856.3,24863.8,24855.3,24863.8,182
1782213540,24864.3,24866.3,24859.8,24866.3,156
1782213600,24865.3,24932.8,24861.8,24926.8,222
1782213660,24912.8,24916.8,24881.8,24885.8,282
1782213720,24886.8,24890.8,24883.3,24884.8,180
1782213780,24882.3,24888.3,24874.3,24878.3,198
1782213840,24878.8,24879.8,24868.3,24870.8,152
1782213900,24868.8,24881.3,24868.8,24876.8,178
1782213960,24877.3,24877.8,24871.8,24874.8,184
1782214020,24873.8,24876.8,24869.8,24871.8,192
1782214080,24870.8,24874.3,24864.8,24874.3,138
1782214140,24874.8,24876.8,24867.8,24872.8,206
1782214200,24871.8,24871.8,24860.3,24862.8,182
1782214260,24863.8,24867.3,24858.8,24862.3,180
1782214320,24861.8,24875.3,24861.8,24871.8,172
1782214380,24871.3,24881.3,24865.8,24865.8,172
1782214440,24866.8,24869.8,24863.8,24869.8,150
1782214500,24870.3,24871.8,24865.8,24866.8,144
1782214560,24867.3,24871.8,24864.3,24869.3,136
1782214620,24867.8,24867.8,24859.8,24863.8,164
1782214680,24864.8,24869.8,24863.8,24866.3,176
1782214740,24866.8,24873.8,24866.8,24873.8,158
1782214800,24873.3,24885.8,24873.3,24882.3,156
1782214860,24881.8,24892.8,24881.8,24892.8,150
1782214920,24893.3,24895.3,24888.8,24894.8,166
1782214980,24896.8,24904.3,24893.8,24901.3,93
1782215040,24901.8,24904.8,24900.8,24902.8,125
1782215100,24902.3,24903.8,24893.3,24897.3,184
1782215160,24897.8,24901.8,24893.8,24894.8,152
1782215220,24895.3,24898.3,24889.3,24892.3,140
1782215280,24892.8,24896.3,24886.3,24895.8,132
1782215340,24895.3,24902.3,24894.8,24900.3,132
1782215400,24899.8,24902.8,24890.8,24901.8,172
1782215460,24901.3,24902.3,24889.3,24892.3,232
1782215520,24891.8,24906.3,24890.3,24901.8,178
1782215580,24902.3,24905.8,24899.3,24904.3,140
1782215640,24903.8,24911.8,24903.8,24910.3,144
1782215700,24909.3,24909.8,24902.8,24909.3,106
1782215760,24908.8,24917.3,24906.3,24915.8,138
1782215820,24915.3,24915.3,24909.1,24910.8,155
1782215880,24911.3,24912.3,24906.3,24906.3,174
1782215940,24906.8,24907.8,24902.8,24906.8,152
1782216000,24906.3,24906.3,24893.3,24900.3,186
1782216060,24899.3,24906.8,24899.3,24906.3,142
1782216120,24905.8,24909.8,24902.8,24904.3,162
1782216180,24904.8,24905.8,24895.3,24900.3,178
1782216240,24900.8,24903.3,24895.8,24899.8,176
1782216300,24900.8,24906.8,24896.8,24902.8,162
1782216360,24902.3,24912.3,24899.8,24910.3,156
1782216420,24910.8,24912.8,24906.8,24908.3,116
1782216480,24908.8,24918.3,24907.8,24917.8,136
1782216540,24915.8,24920.8,24912.8,24920.3,178
1782216600,24919.8,24927.8,24918.8,24919.8,188
1782216660,24920.3,24921.8,24907.3,24909.8,174
1782216720,24909.3,24909.8,24902.3,24905.3,130
1782216780,24904.8,24910.8,24904.8,24909.3,164
1782216840,24908.8,24911.8,24907.3,24908.8,186
1782216900,24908.3,24916.8,24904.3,24912.8,152
1782216960,24912.3,24916.8,24906.8,24907.3,168
1782217020,24907.8,24907.8,24892.1,24895.3,176
1782217080,24895.8,24902.3,24892.8,24902.3,154
1782217140,24901.8,24911.8,24901.8,24908.3,142
1782217200,24907.8,24907.8,24897.6,24902.8,185
1782217260,24902.3,24903.3,24893.8,24893.8,152
1782217320,24894.8,24897.8,24881.8,24883.8,140
1782217380,24884.3,24888.3,24881.8,24882.8,164
1782217440,24882.3,24888.8,24881.8,24885.3,172
1782217500,24884.8,24886.8,24875.3,24875.3,178
1782217560,24875.8,24883.8,24875.3,24882.8,182
1782217620,24883.3,24890.3,24881.3,24886.8,192
1782217680,24885.8,24891.8,24883.8,24890.8,138
1782217740,24891.3,24891.8,24885.8,24889.8,70
1782217800,24889.3,24898.3,24886.3,24892.3,128
1782217860,24891.8,24893.3,24887.8,24888.3,148
1782217920,24887.8,24888.3,24870.3,24870.8,164
1782217980,24871.3,24875.8,24861.8,24869.3,208
1782218040,24869.8,24871.8,24862.8,24865.3,166
1782218100,24863.8,24869.3,24861.8,24864.8,170
1782218160,24863.8,24874.8,24863.3,24873.8,180
1782218220,24873.3,24875.8,24867.8,24875.3,174
1782218280,24875.8,24883.8,24874.8,24882.8,160
1782218340,24883.3,24890.3,24880.8,24888.8,148
1782218400,24887.8,24891.3,24884.3,24890.8,150
1782218460,24889.8,24911.8,24889.8,24907.3,180
1782218520,24907.8,24914.3,24906.8,24912.8,146
1782218580,24912.3,24914.3,24909.8,24913.3,140
1782218640,24912.8,24916.8,24910.8,24914.3,204
1782218700,24913.8,24918.3,24909.8,24914.8,136
1782218760,24914.3,24915.8,24909.3,24909.8,168
1782218820,24908.3,24908.3,24899.8,24901.8,168
1782218880,24902.3,24906.3,24899.8,24905.8,158
1782218940,24906.3,24911.3,24905.8,24907.8,136
1782219000,24907.3,24909.8,24905.3,24906.8,194
1782219060,24906.3,24910.8,24905.8,24905.8,162
1782219120,24906.3,24909.8,24903.8,24906.3,144
1782219180,24905.3,24905.3,24896.3,24896.3,186
1782219240,24897.3,24900.8,24894.8,24895.8,150
1782219300,24896.3,24903.8,24893.3,24903.3,188
1782219360,24904.8,24911.3,24903.3,24910.8,156
1782219420,24909.8,24917.3,24908.8,24911.3,154
1782219480,24911.8,24914.8,24904.8,24905.3,202
1782219540,24903.8,24912.3,24903.8,24909.8,146
1782219600,24910.8,24912.3,24888.8,24888.8,272
1782219660,24889.3,24894.3,24888.8,24888.8,182
1782219720,24888.3,24895.8,24885.3,24889.8,174
1782219780,24889.3,24893.8,24886.8,24890.8,148
1782219840,24890.3,24894.3,24885.8,24892.3,182
1782219900,24890.8,24894.3,24886.8,24889.8,180
1782219960,24889.3,24893.8,24883.8,24883.8,200
1782220020,24882.8,24885.3,24875.3,24875.8,190
1782220080,24875.3,24879.3,24872.3,24877.8,172
1782220140,24877.3,24882.3,24875.3,24882.3,162
1782220200,24882.8,24886.3,24873.3,24885.8,138
1782220260,24884.8,24889.8,24884.3,24888.3,176
1782220320,24888.8,24890.3,24882.8,24887.3,200
1782220380,24886.8,24892.8,24884.3,24890.3,200
1782220440,24890.8,24891.3,24882.3,24882.3,146
1782220500,24882.8,24887.8,24880.8,24887.8,164
1782220560,24884.8,24885.3,24878.8,24885.3,210
1782220620,24886.8,24894.3,24885.3,24885.3,220
1782220680,24884.8,24890.3,24882.8,24887.8,190
1782220740,24887.3,24889.8,24883.3,24887.8,124
1782220800,24887.3,24890.8,24881.8,24881.8,158
1782220860,24882.3,24889.8,24880.8,24885.3,208
1782220920,24884.8,24885.3,24878.3,24881.3,154
1782220980,24880.8,24893.3,24879.3,24891.3,186
1782221040,24891.8,24891.8,24882.8,24883.3,214
1782221100,24883.8,24886.8,24870.8,24871.8,220
1782221160,24872.8,24873.8,24864.3,24870.3,170
1782221220,24871.3,24878.3,24870.8,24873.3,202
1782221280,24874.3,24877.3,24868.8,24871.8,238
1782221340,24871.3,24871.8,24855.8,24868.3,228
1782221400,24867.8,24871.3,24855.8,24865.3,400
1782221460,24864.3,24899.3,24862.8,24899.3,301
1782221520,24898.8,24906.3,24894.3,24904.3,368
1782221580,24903.8,24904.8,24890.8,24894.3,352
1782221640,24894.8,24898.3,24884.8,24890.8,348
1782221700,24891.8,24891.8,24880.3,24882.8,336
1782221760,24882.3,24893.8,24871.3,24872.8,372
1782221820,24873.8,24881.8,24870.3,24870.8,328
1782221880,24870.3,24872.3,24861.3,24871.8,290
1782221940,24872.3,24883.8,24871.3,24880.3,304
1782222000,24879.3,24884.3,24870.3,24882.3,328
1782222060,24882.8,24892.8,24878.8,24885.3,306
1782222120,24883.8,24899.8,24882.8,24899.8,252
1782222180,24898.8,24909.8,24893.8,24895.3,242
1782222240,24894.3,24901.3,24893.8,24893.8,168
1782222300,24893.3,24899.3,24886.8,24888.8,246
1782222360,24889.3,24892.3,24882.3,24882.3,288
1782222420,24883.8,24892.3,24883.3,24888.8,284
1782222480,24890.3,24920.3,24890.3,24920.3,270
1782222540,24919.3,24921.3,24906.8,24910.3,190
1782222600,24910.8,24925.8,24906.8,24922.8,284
1782222660,24923.3,24924.3,24918.8,24920.3,218
1782222720,24919.8,24924.3,24913.3,24921.8,246
1782222780,24922.3,24925.3,24916.3,24920.8,244
1782222840,24920.3,24928.8,24920.3,24928.3,202
1782222900,24928.8,24931.8,24923.8,24926.3,278
1782222960,24926.8,24929.8,24917.8,24926.8,230
1782223020,24925.8,24941.3,24922.8,24940.8,234
1782223080,24941.3,24946.8,24932.8,24935.8,194
1782223140,24935.3,24947.3,24931.3,24946.3,218
1782223200,24947.3,24948.3,24933.8,24943.3,274
1782223260,24942.3,24956.8,24941.8,24953.3,261
1782223320,24952.8,24960.3,24948.8,24948.8,216
1782223380,24949.3,24958.3,24945.8,24955.3,274
1782223440,24955.8,24962.8,24954.3,24960.3,234
1782223500,24960.8,24962.3,24947.8,24947.8,254
1782223560,24948.8,24952.8,24942.3,24944.8,226
1782223620,24945.3,24958.3,24944.8,24953.3,252
1782223680,24951.8,24961.3,24946.3,24957.3,234
1782223740,24956.3,24970.3,24955.3,24969.8,180
1782223800,24967.3,24976.8,24966.8,24968.3,260
1782223860,24966.8,24970.3,24961.8,24962.8,240
1782223920,24963.3,24966.8,24955.3,24965.8,248
1782223980,24965.3,24967.8,24958.8,24961.3,248
1782224040,24961.8,24971.8,24961.8,24970.3,220
1782224100,24970.8,24981.3,24967.8,24975.3,280
1782224160,24975.8,24987.8,24974.8,24986.8,270
1782224220,24986.3,24986.8,24972.8,24972.8,184
1782224280,24973.3,24977.8,24970.3,24977.3,164
1782224340,24977.8,24978.8,24972.8,24974.8,190
1782224400,24975.8,24983.3,24975.3,24980.8,202
1782224460,24979.8,24982.8,24971.8,24973.3,220
1782224520,24973.8,24979.8,24973.3,24978.3,230
1782224580,24977.8,24993.8,24977.8,24992.8,226
1782224640,24992.3,24993.8,24977.8,24977.8,204
1782224700,24978.3,24980.8,24974.8,24979.3,144
1782224760,24978.8,24979.3,24966.3,24971.8,234
1782224820,24972.3,24979.8,24966.8,24968.8,214
1782224880,24967.3,24979.3,24965.3,24976.8,221
1782224940,24978.3,24988.3,24978.3,24979.3,168
1782225000,24977.8,24979.8,24963.3,24963.3,256
1782225060,24963.8,24964.8,24958.3,24962.3,194
1782225120,24961.8,24966.3,24950.3,24952.3,196
1782225180,24953.3,24963.3,24947.8,24947.8,262
1782225240,24947.3,24950.8,24942.8,24942.8,205
1782225300,24943.3,24954.3,24940.8,24951.8,210
1782225360,24951.3,24959.3,24949.8,24955.8,280
1782225420,24954.8,24962.8,24954.8,24957.8,224
1782225480,24957.3,24957.8,24942.3,24944.8,274
1782225540,24945.3,24946.8,24941.8,24945.3,208
1782225600,24945.8,24947.8,24938.8,24944.8,252
1782225660,24945.3,24945.8,24938.8,24941.3,248
1782225720,24939.8,24943.3,24935.8,24937.8,220
1782225780,24937.3,24961.8,24937.3,24958.8,284
1782225840,24958.3,24960.8,24949.8,24955.8,214
1782225900,24956.3,24958.3,24947.3,24947.3,206
1782225960,24948.3,24957.3,24938.8,24939.8,226
1782226020,24940.3,24941.3,24929.8,24929.8,190
1782226080,24928.8,24938.3,24927.8,24934.8,210
1782226140,24933.8,24938.8,24925.3,24937.8,258
1782226200,24938.8,24941.8,24933.8,24941.8,236
1782226260,24943.8,24954.8,24943.8,24949.3,240
1782226320,24949.8,24963.3,24945.8,24962.3,238
1782226380,24961.8,24963.8,24951.8,24952.3,234
1782226440,24952.8,24954.8,24946.8,24954.8,230
1782226500,24954.3,24959.8,24946.3,24946.3,284
1782226560,24946.8,24951.8,24942.3,24947.8,250
1782226620,24946.8,24959.8,24943.8,24957.8,262
1782226680,24958.3,24961.3,24952.3,24961.3,164
1782226740,24960.3,24962.3,24955.3,24958.3,216
1782226800,24958.8,24970.3,24953.8,24962.8,302
1782226860,24962.3,24973.3,24959.8,24965.3,244
1782226920,24964.8,24974.8,24964.3,24973.8,220
1782226980,24974.8,24974.8,24962.8,24967.8,178
1782227040,24967.3,24975.3,24966.3,24970.3,166
1782227100,24969.8,24970.3,24956.8,24957.8,254
1782227160,24957.3,24965.8,24954.8,24964.3,206
1782227220,24963.3,24963.8,24954.8,24958.3,214
1782227280,24957.8,24962.8,24956.3,24961.3,180
1782227340,24962.8,24976.3,24962.3,24975.8,216
1782227400,24976.8,24979.3,24967.3,24975.3,208
1782227460,24974.8,24974.8,24962.8,24971.8,188
1782227520,24972.8,24977.3,24971.8,24974.8,146
1782227580,24974.3,24974.8,24963.8,24964.8,220
1782227640,24965.3,24979.8,24964.3,24979.8,236
1782227700,24979.3,24982.3,24968.8,24968.8,176
1782227760,24968.3,24970.3,24962.3,24970.3,208
1782227820,24969.8,24971.3,24959.3,24961.3,190
1782227880,24961.8,24962.3,24950.3,24951.3,176
1782227940,24951.8,24956.8,24949.3,24950.3,188
1782228000,24949.8,24957.3,24946.8,24957.3,216
1782228060,24956.8,24957.3,24949.3,24949.3,148
1782228120,24949.8,24952.3,24946.3,24947.3,168
1782228180,24945.3,24954.3,24945.3,24953.3,166
1782228240,24953.8,24955.3,24943.6,24946.3,161
1782228300,24945.8,24948.3,24939.3,24944.3,258
1782228360,24945.3,24950.8,24941.3,24941.3,212
1782228420,24939.8,24947.3,24938.3,24938.8,224
1782228480,24939.3,24940.8,24931.3,24934.3,176
1782228540,24934.8,24944.3,24934.3,24942.8,240
1782228600,24942.2,24944.7,24931.7,24936.7,219
1782228660,24937.7,24939.7,24923.2,24926.7,226
1782228720,24927.2,24934.7,24925.7,24929.7,168
1782228780,24930.2,24939.7,24930.2,24931.2,202
1782228840,24930.2,24939.7,24900.7,24909.2,354
1782228900,24907.7,24919.7,24893.7,24916.2,288
1782228960,24915.7,24925.2,24914.7,24919.7,218
1782229020,24918.7,24919.7,24903.2,24904.2,184
1782229080,24906.7,24914.7,24897.2,24901.7,218
1782229140,24900.7,24906.7,24890.2,24891.7,194
1782229200,24892.7,24897.7,24880.7,24881.2,206
1782229260,24880.7,24890.7,24878.2,24889.2,160
1782229320,24888.7,24892.2,24881.7,24892.2,178
1782229380,24891.7,24900.7,24891.7,24895.7,226
1782229440,24896.7,24898.7,24893.7,24895.2,222
1782229500,24895.7,24900.7,24890.2,24896.7,205
1782229560,24896.2,24897.7,24893.7,24896.2,135
1782229620,24895.2,24906.2,24895.2,24901.7,140
1782229680,24902.2,24914.2,24899.2,24913.2,188
1782229740,24912.7,24914.2,24904.7,24905.7,158
1782229800,24906.7,24915.7,24906.2,24913.7,204
1782229860,24914.7,24922.2,24913.2,24919.7,186
1782229920,24919.2,24928.2,24919.2,24927.7,202
1782229980,24927.2,24934.2,24927.2,24930.2,206
1782230040,24929.7,24934.2,24921.7,24921.7,166
1782230100,24922.2,24922.2,24915.7,24917.2,206
1782230160,24916.2,24926.7,24916.2,24925.7,176
1782230220,24926.7,24935.2,24923.7,24934.2,128
1782230280,24934.7,24936.7,24927.6,24927.6,202
1782230340,24928.1,24938.7,24926.1,24937.7,159
1782230400,24938.7,24947.7,24934.7,24947.2,202
1782230460,24947.7,24953.7,24947.2,24950.7,162
1782230520,24950.2,24952.7,24948.2,24948.7,194
1782230580,24949.7,24952.7,24947.7,24951.7,140
1782230640,24950.7,24955.7,24950.2,24953.7,160
1782230700,24951.7,24963.7,24951.7,24957.7,137
1782230760,24956.7,24959.7,24949.7,24958.7,234
1782230820,24957.7,24957.7,24949.7,24951.7,200
1782230880,24952.2,24956.7,24950.7,24956.7,212
1782230940,24956.2,24959.7,24953.7,24959.2,118
1782231000,24958.7,24964.7,24957.7,24961.7,160
1782231060,24960.2,24964.7,24959.7,24961.2,182
1782231120,24959.7,24962.2,24956.2,24956.7,173
1782231180,24957.2,24961.7,24957.2,24957.7,96
1782231240,24956.7,24961.7,24954.7,24960.7,170
1782231300,24962.7,24964.7,24952.7,24954.7,238
1782231360,24954.2,24960.7,24948.2,24949.2,122
1782231420,24948.7,24954.7,24947.2,24951.7,162
1782231480,24952.2,24954.7,24948.7,24950.2,154
1782231540,24949.7,24951.2,24946.7,24949.2,184
1782231600,24948.2,24948.2,24941.7,24943.2,186
1782231660,24942.7,24947.2,24942.7,24946.2,192
1782231720,24946.7,24951.2,24942.7,24951.2,174
1782231780,24951.7,24952.2,24948.7,24952.2,134
1782231840,24951.7,24952.7,24950.2,24950.2,138
1782231900,24949.7,24952.2,24947.7,24948.7,174
1782231960,24949.2,24951.7,24946.7,24948.7,200
1782232020,24948.2,24952.2,24946.2,24952.2,146
1782232080,24951.7,24954.2,24950.7,24953.7,138
1782232140,24953.2,24959.7,24952.7,24957.7,156
1782232200,24957.2,24963.7,24955.7,24959.7,210
1782232260,24960.2,24961.7,24952.7,24959.7,184
1782232320,24960.7,24961.7,24957.2,24959.2,156
1782232380,24958.7,24959.7,24957.7,24959.2,94
1782232440,24960.2,24960.2,24958.2,24958.2,142
1782232500,24957.7,24965.2,24957.7,24961.2,136
1782232560,24961.7,24967.7,24961.7,24965.7,168
1782232620,24964.7,24969.7,24964.7,24968.7,110
1782232680,24968.2,24970.7,24965.7,24965.7,138
1782232740,24966.2,24970.7,24965.7,24967.7,110
1782232800,24968.2,24973.2,24967.2,24972.2,122
1782232860,24971.7,24973.2,24970.7,24971.2,130
1782232920,24971.7,24971.7,24965.7,24970.7,126
1782232980,24970.2,24971.7,24968.7,24969.2,102
1782233040,24969.7,24975.2,24969.2,24975.2,140
1782233100,24975.7,24976.2,24965.7,24967.2,182
1782233160,24967.7,24967.7,24962.2,24962.7,200
1782233220,24962.2,24962.2,24956.2,24959.7,168
1782233280,24960.2,24961.2,24956.2,24957.2,170
1782233340,24958.7,24963.2,24957.7,24963.2,96
1782233400,24962.7,24964.7,24956.7,24959.2,198
1782233460,24958.7,24960.7,24956.2,24958.7,186
1782233520,24959.7,24963.2,24958.2,24961.7,152
1782233580,24962.2,24962.2,24957.2,24961.2,146
1782233640,24961.7,24962.2,24957.2,24958.7,164
1782233700,24958.2,24961.7,24957.2,24957.7,154
1782233760,24957.2,24964.2,24953.7,24955.7,168
1782233820,24955.2,24960.7,24954.7,24960.7,180
1782233880,24959.7,24964.2,24958.7,24963.7,134
1782233940,24964.2,24967.7,24963.7,24966.7,128
1782234000,24965.7,24967.7,24958.2,24960.7,126
1782234060,24961.2,24969.7,24958.7,24966.7,110
1782234120,24967.7,24967.7,24956.7,24957.2,114
1782234180,24958.2,24959.2,24953.7,24956.7,132
1782234240,24957.2,24957.7,24950.1,24954.2,163
1782234300,24954.7,24958.2,24950.7,24952.2,118
1782234360,24952.7,24953.2,24949.7,24950.7,88
1782234420,24950.2,24954.2,24944.7,24945.2,110
1782234480,24945.7,24946.2,24942.2,24944.7,136
1782234540,24944.2,24949.7,24943.7,24949.2,134
1782234600,24948.7,24955.7,24948.7,24954.2,78
1782234660,24952.7,24963.7,24952.7,24960.2,186
1782234720,24959.7,24960.2,24956.2,24956.7,136
1782234780,24957.2,24963.2,24955.7,24960.7,166
1782234840,24961.2,24962.7,24958.2,24960.2,118
1782234900,24959.7,24961.2,24959.2,24960.2,86
1782234960,24959.7,24961.2,24957.2,24958.7,98
1782235020,24958.2,24958.7,24954.2,24955.2,172
1782235080,24955.7,24958.2,24955.2,24956.7,120
1782235140,24957.2,24959.2,24956.2,24957.7,126
1782235200,24958.2,24960.2,24955.7,24959.7,154
1782235260,24959.2,24964.2,24957.7,24961.2,118
1782235320,24960.7,24964.7,24960.2,24964.2,100
1782235380,24963.7,24966.7,24963.7,24965.7,96
1782235440,24966.7,24972.2,24965.7,24969.2,136
1782235500,24968.7,24969.7,24961.7,24964.2,166
1782235560,24964.7,24966.2,24963.2,24966.2,110
1782235620,24966.7,24967.7,24964.2,24964.7,96
1782235680,24965.7,24967.2,24964.7,24965.7,136
1782235740,24966.7,24966.7,24961.2,24962.2,122
1782235800,24961.7,24962.7,24957.2,24958.2,184
1782235860,24958.7,24959.7,24954.7,24957.2,148
1782235920,24957.7,24957.7,24954.7,24956.2,134
1782235980,24955.7,24964.7,24955.7,24962.7,136
1782236040,24962.2,24967.7,24958.2,24967.7,84
1782236100,24968.7,24972.2,24968.2,24972.2,136
1782236160,24971.7,24972.7,24968.7,24969.2,118
1782236220,24969.7,24969.7,24965.7,24966.7,136
1782236280,24967.2,24969.2,24965.2,24967.2,160
1782236340,24967.7,24967.7,24964.7,24965.7,134
1782236400,24966.2,24966.7,24964.7,24965.2,98
1782236460,24964.7,24964.7,24960.7,24962.7,100
1782236520,24962.2,24963.2,24959.7,24960.2,154
1782236580,24959.7,24960.2,24956.7,24957.2,60
1782236640,24958.2,24959.2,24956.7,24959.2,50
1782236700,24958.7,24964.2,24955.2,24963.2,132
1782236760,24962.7,24964.2,24957.7,24959.7,124
1782236820,24960.2,24960.2,24954.7,24956.2,114
1782236880,24959.2,24960.7,24957.7,24960.2,70
1782236940,24960.7,24965.2,24960.7,24962.2,84
1782237000,24961.2,24962.2,24956.7,24957.2,130
1782237060,24957.7,24957.7,24953.2,24954.7,172
1782237120,24955.2,24955.2,24952.7,24954.2,126
1782237180,24953.2,24954.2,24948.7,24950.2,78
1782237240,24949.7,24951.2,24940.2,24941.7,146
1782237300,24941.2,24944.7,24934.7,24938.2,188
1782237360,24938.7,24939.2,24932.7,24933.2,190
1782237420,24933.7,24936.2,24932.7,24935.7,112
1782237480,24936.2,24938.2,24934.2,24935.7,174
1782237540,24936.2,24938.7,24932.7,24934.2,192
1782237600,24933.7,24944.7,24930.7,24944.7,216
1782237660,24944.2,24947.7,24941.7,24946.7,210
1782237720,24947.2,24950.2,24942.7,24943.2,194
1782237780,24942.7,24943.7,24939.7,24941.7,140
1782237840,24941.2,24941.7,24934.2,24935.2,186
1782237900,24935.7,24936.2,24932.2,24934.2,118
1782237960,24933.7,24935.7,24931.2,24932.7,154
1782238020,24932.2,24932.7,24923.7,24924.2,154
1782238080,24924.7,24931.7,24923.2,24930.7,156
1782238140,24931.2,24936.7,24930.7,24935.7,166
1782238200,24936.2,24939.7,24936.2,24938.2,134
1782238260,24938.7,24942.7,24937.7,24939.7,160
1782238320,24940.2,24942.7,24937.7,24939.2,130
1782238380,24939.7,24941.2,24938.7,24939.7,134
1782238440,24939.2,24942.7,24938.7,24939.2,156
1782238500,24937.7,24943.2,24937.7,24942.2,110
1782238560,24942.7,24943.2,24934.7,24935.2,114
1782238620,24935.7,24937.2,24935.2,24936.2,142
1782238680,24935.7,24937.7,24933.7,24933.7,108
1782238740,24934.2,24935.7,24933.2,24934.7,64
1782238800,24934.2,24934.2,24927.2,24927.2,116
1782238860,24927.7,24930.7,24927.2,24930.7,120
1782238920,24930.2,24938.2,24930.2,24937.7,142
1782238980,24937.2,24940.2,24933.2,24937.2,144
1782239040,24937.7,24937.7,24933.7,24935.7,100
1782239100,24935.2,24935.2,24929.2,24930.7,112
1782239160,24931.7,24932.2,24929.7,24930.2,74
1782239220,24930.7,24934.2,24929.7,24931.2,52
1782239280,24929.7,24931.7,24928.7,24931.2,124
1782239340,24930.7,24933.7,24929.7,24929.7,156
1782239400,24930.2,24930.2,24926.2,24926.7,122
1782239460,24927.2,24932.7,24926.2,24929.7,98
1782239520,24929.2,24931.2,24928.2,24928.2,118
1782239580,24927.7,24931.7,24927.2,24928.2,100
1782239640,24928.7,24929.7,24924.7,24924.7,96
1782239700,24925.2,24928.2,24923.2,24923.2,106
1782239760,24924.2,24926.2,24920.2,24920.7,120
1782239820,24921.2,24922.7,24920.2,24920.2,58
1782239880,24918.7,24922.2,24918.7,24922.2,88
1782239940,24921.7,24923.2,24920.7,24922.7,82
1782240000,24922.2,24922.7,24910.2,24912.2,96
1782240060,24911.7,24917.2,24911.7,24915.7,128
1782240120,24915.2,24915.7,24901.2,24901.7,146
1782240180,24902.2,24908.2,24895.7,24896.2,234
1782240240,24895.7,24900.7,24895.7,24898.2,194
1782240300,24898.7,24899.2,24891.7,24893.7,168
1782240360,24893.2,24896.7,24890.2,24891.7,166
1782240420,24892.2,24896.7,24886.7,24887.7,162
1782240480,24888.2,24899.2,24886.7,24898.7,154
1782240540,24898.2,24899.2,24894.7,24898.2,136
1782240600,24898.7,24909.7,24898.7,24907.2,178
1782240660,24906.7,24909.7,24902.7,24905.2,180
1782240720,24906.2,24907.7,24898.2,24899.2,130
1782240780,24898.7,24899.7,24893.7,24895.7,134
1782240840,24894.7,24900.7,24892.7,24900.7,172
1782240900,24900.2,24900.7,24887.2,24891.2,134
1782240960,24890.7,24892.2,24885.7,24889.7,116
1782241020,24888.7,24896.7,24888.2,24896.7,122
1782241080,24897.7,24904.7,24893.7,24904.7,180
1782241140,24903.7,24907.7,24902.7,24904.7,194
1782241200,24904.2,24904.7,24898.2,24904.7,190
1782241260,24904.2,24914.7,24903.7,24914.7,204
1782241320,24914.2,24916.7,24911.2,24915.7,164
1782241380,24916.2,24921.2,24915.7,24920.7,122
1782241440,24920.2,24928.7,24918.7,24926.7,148
1782241500,24926.2,24939.2,24926.2,24934.2,242
1782241560,24933.7,24934.7,24921.7,24922.7,176
1782241620,24923.2,24924.7,24919.7,24920.7,200
1782241680,24920.2,24920.7,24909.7,24909.7,180
1782241740,24910.2,24918.2,24910.2,24917.7,160
1782241800,24918.2,24920.2,24914.7,24918.2,180
1782241860,24917.7,24924.7,24917.2,24924.2,180
1782241920,24923.7,24930.7,24921.2,24929.2,172
1782241980,24929.7,24929.7,24920.2,24923.7,158
1782242040,24922.7,24925.7,24922.7,24923.7,124
1782242100,24923.2,24926.7,24920.7,24923.7,134
1782242160,24923.2,24924.7,24915.7,24917.2,182
1782242220,24916.7,24919.7,24911.7,24912.2,140
1782242280,24911.7,24914.7,24909.7,24911.7,146
1782242340,24910.7,24913.2,24907.7,24909.2,130
1782242400,24909.7,24914.7,24907.2,24907.2,144
1782242460,24906.7,24917.2,24906.2,24917.2,168
1782242520,24916.7,24918.7,24911.2,24912.2,150
1782242580,24911.7,24929.2,24911.7,24926.2,232
1782242640,24925.7,24925.7,24921.2,24922.7,188
1782242700,24923.7,24925.7,24919.7,24925.2,168
1782242760,24924.7,24930.7,24923.7,24923.7,178
1782242820,24924.2,24931.2,24923.7,24930.7,166
1782242880,24929.7,24930.7,24925.7,24928.7,148
1782242940,24928.2,24932.7,24926.7,24931.7,106
1782243000,24933.7,24934.2,24920.7,24924.7,192
1782243060,24925.2,24925.2,24919.2,24919.2,210
1782243120,24919.7,24926.7,24917.7,24925.7,212
1782243180,24926.2,24928.7,24922.2,24925.2,152
1782243240,24924.7,24929.2,24924.2,24925.7,158
1782243300,24926.2,24927.2,24922.2,24927.2,160
1782243360,24926.7,24927.2,24922.2,24922.2,126
1782243420,24922.7,24924.7,24920.2,24920.7,180
1782243480,24920.2,24922.2,24913.7,24913.7,162
1782243540,24914.2,24918.2,24913.7,24916.7,174
1782243600,24917.7,24925.2,24915.2,24924.2,130
1782243660,24923.2,24925.2,24922.2,24922.2,130
1782243720,24922.7,24926.7,24915.2,24916.7,170
1782243780,24916.2,24920.7,24916.2,24918.2,144
1782243840,24917.7,24926.7,24916.7,24924.7,178
1782243900,24924.2,24924.7,24914.2,24914.7,126
1782243960,24914.2,24916.7,24903.2,24904.7,152
1782244020,24905.2,24905.7,24893.7,24897.7,112
1782244080,24899.2,24899.2,24891.2,24891.7,130
1782244140,24891.2,24906.7,24891.2,24905.7,150
1782244200,24904.7,24907.7,24896.7,24903.7,254
1782244260,24903.2,24904.7,24898.2,24900.7,174
1782244320,24899.7,24906.7,24899.7,24906.7,146
1782244380,24906.2,24906.7,24896.7,24902.7,222
1782244440,24903.2,24914.2,24901.7,24912.2,196
1782244500,24911.7,24912.7,24898.7,24910.2,212
1782244560,24910.7,24910.7,24903.7,24906.7,168
1782244620,24907.2,24907.7,24902.7,24902.7,96
1782244680,24903.7,24908.7,24902.7,24902.7,178
1782244740,24901.2,24905.2,24898.7,24900.7,152
1782244800,24902.1,24902.1,24887,24897,377
1782244860,24896.8,24904.7,24895.4,24897.1,293
1782244920,24896.9,24899.5,24893,24899.3,212
1782244980,24899,24901.4,24895.9,24897.1,174
1782245040,24897.4,24904.8,24897.4,24902.2,210
1782245100,24901.4,24905.1,24901.4,24902.9,170
1782245160,24903.4,24910.7,24901.4,24909.2,163
1782245220,24909,24914.1,24909,24912.9,130
1782245280,24913.3,24914.1,24909.2,24912.6,102
1782245340,24912.4,24913.3,24909.2,24909.7,144
1782245400,24909.5,24910.7,24905.6,24907.6,136
1782245460,24907.8,24911.9,24905.6,24909.7,146
1782245520,24910.2,24910.2,24904.2,24905.2,120
1782245580,24904.9,24910.9,24904.9,24907.3,84
1782245640,24908,24912.1,24905.2,24910.4,112
1782245700,24910.2,24910.2,24900.5,24902.2,134
1782245760,24901.7,24904.1,24901.7,24903.2,97
1782245820,24903.7,24907,24898.8,24905.8,90
1782245880,24906,24908.2,24904.8,24904.8,60
1782245940,24904.6,24907.2,24904.6,24906.5,54
1782246000,24907,24908.2,24905.8,24907.2,88
1782246060,24907.5,24908.4,24905.5,24908.4,60
1782246120,24907.7,24912.3,24901.9,24909.6,64
1782246180,24909.9,24911.6,24908.7,24909.9,84
1782246240,24910.6,24913.7,24910.6,24913,50
1782246300,24913.5,24914.4,24911.3,24914.4,96
1782246360,24914.2,24914.4,24912.5,24912.5,118
1782246420,24912.3,24912.3,24908.4,24910.6,98
1782246480,24911.1,24914.9,24910.6,24914.7,82
1782246540,24915.2,24915.2,24911.8,24913.7,58
1782246600,24913,24916.6,24910.8,24916.6,72
1782246660,24916.1,24917.3,24914.9,24915.4,52
1782246720,24915.9,24916.8,24914.9,24914.9,44
1782246780,24914.4,24916.8,24913,24915.9,94
1782246840,24916.4,24918.8,24915.4,24917.3,66
1782246900,24917.1,24919.3,24916.8,24917.8,32
1782246960,24918.3,24918.3,24914.9,24916.8,52
1782247020,24917.3,24917.8,24916.4,24917.8,40
1782247080,24918.1,24919,24916.1,24916.1,66
1782247140,24916.4,24916.8,24911.1,24911.1,48
1782247200,24911.3,24913,24909.6,24911.1,70
1782247260,24911.3,24914.9,24911.3,24914.9,56
1782247320,24915.4,24915.9,24914.2,24915.9,46
1782247380,24916.4,24917.8,24915.9,24917.3,70
1782247440,24916.8,24916.8,24914.7,24914.7,32
1782247500,24914,24915.9,24914,24915.9,28
1782247560,24914.9,24917.3,24914.4,24916.8,74
1782247620,24916.4,24918.5,24915.9,24917.8,40
1782247680,24918.1,24918.8,24912.7,24912.9,86
1782247740,24913.4,24915.1,24912.7,24915.1,56
1782247800,24915.6,24918.9,24915.6,24918,40
1782247860,24917.7,24918.5,24915.8,24916.5,80
1782247920,24916.8,24918,24916.5,24917,36
1782247980,24917.5,24918,24915.1,24916,62
1782248040,24916.3,24918,24915.8,24917.5,68
1782248100,24917.7,24919.2,24917,24919.2,94
1782248160,24918.9,24924.2,24918.9,24924.2,86
1782248220,24924.7,24929,24924.7,24929,68
1782248280,24929.3,24931.5,24923.4,24923.9,70
1782252120,24935.6,24938.2,24929.3,24930,94
1782252180,24931,24940.9,24931,24933.4,192
1782252240,24933.9,24934.1,24929.3,24933.4,130
1782252300,24932.9,24932.9,24929.3,24932.4,112
1782252360,24932.7,24936.8,24930.5,24933.2,94
1782252420,24932.9,24939.9,24932.9,24938.7,128
1782252480,24939.4,24940.9,24937.5,24939.9,68
1782252540,24939.7,24940.4,24937.3,24937.3,39
1782252600,24937,24946.5,24937,24946.5,56
1782252660,24946.3,24949.2,24945.3,24945.3,66
1782252720,24945.1,24947.5,24945.1,24946.5,54
1782252780,24945.3,24946.5,24942.2,24942.7,68
1782252840,24943.6,24944.3,24941,24941.5,74
1782252900,24941,24943.6,24941,24942.4,86
1782252960,24941.2,24948.1,24940.7,24946.6,114
1782253020,24946.9,24949.3,24946.6,24949.3,60
1782253080,24949.5,24949.7,24942.1,24942.6,86
1782253140,24942.8,24942.8,24937.3,24940.9,126
1782253200,24941.2,24942.1,24938.7,24938.7,94
1782253260,24938.5,24939.7,24931.8,24937.8,122
1782253320,24938,24938,24931,24931.8,146
1782253380,24932.2,24932.7,24920.5,24926.7,123
1782253440,24926.2,24928.6,24918.3,24918.3,116
1782253500,24918.8,24918.8,24912.1,24916.7,184
1782253560,24916.4,24918.1,24914.7,24915.7,132
1782253620,24916.7,24916.7,24912.1,24913.5,150
1782253680,24913.8,24917.4,24910.6,24912.6,158
1782253740,24912.3,24913.5,24910.9,24911.4,78
1782253800,24911.6,24918.8,24911.6,24917.9,130
1782253860,24917.4,24918.8,24916.2,24916.4,80
1782253920,24917.4,24920.3,24916.9,24917.4,114
1782253980,24916.9,24916.9,24908,24908.7,104
1782254040,24901.4,24901.9,24899.5,24900.9,200
1782254100,24900.4,24901.9,24892.7,24894.4,178
1782254160,24894.7,24902.6,24894.2,24902.6,142
1782254220,24902.4,24902.4,24890.7,24892.2,122
1782254280,24892.6,24896,24890.7,24895,78
1782254340,24895.5,24895.5,24890,24894.1,94
1782254400,24894.6,24896.3,24891.2,24895.5,136
1782254460,24895.8,24896.5,24894.6,24895,58
1782254520,24894.6,24894.6,24891.4,24894.1,102
1782254580,24894.6,24895,24892.6,24893.1,92
1782254640,24892.9,24894.1,24881,24890.1,172
1782254700,24889.9,24890.8,24883,24888,156
1782254760,24887,24888.3,24886.6,24888,84
1782254820,24888.3,24888.3,24877.5,24879.4,93
1782254880,24879.9,24880.9,24877.8,24880.4,79
1782254940,24880.4,24887,24879.2,24887,68
1782255000,24887.5,24889.2,24884.6,24887.5,116
1782255060,24888,24888.4,24886.5,24887,74
1782255120,24886.8,24887.5,24883.4,24883.6,82
1782255180,24882.9,24888.2,24882.2,24888.2,92
1782255240,24888.4,24889.4,24885.1,24886.5,114
1782255300,24886,24888.2,24885.6,24887.2,56
1782255360,24886.8,24888.9,24886.5,24888.2,54
1782255420,24888.4,24891.3,24886.8,24890.1,112
1782255480,24889.6,24890.1,24886.5,24889.2,122
1782255540,24888.9,24889.4,24887.7,24888.7,64
1782255600,24888.9,24890.1,24882.7,24883.2,154
1782255660,24883.6,24883.9,24881.5,24882.4,72
1782255720,24882.9,24883.2,24879.3,24881,74
1782255780,24880.7,24884.8,24879.3,24879.5,134
1782255840,24879.8,24881,24876.6,24879,76
1782255900,24881,24881,24853.8,24861.3,232
1782255960,24861.8,24861.8,24854.8,24857.4,182
1782256020,24857.7,24859.1,24856.2,24857.4,106
1782256080,24857.2,24860.8,24853.3,24860.8,134
1782256140,24861,24869.5,24860.8,24869.5,142
1782256200,24869,24870,24867.1,24868.5,86
1782256260,24869.5,24871.4,24864.5,24870.7,78
1782256320,24871.2,24886.2,24871.2,24885.3,125
1782256380,24884.8,24890.1,24884.8,24890.1,104
1782256440,24889.6,24893.4,24889.1,24891,130
1782256500,24889.8,24895.8,24888.6,24895.4,126
1782256560,24895.1,24895.4,24889.1,24889.1,82
1782256620,24889.3,24891.5,24888.6,24889.6,82
1782256680,24889.8,24891,24888.1,24889.6,80
1782256740,24889.8,24893.2,24889.8,24890.8,76
1782256800,24891,24891.5,24887.7,24888.9,58
1782256860,24888.6,24893.2,24888.1,24893,80
1782256920,24892.7,24896.1,24892,24892.7,125
1782256980,24892.7,24893,24891,24892.2,66
1782257040,24892.5,24900.1,24891.5,24900.1,60
1782257100,24899.9,24900.9,24898.5,24899.7,80
1782257160,24900.6,24901.4,24898.7,24899.4,56
1782257220,24899.2,24899.4,24894.4,24898.5,84
1782257280,24898.2,24899.7,24897,24897.7,74
1782257340,24897.5,24902.3,24896.1,24899.6,80
1782257400,24899.4,24902.5,24899.4,24900.6,70
1782257460,24900.1,24901.1,24897.7,24898.4,64
1782257520,24898,24898,24888.3,24893.6,118
1782257580,24893.4,24893.9,24885,24885,79
1782257640,24885.2,24892.9,24880.6,24881.1,128
1782257700,24880.6,24888.6,24879.7,24887.6,148
1782257760,24887.1,24887.6,24879.2,24882.8,126
1782257820,24883.3,24887.1,24877,24883.5,134
1782257880,24884.2,24887.6,24877.8,24887.4,86
1782257940,24881.4,24888.8,24879.7,24884,94
1782258000,24883.8,24891,24876.6,24891,158
1782258060,24891.2,24891.2,24887.6,24888.3,120
1782258120,24889.1,24894.8,24889.1,24893.9,164
1782258180,24894.3,24895.8,24893.9,24894.1,126
1782258240,24894.3,24897,24893.9,24896.8,58
1782258300,24896.5,24921.1,24896,24920.8,312
1782258360,24921.5,24935.7,24919.1,24935.7,363
1782258420,24934.1,24934.1,24926.6,24932.1,329
1782258480,24931.7,24936,24927.1,24932.1,284
1782258540,24931.7,24933.1,24928.5,24928.5,237
1782258600,24928.3,24932.4,24923.2,24925.9,272
1782258660,24926.1,24929.2,24923.7,24926.8,252
1782258720,24926.6,24931.7,24924.4,24931.4,186
1782258780,24931.2,24931.7,24925.6,24929.7,173
1782258840,24929.5,24930.5,24920.3,24920.3,180
1782258900,24920.1,24925.4,24919.4,24923.5,190
1782258960,24923.7,24929.7,24921.5,24928.3,185
1782259020,24928.8,24929.3,24920.4,24925.4,145
1782259080,24924.4,24927.1,24917.5,24919.9,155
1782259140,24919.6,24929,24919.6,24929,168
1782259200,24929.3,24943.9,24925.4,24940.5,363
1782259260,24940.7,24953.6,24939,24952.9,305
1782259320,24952.7,24958.5,24946.4,24946.9,290
1782259380,24947.1,24949.8,24938,24939.7,264
1782259440,24939.2,24941.1,24926.5,24927.9,300
1782259500,24927.7,24933.9,24922.7,24924.6,302
1782259560,24930.6,24953.3,24925.3,24952.3,325
1782259620,24951.8,24963.6,24949.4,24963.1,290
1782259680,24962.2,24964.1,24951.4,24958.8,278
1782259740,24958.3,24963.6,24953.8,24957.4,288
1782259800,24957.1,24961.5,24956.4,24960.5,290
1782259860,24960.3,24968.9,24957.4,24968.2,225
1782259920,24968,24969.6,24961.9,24965.5,229
1782259980,24965.7,24966.7,24949.4,24950.6,276
1782260040,24950.8,24955.2,24949.9,24953.5,232
1782260100,24953.3,24953.3,24953.3,24953.3,2
1782260160,24937.6,24938.6,24920.1,24931.6,208
1782260220,24933.1,24943.1,24932.1,24939.6,194
1782260280,24939.1,24947.1,24938.6,24946.1,134
1782260340,24945.6,24946.1,24938.1,24938.6,178
1782260400,24936.6,24939.6,24931.6,24933.1,154
1782260460,24933.6,24935.6,24918.1,24920.1,176
1782260520,24921.6,24922.6,24915.6,24922.1,144
1782260580,24922.6,24926.6,24914.6,24915.1,194
1782260640,24915.6,24917.6,24908.6,24909.6,78
1782260700,24909.1,24911.6,24905.1,24908.6,142
1782260760,24909.1,24917.1,24904.6,24916.6,78
1782260820,24917.1,24923.1,24914.6,24915.1,118
1782260880,24914.6,24918.1,24912.1,24915.6,104
1782260940,24915.1,24929.6,24915.1,24927.6,106
1782261000,24927.1,24933.6,24926.1,24932.6,86
1782261060,24933.1,24937.6,24929.1,24937.6,86
1782261120,24935.6,24941.1,24934.1,24939.1,68
1782261180,24938.6,24939.6,24933.1,24933.1,60
1782261240,24932.6,24938.1,24932.1,24937.6,80
1782261300,24937.1,24941.1,24930.1,24932.1,114
1782261360,24932.6,24941.1,24932.6,24939.1,96
1782261420,24938.1,24939.6,24928.6,24935.1,108
1782261480,24934.6,24945.1,24933.6,24938.6,96
1782261540,24939.1,24940.1,24932.6,24940.1,106
1782261600,24939.1,24941.1,24931.1,24938.1,64
1782261660,24939.1,24942.6,24932.6,24935.6,72
1782261720,24937.1,24944.1,24937.1,24940.1,84
1782261780,24940.6,24942.6,24939.6,24942.1,46
1782261840,24942.6,24942.6,24938.6,24939.1,78
1782261900,24938.6,24941.6,24934.6,24939.6,114
1782261960,24941.6,24948.1,24941.6,24943.6,92
1782262020,24944.6,24944.6,24938.1,24939.1,84
1782262080,24939.6,24942.1,24933.1,24939.1,104
1782262140,24938.6,24940.6,24933.6,24936.1,74
1782262200,24934.6,24941.6,24931.1,24937.6,148
1782262260,24938.1,24940.6,24934.1,24936.1,126
1782262320,24935.1,24937.6,24933.6,24937.1,98
1782262380,24939.1,24939.1,24934.1,24935.6,98
1782262440,24934.6,24935.6,24922.6,24924.1,114
1782262500,24923.1,24927.1,24922.1,24924.6,98
1782262560,24925.6,24925.6,24919.6,24919.6,104
1782262620,24920.1,24925.6,24917.6,24925.1,52
1782262680,24926.1,24932.6,24926.1,24928.1,70
1782262740,24927.6,24935.1,24927.6,24935.1,74
1782262800,24937.1,24937.1,24921.6,24923.6,112
1782262860,24924.6,24930.1,24922.1,24929.1,144
1782262920,24928.1,24928.6,24923.6,24928.1,110
1782262980,24926.6,24926.6,24912.6,24912.6,112
1782263040,24912.1,24913.1,24904.6,24909.1,146
1782263100,24908.6,24913.1,24907.1,24910.6,136
1782263160,24912.1,24920.6,24907.6,24917.6,120
1782263220,24919.1,24931.1,24919.1,24930.1,88
1782263280,24933.1,24936.1,24923.6,24924.1,118
1782263340,24922.6,24924.6,24914.6,24919.6,110
1782263400,24920.6,24925.6,24918.1,24922.1,164
1782263460,24921.6,24933.1,24919.1,24927.1,158
1782263520,24925.6,24938.6,24925.6,24938.6,124
1782263580,24939.6,24939.6,24930.1,24931.6,118
1782263640,24932.6,24937.1,24932.1,24937.1,22
1782263700,24936.1,24937.6,24928.1,24931.1,44
1782263760,24930.1,24930.1,24921.6,24924.1,60
1782263820,24925.6,24929.1,24916.6,24917.6,74
1782263880,24916.6,24916.6,24907.6,24911.6,92
1782263940,24911.1,24911.1,24905.6,24909.1,36
1782264000,24909.6,24912.1,24904.1,24906.6,124
1782264060,24905.6,24911.1,24905.1,24906.1,106
1782264120,24906.6,24915.1,24906.6,24909.6,136
1782264180,24909.1,24921.1,24909.1,24921.1,80
1782264240,24921.6,24936.6,24921.6,24934.1,78
1782264300,24934.6,24937.1,24930.6,24936.1,98
1782264360,24933.6,24937.6,24933.6,24936.1,62
1782264420,24935.6,24935.6,24930.6,24932.6,40
1782264480,24933.1,24933.1,24924.6,24927.6,98
1782264540,24926.6,24938.1,24923.6,24937.6,128
1782264600,24937.1,24944.1,24931.6,24940.1,186
1782264660,24939.1,24940.6,24931.6,24935.1,142
1782264720,24936.6,24939.1,24933.6,24937.6,120
1782264780,24939.1,24941.6,24939.1,24939.1,28
1782264840,24938.6,24939.1,24934.6,24939.1,36
1782264900,24938.6,24938.6,24928.6,24934.1,72
1782264960,24933.1,24935.6,24928.1,24929.6,36
1782265020,24930.1,24935.1,24928.1,24934.6,40
1782265080,24935.6,24937.6,24934.1,24934.1,56
1782265140,24936.1,24936.1,24932.6,24935.1,84
1782265200,24934.1,24938.1,24931.6,24932.6,70
1782265260,24933.1,24950.1,24932.6,24949.1,74
1782265320,24948.6,24951.6,24943.1,24946.6,106
1782265380,24944.1,24950.6,24941.6,24950.6,112
1782265440,24951.1,24951.1,24940.1,24941.1,66
1782265500,24941.6,24944.6,24934.6,24938.1,74
1782265560,24939.1,24939.1,24932.1,24934.1,70
1782265620,24931.6,24936.1,24929.1,24935.6,38
1782265680,24936.6,24939.1,24931.6,24934.6,66
1782265740,24935.1,24936.6,24931.1,24936.1,70
1782265800,24935.6,24952.1,24933.6,24951.1,92
1782265860,24947.6,24953.1,24947.1,24947.1,88
1782265920,24946.1,24947.1,24940.1,24942.6,64
1782265980,24941.1,24951.6,24941.1,24950.1,82
1782266040,24949.6,24952.1,24948.6,24950.6,86
1782266100,24951.1,24951.1,24939.6,24942.6,78
1782266160,24942.1,24946.6,24942.1,24945.6,108
1782266220,24945.1,24952.6,24945.1,24949.1,78
1782266280,24948.6,24951.6,24945.1,24947.1,104
1782266340,24946.1,24946.1,24941.6,24944.6,60
1782266400,24942.1,24944.1,24936.6,24938.1,114
1782266460,24937.6,24944.6,24937.6,24942.6,108
1782266520,24942.1,24945.6,24935.6,24936.6,94
1782266580,24937.6,24946.6,24935.6,24945.1,86
1782266640,24945.6,24946.1,24940.1,24941.1,100
1782266700,24941.6,24942.1,24937.1,24937.6,102
1782266760,24936.1,24940.6,24931.6,24932.1,110
1782266820,24930.1,24934.1,24923.1,24927.1,52
1782266880,24926.6,24931.6,24925.6,24929.1,152
1782266940,24931.1,24939.1,24928.6,24939.1,104
1782267000,24939.6,24942.1,24938.6,24939.6,88
1782267060,24941.6,24945.6,24939.1,24941.1,42
1782267120,24943.1,24943.1,24938.6,24940.6,32
1782267180,24939.6,24940.1,24937.1,24939.1,46
1782267240,24938.6,24940.1,24934.6,24938.6,60
1782267300,24939.1,24939.1,24932.6,24935.1,106
1782267360,24935.6,24935.6,24932.1,24933.1,74
1782267420,24932.6,24933.6,24925.6,24926.6,86
1782267480,24927.1,24927.6,24923.1,24925.1,116
1782267540,24925.6,24934.6,24922.6,24932.1,140
1782267600,24931.1,24933.6,24927.6,24929.1,102
1782267660,24929.6,24929.6,24918.6,24919.1,94
1782267720,24918.6,24920.1,24915.6,24918.1,56
1782267780,24918.6,24918.6,24915.1,24915.1,48
1782267840,24915.6,24916.1,24914.1,24915.1,38
1782267900,24917.6,24920.1,24917.6,24919.6,32
1782267960,24919.1,24919.1,24916.1,24916.1,24
1782268020,24916.6,24921.1,24914.1,24920.6,32
1782268080,24921.1,24927.1,24920.6,24926.1,82
1782268140,24927.1,24931.6,24926.1,24930.6,68
1782268200,24932.1,24938.6,24929.6,24929.6,72
1782268260,24930.6,24930.6,24925.6,24928.6,70
1782268320,24928.1,24929.1,24923.6,24925.6,50
1782268380,24925.1,24927.6,24924.6,24927.6,48
1782268440,24927.1,24929.1,24924.6,24928.1,72
1782268500,24926.6,24926.6,24920.1,24921.1,44
1782268560,24921.6,24921.6,24915.6,24917.1,60
1782268620,24917.6,24918.1,24913.6,24915.1,84
1782268680,24913.6,24917.1,24913.6,24916.6,68
1782268740,24915.6,24915.6,24896.1,24906.1,96
1782268800,24907.1,24909.1,24897.1,24907.1,128
1782268860,24905.6,24914.6,24903.1,24910.1,76
1782268920,24910.6,24910.6,24903.6,24907.6,126
1782268980,24907.1,24911.6,24907.1,24908.6,112
1782269040,24909.1,24910.6,24902.6,24906.1,54
1782269100,24906.6,24907.6,24902.6,24903.1,44
1782269160,24900.6,24901.6,24892.1,24892.6,74
1782269220,24893.6,24893.6,24881.1,24881.6,77
1782269280,24882.6,24889.6,24878.1,24889.6,126
1782269340,24889.1,24889.1,24884.1,24885.6,104
1782269400,24886.1,24888.1,24878.6,24878.6,68
1782269460,24878.1,24883.1,24877.6,24879.6,56
1782269520,24879.1,24883.1,24878.1,24878.1,50
1782269580,24879.6,24881.6,24877.6,24877.6,82
1782269640,24878.6,24879.1,24872.6,24877.6,116
1782269700,24879.1,24885.1,24874.6,24877.6,142
1782269760,24876.6,24880.6,24874.6,24878.6,78
1782269820,24879.1,24880.6,24875.6,24875.6,42
1782269880,24875.1,24875.1,24872.6,24873.6,30
1782269940,24874.1,24874.1,24867.1,24867.6,84
1782270000,24868.1,24878.6,24868.1,24869.1,136
1782270060,24871.6,24879.6,24869.6,24876.6,98
1782270120,24877.6,24878.1,24873.6,24874.6,52
1782270180,24873.6,24876.6,24869.6,24875.1,78
1782270240,24873.6,24877.1,24868.6,24869.6,96
1782270300,24870.6,24874.1,24866.6,24869.1,110
1782270360,24868.1,24868.1,24860.1,24862.1,86
1782270420,24863.6,24866.1,24861.6,24861.6,66
1782270480,24862.1,24866.6,24861.1,24864.1,94
1782270540,24865.1,24881.6,24865.1,24879.1,114
1782270600,24879.6,24897.6,24879.1,24894.6,168
1782270660,24895.1,24905.1,24895.1,24903.1,122
1782270720,24904.1,24910.6,24899.1,24909.6,134
1782270780,24909.1,24912.6,24906.6,24911.1,96
1782270840,24911.6,24915.6,24909.1,24912.6,94
1782270900,24912.1,24912.1,24892.6,24894.6,66
1782270960,24895.1,24896.6,24890.6,24890.6,84
1782271020,24889.1,24892.6,24886.1,24886.6,90
1782271080,24889.1,24889.6,24882.1,24883.1,74
1782271140,24883.6,24889.6,24882.6,24885.6,120
1782271200,24886.1,24894.6,24885.1,24892.1,138
1782271260,24892.6,24892.6,24888.1,24891.1,98
1782271320,24889.6,24895.6,24889.6,24895.6,76
1782271380,24893.6,24899.1,24892.6,24894.1,78
1782271440,24894.6,24894.6,24884.1,24887.1,82
1782271500,24887.6,24897.6,24887.1,24897.1,64
1782271560,24897.6,24900.1,24895.1,24899.1,132
1782271620,24898.6,24903.1,24898.6,24902.6,64
1782271680,24904.6,24910.6,24902.6,24909.6,88
1782271740,24910.6,24920.6,24909.1,24920.1,72
1782271800,24918.6,24926.6,24916.1,24924.6,136
1782271860,24923.6,24928.6,24920.6,24926.6,118
1782271920,24927.1,24932.6,24925.1,24928.6,84
1782271980,24929.1,24930.1,24921.1,24922.1,88
1782272040,24921.6,24925.6,24916.1,24923.6,88
1782272100,24925.6,24935.6,24925.6,24930.6,128
1782272160,24929.1,24932.1,24913.6,24918.6,82
1782272220,24918.1,24918.6,24902.6,24902.6,86
1782272280,24902.1,24906.1,24897.6,24901.6,106
1782272340,24904.1,24904.6,24901.1,24902.1,68
1782272400,24901.6,24904.6,24897.1,24904.6,72
1782272460,24907.6,24907.6,24901.1,24901.6,78
1782272520,24903.6,24909.1,24900.6,24906.6,74
1782272580,24908.1,24913.6,24906.1,24909.6,78
1782272640,24911.6,24911.6,24905.6,24906.1,36
1782272700,24906.6,24907.1,24903.1,24905.1,62
1782272760,24904.1,24908.6,24903.1,24903.1,54
1782272820,24903.6,24906.6,24900.6,24902.1,56
1782272880,24901.6,24904.1,24900.6,24902.6,30
1782272940,24901.6,24902.6,24897.6,24897.6,32
1782273000,24896.6,24898.6,24886.1,24886.1,42
1782273060,24893.1,24893.1,24888.1,24892.1,20
1782273120,24892.6,24895.1,24887.6,24895.1,38
1782273180,24894.6,24898.1,24892.6,24893.1,42
1782273240,24893.6,24894.1,24888.6,24888.6,88
1782273300,24888.1,24890.1,24887.1,24888.1,42
1782273360,24889.1,24890.6,24885.1,24889.1,40
1782273420,24888.6,24889.6,24888.6,24889.6,6
1782273480,24889.1,24889.6,24889.1,24889.6,12
1782273540,24897.1,24897.1,24889.1,24891.1,64
1782273600,24893.1,24893.1,24884.1,24887.6,62
1782273660,24886.1,24889.1,24883.1,24884.1,82
1782273720,24884.6,24884.6,24879.1,24881.1,96
1782273780,24880.6,24880.6,24875.1,24875.1,72
1782273840,24875.6,24876.1,24873.1,24873.1,22
1782273900,24872.6,24876.1,24869.6,24870.6,60
1782273960,24873.1,24873.1,24869.6,24870.1,20
1782274020,24871.1,24877.6,24870.6,24872.1,48
1782274080,24874.1,24874.6,24869.1,24869.6,46
1782274140,24868.1,24877.1,24868.1,24875.6,54
1782274200,24874.6,24878.1,24874.1,24875.1,42
1782274260,24874.1,24874.1,24869.6,24872.1,56
1782274320,24871.6,24876.6,24871.6,24871.6,74
1782274380,24870.6,24870.6,24865.6,24867.1,58
1782274440,24866.6,24872.6,24862.6,24870.6,72
1782274500,24870.1,24873.6,24870.1,24871.1,64
1782274560,24870.1,24874.6,24866.1,24867.6,64
1782274620,24866.6,24868.6,24863.6,24865.1,40
1782274680,24866.1,24866.1,24862.6,24863.6,16
1782274740,24862.6,24863.6,24860.6,24860.6,32
1782274800,24861.6,24862.6,24858.1,24858.6,48
1782274860,24859.1,24859.1,24853.6,24854.6,30
1782274920,24854.1,24858.1,24846.6,24854.1,56
1782274980,24852.6,24852.6,24835.1,24835.1,54
1782275040,24837.1,24838.6,24834.6,24835.6,32
1782275100,24839.1,24840.1,24836.6,24838.6,60
1782275160,24838.1,24844.1,24837.6,24840.6,86
1782275220,24842.1,24852.1,24841.6,24849.6,98
1782275280,24849.1,24850.1,24847.6,24849.1,60
1782275340,24850.1,24853.6,24848.6,24850.6,54
1782275400,24850.1,24859.6,24850.1,24855.1,68
1782275460,24854.6,24859.1,24853.6,24857.1,52
1782275520,24857.6,24866.1,24857.6,24864.6,84
1782275580,24864.1,24865.1,24863.6,24865.1,30
1782275640,24864.6,24872.6,24864.6,24867.6,48
1782275700,24867.1,24873.6,24862.6,24873.6,100
1782275760,24871.6,24885.1,24871.6,24883.1,166
1782275820,24882.6,24884.1,24875.6,24877.1,82
1782275880,24880.6,24887.6,24879.1,24880.6,60
1782275940,24881.1,24881.1,24875.6,24876.1,58
1782276000,24877.1,24886.6,24876.1,24885.1,102
1782276060,24884.6,24888.6,24881.1,24886.1,68
1782276120,24884.1,24888.1,24884.1,24888.1,44
1782276180,24887.6,24889.6,24884.6,24884.6,62
1782276240,24885.1,24886.6,24881.1,24881.6,86
1782276300,24883.1,24886.6,24881.1,24883.1,100
1782276360,24885.1,24888.1,24882.1,24887.6,54
1782276420,24887.1,24893.1,24886.6,24890.1,80
1782276480,24889.1,24889.1,24885.6,24886.6,46
1782276540,24886.1,24887.1,24883.1,24884.6,70
1782276600,24883.6,24886.6,24882.6,24884.1,32
1782276660,24884.6,24891.1,24884.6,24888.6,86
1782276720,24888.1,24889.6,24887.6,24889.1,60
1782276780,24888.1,24888.6,24886.1,24886.6,64
1782276840,24887.1,24890.1,24887.1,24890.1,52
1782276900,24889.6,24893.6,24888.6,24893.6,36
1782276960,24894.1,24895.1,24891.6,24893.1,50
1782277020,24896.6,24896.6,24889.6,24890.1,56
1782277080,24891.1,24891.1,24888.1,24888.1,46
1782277140,24889.1,24889.1,24883.1,24886.6,44
1782277200,24889.1,24896.1,24884.6,24884.6,88
1782277260,24889.6,24894.6,24888.1,24892.6,112
1782277320,24892.1,24901.6,24888.6,24901.1,76
1782277380,24900.1,24901.1,24896.6,24901.1,70
1782277440,24900.1,24904.1,24895.6,24902.1,98
1782277500,24902.6,24907.1,24898.6,24901.1,106
1782277560,24900.1,24902.1,24895.6,24900.6,82
1782277620,24899.6,24905.1,24897.6,24901.6,134
1782277680,24900.6,24905.1,24900.1,24903.1,96
1782277740,24902.6,24914.6,24902.6,24914.1,76
1782277800,24913.6,24913.6,24906.1,24906.6,62
1782277860,24907.1,24915.1,24907.1,24915.1,74
1782277920,24914.6,24917.6,24914.1,24914.1,62
1782277980,24915.1,24919.1,24914.6,24918.6,34
1782278040,24919.1,24919.6,24906.6,24913.6,68
1782278100,24913.1,24915.6,24910.1,24915.6,94
1782278160,24918.6,24919.6,24915.6,24917.1,76
1782278220,24916.6,24922.6,24914.6,24921.6,64
1782278280,24922.6,24924.1,24920.6,24922.6,82
1782278340,24923.1,24925.6,24922.1,24924.6,66
1782278400,24924.1,24926.1,24913.1,24915.1,74
1782278460,24915.6,24920.1,24914.6,24919.6,50
1782278520,24919.1,24919.1,24904.1,24905.6,62
1782278580,24906.6,24913.6,24906.1,24913.1,106
1782278640,24913.6,24916.1,24910.1,24914.1,92
1782278700,24915.1,24918.1,24909.1,24909.1,118
1782278760,24908.1,24911.1,24905.1,24907.6,102
1782278820,24906.6,24909.6,24906.6,24908.1,84
1782278880,24907.6,24911.6,24905.6,24909.6,78
1782278940,24910.1,24910.1,24905.1,24905.6,42
1782279000,24906.1,24908.6,24905.6,24908.6,70
1782279060,24908.1,24916.1,24908.1,24915.6,92
1782279120,24915.1,24919.6,24912.6,24918.1,104
1782279180,24918.6,24922.1,24918.1,24919.1,54
1782279240,24918.1,24918.1,24909.1,24913.1,110
1782279300,24912.6,24918.1,24911.6,24917.1,92
1782279360,24917.6,24924.6,24917.1,24924.6,64
1782279420,24924.1,24927.6,24922.1,24927.6,60
1782279480,24928.1,24935.6,24927.6,24935.1,60
1782279540,24934.6,24942.6,24933.1,24940.1,50
1782279600,24937.1,24938.6,24934.6,24935.1,76
1782279660,24934.6,24934.6,24925.6,24926.1,108
1782279720,24925.6,24927.6,24918.6,24920.6,150
1782279780,24920.1,24923.1,24917.1,24918.6,82
1782279840,24919.6,24923.6,24918.6,24921.6,70
1782279900,24922.1,24924.1,24918.1,24922.1,72
1782279960,24922.6,24930.6,24922.1,24928.6,82
1782280020,24928.1,24931.1,24925.6,24930.6,64
1782280080,24931.1,24932.6,24925.6,24928.6,40
1782280140,24928.1,24928.1,24923.1,24925.6,86
1782280200,24928.1,24928.1,24923.6,24923.6,76
1782280260,24920.6,24924.1,24916.1,24921.1,90
1782280320,24921.6,24922.1,24914.1,24915.6,88
1782280380,24912.6,24915.6,24910.6,24914.6,74
1782280440,24915.1,24917.1,24912.6,24914.6,88
1782280500,24914.1,24914.1,24909.6,24911.1,58
1782280560,24910.6,24914.1,24910.6,24913.6,62
1782280620,24914.1,24919.6,24914.1,24917.1,78
1782280680,24917.6,24918.6,24916.1,24918.1,46
1782280740,24917.1,24918.1,24915.1,24916.6,42
1782280800,24919.6,24922.1,24901.6,24909.6,166
1782280860,24910.3,24910.3,24897.6,24902.3,121
1782280920,24903.8,24909.8,24903.3,24907.8,146
1782280980,24908.3,24913.3,24904.6,24907.8,115
1782281040,24908.3,24909.8,24890.8,24892.3,148
1782281100,24892.8,24905.8,24891.8,24900.3,156
1782281160,24900.8,24906.8,24898.8,24900.8,134
1782281220,24899.8,24906.8,24899.3,24906.8,171
1782281280,24908.8,24919.3,24905.3,24912.6,131
1782281340,24913.1,24915.8,24911.3,24912.3,121
1782281400,24911.3,24914.8,24909.3,24911.8,162
1782281460,24910.8,24917.8,24909.8,24915.3,106
1782281520,24914.8,24915.3,24906.3,24910.8,106
1782281580,24909.8,24916.3,24909.8,24912.8,126
1782281640,24912.3,24912.3,24906.3,24907.8,108
1782281700,24908.3,24914.8,24906.8,24908.8,134
1782281760,24909.8,24911.8,24904.8,24906.3,184
1782281820,24905.8,24913.8,24905.8,24912.3,104
1782281880,24912.8,24915.3,24911.3,24914.3,120
1782281940,24913.3,24918.8,24913.3,24913.8,100
1782282000,24913.3,24913.3,24902.3,24902.8,120
1782282060,24903.3,24909.8,24891.8,24894.3,100
1782282120,24894.8,24901.8,24892.8,24900.8,124
1782282180,24901.3,24904.8,24899.8,24901.3,108
1782282240,24901.8,24908.3,24899.8,24907.3,108
1782282300,24908.8,24913.3,24902.3,24913.3,140
1782282360,24912.8,24914.8,24911.3,24913.3,88
1782282420,24909.3,24914.8,24907.8,24909.3,116
1782282480,24908.8,24909.3,24901.3,24903.3,134
1782282540,24902.8,24902.8,24898.3,24901.3,104
1782282600,24902.8,24909.3,24901.8,24907.8,152
1782282660,24908.3,24919.3,24907.8,24918.3,100
1782282720,24917.8,24920.8,24914.8,24915.3,136
1782282780,24914.8,24920.8,24914.8,24917.3,146
1782282840,24916.8,24923.8,24916.8,24921.3,110
1782282900,24920.8,24925.3,24918.3,24924.8,108
1782282960,24924.3,24927.8,24922.8,24926.8,100
1782283020,24926.3,24932.3,24918.8,24930.8,110
1782283080,24931.8,24933.8,24926.8,24926.8,96
1782283140,24927.3,24927.8,24923.8,24924.8,96
1782283200,24924.3,24925.8,24922.8,24925.3,126
1782283260,24925.8,24926.8,24918.3,24920.8,106
1782283320,24921.8,24922.8,24914.8,24914.8,106
1782283380,24914.3,24922.3,24914.3,24921.8,72
1782283440,24919.8,24920.3,24914.8,24915.3,96
1782283500,24914.8,24915.8,24908.3,24912.8,92
1782283560,24911.8,24913.8,24910.8,24912.3,76
1782283620,24911.3,24913.3,24909.8,24909.8,44
1782283680,24908.8,24918.8,24907.3,24918.8,104
1782283740,24917.3,24919.3,24913.8,24914.3,90
1782283800,24914.8,24917.8,24913.3,24915.8,106
1782283860,24916.3,24921.3,24915.8,24919.3,78
1782283920,24920.8,24923.3,24917.8,24922.8,82
1782283980,24922.3,24923.3,24916.3,24920.8,70
1782284040,24921.3,24921.8,24918.8,24919.3,74
1782284100,24917.8,24923.3,24913.3,24922.3,104
1782284160,24921.3,24922.3,24915.3,24920.3,92
1782284220,24918.8,24919.8,24906.3,24912.3,118
1782284280,24911.8,24914.3,24901.3,24902.3,120
1782284340,24902.8,24904.8,24874.3,24874.3,145
1782284400,24872.3,24872.3,24812.8,24814.8,480
1782284460,24815.3,24818.8,24769.3,24791.3,364
1782284520,24790.3,24801.3,24777.8,24799.8,276
1782284580,24800.3,24809.1,24780.3,24797.8,317
1782284640,24797.3,24798.3,24778.3,24791.3,294
1782284700,24792.3,24801.8,24765.3,24765.3,326
1782284760,24764.3,24781.8,24762.8,24774.3,288
1782284820,24773.8,24788.8,24768.8,24787.3,324
1782284880,24785.3,24792.3,24775.8,24777.8,306
1782284940,24777.3,24786.3,24765.3,24770.8,322
1782285000,24769.8,24776.8,24762.3,24767.3,306
1782285060,24767.8,24779.8,24764.8,24779.3,272
1782285120,24778.8,24780.3,24762.8,24765.3,240
1782285180,24765.8,24772.8,24762.8,24763.8,248
1782285240,24764.3,24771.3,24753.8,24756.8,248
1782285300,24757.3,24765.8,24740.8,24750.3,312
1782285360,24750.8,24783.3,24745.3,24774.8,290
1782285420,24775.8,24783.3,24765.6,24783.3,217
1782285480,24780.8,24786.8,24774.3,24780.8,252
1782285540,24781.3,24787.3,24768.8,24770.8,242
1782285600,24771.3,24775.3,24750.1,24767.8,257
1782285660,24766.8,24773.8,24764.8,24769.3,247
1782285720,24769.8,24788.8,24767.3,24785.3,196
1782285780,24784.8,24790.3,24775.3,24785.8,246
1782285840,24785.3,24785.3,24764.8,24773.3,246
1782285900,24772.3,24772.8,24748.3,24749.3,244
1782285960,24748.8,24755.8,24745.3,24748.3,190
1782286020,24746.3,24750.3,24737.6,24743.8,215
1782286080,24743.3,24754.8,24734.8,24739.3,238
1782286140,24739.8,24745.8,24736.3,24737.3,210
1782286200,24738.3,24749.3,24733.3,24745.8,220
1782286260,24745.3,24748.3,24732.3,24735.3,219
1782286320,24735.8,24747.3,24732.3,24742.3,226
1782286380,24741.8,24743.8,24729.8,24735.3,230
1782286440,24735.8,24735.8,24714.8,24716.8,201
1782286500,24717.8,24720.8,24686.8,24690.8,252
1782286560,24691.3,24698.8,24683.3,24683.8,246
1782286620,24683.3,24683.8,24663.8,24676.3,307
1782286680,24677.8,24685.3,24674.8,24681.8,270
1782286740,24680.8,24683.8,24671.3,24679.3,236
1782286800,24679.8,24681.3,24668.8,24674.3,326
1782286860,24673.3,24688.3,24668.8,24686.3,290
1782286920,24686.8,24700.8,24680.3,24691.8,270
1782286980,24693.3,24707.8,24685.8,24697.3,275
1782287040,24696.8,24716.8,24692.8,24715.8,282
1782287100,24716.3,24727.3,24707.8,24723.8,274
1782287160,24724.8,24736.8,24722.8,24733.8,284
1782287220,24733.3,24753.3,24733.3,24748.3,246
1782287280,24747.3,24751.8,24732.3,24734.8,216
1782287340,24735.3,24748.8,24733.8,24747.8,192
1782287400,24745.8,24756.3,24742.8,24750.3,248
1782287460,24748.8,24753.3,24739.8,24744.3,204
1782287520,24743.8,24743.8,24722.3,24722.8,198
1782287580,24722.3,24723.8,24701.8,24701.8,204
1782287640,24701.3,24704.8,24697.3,24698.3,208
1782287700,24700.3,24700.8,24686.8,24689.3,216
1782287760,24688.8,24694.3,24682.8,24692.3,202
1782287820,24691.8,24696.8,24685.8,24685.8,175
1782287880,24684.8,24699.8,24684.8,24697.8,146
1782287940,24697.3,24697.8,24686.8,24695.8,169
1782288000,24696.8,24705.8,24691.8,24697.3,245
1782288060,24697.8,24713.3,24689.8,24709.8,256
1782288120,24709.3,24719.3,24706.8,24712.8,266
1782288180,24712.3,24714.8,24692.1,24696.1,294
1782288240,24697.6,24726.8,24697.6,24723.8,257
1782288300,24722.3,24732.8,24719.3,24731.3,196
1782288360,24730.8,24730.8,24705.8,24706.3,232
1782288420,24705.8,24712.8,24700.8,24703.8,230
1782288480,24704.3,24720.8,24702.3,24717.3,244
1782288540,24715.3,24723.8,24714.3,24720.3,208
1782288600,24719.3,24726.3,24715.8,24722.3,210
1782288660,24721.8,24723.3,24714.8,24719.8,242
1782288720,24720.3,24721.8,24695.3,24697.3,243
1782288780,24697.8,24721.8,24697.3,24720.8,260
1782288840,24721.3,24732.8,24718.8,24729.3,192
1782288900,24729.8,24729.8,24716.8,24723.8,200
1782288960,24723.3,24735.8,24720.8,24722.8,190
1782289020,24723.8,24737.8,24717.8,24729.3,224
1782289080,24729.8,24733.3,24720.8,24721.8,222
1782289140,24721.3,24723.8,24702.3,24705.3,240
1782289200,24703.8,24706.8,24698.3,24698.3,222
1782289260,24696.8,24699.8,24693.8,24695.3,220
1782289320,24694.8,24702.8,24690.8,24697.3,232
1782289380,24697.8,24705.8,24696.3,24701.8,212
1782289440,24702.3,24706.8,24692.8,24703.8,208
1782289500,24703.3,24703.8,24691.3,24691.8,190
1782289560,24692.3,24692.8,24684.8,24692.3,188
1782289620,24691.8,24697.8,24685.8,24691.3,256
1782289680,24691.8,24700.3,24689.3,24692.8,248
1782289740,24692.3,24701.8,24691.3,24699.8,242
1782289800,24700.3,24701.8,24689.3,24698.8,204
1782289860,24697.3,24709.3,24688.8,24708.3,196
1782289920,24709.3,24716.8,24704.8,24716.3,188
1782289980,24715.8,24718.8,24701.3,24701.3,192
1782290040,24700.8,24702.8,24690.8,24698.8,234
1782290100,24698.3,24712.8,24698.3,24699.8,244
1782290160,24700.3,24708.8,24695.8,24701.8,244
1782290220,24702.3,24712.3,24699.3,24703.8,234
1782290280,24703.3,24704.3,24696.3,24702.8,174
1782290340,24702.3,24703.8,24690.8,24695.3,198
1782290400,24695.8,24703.8,24692.3,24702.8,173
1782290460,24702.3,24707.3,24699.8,24702.3,185
1782290520,24701.8,24704.3,24697.8,24700.8,158
1782290580,24701.3,24711.8,24698.8,24711.3,164
1782290640,24710.3,24710.8,24704.8,24710.8,186
1782290700,24711.3,24715.3,24696.8,24702.3,184
1782290760,24701.3,24710.3,24698.8,24702.8,212
1782290820,24703.8,24703.8,24688.6,24688.8,207
1782290880,24689.8,24693.8,24687.8,24688.8,176
1782290940,24689.3,24691.8,24685.3,24690.3,146
1782291000,24689.8,24700.8,24688.3,24695.8,188
1782291060,24695.3,24702.3,24693.8,24698.8,176
1782291120,24699.8,24712.8,24696.8,24711.3,176
1782291180,24711.8,24716.8,24700.8,24703.8,172
1782291240,24703.3,24707.8,24698.8,24706.3,182
1782291300,24707.8,24711.3,24700.3,24701.8,178
1782291360,24702.8,24704.3,24693.8,24697.8,175
1782291420,24697.3,24701.3,24690.8,24699.8,166
1782291480,24698.8,24699.3,24692.8,24693.8,144
1782291540,24694.3,24698.8,24690.8,24698.8,186
1782291600,24699.8,24703.8,24692.8,24700.3,248
1782291660,24700.8,24701.8,24693.3,24693.3,228
1782291720,24693.8,24698.8,24679.8,24686.8,197
1782291780,24685.8,24691.8,24682.8,24683.8,140
1782291840,24685.3,24687.8,24681.8,24683.8,160
1782291900,24684.3,24692.3,24682.8,24692.3,182
1782291960,24691.8,24693.8,24679.8,24680.3,168
1782292020,24680.8,24685.8,24672.3,24672.3,180
1782292080,24672.8,24681.8,24668.8,24676.8,178
1782292140,24676.3,24685.3,24673.8,24684.8,188
1782292200,24685.3,24687.8,24675.8,24676.3,176
1782292260,24676.8,24686.8,24672.8,24676.3,198
1782292320,24676.8,24698.8,24675.8,24697.8,220
1782292380,24697.3,24698.8,24692.8,24697.3,170
1782292440,24698.3,24704.8,24697.8,24702.3,159
1782292500,24702.8,24704.3,24692.8,24694.8,182
1782292560,24695.3,24695.3,24682.3,24684.3,182
1782292620,24684.8,24685.8,24674.8,24674.8,164
1782292680,24675.3,24679.8,24667.8,24668.3,170
1782292740,24668.8,24680.3,24661.3,24680.3,194
1782292800,24679.8,24681.3,24675.8,24679.3,176
1782292860,24678.8,24688.3,24674.3,24675.3,170
1782292920,24676.8,24676.8,24667.8,24673.8,152
1782292980,24673.3,24674.8,24669.8,24671.8,162
1782293040,24671.3,24686.8,24667.8,24680.8,158
1782293100,24681.8,24709.8,24681.3,24708.8,188
1782293160,24709.3,24710.8,24693.8,24693.8,212
1782293220,24695.8,24697.3,24692.3,24696.8,102
1782293280,24695.8,24698.3,24690.8,24690.8,174
1782293340,24691.8,24691.8,24675.8,24681.3,190
1782293400,24681.8,24687.8,24677.8,24687.3,188
1782293460,24689.8,24691.3,24672.6,24672.6,185
1782293520,24674.3,24686.8,24673.8,24685.8,173
1782293580,24685.3,24693.8,24684.3,24690.3,164
1782293640,24690.8,24695.8,24689.3,24689.3,142
1782293700,24686.3,24686.3,24677.1,24677.8,170
1782293760,24679.3,24679.3,24663.8,24667.8,186
1782293820,24666.8,24679.8,24666.3,24677.8,185
1782293880,24678.3,24683.3,24676.3,24678.3,172
1782293940,24678.8,24678.8,24669.3,24671.3,150
1782294000,24670.8,24671.8,24651.8,24653.3,190
1782294060,24653.8,24662.8,24652.3,24662.3,170
1782294120,24661.8,24661.8,24649.3,24651.3,190
1782294180,24650.8,24654.8,24645.8,24653.3,150
1782294240,24653.8,24655.8,24643.8,24644.3,178
1782294300,24645.3,24649.3,24641.3,24649.3,204
1782294360,24649.8,24654.3,24644.3,24652.8,196
1782294420,24653.8,24664.3,24653.8,24656.3,158
1782294480,24656.8,24657.8,24641.3,24642.3,185
1782294540,24644.3,24651.8,24644.3,24648.3,198
1782294600,24647.8,24655.8,24646.3,24655.8,160
1782294660,24654.8,24662.3,24647.6,24662.3,160
1782294720,24663.3,24671.3,24661.8,24671.3,164
1782294780,24670.8,24670.8,24663.3,24663.8,144
1782294840,24663.3,24666.3,24641.8,24643.3,204
1782294900,24644.3,24647.3,24641.8,24642.3,142
1782294960,24641.8,24654.3,24641.8,24650.8,160
1782295020,24651.3,24651.3,24643.8,24644.8,164
1782295080,24645.3,24652.3,24641.3,24646.3,180
1782295140,24645.8,24658.8,24643.3,24654.3,146
1782295200,24653.8,24655.8,24628.8,24633.3,200
1782295260,24632.3,24635.3,24620.8,24620.8,187
1782295320,24619.8,24623.8,24616.3,24623.3,222
1782295380,24622.8,24639.3,24622.8,24637.8,178
1782295440,24637.3,24642.3,24626.8,24635.3,230
1782295500,24635.8,24646.3,24635.8,24645.8,190
1782295560,24644.8,24645.8,24638.8,24640.3,126
1782295620,24639.8,24641.3,24634.3,24636.8,142
1782295680,24637.3,24647.3,24635.3,24641.8,228
1782295740,24641.3,24642.3,24637.8,24639.8,162
1782295800,24640.3,24640.3,24626.8,24639.8,192
1782295860,24640.3,24640.8,24628.8,24632.8,158
1782295920,24634.8,24635.8,24627.8,24634.3,210
1782295980,24634.8,24646.8,24634.3,24643.8,180
1782296040,24644.3,24652.8,24643.8,24647.3,150
1782296100,24646.3,24659.8,24644.3,24647.3,202
1782296160,24647.8,24653.8,24647.8,24651.8,154
1782296220,24652.3,24666.8,24650.8,24665.8,174
1782296280,24666.3,24669.3,24661.3,24668.3,150
1782296340,24667.8,24668.8,24660.3,24664.3,184
1782296400,24666.3,24670.8,24664.3,24668.3,148
1782296460,24667.8,24667.8,24662.3,24663.8,152
1782296520,24663.3,24666.8,24653.3,24655.3,169
1782296580,24656.8,24657.8,24648.3,24648.8,178
1782296640,24647.8,24653.8,24647.3,24649.3,172
1782296700,24647.8,24658.8,24647.8,24656.8,186
1782296760,24657.8,24661.3,24652.3,24656.3,151
1782296820,24656.8,24657.8,24648.3,24652.8,168
1782296880,24652.3,24661.3,24651.3,24660.8,162
1782296940,24660.3,24671.8,24660.3,24670.8,140
1782297000,24670.3,24670.8,24663.3,24666.3,182
1782297060,24666.8,24667.3,24658.3,24663.3,134
1782297120,24662.8,24670.8,24659.3,24666.8,138
1782297180,24666.3,24666.3,24652.8,24653.8,130
1782297240,24654.3,24654.3,24648.3,24653.8,148
1782297300,24652.8,24659.3,24648.3,24648.3,142
1782297360,24648.8,24649.3,24636.8,24639.3,174
1782297420,24638.8,24649.8,24637.8,24644.8,186
1782297480,24645.8,24652.8,24644.8,24646.3,154
1782297540,24646.8,24648.3,24635.8,24635.8,164
1782297600,24635.3,24651.8,24633.3,24646.8,148
1782297660,24647.3,24655.8,24644.8,24650.3,130
1782297720,24649.8,24650.8,24644.8,24647.8,166
1782297780,24648.3,24659.8,24644.3,24659.8,198
1782297840,24659.3,24660.8,24649.8,24652.3,174
1782297900,24652.8,24665.8,24652.8,24664.8,178
1782297960,24661.8,24667.3,24657.8,24660.8,164
1782298020,24661.3,24667.8,24658.8,24659.8,132
1782298080,24659.3,24661.8,24657.3,24660.3,162
1782298140,24660.8,24665.3,24657.8,24659.3,94
1782298200,24659.8,24660.3,24647.8,24648.8,132
1782298260,24648.3,24648.8,24633.8,24635.8,108
1782298320,24636.3,24647.3,24635.8,24640.8,146
1782298380,24641.3,24651.3,24639.8,24649.8,138
1782298440,24648.8,24649.8,24641.8,24642.3,134
1782298500,24642.8,24648.8,24639.3,24644.3,192
1782298560,24643.8,24648.3,24641.3,24648.3,158
1782298620,24648.8,24649.3,24634.3,24637.8,154
1782298680,24636.3,24640.3,24633.3,24636.8,162
1782298740,24637.3,24638.8,24634.3,24634.3,146
1782298800,24635.8,24652.8,24633.8,24652.3,202
1782298860,24653.8,24655.3,24646.8,24654.8,124
1782298920,24654.3,24661.8,24653.8,24653.8,182
1782298980,24653.3,24654.3,24640.8,24641.8,206
1782299040,24642.3,24642.3,24633.8,24634.8,180
1782299100,24635.3,24641.8,24629.3,24631.3,196
1782299160,24630.8,24641.8,24630.8,24632.8,172
1782299220,24632.3,24644.3,24629.8,24644.3,144
1782299280,24643.3,24650.3,24640.3,24649.8,126
1782299340,24650.3,24653.8,24645.8,24648.8,232
1782299400,24648.3,24649.8,24645.8,24647.3,134
1782299460,24647.8,24651.8,24645.8,24649.3,158
1782299520,24648.8,24649.3,24641.3,24641.3,126
1782299580,24641.8,24642.8,24635.3,24637.3,134
1782299640,24637.8,24639.8,24628.8,24629.3,130
1782299700,24628.3,24629.3,24617.3,24618.3,156
1782299760,24618.8,24628.8,24618.8,24624.3,134
1782299820,24623.3,24627.8,24620.8,24624.3,148
1782299880,24624.8,24627.8,24620.8,24622.3,166
1782299940,24620.8,24620.8,24609.3,24610.3,186
1782300000,24611.3,24611.3,24601.8,24606.3,160
1782300060,24605.8,24607.8,24602.8,24605.3,148
1782300120,24604.8,24613.3,24604.3,24613.3,140
1782300180,24614.8,24619.3,24611.8,24612.8,162
1782300240,24611.8,24627.8,24611.8,24627.3,154
1782300300,24626.8,24629.8,24621.3,24626.3,144
1782300360,24625.3,24629.3,24623.3,24625.3,176
1782300420,24625.8,24641.3,24625.3,24640.8,170
1782300480,24641.3,24648.3,24639.3,24641.8,224
1782300540,24641.3,24641.3,24635.8,24636.3,170
1782300600,24636.8,24647.3,24636.3,24644.8,214
1782300660,24644.3,24647.3,24639.8,24644.8,186
1782300720,24645.3,24653.8,24643.3,24651.8,200
1782300780,24651.3,24653.8,24642.8,24644.3,176
1782300840,24643.8,24645.8,24636.3,24642.3,152
1782300900,24641.8,24644.8,24639.8,24639.8,138
1782300960,24639.3,24642.8,24635.8,24637.8,178
1782301020,24637.3,24650.3,24633.8,24635.8,240
1782301080,24634.8,24636.8,24628.8,24634.8,220
1782301140,24635.3,24635.3,24624.3,24627.8,182
1782301200,24627.3,24631.3,24621.3,24621.8,188
1782301260,24622.8,24626.8,24619.3,24622.3,192
1782301320,24622.8,24626.3,24617.8,24621.3,144
1782301380,24620.8,24628.8,24620.3,24623.8,126
1782301440,24622.3,24630.8,24619.8,24629.8,132
1782301500,24629.3,24635.8,24627.3,24635.8,180
1782301560,24636.3,24645.8,24636.3,24645.3,148
1782301620,24644.8,24650.8,24643.8,24643.8,188
1782301680,24644.3,24655.3,24640.8,24652.3,196
1782301740,24652.8,24667.8,24651.8,24664.8,250
1782301800,24664.3,24666.8,24653.8,24655.3,222
1782301860,24654.3,24658.8,24651.3,24652.3,184
1782301920,24653.3,24659.8,24647.3,24655.8,176
1782301980,24653.8,24657.3,24651.3,24653.3,182
1782302040,24653.8,24655.8,24647.3,24649.8,172
1782302100,24648.8,24654.3,24639.8,24648.8,160
1782302160,24648.3,24652.3,24645.8,24651.8,161
1782302220,24650.8,24652.3,24645.8,24648.3,122
1782302280,24650.3,24660.3,24649.8,24654.3,176
1782302340,24655.3,24664.8,24652.3,24663.3,172
1782302400,24664.3,24666.8,24652.3,24664.3,206
1782302460,24663.8,24666.3,24651.8,24656.8,210
1782302520,24657.3,24663.8,24655.8,24662.8,182
1782302580,24663.3,24670.8,24657.8,24662.3,176
1782302640,24661.8,24670.3,24660.3,24663.8,170
1782302700,24663.3,24663.3,24658.3,24659.3,138
1782302760,24659.8,24661.8,24653.3,24656.8,216
1782302820,24655.8,24656.8,24644.3,24645.3,164
1782302880,24644.3,24653.8,24642.8,24650.3,156
1782302940,24649.8,24657.8,24649.8,24651.8,134
1782303000,24652.3,24657.8,24642.8,24653.3,189
1782303060,24653.8,24667.8,24645.8,24664.3,202
1782303120,24664.8,24668.3,24662.3,24667.8,168
1782303180,24666.8,24670.3,24663.8,24664.8,180
1782303240,24663.8,24669.8,24662.8,24667.3,180
1782303300,24666.8,24671.8,24665.8,24671.3,184
1782303360,24670.3,24676.3,24668.3,24669.8,196
1782303420,24670.3,24678.8,24667.8,24678.8,182
1782303480,24678.3,24688.3,24678.3,24684.3,148
1782303540,24684.8,24692.8,24679.8,24692.3,204
1782303600,24691.8,24693.8,24682.8,24682.8,202
1782303660,24683.8,24689.3,24680.8,24682.3,182
1782303720,24681.3,24684.3,24676.8,24678.3,146
1782303780,24677.8,24678.3,24670.3,24670.8,142
1782303840,24671.8,24681.3,24669.3,24681.3,184
1782303900,24682.8,24683.3,24670.8,24672.8,210
1782303960,24673.3,24674.8,24668.3,24671.3,188
1782304020,24670.8,24677.8,24670.8,24676.8,174
1782304080,24677.3,24680.8,24676.8,24677.8,126
1782304140,24678.3,24682.3,24675.8,24677.3,158
1782304200,24676.8,24679.8,24670.3,24670.8,154
1782304260,24670.3,24675.3,24664.8,24668.3,162
1782304320,24667.8,24668.3,24660.8,24661.3,194
1782304380,24661.8,24663.8,24657.8,24662.3,154
1782304440,24663.3,24663.3,24654.3,24663.3,160
1782304500,24662.8,24665.3,24658.3,24658.8,156
1782304560,24657.8,24662.8,24655.8,24657.3,200
1782304620,24656.8,24656.8,24649.3,24650.3,132
1782304680,24650.8,24667.3,24650.3,24665.8,194
1782304740,24664.8,24666.8,24658.3,24658.3,196
1782304800,24659.3,24659.8,24649.3,24649.3,134
1782304860,24649.8,24650.3,24636.8,24638.8,188
1782304920,24639.3,24649.3,24638.8,24646.3,134
1782304980,24645.8,24649.3,24645.8,24647.8,154
1782305040,24648.3,24650.3,24645.8,24646.8,146
1782305100,24647.3,24649.8,24643.8,24644.8,174
1782305160,24645.3,24654.3,24645.3,24652.3,172
1782305220,24651.8,24653.8,24647.8,24648.3,154
1782305280,24649.3,24650.3,24638.3,24639.8,146
1782305340,24640.3,24640.3,24632.3,24636.3,136
1782305400,24635.8,24642.3,24629.8,24629.8,182
1782305460,24630.3,24637.3,24630.3,24633.3,154
1782305520,24633.8,24634.8,24628.8,24629.3,160
1782305580,24629.8,24632.8,24625.3,24630.3,168
1782305640,24629.3,24632.8,24625.3,24631.3,138
1782305700,24631.8,24631.8,24617.3,24619.3,172
1782305760,24618.3,24618.8,24613.6,24616.8,144
1782305820,24617.3,24627.8,24616.8,24625.3,184
1782305880,24625.8,24628.3,24622.3,24625.3,184
1782305940,24624.8,24631.8,24622.3,24627.8,162
1782306000,24628.8,24640.8,24626.3,24628.3,292
1782306060,24627.3,24630.3,24622.3,24629.3,190
1782306120,24628.3,24639.3,24627.3,24639.3,200
1782306180,24638.8,24642.8,24632.8,24639.8,212
1782306240,24639.3,24644.8,24631.3,24638.8,194
1782306300,24638.3,24646.8,24638.3,24644.8,190
1782306360,24644.3,24646.8,24636.8,24646.8,186
1782306420,24647.3,24649.8,24639.3,24644.3,142
1782306480,24643.3,24643.3,24635.3,24635.3,186
1782306540,24634.8,24636.3,24622.8,24627.8,234
1782306600,24627.3,24630.8,24622.8,24626.8,196
1782306660,24627.3,24630.3,24624.8,24628.3,186
1782306720,24628.8,24631.8,24620.3,24621.3,182
1782306780,24621.8,24625.8,24614.8,24615.8,226
1782306840,24614.8,24617.8,24610.3,24610.8,158
1782306900,24611.3,24613.3,24595.8,24602.8,182
1782306960,24603.3,24611.8,24603.3,24610.8,212
1782307020,24611.3,24614.3,24609.3,24613.8,174
1782307080,24613.3,24617.8,24607.8,24617.8,222
1782307140,24619.8,24626.8,24618.8,24623.8,176
1782307200,24622.3,24626.8,24615.3,24626.3,194
1782307260,24625.8,24625.8,24610.3,24610.8,196
1782307320,24611.3,24614.8,24605.3,24605.8,206
1782307380,24606.3,24606.8,24596.8,24596.8,182
1782307440,24597.3,24608.3,24587.3,24603.8,260
1782307500,24604.8,24618.3,24602.8,24618.3,230
1782307560,24617.8,24626.8,24615.8,24624.8,158
1782307620,24625.3,24625.8,24614.8,24623.8,216
1782307680,24623.3,24634.8,24622.8,24630.8,254
1782307740,24631.3,24633.8,24629.3,24630.8,214
1782307800,24629.3,24633.3,24615.3,24616.8,380
1782307860,24615.8,24621.8,24606.3,24615.8,334
1782307920,24615.3,24631.8,24615.3,24627.8,344
1782307980,24628.3,24645.8,24626.3,24643.3,324
1782308040,24642.8,24644.8,24635.3,24638.3,342
1782308100,24638.8,24659.8,24636.8,24658.8,300
1782308160,24658.3,24661.3,24642.8,24645.8,322
1782308220,24645.3,24649.3,24636.8,24640.3,278
1782308280,24640.8,24648.8,24635.8,24641.3,292
1782308340,24641.8,24643.8,24629.3,24629.8,312
1782308400,24631.3,24633.8,24617.3,24621.3,336
1782308460,24621.8,24626.8,24600.3,24600.8,288
1782308520,24601.8,24612.8,24596.8,24601.3,302
1782308580,24601.8,24609.8,24596.3,24607.8,322
1782308640,24607.3,24632.3,24605.3,24630.8,314
1782308700,24629.8,24634.3,24618.8,24621.3,362
1782308760,24623.8,24634.8,24616.3,24634.8,372
1782308820,24634.3,24634.3,24611.3,24625.3,326
1782308880,24624.8,24632.8,24623.8,24630.3,358
1782308940,24630.8,24638.3,24619.8,24636.8,348
1782309000,24636.3,24660.3,24636.3,24658.3,368
1782309060,24657.3,24679.8,24652.8,24679.8,350
1782309120,24680.3,24684.8,24670.8,24677.8,310
1782309180,24678.3,24688.3,24676.8,24680.3,330
1782309240,24679.8,24684.3,24674.8,24675.3,284
1782309300,24674.8,24674.8,24648.3,24651.8,346
1782309360,24652.3,24663.3,24652.3,24654.8,300
1782309420,24654.3,24661.3,24651.3,24653.8,320
1782309480,24653.3,24664.8,24652.8,24656.8,228
1782309540,24656.3,24658.8,24650.3,24657.8,231
1782309600,24657.3,24668.3,24647.3,24650.3,338
1782309660,24650.8,24665.3,24650.3,24654.8,296
1782309720,24655.3,24655.8,24642.8,24644.3,292
1782309780,24643.8,24648.8,24636.3,24640.8,292
1782309840,24640.3,24641.8,24633.3,24633.8,244
1782309900,24634.8,24641.8,24629.8,24636.3,290
1782309960,24635.8,24649.3,24635.8,24637.3,292
1782310020,24636.8,24646.8,24635.3,24640.3,320
1782310080,24639.8,24646.8,24630.3,24643.8,332
1782310140,24642.8,24655.3,24641.8,24653.8,288
1782310200,24654.3,24664.8,24649.8,24663.8,288
1782310260,24664.3,24664.8,24643.3,24652.3,272
1782310320,24651.8,24659.8,24647.3,24654.3,326
1782310380,24653.8,24653.8,24641.3,24643.3,266
1782310440,24643.8,24643.8,24629.3,24637.8,274
1782310500,24636.8,24638.8,24617.8,24618.8,288
1782310560,24618.3,24622.3,24614.3,24614.8,262
1782310620,24615.3,24622.8,24612.8,24614.8,296
1782310680,24615.3,24637.3,24615.3,24632.8,278
1782310740,24631.8,24641.8,24631.3,24637.8,256
1782310800,24637.3,24637.8,24625.3,24636.3,296
1782310860,24635.8,24638.3,24629.8,24634.8,278
1782310920,24635.3,24650.8,24634.8,24646.8,312
1782310980,24647.3,24650.8,24641.8,24646.3,272
1782311040,24645.8,24649.8,24636.8,24639.8,220
1782311100,24640.8,24649.8,24640.8,24645.8,274
1782311160,24645.3,24652.3,24637.8,24637.8,256
1782311220,24638.3,24648.8,24634.8,24646.3,260
1782311280,24644.8,24644.8,24629.3,24629.8,266
1782311340,24629.3,24637.8,24627.8,24635.8,226
1782311400,24635.3,24651.3,24635.3,24651.3,286
1782311460,24650.3,24664.3,24648.3,24662.8,278
1782311520,24661.8,24670.8,24658.8,24668.8,262
1782311580,24668.3,24673.3,24663.3,24666.3,256
1782311640,24665.8,24670.3,24664.8,24664.8,242
1782311700,24664.3,24671.8,24654.3,24666.3,264
1782311760,24665.8,24672.3,24662.3,24669.3,184
1782311820,24668.8,24671.8,24661.3,24671.8,252
1782311880,24672.3,24677.3,24666.3,24666.8,294
1782311940,24666.3,24666.3,24653.8,24654.8,232
1782312000,24654.3,24670.3,24654.3,24670.3,274
1782312060,24669.3,24672.3,24662.3,24664.3,234
1782312120,24664.8,24665.8,24656.8,24659.8,238
1782312180,24660.3,24666.8,24658.8,24666.8,208
1782312240,24666.3,24678.3,24664.8,24677.8,246
1782312300,24677.3,24677.8,24668.3,24674.8,280
1782312360,24674.3,24684.8,24673.3,24681.3,188
1782312420,24680.8,24697.3,24680.8,24696.3,224
1782312480,24695.8,24700.8,24692.3,24693.3,200
1782312540,24692.3,24699.3,24689.3,24696.3,192
1782312600,24697.3,24708.3,24697.3,24704.3,210
1782312660,24703.8,24704.3,24692.3,24699.3,246
1782312720,24701.3,24701.3,24688.8,24691.8,240
1782312780,24691.3,24699.8,24688.8,24699.8,186
1782312840,24700.8,24701.3,24682.3,24682.8,200
1782312900,24683.3,24684.3,24672.8,24684.3,262
1782312960,24683.8,24691.3,24683.8,24689.3,212
1782313020,24689.8,24699.3,24687.3,24697.8,200
1782313080,24696.8,24698.3,24691.8,24696.8,196
1782313140,24697.8,24710.3,24695.8,24704.3,204
1782313200,24705.8,24705.8,24692.8,24703.8,232
1782313260,24704.3,24709.3,24698.8,24698.8,220
1782313320,24697.8,24699.8,24687.3,24688.3,208
1782313380,24688.8,24693.8,24686.3,24692.3,192
1782313440,24691.8,24691.8,24680.8,24688.3,178
1782313500,24689.3,24690.8,24670.3,24672.8,208
1782313560,24673.3,24676.3,24661.8,24665.3,228
1782313620,24665.8,24669.3,24654.8,24661.3,236
1782313680,24662.3,24667.3,24659.8,24663.8,218
1782313740,24664.8,24666.8,24656.8,24664.3,270
1782313800,24663.8,24666.8,24655.3,24662.3,224
1782313860,24663.3,24667.8,24657.8,24658.3,220
1782313920,24658.8,24661.8,24652.3,24652.3,188
1782313980,24652.8,24661.3,24652.8,24659.8,192
1782314040,24660.3,24664.8,24657.3,24658.8,234
1782314100,24659.3,24662.8,24656.3,24656.8,232
1782314160,24656.3,24670.3,24655.8,24662.8,182
1782314220,24662.3,24670.3,24659.3,24669.3,174
1782314280,24668.3,24677.8,24666.8,24676.8,208
1782314340,24677.3,24689.3,24676.3,24688.3,174
1782314400,24685.8,24695.3,24681.8,24694.3,174
1782314460,24694.8,24708.3,24693.8,24696.3,218
1782314520,24695.3,24700.8,24687.8,24695.8,208
1782314580,24695.3,24700.3,24687.8,24698.3,206
1782314640,24698.8,24700.3,24691.8,24692.8,206
1782314700,24692.3,24699.3,24688.3,24695.8,258
1782314760,24696.3,24709.3,24696.3,24708.3,158
1782314820,24706.8,24713.3,24706.8,24713.3,160
1782314880,24712.3,24714.3,24707.8,24707.8,178
1782314940,24706.3,24722.3,24705.3,24718.3,209
1782315000,24720.2,24733.2,24720.2,24730.1,212
1782315060,24728.1,24737.7,24727.1,24729.2,203
1782315120,24728.2,24738.2,24724.2,24734.2,210
1782315180,24733.7,24736.2,24723.7,24727.2,172
1782315240,24726.2,24756.2,24722.7,24731.6,342
1782315300,24730.6,24742.2,24726.2,24739.2,257
1782315360,24738.7,24746.7,24733.7,24746.7,230
1782315420,24746.2,24747.2,24737.7,24745.2,192
1782315480,24744.2,24745.2,24734.6,24737.7,156
1782315540,24737.2,24739.2,24728.7,24733.2,188
1782315600,24732.7,24736.2,24728.2,24731.2,208
1782315660,24731.7,24736.2,24724.6,24725.1,181
1782315720,24724.6,24730.2,24720.2,24720.2,189
1782315780,24721.2,24727.2,24721.2,24724.7,154
1782315840,24724.2,24731.7,24724.2,24729.7,246
1782315900,24729.2,24737.7,24726.7,24735.2,218
1782315960,24734.7,24736.7,24723.7,24724.2,234
1782316020,24722.7,24724.7,24718.2,24723.2,202
1782316080,24722.7,24726.7,24718.2,24719.7,234
1782316140,24720.2,24733.2,24718.7,24731.7,202
1782316200,24730.7,24742.2,24730.7,24739.7,222
1782316260,24739.2,24742.7,24737.2,24739.7,166
1782316320,24739.2,24740.2,24731.2,24739.7,188
1782316380,24739.2,24744.2,24739.2,24741.2,146
1782316440,24740.7,24740.7,24733.7,24736.2,186
1782316500,24735.7,24737.2,24732.7,24734.2,142
1782316560,24733.7,24735.2,24726.7,24729.7,175
1782316620,24730.2,24733.7,24727.2,24728.7,178
1782316680,24728.2,24731.7,24724.7,24724.7,146
1782316740,24724.2,24731.2,24724.2,24730.7,144
1782316800,24730.2,24736.7,24727.7,24732.2,228
1782316860,24731.7,24738.2,24731.2,24735.2,170
1782316920,24734.7,24737.7,24734.2,24734.7,132
1782316980,24734.2,24735.2,24729.2,24734.2,170
1782317040,24734.7,24738.7,24734.7,24735.2,96
1782317100,24736.2,24739.7,24732.7,24739.7,178
1782317160,24738.2,24742.7,24731.2,24732.2,158
1782317220,24731.7,24737.7,24731.7,24737.2,148
1782317280,24736.7,24737.2,24733.2,24733.2,144
1782317340,24732.2,24735.7,24730.2,24734.2,160
1782317400,24733.7,24742.2,24732.7,24741.7,142
1782317460,24742.2,24747.2,24741.7,24742.7,166
1782317520,24741.2,24743.2,24736.7,24741.2,178
1782317580,24740.7,24744.2,24737.2,24739.7,162
1782317640,24739.2,24744.2,24739.2,24742.7,182
1782317700,24741.7,24749.7,24741.2,24745.7,126
1782317760,24745.2,24746.7,24742.7,24744.7,172
1782317820,24745.2,24745.7,24739.2,24740.7,142
1782317880,24741.7,24744.7,24739.2,24743.2,134
1782317940,24743.7,24745.2,24738.1,24742.2,100
1782318000,24742.7,24743.7,24737.7,24738.7,140
1782318060,24739.2,24745.7,24737.2,24740.2,152
1782318120,24739.7,24750.2,24738.2,24750.2,164
1782318180,24749.7,24752.2,24748.2,24749.2,210
1782318240,24748.7,24751.2,24745.2,24747.7,194
1782318300,24747.2,24748.2,24738.2,24738.7,202
1782318360,24739.2,24741.2,24737.7,24739.7,166
1782318420,24740.2,24741.7,24737.2,24739.2,138
1782318480,24739.7,24741.7,24736.7,24738.7,194
1782318540,24738.2,24742.2,24737.7,24740.2,100
1782318600,24739.7,24739.7,24731.7,24736.2,144
1782318660,24739.2,24742.2,24735.7,24736.2,224
1782318720,24735.7,24738.7,24734.7,24738.2,184
1782318780,24738.7,24741.2,24736.7,24739.2,142
1782318840,24739.7,24741.2,24736.7,24740.2,152
1782318900,24741.2,24745.2,24741.2,24743.7,152
1782318960,24743.2,24744.2,24728.7,24730.2,178
1782319020,24729.7,24732.7,24725.7,24726.2,176
1782319080,24727.2,24729.2,24722.2,24722.2,188
1782319140,24722.7,24723.7,24714.7,24714.7,202
1782319200,24715.2,24718.7,24705.2,24715.2,268
1782319260,24714.7,24716.7,24699.7,24710.7,268
1782319320,24710.2,24711.2,24702.7,24705.2,176
1782319380,24705.7,24708.2,24699.7,24700.7,164
1782319440,24700.2,24708.2,24699.7,24708.2,154
1782319500,24707.7,24708.2,24704.2,24707.7,238
1782319560,24708.2,24711.7,24703.2,24703.7,206
1782319620,24704.2,24711.7,24702.2,24710.7,140
1782319680,24711.2,24722.2,24710.7,24721.7,160
1782319740,24721.2,24723.2,24719.7,24721.2,140
1782319800,24719.7,24727.2,24719.7,24722.7,156
1782319860,24723.7,24723.7,24716.7,24717.7,196
1782319920,24718.2,24719.2,24711.7,24711.7,152
1782319980,24712.2,24717.7,24710.7,24710.7,170
1782320040,24711.2,24712.2,24704.2,24704.2,128
1782320100,24704.7,24704.7,24696.2,24699.2,192
1782320160,24699.7,24707.2,24699.7,24702.2,170
1782320220,24702.7,24708.7,24701.2,24708.2,148
1782320280,24708.7,24711.2,24704.7,24705.7,132
1782320340,24706.2,24706.2,24701.7,24704.2,62
1782320400,24703.7,24713.7,24702.2,24711.2,166
1782320460,24709.2,24714.7,24706.2,24714.7,162
1782320520,24713.7,24717.7,24705.2,24715.7,190
1782320580,24714.7,24723.2,24714.7,24721.7,138
1782320640,24722.2,24723.7,24716.7,24722.7,153
1782320700,24723.2,24724.7,24717.7,24719.2,166
1782320760,24719.7,24720.7,24709.7,24710.7,156
1782320820,24711.7,24711.7,24691.2,24694.2,168
1782320880,24694.7,24699.7,24693.7,24697.2,152
1782320940,24698.7,24703.7,24697.7,24700.7,164
1782321000,24701.2,24706.7,24697.7,24706.2,228
1782321060,24706.7,24707.7,24699.7,24701.2,166
1782321120,24700.7,24710.2,24700.7,24708.2,136
1782321180,24708.7,24708.7,24701.7,24705.7,152
1782321240,24706.2,24712.7,24705.2,24711.7,142
1782321300,24711.2,24721.7,24710.7,24718.7,152
1782321360,24718.2,24718.7,24693.7,24694.7,190
1782321420,24695.7,24701.2,24694.7,24699.2,230
1782321480,24698.7,24701.2,24688.2,24690.2,230
1782321540,24689.7,24697.7,24689.7,24693.7,202
1782321600,24693.2,24695.7,24680.7,24680.7,214
1782321660,24681.7,24690.2,24681.2,24687.7,192
1782321720,24690.2,24693.7,24684.7,24685.7,226
1782321780,24685.2,24685.7,24677.2,24679.7,204
1782321840,24680.2,24682.2,24676.2,24676.7,216
1782321900,24676.2,24676.7,24663.7,24674.7,230
1782321960,24675.7,24677.7,24666.7,24667.7,208
1782322020,24668.7,24673.2,24666.7,24666.7,208
1782322080,24665.7,24669.7,24657.2,24658.7,214
1782322140,24659.7,24664.7,24655.7,24655.7,190
1782322200,24656.7,24663.7,24652.7,24657.7,276
1782322260,24656.7,24657.7,24637.7,24641.2,257
1782322320,24640.7,24643.2,24631.7,24638.7,232
1782322380,24639.2,24651.7,24632.7,24648.2,258
1782322440,24648.7,24658.7,24648.7,24658.2,312
1782322500,24657.7,24666.7,24656.2,24657.7,254
1782322560,24658.2,24663.7,24656.7,24658.2,240
1782322620,24658.7,24662.7,24655.7,24661.2,210
1782322680,24661.7,24665.7,24657.2,24664.2,196
1782322740,24663.7,24674.2,24662.7,24673.2,218
1782322800,24672.7,24674.7,24665.7,24668.7,268
1782322860,24668.2,24676.7,24667.7,24674.2,238
1782322920,24673.7,24675.7,24669.7,24673.7,270
1782322980,24673.2,24673.2,24665.2,24667.2,246
1782323040,24667.7,24667.7,24659.7,24661.7,190
1782323100,24661.2,24668.7,24657.7,24657.7,264
1782323160,24657.2,24665.7,24652.2,24662.2,244
1782323220,24661.7,24671.7,24660.7,24669.7,282
1782323280,24668.7,24670.7,24662.7,24665.7,232
1782323340,24664.7,24675.7,24664.7,24666.2,218
1782323400,24666.7,24667.7,24660.2,24665.7,210
1782323460,24666.7,24671.7,24663.2,24669.7,236
1782323520,24670.2,24670.2,24662.7,24666.2,200
1782323580,24664.7,24667.2,24660.2,24664.7,208
1782323640,24665.7,24668.7,24664.2,24666.2,210
1782323700,24666.7,24676.2,24665.7,24674.7,224
1782323760,24674.2,24677.7,24666.2,24672.7,220
1782323820,24673.2,24673.2,24660.2,24661.2,194
1782323880,24660.2,24660.2,24650.2,24650.7,140
1782323940,24651.2,24655.2,24648.2,24652.7,142
1782324000,24653.7,24655.7,24647.2,24648.2,196
1782324060,24647.2,24662.2,24645.2,24656.2,206
1782324120,24655.2,24656.2,24647.7,24655.2,144
1782324180,24656.2,24656.7,24650.2,24653.2,222
1782324240,24652.2,24660.7,24651.2,24656.7,274
1782324300,24657.7,24663.7,24654.7,24659.2,162
1782324360,24659.7,24670.7,24658.7,24666.2,180
1782324420,24665.7,24671.7,24660.7,24662.2,172
1782324480,24662.7,24671.2,24662.7,24665.7,184
1782324540,24666.2,24670.7,24663.2,24670.7,214
1782324600,24670.2,24678.2,24667.2,24676.2,192
1782324660,24675.7,24679.2,24671.7,24672.7,224
1782324720,24672.2,24677.7,24669.7,24670.7,232
1782324780,24671.2,24675.7,24670.2,24674.2,178
1782324840,24674.7,24675.7,24667.7,24674.7,212
1782324900,24675.7,24692.2,24675.2,24691.7,168
1782324960,24691.2,24693.2,24686.2,24692.2,198
1782325020,24691.7,24699.2,24689.7,24696.2,170
1782325080,24695.7,24700.7,24689.2,24700.7,196
1782325140,24700.2,24707.7,24698.2,24703.7,168
1782325200,24703.2,24703.7,24695.1,24695.1,195
1782325260,24694.1,24701.2,24692.6,24700.7,139
1782325320,24701.7,24703.7,24694.7,24698.7,158
1782325380,24700.2,24701.7,24697.7,24701.7,180
1782325440,24701.2,24706.2,24696.2,24706.2,156
1782325500,24704.2,24715.2,24701.6,24709.2,213
1782325560,24708.2,24709.7,24699.1,24704.7,119
1782325620,24705.2,24709.2,24703.7,24705.7,212
1782325680,24706.2,24708.7,24702.2,24708.7,130
1782325740,24710.2,24711.7,24705.2,24706.7,152
1782325800,24707.2,24712.2,24704.2,24708.2,170
1782325860,24707.7,24708.7,24701.2,24707.7,198
1782325920,24704.7,24707.7,24703.7,24704.7,132
1782325980,24705.2,24706.2,24695.7,24696.7,166
1782326040,24697.7,24706.2,24697.7,24704.7,106
1782326100,24705.2,24705.7,24695.2,24697.2,170
1782326160,24697.7,24702.2,24693.2,24700.7,126
1782326220,24701.2,24704.2,24694.7,24697.2,144
1782326280,24696.7,24699.7,24693.7,24694.7,146
1782326340,24694.2,24695.2,24690.7,24692.2,134
1782326400,24692.7,24696.2,24678.2,24681.2,212
1782326460,24680.7,24689.2,24679.7,24682.2,146
1782326520,24681.2,24685.7,24679.2,24682.7,206
1782326580,24683.2,24683.2,24674.2,24677.2,160
1782326640,24678.7,24683.7,24676.2,24683.7,166
1782326700,24683.2,24683.2,24675.2,24677.2,212
1782326760,24677.7,24678.2,24668.7,24669.7,176
1782326820,24670.2,24671.7,24662.7,24663.7,136
1782326880,24662.7,24665.7,24661.7,24662.2,140
1782326940,24662.7,24663.7,24647.7,24653.2,244
1782327000,24652.7,24656.7,24642.7,24647.2,224
1782327060,24648.2,24652.2,24643.7,24650.7,242
1782327120,24651.2,24657.7,24651.2,24654.7,84
1782327180,24655.7,24663.7,24655.2,24660.2,224
1782327240,24661.2,24665.2,24658.2,24664.7,204
1782327300,24664.2,24666.7,24660.2,24664.2,214
1782327360,24664.7,24670.7,24661.2,24668.2,234
1782327420,24668.7,24677.2,24665.7,24666.7,228
1782327480,24666.2,24666.2,24654.2,24656.7,158
1782327540,24657.2,24657.7,24652.2,24657.2,188
1782327600,24657.7,24658.2,24646.2,24653.7,202
1782327660,24653.2,24653.7,24649.2,24649.7,180
1782327720,24649.2,24665.2,24649.2,24662.2,176
1782327780,24662.7,24678.7,24661.7,24676.2,224
1782327840,24675.2,24675.2,24667.2,24672.2,222
1782327900,24671.2,24671.7,24656.7,24660.2,224
1782327960,24659.2,24661.2,24644.7,24644.7,212
1782328020,24645.2,24646.2,24635.2,24641.2,190
1782328080,24641.7,24642.7,24629.7,24634.7,160
1782328140,24635.7,24644.2,24635.7,24640.2,232
1782328200,24639.2,24643.2,24629.2,24640.2,260
1782328260,24640.7,24642.2,24631.7,24633.2,178
1782328320,24633.7,24639.2,24633.2,24637.7,164
1782328380,24637.2,24638.2,24634.2,24636.2,194
1782328440,24637.2,24648.7,24636.2,24645.7,220
1782328500,24646.2,24646.7,24638.7,24642.7,180
1782328560,24644.2,24645.2,24641.2,24642.2,166
1782328620,24641.7,24646.7,24640.2,24643.2,156
1782328680,24644.2,24646.2,24640.7,24645.2,204
1782328740,24645.7,24646.7,24643.2,24646.2,148
1782328800,24646.7,24646.7,24640.7,24640.7,168
1782328860,24641.2,24645.2,24638.2,24644.7,128
1782328920,24645.7,24646.7,24641.7,24645.2,172
1782328980,24644.7,24646.7,24641.7,24645.7,102
1782329040,24646.2,24660.2,24644.2,24660.2,138
1782329100,24660.7,24667.2,24659.2,24666.2,168
1782329160,24665.2,24668.7,24659.7,24668.7,162
1782329220,24667.7,24669.2,24663.7,24668.7,132
1782329280,24668.2,24674.2,24664.2,24664.2,114
1782329340,24664.7,24666.7,24660.7,24662.7,122
1782329400,24663.2,24673.7,24661.7,24670.2,228
1782329460,24669.7,24669.7,24660.7,24667.7,172
1782329520,24667.2,24667.7,24655.7,24659.7,172
1782329580,24660.2,24662.7,24656.2,24656.7,156
1782329640,24656.2,24661.2,24656.2,24658.7,130
1782329700,24659.7,24661.7,24654.2,24655.7,192
1782329760,24655.2,24662.2,24655.2,24662.2,138
1782329820,24661.7,24661.7,24653.7,24654.2,180
1782329880,24652.2,24654.2,24649.7,24652.7,176
1782329940,24652.2,24664.7,24652.2,24661.2,152
1782330000,24660.7,24667.7,24658.7,24662.2,158
1782330060,24661.7,24663.7,24657.2,24658.2,154
1782330120,24658.7,24660.2,24650.2,24653.7,182
1782330180,24653.2,24659.7,24653.2,24658.7,130
1782330240,24658.2,24665.2,24658.2,24660.2,160
1782330300,24660.7,24672.2,24659.7,24672.2,224
1782330360,24671.2,24671.2,24662.2,24663.2,210
1782330420,24664.2,24667.2,24660.7,24664.7,130
1782330480,24665.2,24670.2,24665.2,24667.2,138
1782330540,24666.2,24675.7,24666.2,24675.7,174
1782330600,24668.2,24690.7,24668.2,24688.2,300
1782330660,24687.7,24694.2,24685.2,24693.7,214
1782330720,24694.7,24702.2,24688.7,24691.2,146
1782330780,24691.7,24700.2,24691.2,24700.2,126
1782330840,24698.7,24699.7,24691.7,24693.2,96
1782330900,24692.2,24692.2,24682.7,24683.7,144
1782330960,24685.7,24687.7,24681.7,24684.7,82
1782331020,24684.2,24684.7,24678.2,24682.2,198
1782331080,24681.2,24703.7,24681.2,24687.7,262
1782331140,24690.7,24691.7,24673.7,24681.2,185
1782331200,24674.1,24689.1,24668.1,24687.9,389
1782331260,24686.9,24712.8,24675,24711.1,480
1782331320,24709.9,24714,24689.6,24711.5,428
1782331380,24712,24731.7,24706.7,24724.8,365
1782331440,24724.3,24733.6,24720.3,24721.5,398
1782331500,24721.3,24747.7,24721.3,24743.4,392
1782331560,24743.7,24753.8,24738.7,24743.8,391
1782331620,24743.5,24750,24729.4,24741.2,369
1782331680,24741.7,24756.4,24737.9,24750,346
1782331740,24750.2,24754,24740.6,24746.9,293
1782331800,24746.4,24755,24738.7,24750.4,310
1782331860,24750.9,24757.8,24745.9,24755,246
1782331920,24755.4,24756.4,24738.3,24744.5,218
1782331980,24744.1,24749.5,24737.3,24745,186
1782332040,24745.5,24752.1,24744.1,24750.2,218
1782332100,24749.8,24751.2,24746.4,24748.3,156
1782332160,24749,24749.5,24744.8,24746.7,142
1782332220,24746.4,24754.3,24746,24751.7,186
1782332280,24752,24756.2,24746.9,24752.9,193
1782332340,24754.6,24756.5,24747.4,24754.1,146
1782332400,24753.2,24756.7,24752,24753.2,152
1782332460,24753.4,24765.5,24753.4,24765,179
1782332520,24764.5,24776.7,24760.4,24770.9,265
1782332580,24771.1,24778.1,24763.3,24769.9,176
1782332640,24769.7,24772.8,24764.4,24770.5,158
1782332700,24770.2,24772.1,24758.8,24770.2,220
1782332760,24770.4,24776.1,24760.6,24770.1,254
1782332820,24770.6,24778.5,24761.2,24765.8,182
1782332880,24765.3,24780.1,24758.9,24768,219
1782332940,24767.6,24781.4,24764.2,24775.1,167
1782333000,24774.9,24786.8,24761.1,24771.6,175
1782333060,24770.9,24781.3,24762.7,24769.9,185
1782333120,24770.2,24778.9,24767.1,24772.9,165
1782333180,24772.4,24772.7,24764.8,24771,148
1782333240,24771.5,24774.8,24758.2,24758.2,189
1782333300,24758.7,24768.4,24753.9,24764.1,205
1782333360,24763.9,24768.6,24757.2,24757.2,132
1782333420,24757.5,24773.6,24755.6,24768.1,189
1782333480,24768.6,24781.3,24750.8,24767.9,226
1782333540,24768.1,24776.2,24768.1,24769.1,192
1782333600,24769.3,24778.1,24766.9,24777.6,152
1782333660,24777.9,24780.8,24768.6,24780.1,165
1782333720,24779.8,24781,24774.3,24779.1,92
1782333780,24778.4,24785.3,24770.1,24783,139
1782333840,24779.9,24786.3,24775.1,24779.8,164
1782333900,24785.8,24791.8,24781,24784.4,185
1782333960,24783.9,24788.1,24778.5,24787.8,156
1782334020,24787.8,24789.2,24783.5,24785.2,155
1782334080,24784.7,24788.5,24779.3,24786.6,155
1782334140,24786.1,24794.5,24784.2,24789,142
1782334200,24789.5,24792.3,24777.6,24783.1,156
1782334260,24782.9,24785.3,24781.5,24783.9,129
1782334320,24784.8,24788.4,24784.8,24786.2,122
1782334380,24786.7,24789.6,24783.9,24783.9,114
1782334440,24784.6,24785.3,24783.1,24784.8,82
1782334500,24786.2,24786.7,24773.1,24778.6,132
1782334560,24779.1,24780.5,24776.7,24780.5,133
1782334620,24780.3,24790.2,24780.3,24790.2,122
1782334680,24789.8,24789.8,24778.4,24788.1,104
1782338520,24800.9,24801.9,24793.3,24798.1,182
1782338580,24797.8,24797.8,24785.9,24791.6,202
1782338640,24791.3,24794.2,24784.7,24786.1,206
1782338700,24786.3,24786.6,24779.5,24779.7,246
1782338760,24779.5,24782.5,24767,24772,166
1782338820,24771.8,24773,24768.4,24769.2,145
1782338880,24769.6,24771.5,24768.2,24770.1,118
1782338940,24769.9,24772.5,24767.7,24770.1,140
1782339000,24770.8,24775.6,24770.6,24773.7,86
1782339060,24772.7,24777.7,24770.1,24777.2,99
1782339120,24777.4,24777.7,24770.7,24776.2,111
1782339180,24776.5,24777.2,24770.8,24771.5,102
1782339240,24771.3,24772.9,24766.7,24767.7,118
1782339300,24767.4,24768.2,24766.7,24767.4,82
1782339360,24767.9,24770.1,24766.7,24768.2,112
1782339420,24767.7,24768.9,24763.6,24767,104
1782339480,24767.4,24769.6,24766,24767,84
1782339540,24767.4,24769.4,24753.1,24759.8,100
1782339600,24759.1,24763.9,24757.4,24762.7,134
1782339660,24763.1,24763.4,24760.5,24762.4,110
1782339720,24762.7,24763.1,24761.2,24761.5,94
1782339780,24761.7,24762,24759.8,24760.5,114
1782339840,24760.1,24760.3,24756,24756.7,158
1782339900,24756.5,24757,24752.9,24755.8,140
1782339960,24755.1,24755.5,24751.7,24752,94
1782340020,24752.7,24752.9,24750.5,24750.8,68
1782340080,24751,24756.9,24749.5,24756.2,80
1782340140,24756.6,24757.8,24755.2,24755.2,90
1782340200,24755.7,24759.7,24755.7,24758.3,110
1782340260,24758.5,24760,24757.1,24757.8,72
1782340320,24757.6,24758.3,24756.9,24758.1,64
1782340380,24757.6,24758.3,24754.7,24755.5,60
1782340440,24755.7,24760.5,24755.7,24759.5,82
1782340500,24759.3,24759.7,24757.6,24758.5,100
1782340560,24758.3,24759.7,24755.7,24758.5,84
1782340620,24758.3,24760,24756.4,24759,104
1782340680,24759.3,24760.2,24753.7,24754.2,66
1782340740,24753.7,24755.1,24752.5,24753.7,58
1782340800,24754.2,24755.6,24753.2,24753.2,78
1782340860,24753,24753.9,24747.8,24748.3,58
1782340920,24748.8,24752.1,24747.6,24747.8,88
1782340980,24748.3,24750.7,24747.6,24750.7,86
1782341040,24750.9,24753.3,24750.9,24752.1,78
1782341100,24751.8,24753,24750.4,24750.4,48
1782341160,24750.7,24752.6,24750.7,24750.9,62
1782341220,24750.7,24752.3,24749.7,24750.4,72
1782341280,24750.2,24751.1,24747.3,24747.6,60
1782341340,24747.8,24748.3,24745.9,24745.9,90
1782341400,24746.1,24748,24745.7,24746.6,62
1782341460,24747.3,24747.6,24745.4,24745.7,72
1782341520,24745.4,24749.2,24745.2,24749,96
1782341580,24748.3,24749.5,24747.3,24747.6,76
1782341640,24747.3,24749.7,24747.1,24748.8,64
1782341700,24748.5,24749,24747.1,24749,40
1782341760,24749.2,24749.2,24746.6,24747.8,52
1782341820,24748.3,24749,24747.3,24748,52
1782341880,24747.8,24747.8,24745.2,24745.2,22
1782341940,24745.4,24746.9,24745,24746.9,26
1782342000,24746.4,24748.5,24743.8,24744,72
1782342060,24744.5,24747.3,24743.1,24744.5,84
1782342120,24744.2,24746.6,24742.8,24745.2,74
1782342180,24746.6,24747.6,24745,24747.1,64
1782342240,24747.3,24749.5,24746.4,24747.3,90
1782342300,24747.1,24748,24746.6,24747.1,40
1782342360,24747.3,24748.8,24746.1,24746.9,56
1782342420,24746.6,24747.6,24746.4,24746.6,46
1782342480,24746.1,24747.6,24745.9,24746.6,36
1782342540,24745.7,24746.9,24745.4,24746.6,32
1782342600,24747.1,24747.1,24746.1,24746.9,32
1782342660,24747.1,24747.6,24743.8,24744,72
1782342720,24744.7,24744.7,24741.9,24741.9,88
1782342780,24741.4,24743.1,24739.5,24741.4,58
1782342840,24740.9,24742.3,24740,24742.3,34
1782342900,24741.9,24742.6,24739.7,24740,48
1782342960,24740.2,24740.9,24739.2,24740.9,44
1782343020,24740.4,24740.7,24739.2,24740.2,36
1782343080,24740.4,24741.6,24740,24741.4,16
1782343140,24741.2,24742.1,24740,24740.2,30
1782343200,24740.7,24742.1,24740.4,24742.1,36
1782343260,24743.1,24746.6,24741.9,24746.6,66
1782343320,24746.4,24747.1,24744.5,24745.7,58
1782343380,24746.1,24748.8,24745.9,24748.5,50
1782343440,24748.8,24750.2,24747.8,24749.2,50
1782343500,24749,24752.8,24748.5,24751.6,60
1782343560,24751.8,24752.3,24749.7,24751.1,57
1782343620,24751.8,24754.9,24751.8,24753.5,77
1782343680,24752.8,24753,24749.5,24749.5,68
1782343740,24749.7,24750.9,24749,24749.9,44
1782343800,24750.4,24750.7,24749,24750.7,42
1782343860,24751.6,24754.5,24751.6,24752.6,84
1782343920,24752.3,24755.4,24752.3,24754.2,54
1782343980,24754.7,24757.1,24754.2,24755.7,44
1782344040,24755.4,24757.6,24755.4,24757.6,40
1782344100,24758,24760.9,24756.6,24759.2,89
1782344160,24759,24762.5,24758.7,24761.8,90
1782344220,24761.6,24762.8,24760.2,24762.8,102
1782344280,24764.2,24764.9,24762.8,24763.7,82
1782344340,24764,24765.4,24761.1,24761.1,89
1782344400,24761.4,24761.8,24759.5,24760.6,52
1782344460,24761.1,24763.3,24760.6,24763,70
1782344520,24762.8,24763.3,24758.3,24759.2,72
1782344580,24759.7,24760.9,24758.5,24758.5,66
1782344640,24758.3,24761.8,24758,24761.4,70
1782344700,24760.9,24768.5,24760.9,24768.2,214
1782344760,24768.5,24770.6,24760.9,24761.8,176
1782344820,24762.3,24762.3,24751.6,24754.4,158
1782344880,24754.6,24760.9,24751.6,24752.5,96
1782344940,24752.7,24761.8,24752,24761.8,124
1782345000,24761.4,24762.3,24745.2,24746.2,99
1782345060,24745.9,24752.2,24742.8,24749.3,113
1782345120,24749.1,24750.5,24743.6,24750.3,72
1782345180,24750.5,24752.6,24749.8,24750,70
1782345240,24749.6,24753.4,24749.6,24753.1,106
1782345300,24753.4,24753.4,24748.8,24749.8,96
1782345360,24750,24751,24748.6,24749.8,80
1782345420,24750.3,24753.4,24750.3,24751.5,64
1782345480,24751.7,24753.1,24750.3,24750.7,98
1782345540,24750.3,24751.9,24743.3,24751.2,98
1782345600,24752.6,24754.1,24744.8,24747.7,229
1782345660,24747.4,24748.4,24737.7,24742.9,190
1782345720,24742.7,24742.9,24735.3,24735.3,174
1782345780,24735.8,24738.9,24734.3,24738.9,194
1782345840,24738.4,24738.4,24734.3,24735.5,158
1782345900,24735.3,24736.2,24732.2,24736.2,172
1782345960,24736,24745,24735.5,24742.2,304
1782346020,24742,24742.7,24737.2,24737.9,236
1782346080,24737.4,24740.8,24731.2,24739.3,196
1782346140,24739.8,24742.7,24738.6,24741.2,200
1782346200,24741.7,24746.5,24738.9,24746.5,168
1782346260,24746,24750.3,24742.7,24744.8,244
1782346320,24744.6,24757,24744.1,24755.1,196
1782346380,24755.6,24755.8,24747.2,24748.9,224
1782346440,24749.4,24750.8,24744.1,24749.8,208
1782346560,24743,24748,24739.5,24744.5,68
1782346620,24747.5,24762,24744.5,24745,154
1782346680,24744.5,24749,24739.5,24746,84
1782346740,24744.5,24752.5,24744.5,24752.5,78
1782346800,24752,24752.5,24744,24744.5,84
1782346860,24745,24750,24744,24746,98
1782346920,24745.5,24752.5,24740.5,24749.5,150
1782346980,24749,24753,24748,24751.5,58
1782347040,24750.5,24750.5,24739.5,24739.5,28
1782347100,24738,24738.5,24724.5,24726,128
1782347160,24724,24725.5,24720.5,24725,64
1782347220,24724,24724,24713.5,24723,202
1782347280,24721,24728.5,24719,24720,196
1782347340,24719.5,24724.5,24719.5,24724.5,92
1782347400,24727.5,24737.5,24725.5,24734.5,132
1782347460,24734,24735,24721.5,24724.5,148
1782347520,24726.5,24729,24723.5,24726,128
1782347580,24725.5,24733,24725.5,24726.5,166
1782347640,24727,24734,24727,24733,120
1782347700,24732.5,24734.5,24728,24730.5,132
1782347760,24733,24744.5,24731.5,24744,172
1782347820,24743.5,24743.5,24737,24741,134
1782347880,24740,24740,24732.5,24737,128
1782347940,24736,24738,24730,24731.5,114
1782348000,24734.5,24734.5,24726,24726,78
1782348060,24727,24733.5,24723,24725.5,88
1782348120,24726.5,24731.5,24723.5,24731,90
1782348180,24730.5,24733,24727,24730.5,72
1782348240,24729.5,24730.5,24724.5,24729.5,68
1782348300,24729,24734,24726,24727,142
1782348360,24726,24731,24722,24722.5,116
1782348420,24722,24724.5,24715.5,24720,132
1782348480,24720.5,24727,24714.5,24717,144
1782348540,24715,24721,24714.5,24719,102
1782348600,24720,24738,24718,24736.5,144
1782348660,24737,24741,24733.5,24738,158
1782348720,24738.5,24741,24731.5,24733,148
1782348780,24732.5,24742,24731,24742,190
1782348840,24741.5,24742,24737,24738.5,98
1782348900,24739,24741,24728,24730,138
1782348960,24729.5,24732.5,24726,24731.5,150
1782349020,24731,24740,24731,24734,162
1782349080,24734.5,24734.5,24728,24728.5,152
1782349140,24731,24733,24727.5,24733,114
1782349200,24732.5,24747.5,24726.5,24747.5,224
1782349260,24746.5,24749.5,24737.5,24743,200
1782349320,24745,24752,24736,24736,258
1782349380,24737,24740.5,24729.5,24732,206
1782349440,24731,24734,24726.5,24728.5,210
1782349500,24729,24734.5,24724.5,24733,154
1782349560,24732.5,24734.5,24726.5,24729.5,170
1782349620,24730,24731,24725.5,24726,118
1782349680,24726.5,24730.5,24723.5,24729.5,138
1782349740,24729,24733,24726,24732,122
1782349800,24731.5,24735,24730.5,24732,70
1782349860,24731,24738,24731,24732.5,72
1782349920,24731.5,24736.5,24731.5,24734.5,134
1782349980,24734,24738.5,24731.5,24732.5,92
1782350040,24733,24738,24730,24733.5,100
1782350100,24734.5,24738.5,24730.5,24735.5,148
1782350160,24734.5,24738.5,24731,24738.5,124
1782350220,24739,24752,24737.5,24746.5,148
1782350280,24746,24747.5,24741,24745,194
1782350340,24744,24751,24739.5,24749.5,186
1782350400,24750,24758,24750,24753.5,146
1782350460,24755,24758,24754.5,24757,104
1782350520,24758,24760,24754.5,24759,104
1782350580,24757.5,24760.5,24754.5,24760,126
1782350640,24759.5,24759.5,24753.5,24755.5,130
1782350700,24756,24759.5,24750,24752.5,84
1782350760,24753.5,24754,24745,24749.5,122
1782350820,24749,24754,24747,24751.5,82
1782350880,24751,24753,24749.5,24752,64
1782350940,24750.5,24750.5,24744,24745.5,114
1782351000,24746,24751.5,24742.5,24746,190
1782351060,24745.5,24752,24744.5,24748.5,126
1782351120,24746,24751.5,24743.5,24744,162
1782351180,24743,24744,24734.5,24735.5,76
1782351240,24736,24743,24726.5,24740.5,122
1782351300,24740,24745,24735.5,24743.5,120
1782351360,24743,24748.5,24738.5,24738.5,140
1782351420,24738,24748,24734,24745.5,132
1782351480,24743.5,24753,24741.5,24749,128
1782351540,24752,24752.5,24737,24738.5,204
1782351600,24738,24739.5,24729.5,24732,158
1782351660,24731,24734.5,24727,24730.5,128
1782351720,24731,24732.5,24728,24731,116
1782351780,24732,24738,24728.5,24728.5,118
1782351840,24726,24728,24718.5,24725,94
1782351900,24723,24723.5,24717.5,24718,158
1782351960,24718.5,24721.5,24713.5,24719,118
1782352020,24718,24721.5,24717,24718.5,114
1782352080,24719.5,24719.5,24712.5,24716,126
1782352140,24715,24724.5,24714,24722.5,162
1782352200,24723.5,24726,24714.5,24721.5,118
1782352260,24723.5,24723.5,24716.5,24719,84
1782352320,24718.5,24726.5,24718.5,24723.5,124
1782352380,24723,24724.5,24719.5,24719.5,98
1782352440,24718.5,24720.5,24716,24718,178
1782352500,24717.5,24719,24714.5,24717,102
1782352560,24716.5,24716.5,24710,24712.5,54
1782352620,24713,24715,24705,24705,86
1782352680,24705.5,24708.5,24699,24700.5,72
1782352740,24701,24703.5,24701,24702.5,68
1782352800,24703.5,24707.5,24697.5,24699.5,148
1782352860,24700,24705.5,24700,24705,104
1782352920,24705.5,24711,24701.5,24706.5,216
1782352980,24704,24710,24703,24707,190
1782353040,24708,24710.5,24705,24707.5,156
1782353100,24706,24710.5,24704.5,24706.5,118
1782353160,24707,24709.5,24705,24705.5,138
1782353220,24705,24707,24702.5,24703,90
1782353280,24702,24707.5,24701,24706.5,176
1782353340,24706,24712,24704,24708.5,196
1782353400,24707,24708.5,24698.5,24701.5,170
1782353460,24699.5,24702.5,24692.5,24692.5,164
1782353520,24691,24693,24681,24688,194
1782353580,24687.5,24690.5,24682.5,24688,216
1782353640,24687.5,24691,24682,24690,224
1782353700,24688.5,24694,24684,24685.5,192
1782353760,24686,24690,24684,24688,154
1782353820,24687.5,24696,24685.5,24693,150
1782353880,24692.5,24696,24691,24691.5,58
1782353940,24697,24704,24692.5,24702.5,126
1782354000,24701,24704.5,24698.5,24699,164
1782354060,24697.5,24704,24697,24702,146
1782354120,24701.5,24712.5,24700.5,24711,144
1782354180,24710.5,24716,24703.5,24704,92
1782354240,24703.5,24704.5,24692.5,24693,128
1782354300,24694,24696.5,24688,24694.5,178
1782354360,24693.5,24697,24692.5,24694,138
1782354420,24693.5,24694.5,24691,24694,44
1782354480,24693,24696.5,24690.5,24694.5,52
1782354540,24695,24697,24693,24695,76
1782354600,24693.5,24698.5,24688.5,24694.5,130
1782354660,24695.5,24696.5,24690.5,24696,128
1782354720,24695,24697,24693,24696.5,96
1782354780,24697,24700,24691.5,24700,94
1782354840,24700.5,24700.5,24694.5,24694.5,68
1782354900,24695,24695.5,24692,24695,60
1782354960,24696,24701,24694,24697.5,94
1782355020,24698.5,24701,24697.5,24700,40
1782355080,24701,24701,24696.5,24696.5,60
1782355140,24697.5,24697.5,24691.5,24693.5,88
1782355200,24694,24695,24683,24683.5,122
1782355260,24682,24690.5,24682,24689.5,116
1782355320,24688,24690.5,24688,24689.5,44
1782355380,24689,24690.5,24687.5,24690.5,80
1782355440,24690,24695,24689.5,24691,96
1782355500,24690.5,24691,24687.5,24689.5,48
1782355560,24691,24691,24687.5,24690,50
1782355620,24690.5,24697,24689,24695,134
1782355680,24695.5,24696,24693.5,24694.5,20
1782355740,24695.5,24696.5,24692.5,24693.5,80
1782355800,24694,24696.5,24689,24690.5,90
1782355860,24691,24694,24690.5,24690.5,74
1782355920,24690,24693.5,24690,24693.5,54
1782355980,24693,24695.5,24691.5,24692,58
1782356040,24692.5,24694,24692.5,24694,6
1782356100,24694.5,24698,24694.5,24696,60
1782356160,24695.5,24698.5,24692.5,24698,76
1782356220,24702.5,24702.5,24697,24699.5,106
1782356280,24699,24705,24699,24705,66
1782356340,24703.5,24706,24703.5,24705,62
1782356400,24705.5,24708.5,24703,24705.5,84
1782356460,24705,24717,24704.5,24716.5,104
1782356520,24718,24719.5,24714.5,24715.5,110
1782356580,24714.5,24714.5,24711,24711.5,66
1782356640,24712,24718.5,24711,24715.5,116
1782356700,24715,24721,24710.5,24719,148
1782356760,24720,24720,24718,24718,20
1782356820,24718.5,24719,24717,24718.5,30
1782356880,24719,24720,24717.5,24718.5,46
1782356940,24718,24718,24709.5,24709.5,88
1782357000,24711,24713.5,24707,24712.5,164
1782357060,24711.5,24715.5,24707.5,24715.5,102
1782357120,24718.5,24718.5,24709,24709,116
1782357180,24711,24711.5,24706.5,24707.5,182
1782357240,24708,24711.5,24706.5,24710.5,124
1782357300,24711.5,24716,24704,24709,110
1782357360,24709.5,24712.5,24708.5,24712.5,20
1782357420,24714.5,24718.5,24711.5,24718.5,70
1782357480,24717.5,24722,24717,24720.5,70
1782357540,24719.5,24719.5,24716.5,24717,22
1782357600,24717.5,24718,24715,24717.5,34
1782357660,24716.5,24719.5,24715.5,24717,54
1782357720,24717.5,24718.5,24714.5,24715.5,80
1782357780,24715,24718,24715,24718,40
1782357840,24719,24722,24715,24717,58
1782357900,24719,24719,24714,24718.5,84
1782357960,24718,24718,24713.5,24714,46
1782358020,24713.5,24713.5,24708.5,24712,50
1782358080,24711.5,24713,24706,24707,72
1782358140,24707.5,24707.5,24703,24707.5,68
1782358200,24706,24711,24705,24709,90
1782358260,24707,24711.5,24707,24707.5,52
1782358320,24708.5,24708.5,24704,24706.5,62
1782358380,24707.5,24707.5,24700,24700.5,84
1782358440,24701,24703.5,24700,24702,54
1782358500,24701,24701.5,24698,24699.5,60
1782358560,24699,24699.5,24696.5,24698,72
1782358620,24698.5,24700,24697.5,24699,40
1782358680,24698.5,24701,24696.5,24700,34
1782358740,24698.5,24701,24696.5,24698.5,66
1782358800,24697.5,24697.5,24691,24692.5,46
1782358860,24693,24693.5,24691.5,24692,16
1782358920,24693,24693,24689,24692,42
1782358980,24693,24693.5,24687,24687.5,26
1782359040,24685.5,24691,24685,24689,50
1782359100,24688.5,24695.5,24687,24692,166
1782359160,24691,24694,24690,24694,142
1782359220,24694.5,24698,24690.5,24694,150
1782359280,24694.5,24699,24694,24697.5,82
1782359340,24698,24703,24697.5,24699.5,108
1782359400,24700,24701,24697,24698,38
1782359460,24699,24699.5,24698,24699,20
1782359520,24699.5,24705,24699.5,24704,78
1782359580,24703.5,24706,24703,24704.5,86
1782359640,24704,24707.5,24703.5,24707,88
1782359700,24707.5,24712.5,24706.5,24712,74
1782359760,24713.5,24717.5,24713,24717,92
1782359820,24715,24716.5,24709,24709.5,68
1782359880,24710,24714,24709.5,24714,50
1782359940,24713.5,24717,24713.5,24716,24
1782360000,24717,24720,24715.5,24717,70
1782360060,24716.5,24717.5,24712.5,24712.5,44
1782360120,24712,24713,24708,24709,40
1782360180,24712,24712,24709,24711,20
1782360240,24712,24712.5,24710,24710.5,38
1782360300,24711.5,24711.5,24708.5,24709,38
1782360360,24709.5,24711.5,24709.5,24710.5,30
1782360420,24709.5,24710,24709,24709,10
1782360480,24709.5,24709.5,24705.5,24707,22
1782360540,24705,24708.5,24705,24708.5,24
1782360600,24708,24708,24706,24706.5,28
1782360660,24706,24711,24704.5,24707.5,46
1782360720,24706.5,24708.5,24705.5,24707,46
1782360780,24707.5,24722,24706,24719.5,116
1782360840,24720.5,24723.5,24712,24712,58
1782360900,24712.5,24712.5,24702,24706,52
1782360960,24705.5,24707.5,24704,24704,46
1782361020,24703,24704,24693,24693,68
1782361080,24693.5,24697,24693,24695.5,40
1782361140,24695,24698.5,24695,24698,40
1782361200,24697,24702.5,24697,24699,68
1782361260,24700.5,24711,24699.5,24711,88
1782361320,24711.5,24712.5,24709.5,24711,54
1782361380,24710.5,24715,24710.5,24715,40
1782361440,24711.5,24713.5,24709,24710,78
1782361500,24709.5,24710,24709.5,24709.5,14
1782361560,24708,24709.5,24708,24708,16
1782361620,24709,24711,24706.5,24710.5,52
1782361680,24710,24711,24708.5,24710,18
1782361740,24711,24711.5,24709.5,24711.5,28
1782361800,24711,24712.5,24705.5,24706.5,54
1782361860,24707,24707.5,24701.5,24702,32
1782361920,24701,24703,24701,24701,32
1782361980,24700,24706,24700,24705,44
1782362040,24704.5,24706,24702,24706,30
1782362100,24706.5,24708,24701.5,24704.5,80
1782362160,24705,24707,24703.5,24706.5,76
1782362220,24707.5,24711.5,24706.5,24711.5,48
1782362280,24713,24717.5,24713,24716.5,78
1782362340,24716,24720,24716,24718.5,60
1782362400,24717,24719,24715,24715.5,78
1782362460,24716,24718.5,24708.5,24711.5,72
1782362520,24712,24715,24710.5,24715,42
1782362580,24713,24720,24712.5,24719.5,66
1782362640,24718.5,24729,24717.5,24729,52
1782362700,24729.5,24730.5,24727,24727.5,44
1782362760,24728,24728.5,24725.5,24727.5,52
1782362820,24728,24730.5,24724.5,24726.5,46
1782362880,24727,24729,24727,24727.5,24
1782362940,24727,24727,24722.5,24726.5,64
1782363000,24726,24731,24726,24728.5,22
1782363060,24727,24729.5,24725,24727.5,24
1782363120,24727,24727.5,24726,24726.5,22
1782363180,24727.5,24731.5,24726,24731,22
1782363240,24728.5,24730,24728,24729,24
1782363300,24730,24733.5,24730,24732.5,34
1782363360,24732,24733.5,24729,24729,42
1782363420,24730,24730.5,24724.5,24726,32
1782363480,24727,24727,24723,24723.5,38
1782363540,24724,24730,24724,24728.5,32
1782363600,24728,24729.5,24714.5,24714.5,70
1782363660,24716,24729.5,24716,24729.5,44
1782363720,24728,24734,24727,24732,50
1782363780,24732.5,24733,24729,24730,52
1782363840,24731,24732.5,24729,24731,62
1782363900,24732,24739.5,24732,24738.5,60
1782363960,24739.5,24739.5,24736,24736.5,36
1782364020,24738.5,24738.5,24732.5,24734.5,30
1782364080,24734,24739,24732.5,24737.5,46
1782364140,24738,24740.5,24736,24738.5,48
1782364200,24739,24739,24736,24738.5,42
1782364260,24739,24739,24736,24736,48
1782364320,24735,24741,24732.5,24741,74
1782364380,24738.5,24741.5,24737,24741.5,40
1782364440,24741,24743,24741,24742.5,28
1782364500,24742,24745,24741,24744,54
1782364560,24744.5,24752,24743,24752,52
1782364620,24753.5,24757,24753.5,24754,46
1782364680,24753.5,24753.5,24747,24748.5,66
1782364740,24747.5,24749.5,24747.5,24748.5,26
1782364800,24748,24749,24747.5,24748,24
1782364860,24749,24750.5,24748,24749,32
1782364920,24748.5,24750.5,24745.5,24747,30
1782364980,24747.5,24749,24743,24744,28
1782365040,24743,24744.5,24742,24744.5,30
1782365100,24742,24744.5,24738,24744,44
1782365160,24744.5,24751.5,24743.5,24751.5,28
1782365220,24752,24754,24747.5,24747.5,38
1782365280,24749,24752,24748,24751,36
1782365340,24750.5,24752,24749.5,24750.5,32
1782365400,24750,24750,24745.5,24749.5,78
1782365460,24750.5,24751.5,24744,24748,54
1782365520,24748.5,24750.5,24744.5,24744.5,62
1782365580,24745.5,24747.5,24742.5,24747.5,76
1782365640,24747,24749.5,24743.5,24749.5,46
1782365700,24752.5,24753.5,24750,24753.5,64
1782365760,24754.5,24755.5,24748,24753.5,64
1782365820,24755,24755.5,24750,24751,68
1782365880,24750,24756,24749,24754.5,78
1782365940,24755.5,24758,24754,24754.5,34
1782366000,24756.5,24771,24756.5,24769.5,96
1782366060,24769,24769,24764,24767,70
1782366120,24765,24774,24761.5,24773,30
1782366180,24772.5,24775,24770.5,24773.5,68
1782366240,24776.5,24776.5,24772,24772,44
1782366300,24772.5,24774.5,24772,24773,26
1782366360,24772.5,24772.5,24766,24766.5,56
1782366420,24764,24765,24759.5,24763.5,62
1782366480,24762.5,24766,24762.5,24762.5,76
1782366540,24763.5,24767,24762.5,24766.5,26
1782366600,24765,24767,24762,24763.5,56
1782366660,24763,24763,24760,24761.5,28
1782366720,24762.5,24763,24760,24760,30
1782366780,24760.5,24761.5,24756.5,24757.5,50
1782366840,24758,24760,24756,24757.5,48
1782366900,24759,24759.5,24742,24743,60
1782366960,24741.5,24754,24741.5,24752.5,102
1782367020,24753,24754,24744.5,24747.5,80
1782367080,24748,24751,24745.5,24750.5,30
1782367140,24752,24752,24749,24749.5,68
1782367200,24750,24754.5,24747,24753.5,42
1782367260,24754.3,24762.8,24748.8,24761.8,78
1782367320,24762.8,24762.8,24748.8,24749.3,64
1782367380,24749.8,24749.8,24739.3,24740.3,92
1782367440,24742.3,24745.3,24737.8,24741.8,104
1782367500,24742.3,24742.3,24733.8,24737.8,88
1782367560,24738.8,24739.8,24731.5,24735.8,100
1782367620,24737.8,24744.8,24737.8,24743.8,90
1782367680,24744.8,24754.8,24743.8,24754.8,82
1782367740,24754.3,24762.8,24754.3,24760.8,120
1782367800,24764.3,24764.3,24755.3,24756.8,122
1782367860,24757.3,24763.8,24754.3,24763.8,106
1782367920,24764.8,24766.3,24760.8,24762.3,108
1782367980,24761.8,24768.8,24761.8,24766.3,112
1782368040,24765.3,24767.8,24756.8,24757.3,130
1782368100,24757.8,24761.3,24756.3,24757.8,126
1782368160,24757.3,24762.8,24754.3,24760.3,110
1782368220,24759.8,24764.3,24757.8,24757.8,94
1782368280,24758.3,24763.3,24757.8,24761.8,114
1782368340,24762.3,24763.8,24760.8,24763.8,98
1782368400,24762.8,24765.3,24759.8,24760.3,68
1782368460,24757.8,24762.3,24754.3,24754.8,66
1782368520,24753.8,24754.8,24750.8,24754.3,60
1782368580,24755.3,24756.8,24753.3,24753.3,56
1782368640,24753.8,24754.8,24748,24752.8,124
1782368700,24753.3,24757.8,24746.5,24751.8,100
1782368760,24752.3,24755.8,24749.3,24754.3,124
1782368820,24755.3,24761.8,24755.3,24760.3,108
1782368880,24759.8,24759.8,24750.8,24752.8,94
1782368940,24752.3,24752.8,24746.3,24746.3,54
1782369000,24745.8,24753.8,24744.3,24753.8,178
1782369060,24754.3,24755.8,24741.3,24742.8,126
1782369120,24743.8,24748.8,24740.8,24748.8,102
1782369180,24749.3,24753.3,24748.8,24749.3,86
1782369240,24747.8,24751.3,24745.3,24750.3,76
1782369300,24750.8,24756.8,24750.8,24756.8,126
1782369360,24757.3,24759.3,24753.3,24756.8,84
1782369420,24757.3,24758.3,24753.8,24755.8,70
1782369480,24756.8,24759.3,24755.3,24757.3,80
1782369540,24757.8,24758.3,24754.3,24756.3,54
1782369600,24757.8,24759.3,24752.8,24753.8,32
1782369660,24754.8,24759.8,24754.8,24758.8,58
1782369720,24759.3,24771.8,24759.3,24770.3,85
1782369780,24771.3,24771.3,24767.3,24767.3,50
1782369840,24768.3,24771.3,24765.8,24770.3,64
1782369900,24770.8,24773.8,24768.3,24773.8,110
1782369960,24774.3,24779.3,24773.3,24779.3,98
1782370020,24780.8,24780.8,24769.8,24774.3,114
1782370080,24774.8,24778.8,24768.3,24768.3,114
1782370140,24769.8,24769.8,24766.3,24769.8,78
1782370200,24769.3,24771.3,24766.8,24767.3,44
1782370260,24767.8,24769.8,24765.3,24767.3,54
1782370320,24768.3,24769.8,24760.8,24769.3,106
1782370380,24768.8,24769.3,24764.8,24765.3,70
1782370440,24764.8,24768.8,24763.8,24765.3,70
1782370500,24766.8,24771.3,24762.3,24770.8,72
1782370560,24770.3,24779.3,24769.3,24779.3,58
1782370620,24778.8,24780.8,24769,24769.3,73
1782370680,24768.8,24778.8,24768.8,24778.3,76
1782370740,24778.8,24791.8,24772.8,24791.8,200
1782370800,24798.3,24819.8,24798.3,24814.3,353
1782370860,24814.8,24824.3,24790.8,24820.8,303
1782370920,24819.8,24819.8,24801.3,24805.3,315
1782370980,24802.8,24810.8,24783.8,24788.3,356
1782371040,24788.8,24791.8,24762.8,24762.8,288
1782371100,24763.8,24782.8,24762.8,24768.3,356
1782371160,24767.8,24768.8,24758.3,24767.3,218
1782371220,24766.8,24782.3,24762.8,24782.3,266
1782371280,24782.8,24800.8,24778.3,24800.8,270
1782371340,24800.3,24808.8,24796.8,24805.3,244
1782371400,24805.8,24811.3,24797,24804.8,299
1782371460,24805.3,24812.3,24798.8,24802.3,243
1782371520,24801.8,24804.8,24795.8,24795.8,222
1782371580,24796.8,24808.3,24796.3,24803.8,198
1782371640,24803.3,24814.3,24794.8,24814.3,210
1782371700,24814.8,24826.3,24814.8,24824.8,204
1782371760,24823.8,24831.8,24817.3,24831.8,258
1782371820,24832.8,24841.3,24829.8,24836.8,228
1782371880,24835.8,24839.3,24830.3,24833.8,194
1782371940,24834.3,24834.3,24820.8,24826.8,208
1782372000,24826.3,24828.3,24814.8,24824.8,236
1782372060,24825.8,24831.3,24816.8,24826.3,210
1782372120,24825.8,24828.3,24820.8,24826.8,168
1782372180,24826.3,24828.8,24817.3,24826.8,194
1782372240,24827.8,24829.3,24817.8,24824.3,198
1782372300,24823.8,24824.3,24809.3,24809.3,215
1782372360,24809.8,24813.3,24802.8,24807.8,210
1782372420,24808.3,24814.8,24803.8,24810.3,212
1782372480,24810.8,24817.8,24805.8,24817.3,176
1782372540,24816.8,24816.8,24806.8,24811.8,208
1782372600,24811.3,24818.8,24809.3,24812.8,214
1782372660,24813.3,24822.8,24811.3,24821.8,176
1782372720,24822.3,24828.3,24820.8,24825.3,182
1782372780,24824.8,24828.3,24819.3,24826.3,180
1782372840,24826.8,24830.8,24812.8,24816.8,180
1782372900,24817.3,24825.8,24816.8,24821.8,156
1782372960,24822.3,24827.3,24820.3,24823.3,160
1782373020,24823.8,24829.3,24821.3,24824.3,150
1782373080,24824.8,24832.8,24822.3,24827.3,202
1782373140,24827.8,24833.3,24824.3,24833.3,166
1782373200,24832.8,24836.8,24824.8,24826.3,150
1782373260,24826.8,24826.8,24819.8,24820.3,165
1782373320,24821.3,24825.3,24815.8,24823.8,186
1782373380,24822.3,24837.3,24822.3,24834.3,164
1782373440,24833.8,24837.3,24817.8,24819.8,146
1782373500,24819.3,24824.3,24816.3,24824.3,172
1782373560,24823.8,24826.8,24819.8,24821.3,158
1782373620,24821.8,24826.3,24819.8,24825.8,162
1782373680,24826.3,24833.3,24821.3,24829.8,162
1782373740,24828.8,24832.3,24825.3,24826.8,140
1782373800,24826.3,24829.8,24824.8,24827.3,148
1782373860,24827.8,24831.8,24824.8,24829.8,172
1782373920,24828.8,24831.3,24821.8,24830.8,180
1782373980,24830.3,24833.3,24828.3,24830.8,124
1782374040,24829.8,24831.8,24822.3,24825.8,116
1782374100,24825.3,24830.8,24823.8,24826.8,156
1782374160,24826.3,24834.3,24824.3,24832.8,142
1782374220,24832.3,24838.3,24831.3,24836.5,118
1782374280,24838.3,24846.3,24835.3,24844.3,149
1782374340,24845.3,24854.3,24844.8,24854.3,98
1782374400,24855.3,24859.3,24838.8,24858.3,245
1782374460,24858.3,24869.8,24857.8,24866.3,195
1782374520,24865.8,24870.3,24861.3,24862.3,107
1782374580,24863.3,24863.3,24849.3,24855.3,186
1782374640,24854.8,24859.8,24851.3,24851.8,180
1782374700,24852.8,24862.8,24852.8,24860.3,176
1782374760,24860.8,24866.3,24856.8,24861.8,164
1782374820,24861.3,24871.3,24860.3,24866.8,148
1782374880,24866.3,24868.3,24861.3,24862.8,132
1782374940,24862.3,24865.8,24861.8,24863.3,114
1782375000,24862.8,24866.8,24857.8,24859.3,164
1782375060,24860.3,24860.3,24853.3,24856.8,158
1782375120,24857.3,24859.8,24853.3,24855.3,111
1782375180,24854.3,24855.3,24845.8,24850.8,134
1782375240,24850.3,24853.8,24845.3,24853.8,151
1782375300,24854.3,24854.3,24833.3,24833.8,158
1782375360,24834.8,24836.3,24824.3,24825.8,172
1782375420,24824.8,24836.3,24819.3,24833.5,187
1782375480,24834,24836.8,24828.8,24836.8,180
1782375540,24837.3,24846.8,24834.8,24846.3,200
1782375600,24845.3,24849.8,24838.3,24845.3,166
1782375660,24845.8,24861.8,24843.8,24861.8,150
1782375720,24861.3,24864.8,24851.8,24852.8,156
1782375780,24852.3,24856.3,24846.8,24848.8,150
1782375840,24849.3,24850.8,24843.3,24845.8,126
1782375900,24845.3,24854.8,24844.3,24850.3,190
1782375960,24850.8,24854.8,24847.8,24852.8,176
1782376020,24853.3,24855.3,24845.3,24849.3,142
1782376080,24848.8,24861.3,24848.8,24858.3,142
1782376140,24857.3,24857.8,24851.8,24851.8,162
1782376200,24851.3,24861.3,24848.3,24860.3,186
1782376260,24859.8,24863.3,24857.8,24861.3,163
1782376320,24861.8,24869.3,24861.3,24864.3,114
1782376380,24863.8,24872.3,24861.3,24868.8,154
1782376440,24869.3,24873.8,24865.3,24865.3,142
1782376500,24864.3,24874.3,24864.3,24869.3,120
1782376560,24869.8,24882.3,24869.3,24882.3,122
1782376620,24882.8,24882.8,24878.3,24882.3,134
1782376680,24881.8,24884.8,24878.3,24881.3,190
1782376740,24881.8,24892.3,24880.3,24889.3,154
1782376800,24889.8,24894.8,24887.8,24891.3,142
1782376860,24890.8,24894.3,24889.3,24891.3,144
1782376920,24892.3,24892.8,24888.8,24890.3,128
1782376980,24889.8,24892.8,24888,24890.8,109
1782377040,24890.3,24890.3,24881.8,24881.8,148
1782377100,24882.3,24886.3,24880.3,24880.8,116
1782377160,24881.3,24881.3,24873.3,24873.8,150
1782377220,24873.3,24873.8,24869.3,24872.3,88
1782377280,24873.3,24877.3,24870.3,24877.3,116
1782377340,24877.8,24882.3,24875.8,24879.8,116
1782377400,24880.8,24884.8,24878.3,24878.8,154
1782377460,24877.8,24885.3,24874.3,24875.3,148
1782377520,24874.8,24878.8,24868.8,24875.8,144
1782377580,24876.3,24879.3,24874.3,24874.3,130
1782377640,24873.8,24877.3,24872.3,24877.3,114
1782377700,24876.8,24881.3,24875.3,24877.8,136
1782377760,24878.3,24878.3,24866.3,24866.8,112
1782377820,24867.8,24870.3,24863.8,24870.3,148
1782377880,24870.8,24874.3,24866.8,24871.3,128
1782377940,24871.8,24876.3,24869.3,24872.3,128
1782378000,24871.8,24880.3,24871.3,24876.8,158
1782378060,24877.3,24878.3,24870.3,24872.8,136
1782378120,24872.3,24882.8,24871.3,24881.3,134
1782378180,24882.3,24889.8,24880.3,24889.3,112
1782378240,24888.8,24890.3,24886,24889.8,137
1782378300,24889.3,24897.8,24889.3,24896.3,132
1782378360,24895.8,24900.3,24894.3,24897.3,134
1782378420,24896.8,24902.8,24894.8,24902.8,116
1782378480,24903.3,24903.3,24894.3,24896.3,148
1782378540,24895.8,24899.8,24891.3,24891.3,136
1782378600,24892.8,24894.3,24886.3,24890.3,110
1782378660,24890.8,24900.8,24887.8,24900.3,116
1782378720,24901.8,24909.3,24900.8,24907.3,152
1782378780,24908.3,24910.8,24905.8,24908.8,84
1782378840,24908.3,24911.3,24904.8,24910.3,106
1782378900,24909.8,24911.3,24903.8,24905.3,128
1782378960,24904.8,24915.3,24901.3,24913.3,134
1782379020,24912.3,24912.8,24897.3,24898.3,118
1782379080,24897.8,24897.8,24886.3,24886.3,144
1782379140,24886.8,24893.8,24882.8,24883.8,168
1782379200,24883.3,24888.3,24879.8,24879.8,146
1782379260,24881.3,24887.3,24881.3,24885.3,114
1782379320,24884.8,24891.3,24883.8,24887.3,142
1782379380,24887.8,24892.3,24885.3,24886.3,126
1782379440,24886.8,24888.3,24884.3,24888.3,140
1782379500,24887.3,24887.3,24882.8,24884.8,98
1782379560,24884.3,24885.3,24880.3,24882.8,154
1782379620,24883.3,24883.8,24879.3,24881.3,114
1782379680,24882.3,24886.3,24878.3,24886.3,116
1782379740,24885.8,24889.3,24882.3,24883.8,148
1782379800,24885.3,24885.3,24875.8,24878.8,118
1782379860,24879.3,24880.3,24873.3,24873.3,118
1782379920,24873.8,24881.8,24873.3,24877.3,168
1782379980,24875.8,24879.3,24873.8,24878.3,137
1782380040,24878.8,24879.3,24870.8,24872.8,197
1782380100,24873.3,24885.8,24870.3,24883.8,152
1782380160,24883.3,24895.3,24883.3,24894.8,116
1782380220,24895.3,24898.8,24892.3,24898.8,112
1782380280,24898.3,24905.3,24896.3,24902.3,129
1782380340,24903.3,24906.3,24899.5,24899.8,108
1782380400,24900.3,24901.3,24894.3,24898.8,144
1782380460,24899.3,24899.3,24894.3,24895.8,128
1782380520,24896.3,24896.3,24888.8,24890.8,168
1782380580,24891.3,24899.3,24890.3,24894.3,138
1782380640,24894.8,24899.3,24894.8,24897.3,114
1782380700,24897.8,24901.3,24891.8,24892.8,138
1782380760,24893.3,24893.8,24888.8,24889.3,118
1782380820,24888.3,24895.8,24885.8,24891.3,140
1782380880,24890.8,24898.3,24889.8,24894.8,120
1782380940,24895.3,24897.3,24891.5,24893.8,125
1782381000,24892.8,24895.3,24889.3,24889.3,98
1782381060,24889.8,24897.3,24887.8,24897.3,128
1782381120,24898.3,24907.3,24897.3,24905.8,94
1782381180,24906.3,24912.3,24905.3,24911.8,127
1782381240,24911.3,24912.3,24908.3,24909.3,96
1782381300,24909.8,24912.3,24902.8,24903.3,114
1782381360,24902.8,24909.3,24902.3,24908.3,84
1782381420,24908.8,24911.3,24899.8,24900.3,142
1782381480,24900.8,24909.3,24899.8,24909.3,94
1782381540,24908.8,24910.3,24905.8,24909.3,110
1782381600,24909.8,24910.3,24900.3,24901.3,138
1782381660,24901.8,24907.8,24898.3,24906.8,145
1782381720,24906.3,24911.3,24906.3,24911.3,92
1782381780,24912.3,24915.8,24909.3,24915.8,134
1782381840,24915.3,24922.3,24912.3,24921.3,114
1782381900,24920.3,24923.8,24917.3,24917.3,150
1782381960,24919.8,24923.3,24918.3,24921.3,156
1782382020,24920.3,24921.8,24918.8,24921.3,56
1782382080,24919.3,24919.3,24913.8,24915.8,130
1782382140,24916.3,24918.8,24915.3,24916.3,96
1782382200,24916.8,24917.3,24909.8,24911.8,118
1782382260,24911.3,24911.8,24906.3,24906.8,78
1782382320,24906.3,24909.8,24905.3,24908.8,124
1782382380,24908.3,24910.3,24902.8,24902.8,58
1782382440,24903.3,24903.3,24894.3,24896.3,115
1782382500,24895.8,24902.3,24893.8,24902.3,104
1782382560,24904.3,24909.3,24903.8,24906.3,106
1782382620,24905.8,24907.3,24896.3,24897.8,114
1782382680,24898.8,24899.3,24895.3,24898.3,128
1782382740,24897.8,24900.3,24892.3,24893.3,118
1782382800,24893.8,24893.8,24886.3,24886.8,114
1782382860,24886.3,24899.3,24886.3,24899.3,122
1782382920,24899.8,24906.8,24899.8,24906.8,108
1782382980,24907.3,24909.3,24903.3,24908.3,106
1782383040,24908.8,24911.8,24904.3,24906.3,144
1782383100,24906.8,24909.8,24904.3,24909.8,110
1782383160,24910.3,24911.3,24907.3,24910.3,84
1782383220,24909.8,24916.3,24909.3,24916.3,80
1782383280,24915.8,24917.8,24912.3,24912.8,114
1782383340,24913.3,24915.8,24910.3,24912.3,108
1782383400,24910.8,24911.3,24898.3,24899.3,136
1782383460,24897.8,24903.8,24895.3,24901.3,110
1782383520,24901.8,24907.3,24898.8,24905.8,112
1782383580,24906.3,24907.3,24901.3,24904.3,92
1782383640,24903.3,24907.8,24899.8,24907.3,104
1782383700,24907.8,24909.3,24903.8,24907.3,116
1782383760,24905.3,24909.3,24903.8,24906.3,98
1782383820,24906.8,24913.3,24905.8,24911.8,128
1782383880,24912.3,24917.3,24911.3,24915.3,106
1782383940,24914.3,24916.3,24911.8,24915.8,66
1782384000,24915.3,24919.8,24915.3,24918.3,92
1782384060,24917.3,24918.8,24911.3,24913.3,128
1782384120,24912.8,24917.3,24912.8,24917.3,72
1782384180,24918.3,24920.3,24912.8,24913.3,106
1782384240,24911.3,24912.8,24903.3,24904.3,102
1782384300,24903.8,24905.8,24900.8,24905.3,100
1782384360,24904.8,24916.3,24904.8,24915.3,112
1782384420,24913.8,24918.8,24913.8,24918.3,88
1782384480,24917.8,24922.3,24917.3,24922.3,94
1782384540,24923.8,24924.3,24918.8,24923.3,112
1782384600,24922.8,24925.3,24920.3,24921.8,126
1782384660,24921.3,24926.3,24921.3,24926.3,82
1782384720,24925.8,24929.3,24922.8,24924.3,66
1782384780,24923.8,24924.3,24921.3,24922.8,106
1782384840,24923.3,24924.3,24920.3,24921.8,104
1782384900,24922.3,24923.3,24918.8,24922.3,92
1782384960,24921.8,24923.3,24918.3,24918.8,108
1782385020,24918.3,24920.3,24914.8,24915.3,94
1782385080,24915.8,24919.3,24915.8,24918.3,94
1782385140,24918.8,24922.3,24915.8,24920.3,114
1782385200,24919.8,24924.8,24918.3,24918.8,124
1782385260,24919.3,24925.3,24917.3,24921.3,116
1782385320,24920.8,24921.8,24912.3,24913.8,166
1782385380,24913.3,24915.3,24909.3,24911.8,126
1782385440,24912.3,24917.3,24911.3,24914.8,138
1782385500,24915.3,24916.3,24908.8,24911.8,136
1782385560,24912.3,24912.8,24899.3,24900.3,160
1782385620,24899.8,24902.3,24897.3,24897.3,133
1782385680,24897.8,24903.3,24895.3,24901.8,120
1782385740,24901.3,24901.8,24897.3,24901.3,104
1782385800,24902.3,24906.3,24899.8,24901.3,124
1782385860,24899.3,24904.3,24895.8,24899.8,138
1782385920,24899.3,24900.8,24894.3,24899.3,134
1782385980,24898.8,24902.8,24897.3,24899.3,94
1782386040,24898.8,24901.8,24892.3,24893.3,124
1782386100,24892.8,24892.8,24883.8,24889.3,122
1782386160,24888.8,24894.3,24888.8,24891.3,126
1782386220,24891.8,24892.8,24889.3,24889.8,98
1782386280,24890.3,24895.3,24889.3,24893.3,154
1782386340,24892.8,24893.8,24884.8,24885.3,106
1782386400,24884.3,24885.3,24876.3,24878.3,116
1782386460,24877.3,24877.3,24869.8,24871.3,136
1782386520,24870.8,24872.3,24867.3,24870.8,116
1782386580,24871.3,24871.8,24864.3,24865.3,172
1782386640,24866.3,24870.8,24862.3,24865.8,190
1782386700,24866.3,24868.8,24864.8,24866.3,112
1782386760,24866.8,24867.3,24861.8,24864.8,94
1782386820,24863.3,24872.3,24863.3,24870.3,110
1782386880,24872.3,24873.3,24868.8,24869.8,134
1782386940,24870.3,24871.8,24866.8,24870.3,90
1782387000,24871.3,24871.3,24865.3,24867.8,164
1782387060,24867.3,24873.3,24863.3,24872.8,86
1782387120,24873.3,24876.3,24873.3,24875.8,98
1782387180,24876.3,24885.3,24876.3,24883.3,122
1782387240,24882.8,24886.8,24879.3,24885.3,130
1782387300,24885.8,24892.3,24884.8,24892.3,80
1782387360,24890.8,24895.3,24886.8,24888.8,90
1782387420,24888.3,24890.3,24880.8,24886.3,148
1782387480,24885.3,24893.8,24884.8,24893.3,126
1782387540,24892.8,24896.3,24891.3,24896.3,113
1782387600,24897.8,24897.8,24890.3,24892.3,136
1782387660,24891.8,24891.8,24884.8,24887.3,124
1782387720,24887.8,24892.8,24887.3,24890.8,100
1782387780,24891.3,24894.3,24890.8,24893.3,82
1782387840,24892.8,24899.8,24892.8,24899.8,100
1782387900,24898.8,24909.3,24897.8,24905.3,84
1782387960,24905.8,24905.8,24901.3,24904.8,130
1782388020,24904.3,24904.8,24899.3,24899.3,116
1782388080,24898.8,24909.3,24898.3,24907.8,134
1782388140,24908.3,24911.3,24904.8,24909.3,112
1782388200,24909.8,24913.8,24909.3,24912.3,134
1782388260,24913.3,24919.3,24912.3,24918.8,156
1782388320,24917.8,24917.8,24909.3,24912.3,118
1782388380,24912.8,24916.3,24912.8,24914.3,122
1782388440,24913.8,24915.8,24907.3,24907.3,102
1782388500,24907.8,24913.8,24907.3,24912.3,86
1782388560,24912.8,24916.3,24910.8,24914.8,94
1782388620,24915.3,24918.3,24912.3,24917.8,134
1782388680,24917.3,24917.3,24911.8,24913.8,112
1782388740,24914.3,24916.3,24905.8,24909.8,102
1782388800,24908.8,24914.8,24907.8,24911.3,92
1782388860,24910.8,24917.3,24908.8,24917.3,138
1782388920,24916.8,24920.8,24909.3,24910.8,124
1782388980,24911.3,24914.3,24909.3,24909.8,128
1782389040,24909.3,24912.3,24907.3,24908.3,108
1782389100,24908.8,24922.3,24908.8,24921.8,124
1782389160,24921.3,24924.3,24918.8,24923.8,128
1782389220,24923.3,24932.8,24923.3,24932.3,116
1782389280,24932.8,24944.3,24932.3,24942.3,162
1782389340,24942.8,24943.3,24936.3,24937.3,102
1782389400,24936.8,24936.8,24929.3,24930.8,148
1782389460,24931.3,24939.8,24931.3,24939.3,116
1782389520,24938.8,24947.3,24938.8,24945.3,96
1782389580,24944.8,24945.8,24934.3,24936.8,128
1782389640,24936.3,24940.8,24931.3,24939.8,148
1782389700,24939.3,24944.8,24938.3,24944.3,100
1782389760,24945.3,24945.3,24935.3,24935.8,132
1782389820,24935.3,24936.8,24931.3,24936.8,138
1782389880,24937.3,24937.3,24932.3,24936.8,166
1782389940,24936.3,24942.8,24935.8,24942.3,110
1782390000,24943.3,24943.3,24930.3,24932.8,130
1782390060,24933.3,24935.8,24928.3,24933.3,134
1782390120,24933.8,24937.3,24932.3,24935.3,138
1782390180,24934.8,24937.3,24931.3,24935.3,96
1782390240,24935.8,24939.3,24935.3,24936.3,68
1782390300,24935.8,24936.3,24926.8,24928.3,126
1782390360,24929.3,24929.8,24921.3,24921.3,74
1782390420,24920.8,24924.8,24920.3,24924.3,72
1782390480,24923.8,24924.3,24919.3,24919.8,72
1782390540,24920.3,24920.3,24914.8,24914.8,60
1782390600,24918.8,24967.8,24918.8,24961.8,307
1782390660,24959.8,24967.8,24955.3,24957.3,260
1782390720,24957.8,24966.8,24956.8,24966.8,244
1782390780,24966.3,24971.8,24964.8,24971.3,194
1782390840,24970.8,24980.8,24965.8,24980.8,238
1782390900,24981.3,24981.3,24971.8,24975.3,222
1782390960,24973.8,24984.3,24973.3,24979.8,216
1782391020,24980.3,24986.3,24978.3,24978.8,196
1782391080,24978.3,24978.3,24966.8,24972.3,220
1782391140,24972.8,24974.3,24967.8,24967.8,220
1782391200,24968.3,24972.8,24963.3,24963.8,178
1782391260,24963.3,24970.3,24960.3,24966.3,148
1782391320,24965.8,24976.8,24964.3,24969.3,148
1782391380,24968.3,24968.3,24955.8,24958.3,120
1782391440,24960.3,24965.8,24958.3,24962.8,182
1782391500,24963.3,24972.8,24963.3,24970.3,188
1782391560,24969.8,24978.3,24965.8,24978.3,187
1782391620,24977.3,24984.8,24976.8,24983.3,164
1782391680,24983.8,24983.8,24977.3,24981.8,130
1782391740,24981.3,24987.3,24980.3,24985.8,162
1782391800,24985.3,24993.8,24983.3,24984.3,180
1782391860,24983.8,24991.8,24979.8,24990.8,180
1782391920,24990.3,24992.8,24988.8,24990.8,164
1782391980,24990.3,24992.3,24985.3,24985.8,156
1782392040,24985.3,24992.3,24983.8,24991.8,118
1782392100,24992.3,24993.8,24983.8,24987.8,180
1782392160,24987.3,24987.3,24978.8,24981.8,132
1782392220,24982.3,24985.8,24981.3,24985.3,80
1782392280,24984.3,24985.3,24974.3,24976.3,170
1782392340,24975.8,24980.3,24973.3,24977.3,108
1782392400,24976.8,24982.8,24972.8,24979.3,218
1782392460,24980.3,24984.8,24978.3,24981.3,158
1782392520,24982.3,24988.8,24981.8,24987.3,180
1782392580,24987.8,24991.8,24987.3,24990.8,164
1782392640,24991.3,24997.3,24988.3,24991.3,150
1782392700,24991.8,24991.8,24981.3,24983.3,172
1782392760,24982.8,24987.8,24973.3,24975.8,136
1782392820,24975.3,24988.8,24975.3,24985.8,156
1782392880,24986.3,24989.3,24982.8,24985.3,150
1782392940,24984.8,24989.3,24982.3,24988.3,134
1782393000,24989.3,24993.3,24985.3,24990.3,168
1782393060,24989.8,24991.3,24985.8,24986.8,192
1782393120,24986.3,24991.3,24984.8,24986.3,168
1782393180,24985.8,24993.3,24985.8,24993.3,120
1782393240,24993.8,24994.3,24983.8,24984.3,118
1782393300,24983.3,24985.8,24979.3,24985.8,186
1782393360,24986.3,24988.8,24983.3,24986.3,144
1782393420,24986.8,24989.8,24979.8,24980.3,108
1782393480,24981.8,24981.8,24969.3,24970.3,163
1782393540,24969.8,24977.8,24968.3,24975.3,206
1782393600,24975.8,24976.3,24968.3,24972.8,175
1782393660,24973.8,24979.8,24972.8,24977.8,142
1782393720,24977.3,24981.8,24977.3,24979.8,156
1782393780,24980.3,24982.3,24969.3,24971.3,133
1782393840,24970.8,24976.3,24968.3,24973.3,166
1782393900,24975.3,24980.3,24973.8,24979.3,140
1782393960,24979.8,24983.8,24978.3,24979.8,144
1782394020,24979.3,24985.8,24978.8,24981.3,222
1782394080,24981.8,24989.8,24980.3,24989.3,200
1782394140,24989.8,24995.8,24989.3,24994.3,144
1782394200,24993.8,25010.3,24986.3,25008.3,318
1782394260,25007.8,25007.8,24988.8,24990.3,306
1782394320,24989.8,24991.3,24976.8,24982.8,268
1782394380,24981.3,24984.3,24966.5,24970.3,285
1782394440,24970.8,24981.3,24970.8,24973.8,250
1782394500,24972.8,24980.8,24968.8,24979.8,246
1782394560,24980.8,24989.3,24978.3,24984.3,256
1782394620,24983.8,24993.8,24983.8,24991.8,252
1782394680,24992.3,24995.8,24985.3,24993.8,240
1782394740,24993.3,24995.8,24984.3,24987.3,252
1782394800,24987.8,24989.8,24974.3,24977.8,280
1782394860,24977.3,24984.8,24970.8,24971.3,216
1782394920,24971.8,24974.8,24961.8,24966.8,256
1782394980,24966.3,24967.3,24946.3,24947.3,302
1782395040,24945.8,24955.8,24929.8,24929.8,346
1782395100,24932.8,24939.3,24903.8,24904.8,356
1782395160,24905.8,24911.8,24890.8,24895.8,432
1782395220,24896.3,24901.8,24884.8,24893.8,359
1782395280,24893.3,24903.3,24878.3,24878.3,388
1782395340,24878.8,24908.3,24873.3,24905.3,372
1782395400,24904.8,24918.8,24903.3,24917.8,376
1782395460,24918.8,24922.8,24886.8,24886.8,390
1782395520,24887.8,24894.8,24872.3,24879.3,374
1782395580,24878.8,24881.3,24864,24870.8,352
1782395640,24869.8,24880.8,24861.8,24867.3,376
1782395700,24867.8,24876.8,24848.3,24857.3,378
1782395760,24857.8,24865.8,24853.8,24854.3,410
1782395820,24854.8,24869.3,24844.3,24867.8,416
1782395880,24868.8,24871.8,24853.8,24854.8,386
1782395940,24853.8,24861.8,24845.3,24853.3,386
1782396000,24855.3,24877.3,24854.8,24868.8,442
1782396060,24867.3,24945.8,24864.8,24927.3,458
1782396120,24923.3,24962.8,24910.8,24958.3,462
1782396180,24957.8,24976.3,24952.8,24960.8,420
1782396240,24961.3,24974.3,24955.3,24970.3,430
1782396300,24974.8,25022.8,24974.8,25001.3,458
1782396360,25000.8,25000.8,24982.3,24991.8,420
1782396420,24990.8,25010.8,24984.8,24984.8,376
1782396480,24985.8,24987.8,24974.3,24980.8,384
1782396540,24979.8,24999.3,24975.8,24990.8,372
1782396600,24990.3,25019.8,24987.8,25014.8,374
1782396660,25012.8,25024.3,25002.3,25022.8,348
1782396720,25022.3,25031.3,25016.8,25020.3,388
1782396780,25019.8,25023.3,25000.3,25002.8,348
1782396840,25003.3,25017.8,25002.3,25007.8,348
1782396900,25008.8,25014.8,25001.3,25007.8,368
1782396960,25006.8,25008.8,24993.8,25000.8,342
1782397020,25001.8,25027.8,24999.8,25022.8,322
1782397080,25023.3,25036.8,25021.8,25030.8,352
1782397140,25031.8,25067.3,25027.8,25067.3,358
1782397200,25066.3,25088.3,25065.3,25081.8,400
1782397260,25081.3,25088.8,25073.8,25075.8,385
1782397320,25075.3,25076.3,25060.8,25060.8,302
1782397380,25061.3,25069.3,25057.3,25060.3,326
1782397440,25059.8,25061.8,25044.8,25051.8,356
1782397500,25052.3,25066.8,25051.8,25064.3,322
1782397560,25064.8,25065.3,25055.8,25060.8,302
1782397620,25059.8,25062.3,25051.3,25052.8,326
1782397680,25053.3,25058.8,25048.8,25052.8,294
1782397740,25053.8,25063.8,25052.8,25058.3,308
1782397800,25059.8,25067.8,25058.3,25066.3,326
1782397860,25066.8,25077.8,25065.3,25067.3,322
1782397920,25065.8,25079.3,25061.3,25077.3,306
1782397980,25077.8,25086.3,25073.8,25076.8,292
1782398040,25076.3,25080.3,25069.3,25076.8,290
1782398100,25077.3,25078.8,25059.8,25061.3,304
1782398160,25060.8,25080.8,25060.3,25077.8,284
1782398220,25078.8,25083.8,25067.8,25071.8,282
1782398280,25072.3,25075.8,25066.8,25074.3,284
1782398340,25073.3,25090.8,25073.3,25086.3,318
1782398400,25086.8,25090.8,25073.3,25073.8,300
1782398460,25074.3,25081.8,25070.8,25078.3,302
1782398520,25077.8,25079.8,25070.8,25075.8,274
1782398580,25074.8,25075.8,25051.3,25051.8,332
1782398640,25052.3,25056.8,25047.8,25051.8,325
1782398700,25052.3,25056.3,25033.3,25034.3,316
1782398760,25033.3,25040.3,25028.8,25028.8,273
1782398820,25029.3,25036.8,25026.8,25034.3,268
1782398880,25033.8,25049.3,25030.8,25049.3,320
1782398940,25049.8,25053.8,25046.8,25049.8,282
1782399000,25048.3,25060.3,25047.8,25058.3,280
1782399060,25056.8,25072.8,25054.8,25071.8,310
1782399120,25070.8,25074.3,25062.8,25073.3,290
1782399180,25071.8,25076.8,25063.3,25066.3,238
1782399240,25066.8,25075.8,25065.3,25073.8,248
1782399300,25074.3,25077.3,25063.8,25064.3,280
1782399360,25063.8,25068.3,25058.8,25064.8,290
1782399420,25065.8,25065.8,25044.3,25045.3,286
1782399480,25046.8,25061.3,25046.8,25053.8,244
1782399540,25054.3,25061.3,25050.3,25057.8,230
1782399600,25058.8,25061.3,25047.8,25058.8,294
1782399660,25058.3,25060.3,25048.8,25048.8,258
1782399720,25049.3,25050.3,25040.3,25049.8,238
1782399780,25050.3,25052.3,25043.3,25047.8,244
1782399840,25048.8,25067.8,25048.8,25067.3,266
1782399900,25065.3,25074.8,25045.8,25052.8,348
1782399960,25052.3,25056.8,25037.8,25038.3,326
1782400020,25037.8,25040.3,25022.8,25023.8,308
1782400080,25024.8,25032.3,25021.8,25027.8,256
1782400140,25028.3,25028.3,25014.3,25020.8,224
1782400200,25020.3,25020.3,25007.3,25012.8,246
1782400260,25013.3,25013.3,24994.3,24995.8,299
1782400320,24996.3,25002.3,24978.8,24982.8,280
1782400380,24982.3,24990.3,24982.3,24987.8,278
1782400440,24988.8,24990.3,24979.3,24985.8,296
1782400500,24983.8,24983.8,24967.3,24972.3,294
1782400560,24971.3,24974.8,24961.3,24967.3,326
1782400620,24966.8,24982.3,24965.8,24980.8,334
1782400680,24981.3,24987.3,24975.3,24977.3,270
1782400740,24976.8,24989.3,24975.3,24985.8,288
1782400800,24986.3,24996.3,24983.8,24996.3,300
1782400860,24995.8,25018.8,24995.8,25018.8,296
1782400920,25017.8,25018.8,25008.3,25010.8,232
1782400980,25010.3,25019.8,25006.8,25009.3,258
1782401040,25010.8,25024.8,25010.8,25019.3,268
1782401100,25019.8,25019.8,25007.3,25014.3,296
1782401160,25014.8,25018.8,25002.3,25008.8,258
1782401220,25008.3,25008.3,25001.8,25002.8,262
1782401280,25003.8,25005.8,24992.3,25000.8,266
1782401340,25000.3,25008.3,24992.3,25002.8,234
1782401400,24999.6,25007.1,24993.6,25002.6,340
1782401460,25002.1,25015.1,24999.6,25006.6,278
1782401520,25008.6,25025.6,25006.6,25022.6,270
1782401580,25023.1,25029.1,25018.6,25026.1,274
1782401640,25024.6,25029.1,24990.6,24999.6,384
1782401700,25000.6,25020.6,24999.6,25013.6,350
1782401760,25015.1,25020.1,25008.6,25013.1,260
1782401820,25014.6,25031.1,25012.1,25024.6,260
1782401880,25025.1,25028.6,25019.6,25027.6,216
1782401940,25026.6,25026.6,25012.6,25013.1,202
1782402000,25011.6,25020.6,25006.1,25017.6,208
1782402060,25017.1,25023.6,25009.6,25023.1,250
1782402120,25022.1,25028.1,25017.6,25027.1,194
1782402180,25026.1,25030.6,25022.6,25025.6,220
1782402240,25026.6,25038.6,25025.6,25032.1,230
1782402300,25032.6,25041.6,25024.6,25038.6,258
1782402360,25039.1,25047.6,25037.1,25043.1,260
1782402420,25042.6,25049.6,25041.1,25044.6,212
1782402480,25044.1,25044.1,25030.6,25035.1,216
1782402540,25034.6,25037.1,25025.6,25029.6,216
1782402600,25029.1,25030.1,25018.6,25026.1,256
1782402660,25026.6,25037.6,25026.1,25029.1,226
1782402720,25028.6,25032.1,25025.6,25028.1,198
1782402780,25028.6,25029.6,25022.6,25023.6,226
1782402840,25022.6,25030.1,25022.6,25027.1,194
1782402900,25027.6,25032.1,25024.6,25027.6,190
1782402960,25028.6,25032.6,25024.6,25030.1,174
1782403020,25030.6,25037.6,25028.6,25034.1,194
1782403080,25033.6,25035.6,25031.6,25032.1,218
1782403140,25031.6,25032.1,25024.6,25025.6,222
1782403200,25026.1,25030.6,25020.6,25028.6,268
1782403260,25029.6,25032.6,25016.1,25024.6,270
1782403320,25024.1,25025.6,25018.6,25022.1,218
1782403380,25022.6,25027.6,25018.6,25023.6,248
1782403440,25025.1,25032.1,25023.6,25029.1,214
1782403500,25028.6,25034.1,25026.6,25032.1,196
1782403560,25032.6,25049.6,25031.6,25049.1,202
1782403620,25049.6,25049.6,25042.6,25043.6,250
1782403680,25044.1,25051.1,25042.1,25051.1,224
1782403740,25050.6,25050.6,25039.6,25046.6,242
1782403800,25045.6,25055.6,25043.6,25051.6,200
1782403860,25051.1,25054.6,25044.6,25045.6,200
1782403920,25046.1,25047.6,25042.1,25043.6,174
1782403980,25045.6,25053.6,25043.6,25049.6,182
1782404040,25049.1,25049.1,25043.6,25045.6,164
1782404100,25046.1,25048.1,25044.1,25047.6,156
1782404160,25047.1,25052.6,25046.6,25051.6,186
1782404220,25051.1,25055.6,25045.6,25048.1,216
1782404280,25047.6,25051.1,25044.6,25047.1,186
1782404340,25046.6,25048.6,25043.6,25043.6,202
1782404400,25044.1,25048.1,25042.1,25042.6,212
1782404460,25041.1,25050.1,25040.1,25049.1,246
1782404520,25046.6,25048.6,25039,25040.6,204
1782404580,25039.6,25042.6,25030.6,25030.6,142
1782404640,25030.1,25036.1,25028.6,25033.1,218
1782404700,25032.6,25037.6,25027.6,25028.1,222
1782404760,25027.6,25035.6,25027.6,25033.1,152
1782404820,25032.6,25033.1,25027.6,25030.6,172
1782404880,25031.6,25033.6,25028.6,25032.6,200
1782404940,25033.1,25036.1,25030.1,25034.1,218
1782405000,25033.6,25033.6,25023.6,25027.6,172
1782405060,25027.1,25028.6,25018.6,25019.6,160
1782405120,25020.6,25026.6,25020.6,25023.6,170
1782405180,25023.1,25023.1,25013.1,25022.1,222
1782405240,25021.6,25022.1,25015.1,25021.1,178
1782405300,25020.1,25022.1,25015.6,25020.1,238
1782405360,25020.6,25024.1,25016.6,25018.1,195
1782405420,25017.6,25017.6,25012.6,25014.6,228
1782405480,25015.1,25016.6,25010.6,25013.6,182
1782405540,25013.1,25014.1,25002.6,25003.6,184
1782405600,25004.1,25005.6,24999.6,25002.1,196
1782405660,25002.6,25007.6,24995.1,24995.1,194
1782405720,24995.6,25003.6,24995.1,24997.6,194
1782405780,24997.1,25000.1,24987.1,24987.1,246
1782405840,24986.6,24989.1,24984.1,24986.6,250
1782405900,24987.1,24988.6,24969.1,24970.6,270
1782405960,24971.6,24987.1,24969.6,24985.6,248
1782406020,24986.6,24995.1,24985.1,24990.1,194
1782406080,24989.6,25000.1,24989.6,24998.6,214
1782406140,24998.1,25006.1,24995.6,25004.6,206
1782406200,25005.1,25008.6,25000.6,25007.6,224
1782406260,25007.1,25008.6,24997.6,24998.6,198
1782406320,24999.1,25004.1,24993.1,25001.6,222
1782406380,25000.6,25005.1,24992.6,24994.1,186
1782406440,24993.6,24997.6,24992.6,24993.6,192
1782406500,24994.1,24994.6,24981.6,24984.6,156
1782406560,24984.1,24991.1,24983.1,24984.6,194
1782406620,24984.1,24988.6,24982.6,24982.6,184
1782406680,24983.6,24991.1,24983.1,24990.6,152
1782406740,24990.1,24996.1,24988.6,24994.6,144
1782406800,24995.1,25003.6,24994.1,25001.6,212
1782406860,25001.1,25004.1,24998.1,25003.1,234
1782406920,25002.1,25003.6,24993.6,24994.6,184
1782406980,24995.1,25000.1,24994.6,24998.6,146
1782407040,24999.1,25002.6,24991.6,24991.6,176
1782407100,24992.6,24996.1,24989.6,24994.1,112
1782407160,24992.6,24992.6,24983.6,24983.6,152
1782407220,24984.1,24989.1,24982.6,24989.1,188
1782407280,24990.6,24994.6,24986.6,24989.6,160
1782407340,24990.1,24992.6,24989.6,24990.1,124
1782407400,24990.6,25001.6,24990.1,25000.6,218
1782407460,25001.1,25011.1,25000.6,25003.1,200
1782407520,25004.1,25004.1,24993.6,24999.6,172
1782407580,24999.1,25006.6,24998.6,25006.6,124
1782407640,25006.1,25009.1,25000.6,25002.1,142
1782407700,25002.6,25018.1,25002.1,25016.6,204
1782407760,25016.1,25022.1,25012.1,25013.1,169
1782407820,25013.6,25016.6,25007.1,25010.6,198
1782407880,25011.1,25011.1,25002.6,25003.6,168
1782407940,25002.6,25007.6,24994.1,24995.1,170
1782408000,24993.6,25001.6,24987.1,25000.6,242
1782408060,25000.1,25002.1,24995.6,24996.1,258
1782408120,24995.6,25000.1,24992.6,24994.1,206
1782408180,24994.6,24997.6,24991.6,24997.1,208
1782408240,24997.6,25004.1,24997.6,25001.1,176
1782408300,25001.6,25004.6,24996.1,24999.1,180
1782408360,24998.6,25006.6,24998.6,25006.1,144
1782408420,25005.6,25007.1,25000.6,25004.6,174
1782408480,25004.1,25004.6,24995.6,24998.6,162
1782408540,24999.1,25006.1,24998.6,25004.1,128
1782408600,25003.6,25009.1,25003.1,25007.1,190
1782408660,25005.6,25007.6,25001.6,25002.6,144
1782408720,25003.1,25006.1,24993.6,24994.1,166
1782408780,24993.6,24997.6,24990.6,24996.6,150
1782408840,24995.6,24997.6,24993.6,24995.6,138
1782408900,24996.1,24999.6,24994.6,24997.6,182
1782408960,24997.1,25007.6,24997.1,25002.1,170
1782409020,25001.6,25001.6,24994.6,24997.1,180
1782409080,24996.6,25006.6,24996.6,25006.1,124
1782409140,25006.6,25007.6,25001.1,25005.1,166
1782409200,25005.6,25014.1,25004.6,25012.6,146
1782409260,25013.6,25015.6,25005.6,25008.6,204
1782409320,25008.1,25012.1,25005.1,25008.1,166
1782409380,25007.6,25010.6,24997.6,24997.6,170
1782409440,24996.6,24997.1,24992.1,24993.6,212
1782409500,24994.1,24995.1,24985.6,24987.1,238
1782409560,24987.6,24995.6,24987.1,24988.6,190
1782409620,24989.1,24989.1,24980.1,24983.6,196
1782409680,24984.1,24984.6,24977.1,24981.6,182
1782409740,24982.1,24985.6,24979.6,24985.1,166
1782409800,24983.6,24989.6,24980.6,24984.1,204
1782409860,24984.6,24986.6,24977.1,24979.6,184
1782409920,24980.6,24984.6,24979.6,24984.1,184
1782409980,24983.1,24995.6,24982.1,24993.1,178
1782410040,24992.6,24996.1,24990.1,24994.6,206
1782410100,24992.5,24996.1,24989.5,24996.1,237
1782410160,24995.6,24995.6,24986.6,24995.6,256
1782410220,24996.1,25003.6,24994.1,24998.1,210
1782410280,24996.6,25001.6,24996.6,25001.6,196
1782410340,25001.1,25003.6,24997.6,25000.6,186
1782410400,25002.1,25002.1,24990.6,24994.6,222
1782410460,24994.1,24997.1,24991.6,24992.6,240
1782410520,24991.6,24992.6,24954.6,24957.1,363
1782410580,24959.6,24968.6,24948.6,24951.1,304
1782410640,24949.6,24963.1,24948.1,24959.1,254
1782410700,24959.6,24961.6,24949.6,24959.1,290
1782410760,24958.6,24969.6,24957.6,24969.6,224
1782410820,24970.1,24978.1,24966.6,24973.6,270
1782410880,24974.1,24975.6,24965.6,24967.1,180
1782410940,24966.6,24973.6,24964.6,24970.6,238
1782411000,24971.1,24975.6,24969.6,24971.1,186
1782411060,24971.6,24980.6,24970.6,24980.1,202
1782411120,24980.6,24983.6,24972.6,24973.6,158
1782411180,24972.6,24973.6,24962.6,24964.6,210
1782411240,24963.6,24966.6,24961.6,24964.6,180
1782411300,24964.1,24967.6,24961.6,24964.6,218
1782411360,24965.1,24979.6,24965.1,24979.1,222
1782411420,24978.6,24979.6,24974.6,24976.1,164
1782411480,24975.6,24988.6,24975.1,24987.6,224
1782411540,24988.1,24998.6,24988.1,24993.6,286
1782411600,24993.1,25000.1,24991.6,24995.6,238
1782411660,24996.1,24996.1,24985.6,24990.1,194
1782411720,24989.6,24994.6,24988.1,24992.6,188
1782411780,24991.6,24994.6,24988.6,24992.6,184
1782411840,24992.1,24996.6,24990.6,24991.6,158
1782411900,24992.6,25004.1,24992.6,25002.6,180
1782411960,25003.6,25006.6,25000.6,25004.1,156
1782412020,25003.6,25004.6,24998.6,25004.1,162
1782412080,25003.6,25010.6,25001.1,25002.6,158
1782412140,25002.1,25003.6,24998.1,25003.1,146
1782412200,25002.6,25003.6,24989.6,24989.6,178
1782412260,24990.6,24995.1,24986.1,24992.6,228
1782412320,24991.6,24995.6,24989.6,24989.6,218
1782412380,24989.1,24989.6,24984.6,24985.6,226
1782412440,24986.1,24990.1,24984.6,24985.6,194
1782412500,24986.6,24987.6,24979.1,24986.1,162
1782412560,24985.6,24991.6,24984.6,24985.6,194
1782412620,24985.1,24990.1,24982.6,24990.1,178
1782412680,24989.6,24994.6,24988.1,24992.6,178
1782412740,24992.1,24992.6,24977.6,24989.6,184
1782412800,24990.1,24992.6,24983.6,24987.6,208
1782412860,24986.6,24987.6,24981.1,24982.1,224
1782412920,24982.6,24984.6,24980.1,24983.1,230
1782412980,24984.1,24987.6,24982.6,24986.6,192
1782413040,24987.1,24988.1,24978.6,24980.1,212
1782413100,24979.6,24979.6,24967.1,24970.6,198
1782413160,24972.6,24976.1,24963.6,24963.6,224
1782413220,24964.1,24967.1,24957.6,24966.1,212
1782413280,24966.6,24968.6,24963.6,24965.6,216
1782413340,24966.1,24970.6,24964.6,24970.6,182
1782413400,24970.1,24976.1,24969.6,24974.6,140
1782413460,24975.6,24979.6,24969.6,24971.6,196
1782413520,24972.1,24988.6,24970.6,24987.6,214
1782413580,24988.1,24988.6,24979.6,24979.6,188
1782413640,24979.1,24980.6,24971.6,24972.1,180
1782413700,24972.6,24980.6,24972.1,24976.6,158
1782413760,24977.6,24978.1,24969.6,24976.1,182
1782413820,24976.6,24977.6,24971.6,24974.6,148
1782413880,24975.6,24978.1,24968.6,24968.6,188
1782413940,24969.1,24972.1,24966.6,24971.6,152
1782414000,24971.1,24971.1,24964.6,24966.1,148
1782414060,24965.6,24968.6,24965.1,24966.1,142
1782414120,24965.6,24967.1,24962.6,24966.1,140
1782414180,24966.6,24968.6,24960.1,24968.6,172
1782414240,24969.6,24970.6,24965.6,24969.1,180
1782414300,24971.1,24973.6,24967.6,24969.1,216
1782414360,24968.6,24975.6,24967.6,24975.1,174
1782414420,24975.6,24977.6,24971.1,24972.1,164
1782414480,24971.6,24972.1,24967.6,24969.6,206
1782414540,24970.1,24979.1,24970.1,24975.6,138
1782414600,24976.1,24977.1,24972.6,24975.1,161
1782414660,24974.6,24978.1,24972.1,24972.6,196
1782414720,24973.6,24973.6,24968.1,24970.6,148
1782414780,24969.6,24971.6,24963.6,24967.1,202
1782414840,24967.6,24968.1,24960.6,24961.1,196
1782414900,24960.6,24964.1,24956.6,24959.1,222
1782414960,24959.6,24965.6,24955.6,24957.6,236
1782415020,24958.1,24959.1,24952.6,24955.1,164
1782415080,24955.6,24960.1,24950.1,24950.1,184
1782415140,24949.6,24956.1,24948.6,24956.1,166
1782415200,24956.6,24959.6,24953.6,24956.6,216
1782415260,24956.1,24964.6,24955.1,24960.1,198
1782415320,24960.6,24962.6,24956.1,24962.6,158
1782415380,24962.1,24962.6,24956.6,24961.6,194
1782415440,24962.1,24969.1,24961.6,24969.1,184
1782415500,24969.6,24976.6,24969.6,24971.1,170
1782415560,24972.6,24974.6,24968.6,24971.6,170
1782415620,24972.6,24972.6,24965.6,24966.1,150
1782415680,24966.6,24967.6,24961.6,24966.6,154
1782415740,24967.1,24975.1,24965.6,24970.6,168
1782415800,24969.1,24974.1,24965.6,24965.6,230
1782415860,24966.1,24967.6,24958.6,24961.6,174
1782415920,24961.1,24970.1,24961.1,24963.6,204
1782415980,24964.1,24969.6,24962.6,24966.1,152
1782416040,24965.6,24967.1,24963.1,24966.6,168
1782416100,24965.6,24967.1,24962.1,24965.6,172
1782416160,24966.1,24969.6,24962.6,24963.6,186
1782416220,24964.1,24965.1,24958.6,24963.1,114
1782416280,24963.6,24963.6,24959.1,24961.1,124
1782416340,24961.6,24963.6,24959.6,24962.6,142
1782416400,24964.6,24970.6,24964.6,24967.1,236
1782416460,24967.6,24968.6,24959.1,24965.1,208
1782416520,24964.6,24969.6,24961.6,24965.6,202
1782416580,24966.1,24968.1,24962.1,24967.1,168
1782416640,24966.6,24968.6,24955.6,24957.6,160
1782416700,24958.1,24959.6,24949.6,24949.6,140
1782416760,24949.1,24959.6,24948.6,24957.6,178
1782416820,24957.1,24963.1,24955.6,24956.6,190
1782416880,24955.6,24956.6,24950.6,24953.6,150
1782416940,24953.1,24956.6,24951.6,24951.6,146
1782417000,24952.1,24955.6,24940.6,24944.6,244
1782417060,24945.6,24951.6,24940.1,24950.1,176
1782417120,24949.1,24962.1,24949.1,24962.1,172
1782417180,24964.1,24974.1,24961.6,24969.6,225
1782417240,24968.1,24968.1,24961.6,24967.1,150
1782417300,24967.6,24970.1,24958.1,24958.6,232
1782417360,24958.1,24960.6,24955.6,24955.6,150
1782417420,24956.6,24963.6,24956.6,24958.6,160
1782417480,24958.1,24966.1,24957.1,24960.6,130
1782417540,24961.1,24968.6,24959.6,24964.6,198
1782417600,24960,24989.2,24960,24989.2,450
1782417660,24990.7,25022.4,24990,25012.1,457
1782417720,25011.8,25011.8,24997,24997,362
1782417780,24995.3,25003.4,24987,24992.3,279
1782417840,24993.2,24999.7,24990.6,24999.7,221
1782417900,25002.1,25005,24990.9,24998.6,271
1782417960,24998.3,25002.9,24995.2,25000.5,190
1782418020,25000.8,25001,24991.6,24993.5,180
1782418080,24993,24994.5,24989.7,24992.1,152
1782418140,24992.6,24994.5,24989.4,24989.7,188
1782418200,24989.4,24991.1,24986.8,24989.7,198
1782418260,24989.2,24990.2,24983.2,24989.4,136
1782418320,24989.2,24990.2,24988.2,24989.4,86
1782418380,24989.2,24989.2,24984.9,24986.8,112
1782418440,24986.6,24991.1,24986.6,24989.9,130
1782418500,24990.4,24997.4,24989.4,24997.1,212
1782418560,24996.9,24998.3,24995.9,24997.6,160
1782418620,24997.4,25000.5,24996.4,25000.2,146
1782418680,25000.7,25009.6,25000.5,25006,138
1782418740,25006.5,25009.1,25004.1,25006.7,176
1782418800,25006.5,25008.9,25003.6,25008.9,186
1782418860,25009.1,25019.7,25007.9,25019.7,207
1782418920,25019.2,25021.4,25014.9,25021.1,146
1782418980,25020.9,25027.8,25020.2,25020.9,230
1782419040,25020.2,25020.6,25018,25018.5,158
1782419100,25018.7,25021.1,25011,25012.2,166
1782419160,25012,25015.4,25011,25014.4,130
1782419220,25015.1,25017.3,25013.5,25014.7,98
1782419280,25014.9,25017.3,25004.8,25011.3,124
1782419340,25011.6,25012,25004.4,25005.3,79
1782419400,25005.1,25012.3,25004.6,25012.1,74
1782419460,25012.3,25012.3,25005.1,25005.8,102
1782419520,24999.8,25008.2,24998.7,24999.2,139
1782419580,24999.4,25003.3,24997.7,25002.1,100
1782419640,25002.3,25004.2,25001.6,25004.2,82
1782419700,25002.5,25006.4,25002.5,25005.4,96
1782419760,25005.2,25006.6,25003,25004.2,94
1782419820,25004.5,25005.4,25003.5,25004.5,80
1782419880,25004.9,25004.9,24996.5,25000.1,112
1782419940,24999.6,25000.3,24996.2,24996.5,82
1782420000,24996.7,24997.9,24995,24995.8,128
1782420060,24995.5,24996.2,24993.1,24996.2,46
1782420120,24996.7,24996.7,24992.9,24992.9,68
1782420180,24993.4,24994.8,24992.4,24993.8,100
1782420240,24993.6,24995,24993.4,24994.8,54
1782420300,24994.1,24994.8,24989.5,24989.5,62
1782420360,24989.3,24990.2,24986.6,24986.6,54
1782420420,24986.9,24988.1,24983.3,24983.5,70
1782420480,24983.8,24987.1,24982.8,24986.2,90
1782420540,24987.6,24988.1,24986.6,24988.1,38
1782420600,24988.6,24989,24986.9,24987.6,66
1782420660,24986.6,24988.1,24986.6,24987.8,64
1782420720,24988.1,24988.8,24985.2,24985.4,50
1782420780,24985.2,24985.2,24978.2,24981.8,112
1782420840,24981.4,24983.8,24979.9,24979.9,96
1782420900,24979.7,24979.9,24977,24979.2,76
1782420960,24978.2,24981.1,24976.8,24980.9,92
1782421020,24980.6,24981.1,24978.7,24979.9,68
1782421080,24980.4,24980.4,24975.4,24977,108
1782424920,24956.2,24961.5,24956.2,24961.5,102
1782424980,24962.7,24967.7,24957.2,24957.2,164
1782425040,24956,24958.4,24952.1,24958.1,140
1782425100,24958.4,24959.8,24945.4,24951.9,211
1782425160,24951.2,24952.8,24946,24946,170
1782425220,24945.7,24949.8,24944.8,24949.8,78
1782425280,24949.3,24949.6,24942.6,24945.3,150
1782425340,24944.8,24946.2,24943.8,24945,124
1782425400,24944.8,24945,24919.1,24929.7,136
1782425460,24928.9,24929.7,24915.3,24915.3,121
1782425520,24914.8,24922,24914.8,24920.5,73
1782425580,24919.8,24922.5,24916.4,24921.5,68
1782425640,24921,24928.4,24918.6,24927.9,189
1782425700,24927.7,24929.4,24926.3,24928.7,90
1782425760,24928.2,24931.6,24928.2,24930.6,110
1782425820,24931.3,24935.2,24930.6,24934.2,100
1782425880,24933.5,24936.1,24933.2,24934.9,90
1782425940,24935.4,24935.6,24928.4,24930.6,120
1782426000,24930.8,24931.3,24927.9,24928.9,122
1782426060,24929.2,24930.4,24926.5,24930.4,106
1782426120,24929.6,24936.6,24929.4,24933.2,144
1782426180,24933.7,24937.1,24933.7,24936.1,90
1782426240,24935.6,24936.6,24932.8,24934.7,70
1782426300,24934.2,24934.2,24930.6,24930.6,70
1782426360,24929.9,24930.4,24923.1,24923.1,80
1782426420,24923.3,24926.4,24922.3,24925.7,96
1782426480,24925.9,24927.9,24922.8,24922.8,82
1782426540,24923.8,24925,24907.7,24910.1,98
1782426600,24910.6,24916.4,24907.5,24915.9,121
1782426660,24916.2,24924,24914.7,24924,103
1782426720,24924.5,24924.5,24920.9,24921.3,52
1782426780,24920.9,24922.1,24914.6,24921.6,52
1782426840,24922.1,24925,24921.1,24925,66
1782426900,24924.7,24925.4,24921.1,24924.2,102
1782426960,24924.5,24931.6,24923.5,24931.6,66
1782427020,24930.6,24932.5,24930.1,24931.1,72
1782427080,24930.9,24931.6,24929.7,24931.1,50
1782427140,24930.6,24932.1,24929.7,24930.1,52
1782427200,24930.6,24933.5,24930.1,24933,62
1782427260,24933.5,24933.7,24930.6,24930.6,30
1782427320,24930.4,24930.4,24928,24929.2,60
1782427380,24928.7,24931.1,24928.7,24930.9,56
1782427440,24931.1,24932.3,24930.1,24931.1,62
1782427500,24931.3,24931.3,24929.2,24931.1,40
1782427560,24930.6,24932.1,24930.1,24931.1,54
1782427620,24930.6,24930.6,24926.8,24927.7,64
1782427680,24928.2,24930.1,24927.7,24929.7,50
1782427740,24929.4,24931.1,24927.3,24928.7,42
1782427800,24929.2,24930.1,24928,24928.7,54
1782427860,24929.2,24929.7,24927.3,24929.7,66
1782427920,24929.2,24933,24929.2,24932.8,68
1782427980,24932.5,24938.2,24932.1,24937.2,44
1782428040,24937,24940.8,24936.3,24940.3,82
1782428100,24940.6,24941.5,24940.1,24941.1,34
1782428160,24941.5,24950.2,24938.7,24944.2,50
1782428220,24943.7,24950,24943.2,24949.2,44
1782428280,24949.5,24951.2,24949,24950.9,50
1782428340,24950.7,24950.9,24949.7,24950.2,54
1782428400,24950.4,24951.2,24943,24950.2,47
1782428460,24950.4,24953.3,24949.5,24952.8,52
1782428520,24952.6,24954.8,24952.6,24954.8,42
1782428580,24954.3,24954.3,24951.9,24952.4,26
1782428640,24952.1,24953.8,24952.1,24952.4,36
1782428700,24952.6,24953.1,24950.4,24951.9,26
1782428760,24951.6,24952.4,24950.9,24951.6,38
1782428820,24951.4,24952.1,24951.2,24951.4,30
1782428880,24951.6,24951.6,24949.5,24950.4,50
1782428940,24950.7,24950.7,24949.2,24949.5,26
1782429000,24949.7,24951.4,24949.5,24950.4,36
1782429060,24950.7,24952.6,24950,24952.4,40
1782429120,24952.6,24953.8,24950.9,24953.8,52
1782429180,24953.3,24956.9,24952.8,24956.4,102
1782429240,24956.2,24966.7,24956.2,24966.5,128
1782429300,24966.2,24967.9,24964.5,24967,74
1782429360,24967.4,24972.7,24967.2,24970.8,88
1782429420,24970.6,24978.5,24969.8,24978.5,106
1782429480,24979,25003,24979,25003,216
1782429540,25002.5,25016.5,25001.8,25015.5,199
1782429600,25016,25026.1,25011,25023.9,198
1782429660,25023.7,25030.9,25021.1,25029.2,216
1782429720,25028.7,25029.5,25017.5,25026.6,203
1782429780,25027.3,25029.7,25020.6,25027.8,173
1782429840,25027.1,25028.3,25020.6,25020.8,158
1782429900,25021.3,25028,25021.1,25027.5,230
1782429960,25027.3,25027.3,25021.8,25022.7,108
1782430020,25022.3,25024.2,25020.8,25021.3,150
1782430080,25021.8,25022.7,25015.3,25022.3,128
1782430140,25021.8,25027,25016.7,25016.9,142
1782430200,25018.1,25025.8,25013.1,25014,158
1782430260,25013.8,25021.9,25013.3,25020,148
1782430320,25019.5,25021.5,25017.1,25017.4,108
1782430380,25018.1,25018.1,25013.3,25013.8,76
1782430440,25013.5,25013.8,25002,25009.2,100
1782430500,25009,25010.2,24998.7,24999.4,85
1782430560,25005.4,25005.4,24996.5,24998.2,115
1782430620,24998.9,25004.9,24993.4,25002.5,120
1782430680,25002.3,25003.9,24991.5,24997.9,139
1782430740,24997.5,24998.4,24980.3,24986.3,86
1782430800,24985.8,24987.3,24982,24982.5,98
1782430860,24982,24985.3,24974.3,24974.8,108
1782430920,24974.1,24981.5,24971.5,24971.8,118
1782430980,24971.5,24974.4,24968.6,24972.2,116
1782431040,24971.8,24972.2,24963.4,24964.8,112
1782431100,24963.8,24966.5,24946.6,24954.5,265
1782431160,24954.2,24956.4,24940.1,24947.8,200
1782431220,24947.5,24948,24935.3,24946.1,193
1782431280,24946.3,24948.5,24942.7,24946.6,166
1782431340,24946.8,24947.1,24943.2,24946.6,120
1782431400,24946.3,24946.3,24923.2,24930.4,276
1782431460,24931.4,24936.2,24928.3,24931.3,212
1782431520,24932,24935.1,24930.3,24933.4,152
1782431580,24933.2,24934.6,24931.3,24932.5,130
1782431640,24932.2,24935.8,24929.8,24935.8,138
1782431700,24936.1,24936.5,24932.5,24933.9,154
1782431760,24934.1,24934.1,24927.6,24932.2,148
1782431820,24932.7,24937.5,24932,24937.5,106
1782431880,24937.3,24938,24930,24931.7,166
1782431940,24932.2,24938.2,24932,24938.2,128
1782432000,24937.7,24944.7,24935.1,24944.7,254
1782432060,24944.2,24946.1,24932.9,24933.2,208
1782432120,24933.7,24945.2,24930.3,24944.7,318
1782432180,24943.7,24956.1,24943.7,24954.5,272
1782432240,24954.7,24960.2,24952.5,24956.4,278
1782432300,24956.9,24964.5,24954.5,24963.1,280
1782432360,24963.3,24975.4,24961.2,24974.4,338
1782432420,24974.2,24974.9,24961.2,24971.8,359
1782432480,24972,24974.9,24959.4,24959.9,308
1782432540,24959.7,24972.1,24958.2,24969.7,304
1782432600,24969.5,24970.7,24966.9,24968.1,334
1782432660,24967.8,24970,24963.5,24964.5,314
1782432720,24964.2,24965.9,24956.1,24956.8,288
1782432780,24955.6,24962.3,24953.2,24962.3,262
1782432840,24962.6,24969.5,24961.6,24966.2,260
1782432960,24984.9,24986.4,24967.4,24967.4,41
1782433020,24967.9,24984.4,24967.9,24984.4,59
1782433080,24982.4,24987.9,24969.4,24970.4,109
1782433140,24968.9,24970.9,24961.9,24964.4,88
1782433200,24963.9,24971.9,24961.4,24970.4,116
1782433260,24969.9,24970.9,24959.4,24966.9,110
1782433320,24965.9,24970.4,24960.4,24965.9,102
1782433380,24963.4,24970.4,24962.9,24963.9,89
1782433440,24962.9,24964.4,24957.9,24957.9,87
1782433500,24958.4,24961.4,24954.9,24959.4,113
1782433560,24957.9,24959.9,24946.4,24946.4,84
1782433620,24946.9,24958.4,24936.9,24946.4,128
1782433680,24945.4,24956.9,24943.9,24956.9,84
1782433740,24955.4,24964.4,24947.9,24963.9,108
1782433800,24962.9,24964.4,24954.4,24954.9,112
1782433860,24955.4,24960.9,24954.9,24959.9,108
1782433920,24960.9,24965.4,24956.9,24956.9,56
1782433980,24955.4,24956.9,24950.4,24953.4,111
1782434040,24952.4,24955.4,24948.9,24954.9,134
1782434100,24955.9,24955.9,24946.4,24949.4,88
1782434160,24950.4,24958.9,24944.9,24952.9,108
1782434220,24955.4,24957.4,24952.4,24957.4,48
1782434280,24956.9,24956.9,24945.9,24950.4,88
1782434340,24948.4,24951.9,24942.9,24950.9,114
1782434400,24951.9,24963.4,24951.9,24961.4,72
1782434460,24962.9,24962.9,24946.9,24957.9,80
1782434520,24956.4,24964.4,24948.9,24950.9,96
1782434580,24951.9,24953.9,24946.9,24946.9,70
1782434640,24946.4,24947.9,24940.4,24944.4,32
1782434700,24944.9,24947.4,24942.4,24942.4,116
1782434760,24947.4,24948.4,24942.9,24944.4,60
1782434820,24945.4,24953.4,24942.4,24950.4,62
1782434880,24951.9,24953.4,24949.9,24950.4,22
1782434940,24951.9,24953.9,24943.4,24944.4,52
1782435000,24941.4,24943.4,24934.9,24936.4,86
1782435060,24941.9,24947.9,24940.4,24946.4,116
1782435120,24944.4,24948.4,24942.9,24942.9,58
1782435180,24942.4,24944.4,24935.9,24937.9,68
1782435240,24939.9,24940.9,24925.9,24927.9,100
1782435300,24928.4,24928.9,24923.4,24925.9,116
1782435360,24924.9,24931.9,24923.4,24926.4,106
1782435420,24925.9,24927.4,24922.4,24926.9,98
1782435480,24925.9,24930.9,24925.4,24928.9,70
1782435540,24929.4,24930.4,24927.4,24929.9,58
1782435600,24930.4,24944.4,24930.4,24942.4,166
1782435660,24941.4,24951.9,24941.4,24943.9,186
1782435720,24944.4,24947.4,24934.4,24943.9,234
1782435780,24942.9,24945.9,24937.4,24939.9,214
1782435840,24940.4,24940.9,24925.9,24927.9,166
1782435900,24928.9,24929.9,24912.9,24914.4,218
1782435960,24913.9,24921.4,24907.4,24918.9,248
1782436020,24919.4,24927.9,24917.4,24921.4,178
1782436080,24920.4,24929.9,24916.4,24927.9,194
1782436140,24927.4,24930.4,24923.4,24926.4,224
1782436200,24927.4,24931.9,24926.4,24930.4,204
1782436260,24931.4,24942.9,24928.9,24938.9,172
1782436320,24939.9,24947.9,24938.4,24946.9,152
1782436380,24945.9,24947.9,24941.9,24941.9,132
1782436440,24940.9,24942.4,24932.9,24934.4,128
1782436500,24933.9,24947.4,24931.9,24938.9,180
1782436560,24938.4,24948.4,24935.9,24948.4,144
1782436620,24948.9,24952.9,24944.9,24946.4,116
1782436680,24945.4,24945.4,24936.9,24942.9,124
1782436740,24941.4,24945.9,24939.9,24944.9,132
1782436800,24947.9,24947.9,24937.9,24939.4,98
1782436860,24938.9,24939.9,24929.4,24933.4,146
1782436920,24932.4,24935.9,24928.4,24934.4,166
1782436980,24934.9,24938.9,24930.9,24930.9,54
1782437040,24930.4,24930.4,24922.9,24925.4,66
1782437100,24926.4,24926.4,24914.9,24914.9,134
1782437160,24914.4,24919.4,24907.4,24907.4,104
1782437220,24907.9,24913.4,24904.9,24909.9,152
1782437280,24910.4,24911.4,24904.9,24905.4,86
1782437340,24906.4,24908.9,24900.4,24907.9,136
1782437400,24906.4,24914.4,24902.4,24905.4,190
1782437460,24904.9,24911.9,24902.4,24904.4,178
1782437520,24904.9,24906.4,24888.4,24890.9,126
1782437580,24889.9,24900.4,24886.9,24887.9,144
1782437640,24888.4,24891.4,24878.9,24889.9,160
1782437700,24887.9,24891.4,24885.4,24888.4,158
1782437760,24887.9,24890.4,24884.9,24887.9,178
1782437820,24888.4,24895.4,24886.9,24889.9,164
1782437880,24888.9,24890.9,24883.9,24886.9,186
1782437940,24885.9,24896.4,24883.9,24894.4,150
1782438000,24893.9,24895.4,24888.4,24891.9,148
1782438060,24892.9,24895.9,24884.9,24887.4,132
1782438120,24889.9,24889.9,24879.4,24882.4,166
1782438180,24881.9,24887.9,24881.4,24884.9,108
1782438240,24886.4,24891.4,24878.4,24879.9,180
1782438300,24878.9,24880.4,24870.9,24878.9,188
1782438360,24879.4,24881.4,24874.4,24876.9,132
1782438420,24877.9,24885.9,24876.4,24881.9,126
1782438480,24883.4,24892.9,24882.9,24890.4,164
1782438540,24889.4,24892.9,24888.4,24890.9,88
1782438600,24891.9,24895.4,24887.9,24891.4,170
1782438660,24890.4,24896.4,24889.4,24889.9,150
1782438720,24890.4,24892.9,24887.9,24887.9,116
1782438780,24886.9,24888.4,24881.4,24881.9,126
1782438840,24882.4,24885.9,24874.9,24874.9,128
1782438900,24876.9,24880.4,24868.9,24878.9,136
1782438960,24878.4,24880.9,24875.4,24878.4,68
1782439020,24875.4,24875.4,24864.9,24864.9,78
1782439080,24865.4,24870.9,24854.9,24855.9,100
1782439140,24854.4,24873.9,24853.4,24873.4,124
1782439200,24874.9,24877.4,24858.9,24862.9,152
1782439260,24861.4,24866.4,24858.9,24863.4,132
1782439320,24862.4,24869.4,24861.9,24867.4,154
1782439380,24868.4,24873.4,24864.9,24867.4,138
1782439440,24866.9,24871.9,24859.4,24860.4,118
1782439500,24862.4,24868.9,24862.4,24862.9,92
1782439560,24861.9,24865.4,24858.4,24864.4,142
1782439620,24864.9,24869.4,24864.4,24867.9,112
1782439680,24866.9,24869.4,24862.9,24863.4,108
1782439740,24863.9,24864.4,24853.9,24853.9,116
1782439800,24854.9,24854.9,24848.9,24850.4,108
1782439860,24850.9,24851.4,24842.4,24844.4,128
1782439920,24843.4,24845.9,24832.9,24833.4,134
1782439980,24833.9,24834.4,24828.4,24833.9,96
1782440040,24834.4,24841.4,24832.4,24840.4,146
1782440100,24838.4,24845.9,24834.9,24836.9,182
1782440160,24836.4,24843.9,24835.9,24841.4,164
1782440220,24841.9,24844.9,24838.9,24840.9,140
1782440280,24841.4,24842.4,24830.4,24831.9,114
1782440340,24831.4,24832.4,24819.4,24821.9,90
1782440400,24822.4,24825.4,24818.4,24820.9,146
1782440460,24821.4,24823.4,24817.9,24820.4,162
1782440520,24821.9,24824.4,24818.9,24822.4,106
1782440580,24821.9,24821.9,24813.4,24814.4,98
1782440640,24812.9,24813.9,24803.9,24804.4,98
1782440700,24800.4,24800.4,24791.9,24797.9,110
1782440760,24798.9,24812.9,24798.9,24810.4,140
1782440820,24806.9,24807.9,24796.9,24801.9,108
1782440880,24801.4,24809.9,24801.4,24808.9,108
1782440940,24808.4,24815.9,24807.9,24808.4,94
1782441000,24808.9,24813.4,24805.9,24808.9,146
1782441060,24809.4,24813.9,24806.9,24807.4,128
1782441120,24802.4,24803.9,24788.9,24792.9,110
1782441180,24791.4,24797.9,24790.4,24795.4,96
1782441240,24795.9,24802.9,24794.9,24799.4,146
1782441300,24799.9,24803.9,24799.4,24799.4,92
1782441360,24797.4,24797.4,24788.4,24788.4,104
1782441420,24789.4,24789.9,24779.4,24779.9,92
1782441480,24780.4,24780.4,24769.9,24774.9,102
1782441540,24775.9,24792.4,24775.9,24791.9,130
1782441600,24790.9,24793.9,24781.9,24782.9,120
1782441660,24781.4,24781.4,24773.9,24773.9,76
1782441720,24772.9,24789.9,24772.9,24785.4,88
1782441780,24785.9,24788.4,24781.9,24783.4,98
1782441840,24781.4,24788.4,24781.4,24785.4,108
1782441900,24783.4,24784.9,24771.4,24771.4,150
1782441960,24770.9,24777.4,24767.9,24776.9,138
1782442020,24777.4,24777.9,24769.9,24769.9,140
1782442080,24770.4,24772.4,24762.4,24762.9,102
1782442140,24763.4,24763.4,24756.9,24760.4,125
1782442200,24761.4,24767.9,24760.4,24767.9,132
1782442260,24765.4,24768.4,24755.9,24756.4,138
1782442320,24755.9,24759.9,24752.9,24757.9,124
1782442380,24757.4,24759.9,24751.9,24752.9,117
1782442440,24753.4,24761.9,24748.9,24751.4,120
1782442500,24751.9,24753.9,24744.9,24745.4,112
1782442560,24742.4,24749.4,24736.9,24743.9,152
1782442620,24743.4,24748.9,24741.9,24742.4,122
1782442680,24742.9,24753.4,24741.9,24753.4,130
1782442740,24753.9,24757.9,24750.4,24754.4,178
1782442800,24752.9,24757.4,24746.4,24753.4,172
1782442860,24751.9,24752.9,24742.4,24743.9,128
1782442920,24744.9,24747.4,24739.9,24746.9,140
1782442980,24747.9,24750.4,24745.4,24746.4,108
1782443040,24745.4,24754.4,24744.9,24748.9,86
1782443100,24747.9,24749.4,24743.4,24747.9,70
1782443160,24746.9,24747.9,24740.9,24746.4,92
1782443220,24745.9,24747.4,24740.4,24742.9,128
1782443280,24743.9,24748.9,24741.9,24746.4,82
1782443340,24746.9,24748.4,24743.9,24744.9,62
1782443400,24743.9,24749.4,24742.4,24746.9,76
1782443460,24746.4,24752.4,24744.4,24751.4,106
1782443520,24750.9,24757.9,24745.9,24755.4,154
1782443580,24754.9,24758.4,24745.9,24746.9,96
1782443640,24747.9,24751.9,24745.9,24749.9,102
1782443700,24749.4,24760.4,24749.4,24753.4,128
1782443760,24752.4,24753.9,24746.9,24748.4,70
1782443820,24748.9,24753.4,24747.4,24749.9,64
1782443880,24748.9,24748.9,24739.9,24740.4,58
1782443940,24740.9,24751.9,24739.9,24749.9,74
1782444000,24750.9,24752.4,24745.4,24747.4,82
1782444060,24747.9,24747.9,24742.4,24742.9,94
1782444120,24743.4,24747.9,24742.9,24744.9,78
1782444180,24741.9,24743.9,24736.9,24739.4,114
1782444240,24740.4,24740.4,24732.9,24734.9,64
1782444300,24734.4,24744.4,24732.9,24744.4,64
1782444360,24743.4,24748.4,24742.4,24747.9,70
1782444420,24748.9,24752.9,24744.4,24749.4,90
1782444480,24748.4,24748.4,24738.9,24741.9,82
1782444540,24742.4,24745.4,24742.4,24745.4,40
1782444600,24742.9,24745.4,24725.9,24729.4,186
1782444660,24728.9,24735.4,24726.9,24727.9,144
1782444720,24728.4,24730.9,24723.4,24723.9,122
1782444780,24725.4,24729.9,24722.4,24723.9,142
1782444840,24724.9,24725.4,24715.4,24717.4,134
1782444900,24716.9,24717.9,24710.4,24712.9,74
1782444960,24712.4,24726.4,24712.4,24723.4,116
1782445020,24724.4,24724.4,24704.9,24705.9,118
1782445080,24706.9,24715.4,24705.9,24715.4,136
1782445140,24717.9,24722.4,24717.4,24721.4,158
1782445200,24720.4,24730.4,24715.4,24726.4,206
1782445260,24725.9,24745.4,24725.9,24741.9,200
1782445320,24744.4,24744.9,24732.9,24735.9,202
1782445380,24736.4,24743.4,24731.4,24739.4,200
1782445440,24739.9,24754.9,24738.4,24754.9,144
1782445500,24753.9,24758.4,24748.4,24754.4,190
1782445560,24752.4,24755.4,24745.9,24748.4,198
1782445620,24746.4,24754.9,24742.9,24748.9,152
1782445680,24747.9,24753.9,24745.4,24748.4,154
1782445740,24748.9,24752.9,24741.9,24743.9,172
1782445800,24745.4,24755.9,24744.4,24751.4,154
1782445860,24752.9,24764.9,24749.9,24762.9,176
1782445920,24763.9,24775.4,24761.4,24772.9,136
1782445980,24773.4,24778.4,24772.9,24775.9,146
1782446040,24776.9,24781.4,24775.9,24781.4,102
1782446100,24780.9,24783.9,24776.4,24782.9,156
1782446160,24782.4,24786.9,24780.9,24784.4,148
1782446220,24783.4,24787.4,24777.9,24782.9,146
1782446280,24786.9,24795.4,24781.9,24795.4,118
1782446340,24794.4,24799.9,24791.4,24799.4,112
1782446400,24801.4,24804.9,24797.4,24797.4,188
1782446460,24797.9,24806.9,24796.9,24801.4,148
1782446520,24799.9,24800.9,24789.9,24791.9,168
1782446580,24792.4,24797.9,24788.4,24794.4,162
1782446640,24795.4,24803.4,24793.4,24793.4,182
1782446700,24794.9,24800.9,24793.9,24800.9,172
1782446760,24798.4,24800.9,24790.9,24791.9,160
1782446820,24793.4,24797.9,24789.9,24797.9,168
1782446880,24797.4,24802.9,24792.4,24800.4,148
1782446940,24800.9,24802.4,24795.9,24797.4,112
1782447000,24796.9,24800.4,24795.4,24799.4,140
1782447060,24798.9,24803.9,24797.9,24802.4,124
1782447120,24800.9,24802.9,24794.9,24797.4,100
1782447180,24797.9,24799.9,24792.4,24797.4,162
1782447240,24796.4,24798.9,24793.4,24795.9,108
1782447300,24796.4,24801.9,24794.9,24800.4,126
1782447360,24800.9,24807.9,24799.4,24802.9,130
1782447420,24802.4,24805.9,24801.9,24805.9,64
1782447480,24804.9,24805.4,24793.9,24795.9,112
1782447540,24794.9,24794.9,24790.9,24790.9,108
1782447600,24791.4,24798.4,24790.9,24794.9,144
1782447660,24795.9,24795.9,24789.4,24792.4,106
1782447720,24791.4,24795.9,24788.4,24788.4,134
1782447780,24787.4,24789.9,24786.9,24788.4,90
1782447840,24788.9,24788.9,24776.4,24776.9,66
1782447900,24773.9,24776.9,24770.4,24772.4,134
1782447960,24774.4,24779.9,24771.9,24774.4,162
1782448020,24774.9,24784.4,24774.4,24782.4,104
1782448080,24783.9,24789.4,24783.9,24787.4,114
1782448140,24786.9,24793.4,24783.4,24792.4,132
1782448200,24791.9,24801.4,24788.9,24796.9,164
1782448260,24797.9,24798.4,24784.9,24791.4,126
1782448320,24790.4,24790.4,24779.9,24779.9,62
1782448380,24780.4,24785.4,24779.9,24779.9,104
1782448440,24780.4,24783.4,24770.4,24770.9,94
1782448500,24769.9,24777.4,24769.4,24775.9,98
1782448560,24775.4,24777.9,24770.9,24772.9,106
1782448620,24772.4,24777.4,24770.9,24771.4,112
1782448680,24771.9,24775.9,24770.9,24775.4,62
1782448740,24774.9,24775.4,24773.4,24773.9,20
1782448800,24770.4,24778.4,24770.4,24774.9,94
1782448860,24775.4,24777.4,24772.4,24774.9,58
1782448920,24774.4,24776.4,24771.4,24771.9,50
1782448980,24772.4,24773.4,24771.4,24772.4,42
1782449040,24772.9,24776.4,24770.4,24774.9,88
1782449100,24776.4,24776.4,24769.9,24773.9,102
1782449160,24773.4,24782.4,24773.4,24781.4,84
1782449220,24780.9,24781.4,24776.9,24777.9,50
1782449280,24778.4,24779.4,24765.4,24769.4,70
1782449340,24768.9,24775.9,24767.4,24768.9,70
1782449400,24769.9,24777.9,24767.9,24770.4,118
1782449460,24769.4,24773.4,24765.9,24770.9,68
1782449520,24771.4,24771.4,24761.4,24761.4,42
1782449580,24760.9,24762.4,24755.4,24760.9,72
1782449640,24761.9,24766.9,24757.4,24762.4,120
1782449700,24762.9,24762.9,24757.4,24758.9,86
1782449760,24758.4,24762.4,24756.9,24756.9,120
1782449820,24758.4,24761.4,24757.4,24758.9,96
1782449880,24758.4,24764.4,24757.4,24760.9,126
1782449940,24760.4,24763.9,24757.4,24762.4,78
1782450000,24763.4,24766.9,24761.4,24764.4,122
1782450060,24762.4,24771.9,24760.4,24770.4,130
1782450120,24771.9,24778.4,24767.4,24772.4,180
1782450180,24771.9,24779.9,24769.9,24771.9,108
1782450240,24771.4,24775.9,24768.9,24771.4,74
1782450300,24771.9,24782.9,24769.4,24771.4,88
1782450360,24770.9,24783.9,24770.9,24783.9,70
1782450420,24782.9,24795.4,24781.9,24794.9,92
1782450480,24793.9,24793.9,24778.9,24782.4,102
1782450540,24781.9,24782.4,24774.4,24774.9,96
1782450600,24776.9,24784.9,24775.4,24784.9,80
1782450660,24784.4,24787.9,24781.4,24782.9,132
1782450720,24781.9,24787.9,24781.4,24785.4,114
1782450780,24786.4,24794.9,24785.9,24793.4,130
1782450840,24793.9,24802.9,24791.9,24802.9,130
1782450900,24803.4,24811.9,24798.9,24808.9,150
1782450960,24809.4,24811.9,24799.4,24800.9,110
1782451020,24801.4,24801.4,24793.9,24798.9,116
1782451080,24799.4,24799.4,24794.4,24798.4,92
1782451140,24801.4,24804.4,24798.9,24800.9,86
1782451200,24799.9,24800.4,24792.9,24797.9,102
1782451260,24798.4,24802.9,24798.4,24798.9,114
1782451320,24797.4,24803.4,24796.4,24796.4,98
1782451380,24795.9,24799.4,24794.9,24798.9,102
1782451440,24797.9,24803.4,24795.9,24800.4,100
1782451500,24799.9,24810.4,24799.9,24809.4,60
1782451560,24810.4,24814.9,24804.4,24808.4,54
1782451620,24808.9,24814.4,24808.9,24814.4,68
1782451680,24814.9,24814.9,24805.9,24811.9,124
1782451740,24813.9,24814.4,24808.9,24809.9,72
1782451800,24810.4,24823.4,24810.4,24819.9,84
1782451860,24817.4,24818.4,24814.4,24815.9,114
1782451920,24815.4,24819.9,24814.9,24817.9,68
1782451980,24817.4,24818.9,24813.9,24817.4,58
1782452040,24816.9,24818.4,24811.9,24813.4,68
1782452100,24812.9,24815.4,24802.9,24815.4,110
1782452160,24814.4,24815.4,24806.4,24808.9,112
1782452220,24807.9,24809.4,24799.9,24807.4,110
1782452280,24807.9,24808.4,24798.4,24799.9,92
1782452340,24800.9,24800.9,24793.4,24795.4,176
1782452400,24793.4,24796.4,24789.9,24790.4,116
1782452460,24791.4,24791.9,24775.9,24777.4,92
1782452520,24777.9,24777.9,24769.9,24770.4,70
1782452580,24769.9,24774.4,24768.4,24773.4,84
1782452640,24772.9,24772.9,24765.4,24766.4,68
1782452700,24766.9,24768.4,24757.9,24758.9,108
1782452760,24756.9,24761.9,24755.4,24761.4,68
1782452820,24760.4,24762.9,24758.4,24760.4,90
1782452880,24759.9,24761.4,24753.9,24753.9,106
1782452940,24753.4,24762.9,24752.9,24762.9,122
1782453000,24764.9,24777.9,24763.4,24775.4,70
1782453060,24776.4,24787.9,24775.4,24787.9,94
1782453120,24786.9,24789.4,24781.9,24781.9,88
1782453180,24782.9,24788.9,24781.4,24787.4,92
1782453240,24786.4,24790.4,24785.9,24788.4,74
1782453300,24787.9,24788.4,24781.4,24782.4,78
1782453360,24781.4,24787.4,24769.9,24787.4,112
1782453420,24786.4,24786.9,24780.4,24781.9,106
1782453480,24782.4,24792.9,24782.4,24792.4,82
1782453540,24791.9,24791.9,24781.4,24781.9,44
1782453600,24780.9,24797.4,24780.9,24789.4,150
1782453660,24789.7,24792.2,24784.7,24788.2,158
1782453720,24787.7,24801.2,24783.2,24799.2,142
1782453780,24799.7,24801.2,24790.9,24795.7,86
1782453840,24798.7,24801.2,24794.7,24800.2,120
1782453900,24799.2,24799.2,24789.2,24790.2,128
1782453960,24789.2,24792.7,24786.2,24787.2,142
1782454020,24789.2,24796.7,24787.7,24796.7,110
1782454080,24796.2,24796.7,24771.9,24777.7,134
1782454140,24778.2,24785.7,24777.7,24783.7,155
1782454200,24783.2,24783.7,24772.2,24775.2,174
1782454260,24776.2,24780.7,24773.7,24776.7,240
1782454320,24778.2,24788.7,24777.2,24782.7,164
1782454380,24783.7,24789.7,24783.7,24786.2,162
1782454440,24785.7,24797.7,24784.2,24797.7,126
1782454500,24798.7,24802.7,24797.7,24802.7,190
1782454560,24802.2,24809.2,24799.7,24809.2,146
1782454620,24809.7,24814.7,24805.7,24813.2,146
1782454680,24812.2,24812.7,24808.7,24810.7,146
1782454740,24811.2,24814.7,24806.7,24810.2,154
1782454800,24810.7,24824.2,24809.2,24822.7,188
1782454860,24823.2,24828.7,24819.7,24828.7,134
1782454920,24829.7,24832.7,24825.7,24825.7,104
1782454980,24823.7,24823.7,24814.2,24818.2,118
1782455040,24817.7,24822.7,24817.7,24822.7,114
1782455100,24822.2,24831.2,24822.2,24826.7,206
1782455160,24827.2,24827.2,24821.2,24822.2,156
1782455220,24821.7,24829.7,24819.7,24829.7,92
1782455280,24830.2,24830.2,24820.2,24826.7,142
1782455340,24827.7,24837.7,24827.2,24836.2,162
1782455400,24836.7,24838.2,24829.2,24832.7,222
1782455460,24832.2,24838.7,24830.7,24837.7,144
1782455520,24836.7,24840.7,24827.7,24840.2,202
1782455580,24840.7,24840.7,24828.2,24828.2,182
1782455640,24828.7,24830.2,24828.2,24830.2,122
1782455700,24829.7,24837.2,24828.7,24837.2,104
1782455760,24835.7,24840.7,24833.7,24839.7,140
1782455820,24839.2,24842.2,24835.2,24837.2,98
1782455880,24836.7,24842.2,24836.2,24841.2,140
1782455940,24840.7,24846.7,24839.7,24843.7,110
1782456000,24843.2,24845.2,24838.7,24838.7,122
1782456060,24839.2,24846.7,24839.2,24846.2,112
1782456120,24848.2,24848.7,24844.2,24847.7,142
1782456180,24848.2,24852.2,24847.2,24852.2,138
1782456240,24851.7,24859.2,24851.2,24857.2,102
1782456300,24856.7,24857.2,24850.2,24857.2,110
1782456360,24856.7,24868.7,24856.7,24868.2,176
1782456420,24867.7,24869.7,24865.2,24866.2,100
1782456480,24867.2,24872.2,24866.7,24872.2,88
1782456540,24871.7,24873.7,24867.7,24869.2,114
1782456600,24869.7,24870.2,24860.7,24860.7,128
1782456660,24859.7,24872.7,24859.7,24869.7,142
1782456720,24868.2,24874.7,24866.2,24870.7,150
1782456780,24869.7,24879.7,24869.7,24879.2,122
1782456840,24879.7,24889.2,24879.7,24888.7,153
1782456900,24889.2,24896.7,24880.7,24884.2,176
1782456960,24882.2,24887.7,24878.7,24881.2,143
1782457020,24881.7,24883.7,24877.7,24881.7,126
1782457080,24880.7,24884.2,24874.2,24878.2,156
1782457140,24877.7,24879.2,24866.7,24867.7,194
1782457200,24867.2,24881.7,24851.7,24862.7,382
1782457260,24861.7,24861.7,24844.7,24853.7,296
1782457320,24853.2,24868.2,24850.2,24855.7,318
1782457380,24856.7,24858.7,24832.7,24836.2,262
1782457440,24835.2,24839.2,24826.7,24827.2,256
1782457500,24826.7,24828.7,24807.7,24814.7,322
1782457560,24813.7,24824.2,24811.7,24818.2,236
1782457620,24818.7,24832.7,24817.2,24825.2,286
1782457680,24825.7,24828.7,24809.7,24818.7,230
1782457740,24819.7,24819.7,24796.2,24797.7,236
1782457800,24798.2,24810.2,24798.2,24806.7,258
1782457860,24807.2,24838.2,24799.7,24835.7,307
1782457920,24836.7,24847.2,24828.2,24829.2,251
1782457980,24828.7,24844.7,24827.2,24838.7,226
1782458040,24839.2,24843.2,24834.7,24836.7,206
1782458100,24838.7,24838.7,24823.7,24824.7,284
1782458160,24825.2,24836.7,24823.2,24829.7,226
1782458220,24829.2,24834.7,24824.7,24827.2,246
1782458280,24826.7,24826.7,24814.7,24822.2,284
1782458340,24821.7,24835.7,24814.7,24831.7,248
1782458400,24832.2,24836.2,24823.2,24833.7,222
1782458460,24833.2,24852.2,24827.2,24841.7,224
1782458520,24840.7,24842.7,24832.7,24842.7,216
1782458580,24841.7,24841.7,24825.2,24836.2,208
1782458640,24835.7,24857.2,24835.7,24855.7,231
1782458700,24856.7,24857.7,24846.2,24852.7,260
1782458760,24851.7,24858.7,24846.7,24850.7,250
1782458820,24850.2,24851.7,24844.7,24845.7,214
1782458880,24847.2,24861.2,24843.7,24853.7,223
1782458940,24854.2,24858.2,24847.2,24858.2,204
1782459000,24857.2,24865.2,24851.7,24865.2,226
1782459060,24867.2,24872.7,24861.2,24870.7,188
1782459120,24870.2,24873.7,24863.7,24867.7,210
1782459180,24866.7,24867.2,24857.2,24859.2,206
1782459240,24858.7,24859.2,24851.2,24852.7,182
1782459300,24853.2,24856.7,24841.4,24847.2,202
1782459360,24846.2,24847.2,24837.7,24843.7,198
1782459420,24844.2,24849.7,24841.7,24849.7,170
1782459480,24850.2,24851.2,24840.7,24841.2,194
1782459540,24841.7,24848.7,24836.2,24847.2,206
1782459600,24846.7,24847.2,24828.7,24829.2,174
1782459660,24828.7,24835.7,24812.7,24813.2,194
1782459720,24813.7,24814.2,24798.7,24801.2,154
1782459780,24801.7,24814.2,24800.7,24811.7,175
1782459840,24811.2,24811.2,24800.7,24802.7,212
1782459900,24803.2,24803.2,24793.2,24800.2,199
1782459960,24798.7,24813.7,24798.2,24809.2,177
1782460020,24810.2,24810.7,24797.2,24802.2,170
1782460080,24802.7,24805.7,24797.2,24799.2,228
1782460140,24798.2,24804.7,24794.7,24799.7,204
1782460200,24800.2,24807.2,24796.7,24802.2,180
1782460260,24802.7,24816.2,24798.2,24804.7,232
1782460320,24804.2,24807.7,24798.7,24802.7,186
1782460380,24803.2,24818.2,24801.2,24818.2,152
1782460440,24819.7,24824.7,24819.2,24822.7,182
1782460500,24823.2,24827.2,24817.7,24819.2,213
1782460560,24818.7,24820.2,24811.2,24817.7,170
1782460620,24817.2,24821.2,24813.2,24820.7,192
1782460680,24820.2,24820.7,24815.7,24818.7,162
1782460740,24819.2,24827.2,24816.2,24822.7,100
1782460800,24822.2,24831.2,24813.2,24814.7,310
1782460860,24814.2,24817.7,24798.7,24800.2,226
1782460920,24799.7,24804.7,24794.7,24799.7,191
1782460980,24800.2,24804.7,24793.7,24799.2,228
1782461040,24799.7,24799.7,24785.2,24787.2,216
1782461100,24786.7,24788.2,24776.7,24779.2,222
1782461160,24778.7,24793.2,24778.7,24791.2,234
1782461220,24791.7,24803.7,24788.7,24801.2,214
1782461280,24801.7,24819.2,24799.2,24812.2,258
1782461340,24811.7,24815.7,24807.4,24808.7,214
1782461400,24808.2,24808.2,24801.7,24802.7,222
1782461460,24801.7,24806.2,24798.7,24801.7,228
1782461520,24802.2,24806.7,24790.7,24791.7,220
1782461580,24792.2,24795.7,24786.7,24793.7,178
1782461640,24792.7,24792.7,24776.7,24787.7,180
1782461700,24788.2,24790.7,24781.7,24790.2,204
1782461760,24789.7,24800.7,24787.2,24796.7,224
1782461820,24795.7,24802.2,24791.2,24802.2,168
1782461880,24803.7,24806.2,24787.2,24790.2,176
1782461940,24792.2,24792.2,24783.2,24784.7,166
1782462000,24785.2,24785.7,24777.2,24782.7,182
1782462060,24782.2,24798.2,24782.2,24794.2,202
1782462120,24793.7,24795.7,24783.2,24789.7,226
1782462180,24789.2,24796.2,24784.7,24785.2,172
1782462240,24784.7,24801.2,24784.2,24798.7,194
1782462300,24796.7,24799.7,24792.2,24796.7,282
1782462360,24796.2,24809.2,24793.7,24808.2,166
1782462420,24807.7,24820.7,24803.2,24820.7,224
1782462480,24820.2,24821.2,24810.2,24810.2,182
1782462540,24811.2,24816.7,24806.7,24810.7,260
1782462600,24809.7,24809.7,24791.7,24797.7,232
1782462660,24798.2,24810.2,24796.7,24799.2,221
1782462720,24798.7,24802.2,24797.7,24801.2,182
1782462780,24801.7,24803.2,24783.7,24783.7,198
1782462840,24783.2,24784.2,24772.7,24778.2,232
1782462900,24777.2,24783.2,24770.2,24780.2,186
1782462960,24779.7,24786.7,24776.7,24786.2,222
1782463020,24784.7,24790.7,24779.7,24780.7,176
1782463080,24780.2,24791.7,24779.7,24789.2,188
1782463140,24789.7,24790.7,24780.7,24781.2,206
1782463200,24781.7,24785.2,24778.7,24782.2,182
1782463260,24781.7,24795.7,24778.2,24795.7,174
1782463320,24795.2,24800.7,24790.2,24791.2,168
1782463380,24791.7,24793.7,24787.7,24788.7,196
1782463440,24788.2,24789.2,24766.2,24771.2,176
1782463500,24770.2,24777.7,24767.7,24773.7,198
1782463560,24774.7,24777.7,24770.7,24770.7,194
1782463620,24771.2,24772.7,24763.7,24765.7,212
1782463680,24766.2,24769.7,24762.7,24768.2,116
1782463740,24768.7,24770.2,24750.7,24751.2,167
1782463800,24751.7,24755.2,24746.2,24755.2,203
1782463860,24754.7,24757.7,24744.7,24749.7,194
1782463920,24750.2,24763.7,24747.2,24757.2,168
1782463980,24757.7,24759.2,24750.7,24752.2,164
1782464040,24752.7,24753.2,24737.4,24739.7,209
1782464100,24740.2,24740.7,24726.7,24732.2,232
1782464160,24732.7,24743.2,24730.2,24740.7,205
1782464220,24741.7,24741.7,24735.2,24737.2,202
1782464280,24735.7,24749.7,24735.7,24749.7,178
1782464340,24750.2,24758.7,24743.7,24755.2,228
1782464400,24755.7,24755.7,24741.7,24746.7,258
1782464460,24746.2,24748.2,24738.7,24738.7,200
1782464520,24737.2,24737.2,24722.7,24729.2,237
1782464580,24728.7,24731.7,24720.2,24723.2,192
1782464640,24721.7,24721.7,24712.7,24719.2,182
1782464700,24720.2,24731.7,24720.2,24725.7,239
1782464760,24726.7,24727.7,24713.2,24714.2,226
1782464820,24716.2,24722.7,24715.2,24722.2,148
1782464880,24722.7,24731.2,24722.2,24724.7,188
1782464940,24723.2,24725.2,24698.7,24699.7,161
1782465000,24698.7,24711.7,24694.2,24706.7,202
1782465060,24707.2,24718.7,24707.2,24718.2,174
1782465120,24717.7,24719.7,24713.2,24716.7,168
1782465180,24717.2,24721.2,24709.7,24719.2,186
1782465240,24719.7,24736.2,24719.2,24725.2,172
1782465300,24725.7,24733.2,24720.7,24721.2,208
1782465360,24720.2,24722.2,24708.7,24709.7,204
1782465420,24710.2,24719.7,24709.7,24719.7,160
1782465480,24718.7,24721.7,24713.2,24713.7,162
1782465540,24714.2,24716.7,24699.7,24716.2,248
1782465600,24715.7,24719.7,24708.2,24718.7,172
1782465660,24719.2,24721.7,24701.7,24702.7,214
1782465720,24703.7,24704.2,24694.7,24699.7,196
1782465780,24701.2,24706.2,24699.2,24701.7,188
1782465840,24701.2,24704.2,24696.2,24698.7,146
1782465900,24697.7,24701.7,24690.7,24699.2,192
1782465960,24698.7,24700.7,24690.7,24696.7,186
1782466020,24695.7,24711.2,24695.7,24702.2,184
1782466080,24702.7,24703.7,24697.2,24700.2,128
1782466140,24699.7,24707.2,24697.7,24705.7,198
1782466200,24705.2,24706.2,24690.7,24694.2,224
1782466260,24694.7,24701.2,24688.2,24688.2,176
1782466320,24687.2,24694.7,24684.9,24689.7,166
1782466380,24690.2,24693.7,24680.7,24683.7,192
1782466440,24684.7,24699.7,24684.2,24693.7,156
1782466500,24694.2,24703.7,24692.7,24699.2,194
1782466560,24699.7,24699.7,24691.2,24696.2,134
1782466620,24695.2,24703.2,24693.2,24699.7,174
1782466680,24699.2,24709.7,24699.2,24706.7,194
1782466740,24706.2,24707.7,24699.2,24700.7,142
1782466800,24701.2,24723.2,24700.2,24722.2,202
1782466860,24721.2,24729.7,24720.7,24723.7,164
1782466920,24724.2,24731.7,24722.2,24727.2,172
1782466980,24726.2,24726.2,24714.2,24722.7,166
1782467040,24723.7,24723.7,24708.2,24708.7,166
1782467100,24709.2,24722.2,24705.7,24720.7,216
1782467160,24721.2,24730.2,24719.7,24726.2,192
1782467220,24725.2,24726.7,24713.2,24713.2,178
1782467280,24712.7,24725.7,24711.7,24718.7,204
1782467340,24719.2,24723.7,24707.2,24722.2,150
1782467400,24724.7,24726.7,24714.7,24720.7,236
1782467460,24721.7,24732.7,24719.2,24731.7,182
1782467520,24731.2,24734.2,24725.7,24726.2,180
1782467580,24727.2,24732.2,24722.7,24724.7,184
1782467640,24725.2,24725.2,24704.7,24704.7,226
1782467700,24706.2,24709.7,24700.2,24706.7,196
1782467760,24706.2,24709.7,24702.7,24703.7,154
1782467820,24704.2,24713.2,24702.2,24712.7,162
1782467880,24713.2,24722.2,24711.7,24718.2,188
1782467940,24718.7,24719.7,24708.2,24711.7,188
1782468000,24712.7,24714.7,24691.7,24701.2,220
1782468060,24700.7,24702.7,24678.7,24679.2,188
1782468120,24679.7,24681.7,24675.7,24677.7,200
1782468180,24677.2,24686.7,24673.7,24684.2,222
1782468240,24683.7,24689.7,24679.7,24686.2,156
1782468300,24686.7,24696.2,24686.7,24691.7,205
1782468360,24691.2,24705.2,24689.7,24701.7,199
1782468420,24702.2,24707.7,24697.2,24707.2,150
1782468480,24706.7,24707.2,24693.7,24694.2,142
1782468540,24694.7,24701.2,24691.4,24698.7,154
1782468600,24699.2,24712.2,24697.7,24708.2,186
1782468660,24708.7,24712.2,24701.7,24702.7,176
1782468720,24703.2,24705.7,24692.7,24699.7,152
1782468780,24700.7,24709.7,24696.7,24703.7,162
1782468840,24705.2,24706.2,24692.7,24692.7,174
1782468900,24693.7,24699.7,24687.7,24687.7,170
1782468960,24687.2,24690.7,24682.7,24683.7,122
1782469020,24684.2,24690.7,24684.2,24689.7,130
1782469080,24689.2,24695.2,24680.7,24686.2,200
1782469140,24687.2,24695.2,24684.2,24692.7,134
1782469200,24693.7,24695.2,24686.7,24691.7,194
1782469260,24691.2,24693.2,24685.7,24685.7,144
1782469320,24684.2,24693.7,24684.2,24691.2,164
1782469380,24691.7,24691.7,24677.2,24677.2,142
1782469440,24677.7,24679.2,24672.2,24674.2,156
1782469500,24674.7,24680.2,24668.7,24676.7,148
1782469560,24677.2,24686.7,24673.2,24686.7,128
1782469620,24686.2,24694.7,24686.2,24692.2,172
1782469680,24691.7,24696.7,24686.2,24687.2,140
1782469740,24688.2,24697.7,24688.2,24694.7,136
1782469800,24692.7,24693.2,24682.2,24688.2,170
1782469860,24687.2,24689.7,24684.2,24687.7,168
1782469920,24687.2,24693.7,24681.2,24686.7,174
1782469980,24687.2,24691.7,24674.7,24676.7,186
1782470040,24677.2,24682.2,24675.7,24678.2,158
1782470100,24679.2,24683.7,24671.2,24682.7,176
1782470160,24683.2,24684.7,24679.7,24681.2,196
1782470220,24681.7,24683.2,24668.7,24670.2,154
1782470280,24671.7,24681.7,24671.7,24677.2,128
1782470340,24677.7,24684.7,24675.7,24679.7,156
1782470400,24678.7,24679.7,24671.7,24677.2,162
1782470460,24675.7,24675.7,24669.2,24675.2,104
1782470520,24674.2,24677.7,24669.2,24675.2,155
1782470580,24676.7,24678.7,24669.7,24674.7,176
1782470640,24674.2,24678.7,24669.2,24678.7,136
1782470700,24678.2,24693.2,24675.7,24691.7,150
1782470760,24692.2,24695.2,24687.2,24691.2,152
1782470820,24690.7,24695.7,24688.2,24693.7,150
1782470880,24694.2,24694.2,24678.7,24678.7,172
1782470940,24679.2,24686.7,24678.7,24682.7,150
1782471000,24683.2,24690.2,24681.7,24687.2,142
1782471060,24688.2,24689.7,24676.2,24678.2,156
1782471120,24678.7,24686.2,24678.7,24685.7,116
1782471180,24685.2,24694.2,24683.2,24694.2,116
1782471240,24694.7,24698.2,24690.7,24694.2,128
1782471300,24694.7,24694.7,24685.7,24690.7,154
1782471360,24690.2,24693.2,24687.2,24688.2,150
1782471420,24687.2,24688.2,24678.7,24681.7,136
1782471480,24682.2,24682.2,24672.2,24674.2,178
1782471540,24674.7,24683.7,24674.2,24683.7,170
1782471600,24683.2,24695.7,24681.7,24695.2,260
1782471660,24694.7,24698.2,24680.2,24682.7,160
1782471720,24683.7,24697.7,24683.7,24697.7,204
1782471780,24698.7,24707.7,24693.2,24704.2,204
1782471840,24703.7,24703.7,24696.7,24697.7,186
1782471900,24698.2,24706.2,24693.7,24703.2,150
1782471960,24701.2,24714.2,24697.2,24710.7,166
1782472020,24711.2,24713.7,24703.2,24708.2,172
1782472080,24708.7,24711.7,24703.2,24711.2,156
1782472140,24710.2,24714.2,24709.2,24710.2,138
1782472200,24709.7,24712.2,24706.7,24709.7,124
1782472260,24710.2,24716.2,24708.7,24711.2,128
1782472320,24712.2,24719.7,24708.7,24716.7,174
1782472380,24716.2,24720.2,24714.2,24718.2,138
1782472440,24717.7,24720.7,24706.2,24707.7,150
1782472500,24708.2,24708.2,24692.7,24693.7,150
1782472560,24694.2,24697.7,24693.2,24697.7,120
1782472620,24697.2,24703.2,24696.7,24700.2,140
1782472680,24700.7,24702.2,24697.7,24701.2,148
1782472740,24700.7,24708.7,24693.7,24702.7,190
1782472800,24701.7,24704.7,24694.7,24694.7,186
1782472860,24695.7,24696.7,24687.7,24687.7,140
1782472920,24687.7,24700.2,24684.2,24699.7,170
1782472980,24699.2,24700.7,24689.4,24695.7,145
1782473040,24695.2,24700.2,24690.2,24698.7,122
1782473100,24697.7,24698.7,24692.2,24695.2,146
1782473160,24694.7,24694.7,24687.2,24689.7,138
1782473220,24688.7,24691.7,24687.2,24691.2,92
1782473280,24691.7,24694.7,24689.7,24689.7,124
1782473340,24690.2,24692.2,24681.2,24691.2,132
1782473400,24690.7,24692.7,24688.2,24689.2,140
1782473460,24690.2,24693.2,24686.7,24691.7,146
1782473520,24692.2,24692.2,24683.7,24683.7,126
1782473580,24684.2,24687.7,24680.2,24680.7,158
1782473640,24681.2,24688.7,24678.2,24687.7,162
1782473700,24687.2,24692.2,24682.2,24691.7,160
1782473760,24691.2,24702.2,24690.2,24693.7,156
1782473820,24693.2,24694.7,24681.2,24685.7,174
1782473880,24686.2,24686.2,24679.7,24682.2,118
1782473940,24682.7,24684.7,24677.7,24680.7,116
1782474000,24680.2,24688.7,24674.2,24686.7,192
1782474060,24687.2,24689.7,24683.7,24687.7,168
1782474120,24688.2,24691.2,24681.2,24690.2,154
1782474180,24689.2,24689.2,24665.2,24665.7,160
1782474240,24666.2,24674.2,24665.2,24670.2,168
1782474300,24671.2,24678.7,24667.7,24674.2,172
1782474360,24674.7,24677.7,24670.2,24672.7,138
1782474420,24673.2,24683.2,24673.2,24682.2,108
1782474480,24681.7,24685.7,24679.2,24680.2,152
1782474540,24682.2,24689.7,24677.7,24683.2,154
1782474600,24682.7,24688.7,24680.2,24688.2,142
1782474660,24687.7,24691.2,24685.7,24690.7,132
1782474720,24691.2,24692.7,24674.7,24680.7,190
1782474780,24681.2,24685.2,24676.7,24676.7,164
1782474840,24677.2,24677.7,24671.2,24672.2,134
1782474900,24674.2,24674.2,24668.2,24672.2,104
1782474960,24672.7,24677.7,24667.7,24667.7,170
1782475020,24668.2,24678.2,24665.7,24675.2,162
1782475080,24675.7,24681.7,24670.7,24681.2,172
1782475140,24680.7,24680.7,24669.7,24671.7,164
1782475200,24672.2,24672.2,24657.7,24661.2,152
1782475260,24661.7,24668.2,24661.2,24667.2,150
1782475320,24667.7,24675.2,24666.2,24672.7,168
1782475380,24672.2,24674.2,24665.2,24665.7,156
1782475440,24666.2,24666.7,24661.2,24661.7,122
1782475500,24662.2,24686.7,24661.7,24683.2,193
1782475560,24683.7,24683.7,24670.7,24672.2,214
1782475620,24671.7,24672.2,24667.2,24669.7,166
1782475680,24669.2,24681.7,24668.7,24678.7,178
1782475740,24678.2,24684.2,24673.7,24681.2,156
1782475800,24680.2,24681.2,24669.7,24670.2,164
1782475860,24671.2,24675.7,24670.2,24673.7,138
1782475920,24672.7,24677.2,24666.7,24671.2,168
1782475980,24670.7,24690.7,24670.7,24689.2,156
1782476040,24688.7,24691.2,24681.7,24690.2,178
1782476100,24691.2,24712.7,24691.2,24712.2,214
1782476160,24713.2,24713.2,24697.7,24700.7,246
1782476220,24700.2,24702.7,24695.7,24696.7,180
1782476280,24698.2,24698.2,24685.7,24686.2,210
1782476340,24685.7,24686.2,24671.7,24681.2,198
1782476400,24680.7,24685.2,24675.2,24679.7,232
1782476460,24680.2,24680.2,24668.2,24675.2,232
1782476520,24674.7,24681.2,24673.7,24680.7,150
1782476580,24681.7,24690.7,24680.7,24685.7,172
1782476640,24686.2,24692.2,24684.2,24684.2,156
1782476700,24685.2,24690.7,24685.2,24688.2,168
1782476760,24688.7,24695.7,24687.7,24693.2,138
1782476820,24691.7,24695.2,24688.2,24695.2,152
1782476880,24694.7,24696.2,24689.7,24696.2,144
1782476940,24695.7,24696.7,24692.7,24696.2,138
1782477000,24695.7,24702.7,24690.7,24698.7,168
1782477060,24698.2,24705.2,24694.7,24703.2,204
1782477120,24703.7,24704.7,24691.7,24697.2,140
1782477180,24696.7,24697.7,24689.7,24689.7,168
1782477240,24689.2,24697.2,24689.2,24694.7,168
1782477300,24694.2,24694.7,24682.7,24682.7,174
1782477360,24683.2,24685.7,24675.7,24679.7,162
1782477420,24680.7,24680.7,24663.7,24666.2,152
1782477480,24665.7,24672.2,24665.2,24668.7,164
1782477540,24669.2,24669.7,24664.7,24666.7,166
1782477600,24666.2,24672.7,24662.7,24664.2,152
1782477660,24665.2,24665.2,24656.2,24658.2,170
1782477720,24658.7,24660.2,24650.2,24652.7,198
1782477780,24652.2,24653.7,24645.2,24651.7,164
1782477840,24650.7,24657.7,24649.7,24653.7,200
1782477900,24656.2,24656.7,24637.7,24641.2,189
1782477960,24641.7,24649.2,24639.7,24645.2,182
1782478020,24643.7,24647.2,24643.7,24646.2,164
1782478080,24645.7,24646.2,24627.4,24629.2,130
1782478140,24628.7,24630.2,24623.7,24623.7,156
1782478200,24624.2,24636.2,24624.2,24630.2,182
1782478260,24630.7,24635.7,24627.2,24634.2,188
1782478320,24634.7,24639.2,24632.2,24638.7,182
1782478380,24638.2,24642.2,24632.7,24639.7,140
1782478440,24638.7,24642.7,24637.7,24642.2,150
1782478500,24641.7,24647.2,24635.2,24638.7,214
1782478560,24639.7,24650.2,24638.7,24645.7,178
1782478620,24646.2,24649.7,24641.7,24641.7,180
1782478680,24642.2,24646.7,24637.2,24639.2,170
1782478740,24638.7,24646.2,24631.2,24634.2,188
1782478800,24633.7,24640.7,24615.2,24615.2,258
1782478860,24615.7,24618.7,24612.7,24618.7,214
1782478920,24618.2,24626.2,24617.7,24624.7,164
1782478980,24624.2,24630.7,24618.2,24618.2,144
1782479040,24617.7,24629.7,24616.2,24629.7,186
1782479100,24629.2,24634.7,24627.7,24632.7,193
1782479160,24634.2,24646.2,24631.7,24641.2,176
1782479220,24640.2,24640.2,24628.7,24629.7,164
1782479280,24629.2,24632.7,24624.2,24627.7,140
1782479340,24628.2,24630.2,24624.7,24626.2,170
1782479400,24626.7,24630.7,24617.7,24618.7,222
1782479460,24618.2,24625.7,24616.2,24620.7,190
1782479520,24620.2,24624.7,24619.2,24624.7,148
1782479580,24623.7,24629.2,24621.7,24628.2,154
1782479640,24627.7,24633.7,24624.7,24627.2,178
1782479700,24626.2,24627.7,24616.7,24620.2,178
1782479760,24619.7,24622.2,24616.7,24617.7,142
1782479820,24618.2,24622.2,24610.9,24620.7,171
1782479880,24620.2,24621.2,24557.7,24560.7,384
1782479940,24560.2,24576.7,24548.7,24576.2,446
1782480000,24574.7,24613.7,24572.2,24600.7,429
1782480060,24598.7,24615.7,24596.7,24602.7,338
1782480120,24602.2,24607.2,24589.7,24590.7,272
1782480180,24590.2,24601.7,24588.7,24593.7,226
1782480240,24594.2,24601.7,24591.2,24597.2,212
1782480300,24596.7,24600.7,24589.7,24594.7,296
1782480360,24593.2,24601.2,24586.7,24586.7,236
1782480420,24588.2,24600.7,24586.7,24599.7,248
1782480480,24600.7,24609.7,24594.7,24603.7,235
1782480540,24604.2,24608.7,24597.7,24608.2,228
1782480600,24606.7,24633.7,24603.7,24633.7,424
1782480660,24634.2,24642.2,24628.7,24638.7,398
1782480720,24639.7,24647.2,24630.7,24637.7,368
1782480780,24639.7,24639.7,24603.7,24603.7,332
1782480840,24603.2,24626.2,24598.7,24614.7,342
1782480900,24614.2,24628.2,24605.2,24622.2,402
1782480960,24622.7,24634.7,24620.7,24623.2,326
1782481020,24622.7,24625.2,24601.7,24609.7,384
1782481080,24610.2,24619.2,24608.2,24616.7,346
1782481140,24617.7,24622.2,24611.7,24617.7,318
1782481200,24618.2,24627.7,24614.2,24616.7,354
1782481260,24617.2,24625.2,24612.7,24615.7,344
1782481320,24616.2,24629.2,24611.7,24621.7,378
1782481380,24620.7,24631.2,24619.7,24628.7,340
1782481440,24628.2,24639.7,24625.7,24635.2,312
1782481500,24636.2,24636.2,24618.7,24625.7,358
1782481560,24626.2,24649.2,24625.7,24643.2,336
1782481620,24642.7,24655.2,24640.7,24653.7,302
1782481680,24654.2,24657.7,24640.7,24641.7,330
1782481740,24640.7,24644.7,24633.7,24641.7,318
1782481800,24642.2,24656.7,24641.7,24655.7,344
1782481860,24656.2,24662.7,24652.2,24655.7,322
1782481920,24655.2,24657.7,24642.7,24645.7,328
1782481980,24646.7,24647.7,24631.7,24637.2,336
1782482040,24637.7,24645.2,24635.2,24642.7,324
1782482100,24645.7,24653.7,24640.7,24643.7,362
1782482160,24643.2,24665.7,24639.7,24664.7,360
1782482220,24664.2,24667.2,24651.7,24653.7,372
1782482280,24652.7,24657.2,24648.7,24656.2,228
1782482340,24655.7,24662.2,24651.7,24662.2,260
1782482400,24659.7,24681.7,24657.7,24672.2,363
1782482460,24672.7,24681.7,24670.2,24672.7,350
1782482520,24672.2,24672.7,24661.2,24670.7,324
1782482580,24671.2,24673.7,24656.7,24662.7,311
1782482640,24663.7,24676.7,24662.2,24673.7,300
1782482700,24673.2,24689.2,24670.7,24684.2,312
1782482760,24684.7,24688.7,24681.2,24683.7,271
1782482820,24686.2,24688.7,24676.2,24683.7,302
1782482880,24684.2,24699.7,24681.2,24694.7,274
1782482940,24693.7,24697.7,24688.7,24697.2,278
1782483000,24696.2,24701.7,24688.2,24693.2,324
1782483060,24692.7,24695.2,24683.7,24686.7,278
1782483120,24687.2,24691.2,24683.7,24687.7,282
1782483180,24686.7,24691.2,24677.7,24688.2,280
1782483240,24687.7,24689.2,24676.7,24679.7,282
1782483300,24680.2,24683.7,24674.7,24676.7,248
1782483360,24677.7,24693.2,24674.2,24687.2,242
1782483420,24687.7,24691.2,24668.2,24671.2,272
1782483480,24670.7,24679.2,24667.4,24674.2,269
1782483540,24673.7,24677.7,24666.2,24667.2,222
1782483600,24668.2,24685.7,24665.7,24680.7,286
1782483660,24681.2,24691.7,24678.7,24684.2,274
1782483720,24683.2,24686.2,24675.7,24686.2,218
1782483780,24685.7,24692.2,24682.7,24687.7,236
1782483840,24688.7,24688.7,24683.2,24683.7,274
1782483900,24684.2,24691.7,24679.7,24686.7,260
1782483960,24687.2,24692.2,24679.7,24680.2,266
1782484020,24682.2,24695.7,24681.7,24691.2,276
1782484080,24690.7,24694.2,24687.2,24689.7,216
1782484140,24690.2,24692.2,24679.2,24683.2,248
1782484200,24684.7,24686.7,24675.7,24678.7,256
1782484260,24679.2,24681.2,24674.7,24677.7,218
1782484320,24678.2,24679.7,24667.2,24667.7,258
1782484380,24666.7,24667.7,24658.7,24660.2,234
1782484440,24660.7,24674.7,24659.7,24660.2,256
1782484500,24660.7,24661.7,24648.9,24648.9,238
1782484560,24649.4,24658.2,24646.4,24656.2,192
1782484620,24656.7,24657.7,24646.2,24646.7,204
1782484680,24648.7,24651.2,24643.2,24644.7,242
1782484740,24645.2,24649.7,24643.2,24649.2,242
1782484800,24649.7,24652.2,24640.7,24644.2,258
1782484860,24644.7,24654.7,24644.2,24650.2,258
1782484920,24650.7,24657.7,24647.7,24656.7,240
1782484980,24655.7,24656.2,24645.2,24647.7,232
1782485040,24647.2,24647.7,24635.2,24635.7,204
1782485100,24636.2,24639.2,24626.2,24627.2,264
1782485160,24627.7,24643.2,24627.2,24639.2,218
1782485220,24638.7,24647.2,24634.7,24643.2,282
1782485280,24643.7,24647.7,24637.7,24644.7,280
1782485340,24644.2,24645.2,24630.2,24631.7,288
1782485400,24630.7,24639.7,24624.2,24638.7,316
1782485460,24638.2,24640.7,24634.7,24638.7,242
1782485520,24638.2,24642.7,24630.7,24630.7,250
1782485580,24631.2,24634.7,24623.7,24624.7,268
1782485640,24625.7,24628.7,24619.2,24620.7,229
1782485700,24621.2,24622.7,24603.7,24604.2,280
1782485760,24605.2,24615.2,24599.7,24611.7,250
1782485820,24610.7,24617.7,24610.7,24615.7,238
1782485880,24615.2,24617.7,24612.2,24613.7,236
1782485940,24613.2,24620.7,24611.7,24613.2,236
1782486000,24614.2,24633.2,24612.2,24632.7,266
1782486060,24632.2,24642.7,24627.7,24637.2,256
1782486120,24637.7,24638.7,24626.2,24628.7,228
1782486180,24630.2,24632.7,24627.2,24627.2,228
1782486240,24626.7,24626.7,24611.7,24615.2,224
1782486300,24614.7,24617.7,24602.7,24606.7,272
1782486360,24606.2,24609.7,24603.7,24607.2,230
1782486420,24607.7,24627.7,24607.7,24626.2,220
1782486480,24625.7,24627.7,24617.7,24625.7,234
1782486540,24625.2,24634.7,24624.7,24631.7,260
1782486600,24630.2,24633.2,24619.7,24623.2,274
1782486660,24622.7,24623.2,24610.2,24616.2,220
1782486720,24615.2,24618.7,24609.7,24614.7,160
1782486780,24615.2,24618.7,24602.2,24606.7,194
1782486840,24607.7,24608.2,24595.2,24598.7,212
1782486900,24599.2,24605.7,24597.2,24601.7,290
1782486960,24601.2,24611.2,24600.7,24608.2,260
1782487020,24609.2,24613.2,24603.2,24603.2,242
1782487080,24602.7,24603.7,24599.2,24601.2,214
1782487140,24601.7,24611.7,24601.2,24608.7,274
1782487200,24609.2,24617.7,24604.7,24617.7,214
1782487260,24618.2,24624.7,24617.2,24624.2,192
1782487320,24624.7,24632.2,24623.7,24625.2,198
1782487380,24624.2,24633.7,24620.2,24633.7,222
1782487440,24633.2,24641.2,24630.2,24639.7,191
1782487500,24639.2,24651.2,24637.7,24645.2,222
1782487560,24645.7,24649.2,24640.7,24649.2,222
1782487620,24648.2,24648.2,24638.2,24646.2,168
1782487680,24646.7,24657.2,24642.2,24656.2,156
1782487740,24657.2,24685.2,24657.2,24684.7,238
1782487800,24686,24693.5,24677.5,24687.5,292
1782487860,24688,24691,24676.5,24688,262
1782487920,24687,24692,24680,24683,218
1782487980,24683.5,24687,24676.5,24677.5,210
1782488040,24679.5,24683,24669,24671,294
1782488100,24673,24685,24671,24676,232
1782488160,24677.5,24688.5,24672.5,24685.5,222
1782488220,24686.5,24694,24682.5,24689.5,210
1782488280,24690.5,24693,24684.5,24690.5,244
1782488340,24691.5,24695.5,24684,24684,194
1782488400,24683.5,24695.5,24681.5,24692,190
1782488460,24692.5,24693.5,24685,24685,192
1782488520,24685.5,24709.5,24685.5,24708,168
1782488580,24708.5,24710,24701.5,24705,228
1782488640,24704.5,24705,24696.5,24698,224
1782488700,24698.5,24704.5,24694.5,24694.5,258
1782488760,24695,24697.5,24692,24693.5,212
1782488820,24694,24697,24688.5,24693.5,168
1782488880,24694.5,24697.5,24692.5,24693,154
1782488940,24692.5,24697.5,24690,24690,180
1782489000,24690.5,24697,24690.5,24695,156
1782489060,24695.5,24696,24649.5,24668.5,420
1782489120,24669,24679.5,24665.5,24667.5,314
1782489180,24667,24672.5,24664.5,24665.5,274
1782489240,24666,24666,24655,24660,298
1782489300,24659,24667.5,24657.4,24667,247
1782489360,24666.5,24676.5,24666.5,24675.5,244
1782489420,24676,24685.5,24675.5,24685.5,176
1782489480,24684,24684.5,24676,24677,170
1782489540,24676.5,24684.5,24674.5,24679.5,198
1782489600,24680,24681.5,24675,24677.5,218
1782489660,24678,24682,24676.5,24677.5,166
1782489720,24678.5,24682.5,24675,24675.5,196
1782489780,24675,24681,24675,24675.5,170
1782489840,24676,24679.5,24670,24673.5,148
1782489900,24672.5,24674,24667,24668.5,206
1782489960,24668,24672.5,24667.5,24671.5,210
1782490020,24671,24674.5,24665.5,24670,186
1782490080,24670.5,24670.5,24659.5,24659.5,170
1782490140,24660,24661.5,24643.5,24653,226
1782490200,24651,24653.5,24648.5,24652.5,237
1782490260,24652,24653,24648,24651.5,230
1782490320,24650.5,24652,24645.5,24648.5,148
1782490380,24649,24658,24649,24657.5,186
1782490440,24661,24669.5,24660.5,24663.5,180
1782490500,24664,24669.5,24659.9,24667.5,192
1782490560,24671,24675.5,24666.5,24672.5,198
1782490620,24673,24673.5,24666.5,24669.5,200
1782490680,24670.5,24670.5,24662,24664,178
1782490740,24663.5,24665.5,24662.5,24663.5,166
1782490800,24664,24664.5,24641.5,24653.5,200
1782490860,24650,24650.5,24605,24612.5,394
1782490920,24613,24624,24612.5,24618,274
1782490980,24618.5,24624.5,24611,24623,306
1782491040,24623.5,24631,24622,24627,184
1782491100,24627.5,24635.5,24622.5,24631.5,244
1782491160,24632,24640.5,24628.5,24639.5,220
1782491220,24640,24646.5,24639,24646,182
1782491280,24645.5,24648.5,24642,24645,202
1782491340,24644.5,24648,24643,24646,214
1782491400,24646.5,24664.5,24646.5,24663.5,220
1782491460,24663,24663.5,24657,24659.5,160
1782491520,24659,24662.5,24655.5,24660.5,218
1782491580,24661,24663.5,24648,24652.5,198
1782491640,24653,24657,24651.5,24654,176
1782491700,24653.5,24656,24650.5,24654.5,196
1782491760,24652.4,24654.5,24646,24651.5,231
1782491820,24652,24657,24648.5,24654.5,198
1782491880,24655.5,24658,24647.5,24648.5,160
1782491940,24648,24649,24640.5,24642,150
1782492000,24642.5,24649.5,24642.5,24644.5,201
1782492060,24644,24644.5,24638,24642.5,186
1782492120,24643,24646,24641.5,24645,152
1782492180,24645.5,24647.5,24641,24641,180
1782492240,24641.5,24646.5,24638,24638,174
1782492300,24638.5,24649.5,24636.5,24647,170
1782492360,24646.5,24647,24640,24640.5,168
1782492420,24641,24646.5,24640.5,24646,136
1782492480,24646.5,24650.5,24644.5,24649.5,193
1782492540,24650.5,24657.5,24649.5,24656.5,164
1782492600,24655.5,24661.5,24648.5,24649.5,192
1782492660,24650,24652.5,24645.5,24648,190
1782492720,24648.5,24648.5,24644,24647,168
1782492780,24646.5,24653,24645,24653,168
1782492840,24652.5,24654,24648.5,24649,154
1782492900,24649.5,24651.5,24646,24649.5,194
1782492960,24650,24650.5,24647,24649.5,164
1782493020,24648.5,24651,24648,24648,128
1782493080,24648.5,24650,24646.5,24646.5,146
1782493140,24645.5,24647.5,24642,24647.5,152
1782493200,24648.5,24648.5,24635.5,24646.5,174
1782493260,24647,24657,24646.5,24657,182
1782493320,24658,24661,24651.5,24654.5,174
1782493380,24653.5,24655.5,24649.5,24650.5,162
1782493440,24649.5,24654.5,24649,24652,142
1782493500,24652.5,24657.5,24650.5,24654,164
1782493560,24653.5,24658.5,24652.5,24655.5,98
1782493620,24654.5,24661,24653.5,24654.5,136
1782493680,24655,24668.5,24654.5,24668,142
1782493740,24667.5,24671,24663.5,24668,180
1782493800,24668.5,24674,24668,24673,104
1782493860,24672.5,24673,24663.5,24665.5,136
1782493920,24665,24669.5,24664,24669,164
1782493980,24668.5,24668.5,24661.5,24662.5,180
1782494040,24663.5,24667.5,24662.5,24666.5,150
1782494100,24667,24667.5,24656.5,24659.5,134
1782494160,24660.5,24665,24658.5,24658.5,130
1782494220,24659,24660.5,24653.5,24655.5,150
1782494280,24655,24658.5,24654.5,24655.5,132
1782494340,24655,24664.5,24655,24661.5,130
1782494400,24661,24664.5,24659.5,24660.5,148
1782494460,24661,24661.5,24652.5,24657.5,156
1782494520,24658,24663.5,24657.5,24660.5,150
1782494580,24661,24661.5,24654,24656.5,132
1782494640,24656,24661,24656,24660,124
1782494700,24659.5,24659.5,24654,24656.5,186
1782494760,24656,24659,24654,24657,168
1782494820,24656.5,24669,24656.5,24667,170
1782494880,24667.5,24669,24666,24668.5,182
1782494940,24669,24670,24665,24665.5,138
1782495000,24666,24678.5,24666,24671.5,234
1782495060,24671,24672.5,24660.5,24662.5,186
1782495120,24662,24665.5,24657.5,24663.5,216
1782495180,24662.5,24667.5,24660.5,24666,152
1782495240,24666.5,24672.5,24666,24668.5,154
1782495300,24669.5,24670.5,24664.5,24667,140
1782495360,24667.5,24671,24666.5,24668,162
1782495420,24668.5,24668.5,24662,24664.5,192
1782495480,24664,24665,24660,24660.5,132
1782495540,24661,24663,24660,24662,146
1782495600,24662.5,24662.5,24651,24655.5,186
1782495660,24655,24658,24654.5,24655.5,194
1782495720,24656,24666.5,24654,24665.5,204
1782495780,24666,24670.5,24664,24665,252
1782495840,24665.5,24667.5,24664,24666.5,148
1782495900,24666,24672.5,24666,24670,140
1782495960,24670.5,24671.5,24666.5,24668,132
1782496020,24667.5,24671,24666.5,24669.5,104
1782496080,24670,24672.5,24664.5,24665,162
1782496140,24665.5,24669.5,24665,24665.5,156
1782496200,24666,24670,24664.5,24670,128
1782496260,24668.5,24668.5,24664.5,24667,174
1782496320,24666.5,24668,24664.5,24666.5,124
1782496380,24667,24668,24664.5,24665.5,146
1782496440,24664,24668,24664,24666,170
1782496500,24665.5,24666,24658.5,24658.5,174
1782496560,24659,24659,24652,24656,154
1782496620,24656.5,24660.5,24654,24657,154
1782496680,24657.5,24661.5,24657,24657.5,182
1782496740,24658.5,24664.5,24656.5,24657,142
1782496800,24657.5,24662.5,24656.5,24662.5,166
1782496860,24662,24667,24661.5,24665.5,176
1782496920,24666,24670.5,24662.5,24664.5,158
1782496980,24664,24666.5,24662.5,24666,172
1782497040,24666.5,24669.5,24666,24668,154
1782497100,24667.5,24671.5,24666.5,24669.5,162
1782497160,24670.5,24672,24664.5,24667.5,162
1782497220,24667,24667,24660.5,24661.5,196
1782497280,24662,24663,24658.5,24660.5,142
1782497340,24660,24660,24656,24656,144
1782497400,24657.5,24658.5,24652.5,24652.5,110
1782497460,24653,24665,24653,24665,140
1782497520,24664.5,24667,24661.5,24662,154
1782497580,24662.5,24663,24660.5,24661,180
1782497640,24661.5,24661.5,24658,24660,106
1782497700,24659.5,24663.5,24651.5,24654,196
1782497760,24653,24655.5,24648.5,24649.5,170
1782497820,24650,24651.5,24646.5,24649,168
1782497880,24648.5,24656,24647.5,24649,190
1782497940,24648.5,24649.5,24644.5,24648.5,182
1782498000,24649,24653.5,24644.5,24647.5,186
1782498060,24647,24651,24646,24650.5,182
1782498120,24650,24655.5,24649.5,24653,170
1782498180,24653.5,24653.5,24651.5,24653,154
1782498240,24652.5,24653.5,24649.5,24652,140
1782498300,24652.5,24655,24650.5,24651.5,138
1782498360,24652,24654.5,24647.5,24648,154
1782498420,24647.5,24648.5,24640.5,24641,192
1782498480,24640.5,24641.5,24632,24635.5,172
1782498540,24635,24640.5,24635,24636,172
1782498600,24636.5,24642.5,24632.5,24632.5,202
1782498660,24633.5,24635.5,24631,24633,152
1782498720,24634.5,24644,24634.5,24643,102
1782498780,24642,24647.5,24638.5,24647.5,180
1782498840,24646.5,24647.5,24640,24643.5,138
1782498900,24643,24645.5,24638,24638,104
1782498960,24637.5,24639.5,24633.5,24635,148
1782499020,24634.5,24636.5,24629,24632,166
1782499080,24632.5,24635.5,24631.5,24633.5,134
1782499140,24634.5,24636,24633.5,24634,60
1782499200,24635.5,24637,24631.5,24632,124
1782499260,24632.5,24637.5,24630.5,24633.5,114
1782499320,24633,24638,24633,24637.5,102
1782499380,24638.5,24643,24637,24642,106
1782499440,24642.5,24646.5,24642.5,24643.5,110
1782499500,24644.5,24644.5,24636.5,24638.5,170
1782499560,24640,24640,24635.5,24637,146
1782499620,24637.5,24638,24632,24634,170
1782499680,24633,24635,24627.5,24628.5,166
1782499740,24629.5,24633.5,24628.5,24632,175
1782499800,24632.5,24633,24620,24625,172
1782499860,24624.5,24628.5,24623,24624.5,154
1782499920,24623.5,24634,24623,24631.5,175
1782499980,24632,24632,24627.5,24630,92
1782500040,24630.5,24634,24628,24632,159
1782500100,24631.5,24638.5,24631.5,24637.5,132
1782500160,24636.5,24637.5,24630,24631,168
1782500220,24631.5,24632.5,24619.5,24622.5,202
1782500280,24623,24628.5,24623,24626.5,170
1782500340,24626,24632.5,24625.5,24627.5,170
1782500400,24628,24630.5,24622.5,24624.5,206
1782500460,24625.5,24630,24623.5,24629.5,164
1782500520,24629,24632.5,24628.5,24628.5,148
1782500580,24628,24628.5,24616.5,24616.5,156
1782500640,24617.5,24620.5,24614,24614,144
1782500700,24614.5,24619.5,24613.5,24617.5,196
1782500760,24618.5,24628.5,24617,24628.5,172
1782500820,24629.5,24629.5,24623,24625.5,178
1782500880,24626,24637.5,24625.5,24633,190
1782500940,24633.5,24637.5,24631.5,24637,180
1782501000,24635,24640.5,24633.5,24640,222
1782501060,24639.5,24641.5,24636.5,24640.5,164
1782501120,24640,24644,24637.5,24643.5,158
1782501180,24642.5,24646,24641.5,24645.5,152
1782501240,24646.5,24657.5,24645.5,24656.5,138
1782501300,24656,24658.5,24651,24656.5,152
1782501360,24657.5,24657.5,24648.5,24653.5,164
1782501420,24652.5,24657,24650.5,24654.5,142
1782501480,24655,24660.5,24653.5,24659.5,138
1782501540,24658.5,24661,24656.5,24657,128
1782501600,24655,24655,24651.5,24653,156
1782501660,24653.5,24659.5,24651.5,24652.5,180
1782501720,24651.5,24652.5,24640.5,24643.5,156
1782501780,24643,24644.5,24634.5,24637.5,154
1782501840,24638,24641,24636.5,24640.5,154
1782501900,24640,24645.5,24640,24644,156
1782501960,24643.5,24644,24637.5,24642.5,152
1782502020,24641.5,24647.5,24640.5,24645.5,144
1782502080,24646,24649.5,24643,24643.5,112
1782502140,24643,24644,24637.5,24639,108
1782502200,24640.5,24641.5,24632.5,24636,174
1782502260,24636.5,24641.5,24636,24637,166
1782502320,24635.5,24642,24635.5,24639.5,218
1782502380,24640.5,24649.5,24640.5,24647.5,126
1782502440,24647,24650.5,24643.5,24645.5,130
1782502500,24646,24647.5,24639,24641,212
1782502560,24640.5,24643.5,24638.5,24638.5,212
1782502620,24639.5,24643.5,24636.5,24640.5,218
1782502680,24640,24641,24632.5,24633.5,144
1782502740,24634,24636,24629,24636,170
1782502800,24635,24640.5,24635,24636,184
1782502860,24636.5,24639.5,24631.5,24639,126
1782502920,24635.5,24642.5,24634,24642.5,166
1782502980,24641.5,24647.5,24640,24647,138
1782503040,24647.5,24649.5,24644.5,24649.5,112
1782503100,24649,24650.5,24641,24645,148
1782503160,24644.5,24657,24643.5,24654,166
1782503220,24654.5,24657,24648.5,24650,158
1782503280,24650.5,24655,24646.5,24648.5,148
1782503340,24649,24652,24643.5,24645,212
1782503400,24645.5,24655.5,24639,24646.5,312
1782503460,24647,24653.5,24645.5,24649.5,214
1782503520,24648.5,24651,24645.5,24646.5,202
1782503580,24647.5,24651,24645.5,24649.5,174
1782503640,24650,24650,24641.5,24646,204
1782503700,24645.5,24646.5,24639.5,24642,210
1782503760,24643.5,24650,24639,24650,116
1782503820,24649,24660.5,24649,24652,116
1782503880,24651.5,24656.5,24638.5,24653,252
1782684300,24744.1,24769.2,24744.1,24759.7,132
1782684360,24761.6,24767.6,24757.8,24762.9,194
1782684420,24762.6,24774.9,24759.4,24771.4,222
1782684480,24771.1,24771.9,24754.3,24758.8,226
1782684540,24758.4,24759.8,24725.8,24732,132
1782684600,24731.8,24737.5,24718.1,24722.6,76
1782684660,24722.2,24724.8,24708.8,24711.2,66
1782684720,24711.7,24720.2,24710.7,24716.4,128
1782684780,24715.7,24717.4,24710.7,24713.3,89
1782684840,24714.3,24727.9,24714.3,24721.9,199
1782684900,24721.4,24721.7,24714.3,24715,130
1782684960,24714.3,24717.2,24713.8,24715.5,98
1782685020,24715.7,24717.2,24714.3,24716,82
1782685080,24715.5,24716,24709.8,24711.2,106
1782685140,24710.8,24713.8,24710,24711.7,90
1782685200,24711.9,24712.2,24701,24701.7,158
1782685260,24702.2,24707.4,24702.2,24706.7,114
1782685320,24707,24711.2,24707,24711.2,109
1782685380,24711.2,24723.2,24710.8,24717.5,154
1782685440,24717.3,24723.3,24716.8,24723.3,112
1782685500,24723.1,24725.2,24720.7,24723.3,112
1782685560,24724.5,24729.5,24724.2,24729.5,120
1782685620,24730.4,24730.9,24728.5,24729,92
1782685680,24728.5,24729,24723.3,24724.7,110
1782685740,24724.2,24726.4,24724.2,24725.2,50
1782685800,24725.7,24732.6,24725.7,24726.9,172
1782685860,24726.6,24731.4,24725.2,24730.9,98
1782685920,24730.7,24731.8,24725.4,24726.1,92
1782685980,24726.6,24729,24726.1,24726.6,58
1782686040,24726.4,24728,24723.8,24726.1,130
1782686100,24725.9,24728.5,24724.7,24728,70
1782686160,24728.3,24731.6,24728,24731.4,102
1782686220,24731.1,24733,24725.8,24726.6,129
1782686280,24726.3,24733.7,24721.6,24728.4,96
1782686340,24727.9,24729.1,24727.6,24727.9,76
1782686400,24728.4,24728.4,24725.7,24727.2,84
1782686460,24726.9,24729.8,24726.2,24729.1,78
1782686520,24728.8,24730.5,24728.4,24730.3,58
1782686580,24730,24731.7,24729.5,24731,36
1782686640,24730.7,24733.3,24730.5,24732.2,66
1782686700,24732.4,24734.1,24732.2,24733.3,110
1782686760,24732.4,24732.4,24728.1,24730,62
1782686820,24730.3,24730.7,24729.8,24730.5,20
1782686880,24731,24732.2,24730.5,24730.5,22
1782686940,24730.3,24734.3,24730,24734.1,58
1782687000,24734.3,24734.3,24733.8,24733.8,10
1782687060,24732.4,24733.1,24732.2,24732.4,18
1782687120,24732.6,24732.6,24729.3,24729.5,68
1782687180,24729.1,24731.2,24729.1,24730.3,46
1782687240,24729.8,24729.8,24723.7,24724.9,44
1782687300,24725.4,24726.6,24725.4,24725.6,66
1782687360,24725.8,24726.8,24725.6,24726.6,64
1782687420,24727.3,24727.5,24725.8,24726.6,36
1782687480,24726.3,24726.3,24725.1,24725.1,26
1782687540,24724.7,24725.8,24724.7,24725.1,42
1782687600,24724.7,24724.7,24721.1,24722.5,110
1782687660,24722.8,24728.2,24722.8,24727.3,132
1782687720,24727.5,24729.9,24727.5,24728,30
1782687780,24728.2,24732.3,24726.6,24732.3,69
1782687840,24732,24733,24729.2,24732.3,95
1782687900,24732,24734.6,24730.6,24732.5,112
1782687960,24732.3,24734.9,24732.3,24733.7,72
1782688020,24733.4,24748.4,24733.4,24746.5,208
1782688080,24746.5,24750.1,24745.8,24749.6,140
1782688140,24749.1,24753.4,24747.9,24752.9,172
1782688200,24752.9,24758.1,24752,24753.9,157
1782688260,24753.6,24757.2,24753.4,24753.6,120
1782688320,24753.9,24760.5,24753.9,24757.7,148
1782688380,24757.2,24758.1,24755.8,24756.2,134
1782688440,24756,24757.9,24753.9,24753.9,124
1782688500,24753.6,24754.3,24748.2,24748.4,116
1782688560,24748.2,24752.4,24747.9,24751.5,64
1782688620,24751.3,24752.4,24750.1,24751.3,108
1782688680,24751,24759.8,24751,24758.6,190
1782688740,24759.3,24761.9,24757.2,24757.9,138
1782688800,24758.1,24760.5,24758.1,24760.3,110
1782688860,24760,24762.2,24758.1,24758.4,76
1782688920,24758.1,24761,24757.9,24760.3,88
1782688980,24761.7,24766.2,24759.6,24761.2,124
1782689040,24760.8,24761.5,24759.6,24759.6,90
1782689100,24760.3,24762.4,24758.9,24762.2,110
1782689160,24761.9,24762.4,24760.8,24761.7,90
1782689220,24761.2,24763.1,24760.3,24760.5,54
1782689280,24760,24761,24754.8,24761,50
1782689340,24760.8,24761.9,24759.6,24761.5,104
1782689400,24761.7,24771,24761.7,24767.4,104
1782689460,24767.2,24767.4,24764.1,24765,148
1782689520,24764.8,24765.3,24762.7,24765.3,104
1782689580,24765,24766.9,24763.4,24766.2,114
1782689640,24765.3,24766.5,24765,24766.5,84
1782689700,24766,24767.4,24766,24766.7,80
1782689760,24767.2,24767.2,24765.5,24766,114
1782689820,24766.2,24768.4,24762.2,24762.2,52
1782689880,24761.9,24766.2,24761.9,24766.2,118
1782689940,24766,24768.4,24765.7,24766.2,106
1782690000,24766.5,24767.9,24763.1,24763.8,98
1782690060,24763.6,24766.7,24763.6,24766,94
1782690120,24766.5,24766.5,24763.6,24765,88
1782690180,24765.5,24767.9,24764.6,24766.5,128
1782690240,24766.2,24767.9,24765.3,24766.5,94
1782690300,24766.7,24769.3,24763.8,24764.6,224
1782690360,24764.3,24774.3,24761.5,24774.3,214
1782690420,24774.5,24774.5,24764.1,24764.1,226
1782690480,24763.8,24766.9,24761.5,24766.9,172
1782690540,24766.2,24769.1,24766.2,24767.6,146
1782690600,24767.4,24767.4,24759.3,24760.2,192
1782690660,24759.7,24768.6,24758.3,24762.1,191
1782690720,24761.6,24767.6,24755.6,24761.4,141
1782690780,24762.1,24763.3,24759,24761.4,122
1782690840,24761.6,24762.3,24753.2,24759.9,180
1782690900,24759.5,24760.2,24751.6,24759.5,111
1782690960,24759,24759.5,24756.4,24758.7,72
1782691020,24759.7,24760.4,24757.1,24757.3,82
1782691080,24757.6,24757.6,24752.3,24753.3,94
1782691140,24753.8,24754,24746.9,24747.1,138
1782691200,24745.4,24748.3,24721.5,24729.1,291
1782691260,24728.6,24732.1,24708.4,24709.6,278
1782691320,24710,24714.5,24701.7,24702.2,282
1782691380,24702,24708.9,24699,24708.9,262
1782691440,24709.2,24713.4,24705.1,24706.1,240
1782691500,24705.6,24709.4,24699,24705.1,280
1782691560,24704.9,24712,24698,24707.9,322
1782691620,24707.7,24711.5,24702,24703.4,302
1782691680,24704.4,24710.3,24703.4,24705.1,280
1782691740,24704.6,24708.7,24697.3,24702.4,261
1782691800,24702.7,24712,24700.5,24709.6,228
1782691860,24710.1,24727.7,24710.1,24727.2,278
1782691920,24726.9,24729.6,24721.5,24727.9,254
1782691980,24727.2,24732.4,24713.7,24716.3,242
1782692040,24716.8,24719.6,24712.5,24713,255
1782692160,24729.4,24733.9,24708.9,24717.9,147
1782692220,24718.9,24731.9,24711.9,24731.9,91
1782692280,24731.4,24738.9,24724.4,24738.4,180
1782692340,24739.9,24739.9,24722.4,24724.9,202
1782692400,24724.4,24727.4,24716.9,24718.4,172
1782692460,24719.4,24719.4,24705.9,24706.9,174
1782692520,24708.4,24708.9,24701.9,24702.4,138
1782692580,24703.4,24709.4,24696.9,24701.4,184
1782692640,24700.9,24711.4,24695.9,24705.9,120
1782692700,24706.4,24714.9,24702.4,24706.9,178
1782692760,24707.9,24709.4,24703.4,24706.9,130
1782692820,24706.4,24711.9,24704.4,24706.4,126
1782692880,24706.9,24707.9,24702.4,24702.9,84
1782692940,24703.4,24707.4,24702.9,24703.4,102
1782693000,24707.4,24710.4,24703.9,24707.9,132
1782693060,24707.4,24711.4,24697.9,24698.9,174
1782693120,24699.4,24700.9,24691.9,24698.4,116
1782693180,24699.9,24709.4,24695.4,24695.4,118
1782693240,24695.9,24705.9,24689.4,24699.9,176
1782693300,24699.4,24699.4,24690.9,24692.9,186
1782693360,24692.4,24698.9,24690.4,24695.4,202
1782693420,24694.9,24697.4,24689.4,24696.4,178
1782693480,24695.9,24706.4,24692.9,24705.9,162
1782693540,24706.4,24712.9,24702.9,24705.4,126
1782693600,24703.9,24720.4,24703.9,24720.4,128
1782693660,24720.9,24730.4,24718.4,24730.4,98
1782693720,24731.4,24736.9,24729.4,24735.9,92
1782693780,24733.4,24746.9,24731.4,24740.4,152
1782693840,24739.9,24749.4,24739.9,24747.9,130
1782693900,24746.4,24746.4,24723.9,24728.4,240
1782693960,24727.9,24731.9,24714.4,24715.9,250
1782694020,24714.9,24714.9,24692.9,24697.4,188
1782694080,24695.4,24703.9,24693.9,24703.9,156
1782694140,24703.4,24713.4,24702.9,24713.4,112
1782694200,24713.9,24725.4,24713.4,24715.9,80
1782694260,24715.4,24729.9,24714.4,24726.9,180
1782694320,24726.4,24731.9,24722.4,24725.4,114
1782694380,24727.4,24727.4,24718.9,24720.9,82
1782694440,24722.9,24729.4,24720.4,24729.4,118
1782694500,24728.9,24737.9,24728.9,24737.9,74
1782694560,24738.4,24741.4,24736.4,24738.9,38
1782694620,24737.4,24738.9,24730.9,24732.4,104
1782694680,24731.9,24749.4,24731.9,24748.9,120
1782694740,24749.4,24750.4,24744.4,24744.4,138
1782694800,24744.9,24753.4,24741.4,24741.4,190
1782694860,24740.9,24744.9,24736.9,24740.9,206
1782694920,24739.9,24739.9,24723.9,24728.4,180
1782694980,24729.9,24733.9,24718.9,24729.4,148
1782695040,24728.4,24735.9,24726.9,24730.9,106
1782695100,24731.9,24739.9,24730.4,24737.4,212
1782695160,24738.4,24758.9,24738.4,24758.4,126
1782695220,24757.4,24760.9,24748.4,24748.4,182
1782695280,24749.4,24751.9,24742.9,24745.4,210
1782695340,24745.9,24753.4,24744.4,24746.4,150
1782695400,24746.9,24754.4,24745.9,24753.4,156
1782695460,24754.9,24754.9,24744.4,24746.9,168
1782695520,24747.4,24748.9,24742.9,24746.4,180
1782695580,24746.9,24746.9,24737.9,24739.4,102
1782695640,24739.9,24745.4,24739.9,24745.4,94
1782695700,24744.9,24745.4,24738.9,24742.4,156
1782695760,24740.9,24744.4,24730.9,24730.9,170
1782695820,24731.4,24732.4,24718.9,24718.9,198
1782695880,24718.4,24725.4,24714.4,24719.4,186
1782695940,24719.9,24726.9,24714.9,24726.4,144
1782696000,24725.4,24734.9,24717.4,24734.9,166
1782696060,24733.9,24744.4,24732.4,24734.4,208
1782696120,24732.9,24737.9,24731.9,24737.4,154
1782696180,24735.4,24739.9,24734.9,24739.4,118
1782696240,24738.4,24739.9,24731.9,24732.4,110
1782696300,24732.9,24740.9,24731.4,24733.4,140
1782696360,24734.9,24741.4,24731.9,24740.4,104
1782696420,24739.9,24740.9,24725.9,24726.4,128
1782696480,24726.9,24733.4,24726.4,24730.4,124
1782696540,24729.9,24729.9,24715.4,24719.4,144
1782696600,24719.9,24720.4,24704.9,24716.4,220
1782696660,24715.4,24720.4,24710.9,24712.4,222
1782696720,24712.9,24727.9,24712.9,24725.9,200
1782696780,24726.4,24726.4,24713.4,24717.9,154
1782696840,24717.4,24720.9,24711.4,24713.9,164
1782696900,24711.4,24729.4,24709.4,24728.4,192
1782696960,24727.9,24734.4,24723.9,24733.4,180
1782697020,24731.4,24738.4,24721.9,24724.4,200
1782697080,24725.9,24731.4,24719.4,24729.9,152
1782697140,24729.4,24738.4,24727.9,24734.9,188
1782697200,24733.4,24739.4,24732.9,24735.9,182
1782697260,24736.9,24746.9,24733.9,24746.4,136
1782697320,24745.4,24746.9,24738.9,24741.4,132
1782697380,24742.4,24742.4,24736.9,24737.4,166
1782697440,24737.9,24739.9,24733.4,24738.9,108
1782697500,24738.4,24739.4,24719.9,24723.4,140
1782697560,24724.9,24727.4,24720.9,24720.9,142
1782697620,24721.4,24726.9,24718.9,24720.9,130
1782697680,24721.9,24725.4,24719.9,24723.9,146
1782697740,24722.9,24725.9,24718.9,24725.4,100
1782697800,24725.9,24729.9,24722.4,24728.9,110
1782697860,24728.4,24729.4,24719.4,24723.9,122
1782697920,24724.9,24730.9,24721.9,24727.9,174
1782697980,24726.9,24730.9,24721.4,24722.9,136
1782698040,24723.4,24729.4,24723.4,24728.4,112
1782698100,24727.9,24731.9,24726.4,24728.9,158
1782698160,24728.4,24736.4,24728.4,24732.4,130
1782698220,24731.9,24733.4,24727.9,24732.4,150
1782698280,24731.4,24738.9,24730.9,24738.4,100
1782698340,24737.9,24737.9,24729.9,24731.4,84
1782698400,24731.9,24734.9,24728.4,24729.4,124
1782698460,24729.9,24737.9,24728.9,24732.9,150
1782698520,24731.9,24740.4,24731.4,24738.4,196
1782698580,24737.9,24739.9,24725.4,24725.9,166
1782698640,24724.4,24728.4,24720.9,24726.9,158
1782698700,24725.9,24733.9,24724.4,24731.9,192
1782698760,24730.4,24731.4,24718.9,24721.4,170
1782698820,24722.4,24726.9,24719.4,24720.4,124
1782698880,24720.9,24720.9,24712.9,24712.9,112
1782698940,24714.4,24716.9,24713.4,24716.9,102
1782699000,24717.4,24723.4,24716.9,24722.4,114
1782699060,24722.9,24724.4,24716.4,24716.4,140
1782699120,24715.4,24721.9,24714.4,24715.9,98
1782699180,24715.4,24715.9,24703.9,24705.4,130
1782699240,24705.9,24709.4,24698.9,24702.4,96
1782699300,24701.4,24704.4,24693.4,24703.9,128
1782699360,24705.4,24713.4,24700.4,24711.4,182
1782699420,24710.9,24719.4,24710.4,24715.9,206
1782699480,24716.4,24724.4,24715.4,24723.9,152
1782699540,24725.4,24728.4,24721.4,24725.9,152
1782699600,24727.4,24732.9,24724.9,24729.4,158
1782699660,24728.9,24736.4,24727.4,24734.4,156
1782699720,24733.9,24741.9,24732.9,24741.9,152
1782699780,24741.4,24746.9,24739.4,24741.4,152
1782699840,24740.4,24744.4,24739.9,24743.9,158
1782699900,24743.4,24744.4,24739.4,24742.4,114
1782699960,24742.9,24752.4,24742.4,24752.4,76
1782700020,24751.4,24763.9,24751.4,24762.9,136
1782700080,24763.4,24764.9,24759.9,24763.9,124
1782700140,24765.4,24765.4,24755.9,24759.9,112
1782700200,24759.4,24763.9,24757.9,24762.9,90
1782700260,24763.4,24763.4,24755.9,24757.4,92
1782700320,24758.4,24765.4,24756.4,24762.9,116
1782700380,24763.9,24765.4,24757.4,24758.9,138
1782700440,24759.4,24759.4,24754.9,24756.9,82
1782700500,24756.4,24758.4,24751.9,24754.4,126
1782700560,24754.9,24756.4,24750.9,24751.4,98
1782700620,24751.9,24752.9,24748.4,24750.9,60
1782700680,24751.4,24758.9,24747.4,24758.9,82
1782700740,24761.4,24762.4,24754.9,24755.9,80
1782700800,24754.9,24757.9,24751.9,24756.9,82
1782700860,24756.4,24760.4,24755.9,24758.4,62
1782700920,24757.4,24761.4,24756.9,24758.4,92
1782700980,24759.9,24759.9,24757.4,24757.9,30
1782701040,24757.4,24759.9,24755.9,24759.9,52
1782701100,24759.4,24762.9,24758.4,24762.4,40
1782701160,24763.9,24766.4,24759.9,24762.4,74
1782701220,24762.9,24766.9,24760.9,24763.4,138
1782701280,24761.4,24766.4,24761.4,24765.9,90
1782701340,24764.4,24768.4,24762.4,24768.4,64
1782701400,24766.9,24767.4,24764.4,24764.9,52
1782701460,24764.4,24764.4,24758.9,24760.9,60
1782701520,24761.4,24762.9,24758.4,24758.9,80
1782701580,24759.4,24760.9,24758.9,24760.9,46
1782701640,24760.4,24763.4,24753.9,24758.4,112
1782701700,24759.9,24767.4,24759.9,24765.9,82
1782701760,24764.9,24767.9,24764.4,24765.9,86
1782701820,24766.9,24767.4,24764.9,24765.9,30
1782701880,24765.4,24765.9,24764.9,24765.9,20
1782701940,24764.4,24764.4,24762.9,24762.9,6
1782702000,24764.4,24775.9,24764.4,24775.9,120
1782702060,24775.4,24775.4,24768.4,24769.4,76
1782702120,24771.4,24780.4,24769.9,24778.4,74
1782702180,24779.4,24779.9,24776.9,24776.9,56
1782702240,24777.4,24780.4,24772.4,24778.4,76
1782702300,24778.9,24781.4,24776.9,24778.9,64
1782702360,24777.4,24779.4,24772.9,24776.9,26
1782702420,24777.9,24777.9,24772.4,24773.9,92
1782702480,24774.4,24778.4,24772.9,24777.9,70
1782702540,24777.4,24782.9,24776.9,24778.9,72
1782702600,24778.4,24779.9,24776.4,24776.4,56
1782702660,24775.9,24775.9,24770.4,24770.9,70
1782702720,24768.9,24768.9,24766.9,24767.9,44
1782702780,24768.4,24769.9,24767.9,24768.9,16
1782702840,24770.4,24772.4,24769.9,24769.9,18
1782702900,24766.9,24770.9,24765.9,24769.9,30
1782702960,24771.4,24772.9,24769.4,24772.4,48
1782703020,24773.9,24773.9,24767.4,24770.9,50
1782703080,24771.4,24771.9,24766.9,24770.9,60
1782703140,24770.4,24771.4,24766.9,24771.4,60
1782703200,24770.9,24774.4,24766.4,24773.4,92
1782703260,24774.4,24774.4,24771.4,24771.4,30
1782703320,24773.9,24778.9,24771.9,24778.9,72
1782703380,24778.4,24778.4,24775.4,24776.4,32
1782703440,24770.9,24772.4,24769.9,24769.9,36
1782703500,24770.4,24772.9,24768.4,24771.9,62
1782703560,24772.4,24776.9,24771.4,24776.9,44
1782703620,24777.4,24782.9,24777.4,24782.9,28
1782703680,24783.4,24785.4,24779.9,24780.4,20
1782703740,24779.9,24780.9,24775.9,24777.4,56
1782703800,24776.4,24780.9,24775.4,24777.4,68
1782703860,24776.9,24777.9,24774.4,24774.9,24
1782703920,24773.9,24775.4,24765.4,24767.4,44
1782703980,24766.9,24767.4,24757.4,24757.9,64
1782704040,24758.4,24759.4,24756.4,24759.4,60
1782704100,24759.9,24761.9,24749.4,24750.4,86
1782704160,24749.4,24751.9,24745.9,24748.4,110
1782704220,24747.9,24750.9,24745.9,24746.4,108
1782704280,24744.9,24748.4,24740.9,24743.4,86
1782704340,24743.9,24746.9,24743.4,24746.9,34
1782704400,24746.4,24748.4,24743.4,24746.4,100
1782704460,24745.9,24752.9,24745.9,24748.9,114
1782704520,24749.4,24755.4,24748.9,24750.4,122
1782704580,24749.9,24751.9,24745.4,24745.9,104
1782704640,24745.4,24748.9,24742.9,24745.4,110
1782704700,24746.4,24752.4,24743.9,24751.9,82
1782704760,24752.4,24756.4,24751.4,24754.9,100
1782704820,24755.4,24759.9,24751.9,24757.9,84
1782704880,24758.4,24760.9,24756.9,24759.4,108
1782704940,24758.9,24765.4,24758.9,24762.9,72
1782705000,24762.4,24769.4,24761.9,24766.4,92
1782705060,24766.9,24781.4,24766.9,24780.9,112
1782705120,24779.9,24783.9,24778.9,24781.9,82
1782705180,24781.4,24784.9,24780.9,24781.4,66
1782705240,24781.9,24783.4,24772.9,24774.9,84
1782705300,24773.9,24775.9,24769.4,24775.4,106
1782705360,24773.9,24773.9,24767.4,24768.4,44
1782705420,24767.4,24770.9,24766.9,24769.4,82
1782705480,24770.9,24778.4,24770.4,24774.4,104
1782705540,24773.4,24777.9,24773.4,24776.4,46
1782705600,24776.9,24776.9,24771.9,24772.4,72
1782705660,24772.9,24774.4,24770.9,24772.4,102
1782705720,24771.9,24773.9,24770.9,24773.4,94
1782705780,24772.9,24775.4,24771.9,24774.9,72
1782705840,24773.9,24774.4,24772.4,24773.9,42
1782705900,24773.4,24774.4,24765.4,24765.4,60
1782705960,24766.4,24766.4,24758.4,24759.9,60
1782706020,24761.4,24770.4,24761.4,24767.4,96
1782706080,24766.9,24767.4,24764.4,24765.9,34
1782706140,24768.4,24772.4,24766.9,24769.4,68
1782706200,24768.9,24771.9,24764.4,24766.4,74
1782706260,24765.9,24766.4,24762.9,24764.4,28
1782706320,24763.9,24765.4,24762.4,24762.4,12
1782706380,24763.4,24764.4,24761.9,24762.9,18
1782706440,24763.4,24764.4,24762.9,24763.4,12
1782706500,24762.4,24763.4,24756.4,24756.9,78
1782706560,24757.9,24758.4,24753.4,24754.4,38
1782706620,24754.9,24761.9,24754.9,24757.4,54
1782706680,24756.9,24758.4,24754.9,24757.4,58
1782706740,24757.9,24761.4,24756.9,24756.9,70
1782706800,24757.9,24757.9,24750.9,24751.4,68
1782706860,24750.4,24750.9,24746.4,24746.9,62
1782706920,24749.4,24749.9,24747.4,24748.9,52
1782706980,24747.9,24751.9,24747.9,24750.9,78
1782707040,24750.4,24758.9,24749.9,24757.9,40
1782707100,24758.4,24764.4,24758.4,24764.4,62
1782707160,24763.9,24764.9,24752.4,24754.4,74
1782707220,24752.9,24758.9,24752.9,24755.9,56
1782707280,24756.4,24757.4,24752.9,24753.9,56
1782707340,24754.4,24757.4,24753.9,24754.4,30
1782707400,24756.9,24756.9,24751.4,24755.9,66
1782707460,24755.4,24759.4,24754.9,24756.4,74
1782707520,24755.4,24759.9,24751.9,24757.4,90
1782707580,24758.9,24758.9,24753.9,24757.9,98
1782707640,24755.9,24756.9,24750.4,24752.4,50
1782707700,24751.9,24752.9,24748.9,24751.9,50
1782707760,24751.4,24751.4,24745.4,24746.4,48
1782707820,24746.9,24751.4,24746.4,24750.9,44
1782707880,24751.4,24754.9,24750.4,24753.4,80
1782707940,24751.9,24752.4,24745.4,24746.4,44
1782708000,24745.4,24745.9,24735.4,24737.9,74
1782708060,24738.4,24740.4,24735.4,24737.4,108
1782708120,24737.9,24739.4,24734.9,24735.9,58
1782708180,24737.4,24741.4,24736.4,24741.4,66
1782708240,24740.9,24743.4,24739.9,24740.9,82
1782708300,24742.4,24742.4,24739.4,24739.9,74
1782708360,24740.4,24743.9,24738.4,24743.9,64
1782708420,24744.9,24746.9,24742.9,24743.9,90
1782708480,24742.9,24745.9,24742.9,24744.9,78
1782708540,24744.4,24754.4,24743.9,24754.4,100
1782708600,24754.9,24754.9,24747.4,24748.9,110
1782708660,24748.4,24752.9,24746.9,24752.4,82
1782708720,24751.4,24755.4,24750.4,24754.9,78
1782708780,24754.4,24757.9,24753.4,24754.9,44
1782708840,24752.4,24754.4,24748.4,24750.9,52
1782708900,24748.4,24749.9,24738.9,24738.9,104
1782708960,24740.4,24741.9,24739.4,24741.9,68
1782709020,24741.4,24743.4,24740.4,24742.4,54
1782709080,24740.4,24741.9,24738.4,24739.9,46
1782709140,24739.4,24741.9,24739.4,24740.9,44
1782709200,24742.4,24748.4,24727.9,24731.4,148
1782709260,24732.4,24737.4,24729.9,24736.9,82
1782709320,24736.4,24738.9,24732.9,24734.9,112
1782709380,24735.9,24739.9,24734.4,24738.9,98
1782709440,24739.4,24743.9,24738.4,24742.4,96
1782709500,24741.9,24745.9,24735.9,24743.9,162
1782709560,24742.9,24747.4,24739.9,24743.9,132
1782709620,24743.4,24747.9,24741.9,24742.4,118
1782709680,24741.9,24747.4,24741.9,24747.4,98
1782709740,24746.4,24747.4,24742.4,24742.4,110
1782709800,24744.4,24747.4,24741.4,24742.9,124
1782709860,24743.9,24747.4,24740.4,24741.9,100
1782709920,24743.4,24743.9,24735.9,24736.9,110
1782709980,24738.4,24747.4,24738.4,24746.4,92
1782710040,24745.9,24755.4,24744.4,24755.4,98
1782710100,24754.4,24760.4,24752.9,24755.9,126
1782710160,24754.9,24755.9,24750.4,24755.9,64
1782710220,24755.4,24755.9,24750.9,24750.9,78
1782710280,24753.9,24753.9,24744.9,24744.9,94
1782710340,24744.4,24749.9,24743.4,24748.4,88
1782710400,24749.9,24752.4,24747.4,24750.4,88
1782710460,24749.9,24751.9,24743.4,24743.9,70
1782710520,24744.9,24746.9,24743.4,24746.4,42
1782710580,24745.4,24747.9,24737.4,24739.9,52
1782710640,24740.4,24746.4,24738.4,24745.4,90
1782710700,24744.9,24747.9,24738.4,24742.9,82
1782710760,24743.4,24744.9,24739.9,24739.9,78
1782710820,24741.4,24742.4,24740.4,24740.9,18
1782710880,24742.9,24742.9,24732.4,24733.9,144
1782710940,24732.9,24741.4,24731.4,24739.4,74
1782711000,24738.9,24744.9,24732.9,24736.9,184
1782711060,24737.4,24742.9,24734.9,24742.9,76
1782711120,24741.9,24745.9,24740.4,24744.9,94
1782711180,24743.9,24751.4,24743.9,24750.4,108
1782711240,24749.4,24761.9,24745.9,24760.9,98
1782711300,24759.4,24763.9,24755.9,24755.9,94
1782711360,24756.4,24757.4,24748.9,24749.4,90
1782711420,24748.4,24751.4,24746.9,24748.9,114
1782711480,24747.9,24757.9,24744.9,24756.4,80
1782711540,24755.4,24761.9,24755.4,24760.4,60
1782711600,24758.9,24764.4,24758.9,24763.9,74
1782711660,24764.4,24766.9,24762.9,24766.9,28
1782711720,24768.4,24774.9,24767.9,24774.9,74
1782711780,24774.4,24779.9,24772.9,24779.9,82
1782711840,24779.4,24782.9,24775.4,24780.9,96
1782711900,24780.4,24780.4,24774.4,24780.4,114
1782711960,24779.4,24781.4,24774.9,24776.9,86
1782712020,24777.9,24779.9,24772.9,24778.4,98
1782712080,24777.9,24777.9,24774.4,24775.9,68
1782712140,24775.4,24775.4,24768.4,24773.9,78
1782712200,24773.4,24775.9,24769.4,24775.4,56
1782712260,24776.9,24784.4,24775.4,24781.9,88
1782712320,24782.9,24784.4,24781.4,24783.9,76
1782712380,24782.9,24794.4,24782.9,24792.9,100
1782712440,24791.9,24796.9,24790.4,24796.4,84
1782712500,24795.4,24796.9,24791.9,24796.9,88
1782712560,24797.4,24805.4,24796.9,24798.4,102
1782712620,24797.9,24801.9,24796.9,24797.4,96
1782712680,24797.9,24797.9,24793.9,24797.4,50
1782712740,24796.4,24799.4,24795.9,24798.9,28
1782712800,24801.4,24802.4,24792.4,24800.9,158
1782712860,24801.7,24807.2,24795.2,24796.2,132
1782712920,24796.7,24798.7,24791.7,24793.7,92
1782712980,24793.2,24793.7,24779.2,24781.2,68
1782713040,24780.7,24782.7,24777.2,24782.2,116
1782713100,24782.7,24782.7,24776.2,24777.2,130
1782713160,24772.7,24772.7,24761.7,24764.7,156
1782713220,24765.7,24775.2,24765.2,24773.7,122
1782713280,24772.2,24779.7,24769.7,24769.7,156
1782713340,24770.2,24773.7,24765.7,24773.7,146
1782713400,24773.2,24776.2,24771.7,24774.2,126
1782713460,24773.7,24774.7,24769.2,24772.7,126
1782713520,24771.7,24784.2,24771.7,24779.4,130
1782713580,24779.9,24791.2,24778.9,24789.2,101
1782713640,24790.2,24792.2,24785.7,24789.2,98
1782713700,24788.2,24792.7,24787.7,24790.2,112
1782713760,24789.7,24793.7,24789.2,24789.7,94
1782713820,24790.2,24791.7,24785.7,24791.2,118
1782713880,24791.7,24793.7,24789.2,24792.7,98
1782713940,24792.2,24792.7,24786.2,24786.7,82
1782714000,24787.2,24789.2,24779.2,24784.2,148
1782714060,24784.7,24786.7,24779.2,24783.2,86
1782714120,24782.7,24785.2,24774.7,24774.7,90
1782714180,24774.2,24786.2,24774.2,24785.7,98
1782714240,24785.2,24789.2,24783.7,24789.2,78
1782714300,24789.7,24796.7,24787.7,24794.2,90
1782714360,24792.2,24796.7,24783.7,24784.7,96
1782714420,24785.7,24791.7,24784.7,24790.2,110
1782714480,24790.7,24799.7,24790.2,24797.7,72
1782714540,24798.2,24801.7,24790.7,24791.2,156
1782714600,24789.7,24791.2,24782.7,24786.7,172
1782714660,24785.7,24790.7,24783.2,24788.7,152
1782714720,24787.2,24787.7,24780.7,24781.7,84
1782714780,24780.7,24780.7,24774.7,24779.2,134
1782714840,24778.7,24778.7,24773.2,24777.7,84
1782714900,24778.7,24780.7,24771.7,24772.2,126
1782714960,24773.2,24777.7,24767.7,24777.7,94
1782715020,24776.7,24780.2,24775.7,24780.2,68
1782715080,24778.7,24778.7,24765.7,24767.2,94
1782715140,24766.7,24775.7,24766.7,24774.2,60
1782715200,24774.7,24776.7,24770.7,24776.2,90
1782715260,24777.7,24781.7,24772.7,24773.2,64
1782715320,24773.7,24777.2,24772.2,24773.2,102
1782715380,24772.7,24776.2,24768.7,24774.2,78
1782715440,24773.2,24774.7,24762.7,24763.2,60
1782715500,24761.7,24766.2,24760.2,24760.2,96
1782715560,24760.7,24764.2,24755.7,24764.2,94
1782715620,24764.7,24767.2,24761.2,24761.7,96
1782715680,24762.7,24766.7,24757.7,24757.7,76
1782715740,24757.2,24759.2,24754.7,24759.2,64
1782715800,24759.7,24764.7,24757.2,24764.7,112
1782715860,24765.7,24767.7,24762.2,24765.2,102
1782715920,24763.7,24766.7,24763.7,24766.7,60
1782715980,24767.7,24773.2,24763.2,24770.7,80
1782716040,24768.7,24768.7,24762.2,24764.7,74
1782716100,24763.7,24768.2,24758.7,24759.2,88
1782716160,24757.7,24758.2,24747.7,24752.7,126
1782716220,24751.7,24756.7,24751.7,24752.7,94
1782716280,24751.7,24752.7,24746.7,24748.2,110
1782716340,24746.2,24761.7,24746.2,24761.7,118
1782716400,24769.7,24777.7,24748.2,24762.7,436
1782716460,24763.2,24766.2,24719.7,24719.7,377
1782716520,24720.7,24732.2,24694.7,24698.2,318
1782716580,24697.7,24705.7,24693.7,24699.2,294
1782716640,24700.2,24727.2,24694.7,24717.2,270
1782716700,24719.7,24724.7,24709.7,24714.7,310
1782716760,24714.2,24719.2,24689.7,24694.2,273
1782716820,24694.7,24725.7,24694.2,24721.7,269
1782716880,24720.7,24727.2,24713.7,24720.9,211
1782716940,24721.9,24730.2,24714.9,24718.7,242
1782717000,24719.7,24729.7,24709.7,24710.7,236
1782717060,24710.2,24718.7,24706.2,24717.2,240
1782717120,24717.7,24725.2,24711.7,24722.2,260
1782717180,24721.7,24727.2,24713.2,24723.2,238
1782717240,24723.7,24735.2,24721.7,24728.7,240
1782717300,24730.7,24744.2,24729.9,24740.2,242
1782717360,24739.7,24739.7,24719.2,24728.7,224
1782717420,24727.7,24735.7,24724.7,24728.2,222
1782717480,24728.7,24735.2,24721.7,24723.7,226
1782717540,24724.2,24733.7,24720.2,24722.7,174
1782717600,24723.2,24732.2,24722.7,24725.2,234
1782717660,24723.2,24730.2,24721.7,24728.2,158
1782717720,24728.7,24739.2,24719.7,24724.2,228
1782717780,24725.7,24731.7,24722.7,24727.7,182
1782717840,24728.2,24730.2,24724.2,24728.7,156
1782717900,24728.2,24734.7,24721.7,24721.7,174
1782717960,24723.7,24726.7,24714.2,24722.2,160
1782718020,24723.2,24727.7,24720.2,24726.7,144
1782718080,24727.2,24752.2,24726.7,24751.2,212
1782718140,24750.7,24753.2,24738.7,24741.2,168
1782718200,24742.7,24748.7,24739.7,24746.7,178
1782718260,24746.2,24752.7,24737.2,24737.2,216
1782718320,24737.7,24737.7,24729.7,24732.9,184
1782718380,24732.4,24738.7,24726.9,24732.2,191
1782718440,24731.2,24738.2,24725.2,24736.7,161
1782718500,24736.2,24738.7,24726.7,24736.7,174
1782718560,24735.7,24740.2,24731.7,24739.7,114
1782718620,24740.7,24743.7,24734.2,24740.2,190
1782718680,24741.7,24750.2,24739.2,24748.2,117
1782718740,24747.7,24754.2,24746.7,24752.2,140
1782718800,24750.2,24773.2,24750.2,24772.2,142
1782718860,24772.7,24772.7,24760.2,24760.2,176
1782718920,24759.2,24766.7,24755.7,24765.2,207
1782718980,24764.7,24770.7,24759.7,24767.7,166
1782719040,24768.2,24769.7,24752.7,24752.7,162
1782719100,24752.2,24754.2,24736.7,24738.2,174
1782719160,24737.7,24742.7,24735.7,24740.2,196
1782719220,24740.7,24741.7,24728.7,24731.7,185
1782719280,24730.7,24731.2,24718.7,24721.7,164
1782719340,24720.7,24726.7,24715.4,24724.7,152
1782719400,24720.8,24741.8,24720.8,24740.8,165
1782719460,24741.3,24743.3,24734.8,24741.8,122
1782719520,24741.3,24745.8,24739.3,24745.8,140
1782719580,24746.3,24753.8,24741.3,24748.8,155
1782719640,24748.3,24748.3,24741.8,24744.8,116
1782719700,24744.3,24754.8,24742.3,24742.8,172
1782719760,24742.3,24752.3,24742.3,24751.8,156
1782719820,24752.3,24752.3,24745.3,24749.8,142
1782719880,24750.3,24750.8,24744.8,24745.8,130
1782719940,24746.3,24750.3,24743.8,24743.8,110
1782720000,24744.3,24749.8,24738.8,24740.8,238
1782720060,24740.3,24743.8,24732.8,24742.8,162
1782720120,24741.8,24755.8,24741.8,24755.3,189
1782720180,24754.8,24759.8,24751.3,24753.8,172
1782720240,24753.3,24754.3,24739.8,24740.3,216
1782720300,24739.8,24746.8,24732.3,24741.3,178
1782720360,24740.8,24741.8,24730.3,24736.3,156
1782720420,24736.8,24738.8,24720.8,24720.8,186
1782720480,24719.8,24725.8,24717.8,24718.8,200
1782720540,24719.3,24732.8,24719.3,24730.3,174
1782720600,24730.8,24731.3,24719.8,24722.8,192
1782720660,24722.3,24722.8,24710.5,24714.3,170
1782720720,24713.8,24727.8,24713.3,24726.3,178
1782720780,24725.8,24729.8,24723.8,24727.3,180
1782720840,24726.8,24735.3,24725.8,24734.8,194
1782720900,24734.3,24739.3,24728.8,24732.8,188
1782720960,24731.8,24732.8,24715.3,24716.8,148
1782721020,24717.8,24724.3,24714.8,24721.3,210
1782721080,24721.8,24727.8,24718.3,24726.3,214
1782721140,24725.8,24725.8,24714.3,24723.8,132
1782721200,24723.3,24724.3,24712.8,24714.3,178
1782721260,24713.3,24721.8,24706.8,24719.8,164
1782721320,24719.3,24723.8,24712.8,24713.3,152
1782721380,24713.8,24716.8,24706.3,24708.3,149
1782721440,24708.8,24714.8,24705.3,24713.3,136
1782721500,24713.8,24723.8,24713.8,24713.8,170
1782721560,24712.8,24712.8,24700.3,24701.8,162
1782721620,24700.8,24709.8,24699.5,24699.5,161
1782721680,24700.8,24703.8,24694.3,24696.8,144
1782721740,24695.3,24695.8,24674.8,24674.8,221
1782721800,24672.8,24679.3,24664.3,24674.8,217
1782721860,24675.3,24685.8,24675.3,24678.8,198
1782721920,24677.8,24678.8,24672.3,24675.8,154
1782721980,24676.3,24678.8,24669.3,24672.8,188
1782722040,24671.8,24685.8,24670.3,24685.3,210
1782722100,24684.3,24690.8,24678.8,24690.3,188
1782722160,24687.8,24699.8,24687.8,24698.8,146
1782722220,24699.3,24700.3,24693.3,24694.8,124
1782722280,24695.3,24697.8,24680.8,24680.8,160
1782722340,24681.3,24682.8,24675.3,24676.8,152
1782722400,24677.3,24679.8,24662.3,24665.8,192
1782722460,24666.3,24674.8,24665.3,24669.8,142
1782722520,24669.3,24669.3,24651.8,24664.3,198
1782722580,24665.3,24670.3,24663.8,24670.3,138
1782722640,24670.8,24670.8,24658.8,24661.3,150
1782722700,24662.8,24666.8,24657.3,24657.3,162
1782722760,24656.8,24667.3,24656.8,24664.3,140
1782722820,24663.8,24676.8,24662.8,24676.8,199
1782722880,24677.3,24682.8,24672.3,24680.8,160
1782722940,24680.3,24680.3,24664.8,24664.8,160
1782723000,24663.8,24674.3,24663.8,24668.8,142
1782723060,24669.3,24669.8,24657.3,24665.3,150
1782723120,24665.8,24669.8,24660.8,24662.3,164
1782723180,24662.8,24667.3,24658.3,24666.3,184
1782723240,24665.8,24669.8,24657.8,24657.8,148
1782723300,24658.3,24660.3,24650.3,24657.8,180
1782723360,24658.8,24661.8,24651.3,24652.8,152
1782723420,24653.8,24655.8,24650.8,24652.3,130
1782723480,24651.8,24652.8,24646.8,24651.3,110
1782723540,24649.8,24651.3,24644.8,24644.8,88
1782723600,24645.3,24654.3,24642.8,24646.8,146
1782723660,24645.8,24656.3,24645.8,24649.3,130
1782723720,24648.3,24653.8,24643.3,24652.3,162
1782723780,24652.8,24661.3,24652.3,24657.8,126
1782723840,24657.3,24669.3,24657.3,24668.3,133
1782723900,24669.3,24676.3,24665.3,24672.3,152
1782723960,24672.8,24684.8,24665.8,24666.3,210
1782724020,24666.8,24671.3,24660.3,24663.8,174
1782724080,24663.3,24666.8,24660.3,24664.3,136
1782724140,24665.3,24665.8,24657.8,24662.8,138
1782724200,24661.8,24665.8,24660.8,24664.8,146
1782724260,24665.3,24673.3,24662.3,24666.3,168
1782724320,24666.8,24673.8,24666.3,24670.3,172
1782724380,24670.8,24676.8,24666.3,24674.8,164
1782724440,24676.8,24678.8,24672.8,24675.8,118
1782724500,24674.3,24683.3,24666.3,24679.8,144
1782724560,24679.3,24681.8,24677.8,24680.3,90
1782724620,24678.8,24685.3,24678.3,24683.8,122
1782724680,24683.3,24690.3,24681.8,24682.3,150
1782724740,24681.8,24689.8,24681.8,24687.3,150
1782724800,24687.8,24690.3,24685.8,24687.8,128
1782724860,24687.3,24691.8,24684.3,24689.3,158
1782724920,24688.8,24698.3,24688.8,24696.8,116
1782724980,24697.3,24699.3,24692.8,24696.8,154
1782725040,24696.3,24697.3,24688.3,24692.3,130
1782725100,24691.3,24691.8,24687.3,24689.8,166
1782725160,24689.3,24693.8,24687.8,24691.3,136
1782725220,24690.3,24702.3,24690.3,24701.8,108
1782725280,24701.3,24707.3,24699.3,24707.3,156
1782725340,24706.3,24712.8,24704.8,24711.8,146
1782725400,24712.3,24716.8,24706.8,24707.8,160
1782725460,24707.3,24707.3,24699.8,24705.8,130
1782725520,24705.3,24707.8,24702.8,24705.8,144
1782725580,24705.3,24705.3,24699.8,24703.3,92
1782725640,24702.8,24702.8,24697.8,24699.8,124
1782725700,24699.3,24700.8,24694.8,24695.8,118
1782725760,24695.3,24699.3,24693.3,24695.3,110
1782725820,24694.8,24695.8,24686.8,24686.8,106
1782725880,24687.3,24705.3,24687.3,24705.3,116
1782725940,24704.3,24710.3,24700.8,24700.8,162
1782726000,24700.3,24702.3,24692.3,24698.3,158
1782726060,24697.8,24698.3,24693.3,24697.3,112
1782726120,24697.8,24702.3,24691.3,24691.3,86
1782726180,24691.8,24693.3,24690.3,24691.3,64
1782726240,24690.3,24695.8,24684.3,24690.8,136
1782726300,24691.3,24692.8,24689.3,24690.8,138
1782726360,24691.3,24692.8,24687.3,24687.8,124
1782726420,24688.8,24691.3,24680.8,24683.8,150
1782726480,24682.8,24682.8,24671.8,24674.3,146
1782726540,24673.8,24683.3,24673.8,24681.8,74
1782726600,24682.3,24691.8,24681.8,24684.3,142
1782726660,24683.8,24690.3,24663.8,24664.8,228
1782726720,24665.3,24676.8,24664.3,24675.3,216
1782726780,24675.8,24676.8,24671.8,24672.8,152
1782726840,24671.8,24674.8,24669.8,24674.3,88
1782726900,24674.8,24675.3,24667.8,24672.8,152
1782726960,24672.3,24683.3,24672.3,24683.3,162
1782727020,24682.8,24687.8,24680.8,24682.8,158
1782727080,24682.3,24685.8,24681.3,24682.3,160
1782727140,24682.8,24684.3,24679,24681.3,99
1782727200,24682.3,24685.3,24674.8,24677.3,112
1782727260,24676.8,24679.3,24671.8,24677.8,142
1782727320,24678.3,24684.8,24676.8,24681.8,178
1782727380,24681.3,24681.8,24670.8,24674.3,82
1782727440,24675.3,24681.3,24674.3,24680.3,104
1782727500,24679.8,24680.3,24674.8,24675.3,82
1782727560,24674.8,24682.3,24674.8,24676.3,168
1782727620,24675.8,24677.3,24669.3,24669.8,140
1782727680,24670.3,24673.8,24666.8,24672.8,112
1782727740,24672.3,24680.8,24669.8,24679.8,138
1782727800,24680.3,24681.3,24676.8,24679.3,128
1782727860,24678.8,24680.3,24672.8,24676.8,148
1782727920,24676.3,24682.8,24676.3,24681.8,128
1782727980,24682.3,24683.8,24675.3,24675.3,92
1782728040,24675.8,24675.8,24666.8,24669.8,120
1782728100,24670.3,24670.3,24658.3,24658.3,158
1782728160,24658.8,24658.8,24650.3,24652.8,122
1782728220,24653.3,24655.3,24651.8,24654.3,120
1782728280,24653.8,24662.8,24653.8,24662.3,94
1782728340,24661.8,24668.3,24660.8,24667.3,84
1782728400,24666.3,24669.3,24659.3,24668.3,154
1782728460,24668.8,24672.8,24665.8,24667.3,112
1782728520,24666.8,24667.3,24660.8,24661.3,84
1782728580,24658.8,24661.8,24655.3,24657.8,118
1782728640,24657.3,24659.8,24655.8,24656.8,88
1782728700,24655.8,24667.8,24655.3,24665.3,158
1782728760,24661.3,24664.8,24657.3,24664.3,118
1782728820,24665.8,24670.3,24665.8,24668.3,112
1782728880,24667.8,24672.3,24665.3,24669.8,104
1782728940,24670.3,24676.8,24669.3,24676.3,113
1782729000,24676.8,24678.8,24671.8,24678.3,138
1782729060,24677.8,24678.3,24672.8,24673.3,124
1782729120,24672.3,24675.8,24660.8,24661.3,128
1782729180,24660.8,24664.3,24660.3,24662.8,118
1782729240,24663.3,24671.3,24663.3,24666.3,148
1782729300,24665.8,24666.8,24660.8,24665.8,124
1782729360,24665.3,24666.3,24661.3,24663.8,80
1782729420,24664.8,24681.8,24663.3,24676.8,168
1782729480,24676.3,24678.8,24669.8,24678.3,154
1782729540,24678.8,24685.8,24677.8,24685.8,120
1782729600,24685.3,24685.8,24679.8,24680.8,134
1782729660,24680.3,24684.3,24679.8,24683.3,136
1782729720,24682.8,24689.8,24682.3,24688.3,80
1782729780,24687.8,24693.3,24681.8,24681.8,100
1782729840,24682.3,24685.3,24679.8,24683.3,120
1782729900,24684.3,24687.3,24679.3,24679.8,122
1782729960,24680.3,24682.3,24676,24677.3,109
1782730020,24678.8,24682.3,24659.3,24671.8,158
1782730080,24672.8,24677.3,24669.8,24675.8,76
1782730140,24675.3,24679.3,24674,24679.3,92
1782730200,24679.8,24683.8,24679.3,24681.8,104
1782730260,24683.3,24686.8,24683.3,24685.3,118
1782730320,24684.8,24687.8,24680.8,24687.3,126
1782730380,24687.8,24691.3,24685.3,24686.8,84
1782730440,24685.8,24690.3,24680.3,24683.3,158
1782730500,24683.8,24689.8,24682.3,24688.8,118
1782730560,24688.3,24688.8,24680.3,24680.8,96
1782730620,24682.8,24688.3,24681.3,24687.8,122
1782730680,24687.3,24687.3,24681.3,24685.8,158
1782730740,24685.3,24688.8,24679.3,24681.3,136
1782730800,24681.8,24689.8,24680.8,24684.3,134
1782730860,24685.8,24687.3,24678.8,24687.3,152
1782730920,24686.8,24688.3,24682.8,24685.3,184
1782730980,24684.3,24686.8,24679.3,24679.8,122
1782731040,24680.3,24680.3,24673.3,24677.8,134
1782731100,24678.8,24681.3,24675.3,24677.3,90
1782731160,24676.3,24684.8,24674.8,24681.3,140
1782731220,24680.8,24682.3,24677.8,24679.8,150
1782731280,24680.3,24685.3,24679.8,24685.3,134
1782731340,24684.3,24689.8,24682.8,24683.3,128
1782731400,24682.8,24695.8,24680,24691.3,116
1782731460,24691.8,24692.3,24689.3,24690.3,114
1782731520,24689.8,24693.3,24686.3,24687.3,98
1782731580,24686.8,24688.8,24683.3,24683.8,112
1782731640,24683.3,24683.3,24673.8,24676.8,130
1782731700,24677.3,24682.8,24672.3,24672.8,156
1782731760,24672.3,24675.3,24669.8,24673.3,88
1782731820,24673.8,24675.3,24670.3,24671.3,112
1782731880,24670.8,24673.3,24664.8,24671.8,188
1782731940,24671.3,24673.8,24667.3,24667.3,114
1782732000,24667.8,24670.8,24663.8,24665.8,138
1782732060,24666.8,24667.8,24653.3,24654.8,170
1782732120,24655.3,24656.8,24648.3,24656.8,140
1782732180,24656.3,24658.8,24652.8,24656.8,129
1782732240,24656.3,24658.8,24652.3,24658.3,108
1782732300,24659.3,24664.3,24657.8,24660.8,106
1782732360,24660.3,24663.3,24659.3,24663.3,108
1782732420,24662.8,24669.3,24661.3,24662.3,112
1782732480,24661.8,24665.8,24658,24665.3,93
1782732540,24663.8,24664.3,24655.3,24655.3,86
1782732600,24654.8,24656.3,24649.8,24650.3,124
1782732660,24650.8,24695.8,24648.8,24674.3,338
1782732720,24670.8,24670.8,24660.3,24660.3,160
1782732780,24659.8,24659.8,24650,24653.3,140
1782732840,24653.8,24658.8,24652.8,24658.3,144
1782732900,24657.8,24657.8,24650.8,24651.8,134
1782732960,24651.3,24652.8,24647.3,24648.3,120
1782733020,24647.8,24651.3,24647.3,24650.3,156
1782733080,24649.8,24655.3,24647.8,24648.8,112
1782733140,24647.8,24648.3,24635.3,24636.8,107
1782733200,24637.3,24641.3,24629,24641.3,182
1782733260,24640.8,24648.8,24640.8,24646.3,136
1782733320,24646.8,24652.8,24646.8,24650.8,139
1782733380,24650.3,24656.3,24648.3,24653.3,154
1782733440,24651.8,24657.8,24651.3,24654.3,150
1782733500,24656.3,24664.8,24653.8,24655.8,130
1782733560,24655.3,24663.8,24655.3,24660.3,136
1782733620,24660.8,24667.3,24659.8,24667.3,108
1782733680,24668.8,24675.8,24667.3,24671.3,134
1782733740,24669.8,24672.8,24665.8,24669.3,110
1782733800,24669.8,24687.8,24664.8,24687.8,140
1782733860,24686.8,24687.8,24677.8,24678.8,104
1782733920,24678.3,24685.8,24677.3,24685.8,146
1782733980,24684.8,24685.3,24678.3,24684.3,150
1782734040,24684.8,24692.3,24683.3,24689.8,122
1782734100,24688.8,24690.8,24683.8,24689.3,126
1782734160,24688.8,24691.8,24685.3,24688.3,124
1782734220,24688.8,24690.8,24682.3,24687.3,128
1782734280,24686.8,24694.8,24686.8,24693.3,122
1782734340,24692.3,24693.8,24688.3,24688.3,126
1782734400,24688.8,24692.8,24681.3,24685.3,130
1782734460,24684.8,24688.8,24681.3,24688.3,138
1782734520,24688.8,24691.3,24682.3,24691.3,118
1782734580,24690.3,24700.3,24687.8,24699.3,180
1782734640,24698.8,24699.8,24692.8,24693.3,112
1782734700,24695.3,24697.3,24689.8,24692.8,166
1782734760,24694.8,24694.8,24688.3,24692.8,174
1782734820,24691.8,24698.3,24689.8,24696.8,150
1782734880,24697.3,24698.8,24694.8,24696.8,130
1782734940,24697.3,24702.8,24696.3,24698.3,100
1782735000,24698.8,24709.8,24697.3,24704.8,158
1782735060,24704.3,24706.8,24701.8,24703.8,106
1782735120,24705.3,24706.8,24698.8,24701.3,150
1782735180,24702.3,24707.8,24699.3,24705.3,110
1782735240,24705.8,24709.8,24703.3,24704.8,170
1782735300,24704.3,24705.8,24701.3,24703.8,150
1782735360,24704.8,24709.3,24704.8,24707.3,128
1782735420,24707.8,24711.3,24704.8,24707.3,114
1782735480,24707.8,24710.8,24706.3,24709.8,144
1782735540,24709.3,24711.8,24705.8,24705.8,116
1782735600,24706.3,24708.8,24696.8,24697.3,132
1782735660,24697.8,24700.8,24690.3,24691.8,120
1782735720,24691.3,24701.3,24691.3,24699.3,114
1782735780,24698.3,24701.8,24694.8,24697.8,128
1782735840,24697.3,24701.8,24697.3,24699.8,146
1782735900,24699.3,24705.3,24695.8,24702.8,140
1782735960,24702.3,24702.3,24696.8,24700.3,114
1782736020,24700.8,24700.8,24692.3,24695.3,98
1782736080,24695.8,24697.8,24693.3,24693.8,74
1782736140,24694.3,24694.8,24686.3,24686.3,91
1782736200,24686.8,24688.3,24680.3,24682.3,154
1782736260,24681.8,24682.3,24675.8,24679.8,130
1782736320,24679.3,24684.3,24673.3,24674.8,126
1782736380,24675.3,24683.8,24670.5,24683.3,141
1782736440,24684.8,24691.3,24684.8,24691.3,96
1782736500,24690.8,24698.3,24689.3,24697.3,152
1782736560,24697.8,24704.3,24697.8,24700.8,144
1782736620,24701.3,24702.8,24688.8,24690.3,122
1782736680,24689.3,24689.3,24681.3,24681.8,144
1782736740,24681.3,24682.3,24667.8,24674.3,162
1782736800,24673.8,24681.8,24670.3,24670.3,166
1782736860,24669.8,24670.3,24660.3,24661.8,176
1782736920,24663.3,24666.8,24660.3,24662.3,170
1782736980,24661.3,24666.8,24661.3,24666.8,116
1782737040,24667.8,24674.8,24666.8,24671.8,204
1782737100,24672.3,24678.8,24671.8,24676.3,112
1782737160,24675.8,24683.8,24673.8,24679.3,144
1782737220,24680.8,24686.3,24680.3,24685.3,148
1782737280,24684.8,24689.8,24684.8,24687.8,148
1782737340,24688.3,24688.3,24680.3,24682.8,128
1782737400,24682.3,24687.8,24679.3,24684.8,140
1782737460,24684.3,24686.3,24679.8,24681.3,118
1782737520,24681.8,24694.8,24680.3,24693.3,156
1782737580,24693.8,24695.3,24692.3,24693.8,142
1782737640,24693.3,24695.3,24688.3,24688.3,100
1782737700,24687.3,24692.8,24687.3,24690.8,110
1782737760,24692.3,24696.8,24690.3,24691.3,116
1782737820,24691.8,24697.8,24691.8,24696.3,96
1782737880,24696.8,24701.8,24695.8,24698.8,113
1782737940,24697.8,24700.8,24696.8,24700.8,106
1782738000,24701.8,24706.8,24696.8,24701.8,154
1782738060,24702.3,24706.3,24701.3,24704.3,126
1782738120,24703.3,24703.8,24697.8,24700.8,148
1782738180,24700.3,24706.3,24697.3,24706.3,158
1782738240,24707.3,24715.8,24706.8,24712.3,164
1782738300,24711.8,24716.8,24707.8,24714.3,130
1782738360,24715.3,24716.3,24705.8,24709.3,136
1782738420,24709.8,24711.8,24706.8,24706.8,106
1782738480,24707.3,24707.3,24701.3,24703.3,102
1782738540,24702.8,24703.8,24698.3,24701.3,92
1782738600,24700.8,24701.8,24698.3,24700.8,120
1782738660,24701.3,24705.8,24700.3,24702.3,140
1782738720,24702.8,24709.3,24700.3,24708.3,162
1782738780,24708.8,24711.3,24705.8,24707.8,121
1782738840,24708.8,24711.8,24707.3,24710.8,123
1782738900,24711.8,24711.8,24703.3,24704.3,122
1782738960,24707.3,24711.8,24706.3,24707.3,146
1782739020,24707.8,24708.3,24703.3,24705.8,80
1782739080,24705.3,24709.8,24704.3,24709.8,76
1782739140,24709.3,24710.3,24706.3,24706.3,100
1782739200,24705.8,24712.3,24700.8,24700.8,170
1782739260,24701.3,24701.3,24693.8,24697.8,150
1782739320,24697.3,24701.8,24695.3,24700.3,132
1782739380,24700.8,24700.8,24693.8,24696.8,66
1782739440,24696.3,24699.3,24694.5,24698.3,88
1782739500,24697.3,24704.3,24696.3,24702.3,184
1782739560,24702.8,24707.3,24697.3,24698.3,142
1782739620,24697.8,24698.3,24688.3,24689.8,182
1782739680,24691.3,24702.8,24690.8,24702.3,186
1782739740,24701.8,24708.3,24701.8,24707.8,156
1782739800,24708.8,24711.3,24695.8,24704.8,318
1782739860,24705.8,24715.3,24700.3,24701.8,318
1782739920,24699.8,24704.3,24693.8,24703.3,282
1782739980,24701.8,24702.8,24684.5,24690.8,248
1782740040,24690.3,24699.3,24689.8,24694.8,252
1782740100,24694.3,24698.3,24684.8,24687.8,260
1782740160,24687.3,24693.3,24686.8,24687.8,240
1782740220,24688.3,24689.3,24678.3,24688.8,224
1782740280,24688.3,24695.8,24685.8,24693.8,276
1782740340,24693.3,24706.3,24693.3,24701.8,302
1782740400,24701.3,24708.8,24698.3,24703.8,278
1782740460,24704.8,24705.8,24696.8,24703.3,250
1782740520,24703.8,24707.8,24697.3,24701.8,220
1782740580,24700.8,24701.8,24695.3,24699.8,234
1782740640,24700.8,24710.8,24700.8,24709.3,266
1782740700,24709.8,24716.8,24707.3,24716.8,268
1782740760,24717.8,24718.3,24700.8,24706.8,222
1782740820,24706.3,24711.8,24701.8,24704.3,222
1782740880,24702.8,24709.3,24699.3,24708.8,282
1782740940,24708.3,24708.8,24696.8,24698.8,254
1782741000,24699.8,24703.8,24692.8,24702.8,232
1782741060,24702.3,24707.3,24701.8,24705.8,222
1782741120,24705.3,24717.8,24705.3,24711.8,228
1782741180,24712.3,24712.3,24689.8,24690.8,234
1782741240,24689.8,24695.3,24679.8,24680.8,240
1782741300,24681.8,24683.8,24665,24666.3,261
1782741360,24666.8,24669.3,24652.8,24659.8,308
1782741420,24658.8,24662.8,24645.8,24645.8,242
1782741480,24646.8,24661.3,24646.8,24660.3,332
1782741540,24660.8,24674.8,24655.8,24669.3,322
1782741600,24669.8,24669.8,24645.8,24658.3,342
1782741660,24657.8,24664.3,24647.8,24652.3,310
1782741720,24652.8,24663.3,24651.3,24658.8,316
1782741780,24657.8,24663.3,24649.3,24658.3,254
1782741840,24656.3,24656.3,24644.8,24646.3,284
1782741900,24646.8,24646.8,24628.3,24631.3,264
1782741960,24630.8,24634.8,24617.8,24619.8,255
1782742020,24620.8,24625.8,24613.8,24616.3,332
1782742080,24615.3,24623.8,24609.3,24623.3,287
1782742140,24621.8,24634.3,24620.3,24631.8,286
1782742200,24632.3,24635.8,24610.3,24611.8,294
1782742260,24612.3,24625.3,24610.3,24619.8,338
1782742320,24618.8,24621.8,24595.8,24596.3,284
1782742380,24598.3,24603.3,24589,24590.3,280
1782742440,24590.8,24598.3,24577.8,24577.8,366
1782742500,24577.3,24585.8,24564.3,24581.3,407
1782742560,24582.8,24605.8,24581.8,24583.3,360
1782742620,24584.8,24595.3,24578.8,24593.3,347
1782742680,24592.8,24603.3,24589.8,24599.8,334
1782742740,24600.3,24612.8,24596.8,24607.8,340
1782742800,24609.3,24612.3,24597.3,24610.3,318
1782742860,24610.8,24623.8,24610.3,24619.8,284
1782742920,24617.8,24624.3,24615.3,24622.8,274
1782742980,24621.8,24630.8,24616.8,24626.8,310
1782743040,24626.3,24637.8,24621.3,24631.8,284
1782743100,24632.8,24645.8,24632.8,24641.8,250
1782743160,24641.3,24658.8,24640.3,24657.8,272
1782743220,24658.3,24663.8,24652.5,24661.3,279
1782743280,24661.8,24667.3,24655.3,24664.8,246
1782743340,24664.3,24664.3,24653.3,24653.3,230
1782743400,24653.8,24658.8,24650.8,24654.3,282
1782743460,24653.8,24659.3,24649.8,24657.3,292
1782743520,24657.8,24659.8,24640.3,24646.7,248
1782743580,24647.2,24660.1,24644.7,24659.6,266
1782743640,24658.6,24659.1,24648.6,24650.6,220
1782743700,24651.1,24655.1,24646.1,24651.6,234
1782743760,24651.1,24651.6,24637.6,24638.1,216
1782743820,24638.6,24638.6,24625.6,24626.6,240
1782743880,24627.6,24633.1,24620.6,24620.6,266
1782743940,24621.1,24624.1,24615.1,24616.1,228
1782744000,24615.1,24622.6,24612.6,24618.6,258
1782744060,24619.6,24625.1,24617.6,24622.6,236
1782744120,24622.1,24627.6,24619.6,24620.1,236
1782744180,24620.6,24626.1,24618.6,24623.6,190
1782744240,24623.1,24624.1,24615.1,24618.1,232
1782744300,24618.6,24621.1,24607.1,24607.1,254
1782744360,24605.6,24610.6,24595.6,24595.6,238
1782744420,24595.1,24598.6,24590.6,24592.1,254
1782744480,24592.6,24598.6,24587.6,24587.6,226
1782744540,24587.1,24601.1,24585.6,24595.6,228
1782744600,24596.1,24606.6,24594.6,24599.1,232
1782744660,24598.6,24600.6,24589.6,24592.1,250
1782744720,24592.6,24595.1,24587.6,24588.6,232
1782744780,24588.1,24594.1,24578.8,24592.6,277
1782744840,24593.1,24602.6,24591.6,24599.6,232
1782744900,24598.6,24600.6,24593.1,24594.6,244
1782744960,24595.1,24599.6,24584.6,24587.6,242
1782745020,24588.6,24589.6,24580.6,24582.1,232
1782745080,24581.6,24588.1,24578.1,24586.6,208
1782745140,24587.1,24594.1,24584.6,24594.1,198
1782745200,24592.6,24595.6,24583.6,24589.6,238
1782745260,24590.1,24590.6,24570.6,24575.6,274
1782745320,24575.1,24576.1,24558.6,24559.6,244
1782745380,24560.6,24580.1,24557.6,24578.6,246
1782745440,24579.6,24593.1,24576.1,24590.6,240
1782745500,24590.1,24598.1,24587.6,24594.6,284
1782745560,24594.1,24600.1,24588.1,24595.6,242
1782745620,24596.6,24598.6,24594.1,24597.1,222
1782745680,24598.1,24601.1,24591.1,24592.1,196
1782745740,24593.6,24593.6,24587.1,24587.1,196
1782745800,24587.6,24592.6,24584.1,24585.1,230
1782745860,24584.6,24595.1,24584.1,24594.1,222
1782745920,24593.6,24598.6,24590.1,24597.6,210
1782745980,24598.6,24602.1,24594.6,24598.1,198
1782746040,24599.1,24616.6,24597.1,24615.6,204
1782746100,24616.1,24622.6,24612.6,24619.6,224
1782746160,24618.6,24618.6,24608.6,24616.6,182
1782746220,24617.1,24623.6,24609.1,24612.1,192
1782746280,24611.1,24620.1,24605.1,24620.1,204
1782746340,24619.6,24622.6,24614.1,24615.1,168
1782746400,24614.1,24626.1,24612.1,24620.1,226
1782746460,24621.6,24633.6,24621.1,24631.1,198
1782746520,24631.6,24631.6,24621.1,24623.6,234
1782746580,24623.1,24633.1,24623.1,24627.6,214
1782746640,24627.1,24627.1,24609.3,24611.8,203
1782746700,24610.8,24626.6,24610.8,24625.6,249
1782746760,24626.6,24630.1,24625.1,24629.6,152
1782746820,24629.1,24633.6,24624.1,24630.1,150
1782746880,24629.6,24631.1,24626.6,24628.1,152
1782746940,24629.1,24643.1,24627.1,24632.6,198
1782747000,24632.1,24648.4,24627.9,24642.9,291
1782747060,24642.4,24643.9,24632.4,24634.4,192
1782747120,24633.9,24634.4,24622.9,24626.9,166
1782747180,24627.9,24638.4,24620.9,24634.9,208
1782747240,24635.9,24646.9,24623.4,24626.9,344
1782747300,24624.4,24624.4,24613.9,24622.9,254
1782747360,24624.4,24625.4,24613.9,24618.9,196
1782747420,24619.4,24626.9,24618.4,24620.9,156
1782747480,24621.9,24627.4,24619.4,24620.9,158
1782747540,24620.4,24621.9,24612.4,24618.9,184
1782747600,24619.4,24619.4,24613.4,24616.4,162
1782747660,24615.4,24626.9,24614.4,24626.9,172
1782747720,24627.9,24635.4,24623.9,24635.4,172
1782747780,24635.9,24637.9,24633.4,24633.4,142
1782747840,24633.9,24637.4,24631.4,24635.9,148
1782747900,24635.4,24642.9,24634.4,24642.4,130
1782747960,24641.9,24647.9,24640.4,24647.4,168
1782748020,24646.4,24648.9,24641.4,24641.9,146
1782748080,24642.4,24644.4,24640.4,24640.4,150
1782748140,24639.9,24640.9,24634.4,24637.4,170
1782748200,24636.9,24640.9,24636.4,24637.4,154
1782748260,24637.9,24639.9,24634.4,24635.4,134
1782748320,24635.9,24635.9,24628.9,24634.4,128
1782748380,24633.9,24637.4,24631.9,24633.4,132
1782748440,24632.9,24637.4,24629.4,24636.9,134
1782748500,24637.4,24638.4,24634.4,24636.9,138
1782748560,24637.4,24637.9,24629.3,24629.3,109
1782748620,24628.8,24632.9,24628.8,24631.4,135
1782748680,24630.9,24638.9,24630.9,24636.9,100
1782748740,24637.4,24640.9,24636.9,24639.9,120
1782748800,24640.4,24647.9,24640.4,24647.9,138
1782748860,24648.4,24648.4,24641.9,24641.9,155
1782748920,24642.4,24647.9,24636.4,24646.9,146
1782748980,24646.4,24648.9,24643.3,24648.4,150
1782749040,24647.9,24653.4,24647.9,24652.9,118
1782749100,24651.4,24655.4,24650.9,24651.9,162
1782749160,24652.4,24652.9,24647.9,24649.4,114
1782749220,24648.4,24651.4,24646.4,24649.4,114
1782749280,24649.9,24650.9,24647.4,24647.9,90
1782749340,24647.4,24648.4,24644.4,24647.9,90
1782749400,24648.4,24650.9,24644.4,24644.9,70
1782749460,24644.4,24647.4,24644.4,24645.9,96
1782749520,24647.9,24652.9,24646.9,24650.9,64
1782749580,24649.9,24651.9,24644.9,24644.9,110
1782749640,24644.4,24646.9,24641.9,24645.9,86
1782749700,24644.9,24652.4,24644.9,24649.4,72
1782749760,24648.9,24648.9,24645.4,24647.9,108
1782749820,24648.9,24650.9,24645.9,24646.9,138
1782749880,24647.4,24652.4,24646.9,24649.4,82
1782749940,24649.9,24655.4,24648.9,24649.9,98
1782750000,24648.9,24650.9,24644.9,24648.9,114
1782750060,24649.4,24654.9,24647.9,24647.9,98
1782750120,24647.4,24651.4,24647.4,24650.4,106
1782750180,24651.4,24653.9,24649.4,24652.4,60
1782750240,24651.9,24654.4,24649.9,24653.9,76
1782750300,24654.4,24654.4,24647.4,24650.4,102
1782750360,24649.9,24652.4,24649.9,24651.9,86
1782750420,24652.4,24655.9,24651.9,24653.9,72
1782750480,24654.9,24656.4,24650.4,24652.9,60
1782750540,24652.4,24652.9,24650.4,24651.9,80
1782750600,24652.4,24657.9,24652.4,24653.9,70
1782750660,24653.4,24656.9,24650.4,24655.9,110
1782750720,24655.4,24655.4,24649.4,24649.4,122
1782750780,24648.9,24651.4,24647.4,24647.9,114
1782750840,24648.4,24652.9,24647.9,24652.4,92
1782750900,24651.9,24654.9,24650.9,24652.9,92
1782750960,24652.4,24654.9,24650.4,24652.9,116
1782751020,24653.4,24659.9,24652.4,24659.9,98
1782751080,24659.4,24662.9,24657.4,24662.9,54
1782751140,24663.4,24664.9,24660.9,24663.9,40
1782751200,24664.4,24665.4,24660.9,24664.4,76
1782751260,24663.9,24664.4,24662.4,24663.9,74
1782751320,24662.9,24664.4,24662.9,24663.9,38
1782751380,24664.4,24665.9,24662.9,24665.4,46
1782751440,24665.9,24671.9,24665.9,24670.4,82
1782751500,24669.9,24672.9,24666.9,24672.9,74
1782751560,24673.4,24674.9,24668.9,24670.9,92
1782751620,24670.4,24670.9,24667.4,24667.4,84
1782751680,24667.9,24671.4,24666.4,24667.9,92
1782751740,24668.4,24670.9,24666.9,24668.9,74
1782751800,24669.4,24671.9,24664.9,24671.9,92
1782751860,24671.4,24675.4,24669.9,24674.9,92
1782751920,24675.4,24679.9,24674.9,24679.4,72
1782751980,24679.9,24683.4,24676.9,24682.9,78
1782752040,24682.4,24684.4,24681.4,24681.4,60
1782752100,24681.9,24681.9,24678.4,24679.9,82
1782752160,24681.4,24681.4,24675.9,24676.9,38
1782752220,24675.9,24677.9,24673.9,24676.4,102
1782752280,24675.9,24679.9,24675.9,24676.9,88
1782752340,24676.4,24676.9,24672.9,24673.9,78
1782752400,24674.4,24680.4,24673.9,24680.4,118
1782752460,24679.9,24680.4,24677.9,24680.4,44
1782752520,24679.9,24682.9,24679.9,24682.4,56
1782752580,24680.9,24681.9,24678.4,24680.9,70
1782752640,24679.9,24682.9,24679.4,24682.4,72
1782752700,24681.9,24683.4,24679.4,24682.4,88
1782752760,24682.9,24682.9,24679.4,24680.4,90
1782752820,24680.9,24681.4,24677.4,24677.9,48
1782752880,24677.4,24684.4,24677.4,24683.9,52
1782752940,24684.4,24687.9,24682.9,24685.9,63
1782753000,24686.4,24687.9,24684.4,24687.9,40
1782753060,24687.4,24689.4,24684.9,24689.4,34
1782753120,24688.9,24693.9,24688.4,24692.9,54
1782753180,24693.4,24703.4,24693.4,24697.9,104
1782753240,24696.9,24699.4,24694.4,24695.4,126
1782753300,24694.9,24696.9,24694.4,24696.4,88
1782753360,24695.9,24695.9,24688.9,24689.4,86
1782753420,24689.9,24698.4,24689.9,24694.4,112
1782753480,24693.9,24697.4,24693.9,24696.4,118
1782753540,24697.4,24697.4,24695.9,24695.9,58
1782753600,24694.4,24699.9,24693.4,24698.4,66
1782753660,24699.4,24699.4,24689.4,24690.4,116
1782753720,24689.9,24691.9,24688.4,24688.4,108
1782753780,24687.9,24687.9,24684.4,24684.4,64
1782753840,24684.9,24686.9,24683.4,24683.4,102
1782753900,24684.4,24685.4,24680.4,24685.4,86
1782753960,24685.9,24688.4,24684.4,24686.9,90
1782754020,24687.4,24687.9,24686.9,24686.9,18
1782754080,24687.9,24692.9,24686.9,24690.4,52
1782754140,24689.9,24690.4,24688.4,24690.4,80
1782754200,24689.9,24691.9,24688.9,24691.9,54
1782754260,24693.4,24699.9,24692.9,24699.9,70
1782754320,24698.9,24698.9,24692.4,24693.9,100
1782754380,24693.4,24693.9,24688.4,24689.9,116
1782754440,24689.4,24691.9,24688.9,24691.4,78
1782754500,24690.9,24693.4,24688.9,24689.4,92
1782754560,24688.9,24691.4,24688.9,24690.9,32
1782754620,24691.4,24691.4,24689.4,24689.4,58
1782754680,24689.9,24693.4,24687.4,24692.4,62
1782754740,24692.9,24695.4,24690.9,24694.4,68
1782754800,24694.9,24697.4,24693.9,24694.4,58
1782754860,24694.9,24696.4,24693.4,24693.4,88
1782754920,24694.4,24697.4,24693.9,24696.9,66
1782754980,24697.4,24697.9,24695.9,24697.9,42
1782755040,24697.4,24698.4,24696.9,24697.4,34
1782755100,24696.9,24696.9,24692.4,24695.4,78
1782755160,24694.9,24696.4,24692.9,24693.9,60
1782755220,24692.9,24696.9,24692.9,24694.9,38
1782755280,24695.4,24697.4,24694.4,24695.9,50
1782755340,24696.4,24696.4,24694.4,24694.4,28
1782755400,24695.4,24696.4,24693.4,24695.4,64
1782755460,24695.9,24697.4,24695.4,24695.9,48
1782755520,24695.4,24698.4,24695.4,24697.9,28
1782755580,24699.9,24700.9,24697.9,24698.9,48
1782755640,24699.4,24700.4,24696.4,24696.4,40
1782755700,24696.9,24698.9,24696.9,24697.9,42
1782755760,24697.4,24699.4,24696.9,24696.9,44
1782755820,24697.4,24697.9,24695.9,24695.9,40
1782755880,24696.4,24696.4,24690.9,24692.4,46
1782755940,24692.9,24695.9,24691.9,24693.9,44
1782756000,24694.4,24695.4,24690.4,24693.4,118
1782756060,24693.9,24698.4,24693.4,24696.4,104
1782756120,24696.9,24696.9,24694.4,24694.4,64
1782756180,24694.9,24696.9,24693.4,24695.9,66
1782756240,24695.4,24737.9,24694.4,24720.4,94
1782756300,24719.9,24724.4,24717.9,24723.9,114
1782756360,24724.4,24724.4,24715.4,24718.9,84
1782756420,24717.4,24718.4,24716.9,24717.9,34
1782756480,24718.4,24734.4,24715.9,24727.9,58
1782756540,24727.4,24736.9,24725.9,24733.9,52
1782756600,24733.4,24735.4,24730.4,24731.4,66
1782756660,24730.9,24730.9,24725.4,24725.4,70
1782756720,24725.9,24727.9,24722.4,24727.4,50
1782756780,24727.9,24729.4,24724.9,24727.4,76
1782756840,24727.9,24731.9,24727.4,24730.9,74
1782756900,24730.4,24731.9,24727.9,24727.9,112
1782756960,24725.9,24727.9,24722.9,24725.9,90
1782757020,24725.4,24728.9,24725.4,24727.9,86
1782757080,24729.4,24733.4,24727.9,24729.4,104
1782757140,24730.9,24731.4,24727.9,24728.9,76
1782757200,24727.9,24728.4,24722.4,24727.4,114
1782757260,24727.9,24731.9,24726.4,24731.4,108
1782757320,24730.9,24734.4,24730.9,24731.9,54
1782757380,24731.4,24734.4,24731.4,24734.4,56
1782757440,24733.4,24733.9,24728.9,24730.9,32
1782757500,24730.4,24730.9,24728.9,24730.9,54
1782757560,24731.4,24732.4,24729.9,24730.9,38
1782757620,24731.4,24732.9,24728.4,24729.4,46
1782757680,24728.9,24731.4,24725.9,24730.9,68
1782757740,24730.4,24731.4,24728.9,24730.9,68
1782757800,24731.4,24732.9,24729.4,24731.9,110
1782757860,24731.4,24736.4,24731.4,24734.9,86
1782757920,24735.9,24739.9,24734.9,24739.9,56
1782757980,24740.4,24740.4,24735.9,24736.4,76
1782758040,24735.9,24736.4,24731.9,24734.4,114
1782758100,24733.9,24738.9,24733.9,24737.9,62
1782758160,24738.4,24738.9,24735.4,24736.4,80
1782758220,24736.9,24736.9,24733.4,24733.9,70
1782758280,24733.4,24736.4,24732.4,24735.4,76
1782758340,24734.9,24735.4,24729.9,24733.4,52
1782758400,24733.9,24736.4,24733.9,24735.4,40
1782758460,24735.9,24735.9,24733.4,24735.4,28
1782758520,24735.9,24737.4,24735.4,24736.9,54
1782758580,24737.4,24739.4,24736.4,24738.9,40
1782758640,24738.4,24739.4,24736.4,24736.9,36
1782758700,24737.9,24738.9,24736.9,24737.9,36
1782758760,24738.4,24738.9,24736.4,24737.9,60
1782758820,24738.4,24738.4,24736.9,24737.9,46
1782758880,24738.4,24742.9,24737.9,24740.9,38
1782758940,24740.4,24740.4,24737.9,24739.9,50
1782759000,24739.4,24740.9,24738.4,24738.9,48
1782759060,24738.4,24740.9,24737.9,24738.9,46
1782759120,24739.4,24740.9,24734.9,24734.9,66
1782759180,24735.9,24738.9,24735.9,24738.9,46
1782759240,24738.4,24738.9,24735.4,24736.4,42
1782759300,24736.9,24739.9,24736.4,24737.4,56
1782759360,24737.9,24748.4,24736.9,24747.9,62
1782759420,24748.4,24748.4,24744.9,24746.9,52
1782759480,24747.9,24747.9,24741.9,24742.4,72
1782759540,24742.9,24743.9,24739.9,24740.4,72
1782759600,24739.4,24741.4,24736.4,24740.9,92
1782759660,24740.4,24743.4,24738.9,24738.9,78
1782759720,24739.4,24740.4,24733.4,24735.4,108
1782759780,24734.9,24739.4,24734.4,24737.9,76
1782759840,24738.4,24739.9,24736.9,24736.9,42
1782759900,24736.4,24739.4,24734.9,24735.9,66
1782759960,24737.4,24737.4,24734.9,24736.4,52
1782760020,24736.9,24740.4,24736.4,24738.9,76
1782760080,24737.9,24739.4,24737.9,24738.9,56
1782760140,24738.4,24740.4,24734.9,24734.9,60
1782760200,24735.4,24736.9,24731.9,24736.4,82
1782760260,24736.9,24739.4,24736.4,24737.9,28
1782760320,24737.4,24737.4,24733.9,24734.9,24
1782760380,24734.4,24734.9,24732.4,24733.4,34
1782760440,24732.9,24733.9,24731.4,24732.9,30
1782760500,24732.4,24732.9,24729.9,24729.9,32
1782760560,24730.9,24733.4,24726.9,24730.9,58
1782760620,24730.4,24733.9,24728.9,24733.9,60
1782760680,24735.9,24739.9,24734.9,24736.9,80
1782760740,24737.9,24740.9,24736.4,24737.9,52
1782760800,24738.4,24745.9,24738.4,24745.9,66
1782760860,24745.4,24747.4,24743.4,24745.9,60
1782760920,24745.4,24745.9,24741.4,24743.4,38
1782760980,24743.9,24744.4,24741.9,24742.4,24
1782761040,24741.9,24742.4,24740.4,24740.9,48
1782761100,24741.4,24741.9,24739.9,24741.9,54
1782761160,24742.4,24742.4,24738.4,24739.4,50
1782761220,24738.9,24739.9,24737.9,24739.4,36
1782761280,24739.9,24741.4,24738.9,24740.9,24
1782761340,24740.4,24740.9,24739.4,24739.9,24
1782761400,24738.9,24746.9,24736.4,24744.4,102
1782761460,24743.9,24745.9,24740.9,24741.9,88
1782761520,24740.9,24745.9,24738.9,24745.9,42
1782761580,24745.4,24745.9,24738.4,24739.9,80
1782761640,24739.4,24739.4,24733.9,24737.9,74
1782761700,24738.4,24741.9,24737.9,24740.9,94
1782761760,24741.4,24741.4,24739.9,24741.4,30
1782761820,24742.4,24743.9,24737.9,24738.9,84
1782761880,24737.9,24739.9,24734.9,24734.9,74
1782761940,24735.9,24737.9,24732.4,24737.9,60
1782762000,24736.4,24738.9,24733.9,24736.9,88
1782762060,24736.4,24740.9,24734.4,24740.9,68
1782762120,24741.4,24742.4,24738.4,24740.4,40
1782762180,24739.9,24739.9,24734.9,24735.9,58
1782762240,24736.4,24741.4,24735.9,24740.9,50
1782762300,24741.4,24741.9,24737.4,24740.9,76
1782762360,24740.4,24742.4,24738.4,24738.9,60
1782762420,24738.4,24739.4,24733.4,24733.9,72
1782762480,24733.4,24733.9,24731.9,24732.9,50
1782762540,24734.9,24734.9,24732.9,24734.9,50
1782762600,24734.4,24735.9,24727.9,24728.9,112
1782762660,24731.4,24733.9,24730.9,24732.9,48
1782762720,24733.9,24733.9,24727.9,24727.9,76
1782762780,24726.9,24729.4,24725.9,24725.9,82
1782762840,24725.4,24725.9,24720.9,24725.4,138
1782762900,24726.9,24734.9,24726.4,24726.9,122
1782762960,24726.4,24727.4,24724.4,24726.9,74
1782763020,24726.4,24731.9,24723.9,24729.4,122
1782763080,24728.4,24738.4,24728.4,24732.4,174
1782763140,24731.9,24746.9,24730.9,24744.9,186
1782763200,24745.9,24745.9,24724,24733.8,356
1782763260,24734.5,24738.3,24731.2,24736.9,172
1782763320,24738.1,24738.1,24731.9,24736.9,152
1782763380,24737.6,24738.1,24734.3,24737.1,162
1782763440,24737.6,24744.5,24736.9,24737.1,110
1782763500,24737.6,24740.7,24736.6,24738.8,88
1782763560,24739,24740.4,24735.7,24738.1,78
1782763620,24737.8,24738.1,24736.2,24737.4,32
1782763680,24736.9,24736.9,24734.5,24736.6,26
1782763740,24737.4,24738.1,24735.2,24737.8,62
1782763800,24738.1,24740.2,24736.2,24737.6,56
1782763860,24738.1,24740,24737.4,24738.5,48
1782763920,24738.8,24744.9,24738.8,24743.3,58
1782763980,24743.5,24745.2,24740,24740,84
1782764040,24740.2,24744.7,24740,24743,114
1782764100,24742.6,24744.7,24739.5,24743,70
1782764160,24742.6,24744.5,24741.4,24743.8,56
1782764220,24744,24745.9,24743.3,24744.7,92
1782764280,24744.2,24746.1,24743.3,24745.6,62
1782764340,24746.4,24748,24741.1,24747.5,69
1782764400,24747.1,24748,24746.6,24747.8,42
1782764460,24748,24748.7,24745.9,24747.1,56
1782764520,24747.5,24749.7,24747.3,24749.7,28
1782764580,24749.4,24750.9,24749.2,24750.1,30
1782764640,24750.4,24753.7,24750.4,24752,66
1782764700,24751.8,24753.2,24740.8,24747.3,34
1782764760,24746.8,24748.3,24745.9,24748.3,24
1782764820,24749,24749,24745.2,24745.6,44
1782764880,24746.1,24746.1,24744.2,24745.2,34
1782764940,24745.4,24746.6,24743.3,24743.5,46
1782765000,24743.8,24744.7,24741.9,24743.8,62
1782765060,24743.3,24743.3,24742.1,24742.1,18
1782765120,24741.9,24741.9,24740.2,24741.9,42
1782765180,24742.3,24743.3,24741.6,24742.8,50
1782765240,24743.3,24743.3,24740.4,24740.4,44
1782765300,24740.9,24741.6,24739.7,24740.4,42
1782765360,24740.7,24740.7,24738.1,24738.1,40
1782765420,24737.1,24737.1,24733.3,24735,60
1782765480,24734.8,24736.6,24734.8,24735.2,26
1782765540,24735,24736.2,24734.3,24735.2,30
1782765600,24734.5,24735.7,24734.5,24735.5,24
1782765660,24735.7,24736.2,24734,24734.8,46
1782765720,24735.2,24737.1,24735.2,24736.2,26
1782765780,24735.9,24737.8,24735.9,24736.2,28
1782765840,24736.6,24739,24736.2,24737.8,38
1782765900,24738.1,24738.1,24735,24735.5,36
1782765960,24735.2,24735.5,24734.8,24734.8,6
1782766020,24734.5,24736.6,24734.5,24735,32
1782766080,24734.5,24735.2,24731.2,24735.2,52
1782766140,24735.5,24737.6,24734.8,24737.6,50
1782766200,24736.9,24740.9,24736.9,24738.8,92
1782766260,24739,24739,24732.6,24736.2,50
1782766320,24736.9,24737.1,24734.8,24735.9,40
1782766380,24735.7,24736.4,24734.5,24734.8,48
1782766440,24735.5,24736.6,24734.8,24734.8,34
1782766500,24735.5,24737.1,24734,24734,58
1782766560,24733.8,24738.8,24733.3,24737.9,60
1782766620,24738.1,24738.6,24737.2,24738.1,50
1782766680,24738.3,24739.3,24737.4,24738.6,38
1782770520,24734.6,24739.6,24733.4,24738.7,120
1782770580,24737.9,24742.7,24737.9,24742.7,158
1782770640,24742.9,24745.5,24736.5,24737.9,176
1782770700,24738.9,24742.7,24737.2,24741.5,180
1782770760,24741.3,24741.5,24732.5,24733.7,184
1782770820,24733.9,24735.8,24732.7,24734.2,116
1782770880,24733.9,24735.3,24729.9,24733.7,90
1782770940,24735.1,24740.5,24735.1,24737.9,178
1782771000,24738.2,24742.4,24738.2,24738.9,126
1782771060,24737.9,24739.1,24737.7,24738.7,66
1782771120,24738.2,24738.2,24734.9,24735.8,52
1782771180,24736.3,24738.2,24735.1,24737.7,50
1782771240,24737.2,24737.9,24735.8,24735.8,38
1782771300,24736,24736.8,24735.3,24736,36
1782771360,24736.3,24737.2,24736,24736,44
1782771420,24736.3,24737.9,24735.8,24736.8,34
1782771480,24736.5,24736.8,24733.4,24735.6,38
1782771540,24735.8,24738.7,24734.2,24738.2,54
1782771600,24737.9,24740.1,24737.7,24739.4,60
1782771660,24739.6,24739.6,24737.5,24738.4,30
1782771720,24737.2,24737.2,24735.8,24736.5,46
1782771780,24736.3,24736.8,24735.3,24735.8,24
1782771840,24735.6,24735.6,24732.7,24733.2,62
1782771900,24732.7,24734.2,24731.6,24732,50
1782771960,24731.6,24734.4,24730.6,24734.4,72
1782772020,24734.6,24734.9,24733,24733.2,38
1782772080,24733.7,24735.1,24733.7,24734.6,52
1782772140,24733.9,24734.4,24732.3,24734.2,84
1782772200,24734.4,24734.4,24731.6,24732.5,70
1782772260,24732.3,24732.7,24729.9,24730.4,74
1782772320,24730.6,24730.8,24728.2,24729.4,68
1782772380,24729.2,24729.2,24726.1,24728.5,88
1782772440,24728.7,24729.2,24727.8,24728.7,58
1782772500,24728.9,24729.2,24728,24728,52
1782772560,24727.5,24728.2,24727.3,24727.5,30
1782772620,24728.2,24728.5,24728,24728,32
1782772680,24728.2,24730.4,24728.2,24730.4,54
1782772740,24730.1,24730.6,24729.7,24729.7,32
1782772800,24729.4,24730.4,24729.2,24729.7,22
1782772860,24729.4,24734.2,24728.2,24733,106
1782772920,24732.7,24736,24732.5,24734.4,78
1782772980,24734.6,24738.2,24734.6,24737.2,70
1782773040,24737.5,24737.5,24734.6,24734.6,20
1782773100,24734.9,24734.9,24733.7,24733.7,8
1782773160,24734.4,24738.4,24731.6,24737,38
1782773220,24736.7,24736.7,24736.5,24736.7,6
1782773280,24737,24737.4,24736.2,24736.5,24
1782773340,24736.2,24738.4,24736.2,24737.7,36
1782773400,24737.4,24738.6,24737.2,24737.7,52
1782773460,24737.2,24738.4,24735.8,24738.4,74
1782773520,24738.6,24739.8,24731.9,24731.9,20
1782773580,24732.2,24732.2,24729.8,24729.8,36
1782773640,24729.6,24731.2,24729.6,24731.2,26
1782773700,24731,24731.5,24730.1,24730.1,28
1782773760,24729.8,24730.5,24729.3,24729.8,28
1782773820,24729.6,24730.3,24728.6,24729.3,40
1782773880,24729.8,24731.7,24729.8,24731.7,14
1782773940,24732.2,24732.2,24731.5,24731.9,18
1782774000,24731.5,24732.4,24731.5,24731.5,70
1782774060,24730.8,24732.2,24730.8,24731.5,38
1782774120,24732.2,24733.8,24731,24731.9,64
1782774180,24731.5,24731.5,24731,24731.5,22
1782774240,24731.2,24734.6,24731.2,24734.3,34
1782774300,24733.8,24733.8,24732.9,24733.4,26
1782774360,24732.9,24734.3,24732.9,24734.3,34
1782774420,24734.6,24738.1,24734.6,24737.6,86
1782774480,24737.4,24740,24737.2,24739,34
1782774540,24739.5,24743.5,24739,24740.7,64
1782774600,24740.5,24743.4,24737.4,24739.6,94
1782774660,24740.3,24742,24740.3,24741.7,16
1782774720,24741,24741,24736.8,24739.6,68
1782774780,24739.4,24739.8,24738.4,24738.4,44
1782774840,24738.7,24739.6,24738,24738.2,50
1782774900,24738.7,24739.6,24737.5,24738.2,40
1782774960,24738.9,24738.9,24738,24738.2,40
1782775020,24738,24741.3,24738,24741.3,34
1782775080,24740.8,24740.8,24739.4,24739.8,40
1782775140,24739.4,24739.4,24738.2,24738.9,36
1782775200,24738.4,24739.6,24738.4,24739.6,16
1782775260,24739.4,24739.6,24738.7,24738.9,22
1782775320,24739.4,24740.1,24739.4,24739.8,8
1782775380,24739.4,24739.4,24737,24737,46
1782775440,24736.8,24737.7,24735.6,24737.5,28
1782775500,24737.7,24738,24737,24737.5,24
1782775560,24738,24738.4,24737.5,24737.5,18
1782775620,24738,24739.4,24738,24738.9,28
1782775680,24739.4,24739.6,24738,24738.7,50
1782775740,24739.1,24739.1,24737,24737,20
1782775800,24736.5,24738.4,24735.6,24737.5,84
1782775860,24737,24738.9,24737,24738.4,48
1782775920,24738.2,24738.9,24737,24737.5,70
1782775980,24737.7,24740.8,24737,24740.8,54
1782776040,24740.6,24742.5,24740.1,24740.1,54
1782776100,24739.4,24739.8,24739.1,24739.4,20
1782776160,24738.9,24739.1,24737.5,24738.9,40
1782776220,24739.4,24740.1,24738.9,24738.9,68
1782776280,24738.4,24738.9,24737.5,24738,52
1782776340,24738.4,24739.6,24737.5,24737.5,54
1782776400,24737.7,24738.4,24736.5,24738.2,34
1782776460,24738.4,24739.4,24738,24738.4,48
1782776520,24738.7,24738.7,24736.8,24737.5,40
1782776580,24737.7,24738.2,24735.6,24735.8,40
1782776640,24735.3,24738.2,24734.4,24736.3,74
1782776700,24735.8,24737.2,24732,24732.7,158
1782776760,24733,24733.9,24731.1,24731.1,122
1782776820,24731.3,24731.3,24729.7,24730.6,64
1782776880,24730.1,24730.4,24724.9,24725.4,110
1782776940,24725.6,24731.3,24725.4,24730.4,126
1782777000,24729.9,24733.2,24729.9,24729.9,92
1782777060,24729.7,24729.7,24728.5,24728.7,52
1782777120,24728.5,24729.2,24728,24729.2,52
1782777180,24729,24729,24726.6,24727.8,72
1782777240,24727.5,24732,24727.5,24731.6,82
1782777300,24731.3,24734.4,24730.8,24733.2,86
1782777360,24733.7,24735.1,24733.2,24733.9,64
1782777420,24733.7,24737.7,24733.7,24735.3,70
1782777480,24735.1,24735.3,24733.7,24734.9,52
1782777540,24734.6,24739.8,24734.4,24737,120
1782777600,24736.5,24736.5,24720.8,24724.6,246
1782777660,24725.1,24726.7,24720.8,24722.2,198
1782777720,24722.5,24725.1,24718.2,24718.4,164
1782777780,24719.1,24722.9,24717,24721.7,230
1782777840,24721.5,24727.2,24720.1,24727.2,182
1782777900,24727.7,24730.3,24724.8,24727.4,160
1782777960,24727.7,24743.4,24727.7,24738.5,268
1782778020,24738.2,24740.6,24736.1,24740.6,184
1782778080,24740.4,24741.1,24736.6,24738.5,158
1782778140,24738.2,24739.7,24735.4,24735.4,184
1782778200,24734.9,24736.1,24727.9,24731.6,184
1782778260,24731.4,24734.7,24730.2,24734,174
1782778320,24733.5,24737.1,24733.5,24735.4,134
1782778380,24735.2,24735.4,24731.6,24734,128
1782778440,24734.5,24735.9,24733.1,24735.7,134
1782778560,24734.3,24749.8,24730.3,24746.8,122
1782778620,24748.8,24748.8,24741.3,24741.8,62
1782778680,24742.3,24742.3,24731.8,24734.3,56
1782778740,24734.8,24740.8,24734.3,24739.3,66
1782778800,24740.3,24740.8,24726.3,24726.3,68
1782778860,24723.3,24731.3,24723.3,24724.3,78
1782778920,24724.8,24726.3,24717.3,24720.8,108
1782778980,24721.3,24727.3,24715.3,24717.8,62
1782779040,24716.8,24724.3,24715.3,24723.8,80
1782779100,24724.3,24724.3,24717.3,24717.8,62
1782779160,24718.3,24720.8,24712.3,24720.8,66
1782779220,24719.8,24719.8,24712.3,24714.8,110
1782779280,24713.3,24715.8,24704.8,24704.8,116
1782779340,24707.3,24710.3,24705.8,24710.3,70
1782779400,24708.8,24712.3,24699.3,24700.8,126
1782779460,24701.8,24702.8,24692.8,24692.8,114
1782779520,24693.3,24698.3,24684.3,24696.8,104
1782779580,24697.3,24704.3,24695.3,24698.8,116
1782779640,24698.3,24703.3,24696.8,24700.3,126
1782779700,24699.8,24703.8,24694.8,24701.8,108
1782779760,24700.3,24700.3,24688.8,24691.8,78
1782779820,24688.3,24691.8,24685.8,24691.3,44
1782779880,24690.8,24691.3,24685.3,24688.3,54
1782779940,24687.8,24692.8,24686.8,24692.8,72
1782780000,24692.3,24702.8,24688.3,24688.8,124
1782780060,24689.3,24689.3,24684.3,24685.8,74
1782780120,24685.3,24686.3,24677.8,24677.8,58
1782780180,24680.3,24681.3,24677.8,24678.8,60
1782780240,24677.8,24685.3,24677.3,24684.8,70
1782780300,24683.8,24687.3,24674.3,24680.8,138
1782780360,24683.8,24693.8,24682.8,24693.8,100
1782780420,24694.8,24694.8,24688.8,24689.8,68
1782780480,24690.3,24694.8,24690.3,24692.8,38
1782780540,24693.8,24697.8,24691.3,24696.8,52
1782780600,24697.3,24701.3,24693.8,24694.3,106
1782780660,24694.8,24698.8,24692.8,24697.3,104
1782780720,24699.3,24702.3,24696.3,24701.3,92
1782780780,24700.8,24702.8,24697.8,24701.8,58
1782780840,24701.3,24705.3,24701.3,24705.3,44
1782780900,24704.8,24704.8,24700.8,24703.3,70
1782780960,24703.8,24707.3,24701.8,24704.3,52
1782781020,24700.3,24705.8,24700.3,24701.8,108
1782781080,24699.8,24705.3,24698.3,24704.8,56
1782781140,24704.3,24709.8,24703.3,24709.8,48
1782781200,24710.3,24711.3,24694.8,24696.8,124
1782781260,24695.8,24702.3,24694.3,24700.8,74
1782781320,24700.3,24703.8,24697.3,24699.3,122
1782781380,24699.8,24700.8,24695.8,24700.8,88
1782781440,24700.3,24705.8,24698.3,24704.3,62
1782781500,24703.8,24705.3,24702.3,24702.3,42
1782781560,24701.3,24701.3,24699.3,24700.3,6
1782781620,24701.3,24701.3,24695.8,24697.8,56
1782781680,24696.3,24705.8,24692.3,24705.8,100
1782781740,24703.8,24705.8,24698.8,24700.8,68
1782781800,24701.3,24704.3,24698.8,24699.8,44
1782781860,24699.3,24701.3,24696.3,24697.8,38
1782781920,24702.8,24704.3,24697.3,24698.8,76
1782781980,24696.8,24700.8,24695.3,24698.8,56
1782782040,24701.8,24708.8,24698.8,24707.3,72
1782782100,24706.8,24710.8,24705.3,24707.8,80
1782782160,24703.3,24710.8,24703.3,24710.8,70
1782782220,24710.3,24713.8,24705.3,24707.3,84
1782782280,24706.8,24714.8,24705.8,24712.3,74
1782782340,24713.3,24721.3,24712.3,24721.3,72
1782782400,24721.8,24726.3,24718.8,24721.8,90
1782782460,24720.8,24724.8,24715.3,24724.8,88
1782782520,24724.3,24728.3,24722.8,24726.8,74
1782782580,24727.3,24727.8,24721.8,24725.8,64
1782782640,24725.3,24729.3,24725.3,24726.8,62
1782782700,24726.3,24728.8,24724.8,24725.3,92
1782782760,24726.8,24732.8,24726.8,24732.8,36
1782782820,24732.3,24733.8,24729.3,24733.8,58
1782782880,24732.8,24743.3,24731.3,24740.8,88
1782782940,24740.3,24749.8,24740.3,24748.8,62
1782783000,24749.8,24755.8,24744.3,24753.3,114
1782783060,24753.8,24762.3,24752.8,24761.3,118
1782783120,24762.8,24770.8,24761.3,24769.8,88
1782783180,24769.3,24769.8,24762.8,24763.8,86
1782783240,24763.3,24763.8,24751.3,24756.8,74
1782783300,24757.3,24758.3,24746.8,24747.3,110
1782783360,24747.8,24751.8,24741.3,24743.3,108
1782783420,24745.3,24745.3,24732.3,24732.8,100
1782783480,24734.8,24739.3,24725.8,24736.8,92
1782783540,24738.3,24741.8,24737.3,24738.8,74
1782783600,24736.3,24740.8,24736.3,24739.3,28
1782783660,24741.3,24749.3,24741.3,24748.8,64
1782783720,24747.3,24749.8,24745.3,24749.3,116
1782783780,24748.8,24750.3,24743.3,24745.8,68
1782783840,24746.8,24748.3,24743.3,24743.8,52
1782783900,24742.8,24745.8,24737.3,24737.3,38
1782783960,24735.8,24740.8,24733.3,24733.3,84
1782784020,24732.8,24732.8,24727.8,24730.3,54
1782784080,24730.8,24739.3,24729.8,24738.3,46
1782784140,24739.3,24742.3,24737.3,24740.3,88
1782784200,24739.3,24742.8,24737.3,24740.3,80
1782784260,24739.8,24743.8,24736.8,24741.8,58
1782784320,24742.3,24746.3,24741.3,24745.8,60
1782784380,24746.8,24747.8,24744.8,24746.8,40
1782784440,24746.3,24747.8,24742.3,24747.3,70
1782784500,24746.3,24749.3,24744.8,24748.8,46
1782784560,24748.3,24753.3,24748.3,24752.3,30
1782784620,24751.3,24752.3,24748.3,24749.8,40
1782784680,24749.3,24751.3,24746.3,24748.8,58
1782784740,24749.8,24752.8,24747.3,24752.8,60
1782784800,24752.3,24752.3,24742.3,24742.3,68
1782784860,24742.8,24742.8,24739.8,24739.8,58
1782784920,24741.8,24742.3,24737.8,24739.3,70
1782784980,24740.8,24743.3,24738.8,24739.8,94
1782785040,24740.3,24741.8,24737.8,24739.8,88
1782785100,24740.3,24740.3,24734.3,24734.8,68
1782785160,24733.3,24741.8,24733.3,24739.8,52
1782785220,24739.3,24741.8,24739.3,24739.3,70
1782785280,24738.3,24739.8,24733.3,24738.8,36
1782785340,24740.3,24740.8,24736.3,24739.3,62
1782785400,24738.8,24739.3,24732.8,24734.3,60
1782785460,24732.3,24732.8,24728.8,24730.8,38
1782785520,24732.3,24736.8,24731.8,24734.3,36
1782785580,24733.3,24736.3,24727.3,24727.3,46
1782785640,24729.8,24730.8,24727.8,24729.3,70
1782785700,24729.8,24732.3,24725.3,24725.3,76
1782785760,24724.3,24728.8,24722.8,24722.8,66
1782785820,24723.3,24726.8,24721.3,24725.8,34
1782785880,24725.3,24731.3,24725.3,24731.3,40
1782785940,24730.3,24731.8,24728.8,24729.3,58
1782786000,24728.3,24734.3,24728.3,24732.3,46
1782786060,24731.3,24735.8,24731.3,24735.8,44
1782786120,24734.8,24739.8,24732.8,24738.8,38
1782786180,24739.3,24745.8,24737.8,24743.3,58
1782786240,24742.3,24742.8,24739.8,24741.3,54
1782786300,24740.8,24745.8,24740.8,24742.3,50
1782786360,24743.8,24744.3,24742.8,24742.8,66
1782786420,24741.8,24744.8,24741.8,24743.8,56
1782786480,24743.3,24747.8,24743.3,24747.8,46
1782786540,24748.3,24748.3,24746.8,24746.8,28
1782786600,24747.3,24748.3,24744.3,24744.3,74
1782786660,24743.8,24748.8,24743.3,24747.8,66
1782786720,24747.3,24751.3,24743.3,24745.8,56
1782786780,24746.3,24747.8,24745.3,24746.8,82
1782786840,24747.3,24748.3,24744.3,24747.8,54
1782786900,24747.3,24747.8,24744.3,24744.8,58
1782786960,24745.3,24747.8,24742.8,24744.8,78
1782787020,24742.8,24745.8,24740.8,24745.3,44
1782787080,24744.8,24745.8,24744.3,24745.8,30
1782787140,24745.3,24746.8,24744.8,24746.3,22
1782787200,24747.3,24748.3,24745.8,24747.3,16
1782787260,24746.8,24746.8,24744.3,24744.8,16
1782787320,24744.3,24746.3,24741.8,24741.8,24
1782787380,24741.3,24742.3,24738.8,24741.3,32
1782787440,24740.8,24742.3,24740.3,24742.3,28
1782787500,24741.3,24743.3,24737.8,24742.8,34
1782787560,24742.3,24745.3,24740.8,24745.3,52
1782787620,24742.3,24743.3,24740.8,24741.8,22
1782787680,24741.3,24747.3,24741.3,24746.3,28
1782787740,24745.8,24748.8,24745.8,24747.8,64
1782787800,24747.3,24748.8,24746.8,24748.3,56
1782787860,24750.8,24750.8,24748.3,24750.3,22
1782787920,24749.3,24749.8,24742.8,24743.8,42
1782787980,24742.3,24746.8,24742.3,24745.3,44
1782788040,24744.8,24745.8,24744.3,24745.8,42
1782788100,24746.3,24746.8,24744.8,24744.8,22
1782788160,24745.8,24745.8,24743.8,24745.3,34
1782788220,24745.8,24747.3,24743.3,24744.8,38
1782788280,24744.3,24744.3,24744.3,24744.3,2
1782788340,24743.3,24743.3,24737.8,24740.8,54
1782788400,24741.3,24742.3,24739.8,24740.8,36
1782788460,24742.3,24742.3,24738.8,24739.8,34
1782788520,24738.8,24741.3,24738.8,24740.3,40
1782788580,24739.3,24739.3,24736.8,24737.3,38
1782788640,24738.3,24743.3,24738.3,24742.3,26
1782788700,24741.8,24747.8,24739.8,24746.8,64
1782788760,24747.3,24750.3,24747.3,24749.3,32
1782788820,24748.8,24748.8,24746.3,24747.3,40
1782788880,24748.3,24748.3,24743.8,24745.3,34
1782788940,24744.8,24746.3,24743.8,24745.8,28
1782789000,24744.8,24745.3,24742.8,24743.8,40
1782789060,24740.8,24742.8,24740.3,24741.8,28
1782789120,24740.8,24745.3,24740.8,24743.8,48
1782789180,24743.3,24743.8,24742.3,24743.8,8
1782789240,24746.8,24746.8,24738.3,24738.8,38
1782789300,24740.3,24740.8,24740.3,24740.8,4
1782789360,24742.3,24745.3,24741.3,24744.8,30
1782789420,24743.8,24745.3,24742.8,24745.3,18
1782789480,24745.8,24747.3,24744.8,24747.3,24
1782789540,24747.8,24749.8,24745.3,24745.8,26
1782789600,24744.3,24747.3,24744.3,24747.3,24
1782789660,24746.8,24746.8,24743.3,24743.3,18
1782789720,24742.8,24742.8,24740.3,24741.3,20
1782789780,24741.8,24744.3,24740.8,24741.3,24
1782789840,24740.3,24741.3,24738.3,24738.8,68
1782789900,24737.8,24737.8,24734.8,24734.8,10
1782789960,24736.3,24739.3,24734.8,24736.3,38
1782790020,24735.8,24741.3,24735.8,24740.3,30
1782790080,24741.3,24745.3,24739.3,24744.3,60
1782790140,24745.3,24745.3,24745.3,24745.3,2
1782790200,24745.8,24750.8,24744.3,24745.3,86
1782790260,24744.3,24745.3,24743.3,24744.8,26
1782790320,24744.3,24749.3,24744.3,24748.8,24
1782790380,24749.3,24749.8,24747.3,24748.8,30
1782790440,24747.3,24753.3,24746.3,24751.3,62
1782790500,24753.3,24755.3,24749.8,24750.8,70
1782790560,24749.3,24763.8,24749.3,24763.3,76
1782790620,24761.8,24763.8,24758.8,24762.8,54
1782790680,24765.8,24765.8,24763.8,24763.8,28
1782790740,24763.3,24764.8,24763.3,24763.3,24
1782790800,24763.8,24764.3,24758.8,24763.8,20
1782790860,24764.3,24765.3,24763.3,24764.3,36
1782790920,24765.3,24767.8,24764.8,24766.3,36
1782790980,24765.3,24766.8,24764.3,24765.3,26
1782791040,24766.3,24766.3,24761.8,24761.8,30
1782791100,24760.8,24761.8,24758.3,24760.3,44
1782791160,24760.8,24761.8,24758.8,24760.8,52
1782791220,24761.3,24762.8,24759.8,24762.3,42
1782791280,24760.8,24763.8,24760.8,24761.8,38
1782791340,24760.3,24765.3,24759.8,24765.3,46
1782791400,24765.8,24771.8,24764.8,24770.3,26
1782791460,24771.3,24771.8,24768.3,24771.8,42
1782791520,24767.8,24767.8,24763.8,24764.3,32
1782791580,24763.3,24763.3,24759.3,24759.8,38
1782791640,24763.3,24763.3,24761.8,24762.3,8
1782791700,24761.8,24762.3,24758.8,24759.3,24
1782791760,24760.3,24760.3,24759.3,24759.3,4
1782791820,24759.8,24760.3,24759.3,24759.3,28
1782791940,24759.8,24759.8,24759.3,24759.3,8
1782792000,24758.8,24759.8,24754.3,24756.3,24
1782792060,24757.8,24767.3,24756.8,24766.3,50
1782792120,24765.8,24766.3,24763.8,24766.3,16
1782792180,24766.8,24768.3,24766.3,24767.3,26
1782792240,24766.8,24768.8,24766.8,24768.8,10
1782792300,24768.3,24773.8,24765.8,24773.3,22
1782792360,24774.3,24774.8,24771.8,24774.3,18
1782792420,24773.3,24774.3,24770.8,24771.3,34
1782792480,24769.8,24771.3,24769.3,24771.3,10
1782792540,24769.3,24769.3,24769.3,24769.3,2
1782792600,24768.3,24768.3,24764.8,24766.3,14
1782792660,24765.8,24767.8,24764.8,24765.8,20
1782792720,24766.8,24768.3,24765.3,24767.8,26
1782792780,24768.8,24778.8,24768.8,24775.8,50
1782792840,24775.3,24776.8,24773.8,24776.8,16
1782792900,24774.8,24776.3,24774.3,24775.8,24
1782792960,24775.3,24775.3,24771.8,24772.3,10
1782793020,24772.8,24772.8,24769.3,24770.3,22
1782793080,24769.8,24771.3,24769.3,24770.3,22
1782793200,24772.3,24772.3,24771.3,24772.3,10
1782793260,24773.3,24777.8,24773.3,24777.8,22
1782793320,24776.8,24777.3,24774.3,24774.3,10
1782793380,24776.3,24777.3,24773.8,24777.3,30
1782793440,24776.8,24776.8,24774.3,24775.8,12
1782793500,24776.3,24777.8,24775.3,24776.8,20
1782793560,24777.8,24781.8,24775.8,24776.3,44
1782793620,24776.8,24781.3,24775.8,24780.3,32
1782793680,24779.8,24780.3,24779.8,24780.3,12
1782793740,24779.3,24781.3,24778.8,24781.3,24
1782793800,24782.8,24782.8,24779.8,24780.3,28
1782793860,24778.8,24779.8,24778.8,24779.3,16
1782793920,24779.8,24781.3,24779.3,24780.8,18
1782793980,24780.3,24780.3,24778.8,24778.8,6
1782794040,24779.8,24780.8,24778.8,24780.8,16
1782794100,24781.8,24790.3,24781.8,24786.3,34
1782794160,24786.8,24786.8,24783.8,24786.8,48
1782794220,24786.3,24786.3,24784.8,24784.8,6
1782794280,24785.8,24794.3,24784.3,24792.3,46
1782794340,24794.8,24794.8,24791.3,24793.3,20
1782794400,24792.3,24792.3,24789.3,24790.8,24
1782794460,24790.3,24791.8,24790.3,24790.3,14
1782794520,24791.8,24791.8,24786.8,24790.3,14
1782794580,24789.3,24789.3,24783.8,24783.8,60
1782794640,24783.3,24788.3,24782.8,24787.8,46
1782794700,24788.3,24790.8,24786.8,24787.8,44
1782794760,24786.8,24788.8,24784.8,24785.3,48
1782794820,24783.8,24785.3,24779.8,24780.8,60
1782794880,24781.8,24786.8,24781.3,24786.8,26
1782794940,24786.3,24787.8,24785.8,24787.8,30
1782795000,24787.3,24788.3,24781.3,24784.3,38
1782795060,24784.8,24787.8,24782.3,24784.3,62
1782795120,24783.8,24787.8,24783.8,24785.8,38
1782795180,24786.3,24787.8,24784.3,24784.8,26
1782795240,24786.3,24786.3,24781.3,24782.8,32
1782795300,24782.3,24784.3,24780.8,24782.8,44
1782795360,24781.8,24784.8,24781.3,24783.3,28
1782795420,24783.8,24784.8,24781.3,24783.3,26
1782795480,24782.8,24784.8,24782.3,24783.3,56
1782795540,24784.3,24785.8,24782.8,24783.8,36
1782795600,24784.3,24788.8,24782.8,24787.3,58
1782795660,24785.3,24810.3,24784.3,24807.3,80
1782795720,24807.8,24814.8,24807.8,24812.8,48
1782795780,24811.8,24818.3,24811.8,24816.3,16
1782795840,24815.3,24815.3,24808.3,24809.3,40
1782795900,24810.3,24811.8,24807.3,24811.8,30
1782795960,24812.3,24814.3,24810.3,24811.8,42
1782796020,24812.8,24812.8,24809.8,24812.3,64
1782796080,24812.8,24816.3,24811.3,24813.3,42
1782796140,24818.8,24819.3,24818.3,24818.8,8
1782796200,24817.8,24819.3,24814.3,24814.8,30
1782796260,24815.3,24817.3,24813.3,24817.3,64
1782796320,24816.8,24819.3,24813.3,24814.8,70
1782796380,24814.3,24819.8,24814.3,24819.8,36
1782796440,24819.3,24821.8,24819.3,24821.8,16
1782796500,24820.3,24821.8,24818.3,24821.8,32
1782796560,24820.3,24822.3,24817.8,24822.3,37
1782796620,24820.8,24823.3,24817.8,24818.3,40
1782796680,24819.8,24820.3,24812.3,24813.3,54
1782796740,24812.8,24817.3,24812.3,24817.3,36
1782796800,24818.3,24822.3,24817.3,24822.3,52
1782796860,24821.8,24824.3,24821.8,24823.8,30
1782796920,24823.3,24823.8,24818.3,24819.8,34
1782796980,24818.8,24820.8,24817.8,24818.8,18
1782797040,24817.8,24818.8,24816.8,24817.8,46
1782797100,24818.8,24818.8,24811.8,24814.3,48
1782797160,24813.3,24814.3,24809.8,24811.3,42
1782797220,24810.8,24812.3,24809.8,24812.3,62
1782797280,24813.3,24813.3,24808.8,24810.3,80
1782797340,24808.8,24814.3,24808.8,24813.3,34
1782797400,24814.3,24814.8,24802.8,24806.8,100
1782797460,24808.3,24810.3,24802.8,24807.3,90
1782797520,24807.8,24812.3,24806.3,24807.3,56
1782797580,24807.8,24808.8,24807.3,24807.3,44
1782797640,24806.8,24808.8,24806.8,24806.8,10
1782797700,24807.3,24808.8,24797.8,24799.8,52
1782797760,24797.8,24803.3,24797.8,24802.3,74
1782797820,24795.8,24799.8,24795.3,24799.3,78
1782797880,24800.3,24802.8,24789.3,24796.8,53
1782797940,24796.3,24802.8,24796.3,24802.8,38
1782798000,24802.3,24808.8,24801.8,24808.3,66
1782798060,24809.8,24815.3,24808.8,24815.3,56
1782798120,24814.3,24818.3,24812.3,24815.8,38
1782798180,24815.3,24817.8,24810.3,24811.3,36
1782798240,24812.3,24812.8,24802.8,24806.3,48
1782798300,24806.8,24808.3,24801.8,24808.3,50
1782798360,24806.8,24808.3,24806.3,24806.3,24
1782798420,24806.8,24807.8,24805.3,24805.8,26
1782798480,24806.8,24808.3,24805.8,24807.8,28
1782798540,24806.8,24814.8,24806.3,24814.8,58
1782798600,24813.8,24813.8,24801.8,24803.8,42
1782798660,24804.3,24804.3,24797.3,24803.3,64
1782798720,24802.8,24808.3,24800.8,24806.3,68
1782798780,24806.8,24808.8,24801.8,24803.3,58
1782798840,24803.8,24803.8,24795.8,24798.8,82
1782798900,24797.8,24799.8,24795.8,24797.8,50
1782798960,24798.8,24800.8,24797.8,24797.8,30
1782799020,24797.3,24800.3,24797.3,24797.8,30
1782799080,24798.3,24801.3,24796.3,24800.3,64
1782799140,24798.8,24805.3,24795.8,24802.3,56
1782799200,24803.3,24811.8,24796.3,24798.3,128
1782799260,24799,24816.5,24798.5,24809.5,108
1782799320,24809,24810,24800,24805.5,104
1782799380,24806,24806,24801.5,24802.5,66
1782799440,24803,24805,24794,24795.5,118
1782799500,24794.5,24795.5,24786.5,24787.5,90
1782799560,24781.5,24789,24777.5,24783.5,94
1782799620,24784,24788.5,24784,24786.5,50
1782799680,24787.5,24787.5,24783,24784,62
1782799740,24783.5,24784.5,24782,24784,66
1782799800,24784.5,24796,24784.5,24794.5,94
1782799860,24793,24793,24789,24790.5,46
1782799920,24791,24792.5,24789.5,24790,68
1782799980,24790.5,24792,24788.5,24790.5,74
1782800040,24790,24790,24783,24783.5,76
1782800100,24783,24786,24781,24782,66
1782800160,24781.5,24782.5,24773,24776.5,66
1782800220,24777,24779.5,24774,24779.5,68
1782800280,24780,24781,24774.5,24775.5,70
1782800340,24775,24776.5,24774.5,24774.5,54
1782800400,24774,24775,24769.5,24771.5,66
1782800460,24771,24781.5,24771,24781,54
1782800520,24781.5,24784.5,24781,24783,56
1782800580,24783.5,24787,24781.5,24786.5,26
1782800640,24787,24787,24779,24782,26
1782800700,24781,24781,24775.5,24776,68
1782800760,24777,24777.5,24768,24768.5,64
1782800820,24770.5,24773,24769.5,24772.5,48
1782800880,24773,24778,24768.5,24773.5,64
1782800940,24774.5,24785,24773,24780.5,74
1782801000,24780,24783.5,24775,24779,124
1782801060,24780,24782,24776,24781,84
1782801120,24780.5,24781,24772.5,24774,70
1782801180,24773,24774.5,24766.3,24770,70
1782801240,24767.5,24769.5,24758.5,24763,68
1782801300,24763.5,24764.5,24761,24763,86
1782801360,24763.5,24764,24755,24759,50
1782801420,24758,24762,24758,24762,44
1782801480,24762.5,24762.5,24760.5,24762,26
1782801540,24763.5,24770.5,24762.5,24766.5,40
1782801600,24766,24766.5,24763.5,24766,24
1782801660,24765.5,24776.5,24765.5,24776.5,48
1782801720,24777,24777,24769,24773,58
1782801780,24773.5,24773.5,24770.5,24771,36
1782801840,24770.5,24774,24769,24773,60
1782801900,24772.5,24784.5,24772.5,24780,82
1782801960,24780.5,24784,24780,24783,28
1782802020,24782.5,24782.5,24775,24778,84
1782802080,24777.5,24785.5,24777.5,24781.5,56
1782802140,24782,24789.5,24782,24789.5,68
1782802200,24789,24791,24780.5,24781,42
1782802260,24781.5,24783.5,24779.5,24782,58
1782802320,24781,24785.5,24781,24783,42
1782802380,24781.5,24782.5,24780.5,24780.5,36
1782802440,24780,24783,24779.5,24780.5,32
1782802500,24780,24782.5,24779,24780.5,28
1782802560,24782.5,24789.5,24782.5,24787,62
1782802620,24787.5,24801,24785,24800,94
1782802680,24800.5,24801.5,24796.5,24801.5,64
1782802740,24801,24819,24800.5,24819,139
1782802800,24819.5,24843.5,24817.3,24835,340
1782802860,24835.5,24839,24808.5,24817,224
1782802920,24817.5,24824,24809.5,24820,282
1782802980,24822,24841.5,24813.5,24841,287
1782803040,24839,24841,24827.5,24827.5,242
1782803100,24827,24840,24827,24831.5,270
1782803160,24832,24842.5,24826,24839,178
1782803220,24838.5,24859.8,24834.5,24857.8,224
1782803280,24858.3,24864.5,24854.5,24861.5,139
1782803340,24862.5,24862.5,24835.8,24838.5,206
1782803400,24838,24838,24819,24826,206
1782803460,24826.5,24826.5,24812,24812,226
1782803520,24812.5,24817,24806.5,24809.5,186
1782803580,24810,24816.5,24801.5,24802.5,214
1782803640,24803,24804,24790.3,24800,175
1782803700,24801.5,24808.5,24792.8,24808.5,225
1782803760,24811,24826,24811,24825.5,188
1782803820,24825,24833,24818.5,24833,151
1782803880,24832,24834,24816.3,24829,185
1782803940,24829.5,24837,24821.8,24829.8,161
1782804000,24831.3,24838.5,24827.3,24834.5,187
1782804060,24835,24838,24823.3,24832.5,174
1782804120,24832,24838.5,24826.5,24830.5,170
1782804180,24831,24839.5,24829,24837,174
1782804240,24836.5,24844,24834.5,24840.5,136
1782804300,24841,24851.5,24837,24841,144
1782804360,24843.5,24845.5,24838.5,24841,108
1782804420,24841.5,24841.5,24833,24835.5,178
1782804480,24836,24851.5,24833.5,24850,206
1782804540,24850.5,24852.5,24837.5,24838,136
1782804600,24839.5,24848.5,24837.5,24838.5,175
1782804660,24841.5,24844.5,24833,24841.5,190
1782804720,24842.5,24859,24842,24855.5,196
1782804780,24853.5,24855,24842.5,24844,128
1782804840,24844.5,24850.5,24842,24847,138
1782804900,24846.5,24856,24845.5,24853,152
1782804960,24853.5,24859,24849.5,24858,140
1782805020,24856.5,24870,24856,24866.5,162
1782805080,24866,24871.5,24862,24863.5,190
1782805140,24864,24865.5,24846,24847.5,148
1782805200,24848,24857,24848,24853.5,164
1782805260,24854,24856.5,24849,24851,124
1782805320,24852.5,24852.5,24842.5,24847,136
1782805380,24846.5,24852,24846.5,24848,146
1782805440,24847,24857,24847,24855,92
1782805500,24854.5,24858.5,24842.5,24846,222
1782805560,24845.5,24852,24844.5,24850.5,152
1782805620,24851,24852.5,24839.5,24840,160
1782805680,24838.5,24846.5,24833,24836.5,166
1782805740,24837,24843.5,24836,24840.5,100
1782805800,24838,24838,24809.5,24809.5,198
1782805860,24810,24814,24807.5,24807.5,134
1782805920,24808,24812.5,24800.8,24811,99
1782805980,24812,24818.5,24808.5,24808.5,96
1782806040,24808,24809,24803,24804.5,76
1782806100,24804,24805,24791.5,24791.5,82
1782806160,24793,24806,24791.5,24805.5,126
1782806220,24807.5,24816,24805,24815.5,106
1782806280,24815,24815,24804.5,24804.5,116
1782806340,24804,24804.5,24798.5,24802.5,94
1782806400,24810.5,24827.5,24803,24821,190
1782806460,24820.5,24823.5,24815,24815,143
1782806520,24816,24823.5,24812,24821.5,100
1782806580,24821,24827.5,24816.5,24819.8,195
1782806640,24820.3,24823,24815.5,24821,115
1782806700,24819.5,24825,24819,24822.5,136
1782806760,24822.5,24827.5,24816.5,24819.5,145
1782806820,24819,24825,24814,24815,156
1782806880,24816,24826.5,24813,24813.5,154
1782806940,24812.5,24813.5,24803,24809.5,168
1782807000,24809,24818.5,24808.5,24816.5,150
1782807060,24816,24825.5,24816,24822,122
1782807120,24821.5,24823,24809.5,24817.5,156
1782807180,24821,24824,24807,24810,170
1782807240,24810.5,24819.5,24809.5,24814.5,100
1782807300,24813.5,24816.5,24806.5,24811,190
1782807360,24812.5,24818.5,24811.5,24818.5,154
1782807420,24819,24820,24809.5,24813.5,144
1782807480,24813,24834.5,24813,24833,128
1782807540,24833.5,24838.5,24824.5,24836.5,136
1782807600,24837.5,24849.5,24836,24849.5,162
1782807660,24849,24866,24847.5,24866,148
1782807720,24867.5,24868,24859,24860,122
1782807780,24861,24861,24855.5,24859.5,162
1782807840,24860,24860,24850.5,24851.5,134
1782807900,24851,24862.5,24851,24862.5,128
1782807960,24862,24862.5,24849.8,24853.5,117
1782808020,24852.5,24853.5,24848,24853.5,108
1782808080,24852.5,24854.5,24850,24853,100
1782808140,24853.5,24859.5,24851,24858.5,82
1782808200,24858,24865.5,24856.5,24861,138
1782808260,24861.5,24862.5,24852,24855.5,154
1782808320,24856,24856.5,24841.5,24842,130
1782808380,24841,24844.5,24836,24838,156
1782808440,24837.5,24839.5,24834.5,24836,122
1782808500,24836.5,24836.5,24823,24823.5,128
1782808560,24824,24833.5,24823,24827.5,162
1782808620,24826.5,24835.5,24826,24834,124
1782808680,24833.5,24833.5,24818.5,24825.5,198
1782808740,24825,24828.5,24815.5,24819.5,218
1782808800,24818,24823.5,24808,24811,222
1782808860,24811.5,24817.5,24810,24817.5,166
1782808920,24817,24817,24811,24813.5,159
1782808980,24813,24824.5,24811.5,24821,139
1782809040,24821.5,24824.5,24817,24821,172
1782809100,24821.5,24827,24816.5,24823.5,162
1782809160,24824,24825,24821,24824.5,124
1782809220,24824,24830.5,24819,24819,156
1782809280,24819.5,24821.5,24814.5,24820,110
1782809340,24819,24819,24815.5,24817,94
1782809400,24818,24821,24809.5,24811.5,122
1782809460,24812,24812,24801.5,24803,147
1782809520,24803,24811.5,24801.3,24809,143
1782809580,24809.5,24814.5,24808.5,24810.5,128
1782809640,24811.5,24825,24810.5,24823,122
1782809700,24824.5,24826.5,24816.8,24821,105
1782809760,24821.5,24826.5,24820.5,24824,122
1782809820,24823.5,24824,24813.5,24817,96
1782809880,24818.5,24820.5,24815.5,24820.5,88
1782809940,24821,24822.5,24816,24817,94
1782810000,24816,24831.5,24814.5,24831.5,146
1782810060,24832,24837,24828.5,24832,154
1782810120,24831.5,24838.5,24831.5,24835.5,122
1782810180,24835,24855,24835,24854.5,138
1782810240,24853,24859.5,24851.5,24859.5,116
1782810300,24857.5,24858.5,24852.5,24855,116
1782810360,24854.5,24855,24842.3,24843.5,107
1782810420,24844,24847.5,24840.5,24846,110
1782810480,24846.5,24847,24842.5,24843,78
1782810540,24844,24847,24842.5,24845.5,116
1782810600,24845,24848.5,24839,24846,130
1782810660,24845.5,24856.5,24845.5,24852.5,78
1782810720,24851,24854,24843.5,24852,124
1782810780,24852.5,24856.5,24849.3,24849.8,75
1782810840,24849.3,24849.8,24843.5,24844.5,97
1782810900,24844,24855,24844,24855,92
1782810960,24853.5,24854.5,24844.5,24845.5,116
1782811020,24846,24851,24845,24849.5,90
1782811080,24849,24852,24845,24850.5,72
1782811140,24851.5,24852.5,24847.5,24850.5,92
1782811200,24851,24855,24847.5,24855,102
1782811260,24856,24861,24856,24857.5,82
1782811320,24858,24861.5,24856.3,24857.3,91
1782811380,24858.3,24867.5,24858.3,24863.5,111
1782811440,24864,24870,24862.5,24869.5,124
1782811500,24869,24878,24869,24873.5,124
1782811560,24873,24876.5,24870.5,24870.5,66
1782811620,24872,24876,24870,24876,115
1782811680,24875,24875,24865.5,24871.5,110
1782811740,24872,24873,24867.5,24871.5,108
1782811800,24871,24872,24860,24872,132
1782811860,24872.5,24876,24865,24870,150
1782811920,24869.5,24883,24868,24883,92
1782811980,24883.5,24884,24872,24875.5,98
1782812040,24876,24876.5,24870,24876.5,116
1782812100,24875.5,24885,24874,24885,126
1782812160,24884,24886,24880,24885.5,130
1782812220,24885,24894,24884.5,24889.5,86
1782812280,24889,24893,24888,24888,72
1782812340,24888.5,24891,24888,24891,66
1782812400,24891.5,24896.5,24891,24895.5,64
1782812460,24896,24905,24893.5,24900,102
1782812520,24903,24908.5,24901,24908,74
1782812580,24909,24912.5,24906,24912.5,114
1782812640,24912,24912.5,24908,24908,118
1782812700,24907.5,24913,24906,24908,134
1782812760,24907.5,24909.5,24906,24906,78
1782812820,24905.5,24912.5,24905.5,24912,64
1782812880,24912.5,24915,24908,24912,102
1782812940,24911,24925,24909,24921.5,103
1782813000,24922,24926,24913,24921,172
1782813060,24920.5,24929.5,24919,24922,150
1782813120,24921.5,24925,24916,24916,176
1782813180,24914.3,24917,24912,24913,142
1782813240,24912.5,24915,24903,24904,104
1782813300,24904.5,24915,24904,24907,166
1782813360,24906,24910.5,24904,24909,106
1782813420,24909.5,24910.5,24903.3,24909,109
1782813480,24910.5,24910.5,24903,24908,180
1782813540,24907,24908.5,24900,24902.5,128
1782813600,24903,24905.5,24896.5,24905.5,170
1782813660,24904.5,24910.5,24904,24908,160
1782813720,24907.5,24915,24907.5,24909.5,130
1782813780,24910,24910.5,24902,24902,94
1782813840,24900.5,24913,24900.5,24911,102
1782813900,24910.5,24919,24908.5,24917.5,94
1782813960,24918,24924,24914,24919.5,132
1782814020,24920,24928,24919,24927,86
1782814080,24926,24926,24916.5,24926,140
1782814140,24926.5,24930,24925.5,24928,90
1782814200,24928.5,24930.5,24922,24924,131
1782814260,24922,24924.5,24917,24918,150
1782814320,24918.5,24927,24917.5,24927,106
1782814380,24926.5,24927,24921,24922,122
1782814440,24921,24921,24915,24919,138
1782814500,24918.5,24933,24918,24931.5,106
1782814560,24930.5,24939,24930.5,24937.5,92
1782814620,24938,24940.5,24937,24940,86
1782814680,24939.5,24948,24938.5,24945.5,146
1782814740,24945,24952,24945,24951,82
1782814800,24950,24957.5,24945,24947,102
1782814860,24949,24954.5,24948,24951.5,122
1782814920,24952,24956,24950.5,24951.5,86
1782814980,24952,24953,24950.5,24951,116
1782815040,24950.5,24951.5,24941.5,24943.5,118
1782815100,24944,24952,24944,24950,94
1782815160,24950.5,24956,24947.5,24956,86
1782815220,24955.5,24963,24955,24960.5,124
1782815280,24960,24961,24955.5,24960,114
1782815340,24960.5,24971.5,24960.5,24968,80
1782815400,24969,24972.5,24967,24968,128
1782815460,24967.5,24976.5,24967,24973,94
1782815520,24972.5,24972.5,24963,24965.5,106
1782815580,24965,24967,24962,24965.5,96
1782815640,24965,24971,24965,24967,74
1782815700,24966,24968,24962,24962,116
1782815760,24961,24972,24959,24968,104
1782815820,24967,24971,24966.5,24968.5,90
1782815880,24968,24969,24958.5,24967,108
1782815940,24967.5,24970,24963,24963.5,112
1782816000,24964.5,24967,24963,24967,124
1782816060,24967.5,24974.5,24960.5,24972,118
1782816120,24972.5,24983,24972.5,24979.5,138
1782816180,24979,24980.5,24972,24973,120
1782816240,24973.5,24975,24971,24974,64
1782816300,24973,24973,24961,24969,106
1782816360,24968.5,24969,24961,24961.5,106
1782816420,24962,24964,24958,24963,70
1782816480,24963.5,24966,24962.5,24965,66
1782816540,24964.5,24967.5,24961,24961.5,94
1782816600,24961,24961.5,24952,24954,84
1782816660,24955,24959.5,24949,24956,126
1782816720,24956.5,24970,24956.5,24968.5,108
1782816780,24969,24972,24966,24972,96
1782816840,24971.5,24972,24963,24963,102
1782816900,24964,24965,24960,24964,128
1782816960,24964.5,24969,24962.5,24969,112
1782817020,24968.5,24971.5,24964.8,24971,79
1782817080,24971.5,24975,24969.5,24974,78
1782817140,24973.5,24979.5,24970.5,24971,80
1782817200,24972,24973,24958,24958.5,146
1782817260,24959,24960,24954,24956.5,108
1782817320,24956,24969,24955,24965,150
1782817380,24966,24967,24961,24966,132
1782817440,24967.5,24977.5,24966.5,24975,104
1782817500,24975.5,24993,24975.5,24988,136
1782817560,24987.5,24992.5,24986,24991,106
1782817620,24991.5,24992,24985.5,24989,116
1782817680,24990,24995,24990,24993.5,116
1782817740,24994,24994,24989,24989.5,120
1782817800,24988.5,24994,24987.5,24987.5,152
1782817860,24987,24994,24981.5,24990,150
1782817920,24989.5,24995.5,24989,24992,100
1782817980,24992.5,24995.5,24991.5,24992,82
1782818040,24991.5,24994,24988,24989.5,122
1782818100,24990,24997,24985,24997,126
1782818160,24996,25002.5,24996,24998.5,126
1782818220,24998,25007.5,24998,25003.5,102
1782818280,25004,25004,24999,25000,114
1782818340,24999.5,25000,24995,24995,108
1782818400,24994,25000,24991.5,24994,130
1782818460,24996,24997.5,24993.5,24994.5,132
1782818520,24994,25004.5,24994,25004,104
1782818580,25003.5,25005,24997.5,25002,110
1782818640,25001.5,25003.5,24998.5,25001.5,104
1782818700,25001,25002,24990,24991,120
1782818760,24992,24994,24988,24989,136
1782818820,24988.5,24992,24986.5,24990,130
1782818880,24991,24998,24987.5,24992,161
1782818940,24993,24993,24985.5,24987.5,126
1782819000,24990.5,24998,24988.5,24998,124
1782819060,24997.5,25007.5,24996.5,25002,90
1782819120,25003.5,25007.5,24998,25006.5,138
1782819180,25007,25010,24999.5,25000.5,154
1782819240,25000,25000,24996.5,24999.5,66
1782819300,25000,25010.5,24999,25009,92
1782819360,25008.5,25011.5,25005,25007,112
1782819420,25007.5,25010,25003,25003,104
1782819480,25003.5,25006.5,25002,25005.5,90
1782819540,25006.5,25015,25003,25014,138
1782819600,25012.5,25017,25012.5,25015.5,102
1782819660,25016,25018.5,25012.5,25015,90
1782819720,25014.5,25015.5,25008.5,25008.5,114
1782819780,25009,25015,25006,25014,110
1782819840,25014.5,25014.5,25009.5,25011.5,124
1782819900,25010.5,25015,25008,25011,114
1782819960,25012,25012,25005.5,25011,130
1782820020,25010.5,25017.5,25008.5,25011.5,110
1782820080,25011,25011.5,25003,25003.5,150
1782820140,25003,25010.5,25003,25008,102
1782820200,25008.5,25008.5,25001,25002,100
1782820260,25002.5,25003,24993,24993.5,138
1782820320,24993,25004.5,24993,25003.5,98
1782820380,25004,25005,25000.5,25003,112
1782820440,25002,25005,24998,25005,102
1782820500,25003,25004,24998.5,25003,106
1782820560,25003.5,25004.5,25000.5,25004,62
1782820620,25004.5,25005.5,24992.5,24993,92
1782820680,24990.5,24994,24988,24988.5,90
1782820740,24988,24992.5,24987,24988,76
1782820800,24987,24991.5,24978.5,24983,142
1782820860,24984,24984.5,24974.5,24980,142
1782820920,24980.5,24981,24963.5,24964.5,154
1782820980,24965,24969,24960.5,24962.5,179
1782821040,24963,24973,24961,24972,124
1782821100,24971.5,24972,24953.5,24956,148
1782821160,24956.5,24959.5,24954.5,24957.5,138
1782821220,24958,24964,24958,24959,158
1782821280,24958.5,24966,24954,24966,154
1782821340,24965.5,24968,24958,24958.5,114
1782821400,24959.5,24960.5,24955,24959,148
1782821460,24958.5,24961.5,24953,24954,152
1782821520,24954.5,24962,24951.5,24961.5,150
1782821580,24961,24961.5,24956,24959,106
1782821640,24958.5,24961.5,24952.5,24955,90
1782821700,24954,24957,24950,24951.5,146
1782821760,24951,24952,24941,24943,148
1782821820,24943.5,24948,24939.5,24941,136
1782821880,24942,24944,24934.5,24934.5,154
1782821940,24935,24947.5,24934,24947.5,124
1782822000,24947,24950,24942,24946.5,140
1782822060,24946,24946,24933.5,24934,154
1782822120,24933,24935,24926,24926,110
1782822180,24925.5,24935,24925,24932.5,188
1782822240,24931.5,24935.5,24926,24930,162
1782822300,24929.5,24930,24922,24925.5,166
1782822360,24926,24927,24919.5,24920.5,154
1782822420,24919,24935,24918,24929.5,146
1782822480,24929,24929,24918,24919.5,136
1782822540,24919,24921.5,24917.5,24918.5,114
1782822600,24918,24923.5,24907,24908,132
1782822660,24908.5,24914.5,24899,24899,220
1782822720,24898,24900.5,24889.5,24895,200
1782822780,24897.5,24905.5,24896.5,24900.5,192
1782822840,24899.5,24904.5,24898.5,24903,152
1782822900,24902.5,24911.5,24902.5,24909,160
1782822960,24908.5,24912,24901.5,24904.5,142
1782823020,24905,24908.5,24902.5,24904.5,150
1782823080,24904.5,24904.5,24897,24899.5,182
1782823140,24898.5,24911.5,24898.5,24910.5,154
1782823200,24911,24919.5,24911,24914,134
1782823260,24913.5,24917,24910,24913.5,156
1782823320,24914,24924.5,24913.5,24924,124
1782823380,24923.5,24932,24922.5,24932,122
1782823440,24931.5,24937,24929,24935,140
1782823500,24934,24938,24932.5,24935.5,140
1782823560,24936,24936,24926,24929,136
1782823620,24928.5,24931,24926,24928.5,130
1782823680,24927.5,24933.5,24926,24927.5,110
1782823740,24928,24937,24927.5,24936,140
1782823800,24935.5,24938,24932.5,24935,146
1782823860,24934.5,24950,24931.5,24950,158
1782823920,24949.5,24954.5,24949.5,24954,73
1782823980,24955,24960,24955,24955,82
1782824040,24956,24956,24949,24950.5,112
1782824100,24950,24950,24937,24937,141
1782824160,24936.5,24936.5,24921.8,24922.3,155
1782824220,24921.3,24935,24921.3,24934.5,125
1782824280,24934,24941.5,24934,24940.5,44
1782824340,24941,24945,24936.5,24942,146
1782824400,24941.5,24946,24937.5,24937.5,174
1782824460,24937,24941.5,24935,24939,168
1782824520,24938.5,24938.5,24921.5,24922,144
1782824580,24921.5,24921.5,24911,24913,122
1782824640,24914,24916.5,24908.5,24911,164
1782824700,24912,24914.5,24901.5,24909,174
1782824760,24908.5,24914,24908.5,24912,168
1782824820,24912.5,24912.5,24898,24898,126
1782824880,24898.5,24901.5,24892.8,24894,118
1782824940,24894.5,24902.5,24894,24897,158
1782825000,24897.5,24898,24883.5,24893.5,188
1782825060,24893,24902.5,24890,24900.5,124
1782825120,24899.5,24900,24893,24897.5,168
1782825180,24898.5,24898.5,24893,24894,166
1782825240,24894.5,24898.5,24891,24891,130
1782825300,24891.5,24898,24888,24894.5,160
1782825360,24894,24895.5,24891,24893.5,130
1782825420,24893,24896.5,24887,24891.5,120
1782825480,24890.5,24895.5,24883.5,24894.5,134
1782825540,24895.5,24903,24891,24902,136
1782825600,24901.5,24903,24892.5,24896.5,172
1782825660,24896,24896,24888,24892.5,126
1782825720,24893,24897,24890,24890.5,138
1782825780,24891,24892,24886,24890.5,90
1782825840,24891,24896.5,24889,24893,124
1782825900,24893.5,24896.5,24888.5,24889.5,126
1782825960,24888.5,24895.5,24887,24891,146
1782826020,24891.5,24892.5,24886.5,24889.5,144
1782826080,24890,24890,24880,24887,130
1782826140,24887.5,24888,24882.5,24886.5,206
1782826200,24887.5,24905,24885,24901,332
1782826260,24902,24915,24901,24910,261
1782826320,24909.5,24910.5,24893,24898.8,253
1782826380,24899.3,24900.3,24881.8,24888.8,254
1782826440,24888.3,24889.8,24879.3,24884.8,240
1782826500,24884.3,24892.8,24879.8,24880.8,244
1782826560,24879.8,24891.3,24875.3,24879.3,198
1782826620,24879.8,24882.8,24874.8,24882.8,204
1782826680,24882.3,24901.3,24879.8,24900.8,230
1782826740,24900.3,24913.3,24900.3,24903.8,230
1782826800,24902.8,24911.3,24900.8,24905.8,182
1782826860,24904.8,24930.3,24904.8,24925.8,250
1782826920,24926.3,24927.3,24909.8,24915.8,244
1782826980,24916.3,24930.3,24915.3,24927.8,192
1782827040,24927.3,24929.3,24919.3,24920.3,200
1782827100,24921.3,24925.8,24907.3,24910.3,248
1782827160,24910.8,24914.3,24903.8,24913.8,226
1782827220,24913.3,24920.8,24910.8,24915.3,200
1782827280,24915.8,24923.3,24914.8,24920.8,166
1782827340,24921.3,24921.3,24912.8,24913.8,216
1782827400,24914.3,24923.3,24914.3,24921.3,212
1782827460,24920.3,24937.3,24920.3,24932.8,248
1782827520,24932.3,24946.8,24930.8,24945.8,222
1782827580,24945.3,24946.8,24935.8,24936.8,200
1782827640,24936.3,24936.8,24929.3,24931.3,190
1782827700,24931.8,24946.8,24931.8,24944.3,176
1782827760,24945.8,24945.8,24933.3,24933.3,167
1782827820,24932.3,24934.3,24926.3,24929.3,142
1782827880,24930.3,24936.8,24928.8,24934.8,128
1782827940,24934.3,24937.3,24931.3,24936.3,176
1782828000,24936.8,24943.8,24928.8,24929.3,212
1782828060,24928.3,24936.3,24919.3,24936.3,204
1782828120,24936.8,24938.3,24928.8,24934.3,216
1782828180,24935.3,24937.3,24925.3,24930.8,198
1782828240,24931.8,24935.8,24925.8,24925.8,218
1782828300,24925.3,24932.3,24919.8,24920.3,254
1782828360,24919.8,24930.8,24917.3,24930.8,164
1782828420,24930.3,24934.3,24925.3,24931.8,188
1782828480,24932.3,24933.3,24919.8,24920.8,172
1782828540,24921.3,24922.3,24912.8,24915.8,176
1782828600,24915.3,24915.3,24904.3,24912.8,203
1782828660,24913.8,24922.3,24912.8,24918.3,174
1782828720,24916.8,24922.3,24914.3,24920.3,170
1782828780,24918.8,24930.8,24917.3,24930.8,172
1782828840,24929.3,24938.3,24929.3,24935.8,238
1782828900,24935.3,24941.3,24934.8,24940.8,222
1782828960,24940.3,24951.3,24939.8,24946.8,156
1782829020,24947.3,24951.3,24944.8,24950.8,186
1782829080,24950.3,24954.3,24941.8,24943.8,156
1782829140,24944.3,24949.3,24941.8,24946.8,168
1782829200,24947.3,24950.3,24943.3,24946.3,176
1782829260,24945.3,24945.8,24939.3,24945.3,202
1782829320,24945.8,24947.8,24940.3,24946.8,176
1782829380,24946.3,24954.3,24943.8,24952.3,124
1782829440,24952.8,24952.8,24935.8,24936.8,162
1782829500,24937.8,24937.8,24926.8,24929.8,166
1782829560,24928.8,24937.8,24928.3,24930.8,158
1782829620,24931.3,24934.3,24928.3,24932.8,172
1782829680,24931.8,24932.3,24927.3,24927.8,176
1782829740,24928.8,24932.3,24924.3,24929.3,184
1782829800,24927.8,24937.8,24926.8,24933.8,178
1782829860,24932.8,24939.8,24932.8,24939.8,124
1782829920,24941.3,24952.8,24941.3,24950.3,210
1782829980,24950.8,24950.8,24942.8,24948.8,182
1782830040,24948.3,24948.8,24931.8,24935.8,158
1782830100,24933.8,24938.8,24930.8,24931.8,168
1782830160,24932.8,24942.8,24928.3,24942.8,160
1782830220,24941.8,24946.3,24938.3,24941.8,214
1782830280,24940.8,24945.3,24931.8,24931.8,190
1782830340,24931.3,24935.8,24929.3,24929.8,196
1782830400,24929.3,24930.3,24925.3,24925.3,188
1782830460,24925.8,24928.3,24918.3,24920.3,152
1782830520,24920.8,24922.8,24916.3,24916.8,158
1782830580,24917.8,24922.8,24914.3,24917.8,198
1782830640,24917.3,24923.8,24916.3,24918.8,194
1782830700,24917.8,24919.8,24912.8,24914.8,162
1782830760,24915.3,24916.3,24901.3,24901.3,198
1782830820,24901.8,24904.8,24896.8,24896.8,162
1782830880,24895.8,24898.8,24892.8,24896.3,176
1782830940,24896.8,24903.8,24896.8,24902.3,214
1782831000,24901.8,24915.3,24900.3,24911.8,214
1782831060,24912.3,24919.3,24908.8,24915.8,180
1782831120,24914.3,24914.3,24907.3,24908.3,172
1782831180,24908.8,24917.8,24908.8,24914.8,220
1782831240,24913.3,24913.8,24897.8,24899.8,204
1782831300,24900.3,24909.3,24898.3,24909.3,172
1782831360,24909.8,24911.8,24903.3,24911.3,238
1782831420,24910.8,24920.3,24910.8,24914.8,200
1782831480,24916.8,24917.3,24907.8,24916.8,198
1782831540,24916.3,24917.8,24910.8,24910.8,180
1782831600,24911.8,24924.3,24910.8,24922.3,230
1782831660,24922.8,24934.3,24921.3,24930.3,234
1782831720,24930.8,24938.3,24924.3,24936.8,196
1782831780,24937.3,24939.8,24932.8,24935.8,182
1782831840,24933.8,24939.8,24931.3,24939.8,134
1782831900,24939.3,24951.3,24938.8,24951.3,172
1782831960,24950.8,24963.3,24950.3,24963.3,194
1782832020,24963.8,24964.8,24959.3,24964.8,160
1782832080,24966.8,24974.3,24966.3,24973.8,174
1782832140,24974.3,24989.3,24973.8,24986.8,172
1782832200,24985.3,24990.8,24976.8,24990.8,182
1782832260,24989.8,24989.8,24981.3,24982.8,154
1782832320,24981.3,24992.8,24980.8,24990.8,154
1782832380,24991.3,25000.8,24991.3,24999.3,108
1782832440,24999.8,24999.8,24990.3,24996.8,146
1782832500,24995.8,24995.8,24984.3,24985.3,196
1782832560,24984.3,24986.8,24973.3,24978.8,150
1782832620,24978.3,24982.8,24969.8,24972.3,170
1782832680,24972.8,24975.8,24965.8,24966.3,180
1782832740,24965.8,24966.3,24954.3,24955.8,158
1782832800,24955.3,24966.3,24952.8,24958.8,182
1782832860,24958.3,24970.8,24954.3,24970.8,150
1782832920,24969.8,24974.3,24968.8,24972.8,130
1782832980,24973.8,24980.8,24971.3,24974.3,154
1782833040,24973.8,24977.8,24971.3,24976.8,140
1782833100,24976.3,24982.8,24972.3,24980.8,118
1782833160,24981.3,24992.8,24976.3,24991.8,124
1782833220,24991.3,24993.3,24980.3,24980.8,148
1782833280,24979.3,24982.3,24974.8,24974.8,138
1782833340,24975.3,24992.3,24973.8,24976.8,256
1782833400,24976.7,24976.7,24958.7,24958.7,216
1782833460,24958.2,24971.7,24958.2,24970.7,192
1782833520,24970.2,24983.7,24970.2,24982.7,176
1782833580,24982.2,24989.7,24975.2,24975.2,144
1782833640,24974.7,25012.7,24970.7,25004.7,338
1782833700,25003.7,25004.2,24993.7,24997.2,238
1782833760,24997.7,24997.7,24985.2,24994.2,132
1782833820,24993.7,24994.2,24989.7,24991.7,116
1782833880,24991.2,24997.7,24987.7,24996.7,122
1782833940,24997.7,25005.2,24997.2,25003.2,104
1782834000,25002.7,25005.7,24999.7,25000.7,112
1782834060,25000.2,25014.7,25000.2,25009.2,128
1782834120,25008.7,25013.2,25008.2,25012.7,124
1782834180,25011.7,25012.7,25005.7,25009.7,128
1782834240,25010.2,25010.7,25003.7,25003.7,138
1782834300,25004.2,25007.2,25004.2,25005.2,122
1782834360,25004.7,25007.2,25000.7,25007.2,102
1782834420,25006.7,25008.7,25005.2,25007.7,96
1782834480,25008.2,25009.2,24999.7,24999.7,134
1782834540,24998.7,25000.2,24994.2,24994.2,50
1782834600,24994.7,24998.2,24993.2,24998.2,130
1782834660,24998.7,25000.2,24996.7,24997.2,70
1782834720,24996.7,24998.2,24990.7,24992.7,76
1782834780,24993.7,24999.7,24992.7,24998.7,74
1782834840,24999.7,25004.7,24998.7,25000.7,76
1782834900,24999.2,25000.7,24993.7,24996.2,94
1782834960,24996.7,24999.2,24993.7,24995.7,94
1782835020,24996.7,24996.7,24991.7,24991.7,64
1782835080,24994.2,24994.2,24986.7,24988.7,68
1782835140,24988.2,24989.7,24984.7,24984.7,62
1782835200,24986.7,24988.7,24982.7,24985.7,64
1782835260,24985.2,24988.7,24982.7,24982.7,82
1782835320,24983.7,24985.7,24980.2,24982.7,92
1782835380,24982.2,24982.7,24974.2,24974.7,84
1782835440,24975.7,24977.7,24973.7,24975.2,68
1782835500,24976.2,24977.7,24973.7,24974.7,80
1782835560,24977.2,24986.7,24977.2,24986.7,68
1782835620,24987.2,24989.2,24982.7,24987.7,56
1782835680,24988.2,24992.7,24983.7,24983.7,120
1782835740,24984.2,24984.7,24979.7,24979.7,104
1782835800,24980.2,24980.2,24976.2,24979.2,104
1782835860,24980.7,24980.7,24976.7,24978.7,70
1782835920,24979.2,24980.7,24976.7,24976.7,60
1782835980,24977.7,24977.7,24974.7,24977.2,110
1782836040,24975.7,24980.7,24975.2,24980.7,72
1782836100,24980.2,24984.7,24980.2,24984.2,84
1782836160,24984.7,24989.2,24983.2,24988.7,110
1782836220,24989.2,24991.7,24982.2,24983.7,102
1782836280,24983.2,24985.7,24980.7,24984.2,66
1782836340,24983.7,24985.7,24982.2,24983.7,48
1782836400,24984.7,24985.7,24982.2,24982.7,80
1782836460,24982.2,24986.7,24981.2,24983.7,72
1782836520,24984.2,24987.7,24982.2,24987.2,46
1782836580,24987.7,24987.7,24981.7,24982.7,60
1782836640,24982.2,24985.7,24981.7,24985.2,56
1782836700,24984.7,24989.2,24984.7,24988.2,102
1782836760,24989.7,24991.7,24989.7,24991.2,18
1782836820,24991.7,24991.7,24986.7,24989.7,58
1782836880,24989.2,24990.7,24987.7,24988.7,54
1782836940,24989.2,24990.2,24984.7,24986.2,66
1782837000,24985.7,24987.7,24985.2,24987.7,56
1782837060,24988.2,24990.7,24987.2,24987.7,78
1782837120,24987.2,24990.7,24987.2,24989.2,30
1782837180,24988.7,24991.7,24987.7,24991.7,54
1782837240,24992.2,24994.7,24990.7,24994.7,76
1782837300,24994.2,24994.7,24987.7,24987.7,70
1782837360,24988.2,24990.7,24987.7,24989.7,64
1782837420,24988.7,24988.7,24985.2,24986.2,50
1782837480,24985.7,24988.2,24985.7,24987.7,34
1782837540,24986.7,24992.7,24986.2,24992.7,72
1782837600,24993.7,24997.7,24990.2,24990.7,62
1782837660,24990.2,24995.7,24989.7,24992.7,90
1782837720,24993.2,24995.7,24993.2,24995.7,52
1782837780,24995.2,24997.7,24994.7,24997.2,60
1782837840,24996.7,25000.7,24996.7,24999.7,44
1782837900,25000.2,25000.7,24998.2,24999.7,64
1782837960,24999.2,25001.2,24999.2,25000.2,24
1782838020,25000.7,25000.7,24997.7,24998.2,50
1782838080,24997.7,25003.2,24997.7,25002.7,66
1782838140,25001.7,25001.7,24999.7,25000.7,26
1782838200,25000.2,25001.7,24998.2,25000.7,70
1782838260,25000.2,25000.2,24995.7,24998.2,82
1782838320,24997.7,25002.7,24997.7,25001.7,42
1782838380,25002.2,25005.2,25002.2,25004.7,32
1782838440,25005.7,25007.7,25005.7,25007.7,26
1782838500,25006.7,25007.7,25005.2,25007.7,30
1782838560,25007.2,25010.2,25007.2,25008.7,24
1782838620,25008.2,25008.7,25007.7,25007.7,22
1782838680,25007.2,25009.2,25005.2,25006.2,82
1782838740,25005.7,25005.7,25002.7,25003.7,56
1782838800,25004.2,25007.7,25003.7,25006.7,64
1782838860,25005.7,25008.7,25005.2,25008.7,32
1782838920,25009.2,25012.2,25009.2,25011.7,42
1782838980,25011.2,25012.7,25010.7,25011.7,14
1782839040,25012.7,25014.7,25011.7,25012.7,22
1782839100,25012.2,25012.2,25009.2,25011.7,52
1782839160,25011.2,25011.7,25008.7,25009.7,36
1782839220,25010.2,25013.7,25009.7,25012.7,48
1782839280,25013.7,25013.7,25007.7,25011.2,60
1782839340,25010.7,25011.7,25008.7,25008.7,62
1782839400,25009.2,25009.2,25006.2,25008.2,50
1782839460,25008.7,25012.7,25008.7,25011.7,50
1782839520,25011.2,25011.2,25007.7,25009.7,32
1782839580,25008.7,25008.7,25004.7,25004.7,20
1782839640,25004.2,25005.7,24995.2,24997.2,114
1782839700,24997.7,25003.7,24996.2,24998.2,106
1782839760,24995.7,25002.7,24995.7,25000.7,74
1782839820,25001.2,25001.2,25000.2,25000.2,20
1782839880,25000.7,25002.7,24995.7,25000.2,76
1782839940,25000.7,25002.7,24998.2,24998.2,64
1782840000,25000.2,25001.2,24998.7,25000.7,60
1782840060,25000.2,25003.7,24999.2,25000.2,64
1782840120,24999.2,25004.7,24999.2,25002.7,44
1782840180,25002.2,25004.2,25002.2,25004.2,46
1782840240,25004.7,25006.2,25003.7,25006.2,28
1782840300,25005.7,25008.2,25005.2,25007.2,40
1782840360,25007.7,25008.7,25006.7,25007.7,36
1782840420,25008.2,25008.7,25006.7,25006.7,56
1782840480,25006.2,25007.2,25000.2,25004.7,58
1782840540,25003.7,25008.7,25003.2,25006.7,38
1782840600,25006.2,25006.7,25003.2,25006.7,56
1782840660,25007.7,25007.7,25002.7,25005.7,44
1782840720,25005.2,25008.7,25005.2,25008.7,38
1782840780,25009.2,25013.7,25009.2,25012.7,40
1782840840,25012.2,25012.7,25011.7,25012.7,38
1782840900,25012.2,25012.7,25010.2,25010.2,26
1782840960,25009.7,25013.7,25009.7,25012.2,58
1782841020,25012.7,25014.7,25012.7,25012.7,42
1782841080,25013.2,25013.7,25009.7,25010.7,36
1782841140,25011.2,25011.7,25008.2,25008.7,64
1782841200,25009.2,25013.7,25008.7,25012.7,44
1782841260,25012.2,25014.2,25011.2,25012.7,36
1782841320,25013.2,25013.2,25008.7,25011.7,48
1782841380,25011.2,25012.7,25010.7,25011.7,26
1782841440,25010.7,25012.7,25010.7,25012.7,24
1782841500,25012.2,25013.2,25010.2,25010.7,68
1782841560,25011.2,25012.7,25009.7,25010.2,38
1782841620,25009.7,25010.7,25009.2,25009.7,44
1782841680,25009.2,25010.2,25008.2,25009.7,28
1782841740,25008.7,25009.7,25007.7,25007.7,22
1782841800,25008.2,25008.7,25007.7,25008.2,26
1782841860,25006.7,25010.2,25006.7,25007.7,48
1782841920,25008.2,25009.2,25007.7,25009.2,18
1782841980,25008.7,25013.2,25008.7,25012.7,26
1782842040,25012.2,25012.7,25010.2,25011.7,44
1782842100,25012.2,25013.7,25011.2,25012.7,32
1782842160,25013.2,25017.2,25012.7,25017.2,52
1782842220,25015.7,25017.2,25014.7,25015.7,22
1782842280,25015.2,25016.2,25013.2,25013.2,36
1782842340,25013.7,25015.2,25013.2,25014.2,36
1782842400,25012.7,25014.2,25009.7,25010.7,46
1782842460,25009.7,25009.7,25007.7,25008.7,44
1782842520,25009.2,25013.7,25009.2,25013.7,18
1782842580,25014.2,25014.7,25010.7,25011.7,62
1782842640,25010.7,25013.2,25007.7,25007.7,46
1782842700,25007.2,25007.7,25004.7,25004.7,48
1782842760,25005.7,25005.7,25003.2,25003.7,80
1782842820,25004.2,25007.7,25004.2,25007.7,22
1782842880,25007.2,25010.2,25006.7,25009.7,28
1782842940,25010.7,25012.7,25010.2,25012.7,32
1782843000,25011.7,25016.2,25011.7,25014.7,20
1782843060,25014.2,25016.2,25012.7,25013.7,44
1782843120,25013.2,25013.7,25011.7,25013.7,10
1782843180,25013.2,25016.7,25012.7,25016.7,28
1782843240,25016.2,25017.2,25015.2,25015.7,12
1782843300,25016.2,25020.7,25015.7,25019.2,38
1782843360,25019.7,25025.7,25019.7,25025.7,42
1782843420,25024.7,25024.7,25019.7,25020.7,44
1782843480,25020.2,25020.2,25017.2,25019.7,40
1782843540,25020.2,25022.7,25018.7,25022.7,38
1782843600,25022.2,25022.2,25018.7,25019.7,42
1782843660,25020.7,25025.2,25020.7,25024.7,48
1782843720,25025.2,25025.7,25024.2,25025.7,12
1782843780,25024.7,25025.2,25023.7,25023.7,28
1782843840,25024.2,25024.7,25022.2,25022.2,42
1782843900,25021.7,25022.7,25019.7,25021.7,34
1782843960,25020.7,25020.7,25017.7,25017.7,40
1782844020,25016.7,25017.2,25013.7,25013.7,90
1782844080,25016.2,25016.7,25014.7,25015.7,80
1782844140,25015.2,25015.2,25011.7,25011.7,36
1782844200,25012.2,25013.2,25009.2,25009.7,46
1782844260,25010.2,25011.2,25009.2,25011.2,38
1782844320,25011.7,25012.2,25009.7,25010.7,22
1782844380,25009.7,25010.2,25007.2,25009.7,30
1782844440,25009.2,25011.7,25008.7,25011.7,46
1782844500,25011.2,25016.2,25011.2,25015.7,40
1782844560,25016.7,25019.7,25016.7,25016.7,26
1782844620,25016.2,25016.2,25013.7,25015.7,30
1782844680,25014.7,25015.7,25013.7,25014.7,50
1782844740,25014.2,25017.7,25014.2,25017.7,30
1782844800,25018.2,25019.7,25016.2,25016.2,28
1782844860,25015.7,25018.2,25015.7,25016.2,38
1782844920,25015.7,25019.2,25015.7,25018.7,34
1782844980,25019.2,25021.7,25017.7,25021.7,28
1782845040,25022.2,25022.7,25020.7,25022.7,22
1782845100,25023.2,25023.7,25019.7,25020.7,56
1782845160,25020.2,25021.7,25019.2,25020.7,64
1782845220,25021.7,25024.7,25021.2,25024.7,38
1782845280,25025.7,25025.7,25023.7,25023.7,16
1782845340,25024.7,25026.2,25023.2,25024.7,54
1782845400,25025.7,25027.7,25024.2,25026.7,38
1782845460,25026.2,25026.7,25024.7,25025.7,32
1782845520,25025.2,25027.7,25023.6,25027.2,40
1782845580,25026.7,25028.2,25026.2,25027.7,26
1782845640,25027.2,25027.2,25022.7,25024.7,58
1782845700,25026.2,25029.2,25026.2,25027.2,34
1782845760,25027.7,25029.7,25026.7,25029.7,34
1782845820,25029.2,25029.7,25028.7,25028.7,6
1782845880,25028.2,25029.7,25027.7,25029.7,42
1782845940,25031.2,25033.2,25027.7,25028.7,47
1782846000,25029.2,25031.7,25028.7,25029.7,42
1782846060,25030.7,25031.7,25030.7,25030.7,12
1782846120,25030.2,25031.2,25027.7,25028.7,26
1782846180,25028.2,25028.7,25024.7,25025.2,42
1782846240,25025.7,25025.7,25022.7,25024.7,36
1782846300,25023.7,25024.7,25021.2,25021.7,34
1782846360,25021.2,25021.7,25018.2,25018.7,42
1782846420,25018.2,25020.7,25018.2,25019.7,28
1782846480,25019.2,25023.7,25019.2,25023.7,44
1782846540,25024.2,25024.7,25023.2,25023.7,18
1782846600,25024.7,25024.7,25021.7,25024.7,48
1782846660,25025.7,25026.7,25024.2,25025.7,12
1782846720,25027.2,25027.7,25027.2,25027.7,8
1782846780,25028.2,25029.7,25025.2,25028.7,60
1782846840,25029.2,25030.7,25028.2,25029.7,34
1782846900,25029.2,25031.7,25029.2,25031.2,20
1782846960,25031.7,25033.7,25031.7,25033.7,16
1782847020,25033.2,25037.7,25033.2,25037.2,42
1782847080,25035.7,25040.7,25034.2,25034.2,56
1782847140,25034.7,25034.7,25031.2,25032.2,54
1782847200,25032.7,25034.7,25032.2,25034.7,50
1782847260,25034.2,25034.7,25029.7,25029.7,70
1782847320,25029.2,25029.7,25025.7,25028.7,82
1782847380,25029.2,25031.2,25028.7,25030.2,60
1782847440,25030.7,25030.7,25027.7,25029.2,46
1782847500,25028.7,25031.2,25027.2,25030.7,50
1782847560,25030.2,25030.7,25025.7,25026.2,54
1782847620,25026.7,25028.7,25025.7,25026.7,50
1782847680,25026.2,25026.2,25021.7,25022.2,28
1782847740,25021.7,25022.7,25020.7,25020.7,38
1782847800,25019.2,25022.7,25016.7,25016.7,72
1782847860,25016.2,25017.7,25014.2,25016.7,66
1782847920,25017.2,25020.7,25016.7,25019.2,66
1782847980,25019.7,25019.7,25017.2,25017.7,20
1782848040,25017.2,25017.7,25015.7,25016.2,40
1782848100,25015.2,25019.7,25012.2,25019.2,46
1782848160,25018.7,25018.7,25014.2,25014.7,110
1782848220,25015.2,25015.2,25010.2,25010.2,42
1782848280,25010.7,25014.7,25009.7,25012.2,76
1782848340,25012.7,25015.7,25012.7,25014.7,40
1782848400,25012.7,25017.2,25010.2,25010.2,94
1782848460,25010.7,25010.7,25006.2,25007.7,68
1782848520,25007.2,25013.2,25006.7,25009.7,70
1782848580,25008.7,25010.2,25008.2,25009.7,40
1782848640,25010.2,25013.7,25010.2,25013.2,60
1782848700,25013.7,25015.2,25006.7,25008.2,90
1782848760,25008.7,25014.2,25008.7,25013.7,106
1782848820,25013.2,25013.2,25006.7,25007.7,42
1782848880,25007.2,25011.2,25006.7,25009.7,78
1782848940,25010.7,25012.2,25007.2,25007.7,92
1782849000,25005.7,25006.7,25000.7,25001.2,144
1782849060,25000.7,25006.7,25000.7,25003.7,106
1782849120,25003.2,25007.2,25002.2,25003.2,74
1782849180,25002.7,25008.7,25001.7,25007.7,94
1782849240,25008.2,25014.7,25006.7,25010.7,131
1782849300,25009.7,25013.2,25007.2,25008.7,186
1782849360,25007.7,25010.2,25003.7,25006.7,98
1782849420,25005.7,25017.7,25005.2,25014.2,164
1782849480,25013.2,25021.7,25013.2,25014.2,210
1782849540,25015.2,25017.2,25002.7,25008.7,234
1782849600,25009.7,25023.3,24996.3,25017.5,422
1782849660,25016.8,25021.6,25012.5,25018.4,230
1782849720,25018.7,25019.4,25013.2,25015.6,170
1782849780,25015.3,25018,25011.3,25013.7,146
1782849840,25014.2,25017.7,25013.2,25016.8,166
1782849900,25015.8,25018.9,25010.3,25013.3,162
1782849960,25012.6,25014.5,25009.2,25013.8,170
1782850020,25014,25018.8,25014,25018.8,104
1782850080,25017.8,25017.8,25013.3,25014.3,120
1782850140,25014,25015.7,25013.5,25014,76
1782850200,25013.1,25013.3,25009.5,25010.4,134
1782850260,25011.2,25011.2,24995.2,24997.3,216
1782850320,24998.3,25004.2,24996.8,25001.6,144
1782850380,25001.1,25004,24999.7,24999.9,174
1782850440,25000.4,25007.6,24996.8,25004.2,130
1782850500,25009,25009,25002.6,25002.6,156
1782850560,25001.1,25006,24997.2,25002.4,140
1782850620,25003.2,25007.4,25003.2,25005.5,118
1782850680,25004.6,25013.7,25004.6,25010.6,104
1782850740,25010.3,25010.3,25004.3,25004.6,60
1782850800,25004.8,25004.8,25002.4,25003.9,92
1782850860,25004.1,25005.5,25000.3,25005.1,112
1782850920,25004.6,25004.8,25000.3,25001.5,104
1782850980,25001.2,25002.2,25000,25000.5,58
1782851040,24999.8,25001.2,24999.6,24999.8,44
1782851100,25000.3,25000.3,24998.4,24999.8,48
1782851160,24999.3,24999.8,24997.9,24999.8,38
1782851220,25000,25001,24997.4,24999.1,54
1782851280,24999.3,24999.6,24995.7,24997.7,96
1782851340,24997.9,24998.1,24996,24996.7,30
1782851400,24996.5,25001.7,24995.3,25001,66
1782851460,25000.8,25001,24996.7,24997.4,60
1782851520,24998.6,24999.1,24996.7,24997.4,34
1782851580,24997.7,24998.6,24997,24997.4,32
1782851640,24996.2,24997.2,24994.8,24995.5,38
1782851700,24995.1,24995.5,24994.1,24995.1,44
1782851760,24994.8,24995.1,24992.9,24993.4,42
1782851820,24992.9,24993.4,24992.4,24993.1,22
1782851880,24993.6,24995.1,24993.6,24993.9,44
1782851940,24993.4,24998,24991.8,24991.8,51
1782852000,24991.6,24997.3,24991.3,24996.6,19
1782852060,24997.3,24997.3,24995.6,24995.6,18
1782852120,24995.9,24998,24995.9,24996.6,58
1782852180,24995.9,24996.8,24994.2,24994.2,22
1782852240,24993.5,24995.2,24993,24993.3,42
1782852300,24993,24995.9,24993,24995.9,38
1782852360,24995.6,24995.6,24992.3,24994,46
1782852420,24994.4,24995.4,24989.4,24989.7,64
1782852480,24989.4,24992.5,24985.9,24991,93
1782852540,24992,24992,24987.7,24989.6,56
1782852600,24990.1,24993,24985.8,24985.8,56
1782852660,24985.6,24994.2,24983.9,24993.9,73
1782852720,24994.2,24996.5,24988.2,24995.6,34
1782852780,24996.3,25001.3,24989.8,24995.1,53
1782852840,24994.9,24995.1,24991.8,24992.2,48
1782852900,24992.7,24993.2,24990.8,24993.2,64
1782852960,24992.7,24992.7,24989.9,24992.5,50
1782853020,24991.8,24995.1,24991.8,24994.2,48
1782853080,24993.7,24994.6,24992.5,24994.2,52
1782856920,25002.1,25007.6,25002.1,25006.9,76
1782856980,25005,25008.1,25003.5,25004.7,142
1782857040,25004.5,25007.4,25003.8,25005.2,100
1782857100,25005.4,25010.2,25005.4,25007.4,110
1782857160,25008.3,25009.3,25006.6,25007.1,112
1782857220,25006.2,25008.3,25006.2,25006.9,58
1782857280,25007.4,25008.8,25006.4,25008.3,54
1782857340,25007.8,25012.6,25007.1,25012.6,58
1782857400,25010.7,25011.9,25003.1,25005.7,82
1782857460,25006.4,25006.4,25004.7,25005.9,48
1782857520,25006.2,25007.8,25006.2,25007.8,38
1782857580,25008.1,25010.7,25008.1,25010.5,52
1782857640,25010.2,25010.7,25009.5,25010.7,24
1782857700,25010.9,25012.6,25009.7,25012.6,38
1782857760,25012.8,25014,25011.2,25013.3,50
1782857820,25013.8,25017.9,25013.6,25017.6,90
1782857880,25017.9,25018.3,25014.5,25015.5,108
1782857940,25015.2,25016.2,25013.8,25016.2,82
1782858000,25015.7,25018.1,25015.5,25018.1,62
1782858060,25018.6,25018.8,25016.4,25016.4,32
1782858120,25017.1,25018.8,25017.1,25018.1,48
1782858180,25017.6,25017.9,25016.7,25017.6,32
1782858240,25018.1,25018.1,25017.1,25017.6,30
1782858300,25017.4,25017.4,25016.2,25016.7,18
1782858360,25016.2,25018.1,25015.9,25017.6,22
1782858420,25017.4,25018.3,25016.4,25017.4,42
1782858480,25017.1,25017.9,25016.7,25017.6,22
1782858540,25018.6,25019.8,25017.6,25017.6,34
1782858600,25017.1,25017.1,25015.9,25016.7,24
1782858660,25016.9,25019.1,25016.9,25019.1,34
1782858720,25018.6,25020.5,25017.1,25017.6,50
1782858780,25017.9,25018.1,25017.1,25018.1,36
1782858840,25018.6,25018.6,25015.9,25016.7,32
1782858900,25016.4,25017.1,25015,25016.2,26
1782858960,25016.4,25017.6,25010.8,25011.8,20
1782859020,25011.3,25012.3,25010.1,25010.1,20
1782859080,25010.4,25010.4,25010.4,25010.4,2
1782859140,25010.8,25011.1,25010.1,25010.1,10
1782859200,25009.2,25010.8,25008.9,25010.4,16
1782859260,25010.8,25011.1,25009.4,25009.4,38
1782859320,25010.1,25010.8,25009.9,25010.1,16
1782859380,25010.4,25011.1,25010.4,25010.8,12
1782859440,25010.4,25010.8,25010.1,25010.1,10
1782859500,25010.4,25010.8,25008,25008,38
1782859560,25007.7,25008.9,25007.7,25008.4,44
1782859620,25008,25008,25006.1,25006.5,30
1782859680,25006.1,25006.5,25003.9,25005.6,32
1782859740,25005.3,25006.1,25004.1,25004.1,42
1782859800,25003.7,25003.7,24999.6,25000.6,54
1782859860,25000.3,25000.8,24999.1,24999.4,42
1782859920,24999.1,24999.1,24997.2,24997.7,32
1782859980,24997.5,24997.5,24994.8,24996,78
1782860040,24996.5,24997.7,24996.5,24997.2,36
1782860100,24997.5,24997.7,24997.5,24997.5,10
1782860160,24997.9,24999.4,24997.5,24998.9,58
1782860220,24999.1,25002.8,24997,25002.8,58
1782860280,25002.3,25002.5,25000.9,25001.6,32
1782860340,25001.8,25004.9,25001.8,25004.4,38
1782860400,25004.9,25006.8,25001.8,25003.5,82
1782860460,25004,25005.2,25001.6,25001.8,32
1782860520,25001.3,25002.8,25000.1,25002.5,50
1782860580,25002.8,25002.8,24999.9,25000.6,68
1782860640,25001.1,25001.8,24999.2,24999.9,48
1782860700,25000.4,25000.4,24998.9,24998.9,44
1782860760,24998.7,24999.4,24997,24998,40
1782860820,24997.8,25002.5,24997.8,25002.5,32
1782860880,25002.8,25005.4,25002.8,25004,48
1782860940,25003.7,25004.4,25002.3,25002.8,44
1782861000,25003.5,25003.7,25002.5,25002.8,16
1782861060,25002.3,25002.3,25001.1,25001.8,22
1782861120,25002.1,25003.2,25002.1,25002.5,22
1782861180,25002.8,25003,25001.6,25002.1,24
1782861240,25002.3,25002.8,25002.1,25002.3,28
1782861300,25002.5,25002.5,24999.9,24999.9,20
1782861360,25000.1,25002.5,25000.1,25002.3,14
1782861420,25002.5,25002.5,25001.3,25002.3,28
1782861480,25001.6,25003.2,25001.6,25002.5,32
1782861540,25002.3,25003,25001.8,25001.8,22
1782861600,25001.3,25001.6,24999.9,25001.6,46
1782861660,25001.8,25002.3,25001.6,25002.3,14
1782861720,25002.5,25003,25002.3,25002.3,16
1782861780,25002.1,25002.8,25001.8,25002.5,12
1782861840,25002.8,25003,25001.8,25002.3,32
1782861900,25002.5,25002.8,25002.3,25002.8,8
1782861960,25002.5,25003.7,25002.5,25003.7,10
1782862020,25004.4,25005.2,25003.7,25003.7,32
1782862080,25004,25004,25002.8,25003.2,20
1782862140,25003,25003.2,25001.8,25003.2,20
1782862200,25002.5,25005.6,25002.5,25004.9,50
1782862260,25005.2,25005.6,25004.9,25005.4,16
1782862320,25005.6,25006.4,25004.9,25005.2,22
1782862380,25004.7,25005.2,25004.7,25005.2,12
1782862440,25005.6,25008.7,25005.2,25008.3,34
1782862500,25008.5,25009,25005.9,25007.1,32
1782862560,25006.8,25008.3,25006.6,25007.5,48
1782862620,25007.3,25008.5,25006.8,25008.5,34
1782862680,25008.3,25008.5,25006.6,25007.5,44
1782862740,25008,25008.3,25007.1,25007.5,38
1782862800,25007.3,25007.5,25005.9,25006.6,34
1782862860,25006.8,25006.8,25005.6,25005.6,14
1782862920,25004.9,25006.4,25004.9,25006.4,20
1782862980,25006.6,25007.5,25006.4,25007.1,20
1782863040,25006.6,25007.1,25004,25004.2,36
1782863100,25004.4,25008.3,25004.2,25005.9,100
1782863160,25005.6,25005.6,25002.1,25004.9,92
1782863220,25004.7,25005.2,25003,25004.4,54
1782863280,25004.2,25004.2,25000.1,25000.1,36
1782863340,24999.7,25003,24999.2,25002.1,88
1782863400,25001.8,25004.4,24997.5,25004.4,124
1782863460,25004,25004.9,25001.6,25003.5,62
1782863520,25003.2,25003.5,24999.7,25000.4,42
1782863580,25000.6,25003,25000.1,25002.5,26
1782863640,25002.1,25002.5,25000.9,25000.9,32
1782863700,25001.6,25003,25001.6,25002.5,38
1782863760,25002.8,25003,25001.1,25001.6,28
1782863820,25001.8,25002.5,24997,24998.7,44
1782863880,24999.2,25002.1,24999.2,25000.9,66
1782863940,25001.1,25004.4,25001.1,25002.5,64
1782864000,25002.8,25016.2,25002.1,25015.5,174
1782864060,25015.8,25016.7,25012.7,25015.3,156
1782864120,25015.5,25017.9,25010.8,25010.8,134
1782864180,25010.3,25013.1,25006.1,25012.1,118
1782864240,25011.4,25012.3,25008.7,25011.6,110
1782864300,25011.8,25012.5,25007.8,25007.8,134
1782864360,25007.5,25012.5,25006.3,25010.4,190
1782864420,25009.9,25012.3,25009.2,25009.9,178
1782864480,25010.6,25011.1,25007.1,25009.4,198
1782864540,25009.7,25011.6,25007.1,25009.9,184
1782864600,25009.7,25011.8,25008.7,25011.8,148
1782864660,25012.3,25014,25009.4,25011.1,96
1782864720,25010.6,25011.6,25008,25010.2,158
1782864780,25010.4,25011.4,25008.7,25011.1,124
1782864840,25010.9,25011.1,25007.3,25010.6,96
1782864960,25007,25019.5,25005.5,25015,66
1782865020,25014.5,25015,25011,25012.5,54
1782865080,25011.5,25012,25008.5,25009,46
1782865140,25009.5,25013.5,25009.5,25011.5,42
1782865200,25009.5,25014,25008.5,25014,36
1782865260,25014.5,25017,25008.5,25008.5,56
1782865320,25009,25012.5,25008.5,25011.5,88
1782865380,25011,25012.5,25009,25010,52
1782865440,25009.5,25013,25008.5,25010.5,94
1782865500,25011,25011,25008.5,25009.5,72
1782865560,25010.5,25011.5,25008.5,25008.5,28
1782865620,25008,25010.5,25007.5,25008,28
1782865680,25008.5,25010.5,25007.5,25010.5,70
1782865740,25009.5,25012.5,25008,25009,78
1782865800,25008.5,25011.5,25004,25005,52
1782865860,25005.5,25009,25003,25006,52
1782865920,25008.5,25012.5,25005.5,25012,68
1782865980,25011,25015.5,25011,25014.5,36
1782866040,25015.5,25016.5,25014,25014.5,24
1782866100,25015,25017.5,25007,25007.5,36
1782866160,25008.5,25008.5,25007,25007,4
1782866220,25006.5,25012,25006.5,25011,28
1782866280,25013,25015,25012,25015,22
1782866340,25014,25014.5,25010,25014,36
1782866400,25014.5,25018,25014.5,25018,30
1782866460,25017.5,25018,25015,25015,48
1782866520,25015.5,25017.5,25012.5,25017,34
1782866580,25015.5,25017,25014,25015.5,42
1782866640,25015,25015.5,25012,25012.5,20
1782866700,25013,25014,25011.5,25013,26
1782866760,25012.5,25014,25011.5,25012.5,22
1782866820,25012,25012,25009,25010.5,26
1782866880,25011.5,25011.5,25010,25011.5,36
1782866940,25012,25013.5,25011.5,25012.5,26
1782867000,25012,25014,25011,25011.5,44
1782867060,25012,25012.5,25010.5,25011.5,26
1782867120,25011,25011.5,25009.5,25010,18
1782867180,25010.5,25010.5,25009,25009,12
1782867240,25008.5,25008.5,25004.5,25004.5,20
1782867300,25008,25008,25005,25007,40
1782867360,25006.5,25008.5,25003,25008,40
1782867420,25007.5,25009.5,25006,25008,46
1782867480,25007,25007,25005.5,25005.5,4
1782867540,25005,25008,25005,25006,28
1782867600,25007,25019.5,25007,25019.5,46
1782867660,25022,25022.5,25018,25020.5,32
1782867720,25021,25021.5,25015.5,25017.5,50
1782867780,25016.5,25018,25013.5,25016,26
1782867840,25013,25013,25005.5,25005.5,54
1782867900,25005,25007,25004,25005.5,40
1782867960,25006,25007,25003,25003,48
1782868020,25004,25004,25002.5,25003.5,24
1782868080,25000,25003.5,25000,25002.5,20
1782868140,25001,25002.5,25000,25000,28
1782868200,24999.5,25000,24997,24997,40
1782868260,24997.5,24997.5,24995,24996,20
1782868320,24995,24996.5,24990.5,24990.5,36
1782868380,24991.5,24995.5,24989,24995.5,40
1782868440,24994.5,24997.5,24992.5,24996,74
1782868500,24994.5,24997.5,24991.5,24994,52
1782868560,24994.5,24994.5,24988.5,24988.5,38
1782868620,24989,24990,24985,24986,70
1782868680,24986.5,24989.5,24985,24989.5,80
1782868740,24991,24991,24988,24989.5,78
1782868800,24989,24990.5,24985.5,24988,142
1782868860,24987.5,24990.5,24985.5,24986,60
1782868920,24987,24988.5,24985.5,24988,66
1782868980,24987.5,24990,24987.5,24988.5,16
1782869040,24993,24993,24987,24987.5,58
1782869100,24987,24988.5,24982.5,24982.5,88
1782869160,24983,24991.5,24983,24990,54
1782869220,24989.5,24990.5,24988,24988,26
1782869280,24988.5,24989.5,24987,24988.5,36
1782869340,24993.5,24993.5,24990,24991,30
1782869400,24992.5,24997.5,24991,24991.5,80
1782869460,24989.5,24992,24983,24984.5,106
1782869520,24985,24989.5,24984.5,24989,72
1782869580,24988.5,24989.5,24984,24984.5,54
1782869640,24988.5,24988.5,24983,24984.5,74
1782869700,24983.5,24987,24983.5,24985.5,58
1782869760,24985,24988,24984,24986,86
1782869820,24985.5,24987,24983,24985.5,70
1782869880,24986.5,24989,24985.5,24986,120
1782869940,24987,24987.5,24984.5,24985,58
1782870000,24984,24985.5,24980.5,24982.5,50
1782870060,24983,24983,24979,24982,36
1782870120,24981,24986,24979.5,24983.5,68
1782870180,24984,24985,24981,24983,80
1782870240,24983.5,24983.5,24981,24981,42
1782870300,24982,24984,24980,24980,58
1782870360,24979,24981.5,24979,24980,22
1782870420,24981,24981.5,24978,24978,32
1782870480,24978.5,24978.5,24971,24972.5,50
1782870540,24972,24976.5,24971.5,24974,40
1782870600,24974.5,24974.5,24971,24972,36
1782870660,24971.5,24974,24971.5,24973,36
1782870720,24972.5,24973,24971,24972,44
1782870780,24973,24977,24972.5,24975,68
1782870840,24974.5,24975,24973,24974,46
1782870900,24974.5,24977,24974,24974.5,28
1782870960,24975,24979.5,24975,24978.5,36
1782871020,24977.5,24977.5,24972.5,24972.5,28
1782871080,24973.5,24973.5,24967,24971,38
1782871140,24974.5,24975.5,24969.5,24970,38
1782871200,24972,24972,24966,24968,88
1782871260,24971.5,24973,24967.5,24968,80
1782871320,24967.5,24970.5,24965,24970,74
1782871380,24969.5,24974.5,24967.5,24972.5,74
1782871440,24974,24974.5,24969.5,24971.5,60
1782871500,24970.5,24972.5,24963,24963.5,56
1782871560,24959.5,24961.5,24953,24958,76
1782871620,24958.5,24965.5,24957.5,24958,70
1782871680,24958.5,24960.5,24952.5,24954,90
1782871740,24955.5,24959.5,24952.5,24959,66
1782871800,24958.5,24961.5,24954,24957.5,94
1782871860,24958,24963.5,24954,24955.5,88
1782871920,24955,24957,24951,24955,36
1782871980,24954.5,24959,24954,24956.5,52
1782872040,24953.5,24959.5,24951,24959.5,88
1782872100,24963.5,24963.5,24946,24957.5,110
1782872160,24958.5,24961,24956.5,24958.5,78
1782872220,24959.5,24967.5,24959,24964.5,44
1782872280,24964,24964,24951,24951,44
1782872340,24949.5,24953,24948,24951,64
1782872400,24950.5,24954,24947.5,24952.5,26
1782872460,24952,24959,24950.5,24959,36
1782872520,24958.5,24967,24958.5,24967,30
1782872580,24963.5,24966.5,24961,24966.5,24
1782872640,24966,24967,24962.5,24963,26
1782872700,24965.5,24968,24963,24966,46
1782872760,24969.5,24974.5,24969.5,24970.5,38
1782872820,24970,24970,24957.5,24959.5,38
1782872880,24960.5,24965.5,24960.5,24963,46
1782872940,24964.5,24969.5,24964.5,24966,32
1782873000,24968.5,24971.5,24965,24971.5,42
1782873060,24970.5,24973.5,24965.5,24966,48
1782873120,24967.5,24968,24963,24966.5,28
1782873180,24965,24970,24965,24968,16
1782873240,24968.5,24971,24963.5,24964.5,50
1782873300,24966,24974,24966,24974,18
1782873360,24972.5,24975,24971.5,24975,38
1782873420,24973.5,24975,24972,24972,18
1782873480,24973,24977,24969,24976,30
1782873540,24975,24977,24973,24974.5,32
1782873600,24974,24977.5,24974,24976,18
1782873660,24977,24977.5,24974,24976.5,28
1782873720,24975,24982.5,24975,24982.5,36
1782873780,24983.5,24987.5,24983.5,24984.5,32
1782873840,24982.5,24985.5,24981.5,24984.5,28
1782873900,24984,24988,24983.5,24988,12
1782873960,24987.5,24987.5,24985,24987,30
1782874020,24985,24986,24982,24985,32
1782874080,24986.5,24986.5,24984,24985,28
1782874140,24986,24986.5,24985,24986.5,18
1782874200,24984.5,24988.5,24984.5,24987.5,42
1782874260,24985,24987.5,24980.5,24985.5,66
1782874320,24984.5,24986,24980,24982.5,62
1782874380,24983,24984,24980,24982,24
1782874440,24984,24984.5,24982.5,24984,14
1782874500,24981.5,24985.5,24981.5,24985.5,14
1782874560,24986.5,24986.5,24982.5,24983.5,32
1782874620,24983,24983.5,24979,24979,10
1782874680,24979.5,24979.5,24976.5,24978,12
1782874740,24977.5,24978,24972.5,24974.5,30
1782874800,24972.5,24974.5,24972,24973.5,26
1782874860,24974,24975,24971,24975,26
1782874920,24974.5,24978,24974.5,24977.5,12
1782874980,24978,24978.5,24978,24978.5,4
1782875040,24978,24978.5,24977,24978.5,20
1782875100,24978,24980,24978,24980,10
1782875160,24979.5,24980,24979.5,24980,4
1782875220,24981,24983.5,24980.5,24983.5,14
1782875280,24984,24985,24984,24984.5,6
1782875340,24984,24984.5,24984,24984.5,20
1782875400,24984,24985,24984,24985,6
1782875460,24987,24988.5,24986,24988,14
1782875520,24986.5,24989.5,24986,24988.5,24
1782875580,24989.5,24992,24988.5,24992,16
1782875640,24991.5,24991.5,24989,24989,8
1782875700,24988.5,24988.5,24988,24988.5,6
1782875760,24988,24988,24984.5,24985.5,14
1782875820,24984,24984,24981,24981,10
1782875880,24981.5,24982,24979.5,24981.5,26
1782875940,24982,24986,24981,24984,22
1782876000,24983.5,24986,24982.5,24986,18
1782876060,24986.5,24986.5,24981.5,24982.5,28
1782876120,24982,24982.5,24980,24980.5,26
1782876180,24980,24981.5,24979,24979.5,26
1782876240,24979,24979.5,24977,24978,38
1782876300,24977.5,24978,24973,24975,46
1782876360,24975.5,24976,24974,24974,12
1782876420,24972.5,24975,24972.5,24973.5,12
1782876480,24974,24974,24973,24973.5,40
1782876540,24974,24976,24973,24975,26
1782876600,24975.5,24978,24973.5,24977,38
1782876660,24976,24976,24973,24973.5,40
1782876720,24973,24974,24968,24973.5,50
1782876780,24974,24976.5,24973,24974,44
1782876840,24973,24975.5,24973,24974.5,48
1782876900,24977,24981.5,24977,24981,42
1782876960,24980.5,24984.5,24979.5,24984.5,18
1782877020,24983.5,24986,24983.5,24986,12
1782877080,24986.5,24988,24985.5,24986.5,30
1782877140,24985.5,24990,24985.5,24987.5,22
1782877200,24988,24988,24985,24986.5,76
1782877260,24987,24989.5,24982,24985,40
1782877320,24984,24984,24980,24983,48
1782877380,24982.5,24983.5,24980.5,24982.5,30
1782877440,24983,24983.5,24979.5,24979.5,56
1782877500,24980.5,24981,24976.5,24979.5,42
1782877560,24980.5,24985.5,24980.5,24985,28
1782877620,24988,24988,24986,24987.5,10
1782877680,24986.5,24988.5,24985.5,24987.5,40
1782877740,24989,24991,24988.5,24990,16
1782877800,24990.5,24991,24990.5,24991,4
1782877860,24990.5,24991.5,24990.5,24991.5,4
1782877920,24992,24992,24991,24991.5,6
1782877980,24990.5,24991,24990.5,24991,4
1782878040,24990,24991.5,24990,24990.5,8
1782878100,24991,24992,24990,24992,14
1782878160,24991.5,24992.5,24991.5,24992.5,10
1782878220,24991.5,24992,24991,24991.5,10
1782878280,24991,24991.5,24989.5,24990,22
1782878340,24989,24989.5,24988,24988.5,12
1782878400,24989.5,24989.5,24982,24982,62
1782878460,24983,24983,24978.5,24979.5,54
1782878520,24980,24980.5,24977,24977.5,42
1782878580,24978,24978,24976.5,24976.5,20
1782878640,24977,24982,24977,24982,52
1782878700,24981.5,24984,24980.5,24984,40
1782878760,24984.5,24987.5,24980.5,24981.5,50
1782878820,24981,24985.5,24980.5,24985,22
1782878880,24986,24986,24983.5,24985.5,16
1782878940,24982.5,24982.5,24980.5,24982,14
1782879000,24982.5,24983,24981.5,24981.5,20
1782879060,24982,24982,24980,24980.5,20
1782879120,24980,24980,24979,24979.5,12
1782879180,24980,24981,24980,24980,12
1782879240,24979,24979.5,24976,24979,14
1782879300,24979.5,24979.5,24975,24978,32
1782879360,24977.5,24979.5,24977.5,24979.5,6
1782879420,24978.5,24980.5,24977,24980,16
1782879480,24980.5,24981.5,24976,24976,26
1782879540,24976.5,24978.5,24976.5,24978.5,18
1782879600,24977.5,24980.5,24976,24980.5,30
1782879660,24978.5,24978.5,24975.5,24977,42
1782879720,24977.5,24981,24977.5,24980,22
1782879780,24981,24983,24981,24982,22
1782879840,24981.5,24982,24979.5,24982,12
1782879900,24982.5,24983,24982,24983,8
1782879960,24983.5,24986,24983,24984,28
1782880020,24985.5,24986.5,24984.5,24985.5,30
1782880080,24986,24988.5,24985.5,24988.5,24
1782880140,24987,24987,24986.5,24986.5,4
1782880200,24986,24987.5,24986,24986.5,28
1782880260,24987,24987.5,24986.5,24987.5,36
1782880320,24987,24991.5,24987,24990,18
1782880380,24989,24989.5,24987,24988.5,42
1782880440,24989.5,24989.5,24988,24988,22
1782880500,24987,24987.5,24979,24979,30
1782880560,24978.5,24981,24976,24981,48
1782880620,24980.5,24980.5,24977,24977.5,22
1782880680,24978,24978.5,24977,24978,16
1782880740,24976.5,24977,24973.5,24976,26
1782880800,24974.5,24982,24974.5,24981.5,40
1782880860,24982,24982,24980.5,24980.5,22
1782880920,24979.5,24985,24979.5,24983.5,22
1782880980,24983,24984,24981,24982.5,42
1782881040,24981,24982,24979.5,24981,32
1782881100,24980.5,24986,24980.5,24986,52
1782881160,24987,24987.5,24985,24985.5,44
1782881220,24986,24988.5,24985.5,24985.5,42
1782881280,24986.5,24989,24986,24988,40
1782881340,24988.5,24991.5,24988,24991,34
1782881400,24991.5,24994,24990.5,24994,24
1782881460,24993.5,24995.5,24990,24994.5,50
1782881520,24994,24994,24990.5,24991.5,26
1782881580,24992,24992,24989,24990,24
1782881640,24990.5,24991,24989.5,24991,16
1782881700,24990.5,24992,24988.5,24990,36
1782881760,24989.5,24989.5,24984.5,24988,42
1782881820,24987.5,24988,24985.5,24985.5,18
1782881880,24980.5,24983,24979.5,24979.5,22
1782881940,24977.5,24978,24974,24974.5,26
1782882000,24975,24977,24973.5,24977,22
1782882060,24976.5,24977,24974.5,24974.5,16
1782882120,24974,24974,24967,24967,50
1782882180,24967.5,24973,24967,24970.5,36
1782882240,24972.5,24973.5,24971,24973,18
1782882300,24973.5,24978,24973,24978,56
1782882360,24978.5,24979.5,24978,24978,44
1782882420,24977.5,24981.5,24977,24980.5,44
1782882480,24981.5,24983.5,24981,24983,22
1782882540,24981.5,24982.5,24977.5,24978,50
1782882600,24976.5,24978,24973,24978,40
1782882660,24977.5,24979,24971,24971.5,60
1782882720,24972.5,24973,24970.5,24970.5,54
1782882780,24971,24974.5,24971,24974,26
1782882840,24971,24972.5,24970.5,24971.5,34
1782882900,24972,24974.5,24972,24974,22
1782882960,24972,24975.5,24971.5,24975,18
1782883020,24973,24976.5,24973,24976,50
1782883080,24976.5,24976.5,24971,24974,42
1782883140,24973.5,24974.5,24973,24973.5,16
1782883200,24974,24974,24973,24973,6
1782883260,24972,24972,24972,24972,2
1782883320,24966.5,24967.5,24966.5,24967,6
1782883380,24967.5,24970.5,24966,24970,44
1782883440,24971,24973.5,24970,24973,28
1782883500,24971.5,24973,24969,24971,46
1782883560,24972,24972,24968.5,24971,40
1782883620,24970,24971,24969.5,24970.5,8
1782883680,24971,24973,24971,24972,14
1782883740,24973.5,24973.5,24971,24971,20
1782883800,24972,24973.5,24970.5,24972.5,22
1782883860,24973.5,24973.5,24968.5,24969.5,56
1782883920,24970,24973,24969,24972,34
1782883980,24972.5,24983,24972,24980,26
1782884040,24979.5,24979.5,24975,24976,46
1782884100,24978.5,24983.5,24977,24983.5,22
1782884160,24982.5,24983.5,24975.5,24976,36
1782884220,24975.5,24975.5,24972,24974.5,36
1782884280,24975,24975.5,24975,24975,6
1782884340,24976,24977.5,24974,24977,56
1782884400,24976.5,24980,24975.5,24979,50
1782884460,24979.5,24980,24979,24980,18
1782884520,24981,24984,24977.5,24982.5,32
1782884580,24983,24983.5,24981,24981.5,14
1782884640,24979,24979,24976,24979,42
1782884700,24977.5,24980,24976.5,24979.5,68
1782884760,24978.5,24987,24977.5,24986.5,56
1782884820,24986,24987.5,24982,24982.5,32
1782884880,24983,24983.5,24982.5,24982.5,12
1782884940,24979.5,24980.5,24979.5,24980.5,8
1782885000,24980,24983.5,24980,24983.5,30
1782885060,24984.5,24988.5,24984.5,24986.5,18
1782885120,24987.5,24987.5,24982.5,24985,28
1782885180,24984.5,24984.5,24981.5,24981.5,12
1782885240,24982,24983.5,24980.5,24982.5,26
1782885300,24982,24986.5,24982,24986.5,14
1782885360,24985,24991,24985,24991,44
1782885420,24990.5,24995.5,24989.5,24995.5,48
1782885480,24994.5,24995,24994.5,24995,32
1782885540,24994.5,24995.5,24991.5,24994.5,50
1782885600,24999,25017,24998.5,25010,88
1782885660,25010.8,25010.8,25001.3,25006.3,62
1782885720,25007.8,25007.8,24993.8,24996.8,92
1782885780,24996.3,25003.3,24993.8,24996.8,106
1782885840,24997.3,25005.8,24996.8,25005.3,50
1782885900,25005.8,25017.3,25005.8,25012.8,56
1782885960,25010.8,25010.8,25007.8,25008.8,30
1782886020,25008.3,25011.3,25004.3,25009.3,60
1782886080,25008.3,25009.8,25001.3,25001.8,60
1782886140,25002.3,25004.8,25000.3,25002.3,74
1782886200,25001.3,25004.8,25001.3,25004.8,42
1782886260,25005.3,25006.3,25003.3,25005.8,38
1782886320,25005.3,25005.3,24989.3,24995.3,130
1782886380,24994.8,24995.3,24986.3,24986.3,50
1782886440,24987.8,24990.8,24986.8,24989.3,52
1782886500,24989.8,24989.8,24981.3,24981.8,74
1782886560,24980.3,24990.3,24980.3,24990.3,48
1782886620,24990.8,24993.3,24988.3,24988.3,22
1782886680,24987.3,24987.8,24984.3,24985.3,50
1782886740,24984.8,24985.3,24978.8,24978.8,24
1782886800,24978.3,24991.3,24977.8,24989.8,68
1782886860,24989.3,24990.8,24986.3,24988.3,38
1782886920,24988.8,24991.8,24988.8,24988.8,34
1782886980,24987.3,24991.8,24985.3,24985.8,56
1782887040,24985.3,24987.3,24983.8,24983.8,32
1782887100,24984.3,24988.3,24983.8,24984.3,54
1782887160,24983.8,24986.3,24981.8,24986.3,32
1782887220,24986.8,24995.3,24986.8,24993.3,38
1782887280,24992.8,24997.8,24989.3,24994.3,68
1782887340,24993.8,24995.3,24992.8,24995.3,24
1782887400,24996.8,24998.3,24985.3,24991.8,112
1782887460,24992.3,24992.3,24982.3,24982.3,56
1782887520,24982.8,24995.3,24981.8,24993.3,54
1782887580,24993.8,25002.8,24993.3,24994.8,66
1782887640,24993.8,24999.8,24993.8,24998.3,64
1782887700,24997.8,24997.8,24990.3,24991.8,74
1782887760,24992.3,24995.3,24991.8,24994.8,28
1782887820,24993.8,25001.8,24988.8,24999.8,102
1782887880,24999.3,25003.3,24999.3,25001.3,64
1782887940,25002.3,25008.3,25002.3,25004.8,30
1782888000,25004.3,25004.8,25001.8,25003.8,36
1782888060,25004.3,25004.3,24997.3,24999.8,56
1782888120,25000.8,25003.8,24999.8,24999.8,28
1782888180,25000.3,25010.3,25000.3,25004.3,36
1782888240,25003.8,25010.3,25002.3,25010.3,38
1782888300,25011.3,25011.8,25000.8,25001.8,74
1782888360,25002.3,25009.3,25001.8,25008.3,54
1782888420,25009.8,25012.8,25008.3,25011.8,56
1782888480,25011.3,25015.3,25008.8,25014.3,64
1782888540,25015.3,25020.3,25013.8,25019.8,56
1782888600,25020.3,25024.3,25018.8,25021.8,76
1782888660,25020.3,25020.3,25015.3,25017.3,42
1782888720,25015.3,25017.3,25012.3,25012.8,36
1782888780,25014.3,25014.3,25011.3,25011.8,42
1782888840,25012.3,25013.3,25008.8,25009.8,60
1782888900,25008.3,25010.3,25006.3,25008.8,34
1782888960,25008.3,25008.8,25001.3,25001.3,92
1782889020,25000.3,25001.3,24996,24996.5,39
1782889080,24997,24999.8,24995.3,24997.3,45
1782889140,24995.8,25021.8,24994.3,25021.8,138
1782889200,25022.3,25045.3,25022.3,25028.8,354
1782889260,25027.3,25027.8,25008.3,25012.8,284
1782889320,25013.3,25030.3,25010.8,25028.8,250
1782889380,25029.3,25038.3,25022.3,25023.8,256
1782889440,25022.8,25031.3,25010.3,25022.3,242
1782889500,25021.8,25024.3,25013.3,25021.3,284
1782889560,25020.8,25030.8,25016.3,25029.8,248
1782889620,25030.3,25044.8,25028.3,25033.3,232
1782889680,25033.8,25036.3,25021.8,25030.8,230
1782889740,25028.3,25032.8,25011.3,25014.3,214
1782889800,25014.8,25017.8,25001.3,25004.8,264
1782889860,25004.3,25005.8,24986.8,24989.8,222
1782889920,24990.3,24991.3,24978.8,24978.8,142
1782889980,24977.8,24977.8,24954.8,24957.3,177
1782890040,24957.8,24967.8,24956.8,24961.3,141
1782890100,24960.8,24966.3,24951.3,24951.8,174
1782890160,24950.3,24964.8,24950.3,24964.3,206
1782890220,24965.8,24969.8,24958.3,24959.3,258
1782890280,24958.8,24961.8,24950.3,24961.8,247
1782890340,24961.3,24966.3,24950.8,24963.3,196
1782890400,24962.8,24972.3,24960.8,24967.5,197
1782890460,24969.8,24982.3,24968.3,24981.3,173
1782890520,24982.3,24986.8,24976.3,24985.3,160
1782890580,24982.8,24987.3,24977.8,24987.3,226
1782890640,24987.8,24990.3,24977.8,24982.8,246
1782890700,24983.8,24984.8,24969.3,24977.3,246
1782890760,24976.8,24977.3,24968.8,24972.3,156
1782890820,24973.8,24982.8,24973.3,24981.3,158
1782890880,24981.8,24981.8,24967.3,24969.3,176
1782890940,24968.8,24975.3,24965.8,24974.8,148
1782891000,24976.8,24984.8,24969.8,24974.3,202
1782891060,24973.8,24975.3,24961.8,24961.8,148
1782891120,24960.3,24964.8,24954.3,24962.8,192
1782891180,24963.8,24971.8,24957.3,24969.8,216
1782891240,24971.3,24979.8,24969.3,24977.8,181
1782891300,24978.3,24980.3,24968.3,24969.8,148
1782891360,24970.3,24973.3,24964.8,24966.3,134
1782891420,24966.8,24976.3,24964.8,24975.8,170
1782891480,24974.3,24981.8,24974.3,24979.8,196
1782891540,24980.3,24996.8,24977.8,24995,144
1782891600,24996.5,24999.3,24987.3,24989.3,171
1782891660,24989.8,24998.8,24985.8,24997.3,182
1782891720,24996.8,24997.3,24989.8,24992.3,152
1782891780,24993.3,25001.3,24992.8,24999.8,152
1782891840,24999.3,25005.3,24996.3,25004.3,172
1782891900,25004.8,25012.3,25000.3,25010.3,152
1782891960,25009.8,25010.3,24996.8,25002.3,118
1782892020,25001.8,25009.3,24999.3,25002.8,126
1782892080,25001.3,25009.3,24998.3,25008.8,154
1782892140,25008.3,25017.8,25005.8,25016.3,155
1782892200,25016.8,25020.8,25011.8,25017.8,141
1782892260,25017.3,25019.3,25015.3,25015.8,132
1782892320,25015.3,25017.3,25011.3,25016.8,144
1782892380,25016.3,25019.8,25014.8,25018.8,86
1782892440,25017.8,25023.8,25017.8,25023.8,76
1782892500,25024.3,25037.3,25023.8,25035.8,150
1782892560,25035.3,25039.8,25029.3,25034.3,158
1782892620,25035.3,25040.8,25034.8,25040.3,148
1782892680,25039.3,25041.8,25031.5,25036.8,125
1782892740,25036.3,25048.8,25035.3,25047.8,161
1782892800,25045.8,25046.8,25032.3,25039.3,221
1782892860,25038.8,25045.3,25032.8,25042.8,164
1782892920,25041.3,25044.8,25034.8,25034.8,136
1782892980,25034.3,25036.3,25027.3,25028.3,180
1782893040,25029.3,25037.8,25024.8,25024.8,178
1782893100,25025.3,25026.3,25015.3,25019.3,144
1782893160,25020.3,25020.3,25011.3,25013.8,116
1782893220,25013.3,25031.3,25011.3,25029.8,166
1782893280,25029.3,25040.3,25029.3,25039.8,176
1782893340,25039.3,25046.8,25034.8,25044.8,128
1782893400,25045.3,25053.8,25045.3,25048.3,156
1782893460,25047.8,25051.3,25036.8,25038.3,180
1782893520,25037.3,25046.3,25032.3,25044.3,190
1782893580,25043.3,25052.3,25040.3,25051.8,126
1782893640,25052.3,25059.3,25051.8,25053.8,147
1782893700,25051.8,25055.8,25048.3,25054.8,170
1782893760,25054.3,25065.3,25050.8,25064.8,144
1782893820,25063.3,25070.3,25060,25066.3,146
1782893880,25065.8,25068.8,25057.8,25066.8,160
1782893940,25066.3,25076.3,25065.3,25072.8,136
1782894000,25072.3,25077.8,25071.3,25072.8,156
1782894060,25072.3,25074.8,25057.3,25057.3,168
1782894120,25056.8,25058.3,25052.8,25056.3,130
1782894180,25055.8,25056.8,25047.8,25050.3,182
1782894240,25049.8,25056.8,25047.8,25047.8,194
1782894300,25048.3,25056.3,25045.8,25054.8,178
1782894360,25054.3,25058.3,25048.8,25056.8,130
1782894420,25057.3,25063.3,25053.3,25060.8,156
1782894480,25059.8,25060.8,25053.3,25054.3,206
1782894540,25055.3,25061.3,25055.3,25059.8,180
1782894600,25060.3,25062.3,25040,25042.8,202
1782894660,25043.3,25056.3,25042.3,25055.3,168
1782894720,25055.8,25058.3,25051.8,25058.3,165
1782894780,25058.8,25064.3,25057.3,25063.3,138
1782894840,25063.8,25069.8,25063.3,25068.8,164
1782894900,25069.3,25081.8,25066.8,25080.3,126
1782894960,25080.8,25080.8,25076.3,25080.3,130
1782895020,25079.8,25084.8,25078.3,25081.8,106
1782895080,25082.8,25087.3,25080.3,25086.3,84
1782895140,25085.8,25089.3,25084.3,25086.3,100
1782895200,25085.8,25088.3,25078.3,25079.3,158
1782895260,25079.8,25081.8,25072.8,25073.8,132
1782895320,25074.8,25083.3,25071.8,25081.8,144
1782895380,25081.3,25081.8,25074.8,25081.3,118
1782895440,25080.8,25084.3,25078.8,25081.3,102
1782895500,25080.3,25081.3,25063.8,25067.8,140
1782895560,25067.3,25067.8,25052.3,25053.8,154
1782895620,25054.3,25064.3,25051.8,25059.8,154
1782895680,25059.3,25060.3,25050.3,25051.3,122
1782895740,25052.8,25058.8,25048.3,25048.8,176
1782895800,25049.8,25049.8,25039.8,25048.8,182
1782895860,25048.3,25050.3,25043.8,25046.3,168
1782895920,25045.8,25048.8,25042.3,25044.8,122
1782895980,25044.3,25048.3,25040.3,25045.8,156
1782896040,25045.3,25049.8,25044.3,25046.8,154
1782896100,25046.3,25050.8,25043.8,25046.8,160
1782896160,25047.3,25047.3,25040.3,25044.8,116
1782896220,25043.8,25054.3,25043.8,25044.8,116
1782896280,25045.3,25051.8,25044.8,25051.8,138
1782896340,25051.3,25064.3,25051.3,25062.8,146
1782896400,25061.8,25067.8,25056.3,25059.8,172
1782896460,25060.3,25062.8,25052.3,25059.8,140
1782896520,25060.3,25061.8,25055.8,25057.8,160
1782896580,25058.3,25058.3,25048.8,25049.3,152
1782896640,25049.8,25049.8,25041.8,25047.3,164
1782896700,25046.8,25046.8,25036.3,25037.3,186
1782896760,25036.8,25040.3,25033.3,25039.8,166
1782896820,25038.8,25038.8,25032.8,25036.3,160
1782896880,25035.8,25052.3,25033.3,25048.8,188
1782896940,25049.3,25049.3,25039.3,25047.3,158
1782897000,25048.3,25048.3,25032.8,25034.3,200
1782897060,25034.8,25046.8,25034.8,25046.3,160
1782897120,25044.8,25052.8,25043.3,25052.8,132
1782897180,25052.3,25055.3,25050.8,25051.8,122
1782897240,25052.3,25053.8,25044.8,25047.8,106
1782897300,25047.3,25050.8,25045.3,25049.3,126
1782897360,25048.8,25049.8,25043.8,25045.8,114
1782897420,25045.3,25046.8,25038.3,25038.8,130
1782897480,25039.3,25041.8,25036.8,25038.8,126
1782897540,25038.3,25039.3,25033.8,25036.3,106
1782897600,25036.8,25047.8,25036.3,25047.8,102
1782897660,25048.8,25049.3,25043.8,25048.3,146
1782897720,25048.8,25062.3,25047.8,25062.3,144
1782897780,25061.8,25065.8,25061.8,25065.8,86
1782897840,25066.8,25071.3,25064.3,25066.3,150
1782897900,25065.8,25065.8,25052.8,25058.8,148
1782897960,25058.3,25059.8,25053.3,25055.8,108
1782898020,25056.3,25068.3,25055.8,25068.3,90
1782898080,25068.8,25070.3,25067.8,25068.8,88
1782898140,25068.3,25078.3,25068.3,25078.3,140
1782898200,25077.8,25079.3,25068.3,25073.8,164
1782898260,25073.3,25075.8,25070.8,25073.8,142
1782898320,25074.8,25077.3,25070.8,25076.8,102
1782898380,25076.3,25086.3,25074.8,25085.8,164
1782898440,25084.8,25085.3,25076.3,25081.3,118
1782898500,25081.8,25085.3,25080.3,25082.3,130
1782898560,25081.8,25081.8,25075.3,25079.8,144
1782898620,25079.3,25079.8,25068.8,25072.3,112
1782898680,25073.3,25077.3,25071.3,25072.8,146
1782898740,25072.3,25080.3,25072.3,25078.8,143
1782898800,25077.8,25081.8,25075.8,25075.8,122
1782898860,25074.3,25079.8,25074.3,25077.8,76
1782898920,25078.3,25081.3,25075.3,25075.3,132
1782898980,25075.8,25075.8,25070.8,25074.8,94
1782899040,25075.8,25075.8,25070.8,25073.3,84
1782899100,25073.8,25076.8,25065.8,25065.8,108
1782899160,25066.3,25074.8,25065.8,25067.3,134
1782899220,25066.3,25076.3,25065.3,25076.3,90
1782899280,25075.8,25077.8,25072.8,25077.3,106
1782899340,25077.8,25084.3,25074.8,25075.8,132
1782899400,25075.3,25075.8,25071.8,25073.3,152
1782899460,25072.3,25074.8,25070.8,25074.3,84
1782899520,25074.8,25076.8,25069.3,25070.8,88
1782899580,25071.8,25074.3,25067.8,25068.3,94
1782899640,25067.8,25081.3,25067.8,25075.3,137
1782899700,25074.8,25074.8,25071.3,25073.3,122
1782899760,25072.3,25073.8,25064.8,25065.3,98
1782899820,25064.8,25074.8,25064.8,25073.3,134
1782899880,25072.8,25074.3,25070.8,25074.3,126
1782899940,25074.8,25075.3,25071.3,25071.3,90
1782900000,25071.8,25080.5,25071.3,25076.5,130
1782900060,25076,25078,25071.5,25075.5,130
1782900120,25076,25078.5,25068,25068,117
1782900180,25068.5,25068.5,25060,25062.5,74
1782900240,25062,25064.5,25053.5,25055.5,138
1782900300,25055,25055,25050.5,25050.5,118
1782900360,25050,25050.5,25039.5,25040.5,106
1782900420,25041.5,25041.5,25031.5,25032.5,115
1782900480,25033,25036.5,25027.5,25036.5,152
1782900540,25035.5,25053,25035.5,25053,132
1782900600,25052,25052,25040.5,25046.5,126
1782900660,25046,25047.5,25042,25045.5,134
1782900720,25044.5,25055.5,25044.5,25055.5,90
1782900780,25055,25062,25054.5,25060,160
1782900840,25059.5,25063,25056,25062.5,78
1782900900,25063,25073.5,25062.5,25073,136
1782900960,25072.5,25077.5,25070.5,25072,116
1782901020,25071.5,25078.5,25067.5,25077,118
1782901080,25078,25078.5,25072,25072.5,94
1782901140,25073,25073.5,25060,25062.5,146
1782901200,25063,25074,25061.5,25072.5,159
1782901260,25073,25074.5,25070.2,25072,122
1782901320,25071.5,25072,25065,25066.5,96
1782901380,25066,25066,25057.5,25060,102
1782901440,25060.5,25070.5,25059.5,25069,168
1782901500,25068.5,25073.5,25067.5,25073.5,102
1782901560,25073,25073,25067.5,25070.5,120
1782901620,25070,25070.5,25067.5,25069,86
1782901680,25069.5,25080.5,25069.5,25079.5,72
1782901740,25079,25080.5,25077.5,25078.5,80
1782901800,25079,25082,25078.5,25081,66
1782901860,25080.5,25080.5,25077.5,25078.5,92
1782901920,25078,25079,25075.5,25076,98
1782901980,25076.5,25078.5,25073,25074.5,92
1782902040,25072.5,25075.5,25069.5,25075.5,90
1782902100,25076.5,25076.5,25071.5,25075,90
1782902160,25075.5,25077.5,25070,25070.5,110
1782902220,25070,25076,25069,25072,128
1782902280,25072.5,25072.5,25065,25065.5,62
1782902340,25064,25066,25062,25064,94
1782902400,25064.5,25065,25059,25062.5,126
1782902460,25062,25065,25056.5,25062,134
1782902520,25061.5,25063.5,25059.5,25061.5,52
1782902580,25062,25064,25051,25057,170
1782902640,25056,25064,25056,25062,112
1782902700,25061,25066,25061,25065,100
1782902760,25064,25067,25058,25059,134
1782902820,25058.5,25064.5,25055,25064.5,110
1782902880,25065,25067,25062,25063.5,126
1782902940,25064,25064,25061,25062.5,72
1782903000,25061.5,25069,25060,25067,102
1782903060,25066.5,25070.5,25064,25069,98
1782903120,25068.5,25072.5,25066.5,25067.5,122
1782903180,25068,25068.5,25060.5,25060.5,100
1782903240,25058.5,25060.5,25055.5,25058,100
1782903300,25057.5,25061.5,25054,25060.5,76
1782903360,25061,25068.5,25060.5,25068,108
1782903420,25067.5,25072,25067.5,25067.5,102
1782903480,25067,25068.5,25065,25068.5,124
1782903540,25067,25068.5,25065,25065.5,120
1782903600,25066,25073.5,25065,25073.5,118
1782903660,25073,25074.5,25068.5,25074.5,76
1782903720,25074,25076,25071,25075.5,116
1782903780,25076,25083,25074.5,25076,97
1782903840,25075.5,25075.5,25063,25065.5,138
1782903900,25066.5,25071.5,25061.5,25065,126
1782903960,25064,25064.5,25057.5,25061,108
1782904020,25060.5,25062,25058,25059,102
1782904080,25059.5,25061,25055.5,25055.5,90
1782904140,25056,25056,25051,25052,104
1782904200,25051.5,25057,25050.5,25052,90
1782904260,25052.5,25054,25048,25049.5,110
1782904320,25050,25052.5,25046.5,25048.5,112
1782904380,25049,25052.5,25046,25048.5,82
1782904440,25048,25049.5,25045.5,25048.5,114
1782904500,25048,25055,25048,25053,118
1782904560,25052.5,25060,25050.5,25058.5,116
1782904620,25058,25061,25056,25056.5,104
1782904680,25055,25057.5,25053.5,25055.5,106
1782904740,25056.5,25057,25051.5,25052.5,60
1782904800,25052,25058.5,25052,25057,132
1782904860,25057.5,25058,25053.5,25056.5,106
1782904920,25057,25057.5,25044.5,25045,130
1782904980,25045.5,25045.5,25037.5,25040.5,148
1782905040,25039.5,25044,25039,25043.5,102
1782905100,25044,25044,25037.5,25037.5,104
1782905160,25037,25037.5,25032,25033,98
1782905220,25033.5,25036,25032,25034,96
1782905280,25033.5,25034.5,25028.5,25034.5,92
1782905340,25033.5,25038.5,25032.5,25034.5,118
1782905400,25035,25038,25032.5,25032.5,98
1782905460,25033,25033,25022,25022.5,108
1782905520,25023,25028,25023,25023.5,116
1782905580,25023,25024.5,25017.7,25021.5,122
1782905640,25021,25021.5,25010.5,25012.5,92
1782905700,25013,25013.5,25005.2,25009.5,122
1782905760,25008.5,25014,25007.5,25012,126
1782905820,25012.5,25016,25011.5,25014,78
1782905880,25014.5,25015.5,25010.5,25011,138
1782905940,25011.5,25015.5,25007.5,25014.5,120
1782906000,25012.5,25013.5,25004,25009.5,160
1782906060,25010,25013.5,25002.5,25006,184
1782906120,25006.5,25008,25000.5,25004,162
1782906180,25004.5,25010.5,25003.5,25009.5,114
1782906240,25010,25020.5,25009.5,25019.5,110
1782906300,25020,25020,25009.5,25014,158
1782906360,25013.5,25015.5,25008,25015,108
1782906420,25014.5,25019.5,25012.5,25015.7,97
1782906480,25015.2,25020.5,25005.5,25006,151
1782906540,25006.5,25006.5,24999.5,25002.5,169
1782906600,25000.5,25004.5,24993.5,24993.5,134
1782906660,24994.5,24997,24990,24996,164
1782906720,24995.5,24998.5,24992,24995.5,124
1782906780,24996.5,25000,24990,24999.5,132
1782906840,25000,25001,24985,24989,164
1782906900,24988.5,24992,24987.5,24989.5,92
1782906960,24990.5,24991.5,24985.5,24989.5,118
1782907020,24990,24992,24988,24990.5,142
1782907080,24991,24991.5,24986,24989,148
1782907140,24988.5,24992,24988,24991.5,140
1782907200,24993.5,25000,24992,24993.5,134
1782907260,24993,24993.5,24984,24986,112
1782907320,24985.5,24988.5,24974,24974.5,154
1782907380,24975,24975.5,24967.5,24971.5,114
1782907440,24970,24974.5,24967.5,24970.5,146
1782907500,24971,24975.5,24966,24975.5,162
1782907560,24975,24975,24963,24963,104
1782907620,24962.5,24982.5,24962.5,24979.5,160
1782907680,24979.5,24990,24978.5,24988.5,151
1782907740,24989,24996,24985,24996,128
1782907800,24995.5,25001.5,24994.5,25000,130
1782907860,24999.5,24999.5,24986,24991.5,192
1782907920,24991,25000,24989,24999.5,131
1782907980,24998.5,25003.5,24993.2,25003,135
1782908040,25003.5,25004,24995.5,24996,113
1782908100,24999,25009.5,24998,25008,113
1782908160,25006,25009,24995,24999,170
1782908220,24998,25003,24991.5,24991.5,170
1782908280,24992,25002,24987,25001.5,150
1782908340,25002,25012.5,25001,25011.5,192
1782908400,25011,25013,25000,25001,158
1782908460,25001.5,25003.5,24992.5,24993.5,122
1782908520,24994,24996.5,24988,24991,150
1782908580,24992,24998,24991,24995,134
1782908640,24996,25004,24995,25003,142
1782908700,25002.5,25006.5,25001.5,25006,134
1782908760,25005.5,25009,25005.5,25005.5,138
1782908820,25004.5,25007.5,25003,25003,140
1782908880,25003.5,25006.5,25001.5,25005,84
1782908940,25004.5,25010,25004.5,25007,106
1782909000,25006,25013,25003,25008.5,101
1782909060,25007.5,25015.5,25007,25012.5,130
1782909120,25012,25022,25011.5,25013.5,203
1782909180,25013,25017,25010.5,25014.5,160
1782909240,25015.5,25016.5,24993,24993.5,282
1782909300,24992.5,24994,24978.5,24981.5,265
1782909360,24982,24988,24978,24981,242
1782909420,24982,24982,24973,24981.5,190
1782909480,24981,24990.5,24980.5,24990,210
1782909540,24989,24993,24985.5,24985.5,184
1782909600,24985,24994.5,24985,24991.5,236
1782909660,24992,25001,24992,24992.5,167
1782909720,24992,24992.5,24976,24978.5,237
1782909780,24978,24984.5,24977,24982,188
1782909840,24982.5,24987,24976,24981,209
1782909900,24980,24981.5,24973,24978.5,180
1782909960,24979,24979,24969,24976.5,182
1782910020,24975.5,24976.5,24968.5,24970,208
1782910080,24972,24975,24967.5,24974,231
1782910140,24973.5,24974,24967,24968.5,158
1782910200,24969.5,24986.5,24969,24984.5,198
1782910260,24984,24990.5,24978.5,24989.5,198
1782910320,24988.5,24988.5,24976,24977,214
1782910380,24976.5,24979.5,24964.5,24964.5,191
1782910440,24965,24972,24963.5,24964,220
1782910500,24961.5,24965.5,24950.5,24954,229
1782910560,24955,24965.5,24953,24963.5,182
1782910620,24963,24964,24951,24952,170
1782910680,24951.5,24959,24951.5,24956.5,170
1782910740,24957,24963.5,24943,24943,204
1782910800,24942.5,24942.5,24924.5,24931.5,238
1782910860,24932,24934,24925,24925,224
1782910920,24924,24931,24910.5,24913.5,238
1782910980,24913,24913.5,24905.5,24908.5,256
1782911040,24909,24918.5,24908,24914.5,248
1782911100,24915,24918.5,24912,24916.5,214
1782911160,24915.5,24918,24906.5,24911,260
1782911220,24911.5,24916.5,24904.5,24916,204
1782911280,24915.5,24917.5,24906,24906,216
1782911340,24906.5,24909,24899.5,24900.5,176
1782911400,24901,24908,24897,24908,201
1782911460,24907.5,24910,24900.5,24909.5,248
1782911520,24910.5,24913.5,24894.5,24894.5,232
1782911580,24894,24899,24890.5,24892,202
1782911640,24892.5,24893.5,24882.5,24891.5,177
1782911700,24892,24906.5,24891,24901.5,206
1782911760,24901,24908,24900,24905,228
1782911820,24904.5,24928.5,24904,24928,202
1782911880,24929.5,24944.5,24929,24937.5,296
1782911940,24936.5,24938,24925,24926.5,212
1782912000,24927,24930.5,24917.5,24923.5,222
1782912060,24921,24924,24903,24904.5,196
1782912120,24904,24908.5,24902.5,24908,214
1782912180,24907.5,24914,24904,24907,192
1782912240,24907.5,24921,24906.5,24920,190
1782912300,24919,24926.5,24912.5,24925,240
1782912360,24925.5,24939,24925.5,24934,206
1782912420,24934.5,24943,24934,24940,166
1782912480,24939.5,24940.5,24932.5,24932.5,244
1782912540,24933,24953,24930.5,24952,294
1782912600,24953,24961.5,24944,24957.5,412
1782912660,24958,24960.5,24949,24955.5,388
1782912720,24956,24970,24954.5,24955,334
1782912780,24954.5,24955.5,24925,24925.5,292
1782912840,24927,24932,24922.5,24931,294
1782912900,24930.5,24933.5,24924.5,24927,322
1782912960,24928.5,24933.5,24916,24931.5,328
1782913020,24931,24952,24930,24950.5,324
1782913080,24951,24956,24941,24956,298
1782913140,24955.5,24955.5,24940.5,24940.5,332
1782913200,24942,24953.5,24936.5,24951,364
1782913260,24950.5,24954.5,24944,24950.5,310
1782913320,24951,24959,24945,24957,270
1782913380,24956.5,24964.5,24956.5,24961,224
1782913440,24960.5,24971.5,24959.5,24969,236
1782913500,24968,24987,24964,24985.5,282
1782913560,24986,24986,24966.5,24972,288
1782913620,24974,24976.5,24960,24967,276
1782913680,24967.5,24979.5,24966,24977,266
1782913740,24976,24981,24973.5,24977,240
1782913800,24977.5,24993,24976,24992,208
1782913860,24991,24997,24988,24996,274
1782913920,24997,25002,24993,24998,232
1782913980,24998.5,25002.5,24990,24994.5,192
1782914040,24994,24999,24985.5,24992.5,220
1782914100,24992,24996.5,24991,24992.5,222
1782914160,24993,24997.5,24983.5,24984,236
1782914220,24984.5,24988,24972.5,24974.5,174
1782914280,24975,24982.5,24971,24978.5,202
1782914340,24978,24984,24969.5,24984,151
1782914400,24984,24991.5,24978.5,24980.5,223
1782914460,24980,24992,24977.5,24983.5,228
1782914520,24982,24982.5,24971,24976,240
1782914580,24975.5,24993,24975,24993,206
1782914640,24994.5,25004.5,24994.5,24998.5,216
1782914700,24998,24999,24985,24987,228
1782914760,24986.5,24995,24984.5,24987.5,226
1782914820,24988,24993.5,24977.5,24982.5,180
1782914880,24983,24992,24981,24990.5,184
1782914940,24990,24992,24980,24983.5,218
1782915000,24984.5,24991.5,24981,24988,216
1782915060,24988.5,24997.5,24986.5,24994.5,218
1782915120,24994,24999.5,24990.5,24991.5,214
1782915180,24992,24998.5,24990.5,24996,216
1782915240,24996.5,25001.5,24993.5,24994.5,184
1782915300,24995.5,25000,24989,24991.5,186
1782915360,24991,25005,24989.5,24991,248
1782915420,24990.5,25000,24983.5,24999.5,214
1782915480,25000,25010,24997.5,25004.5,196
1782915540,25004,25012.5,25001.5,25011,188
1782915600,25010,25016,25007,25007.5,194
1782915660,25008,25011,25002.5,25003,226
1782915720,25003.5,25003.5,24994.5,24998.5,168
1782915780,24998,25009.5,24998,25004.5,202
1782915840,25005,25010.5,25004,25007.5,134
1782915900,25009.5,25017.5,25007.5,25014.5,174
1782915960,25014,25016.5,25008,25008,160
1782916020,25007.5,25012.5,25006.5,25008.5,158
1782916080,25009.5,25010.5,25003.5,25008.5,156
1782916140,25006.5,25010.5,25002.5,25004.5,112
1782916200,25005.5,25009,25003,25009,192
1782916260,25008.5,25010.5,24995,24996.5,168
1782916320,24995.5,24997,24990,24992.5,166
1782916380,24993.5,25000,24991,24995,220
1782916440,24994.5,25001,24987,24998.5,174
1782916500,24998,24999,24991.5,24992.5,192
1782916560,24993,24995.5,24984.5,24985.5,174
1782916620,24985,24987.5,24974,24977,194
1782916680,24976.5,24979.5,24970,24972,180
1782916740,24972.5,24983,24972.5,24977.5,164
1782916800,24977,24980.5,24970.5,24975,140
1782916860,24974.5,24975,24963.5,24965,190
1782916920,24964.5,24967.5,24958.5,24962,204
1782916980,24962.5,24973,24960.5,24971.5,220
1782917040,24972.5,24979.5,24971.5,24974.5,202
1782917100,24974,24977.5,24966,24966.5,230
1782917160,24967.5,24972.5,24959,24972.5,238
1782917220,24973,24976.5,24970,24974,240
1782917280,24973.5,24989,24973.5,24982.5,214
1782917340,24983.5,24986.5,24976.5,24982.5,194
1782917400,24981.5,24991.5,24980,24990,200
1782917460,24989.5,24994,24986.5,24988,170
1782917520,24987.5,24994.5,24985.5,24987,196
1782917580,24987.5,25000.5,24987.5,24994.5,174
1782917640,24995,24998.5,24989.5,24992.5,168
1782917700,24992,24994,24985,24986.5,220
1782917760,24985,24985.5,24975.5,24976.5,164
1782917820,24977.5,24981,24973,24974.5,176
1782917880,24975,24976,24971.5,24973.5,114
1782917940,24974.5,24982.5,24974.5,24981.5,144
1782918000,24980.5,24990,24977.5,24988.5,212
1782918060,24988,24995.5,24985.5,24993,236
1782918120,24993.5,24996.5,24989.5,24995,184
1782918180,24994.5,25003.5,24994.5,24997.5,182
1782918240,24996,25002.5,24995.5,24997.5,159
1782918300,24997,24997,24992.5,24994.5,128
1782918360,24995,24996.5,24985.5,24992.5,170
1782918420,24993,24996,24986.5,24991.5,208
1782918480,24990.5,25000.5,24986.5,25000.5,244
1782918540,25001,25001.5,24996,24997.5,186
1782918600,24998,25009.5,24997.5,25009,194
1782918660,25008.5,25011.5,25000,25003,178
1782918720,25002.5,25008.5,24999.5,25005,200
1782918780,25005.5,25006,24999.5,25000,118
1782918840,25000.5,25002.5,24997,25001.5,154
1782918900,25002.5,25012.5,25002.5,25009,144
1782918960,25008.5,25009.5,25004,25005.5,158
1782919020,25006.5,25014.5,25006.5,25014,132
1782919080,25014.5,25016,25011.5,25016,124
1782919140,25016.5,25019.5,25015,25015.5,158
1782919200,25016,25023.5,25016,25019.5,162
1782919260,25018.5,25022.5,25003.5,25005.5,134
1782919320,25005,25014.5,25004.5,25011.5,136
1782919380,25011,25020.5,25011,25020.5,120
1782919440,25020,25021.5,25014,25017.5,100
1782919500,25018.5,25026,25018.5,25025.5,142
1782919560,25024.5,25027.5,25020.5,25025.5,146
1782919620,25027.5,25029.5,25022.5,25028.5,110
1782919680,25029,25041.5,25029,25039.5,138
1782919740,25038.5,25074.5,25038.5,25074,172
1782919800,25074.8,25074.8,25062.8,25066.3,248
1782919860,25067.3,25075.8,25064.3,25075.8,170
1782919920,25077.3,25083.3,25075.8,25082.3,174
1782919980,25081.3,25081.3,25071.3,25076.3,162
1782920040,25077.8,25077.8,25045.3,25045.3,310
1782920100,25046.8,25053.3,25039.8,25042.8,252
1782920160,25043.3,25044.8,25032.3,25034.8,180
1782920220,25035.3,25038.8,25029.3,25033.8,166
1782920280,25034.8,25042.3,25033.8,25038.8,120
1782920340,25039.3,25043.8,25036.8,25037.3,118
1782920400,25035.8,25047.3,25033.8,25046.3,140
1782920460,25045.8,25051.8,25042.8,25050.8,132
1782920520,25051.3,25059.8,25050.8,25058.8,109
1782920580,25059.3,25059.3,25047.8,25049.3,90
1782920640,25048.8,25051.8,25047.3,25047.8,112
1782920700,25046.8,25053.3,25045.8,25048.3,96
1782920760,25047.8,25058.8,25047.8,25056.3,146
1782920820,25055.8,25057.8,25050.3,25050.8,132
1782920880,25051.3,25059.3,25050.8,25055.8,114
1782920940,25055.3,25056.3,25048.8,25049.3,110
1782921000,25049.8,25050.3,25043.8,25045.8,138
1782921060,25046.3,25056.3,25046.3,25056.3,136
1782921120,25055.8,25059.8,25055.3,25057.3,102
1782921180,25056.3,25061.3,25054.3,25054.3,100
1782921240,25053.8,25054.3,25046.3,25048.3,120
1782921300,25048.8,25051.3,25045.8,25046.8,118
1782921360,25047.8,25049.8,25046.8,25049.8,68
1782921420,25049.3,25051.3,25047.3,25048.8,114
1782921480,25048.3,25053.3,25048.3,25051.3,64
1782921540,25051.8,25056.3,25051.8,25056.3,60
1782921600,25056.8,25060.3,25052.3,25057.8,160
1782921660,25059.3,25063.8,25056.3,25057.3,120
1782921720,25057.8,25062.8,25056.8,25062.8,126
1782921780,25063.3,25065.8,25057.3,25058.3,148
1782921840,25058.8,25059.3,25054.3,25058.3,118
1782921900,25057.8,25059.3,25055.3,25058.3,132
1782921960,25057.8,25059.3,25055.8,25057.8,118
1782922020,25057.3,25061.8,25057.3,25061.3,100
1782922080,25060.8,25067.3,25060.8,25064.3,52
1782922140,25063.3,25065.8,25061.8,25062.3,108
1782922200,25059.8,25062.3,25058.3,25060.3,90
1782922260,25059.8,25061.8,25058.3,25059.3,92
1782922320,25059.8,25067.3,25059.8,25066.3,94
1782922380,25066.8,25066.8,25062.3,25064.3,74
1782922440,25063.8,25067.3,25063.8,25067.3,94
1782922500,25065.8,25070.3,25065.3,25065.3,112
1782922560,25065.8,25068.3,25065.8,25065.8,144
1782922620,25066.3,25069.8,25064.8,25068.3,116
1782922680,25067.8,25070.3,25066.8,25067.8,102
1782922740,25067.3,25071.8,25066.8,25071.8,88
1782922800,25072.3,25074.8,25066.8,25068.8,92
1782922860,25069.3,25069.3,25065.3,25066.8,84
1782922920,25067.3,25072.3,25065.8,25070.8,70
1782922980,25071.3,25075.3,25069.8,25075.3,152
1782923040,25074.8,25074.8,25070.8,25071.3,106
1782923100,25070.8,25070.8,25067.3,25067.3,92
1782923160,25067.8,25071.3,25066.3,25069.8,72
1782923220,25068.8,25071.3,25068.3,25070.8,106
1782923280,25071.3,25075.3,25069.8,25075.3,60
1782923340,25076.3,25079.8,25075.8,25076.8,54
1782923400,25076.3,25085.8,25076.3,25083.3,154
1782923460,25083.8,25088.3,25080.3,25086.3,88
1782923520,25086.8,25088.3,25083.3,25086.8,86
1782923580,25086.3,25086.8,25085.8,25086.3,14
1782923640,25085.8,25086.3,25081.8,25081.8,52
1782923700,25081.3,25083.8,25078.3,25080.3,54
1782923760,25082.3,25082.8,25078.3,25079.3,74
1782923820,25078.8,25083.3,25078.3,25083.3,48
1782923880,25082.8,25083.3,25079.3,25079.3,76
1782923940,25078.8,25079.8,25074.8,25075.3,88
1782924000,25074.8,25076.8,25070.3,25070.3,128
1782924060,25070.8,25071.8,25066.8,25067.3,64
1782924120,25066.8,25071.3,25066.3,25070.8,96
1782924180,25071.3,25073.3,25068.8,25071.8,86
1782924240,25071.3,25074.3,25071.3,25073.8,72
1782924300,25073.3,25073.3,25071.3,25072.8,90
1782924360,25072.3,25075.3,25072.3,25073.3,62
1782924420,25074.8,25077.3,25074.3,25074.3,56
1782924480,25074.8,25074.8,25069.3,25070.8,94
1782924540,25070.3,25071.3,25065.3,25065.8,98
1782924600,25065.3,25066.3,25063.8,25065.8,86
1782924660,25065.3,25066.3,25059.8,25060.3,105
1782924720,25059.8,25059.8,25048.8,25050.8,156
1782924780,25050.3,25056.8,25050.3,25053.8,152
1782924840,25054.3,25059.3,25052.3,25052.8,124
1782924900,25051.8,25053.3,25048.8,25049.3,120
1782924960,25049.8,25054.8,25045.8,25053.8,124
1782925020,25054.3,25054.8,25050.8,25052.3,104
1782925080,25051.8,25053.8,25049.3,25051.8,124
1782925140,25050.8,25051.3,25043.3,25044.8,118
1782925200,25045.8,25057.8,25045.3,25054.3,152
1782925260,25054.8,25056.8,25051.8,25056.8,126
1782925320,25057.3,25057.3,25049.8,25052.3,118
1782925380,25051.8,25053.3,25044.8,25046.3,104
1782925440,25046.8,25048.3,25045.3,25047.8,134
1782925500,25046.8,25049.8,25043.3,25047.3,150
1782925560,25047.8,25047.8,25043.3,25045.3,120
1782925620,25044.8,25051.8,25044.8,25049.3,140
1782925680,25048.8,25050.3,25048.3,25050.3,64
1782925740,25051.8,25056.3,25051.8,25055.3,80
1782925800,25054.8,25056.8,25053.8,25056.3,50
1782925860,25055.8,25056.3,25050.8,25050.8,120
1782925920,25050.3,25057.8,25050.3,25057.8,90
1782925980,25057.3,25059.8,25055.3,25057.3,124
1782926040,25056.8,25060.3,25056.8,25059.3,98
1782926100,25059.8,25062.8,25056.3,25057.8,138
1782926160,25058.3,25059.8,25056.8,25057.3,124
1782926220,25057.8,25062.8,25057.8,25060.8,104
1782926280,25061.3,25063.3,25059.3,25062.3,72
1782926340,25062.8,25070.3,25062.8,25068.3,70
1782926400,25068.8,25071.3,25068.8,25070.8,74
1782926460,25071.3,25071.8,25069.8,25070.3,108
1782926520,25069.8,25070.3,25068.3,25068.3,26
1782926580,25067.8,25069.3,25067.8,25069.3,6
1782926640,25070.8,25073.3,25070.3,25072.3,46
1782926700,25072.8,25074.8,25072.8,25074.8,40
1782926760,25074.3,25077.8,25074.3,25076.3,62
1782926820,25076.8,25076.8,25073.3,25073.3,20
1782926880,25073.8,25073.8,25073.3,25073.3,8
1782926940,25074.3,25076.8,25073.8,25074.8,58
1782927000,25074.3,25080.8,25074.3,25079.3,66
1782927060,25078.3,25078.3,25074.3,25074.3,28
1782927120,25073.8,25073.8,25066.3,25070.3,68
1782927180,25069.8,25069.8,25065.8,25067.3,58
1782927240,25066.3,25070.3,25065.3,25066.8,82
1782927300,25067.3,25068.3,25063.8,25065.8,134
1782927360,25065.3,25068.3,25065.3,25067.3,48
1782927420,25067.8,25071.8,25066.8,25071.8,80
1782927480,25071.3,25071.3,25068.8,25069.3,56
1782927540,25069.8,25072.8,25067.3,25070.3,58
1782927600,25069.8,25070.3,25066.3,25066.3,48
1782927660,25064.8,25066.3,25063.3,25066.3,86
1782927720,25067.3,25067.3,25061.8,25061.8,84
1782927780,25060.3,25061.3,25059.3,25060.3,56
1782927840,25059.8,25061.3,25055.3,25056.3,48
1782927900,25056.8,25058.3,25055.3,25057.3,58
1782927960,25053.8,25054.3,25050.8,25053.3,58
1782928020,25052.8,25054.3,25051.3,25051.3,44
1782928080,25050.3,25054.8,25049.3,25054.3,41
1782928140,25055.3,25055.3,25048.3,25050.3,76
1782928200,25050.8,25052.8,25049.8,25052.3,72
1782928260,25053.3,25055.3,25050.8,25050.8,48
1782928320,25050.3,25050.3,25045.3,25046.3,68
1782928380,25045.8,25051.8,25045.8,25050.3,38
1782928440,25049.3,25049.3,25045.3,25048.3,58
1782928500,25047.8,25049.3,25045.3,25047.3,40
1782928560,25046.8,25047.3,25045.3,25045.8,76
1782928620,25045.3,25045.3,25040.3,25041.3,42
1782928680,25043.3,25046.8,25043.3,25046.3,26
1782928740,25047.3,25047.8,25043.3,25044.8,38
1782928800,25045.3,25052.3,25043.8,25048.8,106
1782928860,25049.3,25050.8,25047.8,25050.3,72
1782928920,25049.8,25050.8,25048.3,25050.8,82
1782928980,25050.3,25057.3,25048.3,25056.3,124
1782929040,25056.8,25057.3,25054.3,25056.3,78
1782929100,25055.8,25056.3,25054.3,25055.3,66
1782929160,25054.3,25055.3,25047.8,25050.3,82
1782929220,25050.8,25053.8,25050.3,25050.3,72
1782929280,25050.8,25052.3,25050.3,25052.3,52
1782929340,25052.8,25053.3,25050.3,25050.8,50
1782929400,25051.3,25052.3,25046.3,25046.3,40
1782929460,25045.8,25045.8,25040.3,25040.3,56
1782929520,25040.8,25043.8,25039.8,25041.3,48
1782929580,25041.8,25042.8,25041.3,25041.8,24
1782929640,25041.3,25042.8,25036.8,25038.3,68
1782929700,25037.8,25038.8,25033.3,25037.3,96
1782929760,25036.8,25037.3,25034.8,25034.8,102
1782929820,25034.3,25039.8,25034.3,25038.3,88
1782929880,25038.8,25040.3,25037.3,25039.3,78
1782929940,25038.8,25046.3,25036.8,25045.3,92
1782930000,25045.8,25046.3,25041.3,25042.3,108
1782930060,25041.8,25042.3,25040.3,25041.8,52
1782930120,25042.3,25044.3,25040.8,25044.3,32
1782930180,25043.8,25045.8,25041.8,25044.3,70
1782930240,25044.8,25047.3,25043.8,25047.3,64
1782930300,25047.8,25049.8,25046.3,25046.3,74
1782930360,25045.8,25048.8,25045.8,25048.3,40
1782930420,25047.3,25048.8,25047.3,25047.3,20
1782930480,25046.3,25047.3,25044.3,25046.8,72
1782930540,25047.8,25047.8,25044.3,25044.3,88
1782930600,25043.8,25044.3,25040.3,25044.3,54
1782930660,25043.8,25045.3,25042.3,25044.8,92
1782930720,25044.3,25047.3,25043.3,25047.3,86
1782930780,25048.3,25048.3,25046.3,25047.3,44
1782930840,25046.3,25049.3,25045.8,25048.3,50
1782930900,25047.8,25050.3,25047.3,25050.3,44
1782930960,25050.8,25050.8,25047.3,25048.8,88
1782931020,25048.3,25049.3,25043.8,25045.3,70
1782931080,25044.8,25046.8,25044.8,25046.3,32
1782931140,25047.8,25051.8,25047.3,25051.3,56
1782931200,25050.8,25051.3,25047.8,25047.8,64
1782931260,25048.3,25048.3,25045.3,25045.3,28
1782931320,25046.8,25047.8,25045.3,25045.8,76
1782931380,25046.3,25046.3,25044.3,25045.3,38
1782931440,25044.8,25048.3,25043.3,25048.3,66
1782931500,25047.8,25048.3,25044.3,25045.3,62
1782931560,25045.8,25045.8,25043.3,25044.3,88
1782931620,25043.8,25044.8,25040.3,25041.8,78
1782931680,25040.8,25041.3,25037.3,25039.8,124
1782931740,25039.3,25043.3,25038.8,25043.3,92
1782931800,25043.8,25045.3,25042.8,25044.8,130
1782931860,25044.3,25046.3,25042.3,25042.3,84
1782931920,25040.8,25043.8,25039.3,25040.8,90
1782931980,25041.3,25041.3,25036.8,25038.8,108
1782932040,25038.3,25038.8,25036.3,25036.3,60
1782932100,25036.8,25039.3,25034.8,25035.3,90
1782932160,25036.8,25037.3,25035.3,25037.3,88
1782932220,25037.8,25039.3,25036.3,25038.8,42
1782932280,25039.3,25039.8,25037.3,25038.3,32
1782932340,25038.8,25043.3,25038.8,25039.8,56
1782932400,25040.3,25047.8,25039.3,25044.8,100
1782932460,25044.3,25046.8,25042.8,25046.3,94
1782932520,25046.8,25052.3,25046.3,25050.3,108
1782932580,25049.8,25049.8,25046.3,25048.3,106
1782932640,25048.8,25050.8,25047.3,25047.3,94
1782932700,25048.3,25052.8,25046.8,25052.3,112
1782932760,25051.8,25055.8,25049.3,25055.8,120
1782932820,25055.3,25056.3,25052.8,25053.3,110
1782932880,25053.8,25058.8,25053.3,25058.8,86
1782932940,25058.3,25061.3,25057.3,25059.3,86
1782933000,25058.8,25058.8,25054.3,25055.8,84
1782933060,25054.8,25056.8,25052.8,25055.3,102
1782933120,25054.8,25056.8,25053.8,25056.8,92
1782933180,25057.3,25058.3,25056.8,25057.8,58
1782933240,25056.8,25058.3,25056.3,25057.3,74
1782933300,25057.8,25059.3,25056.8,25057.3,72
1782933360,25057.8,25061.3,25056.3,25060.3,48
1782933420,25061.3,25062.3,25057.3,25059.8,42
1782933480,25059.3,25059.3,25057.3,25057.3,44
1782933540,25057.8,25061.8,25056.8,25061.3,50
1782933600,25060.8,25063.3,25059.3,25059.8,60
1782933660,25059.3,25062.3,25059.3,25060.3,62
1782933720,25059.8,25063.3,25059.8,25062.8,80
1782933780,25063.3,25063.3,25059.3,25061.3,58
1782933840,25062.3,25062.3,25060.3,25060.8,26
1782933900,25061.3,25061.3,25052.8,25054.3,92
1782933960,25054.8,25055.3,25051.3,25051.3,100
1782934020,25051.8,25052.8,25050.3,25052.3,48
1782934080,25052.8,25055.3,25052.3,25053.8,38
1782934140,25054.3,25055.3,25052.3,25054.3,76
1782934200,25053.8,25058.8,25052.3,25056.8,98
1782934260,25056.3,25056.8,25054.3,25055.3,82
1782934320,25055.8,25057.3,25053.8,25056.3,74
1782934380,25055.8,25060.3,25054.8,25060.3,66
1782934440,25059.8,25061.3,25059.2,25059.3,49
1782934500,25059.8,25059.8,25055.3,25056.8,100
1782934560,25057.3,25057.3,25054.3,25055.3,51
1782934620,25056.8,25057.3,25054.8,25055.3,58
1782934680,25054.8,25059.3,25054.3,25056.3,76
1782934740,25058.3,25058.8,25054.8,25057.3,66
1782934800,25056.8,25057.3,25050.8,25051.8,108
1782934860,25051.3,25052.8,25048.3,25049.8,132
1782934920,25050.3,25052.3,25049.8,25052.3,140
1782934980,25052.8,25054.8,25048.8,25050.8,124
1782935040,25051.3,25051.3,25048.3,25049.3,88
1782935100,25049.8,25052.3,25047.3,25049.8,118
1782935160,25050.3,25056.3,25050.3,25055.8,54
1782935220,25055.3,25055.8,25054.8,25054.8,6
1782935280,25053.8,25053.8,25049.3,25049.3,40
1782935340,25048.8,25051.3,25048.3,25051.3,58
1782935400,25052.8,25052.8,25047.3,25049.3,132
1782935460,25048.8,25050.8,25042.8,25043.3,82
1782935520,25041.3,25046.8,25039.3,25044.8,136
1782935580,25043.8,25051.8,25043.8,25051.3,52
1782935640,25050.8,25051.8,25044.8,25049.8,148
1782935700,25048.8,25049.8,25045.3,25049.3,158
1782935760,25049.8,25050.3,25047.3,25047.8,136
1782935820,25047.3,25047.3,25037.3,25039.8,148
1782935880,25040.3,25045.8,25039.8,25044.8,148
1782935940,25045.8,25054.3,25042.3,25042.3,164
1782936000,25042.2,25054.5,25028.8,25029.8,342
1782936060,25028.6,25028.8,25014,25017.3,282
1782936120,25018.3,25022.1,25013.7,25019.2,232
1782936180,25019,25020,25011.8,25016.6,242
1782936240,25016.4,25018.3,25011.1,25017.6,252
1782936300,25017.8,25020,25010.9,25014.8,217
1782936360,25015.1,25024.9,25013.2,25017.7,175
1782936420,25017.2,25030.7,25017.2,25029.9,202
1782936480,25029.5,25029.7,25025.6,25028.5,216
1782936540,25028.3,25028.3,25024.2,25024.7,192
1782936600,25024,25029.9,25022,25028.3,154
1782936660,25028,25029.9,25025.6,25025.6,160
1782936720,25025.4,25029.9,25024.2,25029.9,144
1782936780,25030.2,25036.2,25030.2,25031.6,132
1782936840,25031.9,25035.4,25024.5,25026,145
1782936900,25026.2,25026.9,25021.9,25023.3,148
1782936960,25024,25025.7,25021.4,25021.4,114
1782937020,25021.6,25024,25020,25020,86
1782937080,25019.3,25028.1,25018.8,25021.9,118
1782937140,25022.6,25029.3,25015.4,25020.5,92
1782937200,25020.2,25023.8,25020.2,25021.9,56
1782937260,25022.1,25022.4,25019.3,25021.4,88
1782937320,25020.9,25024.3,25020,25023.8,96
1782937380,25023.6,25026,25023.6,25024,58
1782937440,25023.3,25025.5,25022.6,25023.8,52
1782937500,25024.8,25026,25023.1,25023.3,56
1782937560,25023.1,25024.5,25019,25019.5,94
1782937620,25018.8,25026.5,25017.6,25026.5,60
1782937680,25026.9,25026.9,25022.9,25023.6,96
1782937740,25023.3,25024.1,25021.2,25021.4,64
1782937800,25021.7,25022.6,25020.5,25021.7,86
1782937860,25021.4,25023.8,25019.3,25023.8,70
1782937920,25022.9,25023.6,25019.8,25021.2,68
1782937980,25021.4,25022.4,25020.2,25020.9,66
1782938040,25020.5,25020.9,25015,25016.6,76
1782938100,25016.4,25016.4,25011.1,25011.1,108
1782938160,25011.4,25011.6,25003.5,25009.9,80
1782938220,25010.4,25015.7,25009.5,25015.7,66
1782938280,25015.9,25016.6,25012.1,25012.3,82
1782938340,25012.1,25012.1,25008.5,25008.5,68
1782938400,25009.5,25017,25009.5,25016,98
1782938460,25016.5,25017.7,25015.5,25016.7,114
1782938520,25016.5,25017.9,25015.5,25016.5,76
1782938580,25016,25017.4,25014.3,25014.8,68
1782938640,25015,25018.4,25015,25018.4,52
1782938700,25019.6,25021.7,25017.2,25017.4,76
1782938760,25017.2,25019.1,25017.2,25017.7,72
1782938820,25017.4,25019.3,25017.2,25018.6,82
1782938880,25018.2,25019.8,25016,25018.4,76
1782938940,25017.9,25018.9,25017.2,25017.7,72
1782939000,25017.2,25022.5,25016.7,25021.7,50
1782939060,25022.2,25023.7,25015.7,25015.9,82
1782939120,25016.4,25017.1,25012.3,25012.3,46
1782939180,25011.4,25014.3,25010.4,25013.1,120
1782939240,25012.8,25015.7,25012.3,25015.7,84
1782939300,25015.9,25019,25015.2,25019,130
1782939360,25019.3,25019.3,25017.1,25017.1,112
1782939420,25017.4,25023.6,25017.4,25023.1,88
1782939480,25022.9,25023.3,25020.5,25021,112
1782943320,25038.2,25039.2,25034.6,25035.4,40
1782943380,25036.8,25040.1,25031.3,25033.9,134
1782943440,25034.2,25039.2,25030.1,25038,116
1782943500,25038.2,25042.5,25030.8,25033.2,162
1782943560,25036.3,25039.2,25034.6,25036.5,124
1782943620,25038.4,25041.1,25038.4,25041.1,78
1782943680,25040.8,25043.2,25040.1,25041.3,78
1782943740,25040.1,25042.3,25037.2,25038.7,78
1782943800,25038.4,25039.2,25036.5,25037.5,70
1782943860,25037.2,25038.7,25036.3,25037.2,76
1782943920,25037,25037.2,25035.8,25036.3,74
1782943980,25036,25037,25034.4,25035.3,96
1782944040,25035.1,25036.5,25029.6,25033.2,96
1782944100,25033.9,25037.2,25033.7,25036.3,64
1782944160,25036.8,25037.7,25035.8,25036.8,56
1782944220,25037.2,25037.2,25035.6,25036.3,50
1782944280,25036,25036.5,25035.6,25035.6,22
1782944340,25036,25038.4,25035.6,25038.4,48
1782944400,25038.2,25043.2,25038.2,25043.2,68
1782944460,25043.9,25044.4,25042,25043,88
1782944520,25043.2,25044.2,25041.5,25043.5,56
1782944580,25043.2,25043.2,25041.8,25043,60
1782944640,25043.2,25043.2,25039.6,25040.4,40
1782944700,25040.6,25041.3,25037.5,25038.4,46
1782944760,25038.2,25047.4,25038,25046.9,46
1782944820,25047.1,25048.8,25047.1,25048.8,18
1782944940,25048.6,25049.5,25048.3,25049.3,28
1782945000,25049,25049.5,25047.4,25047.4,28
1782945060,25047.1,25047.4,25045.9,25047.4,14
1782945120,25047.8,25048.3,25047.4,25047.8,18
1782945180,25047.6,25048.6,25047.1,25048.1,38
1782945240,25048.3,25049,25048.1,25048.1,36
1782945300,25047.6,25048.8,25047.6,25047.6,30
1782945360,25048.1,25049,25047.6,25048.6,36
1782945420,25048.3,25048.6,25046.9,25047.1,26
1782945480,25047.6,25047.6,25046.9,25046.9,10
1782945540,25047.1,25047.6,25047.1,25047.4,12
1782945600,25047.6,25047.8,25047.1,25047.4,20
1782945660,25047.6,25050.5,25047.4,25048.1,24
1782945720,25048.3,25048.3,25047.8,25047.8,6
1782945780,25048.1,25049,25048.1,25048.8,10
1782945840,25048.6,25048.6,25047.4,25047.4,14
1782945900,25047.8,25047.8,25046.4,25047.1,20
1782945960,25046.7,25047.1,25044.7,25044.7,48
1782946020,25045,25045,25043.3,25043.8,30
1782946080,25044.3,25045.2,25044.3,25044.3,26
1782946140,25044,25044.7,25044,25044.7,10
1782946200,25044.5,25045,25043.3,25044,24
1782946260,25044.7,25047.6,25044.7,25046.7,30
1782946320,25046.2,25046.7,25045.7,25046.2,20
1782946380,25046.7,25046.7,25045.5,25046.7,22
1782946440,25046.2,25046.7,25044.7,25045.5,58
1782946500,25044.7,25047.8,25044.7,25047.6,38
1782946560,25048.1,25051,25047.4,25051,66
1782946620,25050.2,25051.4,25049,25051.2,44
1782946680,25050.5,25052.4,25050.5,25051.2,58
1782946740,25051,25052.9,25051,25051,68
1782946800,25051.2,25051.2,25049,25049.5,52
1782946860,25049.3,25052.4,25048.1,25051,78
1782946920,25051.2,25052.9,25048.8,25052.9,36
1782946980,25052.6,25052.9,25050.7,25051.4,24
1782947040,25051.2,25051.2,25050,25050,22
1782947100,25049.8,25050.5,25048.6,25050,24
1782947160,25049.8,25051,25049.8,25051,20
1782947220,25050.2,25050.2,25048.6,25048.6,38
1782947280,25048.1,25050,25048.1,25049.5,34
1782947340,25050,25050.2,25048.1,25049,42
1782947400,25049.5,25050.2,25049.5,25050,28
1782947460,25050.2,25050.5,25049.8,25050.2,16
1782947520,25050.5,25051.2,25044.7,25045.7,30
1782947580,25046.1,25046.6,25044.5,25045.2,64
1782947640,25045.7,25047.6,25045.7,25047.6,34
1782947700,25046.6,25047.3,25045.2,25046.1,28
1782947760,25046.6,25047.6,25046.6,25047.3,22
1782947820,25047.6,25047.8,25045.7,25047.1,26
1782947880,25046.6,25046.6,25045.2,25045.2,20
1782947940,25046.1,25048.3,25045.7,25046.9,24
1782948000,25047.6,25048.1,25047.6,25047.8,6
1782948060,25047.1,25048.1,25042.3,25042.5,34
1782948120,25043,25043.5,25041.6,25041.6,36
1782948180,25041.4,25041.6,25039.7,25039.7,22
1782948240,25040.2,25041.6,25039.2,25040.6,26
1782948300,25040.9,25042.3,25040.4,25041.1,24
1782948360,25041.4,25042.5,25041.1,25041.6,18
1782948420,25041.8,25041.8,25041.1,25041.8,10
1782948480,25042.5,25043.7,25042.5,25043.5,28
1782948540,25042.5,25042.5,25041.8,25042.1,8
1782948600,25042.3,25042.3,25041.1,25042.1,36
1782948660,25042.3,25043.3,25041.6,25043,22
1782948720,25043.5,25043.5,25042.1,25042.1,22
1782948780,25042.3,25043.7,25042.3,25043.7,16
1782948840,25042.5,25042.8,25040.6,25040.9,34
1782948900,25040.4,25040.4,25038.5,25039.2,62
1782948960,25039.4,25044.2,25039.4,25042.1,48
1782949020,25041.6,25042.8,25041.1,25042.5,42
1782949080,25043,25043.7,25042.8,25043.3,22
1782949140,25043,25043,25042.1,25042.3,26
1782949200,25042.5,25043,25042.3,25042.3,32
1782949260,25042.5,25043.5,25042.5,25043.5,20
1782949320,25043.3,25043.5,25042.3,25042.3,22
1782949380,25041.6,25041.8,25040.2,25040.2,24
1782949440,25039.9,25042.1,25039.9,25042.1,20
1782949500,25041.8,25041.8,25030.1,25034.9,130
1782949560,25035.4,25035.4,25029.2,25031.5,170
1782949620,25031.1,25034.4,25029.6,25034.4,106
1782949680,25033.9,25035.4,25027.7,25027.7,86
1782949740,25027.5,25028.2,25025.1,25025.8,114
1782949800,25026.3,25026.8,25022,25024.4,124
1782949860,25024.8,25029.6,25024.4,25028.7,98
1782949920,25028.2,25031.8,25025.3,25030.6,112
1782949980,25031.1,25035.9,25031.1,25033.7,87
1782950040,25032.3,25040.1,25031.1,25037.7,92
1782950100,25038.2,25039.6,25037.2,25038.2,78
1782950160,25037.7,25042.5,25036.7,25040.1,88
1782950220,25039.6,25040.1,25037.7,25037.7,72
1782950280,25037.9,25039.6,25037.9,25039.1,78
1782950340,25039.6,25042,25038.6,25041,94
1782950400,25039.1,25041,25024.3,25025.7,228
1782950460,25026,25026.2,24998.9,25004.9,237
1782950520,25004.6,25012.3,25003.9,25011.6,222
1782950580,25012.3,25013,24997.4,24997.6,214
1782950640,24997.1,25004.1,24993.8,24994,204
1782950700,24993.3,25012.6,24992.8,25011.4,208
1782950760,25011.8,25014.2,24999.4,24999.9,306
1782950820,25000.1,25004.9,24999.4,25002.5,214
1782950880,25002.3,25014.8,25002,25013.6,242
1782950940,25013.8,25018.4,25011.9,25018.4,242
1782951000,25018.9,25027,25016.2,25026.5,264
1782951060,25026.3,25027.9,25021.7,25022.9,210
1782951120,25022.7,25022.9,25013.4,25016.7,208
1782951180,25017.2,25017.9,25014.3,25014.3,212
1782951240,25014.6,25017.9,25013.4,25017.9,142
1782951360,25002,25004.5,24993,25004.5,96
1782951420,25002.5,25002.5,24993.5,24995.5,132
1782951480,24996.5,25003.5,24983.5,24984.5,112
1782951540,24985.5,24991,24984,24988,92
1782951600,24988.5,24994.5,24983.5,24994.5,82
1782951660,24995,25004,24993,25002.5,94
1782951720,25000,25008,24999.5,25008,112
1782951780,25009.5,25017,25006.5,25008.5,100
1782951840,25010,25015,25007.5,25013,130
1782951900,25012.5,25014,25006.5,25007,66
1782951960,25008,25010,25006.5,25009,56
1782952020,25013,25016,25005,25007,50
1782952080,25006.5,25014.5,25005.5,25013.5,50
1782952140,25012,25016,25011.5,25015.5,72
1782952200,25017,25024.5,25011.5,25015,86
1782952260,25016.5,25019.5,25011.5,25019,104
1782952320,25018.5,25020,25014.5,25014.5,50
1782952380,25017,25020,25014.5,25016.5,64
1782952440,25019,25022,25017.5,25020,106
1782952500,25019.5,25024.5,25017.5,25023,100
1782952560,25021.5,25027.5,25020,25023.5,112
1782952620,25021.5,25022,25017,25018.5,80
1782952680,25019,25019.5,25016.5,25017,38
1782952740,25015.5,25018.5,25012.5,25016.5,54
1782952800,25017,25017,25010,25010.5,110
1782952860,25010,25011.5,25005.5,25007.5,58
1782952920,25008,25010.5,24999.5,25000.5,104
1782952980,24999,24999.5,24991,24994.5,98
1782953040,24995.5,24996.5,24990,24990.5,80
1782953100,24991.5,24998,24988.5,24994,102
1782953160,24992.5,25003.5,24992.5,25001,68
1782953220,24999.5,25002,24994.5,24996,84
1782953280,24996.5,25003.5,24994.5,25003,146
1782953340,25003.5,25013.5,25000.5,25012,114
1782953400,25013,25014,25007.5,25012.5,124
1782953460,25013,25026,25011,25024.5,112
1782953520,25023.5,25030.5,25022,25029,42
1782953580,25030,25039,25030,25038.5,46
1782953640,25038,25043,25035.5,25042,82
1782953700,25040.5,25044,25031,25038.5,98
1782953760,25039,25045,25039,25043.5,72
1782953820,25045,25047,25041,25044.5,58
1782953880,25044,25044.5,25038,25039,22
1782953940,25038,25039,25034.5,25038,60
1782954000,25038.5,25043.5,25030,25043.5,140
1782954060,25044.5,25052,25042,25044.5,222
1782954120,25046,25052,25044,25049.5,136
1782954180,25050.5,25050.5,25046,25048,130
1782954240,25048.5,25056,25043.5,25056,174
1782954300,25055.5,25058,25054,25055,82
1782954360,25055.5,25061.5,25053.5,25060,60
1782954420,25061,25062.5,25057,25059.5,88
1782954480,25061,25066.5,25058.5,25063.5,64
1782954540,25065.5,25073.5,25063,25069.5,72
1782954600,25070,25073,25067,25072.5,36
1782954660,25071.5,25074.5,25068.5,25072,70
1782954720,25069.5,25075.5,25069.5,25073.5,50
1782954780,25072.5,25072.5,25068.5,25069,64
1782954840,25069.5,25074.5,25068.5,25073,70
1782954900,25073.5,25074,25059,25061,132
1782954960,25063,25074.5,25061.5,25072.5,144
1782955020,25074,25075,25068.5,25069,136
1782955080,25071,25074,25070.5,25072.5,84
1782955140,25072,25075,25071,25074,44
1782955200,25073,25075,25073,25074.5,20
1782955260,25071.5,25076.5,25071,25074,48
1782955320,25074.5,25076.5,25071.5,25075.5,60
1782955380,25076,25076.5,25073,25073.5,50
1782955440,25073,25081,25073,25081,32
1782955500,25082,25084,25078.5,25082,74
1782955560,25083,25084.5,25081,25083.5,74
1782955620,25084,25086,25076,25076,108
1782955680,25077.5,25082.5,25076,25081.5,92
1782955740,25080,25084.5,25078,25084.5,74
1782955800,25085.5,25096,25084,25095,150
1782955860,25094.5,25125.5,25093,25108.5,136
1782955920,25113,25119,25108.5,25119,110
1782955980,25119.5,25119.5,25103,25103,64
1782956040,25102.5,25113,25102.5,25112.5,110
1782956100,25110,25112,25109.5,25112,40
1782956160,25111,25117,25110,25114.5,46
1782956220,25115,25123,25115,25121.5,50
1782956280,25122,25122,25112.5,25115,56
1782956340,25112,25119.5,25112,25119.5,64
1782956400,25118.5,25126.5,25118.5,25126,44
1782956460,25125,25125,25122,25123.5,24
1782956520,25124,25126.5,25118.5,25125,66
1782956580,25126,25132.5,25125,25130.5,56
1782956640,25131,25135,25130,25131.5,36
1782956700,25132,25132,25122,25127,30
1782956760,25127.5,25133,25127.5,25133,58
1782956820,25133.5,25147.5,25133,25139.5,60
1782956880,25139,25145.5,25135.5,25145.5,52
1782956940,25144,25145,25136.5,25140,72
1782957000,25141,25144.5,25137,25144.5,20
1782957060,25145,25145,25132.5,25136.5,46
1782957120,25135,25137.5,25134,25136.5,40
1782957180,25135.5,25135.5,25130,25131.5,28
1782957240,25132,25133,25130.5,25131,28
1782957300,25131.5,25132.5,25128.5,25130,32
1782957360,25130.5,25133.5,25130.5,25132,44
1782957420,25133,25133,25130,25130,42
1782957480,25129.5,25130.5,25128.5,25128.5,36
1782957540,25128,25130.5,25125,25128,38
1782957600,25128.5,25129.5,25123,25128.5,92
1782957660,25127.5,25128.5,25123.5,25127,42
1782957720,25124.5,25130.5,25124,25125.5,62
1782957780,25125,25129,25123,25124,80
1782957840,25123,25128,25121.5,25128,46
1782957900,25128.5,25129,25127.5,25128.5,24
1782957960,25127.5,25130.5,25126,25129,40
1782958020,25128.5,25130,25125.5,25126,44
1782958080,25125,25129,25125,25128.5,42
1782958140,25129,25132,25128,25131.5,36
1782958200,25130.5,25130.5,25125.5,25126.5,26
1782958260,25129,25133,25127.5,25129.5,24
1782958320,25131.5,25134.5,25128.5,25133.5,50
1782958380,25132.5,25137,25132.5,25135,26
1782958440,25134.5,25137.5,25132.5,25137.5,26
1782958500,25137,25147,25137,25146.5,44
1782958560,25146,25146.5,25141.5,25142,60
1782958620,25142.5,25146,25140.5,25141,16
1782958680,25140.5,25141,25134.5,25141,46
1782958740,25140,25144,25138,25141.5,56
1782958800,25142,25142,25141.5,25141.5,12
1782958860,25142.5,25143.5,25139.5,25141,46
1782958920,25140,25140.5,25134,25135,40
1782958980,25135.5,25136.5,25133.5,25135,18
1782959040,25132.5,25133,25131,25133,12
1782959100,25133.5,25135,25129,25134,96
1782959160,25131,25136,25130.5,25136,56
1782959220,25132.5,25137,25132.5,25135.5,34
1782959280,25135,25135.5,25131,25131,44
1782959340,25132,25132,25127,25128,16
1782959400,25129.5,25131,25124.5,25127.5,32
1782959460,25128,25130.5,25120.5,25125,72
1782959520,25126,25130.5,25125,25130.5,38
1782959580,25131,25131.5,25128,25129,32
1782959640,25130,25132,25130,25132,4
1782959700,25131,25131,25128,25130.5,20
1782959760,25131.5,25133.5,25126.5,25126.5,58
1782959820,25127.5,25131,25127,25131,22
1782959880,25129,25129.5,25129,25129.5,4
1782959940,25129,25131.5,25127.5,25129,16
1782960000,25129.5,25130,25127,25128,32
1782960060,25128.5,25129.5,25128.5,25129.5,10
1782960120,25129,25130,25129,25129,10
1782960180,25127,25127,25126,25126,4
1782960240,25127,25129,25125.5,25127.5,68
1782960300,25125.5,25128.5,25125.5,25128.5,14
1782960360,25129.5,25132.5,25129.5,25132.5,22
1782960420,25132,25132,25131,25131.5,6
1782960540,25129.5,25129.5,25126.5,25128,10
1782960660,25127,25127,25124,25125.5,12
1782960720,25124.5,25125.5,25123,25125,12
1782960780,25124.5,25125.5,25124,25125.5,6
1782960840,25125,25128,25125,25127,26
1782960900,25127.5,25130,25125,25128.5,74
1782960960,25128,25131.5,25127,25131.5,36
1782961020,25129.5,25132.5,25129.5,25131,10
1782961080,25131.5,25131.5,25131,25131,4
1782961140,25130,25130,25128.5,25128.5,6
1782961200,25129,25132.5,25128.5,25132,22
1782961260,25131,25133,25128,25129.5,32
1782961320,25129,25129,25128,25128,4
1782961380,25127,25127,25124,25124.5,16
1782961560,25126,25126,25121.5,25122.5,34
1782961620,25120.5,25122,25119,25119,14
1782961680,25119.5,25125,25118,25124.5,50
1782961740,25124,25125,25117.5,25118,58
1782961800,25117.5,25123,25117.5,25119.5,56
1782961860,25118.5,25121,25118,25120.5,40
1782961920,25121,25123,25120.5,25122,12
1782961980,25122.5,25125,25121.5,25122,26
1782962040,25123,25126,25123,25123.5,34
1782962100,25125,25126,25123.5,25125.5,20
1782962160,25128,25128.5,25126,25126.5,24
1782962220,25126,25126,25124,25124,8
1782962280,25121.5,25122.5,25120,25121,26
1782962340,25120,25124.5,25120,25124,12
1782962400,25125.5,25125.5,25123,25123,6
1782962460,25121,25121,25117,25117,10
1782962520,25118,25118.5,25115,25116.5,26
1782962580,25115.5,25115.5,25111,25111,34
1782962640,25110,25113,25110,25113,20
1782962700,25112.5,25115,25106.5,25107,38
1782962760,25108,25108.5,25107,25107.5,66
1782962820,25108.5,25112.5,25108,25112.5,18
1782962880,25114,25114.5,25113.5,25114.5,20
1782962940,25114,25115.5,25111.5,25115.5,24
1782963000,25114.5,25121,25113.5,25120,68
1782963060,25120.5,25126,25119.5,25125,42
1782963120,25124,25128.5,25120.5,25121.5,72
1782963180,25123,25131,25122,25128.5,98
1782963240,25130,25131.5,25128.5,25130,44
1782963300,25129.5,25129.5,25125.5,25128.5,50
1782963360,25128,25130,25124.5,25126,54
1782963420,25125.5,25126,25123.5,25124,40
1782963480,25124.5,25127,25124.5,25126,60
1782963540,25126.5,25126.5,25118,25124,80
1782963600,25123.5,25128,25122.5,25127,48
1782963660,25125.5,25126.5,25117.5,25120.5,36
1782963720,25121,25123.5,25120,25123.5,64
1782963780,25124.5,25127,25122,25124.5,58
1782963840,25123.5,25129,25123.5,25127.5,52
1782963900,25126,25129,25123,25124,46
1782963960,25122.5,25126.5,25121.5,25125.5,22
1782964020,25123,25124,25119.5,25122.5,72
1782964080,25122,25124,25121.5,25121.5,56
1782964140,25122,25122,25119,25121.5,54
1782964200,25122,25123.5,25119,25122,48
1782964260,25123.5,25124,25121.5,25123.5,36
1782964320,25125,25125.5,25124.5,25125.5,6
1782964380,25127,25128.5,25124.5,25128,28
1782964440,25127.5,25131,25125.5,25127.5,44
1782964500,25127,25129.5,25126,25129,46
1782964560,25128.5,25136,25127,25135.5,60
1782964620,25135,25135.5,25134,25134,30
1782964680,25133.5,25137,25133.5,25136,16
1782964740,25135,25135.5,25132,25134.5,36
1782964800,25136,25137,25134,25135.5,32
1782964860,25136.5,25136.5,25132.5,25133.5,28
1782964920,25135,25145.5,25133,25142,70
1782964980,25143.5,25143.5,25134.5,25134.5,38
1782965040,25135.5,25136,25134.5,25135.5,10
1782965100,25132,25133.5,25125.5,25125.5,64
1782965160,25125,25131.5,25125,25129.5,20
1782965220,25129,25133.5,25129,25129.5,36
1782965280,25128.5,25128.5,25127,25128,18
1782965340,25128.5,25131,25127,25127,22
1782965400,25127.5,25127.5,25117.5,25117.5,24
1782965460,25119,25119,25110.5,25111.5,48
1782965520,25112.5,25115,25111,25114.5,66
1782965580,25115,25115.5,25114,25114.5,20
1782965640,25113.5,25117.5,25113.5,25115.5,14
1782965700,25116.5,25116.5,25109,25109,34
1782965760,25109.5,25111.5,25106,25111,64
1782965820,25110,25114.5,25110,25111,44
1782965880,25111.5,25111.5,25109,25110,20
1782965940,25108.5,25112,25108.5,25110,36
1782966000,25111,25111,25104.5,25105.5,36
1782966060,25102.5,25107,25102.5,25106.5,30
1782966120,25106,25109,25104,25104.5,36
1782966180,25105,25106.5,25102,25104.5,56
1782966240,25105.5,25110,25105,25108.5,24
1782966300,25109,25112.5,25103.5,25106,34
1782966360,25107,25109.5,25096.5,25096.5,30
1782966420,25096,25104.5,25094.5,25104.5,66
1782966480,25103,25112.5,25103,25109.5,60
1782966540,25110.5,25111,25109,25110.5,30
1782966600,25110,25110,25102.5,25104.5,58
1782966660,25103.5,25103.5,25092,25094.5,72
1782966720,25094,25094.5,25091.5,25092.5,58
1782966780,25093,25097.5,25092.5,25095,58
1782966840,25093.5,25093.5,25088.5,25091,74
1782966900,25091.5,25091.5,25088,25089,48
1782966960,25089.5,25091.5,25085.5,25086,54
1782967020,25086.5,25088.5,25084,25084.5,62
1782967080,25085.5,25087.5,25077.5,25079.5,58
1782967140,25078.5,25083,25078.5,25082.5,48
1782967200,25080,25082.5,25077,25082,42
1782967260,25076,25082,25075.5,25075.5,60
1782967320,25077.5,25080.5,25076.5,25079.5,90
1782967380,25077,25080.5,25076,25078.5,82
1782967440,25074,25079.5,25074,25077.5,38
1782967500,25077,25077,25073.5,25075.5,30
1782967560,25076.5,25082,25076,25080.5,56
1782967620,25079,25082.5,25076,25076,88
1782967680,25076.5,25080,25075,25079,52
1782967740,25079.5,25080.5,25077.5,25080,40
1782967800,25079.5,25083.5,25079.5,25082.5,42
1782967860,25083.5,25092.5,25083,25090.5,56
1782967920,25090,25091.5,25088.5,25089.5,32
1782967980,25088.5,25092,25088,25090,74
1782968040,25090.5,25094,25090,25092.5,32
1782968100,25093,25101,25092,25101,58
1782968160,25102.5,25102.5,25096,25099,66
1782968220,25098.5,25100.5,25096,25098.5,50
1782968280,25097,25099,25096.5,25099,12
1782968340,25097.5,25098,25097,25097,12
1782968400,25097.5,25099.5,25092.5,25092.5,34
1782968460,25087.5,25093.5,25086.5,25093,56
1782968520,25091.5,25094.5,25091,25092,50
1782968580,25088.5,25101.5,25088,25101,54
1782968640,25101.5,25116,25101,25115.5,42
1782968700,25116,25121,25115.5,25121,28
1782968760,25119.5,25119.5,25114,25117.5,60
1782968820,25117,25118,25113,25118,54
1782968880,25117.5,25122,25117,25120.5,38
1782968940,25121,25122,25117.5,25120.5,66
1782969000,25120,25121.5,25114,25116,56
1782969060,25114.5,25116.5,25113,25114,66
1782969120,25113.5,25116,25112.5,25113.5,62
1782969180,25113,25115,25111.5,25113,30
1782969240,25112,25112.5,25108.5,25109.5,36
1782969300,25109,25109.5,25102,25108.5,44
1782969360,25108,25108.5,25103.5,25103.5,46
1782969420,25104,25104,25096,25098.5,42
1782969480,25099,25103.5,25099,25103,42
1782969540,25102.5,25104.5,25100.5,25104.5,34
1782969600,25103,25109,25103,25105,26
1782969660,25103,25110.5,25102.5,25110,44
1782969720,25110.5,25113,25109.5,25113,46
1782969780,25111,25112,25107,25108,64
1782969840,25107,25108.5,25106,25107.5,30
1782969900,25105,25106,25100,25101,64
1782969960,25102,25105,25101.5,25104.5,70
1782970020,25103.5,25104.5,25099,25100.5,56
1782970080,25099,25100,25094,25096.5,90
1782970140,25095,25095,25088.5,25089.5,48
1782970200,25090,25090,25081,25085,96
1782970260,25085.5,25088.5,25082,25086.5,122
1782970320,25086,25086.5,25079.5,25082.5,96
1782970380,25083,25084.5,25075.5,25077,58
1782970440,25078,25083.5,25077.5,25078.5,70
1782970500,25079,25079.5,25073.5,25075.5,116
1782970560,25075,25077,25066.5,25070.5,82
1782970620,25071,25073,25068,25071,106
1782970680,25070,25072,25069,25069.5,30
1782970740,25069,25072,25063,25064,66
1782970800,25060,25068.5,25058,25066,78
1782970860,25065,25073,25061,25069,114
1782970920,25069.5,25075,25062,25062.5,86
1782970980,25063.5,25068,25060.5,25067,66
1782971040,25067.5,25069.5,25059.5,25061,108
1782971100,25060.5,25063.5,25060.5,25063.5,38
1782971160,25063,25067,25060,25061.5,62
1782971220,25061,25063.5,25059.5,25060.5,98
1782971280,25059.5,25060,25058,25058.5,22
1782971340,25059,25060.5,25055,25060.5,58
1782971400,25061,25067,25061,25064.5,122
1782971460,25065,25069,25065,25067.5,96
1782971520,25066.5,25067.5,25062.5,25063.5,118
1782971580,25064.5,25066.5,25063.5,25064.5,60
1782971640,25065,25066,25062,25062.5,44
1782971700,25061.5,25068.5,25061.5,25066,80
1782971760,25065,25069,25065,25068.5,68
1782971820,25068,25071,25066.5,25069.5,70
1782971880,25067.5,25068.5,25065,25065,40
1782971940,25064.5,25065,25060,25061.5,32
1782972000,25059.5,25072.5,25056.5,25069,122
1782972060,25069.8,25069.8,25057.3,25063.3,90
1782972120,25062.8,25067.3,25061.8,25062.3,96
1782972180,25061.8,25065.3,25060.8,25061.3,66
1782972240,25062.3,25065.3,25057.3,25060.3,78
1782972300,25059.8,25067.3,25059.3,25066.8,74
1782972360,25067.3,25068.3,25063.3,25066.8,114
1782972420,25065.8,25067.8,25059.8,25059.8,86
1782972480,25060.3,25062.3,25057.3,25060.3,60
1782972540,25060.8,25061.3,25057.3,25057.8,58
1782972600,25056.3,25058.8,25043.3,25043.3,56
1782972660,25043.8,25043.8,25039.8,25042.8,66
1782972720,25044.3,25045.8,25040.8,25041.8,68
1782972780,25042.3,25044.8,25035.8,25037.8,58
1782972840,25037.3,25039.3,25035.8,25037.3,66
1782972900,25036.3,25042.3,25033.3,25038.8,104
1782972960,25039.3,25043.3,25035.8,25039.8,124
1782973020,25039.3,25039.3,25033.8,25036.3,86
1782973080,25036.8,25040.8,25035.8,25037.8,54
1782973140,25036.8,25044.8,25036.8,25038.8,122
1782973200,25039.3,25047.3,25037.8,25045.3,116
1782973260,25044.8,25046.8,25042.3,25045.8,114
1782973320,25046.8,25051.8,25045.8,25047.8,90
1782973380,25047.3,25050.3,25044.8,25045.3,70
1782973440,25044.8,25046.3,25036.8,25039.8,44
1782973500,25038.8,25051.8,25038.8,25048.3,104
1782973560,25048.8,25048.8,25042.8,25043.8,90
1782973620,25043.3,25044.8,25032.8,25033.8,118
1782973680,25034.8,25035.3,25031.3,25034.3,78
1782973740,25033.8,25035.8,25023.8,25026.3,120
1782973800,25025.8,25038.8,25025.8,25037.3,178
1782973860,25037.8,25042.3,25035.3,25042.3,122
1782973920,25042.8,25046.8,25035.3,25035.3,98
1782973980,25036.3,25045.3,25036.3,25043.3,138
1782974040,25044.8,25046.8,25040.3,25046.3,82
1782974100,25046.8,25047.3,25040.3,25047.3,90
1782974160,25046.8,25059.3,25046.3,25058.8,66
1782974220,25059.8,25066.3,25057.3,25065.8,96
1782974280,25066.8,25066.8,25056.3,25065.8,120
1782974340,25065.3,25065.8,25062.3,25064.3,48
1782974400,25063.8,25068.8,25058.8,25068.3,86
1782974460,25067.3,25070.8,25062.3,25063.3,58
1782974520,25063.8,25063.8,25051.3,25051.3,72
1782974580,25050.8,25052.3,25049.3,25052.3,68
1782974640,25051.3,25053.3,25050.3,25050.8,34
1782974700,25044.3,25045.8,25039.8,25040.3,112
1782974760,25040.8,25043.8,25039.3,25041.3,88
1782974820,25040.8,25040.8,25032.8,25033.3,102
1782974880,25033.8,25034.3,25029.8,25031.3,96
1782974940,25032.8,25032.8,25025.8,25026.8,122
1782975000,25026.3,25026.8,25014.8,25020.3,204
1782975060,25020.8,25023.8,25017.8,25019.8,104
1782975120,25020.3,25029.8,25018.8,25028.3,128
1782975180,25028.8,25029.8,25024.3,25026.8,138
1782975240,25026.3,25027.8,25017.8,25020.8,140
1782975300,25020.3,25023.3,25018.8,25022.8,116
1782975360,25021.8,25026.8,25019.3,25022.8,122
1782975420,25022.3,25027.8,25019.3,25025.8,98
1782975480,25026.3,25029.8,25023.3,25023.3,78
1782975540,25021.8,25022.3,24973.8,24974.8,195
1782975600,24981.8,25002.8,24959.8,24991.8,368
1782975660,24991.3,25018.8,24991.3,25018.3,324
1782975720,25017.3,25021.3,24998.8,25006.8,340
1782975780,25006.3,25006.3,24988.8,25000.8,305
1782975840,25000.3,25021.8,24999.3,25020.8,293
1782975900,25020.3,25023.8,25011.8,25020.3,279
1782975960,25019.8,25022.3,25008.8,25013.3,240
1782976020,25012.8,25025.8,25008.8,25024.8,236
1782976080,25025.3,25034.8,25016.3,25034.3,231
1782976140,25034.8,25037.8,25026.8,25029.8,222
1782976200,25030.8,25048.8,25030.8,25043.3,209
1782976260,25043.8,25043.8,25027.3,25032.3,218
1782976320,25034.3,25041.8,25024.8,25026.8,200
1782976380,25026.3,25036.8,25019.8,25028.3,244
1782976440,25029.3,25034.8,25027.8,25029.3,234
1782976500,25028.8,25048.8,25025.8,25043.8,258
1782976560,25042.8,25054.3,25042.8,25051.8,218
1782976620,25052.3,25057.8,25045.3,25056.3,222
1782976680,25056.8,25070.3,25056.8,25067.8,178
1782976740,25067.3,25068.8,25059.8,25068.8,186
1782976800,25069.3,25085.3,25067,25083.8,150
1782976860,25083.3,25085.8,25076.8,25084.8,194
1782976920,25085.3,25095.3,25084.8,25093.8,176
1782976980,25093.3,25101.3,25089.3,25098.8,168
1782977040,25098.3,25098.8,25091.8,25097.3,148
1782977100,25097.8,25102.8,25086.8,25087.8,180
1782977160,25086.8,25087.8,25074.3,25076.8,181
1782977220,25076.3,25088.8,25076.3,25084.3,154
1782977280,25082.8,25089.8,25082.8,25087.3,144
1782977340,25086.8,25086.8,25077.3,25084.3,198
1782977400,25084.8,25087.8,25071.3,25081.8,222
1782977460,25080.8,25087.8,25080.8,25083.3,166
1782977520,25083.8,25083.8,25069.3,25078.3,154
1782977580,25077.3,25088.8,25077.3,25085.8,184
1782977640,25085.3,25087.3,25077.3,25080.8,186
1782977700,25081.3,25105.8,25079.8,25104.3,192
1782977760,25101.8,25108.3,25099.8,25102.3,168
1782977820,25102.8,25107.8,25098.8,25103.8,168
1782977880,25103.3,25104.8,25098.8,25103.3,172
1782977940,25103.8,25109.8,25098.8,25107.3,184
1782978000,25106.8,25121.3,25104.8,25117.8,166
1782978060,25118.8,25130.3,25117.3,25129.8,164
1782978120,25128,25140.3,25128,25134.3,164
1782978180,25133.8,25135.3,25125.3,25127.3,158
1782978240,25125.8,25133.3,25125.8,25130.3,120
1782978300,25130.8,25132.8,25122.3,25122.3,194
1782978360,25123.8,25136.8,25123.8,25135.3,222
1782978420,25135.8,25136.3,25117.8,25118.3,188
1782978480,25117.8,25124.8,25114.3,25119.8,173
1782978540,25120.3,25121.8,25114.8,25118.3,184
1782978600,25117.8,25125.9,25115.9,25118.4,164
1782978660,25117.9,25121.4,25108.9,25109.4,196
1782978720,25107.9,25115.4,25104.9,25106.4,130
1782978780,25105.9,25106.4,25096.9,25097.4,200
1782978840,25097.9,25099.9,25088.9,25090.9,196
1782978900,25089.9,25097.9,25087.4,25095.9,196
1782978960,25096.4,25097.9,25091.4,25095.4,164
1782979020,25094.9,25101.4,25091.4,25098.9,136
1782979080,25099.9,25103.4,25093.9,25096.9,150
1782979140,25097.9,25111.9,25097.9,25107.9,210
1782979200,25109.4,25115.9,25097.9,25098.9,266
1782979260,25097.9,25106.9,25097.9,25104.4,214
1782979320,25104.9,25111.9,25098.4,25105.4,200
1782979380,25105.9,25105.9,25093.4,25096.9,200
1782979440,25097.4,25107.9,25093.9,25101.4,202
1782979500,25101.9,25123.4,25101.9,25123.4,228
1782979560,25121.4,25122.9,25110.4,25110.4,178
1782979620,25109.9,25111.4,25096.4,25104.4,229
1782979680,25103.4,25109.4,25101.4,25102.4,232
1782979740,25103.4,25122.4,25102.4,25120.9,208
1782979800,25120.4,25132.9,25119.9,25129.9,176
1782979860,25128.4,25131.4,25117.9,25119.9,198
1782979920,25121.4,25122.9,25114.4,25121.9,190
1782979980,25121.4,25122.4,25110.4,25115.9,204
1782980040,25116.4,25118.9,25108.9,25111.4,214
1782980100,25110.9,25112.4,25108.4,25110.4,168
1782980160,25111.9,25113.4,25099.9,25111.4,200
1782980220,25110.9,25117.9,25110.4,25111.4,154
1782980280,25111.9,25112.9,25102.4,25103.9,164
1782980340,25104.9,25107.4,25100.4,25101.9,176
1782980400,25102.9,25115.4,25097.9,25114.9,178
1782980460,25114.4,25117.4,25103.4,25105.9,160
1782980520,25106.4,25113.9,25104.9,25107.4,140
1782980580,25108.4,25109.9,25094.9,25099.9,190
1782980640,25100.4,25104.9,25093.9,25104.4,136
1782980700,25105.4,25115.4,25102.4,25111.4,184
1782980760,25111.9,25114.9,25104.9,25112.9,170
1782980820,25112.4,25121.4,25110.4,25120.4,136
1782980880,25119.4,25123.9,25116.4,25116.4,112
1782980940,25115.9,25117.9,25104.4,25105.4,216
1782981000,25105.9,25107.4,25097.9,25105.4,222
1782981060,25105.9,25128.4,25105.9,25126.9,150
1782981120,25126.4,25126.4,25119.4,25124.4,136
1782981180,25123.9,25126.4,25120.4,25125.4,106
1782981240,25125.9,25133.4,25124.4,25131.4,200
1782981300,25131.9,25143.4,25127.4,25140.9,172
1782981360,25141.9,25150.9,25138.9,25149.4,172
1782981420,25149.9,25150.9,25146.4,25149.9,158
1782981480,25147.4,25160.4,25147.4,25151.9,160
1782981540,25152.4,25153.9,25141.9,25141.9,170
1782981600,25142.4,25147.9,25135.9,25145.9,172
1782981660,25145.4,25146.9,25136.9,25137.9,118
1782981720,25138.4,25141.9,25134.4,25135.4,120
1782981780,25135.9,25138.4,25132.4,25132.4,142
1782981840,25133.9,25137.9,25130.9,25133.4,142
1782981900,25132.9,25144.9,25130.4,25142.4,148
1782981960,25142.9,25146.9,25138.4,25145.9,150
1782982020,25145.4,25146.4,25135.9,25142.4,128
1782982080,25141.9,25150.9,25141.9,25148.4,134
1782982140,25148.9,25165.9,25148.9,25164.9,160
1782982200,25165.4,25167.4,25152.9,25156.4,158
1782982260,25156.9,25158.4,25151.4,25158.4,126
1782982320,25157.9,25160.9,25148.4,25153.4,158
1782982380,25152.9,25160.4,25152.4,25157.9,174
1782982440,25156.9,25159.4,25147.9,25149.4,156
1782982500,25149.9,25155.9,25148.9,25153.9,144
1782982560,25154.4,25161.4,25153.9,25155.4,102
1782982620,25154.9,25159.9,25148.9,25157.4,138
1782982680,25157.9,25159.4,25150.4,25150.4,84
1782982740,25149.9,25153.9,25147.4,25150.4,124
1782982800,25149.9,25151.9,25137.9,25139.4,142
1782982860,25139.9,25141.9,25135.9,25141.9,110
1782982920,25142.9,25150.4,25142.9,25147.4,124
1782982980,25146.9,25152.9,25145.4,25151.9,148
1782983040,25151.4,25159.4,25151.4,25155.9,104
1782983100,25157.4,25158.4,25141.9,25142.4,200
1782983160,25141.4,25142.4,25138.4,25142.4,162
1782983220,25141.4,25142.4,25132.4,25136.4,186
1782983280,25136.9,25144.4,25136.9,25141.4,166
1782983340,25140.4,25153.4,25140.4,25153.4,146
1782983400,25152.4,25158.4,25146.4,25150.4,190
1782983460,25150.9,25160.4,25150.9,25155.9,126
1782983520,25156.4,25158.2,25149.2,25157.2,135
1782983580,25158.2,25163.4,25156.2,25158.4,167
1782983640,25157.9,25162.4,25155.4,25162.4,112
1782983700,25162.9,25162.9,25151.4,25160.4,136
1782983760,25160.9,25166.4,25156.4,25166.4,134
1782983820,25167.4,25187.9,25165.9,25183.9,157
1782983880,25184.9,25186.9,25178.4,25180.4,126
1782983940,25180.9,25186.4,25178.4,25180.4,117
1782984000,25181.4,25187.4,25178.9,25187.4,126
1782984060,25186.9,25194.9,25184.4,25191.4,102
1782984120,25190.9,25191.4,25185.4,25190.4,142
1782984180,25189.4,25194.4,25186.9,25189.4,96
1782984240,25189.9,25190.4,25178.4,25178.4,120
1782984300,25176.4,25176.9,25167.9,25169.9,126
1782984360,25170.4,25173.4,25164.4,25167.4,100
1782984420,25166.4,25167.4,25163.4,25165.4,98
1782984480,25166.4,25180.4,25166.4,25177.4,138
1782984540,25175.9,25179.4,25174.9,25177.4,98
1782984600,25178.4,25185.4,25177.9,25183.4,98
1782984660,25182.9,25187.4,25176.4,25176.9,116
1782984720,25177.9,25184.4,25174.9,25181.4,162
1782984780,25180.9,25182.9,25177.4,25180.4,120
1782984840,25179.9,25182.9,25177.4,25178.4,164
1782984900,25178.9,25183.9,25175.4,25179.4,136
1782984960,25179.9,25184.4,25175.4,25181.9,134
1782985020,25182.4,25184.4,25174.4,25178.4,120
1782985080,25179.4,25186.9,25179.4,25182.4,166
1782985140,25181.9,25183.4,25178.4,25179.4,114
1782985200,25178.9,25180.4,25171.9,25174.4,124
1782985260,25173.9,25179.4,25173.4,25178.4,128
1782985320,25178.9,25182.9,25176.4,25181.4,92
1782985380,25181.9,25186.4,25180.4,25185.9,72
1782985440,25186.4,25194.4,25186.4,25187.9,125
1782985500,25186.9,25187.9,25183.4,25186.4,126
1782985560,25185.9,25186.9,25176.9,25178.4,126
1782985620,25177.9,25186.4,25177.9,25178.9,130
1782985680,25179.4,25183.4,25177.9,25183.4,106
1782985740,25184.4,25184.4,25171.4,25173.4,150
1782985800,25172.9,25183.4,25172.9,25181.9,108
1782985860,25183.4,25186.4,25176.9,25179.4,118
1782985920,25179.9,25185.9,25178.4,25185.4,78
1782985980,25185.9,25195.9,25183.4,25194.9,98
1782986040,25194.4,25196.4,25189.9,25195.9,116
1782986100,25195.4,25199.4,25189.4,25190.9,176
1782986160,25191.9,25192.9,25182.9,25183.9,141
1782986220,25184.9,25187.4,25179.9,25185.4,108
1782986280,25184.4,25188.9,25178.4,25179.4,104
1782986340,25179.9,25181.9,25175.9,25178.9,142
1782986400,25181.4,25181.4,25168.4,25169.9,172
1782986460,25169.4,25170.9,25160.4,25169.4,170
1782986520,25168.9,25177.9,25168.9,25175.4,150
1782986580,25174.9,25174.9,25169.9,25173.9,126
1782986640,25171.4,25181.9,25171.4,25174.4,136
1782986700,25175.9,25181.4,25173.4,25175.9,156
1782986760,25176.4,25176.9,25166.9,25167.4,124
1782986820,25166.4,25176.4,25166.4,25175.4,90
1782986880,25176.4,25179.4,25172.4,25174.9,120
1782986940,25175.4,25175.9,25164.4,25164.4,126
1782987000,25163.9,25172.4,25163.4,25170.9,112
1782987060,25170.4,25175.4,25170.4,25171.4,136
1782987120,25170.9,25172.9,25166.4,25167.9,134
1782987180,25168.4,25170.9,25166.4,25167.9,140
1782987240,25167.4,25172.4,25166.9,25172.4,86
1782987300,25171.4,25181.4,25169.9,25175.9,118
1782987360,25175.4,25182.9,25175.4,25181.4,100
1782987420,25181.9,25191.9,25181.9,25191.4,90
1782987480,25190.9,25194.4,25190.9,25192.4,70
1782987540,25191.9,25194.4,25185.4,25194.4,108
1782987600,25193.9,25197.4,25188.9,25189.4,106
1782987660,25188.9,25191.9,25186.9,25191.9,118
1782987720,25191.4,25195.4,25189.4,25192.4,80
1782987780,25193.4,25198.4,25190.9,25198.4,68
1782987840,25197.4,25197.4,25191.4,25194.4,98
1782987900,25193.4,25198.9,25191.4,25198.9,122
1782987960,25199.4,25204.4,25196.9,25203.4,100
1782988020,25202.9,25209.4,25202.4,25207.4,94
1782988080,25206.9,25209.4,25203.4,25203.9,112
1782988140,25204.4,25209.4,25202.9,25209.4,96
1782988200,25212.9,25219.4,25211.9,25217.4,138
1782988260,25216.9,25231.4,25216.4,25228.4,129
1782988320,25228.9,25228.9,25220.9,25220.9,106
1782988380,25220.4,25235.9,25219.9,25234.4,108
1782988440,25235.4,25248.9,25234.4,25238.4,124
1782988500,25239.4,25242.9,25238.4,25242.9,102
1782988560,25243.4,25248.4,25241.4,25245.9,142
1782988620,25244.9,25246.4,25239.7,25245.9,68
1782988680,25246.4,25253.9,25245.4,25250.4,74
1782988740,25249.9,25255.4,25249.9,25254.9,72
1782988800,25255.4,25256.4,25248.4,25248.4,74
1782988860,25249.4,25253.4,25246.9,25248.4,90
1782988920,25248.9,25253.9,25247.9,25251.9,100
1782988980,25252.4,25261.4,25252.4,25254.9,81
1782989040,25254.4,25256.4,25251.4,25256.4,64
1782989100,25256.9,25261.4,25255.9,25261.4,74
1782989160,25260.4,25268.4,25257.4,25268.4,78
1782989220,25268.9,25275.4,25266.4,25273.9,92
1782989280,25274.4,25274.4,25260.9,25264.4,117
1782989340,25263.4,25267.9,25261.9,25263.4,110
1782989400,25264.4,25265.9,25259.4,25259.4,82
1782989460,25258.9,25261.9,25250.9,25252.4,110
1782989520,25251.4,25269.4,25251.4,25266.4,140
1782989580,25267.9,25269.4,25266.4,25268.4,100
1782989640,25269.9,25275.4,25266.4,25268.9,136
1782989700,25269.4,25276.4,25268.4,25273.9,88
1782989760,25274.4,25279.4,25271.4,25279.4,94
1782989820,25280.4,25280.9,25274.9,25275.4,58
1782989880,25276.4,25292.4,25274.9,25287.9,106
1782989940,25288.4,25288.4,25282.4,25282.4,114
1782990000,25282.9,25295.9,25280.7,25295.9,147
1782990060,25294.2,25301.4,25293.9,25300.4,116
1782990120,25302.4,25302.4,25289.4,25291.4,133
1782990180,25289.9,25289.9,25277.4,25278.4,108
1782990240,25278.9,25281.4,25274.9,25275.4,114
1782990300,25273.9,25276.4,25270.9,25274.9,62
1782990360,25273.9,25273.9,25262.4,25263.4,102
1782990420,25264.4,25274.4,25263.9,25274.4,110
1782990480,25273.9,25278.4,25270.4,25277.4,104
1782990540,25277.9,25279.9,25275.4,25277.4,98
1782990600,25276.4,25279.4,25273.9,25275.9,104
1782990660,25276.4,25284.4,25276.4,25283.4,74
1782990720,25283.9,25288.4,25280.4,25281.9,122
1782990780,25281.4,25287.4,25280.4,25283.9,124
1782990840,25284.4,25284.4,25279.4,25281.9,90
1782990900,25282.4,25284.4,25278.4,25279.9,108
1782990960,25279.4,25287.4,25279.4,25287.4,74
1782991020,25287.9,25287.9,25281.9,25286.4,106
1782991080,25286.9,25287.4,25274.4,25278.9,94
1782991140,25279.4,25284.9,25278.4,25283.4,108
1782991200,25284.4,25284.9,25276.4,25283.4,132
1782991260,25283.9,25284.4,25271.4,25271.4,116
1782991320,25271.9,25282.4,25270.4,25282.4,92
1782991380,25283.4,25285.4,25283.4,25284.4,40
1782991440,25284.9,25286.9,25282.4,25282.4,120
1782991500,25281.4,25284.9,25278.4,25281.4,142
1782991560,25281.9,25290.9,25280.4,25289.4,110
1782991620,25287.4,25289.2,25284.4,25288.7,75
1782991680,25288.2,25290.9,25286.4,25289.9,125
1782991740,25290.4,25290.4,25284.4,25285.9,98
1782991800,25285.4,25291.4,25284.9,25286.9,92
1782991860,25287.4,25291.4,25287.4,25291.4,86
1782991920,25291.9,25295.9,25287.9,25288.9,108
1782991980,25287.4,25290.9,25283.4,25288.4,84
1782992040,25287.9,25290.4,25282.4,25285.9,130
1782992100,25285.4,25286.9,25281.4,25286.9,86
1782992160,25286.4,25287.9,25279.9,25280.4,86
1782992220,25279.4,25286.4,25277.4,25286.4,94
1782992280,25285.4,25294.4,25285.4,25291.4,110
1782992340,25291.9,25293.9,25289.9,25293.4,66
1782992400,25293.9,25295.4,25289.4,25289.4,126
1782992460,25289.9,25292.4,25284.4,25292.4,128
1782992520,25292.9,25292.9,25283.4,25283.4,88
1782992580,25283.9,25284.4,25279.4,25280.9,126
1782992640,25280.4,25285.9,25278.9,25283.4,108
1782992700,25282.4,25294.9,25282.4,25293.4,116
1782992760,25294.4,25296.4,25287.4,25287.9,136
1782992820,25287.4,25291.4,25287.4,25289.4,84
1782992880,25289.9,25295.9,25289.9,25295.4,108
1782992940,25294.4,25303.4,25292.9,25300.4,110
1782993000,25299.9,25305.9,25296.9,25305.9,108
1782993060,25305.4,25311.9,25301.9,25309.9,150
1782993120,25310.4,25311.4,25302.4,25305.4,110
1782993180,25304.9,25306.9,25302.4,25305.4,84
1782993240,25304.4,25304.4,25298.9,25302.4,106
1782993300,25303.4,25309.9,25302.9,25307.4,84
1782993360,25307.9,25309.4,25305.9,25306.4,52
1782993420,25306.9,25308.4,25301.9,25302.4,74
1782993480,25301.9,25309.4,25301.4,25306.9,80
1782993540,25306.4,25308.4,25303.4,25303.4,112
1782993600,25303.9,25304.4,25294.9,25298.9,156
1782993660,25298.4,25304.4,25296.9,25304.4,110
1782993720,25303.9,25310.4,25303.4,25309.9,90
1782993780,25310.4,25317.9,25307.9,25316.9,101
1782993840,25316.4,25322.9,25315.4,25319.4,120
1782993900,25320.4,25322.4,25316.9,25319.4,88
1782993960,25319.9,25328.4,25319.4,25324.4,112
1782994020,25323.9,25331.4,25322.9,25329.4,108
1782994080,25328.4,25334.9,25323.9,25333.9,138
1782994140,25334.4,25334.4,25325.4,25327.4,128
1782994200,25328.4,25337.9,25327.4,25331.9,90
1782994260,25331.4,25335.4,25330.4,25335.4,122
1782994320,25333.9,25334.9,25325.9,25325.9,140
1782994380,25325.4,25333.9,25324.9,25333.9,98
1782994440,25332.9,25342.9,25332.9,25342.9,136
1782994500,25343.4,25345.4,25331.9,25336.4,162
1782994560,25335.4,25343.4,25334.4,25343.4,98
1782994620,25343.9,25347.4,25333.9,25336.4,140
1782994680,25337.4,25337.4,25329.4,25332.9,166
1782994740,25332.4,25333.4,25329.4,25330.4,124
1782994800,25331.4,25341.9,25327.9,25339.4,136
1782994860,25338.9,25344.9,25335.9,25342.9,160
1782994920,25343.4,25359.4,25343.4,25354.9,152
1782994980,25355.4,25355.4,25343.9,25346.4,162
1782995040,25345.9,25347.9,25344.4,25344.4,134
1782995100,25344.9,25348.4,25341.9,25345.4,132
1782995160,25343.9,25343.9,25336.9,25337.4,138
1782995220,25337.9,25337.9,25331.9,25336.9,152
1782995280,25336.4,25336.9,25319.9,25330.9,148
1782995340,25331.4,25339.9,25325.4,25339.9,156
1782995400,25372.9,25382.9,25342.2,25382.9,263
1782995460,25385.9,25397.4,25362.4,25365.9,338
1782995520,25367.4,25379.9,25366.4,25374.9,284
1782995580,25374.4,25394.9,25366.4,25391.9,258
1782995640,25392.4,25403.4,25388.9,25393.9,232
1782995700,25393.4,25413.9,25390.9,25412.9,244
1782995760,25412.4,25419.9,25406.9,25407.9,240
1782995820,25408.9,25409.9,25400.9,25403.4,264
1782995880,25402.4,25410.4,25391.9,25409.9,274
1782995940,25410.4,25424.4,25405.9,25423.4,282
1782996000,25422.9,25439.4,25421.4,25438.9,232
1782996060,25438.4,25451.9,25437.9,25446.4,276
1782996120,25447.4,25454.9,25441.9,25443.9,212
1782996180,25444.9,25468.9,25443.9,25465.4,200
1782996240,25464.9,25466.9,25461.4,25466.4,214
1782996300,25465.9,25469.4,25452.4,25453.4,222
1782996360,25452.9,25461.4,25450.9,25461.4,214
1782996420,25460.9,25463.9,25450.9,25451.9,246
1782996480,25450.9,25461.9,25446.4,25458.9,218
1782996540,25459.4,25462.9,25449.9,25462.9,206
1782996600,25462.4,25467.9,25456.9,25466.4,196
1782996660,25467.4,25468.9,25461.9,25464.4,262
1782996720,25463.4,25468.4,25457.9,25458.4,219
1782996780,25457.9,25458.4,25438.4,25438.9,216
1782996840,25439.4,25451.9,25439.4,25444.9,202
1782996900,25444.4,25445.9,25432.9,25435.4,202
1782996960,25432.9,25434.4,25428.4,25430.9,228
1782997020,25431.4,25431.4,25422.9,25428.4,226
1782997080,25426.4,25427.4,25421.4,25422.4,168
1782997140,25422.9,25442.4,25421.4,25441.4,182
1782997200,25441.9,25450.4,25439.4,25443.4,278
1782997260,25443.9,25445.4,25430.4,25442.9,258
1782997320,25443.4,25445.4,25433.9,25433.9,228
1782997380,25434.4,25448.4,25433.4,25445.4,148
1782997440,25444.4,25456.4,25442.9,25455.9,192
1782997500,25455.4,25456.4,25443.9,25446.9,194
1782997560,25447.4,25451.9,25443.9,25444.4,172
1782997620,25443.9,25454.4,25442.4,25448.9,214
1782997680,25449.4,25449.4,25437.9,25444.9,136
1782997740,25445.4,25454.9,25445.4,25453.4,169
1782997800,25453.9,25463.9,25453.4,25463.9,153
1782997860,25464.4,25469.4,25458.4,25459.4,160
1782997920,25459.9,25461.4,25453.4,25457.4,146
1782997980,25456.9,25458.4,25451.9,25452.9,200
1782998040,25453.4,25454.4,25442.4,25445.9,204
1782998100,25445.4,25449.4,25437.9,25448.4,172
1782998160,25447.9,25452.9,25447.4,25450.4,144
1782998220,25451.4,25455.4,25447.9,25452.4,148
1782998280,25451.9,25465.4,25451.4,25464.9,182
1782998340,25465.4,25465.9,25459.9,25465.4,104
1782998400,25464.9,25466.4,25461.4,25466.4,132
1782998460,25469.9,25488.4,25469.4,25487.4,162
1782998520,25486.4,25486.9,25482.4,25484.4,128
1782998580,25485.4,25491.9,25479.9,25489.9,180
1782998640,25490.4,25492.4,25484.9,25488.4,126
1782998700,25487.9,25488.4,25480.4,25484.9,188
1782998760,25485.4,25491.9,25482.4,25491.9,150
1782998820,25491.4,25494.9,25484.4,25488.9,210
1782998880,25490.4,25521.4,25488.4,25515.9,226
1782998940,25513.4,25513.9,25504.9,25506.9,194
1782999000,25507.9,25514.9,25497.2,25511.9,396
1782999060,25510.9,25515.4,25499.4,25515.4,334
1782999120,25515.9,25531.4,25504.7,25511.4,323
1782999180,25510.9,25521.4,25506.9,25518.4,276
1782999240,25519.4,25526.4,25513.9,25524.9,278
1782999300,25525.4,25554.9,25524.4,25551.4,276
1782999360,25551.9,25553.9,25539.4,25551.9,312
1782999420,25551.4,25551.4,25543.4,25547.9,258
1782999480,25546.9,25551.4,25539.4,25549.4,284
1782999540,25551.9,25560.4,25551.4,25557.4,276
1782999600,25556.9,25564.4,25548.9,25551.4,228
1782999660,25550.9,25567.4,25547.4,25564.4,216
1782999720,25562.9,25576.4,25559.9,25572.9,236
1782999780,25572.4,25587.9,25570.4,25586.4,249
1782999840,25585.9,25588.4,25580.4,25585.9,255
1782999900,25585.4,25593.9,25581.9,25591.9,224
1782999960,25592.4,25610.4,25590.9,25606.9,248
1783000020,25606.4,25611.4,25597.4,25609.4,260
1783000080,25608.9,25619.4,25608.9,25618.4,207
1783000140,25618.9,25629.4,25615.4,25628.4,240
1783000200,25629.4,25648.9,25628.4,25642.9,264
1783000260,25642.4,25661.9,25639.4,25644.4,305
1783000320,25645.4,25655.9,25642.4,25654.9,248
1783000380,25655.9,25658.9,25643.4,25646.9,216
1783000440,25645.9,25645.9,25628.4,25635.4,234
1783000500,25634.4,25644.4,25632.9,25635.4,274
1783000560,25635.9,25640.9,25624.2,25631.7,263
1783000620,25632.2,25638.4,25629.7,25631.4,223
1783000680,25631.9,25641.4,25630.9,25640.9,189
1783000740,25641.9,25650.9,25637.7,25642.9,227
1783000800,25643.4,25643.4,25625.9,25630.9,236
1783000860,25630.4,25642.4,25629.4,25636.9,254
1783000920,25636.4,25637.4,25617.9,25623.9,212
1783000980,25622.9,25623.4,25612.4,25615.4,200
1783001040,25614.9,25616.4,25602.4,25606.4,206
1783001100,25605.4,25607.9,25598.4,25599.4,236
1783001160,25599.9,25618.9,25597.4,25615.9,248
1783001220,25617.4,25629.9,25615.7,25622.4,200
1783001280,25623.9,25633.4,25617.7,25617.7,196
1783001340,25618.2,25622.7,25609.4,25611.4,286
1783001400,25611.9,25619.4,25605.4,25606.9,307
1783001460,25607.4,25628.4,25607.4,25628.4,219
1783001520,25627.9,25632.9,25619.7,25632.9,206
1783001580,25632.4,25654.9,25632.4,25653.4,206
1783001640,25652.9,25654.4,25641.4,25643.4,196
1783001700,25643.9,25654.4,25641.9,25642.4,250
1783001760,25642.9,25647.9,25639.9,25645.4,220
1783001820,25644.9,25645.4,25629.4,25629.9,228
1783001880,25629.4,25639.9,25620.4,25629.9,304
1783001940,25630.4,25632.9,25622.9,25630.4,274
1783002000,25630.9,25630.9,25607.4,25609.4,269
1783002060,25609.9,25616.9,25607.4,25613.7,265
1783002120,25613.2,25621.9,25608.2,25621.2,238
1783002180,25620.2,25625.9,25608.9,25611.4,344
1783002240,25611.9,25617.9,25608.4,25613.4,233
1783002300,25612.4,25618.4,25611.4,25616.4,289
1783002360,25615.9,25620.9,25608.9,25608.9,256
1783002420,25609.4,25611.9,25600.9,25605.9,270
1783002480,25606.4,25612.4,25598.9,25604.4,298
1783002540,25605.4,25608.9,25594.4,25603.9,282
1783002600,25604.4,25608.4,25593.9,25606.4,354
1783002660,25606.9,25618.4,25600.9,25616.9,300
1783002720,25616.2,25631.9,25615.2,25627.9,229
1783002780,25626.9,25633.9,25613.4,25613.4,321
1783002840,25612.9,25616.4,25600.4,25611.4,272
1783002900,25610.9,25625.4,25610.4,25612.4,281
1783002960,25611.4,25625.4,25609.4,25624.4,271
1783003020,25623.4,25630.9,25621.7,25625.9,279
1783003080,25625.4,25625.4,25614.9,25622.9,276
1783003140,25622.4,25633.4,25620.7,25626.4,232
1783003200,25627.4,25630.9,25623.4,25627.4,272
1783003260,25626.9,25627.9,25613.9,25615.4,285
1783003320,25616.4,25616.4,25605.4,25612.9,334
1783003380,25613.4,25613.4,25597.9,25603.4,296
1783003440,25603.9,25609.4,25593.4,25596.4,300
1783003500,25596.9,25606.9,25594.9,25596.4,300
1783003560,25594.9,25610.9,25593.9,25609.7,300
1783003620,25609.2,25617.9,25598.9,25601.9,267
1783003680,25601.4,25605.9,25584.2,25585.4,286
1783003740,25584.9,25597.9,25584.9,25590.9,318
1783003800,25591.9,25599.9,25588.9,25593.4,294
1783003860,25593.9,25610.9,25590.4,25608.4,300
1783003920,25607.9,25612.9,25602.9,25611.4,284
1783003980,25611.9,25615.4,25600.4,25612.9,272
1783004040,25612.4,25615.9,25609.4,25612.9,252
1783004100,25614.4,25628.4,25613.4,25627.4,252
1783004160,25626.9,25628.9,25619.9,25628.9,232
1783004220,25627.4,25633.4,25625.9,25630.9,224
1783004280,25631.9,25632.9,25625.9,25630.4,170
1783004340,25630.9,25641.4,25624.4,25641.4,196
1783004400,25642.4,25646.4,25635.9,25638.9,258
1783004460,25639.9,25652.9,25637.9,25648.4,208
1783004520,25648.9,25652.4,25644.4,25649.9,252
1783004580,25650.4,25651.9,25639.9,25642.9,272
1783004640,25643.4,25646.4,25622.9,25622.9,256
1783004700,25621.9,25626.9,25606.4,25613.9,324
1783004760,25613.4,25622.4,25606.4,25608.4,268
1783004820,25608.9,25610.9,25585.9,25593.9,360
1783004880,25594.4,25611.9,25593.4,25608.9,338
1783004940,25608.4,25611.4,25599.9,25602.4,330
1783005000,25602.9,25605.9,25594.9,25604.9,318
1783005060,25605.4,25627.4,25604.9,25626.4,274
1783005120,25624.4,25632.4,25623.9,25625.9,246
1783005180,25626.4,25627.4,25611.4,25611.4,274
1783005240,25612.4,25613.9,25605.4,25606.4,222
1783005300,25605.4,25615.9,25603.9,25611.4,288
1783005360,25612.4,25612.9,25595.4,25598.9,284
1783005420,25599.4,25601.9,25577.4,25578.4,286
1783005480,25579.9,25592.4,25579.9,25581.4,306
1783005540,25581.9,25583.9,25575.9,25575.9,203
1783005600,25577.4,25589.4,25572.9,25583.4,297
1783005660,25583.9,25594.7,25580.4,25585.4,294
1783005720,25584.9,25590.4,25576.9,25577.4,264
1783005780,25576.9,25577.9,25568.7,25576.4,220
1783005840,25576.9,25585.4,25576.4,25581.4,286
1783005900,25580.9,25586.9,25577.4,25585.4,284
1783005960,25585.9,25606.4,25585.9,25596.4,248
1783006020,25596.9,25597.4,25581.9,25583.4,274
1783006080,25582.4,25586.4,25574.4,25583.4,264
1783006140,25588.4,25588.4,25547.9,25555.9,268
1783006200,25553.8,25574.8,25549.8,25567.8,331
1783006260,25568.3,25584.8,25568.3,25583.8,298
1783006320,25584.8,25593.8,25580.3,25587.3,272
1783006380,25586.8,25590.8,25579.8,25590.3,252
1783006440,25592.8,25599.3,25569.8,25580.8,345
1783006500,25583.8,25601.3,25578.8,25598.8,299
1783006560,25599.3,25610.3,25598.8,25608.8,230
1783006620,25609.3,25617.8,25606.8,25613.3,206
1783006680,25611.3,25617.8,25607.3,25610.3,220
1783006740,25609.8,25609.8,25595.8,25600.8,236
1783006800,25601.8,25614.3,25599.3,25612.8,194
1783006860,25611.8,25619.3,25609.3,25615.8,186
1783006920,25614.8,25619.8,25606.3,25609.8,204
1783006980,25608.8,25613.8,25601.3,25605.8,198
1783007040,25604.8,25610.3,25599.8,25601.8,222
1783007100,25603.3,25614.3,25602.8,25606.8,206
1783007160,25606.3,25606.3,25593.8,25594.8,210
1783007220,25595.3,25595.3,25579.8,25581.8,199
1783007280,25580.8,25594.3,25580.8,25593.3,232
1783007340,25593.8,25594.8,25581.3,25584.3,209
1783007400,25583.8,25583.8,25568.8,25569.3,203
1783007460,25568.8,25579.3,25565.8,25573.8,240
1783007520,25575.3,25575.8,25567.3,25569.3,274
1783007580,25569.8,25569.8,25561.3,25565.8,186
1783007640,25565.3,25571.3,25562.8,25569.8,222
1783007700,25568.8,25569.8,25551.3,25551.8,224
1783007760,25552.8,25555.3,25546.8,25553.8,172
1783007820,25554.3,25559.8,25550.8,25556.3,169
1783007880,25556.8,25564.3,25555.3,25562.8,182
1783007940,25563.8,25564.3,25553.3,25558.8,188
1783008000,25557.8,25570.8,25557.3,25565.3,220
1783008060,25564.8,25571.8,25560.8,25567.8,202
1783008120,25569.3,25572.8,25563.3,25569.3,234
1783008180,25568.8,25578.8,25565.3,25578.3,202
1783008240,25577.8,25588.3,25575.3,25583.8,164
1783008300,25584.3,25593.8,25584.3,25586.8,214
1783008360,25586.3,25591.8,25583.3,25590.8,162
1783008420,25590.3,25592.8,25586.8,25590.8,216
1783008480,25590.3,25593.8,25587.3,25592.8,141
1783008540,25592.3,25593.8,25585.3,25589.8,180
1783008600,25590.8,25598.8,25585.8,25598.8,186
1783008660,25599.3,25602.8,25595.3,25595.8,190
1783008720,25596.3,25601.8,25592.3,25601.3,122
1783008780,25600.3,25600.8,25593.8,25595.3,120
1783008840,25594.8,25596.3,25591.8,25594.3,140
1783008900,25595.3,25599.8,25587.8,25596.8,169
1783008960,25596.3,25601.8,25596.3,25598.8,166
1783009020,25597.8,25601.8,25593.8,25593.8,172
1783009080,25594.3,25600.8,25594.3,25600.8,144
1783009140,25600.3,25607.8,25599.3,25599.8,172
1783009200,25599.3,25600.3,25583.8,25591.8,192
1783009260,25592.8,25595.3,25587.8,25594.8,197
1783009320,25594.3,25596.8,25588.3,25593.8,184
1783009380,25594.8,25594.8,25585.8,25588.3,172
1783009440,25587.8,25591.8,25586.8,25587.3,140
1783009500,25586.8,25596.3,25586.8,25590.8,218
1783009560,25590.3,25590.8,25583.3,25589.3,178
1783009620,25588.8,25588.8,25579.8,25580.3,150
1783009680,25581.8,25582.3,25575.8,25578.3,150
1783009740,25577.8,25579.8,25571.8,25575.8,150
1783009800,25576.3,25576.8,25563.8,25566.8,194
1783009860,25566.3,25575.8,25565.8,25570.3,172
1783009920,25569.8,25576.8,25568.3,25576.3,184
1783009980,25575.8,25578.3,25572.2,25573.2,149
1783010040,25572.7,25573.8,25568.8,25569.3,195
1783010100,25568.8,25571.8,25562.3,25569.8,168
1783010160,25570.8,25572.3,25560.3,25564.3,164
1783010220,25564.8,25565.8,25551.3,25551.3,194
1783010280,25551.8,25557.3,25547.8,25555.3,222
1783010340,25555.8,25562.3,25552.8,25561.8,182
1783010400,25562.3,25571.3,25561.8,25570.3,222
1783010460,25569.8,25573.8,25565.8,25567.8,197
1783010520,25566.8,25571.8,25565.3,25570.8,166
1783010580,25570.3,25574.8,25570.3,25572.8,152
1783010640,25573.8,25579.3,25569.8,25573.3,180
1783010700,25573.8,25574.3,25563.8,25565.3,176
1783010760,25565.8,25568.3,25563.8,25565.8,143
1783010820,25566.8,25573.8,25563.3,25571.8,156
1783010880,25572.3,25575.3,25566.8,25574.3,196
1783010940,25573.8,25575.8,25570.8,25571.8,132
1783011000,25570.8,25571.8,25560.3,25561.8,184
1783011060,25561.3,25565.8,25558.3,25562.8,178
1783011120,25562.3,25567.8,25561.8,25564.3,180
1783011180,25563.8,25564.8,25554.8,25555.3,152
1783011240,25555.8,25561.8,25555.8,25558.8,142
1783011300,25557.3,25557.8,25541.8,25546.3,170
1783011360,25544.8,25546.3,25534.3,25536.3,203
1783011420,25536.8,25541.8,25535.8,25536.3,194
1783011480,25536.8,25541.8,25536.3,25538.8,182
1783011540,25539.8,25543.8,25538.8,25543.3,172
1783011600,25541.8,25545.8,25534.8,25534.8,218
1783011660,25535.8,25536.8,25525.3,25532.3,160
1783011720,25531.8,25536.8,25527.8,25528.8,174
1783011780,25528.3,25529.3,25515.8,25519.3,180
1783011840,25520.3,25523.8,25515.3,25522.8,206
1783011900,25521.8,25521.8,25512.3,25519.8,214
1783011960,25520.8,25535.8,25519.8,25533.3,213
1783012020,25534.8,25538.8,25528.3,25530.8,166
1783012080,25529.8,25535.3,25527.8,25532.8,166
1783012140,25531.8,25532.8,25521.3,25522.3,160
1783012200,25522.8,25525.8,25514.8,25517.8,164
1783012260,25518.3,25519.8,25516.3,25519.8,172
1783012320,25519.3,25520.3,25511.3,25512.8,162
1783012380,25513.3,25515.8,25507.8,25515.8,142
1783012440,25514.8,25526.3,25512.8,25525.8,156
1783012500,25525.3,25526.8,25519.8,25525.3,126
1783012560,25525.8,25527.8,25521.8,25527.3,178
1783012620,25527.8,25531.3,25523.3,25523.8,180
1783012680,25523.3,25532.3,25520.3,25526.3,159
1783012740,25525.8,25527.8,25520.8,25523.3,182
1783012800,25523.8,25524.3,25518.8,25521.3,164
1783012860,25521.8,25531.8,25520.8,25527.8,166
1783012920,25528.3,25529.3,25522.3,25525.8,168
1783012980,25524.8,25526.8,25517.7,25524.3,145
1783013040,25523.8,25526.8,25520.3,25522.8,128
1783013100,25522.3,25525.3,25520.3,25522.3,128
1783013160,25522.8,25526.8,25515.3,25517.8,142
1783013220,25518.8,25523.8,25517.7,25521.8,113
1783013280,25522.3,25526.3,25518.8,25525.8,130
1783013340,25526.3,25528.8,25523.8,25528.8,148
1783013400,25528.3,25533.3,25526.8,25526.8,142
1783013460,25527.8,25531.8,25526.8,25531.3,160
1783013520,25530.8,25531.3,25527.3,25530.3,102
1783013580,25530.8,25535.3,25530.3,25531.3,106
1783013640,25532.3,25533.8,25522.8,25523.8,134
1783013700,25522.8,25526.8,25519.3,25520.8,190
1783013760,25521.3,25522.8,25508.3,25512.8,174
1783013820,25511.8,25512.8,25505.3,25508.8,129
1783013880,25507.8,25512.8,25504.3,25504.8,146
1783013940,25505.3,25507.8,25500.8,25504.3,164
1783014000,25504.8,25506.3,25495.8,25505.8,179
1783014060,25506.8,25514.3,25506.3,25513.8,202
1783014120,25513.3,25517.8,25510.8,25513.3,158
1783014180,25512.8,25513.8,25507.8,25511.8,186
1783014240,25512.8,25514.8,25504.7,25511.3,163
1783014300,25510.8,25513.8,25505.8,25510.3,142
1783014360,25510.8,25510.8,25503.8,25504.3,110
1783014420,25503.8,25508.3,25500.3,25500.8,146
1783014480,25500.3,25507.8,25498.8,25506.3,172
1783014540,25506.8,25509.8,25502.8,25506.8,158
1783014600,25506.3,25507.8,25497.8,25500.8,144
1783014660,25501.8,25503.3,25497.8,25501.3,194
1783014720,25501.8,25503.8,25496.8,25501.8,154
1783014780,25500.8,25504.8,25499.8,25499.8,160
1783014840,25500.3,25509.8,25499.8,25505.8,150
1783014900,25506.8,25506.8,25501.8,25502.8,138
1783014960,25501.8,25503.8,25495.3,25501.3,142
1783015020,25501.8,25503.8,25499.3,25503.8,158
1783015080,25503.3,25503.8,25493.3,25493.8,130
1783015140,25494.8,25494.8,25490.3,25493.3,112
1783015200,25493.8,25495.3,25482.3,25492.8,184
1783015260,25492.3,25497.8,25489.8,25492.8,176
1783015320,25493.3,25495.3,25485.3,25487.8,166
1783015380,25487.3,25494.8,25484.8,25493.8,160
1783015440,25494.3,25501.3,25494.3,25499.8,178
1783015500,25500.3,25517.8,25499.8,25514.8,170
1783015560,25515.3,25526.3,25513.8,25519.3,186
1783015620,25518.8,25523.3,25516.3,25518.2,157
1783015680,25517.2,25523.8,25516.2,25523.3,181
1783015740,25522.3,25528.8,25520.8,25528.3,158
1783015800,25530.3,25536.3,25523.8,25524.8,198
1783015860,25525.3,25527.8,25521.3,25524.3,138
1783015920,25523.8,25533.3,25517.7,25533.3,165
1783015980,25532.8,25534.3,25526.8,25528.3,140
1783016040,25527.8,25531.8,25525.3,25526.8,178
1783016100,25527.8,25527.8,25521.8,25523.3,132
1783016160,25522.8,25527.3,25520.8,25525.8,162
1783016220,25524.8,25525.8,25514.8,25514.8,118
1783016280,25515.8,25521.8,25513.8,25516.3,160
1783016340,25517.8,25521.8,25516.8,25519.8,132
1783016400,25519.3,25524.8,25518.8,25522.3,94
1783016460,25523.8,25525.3,25521.8,25525.3,72
1783016520,25524.3,25527.8,25519.8,25521.8,128
1783016580,25521.3,25521.8,25518.3,25519.3,90
1783016640,25518.8,25520.8,25518.8,25520.8,80
1783016700,25520.3,25527.3,25520.3,25520.8,90
1783016760,25519.8,25525.8,25519.3,25523.3,110
1783016820,25522.8,25523.3,25519.8,25521.3,130
1783016880,25522.3,25525.8,25521.8,25523.8,162
1783016940,25522.8,25525.3,25519.8,25524.3,90
1783017000,25523.8,25536.8,25522.8,25533.8,150
1783017060,25534.3,25543.8,25533.8,25543.8,104
1783017120,25543.3,25543.3,25535.8,25541.3,142
1783017180,25540.8,25542.8,25539.3,25539.8,142
1783017240,25540.3,25541.3,25529.3,25532.8,152
1783017300,25533.3,25540.8,25532.8,25536.3,184
1783017360,25535.8,25536.8,25530.3,25532.3,138
1783017420,25532.8,25538.3,25532.3,25537.3,120
1783017480,25537.8,25540.8,25534.7,25534.7,99
1783017540,25534.2,25543.8,25532.7,25543.8,138
1783017600,25543.3,25544.8,25538.8,25541.8,136
1783017660,25542.3,25542.3,25537.3,25538.8,114
1783017720,25539.8,25543.8,25539.3,25543.3,100
1783017780,25543.8,25547.3,25542.3,25546.3,84
1783017840,25546.8,25547.8,25540.8,25542.3,108
1783017900,25541.8,25542.8,25534.8,25537.3,152
1783017960,25535.8,25537.8,25534.3,25536.8,92
1783018020,25537.3,25542.8,25535.8,25542.3,106
1783018080,25541.8,25546.8,25541.3,25546.3,142
1783018140,25545.8,25551.3,25545.3,25550.3,52
1783018200,25550.8,25551.3,25546.8,25548.8,126
1783018260,25549.3,25550.3,25546.3,25547.8,114
1783018320,25548.3,25553.8,25547.3,25551.3,132
1783018380,25551.8,25551.8,25545.8,25547.8,118
1783018440,25547.3,25548.3,25544.8,25545.3,112
1783018500,25545.8,25548.3,25543.3,25545.3,156
1783018560,25545.8,25547.8,25538.8,25538.8,106
1783018620,25539.3,25544.8,25537.3,25543.3,118
1783018680,25543.8,25546.8,25542.8,25544.8,142
1783018740,25544.3,25545.8,25540.8,25545.3,116
1783018800,25546.8,25547.8,25534.3,25534.3,186
1783018860,25533.8,25540.8,25532.8,25536.8,154
1783018920,25537.8,25540.8,25536.8,25540.3,120
1783018980,25540.8,25541.8,25527.8,25528.8,134
1783019040,25528.3,25528.3,25518.3,25520.8,196
1783019100,25521.8,25524.8,25515.8,25518.8,212
1783019160,25517.8,25527.8,25513.8,25525.3,212
1783019220,25525.8,25527.8,25519.8,25524.8,216
1783019280,25524.3,25529.8,25523.8,25527.8,170
1783019340,25526.8,25531.3,25525.8,25525.8,152
1783019400,25525.3,25526.3,25519.8,25523.8,188
1783019460,25523.3,25533.3,25522.3,25529.3,114
1783019520,25528.8,25533.3,25526.8,25530.8,138
1783019580,25531.8,25532.8,25529.8,25531.3,134
1783019640,25530.3,25530.3,25525.3,25528.8,138
1783019700,25527.8,25530.8,25524.8,25525.8,134
1783019760,25526.8,25526.8,25521.8,25522.8,132
1783019820,25522.3,25525.3,25521.8,25523.8,92
1783019880,25522.8,25524.3,25520.3,25522.8,120
1783019940,25521.8,25530.3,25521.3,25527.3,156
1783020000,25526.8,25528.8,25526.3,25526.8,114
1783020060,25527.8,25527.8,25522.3,25522.8,72
1783020120,25523.3,25524.8,25519.8,25519.8,130
1783020180,25518.8,25521.3,25518.8,25521.3,122
1783020240,25520.8,25521.3,25517.8,25518.3,88
1783020300,25517.8,25518.8,25514.8,25515.3,129
1783020360,25514.8,25519.8,25513.3,25519.8,150
1783020420,25518.8,25522.8,25518.8,25521.8,106
1783020480,25521.3,25531.8,25520.8,25530.3,108
1783020540,25530.8,25532.3,25524.8,25526.3,98
1783020600,25528.8,25533.8,25528.3,25532.8,110
1783020660,25533.3,25536.3,25530.3,25531.3,160
1783020720,25532.3,25540.3,25531.3,25535.8,106
1783020780,25536.3,25538.8,25535.3,25537.8,152
1783020840,25537.3,25542.3,25537.3,25541.3,110
1783020900,25541.8,25547.8,25538.8,25545.8,172
1783020960,25544.8,25545.8,25537.2,25543.8,126
1783021020,25544.3,25547.8,25540.3,25547.8,142
1783021080,25547.3,25552.3,25542.7,25550.8,106
1783021140,25550.3,25552.3,25547.3,25549.3,94
1783021200,25549.8,25556.3,25545.3,25552.3,106
1783021260,25551.8,25551.8,25546.3,25547.8,120
1783021320,25548.8,25548.8,25543.8,25548.8,112
1783021380,25549.8,25553.3,25546.3,25551.8,112
1783021440,25552.3,25560.3,25552.3,25558.3,156
1783021500,25557.8,25560.8,25554.3,25559.3,138
1783021560,25558.8,25567.3,25557.8,25564.3,120
1783021620,25564.8,25567.8,25557.8,25557.8,128
1783021680,25556.8,25561.8,25555.8,25558.3,108
1783021740,25557.8,25564.8,25556.3,25563.8,130
1783021800,25565.3,25581.8,25565.3,25578.8,232
1783021860,25578.3,25586.8,25573.8,25586.3,196
1783021920,25586.8,25593.8,25582.3,25593.3,206
1783021980,25592.8,25619.8,25592.3,25602.3,212
1783022040,25600.8,25610.3,25598.3,25608.3,182
1783022100,25608.8,25611.3,25601.3,25606.8,228
1783022160,25607.8,25619.8,25607.3,25613.8,197
1783022220,25614.8,25620.8,25613.8,25616.3,156
1783022280,25615.8,25627.8,25615.3,25625.8,174
1783022340,25627.8,25632.8,25618.3,25619.7,233
1783022400,25613.7,25613.7,25591.9,25605.4,389
1783022460,25604.2,25606.6,25599.8,25602.7,254
1783022520,25602.5,25603.2,25599.3,25599.3,180
1783022580,25599.6,25602.2,25596.7,25597.4,182
1783022640,25597.2,25597.6,25594.7,25594.7,163
1783022700,25595.9,25597.6,25590.1,25597.4,194
1783022760,25597.2,25602,25597.2,25600.1,148
1783022820,25600.3,25603.7,25598.9,25598.9,128
1783022880,25599.1,25603,25596.7,25598.4,188
1783022940,25598.9,25604.4,25597.4,25601.3,108
1783023000,25600.8,25602.7,25596.4,25597.9,118
1783023060,25597.6,25599.1,25596.7,25598.4,94
1783023120,25598.1,25602.7,25597.9,25602.5,98
1783023180,25602.2,25603.5,25601,25603.5,90
1783023240,25603.2,25605.4,25602.2,25603.2,158
1783023300,25603,25606.1,25597.9,25605.3,125
1783023360,25605.8,25607.3,25602.9,25604.4,104
1783023420,25604.1,25604.8,25603.1,25604.6,76
1783023480,25604.4,25606.3,25603.6,25605.3,110
1783023540,25605.8,25608,25599.7,25599.7,116
1783023600,25599.7,25604.8,25599.2,25602.1,103
1783023660,25601.9,25602.1,25599.2,25600.7,92
1783023720,25600.5,25601.7,25597.8,25599.5,86
1783023780,25599.7,25600.5,25599,25599.5,80
1783023840,25599,25600,25597.1,25600,66
1783023900,25599.2,25600.2,25598.5,25600.2,48
1783023960,25600.7,25601.9,25599.5,25600.5,74
1783024020,25600,25600.7,25598.5,25598.8,62
1783024080,25599.2,25600.2,25598.8,25600.2,36
1783024140,25600,25600.2,25599,25599.7,46
1783024200,25599.2,25600,25598.5,25598.5,62
1783024260,25598.8,25602.4,25598.8,25601.9,66
1783024320,25601.7,25603.4,25598.5,25598.5,112
1783024380,25599.2,25600.2,25596.6,25598.5,120
1783024440,25598.8,25602.4,25598.5,25602.4,72
1783024500,25601.9,25604.6,25600,25600.5,92
1783024560,25600.2,25600.9,25599.5,25600.7,82
1783024620,25600.5,25603.6,25600.2,25601.2,68
1783024680,25601.7,25602.9,25600.7,25600.7,76
1783024740,25600.9,25601.2,25600.2,25601.2,84
1783024800,25601.7,25602.1,25599.7,25600.7,88
1783024860,25601.9,25602.4,25600.7,25602.1,36
1783024920,25601.4,25602.4,25601.4,25601.9,26
1783024980,25601.7,25601.7,25596.6,25596.6,56
1783025040,25596.3,25596.3,25593.9,25595.1,72
1783025100,25595.8,25596.8,25594.9,25596.8,58
1783025160,25597.1,25598.3,25596.6,25598,86
1783025220,25597.8,25599.2,25595.8,25597.8,122
1783025280,25597.3,25600.7,25595.4,25596.6,72
1783025340,25596.3,25601.9,25596.3,25601.9,84
1783025400,25602.1,25603.1,25600.2,25600.7,90
1783025460,25601.2,25601.7,25598.8,25600.5,128
1783025520,25600.7,25601.9,25598.8,25601.2,66
1783025580,25601.4,25602.4,25599.2,25600.2,84
1783025640,25599.2,25599.2,25596.1,25596.1,94
1783025700,25595.8,25595.8,25592.2,25594.2,86
1783025760,25594.4,25597.8,25593.9,25597.8,84
1783025820,25598.3,25603.6,25598.3,25600.2,160
1783025880,25600.7,25605.1,25599.2,25604.6,146
1783029720,25618.2,25619.6,25617.4,25619.6,30
1783029780,25619.8,25622,25619.1,25619.8,64
1783029840,25619.4,25620.1,25617.4,25619.8,42
1783029900,25618.9,25621.5,25617.2,25619.8,114
1783029960,25619.6,25623.2,25619.4,25619.6,38
1783030020,25622.5,25623.5,25622.3,25622.3,16
1783030080,25622,25624.2,25620.6,25620.6,42
1783030140,25620.3,25620.6,25618.4,25618.4,29
1783030200,25618.4,25619.6,25617.7,25619.6,33
1783030260,25619.8,25620.1,25618.4,25619.8,26
1783030320,25620.6,25620.6,25617.9,25618.9,38
1783030380,25618.2,25620.8,25617.4,25620.1,30
1783030440,25620.6,25620.6,25613.4,25620.1,22
1783030500,25620.3,25624,25620.3,25624,12
1783030560,25623.2,25626.9,25621.3,25626.6,28
1783030620,25626.4,25627.6,25626.1,25627.6,14
1783030680,25628.1,25628.6,25627.8,25628.3,12
1783030740,25627.1,25628.3,25626.6,25626.6,14
1783030800,25625.7,25627.6,25625.7,25627.6,16
1783030860,25627.1,25627.6,25626.9,25627.6,10
1783030920,25627.1,25627.3,25627.1,25627.3,8
1783030980,25628.1,25630,25627.6,25628.3,20
1783031040,25628.6,25630.3,25627.6,25627.8,40
1783031100,25627.6,25627.8,25627.1,25627.8,34
1783031160,25628.1,25628.3,25627.3,25627.6,10
1783031220,25628.1,25630.5,25628.1,25629.8,16
1783031280,25630.3,25631,25630.3,25630.5,14
1783031340,25630.7,25630.7,25626.1,25626.4,46
1783031400,25625.2,25626.1,25624.4,25624.4,62
1783031460,25624.7,25627.1,25624.4,25626.1,32
1783031520,25626.6,25626.6,25624.4,25625.4,18
1783031580,25624.9,25627.6,25624.7,25627.3,42
1783031640,25627.1,25630.3,25627.1,25630,60
1783031700,25629.5,25630.7,25628.8,25630.7,32
1783031760,25630.5,25632,25630.5,25631.5,46
1783031820,25631.2,25632,25630.5,25631.7,44
1783031880,25632,25633.9,25632,25633.6,32
1783031940,25634.1,25634.4,25633.4,25634.1,46
1783032000,25634.4,25638.7,25634.4,25638.7,18
1783032060,25639,25639,25637.5,25638,26
1783032120,25636.8,25637,25636.1,25636.6,26
1783032180,25637,25638.5,25637,25638.5,15
1783032240,25638.5,25639.5,25638.5,25638.7,31
1783032300,25638.5,25640.2,25637.5,25639,42
1783032360,25638.5,25639.9,25637.5,25637.5,38
1783032420,25638,25638,25635.6,25636.1,32
1783032480,25636.3,25637.3,25636.1,25636.8,22
1783032540,25636.6,25637,25635.8,25636.1,18
1783032600,25635.6,25636.6,25635.3,25635.6,32
1783032660,25635.1,25636.6,25635.1,25635.6,16
1783032720,25635.3,25636.6,25634.6,25635.1,34
1783032780,25634.6,25635.6,25633.9,25634.6,24
1783032840,25635.1,25636.1,25634.6,25635.6,34
1783032900,25636.1,25638.2,25636.1,25637.8,38
1783032960,25637.5,25638.5,25637,25637,38
1783033020,25636.6,25638.7,25636.6,25638.7,32
1783033080,25639,25639.2,25638,25639.2,42
1783033140,25639.5,25641.6,25639.5,25641.2,18
1783033200,25640.2,25642.4,25638.7,25640.9,78
1783033260,25641.4,25641.6,25640.9,25641.2,26
1783033320,25640.9,25640.9,25639.7,25640.2,16
1783033380,25642.1,25642.1,25641.6,25641.6,4
1783033440,25641.2,25641.2,25639.7,25640.7,48
1783033500,25640.4,25640.9,25639.5,25640.4,74
1783033560,25640.7,25640.7,25639.7,25640.2,60
1783033620,25640.4,25641.2,25633.7,25635.2,54
1783033680,25640.7,25641.6,25634.9,25641.4,28
1783033740,25635.4,25641.4,25635.4,25638.2,52
1783033800,25638,25639.2,25637.5,25637.5,52
1783033860,25637.3,25638.7,25636.3,25636.3,44
1783033920,25636.8,25638,25636.3,25636.8,60
1783033980,25637,25638.5,25624.6,25631.3,112
1783034040,25631.5,25631.5,25629.3,25630.8,40
1783034100,25630.1,25631,25629.1,25631,44
1783034160,25631.3,25634.4,25630.3,25634.4,62
1783034220,25634.2,25634.2,25632.7,25633,42
1783034280,25633.5,25634.9,25633.2,25634.9,36
1783034340,25635.2,25635.2,25632.5,25634.4,74
1783034400,25634.2,25636.4,25633.7,25635.4,36
1783034460,25635.9,25637.3,25635.4,25637.1,40
1783034520,25637.3,25638.8,25635.4,25638.8,36
1783034580,25638.6,25640.7,25637.6,25639.8,48
1783034640,25640.2,25643.9,25640.2,25642.2,58
1783034700,25642.7,25645.3,25642.4,25643.6,36
1783034760,25643.2,25646.3,25643.2,25645.1,33
1783034820,25644.1,25645.1,25643.2,25644.6,41
1783034880,25643.9,25644.6,25643.2,25643.4,60
1783034940,25643.2,25643.2,25641.5,25642.4,49
1783035000,25641.9,25643.4,25640.7,25641.5,82
1783035060,25641,25641.7,25640.2,25641.5,40
1783035120,25641.7,25643.6,25641.2,25643.6,62
1783035180,25643.4,25643.6,25641.2,25641.9,44
1783035240,25642.2,25644.6,25641.7,25643.9,63
1783035300,25642.7,25645.3,25641.9,25644.6,42
1783035360,25645.8,25645.8,25644.1,25644.6,26
1783035420,25644.4,25644.4,25643.4,25643.6,8
1783035480,25643.9,25644.1,25643.4,25643.6,16
1783035540,25643.4,25643.4,25640.5,25642.7,90
1783035600,25642.2,25643.2,25641.2,25643.2,40
1783035660,25643.4,25644.6,25640.7,25641.2,42
1783035720,25640.7,25642.4,25640.7,25640.7,28
1783035780,25641,25642.2,25640.2,25641.7,30
1783035840,25641.9,25641.9,25637.8,25639.5,44
1783035900,25639.3,25643.6,25639,25641.9,132
1783035960,25641.7,25645.3,25641,25641,94
1783036020,25640.7,25643.6,25640.7,25642.9,78
1783036080,25642.7,25646.3,25642.7,25646.3,88
1783036140,25646.1,25649.9,25646.1,25649,68
1783036200,25648.5,25650.4,25647.3,25649.2,96
1783036260,25649.5,25649.7,25647.5,25648.7,54
1783036320,25649.2,25649.2,25645.6,25647.3,72
1783036380,25647,25647.8,25645.3,25645.6,46
1783036440,25645.3,25647,25642.7,25645.8,78
1783036500,25645.6,25645.6,25643.2,25644.1,60
1783036560,25644.4,25645.6,25643.2,25644.6,52
1783036620,25645.1,25646.1,25645.1,25645.6,14
1783036680,25644.4,25646.1,25642.9,25645.8,52
1783036740,25646.1,25646.8,25645.1,25646.5,32
1783036800,25645.8,25653.3,25644.4,25651.9,238
1783036860,25651.6,25652.1,25634,25635.2,190
1783036920,25636.6,25637.1,25630.3,25633,178
1783036980,25634.2,25640,25632.8,25639.5,156
1783037040,25640,25640,25637.6,25638.6,152
1783037100,25639.1,25644.1,25636.8,25639.3,176
1783037160,25638.8,25640.7,25633.9,25635.9,198
1783037220,25636.4,25636.4,25628.1,25629.8,124
1783037280,25630.5,25632.5,25623.9,25625.4,136
1783037340,25624.9,25626.8,25623.2,25625.4,164
1783037400,25625.9,25626.8,25616.3,25619.9,170
1783037460,25620.4,25621.8,25617.5,25621.3,130
1783037520,25621.8,25625,25620.9,25621.8,158
1783037580,25622.3,25644.4,25621.8,25643.7,220
1783037640,25643.4,25646.1,25642.4,25644.1,170
1783037760,25647,25649,25639.5,25644,64
1783037820,25643.5,25646.5,25635,25638.5,100
1783037880,25639.5,25640.5,25633,25634.5,46
1783037940,25634,25636.5,25632,25636,68
1783038000,25636.5,25640,25635.5,25638.5,34
1783038060,25640.5,25644,25630.6,25632.1,74
1783038120,25631.1,25636.6,25629.1,25630.6,80
1783038180,25629.6,25632.6,25629.6,25632.1,26
1783038240,25632.6,25639.6,25631.6,25637.6,36
1783038300,25638.1,25639.6,25632.1,25633.6,38
1783038360,25634.6,25635.1,25631.6,25631.6,54
1783038420,25633.1,25635.1,25627.6,25630.1,52
1783038480,25630.6,25634.1,25628.6,25633.6,34
1783038540,25633.1,25633.1,25629.6,25630.6,78
1783038600,25631.1,25631.1,25617.6,25619.1,124
1783038660,25618.6,25623.6,25617.6,25622.1,62
1783038720,25621.6,25622.6,25619.6,25619.6,18
1783038780,25620.1,25620.1,25615.1,25618.1,24
1783038840,25617.6,25618.1,25606.1,25610.6,70
1783038900,25610.1,25617.6,25609.6,25615.1,16
1783038960,25616.1,25617.6,25615.1,25617.6,21
1783039020,25621.6,25629.6,25621.6,25629.6,18
1783039080,25630.6,25638.6,25626.1,25626.6,56
1783039140,25626.1,25631.6,25626.1,25631.6,74
1783039200,25630.1,25633.6,25630.1,25632.1,38
1783039260,25632.6,25634.1,25630.6,25632.1,58
1783039320,25630.6,25630.6,25621.1,25622.6,72
1783039380,25620.6,25620.6,25619.6,25619.6,8
1783039440,25622.1,25628.1,25622.1,25625.6,28
1783039500,25626.1,25628.1,25619.6,25621.6,58
1783039560,25619.6,25623.6,25619.1,25623.1,26
1783039620,25624.6,25631.1,25621.6,25629.6,66
1783039680,25627.1,25633.1,25627.1,25630.1,60
1783039740,25631.6,25635.6,25629.1,25634.6,84
1783039800,25635.6,25637.6,25633.1,25636.1,38
1783039860,25636.6,25637.6,25628.6,25628.6,31
1783039920,25628.6,25628.6,25627.6,25627.6,7
1783039980,25627.1,25627.1,25623.6,25625.6,12
1783040040,25626.6,25629.1,25625.6,25628.6,50
1783040100,25629.6,25632.1,25626.6,25626.6,60
1783040160,25625.6,25626.1,25621.1,25626.1,22
1783040220,25625.1,25625.1,25622.1,25622.1,16
1783040280,25623.1,25624.1,25620.6,25621.1,48
1783040340,25620.6,25623.6,25620.6,25622.1,22
1783040400,25621.6,25627.6,25620.6,25627.1,72
1783040460,25626.1,25628.1,25622.1,25625.1,60
1783040520,25626.1,25641.1,25625.6,25639.1,80
1783040580,25640.1,25661.6,25638.6,25660.6,80
1783040640,25660.1,25661.6,25653.6,25659.1,46
1783040700,25657.6,25671.6,25656.6,25670.6,102
1783040760,25668.6,25670.6,25660.1,25666.1,132
1783040820,25665.6,25674.1,25663.1,25672.6,116
1783040880,25675.1,25681.6,25674.6,25679.1,40
1783040940,25679.6,25693.1,25678.6,25687.1,144
1783041000,25688.1,25691.1,25686.1,25687.1,82
1783041060,25687.6,25694.1,25686.1,25692.6,68
1783041120,25691.1,25692.6,25683.6,25685.1,58
1783041180,25681.6,25682.1,25675.1,25676.1,56
1783041240,25679.1,25692.1,25679.1,25690.1,88
1783041300,25689.6,25693.6,25679.6,25688.6,140
1783041360,25688.1,25688.1,25677.1,25679.1,96
1783041420,25678.6,25683.6,25675.6,25683.1,62
1783041480,25684.6,25684.6,25679.6,25684.6,24
1783041540,25685.6,25695.1,25680.6,25680.6,96
1783041600,25681.1,25689.6,25680.6,25687.6,88
1783041660,25687.1,25696.6,25686.1,25696.1,92
1783041720,25695.6,25699.1,25693.1,25697.1,66
1783041780,25696.1,25697.6,25693.1,25696.6,54
1783041840,25697.6,25705.1,25696.1,25704.1,74
1783041900,25702.6,25702.6,25691.1,25694.6,90
1783041960,25695.6,25700.1,25694.1,25699.1,58
1783042020,25698.6,25700.1,25692.1,25698.1,100
1783042080,25698.6,25702.6,25698.6,25700.6,58
1783042140,25699.1,25700.6,25694.1,25694.6,44
1783042200,25697.6,25699.1,25693.6,25699.1,24
1783042260,25702.1,25707.1,25701.1,25705.6,90
1783042320,25706.1,25709.6,25704.1,25708.6,100
1783042380,25708.1,25711.1,25706.6,25709.6,124
1783042440,25709.1,25712.1,25704.6,25712.1,72
1783042500,25712.6,25712.6,25705.1,25705.1,36
1783042560,25704.6,25704.6,25693.1,25693.6,28
1783042620,25690.6,25692.1,25686.6,25686.6,40
1783042680,25688.1,25692.1,25682.6,25692.1,52
1783042740,25694.1,25699.6,25694.1,25699.6,36
1783042800,25700.1,25704.1,25699.6,25703.1,48
1783042860,25701.6,25704.6,25701.1,25703.6,36
1783042920,25704.1,25704.1,25699.1,25699.6,26
1783042980,25699.1,25701.1,25698.6,25700.6,36
1783043040,25699.6,25700.6,25699.6,25700.1,22
1783043100,25699.6,25699.6,25688.1,25692.6,74
1783043160,25694.1,25696.6,25692.6,25693.6,60
1783043220,25694.6,25695.1,25693.1,25694.6,20
1783043280,25694.1,25696.6,25693.1,25695.6,26
1783043340,25697.6,25698.6,25694.6,25695.1,42
1783043400,25695.6,25698.1,25695.6,25696.6,54
1783043460,25697.6,25697.6,25689.1,25689.6,38
1783043520,25688.6,25691.6,25686.1,25691.6,106
1783043580,25691.1,25696.1,25690.6,25694.6,34
1783043640,25695.6,25697.6,25693.6,25697.6,40
1783043700,25697.1,25699.6,25695.1,25697.6,68
1783043760,25695.6,25698.1,25695.6,25697.6,12
1783043820,25697.1,25699.6,25697.1,25699.1,10
1783043880,25700.1,25700.1,25691.1,25693.1,46
1783043940,25691.1,25692.6,25690.6,25692.1,28
1783044000,25690.1,25698.6,25690.1,25696.1,74
1783044060,25695.1,25697.1,25694.1,25694.1,22
1783044120,25697.6,25697.6,25694.6,25695.6,20
1783044180,25698.1,25698.1,25695.6,25697.6,40
1783044240,25697.1,25697.6,25697.1,25697.6,4
1783044300,25697.1,25702.1,25696.1,25696.1,38
1783044360,25696.6,25697.6,25691.6,25694.1,22
1783044420,25694.6,25695.1,25693.1,25693.6,22
1783044480,25694.1,25695.1,25689.6,25692.1,38
1783044540,25691.6,25696.6,25690.6,25695.6,40
1783044600,25695.1,25696.6,25690.1,25690.1,72
1783044660,25687.1,25692.1,25687.1,25688.6,58
1783044720,25686.1,25691.1,25685.1,25685.1,46
1783044780,25686.6,25687.1,25684.1,25685.1,38
1783044840,25687.1,25687.1,25686.6,25686.6,4
1783044900,25685.6,25687.6,25685.6,25687.1,30
1783044960,25686.6,25692.6,25686.6,25691.1,36
1783045020,25690.6,25695.6,25690.6,25695.6,44
1783045080,25694.6,25695.1,25692.1,25692.6,32
1783045140,25693.6,25693.6,25685.1,25686.1,40
1783045200,25687.1,25692.1,25687.1,25690.6,22
1783045260,25689.6,25689.6,25689.6,25689.6,2
1783045320,25691.6,25692.6,25690.6,25692.1,42
1783045380,25691.6,25692.1,25689.6,25689.6,34
1783045440,25689.1,25690.1,25688.6,25689.6,12
1783045500,25690.6,25693.6,25689.1,25689.6,34
1783045560,25685.6,25686.6,25683.6,25684.1,36
1783045620,25687.1,25698.1,25686.6,25694.1,46
1783045680,25693.1,25695.1,25692.6,25695.1,26
1783045740,25695.6,25695.6,25694.6,25694.6,8
1783045800,25693.6,25694.1,25684.6,25687.6,44
1783045860,25688.6,25692.1,25685.1,25688.1,40
1783045920,25687.6,25690.6,25684.6,25685.1,58
1783045980,25686.1,25687.1,25685.1,25686.1,12
1783046040,25687.1,25691.6,25687.1,25690.6,36
1783046100,25690.1,25690.1,25685.6,25687.1,52
1783046160,25688.1,25689.1,25687.1,25687.1,22
1783046220,25688.1,25689.1,25687.6,25688.6,22
1783046280,25689.1,25691.6,25688.6,25691.1,8
1783046340,25691.6,25693.1,25690.6,25691.6,18
1783046400,25692.1,25692.6,25691.6,25691.6,12
1783046460,25692.1,25693.1,25691.6,25692.1,22
1783046520,25692.6,25692.6,25687.6,25687.6,38
1783046580,25688.6,25688.6,25681.6,25683.1,62
1783046640,25684.1,25685.1,25682.1,25684.1,42
1783046700,25684.6,25684.6,25679.1,25680.1,30
1783046760,25679.1,25681.1,25678.1,25680.6,24
1783046820,25680.1,25685.6,25678.6,25685.1,24
1783046880,25682.6,25682.6,25678.6,25679.6,32
1783046940,25680.1,25681.6,25678.6,25680.6,14
1783047000,25685.6,25689.6,25683.1,25687.1,48
1783047060,25684.1,25691.1,25684.1,25690.6,28
1783047120,25691.1,25692.1,25689.6,25690.6,36
1783047180,25689.6,25690.1,25689.6,25689.6,6
1783047240,25689.1,25689.1,25683.6,25685.1,16
1783047300,25684.1,25685.6,25682.6,25683.6,36
1783047360,25683.1,25690.6,25680.6,25690.6,36
1783047420,25689.6,25690.1,25688.1,25689.1,22
1783047480,25689.6,25690.6,25689.1,25689.6,22
1783047540,25690.1,25693.1,25689.6,25690.1,10
1783047600,25690.6,25693.6,25689.1,25692.1,20
1783047660,25691.1,25692.1,25689.6,25689.6,18
1783047720,25690.6,25690.6,25690.6,25690.6,2
1783047780,25691.6,25691.6,25691.6,25691.6,2
1783047900,25690.6,25694.1,25690.6,25694.1,8
1783047960,25695.1,25695.1,25692.6,25692.6,8
1783048020,25691.6,25691.6,25689.6,25689.6,10
1783048080,25690.1,25690.1,25689.1,25689.1,6
1783048140,25688.1,25696.6,25688.1,25694.6,20
1783048200,25695.1,25695.1,25688.1,25689.1,24
1783048260,25688.6,25690.1,25687.1,25687.1,28
1783048320,25685.6,25687.1,25685.6,25686.6,10
1783048380,25687.6,25696.1,25686.1,25696.1,18
1783048440,25696.6,25697.1,25693.6,25694.1,32
1783048500,25694.6,25696.1,25694.1,25694.1,24
1783048560,25692.1,25696.6,25692.1,25693.6,10
1783048620,25694.1,25695.6,25692.6,25694.6,16
1783048680,25695.1,25695.6,25694.6,25695.6,8
1783048740,25696.6,25696.6,25694.6,25695.1,20
1783048800,25695.6,25697.6,25695.1,25696.6,12
1783048860,25697.6,25700.1,25697.6,25698.6,24
1783048920,25698.1,25699.6,25697.6,25699.1,10
1783048980,25700.6,25701.1,25699.1,25700.1,18
1783049040,25699.6,25699.6,25697.1,25697.6,12
1783049100,25695.6,25702.1,25685.6,25685.6,42
1783049160,25684.6,25695.6,25682.6,25695.6,48
1783049220,25695.1,25706.6,25693.1,25703.6,48
1783049280,25704.1,25704.1,25700.1,25701.6,26
1783049340,25704.1,25704.6,25703.1,25703.1,20
1783049400,25704.1,25712.1,25704.1,25710.1,68
1783049460,25710.6,25710.6,25706.1,25707.6,48
1783049520,25704.6,25705.6,25704.1,25705.1,32
1783049580,25703.1,25707.6,25703.1,25705.1,40
1783049640,25704.1,25708.1,25704.1,25704.1,44
1783049700,25703.1,25705.6,25699.6,25700.1,22
1783049760,25701.1,25705.1,25699.1,25701.1,42
1783049820,25700.6,25702.1,25694.6,25697.6,44
1783049880,25698.1,25698.1,25695.1,25697.6,28
1783049940,25696.1,25697.1,25695.1,25695.1,14
1783050000,25694.6,25696.6,25694.6,25695.1,18
1783050060,25695.6,25695.6,25692.1,25692.6,22
1783050120,25692.1,25698.6,25692.1,25696.1,30
1783050180,25695.1,25695.1,25689.6,25689.6,16
1783050240,25689.1,25690.1,25684.6,25686.6,30
1783050300,25685.1,25690.1,25683.6,25688.6,52
1783050360,25689.1,25692.6,25688.6,25691.6,24
1783050420,25692.1,25696.6,25692.1,25695.1,22
1783050480,25696.1,25696.1,25694.6,25696.1,10
1783050540,25695.6,25700.6,25694.6,25700.1,36
1783050600,25700.6,25700.6,25697.1,25697.6,24
1783050660,25697.1,25705.1,25697.1,25704.6,38
1783050720,25705.1,25705.1,25704.6,25705.1,18
1783050780,25703.6,25706.6,25703.6,25705.1,18
1783050840,25705.6,25706.6,25704.6,25704.6,16
1783050900,25705.1,25708.1,25705.1,25708.1,24
1783050960,25709.1,25710.6,25708.6,25708.6,26
1783051020,25707.1,25716.1,25707.1,25715.6,12
1783051080,25714.6,25715.6,25712.1,25713.6,36
1783051140,25713.1,25715.6,25713.1,25714.6,20
1783051200,25715.1,25721.1,25715.1,25720.1,58
1783051260,25720.6,25720.6,25719.1,25719.1,40
1783051320,25719.6,25719.6,25719.1,25719.6,18
1783051380,25719.1,25719.6,25719.1,25719.6,8
1783051440,25719.1,25720.6,25719.1,25720.6,26
1783051500,25720.1,25720.6,25719.1,25719.1,16
1783051560,25719.6,25719.6,25719.1,25719.6,6
1783051620,25719.1,25719.6,25718.6,25718.6,10
1783051680,25719.1,25719.1,25718.6,25719.1,6
1783051740,25711.1,25712.1,25708.1,25711.1,30
1783051800,25710.6,25713.6,25707.6,25709.6,20
1783051860,25709.1,25709.6,25709.1,25709.6,4
1783051980,25708.1,25712.1,25704.6,25712.1,36
1783052040,25716.6,25723.1,25716.1,25722.6,40
1783052100,25726.1,25726.1,25707.6,25710.1,74
1783052160,25712.1,25714.6,25711.6,25713.6,20
1783052220,25713.1,25714.6,25712.6,25712.6,16
1783052280,25713.1,25713.1,25712.1,25713.1,10
1783052340,25712.6,25717.6,25712.1,25716.6,18
1783052400,25716.1,25716.6,25715.6,25716.6,24
1783052460,25718.1,25720.1,25717.6,25718.1,22
1783052520,25717.6,25719.6,25717.6,25719.6,8
1783052580,25721.1,25721.1,25720.1,25720.6,6
1783052640,25718.6,25718.6,25718.1,25718.1,4
1783052700,25719.1,25719.1,25717.1,25717.1,16
1783052760,25716.6,25717.1,25716.6,25717.1,20
1783052820,25719.1,25721.1,25718.6,25720.1,28
1783052880,25719.1,25720.6,25719.1,25719.6,18
1783052940,25720.1,25720.1,25718.1,25719.6,52
1783053000,25719.1,25719.1,25712.6,25712.6,30
1783053060,25712.1,25718.1,25711.1,25715.6,52
1783053120,25717.1,25717.1,25715.1,25715.1,10
1783053180,25715.6,25720.1,25714.6,25719.1,28
1783053240,25719.6,25720.1,25718.6,25718.6,10
1783053300,25714.6,25715.1,25710.6,25714.6,24
1783053360,25716.1,25720.6,25715.1,25720.6,38
1783053420,25720.1,25720.1,25720.1,25720.1,2
1783053480,25719.6,25723.1,25719.6,25722.1,32
1783053540,25724.6,25724.6,25723.6,25723.6,6
1783053600,25723.1,25723.1,25721.6,25721.6,10
1783053660,25721.1,25721.1,25718.1,25721.1,22
1783053720,25721.6,25726.1,25721.1,25724.6,36
1783053780,25722.6,25723.1,25719.6,25720.1,22
1783053840,25714.1,25717.6,25712.1,25715.6,55
1783053900,25715.6,25719.1,25715.1,25716.6,22
1783053960,25718.1,25718.1,25712.6,25712.6,18
1783054020,25712.1,25712.6,25704.1,25706.6,36
1783054080,25705.6,25707.6,25705.6,25706.6,6
1783054140,25706.1,25710.1,25706.1,25706.6,28
1783054200,25703.1,25710.6,25702.1,25709.1,64
1783054260,25708.6,25712.6,25708.6,25709.6,22
1783054320,25710.6,25712.6,25709.1,25712.1,8
1783054380,25713.1,25714.1,25711.1,25712.6,16
1783054440,25713.6,25714.1,25712.6,25712.6,16
1783054500,25711.6,25711.6,25707.1,25707.1,12
1783054560,25708.1,25711.1,25707.6,25709.1,36
1783054620,25708.1,25708.1,25703.1,25703.6,40
1783054680,25704.1,25704.6,25702.6,25703.6,16
1783054740,25704.1,25704.6,25704.1,25704.1,6
1783054800,25703.6,25704.6,25702.1,25702.1,34
1783054860,25701.6,25701.6,25691.1,25693.1,60
1783054920,25692.1,25692.1,25687.6,25687.6,52
1783054980,25685.6,25694.6,25679.6,25694.6,80
1783055040,25695.1,25695.6,25688.6,25692.1,46
1783055100,25691.1,25692.1,25688.6,25691.6,18
1783055160,25691.1,25695.1,25691.1,25694.1,22
1783055220,25693.6,25705.1,25691.6,25697.1,54
1783055280,25696.6,25697.1,25693.6,25694.1,32
1783055340,25693.6,25700.1,25689.6,25700.1,68
1783055400,25699.6,25700.1,25695.6,25697.1,30
1783055460,25696.6,25696.6,25690.1,25691.1,22
1783055520,25689.1,25691.6,25686.1,25691.6,40
1783055580,25690.6,25693.1,25689.6,25691.6,26
1783055640,25690.6,25691.1,25686.1,25689.6,16
1783055700,25690.1,25692.1,25687.6,25691.6,26
1783055760,25692.1,25692.1,25688.1,25691.1,34
1783055820,25691.6,25691.6,25690.1,25690.1,8
1783055880,25689.6,25690.6,25688.6,25690.1,14
1783055940,25688.6,25689.1,25688.1,25689.1,10
1783056000,25686.1,25688.6,25680.6,25682.6,24
1783056060,25681.6,25682.1,25681.6,25682.1,4
1783056120,25683.6,25683.6,25676.1,25677.1,22
1783056180,25675.6,25678.1,25672.6,25677.6,28
1783056240,25678.1,25678.1,25672.6,25673.1,20
1783056300,25679.6,25679.6,25671.1,25674.1,34
1783056360,25674.6,25690.1,25674.1,25690.1,56
1783056420,25689.6,25689.6,25681.1,25687.6,48
1783056480,25687.1,25690.6,25687.1,25689.6,30
1783056540,25689.1,25691.1,25688.6,25690.6,14
1783056600,25690.1,25696.6,25689.6,25696.1,52
1783056660,25697.1,25697.6,25695.6,25696.1,16
1783056720,25695.6,25700.1,25693.6,25699.1,40
1783056780,25700.1,25700.1,25698.1,25698.1,24
1783056840,25697.6,25700.1,25697.6,25699.1,20
1783056900,25699.6,25701.1,25696.1,25700.6,28
1783056960,25701.1,25701.6,25699.1,25699.1,26
1783057020,25699.6,25706.1,25697.6,25705.6,40
1783057080,25706.1,25706.1,25704.1,25704.1,12
1783057140,25703.6,25703.6,25697.6,25699.6,30
1783057200,25699.1,25700.6,25697.6,25699.6,22
1783057260,25700.1,25700.1,25694.6,25696.1,26
1783057320,25695.1,25695.1,25688.1,25690.6,34
1783057380,25694.6,25694.6,25686.1,25690.6,38
1783057440,25690.1,25690.1,25684.1,25684.1,30
1783057500,25686.1,25691.6,25685.6,25688.6,56
1783057560,25687.6,25690.1,25685.6,25689.6,14
1783057620,25688.1,25688.1,25684.1,25685.1,30
1783057680,25684.1,25684.1,25679.6,25680.1,14
1783057740,25679.6,25689.6,25679.6,25685.1,28
1783057800,25689.6,25690.1,25686.1,25686.1,42
1783057860,25684.1,25688.6,25683.6,25685.6,34
1783057920,25684.6,25688.1,25684.6,25685.6,54
1783057980,25686.1,25688.6,25684.6,25684.6,30
1783058040,25684.1,25685.6,25681.1,25683.6,40
1783058100,25683.1,25685.1,25680.1,25684.6,42
1783058160,25687.1,25688.6,25683.6,25687.6,30
1783058220,25687.1,25689.6,25685.6,25686.1,34
1783058280,25685.6,25694.6,25685.6,25693.1,48
1783058340,25693.6,25694.1,25689.1,25691.6,42
1783058400,25693.1,25701.6,25689.1,25700.1,74
1783058460,25700.9,25704.9,25695.4,25700.9,62
1783058520,25700.4,25708.9,25696.9,25707.4,64
1783058580,25709.4,25710.9,25704.4,25706.9,86
1783058640,25705.9,25710.9,25705.4,25709.9,42
1783058700,25710.9,25721.9,25710.9,25718.9,93
1783058760,25719.4,25726.9,25712.1,25723.9,89
1783058820,25723.4,25723.9,25720.9,25722.9,84
1783058880,25723.9,25726.9,25721.4,25722.4,68
1783058940,25721.9,25723.9,25716.9,25722.9,74
1783059000,25723.9,25723.9,25716.4,25717.4,62
1783059060,25718.9,25720.9,25716.4,25718.4,56
1783059120,25717.9,25729.4,25717.9,25724.4,85
1783059180,25727.4,25730.9,25724.4,25728.4,58
1783059240,25728.9,25728.9,25722.6,25725.9,68
1783059300,25727.9,25729.9,25722.9,25727.9,94
1783059360,25728.9,25728.9,25722.9,25725.4,96
1783059420,25726.4,25728.9,25725.9,25726.9,68
1783059480,25725.9,25734.9,25725.9,25732.9,65
1783059540,25733.4,25734.4,25730.9,25733.4,68
1783059600,25735.4,25735.9,25731.4,25731.9,62
1783059660,25732.4,25735.4,25727.9,25728.4,66
1783059720,25727.9,25729.9,25725.4,25725.9,42
1783059780,25726.4,25726.4,25715.6,25718.9,67
1783059840,25719.4,25719.9,25706.4,25707.4,70
1783059900,25707.9,25716.9,25707.9,25716.9,42
1783059960,25717.4,25718.9,25716.4,25718.4,42
1783060020,25719.9,25719.9,25712.9,25716.4,34
1783060080,25717.4,25719.9,25716.9,25718.4,42
1783060140,25717.9,25717.9,25713.9,25716.4,51
1783060200,25719.9,25720.9,25714.9,25717.4,79
1783060260,25716.4,25717.9,25713.4,25713.4,68
1783060320,25711.9,25719.4,25711.9,25717.4,62
1783060380,25716.9,25717.4,25712.9,25713.9,48
1783060440,25714.9,25724.9,25712.4,25722.4,62
1783060500,25721.4,25739.9,25720.6,25737.4,114
1783060560,25736.9,25739.9,25728.9,25729.9,100
1783060620,25729.4,25732.9,25726.1,25726.6,76
1783060680,25727.1,25732.9,25726.1,25728.9,41
1783060740,25729.9,25729.9,25725.4,25725.4,66
1783060800,25725.9,25725.9,25716.6,25720.9,45
1783060860,25721.4,25728.9,25720.9,25728.4,70
1783060920,25728.9,25734.9,25726.6,25734.4,60
1783060980,25732.9,25734.4,25728.9,25731.9,98
1783061040,25730.9,25735.9,25730.9,25733.4,60
1783061100,25732.9,25734.4,25729.9,25731.4,56
1783061160,25732.4,25737.9,25729.9,25737.4,74
1783061220,25738.4,25738.4,25729.9,25734.4,62
1783061280,25732.4,25732.9,25729.9,25732.4,38
1783061340,25732.9,25733.9,25730.9,25733.9,64
1783061400,25733.4,25735.4,25732.4,25733.4,34
1783061460,25732.4,25732.9,25719.9,25722.4,94
1783061520,25722.9,25729.4,25720.4,25728.9,50
1783061580,25728.4,25728.4,25722.4,25726.4,54
1783061640,25725.4,25731.4,25725.4,25729.9,56
1783061700,25729.4,25731.4,25727.4,25729.4,40
1783061760,25733.4,25736.4,25724.4,25727.4,92
1783061820,25730.4,25731.9,25725.9,25730.4,58
1783061880,25730.9,25736.9,25727.9,25735.4,86
1783061940,25735.9,25752.9,25735.9,25751.9,154
1783062000,25752.9,25763.4,25743.4,25746.4,390
1783062060,25747.4,25774.9,25730.1,25773.9,335
1783062120,25772.9,25774.4,25762.4,25771.4,343
1783062180,25770.9,25789.9,25766.9,25786.4,295
1783062240,25785.4,25789.9,25778.9,25788.9,276
1783062300,25789.4,25794.4,25780.4,25782.9,276
1783062360,25782.4,25795.9,25782.4,25789.9,246
1783062420,25790.9,25802.4,25790.4,25799.9,240
1783062480,25799.4,25822.9,25799.4,25821.9,231
1783062540,25821.4,25822.9,25810.6,25815.4,225
1783062600,25814.9,25818.4,25795.4,25799.4,216
1783062660,25798.4,25802.9,25795.1,25795.1,202
1783062720,25794.6,25806.4,25793.4,25805.4,200
1783062780,25805.9,25808.9,25792.9,25792.9,226
1783062840,25792.4,25799.9,25787.4,25788.9,168
1783062900,25787.9,25787.9,25763.4,25766.4,181
1783062960,25766.9,25767.9,25753.4,25763.9,205
1783063020,25762.9,25765.4,25753.9,25760.9,208
1783063080,25762.9,25770.9,25760.4,25764.4,172
1783063140,25764.9,25771.4,25763.4,25768.4,224
1783063200,25768.9,25783.9,25768.9,25776.9,198
1783063260,25777.4,25778.9,25757.9,25758.4,169
1783063320,25758.9,25759.9,25749.9,25750.9,202
1783063380,25746.4,25748.4,25738.9,25741.9,182
1783063440,25742.4,25747.9,25741.9,25746.9,138
1783063500,25745.4,25758.4,25742.1,25757.9,174
1783063560,25758.4,25764.4,25756.4,25758.9,170
1783063620,25759.4,25762.9,25746.4,25746.4,162
1783063680,25747.4,25752.9,25745.9,25746.9,153
1783063740,25747.9,25751.9,25742.4,25747.9,166
1783063800,25746.4,25754.4,25743.4,25744.4,136
1783063860,25742.9,25742.9,25718.9,25721.4,180
1783063920,25720.4,25725.9,25716.4,25724.9,178
1783063980,25725.9,25737.4,25725.9,25729.4,164
1783064040,25729.9,25730.9,25714.9,25714.9,160
1783064100,25715.9,25723.9,25708.9,25719.9,180
1783064160,25720.4,25727.9,25718.9,25727.4,142
1783064220,25726.4,25729.4,25722.4,25729.4,144
1783064280,25728.9,25732.9,25720.6,25730.9,145
1783064340,25731.4,25731.4,25713.4,25713.4,161
1783064400,25713.9,25717.4,25710.6,25712.4,152
1783064460,25711.9,25712.4,25706.6,25708.4,165
1783064520,25707.9,25714.4,25704.4,25710.4,188
1783064580,25710.9,25712.4,25706.4,25710.9,144
1783064640,25710.4,25712.9,25696.9,25697.9,168
1783064700,25696.4,25696.4,25683.9,25683.9,170
1783064760,25684.4,25694.4,25682.4,25693.4,196
1783064820,25692.9,25695.9,25688.4,25689.9,188
1783064880,25689.4,25694.9,25685.9,25693.4,136
1783064940,25692.9,25693.9,25686.9,25687.4,138
1783065000,25686.9,25695.9,25685.9,25695.9,172
1783065060,25696.4,25707.4,25696.4,25701.4,117
1783065120,25701.9,25712.4,25699.9,25712.4,128
1783065180,25710.9,25710.9,25704.9,25708.9,128
1783065240,25708.4,25715.4,25707.4,25712.9,100
1783065300,25713.9,25721.9,25711.4,25721.9,150
1783065360,25722.4,25722.4,25710.4,25710.4,146
1783065420,25709.4,25715.9,25708.4,25712.4,148
1783065480,25713.4,25713.4,25698.9,25698.9,88
1783065540,25698.4,25698.4,25683.9,25683.9,110
1783065600,25684.4,25691.4,25679.9,25680.4,208
1783065660,25679.9,25683.4,25672.4,25677.9,170
1783065720,25678.4,25682.9,25675.1,25678.9,209
1783065780,25678.4,25680.9,25673.1,25677.4,110
1783065840,25677.9,25685.9,25676.4,25680.4,150
1783065900,25682.4,25690.4,25682.4,25686.9,136
1783065960,25685.9,25696.9,25684.9,25692.9,160
1783066020,25691.9,25694.9,25685.9,25692.9,130
1783066080,25693.4,25693.4,25677.9,25678.4,146
1783066140,25679.9,25685.4,25678.9,25683.9,140
1783066200,25684.9,25691.9,25683.9,25691.4,140
1783066260,25690.4,25708.4,25689.9,25707.4,162
1783066320,25707.9,25716.9,25707.4,25716.9,110
1783066380,25716.4,25717.9,25710.9,25714.4,122
1783066440,25714.9,25716.4,25708.9,25709.4,156
1783066500,25709.9,25714.9,25709.4,25711.9,142
1783066560,25712.4,25727.9,25709.9,25726.9,136
1783066620,25727.4,25730.9,25726.4,25730.4,120
1783066680,25729.9,25737.4,25729.4,25731.4,120
1783066740,25730.9,25734.4,25727.4,25729.4,154
1783066800,25728.9,25732.9,25723.4,25725.9,150
1783066860,25725.4,25731.9,25724.9,25724.9,104
1783066920,25725.4,25725.4,25710.4,25710.9,138
1783066980,25711.4,25712.9,25710.4,25711.9,101
1783067040,25712.4,25724.4,25712.4,25723.9,158
1783067100,25724.9,25730.9,25724.4,25730.9,108
1783067160,25730.4,25730.9,25718.9,25721.4,116
1783067220,25720.9,25723.4,25712.4,25716.9,113
1783067280,25717.9,25721.9,25714.4,25714.4,138
1783067340,25714.9,25719.4,25712.9,25715.9,180
1783067400,25715.4,25719.9,25707.9,25712.6,203
1783067460,25711.1,25711.6,25704.4,25704.4,138
1783067520,25702.9,25702.9,25696.4,25699.9,142
1783067580,25698.4,25705.4,25693.9,25693.9,128
1783067640,25694.4,25697.4,25689.4,25693.4,158
1783067700,25694.4,25708.4,25694.4,25708.4,125
1783067760,25709.4,25709.4,25701.6,25703.9,106
1783067820,25704.4,25705.4,25693.4,25696.9,144
1783067880,25697.9,25698.4,25687.9,25689.4,102
1783067940,25688.9,25691.4,25682.4,25688.4,142
1783068000,25689.4,25691.4,25681.4,25684.4,122
1783068060,25684.9,25693.9,25684.9,25688.9,118
1783068120,25688.4,25692.4,25684.9,25684.9,144
1783068180,25685.9,25685.9,25676.9,25678.4,144
1783068240,25678.9,25680.9,25676.9,25680.9,123
1783068300,25680.4,25682.9,25673.4,25676.9,144
1783068360,25675.4,25676.9,25672.4,25673.4,124
1783068420,25673.9,25682.9,25672.4,25678.4,124
1783068480,25676.4,25678.4,25664.9,25665.9,124
1783068540,25666.4,25668.4,25651.4,25652.9,154
1783068600,25653.9,25658.4,25649.9,25652.9,142
1783068660,25652.4,25654.4,25647.6,25647.6,137
1783068720,25646.1,25648.9,25640.9,25647.4,148
1783068780,25646.4,25648.9,25641.4,25641.4,147
1783068840,25641.9,25644.4,25638.9,25640.9,132
1783068900,25641.9,25643.4,25634.4,25641.4,124
1783068960,25642.4,25644.4,25635.9,25635.9,120
1783069020,25636.4,25639.4,25633.9,25639.4,136
1783069080,25639.9,25641.4,25628.9,25631.4,142
1783069140,25630.4,25632.4,25625.9,25627.9,126
1783069200,25626.9,25628.9,25623.4,25623.4,186
1783069260,25621.9,25627.9,25617.9,25621.4,122
1783069320,25621.9,25624.4,25619.4,25619.9,124
1783069380,25619.4,25619.9,25612.4,25617.4,148
1783069440,25616.9,25617.4,25608.9,25608.9,150
1783069500,25609.9,25618.9,25609.9,25618.9,164
1783069560,25617.9,25619.4,25614.9,25618.4,140
1783069620,25617.9,25627.4,25613.4,25623.4,102
1783069680,25622.9,25630.4,25622.9,25622.9,136
1783069740,25623.4,25625.4,25614.9,25614.9,110
1783069800,25614.4,25619.4,25614.4,25618.9,162
1783069860,25619.4,25631.4,25618.9,25628.4,152
1783069920,25627.4,25628.4,25623.4,25625.4,84
1783069980,25624.4,25631.9,25622.4,25624.9,127
1783070040,25625.4,25630.4,25624.4,25629.4,124
1783070100,25628.4,25631.4,25624.4,25625.9,140
1783070160,25625.4,25635.4,25624.4,25632.9,102
1783070220,25632.4,25635.4,25629.9,25634.4,132
1783070280,25633.9,25643.9,25633.4,25643.4,126
1783070340,25643.9,25649.9,25639.4,25649.4,112
1783070400,25647.9,25658.4,25647.9,25657.4,106
1783070460,25657.9,25661.4,25651.1,25658.4,130
1783070520,25657.9,25658.4,25639.4,25639.4,118
1783070580,25641.4,25645.9,25639.4,25645.4,138
1783070640,25646.4,25646.4,25636.4,25637.4,124
1783070700,25636.9,25643.4,25634.9,25641.4,100
1783070760,25640.9,25648.9,25637.9,25642.4,124
1783070820,25641.4,25641.4,25633.4,25637.9,130
1783070880,25637.4,25642.4,25635.4,25636.9,126
1783070940,25636.4,25637.4,25626.9,25629.9,136
1783071000,25630.4,25631.4,25626.4,25627.4,135
1783071060,25626.9,25634.4,25626.9,25629.4,130
1783071120,25630.9,25644.4,25630.4,25643.9,116
1783071180,25644.4,25644.4,25629.9,25629.9,128
1783071240,25629.4,25632.9,25623.9,25626.9,132
1783071300,25627.9,25627.9,25617.1,25619.4,92
1783071360,25620.4,25631.4,25618.4,25631.4,88
1783071420,25630.9,25634.4,25629.4,25630.9,112
1783071480,25631.4,25633.9,25628.9,25630.4,118
1783071540,25629.4,25634.9,25628.4,25632.4,114
1783071600,25631.4,25634.4,25627.4,25634.4,138
1783071660,25633.9,25645.9,25633.4,25643.9,108
1783071720,25643.4,25645.4,25642.4,25645.4,104
1783071780,25644.9,25651.9,25643.9,25651.4,84
1783071840,25651.9,25653.9,25649.4,25653.4,104
1783071900,25652.9,25653.4,25644.6,25650.9,104
1783071960,25651.9,25655.4,25649.9,25654.9,144
1783072020,25654.4,25657.9,25651.9,25657.4,80
1783072080,25656.9,25661.4,25650.9,25661.4,118
1783072140,25660.9,25665.9,25660.9,25665.9,80
1783072200,25664.9,25666.9,25655.4,25659.9,194
1783072260,25660.9,25661.4,25647.4,25648.4,162
1783072320,25647.9,25649.9,25643.4,25646.4,156
1783072380,25645.9,25649.9,25638.9,25643.4,150
1783072440,25643.9,25644.9,25639.4,25642.4,172
1783072500,25642.9,25648.4,25640.4,25643.9,144
1783072560,25644.4,25654.9,25642.9,25645.4,146
1783072620,25644.9,25650.9,25643.4,25643.4,128
1783072680,25640.9,25645.9,25637.9,25642.9,152
1783072740,25643.9,25654.9,25643.9,25650.9,176
1783072800,25650.4,25650.4,25636.9,25643.9,136
1783072860,25643.4,25649.4,25641.9,25647.4,118
1783072920,25647.9,25651.9,25640.4,25641.9,142
1783072980,25640.9,25645.4,25639.4,25644.9,82
1783073040,25645.4,25650.4,25642.9,25649.9,106
1783073100,25648.9,25652.4,25645.4,25651.9,100
1783073160,25652.4,25653.9,25648.4,25648.9,92
1783073220,25649.9,25652.4,25645.4,25650.4,112
1783073280,25649.9,25654.4,25649.4,25653.9,74
1783073340,25653.4,25659.4,25650.1,25659.4,86
1783073400,25660.4,25662.9,25656.9,25660.9,84
1783073460,25661.4,25671.4,25660.9,25671.4,104
1783073520,25670.9,25675.4,25666.6,25675.4,56
1783073580,25675.9,25677.4,25672.9,25672.9,82
1783073640,25672.4,25672.4,25664.4,25667.4,90
1783073700,25666.9,25668.9,25663.9,25667.4,78
1783073760,25670.9,25670.9,25656.9,25659.4,93
1783073820,25658.9,25666.4,25658.9,25665.9,64
1783073880,25666.9,25666.9,25661.9,25661.9,94
1783073940,25662.4,25666.9,25661.9,25665.9,54
1783074000,25665.4,25665.4,25662.4,25664.4,62
1783074060,25665.4,25668.9,25663.9,25666.4,90
1783074120,25665.9,25668.4,25663.9,25666.9,54
1783074180,25666.4,25670.9,25661.9,25669.9,78
1783074240,25669.4,25673.4,25667.9,25670.4,108
1783074300,25669.4,25669.4,25665.4,25666.4,70
1783074360,25666.9,25671.4,25664.9,25671.4,80
1783074420,25671.9,25681.9,25671.9,25675.4,96
1783074480,25676.4,25681.4,25675.4,25680.9,70
1783074540,25681.4,25683.4,25675.4,25675.9,80
1783074600,25676.4,25685.4,25676.4,25685.4,86
1783074660,25684.4,25690.4,25684.4,25689.9,66
1783074720,25690.4,25690.4,25680.9,25681.9,78
1783074780,25680.4,25687.4,25676.4,25686.4,100
1783074840,25687.4,25687.4,25682.4,25685.9,74
1783074900,25686.4,25694.9,25685.4,25693.4,106
1783074960,25693.9,25697.4,25692.9,25695.4,68
1783075020,25694.9,25699.4,25694.4,25699.4,62
1783075080,25698.9,25700.4,25692.9,25698.4,114
1783075140,25697.9,25702.9,25697.4,25700.4,106
1783075200,25700.9,25701.4,25695.4,25695.9,64
1783075260,25695.4,25697.4,25693.9,25694.4,80
1783075320,25695.4,25696.4,25692.4,25693.4,52
1783075380,25693.9,25695.4,25687.9,25688.4,86
1783075440,25688.9,25696.9,25687.4,25696.4,68
1783075500,25696.9,25702.4,25694.9,25701.4,94
1783075560,25701.9,25703.4,25700.4,25702.4,76
1783075620,25701.4,25703.4,25699.4,25699.9,72
1783075680,25699.4,25702.9,25697.4,25700.9,76
1783075740,25701.4,25702.9,25700.4,25701.4,52
1783075800,25700.9,25703.4,25696.4,25697.4,68
1783075860,25697.9,25697.9,25694.9,25696.4,110
1783075920,25695.9,25697.9,25692.4,25695.9,90
1783075980,25696.4,25697.9,25687.9,25687.9,90
1783076040,25687.4,25690.9,25687.4,25690.9,90
1783076100,25690.4,25692.4,25686.4,25686.4,106
1783076160,25687.4,25690.9,25687.4,25688.9,86
1783076220,25689.4,25702.9,25688.4,25700.9,96
1783076280,25700.4,25701.9,25697.4,25698.4,80
1783076340,25698.9,25701.9,25697.9,25699.9,60
1783076400,25700.9,25703.4,25686.9,25688.4,138
1783076460,25689.4,25696.4,25681.9,25683.9,102
1783076520,25683.4,25693.9,25675.4,25689.9,138
1783076580,25690.4,25698.4,25690.4,25691.4,94
1783076640,25691.9,25692.9,25687.9,25691.9,96
1783076700,25690.9,25692.4,25677.4,25680.9,104
1783076760,25679.9,25682.4,25674.9,25675.4,94
1783076820,25674.4,25676.4,25671.4,25671.4,52
1783076880,25670.4,25676.4,25670.4,25673.4,110
1783076940,25673.9,25678.4,25672.9,25674.4,64
1783077000,25675.4,25678.9,25675.4,25676.4,56
1783077060,25677.4,25681.4,25676.4,25680.4,68
1783077120,25679.4,25681.9,25675.9,25678.9,76
1783077180,25678.4,25684.9,25678.4,25681.4,96
1783077240,25680.9,25680.9,25672.4,25673.4,86
1783077300,25674.9,25677.4,25670.9,25673.4,88
1783077360,25674.4,25681.9,25673.9,25680.4,60
1783077420,25681.4,25683.4,25678.9,25683.4,90
1783077480,25682.4,25683.4,25677.4,25680.4,60
1783077540,25680.9,25681.4,25675.9,25679.9,68
1783077600,25679.4,25684.9,25679.4,25680.9,72
1783077660,25680.4,25682.9,25676.4,25677.9,100
1783077720,25676.9,25683.4,25675.4,25681.9,74
1783077780,25681.4,25682.4,25672.4,25674.4,104
1783077840,25673.9,25675.4,25667.4,25667.4,88
1783077900,25666.9,25669.4,25666.9,25669.4,30
1783077960,25668.4,25670.9,25664.9,25664.9,68
1783078020,25664.4,25664.4,25660.4,25661.4,68
1783078080,25660.9,25664.4,25658.4,25658.4,56
1783078140,25657.4,25659.9,25654.4,25659.9,72
1783078200,25659.4,25659.9,25654.4,25656.9,68
1783078260,25657.4,25663.4,25656.4,25663.4,58
1783078320,25662.4,25672.4,25661.4,25672.4,94
1783078380,25673.4,25673.4,25669.4,25669.9,54
1783078440,25669.4,25670.9,25667.4,25667.4,60
1783078500,25666.9,25668.4,25664.4,25668.4,80
1783078560,25667.9,25669.4,25666.4,25667.4,88
1783078620,25667.9,25670.9,25666.4,25668.4,60
1783078680,25668.9,25671.4,25667.4,25667.4,50
1783078740,25668.4,25668.4,25661.4,25661.4,104
1783078800,25661.9,25664.9,25659.4,25664.9,70
1783078860,25662.9,25669.4,25662.4,25668.4,88
1783078920,25667.4,25671.4,25667.4,25671.4,60
1783078980,25671.9,25676.4,25671.4,25676.4,68
1783079040,25675.9,25678.4,25674.4,25676.9,98
1783079100,25676.4,25680.9,25676.4,25680.4,60
1783079160,25680.9,25688.4,25680.4,25688.4,66
1783079220,25687.9,25690.9,25686.9,25689.4,78
1783079280,25689.9,25690.9,25689.4,25690.9,54
1783079340,25690.4,25694.4,25690.4,25694.4,72
1783079400,25693.9,25698.4,25691.4,25691.9,78
1783079460,25692.4,25695.9,25689.9,25693.4,86
1783079520,25693.9,25697.4,25693.9,25696.4,80
1783079580,25695.9,25702.4,25695.4,25702.4,76
1783079640,25701.4,25701.4,25696.4,25698.9,92
1783079700,25699.4,25703.4,25698.4,25701.9,92
1783079760,25702.4,25702.9,25700.4,25700.4,56
1783079820,25701.4,25702.9,25699.9,25701.4,66
1783079880,25700.9,25701.4,25698.4,25700.4,66
1783079940,25701.4,25706.4,25700.4,25704.4,56
1783080000,25706.4,25712.9,25706.4,25711.4,120
1783080060,25712.4,25713.9,25710.9,25711.4,56
1783080120,25712.4,25719.4,25712.4,25719.4,92
1783080180,25719.9,25719.9,25711.4,25714.4,110
1783080240,25714.9,25716.9,25712.4,25714.4,86
1783080300,25713.9,25717.4,25713.1,25716.9,72
1783080360,25717.9,25724.9,25717.9,25723.4,122
1783080420,25722.4,25723.9,25718.4,25718.4,91
1783080480,25717.9,25718.4,25711.6,25715.4,111
1783080540,25715.9,25716.4,25711.4,25712.4,68
1783080600,25711.9,25716.9,25710.1,25715.9,100
1783080660,25715.4,25715.4,25706.9,25709.4,84
1783080720,25709.9,25716.4,25709.4,25713.4,88
1783080780,25712.9,25719.4,25712.4,25718.9,88
1783080840,25719.4,25719.4,25715.9,25716.4,82
1783080900,25716.9,25716.9,25705.6,25707.4,94
1783080960,25708.4,25709.4,25706.4,25708.4,54
1783081020,25708.9,25714.4,25707.4,25713.4,90
1783081080,25714.4,25714.4,25708.4,25710.9,84
1783081140,25710.4,25714.4,25705.9,25706.4,90
1783081200,25705.9,25705.9,25698.9,25700.4,96
1783081260,25701.9,25705.4,25700.9,25701.9,92
1783081320,25702.4,25705.4,25701.9,25704.4,92
1783081380,25703.4,25703.9,25698.4,25701.4,84
1783081440,25701.9,25703.9,25698.4,25703.4,98
1783081500,25702.4,25705.9,25698.4,25703.9,112
1783081560,25704.4,25705.9,25700.9,25703.4,110
1783081620,25701.4,25704.4,25700.4,25702.9,83
1783081680,25703.4,25703.4,25701.4,25701.4,50
1783081740,25702.9,25706.9,25702.4,25705.4,64
1783081800,25705.9,25711.4,25704.4,25709.9,104
1783081860,25709.4,25713.4,25707.9,25713.4,66
1783081920,25714.9,25720.4,25714.4,25719.4,52
1783081980,25718.9,25722.4,25715.4,25722.4,54
1783082040,25721.4,25721.9,25716.4,25716.4,122
1783082100,25716.9,25719.4,25713.4,25719.4,86
1783082160,25718.4,25726.4,25718.4,25724.4,60
1783082220,25723.9,25728.4,25723.9,25728.4,68
1783082280,25727.9,25729.9,25724.9,25728.9,78
1783082340,25728.4,25731.4,25724.9,25731.4,94
1783082400,25730.9,25733.4,25726.4,25728.4,59
1783082460,25729.4,25735.4,25728.4,25735.4,80
1783082520,25734.9,25736.4,25731.6,25732.4,107
1783082580,25732.9,25732.9,25723.9,25723.9,104
1783082640,25724.9,25731.9,25723.9,25731.4,66
1783082700,25731.9,25737.9,25731.9,25737.4,86
1783082760,25736.9,25737.9,25735.9,25736.4,62
1783082820,25736.9,25740.4,25735.6,25738.4,70
1783082880,25737.4,25742.4,25737.4,25742.4,48
1783082940,25742.9,25746.4,25739.6,25739.6,51
1783083000,25742.4,25742.9,25736.4,25736.4,60
1783083060,25736.9,25736.9,25728.4,25728.4,72
1783083120,25727.9,25728.4,25723.9,25725.4,65
1783083180,25726.9,25727.4,25724.9,25726.4,78
1783083240,25726.9,25728.4,25724.4,25728.4,104
1783083300,25727.9,25737.4,25727.9,25736.4,76
1783083360,25735.4,25741.4,25734.4,25739.1,91
1783083420,25740.4,25745.9,25738.6,25745.4,85
1783083480,25746.4,25746.4,25740.4,25745.4,78
1783083540,25745.9,25748.4,25743.4,25747.4,70
1783083600,25748.4,25761.4,25747.4,25761.4,112
1783083660,25761.9,25765.9,25759.4,25763.4,128
1783083720,25763.9,25771.9,25759.4,25771.9,132
1783083780,25771.4,25773.4,25766.6,25771.4,130
1783083840,25770.9,25770.9,25761.4,25761.4,88
1783083900,25760.9,25760.9,25752.9,25757.4,102
1783083960,25756.9,25759.4,25755.9,25758.4,122
1783084020,25757.9,25762.4,25755.4,25759.4,104
1783084080,25759.9,25759.9,25754.4,25755.9,114
1783084140,25755.4,25757.9,25752.4,25753.4,108
1783084200,25752.9,25754.4,25746.4,25746.9,102
1783084260,25747.4,25748.9,25741.9,25746.9,126
1783084320,25746.4,25746.4,25740.9,25742.9,114
1783084380,25742.4,25747.9,25740.9,25745.9,100
1783084440,25746.4,25755.9,25745.4,25754.9,156
1783084500,25754.4,25758.4,25753.9,25755.9,92
1783084560,25756.4,25763.4,25754.9,25762.4,110
1783084620,25761.9,25763.9,25760.9,25761.9,56
1783084680,25762.4,25762.4,25760.4,25761.4,82
1783084740,25761.9,25763.9,25760.9,25762.4,92
1783084800,25762.9,25768.4,25762.4,25766.4,106
1783084860,25766.9,25766.9,25757.9,25758.4,108
1783084920,25756.9,25757.4,25753.9,25754.4,66
1783084980,25753.9,25758.9,25752.4,25755.9,84
1783085040,25756.4,25761.9,25756.4,25760.4,108
1783085100,25759.9,25759.9,25751.9,25751.9,106
1783085160,25750.4,25752.4,25747.4,25748.9,106
1783085220,25749.4,25750.9,25748.4,25749.4,66
1783085280,25749.9,25749.9,25744.4,25744.9,92
1783085340,25745.4,25746.9,25743.4,25746.9,106
1783085400,25746.4,25749.9,25737.4,25737.4,138
1783085460,25738.4,25740.4,25736.9,25737.9,96
1783085520,25737.4,25742.4,25736.4,25742.4,112
1783085580,25741.9,25745.9,25738.9,25745.9,110
1783085640,25746.4,25748.4,25744.4,25745.4,98
1783085700,25744.4,25750.9,25744.4,25749.4,88
1783085760,25748.9,25754.4,25745.4,25753.9,112
1783085820,25754.4,25754.4,25742.4,25742.4,118
1783085880,25742.9,25746.4,25734.9,25735.4,114
1783085940,25734.9,25739.4,25732.4,25735.9,132
1783086000,25736.4,25736.9,25726.9,25731.9,118
1783086060,25730.9,25740.9,25729.9,25740.4,114
1783086120,25740.9,25747.4,25738.9,25745.4,78
1783086180,25747.4,25749.9,25747.4,25748.4,94
1783086240,25748.9,25751.9,25746.4,25750.4,80
1783086300,25750.9,25756.9,25750.9,25755.9,104
1783086360,25755.4,25763.4,25755.4,25762.9,98
1783086420,25762.4,25765.9,25761.4,25762.4,72
1783086480,25763.4,25766.9,25760.4,25760.9,112
1783086540,25761.4,25761.9,25753.9,25755.9,130
1783086600,25755.4,25755.4,25742.9,25747.9,150
1783086660,25748.4,25756.9,25747.4,25756.9,100
1783086720,25757.4,25758.9,25755.4,25757.4,104
1783086780,25756.9,25764.9,25755.4,25763.9,106
1783086840,25763.4,25764.4,25758.4,25759.9,76
1783086900,25759.4,25770.4,25759.4,25768.9,112
1783086960,25768.4,25782.9,25765.9,25778.9,146
1783087020,25778.4,25781.4,25777.4,25779.4,88
1783087080,25778.9,25778.9,25770.4,25772.4,104
1783087140,25771.9,25773.4,25767.4,25769.4,104
1783087200,25769.9,25779.4,25767.4,25779.4,130
1783087260,25779.9,25779.9,25774.9,25777.4,108
1783087320,25777.9,25780.9,25774.4,25775.9,120
1783087380,25776.4,25784.4,25775.4,25783.9,64
1783087440,25784.4,25785.4,25780.9,25782.4,90
1783087500,25785.9,25791.9,25784.4,25789.4,131
1783087560,25786.9,25789.9,25783.4,25784.9,132
1783087620,25785.4,25786.9,25780.4,25780.9,134
1783087680,25781.4,25785.4,25779.9,25784.9,146
1783087740,25784.4,25784.4,25777.9,25782.4,96
1783087800,25781.9,25782.4,25774.9,25779.9,112
1783087860,25780.4,25782.4,25776.9,25778.9,78
1783087920,25778.4,25781.4,25771.4,25773.4,112
1783087980,25773.9,25776.9,25771.4,25773.4,94
1783088040,25773.9,25776.9,25772.9,25774.4,60
1783088100,25774.9,25781.9,25774.4,25777.4,116
1783088160,25776.4,25778.9,25771.9,25772.9,94
1783088220,25772.4,25776.9,25771.4,25771.9,102
1783088280,25771.4,25771.4,25760.9,25762.4,106
1783088340,25761.9,25761.9,25757.4,25760.4,100
1783088400,25760.9,25761.9,25755.6,25757.4,76
1783088460,25756.9,25763.9,25756.4,25763.4,94
1783088520,25762.4,25762.4,25754.9,25759.4,86
1783088580,25759.9,25760.9,25756.9,25758.9,62
1783088640,25758.4,25759.9,25753.9,25754.4,96
1783088700,25753.9,25757.9,25752.4,25755.4,102
1783088760,25754.4,25754.4,25746.4,25747.4,94
1783088820,25747.9,25748.9,25741.4,25742.4,88
1783088880,25742.9,25745.4,25738.4,25738.4,110
1783088940,25738.9,25748.4,25738.9,25748.4,65
1783089000,25749.9,25760.4,25748.4,25758.4,102
1783089060,25757.9,25760.4,25754.9,25755.4,48
1783089120,25755.9,25756.9,25751.9,25753.9,98
1783089180,25753.4,25753.9,25746.4,25746.4,108
1783089240,25744.9,25753.4,25743.4,25751.4,114
1783089300,25751.9,25762.9,25751.4,25762.4,80
1783089360,25763.9,25768.4,25763.9,25765.9,92
1783089420,25765.4,25773.9,25764.9,25773.4,76
1783089480,25772.9,25774.4,25768.9,25773.4,98
1783089540,25772.9,25774.4,25769.4,25774.4,46
1783089600,25773.4,25779.9,25771.4,25779.9,56
1783089660,25779.4,25785.4,25777.9,25785.4,82
1783089720,25783.9,25788.4,25782.9,25783.4,90
1783089780,25782.4,25782.9,25778.9,25780.4,108
1783089840,25780.9,25780.9,25774.9,25777.4,100
1783089900,25776.4,25780.4,25770.9,25779.4,98
1783089960,25779.9,25780.9,25778.4,25779.9,64
1783090020,25778.9,25793.9,25778.9,25793.9,100
1783090080,25793.4,25793.9,25787.9,25791.4,106
1783090140,25791.9,25791.9,25788.4,25790.4,106
1783090200,25790.9,25798.4,25790.9,25797.9,72
1783090260,25797.4,25798.4,25791.9,25794.4,62
1783090320,25793.9,25797.4,25793.9,25796.4,58
1783090380,25795.4,25803.9,25795.4,25800.9,74
1783090440,25800.4,25805.9,25800.4,25805.4,40
1783090500,25806.9,25809.9,25805.4,25808.4,58
1783090560,25809.4,25818.9,25808.4,25815.4,66
1783090620,25815.9,25817.9,25808.9,25809.9,96
1783090680,25810.9,25811.4,25806.9,25808.9,96
1783090740,25808.4,25808.4,25804.4,25807.4,98
1783090800,25807.9,25810.9,25804.9,25806.9,112
1783090860,25807.4,25812.4,25805.4,25811.4,100
1783090920,25811.9,25811.9,25801.4,25805.9,96
1783090980,25805.4,25809.4,25797.9,25798.9,120
1783091040,25799.4,25799.4,25794.4,25796.4,80
1783091100,25795.9,25798.9,25791.9,25792.4,108
1783091160,25791.9,25799.4,25791.4,25796.4,92
1783091220,25796.9,25804.9,25796.9,25802.4,68
1783091280,25802.9,25803.4,25798.4,25799.4,78
1783091340,25799.9,25801.4,25797.4,25797.4,86
1783091400,25798.4,25804.9,25797.4,25800.6,97
1783091460,25800.1,25808.4,25799.6,25805.9,73
1783091520,25805.4,25810.4,25797.4,25805.4,100
1783091580,25806.4,25809.9,25803.4,25808.4,100
1783091640,25808.9,25817.9,25808.9,25815.9,108
1783091700,25816.9,25828.4,25816.4,25828.4,132
1783091760,25828.9,25833.4,25824.4,25825.4,138
1783091820,25824.4,25824.9,25817.9,25818.9,108
1783091880,25819.4,25820.4,25817.4,25819.4,48
1783091940,25818.9,25820.4,25817.9,25820.4,62
1783092000,25821.4,25824.4,25806.4,25806.4,140
1783092060,25806.9,25813.9,25806.4,25813.4,96
1783092120,25813.9,25817.4,25806.4,25806.4,102
1783092180,25806.9,25807.9,25799.9,25800.4,94
1783092240,25799.9,25800.4,25794.4,25797.4,76
1783092300,25796.4,25799.9,25793.4,25798.4,108
1783092360,25798.9,25807.4,25796.9,25807.4,100
1783092420,25806.9,25806.9,25802.4,25803.4,84
1783092480,25802.9,25803.4,25795.4,25795.4,92
1783092540,25797.9,25806.4,25796.4,25801.4,150
1783092600,25802.4,25804.2,25792.7,25797.7,160
1783092660,25797.2,25805.2,25795.7,25805.2,92
1783092720,25803.7,25804.2,25797.2,25799.2,112
1783092780,25798.2,25802.2,25794.7,25796.2,152
1783092840,25795.2,25799.2,25778.2,25784.7,245
1783092900,25784.2,25795.2,25779.2,25792.7,188
1783092960,25793.2,25806.7,25792.2,25802.2,106
1783093020,25803.7,25807.2,25801.7,25804.7,80
1783093080,25804.2,25808.7,25802.7,25807.7,64
1783093140,25807.2,25810.2,25806.7,25807.2,60
1783093200,25806.2,25809.2,25806.2,25808.7,36
1783093260,25809.2,25809.2,25800.2,25801.2,78
1783093320,25801.7,25801.7,25796.2,25797.2,104
1783093380,25797.7,25804.7,25797.2,25802.7,96
1783093440,25802.2,25803.2,25796.2,25797.2,68
1783093500,25796.7,25797.2,25791.7,25793.2,64
1783093560,25792.2,25792.7,25788.2,25788.7,38
1783093620,25789.2,25791.2,25788.2,25789.2,52
1783093680,25788.7,25792.2,25788.7,25792.2,40
1783093740,25790.7,25794.2,25790.7,25793.2,20
1783093800,25792.2,25792.2,25787.2,25787.7,28
1783093860,25788.2,25791.2,25787.2,25789.7,40
1783093920,25788.7,25791.2,25787.2,25788.7,50
1783093980,25789.7,25792.7,25789.2,25792.2,30
1783094040,25791.7,25797.7,25791.2,25796.7,58
1783094100,25797.2,25797.2,25795.7,25796.2,14
1783094160,25796.7,25799.2,25796.2,25798.2,32
1783094220,25798.7,25800.2,25797.2,25799.7,64
1783094280,25799.2,25803.2,25799.2,25801.2,49
1783094340,25801.7,25802.2,25794.2,25795.2,46
1783094400,25796.2,25796.2,25792.2,25792.7,76
1783094460,25793.7,25798.7,25793.2,25797.2,44
1783094520,25796.2,25796.7,25792.1,25794.2,21
1783094580,25794.7,25798.7,25794.7,25796.2,38
1783094640,25795.2,25796.7,25792.7,25796.2,26
1783094700,25795.7,25802.2,25795.7,25802.2,20
1783094760,25801.7,25802.7,25801.2,25802.2,8
1783094820,25802.7,25802.7,25798.7,25802.7,44
1783094880,25802.2,25803.2,25799.7,25802.7,22
1783094940,25803.2,25812.7,25803.2,25812.7,34
1783095000,25812.2,25814.7,25810.7,25810.7,36
1783095060,25811.2,25811.2,25807.7,25808.2,24
1783095120,25807.2,25810.7,25805.2,25809.7,22
1783095180,25808.7,25810.2,25807.2,25809.2,24
1783095240,25809.7,25810.2,25808.7,25810.2,10
1783095300,25810.7,25811.7,25809.2,25809.7,38
1783095360,25809.2,25811.2,25808.2,25809.2,32
1783095420,25810.2,25815.2,25808.7,25813.7,30
1783095480,25815.2,25817.7,25812.7,25816.7,68
1783095540,25817.2,25818.2,25814.2,25814.7,42
1783095600,25815.7,25815.7,25812.7,25812.7,46
1783095660,25811.7,25814.2,25810.7,25812.2,48
1783095720,25811.7,25811.7,25807.2,25807.7,36
1783095780,25807.2,25809.7,25807.2,25809.2,30
1783095840,25808.7,25810.7,25808.7,25809.7,32
1783095900,25809.2,25811.7,25808.7,25809.7,46
1783095960,25808.7,25808.7,25806.7,25808.7,40
1783096020,25808.2,25812.2,25807.7,25811.2,40
1783096080,25810.7,25811.2,25808.2,25808.2,38
1783096140,25809.7,25810.7,25806.7,25807.2,42
1783096200,25806.7,25810.7,25803.6,25810.7,60
1783096260,25810.2,25811.2,25807.7,25810.2,40
1783096320,25810.7,25812.2,25809.2,25810.2,40
1783096380,25811.2,25816.2,25811.2,25815.2,36
1783096440,25814.2,25818.2,25813.7,25818.2,38
1783096500,25817.7,25818.2,25815.7,25816.7,16
1783096560,25816.2,25816.7,25813.7,25815.7,38
1783096620,25815.2,25816.2,25813.7,25813.7,28
1783096680,25812.7,25813.7,25810.2,25811.7,28
1783096740,25810.2,25811.2,25810.2,25811.2,10
1783096800,25807.7,25809.7,25807.2,25809.2,18
1783096860,25806.7,25809.7,25806.7,25809.2,16
1783096920,25808.7,25809.2,25806.2,25806.7,36
1783096980,25807.2,25807.2,25805.7,25806.7,12
1783097040,25807.2,25808.7,25807.2,25808.2,26
1783097100,25808.7,25808.7,25806.2,25806.2,32
1783097160,25806.7,25806.7,25804.2,25805.2,14
1783097220,25806.7,25806.7,25804.2,25804.7,24
1783097280,25805.2,25805.7,25802.7,25805.2,40
1783097340,25805.7,25807.2,25804.7,25807.2,38
1783097400,25806.7,25808.7,25805.7,25807.7,32
1783097460,25808.2,25808.2,25805.2,25805.2,12
1783097520,25805.7,25805.7,25805.2,25805.2,8
1783097580,25804.2,25805.2,25804.2,25805.2,16
1783097640,25805.7,25808.7,25805.2,25808.2,16
1783097700,25807.7,25809.7,25807.2,25809.2,40
1783097760,25809.7,25809.7,25805.2,25807.7,30
1783097820,25807.2,25807.7,25804.2,25804.2,18
1783097880,25803.7,25804.2,25802.7,25803.2,16
1783097940,25803.7,25804.2,25800.7,25801.7,66
1783098000,25802.2,25804.2,25801.7,25801.7,14
1783098060,25799.7,25799.7,25797.7,25798.7,12
1783098120,25797.7,25799.7,25797.2,25799.7,22
1783098180,25799.2,25799.2,25798.7,25798.7,4
1783098240,25798.2,25798.2,25798.2,25798.2,2
1783098420,25799.2,25799.7,25798.2,25798.2,8
1783098480,25797.7,25797.7,25797.2,25797.7,6
1783098540,25796.7,25797.7,25796.7,25797.7,6
1783098600,25797.2,25797.7,25797.2,25797.7,8
1783098660,25797.2,25797.2,25796.2,25796.7,12
1783098720,25796.2,25797.2,25795.7,25796.2,24
1783098780,25797.2,25797.2,25794.2,25794.2,12
1783098840,25792.2,25793.7,25792.2,25792.7,10
1783098900,25793.2,25794.2,25792.2,25794.2,22
1783098960,25793.7,25794.7,25793.2,25794.7,16
1783099020,25793.7,25797.2,25793.7,25797.2,8
1783099080,25798.2,25798.2,25798.2,25798.2,2
1783099200,25797.7,25798.2,25796.7,25798.2,20
1783099320,25797.7,25798.2,25797.7,25798.2,4
1783099380,25797.7,25798.2,25797.2,25797.7,10
1783099440,25798.2,25798.2,25797.7,25798.2,6
1783099500,25797.2,25797.7,25797.2,25797.7,4
1783099560,25798.2,25798.7,25798.2,25798.7,4
1783099620,25798.2,25798.2,25798.2,25798.2,2
1783099680,25798.7,25803.2,25798.7,25803.2,16
1783099740,25802.7,25802.7,25799.7,25800.2,14
1783099800,25801.2,25801.7,25800.2,25801.2,14
1783099860,25801.7,25801.7,25801.2,25801.7,26
1783099920,25802.2,25802.2,25801.2,25801.2,14
1783099980,25800.7,25802.2,25800.2,25800.2,14
1783100100,25799.2,25800.2,25799.2,25800.2,6
1783100160,25801.2,25801.2,25799.7,25800.2,8
1783100220,25799.7,25800.2,25799.2,25799.7,10
1783100280,25799.2,25800.2,25798.2,25799.2,18
1783100340,25797.2,25797.2,25797.2,25797.2,2
1783100400,25796.7,25797.2,25796.2,25797.2,8
1783100460,25796.7,25797.2,25796.7,25797.2,4
1783100520,25798.2,25798.2,25796.2,25797.2,12
1783100580,25796.7,25798.2,25796.7,25797.7,18
1783100640,25796.7,25797.7,25796.7,25797.2,18
1783100820,25797.7,25800.2,25797.7,25800.2,16
1783100880,25799.7,25800.7,25799.7,25799.7,22
1783100940,25800.2,25800.7,25799.7,25800.7,18
1783101000,25799.7,25800.7,25799.7,25800.7,10
1783101060,25800.2,25804.2,25800.2,25803.7,12
1783101120,25803.2,25803.2,25802.2,25803.2,10
1783101180,25802.7,25804.7,25802.7,25804.2,10
1783101240,25803.7,25805.2,25802.7,25805.2,8
1783101300,25805.7,25806.7,25801.7,25802.7,18
1783101360,25802.2,25803.7,25802.2,25803.7,4
1783101420,25802.2,25802.7,25802.2,25802.7,4
1783101480,25803.2,25803.2,25803.2,25803.2,2
1783101540,25803.7,25803.7,25802.2,25803.2,16
1783101600,25802.7,25802.7,25802.2,25802.2,4
1783101660,25802.7,25805.2,25800.2,25800.2,24
1783101720,25799.7,25802.7,25799.7,25802.7,12
1783101780,25802.2,25802.7,25801.2,25801.7,18
1783101840,25802.2,25802.2,25800.7,25800.7,10
1783101900,25799.7,25800.2,25797.7,25798.7,14
1783101960,25797.7,25797.7,25791.7,25792.7,18
1783102020,25794.2,25794.2,25794.2,25794.2,2
1783102080,25793.7,25793.7,25793.7,25793.7,2
1783102140,25794.2,25794.2,25793.7,25794.2,6
1783102200,25795.2,25795.2,25794.2,25795.2,8
1783102320,25796.2,25796.2,25795.7,25795.7,4
1783102380,25796.2,25796.2,25795.7,25795.7,12
1783102440,25796.2,25796.2,25794.7,25794.7,18
1783102500,25794.2,25796.2,25794.2,25795.2,12
1783102680,25794.7,25794.7,25793.7,25793.7,6
1783102740,25792.2,25792.2,25791.7,25792.2,14
1783102800,25791.7,25792.2,25790.7,25792.2,10
1783102920,25791.2,25791.7,25789.2,25791.7,12
1783102980,25791.2,25792.7,25791.2,25791.7,10
1783103220,25791.7,25791.7,25789.2,25789.2,7
1783103280,25788.7,25789.2,25788.7,25789.2,12
1783103340,25788.2,25789.2,25788.2,25788.2,16
1783103400,25789.2,25793.2,25789.2,25793.2,12
1783103460,25793.7,25795.2,25793.7,25794.2,12
1783103520,25793.7,25793.7,25792.7,25793.7,6
1783103580,25792.2,25792.2,25792.2,25792.2,2
1783103640,25792.7,25793.2,25792.2,25792.7,8
1783103700,25793.2,25795.7,25793.2,25793.7,18
1783103760,25793.2,25793.7,25793.2,25793.2,6
1783103820,25793.7,25794.7,25793.7,25794.7,4
1783103880,25794.2,25794.2,25794.2,25794.2,2
1783103940,25794.7,25796.7,25794.2,25796.2,20
1783104000,25796.7,25796.7,25796.2,25796.2,4
1783104060,25795.7,25795.7,25794.2,25794.7,18
1783104120,25794.2,25794.7,25794.2,25794.2,10
1783104180,25792.7,25793.2,25792.2,25792.2,6
1783104300,25792.7,25792.7,25792.2,25792.2,4
1783104420,25791.2,25791.2,25789.2,25790.2,10
1783104540,25790.7,25792.2,25790.7,25791.7,16
1783104600,25791.2,25791.2,25790.2,25790.2,4
1783104720,25791.7,25791.7,25791.7,25791.7,2
1783104780,25791.2,25791.2,25790.2,25790.7,6
1783104840,25790.2,25791.7,25790.2,25791.7,6
1783104900,25792.2,25792.2,25792.2,25792.2,2
1783104960,25791.7,25791.7,25790.2,25790.7,6
1783105080,25791.2,25792.2,25789.2,25790.7,16
1783105140,25790.2,25791.7,25790.2,25791.2,8
1783105200,25790.2,25791.2,25790.2,25791.2,8
1783105260,25791.7,25791.7,25790.2,25790.2,6
1783105320,25789.7,25790.2,25789.2,25789.2,10
1783105380,25789.7,25789.7,25789.2,25789.2,4
1783105440,25790.2,25790.2,25790.2,25790.2,2
1783105500,25790.7,25790.7,25789.2,25789.2,8
1783105560,25789.7,25789.7,25789.7,25789.7,2
1783105680,25789.2,25789.7,25789.2,25789.7,8
1783105740,25789.2,25789.7,25789.2,25789.7,4
1783105800,25789.2,25789.7,25789.2,25789.7,8
1783105860,25789.2,25789.7,25789.2,25789.7,4
1783105980,25789.2,25791.7,25788.7,25789.7,12
1783106040,25788.7,25791.7,25787.7,25791.7,14
1783106100,25792.7,25795.2,25790.7,25795.2,40
1783106160,25794.2,25795.2,25793.7,25794.7,18
1783106220,25794.2,25795.7,25793.7,25795.2,28
1783106280,25794.7,25796.2,25794.7,25795.2,18
1783106340,25795.7,25796.2,25794.2,25795.2,22
1783106400,25794.7,25794.7,25794.7,25794.7,2
1783106460,25796.7,25797.7,25795.7,25797.7,12
1783106520,25796.7,25797.7,25795.2,25797.2,14
1783106580,25796.7,25797.2,25796.7,25797.2,4
1783106640,25796.7,25798.7,25796.7,25797.2,14
1783106700,25796.7,25797.2,25796.7,25797.2,4
1783106760,25795.2,25795.7,25793.7,25795.7,12
1783106820,25795.2,25796.2,25794.7,25796.2,6
1783106880,25797.2,25798.7,25796.2,25796.2,16
1783106940,25795.7,25796.2,25795.7,25796.2,4
1783107000,25795.7,25798.2,25792.7,25793.7,26
1783107060,25795.2,25795.2,25794.2,25795.2,8
1783107120,25796.2,25796.2,25796.2,25796.2,2
1783107180,25799.2,25807.7,25799.2,25807.7,30
1783107240,25808.7,25808.7,25805.7,25806.7,30
1783107300,25805.7,25808.2,25805.7,25805.7,14
1783107360,25804.7,25807.2,25804.7,25806.2,28
1783107420,25806.7,25809.7,25806.2,25809.7,16
1783107480,25812.2,25819.2,25809.6,25818.2,22
1783107540,25817.7,25818.2,25812.7,25813.2,36
1783107600,25813.7,25818.2,25813.7,25815.2,24
1783107660,25812.2,25814.2,25811.7,25814.2,8
1783107720,25813.7,25813.7,25809.7,25810.2,18
1783107780,25808.7,25814.7,25806.7,25807.2,34
1783107840,25809.7,25816.2,25809.7,25812.2,28
1783107900,25811.7,25813.2,25810.7,25812.7,20
1783107960,25813.2,25814.7,25812.2,25814.2,36
1783108020,25814.7,25815.7,25814.2,25814.2,26
1783108080,25812.7,25812.7,25808.2,25809.2,26
1783108140,25808.7,25808.7,25800.7,25800.7,28
1783108200,25801.2,25812.2,25800.2,25812.2,34
1783108260,25811.7,25812.2,25809.2,25810.7,36
1783108320,25810.2,25814.7,25809.7,25813.2,34
1783108380,25814.2,25814.2,25809.7,25812.2,50
1783108440,25810.2,25811.7,25810.2,25811.7,20
1783108500,25811.2,25811.2,25806.7,25810.7,40
1783108560,25810.2,25820.7,25810.2,25816.7,63
1783108620,25816.2,25820.2,25813.2,25817.7,46
1783108680,25818.2,25818.7,25805.7,25809.2,54
1783289100,25802.8,25805.3,25798.1,25802,54
1783289160,25802.7,25805.2,25802.7,25803.9,110
1783289220,25803.7,25812.1,25803.7,25810.6,34
1783289280,25810.4,25810.4,25803.1,25803.8,66
1783289340,25803.6,25804.8,25803.1,25804.3,28
1783289400,25804.8,25805.5,25802.8,25803.6,30
1783289460,25804.5,25804.5,25802.3,25802.3,10
1783289520,25802.1,25802.1,25794.5,25795,46
1783289580,25795.3,25800.6,25795.3,25800.6,58
1783289640,25800.4,25802.3,25799.7,25802.3,110
1783289700,25800.9,25806.7,25798.7,25806.7,56
1783289760,25806.5,25811.6,25806.5,25811.1,68
1783289820,25810.9,25812.1,25810.6,25811.6,24
1783289880,25811.4,25812.6,25808.4,25808.9,66
1783289940,25808.2,25812.4,25808.2,25811.6,64
1783290000,25811.1,25815,25810.2,25813.8,76
1783290060,25813.6,25815.8,25810.4,25814.8,44
1783290120,25815.6,25816.5,25813.1,25813.4,62
1783290180,25813.6,25817,25812.9,25816.5,58
1783290240,25816.1,25823.5,25815.8,25823,74
1783290300,25822.5,25823,25819.5,25820,38
1783290360,25819.5,25821,25818.1,25818.1,60
1783290420,25818.3,25820,25818.1,25819.5,68
1783290480,25819.8,25823.9,25819.5,25823,62
1783290540,25822.7,25825.4,25822.7,25824.4,60
1783290600,25824.2,25825.4,25823.9,25825.4,40
1783290660,25825.2,25831,25825.2,25830.3,56
1783290720,25830,25830,25817.1,25827.6,28
1783290780,25828.8,25830.5,25828.8,25829.8,38
1783290840,25830,25832.2,25830,25831.7,52
1783290900,25831,25831,25829.8,25830,42
1783290960,25830.3,25836.2,25826.6,25836.2,62
1783291020,25836.5,25837.2,25836,25836.7,40
1783291080,25837.7,25838.2,25836.7,25838.2,32
1783291140,25838.7,25838.7,25837,25837.9,58
1783291200,25838.2,25840.1,25837,25837.5,60
1783291260,25838.2,25840.1,25833.8,25835.3,84
1783291320,25835.5,25837.7,25835,25836.5,44
1783291380,25836.2,25837.5,25836.2,25836.5,26
1783291440,25837.7,25839.6,25837.7,25839.4,42
1783291500,25838.9,25844,25838.9,25843.8,32
1783291560,25843.1,25843.1,25840.1,25841.8,62
1783291620,25841.6,25841.6,25840.6,25841.6,8
1783291680,25842.1,25845,25841.6,25843.1,42
1783291740,25842.6,25845.7,25842.6,25844,52
1783291800,25844.5,25844.5,25843.6,25843.8,22
1783291860,25843.6,25843.8,25841.1,25843.6,46
1783291920,25842.6,25843.1,25838.2,25838.4,34
1783291980,25838.2,25839.9,25836.5,25837,34
1783292040,25836.7,25838.2,25835.3,25837.7,60
1783292100,25837.9,25838.7,25836.2,25837.2,26
1783292160,25837.7,25838.4,25826.3,25830.4,40
1783292220,25830.1,25830.6,25823.6,25823.6,50
1783292280,25824.3,25824.8,25823.3,25824.3,30
1783292340,25824.6,25826.3,25824.3,25824.3,26
1783292400,25824.1,25825.3,25821.4,25825.3,84
1783292460,25825.5,25825.8,25823.3,25824.8,100
1783292520,25824.6,25827.7,25824.6,25827.5,54
1783292580,25828.2,25828.2,25825.5,25827.2,54
1783292640,25826.7,25828,25825.8,25828,28
1783292700,25828.9,25832.4,25828.9,25832.4,48
1783292760,25831.9,25832.1,25830.9,25831.6,28
1783292820,25831.4,25832.6,25831.4,25832.1,12
1783292880,25832.4,25833.1,25831.4,25833.1,16
1783292940,25832.6,25835,25832.6,25833.1,30
1783293000,25832.8,25833.1,25828.9,25828.9,50
1783293060,25828.7,25832.1,25828.7,25831.9,48
1783293120,25832.1,25838.7,25831.9,25836.5,75
1783293180,25835.3,25841.6,25830.7,25840.6,133
1783293240,25839.8,25843.3,25837.9,25842.3,62
1783293300,25842,25844.7,25842,25844.7,42
1783293360,25844.5,25847.7,25844.5,25847.7,26
1783293420,25847.9,25848.6,25845.9,25846.2,46
1783293480,25845.9,25847.7,25840.1,25840.1,36
1783293540,25839.6,25840.6,25839.1,25840.4,32
1783293600,25839.6,25840.6,25839.6,25840.1,18
1783293660,25842.1,25843,25842.1,25842.6,18
1783293720,25843.5,25843.5,25841.6,25841.8,30
1783293780,25841.6,25841.6,25840.4,25840.4,32
1783293840,25840.1,25840.1,25836.2,25836.5,26
1783293900,25835.7,25837.2,25835.5,25836,48
1783293960,25836.5,25838.4,25835.5,25836.2,36
1783294020,25835.5,25836,25834.5,25834.8,32
1783294080,25835,25837.2,25835,25836.9,22
1783294140,25837.2,25837.4,25836.5,25836.7,26
1783294200,25836.5,25841.1,25836.5,25840.6,74
1783294260,25840.9,25844,25840.9,25842.3,60
1783294320,25842.1,25844,25840.9,25843.8,20
1783294380,25844.3,25844.3,25842.3,25842.8,24
1783294440,25843,25843,25841.3,25841.3,10
1783294500,25841.3,25856,25841.3,25849,34
1783294560,25848.8,25849.3,25846.4,25847.6,42
1783294620,25847.3,25848.3,25847.3,25847.8,40
1783294680,25847.6,25849.3,25847.6,25848.6,16
1783294740,25848.8,25849.8,25848.1,25848.3,24
1783294800,25848.1,25848.3,25846.1,25847.1,40
1783294860,25847.3,25848.6,25846.9,25847.1,38
1783294920,25846.6,25846.6,25845.1,25846.6,26
1783294980,25846.4,25847.3,25846.4,25847.1,16
1783295040,25847.6,25847.6,25845.9,25846.4,26
1783295100,25845.6,25845.6,25842.2,25845.1,116
1783295160,25844.7,25850.5,25842.5,25842.5,94
1783295220,25843,25844.5,25841,25843,72
1783295280,25842,25845.4,25842,25844.5,54
1783295340,25845.2,25849.6,25845.2,25849.6,36
1783295400,25848.9,25855.4,25847.9,25854.7,82
1783295460,25854.5,25854.5,25848.1,25852.5,112
1783295520,25852,25852,25849.3,25850,60
1783295580,25847.8,25849,25847.1,25849,28
1783295640,25849.3,25850,25847.1,25849.5,50
1783295700,25849,25849.5,25846.6,25849.5,54
1783295760,25850,25853,25847.8,25852.7,82
1783295820,25852.5,25856.9,25850.2,25851.4,94
1783295880,25851.6,25852.6,25849.2,25851.1,96
1783295940,25851.4,25855,25851.1,25854.1,66
1783296000,25854.6,25855,25842.4,25843.3,292
1783296060,25842.8,25842.8,25832.6,25832.8,258
1783296120,25832.1,25834.3,25821.8,25827.7,272
1783296180,25827.2,25838.9,25826.2,25838.9,226
1783296240,25838.4,25844.8,25837.9,25841.4,184
1783296300,25841.8,25843.3,25837.5,25838.2,220
1783296360,25837.9,25844.3,25837.9,25840.9,196
1783296420,25841.4,25843.6,25839.9,25841.4,196
1783296480,25841.6,25853.1,25839.7,25853.1,178
1783296540,25852.9,25859.9,25852.4,25856,174
1783296600,25855.3,25857,25851.1,25857,224
1783296660,25857.2,25860.4,25851.3,25851.5,138
1783296720,25851.7,25851.7,25847.8,25851,108
1783296780,25851.5,25853.2,25849.6,25852,140
1783296840,25851,25857.4,25850,25856.9,130
1783296960,25894.3,25898.3,25878.8,25884.3,41
1783297020,25883.8,25896.3,25883.8,25891.8,76
1783297080,25892.8,25893.3,25876.8,25878.3,70
1783297140,25877.8,25879.3,25873.3,25874.3,48
1783297200,25874.8,25883.3,25874.3,25876.8,50
1783297260,25875.8,25875.8,25864.3,25864.8,48
1783297320,25864.3,25864.3,25839.8,25847.8,60
1783297380,25846.8,25853.3,25846.8,25850.3,52
1783297440,25849.3,25854.8,25848.8,25852.8,46
1783297500,25855.3,25860.8,25842.8,25842.8,68
1783297560,25842.3,25849.3,25838.8,25841.8,128
1783297620,25842.3,25848.8,25840.8,25843.3,92
1783297680,25842.8,25842.8,25833.3,25839.3,78
1783297740,25840.3,25842.3,25834.8,25835.8,70
1783297800,25834.8,25840.3,25828.8,25840.3,76
1783297860,25838.3,25847.8,25838.3,25846.8,28
1783297920,25844.8,25852.8,25837.8,25845.8,58
1783297980,25850.8,25852.8,25838.3,25838.3,84
1783298040,25838.8,25847.8,25838.8,25847.3,72
1783298100,25846.8,25848.3,25840.3,25841.8,92
1783298160,25842.3,25847.8,25841.3,25847.8,42
1783298220,25846.8,25852.3,25846.8,25852.3,10
1783298280,25853.3,25856.8,25853.3,25854.3,80
1783298340,25855.8,25856.8,25852.8,25854.3,30
1783298400,25854.8,25855.8,25854.8,25854.8,14
1783298520,25856.8,25857.8,25856.8,25857.8,4
1783298580,25860.8,25865.3,25859.8,25865.3,30
1783298640,25864.3,25864.8,25861.3,25864.8,24
1783298700,25866.8,25870.8,25866.8,25870.8,6
1783298760,25865.8,25867.8,25865.8,25867.8,8
1783298820,25867.3,25867.3,25863.3,25863.3,42
1783298880,25863.8,25870.8,25863.3,25869.8,32
1783298940,25870.3,25871.8,25864.8,25871.3,36
1783299000,25870.8,25870.8,25866.3,25867.8,54
1783299060,25869.3,25870.8,25868.3,25868.3,24
1783299120,25868.8,25869.3,25863.3,25867.3,34
1783299180,25866.3,25867.8,25861.3,25867.8,44
1783299240,25868.3,25869.8,25866.3,25869.8,16
1783299300,25871.3,25872.3,25868.3,25868.3,36
1783299360,25871.8,25871.8,25868.8,25869.3,26
1783299420,25869.8,25870.3,25864.3,25866.8,48
1783299480,25867.3,25868.8,25865.8,25868.8,34
1783299540,25871.3,25872.3,25870.3,25870.8,18
1783299600,25871.8,25871.8,25871.8,25871.8,2
1783299660,25873.3,25873.3,25861.8,25863.3,32
1783299720,25862.8,25874.8,25861.8,25873.8,58
1783299780,25871.8,25873.8,25862.8,25865.8,54
1783299840,25866.8,25868.8,25861.8,25863.8,38
1783299900,25863.3,25867.8,25863.3,25866.8,48
1783299960,25860.8,25867.8,25860.8,25862.8,56
1783300020,25865.3,25866.3,25861.3,25862.3,72
1783300080,25864.3,25867.3,25863.3,25865.3,42
1783300140,25864.8,25867.3,25863.3,25867.3,38
1783300200,25869.8,25869.8,25860.8,25860.8,42
1783300260,25860.3,25860.3,25855.3,25855.3,18
1783300320,25856.3,25863.8,25855.8,25863.8,32
1783300380,25862.3,25869.8,25862.3,25866.8,68
1783300440,25868.3,25869.8,25864.3,25865.3,30
1783300500,25865.8,25868.8,25861.3,25867.3,44
1783300560,25868.8,25870.3,25867.8,25868.8,20
1783300620,25870.3,25871.8,25869.3,25870.3,22
1783300680,25869.3,25870.8,25865.3,25868.8,38
1783300740,25867.8,25879.3,25866.8,25879.3,42
1783300800,25881.3,25886.3,25876.8,25877.8,70
1783300860,25881.3,25881.8,25875.3,25878.8,56
1783300920,25878.3,25881.3,25874.3,25875.8,50
1783300980,25875.3,25875.8,25869.8,25869.8,52
1783301040,25870.3,25870.3,25864.8,25865.8,32
1783301100,25866.8,25867.3,25865.3,25865.8,50
1783301160,25865.3,25869.8,25862.3,25864.3,66
1783301220,25865.3,25869.8,25855.3,25865.3,82
1783301280,25864.8,25873.3,25861.8,25866.3,78
1783301340,25867.3,25869.8,25854.8,25860.8,58
1783301400,25861.8,25861.8,25857.3,25859.8,96
1783301460,25861.3,25863.3,25858.8,25863.3,44
1783301520,25862.8,25865.8,25861.8,25865.3,22
1783301580,25864.8,25864.8,25856.3,25862.8,60
1783301640,25863.3,25865.3,25860.3,25861.3,62
1783301700,25861.8,25861.8,25851.8,25852.3,74
1783301760,25851.8,25859.8,25851.8,25859.8,36
1783301820,25858.3,25861.8,25855.3,25858.3,100
1783301880,25857.3,25858.3,25853.8,25856.3,48
1783301940,25855.8,25857.3,25852.8,25857.3,56
1783302000,25858.3,25860.8,25857.8,25860.8,16
1783302060,25860.3,25863.3,25860.3,25861.3,16
1783302120,25860.3,25861.8,25857.3,25860.8,52
1783302180,25861.3,25861.8,25855.8,25856.8,62
1783302240,25855.3,25857.3,25850.8,25851.3,58
1783302300,25847.8,25848.3,25842.3,25845.3,92
1783302360,25846.3,25852.3,25843.8,25843.8,56
1783302420,25843.3,25847.8,25842.8,25844.3,72
1783302480,25846.8,25846.8,25842.3,25842.8,56
1783302540,25841.8,25841.8,25829.8,25829.8,46
1783302600,25831.8,25832.8,25826.8,25827.3,56
1783302660,25828.3,25836.3,25827.3,25832.3,90
1783302720,25832.8,25835.3,25828.3,25829.8,68
1783302780,25830.3,25835.3,25830.3,25831.3,48
1783302840,25831.8,25832.3,25827.3,25827.3,28
1783302900,25826.8,25829.3,25821.3,25828.8,60
1783302960,25833.3,25837.8,25832.8,25835.8,56
1783303020,25835.3,25835.3,25823.8,25826.3,78
1783303080,25826.8,25827.8,25822.8,25824.8,72
1783303140,25824.3,25837.3,25824.3,25836.8,46
1783303200,25837.8,25843.8,25836.8,25838.3,54
1783303260,25840.3,25842.8,25835.3,25837.3,68
1783303320,25836.8,25838.8,25831.3,25833.3,60
1783303380,25834.3,25837.8,25828.8,25836.8,50
1783303440,25838.3,25841.8,25832.3,25836.8,66
1783303500,25836.3,25837.8,25828.3,25831.8,54
1783303560,25833.3,25833.3,25827.8,25828.3,24
1783303620,25827.3,25828.3,25820.8,25823.3,50
1783303680,25823.8,25824.3,25821.8,25824.3,32
1783303740,25822.8,25824.8,25822.3,25822.3,50
1783303800,25821.3,25821.3,25817.8,25820.3,18
1783303860,25819.3,25820.8,25818.8,25820.8,8
1783303920,25823.8,25823.8,25814.8,25816.3,64
1783303980,25818.8,25818.8,25812.8,25814.8,10
1783304040,25816.3,25816.3,25812.8,25814.3,34
1783304100,25816.3,25820.8,25816.3,25820.3,20
1783304160,25818.8,25819.8,25816.8,25819.8,32
1783304220,25816.8,25817.3,25810.8,25814.8,38
1783304280,25815.8,25820.3,25812.8,25816.3,72
1783304340,25815.3,25817.8,25810.8,25811.8,38
1783304400,25813.3,25817.8,25813.3,25817.8,12
1783304460,25817.3,25819.3,25815.3,25818.8,22
1783304520,25819.3,25820.8,25817.8,25818.8,16
1783304580,25819.3,25819.8,25814.8,25814.8,22
1783304640,25816.8,25816.8,25813.3,25813.3,26
1783304700,25813.8,25814.8,25813.3,25814.8,12
1783304760,25812.3,25812.8,25811.8,25812.8,18
1783304820,25815.3,25816.3,25812.3,25812.8,36
1783304880,25808.8,25814.8,25808.8,25812.3,48
1783304940,25811.3,25811.3,25806.3,25806.3,42
1783305000,25806.8,25810.8,25799.8,25810.3,64
1783305060,25809.8,25809.8,25804.3,25806.3,58
1783305120,25805.3,25809.8,25804.3,25804.8,48
1783305180,25802.8,25806.3,25801.3,25801.3,32
1783305240,25801.8,25804.8,25800.8,25804.8,32
1783305300,25804.3,25808.3,25803.3,25803.8,50
1783305360,25803.3,25808.8,25802.8,25805.3,36
1783305420,25806.3,25806.3,25804.3,25804.3,52
1783305480,25803.8,25811.3,25803.8,25810.8,28
1783305540,25811.3,25815.3,25804.3,25809.8,62
1783305600,25807.3,25809.3,25801.3,25802.3,74
1783305660,25802.8,25804.3,25801.3,25804.3,42
1783305720,25803.8,25807.3,25803.3,25805.3,28
1783305780,25804.8,25805.8,25804.8,25805.3,8
1783305840,25804.8,25805.3,25795.8,25796.8,24
1783305900,25797.3,25801.8,25797.3,25801.8,46
1783305960,25802.3,25802.3,25796.3,25798.3,32
1783306020,25799.3,25799.8,25793.3,25795.3,20
1783306080,25795.8,25797.3,25792.3,25792.8,54
1783306140,25791.3,25796.3,25791.3,25796.3,30
1783306200,25795.8,25798.3,25795.3,25797.3,18
1783306260,25792.8,25800.3,25792.8,25800.3,32
1783306320,25799.8,25801.3,25794.8,25797.8,20
1783306380,25795.8,25798.3,25795.3,25796.8,28
1783306440,25797.8,25800.8,25797.8,25798.8,14
1783306500,25799.8,25804.3,25799.8,25804.3,26
1783306560,25804.8,25804.8,25798.3,25799.3,74
1783306620,25799.8,25805.8,25799.8,25805.8,32
1783306680,25806.8,25806.8,25804.3,25804.3,12
1783306740,25807.3,25809.3,25805.3,25806.3,46
1783306800,25805.3,25807.8,25804.3,25804.3,102
1783306860,25804.8,25805.8,25802.8,25805.3,32
1783306920,25804.8,25805.8,25804.3,25805.8,8
1783306980,25805.3,25809.8,25804.8,25808.8,22
1783307040,25809.3,25809.3,25809.3,25809.3,2
1783307100,25807.8,25811.8,25806.3,25809.3,56
1783307160,25808.8,25809.3,25804.3,25808.8,28
1783307220,25806.8,25811.3,25804.3,25810.3,54
1783307280,25811.3,25811.8,25810.8,25811.3,14
1783307340,25810.3,25811.8,25809.3,25811.3,26
1783307400,25812.3,25816.3,25812.3,25815.8,32
1783307460,25816.8,25819.8,25815.8,25816.8,34
1783307520,25817.8,25817.8,25813.3,25814.8,48
1783307580,25813.3,25813.3,25810.3,25811.8,18
1783307640,25810.8,25812.8,25809.3,25809.3,18
1783307700,25810.3,25810.3,25804.8,25808.3,42
1783307760,25809.3,25813.8,25806.3,25806.3,34
1783307820,25807.3,25811.3,25807.3,25809.3,26
1783307880,25804.8,25804.8,25800.8,25802.3,12
1783308000,25801.8,25802.8,25801.3,25802.3,12
1783308060,25801.3,25802.3,25800.3,25800.8,22
1783308120,25798.8,25799.3,25795.3,25795.8,14
1783308180,25796.8,25798.3,25794.8,25794.8,30
1783308240,25795.8,25797.3,25795.8,25796.8,6
1783308300,25799.3,25801.8,25799.3,25801.8,20
1783308360,25801.3,25803.8,25798.3,25801.8,42
1783308420,25802.3,25806.3,25802.3,25805.8,36
1783308480,25806.3,25806.3,25802.8,25803.8,20
1783308540,25804.8,25808.3,25803.8,25807.3,50
1783308600,25805.8,25814.3,25802.8,25802.8,116
1783308660,25804.8,25804.8,25796.8,25796.8,94
1783308720,25798.8,25809.3,25797.8,25808.8,68
1783308780,25811.3,25814.3,25809.3,25811.3,48
1783308840,25809.8,25810.8,25805.8,25810.3,58
1783308900,25809.8,25813.3,25809.8,25813.3,62
1783308960,25813.8,25818.8,25811.3,25815.8,48
1783309080,25814.3,25814.3,25811.8,25812.3,40
1783309140,25813.3,25815.8,25810.8,25812.3,64
1783309200,25813.3,25813.8,25810.8,25811.8,36
1783309260,25812.8,25815.8,25811.3,25811.8,48
1783309320,25812.3,25812.8,25809.3,25809.8,30
1783309380,25810.3,25810.3,25807.8,25807.8,20
1783309440,25808.3,25808.3,25802.8,25804.3,48
1783309500,25805.8,25807.3,25800.3,25801.8,90
1783309560,25802.3,25803.3,25800.8,25803.3,80
1783309620,25802.8,25803.3,25795.8,25797.8,38
1783309680,25797.3,25800.3,25796.3,25799.3,52
1783309740,25796.3,25798.3,25793.8,25794.8,28
1783309800,25795.8,25796.8,25795.3,25795.8,28
1783309860,25796.3,25796.8,25792.8,25792.8,40
1783309920,25791.8,25792.8,25791.3,25792.8,26
1783309980,25791.8,25795.3,25791.3,25795.3,30
1783310040,25793.8,25794.8,25786.3,25788.3,40
1783310100,25787.3,25793.3,25787.3,25793.3,50
1783310160,25792.8,25793.8,25790.3,25790.8,46
1783310220,25791.8,25795.3,25790.3,25794.3,34
1783310280,25795.3,25798.3,25793.8,25794.8,30
1783310340,25796.3,25803.8,25796.3,25801.8,32
1783310400,25804.3,25804.3,25793.8,25798.3,86
1783310460,25796.3,25797.8,25795.3,25796.8,36
1783310520,25796.3,25796.8,25794.8,25795.3,16
1783310580,25795.8,25801.8,25794.8,25800.8,26
1783310640,25801.8,25804.8,25800.8,25804.8,32
1783310700,25805.8,25806.8,25804.8,25805.8,44
1783310760,25803.3,25803.3,25802.3,25802.8,14
1783310820,25802.3,25802.8,25800.8,25801.8,22
1783310880,25803.3,25805.3,25801.8,25801.8,20
1783310940,25801.3,25801.3,25793.3,25796.8,42
1783311000,25798.8,25805.3,25796.8,25804.8,38
1783311060,25805.3,25809.3,25803.8,25809.3,48
1783311120,25808.8,25811.8,25808.8,25811.8,36
1783311180,25811.3,25812.3,25809.8,25812.3,22
1783311240,25811.8,25813.3,25810.8,25812.3,24
1783311300,25813.3,25817.3,25812.8,25816.3,34
1783311360,25814.8,25818.8,25814.8,25817.8,38
1783311420,25818.3,25818.3,25813.3,25814.3,22
1783311480,25813.8,25818.8,25813.8,25818.8,20
1783311540,25819.8,25819.8,25819.8,25819.8,2
1783311600,25819.3,25820.8,25818.8,25820.8,8
1783311660,25820.3,25820.3,25816.8,25817.3,20
1783311720,25819.3,25819.8,25815.8,25816.8,38
1783311780,25816.3,25822.8,25815.8,25819.3,34
1783311840,25818.8,25821.8,25817.8,25821.8,46
1783311900,25820.3,25821.3,25820.3,25820.8,16
1783311960,25820.3,25820.8,25817.3,25819.3,34
1783312020,25819.8,25824.3,25819.8,25822.3,34
1783312080,25821.3,25823.3,25820.8,25823.3,44
1783312140,25824.3,25824.3,25822.3,25822.8,26
1783312200,25822.3,25833.3,25822.3,25833.3,42
1783312260,25829.8,25833.3,25829.8,25831.3,34
1783312320,25830.3,25832.8,25828.8,25830.3,30
1783312380,25830.8,25831.8,25828.8,25831.8,34
1783312440,25829.3,25829.8,25828.3,25828.3,22
1783312500,25829.8,25833.8,25828.3,25833.8,26
1783312560,25831.8,25833.3,25823.3,25823.3,12
1783312620,25824.3,25826.8,25824.3,25826.3,22
1783312680,25825.8,25832.8,25824.3,25832.8,40
1783312740,25833.3,25833.3,25829.3,25830.3,28
1783312800,25830.8,25830.8,25826.8,25827.8,24
1783312860,25828.3,25829.8,25827.8,25829.3,26
1783312920,25828.3,25828.8,25820.3,25825.3,46
1783312980,25824.3,25829.8,25824.3,25828.3,38
1783313040,25828.8,25828.8,25825.3,25826.8,10
1783313100,25827.8,25828.3,25826.3,25828.3,12
1783313160,25826.8,25829.3,25822.8,25822.8,20
1783313220,25821.8,25822.3,25820.3,25820.3,30
1783313280,25819.3,25819.8,25818.3,25818.8,26
1783313340,25822.8,25823.3,25821.3,25822.3,14
1783313400,25818.8,25823.3,25818.8,25822.8,34
1783313460,25822.3,25825.8,25820.3,25820.3,36
1783313520,25821.3,25822.8,25820.3,25821.8,16
1783313580,25824.3,25824.3,25824.3,25824.3,2
1783313640,25824.8,25827.3,25824.3,25826.8,16
1783313700,25826.3,25826.3,25824.3,25825.3,10
1783313760,25820.3,25832.8,25820.3,25829.8,21
1783313820,25829.3,25829.3,25828.3,25828.3,10
1783313880,25827.3,25827.8,25826.3,25827.3,14
1783313940,25825.8,25827.8,25824.8,25827.8,36
1783314000,25826.8,25827.3,25822.8,25822.8,34
1783314060,25818.3,25822.3,25816.3,25816.8,36
1783314120,25817.3,25820.8,25817.3,25818.3,24
1783314180,25817.3,25818.8,25813.3,25817.3,32
1783314240,25814.8,25815.8,25811.8,25813.8,62
1783314300,25814.3,25817.8,25811.8,25813.3,48
1783314360,25813.8,25817.8,25813.3,25813.3,30
1783314420,25814.8,25819.3,25812.8,25818.3,28
1783314480,25820.3,25822.3,25816.3,25816.3,90
1783314540,25815.3,25815.8,25814.3,25814.3,16
1783314600,25814.8,25821.8,25814.3,25818.8,38
1783314660,25819.8,25821.3,25817.8,25821.3,16
1783314780,25820.3,25820.3,25814.8,25814.8,12
1783314840,25815.3,25815.3,25812.3,25812.3,14
1783314900,25811.8,25816.3,25808.8,25816.3,22
1783314960,25816.8,25820.8,25815.8,25816.3,36
1783315020,25815.8,25816.3,25810.8,25812.3,20
1783315080,25811.8,25815.8,25808.3,25815.8,28
1783315140,25812.3,25814.3,25812.3,25813.3,16
1783315200,25812.3,25816.3,25810.8,25813.8,50
1783315260,25814.8,25815.8,25804.8,25806.3,40
1783315320,25805.8,25805.8,25802.3,25803.8,42
1783315380,25804.8,25807.3,25802.8,25807.3,50
1783315440,25805.3,25807.3,25804.8,25805.8,48
1783315500,25805.3,25806.3,25796.8,25801.3,32
1783315560,25801.8,25801.8,25799.8,25799.8,6
1783315620,25795.3,25797.8,25788.3,25790.8,64
1783315680,25789.8,25797.8,25789.3,25795.8,78
1783315740,25796.3,25796.8,25791.8,25791.8,34
1783315800,25793.8,25793.8,25788.3,25791.3,68
1783315860,25790.3,25790.8,25785.3,25789.3,42
1783315920,25789.8,25792.8,25789.8,25790.3,52
1783315980,25789.3,25789.8,25784.3,25784.8,32
1783316040,25786.8,25789.3,25784.3,25786.3,68
1783316100,25785.3,25789.3,25780.3,25788.8,72
1783316160,25789.3,25793.8,25788.8,25790.3,78
1783316220,25790.8,25794.8,25790.3,25793.3,20
1783316280,25789.8,25794.8,25789.8,25791.3,38
1783316340,25790.3,25793.3,25788.8,25788.8,70
1783316400,25788.3,25799.8,25788.3,25799.8,64
1783316460,25799.3,25799.8,25795.3,25796.3,58
1783316520,25797.8,25801.8,25796.3,25801.3,42
1783316580,25800.3,25803.3,25798.3,25798.3,44
1783316640,25799.3,25799.8,25796.8,25796.8,12
1783316700,25797.8,25797.8,25792.8,25792.8,24
1783316760,25792.3,25792.3,25788.8,25790.3,40
1783316820,25790.8,25791.8,25787.8,25788.3,32
1783316880,25787.8,25789.8,25787.8,25788.3,20
1783316940,25787.3,25787.8,25786.3,25787.3,26
1783317000,25786.8,25791.8,25786.8,25788.8,68
1783317060,25789.8,25793.3,25788.3,25792.8,40
1783317120,25792.3,25795.8,25792.3,25794.8,20
1783317180,25796.3,25800.3,25794.3,25797.8,42
1783317240,25798.8,25801.8,25797.3,25797.8,38
1783317300,25798.8,25798.8,25795.3,25796.8,16
1783317360,25795.8,25797.8,25791.3,25794.3,26
1783317420,25790.8,25792.8,25787.8,25788.3,40
1783317480,25786.8,25788.8,25781.3,25784.8,50
1783317540,25785.3,25790.8,25785.3,25787.8,44
1783317600,25791.3,25806.8,25791.3,25801.8,78
1783317660,25802.5,25807.5,25797.5,25803,46
1783317720,25802.5,25806.5,25800.5,25806,36
1783317780,25804,25808.5,25800,25808.5,40
1783317840,25807.5,25809.5,25803,25808,44
1783317900,25807.5,25808,25799.5,25802,52
1783317960,25800.5,25802.5,25795,25802.5,48
1783318020,25802,25813.5,25802,25808.5,60
1783318080,25808,25808.5,25803.5,25805.5,66
1783318140,25805,25809,25793,25796,86
1783318200,25794.5,25798,25784.5,25785.5,52
1783318260,25786,25788.5,25778,25778,36
1783318320,25779.5,25780.5,25770.5,25773.5,64
1783318380,25773,25773.5,25770.5,25770.5,12
1783318440,25771,25775,25771,25773,18
1783318500,25772,25782,25772,25777,68
1783318560,25778.5,25782,25776,25781.5,52
1783318620,25782.5,25783.5,25781,25781.5,40
1783318680,25779,25779,25771.3,25779,38
1783318740,25778.5,25779,25777.5,25777.5,10
1783318800,25777,25778.5,25775,25778.5,30
1783318860,25779,25780.5,25775.5,25779.5,34
1783318920,25779,25783,25775,25775.5,32
1783318980,25776,25776,25776,25776,2
1783319040,25774.5,25778.5,25774,25776,32
1783319100,25776.5,25784,25776,25783.5,49
1783319160,25783,25788.5,25782.5,25786,61
1783319220,25787,25789.5,25786,25789.5,34
1783319280,25789,25791,25786,25789,60
1783319340,25788.5,25788.5,25782.5,25782.5,68
1783319400,25781.5,25783.5,25776.5,25777.5,84
1783319460,25778,25779,25771.8,25773.8,57
1783319520,25774.3,25778,25773.8,25777.5,55
1783319580,25777,25782.5,25776.5,25779,48
1783319640,25780,25782.5,25775.5,25777,38
1783319700,25776.5,25781.5,25776.5,25779,30
1783319760,25779.5,25779.5,25773,25776,30
1783319820,25776.5,25779,25776.5,25778.5,38
1783319880,25779,25779,25778,25778.5,12
1783319940,25779,25781,25776.5,25781,48
1783320000,25780.5,25782.5,25780,25782,34
1783320060,25782.5,25788,25782.5,25786.5,46
1783320120,25788,25791.5,25786.5,25790.5,30
1783320180,25790,25795,25789.5,25793,26
1783320240,25792,25792,25781,25782,34
1783320300,25783,25783,25772,25774.5,50
1783320360,25776,25777,25773,25775,56
1783320420,25776,25780.5,25775,25780.5,34
1783320480,25781,25782.5,25781,25781.5,12
1783320540,25783,25790,25782,25789.5,28
1783320600,25790,25794,25788.5,25793.5,54
1783320660,25794.5,25803.5,25792,25799,72
1783320720,25798.5,25798.5,25794.5,25795.5,36
1783320780,25797,25797,25790.5,25790.5,36
1783320840,25791.5,25797.5,25791.5,25797.5,46
1783320900,25800,25800,25790.5,25791,58
1783320960,25790.5,25793.5,25790.5,25791,30
1783321020,25791.5,25798,25791,25798,32
1783321080,25797,25799,25792.5,25793.5,30
1783321140,25792.5,25801,25787,25796.5,101
1783321200,25797,25822.5,25797,25808.5,309
1783321260,25810.5,25813,25774,25774,244
1783321320,25772.8,25779.8,25763.5,25769,179
1783321380,25769.5,25774.5,25761.5,25768,234
1783321440,25769.5,25783.5,25760,25783.5,187
1783321500,25787.5,25807,25782.5,25794.5,215
1783321560,25796,25796.5,25784.5,25787.5,134
1783321620,25788,25798,25786.5,25795.5,142
1783321680,25793.5,25794.5,25790,25794.5,148
1783321740,25796,25801.5,25786.5,25786.5,150
1783321800,25786,25796,25785.5,25793.5,116
1783321860,25793,25793.5,25779.8,25791,154
1783321920,25793.5,25803.5,25793.5,25802.5,160
1783321980,25801.5,25805,25795.5,25804,138
1783322040,25803.5,25805,25798.5,25800.5,118
1783322100,25801,25804,25797,25799,138
1783322160,25798,25802.5,25791.8,25796,131
1783322220,25797,25822,25792,25818.8,147
1783322280,25819.3,25819.3,25808,25808,127
1783322340,25809,25812.5,25805,25807.5,126
1783322400,25808.5,25810,25801.5,25802.5,132
1783322460,25803,25807,25797,25799,140
1783322520,25799.5,25805.5,25798,25801,134
1783322580,25802,25809,25802,25808,104
1783322640,25808.5,25819.5,25808.5,25818.5,126
1783322700,25817,25823.5,25815.5,25819,168
1783322760,25819.5,25823,25813.5,25822,148
1783322820,25822.5,25834.5,25820.5,25830,123
1783322880,25829,25834.5,25824,25824.5,122
1783322940,25825.5,25826.5,25818,25823.5,164
1783323000,25824.5,25826.5,25815,25819.5,190
1783323060,25819,25826,25813.5,25825.5,178
1783323120,25826,25832.5,25821.5,25832,142
1783323180,25832.5,25841,25831,25840.5,172
1783323240,25841,25847.5,25841,25845,169
1783323300,25845.5,25854,25845.5,25851,118
1783323360,25853.5,25855,25841.5,25844,146
1783323420,25846.5,25853,25846.5,25849,150
1783323480,25847.5,25848.5,25841.5,25842.5,140
1783323540,25843,25843.5,25836,25839,108
1783323600,25840.5,25848.5,25840.5,25843,118
1783323660,25842.5,25848,25837,25847,152
1783323720,25846.5,25857.5,25846.5,25856,161
1783323780,25856.5,25861.5,25852.8,25859,154
1783323840,25859.5,25863,25859,25862.5,74
1783323900,25862,25867,25859,25866,156
1783323960,25865.5,25872,25861.5,25870,134
1783324020,25871.5,25875.5,25866.5,25875,122
1783324080,25874.5,25881,25872,25875.5,150
1783324140,25876,25886,25876,25881,129
1783324200,25881.5,25893,25880.5,25890,118
1783324260,25889.5,25901,25887.5,25889,174
1783324320,25891.5,25897,25887.5,25891.5,129
1783324380,25890.5,25891,25880,25886,112
1783324440,25886.5,25891,25883.5,25884,98
1783324500,25885,25885.5,25872.5,25874.5,122
1783324560,25872.5,25888.5,25872,25888.5,162
1783324620,25887.5,25908.5,25887,25907,145
1783324680,25906.5,25910.5,25902.5,25905,124
1783324740,25904.5,25904.5,25890.3,25893.5,152
1783324800,25893,25898.5,25888,25894.5,194
1783324860,25893.5,25897.5,25888.5,25894,156
1783324920,25894.5,25898,25888,25892.5,190
1783324980,25893.5,25900,25892.5,25900,154
1783325040,25899.5,25903.5,25887.5,25889,144
1783325100,25888.5,25900.5,25887,25895.5,180
1783325160,25894,25894,25881.8,25883.5,116
1783325220,25883,25888.5,25881,25888.5,174
1783325280,25888,25899.5,25886,25896.5,128
1783325340,25897,25899.5,25880.5,25881.5,150
1783325400,25883,25885,25878,25879,156
1783325460,25880,25880,25867,25867,134
1783325520,25866.5,25868.5,25857,25858,132
1783325580,25858.5,25860.5,25854,25856.5,140
1783325640,25857.5,25857.5,25848.8,25854.5,137
1783325700,25855.5,25858.5,25852,25852.5,160
1783325760,25852,25853.5,25841.5,25842.5,160
1783325820,25843,25852.5,25843,25851.5,162
1783325880,25851,25857,25850.5,25854.5,152
1783325940,25854,25865.5,25854,25865.5,130
1783326000,25866.5,25867,25861.5,25862.5,166
1783326060,25862,25865.5,25859.3,25865.5,83
1783326120,25865,25868,25859.5,25866,150
1783326180,25866.5,25870.5,25858.5,25859.5,142
1783326240,25860,25870,25860,25866.5,102
1783326300,25866,25867,25863.5,25865,100
1783326360,25864,25875.5,25862,25875.5,134
1783326420,25874.5,25880.5,25874,25878.5,109
1783326480,25878,25880.5,25876.5,25879,102
1783326540,25878.5,25879.5,25876,25877,142
1783326600,25876.5,25880,25873.5,25874.5,110
1783326660,25874,25877.5,25870,25871,126
1783326720,25871.5,25874.5,25867.5,25872.5,122
1783326780,25872,25879.5,25860.5,25860.5,140
1783326840,25860,25860,25852.5,25852.5,102
1783326900,25853,25860.5,25847.5,25847.5,114
1783326960,25847,25848,25843.5,25844,106
1783327020,25844.5,25846.5,25838.5,25840.5,146
1783327080,25840,25846,25836.5,25836.5,138
1783327140,25836,25837.5,25830,25837.5,149
1783327200,25836.5,25837,25828,25832.5,122
1783327260,25831.5,25836.5,25829.5,25829.5,88
1783327320,25828.5,25839.5,25828.5,25839.5,94
1783327380,25839,25842.5,25836.5,25838,112
1783327440,25839.5,25845.5,25836.5,25838.5,124
1783327500,25839,25839,25832.5,25833.5,118
1783327560,25833,25840,25831.5,25839,84
1783327620,25837.5,25837.5,25830,25830.5,64
1783327680,25831.5,25834,25828.5,25834,120
1783327740,25833.5,25838.5,25831,25835.5,112
1783327800,25836.5,25838,25827.3,25828.5,91
1783327860,25829,25838,25829,25838,88
1783327920,25837,25840.5,25831.5,25836,104
1783327980,25837,25841.5,25831.5,25836.5,116
1783328040,25836,25836.5,25832.5,25835,92
1783328100,25834.5,25834.5,25831.5,25833,84
1783328160,25832.5,25838,25832,25832.5,80
1783328220,25833,25833.5,25827,25829,72
1783328280,25829.5,25835.5,25828.5,25834.5,114
1783328340,25835.5,25838,25832.5,25833,108
1783328400,25832.5,25832.5,25821,25824,104
1783328460,25824.5,25824.5,25816.5,25816.5,102
1783328520,25816,25816.5,25808,25808,70
1783328580,25807.5,25809.5,25799.5,25806.5,138
1783328640,25807.5,25808.5,25805,25806,120
1783328700,25805.5,25813.5,25805.5,25807,128
1783328760,25808.5,25815,25807.5,25808.5,116
1783328820,25809.5,25810.5,25806.5,25807.5,100
1783328880,25806.5,25810.5,25800.8,25805,144
1783328940,25803.5,25814,25803.5,25814,84
1783329000,25813.5,25818,25812,25814.5,114
1783329060,25814,25823,25812.5,25819,172
1783329120,25819.5,25828,25818.5,25828,110
1783329180,25829.5,25829.5,25823,25823.5,112
1783329240,25823,25824,25813,25816,140
1783329300,25817.5,25823.5,25814.5,25816.5,154
1783329360,25817.5,25822.5,25817.5,25822.5,112
1783329420,25821.5,25828,25821.5,25825.5,132
1783329480,25827,25827.5,25822,25823.5,122
1783329540,25823,25825,25821,25823,84
1783329600,25825,25825,25818.5,25821.5,130
1783329660,25822.5,25830.5,25821,25827.5,102
1783329720,25827,25841,25827,25840.5,100
1783329780,25840,25845.5,25838.5,25843.5,112
1783329840,25843,25849.5,25841.5,25849.5,96
1783329900,25849,25854.5,25846.5,25853.5,101
1783329960,25854,25858.5,25852.5,25853.5,134
1783330020,25852.5,25861.5,25849.5,25860.5,142
1783330080,25861,25862,25854.5,25854.5,98
1783330140,25855,25861.5,25852,25859.5,122
1783330200,25859.5,25860,25852,25858,94
1783330260,25857,25858,25846,25846.5,100
1783330320,25846,25847.5,25841.5,25844,140
1783330380,25844.5,25847.5,25841.5,25842.5,102
1783330440,25842,25843.5,25837.5,25842.5,90
1783330500,25843.5,25852,25843,25850,64
1783330560,25850.5,25854,25850.5,25853.5,96
1783330620,25854,25855,25852,25855,66
1783330680,25853.5,25859.5,25850,25859.5,110
1783330740,25859,25859,25855.5,25856.5,82
1783330800,25857.5,25865.5,25856,25863.5,94
1783330860,25863,25864,25858,25860,86
1783330920,25859.5,25861,25858,25858,82
1783330980,25856.5,25861,25855,25858.5,100
1783331040,25858,25862,25854.5,25856.5,86
1783331100,25856,25857.5,25845.5,25846,90
1783331160,25845.5,25848.5,25842.3,25844.5,119
1783331220,25845.5,25846.5,25837.5,25839.5,136
1783331280,25840,25841.5,25835,25837.5,112
1783331340,25837,25842.5,25835.5,25840,130
1783331400,25841,25850.5,25837.5,25850.5,146
1783331460,25849.5,25852.5,25847.5,25849.5,124
1783331520,25850,25854.5,25846.5,25853.5,110
1783331580,25852.5,25860.5,25852.5,25858.5,106
1783331640,25859,25861.5,25852.5,25853.5,99
1783331700,25853,25853,25847.5,25848,94
1783331760,25848.5,25852.5,25847.5,25850.5,88
1783331820,25849.5,25851.5,25844.5,25850.5,106
1783331880,25851.5,25857,25849.5,25851.5,78
1783331940,25851,25851.5,25845.5,25845.5,88
1783332000,25846.5,25851,25844.5,25845.5,132
1783332060,25846.5,25851,25842.5,25848.5,136
1783332120,25848,25851.5,25845.5,25847,122
1783332180,25847.5,25847.5,25835,25836.5,116
1783332240,25835.5,25845.5,25833,25834,108
1783332300,25833.5,25836,25832,25835.5,112
1783332360,25835,25835.5,25831.5,25835.5,128
1783332420,25836,25837,25830,25830.5,90
1783332480,25830,25834,25830,25830.5,104
1783332540,25831,25834.5,25826.3,25830.5,133
1783332600,25830,25839,25829.5,25839,68
1783332660,25840,25842,25836.5,25838.5,90
1783332720,25837.5,25839.5,25834.5,25837.5,106
1783332780,25836.5,25842.5,25833.5,25842.5,84
1783332840,25843,25845.5,25840.5,25843.5,103
1783332900,25843,25843,25835,25837,90
1783332960,25835.5,25838,25827.8,25829,94
1783333020,25829.5,25830.5,25827.5,25829,82
1783333080,25830.5,25832.5,25829,25832,68
1783333140,25832.5,25838.5,25831,25836,102
1783333200,25835.5,25846.5,25835.5,25846,116
1783333260,25845.5,25846,25839.5,25840,88
1783333320,25839.5,25839.5,25834.5,25835.5,80
1783333380,25835,25840.5,25835,25836,102
1783333440,25836.5,25837.5,25825.5,25825.5,93
1783333500,25825,25830.5,25822.8,25830.5,112
1783333560,25832,25834.5,25828.5,25828.5,134
1783333620,25829.5,25832.5,25827,25827,82
1783333680,25826.5,25829.5,25823.5,25829,117
1783333740,25827.5,25832,25826.5,25826.5,68
1783333800,25827.5,25828.5,25824.5,25825.5,116
1783333860,25825,25832.5,25823.5,25829.5,83
1783333920,25830,25830.5,25825,25825.5,102
1783333980,25826,25827.5,25823,25827,56
1783334040,25826.5,25827.5,25821.5,25822.5,80
1783334100,25821.5,25823.5,25811.5,25813.5,102
1783334160,25813,25815.5,25810.5,25814,140
1783334220,25813.5,25823.5,25813.5,25816.5,110
1783334280,25817,25817,25810,25814.5,74
1783334340,25814,25814.5,25807.8,25813.5,72
1783334400,25813,25814.5,25811.5,25811.5,70
1783334460,25812,25812.5,25807.5,25809.5,72
1783334520,25808.5,25809.5,25802.5,25803,104
1783334580,25802.5,25803,25797,25799,74
1783334640,25797.5,25799.5,25794,25796.5,80
1783334700,25795.5,25797.5,25790,25791.5,118
1783334760,25792,25796.5,25791,25794,86
1783334820,25796,25800,25796,25797.5,101
1783334880,25798,25799.5,25793,25796,92
1783334940,25796.5,25803.5,25796.5,25801,106
1783335000,25800.5,25803.5,25797.5,25802.5,120
1783335060,25801.5,25802.5,25797.5,25798.5,102
1783335120,25797.5,25803.5,25797.5,25801.5,94
1783335180,25800.5,25800.5,25793.5,25796.5,110
1783335240,25797.5,25799,25794,25797.5,86
1783335300,25798.5,25808,25797.5,25807.5,84
1783335360,25808,25810.5,25802,25803.5,100
1783335420,25803,25803.5,25797,25798,74
1783335480,25797.5,25799.5,25794.5,25795.5,70
1783335540,25793.5,25796,25793,25795.5,92
1783335600,25795,25795,25782.8,25794,168
1783335660,25793.5,25795.5,25789,25789,81
1783335720,25789.5,25791.5,25785,25787,117
1783335780,25786,25793.5,25784,25789.5,104
1783335840,25789,25791.5,25788,25789.5,70
1783335900,25788,25789,25784.5,25788.5,134
1783335960,25788,25796.5,25784.5,25793.5,128
1783336020,25792.5,25792.5,25784.5,25785.5,80
1783336080,25784.5,25789.5,25784,25788,86
1783336140,25788.5,25790,25777.5,25778.5,118
1783336200,25779,25784.5,25778.5,25781.5,92
1783336260,25781,25781,25777.5,25777.5,86
1783336320,25776.5,25779.5,25776.5,25779,104
1783336380,25776.5,25781.5,25776.5,25781,50
1783336440,25780,25782.5,25778.5,25782.5,78
1783336500,25783.5,25785,25780.5,25781,44
1783336560,25780.5,25782,25770.5,25771,102
1783336620,25769,25771,25766,25770,72
1783336680,25769.5,25771,25767,25770.5,68
1783336740,25770,25770,25763.5,25763.5,104
1783336800,25764,25764,25757,25757,64
1783336860,25756.5,25760,25754.8,25758,82
1783336920,25759.5,25766,25759.5,25765.5,72
1783336980,25766.5,25772.5,25763,25772.5,72
1783337040,25773,25773.5,25762.5,25762.5,144
1783337100,25763,25768,25762,25765.5,108
1783337160,25766,25769,25763,25764,100
1783337220,25763.5,25767,25760,25765.5,114
1783337280,25764.5,25773.5,25764.5,25770.5,92
1783337340,25770,25772,25766.5,25766.5,96
1783337400,25767,25767,25761,25764.5,82
1783337460,25765.5,25767,25757.5,25761,90
1783337520,25761.5,25767.5,25760,25765,80
1783337580,25765.5,25769.5,25765.5,25769,96
1783337640,25772.5,25775,25771,25775,114
1783337700,25775.5,25780,25773.5,25776,94
1783337760,25776.5,25777,25774.5,25777,66
1783337820,25776.5,25785,25775.5,25777,58
1783337880,25776.5,25777,25773,25775,86
1783337940,25774.5,25780,25774,25777.5,102
1783338000,25778,25782,25777,25781,122
1783338060,25781.5,25782.5,25777.5,25782,76
1783338120,25782.5,25786,25780.5,25784.5,96
1783338180,25785,25792.5,25784.5,25792,100
1783338240,25791,25797.5,25789,25797.5,85
1783338300,25797,25800,25796,25796.5,102
1783338360,25796,25798,25792.3,25796.5,79
1783338420,25796,25800.5,25794.5,25798.5,89
1783338480,25799,25799.5,25789,25790.5,92
1783338540,25790,25791,25786.5,25787,84
1783338600,25786.5,25789.5,25784.5,25784.5,64
1783338660,25784,25784.5,25773,25779,98
1783338720,25778.5,25779,25773.5,25775.5,124
1783338780,25775,25775,25765.5,25766.5,122
1783338840,25767,25769,25764.5,25768,79
1783338900,25767.5,25776.5,25767.5,25771,118
1783338960,25769.5,25770,25767.5,25769,74
1783339020,25769.5,25769.5,25760.5,25762,94
1783339080,25761.5,25765,25759.5,25764,118
1783339140,25763.5,25767.5,25763,25766.5,90
1783339200,25766,25776.5,25765.5,25773,128
1783339260,25774.5,25774.5,25768,25769.5,120
1783339320,25769,25769,25754.5,25763.5,130
1783339380,25764.5,25770.5,25764.5,25767,106
1783339440,25767.5,25768.5,25763.5,25765,84
1783339500,25764.5,25765,25757.5,25758.5,108
1783339560,25758,25761.5,25755,25757.5,142
1783339620,25758,25762.5,25757,25757.5,116
1783339680,25758,25764.5,25757.5,25760.5,138
1783339740,25761,25771,25759,25769,82
1783339800,25768.5,25771,25766.5,25767.5,114
1783339860,25765.5,25766,25762,25762,90
1783339920,25762.5,25767.5,25762,25765.5,84
1783339980,25764.5,25769,25763.5,25769,92
1783340040,25770.5,25770.5,25761.5,25770.5,138
1783340100,25771.5,25777,25770.5,25773.5,82
1783340160,25774,25776,25773.5,25775.5,92
1783340220,25775,25777,25770,25777,104
1783340280,25777.5,25786,25775,25779,106
1783340340,25780.5,25784,25780,25783.5,116
1783340400,25783,25785,25782,25782.5,98
1783340460,25783.5,25784.5,25771,25775,114
1783340520,25774.5,25777.5,25769.5,25777.5,112
1783340580,25777,25777,25764.5,25766.5,138
1783340640,25765.5,25769.5,25764.5,25764.5,98
1783340700,25762.5,25765.5,25754.5,25758.5,132
1783340760,25759,25764,25758,25761,138
1783340820,25761.5,25761.5,25750,25750,122
1783340880,25750.5,25753,25748,25748.5,106
1783340940,25749,25754.5,25748.5,25749.5,98
1783341000,25749,25753.5,25745,25753.5,136
1783341060,25752.5,25757.5,25751,25751.5,94
1783341120,25750.5,25757,25750.5,25754,128
1783341180,25754.5,25754.5,25744.5,25746,96
1783341240,25745.5,25747.5,25742.5,25747.5,90
1783341300,25747,25752,25743,25743,94
1783341360,25744.5,25746.5,25743.5,25746.5,72
1783341420,25746,25748,25738.5,25747.5,110
1783341480,25748,25757,25747.5,25755,121
1783341540,25755.5,25756.5,25753.5,25756.5,82
1783341600,25755,25756.5,25752,25756,72
1783341660,25756.5,25756.5,25748.5,25749,124
1783341720,25749.5,25753.5,25747.5,25751.5,100
1783341780,25752,25756.5,25751.5,25756.5,102
1783341840,25758,25759.5,25753.5,25757,104
1783341900,25757.5,25763.5,25757.5,25760,114
1783341960,25759.5,25761,25758.5,25759.5,42
1783342020,25759,25760.5,25756.5,25757.5,88
1783342080,25757,25763,25754.5,25763,70
1783342140,25762.5,25763,25756.5,25761,90
1783342200,25760.5,25761.5,25743.5,25747,128
1783342260,25747.5,25750,25743.5,25744.5,134
1783342320,25745,25754.5,25744.5,25749.5,100
1783342380,25750.5,25754.5,25748.5,25748.5,98
1783342440,25749.5,25752,25747.5,25750,118
1783342500,25750.5,25751.5,25748.5,25749.5,82
1783342560,25748.5,25754,25748.5,25750.5,106
1783342620,25750,25753,25748,25748,54
1783342680,25747,25747,25741.5,25742,72
1783342740,25741,25748,25740.5,25743,116
1783342800,25742.5,25744,25735.5,25738,146
1783342860,25737.5,25746,25735.5,25744.5,80
1783342920,25743.5,25744.5,25730.5,25732,106
1783342980,25732.5,25738,25730,25733.5,132
1783343040,25733,25733,25725,25727,115
1783343100,25726.5,25733,25724.5,25730,160
1783343160,25730.5,25737.5,25729,25729.5,94
1783343220,25730,25732.5,25723,25724,107
1783343280,25722,25722.5,25714.5,25715,124
1783343340,25715.5,25717,25713,25713,102
1783343400,25714,25720,25711.5,25720,114
1783343460,25719.5,25719.5,25713.5,25717,100
1783343520,25718,25719,25716,25716,96
1783343580,25716.5,25717.5,25708,25711,96
1783343640,25710.5,25712,25705.5,25706,121
1783343700,25706.5,25706.5,25701,25703.5,103
1783343760,25704.5,25713,25703.5,25712.5,140
1783343820,25712,25712.5,25701.5,25702.5,147
1783343880,25702,25703,25697.5,25700,125
1783343940,25699.5,25705,25695.5,25704.5,123
1783344000,25705,25711.5,25704.5,25710,131
1783344060,25710.5,25715,25710.5,25713.5,108
1783344120,25714,25718,25713,25715.5,102
1783344180,25716,25720,25716,25717,70
1783344240,25718,25722,25718,25722,88
1783344300,25723,25726.5,25720.5,25720.5,122
1783344360,25719.5,25722.5,25713.8,25719,148
1783344420,25718.5,25720.5,25714.5,25717.5,108
1783344480,25716.5,25728,25716,25725.5,166
1783344540,25724,25729.5,25724,25728.5,136
1783344600,25728,25738,25721.5,25732.5,338
1783344660,25732,25736.5,25726,25729,310
1783344720,25730.5,25737,25729.5,25731.5,272
1783344780,25732,25734.5,25724,25734,276
1783344840,25733,25742,25729.5,25740.5,256
1783344900,25740,25742.5,25735.5,25739.5,256
1783344960,25739,25739,25720.5,25730.5,296
1783345020,25731,25737.5,25729.5,25733.5,304
1783345080,25734,25737.5,25727,25731,288
1783345140,25730.5,25732,25727,25731.5,244
1783345200,25732,25735,25723.5,25734.5,244
1783345260,25735,25735,25725.5,25729,196
1783345320,25728.5,25728.5,25720.5,25724.5,276
1783345380,25725.5,25732,25723.5,25732,226
1783345440,25731.5,25747.5,25731.5,25747,164
1783345500,25748,25753.5,25743,25750,278
1783345560,25749.5,25750.5,25737.5,25738.5,214
1783345620,25737.5,25740.5,25733,25740,266
1783345680,25738.5,25746.5,25736.5,25745.5,216
1783345740,25745,25752.5,25745,25748.5,215
1783345800,25747.5,25748.5,25735,25746.5,176
1783345860,25746,25761.5,25745.5,25759.5,172
1783345920,25759,25762,25745,25745,167
1783345980,25745.5,25749,25738.5,25746.5,234
1783346040,25745.5,25753.5,25745.5,25751.5,200
1783346100,25752.5,25752.5,25737.5,25738.5,190
1783346160,25739,25749.5,25738,25747.5,192
1783346220,25748.5,25762.5,25748.5,25760.5,185
1783346280,25759.5,25760.5,25752.5,25756,224
1783346340,25756.5,25770.5,25755.5,25769.5,192
1783346400,25769,25777.5,25759.5,25771.5,218
1783346460,25771,25776.5,25765.5,25773.5,237
1783346520,25774,25776.5,25767.5,25771.5,228
1783346580,25770,25774.5,25762.5,25769,268
1783346640,25769.5,25771.5,25762,25765,204
1783346700,25764.5,25768.5,25757.5,25766,252
1783346760,25765.5,25775.5,25764.5,25773.5,214
1783346820,25772.5,25777.5,25770.5,25775,230
1783346880,25774.5,25777,25767.5,25771,218
1783346940,25770.5,25782.5,25768.5,25780,214
1783347000,25778.5,25790.5,25777.5,25784.5,200
1783347060,25786,25787.5,25774.5,25776.5,158
1783347120,25776,25776.5,25763.5,25768,198
1783347180,25767.5,25774.5,25761,25773.5,166
1783347240,25772.5,25787,25770.5,25781.5,182
1783347300,25782.5,25784.5,25779.5,25783,168
1783347360,25784,25784,25777.5,25780.5,146
1783347420,25781.5,25786.5,25779,25785.5,164
1783347480,25785,25785,25768.5,25771.5,170
1783347540,25772,25775,25767.5,25774.5,150
1783347600,25775,25780.5,25774.5,25780.5,136
1783347660,25780,25781.5,25772,25779,164
1783347720,25778.5,25784,25776.5,25783.5,190
1783347780,25784,25790.5,25784,25789,170
1783347840,25788.5,25790,25780.5,25780.5,182
1783347900,25781.5,25786.5,25779.5,25786,152
1783347960,25785.5,25796,25785.5,25794.5,158
1783348020,25794,25797,25791.5,25793.5,172
1783348080,25794,25795.5,25787.5,25793,124
1783348140,25793.5,25797,25788.5,25791.5,148
1783348200,25795,25796.5,25782.5,25786.5,171
1783348260,25786,25789,25784.5,25786.5,132
1783348320,25787.5,25789.5,25780.5,25785,136
1783348380,25785.5,25790.5,25775,25776.5,166
1783348440,25777,25781.5,25776,25780.5,162
1783348500,25781,25785.5,25778,25785.5,150
1783348560,25785,25791.5,25784.5,25786.5,140
1783348620,25788,25788.5,25779.5,25781.5,132
1783348680,25782.5,25785,25781,25784,124
1783348740,25782.5,25784.5,25779,25784.5,138
1783348800,25783.5,25793.5,25780,25792.5,166
1783348860,25791.5,25792.5,25781.5,25783.5,202
1783348920,25785,25787.5,25780.5,25785,138
1783348980,25784.5,25796,25784,25793.5,152
1783349040,25794,25801.5,25793.5,25800,164
1783349100,25800.5,25800.5,25795.5,25798,122
1783349160,25797.5,25800.5,25791.5,25792,174
1783349220,25792.5,25801.5,25788.5,25794.5,88
1783349280,25795,25800,25794.5,25798.5,156
1783349340,25798,25798,25794,25794.5,48
1783349400,25794,25803.5,25793.5,25803,134
1783349460,25802.5,25806.5,25799.5,25801,120
1783349520,25800.5,25807.5,25799.5,25804,116
1783349580,25803,25813.5,25802.8,25813,124
1783349640,25812.5,25812.5,25799.5,25802,134
1783349700,25802.5,25802.5,25793.5,25797.5,140
1783349760,25798,25801,25794.5,25798.5,176
1783349820,25799,25802,25796.5,25799.5,162
1783349880,25800.5,25805,25798.5,25803.5,156
1783349940,25803,25808.5,25802,25806.5,138
1783350000,25807.5,25815.5,25802.5,25805,192
1783350060,25805.5,25813,25805,25808,130
1783350120,25807.5,25809,25800.5,25800.5,168
1783350180,25801,25802.5,25797.5,25801.5,138
1783350240,25801,25801,25796,25798.5,140
1783350300,25799,25801,25796,25800.5,114
1783350360,25801,25804,25797,25803,140
1783350420,25803.5,25805.5,25797,25801.5,212
1783350480,25801,25804,25800,25804,138
1783350540,25805.5,25808.5,25802.5,25803.5,144
1783350600,25804,25805.5,25799.5,25804,112
1783350660,25804.5,25806,25789.5,25792,156
1783350720,25791,25796,25788,25794,164
1783350780,25794.5,25796,25783,25784.5,146
1783350840,25785.5,25790.5,25782.5,25788.5,170
1783350900,25789.5,25796,25785,25796,156
1783350960,25795.5,25798.5,25788.5,25789.5,177
1783351020,25789,25794,25787.5,25794,132
1783351080,25793.5,25794,25787,25789,92
1783351140,25788.5,25791,25788,25790.5,182
1783351200,25790,25796,25788.5,25795.5,204
1783351260,25795,25799.5,25794,25796,146
1783351320,25795.5,25803.5,25792.5,25802.5,144
1783351380,25803,25808.5,25803,25806,128
1783351440,25807,25807,25799,25801.5,134
1783351500,25802,25808,25799.5,25808,150
1783351560,25807.5,25811.5,25806,25811,146
1783351620,25812,25812.5,25808.5,25811.5,86
1783351680,25812,25813,25804.5,25811,130
1783351740,25813,25838.5,25813,25838.5,160
1783351800,25837.5,25839.9,25829.9,25836.4,146
1783351860,25835.9,25842.9,25833.9,25840.9,128
1783351920,25840.4,25842.9,25833.4,25836.4,152
1783351980,25835.4,25837.4,25832.4,25836.9,106
1783352040,25834.4,25844.4,25822.4,25824.4,308
1783352100,25821.4,25826.4,25819.4,25820.9,216
1783352160,25821.9,25831.4,25821.9,25826.9,122
1783352220,25826.4,25826.4,25816.9,25816.9,74
1783352280,25817.9,25821.9,25816.9,25816.9,68
1783352340,25818.9,25823.4,25817.4,25823.4,172
1783352400,25823.9,25827.9,25823.4,25826.9,112
1783352460,25828.9,25831.9,25826.4,25827.9,118
1783352520,25828.4,25828.9,25824.4,25826.4,110
1783352580,25827.4,25828.9,25825.4,25827.4,84
1783352640,25826.9,25828.9,25824.9,25824.9,68
1783352700,25826.4,25826.4,25799.4,25804.9,150
1783352760,25799.9,25805.9,25793.3,25796.9,118
1783352820,25795.4,25798.4,25794.4,25796.9,64
1783352880,25797.4,25799.9,25794.9,25795.4,64
1783352940,25794.9,25797.9,25792.4,25793.4,88
1783353000,25792.4,25793.4,25787.4,25791.9,156
1783353060,25793.4,25798.4,25790.4,25790.4,86
1783353120,25791.4,25794.9,25788.4,25794.4,90
1783353180,25793.9,25800.4,25791.9,25799.4,68
1783353240,25798.9,25800.4,25797.9,25799.4,64
1783353300,25798.4,25800.4,25796.4,25799.9,98
1783353360,25800.4,25805.4,25799.9,25805.4,90
1783353420,25805.9,25806.4,25803.4,25804.4,64
1783353480,25803.4,25804.9,25802.4,25803.4,62
1783353540,25804.4,25804.9,25801.4,25802.4,88
1783353600,25803.4,25803.9,25795.4,25798.4,114
1783353660,25797.9,25798.4,25794.9,25796.9,52
1783353720,25796.4,25797.9,25793.9,25795.9,56
1783353780,25797.4,25798.9,25796.4,25797.4,50
1783353840,25797.9,25799.9,25796.9,25798.4,76
1783353900,25797.9,25798.4,25796.4,25797.4,76
1783353960,25797.9,25798.9,25795.9,25796.4,100
1783354020,25797.4,25797.4,25795.4,25795.9,38
1783354080,25796.4,25797.4,25794.4,25795.4,46
1783354140,25795.9,25796.9,25793.9,25794.4,58
1783354200,25795.4,25799.4,25794.4,25794.4,62
1783354260,25795.4,25797.4,25793.9,25795.4,84
1783354320,25796.4,25797.4,25793.9,25794.4,100
1783354380,25793.9,25794.4,25787.9,25792.4,68
1783354440,25791.9,25792.4,25790.4,25790.9,88
1783354500,25790.4,25792.4,25790.4,25791.9,38
1783354560,25790.9,25790.9,25788.4,25790.4,50
1783354620,25789.9,25793.4,25789.9,25793.4,72
1783354680,25792.9,25793.4,25790.4,25791.4,62
1783354740,25791.9,25797.4,25791.4,25796.9,56
1783354800,25797.4,25802.9,25795.9,25799.4,86
1783354860,25798.9,25799.4,25794.9,25795.4,96
1783354920,25795.9,25798.4,25794.9,25796.4,80
1783354980,25796.9,25797.4,25796.4,25796.4,84
1783355040,25796.9,25798.4,25795.4,25798.4,80
1783355100,25797.9,25798.4,25791.4,25795.4,106
1783355160,25796.4,25798.9,25795.4,25795.9,72
1783355220,25795.4,25795.4,25792.9,25795.4,84
1783355280,25795.9,25797.9,25794.4,25796.4,62
1783355340,25796.9,25799.9,25796.4,25799.9,24
1783355400,25800.4,25800.4,25796.4,25798.4,82
1783355460,25799.4,25801.4,25795.4,25796.9,82
1783355520,25796.4,25798.4,25796.4,25796.9,50
1783355580,25797.4,25803.4,25796.9,25803.4,50
1783355640,25802.4,25803.4,25800.4,25800.4,66
1783355700,25800.9,25801.4,25796.4,25798.4,80
1783355760,25798.9,25801.9,25798.4,25801.4,54
1783355820,25801.9,25801.9,25799.9,25799.9,64
1783355880,25800.4,25800.4,25794.9,25795.4,70
1783355940,25795.9,25800.4,25795.9,25799.4,80
1783356000,25798.4,25800.4,25798.4,25799.4,62
1783356060,25798.4,25799.9,25797.4,25798.4,72
1783356120,25797.9,25799.9,25797.4,25797.4,70
1783356180,25797.9,25799.9,25797.9,25799.9,12
1783356240,25800.9,25804.4,25800.9,25802.9,24
1783356300,25802.4,25802.4,25798.4,25802.4,58
1783356360,25801.9,25807.9,25801.4,25806.9,60
1783356420,25809.4,25810.4,25807.9,25809.9,46
1783356480,25810.4,25810.9,25808.4,25809.9,46
1783356540,25810.4,25810.4,25807.4,25807.4,50
1783356600,25807.9,25807.9,25805.9,25806.4,66
1783356660,25806.9,25806.9,25801.4,25801.4,58
1783356720,25801.9,25801.9,25799.9,25801.9,74
1783356780,25801.4,25801.9,25797.4,25797.9,62
1783356840,25798.4,25799.9,25796.9,25797.4,38
1783356900,25797.9,25798.9,25795.9,25797.9,82
1783356960,25798.4,25799.4,25795.9,25797.9,74
1783357020,25798.4,25802.4,25798.4,25801.9,64
1783357080,25800.9,25801.9,25796.9,25796.9,92
1783357140,25797.4,25797.4,25794.4,25796.4,36
1783357200,25795.4,25795.4,25789.9,25792.9,62
1783357260,25793.4,25797.9,25791.9,25794.4,64
1783357320,25794.9,25799.9,25794.9,25797.4,78
1783357380,25796.9,25801.9,25796.9,25801.4,84
1783357440,25800.9,25802.4,25797.9,25798.4,68
1783357500,25797.9,25806.4,25796.4,25806.4,106
1783357560,25805.9,25811.9,25805.9,25811.9,106
1783357620,25812.4,25815.9,25811.4,25815.9,72
1783357680,25816.4,25818.9,25815.9,25815.9,56
1783357740,25817.4,25818.4,25815.9,25817.9,34
1783357800,25816.4,25818.9,25813.4,25813.9,48
1783357860,25814.9,25815.4,25810.9,25815.4,76
1783357920,25815.9,25818.9,25815.9,25817.9,54
1783357980,25818.4,25819.4,25815.9,25817.9,40
1783358040,25818.4,25820.4,25816.9,25819.9,34
1783358100,25819.4,25821.9,25818.4,25821.9,50
1783358160,25822.4,25823.9,25821.9,25822.9,50
1783358220,25822.4,25824.9,25819.9,25820.9,42
1783358280,25819.9,25819.9,25814.9,25818.9,108
1783358340,25819.4,25819.4,25818.4,25818.9,42
1783358400,25819.4,25819.4,25813.9,25814.4,78
1783358460,25813.9,25815.9,25813.9,25815.4,72
1783358520,25815.9,25815.9,25809.9,25812.9,110
1783358580,25813.9,25816.9,25812.9,25815.4,68
1783358640,25815.9,25816.4,25812.9,25813.9,68
1783358700,25814.9,25816.4,25813.9,25815.4,80
1783358760,25815.9,25817.4,25814.9,25816.9,66
1783358820,25816.4,25817.9,25814.4,25817.9,80
1783358880,25817.4,25817.9,25814.9,25814.9,54
1783358940,25815.4,25815.9,25810.9,25811.9,100
1783359000,25812.9,25813.4,25806.9,25807.9,74
1783359060,25808.4,25809.9,25808.4,25808.9,110
1783359120,25808.4,25810.4,25807.4,25807.9,90
1783359180,25808.4,25809.4,25802.4,25802.8,87
1783359240,25802.3,25804.9,25801.8,25802.9,84
1783359300,25803.4,25804.9,25802.4,25803.4,68
1783359360,25802.9,25803.4,25798.4,25801.4,124
1783359420,25801.9,25802.9,25798.4,25802.9,52
1783359480,25802.4,25806.9,25801.9,25804.9,38
1783359540,25804.4,25806.4,25803.9,25806.4,86
1783359600,25805.9,25805.9,25799.9,25801.9,104
1783359660,25801.4,25802.9,25799.9,25799.9,68
1783359720,25800.4,25800.4,25789.4,25790.9,118
1783359780,25791.9,25795.9,25790.9,25795.9,118
1783359840,25796.4,25800.4,25795.4,25797.4,132
1783359900,25796.4,25796.4,25791.9,25795.4,108
1783359960,25795.9,25801.4,25795.4,25800.4,86
1783360020,25801.4,25803.4,25800.4,25802.4,80
1783360080,25802.9,25804.9,25801.4,25802.4,108
1783360140,25801.9,25802.4,25800.4,25800.9,32
1783360200,25801.4,25806.4,25801.4,25805.4,94
1783360260,25804.4,25806.9,25804.4,25805.9,80
1783360320,25806.4,25806.4,25800.4,25800.9,98
1783360380,25800.4,25801.4,25797.9,25798.9,44
1783360440,25797.4,25798.9,25796.4,25796.9,44
1783360500,25797.4,25797.9,25795.9,25795.9,60
1783360560,25796.4,25798.4,25794.9,25795.9,76
1783360620,25796.4,25798.4,25795.9,25796.9,60
1783360680,25796.4,25802.9,25796.4,25799.9,70
1783360740,25799.4,25802.9,25798.4,25801.4,82
1783360800,25801.9,25806.4,25800.9,25803.4,116
1783360860,25802.4,25809.9,25801.4,25809.9,78
1783360920,25810.4,25812.9,25809.4,25809.4,110
1783360980,25809.9,25810.4,25807.3,25809.9,81
1783361040,25809.4,25809.9,25807.9,25807.9,66
1783361100,25808.4,25809.9,25807.9,25808.4,72
1783361160,25808.9,25811.9,25807.4,25811.9,71
1783361220,25811.4,25812.4,25809.4,25810.9,116
1783361280,25810.4,25814.4,25810.4,25813.4,106
1783361340,25812.9,25812.9,25808.4,25809.4,86
1783361400,25808.4,25808.9,25805.9,25805.9,32
1783361460,25804.4,25805.4,25801.9,25803.9,32
1783361520,25802.9,25803.4,25801.9,25802.4,60
1783361580,25801.9,25802.9,25799.4,25802.4,56
1783361640,25801.4,25804.4,25801.4,25801.9,66
1783361700,25802.4,25804.9,25801.4,25804.4,72
1783361760,25805.4,25809.9,25805.4,25806.4,92
1783361820,25805.9,25806.9,25805.4,25806.9,24
1783361880,25806.4,25808.4,25804.9,25807.9,62
1783361940,25808.9,25811.9,25807.4,25808.4,88
1783362000,25808.9,25810.4,25806.9,25810.4,80
1783362060,25810.9,25812.4,25809.9,25811.4,86
1783362120,25810.9,25814.9,25810.9,25814.4,64
1783362180,25813.9,25814.4,25812.9,25813.4,28
1783362240,25812.9,25813.9,25812.9,25813.9,4
1783362300,25813.4,25816.9,25812.9,25812.9,44
1783362360,25814.4,25815.9,25813.9,25815.4,84
1783362420,25815.9,25817.4,25814.4,25814.4,102
1783362480,25814.9,25815.4,25810.4,25811.4,76
1783362540,25811.9,25812.9,25811.9,25812.4,32
1783362600,25811.9,25811.9,25808.4,25809.4,114
1783362660,25809.9,25812.4,25809.4,25811.9,36
1783362720,25811.4,25813.9,25808.4,25810.4,84
1783362780,25810.9,25811.4,25808.4,25809.4,66
1783362840,25808.4,25809.4,25807.4,25807.4,92
1783362900,25808.4,25809.4,25807.4,25809.4,62
1783362960,25810.4,25814.4,25810.4,25813.9,46
1783363020,25814.4,25815.9,25814.4,25814.9,12
1783363080,25815.4,25815.9,25810.9,25810.9,42
1783363140,25811.4,25811.4,25807.9,25808.4,64
1783363200,25808.9,25809.9,25807.9,25809.9,12
1783363260,25809.4,25809.9,25807.9,25807.9,62
1783363320,25807.4,25809.9,25806.9,25809.9,40
1783363380,25809.4,25809.4,25807.9,25807.9,64
1783363440,25808.4,25808.4,25802.9,25806.4,78
1783363500,25806.9,25807.4,25804.4,25806.9,78
1783363560,25806.4,25808.9,25806.4,25808.4,70
1783363620,25808.9,25810.9,25807.4,25808.9,84
1783363680,25809.4,25809.9,25805.4,25806.4,50
1783363740,25806.9,25806.9,25803.9,25804.9,80
1783363800,25804.4,25805.4,25802.4,25805.4,88
1783363860,25804.9,25805.9,25803.4,25804.9,74
1783363920,25805.4,25807.9,25804.4,25806.4,54
1783363980,25805.9,25805.9,25801.9,25802.9,38
1783364040,25802.4,25802.9,25801.9,25802.9,20
1783364100,25802.4,25802.4,25799.9,25800.9,18
1783364160,25801.9,25807.9,25801.9,25806.4,38
1783364220,25806.9,25806.9,25805.9,25806.9,18
1783364280,25807.4,25809.9,25806.9,25808.4,58
1783364340,25807.9,25808.9,25805.9,25808.4,60
1783364400,25807.9,25811.9,25807.9,25807.9,96
1783364460,25806.4,25806.9,25801.4,25806.9,86
1783364520,25807.4,25807.9,25803.9,25804.4,72
1783364580,25804.9,25806.9,25804.4,25805.4,46
1783364640,25806.4,25808.9,25805.9,25808.4,48
1783364700,25808.9,25808.9,25805.9,25807.9,40
1783364760,25808.4,25809.9,25805.9,25809.4,86
1783364820,25808.9,25810.4,25808.4,25808.4,38
1783364880,25807.9,25808.9,25803.4,25803.9,68
1783364940,25803.4,25805.9,25803.4,25804.9,94
1783365000,25805.4,25807.4,25803.9,25805.9,70
1783365060,25806.4,25808.9,25805.9,25808.9,64
1783365120,25808.4,25808.9,25806.4,25806.4,76
1783365180,25806.9,25806.9,25803.4,25805.4,122
1783365240,25804.4,25811.4,25804.4,25810.4,62
1783365300,25809.9,25811.4,25808.9,25811.4,52
1783365360,25812.4,25812.9,25809.4,25810.4,48
1783365420,25810.9,25816.9,25810.4,25815.4,104
1783365480,25815.9,25817.4,25815.4,25816.4,54
1783365540,25816.9,25818.4,25815.4,25817.9,60
1783365600,25818.4,25821.4,25815.9,25820.4,78
1783365660,25820.9,25823.9,25820.4,25820.9,50
1783365720,25822.4,25823.4,25821.4,25821.4,36
1783365780,25821.9,25824.4,25820.4,25824.4,46
1783365840,25823.9,25826.9,25823.4,25824.9,48
1783365900,25824.4,25825.9,25822.4,25824.9,46
1783365960,25825.4,25825.4,25822.9,25824.9,90
1783366020,25825.4,25825.9,25821.4,25821.4,84
1783366080,25822.4,25825.9,25821.4,25824.9,82
1783366140,25825.4,25826.4,25823.9,25825.4,42
1783366200,25824.4,25824.4,25814.9,25817.4,78
1783366260,25817.9,25818.9,25814.4,25818.9,114
1783366320,25818.4,25820.4,25816.4,25816.4,54
1783366380,25815.9,25817.4,25814.4,25815.4,82
1783366440,25815.9,25816.9,25813.4,25814.4,76
1783366500,25814.9,25815.9,25812.4,25812.4,96
1783366560,25812.9,25813.9,25811.9,25813.4,46
1783366620,25813.9,25816.4,25812.9,25813.4,46
1783366680,25812.9,25814.9,25812.9,25813.4,64
1783366740,25812.4,25812.4,25810.4,25810.4,34
1783366800,25810.9,25810.9,25805.4,25806.4,100
1783366860,25805.9,25812.4,25805.9,25810.9,108
1783366920,25811.4,25812.4,25809.4,25810.9,66
1783366980,25811.4,25812.4,25810.4,25811.4,48
1783367040,25811.9,25813.9,25810.4,25812.4,70
1783367100,25811.4,25817.9,25811.4,25817.4,90
1783367160,25815.9,25817.4,25814.4,25817.4,46
1783367220,25816.4,25818.9,25815.4,25818.9,54
1783367280,25818.4,25818.4,25811.9,25813.4,52
1783367340,25814.4,25814.4,25812.4,25813.4,36
1783367400,25812.4,25818.4,25811.4,25816.4,108
1783367460,25815.4,25820.4,25814.9,25817.9,82
1783367520,25818.4,25819.4,25813.4,25813.4,116
1783367580,25812.9,25819.9,25812.4,25819.9,38
1783367640,25821.4,25822.4,25814.9,25814.9,66
1783367700,25815.4,25816.4,25807.9,25811.9,150
1783367760,25812.4,25815.9,25808.4,25815.4,84
1783367820,25816.4,25818.4,25812.4,25812.4,102
1783367880,25811.4,25815.9,25808.9,25812.4,118
1783367940,25811.4,25821.9,25811.4,25819.9,186
1783368000,25818.3,25827.5,25817.5,25820.7,305
1783368060,25821.5,25827.2,25806.3,25815.8,190
1783368120,25817,25824.3,25816.4,25824.3,111
1783368180,25824.1,25825.5,25821.9,25822.1,116
1783368240,25821.6,25823.3,25814.6,25819.4,78
1783368300,25819.2,25822.4,25816.5,25822.4,148
1783368360,25821.6,25823.6,25819.9,25823.3,80
1783368420,25823.6,25824.8,25821.1,25823.3,84
1783368480,25824.1,25826,25823.6,25825,92
1783368540,25825.3,25828.2,25825.3,25828.2,92
1783368600,25827.5,25827.7,25826,25826.7,88
1783368660,25826.5,25827.2,25822.6,25823.3,50
1783368720,25824.1,25826,25822.8,25825.3,48
1783368780,25826.2,25826.2,25823.3,25823.6,70
1783368840,25823.8,25829.4,25823.8,25825.3,100
1783368900,25824.8,25829.4,25824.5,25829.2,60
1783368960,25829.6,25833.3,25820.2,25820.7,106
1783369020,25827.2,25831.4,25826.7,25831.1,90
1783369080,25830.9,25832.3,25829.4,25829.4,92
1783369140,25829.7,25829.9,25826.5,25827,81
1783369200,25826.5,25827.7,25825.8,25827.2,42
1783369260,25826.5,25827.5,25825.5,25825.8,58
1783369320,25826,25826.2,25823.8,25825.3,53
1783369380,25825.5,25826.7,25825,25826.7,41
1783369440,25827.2,25829.2,25827.2,25829.2,60
1783369500,25828.9,25828.9,25826.2,25826.7,66
1783369560,25827,25828.2,25825.3,25825.3,32
1783369620,25825.8,25826.2,25823.3,25824.3,38
1783369680,25823.8,25824.1,25822.6,25823.3,56
1783369740,25823.8,25825.3,25823.8,25825.3,30
1783369800,25826,25826.2,25824.1,25825.8,40
1783369860,25825,25826.7,25825,25826.2,46
1783369920,25826,25829.4,25825.5,25829.4,56
1783369980,25829.9,25831.4,25828.9,25828.9,24
1783370040,25829.7,25831.6,25829.2,25831.1,38
1783370100,25830.6,25831.4,25829.7,25829.9,36
1783370160,25829.4,25830.4,25827.7,25828.2,54
1783370220,25828.7,25829.2,25823.2,25824.2,46
1783370280,25824.4,25825.6,25824.4,25825.6,22
1783370340,25825.4,25825.4,25824.2,25824.9,24
1783370400,25825.1,25825.1,25822.2,25823.2,38
1783370460,25822.7,25823.9,25822.5,25823.4,36
1783370520,25823.7,25824.4,25823.4,25824.4,26
1783370580,25824.2,25825.1,25824.2,25824.9,10
1783370640,25824.6,25825.4,25824.2,25824.9,24
1783370700,25824.6,25824.6,25821.2,25822.7,36
1783370760,25822.5,25822.5,25821.2,25822.2,32
1783370820,25822,25825.7,25820.3,25825.2,38
1783370880,25825.5,25825.5,25823,25823,40
1783370940,25822.8,25824,25822.6,25822.6,44
1783371000,25822.1,25824.3,25822.1,25823,38
1783371060,25824,25825.5,25823.5,25823.8,54
1783371120,25824,25824.3,25822.1,25822.8,46
1783371180,25823,25827.2,25823,25826.2,54
1783371240,25825.5,25827.9,25825.5,25826.9,70
1783371300,25826.2,25826.9,25825.7,25826.2,82
1783371360,25826.4,25826.4,25825,25826.2,28
1783371420,25826.9,25827.4,25826.4,25826.9,52
1783371480,25827.2,25829.4,25826.2,25826.9,74
1783375320,25828.4,25828.9,25827.4,25828.4,26
1783375380,25828.1,25828.1,25825.2,25826.4,28
1783375440,25827.9,25832,25827.9,25832,38
1783375500,25831.8,25831.8,25826.2,25829.4,46
1783375560,25830.1,25831.6,25827.9,25829.4,48
1783375620,25828.4,25828.6,25827.2,25828.4,46
1783375680,25828.1,25829.8,25827.4,25828.6,18
1783375740,25829.1,25830.8,25828.4,25830.8,14
1783375800,25830.6,25834.2,25830.6,25834.2,20
1783375860,25833.7,25834.2,25832.3,25834,16
1783375920,25833.7,25833.7,25833.5,25833.7,6
1783375980,25834.2,25834.2,25833,25833.7,14
1783376040,25834,25834.2,25833.7,25833.7,6
1783376100,25834,25836.2,25834,25836.2,16
1783376160,25836.9,25837.1,25836.9,25837.1,8
1783376280,25836.9,25839.1,25836.9,25838.6,12
1783376340,25838.8,25844.2,25835.9,25844.2,14
1783376400,25838.2,25844.5,25838.2,25844,14
1783376460,25844.9,25845.4,25844.9,25845.4,6
1783376520,25844.2,25845.2,25844,25844.2,34
1783376580,25844,25844.5,25844,25844,12
1783376640,25844.2,25845.4,25844,25844.2,30
1783376700,25844.7,25844.7,25842,25842,20
1783376760,25841.3,25843.5,25841.3,25842.3,14
1783376820,25842,25842,25841.3,25841.3,6
1783376880,25841.1,25844.5,25841.1,25843.5,26
1783376940,25843.7,25845.9,25843.7,25844.2,34
1783377000,25844.5,25844.5,25840.1,25842.8,54
1783377060,25843.2,25844,25843.2,25844,20
1783377120,25843.7,25845.9,25843.7,25845.9,22
1783377180,25845.4,25845.4,25844,25845.2,16
1783377240,25844.9,25845.4,25844.9,25844.9,12
1783377300,25845.2,25848.4,25840.2,25840.4,40
1783377360,25840,25840.2,25838.7,25838.7,34
1783377420,25838.5,25838.5,25835.8,25837.8,22
1783377480,25838,25839,25837.8,25838.7,34
1783377540,25838.3,25839.2,25837.8,25838,40
1783377600,25838,25840,25838,25839.5,30
1783377660,25839.5,25841.2,25838.5,25838.5,36
1783377720,25838.3,25839.5,25838.3,25839,16
1783377780,25838.7,25839.5,25838.3,25839.5,24
1783377840,25840,25840.7,25840,25840.7,12
1783377900,25840.4,25840.4,25836.1,25836.1,24
1783377960,25835.1,25836.6,25821.5,25827.5,71
1783378020,25828,25829.7,25827.5,25828.5,30
1783378080,25829,25829.5,25828,25828.5,20
1783378140,25828,25829,25828,25829,6
1783378200,25829.2,25830.9,25829,25830.2,34
1783378260,25830,25830.7,25829,25829,32
1783378320,25829.5,25829.5,25826.8,25828,34
1783378380,25827.8,25827.8,25826.1,25827.8,24
1783378440,25828,25829,25827.8,25829,42
1783378500,25829.2,25830,25823.5,25824,44
1783378560,25823.8,25824.5,25822.8,25823.1,36
1783378620,25822.8,25825.2,25822.6,25825.2,44
1783378680,25825.5,25825.5,25824.5,25825.2,24
1783378740,25825,25825.2,25823.3,25823.3,22
1783378800,25823.5,25826.7,25823.3,25825,76
1783378860,25825.2,25827.2,25824.5,25824.5,46
1783378920,25825.2,25827.2,25824.3,25826.9,36
1783378980,25827.2,25828.4,25826,25826,30
1783379040,25826.2,25826.2,25825.7,25825.7,14
1783379100,25826,25826.5,25825.5,25826.2,24
1783379160,25826,25826,25825.5,25825.5,6
1783379220,25825.2,25825.5,25825.2,25825.2,6
1783379280,25825.5,25826.5,25825.5,25826.5,10
1783379340,25826,25827.9,25824.5,25827.4,44
1783379400,25827.7,25828.9,25827.4,25828.9,26
1783379460,25829.1,25830.8,25827.7,25829.4,48
1783379520,25829.6,25829.6,25828.2,25829.1,32
1783379580,25828.9,25829.9,25828.4,25829.4,18
1783379640,25828.9,25829.4,25828.4,25828.7,18
1783379700,25828.4,25828.7,25827.9,25828.7,14
1783379760,25828.4,25828.4,25824.8,25825,42
1783379820,25825.7,25826.7,25825.7,25826,24
1783379880,25826.2,25826.2,25823.5,25823.5,30
1783379940,25824,25824,25822.3,25822.6,48
1783380000,25822.3,25823.3,25814.7,25814.7,42
1783380060,25815.7,25816.2,25814.5,25814.5,30
1783380120,25814,25814,25811.8,25812.3,28
1783380180,25812.5,25813.5,25812.3,25813,36
1783380240,25813.5,25819.8,25813.5,25813.8,47
1783380300,25813.6,25820.1,25813.6,25817.9,41
1783380360,25818.1,25818.4,25817.9,25818.4,8
1783380420,25819.1,25819.8,25818.4,25818.4,24
1783380480,25818.1,25818.6,25817.2,25817.2,30
1783380540,25818.1,25818.6,25816.4,25817.4,20
1783380600,25817.6,25819.1,25817.6,25817.9,38
1783380660,25819.1,25819.6,25818.1,25818.1,38
1783380720,25817.9,25817.9,25815.5,25815.9,32
1783380780,25816.2,25816.2,25814.7,25815.2,16
1783380840,25815,25815.9,25814.5,25815.2,34
1783380900,25814.7,25815.5,25814.2,25815.5,18
1783380960,25815.7,25815.7,25814.5,25814.7,12
1783381020,25815.2,25815.9,25814.7,25815.5,24
1783381080,25815.2,25816.7,25815.2,25816.7,32
1783381140,25816.4,25816.4,25815.5,25815.7,10
1783381200,25815.5,25816.7,25815.2,25815.2,30
1783381260,25815,25815.2,25813.3,25813.8,30
1783381320,25813.5,25813.8,25812,25812.3,34
1783381380,25812.5,25813.3,25812,25812,14
1783381440,25812.8,25812.8,25811.6,25811.6,18
1783381500,25811.8,25811.8,25807.2,25807.7,32
1783381560,25807.2,25807.2,25802.8,25805,122
1783381620,25805.2,25805.2,25800.4,25803.1,92
1783381680,25803.3,25807.4,25803.3,25805,116
1783381740,25805.2,25805.2,25801.3,25801.6,88
1783381800,25802.1,25802.1,25796.5,25797.9,152
1783381860,25798.4,25798.9,25793.8,25794.8,102
1783381920,25794.3,25798.6,25792.6,25797.6,74
1783381980,25797.8,25798.6,25793.9,25795.4,70
1783382040,25795.6,25799.8,25795.6,25798.3,62
1783382100,25798.6,25801,25793.8,25797.6,80
1783382160,25798.1,25798.3,25796.1,25796.9,68
1783382220,25796.6,25797.6,25795.6,25795.9,48
1783382280,25795.6,25796.9,25794.9,25796.6,56
1783382340,25796.4,25799.5,25791.8,25799,84
1783382400,25797.8,25799.3,25788.6,25796.8,260
1783382460,25796.3,25797.1,25792.9,25795.4,186
1783382520,25795.1,25797.3,25793.7,25794.4,150
1783382580,25794.6,25801.2,25794.4,25800.2,134
1783382640,25799.7,25801.7,25798.5,25799.3,110
1783382700,25799.7,25804.8,25799,25802.2,154
1783382760,25802.7,25804.6,25796.3,25797.3,178
1783382820,25797.1,25801.7,25797.1,25801.2,144
1783382880,25800.7,25808.5,25799,25806.6,146
1783382940,25807.1,25810,25802.7,25802.9,130
1783383000,25802.5,25802.5,25799.1,25799.5,128
1783383060,25799.3,25800.5,25797.1,25798.8,106
1783383120,25798.6,25798.6,25790.6,25794.5,116
1783383180,25795,25798.4,25793.5,25796.5,144
1783383240,25796.9,25800.4,25793.2,25795.2,98
1783383360,25807.7,25809.2,25798.7,25799.2,60
1783383420,25799.7,25806.2,25793.2,25801.7,100
1783383480,25801.2,25806.2,25800.7,25803.7,74
1783383540,25804.2,25811.7,25803.7,25811.2,38
1783383600,25812.2,25814.7,25808.2,25812.7,82
1783383660,25813.7,25820.7,25812.2,25818.2,74
1783383720,25818.7,25820.2,25813.7,25814.2,104
1783383780,25814.7,25814.7,25809.7,25810.2,32
1783383840,25809.7,25811.2,25805.7,25808.7,48
1783383900,25806.7,25811.7,25804.2,25811.7,28
1783383960,25813.7,25818.2,25812.7,25813.7,64
1783384020,25815.2,25815.2,25807.2,25808.2,20
1783384080,25809.2,25809.2,25801.7,25802.2,38
1783384140,25801.2,25803.2,25798.7,25803.2,34
1783384200,25804.2,25810.7,25802.2,25803.7,46
1783384260,25803.2,25809.7,25802.2,25808.2,46
1783384320,25809.7,25810.2,25805.7,25808.7,50
1783384380,25807.7,25808.7,25798.2,25798.7,34
1783384440,25797.7,25800.2,25795.7,25796.2,50
1783384500,25797.2,25798.2,25791.7,25795.2,64
1783384560,25794.7,25796.2,25790.7,25792.7,72
1783384620,25793.2,25794.2,25789.7,25789.7,28
1783384680,25785.7,25786.2,25784.2,25785.2,12
1783384740,25785.7,25790.7,25785.7,25789.2,42
1783384800,25788.2,25788.2,25782.7,25783.2,78
1783384860,25783.7,25785.2,25782.2,25783.2,32
1783384920,25783.7,25786.2,25783.2,25784.7,74
1783384980,25785.7,25790.2,25784.7,25788.7,48
1783385040,25789.7,25792.7,25788.7,25788.7,58
1783385100,25787.7,25792.2,25784.7,25788.7,64
1783385160,25789.7,25789.7,25784.2,25784.7,44
1783385220,25785.2,25793.2,25785.2,25791.2,60
1783385280,25791.7,25795.7,25790.2,25795.2,74
1783385340,25795.7,25795.7,25795.2,25795.2,12
1783385400,25793.2,25796.7,25790.2,25793.2,70
1783385460,25792.2,25794.2,25791.2,25791.7,30
1783385520,25793.2,25798.2,25793.2,25798.2,10
1783385580,25797.2,25797.7,25795.7,25797.2,48
1783385640,25796.2,25802.2,25795.7,25799.2,44
1783385700,25799.7,25811.7,25799.7,25811.7,48
1783385760,25810.2,25812.2,25801.2,25802.7,50
1783385820,25801.7,25801.7,25793.2,25793.2,56
1783385880,25795.7,25795.7,25788.7,25790.7,38
1783385940,25791.2,25792.2,25788.7,25789.7,58
1783386000,25790.7,25796.2,25786.7,25793.7,90
1783386060,25796.2,25796.2,25785.7,25788.7,104
1783386120,25787.7,25788.7,25785.2,25786.7,98
1783386180,25787.7,25792.2,25785.7,25791.2,114
1783386240,25792.7,25792.7,25787.2,25790.7,82
1783386300,25791.2,25791.7,25789.7,25791.7,30
1783386360,25790.7,25795.7,25790.7,25793.7,80
1783386420,25795.2,25795.2,25791.7,25793.2,36
1783386480,25792.7,25796.2,25790.2,25795.2,42
1783386540,25794.7,25795.7,25793.2,25794.7,54
1783386600,25794.2,25800.7,25794.2,25796.2,58
1783386660,25794.7,25798.2,25794.2,25795.7,74
1783386720,25796.2,25798.7,25789.7,25797.7,68
1783386780,25796.7,25799.7,25792.7,25796.2,42
1783386840,25795.7,25799.2,25794.2,25795.2,56
1783386900,25795.7,25799.7,25791.7,25793.2,50
1783386960,25794.2,25794.2,25789.7,25791.2,58
1783387020,25791.7,25796.2,25791.7,25793.7,68
1783387080,25794.7,25797.7,25792.2,25795.7,44
1783387140,25794.7,25796.7,25789.7,25790.2,68
1783387200,25793.2,25796.7,25790.7,25793.2,84
1783387260,25792.7,25794.2,25789.7,25791.7,116
1783387320,25792.2,25792.2,25786.7,25789.2,60
1783387380,25788.2,25791.2,25785.2,25791.2,70
1783387440,25791.7,25794.2,25784.7,25785.7,56
1783387500,25785.2,25787.2,25783.7,25785.2,44
1783387560,25788.2,25788.2,25783.7,25786.2,64
1783387620,25787.7,25787.7,25785.2,25786.7,46
1783387680,25790.7,25791.2,25786.7,25788.2,44
1783387740,25789.7,25792.2,25782.2,25787.7,114
1783387800,25788.2,25792.7,25787.2,25791.2,108
1783387860,25791.7,25793.7,25791.2,25792.2,70
1783387920,25791.7,25801.2,25788.7,25801.2,114
1783387980,25799.7,25803.7,25798.7,25802.7,96
1783388040,25801.2,25804.7,25796.2,25800.7,80
1783388100,25801.2,25807.2,25801.2,25806.7,78
1783388160,25803.7,25805.7,25799.7,25801.7,50
1783388220,25802.2,25802.7,25794.7,25800.2,96
1783388280,25802.7,25809.2,25802.7,25808.2,88
1783388340,25810.7,25811.2,25808.7,25809.2,34
1783388400,25806.7,25811.2,25805.2,25811.2,42
1783388460,25810.2,25812.7,25803.2,25805.7,108
1783388520,25806.7,25806.7,25800.7,25802.7,48
1783388580,25803.2,25805.2,25801.2,25804.2,56
1783388640,25803.2,25807.7,25802.2,25806.7,32
1783388700,25807.7,25811.2,25806.7,25809.2,38
1783388760,25808.7,25814.7,25808.7,25812.2,42
1783388820,25813.2,25815.7,25812.2,25814.7,56
1783388880,25813.2,25814.7,25811.7,25813.2,64
1783388940,25812.7,25813.7,25811.2,25812.2,38
1783389000,25813.2,25815.7,25811.7,25811.7,26
1783389060,25812.7,25813.2,25810.2,25812.7,16
1783389120,25813.2,25813.2,25811.7,25812.2,16
1783389180,25811.2,25812.2,25808.7,25810.2,18
1783389240,25811.7,25817.2,25807.7,25815.7,64
1783389300,25816.2,25817.2,25801.2,25801.2,76
1783389360,25800.2,25805.2,25799.2,25803.7,70
1783389420,25803.2,25803.2,25800.2,25802.2,54
1783389480,25801.7,25801.7,25798.7,25800.2,14
1783389540,25799.2,25800.2,25795.2,25797.7,46
1783389600,25797.2,25798.7,25793.7,25794.7,98
1783389660,25796.2,25805.2,25793.7,25804.7,82
1783389720,25802.7,25803.7,25799.2,25800.2,60
1783389780,25798.7,25803.7,25798.2,25801.2,72
1783389840,25803.2,25803.2,25799.7,25800.2,26
1783389900,25803.2,25803.2,25798.2,25799.7,48
1783389960,25800.2,25802.2,25798.7,25802.2,38
1783390020,25802.7,25806.2,25802.7,25804.7,52
1783390080,25804.2,25807.2,25803.7,25807.2,28
1783390140,25805.7,25807.2,25799.7,25801.7,54
1783390200,25799.7,25806.7,25799.7,25803.7,58
1783390260,25802.7,25804.2,25799.2,25799.2,22
1783390320,25798.7,25803.2,25797.2,25803.2,24
1783390380,25803.7,25806.7,25800.7,25802.2,84
1783390440,25802.7,25803.7,25801.7,25803.2,14
1783390500,25802.7,25804.2,25798.7,25801.7,74
1783390560,25802.2,25805.7,25802.2,25804.2,64
1783390620,25803.7,25805.2,25799.2,25800.2,52
1783390680,25798.7,25804.7,25797.2,25801.2,70
1783390740,25800.7,25802.7,25798.7,25798.7,36
1783390800,25797.7,25798.7,25796.7,25796.7,22
1783390860,25797.2,25797.2,25792.2,25792.7,28
1783390920,25792.2,25792.2,25788.7,25788.7,32
1783390980,25787.2,25795.2,25787.2,25795.2,46
1783391040,25794.2,25795.2,25789.7,25790.2,22
1783391100,25790.7,25793.7,25789.7,25793.7,28
1783391160,25790.7,25793.2,25785.2,25792.2,41
1783391220,25790.7,25791.2,25788.2,25789.2,32
1783391280,25788.2,25789.7,25787.7,25788.7,32
1783391340,25789.2,25789.2,25787.2,25787.7,16
1783391400,25787.2,25788.2,25778.2,25778.2,58
1783391460,25777.7,25778.7,25774.7,25774.7,34
1783391520,25774.2,25776.7,25774.2,25776.7,30
1783391580,25776.2,25776.7,25775.2,25775.2,70
1783391640,25775.7,25779.2,25775.2,25778.2,38
1783391700,25779.2,25784.7,25779.2,25784.2,56
1783391760,25783.7,25787.2,25781.7,25786.2,50
1783391820,25785.7,25785.7,25776.7,25777.2,22
1783391880,25778.7,25781.2,25775.7,25781.2,42
1783391940,25782.2,25786.7,25782.2,25784.2,12
1783392000,25783.2,25784.2,25781.2,25784.2,26
1783392060,25784.7,25784.7,25780.7,25781.2,54
1783392120,25778.7,25781.7,25778.7,25779.2,36
1783392180,25778.7,25781.7,25778.7,25780.2,42
1783392240,25779.7,25780.2,25778.7,25779.7,40
1783392300,25780.2,25780.7,25779.2,25780.2,36
1783392360,25779.7,25779.7,25778.7,25779.2,16
1783392420,25780.2,25780.2,25778.7,25779.7,44
1783392480,25779.2,25780.2,25777.2,25779.7,14
1783392540,25776.2,25780.2,25776.2,25778.2,24
1783392600,25781.7,25781.7,25777.7,25777.7,32
1783392660,25776.7,25776.7,25774.7,25774.7,6
1783392720,25775.7,25775.7,25775.7,25775.7,2
1783392900,25774.7,25774.7,25772.7,25772.7,8
1783392960,25776.2,25776.2,25775.2,25775.2,6
1783393020,25774.7,25776.2,25774.2,25774.7,20
1783393080,25774.2,25774.2,25768.2,25768.7,54
1783393140,25768.2,25771.7,25765.7,25771.2,42
1783393200,25772.2,25776.7,25770.2,25776.7,68
1783393260,25778.2,25778.2,25772.7,25772.7,36
1783393320,25773.7,25774.7,25773.2,25774.7,18
1783393380,25775.2,25775.2,25773.7,25774.2,12
1783393440,25775.7,25775.7,25773.2,25773.2,4
1783393500,25779.2,25779.7,25777.2,25777.2,18
1783393560,25777.7,25779.7,25775.2,25778.2,52
1783393620,25777.7,25779.7,25777.2,25779.7,12
1783393680,25781.7,25787.2,25780.2,25785.2,26
1783393740,25784.2,25784.7,25780.7,25783.7,34
1783393800,25782.7,25784.2,25779.7,25779.7,32
1783393860,25778.7,25780.7,25778.7,25779.7,18
1783393920,25779.2,25779.2,25777.7,25778.7,10
1783393980,25779.7,25779.7,25777.2,25777.7,34
1783394040,25778.2,25778.7,25773.2,25775.7,62
1783394100,25775.2,25775.2,25770.7,25771.2,32
1783394160,25773.2,25773.2,25765.7,25765.7,24
1783394220,25764.7,25767.2,25764.2,25766.2,24
1783394280,25767.2,25768.2,25766.2,25766.7,14
1783394340,25766.2,25768.2,25766.2,25766.7,16
1783394400,25766.2,25766.2,25763.7,25764.7,26
1783394460,25764.2,25765.7,25763.7,25765.2,28
1783394520,25769.2,25769.2,25763.7,25764.2,42
1783394580,25764.7,25765.7,25759.2,25760.7,46
1783394640,25759.2,25760.2,25758.2,25759.7,60
1783394700,25759.2,25764.7,25757.7,25763.2,76
1783394760,25762.7,25763.2,25758.7,25758.7,46
1783394820,25757.7,25758.2,25757.2,25757.7,10
1783394880,25757.2,25757.7,25753.7,25754.7,30
1783394940,25752.2,25754.2,25748.2,25750.2,78
1783395000,25750.7,25754.2,25741.2,25752.2,120
1783395060,25753.2,25756.2,25750.7,25754.7,114
1783395120,25753.2,25758.7,25753.2,25754.7,76
1783395180,25755.7,25758.2,25753.7,25756.7,64
1783395240,25756.2,25761.2,25754.7,25756.7,82
1783395300,25757.2,25762.7,25757.2,25760.7,46
1783395360,25761.7,25761.7,25760.7,25760.7,78
1783395420,25761.2,25766.2,25760.7,25765.2,60
1783395480,25765.7,25766.7,25764.2,25764.7,60
1783395540,25765.2,25766.2,25763.7,25763.7,48
1783395600,25761.7,25763.2,25758.7,25763.2,70
1783395660,25761.2,25761.7,25759.2,25760.2,24
1783395720,25759.2,25761.7,25758.7,25760.7,30
1783395780,25760.2,25760.2,25755.2,25756.2,40
1783395840,25756.7,25757.2,25754.2,25755.7,58
1783395900,25755.2,25755.2,25750.2,25750.2,54
1783395960,25749.7,25749.7,25744.7,25746.7,46
1783396020,25746.2,25748.7,25745.2,25746.2,82
1783396080,25746.7,25747.7,25739.7,25739.7,46
1783396140,25740.2,25743.7,25739.2,25741.7,56
1783396200,25745.7,25749.2,25743.7,25747.7,48
1783396260,25748.7,25748.7,25741.2,25741.2,44
1783396320,25740.2,25743.2,25740.2,25740.7,48
1783396380,25741.2,25746.7,25740.7,25745.7,58
1783396440,25741.7,25746.7,25741.7,25745.2,46
1783396500,25747.7,25748.2,25744.7,25746.2,48
1783396560,25748.2,25748.7,25747.7,25748.2,16
1783396620,25747.2,25751.2,25744.2,25751.2,36
1783396680,25750.7,25750.7,25747.7,25748.7,20
1783396740,25747.7,25752.2,25747.7,25750.7,32
1783396800,25750.2,25756.2,25748.7,25751.7,76
1783396860,25750.7,25751.7,25744.2,25744.2,42
1783396920,25743.7,25744.7,25743.2,25743.7,30
1783396980,25744.2,25748.7,25743.2,25746.7,66
1783397040,25745.2,25750.2,25742.7,25749.2,36
1783397100,25748.7,25757.7,25746.7,25756.7,96
1783397160,25757.2,25758.7,25752.7,25753.2,92
1783397220,25753.7,25754.7,25752.7,25754.7,24
1783397280,25753.7,25757.2,25752.2,25757.2,44
1783397340,25756.7,25757.7,25751.7,25752.7,24
1783397400,25753.7,25757.7,25751.7,25755.7,46
1783397460,25756.2,25764.7,25755.2,25760.7,56
1783397520,25762.2,25762.2,25757.2,25758.2,20
1783397580,25759.2,25759.2,25756.2,25757.2,26
1783397640,25757.7,25759.7,25754.2,25754.2,48
1783397700,25753.7,25754.2,25751.7,25751.7,30
1783397760,25750.7,25750.7,25748.2,25748.2,74
1783397820,25747.7,25748.2,25742.7,25743.2,26
1783397880,25743.7,25744.7,25737.2,25737.2,25
1783397940,25736.7,25741.2,25734.7,25741.2,14
1783398000,25740.7,25740.7,25740.7,25740.7,2
1783398060,25739.7,25744.2,25739.2,25744.2,62
1783398120,25744.7,25744.7,25742.7,25743.7,14
1783398180,25746.7,25746.7,25742.7,25743.2,12
1783398240,25742.7,25745.2,25742.2,25743.2,34
1783398300,25743.7,25745.2,25741.2,25743.2,32
1783398360,25743.7,25746.7,25742.2,25746.2,58
1783398420,25743.2,25744.7,25741.7,25744.2,32
1783398480,25746.2,25746.2,25742.2,25744.2,32
1783398540,25743.7,25746.7,25743.2,25746.2,22
1783398600,25745.7,25748.2,25745.7,25748.2,10
1783398660,25746.7,25752.7,25746.7,25752.2,18
1783398720,25749.7,25751.7,25748.7,25749.7,16
1783398780,25749.2,25751.7,25748.7,25750.7,36
1783398840,25750.2,25752.2,25749.2,25749.7,38
1783398900,25750.2,25751.2,25748.7,25749.7,52
1783398960,25748.7,25749.2,25745.2,25745.2,46
1783399020,25745.7,25745.7,25740.7,25742.7,42
1783399080,25742.2,25746.7,25741.7,25744.7,40
1783399140,25745.2,25746.2,25744.7,25744.7,44
1783399200,25744.2,25744.2,25743.2,25744.2,24
1783399260,25745.7,25751.2,25745.7,25748.2,100
1783399320,25747.7,25748.2,25745.7,25747.2,42
1783399380,25746.7,25748.7,25746.2,25747.7,40
1783399440,25746.7,25747.7,25744.7,25745.7,22
1783399500,25744.2,25748.2,25744.2,25745.2,52
1783399560,25744.7,25745.2,25744.7,25745.2,16
1783399620,25744.7,25745.2,25743.2,25743.7,12
1783399680,25742.7,25743.2,25742.7,25742.7,18
1783399740,25742.2,25743.7,25742.2,25742.7,26
1783399800,25742.2,25743.2,25733.7,25733.7,43
1783399860,25734.2,25744.7,25733.7,25743.7,52
1783399920,25743.2,25744.7,25742.2,25742.7,36
1783399980,25741.7,25743.7,25741.7,25742.7,24
1783400040,25741.7,25742.7,25741.7,25741.7,14
1783400100,25740.2,25741.7,25738.2,25738.2,14
1783400160,25738.7,25738.7,25738.2,25738.2,4
1783400220,25737.2,25739.2,25737.2,25738.7,16
1783400280,25739.2,25741.2,25738.7,25740.2,16
1783400340,25740.7,25740.7,25740.2,25740.7,6
1783400400,25740.2,25740.7,25735.7,25740.7,46
1783400460,25739.2,25739.7,25737.2,25737.7,20
1783400520,25737.2,25737.2,25732.7,25732.7,28
1783400580,25734.2,25734.2,25729.2,25733.2,34
1783400640,25733.7,25734.2,25728.7,25728.7,44
1783400700,25728.2,25728.2,25726.7,25727.2,8
1783400760,25725.2,25728.2,25724.2,25724.2,50
1783400820,25723.7,25724.7,25720.2,25723.7,44
1783400880,25723.2,25723.7,25714.7,25721.2,32
1783400940,25719.7,25719.7,25712.2,25718.2,56
1783401000,25717.7,25719.2,25715.2,25715.7,42
1783401060,25716.2,25716.2,25707.2,25713.2,44
1783401120,25713.7,25718.2,25713.7,25717.2,20
1783401180,25717.7,25718.2,25709.7,25709.7,50
1783401240,25709.2,25712.7,25705.7,25707.2,42
1783401300,25706.7,25708.2,25704.7,25705.7,68
1783401360,25706.2,25708.7,25706.2,25708.2,50
1783401420,25708.7,25713.7,25708.2,25710.7,56
1783401480,25709.7,25710.2,25709.2,25709.7,22
1783401540,25711.2,25716.2,25711.2,25714.2,52
1783401600,25713.7,25716.2,25710.2,25712.2,46
1783401660,25714.2,25715.7,25713.7,25714.2,38
1783401720,25714.7,25723.2,25714.2,25721.7,140
1783401780,25721.2,25729.2,25719.7,25726.2,74
1783401840,25721.7,25726.2,25716.2,25716.7,52
1783401900,25717.2,25718.7,25709.2,25716.7,83
1783401960,25716.2,25719.2,25713.7,25719.2,100
1783402020,25718.7,25718.7,25711.2,25713.2,54
1783402080,25712.7,25715.7,25710.7,25715.7,120
1783402140,25714.2,25727.7,25714.2,25727.2,96
1783402200,25726.7,25735.2,25726.7,25733.2,94
1783402260,25732.7,25740.2,25732.7,25738.2,78
1783402320,25739.7,25741.2,25735.2,25740.2,78
1783402380,25738.7,25739.2,25731.7,25735.7,124
1783402440,25737.2,25740.2,25732.7,25740.2,42
1783402500,25740.7,25748.2,25740.2,25748.2,30
1783402560,25747.7,25749.7,25742.7,25748.2,116
1783402620,25750.2,25751.2,25746.7,25746.7,82
1783402680,25747.2,25747.2,25740.2,25741.7,60
1783402740,25741.2,25745.2,25735.2,25742.7,72
1783402800,25740.7,25746.7,25740.7,25742.7,48
1783402860,25742.2,25747.2,25742.2,25746.2,10
1783402920,25745.7,25747.7,25741.7,25746.2,60
1783402980,25745.2,25745.2,25740.2,25740.2,78
1783403040,25739.2,25742.2,25732.7,25735.2,58
1783403100,25736.2,25739.2,25734.2,25736.2,26
1783403160,25735.2,25737.7,25733.2,25733.7,32
1783403220,25736.7,25738.7,25730.7,25732.2,58
1783403280,25731.7,25733.2,25728.7,25728.7,54
1783403340,25728.2,25729.7,25724.7,25728.7,60
1783403400,25730.7,25734.7,25728.2,25734.2,64
1783403460,25736.7,25748.7,25736.7,25748.2,42
1783403520,25746.7,25756.7,25746.7,25753.7,54
1783403580,25754.7,25756.7,25754.2,25754.2,36
1783403640,25755.2,25762.2,25749.7,25762.2,70
1783403700,25763.7,25777.2,25762.7,25777.2,48
1783403760,25777.7,25781.2,25772.2,25773.2,54
1783403820,25773.7,25773.7,25762.2,25768.2,70
1783403880,25769.7,25769.7,25758.7,25761.7,64
1783403940,25762.2,25768.2,25759.2,25765.7,54
1783404000,25764.7,25771.7,25760.7,25771.7,82
1783404060,25772.4,25775.9,25772.4,25774.4,20
1783404120,25773.9,25774.9,25768.9,25771.4,62
1783404180,25770.9,25772.4,25765.4,25765.4,32
1783404240,25766.4,25766.4,25751.4,25759.4,72
1783404300,25759.4,25764.4,25756.9,25760.4,124
1783404360,25758.9,25764.9,25756.9,25759.9,98
1783404420,25760.4,25771.4,25760.4,25767.9,96
1783404480,25770.4,25770.9,25765.9,25765.9,22
1783404540,25766.4,25766.9,25761.4,25763.4,80
1783404600,25762.9,25762.9,25754.4,25756.4,116
1783404660,25756.9,25758.4,25748.4,25748.9,74
1783404720,25749.4,25753.4,25748.9,25752.4,80
1783404780,25751.9,25752.9,25747.9,25751.9,32
1783404840,25750.4,25750.4,25746.4,25749.4,82
1783404900,25749.9,25759.4,25748.9,25758.9,94
1783404960,25759.4,25759.4,25754.4,25755.4,76
1783405020,25755.9,25759.4,25754.4,25757.4,100
1783405080,25757.9,25759.4,25748.4,25748.4,128
1783405140,25748.9,25750.9,25748.4,25749.4,68
1783405200,25749.9,25756.9,25747.4,25756.4,108
1783405260,25755.4,25758.4,25753.9,25756.4,52
1783405320,25756.9,25761.4,25754.4,25760.4,94
1783405380,25759.9,25763.4,25759.9,25762.4,56
1783405440,25762.9,25766.9,25761.9,25763.4,78
1783405500,25763.9,25764.9,25760.4,25760.9,96
1783405560,25761.4,25765.4,25760.4,25761.4,94
1783405620,25761.9,25767.4,25760.4,25763.4,104
1783405680,25763.9,25771.4,25763.9,25771.4,76
1783405740,25770.9,25770.9,25764.9,25767.4,104
1783405800,25767.9,25772.4,25763.4,25772.4,133
1783405860,25773.4,25776.4,25771.9,25774.4,88
1783405920,25774.9,25774.9,25770.4,25770.4,68
1783405980,25772.4,25776.4,25772.4,25775.4,64
1783406040,25772.9,25779.4,25769.4,25778.4,88
1783406100,25777.4,25778.4,25773.9,25774.9,90
1783406160,25775.4,25776.4,25773.4,25774.4,82
1783406220,25773.9,25778.4,25773.4,25775.4,60
1783406280,25774.9,25774.9,25772.4,25773.4,38
1783406340,25774.4,25774.4,25769.4,25769.4,66
1783406400,25769.9,25778.9,25769.4,25778.9,70
1783406460,25779.4,25779.4,25771.9,25773.4,70
1783406520,25772.9,25774.4,25770.4,25771.4,40
1783406580,25772.4,25777.4,25772.4,25776.4,40
1783406640,25776.9,25781.4,25774.4,25781.4,66
1783406700,25780.9,25780.9,25775.4,25775.9,46
1783406760,25774.9,25774.9,25755.7,25762.4,66
1783406820,25761.9,25764.4,25761.4,25764.4,44
1783406880,25764.9,25766.4,25761.4,25762.9,44
1783406940,25764.4,25768.4,25764.4,25766.4,32
1783407000,25765.9,25766.4,25763.9,25766.4,68
1783407060,25767.4,25769.4,25760.9,25763.9,58
1783407120,25765.9,25774.9,25765.9,25774.9,56
1783407180,25775.4,25777.9,25774.9,25777.4,25
1783407240,25779.4,25780.4,25775.4,25775.9,30
1783407300,25775.9,25780.9,25774.9,25778.4,75
1783407360,25779.4,25792.9,25777.2,25792.9,68
1783407420,25793.4,25793.9,25787.9,25787.9,92
1783407480,25787.4,25791.9,25785.4,25791.9,104
1783407540,25792.9,25795.4,25789.9,25793.4,80
1783407600,25792.4,25802.4,25762.2,25766.4,346
1783407660,25767.4,25779.4,25756.4,25778.9,294
1783407720,25778.4,25780.4,25769.4,25774.9,316
1783407780,25775.9,25790.4,25762.9,25787.4,312
1783407840,25785.4,25794.9,25778.4,25780.9,259
1783407900,25779.4,25782.4,25763.2,25772.4,247
1783407960,25772.9,25781.4,25759.4,25759.9,216
1783408020,25758.4,25767.4,25757.4,25760.4,218
1783408080,25760.9,25769.4,25757.4,25765.9,207
1783408140,25764.9,25769.4,25760.4,25767.2,219
1783408200,25767.7,25783.4,25762.7,25782.9,251
1783408260,25782.4,25783.9,25772.4,25775.4,208
1783408320,25775.9,25787.9,25775.9,25782.9,212
1783408380,25783.4,25792.4,25781.9,25785.4,206
1783408440,25785.9,25794.9,25766.9,25766.9,188
1783408500,25766.4,25779.9,25766.4,25775.9,235
1783408560,25776.4,25785.4,25768.4,25769.4,183
1783408620,25769.9,25778.4,25760.4,25777.9,182
1783408680,25777.4,25780.9,25760.4,25760.4,212
1783408740,25759.9,25771.4,25758.9,25770.4,154
1783408800,25771.4,25774.4,25763.9,25769.9,218
1783408860,25769.4,25775.9,25757.9,25765.4,214
1783408920,25764.9,25787.4,25764.4,25781.9,198
1783408980,25782.4,25785.4,25768.9,25784.9,168
1783409040,25784.4,25790.4,25776.4,25776.9,184
1783409100,25776.4,25791.4,25776.4,25790.9,166
1783409160,25791.4,25799.9,25790.9,25792.4,166
1783409220,25791.4,25802.4,25791.4,25800.4,172
1783409280,25799.9,25805.4,25796.9,25803.9,140
1783409340,25804.4,25804.4,25795.4,25801.4,180
1783409400,25800.9,25805.9,25796.4,25797.7,199
1783409460,25798.2,25799.9,25789.4,25796.4,135
1783409520,25795.9,25804.9,25795.4,25797.4,162
1783409580,25796.9,25811.4,25796.9,25811.4,160
1783409640,25810.9,25810.9,25798.4,25800.4,146
1783409700,25801.9,25804.9,25781.4,25784.4,186
1783409760,25783.9,25789.9,25777.9,25788.4,204
1783409820,25789.4,25793.9,25786.4,25793.4,160
1783409880,25793.9,25802.4,25793.9,25794.4,168
1783409940,25795.4,25795.4,25782.9,25789.4,121
1783410000,25788.9,25789.4,25778.9,25781.4,162
1783410060,25781.9,25785.4,25777.9,25779.4,132
1783410120,25781.4,25781.4,25773.4,25776.9,184
1783410180,25776.4,25781.9,25773.9,25781.4,158
1783410240,25780.9,25782.4,25772.9,25772.9,154
1783410300,25773.4,25773.4,25765.4,25768.4,86
1783410360,25770.4,25777.4,25768.4,25769.4,96
1783410420,25769.9,25781.4,25767.4,25767.4,121
1783410480,25768.4,25771.9,25764.9,25766.4,140
1783410540,25766.9,25767.9,25763.4,25763.4,106
1783410600,25764.4,25766.9,25760.4,25766.9,120
1783410660,25765.9,25770.9,25763.4,25769.4,133
1783410720,25768.4,25770.4,25750.9,25753.9,132
1783410780,25754.4,25764.4,25754.4,25763.4,106
1783410840,25763.9,25772.9,25761.4,25771.4,152
1783410900,25770.9,25775.9,25770.4,25770.9,106
1783410960,25769.4,25775.4,25765.9,25771.4,96
1783411020,25772.9,25784.4,25772.4,25784.4,133
1783411080,25784.9,25789.4,25784.4,25787.9,146
1783411140,25788.4,25788.9,25780.4,25784.4,125
1783411200,25783.9,25790.9,25776.4,25777.9,195
1783411260,25777.4,25777.4,25769.4,25771.9,194
1783411320,25772.4,25773.9,25765.4,25771.4,154
1783411380,25770.9,25771.9,25761.4,25767.9,159
1783411440,25768.4,25776.4,25767.4,25776.4,128
1783411500,25775.9,25777.4,25768.4,25773.9,150
1783411560,25774.4,25778.4,25770.4,25777.4,150
1783411620,25777.9,25781.4,25764.9,25765.4,176
1783411680,25765.9,25773.4,25763.4,25766.9,162
1783411740,25767.4,25770.9,25761.9,25766.4,173
1783411800,25765.9,25771.4,25761.4,25761.4,164
1783411860,25761.9,25781.4,25761.4,25778.4,144
1783411920,25778.9,25792.9,25778.4,25792.4,154
1783411980,25791.9,25794.4,25788.2,25788.4,118
1783412040,25789.4,25793.9,25788.4,25789.9,178
1783412100,25790.4,25795.4,25789.9,25792.4,114
1783412160,25791.9,25799.9,25789.4,25798.9,138
1783412220,25799.4,25804.9,25796.4,25800.4,122
1783412280,25800.9,25801.9,25794.9,25800.4,146
1783412340,25799.9,25801.4,25787.9,25793.9,152
1783412400,25793.4,25797.4,25787.4,25795.4,120
1783412460,25795.9,25798.4,25791.4,25794.4,124
1783412520,25795.4,25803.9,25794.4,25800.4,115
1783412580,25799.9,25800.4,25795.4,25796.9,82
1783412640,25798.4,25804.4,25797.9,25800.9,102
1783412700,25801.4,25801.4,25783.9,25784.9,176
1783412760,25785.4,25789.4,25775.9,25777.4,230
1783412820,25776.9,25777.4,25766.4,25767.4,176
1783412880,25766.9,25781.4,25766.9,25778.9,144
1783412940,25778.4,25783.4,25769.4,25772.4,162
1783413000,25773.4,25775.4,25764.4,25764.4,152
1783413060,25763.9,25765.4,25759.4,25764.4,156
1783413120,25763.4,25766.4,25757.9,25764.9,140
1783413180,25765.9,25770.4,25763.4,25763.4,142
1783413240,25762.9,25766.4,25758.9,25765.4,142
1783413300,25764.4,25765.9,25752.4,25753.4,150
1783413360,25754.4,25754.4,25745.9,25749.4,84
1783413420,25748.9,25754.4,25748.9,25750.4,136
1783413480,25749.9,25753.9,25742.4,25742.9,117
1783413540,25742.4,25743.9,25738.4,25743.4,114
1783413600,25744.9,25745.4,25738.9,25738.9,148
1783413660,25738.4,25750.4,25738.4,25748.9,104
1783413720,25748.4,25753.9,25746.4,25750.4,140
1783413780,25750.9,25752.9,25740.4,25742.4,132
1783413840,25743.4,25745.4,25741.9,25744.9,108
1783413900,25745.4,25750.4,25742.7,25747.9,121
1783413960,25748.4,25749.9,25745.4,25746.4,74
1783414020,25745.4,25749.4,25741.9,25741.9,120
1783414080,25740.4,25745.4,25739.9,25744.9,80
1783414140,25745.4,25745.4,25736.4,25736.9,154
1783414200,25736.4,25739.4,25734.9,25735.9,96
1783414260,25735.4,25739.9,25731.9,25738.4,166
1783414320,25737.4,25741.4,25734.4,25737.4,126
1783414380,25736.4,25736.4,25726.9,25727.9,97
1783414440,25729.9,25735.4,25729.9,25733.4,84
1783414500,25732.9,25733.4,25725.9,25725.9,138
1783414560,25724.4,25730.4,25722.9,25723.2,95
1783414620,25723.4,25725.9,25721.4,25724.4,130
1783414680,25725.4,25725.4,25718.9,25719.4,60
1783414740,25719.9,25720.4,25714.9,25714.9,74
1783414800,25715.4,25716.9,25700.4,25702.9,160
1783414860,25703.9,25708.9,25702.4,25703.4,160
1783414920,25703.9,25708.9,25700.9,25704.4,96
1783414980,25704.9,25716.4,25702.4,25715.9,134
1783415040,25715.4,25718.9,25714.4,25716.9,112
1783415100,25718.4,25718.9,25713.4,25716.4,132
1783415160,25716.9,25729.9,25716.9,25729.4,108
1783415220,25729.9,25731.9,25726.7,25726.7,82
1783415280,25727.2,25732.4,25721.7,25727.9,110
1783415340,25728.4,25728.4,25717.4,25719.4,134
1783415400,25720.4,25720.4,25710.9,25710.9,86
1783415460,25710.4,25711.9,25707.4,25707.9,93
1783415520,25709.4,25712.4,25707.4,25710.9,129
1783415580,25710.4,25710.4,25702.4,25706.4,95
1783415640,25705.9,25709.4,25703.4,25704.9,134
1783415700,25704.4,25708.9,25702.4,25707.9,142
1783415760,25707.4,25726.4,25707.4,25721.4,121
1783415820,25721.9,25728.9,25721.4,25728.9,90
1783415880,25729.4,25733.4,25729.4,25731.9,114
1783415940,25731.4,25731.4,25727.4,25729.4,88
1783416000,25729.9,25731.4,25726.9,25726.9,60
1783416060,25727.9,25732.4,25723.4,25731.4,118
1783416120,25730.9,25734.4,25728.9,25729.4,126
1783416180,25727.9,25729.4,25723.4,25724.4,110
1783416240,25724.9,25726.4,25720.9,25723.4,86
1783416300,25723.9,25728.4,25722.4,25724.9,124
1783416360,25725.9,25725.9,25719.9,25722.9,68
1783416420,25722.4,25729.9,25721.4,25722.9,150
1783416480,25722.4,25722.9,25718.4,25718.9,106
1783416540,25718.4,25720.4,25713.9,25719.9,106
1783416600,25720.4,25723.9,25714.9,25718.4,124
1783416660,25718.9,25720.9,25715.4,25716.9,120
1783416720,25715.4,25717.9,25710.9,25711.4,104
1783416780,25710.9,25717.4,25709.9,25709.9,116
1783416840,25707.4,25707.4,25696.9,25696.9,92
1783416900,25696.4,25697.4,25692.4,25694.9,119
1783416960,25694.4,25695.4,25689.9,25694.4,95
1783417020,25693.9,25697.4,25689.9,25694.9,108
1783417080,25694.4,25694.9,25687.7,25691.4,108
1783417140,25690.9,25696.9,25688.9,25695.4,138
1783417200,25695.9,25705.9,25691.9,25705.9,98
1783417260,25706.4,25710.9,25703.9,25707.9,102
1783417320,25706.4,25709.4,25705.9,25707.4,120
1783417380,25707.9,25707.9,25702.9,25704.9,82
1783417440,25704.4,25707.9,25704.4,25705.4,84
1783417500,25705.9,25705.9,25698.4,25700.4,122
1783417560,25699.9,25702.4,25694.9,25695.4,126
1783417620,25694.9,25697.4,25687.9,25694.4,140
1783417680,25693.9,25699.9,25692.4,25699.4,142
1783417740,25699.9,25702.4,25695.9,25700.4,90
1783417800,25701.4,25701.4,25691.4,25695.4,128
1783417860,25694.9,25707.4,25694.9,25704.4,151
1783417920,25704.9,25707.4,25701.7,25704.4,112
1783417980,25705.4,25705.4,25697.9,25700.4,118
1783418040,25700.9,25702.4,25697.4,25701.9,81
1783418100,25701.4,25701.4,25694.9,25698.9,110
1783418160,25698.4,25698.9,25690.4,25691.4,130
1783418220,25692.4,25697.4,25689.9,25695.9,125
1783418280,25695.4,25697.4,25693.4,25696.4,100
1783418340,25697.4,25700.9,25693.4,25695.4,120
1783418400,25694.9,25700.4,25693.9,25699.9,148
1783418460,25699.4,25704.9,25699.4,25702.4,102
1783418520,25702.9,25704.4,25700.4,25701.4,119
1783418580,25700.4,25707.9,25697.4,25706.4,95
1783418640,25706.9,25708.4,25703.9,25708.4,72
1783418700,25707.9,25712.4,25705.9,25712.4,78
1783418760,25712.9,25712.9,25706.9,25708.9,112
1783418820,25708.4,25709.9,25704.9,25705.9,106
1783418880,25705.4,25707.9,25697.9,25700.4,141
1783418940,25699.4,25700.4,25693.9,25693.9,76
1783419000,25694.4,25700.9,25694.4,25698.4,126
1783419060,25697.9,25698.4,25681.9,25686.4,150
1783419120,25687.4,25687.4,25682.9,25683.9,59
1783419180,25685.4,25686.9,25683.4,25684.4,86
1783419240,25683.4,25685.4,25676.4,25679.4,135
1783419300,25679.9,25691.9,25678.4,25691.9,68
1783419360,25692.4,25694.9,25689.4,25692.9,100
1783419420,25691.9,25702.4,25691.4,25702.4,91
1783419480,25701.9,25707.9,25698.7,25707.4,97
1783419540,25705.4,25705.4,25699.4,25699.4,103
1783419600,25699.9,25705.4,25699.4,25702.4,132
1783419660,25701.9,25702.4,25699.4,25701.4,92
1783419720,25701.9,25704.4,25701.4,25703.4,98
1783419780,25702.4,25704.9,25698.2,25700.4,79
1783419840,25699.4,25700.4,25687.4,25687.9,110
1783419900,25687.4,25687.4,25679.9,25684.4,78
1783419960,25684.9,25686.4,25676.9,25677.9,85
1783420020,25679.4,25682.4,25678.4,25681.4,130
1783420080,25680.9,25682.4,25676.9,25676.9,70
1783420140,25677.9,25680.4,25670.7,25674.4,87
1783420200,25673.9,25676.4,25667.7,25672.4,125
1783420260,25671.9,25675.9,25670.4,25675.4,106
1783420320,25674.9,25679.9,25671.4,25671.9,130
1783420380,25671.4,25672.4,25666.9,25666.9,98
1783420440,25667.4,25672.4,25666.4,25672.4,94
1783420500,25671.4,25671.9,25667.9,25670.9,120
1783420560,25670.4,25670.9,25657.9,25661.4,83
1783420620,25660.9,25663.9,25658.4,25661.9,70
1783420680,25662.4,25663.9,25660.9,25663.9,70
1783420740,25663.4,25669.9,25662.4,25669.9,100
1783420800,25668.9,25670.9,25668.4,25670.9,55
1783420860,25671.4,25676.4,25670.4,25675.4,108
1783420920,25674.9,25675.9,25667.9,25669.9,108
1783420980,25669.4,25673.4,25667.4,25670.4,116
1783421040,25670.9,25672.4,25668.9,25670.4,76
1783421100,25671.4,25671.9,25666.4,25668.9,92
1783421160,25668.4,25670.4,25660.4,25660.9,120
1783421220,25660.4,25660.9,25655.9,25656.7,121
1783421280,25657.2,25659.9,25657.2,25659.9,115
1783421340,25659.4,25659.9,25652.9,25658.9,96
1783421400,25659.4,25659.4,25655.4,25658.4,102
1783421460,25658.9,25666.9,25658.9,25666.9,126
1783421520,25665.4,25666.4,25658.4,25661.9,124
1783421580,25663.4,25664.9,25659.4,25660.4,104
1783421640,25659.9,25661.9,25657.4,25657.4,78
1783421700,25656.9,25660.4,25653.9,25656.4,129
1783421760,25655.4,25663.4,25653.4,25663.4,119
1783421820,25664.4,25670.9,25664.4,25669.4,70
1783421880,25668.9,25669.9,25665.4,25666.9,80
1783421940,25668.4,25671.9,25665.9,25668.9,56
1783422000,25668.4,25668.4,25661.4,25663.4,86
1783422060,25663.9,25666.9,25659.4,25660.9,122
1783422120,25661.4,25663.4,25658.4,25658.9,172
1783422180,25659.4,25661.4,25656.4,25660.4,124
1783422240,25660.9,25665.4,25660.4,25664.9,92
1783422300,25667.4,25669.4,25661.9,25665.9,144
1783422360,25665.4,25675.4,25664.9,25667.4,97
1783422420,25666.9,25673.4,25666.4,25667.4,120
1783422480,25666.9,25670.4,25664.4,25667.9,76
1783422540,25666.4,25671.9,25664.4,25667.4,88
1783422600,25666.9,25673.4,25665.4,25673.4,129
1783422660,25673.4,25673.4,25667.9,25669.9,66
1783422720,25670.4,25676.9,25667.4,25667.9,108
1783422780,25666.9,25671.9,25666.4,25666.4,80
1783422840,25666.9,25667.9,25659.2,25661.9,83
1783422900,25662.9,25662.9,25658.9,25661.4,94
1783422960,25661.9,25664.4,25656.9,25658.4,130
1783423020,25658.9,25660.4,25656.9,25656.9,72
1783423080,25658.4,25673.4,25658.4,25671.9,92
1783423140,25671.4,25676.4,25670.9,25676.4,106
1783423200,25675.9,25680.4,25674.9,25677.9,100
1783423260,25677.4,25678.9,25674.9,25676.4,102
1783423320,25675.9,25675.9,25669.4,25673.4,98
1783423380,25672.9,25675.4,25672.4,25673.4,58
1783423440,25672.9,25673.4,25665.4,25665.4,78
1783423500,25665.9,25666.4,25655.9,25658.9,136
1783423560,25659.4,25659.4,25650.9,25655.9,120
1783423620,25656.4,25658.9,25652.9,25657.9,82
1783423680,25658.4,25658.4,25650.9,25650.9,56
1783423740,25651.4,25653.4,25647.9,25651.4,128
1783423800,25651.9,25659.4,25648.9,25651.9,148
1783423860,25652.4,25652.9,25647.9,25648.4,108
1783423920,25647.9,25651.9,25645.4,25649.4,122
1783423980,25649.9,25652.9,25648.9,25651.4,86
1783424040,25652.4,25655.4,25647.4,25647.9,120
1783424100,25647.4,25653.4,25643.9,25650.4,120
1783424160,25649.9,25656.9,25649.4,25649.4,104
1783424220,25650.4,25650.4,25645.9,25646.4,106
1783424280,25645.9,25646.9,25643.2,25646.4,81
1783424340,25645.9,25651.9,25644.9,25649.4,110
1783424400,25648.4,25650.4,25644.9,25649.4,98
1783424460,25648.9,25649.9,25645.9,25647.9,98
1783424520,25647.4,25652.9,25646.9,25652.4,74
1783424580,25652.9,25654.9,25651.4,25652.9,36
1783424640,25655.4,25655.4,25649.4,25650.4,136
1783424700,25650.9,25654.9,25643.9,25646.9,96
1783424760,25646.4,25651.4,25646.4,25649.9,95
1783424820,25649.4,25649.9,25644.4,25644.9,98
1783424880,25644.4,25644.9,25636.9,25639.4,90
1783424940,25638.4,25639.4,25632.9,25633.9,89
1783425000,25633.4,25640.4,25632.9,25638.4,130
1783425060,25639.9,25639.9,25632.9,25635.9,112
1783425120,25636.9,25641.4,25625.4,25628.9,144
1783425180,25628.4,25636.4,25622.7,25636.4,199
1783425240,25636.4,25642.9,25635.4,25637.9,172
1783425300,25638.4,25642.4,25635.9,25637.9,154
1783425360,25638.4,25647.4,25637.4,25644.9,96
1783425420,25645.4,25650.9,25643.9,25650.9,92
1783425480,25651.4,25653.9,25646.9,25652.4,110
1783425540,25652.9,25652.9,25643.9,25645.4,148
1783425600,25645.9,25654.9,25641.9,25644.4,102
1783425660,25644.9,25648.4,25641.4,25641.9,138
1783425720,25640.9,25649.4,25640.4,25645.9,138
1783425780,25645.4,25645.4,25640.4,25641.9,56
1783425840,25641.4,25645.4,25639.4,25642.4,112
1783425900,25642.9,25647.4,25639.9,25646.4,122
1783425960,25646.9,25660.9,25646.4,25660.9,128
1783426020,25660.4,25661.9,25655.4,25656.9,114
1783426080,25657.4,25658.4,25648.9,25652.4,114
1783426140,25651.9,25652.4,25642.4,25643.9,104
1783426200,25644.9,25658.4,25644.9,25652.9,169
1783426260,25654.4,25657.4,25649.4,25651.4,112
1783426320,25651.9,25655.4,25651.9,25652.9,88
1783426380,25653.4,25656.4,25650.4,25651.4,94
1783426440,25652.4,25652.4,25645.9,25646.4,98
1783426500,25649.4,25653.4,25645.4,25648.4,114
1783426560,25646.4,25647.4,25644.9,25647.4,106
1783426620,25648.4,25659.4,25648.4,25658.9,107
1783426680,25659.9,25669.9,25658.9,25667.9,104
1783426740,25668.4,25673.4,25666.2,25669.4,123
1783426800,25668.9,25672.4,25662.2,25671.9,125
1783426860,25672.4,25672.9,25664.4,25665.4,154
1783426920,25664.9,25665.4,25660.4,25664.4,105
1783426980,25663.9,25672.9,25663.9,25672.9,122
1783427040,25673.9,25681.4,25673.9,25681.4,88
1783427100,25680.4,25691.4,25680.4,25689.9,76
1783427160,25691.4,25694.4,25687.4,25693.4,128
1783427220,25691.4,25691.4,25687.9,25688.4,124
1783427280,25687.4,25690.4,25685.4,25689.9,112
1783427340,25689.4,25689.4,25682.2,25685.9,90
1783427400,25687.9,25688.4,25681.4,25686.9,126
1783427460,25686.4,25686.9,25672.4,25675.4,118
1783427520,25674.9,25674.9,25670.4,25671.9,83
1783427580,25672.9,25683.4,25672.9,25681.9,148
1783427640,25681.4,25686.4,25678.4,25684.9,128
1783427700,25685.4,25687.4,25679.9,25685.4,104
1783427760,25686.4,25696.4,25685.4,25693.7,124
1783427820,25693.2,25702.9,25693.2,25701.9,98
1783427880,25702.4,25706.4,25702.4,25706.4,98
1783427940,25705.9,25707.9,25692.7,25693.7,112
1783428000,25694.2,25694.2,25685.9,25686.9,163
1783428060,25686.4,25686.9,25678.4,25682.9,174
1783428120,25681.4,25688.4,25679.9,25684.4,126
1783428180,25684.9,25686.9,25683.4,25684.4,98
1783428240,25683.4,25686.4,25680.7,25684.4,108
1783428300,25684.9,25685.9,25679.9,25684.4,120
1783428360,25683.9,25684.4,25674.4,25674.9,92
1783428420,25676.9,25676.9,25670.4,25675.4,84
1783428480,25676.4,25676.4,25659.4,25659.9,150
1783428540,25659.4,25665.4,25657.4,25659.4,118
1783428600,25658.9,25660.4,25650.9,25651.4,142
1783428660,25650.9,25651.4,25645.9,25649.4,98
1783428720,25649.9,25650.4,25645.4,25645.9,110
1783428780,25645.4,25648.4,25642.9,25645.4,146
1783428840,25645.9,25646.9,25641.9,25645.4,148
1783428900,25646.4,25649.4,25643.9,25648.4,150
1783428960,25649.4,25659.9,25647.4,25659.4,140
1783429020,25658.4,25660.4,25654.4,25659.9,146
1783429080,25659.4,25661.9,25656.4,25658.4,90
1783429140,25657.9,25663.4,25654.9,25660.4,112
1783429200,25659.9,25660.9,25649.4,25654.4,176
1783429260,25652.9,25657.4,25649.9,25656.4,98
1783429320,25656.9,25657.4,25650.9,25652.4,136
1783429380,25651.9,25661.4,25651.9,25658.9,118
1783429440,25658.4,25658.4,25648.4,25649.4,116
1783429500,25648.9,25650.9,25638.4,25640.9,146
1783429560,25642.4,25647.4,25640.4,25647.4,156
1783429620,25648.4,25654.4,25647.4,25653.4,110
1783429680,25654.4,25658.4,25652.4,25652.9,120
1783429740,25651.4,25653.4,25646.4,25650.4,116
1783429800,25649.9,25650.4,25643.9,25646.4,146
1783429860,25645.9,25653.4,25644.9,25649.9,124
1783429920,25649.4,25659.9,25649.4,25659.4,134
1783429980,25658.9,25665.9,25658.4,25665.4,68
1783430040,25664.9,25674.9,25664.4,25670.9,132
1783430100,25669.4,25669.4,25659.9,25659.9,98
1783430160,25660.9,25667.9,25660.4,25660.9,118
1783430220,25661.9,25662.9,25656.4,25661.9,144
1783430280,25661.4,25664.4,25657.9,25661.9,116
1783430340,25662.4,25662.9,25657.4,25659.4,141
1783430400,25658.9,25670.4,25658.4,25670.4,138
1783430460,25669.4,25672.9,25663.9,25664.9,142
1783430520,25664.4,25671.4,25658.4,25664.9,207
1783430580,25664.4,25667.9,25660.4,25662.4,152
1783430640,25661.9,25667.9,25661.9,25666.4,96
1783430700,25665.9,25673.4,25664.4,25672.4,182
1783430760,25671.4,25677.4,25665.4,25668.4,148
1783430820,25667.9,25669.4,25654.9,25654.9,148
1783430880,25655.4,25656.4,25648.9,25648.9,140
1783430940,25649.4,25651.9,25648.9,25650.9,110
1783431000,25651.4,25661.4,25642.4,25643.4,298
1783431060,25642.9,25649.4,25642.4,25647.4,246
1783431120,25646.4,25650.9,25638.9,25643.9,200
1783431180,25644.4,25650.9,25638.4,25643.4,218
1783431240,25643.9,25647.9,25631.4,25633.9,246
1783431300,25634.4,25634.9,25616.4,25618.4,186
1783431360,25617.4,25629.4,25617.4,25619.9,272
1783431420,25621.4,25624.9,25616.4,25618.4,234
1783431480,25617.9,25620.4,25615.9,25619.9,188
1783431540,25621.9,25627.4,25616.9,25620.4,234
1783431600,25619.4,25626.4,25613.4,25621.9,238
1783431660,25622.4,25631.4,25620.4,25628.9,266
1783431720,25629.4,25641.4,25628.4,25634.9,208
1783431780,25636.4,25643.9,25631.9,25640.9,194
1783431840,25642.4,25643.9,25635.4,25639.4,170
1783431900,25637.9,25642.4,25633.9,25639.9,242
1783431960,25639.4,25639.9,25618.4,25620.4,230
1783432020,25619.4,25620.9,25605.4,25605.4,188
1783432080,25604.9,25612.9,25597.9,25598.4,206
1783432140,25599.4,25607.4,25596.4,25598.4,226
1783432200,25596.4,25601.9,25585.4,25587.4,247
1783432260,25587.9,25590.9,25573.4,25576.9,208
1783432320,25577.9,25583.9,25575.4,25577.4,238
1783432380,25578.4,25578.9,25571.4,25573.4,194
1783432440,25574.9,25581.4,25569.4,25578.9,210
1783432500,25579.4,25580.4,25555.9,25563.4,220
1783432560,25562.9,25566.4,25556.4,25561.4,234
1783432620,25562.4,25568.9,25552.9,25555.4,222
1783432680,25555.9,25556.4,25541.9,25541.9,251
1783432740,25543.4,25564.9,25543.4,25559.9,278
1783432800,25562.4,25565.4,25550.4,25555.4,276
1783432860,25555.9,25559.4,25539.4,25545.9,216
1783432920,25546.4,25554.9,25544.9,25552.9,230
1783432980,25554.4,25559.4,25537.4,25540.9,240
1783433040,25539.4,25539.4,25518.9,25527.9,200
1783433100,25528.4,25539.4,25525.7,25539.4,266
1783433160,25538.9,25547.9,25537.9,25545.9,246
1783433220,25546.4,25546.4,25526.4,25528.9,183
1783433280,25528.4,25531.4,25518.4,25520.9,236
1783433340,25519.4,25533.4,25518.4,25529.9,208
1783433400,25530.4,25531.4,25511.9,25513.4,220
1783433460,25514.4,25518.4,25507.9,25512.4,204
1783433520,25511.9,25515.4,25500.7,25500.7,184
1783433580,25501.2,25512.4,25500.7,25509.4,224
1783433640,25508.4,25509.4,25499.4,25500.4,228
1783433700,25499.4,25505.4,25490.4,25503.9,244
1783433760,25502.9,25506.4,25491.4,25500.4,248
1783433820,25500.9,25506.4,25496.4,25500.4,224
1783433880,25500.9,25520.9,25500.4,25517.9,218
1783433940,25517.4,25530.9,25510.4,25528.9,233
1783434000,25529.9,25538.4,25523.4,25525.9,268
1783434060,25525.4,25525.9,25510.4,25518.9,210
1783434120,25518.4,25521.4,25505.4,25509.9,224
1783434180,25508.9,25509.9,25499.9,25508.4,264
1783434240,25507.9,25514.4,25506.4,25513.4,204
1783434300,25515.4,25515.4,25504.9,25505.4,226
1783434360,25504.9,25511.9,25502.4,25507.9,206
1783434420,25507.4,25524.4,25506.9,25523.4,248
1783434480,25523.9,25528.9,25519.4,25525.9,234
1783434540,25525.4,25529.9,25523.9,25528.9,239
1783434600,25528.4,25533.9,25524.4,25529.9,242
1783434660,25530.4,25537.4,25522.4,25525.9,232
1783434720,25526.9,25526.9,25512.9,25524.4,202
1783434780,25525.4,25530.4,25509.9,25514.9,200
1783434840,25513.4,25515.4,25504.4,25504.4,164
1783434900,25502.9,25504.4,25494.4,25497.9,144
1783434960,25497.4,25504.4,25495.4,25503.4,244
1783435020,25502.9,25504.4,25492.9,25496.4,204
1783435080,25496.9,25502.4,25491.4,25498.4,174
1783435140,25497.9,25502.4,25492.4,25501.9,208
1783435200,25502.4,25512.4,25501.9,25511.9,202
1783435260,25511.4,25512.4,25493.9,25494.9,166
1783435320,25494.4,25511.9,25487.9,25510.4,208
1783435380,25509.9,25509.9,25492.4,25496.4,214
1783435440,25497.4,25500.4,25493.9,25495.4,210
1783435500,25494.4,25501.4,25490.4,25498.4,218
1783435560,25497.9,25501.9,25492.4,25494.4,256
1783435620,25493.9,25503.4,25490.9,25502.4,184
1783435680,25501.9,25507.9,25488.4,25488.4,190
1783435740,25488.9,25500.4,25488.9,25500.4,174
1783435800,25499.9,25507.9,25492.4,25504.4,202
1783435860,25504.9,25507.9,25493.9,25494.9,150
1783435920,25494.4,25497.4,25488.4,25494.9,242
1783435980,25493.4,25496.9,25488.9,25494.4,180
1783436040,25495.4,25495.4,25488.4,25492.4,174
1783436100,25491.9,25505.4,25491.4,25504.9,178
1783436160,25505.4,25512.4,25502.9,25510.4,206
1783436220,25509.9,25514.9,25506.4,25511.9,126
1783436280,25512.9,25513.9,25508.4,25509.9,176
1783436340,25509.4,25520.4,25507.9,25515.4,134
1783436400,25515.9,25517.4,25507.4,25512.9,204
1783436460,25513.4,25516.4,25503.9,25508.4,181
1783436520,25508.9,25509.9,25501.9,25504.4,164
1783436580,25504.9,25505.4,25496.4,25502.9,170
1783436640,25502.4,25509.9,25493.9,25496.9,166
1783436700,25496.4,25496.9,25488.9,25489.4,202
1783436760,25489.9,25497.4,25489.4,25494.9,178
1783436820,25492.9,25500.9,25483.9,25500.9,186
1783436880,25500.4,25509.4,25498.9,25499.4,194
1783436940,25500.4,25504.4,25498.4,25504.4,198
1783437000,25503.4,25505.9,25496.9,25503.4,154
1783437060,25503.9,25512.9,25503.9,25512.9,144
1783437120,25511.9,25512.4,25502.9,25510.4,156
1783437180,25510.9,25515.9,25507.4,25515.9,208
1783437240,25513.4,25513.9,25498.9,25499.9,190
1783437300,25500.9,25503.9,25493.4,25503.9,146
1783437360,25504.4,25505.9,25489.9,25493.9,180
1783437420,25494.4,25497.9,25489.9,25491.9,146
1783437480,25492.4,25495.4,25491.4,25493.9,152
1783437540,25492.4,25494.9,25489.9,25492.9,114
1783437600,25493.4,25499.4,25491.9,25494.4,200
1783437660,25492.4,25497.9,25484.9,25496.9,180
1783437720,25496.4,25498.4,25490.4,25492.4,204
1783437780,25491.9,25498.9,25491.4,25497.9,114
1783437840,25498.4,25498.4,25483.9,25487.9,128
1783437900,25488.4,25493.9,25482.4,25487.4,182
1783437960,25486.9,25487.4,25478.4,25483.9,122
1783438020,25485.4,25486.9,25478.4,25478.4,86
1783438080,25479.9,25482.9,25477.9,25478.9,116
1783438140,25478.4,25498.9,25478.4,25495.9,154
1783438200,25497.9,25499.8,25482.8,25484.3,253
1783438260,25483.8,25486.8,25477.3,25483.3,179
1783438320,25483.8,25490.3,25481.3,25489.3,176
1783438380,25490.3,25496.3,25485.8,25489.3,214
1783438440,25487.8,25491.8,25469.8,25471.3,306
1783438500,25470.8,25482.3,25465.8,25474.3,228
1783438560,25475.3,25486.3,25475.3,25480.8,216
1783438620,25480.3,25481.3,25476.3,25480.3,96
1783438680,25478.8,25479.3,25470.8,25471.8,160
1783438740,25473.3,25475.3,25468.8,25474.8,176
1783438800,25472.8,25473.8,25466.3,25472.8,186
1783438860,25471.8,25474.3,25467.3,25467.3,188
1783438920,25467.8,25470.8,25463.8,25469.3,158
1783438980,25468.8,25471.3,25464.3,25470.3,128
1783439040,25469.8,25479.3,25468.8,25479.3,164
1783439100,25480.3,25494.8,25480.3,25491.2,204
1783439160,25491.7,25497.8,25488.3,25488.8,165
1783439220,25489.3,25501.8,25487.3,25498.3,138
1783439280,25498.8,25502.3,25495.8,25501.3,172
1783439340,25501.8,25503.3,25494.3,25494.3,118
1783439400,25493.3,25506.3,25493.3,25505.3,176
1783439460,25504.3,25507.8,25501.3,25504.3,136
1783439520,25503.3,25514.3,25502.3,25514.3,114
1783439580,25513.8,25514.8,25511.3,25513.8,78
1783439640,25513.3,25515.3,25512.3,25514.8,96
1783439700,25514.3,25515.8,25512.8,25512.8,100
1783439760,25513.3,25513.3,25503.8,25503.8,110
1783439820,25504.3,25509.8,25504.3,25508.8,86
1783439880,25509.3,25510.3,25507.3,25508.8,110
1783439940,25509.3,25510.3,25504.8,25507.8,84
1783440000,25508.3,25514.8,25504.8,25514.8,132
1783440060,25513.3,25519.8,25513.3,25518.8,76
1783440120,25518.3,25523.3,25516.8,25519.8,138
1783440180,25519.3,25523.3,25517.3,25523.3,148
1783440240,25522.8,25523.3,25516.3,25519.3,132
1783440300,25518.8,25522.3,25515.3,25522.3,142
1783440360,25521.8,25523.3,25516.8,25517.3,118
1783440420,25516.3,25517.8,25511.3,25512.3,72
1783440480,25512.8,25512.8,25506.3,25508.8,92
1783440540,25508.3,25509.3,25506.8,25508.3,76
1783440600,25509.3,25511.8,25507.8,25507.8,98
1783440660,25507.3,25510.3,25506.3,25510.3,122
1783440720,25511.3,25518.3,25508.8,25517.3,92
1783440780,25516.3,25518.8,25515.3,25518.3,82
1783440840,25517.3,25521.3,25517.3,25520.3,98
1783440900,25519.8,25523.8,25519.8,25523.3,108
1783440960,25522.8,25524.8,25522.3,25522.8,122
1783441020,25523.3,25523.8,25518.8,25520.8,110
1783441080,25521.3,25522.3,25518.3,25519.8,124
1783441140,25519.3,25526.8,25518.8,25526.3,76
1783441200,25526.8,25532.8,25526.8,25530.8,88
1783441260,25531.3,25535.8,25528.8,25535.3,96
1783441320,25534.8,25544.3,25534.8,25541.8,106
1783441380,25541.3,25548.3,25541.3,25545.8,118
1783441440,25547.3,25547.3,25544.8,25544.8,78
1783441500,25545.3,25549.3,25544.8,25546.8,66
1783441560,25547.3,25547.3,25538.8,25543.3,110
1783441620,25542.8,25547.3,25540.8,25546.8,114
1783441680,25545.3,25545.8,25541.3,25543.3,112
1783441740,25542.8,25544.3,25541.8,25541.8,102
1783441800,25540.8,25547.8,25540.3,25543.8,142
1783441860,25543.3,25545.3,25541.3,25544.8,60
1783441920,25543.3,25543.8,25539.8,25540.8,82
1783441980,25540.3,25540.3,25533.8,25533.8,86
1783442040,25534.3,25539.8,25533.8,25536.8,88
1783442100,25537.3,25539.3,25530.3,25530.8,98
1783442160,25530.3,25534.3,25528.8,25529.8,96
1783442220,25529.3,25535.8,25529.3,25534.3,132
1783442280,25533.3,25533.8,25530.3,25532.8,76
1783442340,25531.8,25534.3,25531.8,25533.8,58
1783442400,25533.3,25536.3,25531.3,25531.3,82
1783442460,25531.8,25532.3,25530.3,25531.3,56
1783442520,25530.8,25534.3,25527.8,25531.8,74
1783442580,25532.3,25534.3,25532.3,25533.8,64
1783442640,25533.3,25537.3,25533.3,25536.8,94
1783442700,25537.8,25540.8,25537.3,25540.8,70
1783442760,25540.3,25540.8,25536.8,25540.3,94
1783442820,25540.8,25543.8,25539.3,25540.3,62
1783442880,25540.8,25543.3,25540.8,25541.8,56
1783442940,25542.3,25546.8,25541.8,25546.3,102
1783443000,25545.3,25546.8,25541.8,25546.8,94
1783443060,25545.8,25546.3,25541.3,25544.8,52
1783443120,25543.3,25546.8,25543.3,25545.3,64
1783443180,25544.3,25545.3,25541.8,25543.3,84
1783443240,25542.8,25543.3,25540.8,25542.3,130
1783443300,25542.8,25542.8,25536.3,25542.3,104
1783443360,25541.8,25544.3,25540.3,25542.8,86
1783443420,25542.3,25542.8,25540.3,25540.3,76
1783443480,25539.8,25541.3,25538.3,25541.3,70
1783443540,25540.8,25541.3,25537.3,25541.3,56
1783443600,25540.8,25545.3,25540.3,25542.3,112
1783443660,25542.8,25544.3,25540.3,25541.3,88
1783443720,25542.3,25545.3,25541.3,25541.8,70
1783443780,25542.3,25542.8,25540.8,25540.8,60
1783443840,25539.3,25542.8,25539.3,25542.3,92
1783443900,25542.8,25544.3,25542.3,25542.3,72
1783443960,25542.8,25547.3,25540.8,25546.8,86
1783444020,25547.3,25549.3,25547.3,25548.8,108
1783444080,25549.3,25552.3,25549.3,25550.3,68
1783444140,25550.8,25551.8,25548.8,25550.3,62
1783444200,25549.8,25550.3,25542.3,25543.8,92
1783444260,25543.3,25547.3,25543.3,25546.3,108
1783444320,25546.8,25548.8,25545.8,25547.3,56
1783444380,25547.8,25549.8,25547.8,25548.3,62
1783444440,25547.3,25547.3,25541.3,25542.3,86
1783444500,25543.3,25543.8,25536.3,25539.3,94
1783444560,25538.3,25539.3,25533.3,25533.3,94
1783444620,25533.8,25537.3,25533.8,25534.8,78
1783444680,25532.8,25533.8,25529.8,25529.8,64
1783444740,25530.3,25534.3,25529.8,25531.8,68
1783444800,25532.3,25535.3,25528.8,25530.8,68
1783444860,25531.3,25538.8,25531.3,25538.3,60
1783444920,25538.8,25542.3,25537.8,25539.8,118
1783444980,25539.3,25541.3,25536.3,25540.3,96
1783445040,25540.8,25544.3,25540.8,25541.3,86
1783445100,25540.3,25542.3,25538.3,25540.8,102
1783445160,25540.3,25540.3,25536.8,25537.8,30
1783445220,25537.3,25540.8,25537.3,25538.3,78
1783445280,25538.8,25540.3,25537.3,25539.3,86
1783445340,25539.8,25540.8,25535.3,25536.8,66
1783445400,25538.3,25539.8,25536.3,25539.3,60
1783445460,25539.8,25545.3,25539.3,25545.3,54
1783445520,25544.8,25546.8,25542.3,25543.8,66
1783445580,25543.3,25547.3,25542.3,25547.3,78
1783445640,25546.8,25547.8,25545.3,25545.8,54
1783445700,25546.3,25546.8,25542.3,25545.8,52
1783445760,25546.8,25549.3,25545.8,25546.8,58
1783445820,25546.3,25547.3,25544.3,25544.8,54
1783445880,25544.3,25545.8,25542.3,25542.8,60
1783445940,25544.8,25546.8,25543.8,25546.8,70
1783446000,25544.7,25546.8,25543.2,25546.3,58
1783446060,25546.8,25549.8,25546.8,25548.8,92
1783446120,25549.3,25551.8,25545.7,25548.8,50
1783446180,25549.3,25551.8,25549.3,25550.8,20
1783446240,25551.3,25551.8,25548.3,25551.8,54
1783446300,25550.8,25551.3,25549.3,25551.3,68
1783446360,25550.8,25551.8,25543.8,25544.8,66
1783446420,25545.3,25548.3,25544.8,25544.8,60
1783446480,25545.3,25550.8,25543.8,25550.8,74
1783446540,25550.3,25550.3,25545.3,25546.8,88
1783446600,25547.3,25547.3,25541.3,25541.8,74
1783446660,25542.3,25544.8,25541.8,25544.8,62
1783446720,25545.3,25548.3,25544.8,25547.3,78
1783446780,25547.8,25547.8,25541.3,25541.3,92
1783446840,25541.8,25545.3,25541.3,25544.8,56
1783446900,25545.3,25545.8,25544.8,25544.8,48
1783446960,25545.3,25550.3,25545.3,25549.3,58
1783447020,25548.8,25549.3,25547.3,25547.3,26
1783447080,25546.8,25547.8,25546.3,25546.8,34
1783447140,25547.3,25549.8,25546.8,25548.8,26
1783447200,25549.3,25551.8,25547.3,25547.8,126
1783447260,25547.3,25551.3,25546.8,25549.8,106
1783447320,25550.3,25550.3,25545.3,25545.8,80
1783447380,25546.3,25550.3,25545.3,25549.3,70
1783447440,25548.8,25550.3,25548.3,25549.8,60
1783447500,25550.3,25552.8,25549.8,25552.8,68
1783447560,25551.8,25551.8,25546.3,25549.8,58
1783447620,25548.8,25549.8,25548.3,25548.3,52
1783447680,25548.8,25549.3,25545.8,25546.3,68
1783447740,25546.8,25546.8,25543.8,25545.8,72
1783447800,25546.3,25547.3,25544.3,25546.8,82
1783447860,25547.3,25547.8,25546.3,25546.8,50
1783447920,25547.3,25549.8,25547.3,25549.3,32
1783447980,25549.8,25549.8,25548.8,25548.8,42
1783448040,25549.3,25549.8,25548.8,25549.3,50
1783448100,25548.8,25552.5,25547.8,25552,66
1783448160,25551.5,25552,25547,25550.5,70
1783448220,25551,25551.5,25548.5,25551,80
1783448280,25551.5,25552.5,25551,25552,32
1783448340,25551,25553.5,25546.5,25551,76
1783448400,25550.5,25551,25547.5,25548.5,58
1783448460,25549,25551,25548,25549.5,62
1783448520,25550,25550.5,25544,25550,70
1783448580,25549.5,25553,25549.5,25551.5,76
1783448640,25551,25551,25549.5,25550,54
1783448700,25550.5,25551,25545.5,25548,60
1783448760,25548.5,25549.5,25544.5,25545.5,48
1783448820,25545,25547.5,25544.5,25545.5,72
1783448880,25546,25547,25544.5,25545.5,56
1783448940,25545,25546.5,25545,25545.5,82
1783449000,25546,25547.5,25535,25541.5,136
1783449060,25541,25542.5,25539.5,25540.5,86
1783449120,25540,25540.5,25536.5,25536.5,72
1783449180,25537.5,25537.5,25533.5,25534,52
1783449240,25535,25538,25535,25535.5,36
1783449300,25535,25539,25532.5,25539,90
1783449360,25539.5,25541,25535.5,25538,88
1783449420,25538.5,25541,25538.5,25539.5,22
1783449480,25539,25542,25539,25541.5,50
1783449540,25542,25542,25540,25542,36
1783449600,25541.5,25542,25536.5,25537,44
1783449660,25537.5,25538.5,25530.5,25532,58
1783449720,25532.5,25532.5,25527.5,25528.5,56
1783449780,25528,25531.5,25527.5,25531,100
1783449840,25531.5,25535.5,25530.5,25535.5,90
1783449900,25536,25539,25533.5,25537,78
1783449960,25535.5,25537,25533,25534.5,86
1783450020,25535.5,25536.5,25534.5,25536.5,66
1783450080,25536,25538.5,25530.5,25532.5,158
1783450140,25530.5,25531,25503,25516.5,272
1783450200,25517,25521,25510.5,25511,184
1783450260,25511.5,25512.5,25498.5,25508.5,240
1783450320,25509.5,25509.5,25503.5,25505.5,174
1783450380,25504.5,25506.5,25499,25501.5,132
1783450440,25500.5,25509,25498.5,25504.5,200
1783450500,25505,25505.5,25497.5,25500,172
1783450560,25500.5,25508,25498.5,25508,155
1783450620,25507.5,25508.5,25499.5,25502.5,140
1783450680,25503,25507,25501.5,25502.5,126
1783450740,25502,25503.5,25497,25499,124
1783450800,25499.5,25503,25486,25488,212
1783450860,25488.5,25488.5,25478,25484.5,216
1783450920,25483.5,25490,25483.5,25486,138
1783450980,25486.5,25489,25483.5,25483.5,140
1783451040,25484,25487.5,25481.5,25487,196
1783451100,25487.5,25492.5,25481.5,25490.5,162
1783451160,25489.5,25494.5,25484.5,25484.5,160
1783451220,25483.5,25483.5,25473,25473,185
1783451280,25473.5,25475,25467.5,25468.5,118
1783451340,25467,25469,25465.5,25466.5,142
1783451400,25465.5,25466.5,25453.5,25456,160
1783451460,25456.5,25460,25453,25456.5,140
1783451520,25456,25456.5,25451.5,25454.5,94
1783451580,25454,25460,25451.5,25457.5,146
1783451640,25458.5,25459,25452.5,25455,116
1783451700,25455.5,25455.5,25443.5,25444.5,152
1783451760,25444,25444,25439,25440,100
1783451820,25439.5,25445,25435,25435,152
1783451880,25434,25434.5,25411,25412.5,222
1783451940,25413.5,25438,25413.5,25435.5,204
1783452000,25437.5,25445,25429,25437,272
1783452060,25436.5,25445.5,25436.5,25442,204
1783452120,25442.5,25452.5,25441.5,25450,170
1783452180,25451.5,25457.5,25451,25454.5,100
1783452240,25454,25457.5,25449.5,25456,136
1783452300,25456.5,25457.5,25445.5,25455,136
1783452360,25453.5,25456.5,25451.5,25454.5,106
1783452420,25454,25462.5,25453.5,25455.5,146
1783452480,25456.5,25459.5,25452.5,25455.5,132
1783452540,25455,25457.5,25450.5,25452,128
1783452600,25452.5,25457.5,25449.5,25455,188
1783452660,25454.5,25457,25448.5,25453,148
1783452720,25454.5,25454.5,25450.5,25452,150
1783452780,25451.5,25456.5,25451,25453.5,124
1783452840,25452.5,25457,25450.5,25452,108
1783452900,25451.5,25453,25449,25451,118
1783452960,25451.5,25452.5,25447,25447.5,106
1783453020,25447,25449.5,25445,25447,118
1783453080,25447.5,25456,25445.5,25449.5,146
1783453140,25449,25449.5,25445.5,25448.5,110
1783453200,25448,25448.5,25443,25444.5,114
1783453260,25444,25445,25441,25445,128
1783453320,25444.5,25446.5,25440.5,25442.5,102
1783453380,25442,25446.5,25440.5,25445,74
1783453440,25447.5,25450.5,25445.5,25446.5,94
1783453500,25447,25451,25444,25451,90
1783453560,25450.5,25453,25445,25446,112
1783453620,25444.5,25445.5,25439.5,25442,104
1783453680,25441.5,25449.5,25440.5,25444,106
1783453740,25445.5,25449.5,25444.5,25445.5,82
1783453800,25446.5,25451.5,25439.5,25445,152
1783453860,25443.5,25445.5,25438.5,25443,126
1783453920,25440.5,25444,25439.5,25442.5,118
1783453980,25441.5,25447,25441,25443,108
1783454040,25443.5,25453,25443.5,25451.5,136
1783454100,25454,25461.5,25451.5,25460.5,170
1783454160,25458.5,25460.5,25456.5,25457,140
1783454220,25456.5,25460,25454.5,25458.5,112
1783454280,25454,25460,25453.5,25455.5,142
1783454340,25456,25469,25451,25468,210
1783454400,25466,25471.6,25452.5,25460.9,301
1783454460,25461.6,25461.9,25453.2,25455.1,175
1783454520,25454.9,25462.8,25454.9,25460.8,133
1783454580,25460.6,25463.7,25457.2,25458.7,142
1783454640,25459.2,25464.7,25458.9,25464.7,92
1783454700,25465.4,25466.1,25458.2,25458.4,146
1783454760,25458.2,25459.9,25455.3,25457.7,116
1783454820,25457.2,25462,25455.1,25461.6,118
1783454880,25462,25468.8,25461.8,25468.1,112
1783454940,25467.8,25469.8,25466.9,25469,66
1783455000,25468.5,25468.5,25462,25464.5,132
1783455060,25464.2,25467.8,25464.2,25467.1,80
1783455120,25467.3,25467.8,25455.1,25456,80
1783455180,25456.8,25470.1,25451,25470.1,114
1783455240,25469.6,25470.4,25455.6,25460.9,112
1783455300,25459.9,25465,25458.7,25464.5,91
1783455360,25464.3,25465.9,25463.1,25463.5,74
1783455420,25464,25467.9,25461.9,25462.1,43
1783455480,25468.1,25468.1,25451.3,25455.8,125
1783455540,25456.1,25459,25454.6,25458,62
1783455600,25457.8,25460.9,25456.1,25457.3,46
1783455660,25457.5,25459.2,25456.1,25458.5,54
1783455720,25458.7,25459.2,25455.6,25456.6,56
1783455780,25457,25458.2,25456.3,25456.6,70
1783455840,25455.8,25458.5,25453.9,25456.1,42
1783455900,25455.6,25458.5,25455.6,25457.3,46
1783455960,25458.2,25461.9,25457.8,25460.6,44
1783456020,25460.4,25460.4,25456.1,25456.3,32
1783456080,25455.6,25457,25453.2,25454.1,66
1783456140,25454.4,25456.1,25454.1,25455.4,36
1783456200,25455.6,25456.6,25454.6,25454.6,38
1783456260,25454.9,25459.3,25452.7,25453.3,41
1783456320,25454.2,25462.6,25454.2,25461.4,37
1783456380,25461.2,25462.9,25459.5,25460.7,54
1783456440,25459.8,25462.4,25459.3,25459.3,32
1783456500,25458.8,25461.7,25458.8,25461.4,32
1783456560,25461.7,25463.6,25460.7,25463.6,52
1783456620,25463.8,25464.3,25462.9,25462.9,30
1783456680,25462.2,25463.6,25462.2,25463.4,14
1783456740,25463.1,25463.8,25461.7,25463.8,22
1783456800,25464.1,25464.6,25462.2,25462.2,34
1783456860,25462.4,25462.9,25460.7,25461.7,20
1783456920,25462.4,25464.3,25461.9,25462.2,26
1783456980,25461.7,25464.1,25461.7,25463.6,18
1783457040,25462.6,25462.6,25460,25460.5,26
1783457100,25460,25463.1,25460,25461.9,40
1783457160,25462.6,25462.6,25461.2,25461.4,28
1783457220,25461.9,25461.9,25460.5,25460.5,42
1783457280,25460.2,25460.7,25459.3,25459.3,30
1783457340,25459.5,25460.2,25459,25459.8,24
1783457400,25460,25463.8,25459.8,25459.8,46
1783457460,25459.3,25461.4,25459,25461.2,30
1783457520,25462.4,25467.9,25462.4,25467.9,34
1783457580,25468.2,25468.2,25467.7,25467.7,18
1783457640,25467,25467,25466,25466.5,8
1783457700,25467,25467.9,25466.7,25467.5,30
1783457760,25467,25468.4,25466.7,25468.4,28
1783457820,25468.7,25469.1,25463.1,25465,44
1783457880,25464.8,25467.5,25464.6,25466.3,50
1783461720,25436.6,25440,25433.7,25440,152
1783461780,25439.5,25443.1,25437.1,25439.2,210
1783461840,25438.8,25439.2,25433.5,25435.9,136
1783461900,25437.1,25439,25429.4,25430.3,144
1783461960,25430.6,25434.7,25429.6,25429.9,102
1783462020,25430.1,25431.1,25429.6,25431.1,54
1783462080,25432.7,25437.3,25432.7,25435.2,120
1783462140,25434.9,25435.6,25429.4,25429.4,92
1783462200,25429.6,25432.5,25427.2,25432.5,56
1783462260,25431.5,25432.7,25430.8,25432.7,28
1783462320,25433.5,25434,25432.7,25432.7,60
1783462380,25431.3,25438.2,25431.3,25436.7,102
1783462440,25436.5,25437.4,25434.3,25437.2,84
1783462500,25436.9,25439.4,25436,25438.6,90
1783462560,25438.9,25440.8,25438.9,25440.8,36
1783462620,25441.8,25441.8,25439.8,25440.3,28
1783462680,25440.1,25440.6,25439.4,25440.6,22
1783462740,25440.8,25442.2,25439.8,25442.2,34
1783462800,25442.7,25443.2,25439.1,25439.4,68
1783462860,25439.6,25440.8,25438.9,25439.1,68
1783462920,25438.9,25441.8,25438.4,25440.8,56
1783462980,25441.3,25441.8,25439.8,25440.8,40
1783463040,25440.3,25442.2,25438.9,25442.2,50
1783463100,25442,25442,25432,25433,50
1783463160,25432.8,25433,25431.6,25431.6,26
1783463220,25431.8,25434.5,25430.6,25434.5,32
1783463280,25434.7,25436.4,25434.5,25434.5,34
1783463340,25434.9,25435.9,25433.7,25434.9,56
1783463400,25435.4,25435.4,25431.6,25434,44
1783463460,25433,25434.7,25432.3,25434.7,32
1783463520,25434.9,25435.9,25434.7,25435.9,30
1783463580,25435.4,25435.9,25434,25435.4,62
1783463640,25435.2,25439.3,25434,25438.3,80
1783463700,25438.1,25439.8,25437.3,25438.3,78
1783463760,25437.8,25439,25436.9,25436.9,88
1783463820,25436.4,25436.4,25434.2,25434.2,38
1783463880,25439.5,25441.4,25439.5,25439.7,28
1783463940,25439.2,25439.2,25431.8,25434.4,60
1783464000,25434.9,25440,25432.5,25439.7,76
1783464060,25438.5,25438.8,25435.6,25437.1,62
1783464120,25436.6,25439.5,25436.4,25438.5,90
1783464180,25439,25439,25435.6,25437.1,74
1783464240,25437.3,25438.1,25436.6,25436.6,40
1783464300,25437.1,25439.5,25434,25439.3,58
1783464360,25438.8,25439.5,25437.1,25439,42
1783464420,25437.6,25440,25437.1,25438.5,60
1783464480,25438.3,25440.9,25436.1,25440.9,42
1783464540,25441.4,25442.9,25440.7,25441.9,36
1783464600,25441.4,25442.6,25441.4,25442.1,22
1783464660,25442.4,25443.4,25442.4,25442.9,16
1783464720,25443.4,25443.4,25439.3,25439.5,40
1783464780,25439.3,25445.3,25439.3,25444.8,60
1783464840,25444.3,25444.8,25443.6,25443.8,58
1783464900,25444.1,25447.4,25441,25442.2,72
1783464960,25442,25443.2,25441.7,25441.7,60
1783465020,25440.7,25441.2,25436.4,25436.4,48
1783465080,25436.9,25437.9,25436.4,25437.9,64
1783465140,25437.4,25439.5,25436.4,25436.4,52
1783465200,25436.7,25440.5,25436.2,25437.1,88
1783465260,25437.6,25439.8,25436.2,25439.3,54
1783465320,25439.8,25442.7,25436.4,25442.2,42
1783465380,25441.8,25441.8,25436.7,25438.6,60
1783465440,25438.4,25438.9,25436.9,25438.9,42
1783465500,25439.6,25440.3,25437.9,25439.4,76
1783465560,25439.6,25440.8,25437.9,25437.9,72
1783465620,25438.1,25438.9,25436.9,25437.2,48
1783465680,25436.9,25440.6,25436.5,25440.6,70
1783465740,25440.3,25440.3,25437.4,25437.9,60
1783465800,25438.1,25439.4,25436.7,25436.7,46
1783465860,25436.9,25436.9,25433.6,25435,70
1783465920,25434.8,25435.5,25434.1,25434.5,34
1783465980,25434.8,25439.6,25434.8,25439.4,34
1783466040,25438.9,25441.3,25438.9,25440.8,54
1783466100,25440.6,25440.8,25440.3,25440.8,30
1783466160,25439.8,25443.9,25439.8,25442.7,34
1783466220,25443.2,25450.9,25442.7,25449.2,76
1783466280,25449.5,25453.3,25448.7,25451.9,74
1783466340,25452.8,25454.8,25452.3,25453.3,60
1783466400,25452.1,25453.8,25452.1,25452.3,68
1783466460,25451.9,25451.9,25449.9,25449.9,30
1783466520,25450.2,25451.1,25449,25450.4,60
1783466580,25449.9,25449.9,25448,25448.5,22
1783466640,25447.5,25450.5,25444.6,25450.3,36
1783466700,25449.8,25451,25449.3,25449.8,46
1783466760,25450,25450,25448.1,25449.1,32
1783466820,25448.8,25449.5,25447.6,25448.3,20
1783466880,25448.6,25449.5,25446.4,25448.1,44
1783466940,25447.9,25453.6,25447.9,25452.9,28
1783467000,25453.1,25455.3,25452.2,25454.1,38
1783467060,25453.6,25454.6,25450.3,25451,42
1783467120,25450.7,25450.7,25447.4,25447.4,74
1783467180,25447.6,25449.5,25447.4,25449.1,70
1783467240,25449.3,25449.8,25448.8,25448.8,32
1783467300,25448.3,25451.2,25446.9,25449.3,60
1783467360,25448.6,25449.3,25441.4,25449.1,66
1783467420,25449.3,25449.8,25442.8,25442.8,54
1783467480,25443,25443,25436.5,25436.7,56
1783467540,25437,25438.9,25436,25438.9,86
1783467600,25439.2,25439.2,25434.3,25437.7,90
1783467660,25438,25438.4,25436.7,25437.5,58
1783467720,25437.2,25437.2,25435.8,25436.7,38
1783467780,25437,25438.4,25432.9,25433.6,96
1783467840,25433.4,25436.5,25433.4,25436,34
1783467900,25436.3,25440.4,25432.9,25438.9,142
1783467960,25438.7,25439.4,25426.8,25434,141
1783468020,25434.5,25437.4,25429.7,25436.9,133
1783468080,25436.4,25438.8,25422.2,25430.7,122
1783468140,25430.2,25430.2,25421.3,25426.6,90
1783468200,25427.5,25431.1,25423.1,25424.1,109
1783468260,25424.6,25430.6,25415.6,25419.7,80
1783468320,25419.2,25423.1,25418.7,25421.1,74
1783468380,25421.6,25421.6,25418.2,25419,54
1783468440,25419.2,25419.4,25414.6,25418.2,78
1783468500,25418.7,25418.7,25416.6,25416.8,74
1783468560,25417,25417.8,25414.9,25414.9,62
1783468620,25415.1,25416.6,25412.7,25413.4,72
1783468680,25413.2,25415.4,25409.3,25410.1,114
1783468740,25410.5,25412,25409.1,25411.3,132
1783468800,25410.8,25414.9,25388.9,25389.6,293
1783468860,25389.3,25393.2,25382.3,25383.5,210
1783468920,25384,25385.5,25377.5,25380.6,236
1783468980,25379.9,25391.7,25379,25390,240
1783469040,25389.5,25402.5,25389.5,25402.3,232
1783469100,25401.8,25406.2,25389.4,25405.5,241
1783469160,25405.7,25413.2,25401.2,25403.6,284
1783469220,25404,25411.5,25403.1,25405,288
1783469280,25404.5,25409.3,25402.1,25404.5,292
1783469340,25404,25409.1,25402.8,25408.1,260
1783469400,25407.6,25412.2,25402.8,25412.2,234
1783469460,25412.7,25413.4,25409.5,25412.7,220
1783469520,25412.2,25413.9,25403.4,25405.5,236
1783469580,25406.7,25415.2,25400.5,25414.7,242
1783469640,25415,25416.7,25411.4,25413.1,212
1783469700,25413.5,25413.5,25413.5,25413.5,2
1783469760,25440.8,25446.3,25430.8,25438.8,118
1783469820,25439.8,25439.8,25427.3,25430.3,116
1783469880,25428.8,25428.8,25416.3,25419.8,46
1783469940,25419.3,25431.8,25418.3,25430.3,96
1783470000,25429.3,25437.3,25427.3,25429.3,100
1783470060,25428.3,25437.8,25427.8,25437.8,74
1783470120,25436.8,25451.8,25435.3,25448.8,88
1783470180,25447.8,25458.3,25447.3,25457.3,122
1783470240,25458.3,25469.3,25458.3,25468.3,64
1783470300,25469.3,25474.8,25464.3,25468.8,80
1783470360,25468.3,25473.3,25467.3,25473.3,36
1783470420,25476.8,25478.8,25473.8,25475.8,74
1783470480,25474.8,25475.3,25471.3,25471.3,92
1783470540,25471.8,25475.8,25461.8,25469.8,90
1783470600,25469.3,25469.3,25458.3,25460.8,130
1783470660,25458.8,25468.8,25458.3,25466.8,80
1783470720,25465.3,25466.8,25458.3,25461.8,92
1783470780,25460.8,25465.3,25454.8,25455.3,136
1783470840,25456.3,25456.3,25447.3,25449.3,128
1783470900,25450.3,25451.8,25445.3,25446.8,120
1783470960,25446.3,25457.8,25446.3,25457.8,88
1783471020,25455.3,25460.8,25455.3,25457.3,72
1783471080,25458.8,25469.3,25456.3,25469.3,42
1783471140,25468.8,25471.8,25467.8,25471.3,66
1783471200,25474.8,25475.3,25471.8,25474.3,74
1783471260,25474.8,25478.8,25473.3,25478.8,30
1783471320,25480.3,25489.3,25476.8,25486.8,64
1783471380,25489.3,25489.3,25484.8,25486.8,114
1783471440,25485.3,25490.3,25485.3,25488.3,46
1783471500,25489.3,25496.3,25487.3,25494.8,78
1783471560,25495.3,25497.3,25491.8,25496.8,60
1783471620,25496.3,25503.3,25494.8,25501.8,58
1783471680,25503.3,25505.3,25496.3,25496.3,58
1783471740,25497.3,25497.3,25491.8,25495.3,86
1783471800,25494.3,25499.3,25494.3,25498.3,58
1783471860,25498.8,25500.8,25497.8,25498.3,38
1783471920,25497.8,25499.8,25494.8,25498.8,18
1783471980,25497.8,25505.8,25497.3,25505.8,32
1783472040,25505.3,25507.8,25500.3,25500.8,54
1783472100,25501.8,25505.3,25500.3,25505.3,68
1783472160,25503.8,25507.3,25503.3,25507.3,30
1783472220,25508.8,25508.8,25506.8,25508.8,56
1783472280,25510.3,25510.3,25502.8,25505.3,46
1783472340,25505.8,25507.8,25505.3,25507.3,50
1783472400,25507.8,25509.3,25501.3,25508.8,56
1783472460,25508.3,25510.3,25507.3,25507.3,44
1783472520,25506.3,25508.3,25504.3,25508.3,52
1783472580,25507.3,25514.8,25506.8,25510.8,36
1783472640,25510.3,25523.8,25510.3,25515.3,92
1783472700,25514.8,25515.8,25502.8,25502.8,64
1783472760,25502.3,25512.3,25502.3,25510.8,82
1783472820,25508.3,25512.3,25504.8,25506.3,88
1783472880,25508.8,25510.8,25506.3,25510.3,62
1783472940,25509.3,25509.3,25503.8,25506.8,36
1783473000,25506.3,25518.3,25506.3,25516.3,114
1783473060,25515.3,25523.3,25514.8,25522.3,92
1783473120,25523.3,25531.3,25522.3,25529.3,68
1783473180,25528.3,25530.3,25525.3,25530.3,92
1783473240,25529.3,25532.3,25527.8,25531.3,62
1783473300,25530.3,25530.8,25523.8,25523.8,50
1783473360,25524.3,25527.8,25523.8,25525.3,48
1783473420,25523.8,25526.8,25518.3,25518.3,76
1783473480,25517.3,25517.3,25512.3,25514.3,40
1783473540,25513.8,25523.8,25513.3,25523.8,38
1783473600,25521.8,25524.8,25517.3,25517.3,38
1783473660,25518.3,25519.3,25514.8,25515.3,70
1783473720,25515.8,25517.8,25512.3,25517.8,64
1783473780,25517.3,25521.3,25513.3,25514.8,58
1783473840,25514.3,25514.8,25512.3,25513.8,40
1783473900,25514.3,25519.8,25513.3,25518.8,68
1783473960,25520.8,25522.8,25517.8,25520.8,86
1783474020,25523.8,25524.8,25515.8,25515.8,70
1783474080,25515.3,25515.8,25509.8,25510.3,44
1783474140,25509.3,25509.8,25507.8,25507.8,8
1783474200,25509.3,25509.8,25506.3,25508.3,42
1783474260,25505.8,25510.3,25505.8,25509.3,22
1783474320,25509.8,25515.8,25509.8,25515.8,52
1783474380,25515.3,25515.3,25499.3,25499.3,52
1783474440,25497.3,25501.3,25497.3,25500.8,44
1783474500,25499.8,25507.3,25499.3,25502.8,56
1783474560,25503.3,25506.8,25491.8,25493.3,62
1783474620,25494.8,25495.3,25488.3,25494.3,64
1783474680,25493.8,25494.3,25478.3,25480.3,60
1783474740,25479.8,25493.3,25478.8,25490.8,80
1783474800,25489.8,25496.8,25489.8,25495.3,76
1783474860,25494.8,25498.8,25485.8,25487.3,98
1783474920,25487.8,25496.8,25487.8,25495.8,64
1783474980,25495.3,25498.3,25493.3,25494.8,58
1783475040,25494.3,25501.8,25490.3,25498.3,80
1783475100,25497.8,25508.8,25497.8,25507.3,130
1783475160,25506.8,25510.3,25505.3,25505.8,72
1783475220,25506.3,25507.8,25505.8,25507.8,28
1783475280,25508.8,25518.3,25508.8,25510.8,80
1783475340,25511.3,25517.3,25507.3,25515.3,96
1783475400,25515.8,25517.8,25512.3,25517.3,68
1783475460,25516.3,25516.3,25504.8,25506.3,112
1783475520,25506.8,25510.8,25505.3,25510.3,104
1783475580,25509.3,25511.8,25500.3,25500.3,40
1783475640,25499.3,25500.8,25492.8,25493.3,34
1783475700,25492.8,25492.8,25491.3,25491.8,18
1783475760,25495.3,25495.8,25491.3,25493.8,48
1783475820,25492.8,25501.8,25492.8,25497.3,98
1783475880,25498.3,25503.3,25497.3,25500.3,78
1783475940,25499.8,25501.8,25497.3,25497.3,106
1783476000,25496.8,25499.3,25484.8,25485.3,90
1783476060,25482.8,25483.3,25479.8,25482.3,74
1783476120,25481.8,25482.3,25476.3,25477.3,114
1783476180,25476.8,25480.8,25476.8,25476.8,78
1783476240,25477.3,25479.8,25475.8,25479.8,34
1783476300,25477.3,25477.8,25469.8,25472.8,52
1783476360,25471.8,25472.8,25465.3,25465.8,78
1783476420,25466.3,25472.3,25465.3,25472.3,56
1783476480,25473.3,25473.3,25466.8,25466.8,50
1783476540,25466.3,25470.8,25464.8,25470.8,68
1783476600,25468.8,25475.8,25467.8,25474.8,46
1783476660,25475.8,25477.3,25469.3,25469.8,90
1783476720,25468.3,25471.3,25464.8,25468.3,60
1783476780,25467.3,25474.8,25466.3,25469.8,108
1783476840,25469.3,25469.3,25461.3,25462.3,70
1783476900,25463.8,25463.8,25459.3,25460.8,48
1783476960,25461.3,25461.8,25445.3,25445.3,52
1783477020,25447.3,25449.3,25441.8,25447.8,24
1783477080,25448.8,25449.3,25447.3,25449.3,8
1783477140,25450.8,25450.8,25450.8,25450.8,2
1783477200,25451.8,25461.3,25451.8,25453.3,64
1783477260,25453.8,25456.8,25447.8,25456.8,64
1783477320,25457.3,25462.8,25455.3,25455.3,70
1783477380,25456.3,25456.8,25455.3,25456.3,10
1783477500,25457.8,25462.3,25456.8,25461.8,18
1783477560,25462.3,25473.8,25461.8,25472.3,36
1783477620,25470.8,25474.3,25460.3,25460.3,100
1783477680,25459.3,25461.3,25456.8,25459.8,42
1783477740,25460.8,25463.3,25455.3,25456.3,98
1783477800,25455.3,25457.3,25449.8,25456.3,72
1783477860,25455.3,25457.8,25444.8,25451.8,68
1783477920,25450.8,25450.8,25443.3,25444.8,36
1783477980,25445.8,25446.8,25444.3,25445.8,28
1783478040,25447.3,25450.8,25447.3,25449.3,14
1783478100,25449.8,25452.8,25448.8,25452.8,10
1783478160,25453.8,25459.8,25450.3,25456.3,56
1783478220,25458.3,25460.8,25453.8,25458.3,46
1783478280,25459.3,25459.8,25453.8,25458.8,42
1783478340,25458.3,25459.3,25458.3,25459.3,4
1783478400,25460.3,25462.8,25459.8,25460.3,38
1783478460,25461.3,25462.3,25460.3,25460.3,42
1783478520,25459.8,25463.3,25458.8,25463.3,32
1783478580,25465.3,25465.8,25462.3,25463.3,38
1783478640,25463.8,25471.3,25462.8,25471.3,30
1783478700,25470.8,25471.3,25467.3,25467.8,52
1783478760,25469.3,25470.8,25465.8,25468.8,36
1783478820,25467.8,25474.8,25467.8,25474.8,50
1783478880,25475.3,25477.3,25475.3,25476.3,44
1783478940,25473.3,25475.8,25465.8,25471.8,80
1783479000,25472.3,25472.8,25464.3,25467.3,96
1783479060,25466.8,25468.3,25465.8,25466.3,30
1783479120,25460.3,25460.3,25457.8,25457.8,6
1783479180,25458.3,25458.3,25449.8,25456.3,36
1783479240,25457.3,25457.8,25451.8,25452.8,48
1783479300,25453.3,25456.3,25453.3,25456.3,14
1783479360,25455.3,25456.3,25450.8,25451.8,28
1783479420,25451.3,25451.8,25451.3,25451.8,8
1783479480,25451.3,25461.3,25450.3,25456.3,16
1783479540,25455.3,25468.3,25451.8,25466.3,72
1783479600,25465.3,25474.8,25465.3,25472.3,100
1783479660,25473.3,25480.3,25472.3,25479.3,70
1783479720,25478.3,25478.3,25473.3,25473.3,16
1783479780,25471.8,25472.3,25468.3,25469.8,44
1783479840,25468.8,25471.3,25468.8,25471.3,8
1783479900,25471.8,25473.3,25467.8,25470.3,18
1783479960,25467.8,25471.8,25457.3,25457.3,70
1783480020,25456.8,25462.8,25456.8,25461.8,18
1783480080,25460.8,25461.8,25459.8,25461.3,18
1783480140,25460.8,25463.3,25459.3,25463.3,50
1783480200,25462.3,25467.3,25461.3,25467.3,20
1783480260,25465.8,25467.8,25463.3,25467.8,26
1783480320,25469.3,25475.8,25468.3,25474.3,64
1783480380,25473.8,25476.3,25470.3,25472.3,52
1783480440,25472.8,25472.8,25471.3,25472.3,14
1783480500,25471.3,25472.8,25471.3,25472.8,8
1783480560,25475.3,25482.8,25474.8,25482.3,24
1783480620,25481.3,25481.3,25469.3,25475.8,30
1783480680,25473.8,25479.3,25473.3,25478.8,46
1783480740,25479.3,25479.8,25464.3,25465.8,38
1783480800,25464.8,25464.8,25461.8,25464.3,24
1783480860,25464.8,25465.3,25463.3,25465.3,13
1783480920,25465.3,25473.8,25465.3,25473.8,12
1783480980,25473.3,25474.3,25473.3,25474.3,4
1783481040,25475.3,25475.3,25474.3,25475.3,8
1783481100,25474.3,25479.8,25474.3,25477.8,34
1783481160,25478.8,25486.8,25477.3,25486.8,50
1783481220,25488.3,25488.3,25480.8,25484.8,34
1783481280,25482.3,25487.3,25482.3,25485.3,30
1783481340,25486.3,25486.3,25483.3,25483.3,16
1783481400,25485.8,25486.3,25476.3,25486.3,19
1783481460,25485.3,25490.3,25485.3,25489.3,31
1783481520,25488.8,25489.8,25484.8,25486.3,46
1783481580,25487.8,25489.3,25480.8,25482.3,64
1783481640,25485.3,25485.8,25475.3,25480.3,56
1783481700,25481.3,25483.8,25475.3,25479.3,43
1783481760,25483.8,25486.3,25480.8,25483.8,53
1783481820,25485.3,25486.8,25478.3,25486.8,40
1783481880,25485.3,25485.3,25478.3,25482.8,40
1783481940,25481.8,25482.8,25479.3,25480.8,34
1783482000,25478.8,25480.3,25475.8,25475.8,14
1783482060,25473.8,25475.8,25473.8,25475.8,6
1783482120,25474.8,25478.3,25474.8,25475.8,16
1783482180,25476.8,25477.8,25475.3,25477.3,22
1783482240,25476.8,25480.8,25476.3,25480.8,60
1783482300,25478.3,25480.3,25477.3,25477.8,24
1783482360,25478.8,25480.3,25477.8,25480.3,24
1783482420,25481.3,25483.3,25481.3,25481.3,10
1783482480,25476.8,25479.8,25474.8,25478.3,24
1783482540,25477.8,25481.8,25476.3,25480.3,50
1783482600,25481.3,25485.3,25477.3,25479.8,48
1783482660,25479.3,25483.8,25472.3,25477.8,62
1783482720,25476.8,25480.3,25475.8,25476.8,44
1783482780,25478.3,25480.3,25476.3,25479.3,52
1783482840,25480.3,25480.8,25479.3,25480.8,42
1783482900,25478.8,25480.3,25476.8,25477.8,48
1783482960,25476.8,25478.3,25474.3,25474.8,38
1783483020,25475.8,25478.3,25475.3,25478.3,8
1783483080,25477.3,25479.8,25477.3,25479.3,30
1783483140,25478.3,25479.3,25475.3,25475.3,24
1783483200,25476.3,25476.3,25466.3,25466.8,52
1783483260,25465.8,25465.8,25457.3,25459.8,42
1783483320,25462.3,25463.3,25460.8,25461.3,18
1783483500,25459.8,25463.3,25458.3,25458.3,26
1783483560,25460.8,25463.3,25459.3,25462.8,92
1783483620,25461.8,25464.3,25460.8,25462.8,26
1783483680,25461.8,25468.3,25461.3,25467.8,56
1783483740,25469.3,25470.8,25463.8,25465.8,99
1783483800,25464.3,25467.3,25463.3,25463.3,30
1783483860,25461.3,25466.3,25460.8,25461.8,42
1783483920,25465.3,25465.8,25461.8,25461.8,22
1783483980,25460.8,25462.3,25456.3,25456.3,18
1783484040,25457.3,25460.3,25457.3,25460.3,44
1783484100,25459.3,25461.3,25458.8,25459.3,16
1783484160,25458.8,25458.8,25456.8,25458.3,38
1783484220,25456.8,25463.8,25456.8,25459.8,44
1783484280,25460.3,25462.8,25458.3,25459.3,36
1783484340,25461.3,25463.3,25459.3,25459.3,28
1783484400,25460.3,25460.3,25458.3,25458.3,10
1783484460,25459.8,25461.8,25459.3,25460.8,40
1783484520,25461.8,25469.8,25461.8,25468.8,46
1783484580,25469.8,25471.8,25468.3,25471.8,20
1783484640,25471.3,25479.8,25471.3,25477.3,70
1783484700,25479.3,25479.3,25469.3,25469.3,52
1783484760,25468.8,25476.3,25468.8,25473.3,78
1783484820,25472.8,25472.8,25463.3,25463.3,22
1783484880,25464.3,25465.3,25463.8,25463.8,12
1783484940,25464.3,25469.3,25462.8,25467.8,24
1783485000,25470.3,25471.3,25468.8,25468.8,44
1783485060,25468.3,25469.3,25466.3,25466.8,14
1783485120,25469.3,25470.8,25466.3,25466.8,30
1783485180,25465.8,25465.8,25461.3,25461.3,20
1783485240,25462.3,25464.3,25453.3,25456.8,46
1783485300,25457.8,25463.3,25456.8,25459.8,44
1783485360,25457.3,25459.8,25453.3,25455.8,44
1783485420,25451.8,25456.3,25451.3,25456.3,24
1783485480,25454.3,25455.8,25449.8,25449.8,24
1783485540,25450.3,25456.8,25449.8,25453.3,52
1783485600,25454.3,25456.8,25453.3,25456.3,30
1783485660,25457.3,25459.8,25452.8,25454.8,58
1783485720,25455.3,25463.3,25455.3,25460.8,38
1783485780,25459.8,25459.8,25459.8,25459.8,2
1783485840,25460.3,25460.3,25459.3,25459.3,4
1783485900,25458.3,25459.3,25453.3,25453.8,66
1783485960,25454.8,25458.3,25451.3,25451.8,98
1783486020,25451.3,25456.8,25451.3,25452.3,72
1783486080,25453.3,25463.8,25451.3,25462.3,72
1783486140,25460.8,25463.8,25455.3,25455.3,38
1783486200,25454.8,25455.8,25454.8,25455.3,6
1783486260,25456.3,25456.3,25452.8,25453.8,22
1783486320,25454.8,25456.3,25453.3,25454.8,18
1783486380,25452.3,25452.3,25452.3,25452.3,2
1783486440,25450.3,25450.8,25445.3,25445.8,16
1783486500,25444.8,25444.8,25435.8,25439.8,92
1783486560,25440.3,25450.3,25440.3,25449.8,112
1783486620,25450.8,25453.8,25442.3,25446.3,59
1783486680,25445.8,25459.8,25445.8,25457.3,45
1783486740,25457.8,25461.3,25457.8,25460.3,42
1783486800,25460.8,25470.8,25459.8,25470.3,72
1783486860,25470.8,25473.3,25464.8,25464.8,26
1783486920,25463.8,25463.8,25456.3,25457.3,40
1783486980,25458.3,25461.8,25454.3,25461.8,52
1783487040,25461.3,25466.8,25460.8,25462.8,78
1783487100,25463.3,25467.8,25463.3,25465.8,26
1783487160,25467.3,25471.8,25467.3,25471.8,24
1783487220,25471.3,25474.3,25471.3,25472.3,30
1783487280,25470.8,25472.3,25466.8,25467.8,38
1783487340,25466.8,25468.8,25466.8,25466.8,22
1783487400,25466.3,25466.3,25456.3,25459.8,48
1783487460,25460.8,25460.8,25457.8,25458.3,54
1783487520,25459.3,25463.8,25455.3,25463.8,80
1783487580,25463.3,25464.8,25453.8,25457.3,60
1783487640,25459.3,25464.8,25456.3,25457.3,66
1783487700,25454.8,25463.8,25453.8,25461.3,74
1783487760,25460.8,25464.3,25455.3,25457.3,42
1783487820,25456.3,25456.3,25444.8,25444.8,96
1783487880,25443.8,25449.8,25441.8,25446.3,82
1783487940,25447.8,25454.3,25446.3,25452.3,50
1783488000,25453.3,25457.3,25450.3,25452.8,82
1783488060,25453.3,25454.8,25446.8,25451.8,100
1783488120,25452.3,25453.8,25447.3,25449.3,52
1783488180,25448.3,25448.3,25444.3,25445.8,38
1783488240,25447.3,25447.3,25443.8,25445.3,38
1783488300,25444.3,25449.3,25442.3,25442.8,38
1783488360,25444.3,25452.3,25443.8,25450.3,56
1783488420,25448.8,25449.8,25445.8,25446.8,32
1783488480,25445.3,25445.3,25441.8,25441.8,24
1783488540,25443.8,25443.8,25439.3,25443.8,50
1783488600,25442.8,25443.8,25433.8,25433.8,30
1783488660,25434.3,25434.3,25423.8,25433.3,64
1783488720,25432.8,25433.8,25420.8,25421.3,66
1783488780,25417.3,25424.3,25415.3,25423.3,80
1783488840,25425.3,25437.3,25421.8,25432.8,88
1783488900,25428.8,25437.8,25428.8,25434.3,114
1783488960,25433.8,25434.8,25425.8,25433.8,94
1783489020,25434.8,25437.8,25430.3,25431.8,86
1783489080,25432.8,25437.3,25431.8,25436.8,78
1783489140,25437.8,25438.3,25434.8,25436.3,28
1783489200,25435.8,25443.3,25435.8,25440.3,88
1783489260,25439.8,25443.8,25438.3,25442.8,44
1783489320,25443.3,25448.8,25441.8,25448.8,88
1783489380,25447.8,25448.8,25433.8,25435.3,78
1783489440,25435.8,25437.3,25427.3,25432.3,68
1783489500,25430.8,25434.8,25430.3,25433.8,44
1783489560,25433.3,25435.8,25425.3,25428.8,90
1783489620,25427.8,25427.8,25420.3,25420.8,76
1783489680,25419.8,25420.8,25417.8,25418.8,68
1783489740,25419.8,25419.8,25414.8,25415.8,66
1783489800,25415.3,25422.3,25414.3,25419.8,96
1783489860,25418.3,25420.8,25408.8,25408.8,118
1783489920,25408.3,25412.3,25405.3,25410.3,68
1783489980,25410.8,25410.8,25404.3,25404.8,68
1783490040,25402.3,25410.3,25402.3,25408.3,36
1783490100,25409.3,25421.8,25409.3,25409.8,58
1783490160,25408.3,25411.3,25407.8,25410.8,64
1783490220,25411.3,25415.3,25411.3,25413.8,44
1783490280,25413.3,25413.8,25408.8,25410.3,34
1783490340,25409.3,25415.3,25408.3,25414.8,44
1783490400,25415.3,25419.3,25394.3,25396.8,124
1783490460,25397.5,25410.5,25397,25400.5,122
1783490520,25399.5,25400.5,25394,25397.5,76
1783490580,25400.5,25400.5,25376.5,25377,78
1783490640,25378,25383,25376,25376.5,68
1783490700,25377,25379,25367.5,25378.5,140
1783490760,25377.5,25381,25371,25371.5,75
1783490820,25372,25382,25370.5,25382,98
1783490880,25383,25387.5,25381.5,25387.5,94
1783490940,25388,25391.5,25384.8,25389.5,93
1783491000,25390,25395,25386.5,25388,62
1783491060,25388.5,25392,25384.5,25388.5,84
1783491120,25387.5,25388.5,25372.5,25373,98
1783491180,25372.5,25374,25365,25366,64
1783491240,25365.5,25373,25365,25372,48
1783491300,25372.5,25377,25370,25374.5,90
1783491360,25373.5,25375,25369.5,25374,32
1783491420,25373.5,25384,25373.5,25382,69
1783491480,25383,25385,25380.5,25384,58
1783491540,25385,25387,25383,25385.5,48
1783491600,25382.5,25383,25378.5,25382,50
1783491660,25381.5,25381.5,25371,25380,66
1783491720,25379.5,25384.5,25379,25382,56
1783491780,25381,25385.5,25373.5,25385.5,60
1783491840,25386.5,25398.5,25386.5,25398,82
1783491900,25400,25404.5,25393,25397,72
1783491960,25397.5,25399,25393,25394,52
1783492020,25393.5,25399,25391,25398,68
1783492080,25398.5,25401,25395,25398,70
1783492140,25397.5,25398,25387,25390,92
1783492200,25388,25396,25370.3,25379.5,129
1783492260,25379,25379.5,25362,25369.5,116
1783492320,25369,25369,25364.5,25365.5,60
1783492380,25364,25370,25359,25359.5,72
1783492440,25360.5,25362.5,25357.5,25360,54
1783492500,25358.5,25358.5,25348.5,25348.5,90
1783492560,25349,25353,25343,25350.5,50
1783492620,25348.5,25354,25343,25351,72
1783492680,25351.5,25351.5,25341,25348,56
1783492740,25347.5,25349.5,25342.5,25342.5,52
1783492800,25342,25345.5,25336.5,25345,56
1783492860,25344.5,25357,25341,25345.5,70
1783492920,25348.5,25350,25344,25344.5,54
1783492980,25346,25347,25339.5,25339.5,48
1783493040,25339,25342.5,25337,25338.5,58
1783493100,25338,25338.5,25329.5,25329.5,94
1783493160,25331.5,25333,25302.5,25309.5,163
1783493220,25310.5,25318.5,25308,25317.5,174
1783493280,25316.5,25320,25313,25316.5,106
1783493340,25316.5,25318.5,25314.5,25318.5,52
1783493400,25319,25327,25318.5,25325.5,104
1783493460,25326,25336.5,25319.5,25326.5,110
1783493520,25327,25328.5,25326,25327.5,74
1783493580,25330,25334,25327.5,25328,84
1783493640,25329,25329.5,25324,25327,72
1783493700,25327.5,25330.5,25321.5,25330.5,90
1783493760,25330,25335,25320,25332,112
1783493820,25333,25335,25323,25323.5,114
1783493880,25324,25328,25316.5,25317,86
1783493940,25315,25323.5,25295.5,25316.5,213
1783494000,25312,25335,25304.5,25306.5,398
1783494060,25304.5,25307,25289,25295,318
1783494120,25294.5,25295,25259.5,25261.5,307
1783494180,25260,25262,25235,25247,295
1783494240,25244,25249.5,25222.5,25237.5,268
1783494300,25236.5,25243,25201,25202,300
1783494360,25203.5,25214,25200,25200,278
1783494420,25199.5,25199.5,25184.5,25190.5,285
1783494480,25191,25192.5,25183.5,25185.5,320
1783494540,25186,25194.5,25179,25192,312
1783494600,25191.5,25195,25178.5,25184,310
1783494660,25184.5,25201.5,25182.5,25195.5,260
1783494720,25194.5,25195,25178.5,25186.5,258
1783494780,25186,25216,25186,25213.5,235
1783494840,25213,25226.5,25209.5,25210.5,218
1783494900,25211.5,25227,25199.5,25226,288
1783494960,25225.5,25230,25202,25208.5,246
1783495020,25209,25211.5,25177,25177,272
1783495080,25178,25183.5,25168,25172.5,271
1783495140,25172,25172.5,25154.5,25158.5,240
1783495200,25159.5,25165.5,25148,25163.5,247
1783495260,25163,25168,25157.5,25164.5,278
1783495320,25164,25167,25154,25158,274
1783495380,25158.5,25178.5,25157,25178.5,200
1783495440,25176.5,25187.5,25168,25179,242
1783495500,25179.5,25186.5,25160.5,25166,269
1783495560,25165.5,25183.5,25165.5,25172,264
1783495620,25173,25179.5,25163,25163.5,258
1783495680,25164.5,25176.5,25163.5,25172.5,268
1783495740,25171.5,25197.5,25170,25196,221
1783495800,25197.5,25220,25196.5,25219.5,237
1783495860,25219,25228.5,25215,25223.5,256
1783495920,25223,25228,25216,25217,258
1783495980,25216,25221.5,25194.5,25199,246
1783496040,25197.5,25215.5,25197.5,25213.5,224
1783496100,25214.5,25214.5,25194.5,25196,237
1783496160,25197,25204,25190,25202,237
1783496220,25202.5,25204.5,25194,25198.5,234
1783496280,25199,25205,25189,25192.5,204
1783496340,25192,25194,25179.5,25182.5,242
1783496400,25182,25204,25182,25202,150
1783496460,25202.5,25206.5,25184.5,25194.5,181
1783496520,25193.5,25202,25193,25197.5,182
1783496580,25196.5,25200.5,25187.5,25194,218
1783496640,25193,25207.5,25190,25206,232
1783496700,25206.5,25211,25199.5,25211,202
1783496760,25211.5,25222,25210,25219,207
1783496820,25218.5,25221.5,25209.5,25216.5,210
1783496880,25215.5,25222,25207.5,25210,204
1783496940,25209.5,25221.5,25208.5,25220,188
1783497000,25218.5,25226.5,25207,25210.5,168
1783497060,25209.5,25214.5,25203.5,25212.5,160
1783497120,25213,25213,25195.5,25199.5,178
1783497180,25200.5,25200.5,25184.5,25191,172
1783497240,25191.5,25198.5,25191,25195.5,192
1783497300,25191.5,25200,25187.5,25200,136
1783497360,25199.5,25205.5,25195.5,25197.5,176
1783497420,25197,25197.5,25185.5,25186.5,144
1783497480,25187.5,25192,25185.5,25188.5,156
1783497540,25186.5,25194.5,25179,25194,166
1783497600,25195,25201.5,25187.5,25188,236
1783497660,25188.5,25188.5,25178.5,25186.5,182
1783497720,25187.5,25189,25172.5,25175,201
1783497780,25174.5,25194,25174.5,25187,212
1783497840,25187.5,25187.5,25170.5,25171,202
1783497900,25171.5,25188.5,25171,25180.5,200
1783497960,25181.5,25184,25170,25172.5,202
1783498020,25171.5,25178,25167,25170,190
1783498080,25171,25177.5,25158.5,25176.5,196
1783498140,25177,25188,25177,25178.5,212
1783498200,25179,25191.5,25175.5,25191.5,222
1783498260,25194,25197.5,25177,25196.5,220
1783498320,25197,25197.5,25168,25171,260
1783498380,25171.5,25175.5,25155.5,25157,232
1783498440,25157.5,25166.5,25157,25165,210
1783498500,25165.5,25174.5,25163.5,25171.5,216
1783498560,25171,25171.5,25076,25080,450
1783498620,25080.5,25089.5,25023.5,25023.5,542
1783498680,25027,25056,25005,25050.5,500
1783498740,25049.5,25077.5,25026,25066.5,476
1783498800,25068,25084,25056.5,25073.5,394
1783498860,25072.5,25073,25043,25055,390
1783498920,25055.5,25068.5,25043.5,25054,402
1783498980,25052.5,25058,25031,25031,384
1783499040,25029.5,25035,25013.5,25019,336
1783499100,25018.5,25023.5,25008.5,25015.5,410
1783499160,25017,25017,24995.5,24998,406
1783499220,24995.5,25006,24984.5,24987,357
1783499280,24989,25003.5,24968,24983.5,349
1783499340,24984,24987.5,24975.5,24977.5,370
1783499400,24977,24982.5,24962.5,24965.5,375
1783499460,24965,24973,24951,24969,392
1783499520,24969.5,24969.5,24941,24962.5,372
1783499580,24959,24976,24948.5,24955,350
1783499640,24954,24964,24942.8,24952,361
1783499700,24952.5,24960,24934.5,24936,342
1783499760,24935,24944.5,24928,24933.5,336
1783499820,24933,24938.5,24925.5,24938.5,321
1783499880,24938,24942.5,24913.5,24920.5,308
1783499940,24921,24932.5,24914,24916.8,311
1783500000,24918,24927.5,24910,24923.5,379
1783500060,24924,24930.5,24902.5,24905.5,370
1783500120,24906,24913,24892.5,24901.5,298
1783500180,24902,24917,24901,24908.5,374
1783500240,24909.5,24910,24898.5,24908,351
1783500300,24907.5,24916,24897.5,24913.5,368
1783500360,24915.5,24927,24902.5,24910.5,332
1783500420,24910,24926.5,24905.5,24923.5,350
1783500480,24921.5,24922.5,24900,24900.5,299
1783500540,24899.5,24899.5,24886,24894,313
1783500600,24894.5,24894.5,24877.5,24888.5,315
1783500660,24889,24898.5,24883,24883.5,296
1783500720,24884,24899.5,24884,24892.5,274
1783500780,24893,24918.5,24892,24909,311
1783500840,24910,24913,24886.5,24888,296
1783500900,24887.5,24920,24887.5,24914.5,254
1783500960,24914,24916,24891.5,24898.5,282
1783501020,24899.5,24903,24886.5,24893.5,250
1783501080,24893,24898.5,24885.5,24894.5,250
1783501140,24895.5,24898,24891.5,24897.5,294
1783501200,24898,24901.5,24877.8,24891,356
1783501260,24890.5,24891,24877,24886.5,288
1783501320,24886,24894,24878,24878,296
1783501380,24877.5,24891.5,24876,24890,302
1783501440,24889.5,24900.5,24885.5,24898.5,326
1783501500,24898,24900.5,24877,24879,262
1783501560,24879.5,24881.5,24868,24868,258
1783501620,24869,24878.5,24867.5,24872.5,230
1783501680,24873,24874.5,24853.5,24853.5,248
1783501740,24853,24860.5,24846.8,24858,233
1783501800,24858.5,24872.5,24853.5,24871,276
1783501860,24870,24872.5,24858,24860,265
1783501920,24859.5,24859.5,24842.5,24842.5,244
1783501980,24842,24844,24836,24836,262
1783502040,24837.5,24843.5,24824,24824.5,291
1783502100,24826.5,24835.5,24823.3,24834,299
1783502160,24832,24850,24830.5,24843.5,294
1783502220,24842.5,24853.5,24838.5,24850.5,276
1783502280,24849.5,24849.5,24821,24830,254
1783502340,24830.5,24839.5,24828,24838,318
1783502400,24836.5,24856.5,24836,24855.5,310
1783502460,24856,24859.5,24836.5,24841,273
1783502520,24840.5,24858.5,24834.5,24845.3,265
1783502580,24844.8,24862,24837,24861.5,293
1783502640,24862.5,24870,24846,24846,274
1783502700,24844,24852.5,24835,24850,268
1783502760,24849.5,24856,24840.5,24847,268
1783502820,24845,24864,24845,24855.5,242
1783502880,24856,24868,24856,24866.5,184
1783502940,24866,24874.5,24861,24865.5,230
1783503000,24865,24873.5,24855.5,24855.5,260
1783503060,24855,24857,24840,24857,234
1783503120,24857.5,24870,24855.5,24866,222
1783503180,24865.5,24875.8,24864.5,24875.8,210
1783503240,24876.8,24896.5,24876.8,24893.5,231
1783503300,24894,24907.5,24889.5,24907.5,263
1783503360,24907,24917.5,24901.5,24906,238
1783503420,24907,24910.5,24877.5,24877.5,250
1783503480,24877,24882.5,24869.5,24874,214
1783503540,24873.5,24887.5,24873,24883.8,256
1783503600,24884.3,24886.5,24876.5,24876.5,285
1783503660,24876,24883.5,24871.5,24872.5,263
1783503720,24873,24873.5,24859.5,24862.5,202
1783503780,24863,24864,24843,24843.5,202
1783503840,24842.5,24873,24842,24873,243
1783503900,24872.5,24873,24859.5,24865,203
1783503960,24866.5,24868.5,24859.5,24865.5,240
1783504020,24866,24868.5,24855.5,24868,220
1783504080,24867.5,24883,24861.5,24879,201
1783504140,24878.5,24881,24873.5,24873.5,240
1783504200,24874,24877,24864.5,24872.5,216
1783504260,24873.5,24877,24860.5,24867,188
1783504320,24866,24878,24866,24874.5,216
1783504380,24875,24885,24868,24884,244
1783504440,24883.5,24892.5,24874,24874,264
1783504500,24875,24876,24852,24854.5,276
1783504560,24855,24862.5,24849.5,24860.5,248
1783504620,24860,24864.5,24852.5,24852.5,233
1783504680,24850.5,24865.5,24850,24852.5,242
1783504740,24853.5,24855,24846.5,24852.5,220
1783504800,24853.5,24861,24850.5,24855.5,252
1783504860,24856,24858.5,24853,24856.5,182
1783504920,24856,24859,24841,24848,258
1783504980,24847.5,24847.5,24835.5,24836.5,198
1783505040,24836,24847.5,24830.5,24845.5,217
1783505100,24844.5,24857.5,24842.5,24852.5,224
1783505160,24843,24846.5,24836.5,24837.5,182
1783505220,24838,24846,24833.5,24845.5,218
1783505280,24846,24863,24846,24857,240
1783505340,24856,24864,24853.5,24863,204
1783505400,24862.5,24863,24847.5,24854,222
1783505460,24854.5,24855,24844,24848,200
1783505520,24847,24865.5,24843,24862.3,248
1783505580,24860.8,24866.5,24835.5,24837.5,247
1783505640,24837,24862,24837,24861,228
1783505700,24860,24868,24849.5,24850.5,236
1783505760,24851,24861,24851,24860,160
1783505820,24860.5,24872.5,24855,24867,262
1783505880,24866.5,24868,24860,24867,216
1783505940,24866.5,24874,24866,24874,194
1783506000,24875,24893,24873,24886.5,222
1783506060,24888,24892.5,24881.5,24882,220
1783506120,24881.5,24881.5,24872.5,24880,262
1783506180,24880.5,24882.5,24868.5,24869.5,216
1783506240,24870,24878.5,24870,24875.5,217
1783506300,24875,24882.5,24872.5,24877,236
1783506360,24876.5,24884.5,24870.5,24872,228
1783506420,24871.5,24872.5,24861.5,24861.5,184
1783506480,24862,24873.5,24862,24872,172
1783506540,24871.5,24879,24869,24878.5,182
1783506600,24878,24880,24868,24878.5,290
1783506660,24877,24902,24871,24899.5,270
1783506720,24898.5,24899.5,24890.5,24891,246
1783506780,24890.5,24910.5,24890.5,24901.5,226
1783506840,24902,24914.8,24900.5,24914.3,190
1783506900,24914.8,24934,24913.8,24934,265
1783506960,24933.5,24934,24927,24930,237
1783507020,24930.5,24946,24928.5,24936.5,250
1783507080,24938,24948.5,24936,24944,232
1783507140,24942.5,24953.8,24932.5,24947.5,213
1783507200,24948,24956,24945.5,24949.5,210
1783507260,24949,24949.5,24935,24949,200
1783507320,24948.5,24954.5,24939.5,24943.5,172
1783507380,24944,24948.5,24933.5,24939.5,172
1783507440,24940,24946.5,24937,24946.5,164
1783507500,24945.5,24950.5,24940,24948.5,214
1783507560,24946.5,24949.8,24940.3,24944,192
1783507620,24943.5,24944.5,24930.5,24931,216
1783507680,24930.5,24931.5,24924.5,24926.5,161
1783507740,24927.5,24929.5,24915,24918.5,176
1783507800,24919,24934,24915.5,24918,203
1783507860,24918.5,24928.5,24913.5,24917,185
1783507920,24917.5,24931,24916.5,24930.5,174
1783507980,24929.5,24936,24926.5,24935,166
1783508040,24935.5,24939.5,24931,24936,190
1783508100,24935.5,24943.5,24935,24940.5,189
1783508160,24942.5,24943.5,24939,24943,190
1783508220,24943.5,24943.5,24927,24927,208
1783508280,24927.5,24937,24927,24933.5,214
1783508340,24933,24938,24928.5,24931,194
1783508400,24930.5,24930.5,24906.5,24907,227
1783508460,24908,24933.5,24908,24918.5,250
1783508520,24916.5,24923,24915.5,24921.5,172
1783508580,24923,24930,24918.5,24923.5,206
1783508640,24924.5,24924.5,24912,24921.5,202
1783508700,24921,24938.5,24920.5,24936,204
1783508760,24935.5,24943,24935.5,24936.5,234
1783508820,24937.5,24941.5,24932,24941.5,142
1783508880,24943,24950,24942,24944.5,200
1783508940,24943.5,24944.5,24919.5,24926,166
1783509000,24926.5,24938.5,24926.5,24933.5,210
1783509060,24934,24934,24925,24926.5,162
1783509120,24927,24933.5,24925.5,24932,158
1783509180,24932.5,24933,24925.5,24926.5,140
1783509240,24925.5,24937.5,24925,24932.5,170
1783509300,24931.5,24932.5,24917.5,24919.5,182
1783509360,24920,24920,24912.3,24913.5,162
1783509420,24913,24917.5,24910.5,24917.5,158
1783509480,24917,24921.5,24914.5,24921.5,148
1783509540,24921,24934,24921,24925.5,206
1783509600,24925,24925.5,24911,24916.5,148
1783509660,24916,24919,24915,24916.5,150
1783509720,24917.5,24922.5,24913.5,24917.5,148
1783509780,24918.5,24919,24897.5,24898.5,138
1783509840,24898,24899,24892.5,24897,149
1783509900,24897.5,24901,24895.5,24899.5,150
1783509960,24900.5,24906,24895.5,24900.5,183
1783510020,24901.5,24908.5,24900.5,24908.5,172
1783510080,24909.5,24918.5,24908.5,24916.5,157
1783510140,24916,24925,24913,24924.5,157
1783510200,24918.5,24930,24918,24925.5,212
1783510260,24926,24927.5,24910,24913.5,136
1783510320,24912.5,24913,24906.5,24907,192
1783510380,24907.5,24930,24906.5,24929.5,146
1783510440,24930,24939.5,24928,24938,150
1783510500,24937.5,24951.5,24936,24949.5,178
1783510560,24951,24951.5,24932.5,24932.5,196
1783510620,24931.5,24942.5,24931.5,24939.5,134
1783510680,24939,24939.5,24917.5,24917.5,200
1783510740,24919.5,24926.5,24918.5,24923,178
1783510800,24923.5,24934.5,24922.5,24933,150
1783510860,24934,24935,24926.5,24932.5,182
1783510920,24932,24946,24929.5,24945.5,182
1783510980,24944.5,25074.8,24943.5,25030.8,409
1783511040,25022.8,25031.3,24993.5,25001,453
1783511100,25001.5,25012.5,24994,25002,328
1783511160,25001.5,25010.5,24998.5,25010,300
1783511220,25007.5,25017.5,25000.5,25001,264
1783511280,25002,25010.5,25000.5,25008.5,258
1783511340,25008,25010,24992,24994,238
1783511400,24994.5,24997,24973.5,24976,194
1783511460,24976.5,24993,24976,24991.3,179
1783511520,24990.3,24998.5,24984,24984.5,196
1783511580,24985,24994,24981.5,24992,238
1783511640,24992.5,25001,24989.5,24991.5,156
1783511700,24992,25005,24989.5,24995,192
1783511760,24994.5,25003.5,24994.5,24995.5,224
1783511820,24995,24997.5,24982,24985.5,198
1783511880,24986,24992,24985.5,24990.5,164
1783511940,24989.5,24995,24985,24987.5,150
1783512000,24987,24988,24958.5,24959.5,266
1783512060,24959,24966,24952.5,24962,258
1783512120,24961.5,24966,24957,24962.5,144
1783512180,24962,24973.5,24957.8,24966,169
1783512240,24966.5,24967,24957.5,24962.5,140
1783512300,24963,24982.5,24963,24979,248
1783512360,24978.5,24981,24972,24977.5,222
1783512420,24977,25012.5,24977,25009.5,264
1783512480,25009,25014,24998,25001.5,210
1783512540,25001,25011.5,24998.8,25010.5,191
1783512600,25011,25020.5,25009,25016.5,206
1783512660,25015.5,25028.5,25015,25028.5,188
1783512720,25028,25034,25024.5,25028.5,208
1783512780,25027.5,25028,25018.5,25023.5,196
1783512840,25025.5,25027.5,25013.5,25014.5,210
1783512900,25016.5,25018.5,25006.5,25018,234
1783512960,25018.5,25023.5,25014.5,25018.5,164
1783513020,25018,25033.5,25018,25033,198
1783513080,25033.5,25036.5,25025.5,25032.8,192
1783513140,25031.8,25035.5,25024,25025,201
1783513200,25023.5,25024.5,25020.5,25021,172
1783513260,25020.5,25023.5,25011.5,25020.5,164
1783513320,25021,25021,25011,25011.5,204
1783513380,25012.5,25016.5,25009.5,25011.5,164
1783513440,25012,25012.5,24996.5,24997.5,134
1783513500,24996.5,24997.5,24992,24993,168
1783513560,24993.5,24997,24988.5,24989.5,162
1783513620,24990,25002.5,24988.5,25002.5,158
1783513680,25003,25005,24997,24999.5,90
1783513740,24999,25021,24996.5,25017,144
1783513800,25017.5,25031,25011,25011,168
1783513860,25010.5,25025,25010.5,25021,126
1783513920,25020.5,25022,25011,25013,110
1783513980,25013.5,25019.5,25013,25013,132
1783514040,25014,25022.5,25011.5,25021,98
1783514100,25021.5,25039.5,25021,25037.5,128
1783514160,25036,25049,25030.5,25038,168
1783514220,25037,25040,25033.5,25037,122
1783514280,25037.5,25042.5,25035.5,25042.5,104
1783514340,25041.5,25044.5,25037,25037.5,208
1783514400,25036.5,25038.5,25023.5,25024,192
1783514460,25024.5,25028.5,25021,25022.5,120
1783514520,25023,25035,25023,25028.5,136
1783514580,25031.5,25038.5,25030.5,25034,128
1783514640,25034.5,25038,25032,25036.5,172
1783514700,25036,25044.5,25036,25040.5,164
1783514760,25042,25042.5,25031,25031,202
1783514820,25030.5,25032.5,25027.5,25030,98
1783514880,25029.5,25035,25028.5,25035,128
1783514940,25036,25036.5,25031.5,25032,100
1783515000,25032.5,25035.5,25025.5,25031.5,130
1783515060,25032,25042,25031.5,25040.5,126
1783515120,25039.5,25042,25031.5,25036.5,194
1783515180,25036,25042,25034,25035,140
1783515240,25035.5,25047.5,25035,25036.5,190
1783515300,25036,25042.5,25033.5,25039.5,182
1783515360,25040,25056.5,25005.5,25011,358
1783515420,25011.5,25011.5,24992,25006,342
1783515480,25006.5,25013,25003.5,25007.5,238
1783515540,25007,25008,24990.5,24992,196
1783515600,24991,24997.5,24986.5,24992,300
1783515660,24991.5,25012.5,24990.5,25009.5,254
1783515720,25009,25020,25006,25020,222
1783515780,25020.5,25022,25009,25021,224
1783515840,25021.5,25029.5,25018.5,25029,234
1783515900,25029.5,25029.5,25003,25012.5,250
1783515960,25013,25013,24997,25007,202
1783516020,25006.5,25016.5,25003,25003.5,224
1783516080,25004,25025.5,25004,25021,220
1783516140,25020.5,25025.5,25014.5,25024.5,232
1783516200,25025,25025,25013.5,25017.5,186
1783516260,25017,25027.5,25017,25024.5,160
1783516320,25024,25049.5,25022.5,25048,214
1783516380,25048.5,25054,25045,25051,228
1783516440,25051.5,25055,25047,25047,198
1783516500,25048.5,25050,25035,25038,199
1783516560,25038.5,25039,25023.5,25026,196
1783516620,25025.5,25034.5,25025.5,25033,198
1783516680,25033.5,25033.5,25022,25023,164
1783516740,25022.5,25024.5,25019.5,25020,130
1783516800,25020.5,25022,25012.5,25015.5,160
1783516860,25016,25018,25007.5,25009.5,178
1783516920,25009,25014.5,25006.5,25014.5,132
1783516980,25014,25017,25004.5,25009.5,198
1783517040,25010.5,25015,25010,25011.5,130
1783517100,25010.5,25011,24994,25003,190
1783517160,25002.5,25004.5,24985.5,24988,212
1783517220,24989,24992.5,24986.5,24990.5,214
1783517280,24991,24992.5,24978.5,24980.5,238
1783517340,24980,24988,24959,24965.5,370
1783517400,24969,24988,24969,24987.5,426
1783517460,24987,25002,24984.5,25000,368
1783517520,24999.5,25013,24990.5,24996,372
1783517580,24997,25002,24985.5,24997.5,374
1783517640,24997,25006,24993,25001,330
1783517700,25000.5,25005.5,24987,24997.5,332
1783517760,24997,25008.5,24989,24993,328
1783517820,24994,25011.5,24991,25004.5,354
1783517880,25004,25006.5,24996.5,25002,308
1783517940,25002.5,25023,25002.5,25021,328
1783518000,25020.5,25052.5,25020.5,25049,325
1783518060,25048.5,25058.5,25039.5,25051.5,313
1783518120,25053,25053,25030.5,25039.5,334
1783518180,25040,25047.5,25036.5,25044,324
1783518240,25043.5,25060,25042.5,25051.5,320
1783518300,25052,25070.5,25049.5,25070.5,350
1783518360,25071,25078,25064,25074,318
1783518420,25073,25078,25049,25056,328
1783518480,25056.5,25059.5,25051,25053.5,278
1783518540,25053,25060,25036.5,25039,304
1783518600,25039.5,25048,25037,25044.5,283
1783518660,25042.5,25058,25034.5,25034.5,338
1783518720,25036,25041.5,25027.5,25028.5,280
1783518780,25030.5,25037.5,25021.5,25025.5,318
1783518840,25022.5,25030.5,25020.5,25020.5,306
1783518900,25020,25020.5,25008.5,25015.5,354
1783518960,25016,25022,25010.5,25022,310
1783519020,25022.5,25037.5,25019.5,25035,298
1783519080,25034,25041,25028.5,25039.5,288
1783519140,25039,25041.5,25023.5,25031,342
1783519200,25030,25033,25015,25027,334
1783519260,25028,25032.5,25018.5,25019,304
1783519320,25018,25018.5,25008,25015.5,310
1783519380,25018,25026.5,25016.5,25026,314
1783519440,25025,25030,25025,25027.5,302
1783519500,25028,25036.5,25023,25036,306
1783519560,25036.5,25040.5,25032.5,25033,256
1783519620,25031.5,25040,25029,25039,262
1783519680,25039.5,25051,25034.5,25034.5,254
1783519740,25033.5,25037.5,25011,25026.5,292
1783519800,25026,25030,25011.5,25012,262
1783519860,25012.5,25017,25005.5,25010.5,324
1783519920,25010,25012,24999,25002.5,290
1783519980,25003,25018,25001.5,25005,282
1783520040,25006.5,25010.5,25002,25004,274
1783520100,25003,25005.5,24984.5,24988,315
1783520160,24987.5,24994.5,24981.8,24985,306
1783520220,24984,25003.5,24984,25001.5,332
1783520280,25002,25003.5,24983,24983.5,288
1783520340,24984,24990.5,24973.5,24989,322
1783520400,24988.5,25007.5,24986.5,25002.5,280
1783520460,25002,25024,25001.5,25022,346
1783520520,25021.5,25023,25009,25021.5,298
1783520580,25022,25026.5,25017,25021,306
1783520640,25020,25024.5,25012,25021.5,266
1783520700,25022,25034.5,25022,25027,319
1783520760,25025.5,25028,24992.5,24993,274
1783520820,24990,24994.5,24973,24992,374
1783520880,24991.5,24994.5,24982.5,24986,290
1783520940,24985.5,24992,24981.5,24983.5,272
1783521000,24983,24991.5,24965.5,24965.5,312
1783521060,24966,24972,24959.5,24971,294
1783521120,24971.5,24971.5,24961,24965,266
1783521180,24965.5,24967.5,24952.5,24965,270
1783521240,24964.5,24975.5,24957,24967.5,308
1783521300,24968.5,24972,24947,24947.5,306
1783521360,24948,24958,24942,24953,290
1783521420,24954.5,24969,24947.5,24963,308
1783521480,24962,24967,24959.5,24966.5,238
1783521540,24966,24969.5,24958,24958.5,302
1783521600,24958,24966.5,24954,24964,290
1783521660,24963.5,24969,24961.5,24964.5,292
1783521720,24965.5,24965.5,24952.5,24954.5,244
1783521780,24954,24955,24948.5,24954.5,220
1783521840,24954,24964,24949,24960.5,242
1783521900,24959.5,24961.5,24933.5,24939.6,250
1783521960,24939.1,24951,24936.6,24945.5,274
1783522020,24946,24946.5,24939,24944.5,262
1783522080,24945,24954,24942,24945,288
1783522140,24946.5,24947,24931.5,24931.5,216
1783522200,24933,24943,24931,24942.5,278
1783522260,24943.5,24944.5,24938,24939,226
1783522320,24938.5,24956.5,24934,24956,276
1783522380,24954.5,24961,24940,24952,308
1783522440,24951,24951,24944,24944,254
1783522500,24943.5,24955,24941,24953,286
1783522560,24952.5,24958,24948,24950.5,248
1783522620,24950,24953,24941,24946.5,272
1783522680,24946,24946.5,24940.5,24940.5,200
1783522740,24940,24943,24934,24943,180
1783522800,24942.5,24948.5,24921.5,24928,306
1783522860,24929,24929,24916,24920,248
1783522920,24919,24929,24917.5,24928,222
1783522980,24927,24930,24919,24927,270
1783523040,24926,24938,24919,24933.5,264
1783523100,24933,24945.5,24929,24944,276
1783523160,24943,24945,24922,24922.5,244
1783523220,24924,24934.5,24921,24934,278
1783523280,24933.5,24941,24921.5,24923,248
1783523340,24922.5,24923.5,24913,24914,182
1783523400,24916,24916.5,24908.5,24913,230
1783523460,24912.5,24916,24906,24906.5,202
1783523520,24907,24907,24894,24901,188
1783523580,24900.5,24904,24894,24896,154
1783523640,24897,24897.5,24881.5,24888,220
1783523700,24887,24897.5,24880.8,24882.5,231
1783523760,24882,24882,24869,24871,214
1783523820,24870,24874,24864,24866.5,252
1783523880,24865,24879,24865,24878,242
1783523940,24877,24887,24875,24878,280
1783524000,24877.5,24889.5,24872,24883,246
1783524060,24882,24882,24865,24868.5,248
1783524120,24868,24870,24862.5,24864,198
1783524180,24864.5,24873.5,24862.5,24867,204
1783524240,24867.5,24868.5,24857.5,24862,206
1783524300,24864,24870.5,24859,24860.5,238
1783524360,24861,24870.5,24858.5,24869,240
1783524420,24869.5,24874,24858,24858,230
1783524480,24856.5,24865,24853.5,24854.5,202
1783524540,24854,24864,24847,24859,250
1783524600,24861.9,24871.9,24858.9,24866.9,298
1783524660,24867.4,24878.4,24865.4,24870.4,284
1783524720,24871.9,24880.4,24869.9,24875.9,272
1783524780,24876.4,24896.4,24875.4,24889.9,248
1783524840,24889.4,24905.9,24867.9,24901.4,396
1783524900,24903.9,24903.9,24885.4,24899.4,342
1783524960,24900.9,24903.9,24888.4,24896.9,262
1783525020,24897.4,24917.4,24896.4,24910.4,226
1783525080,24910.9,24912.9,24895.9,24906.9,200
1783525140,24907.4,24909.4,24899.9,24901.9,202
1783525200,24902.9,24912.4,24902.4,24909.4,196
1783525260,24909.9,24912.4,24904.9,24909.9,222
1783525320,24909.4,24914.9,24903.9,24905.9,180
1783525380,24906.4,24914.9,24906.4,24907.9,220
1783525440,24908.4,24913.4,24904.4,24910.9,180
1783525500,24909.9,24910.9,24891.9,24900.4,244
1783525560,24899.9,24905.4,24893.4,24898.9,242
1783525620,24897.9,24898.9,24890.9,24894.9,192
1783525680,24895.4,24895.4,24889.4,24890.9,190
1783525740,24890.4,24895.9,24886.9,24891.4,204
1783525800,24890.4,24891.4,24883.4,24885.9,190
1783525860,24886.4,24887.4,24876.9,24878.4,150
1783525920,24878.9,24885.4,24878.9,24881.9,142
1783525980,24880.9,24890.4,24877.4,24890.4,184
1783526040,24889.9,24891.9,24883.9,24891.4,188
1783526100,24892.4,24900.4,24891.9,24895.4,166
1783526160,24895.9,24895.9,24886.9,24889.9,156
1783526220,24889.4,24891.9,24886.9,24890.9,182
1783526280,24891.4,24894.9,24887.9,24893.9,132
1783526340,24893.4,24899.9,24890.9,24892.4,190
1783526400,24891.9,24900.4,24887.4,24898.9,162
1783526460,24898.4,24901.9,24895.9,24897.4,168
1783526520,24895.9,24906.9,24895.9,24904.9,149
1783526580,24904.4,24907.9,24900.9,24904.9,195
1783526640,24903.9,24909.4,24902.4,24907.9,186
1783526700,24907.4,24917.9,24906.4,24912.9,170
1783526760,24912.4,24920.4,24911.9,24918.9,178
1783526820,24918.4,24918.9,24913.9,24916.9,176
1783526880,24916.4,24919.9,24909.4,24918.9,158
1783526940,24919.9,24925.9,24916.9,24923.9,206
1783527000,24922.9,24938.9,24922.9,24937.9,160
1783527060,24938.4,24942.9,24935.9,24936.4,204
1783527120,24935.9,24943.9,24933.4,24942.9,190
1783527180,24943.4,24943.4,24937.9,24940.9,178
1783527240,24940.4,24942.9,24939.4,24939.9,146
1783527300,24940.4,24944.9,24937.9,24940.4,204
1783527360,24939.9,24950.4,24939.9,24949.4,168
1783527420,24949.9,24956.4,24948.9,24952.9,188
1783527480,24953.4,24953.9,24947.9,24949.9,122
1783527540,24950.9,24954.9,24946.4,24953.4,144
1783527600,24953.9,24958.9,24952.4,24957.4,162
1783527660,24955.9,24960.4,24949.9,24956.9,142
1783527720,24957.9,24961.9,24955.9,24960.4,192
1783527780,24960.9,24967.4,24960.4,24965.4,140
1783527840,24965.9,24968.4,24962.4,24963.4,180
1783527900,24962.4,24965.9,24960.9,24965.4,138
1783527960,24965.9,24966.4,24957.9,24957.9,134
1783528020,24956.9,24970.9,24956.9,24966.9,206
1783528080,24967.4,24967.4,24962.9,24963.9,176
1783528140,24964.4,24964.9,24957.4,24961.4,178
1783528200,24960.4,24972.9,24954.9,24971.4,230
1783528260,24972.4,24978.9,24968.9,24968.9,228
1783528320,24967.9,24968.9,24962.4,24965.9,170
1783528380,24965.4,24966.9,24959.9,24962.4,200
1783528440,24962.9,24964.4,24955.9,24956.9,156
1783528500,24957.4,24980.9,24956.9,24958.4,288
1783528560,24957.9,24957.9,24951.4,24951.9,188
1783528620,24951.4,24952.9,24944.9,24948.4,170
1783528680,24946.9,24948.9,24942.4,24944.9,142
1783528740,24947.4,24978.4,24944.9,24975.9,262
1783528800,24973.4,25011.4,24965.4,25001.9,412
1783528860,25000.9,25005.4,24982.9,24986.4,267
1783528920,24987.4,24994.4,24985.9,24992.4,254
1783528980,24992.9,25002.4,24988.9,24990.9,256
1783529040,24991.9,25003.9,24988.4,24997.9,238
1783529100,24998.4,24998.4,24989.9,24995.9,192
1783529160,24996.4,25003.9,24992.9,25003.4,196
1783529220,25001.4,25001.9,24989.9,24993.4,186
1783529280,24994.9,24996.9,24987.9,24991.4,126
1783529340,24992.9,25000.9,24991.9,24998.9,156
1783529400,24999.4,25002.4,24994.9,24996.4,174
1783529460,24995.9,24996.9,24987.4,24995.4,164
1783529520,24995.9,25000.9,24992.4,24999.4,166
1783529580,24998.9,25001.9,24986.9,24997.9,128
1783529640,24997.4,25000.9,24993.9,24996.9,136
1783529700,24996.4,25000.9,24993.4,24999.4,182
1783529760,25000.9,25004.4,24998.9,25004.4,106
1783529820,25004.9,25007.9,25000.9,25006.9,146
1783529880,25006.4,25009.9,24999.9,25003.9,96
1783529940,25002.9,25007.4,25001.4,25003.9,94
1783530000,25004.4,25004.9,24990.9,24997.4,176
1783530060,24996.9,24997.9,24992.4,24994.4,132
1783530120,24993.9,25001.4,24991.9,24994.4,196
1783530180,24993.9,25000.4,24991.4,24995.4,92
1783530240,24995.9,24999.9,24995.9,24997.9,110
1783530300,24996.9,24998.9,24992.9,24996.9,100
1783530360,24997.9,25007.4,24995.9,25005.9,142
1783530420,25005.4,25009.9,25002.9,25008.9,148
1783530480,25008.4,25009.9,24997.4,24997.9,126
1783530540,24998.4,24998.4,24989.9,24990.4,104
1783530600,24990.9,24990.9,24983.9,24983.9,66
1783530660,24982.9,24984.9,24979.9,24982.4,104
1783530720,24982.9,24985.9,24979.9,24982.4,118
1783530780,24981.9,24989.9,24981.9,24984.4,122
1783530840,24984.9,24986.9,24974.9,24975.4,124
1783530900,24974.9,24978.9,24972.9,24974.9,122
1783530960,24975.9,24981.4,24974.9,24980.4,76
1783531020,24980.9,24984.4,24979.4,24982.9,100
1783531080,24982.4,24984.9,24979.9,24984.4,120
1783531140,24984.9,24995.4,24983.9,24994.4,116
1783531200,24993.9,24998.9,24991.9,24996.9,118
1783531260,24996.4,24999.9,24991.9,24998.9,124
1783531320,24997.9,25010.4,24997.9,25005.4,150
1783531380,25005.9,25006.4,24998.9,25002.4,124
1783531440,25002.9,25006.9,25002.4,25006.9,74
1783531500,25007.9,25013.4,25005.9,25007.4,164
1783531560,25006.9,25006.9,24998.9,25002.9,104
1783531620,25003.4,25004.9,25001.4,25002.4,66
1783531680,25002.9,25006.9,25001.4,25005.9,82
1783531740,25007.9,25008.9,25004.4,25006.9,104
1783531800,25007.4,25011.4,25004.4,25009.9,114
1783531860,25010.9,25013.9,25003.4,25005.4,104
1783531920,25004.9,25008.9,25004.4,25004.9,96
1783531980,25005.4,25005.9,24996.9,24996.9,104
1783532040,24996.4,25005.9,24996.4,25004.4,126
1783532100,25002.9,25006.9,25000.9,25004.9,136
1783532160,25005.4,25007.4,24998.9,25003.9,86
1783532220,25002.9,25010.4,25000.9,25006.9,104
1783532280,25006.4,25007.9,25003.9,25005.9,110
1783532340,25005.4,25008.9,25004.9,25006.9,88
1783532400,25007.4,25007.4,25002.4,25003.4,116
1783532460,25002.9,25005.9,24997.9,24997.9,110
1783532520,24997.4,25007.9,24996.9,25006.9,106
1783532580,25007.9,25007.9,25001.4,25001.9,78
1783532640,25002.4,25002.4,24999.9,25000.4,70
1783532700,25000.9,25000.9,24988.9,24993.9,116
1783532760,24992.9,24998.9,24990.9,24998.4,132
1783532820,24997.9,24999.9,24996.4,24996.9,100
1783532880,24995.9,24995.9,24987.9,24987.9,102
1783532940,24989.9,24990.4,24984.9,24987.9,88
1783533000,24988.9,24998.9,24987.9,24998.4,156
1783533060,24998.9,24998.9,24994.9,24998.9,136
1783533120,24998.4,25004.4,24997.9,25003.9,128
1783533180,25004.4,25004.4,24999.9,24999.9,130
1783533240,24998.9,24999.4,24995.9,24995.9,74
1783533300,24995.4,24995.4,24985.9,24991.9,126
1783533360,24992.4,24992.4,24983.9,24987.4,58
1783533420,24986.9,24987.4,24978.4,24978.9,114
1783533480,24978.4,24983.9,24977.4,24981.9,134
1783533540,24982.4,24988.4,24981.9,24985.4,84
1783533600,24984.9,24996.9,24973.4,24991.4,252
1783533660,24990.4,25004.9,24988.9,25002.4,236
1783533720,25003.4,25010.4,24996.9,24998.4,202
1783533780,24999.4,25013.4,24998.9,25008.9,212
1783533840,25008.4,25018.4,25008.4,25011.9,144
1783533900,25010.9,25013.4,24998.4,25007.4,170
1783533960,25008.4,25008.9,24999.4,24999.9,160
1783534020,25000.4,25004.4,25000.4,25003.4,122
1783534080,25002.4,25011.9,25001.9,25011.9,156
1783534140,25011.4,25013.4,25006.4,25008.9,90
1783534200,25009.4,25009.4,25000.9,25007.9,116
1783534260,25006.9,25014.9,25006.9,25013.4,98
1783534320,25013.9,25014.4,25008.9,25011.4,88
1783534380,25010.9,25013.9,25008.9,25012.9,104
1783534440,25013.4,25017.4,25011.4,25011.9,122
1783534500,25012.9,25013.9,25004.9,25005.9,146
1783534560,25006.4,25006.9,25000.4,25001.9,156
1783534620,25002.4,25004.4,25000.4,25002.9,124
1783534680,25001.9,25007.9,25000.4,25003.9,124
1783534740,25004.4,25008.9,25001.9,25007.9,124
1783534800,25007.4,25007.4,24999.9,24999.9,126
1783534860,25000.9,25004.9,24999.9,25004.4,140
1783534920,25004.9,25011.4,25003.9,25010.4,142
1783534980,25009.4,25010.9,25007.9,25008.4,94
1783535040,25007.9,25008.9,25002.9,25003.4,128
1783535100,25003.9,25006.4,25000.9,25005.4,100
1783535160,25005.9,25006.9,25002.4,25005.4,102
1783535220,25005.9,25011.9,25005.4,25007.9,98
1783535280,25008.4,25014.4,25007.4,25007.9,132
1783535340,25007.4,25008.9,25004.4,25004.4,76
1783535400,25002.9,25003.4,24988.9,24989.9,162
1783535460,24988.9,24994.9,24987.4,24993.9,116
1783535520,24994.9,25002.9,24993.9,24994.9,134
1783535580,24994.4,24995.4,24989.9,24992.4,118
1783535640,24992.9,24995.9,24990.9,24991.9,146
1783535700,24992.4,24993.4,24987.4,24991.9,156
1783535760,24991.4,25001.9,24990.4,24998.9,172
1783535820,24999.4,25007.9,24998.4,25004.4,178
1783535880,25004.9,25008.9,25003.9,25007.4,132
1783535940,25005.9,25006.4,25002.9,25004.9,134
1783536000,25005.4,25007.4,25002.4,25003.9,104
1783536060,25003.4,25004.9,24997.4,24999.9,142
1783536120,25000.4,25002.9,24997.4,24998.9,104
1783536180,24999.4,25003.9,24998.9,25003.4,82
1783536240,25003.9,25007.9,25003.9,25007.4,70
1783536300,25006.9,25009.9,25004.4,25006.4,114
1783536360,25005.9,25007.9,25002.9,25006.9,130
1783536420,25007.4,25007.4,25001.4,25002.4,108
1783536480,25002.9,25006.9,25001.4,25006.4,114
1783536540,25005.9,25011.9,25005.9,25010.9,88
1783536600,25008.9,25013.4,25008.4,25012.9,80
1783536660,25012.4,25012.4,25007.9,25010.9,138
1783536720,25011.4,25014.9,25006.9,25010.4,84
1783536780,25009.9,25011.9,25004.9,25006.4,114
1783536840,25005.9,25008.9,25004.9,25007.9,92
1783536900,25006.4,25008.4,25004.9,25006.4,80
1783536960,25005.9,25006.9,25002.9,25004.9,76
1783537020,25005.9,25009.9,25004.9,25009.9,72
1783537080,25009.4,25009.4,25005.4,25006.9,60
1783537140,25007.4,25012.9,25006.9,25011.4,82
1783537200,25010.9,25019.9,25007.9,25015.4,128
1783537260,25015.9,25017.4,25010.9,25010.9,100
1783537320,25011.4,25012.9,25006.4,25009.9,108
1783537380,25010.4,25011.9,25007.4,25009.9,136
1783537440,25009.4,25011.9,25007.9,25011.4,62
1783537500,25011.9,25014.4,25005.4,25008.9,120
1783537560,25007.9,25011.4,25003.4,25010.9,122
1783537620,25011.4,25014.4,25011.4,25012.4,86
1783537680,25010.9,25017.4,25009.9,25017.4,70
1783537740,25015.3,25018.9,25012.8,25017.9,106
1783537800,25018.4,25018.9,25013.4,25014.9,78
1783537860,25013.9,25014.9,25009.9,25011.4,86
1783537920,25010.9,25011.9,25007.9,25011.4,88
1783537980,25010.9,25012.9,25008.4,25008.4,82
1783538040,25009.4,25011.4,25007.4,25007.9,70
1783538100,25008.9,25008.9,25005.9,25006.9,80
1783538160,25007.9,25010.9,25004.9,25007.4,68
1783538220,25005.9,25013.9,25005.9,25013.4,68
1783538280,25015.4,25015.9,25012.9,25013.9,112
1783538340,25013.4,25013.9,25009.9,25009.9,86
1783538400,25010.9,25012.9,25009.9,25012.4,112
1783538460,25012.9,25016.4,25012.4,25014.9,80
1783538520,25015.9,25016.4,25012.9,25012.9,54
1783538580,25013.9,25015.9,25011.9,25014.9,90
1783538640,25014.4,25014.9,25013.4,25014.4,40
1783538700,25014.9,25017.9,25014.4,25015.4,62
1783538760,25014.9,25015.4,25011.9,25012.9,50
1783538820,25012.4,25017.4,25011.9,25014.4,104
1783538880,25014.9,25016.4,25011.9,25015.4,76
1783538940,25015.9,25018.4,25014.9,25015.9,92
1783539000,25014.4,25017.9,25011.4,25013.4,170
1783539060,25013.9,25018.4,25012.4,25017.9,154
1783539120,25017.4,25020.4,25015.9,25016.4,54
1783539180,25015.9,25015.9,25008.9,25008.9,82
1783539240,25009.9,25011.9,25005.4,25006.9,96
1783539300,25006.4,25009.4,25002.9,25007.4,126
1783539360,25007.9,25015.4,25006.9,25015.4,142
1783539420,25013.9,25014.9,25010.9,25010.9,88
1783539480,25011.4,25011.4,25008.4,25008.9,52
1783539540,25009.9,25009.9,25002.4,25002.4,56
1783539600,25001.9,25006.9,25000.9,25001.9,102
1783539660,25001.4,25001.9,24997.9,25000.9,80
1783539720,25000.4,25006.9,25000.4,25006.9,104
1783539780,25007.4,25009.4,25004.4,25006.4,110
1783539840,25006.9,25011.4,25005.9,25009.4,98
1783539900,25009.9,25009.9,24998.4,25002.4,170
1783539960,25002.9,25005.9,24997.9,24997.9,116
1783540020,24996.9,24996.9,24982.4,24985.9,172
1783540080,24984.9,24994.9,24983.9,24991.9,152
1783540140,24992.4,24995.4,24989.9,24991.9,84
1783540200,24992.9,25005.4,24989.9,25002.9,174
1783540260,25003.9,25008.9,25002.9,25003.9,168
1783540320,25003.4,25008.9,25000.9,25006.4,128
1783540380,25006.9,25008.9,25001.9,25005.9,106
1783540440,25006.4,25007.4,24999.9,25001.4,120
1783540500,25002.9,25010.9,25000.4,25008.4,144
1783540560,25004.9,25005.9,24997.9,25001.9,116
1783540620,25001.4,25010.9,25001.4,25006.9,136
1783540680,25006.4,25012.9,25003.9,25010.9,178
1783540740,25011.4,25019.4,25007.4,25013.9,202
1783540800,25013.4,25013.4,25000.2,25005.9,332
1783540860,25005.5,25008.8,25003.6,25005.5,206
1783540920,25004.8,25005,25001.2,25003.3,154
1783540980,25002.8,25006.2,25001.4,25003.8,188
1783541040,25003.3,25007.9,25003.3,25007.9,156
1783541100,25007.6,25007.6,25003.1,25003.8,138
1783541160,25003.6,25014,25003.3,25005.1,126
1783541220,25005.4,25013.8,25003.7,25004,137
1783541280,25003.7,25011.4,25003.5,25006.6,86
1783541340,25006.8,25014.7,25005.9,25013.3,101
1783541400,25012.8,25012.8,25002,25006.6,112
1783541460,25007.1,25007.1,24997.8,24998.5,230
1783541520,24998.8,24999.5,24994.5,24995.4,150
1783541580,24995.7,25000,24995.4,25000,156
1783541640,25000.2,25004.3,24998.8,25003.1,152
1783541700,25004.7,25008.1,25002.1,25004.7,134
1783541760,25005.9,25005.9,24992.9,24997,138
1783541820,24996.8,25000.6,24985.4,24992.1,104
1783541880,24991.9,24992.6,24988.8,24991.7,100
1783541940,24991,24998.2,24990.2,24994.3,108
1783542000,24994.6,24996.7,24992.4,24995.3,98
1783542060,24994.8,24995.8,24991.7,24993.6,102
1783542120,24993.4,24994.6,24991.7,24993.1,72
1783542180,24992.9,24994.3,24991.2,24993.1,68
1783542240,24993.9,24993.9,24992,24993.1,48
1783542300,24992.9,24993.1,24990.8,24991.7,38
1783542360,24992.2,24993.4,24990.5,24990.5,72
1783542420,24991,24993.4,24990.8,24991.7,50
1783542480,24992.4,24994.6,24991.5,24994.1,56
1783542540,24994.3,24994.6,24992.4,24993.6,60
1783542600,24993.1,24996.3,24991.5,24992,68
1783542660,24991.5,24992,24980.7,24980.7,91
1783542720,24980.9,24987.9,24980.5,24987.9,77
1783542780,24988.6,24989.6,24983.6,24983.6,88
1783542840,24984.1,24984.3,24981.2,24983.4,122
1783542900,24982.9,24984.1,24977.1,24981,144
1783542960,24980.7,24980.7,24969.3,24972.4,158
1783543020,24972.6,24977.1,24972.4,24974.8,118
1783543080,24974.5,24974.5,24961.7,24969.3,132
1783543140,24969.1,24976.5,24967.9,24976,124
1783543200,24976.5,24984.4,24975.3,24979.4,194
1783543260,24979.1,24982.2,24978.4,24980.6,135
1783543320,24980.3,24983.7,24980.3,24982.5,155
1783543380,24983,24984.4,24981,24983.2,100
1783543440,24983.4,24983.4,24977.5,24977.7,98
1783543500,24977.2,24979.1,24976.3,24976.7,92
1783543560,24977.7,24979.1,24977.2,24978.4,96
1783543620,24978.2,24980.6,24977.2,24980.6,88
1783543680,24980.3,24981.5,24979.1,24980.1,66
1783543740,24979.6,24980.1,24977.2,24978.7,60
1783543800,24979.1,24985.8,24979.1,24984.6,98
1783543860,24984.4,24988.2,24983.9,24988.2,98
1783543920,24988.5,24989.2,24984.9,24985.3,98
1783543980,24992.1,24992.1,24988.8,24989,88
1783544040,24989.7,24990,24987.4,24987.6,54
1783544100,24987.8,24988.3,24985.7,24986.4,66
1783544160,24986.9,24990.2,24986.9,24990.2,70
1783544220,24990,24991.2,24987.4,24988.5,104
1783544280,24988.3,24988.5,24985,24988.1,80
1783548120,24999.5,25005.9,24999.5,25005,64
1783548180,25005.2,25006.6,25004.3,25005.4,49
1783548240,25005.2,25006.2,25004,25005.4,62
1783548300,25005.2,25005.4,25002.3,25004.5,104
1783548360,25004.3,25006.6,25002.6,25004.7,66
1783548420,25004.3,25004.3,24998.8,25001.6,94
1783548480,25001.9,25006.9,25001.1,25005.7,94
1783548540,25005.4,25005.7,25001.9,25002.3,94
1783548600,25002.6,25006.9,25001.4,25006.4,76
1783548660,25006.2,25006.2,25003.8,25005.7,42
1783548720,25005.2,25005.7,25002.8,25002.8,26
1783548780,25003.1,25004.7,25003.1,25003.3,14
1783548840,25003.1,25003.1,25001.9,25002.1,18
1783548900,25002.6,25006.2,25002.6,25005.7,23
1783548960,25005.7,25005.9,25004,25004,41
1783549020,25004.7,25005,25003.5,25004,47
1783549080,25003.5,25003.5,25002.3,25002.3,12
1783549140,25002.1,25003.5,24999.7,25003.5,24
1783549200,25002.6,25002.6,24999,25000.9,22
1783549260,25000.7,25000.7,25000.2,25000.4,6
1783549320,25001.1,25001.4,25000.7,25000.9,8
1783549380,25001.1,25001.1,25001.1,25001.1,2
1783549440,25002.6,25003.8,25002.6,25003.3,8
1783549500,25003.5,25003.5,25002.3,25002.3,8
1783549560,25001.9,25001.9,24994.3,24994.8,68
1783549620,24994.6,24997.2,24994.6,24996.7,46
1783549680,24996.9,24998.6,24996.5,24997.7,68
1783549740,24997.9,24999.3,24996.9,24999.3,46
1783549800,25000.1,25003.9,24997.7,24997.9,64
1783549860,24997.7,24998.6,24996.7,24996.7,92
1783549920,24996.9,24997.7,24995.5,24997.2,30
1783549980,24997.4,24999.1,24996.9,24998.6,48
1783550040,24998.9,25008.9,24997.4,25005.8,96
1783550100,25006.3,25006.3,25002.4,25004.6,122
1783550160,25004.4,25006,25004.4,25004.8,50
1783550220,25004.4,25006.3,25001.7,25002.4,64
1783550280,25002.7,25003.9,25000.5,25000.8,38
1783550340,25000.5,25000.5,24997.9,24999.1,40
1783550400,24999.3,25001.5,24999.3,24999.6,62
1783550460,24999.3,24999.3,24997.4,24998.6,42
1783550520,24998.1,24999.1,24998.1,24999.1,12
1783550580,24997.7,24999.1,24996.7,24998.6,30
1783550640,24999.3,25000.5,24997.2,24997.2,32
1783550700,24997.9,25000.5,24997.9,24998.6,78
1783550760,24999.1,24999.8,24998.6,24999.1,16
1783550820,24998.6,24999.8,24998.1,24999.6,22
1783550880,25000.1,25001.5,24999.3,24999.6,24
1783550940,24999.8,24999.8,24999.8,24999.8,2
1783551000,24999.6,25000.8,24998.4,24998.9,52
1783551060,24999.1,25000.8,24999.1,25000.3,38
1783551120,25000.5,25002.4,25000.5,25001.2,52
1783551180,25001,25001,24997.7,24998.6,40
1783551240,24999.1,24999.1,24997.2,24998.1,44
1783551300,24998.4,24998.4,24997.2,24997.7,24