time,open,high,low,close,Volume
1783893720,4095.42,4096.86,4093.94,4095.72,220
1783893780,4095.74,4095.74,4089.1,4090.64,250
1783893840,4089.86,4091.7,4086.6,4091.22,255
1783893900,4091.29,4094,4085.33,4085.9,271
1783893960,4085.94,4089.71,4085.89,4088.88,238
1783894020,4088.79,4090.89,4087.94,4088.88,211
1783894080,4088.56,4091.1,4086.78,4090.18,216
1783894140,4090.42,4090.74,4089.93,4090.53,175
1783894200,4090.19,4093.74,4088.78,4091.89,258
1783894260,4091.83,4091.83,4082.1,4084.49,284
1783894320,4084.83,4087.77,4081.05,4082.06,271
1783894380,4082.16,4085.2,4080.94,4083.56,244
1783894440,4083.78,4084.03,4081.2,4081.43,263
1783894500,4081.46,4086.19,4081.32,4085.78,291
1783894560,4085.29,4087.01,4084.75,4086.38,245
1783894620,4086.42,4087.03,4085.93,4086.02,209
1783894680,4086.01,4086.63,4084.63,4086.36,198
1783894740,4086.35,4087.83,4085.96,4085.96,197
1783894800,4085.95,4087.5,4084.64,4087.29,208
1783894860,4087.23,4087.48,4086.19,4086.24,151
1783894920,4086.24,4086.28,4084.2,4084.47,175
1783894980,4084.48,4084.48,4082.97,4083.58,214
1783895040,4083.59,4084.04,4081.99,4082.46,171
1783895100,4082.47,4082.7,4080.3,4080.99,241
1783895160,4081.09,4083.81,4081.09,4083.56,231
1783895220,4083.69,4085.21,4082.84,4084,186
1783895280,4084.18,4085.5,4084.18,4085.35,169
1783895340,4085.37,4085.44,4084.07,4084.46,165
1783895400,4083.97,4086.51,4083.86,4085.73,215
1783895460,4085.67,4085.7,4083.04,4083.23,189
1783895520,4083.31,4084.01,4082.86,4083.88,122
1783895580,4083.91,4084.66,4083.91,4084.35,139
1783895640,4084.26,4084.26,4082.91,4083.01,98
1783895700,4083,4084.47,4083,4084.24,198
1783895760,4084.22,4084.27,4083.8,4083.92,108
1783895820,4083.99,4084.4,4081.61,4081.95,134
1783895880,4081.96,4082.71,4080.87,4082.39,151
1783895940,4082.26,4082.93,4081.64,4082.28,153
1783896000,4082.35,4082.67,4078.57,4078.97,224
1783896060,4079.01,4080.35,4078.32,4078.84,168
1783896120,4078.75,4079.47,4078.61,4078.68,149
1783896180,4078.73,4079.45,4078.28,4078.66,143
1783896240,4078.81,4079.59,4078.66,4078.66,128
1783896300,4078.64,4079.33,4077.48,4077.98,184
1783896360,4077.96,4078.45,4077.48,4078.45,155
1783896420,4078.42,4078.97,4076.61,4076.61,147
1783896480,4076.52,4077.01,4070.47,4074.68,190
1783896540,4075.05,4079.63,4075.05,4078.33,239
1783896600,4078.18,4079.03,4077.96,4078.47,172
1783896660,4078.74,4080.83,4078.29,4080.68,197
1783896720,4080.62,4080.91,4079.3,4079.32,159
1783896780,4079.28,4079.73,4076.98,4077.29,181
1783896840,4077.5,4078.91,4077.14,4077.58,176
1783896900,4077.45,4077.54,4075.71,4076.65,214
1783896960,4076.82,4079.11,4076.6,4078.06,182
1783897020,4078.1,4078.26,4077.52,4077.97,137
1783897080,4077.95,4077.95,4077.32,4077.32,118
1783897140,4077.33,4077.8,4076.7,4076.73,151
1783897200,4076.75,4076.75,4072.71,4072.84,264
1783897260,4072.94,4074.68,4071.57,4072.17,267
1783897320,4072.21,4072.72,4070.94,4072.27,272
1783897380,4072.27,4073.25,4071.38,4071.38,221
1783897440,4071.32,4071.83,4068.67,4070.49,233
1783897500,4070.54,4072.36,4070.46,4071.86,222
1783897560,4071.8,4071.8,4070.18,4071.11,198
1783897620,4071.05,4072.91,4070.4,4071.25,222
1783897680,4071.36,4071.67,4070.57,4071.07,178
1783897740,4071.1,4071.9,4070.37,4071.21,174
1783897800,4071.25,4072.22,4069.28,4069.28,229
1783897860,4069.31,4070.76,4069.09,4070.46,197
1783897920,4070.47,4071.01,4069.93,4070.64,161
1783897980,4070.65,4070.78,4070.26,4070.71,148
1783898040,4070.27,4070.58,4069.44,4070.2,184
1783898100,4070.09,4070.5,4069.38,4069.6,176
1783898160,4069.55,4070.99,4069.55,4070.87,138
1783898220,4070.85,4070.96,4069.59,4069.6,166
1783898280,4069.52,4071.31,4069.41,4070.76,161
1783898340,4070.72,4071.55,4069.68,4069.68,177
1783898400,4069.66,4070.49,4068.85,4070.23,219
1783898460,4070.2,4071.33,4069.97,4071.02,164
1783898520,4070.87,4072.16,4069.56,4070.32,181
1783898580,4070.3,4070.73,4069.89,4070.62,186
1783898640,4070.6,4072.29,4070.6,4072.13,175
1783898700,4072.14,4072.24,4071.66,4072.09,142
1783898760,4072.08,4072.1,4071.41,4071.43,155
1783898820,4071.48,4072.66,4071.45,4072.55,140
1783898880,4072.56,4074.21,4072.55,4073.82,169
1783898940,4073.84,4075.04,4073.83,4074.68,165
1783899000,4074.65,4074.65,4073.36,4074.4,172
1783899060,4074.35,4074.43,4072.81,4073.05,181
1783899120,4073.05,4073.64,4073.03,4073.6,106
1783899180,4073.62,4073.62,4072.62,4072.67,129
1783899240,4072.64,4072.84,4072.18,4072.6,131
1783899300,4072.59,4073.54,4072.58,4072.69,151
1783899360,4072.7,4073.28,4071.92,4072.25,142
1783899420,4072.26,4073.31,4072.15,4073,136
1783899480,4073,4074.86,4072.79,4073.34,229
1783899540,4073.32,4077.22,4073.24,4077.22,207
1783899600,4077.41,4078.3,4076.44,4078.18,188
1783899660,4078.09,4079.14,4077.08,4077.91,203
1783899720,4077.92,4077.99,4077.36,4077.45,167
1783899780,4077.35,4077.76,4076.8,4077.42,166
1783899840,4077.43,4078.27,4077.42,4077.74,138
1783899900,4077.71,4078.29,4075.75,4076.69,203
1783899960,4076.27,4079.12,4076.19,4077.93,237
1783900020,4077.87,4078.92,4076.57,4076.57,211
1783900080,4076.66,4076.82,4075.91,4076.12,190
1783900140,4076.13,4078.65,4076.13,4078.65,212
1783900200,4078.67,4081.83,4077.98,4080.94,263
1783900260,4080.96,4082.57,4080.81,4081.93,261
1783900320,4082.17,4083.38,4081.39,4081.42,258
1783900380,4081.4,4081.51,4080,4080.82,247
1783900440,4080.8,4082.02,4080.48,4080.8,238
1783900500,4080.74,4081.45,4079.87,4080.33,236
1783900560,4080.34,4081.18,4079.69,4081.18,200
1783900620,4081.16,4084.55,4080.53,4083.73,282
1783900680,4083.78,4084.4,4082.99,4084.05,272
1783900740,4084.11,4084.71,4082.95,4084.47,240
1783900800,4085.13,4086.35,4081,4082.75,302
1783900860,4082.8,4084.57,4082.61,4082.8,273
1783900920,4082.72,4085.35,4082.54,4084.97,280
1783900980,4085.11,4085.86,4084.54,4084.74,272
1783901040,4084.51,4086.32,4083.81,4084.16,258
1783901100,4084.31,4089.54,4083.74,4087.83,283
1783901160,4087.85,4089,4087.17,4088.6,271
1783901220,4088.5,4088.93,4087.05,4087.38,230
1783901280,4087.42,4088.03,4086.15,4086.18,232
1783901340,4086.2,4090.16,4086.2,4088.78,271
1783901400,4088.66,4091.11,4088.64,4090.01,257
1783901460,4090,4090.04,4087.63,4088.29,237
1783901520,4088.81,4088.93,4087.56,4088.05,202
1783901580,4088.1,4088.13,4086.06,4086.71,232
1783901640,4086.73,4087.09,4086.29,4086.85,165
1783901700,4086.91,4087.9,4084.75,4084.76,254
1783901760,4084.73,4085.28,4082.25,4082.33,274
1783901820,4082.34,4082.41,4081.5,4081.62,252
1783901880,4081.59,4081.59,4080.23,4080.53,262
1783901940,4080.49,4082.43,4080.2,4082.29,241
1783902000,4082.27,4083.36,4081.09,4081.77,242
1783902060,4081.95,4082.5,4080.51,4081.96,244
1783902120,4082.01,4082.3,4080.89,4082.3,223
1783902180,4082.28,4083.38,4081.62,4082.8,222
1783902240,4082.84,4083.37,4082.23,4082.48,259
1783902300,4082.47,4082.9,4078.65,4079.45,256
1783902360,4079.47,4079.57,4076.14,4076.8,260
1783902420,4076.82,4077.19,4075.37,4076.86,270
1783902480,4076.85,4077.09,4075.12,4076.16,251
1783902540,4076.17,4076.24,4074.6,4074.77,213
1783902600,4074.72,4075.33,4073.49,4074.77,241
1783902660,4074.56,4074.81,4071.75,4072.35,223
1783902720,4072.36,4072.69,4070.82,4070.82,207
1783902780,4070.83,4071.33,4069.67,4069.67,261
1783902840,4069.55,4069.77,4061.3,4062.24,290
1783902900,4062.5,4068.74,4062.34,4068.46,304
1783902960,4068.48,4069.81,4068.3,4069.46,258
1783903020,4069.46,4070.06,4069.2,4069.49,197
1783903080,4069.53,4070.06,4068.1,4069.15,220
1783903140,4069.16,4069.41,4067.41,4069.31,254
1783903200,4069.32,4069.32,4068.3,4068.67,266
1783903260,4068.67,4070.23,4068.26,4070.11,253
1783903320,4070.15,4073.36,4070.15,4073.14,263
1783903380,4073.15,4073.32,4070.91,4071.21,250
1783903440,4071.1,4073.33,4070.36,4073.25,265
1783903500,4073.29,4076.13,4073.19,4075.51,261
1783903560,4075.55,4076.79,4074.73,4075.09,245
1783903620,4075.1,4075.61,4073.73,4074.03,200
1783903680,4074.09,4074.32,4072.57,4073.61,232
1783903740,4073.55,4073.56,4068.89,4069.12,246
1783903800,4069.35,4073.1,4068.94,4072.84,268
1783903860,4072.86,4074.11,4071.99,4072.65,253
1783903920,4072.64,4074.22,4070.8,4074.22,257
1783903980,4074.16,4074.23,4071.46,4073.04,259
1783904040,4073.01,4074.63,4072.6,4074.53,237
1783904100,4074.53,4075.25,4073.46,4075.2,244
1783904160,4075.23,4076.09,4075.12,4076.05,257
1783904220,4076.04,4076.96,4075.36,4076.26,243
1783904280,4076.21,4077.35,4075.56,4076.9,212
1783904340,4076.58,4076.58,4073.19,4074.11,278
1783904400,4074.22,4074.8,4066.65,4068.21,316
1783904460,4068.63,4068.95,4065.72,4066.89,323
1783904520,4066.9,4071.43,4066.16,4070.81,296
1783904580,4070.76,4076.32,4069.43,4075.31,303
1783904640,4075.26,4075.26,4070.27,4071.2,304
1783904700,4071.32,4073.55,4070.37,4072.79,311
1783904760,4072.77,4074.17,4071.61,4073.86,273
1783904820,4073.86,4080.08,4073.45,4079.39,308
1783904880,4079.42,4079.82,4078.12,4079.12,297
1783904940,4079.15,4081.1,4076.98,4077.54,291
1783905000,4077.42,4079.36,4076.78,4078.63,290
1783905060,4078.67,4080.45,4078.32,4080.36,267
1783905120,4080.37,4080.37,4078.91,4079.3,273
1783905180,4079.25,4079.88,4078.18,4079.51,267
1783905240,4079.6,4080.24,4078.65,4079.67,271
1783905300,4079.66,4081.95,4079.26,4080.32,291
1783905360,4080.39,4081.42,4077.02,4077.08,285
1783905420,4077.11,4077.64,4072.8,4073.26,283
1783905480,4073.29,4074.7,4072.75,4074.65,284
1783905540,4074.35,4075.56,4072.78,4073.62,283
1783905600,4073.56,4076.28,4073.1,4075.17,278
1783905660,4075.59,4076.27,4071.59,4072.04,273
1783905720,4072.07,4072.67,4071.22,4072.6,262
1783905780,4072.56,4074.64,4072.56,4073.58,266
1783905840,4073.43,4074.64,4071.73,4074.33,298
1783905900,4074.63,4078.23,4074.6,4078.18,303
1783905960,4078.08,4078.08,4075.46,4076.42,278
1783906020,4076.23,4079.01,4076.1,4078.05,282
1783906080,4078.03,4078.17,4076.63,4078.1,281
1783906140,4078.12,4080.39,4077.75,4079.88,294
1783906200,4079.77,4081.57,4077.84,4081.4,295
1783906260,4081.42,4084.23,4081.39,4083.96,261
1783906320,4083.94,4089.74,4083.36,4089.02,301
1783906380,4089.15,4089.15,4084.63,4084.91,291
1783906440,4085.1,4086.62,4084,4084.94,299
1783906500,4085.03,4085.03,4082.43,4084.4,258
1783906560,4084.44,4085.09,4083.78,4085.09,256
1783906620,4085.15,4086.16,4083.77,4084.3,257
1783906680,4083.9,4087.42,4083.89,4087.42,254
1783906740,4087.43,4088.76,4086.93,4087.5,276
1783906800,4087.65,4087.7,4083.65,4084.51,284
1783906860,4084.54,4085.42,4084.18,4085.42,260
1783906920,4085.42,4086.27,4084.07,4084.19,253
1783906980,4084.15,4085.01,4083.51,4083.78,236
1783907040,4083.75,4084.58,4083.17,4084.58,256
1783907100,4084.66,4085.54,4084.25,4085.31,265
1783907160,4085.31,4086.53,4083.12,4084.27,265
1783907220,4084.33,4085.03,4083.76,4084.27,270
1783907280,4084.12,4086.88,4083.66,4086.61,252
1783907340,4086.49,4087.12,4085.68,4086.05,251
1783907400,4085.95,4087.47,4085.21,4087.47,259
1783907460,4087.31,4088.11,4082.86,4083.65,299
1783907520,4083.64,4084.49,4082.16,4083.4,280
1783907580,4083.41,4083.41,4078.99,4079.83,281
1783907640,4079.74,4079.74,4074.24,4074.27,283
1783907700,4074.11,4075.58,4067.65,4070.38,321
1783907760,4070.38,4072.14,4069.16,4070.95,301
1783907820,4070.86,4074.52,4070.1,4073.86,282
1783907880,4073.87,4074.6,4071.6,4074.25,297
1783907940,4074.38,4074.71,4072.04,4072.23,263
1783908000,4072.84,4074.27,4070.18,4074.27,291
1783908060,4074.16,4074.54,4072.01,4073.8,267
1783908120,4073.7,4073.77,4070.54,4071.9,297
1783908180,4071.89,4074.17,4071.66,4072.25,296
1783908240,4072,4072.78,4070.16,4070.83,287
1783908300,4070.74,4073.46,4070.25,4070.25,285
1783908360,4070.2,4073.59,4070.2,4073.09,284
1783908420,4073.23,4073.53,4072.13,4072.5,284
1783908480,4072.43,4073.06,4070.21,4071.42,262
1783908540,4071.66,4073.87,4071.07,4073.29,254
1783908600,4073.27,4074.57,4073.18,4073.64,274
1783908660,4073.62,4073.62,4070.87,4072.34,266
1783908720,4072.34,4074.89,4072.34,4073.45,262
1783908780,4073.29,4073.57,4072.18,4073,275
1783908840,4073.03,4073.16,4070.5,4072.29,273
1783908900,4072.1,4073.81,4071.98,4073.81,252
1783908960,4073.83,4074.23,4072.17,4072.51,253
1783909020,4072.28,4073.25,4070.98,4071.39,257
1783909080,4071.37,4073.16,4071.33,4073.16,236
1783909140,4073.03,4073.63,4072.54,4073.47,256
1783909200,4073.55,4074.08,4071.13,4071.54,238
1783909260,4071.44,4072.67,4070.42,4072.66,232
1783909320,4072.75,4072.97,4071.78,4072.91,216
1783909380,4072.9,4073.19,4070.25,4070.69,244
1783909440,4070.62,4071.26,4069.55,4070.41,237
1783909500,4070.41,4071.38,4069.31,4069.65,256
1783909560,4069.54,4069.85,4067.66,4067.66,273
1783909620,4067.64,4068.64,4067,4068.33,269
1783909680,4068.29,4068.52,4066.9,4067.18,234
1783909740,4067.19,4067.92,4066.6,4067.2,270
1783909800,4067.4,4069.93,4064.82,4066.11,297
1783909860,4066.1,4069.46,4065.62,4068.54,305
1783909920,4068.53,4070.15,4067.15,4070.14,287
1783909980,4070.15,4072.36,4070.03,4071.77,270
1783910040,4071.81,4073.88,4071.67,4073.72,226
1783910100,4073.79,4077.19,4073.79,4076.41,279
1783910160,4076.35,4076.82,4075.42,4075.68,263
1783910220,4075.67,4075.69,4074.71,4075.36,236
1783910280,4075.17,4077.24,4074.88,4076.86,259
1783910340,4076.67,4077.45,4075.14,4075.49,230
1783910400,4075.5,4075.5,4071.5,4071.71,254
1783910460,4071.73,4073.02,4071.57,4072.8,260
1783910520,4072.87,4073.53,4072.07,4072.24,268
1783910580,4072.16,4073.01,4071.36,4071.98,253
1783910640,4071.91,4072.8,4071.26,4072.8,239
1783910700,4072.77,4072.95,4072.14,4072.21,218
1783910760,4072.09,4072.46,4071.18,4072.09,248
1783910820,4072,4072,4069.26,4069.26,245
1783910880,4069.19,4070.3,4069.11,4070.2,253
1783910940,4070.15,4070.15,4068.41,4069.46,265
1783911000,4069.49,4070.29,4068.86,4070.17,241
1783911060,4070.16,4070.3,4069.09,4070.15,229
1783911120,4070.06,4070.79,4069.17,4069.84,235
1783911180,4069.81,4072.37,4069.7,4072.03,278
1783911240,4071.96,4072.07,4070.32,4070.37,225
1783911300,4070.37,4071.95,4070.37,4071.73,219
1783911360,4071.75,4071.75,4069.66,4069.66,244
1783911420,4069.66,4070.5,4069.01,4070.39,255
1783911480,4070.38,4071.01,4069.83,4070.59,217
1783911540,4070.6,4071.02,4068.63,4068.69,223
1783911600,4068.72,4069.38,4066.46,4066.97,274
1783911660,4066.89,4067.48,4065.78,4066.48,259
1783911720,4066.47,4066.92,4065.67,4066.23,207
1783911780,4066.13,4066.57,4065.26,4065.47,217
1783911840,4065.43,4065.81,4063.9,4064.54,251
1783911900,4064.53,4064.71,4062.34,4063.42,267
1783911960,4063.3,4063.64,4060.19,4060.67,270
1783912020,4060.57,4061.87,4059.07,4060.87,277
1783912080,4060.82,4061.59,4059.6,4060.9,288
1783912140,4060.81,4061.52,4059.5,4061.5,255
1783912200,4061.51,4061.77,4059.22,4059.38,252
1783912260,4059.37,4060.06,4054.31,4055.18,286
1783912320,4055.21,4056.03,4053.05,4055.02,290
1783912380,4054.91,4056.59,4054.48,4056.54,281
1783912440,4056.52,4058.25,4055.94,4058.11,259
1783912500,4058.12,4059.26,4058.1,4059.23,273
1783912560,4059.22,4059.83,4058.62,4059.41,230
1783912620,4059.37,4060.1,4058.82,4059.23,225
1783912680,4059.38,4060.99,4059.16,4059.47,210
1783912740,4059.52,4060.03,4059.06,4059.72,254
1783912800,4059.79,4060.91,4059.15,4060.51,236
1783912860,4060.57,4060.68,4058.85,4059.91,262
1783912920,4059.87,4061.57,4059.26,4061.5,234
1783912980,4061.58,4061.78,4059.66,4061.02,246
1783913040,4060.96,4061.49,4060.44,4061.44,203
1783913100,4061.43,4061.72,4060.34,4060.74,245
1783913160,4060.75,4061.28,4059.09,4059.37,227
1783913220,4059.24,4060.14,4058.69,4060.1,228
1783913280,4060.04,4061.85,4059.77,4061.51,226
1783913340,4061.3,4062.51,4061.29,4061.89,248
1783913400,4061.89,4062.47,4059.83,4059.88,268
1783913460,4059.86,4060.01,4058.83,4059.45,250
1783913520,4059.44,4060.2,4058.64,4058.64,187
1783913580,4058.67,4059.18,4058.35,4058.43,210
1783913640,4058.38,4058.43,4057.74,4057.95,173
1783913700,4057.96,4058.58,4057.47,4057.49,196
1783913760,4057.5,4057.82,4057.28,4057.33,192
1783913820,4057.38,4057.77,4057.06,4057.55,168
1783913880,4057.56,4059.63,4057.56,4059.25,208
1783913940,4059.21,4060.44,4058.75,4059.81,227
1783914000,4059.72,4059.72,4058.25,4058.57,220
1783914060,4058.58,4060.03,4058.53,4059.07,217
1783914120,4059.05,4059.58,4058.23,4058.53,240
1783914180,4058.48,4058.81,4057.8,4058.22,187
1783914240,4058.24,4058.24,4057.41,4057.7,198
1783914300,4057.82,4058.2,4057.63,4058.06,182
1783914360,4058.06,4059.51,4057.98,4059.15,177
1783914420,4059.15,4059.49,4058.73,4059.16,202
1783914480,4059.17,4060.73,4058.99,4060.4,229
1783914540,4060.31,4060.58,4059.53,4060,208
1783914600,4060.03,4061,4060.02,4060.68,170
1783914660,4060.67,4060.7,4058.99,4059.16,178
1783914720,4059.13,4059.13,4058.46,4058.47,165
1783914780,4058.44,4059.05,4058.44,4058.94,157
1783914840,4058.95,4059.77,4058.94,4059.58,146
1783914900,4059.54,4059.93,4058.44,4059.02,206
1783914960,4058.95,4060.01,4058.7,4059.87,123
1783915020,4059.88,4060.26,4059.54,4059.54,180
1783915080,4059.51,4060.11,4059.4,4060.11,170
1783915140,4060.12,4060.56,4059.81,4060.43,164
1783915200,4060.45,4060.47,4058.73,4059.32,226
1783915260,4059.31,4059.31,4056.79,4056.84,232
1783915320,4056.88,4057.43,4056.55,4057.43,186
1783915380,4057.42,4057.64,4056.68,4056.92,199
1783915440,4056.91,4057.95,4056.89,4057.23,198
1783915500,4057.26,4058.39,4056.94,4057.34,181
1783915560,4057.33,4058.24,4057.33,4057.84,171
1783915620,4057.81,4058.49,4057.18,4057.42,227
1783915680,4057.42,4057.73,4056.09,4056.16,207
1783915740,4056.2,4056.57,4055.6,4056.22,163
1783915800,4056.14,4057.26,4054.7,4055.02,198
1783915860,4055.01,4056.23,4054.95,4055.1,168
1783915920,4055.07,4055.65,4054.77,4055.57,151
1783915980,4055.71,4056.33,4054.36,4054.4,209
1783916040,4054.4,4054.6,4052.43,4054.6,191
1783916100,4054.61,4054.63,4050.38,4051.18,252
1783916160,4051.4,4054.38,4050.94,4054.38,230
1783916220,4054.4,4056.75,4054.06,4056.13,230
1783916280,4056.13,4057.07,4056.13,4056.45,185
1783916340,4056.46,4057.84,4056.43,4057.15,194
1783916400,4057.12,4057.31,4056.46,4057.16,189
1783916460,4057.2,4057.28,4056.28,4057.13,211
1783916520,4057.16,4057.4,4056.65,4057.06,142
1783916580,4057.1,4057.16,4056.1,4056.43,143
1783916640,4056.37,4057.28,4056.35,4057.02,142
1783916700,4057.16,4057.3,4055.93,4056.01,210
1783916760,4056.32,4056.32,4055.63,4055.74,166
1783916820,4055.67,4055.93,4055.01,4055.21,217
1783916880,4055.21,4055.53,4053.65,4054.1,207
1783916940,4053.99,4055.63,4053.82,4055.6,188
1783917000,4055.58,4055.81,4054.99,4055.41,152
1783917060,4055.37,4055.76,4054.12,4055.75,175
1783917120,4055.73,4056.54,4055.67,4056.54,191
1783917180,4056.54,4057.6,4056.4,4056.52,196
1783917240,4056.47,4056.87,4055.81,4056.05,161
1783917300,4056.04,4056.55,4055.7,4055.83,160
1783917360,4055.81,4056.78,4055.81,4056.15,141
1783917420,4056.19,4056.6,4055.63,4055.7,170
1783917480,4055.68,4056.25,4055.34,4056.25,174
1783917540,4056.36,4057.4,4056.36,4056.61,131
1783917600,4056.84,4056.84,4055.16,4055.66,166
1783917660,4055.65,4055.67,4054.12,4054.16,147
1783917720,4054.14,4054.81,4053.37,4054.63,209
1783917780,4054.75,4054.95,4053.37,4053.37,204
1783917840,4053.38,4054.2,4053.21,4054.09,188
1783917900,4054.1,4054.82,4054.05,4054.72,163
1783917960,4054.73,4054.96,4054.73,4054.8,106
1783918020,4054.85,4055.2,4053.66,4054.33,188
1783918080,4054.32,4054.38,4053.37,4053.73,191
1783918140,4053.72,4053.72,4052.92,4053.22,155
1783918200,4052.84,4053.7,4052.61,4053.4,180
1783918260,4053.41,4053.9,4052.95,4053.34,169
1783918320,4053.39,4055.15,4053.39,4055.13,183
1783918380,4055.11,4055.11,4054.57,4054.66,163
1783918440,4054.67,4054.92,4054.36,4054.55,155
1783918500,4054.56,4056.47,4054.42,4056.04,144
1783918560,4056.05,4057.38,4056.05,4057.29,164
1783918620,4057.37,4058.27,4057.16,4057.37,192
1783918680,4057.34,4059.2,4057.12,4059.09,182
1783918740,4058.99,4058.99,4058.34,4058.79,168
1783918800,4058.8,4058.82,4054.87,4055.44,247
1783918860,4055.34,4056.65,4055.19,4056.32,197
1783918920,4056.33,4057.97,4056.32,4057.6,243
1783918980,4057.61,4059.67,4057.47,4059.03,215
1783919040,4059.03,4060.39,4058.69,4060.13,231
1783919100,4060.19,4062.56,4059.62,4061.91,257
1783919160,4061.9,4063.82,4061.86,4063.78,219
1783919220,4063.7,4066.58,4063.01,4066.01,276
1783919280,4065.87,4069.35,4065.78,4069.18,282
1783919340,4069.19,4071.43,4068.97,4070.89,243
1783919400,4070.87,4072.19,4068.67,4070.71,282
1783919460,4070.72,4072.92,4068.81,4069.08,255
1783919520,4069.03,4070.97,4069.03,4069.88,264
1783919580,4069.8,4070.92,4069.16,4069.84,236
1783919640,4069.88,4070.14,4068.19,4069.49,227
1783919700,4069.52,4069.52,4065.48,4065.65,260
1783919760,4065.65,4067.6,4065.64,4066.39,198
1783919820,4066.39,4066.45,4065.8,4066.03,183
1783919880,4066.12,4066.14,4063.92,4064.88,234
1783919940,4064.83,4065.8,4064.44,4065.72,232
1783920000,4065.73,4066.19,4063.74,4063.74,230
1783920060,4063.58,4064.19,4062.59,4063.15,240
1783920120,4063.35,4063.5,4061.75,4061.94,223
1783920180,4061.8,4061.8,4060.11,4061.29,227
1783920240,4061.24,4061.78,4060.35,4061.1,237
1783920300,4061.09,4063.47,4060.9,4063.15,264
1783920360,4063.2,4063.21,4060.52,4061.24,232
1783920420,4061.17,4061.71,4060.73,4061.3,244
1783920480,4061.24,4062.17,4059.26,4059.26,243
1783920540,4059.16,4059.16,4057.47,4058.1,232
1783920600,4057.88,4058.09,4052.31,4055.61,308
1783920660,4055.59,4058.47,4055.55,4057.06,308
1783920720,4056.84,4058.96,4056.26,4058.69,282
1783920780,4058.68,4060,4057.74,4059.97,260
1783920840,4059.93,4062.62,4059.93,4062.16,294
1783920900,4062.07,4064.33,4061.76,4063.86,276
1783920960,4063.56,4064.73,4062.25,4063.99,272
1783921020,4064,4065.6,4063.13,4064.86,259
1783921080,4064.87,4064.9,4063.32,4063.45,235
1783921140,4063.57,4065.31,4063.32,4063.36,267
1783921200,4063.11,4063.5,4061.27,4061.87,263
1783921260,4062.03,4062.73,4060.22,4062.56,277
1783921320,4062.66,4064.62,4061.61,4063.43,266
1783921380,4063.44,4063.73,4062.04,4062.54,235
1783921440,4062.5,4065.31,4062.35,4063.65,256
1783921500,4063.68,4063.68,4062.26,4063.07,238
1783921560,4063.09,4063.1,4058.96,4060.14,285
1783921620,4060.12,4062.04,4059.03,4061.92,271
1783921680,4061.91,4062.84,4059.04,4059.16,255
1783921740,4059.18,4062.69,4059.15,4062.53,238
1783921800,4062.54,4064.1,4061.96,4064.04,254
1783921860,4064.08,4064.28,4060.69,4061.56,258
1783921920,4061.55,4061.98,4060.24,4060.56,272
1783921980,4060.52,4061.72,4058.18,4058.22,239
1783922040,4057.87,4059.29,4057.71,4058.2,272
1783922100,4058,4058.52,4056.72,4057.28,248
1783922160,4057.32,4057.77,4055.63,4057.48,268
1783922220,4057.34,4057.34,4055.06,4055.25,266
1783922280,4055.33,4056.01,4054.72,4054.99,246
1783922340,4054.8,4054.96,4052.81,4053.9,259
1783922400,4053.78,4056.16,4053.62,4054.29,282
1783922460,4054.09,4054.19,4052.29,4052.76,270
1783922520,4052.77,4055.19,4052.3,4054.42,277
1783922580,4054.41,4054.41,4052.22,4052.66,232
1783922640,4052.53,4052.53,4048.79,4051.07,280
1783922700,4051.23,4051.46,4047.67,4048.11,283
1783922760,4047.83,4048.6,4043.9,4044.37,288
1783922820,4044.3,4049.46,4044.19,4049.06,308
1783922880,4049.15,4050.9,4048.42,4050.33,280
1783922940,4050.31,4053.84,4049.25,4052.82,274
1783923000,4052.84,4053.26,4051.38,4051.38,231
1783923060,4051.41,4051.9,4050.77,4051.24,212
1783923120,4051.11,4051.41,4049.2,4049.86,260
1783923180,4049.75,4051.95,4049.73,4051.6,255
1783923240,4051.62,4052.57,4050.67,4050.86,216
1783923300,4050.87,4052.49,4050.85,4051.61,249
1783923360,4051.62,4053.17,4050.95,4051.96,244
1783923420,4051.97,4052.84,4051.41,4052.69,264
1783923480,4052.79,4054.18,4052.49,4053.63,202
1783923540,4053.81,4054.01,4053.18,4053.59,232
1783923600,4053.6,4054.81,4053.51,4054.27,260
1783923660,4054.28,4056.63,4054.06,4056.63,230
1783923720,4056.68,4056.74,4055.72,4055.91,254
1783923780,4055.9,4056.13,4053.65,4053.97,221
1783923840,4054.29,4055.98,4053.98,4055.23,260
1783923900,4055.32,4058.83,4055.29,4058.83,243
1783923960,4058.88,4058.94,4057.97,4058.58,254
1783924020,4058.61,4059.22,4057.28,4057.28,262
1783924080,4057.34,4059.26,4057.17,4058.87,217
1783924140,4058.88,4061.17,4058.75,4061.01,220
1783924200,4061.21,4061.27,4059.11,4059.54,264
1783924260,4059.64,4061.85,4059.54,4061.85,226
1783924320,4061.92,4062.33,4058.96,4059.07,261
1783924380,4059.06,4060.13,4058.76,4059.48,229
1783924440,4059.47,4059.89,4058.71,4059.51,253
1783924500,4059.57,4060.06,4059.22,4059.95,255
1783924560,4059.86,4061.4,4059.2,4061.31,230
1783924620,4061.29,4062.7,4060.76,4062.7,192
1783924680,4062.73,4063.55,4062.26,4062.79,236
1783924740,4062.8,4063.47,4061.78,4062.45,247
1783924800,4062.55,4063.2,4061.1,4061.14,254
1783924860,4061.13,4061.13,4059.99,4060.02,203
1783924920,4060.23,4060.67,4059.48,4059.98,171
1783924980,4060,4061.28,4059.87,4061.11,220
1783925040,4061.12,4061.86,4060.18,4060.23,243
1783925100,4060.24,4060.61,4059.35,4059.56,204
1783925160,4059.62,4059.72,4057.4,4058,232
1783925220,4058.18,4058.62,4057.44,4058.03,217
1783925280,4058.22,4058.27,4056.37,4056.91,227
1783925340,4056.97,4057.8,4056.38,4056.56,238
1783925400,4056.58,4057.51,4055.75,4056.72,229
1783925460,4056.69,4057.38,4055.25,4055.28,179
1783925520,4055.31,4056.28,4054.77,4055.98,210
1783925580,4055.8,4055.93,4053.58,4053.7,190
1783925640,4053.78,4054.29,4052.79,4053.9,228
1783925700,4053.87,4054.46,4053.08,4053.99,229
1783925760,4053.96,4054.23,4052.57,4054.17,242
1783925820,4054.08,4054.08,4052.08,4052.57,210
1783925880,4052.62,4053.34,4052.5,4053.34,223
1783925940,4053.32,4055.86,4053.12,4055.65,291
1783926000,4055.72,4056.51,4054.83,4054.94,268
1783926060,4054.76,4055.16,4049.36,4049.8,258
1783926120,4049.94,4052.16,4049.11,4052.02,266
1783926180,4051.87,4053.25,4051.56,4053.06,238
1783926240,4052.99,4056,4052.95,4053.58,250
1783926300,4053.57,4053.69,4052.17,4053.33,213
1783926360,4053.32,4054.37,4052.18,4052.34,221
1783926420,4052.26,4054.96,4051.53,4054.76,220
1783926480,4054.68,4059.47,4054.68,4059.23,227
1783926540,4059.24,4060.3,4058.47,4058.47,256
1783926600,4058.69,4061.22,4057.91,4059.62,254
1783926660,4059.44,4059.44,4057.36,4057.57,253
1783926720,4057.82,4057.82,4056.6,4056.68,227
1783926780,4056.67,4057.04,4054.95,4055.01,203
1783926840,4054.99,4056.7,4054.53,4055.59,218
1783926900,4055.7,4057.56,4055.7,4057.16,217
1783926960,4057.2,4057.73,4056.75,4057.71,182
1783927020,4057.77,4057.91,4056.49,4056.91,192
1783927080,4056.92,4057.97,4056.53,4057.52,212
1783927140,4057.58,4057.72,4056.87,4057.17,196
1783927200,4057.18,4057.49,4056.14,4056.49,211
1783927260,4056.54,4057.65,4056.12,4057.48,173
1783927320,4057.58,4058.77,4057.33,4058.77,231
1783927380,4058.85,4058.96,4058.16,4058.5,171
1783927440,4058.51,4058.51,4056.98,4057.22,176
1783927500,4057.19,4057.67,4056.62,4057.19,191
1783927560,4057.15,4057.9,4056.56,4057.86,213
1783927620,4057.89,4058.47,4057.24,4057.72,203
1783927680,4057.73,4058.07,4056.69,4058.07,179
1783927740,4058.1,4059.26,4057.88,4058.85,154
1783927800,4058.75,4058.75,4056.44,4056.55,174
1783927860,4056.46,4056.89,4056.27,4056.89,203
1783927920,4056.9,4058.82,4056.9,4058.49,191
1783927980,4058.48,4059.02,4057.8,4058,203
1783928040,4057.97,4060.26,4057.95,4060.03,239
1783928100,4059.91,4062.85,4059.58,4061.55,257
1783928160,4061.44,4061.45,4059.92,4059.96,212
1783928220,4059.95,4061.74,4059.38,4060.93,224
1783928280,4061.01,4061.44,4059.48,4059.49,211
1783928340,4059.53,4060.39,4059.53,4060.27,206
1783928400,4060.26,4061.59,4060.14,4060.97,206
1783928460,4061.07,4061.84,4060.83,4060.93,157
1783928520,4060.92,4060.94,4060.13,4060.49,174
1783928580,4060.47,4060.8,4059.99,4059.99,164
1783928640,4059.98,4059.98,4057.23,4057.42,173
1783928700,4057.45,4058.9,4057.34,4058.9,156
1783928760,4058.91,4058.94,4057.87,4058.32,159
1783928820,4058.51,4058.88,4058.29,4058.36,149
1783928880,4058.36,4058.86,4057.92,4058.74,118
1783928940,4058.74,4059.4,4057.23,4057.52,204
1783929000,4057.07,4057.62,4056.15,4056.47,226
1783929060,4056.46,4058.5,4056.36,4058.4,232
1783929120,4058.46,4059.05,4058.11,4058.56,180
1783929180,4058.59,4059.19,4058.47,4058.77,209
1783929240,4058.82,4061.69,4058.82,4061.5,213
1783929300,4061.43,4062.28,4060.7,4061.55,218
1783929360,4061.3,4061.84,4060.71,4060.92,188
1783929420,4060.93,4062.55,4060.93,4061.93,208
1783929480,4061.92,4064.72,4061.7,4063.96,207
1783929540,4064.09,4065.07,4063.41,4064.53,204
1783929600,4065.39,4067.25,4064.73,4066.14,274
1783929660,4066.01,4066.69,4065.28,4066.37,220
1783929720,4066.59,4067.2,4065.47,4066.89,234
1783929780,4066.86,4066.86,4063.23,4064.85,280
1783929840,4064.83,4065.49,4064.07,4065.26,248
1783929900,4065.25,4067.51,4064.47,4067.18,248
1783929960,4066.97,4069.43,4066.8,4068.24,268
1783930020,4068.15,4069.61,4068.07,4069.39,248
1783930080,4069.01,4070.56,4068.74,4069.22,262
1783930140,4069.29,4071.44,4068.74,4071.37,208
1783930200,4071.36,4071.91,4069.84,4071.91,229
1783930260,4071.92,4073.21,4071.16,4072.35,272
1783930320,4072.37,4074.86,4071.73,4074.47,258
1783930380,4074.34,4074.54,4071.56,4071.56,252
1783930440,4071.74,4074.85,4071.52,4074,281
1783930500,4074.06,4078.12,4073.74,4074.88,286
1783930560,4074.87,4075.01,4073.73,4074.5,228
1783930620,4074.5,4076.27,4074.5,4075.28,258
1783930680,4075.3,4077.06,4075.08,4076.93,271
1783930740,4076.91,4077.21,4074.98,4074.98,244
1783930800,4075.06,4077.59,4074.99,4075.75,237
1783930860,4075.74,4078.55,4075.71,4078.46,236
1783930920,4078.22,4079.35,4078.01,4079.07,239
1783930980,4079.01,4080.71,4078.23,4078.32,270
1783931040,4078.26,4079.67,4078.18,4078.73,204
1783931100,4078.54,4079.68,4076.47,4076.47,243
1783931160,4076.5,4076.75,4074.15,4074.46,239
1783931220,4074.5,4075.72,4074.49,4075.27,216
1783931280,4075.28,4075.48,4074.37,4074.58,202
1783931340,4074.71,4075.16,4074.12,4074.14,232
1783931400,4074.1,4074.21,4073.06,4073.5,218
1783931460,4073.45,4074.83,4073.32,4074.41,226
1783931520,4074.35,4074.84,4073.59,4074.54,164
1783931580,4074.48,4075.57,4074.44,4075.47,211
1783931640,4075.49,4075.49,4072.45,4072.52,186
1783931700,4072.53,4074.03,4071.9,4073.76,210
1783931760,4073.8,4074.03,4073.08,4073.17,147
1783931820,4073.14,4073.6,4072.66,4073.03,214
1783931880,4073.02,4074.3,4073.02,4074.2,216
1783931940,4074.25,4075.06,4074.19,4074.9,171
1783932000,4074.94,4075.73,4073.05,4075.65,202
1783932060,4075.62,4075.62,4074.44,4075.05,149
1783932120,4075.06,4075.57,4074.62,4074.88,180
1783932180,4074.86,4076.13,4074.8,4075.6,205
1783932240,4075.57,4076.49,4075.32,4075.87,171
1783932300,4075.81,4076.07,4074.91,4075.25,158
1783932360,4075.26,4075.36,4072.38,4072.41,195
1783932420,4072.39,4074.1,4072.29,4074.03,193
1783932480,4074.09,4075.17,4073.86,4075.17,219
1783932540,4075.2,4076.38,4075.2,4076.34,179
1783932600,4076.32,4077.22,4075.87,4076.73,212
1783932660,4076.76,4077.43,4076.53,4077.39,199
1783932720,4077.45,4077.67,4076.71,4077.38,181
1783932780,4077.49,4078.03,4077.37,4078.03,157
1783932840,4078.02,4078.53,4077.15,4077.81,184
1783932900,4077.82,4078.13,4075.73,4075.73,166
1783932960,4075.71,4076.31,4074.84,4075.79,191
1783933020,4075.77,4075.77,4074.69,4075,167
1783933080,4075.05,4075.21,4074.24,4074.28,162
1783933140,4074.3,4074.75,4074.26,4074.67,169
1783933200,4074.35,4075.12,4073.8,4074.6,237
1783933260,4074.66,4076.13,4074.66,4076.12,184
1783933320,4076.08,4076.09,4074.88,4074.9,190
1783933380,4074.9,4074.9,4072.9,4072.99,199
1783933440,4073.01,4074.8,4072.98,4074.8,169
1783933500,4074.82,4075.12,4074.01,4074.59,169
1783933560,4074.57,4075.49,4074.32,4075.26,197
1783933620,4075.27,4075.39,4074.26,4074.52,132
1783933680,4074.46,4074.94,4074.21,4074.81,180
1783933740,4074.8,4074.8,4073.83,4073.97,155
1783933800,4073.95,4073.99,4073.3,4073.99,183
1783933860,4074.01,4074.59,4074.01,4074.41,146
1783933920,4074.4,4074.74,4073.14,4073.19,159
1783933980,4073.21,4073.28,4072.76,4072.9,136
1783934040,4072.88,4074.61,4072.84,4074.61,159
1783934100,4074.53,4074.56,4073.36,4073.87,195
1783934160,4074.01,4074.01,4073.07,4073.22,164
1783934220,4073.15,4074.26,4073.15,4073.26,158
1783934280,4073.33,4073.92,4071.6,4071.82,194
1783934340,4072.05,4073.34,4071.8,4073.06,162
1783934400,4072.91,4074.59,4072.86,4074.56,135
1783934460,4074.73,4075.15,4073.6,4073.65,175
1783934520,4073.66,4074.11,4073.53,4073.77,128
1783934580,4073.75,4074.24,4073.32,4074.02,161
1783934640,4074.04,4074.21,4073.01,4074.19,160
1783934700,4074.38,4076.69,4074.32,4076.2,206
1783934760,4076.18,4076.27,4074.24,4074.41,208
1783934820,4074.36,4075.28,4074.18,4074.28,178
1783934880,4073.78,4074.04,4073.06,4073.63,199
1783934940,4073.5,4073.59,4071.47,4072.83,205
1783935000,4072.71,4073.96,4071.78,4072.47,226
1783935060,4072.54,4072.8,4071.28,4072.26,216
1783935120,4072.27,4073.26,4071.94,4072.37,178
1783935180,4072.36,4073.35,4072.22,4072.82,202
1783935240,4072.84,4072.87,4070.57,4071.93,182
1783935300,4071.93,4071.93,4070.58,4071.15,169
1783935360,4071.19,4071.53,4070.68,4070.68,198
1783935420,4070.67,4071.44,4070.4,4071.44,197
1783935480,4071.5,4071.78,4070.84,4071.06,163
1783935540,4071.05,4071.05,4069.62,4069.62,172
1783935600,4069.76,4072.5,4069.73,4071.55,187
1783935660,4071.53,4071.97,4070.66,4071.28,146
1783935720,4071.18,4071.39,4070.95,4070.95,121
1783935780,4071.23,4072.09,4071.09,4071.15,154
1783935840,4071.11,4073.5,4070.96,4072.8,165
1783935900,4072.78,4073.31,4071.76,4073.13,189
1783935960,4073.19,4073.62,4072.6,4072.66,177
1783936020,4072.69,4072.79,4071.82,4072.21,154
1783936080,4072.29,4073.12,4072.15,4072.53,140
1783936140,4072.56,4073.27,4072.39,4072.91,116
1783936200,4072.89,4073.01,4070.06,4070.14,177
1783936260,4070.09,4070.78,4069.97,4070.42,165
1783936320,4070.39,4071.33,4070.38,4070.79,165
1783936380,4070.77,4070.98,4070.45,4070.95,116
1783936440,4071.18,4071.42,4070.7,4071.41,158
1783936500,4071.26,4072.23,4071.04,4072.22,186
1783936560,4072.06,4072.06,4068.91,4069.57,185
1783936620,4069.58,4069.68,4069.01,4069.68,167
1783936680,4069.71,4070.11,4068.99,4068.99,157
1783936740,4068.88,4069.11,4068.26,4068.38,171
1783936800,4068.33,4069.15,4067.75,4068.55,137
1783936860,4068.48,4069.21,4068.31,4068.37,169
1783936920,4068.53,4070.42,4068.35,4070.18,201
1783936980,4070.19,4070.19,4068.92,4069.35,172
1783937040,4069.37,4070.59,4069.24,4070.3,120
1783937100,4070.32,4070.38,4069.01,4069.51,180
1783937160,4069.54,4070.12,4069.13,4069.41,128
1783937220,4069.42,4070.18,4068.69,4069.86,183
1783937280,4069.86,4069.87,4069.11,4069.45,138
1783937340,4069.39,4070.43,4069.07,4069.07,192
1783937400,4069.09,4069.46,4068.17,4068.17,159
1783937460,4068.16,4068.39,4067.46,4067.56,164
1783937520,4067.5,4068.04,4067.28,4067.62,168
1783937580,4067.74,4067.74,4066.85,4067.21,161
1783937640,4067.37,4067.89,4067.22,4067.76,164
1783937700,4067.74,4068.1,4066.54,4066.54,173
1783937760,4066.52,4067.79,4066.05,4067.78,143
1783937820,4067.83,4068.56,4067.82,4068.25,150
1783937880,4068.21,4069.43,4068.01,4068.03,176
1783937940,4068,4068.36,4067.74,4068.36,139
1783938000,4068.43,4068.71,4067.24,4068.66,159
1783938060,4068.67,4068.73,4067.57,4067.68,161
1783938120,4067.66,4067.98,4066.52,4066.66,143
1783938180,4066.73,4067.97,4066.62,4067.97,141
1783938240,4068.23,4068.78,4067.68,4067.68,152
1783938300,4067.55,4067.68,4066.82,4067.3,164
1783938360,4067.28,4067.44,4065.1,4065.16,181
1783938420,4065.03,4065.99,4065.03,4065.99,167
1783938480,4065.82,4065.82,4064.94,4064.97,131
1783938540,4064.92,4065.38,4064.49,4065.12,156
1783938600,4065.06,4066.14,4065.06,4065.52,184
1783938660,4065.49,4065.97,4065,4065.76,138
1783938720,4065.8,4066.87,4065.56,4066.8,140
1783938780,4066.79,4067.33,4066.57,4066.71,176
1783938840,4066.7,4066.81,4065.71,4066.11,196
1783938900,4066.2,4067.36,4066.2,4066.87,155
1783938960,4066.83,4067.09,4066.46,4066.9,130
1783939020,4066.89,4067.68,4066.08,4067.67,155
1783939080,4067.51,4068.22,4066.7,4066.96,144
1783939140,4066.97,4067.33,4066.35,4066.68,123
1783939200,4066.72,4066.93,4064.76,4065.23,141
1783939260,4065.28,4065.59,4053.46,4053.46,280
1783939320,4053.01,4054.84,4047.01,4054.49,304
1783939380,4054.65,4055.28,4053.43,4054.04,255
1783939440,4054.02,4054.02,4051.43,4052.28,216
1783939500,4051.57,4053.68,4051.57,4053.14,223
1783939560,4053.06,4053.06,4050.56,4050.92,256
1783939620,4050.7,4051.28,4048.22,4051.24,277
1783939680,4051.24,4052.58,4050.08,4051.97,253
1783939740,4051.95,4054.4,4051.69,4054.25,214
1783939800,4053.6,4055.12,4051.84,4055,256
1783939860,4055.17,4056.95,4054.9,4056.95,210
1783939920,4056.99,4057.12,4055.12,4056.41,238
1783939980,4056.51,4057.56,4056.44,4056.87,218
1783940040,4056.88,4058.41,4056.42,4058.27,200
1783940100,4058.25,4059.59,4058.24,4059.18,231
1783940160,4059.45,4060.18,4059.07,4060.06,244
1783940220,4060.04,4060.04,4058.74,4059.88,225
1783940280,4060.28,4061.2,4060.22,4061.06,224
1783940340,4061.08,4061.54,4060.33,4060.59,203
1783940400,4060.83,4062.9,4058.83,4058.84,264
1783940460,4058.85,4061.23,4058.32,4061.19,232
1783940520,4061.15,4061.41,4059.71,4060.93,216
1783940580,4060.9,4064.05,4060.81,4063.13,223
1783940640,4063.12,4063.99,4063.06,4063.61,213
1783940700,4063.66,4066.71,4063.51,4066.71,233
1783940760,4066.74,4067.99,4063.39,4064.04,247
1783940820,4063.88,4066.23,4063.83,4065.35,240
1783940880,4065.34,4066.29,4064.77,4066.27,221
1783940940,4066.05,4066.24,4064.36,4065.1,243
1783941000,4065.13,4065.72,4063.73,4063.73,233
1783941060,4063.72,4064.99,4062.83,4064.95,250
1783941120,4064.94,4065.69,4064.55,4064.65,216
1783941180,4064.66,4065.27,4064.1,4064.62,174
1783941240,4064.64,4064.74,4062.92,4064.11,223
1783941300,4064.13,4064.26,4063.08,4063.6,226
1783941360,4063.8,4065.06,4063.68,4064.69,152
1783941420,4064.41,4064.53,4062.71,4062.78,166
1783941480,4062.64,4063.16,4062.27,4062.34,171
1783941540,4062.31,4063.28,4061.17,4061.71,199
1783941600,4061.77,4062.13,4059.49,4059.83,233
1783941660,4059.8,4061.65,4059.56,4061.42,199
1783941720,4061.32,4061.63,4059.44,4059.44,172
1783941780,4059.94,4060.22,4058.72,4059,167
1783941840,4058.97,4059.31,4058.29,4059.1,191
1783941900,4059.04,4061.24,4058.58,4061.24,223
1783941960,4061.15,4063.57,4061.04,4062.46,234
1783942020,4062.22,4062.99,4061.27,4062.93,186
1783942080,4062.95,4063.67,4062.62,4062.62,197
1783942140,4062.53,4063.74,4062.53,4062.9,180
1783942200,4062.58,4063.05,4062.09,4062.52,200
1783942260,4062.53,4064.7,4062.28,4064.53,254
1783942320,4064.51,4065.08,4063.66,4063.66,197
1783942380,4063.96,4066.43,4063.54,4065.15,219
1783942440,4065.2,4067.83,4065.2,4067.83,222
1783942500,4067.72,4068.24,4066.71,4067.37,216
1783942560,4067.1,4067.49,4064.02,4064.02,216
1783942620,4064.01,4064.68,4063.54,4063.84,196
1783942680,4063.77,4064.18,4063.32,4064.18,178
1783942740,4064.16,4065.4,4063.73,4064.01,199
1783942800,4064.02,4065.96,4063.99,4065.65,231
1783942860,4065.61,4066.81,4065.58,4066.02,205
1783942920,4066.06,4066.07,4065.04,4065.97,177
1783942980,4066.08,4067.19,4065.36,4065.36,206
1783943040,4065.29,4065.36,4064.48,4065.26,177
1783943100,4065.42,4065.62,4064.78,4065.06,192
1783943160,4064.98,4065.74,4063.84,4063.9,214
1783943220,4063.86,4064.22,4062.15,4062.58,234
1783943280,4062.5,4062.5,4060.7,4061.52,261
1783943340,4061.48,4063.57,4061.39,4063.05,204
1783943400,4063,4063.55,4061.75,4061.76,206
1783943460,4061.79,4061.91,4059.83,4059.88,224
1783943520,4059.85,4059.87,4057.4,4057.44,240
1783943580,4057.56,4058.84,4055.88,4055.88,232
1783943640,4055.87,4056.71,4055,4056.56,244
1783943700,4056.46,4057.69,4055.52,4057.47,242
1783943760,4057.43,4057.43,4056.32,4056.32,194
1783943820,4056.44,4057.67,4056.39,4056.72,203
1783943880,4056.71,4057.11,4056.41,4057.11,178
1783943940,4057.13,4057.73,4056.4,4056.49,163
1783944000,4056.7,4059.15,4056.23,4058.87,259
1783944060,4058.8,4059.6,4057.07,4059.4,192
1783944120,4059.45,4059.77,4059.13,4059.16,211
1783944180,4059.21,4060.36,4058.57,4059.58,187
1783944240,4059.6,4059.67,4057.53,4058.42,210
1783944300,4058.62,4059.57,4058.22,4059.11,206
1783944360,4059.18,4059.43,4057.48,4058.35,201
1783944420,4058.4,4059.41,4056.09,4056.21,194
1783944480,4056.36,4056.58,4055.04,4055.41,243
1783944540,4055.5,4056.69,4055.5,4056.1,202
1783944600,4056.11,4058.36,4055.44,4058.36,238
1783944660,4057.91,4060.18,4056.11,4056.32,288
1783944720,4056.36,4057.12,4053.6,4055.28,288
1783944780,4055.39,4057.72,4055.39,4057.39,206
1783944840,4057.43,4058.17,4056.07,4056.29,244
1783944900,4056.24,4059.79,4056.24,4058.75,220
1783944960,4059.21,4059.21,4058.13,4059.06,248
1783945020,4059.22,4060.8,4058.87,4060.09,247
1783945080,4060.19,4060.66,4060,4060.59,231
1783945140,4060.58,4060.6,4059.21,4059.28,173
1783945200,4058.95,4059.18,4055.2,4058.23,243
1783945260,4058.03,4058.72,4057.47,4057.94,234
1783945320,4057.98,4060.32,4057.96,4060.32,191
1783945380,4060.35,4060.87,4059.61,4060.72,225
1783945440,4060.77,4062.27,4060.7,4062.25,226
1783945500,4062.23,4063.56,4061.76,4062.27,240
1783945560,4061.89,4062.76,4060.89,4062.12,206
1783945620,4062.12,4062.12,4059.64,4060.6,249
1783945680,4060.62,4061.23,4060.56,4060.56,222
1783945740,4060.62,4062.01,4058.78,4059.01,212
1783945800,4058.78,4060.63,4058.78,4059.54,190
1783945860,4059.55,4059.96,4058.84,4059.8,210
1783945920,4059.98,4062.61,4059.83,4062.1,218
1783945980,4062.14,4062.6,4059.93,4061.96,238
1783946040,4061.84,4062.96,4061.68,4062.9,190
1783946100,4062.74,4063.31,4062.36,4062.65,197
1783946160,4062.64,4062.67,4061.2,4061.21,201
1783946220,4061.22,4061.54,4059.79,4061.01,245
1783946280,4061,4061.96,4060.15,4061.88,187
1783946340,4061.85,4061.85,4060.03,4060.94,213
1783946400,4060.91,4063.08,4060.83,4063.04,203
1783946460,4063.05,4063.12,4062.42,4062.53,221
1783946520,4062.57,4062.92,4060.54,4061.39,216
1783946580,4061.4,4063.9,4061.16,4063.89,178
1783946640,4063.86,4064.02,4062.52,4062.85,187
1783946700,4062.96,4064.28,4062.89,4063.71,218
1783946760,4063.72,4064.15,4063.08,4063.44,221
1783946820,4063.42,4065.55,4063.36,4065.54,229
1783946880,4065.61,4066.21,4064.74,4065.61,194
1783946940,4065.69,4066.71,4065.69,4065.76,214
1783947000,4065.48,4065.8,4064.9,4065.49,213
1783947060,4065.48,4065.75,4064.86,4065.67,189
1783947120,4065.64,4066.21,4065.12,4065.15,233
1783947180,4065.12,4066.56,4064.25,4066.09,224
1783947240,4066.06,4066.73,4065.8,4065.88,192
1783947300,4065.86,4066.6,4065.67,4066.4,251
1783947360,4066.43,4067.15,4065.59,4065.6,264
1783947420,4065.65,4065.68,4063.77,4064.25,245
1783947480,4064.24,4065.95,4064,4065.93,172
1783947540,4065.97,4067.36,4065.97,4067.34,238
1783947600,4067.44,4067.53,4064.72,4065.21,312
1783947660,4065.38,4066.05,4063.91,4064.54,274
1783947720,4064.52,4065.67,4063.37,4064.4,258
1783947780,4064.41,4064.41,4059.35,4061.78,286
1783947840,4061.66,4062.99,4061.18,4062.99,234
1783947900,4062.95,4063.58,4061.96,4062.87,254
1783947960,4062.89,4063.08,4060.93,4062.18,240
1783948020,4062.22,4063.1,4060.85,4061.92,233
1783948080,4061.91,4064.93,4061.59,4064.64,252
1783948140,4064.63,4064.64,4063.3,4063.49,231
1783948200,4063.65,4063.79,4059.39,4060.5,255
1783948260,4060.41,4060.69,4059.55,4059.92,228
1783948320,4059.98,4060.98,4059.26,4060.98,248
1783948380,4060.88,4062.14,4060.88,4061.69,230
1783948440,4061.73,4062.39,4061.73,4061.85,152
1783948500,4061.94,4062.05,4058.7,4060.01,267
1783948560,4059.96,4060.43,4059.75,4060.33,223
1783948620,4060.36,4060.48,4058.66,4059.53,261
1783948680,4059.46,4061.55,4059.44,4061.18,261
1783948740,4061.12,4061.78,4060.65,4061.03,195
1783948800,4061.08,4062.02,4060.56,4061.73,234
1783948860,4061.72,4062.33,4060.94,4061.91,248
1783948920,4061.88,4062.79,4061.54,4062.79,236
1783948980,4062.72,4062.72,4061.46,4061.49,202
1783949040,4061.58,4062.69,4061.58,4062.08,188
1783949100,4062.3,4062.35,4061.26,4061.6,212
1783949160,4061.65,4062.17,4061.37,4062.07,216
1783949220,4062.05,4064.08,4061.37,4063.13,230
1783949280,4063.15,4065.92,4063.14,4064.98,249
1783949340,4065,4065.06,4062.13,4062.26,262
1783949400,4062.25,4063.9,4061.19,4063.55,312
1783949460,4063.54,4063.79,4061.89,4062.29,304
1783949520,4062.01,4062.39,4060.95,4061.86,296
1783949580,4061.84,4062.06,4057.02,4057.89,278
1783949640,4057.76,4058.94,4056.85,4058.34,286
1783949700,4058.43,4060.09,4057.45,4059.82,300
1783949760,4059.83,4061.27,4057.91,4058.14,270
1783949820,4057.77,4059.88,4057.77,4058.19,296
1783949880,4058.18,4059.01,4056.87,4058.08,286
1783949940,4058.3,4058.31,4054.09,4054.52,296
1783950000,4054.42,4055.67,4052.91,4055.67,284
1783950060,4055.8,4058.42,4055.69,4056.96,288
1783950120,4056.94,4057.31,4054.38,4055.25,298
1783950180,4055.07,4055.7,4051.59,4052.13,287
1783950240,4051.9,4055.16,4051.83,4054.87,296
1783950300,4054.86,4055.66,4053.32,4053.73,313
1783950360,4053.73,4058.19,4053.73,4057.45,301
1783950420,4057.37,4057.46,4055.25,4055.48,280
1783950480,4055.71,4057.24,4053.72,4054.08,293
1783950540,4053.75,4053.75,4049.88,4050.75,303
1783950600,4050.74,4050.8,4048.61,4049.12,296
1783950660,4049.13,4049.85,4042.83,4043.84,306
1783950720,4043.95,4050,4043.48,4050,324
1783950780,4049.76,4050.31,4047.12,4048.39,296
1783950840,4048.57,4052.36,4048.14,4051.72,308
1783950900,4051.52,4052.22,4050.31,4051.65,293
1783950960,4051.27,4052.9,4051.22,4052.18,301
1783951020,4052.32,4052.32,4049.74,4050.73,308
1783951080,4050.34,4050.94,4049.21,4049.61,300
1783951140,4049.61,4050.54,4042.04,4043.22,302
1783951200,4043.03,4046.8,4039.43,4041.67,312
1783951260,4041.94,4043.56,4040.6,4041.47,318
1783951320,4041.37,4043.7,4039.91,4041.57,310
1783951380,4041.62,4041.62,4038.09,4041.03,316
1783951440,4041.04,4041.04,4037.88,4040.06,320
1783951500,4039.97,4040.77,4037.08,4038.57,289
1783951560,4038.56,4038.56,4033.29,4033.44,312
1783951620,4033.8,4035.84,4029.81,4031.49,306
1783951680,4031.43,4035.95,4031.23,4035.15,310
1783951740,4035.08,4037.77,4034.33,4037.56,287
1783951800,4037.48,4037.48,4034.59,4037.06,306
1783951860,4037.02,4039.22,4036.38,4039.22,271
1783951920,4039.29,4039.49,4035.74,4036.33,301
1783951980,4036.15,4036.8,4035.34,4036.23,255
1783952040,4036.35,4036.49,4033.99,4035.81,269
1783952100,4035.86,4037.29,4033.21,4033.4,298
1783952160,4033.65,4034.47,4010.38,4013.19,292
1783952220,4012.98,4016.47,4007.68,4015.66,334
1783952280,4014.54,4020.44,4013.24,4020.23,336
1783952340,4019.76,4024.76,4019.49,4021.75,326
1783952400,4021.47,4021.95,4012.74,4013.58,332
1783952460,4014,4014.27,4002.65,4007.55,332
1783952520,4008.09,4014.23,4005.75,4012.16,327
1783952580,4012,4017.55,4011.85,4016.91,313
1783952640,4016.82,4021.84,4016.27,4021.31,299
1783952700,4021.28,4026.61,4019.57,4025.22,304
1783952760,4024.78,4028.61,4024.41,4025.04,312
1783952820,4025.18,4025.18,4014.92,4016.63,320
1783952880,4016.47,4018.21,4016.17,4017.76,311
1783952940,4017.85,4019.91,4016.16,4016.85,306
1783953000,4016.65,4016.69,4014.21,4015.69,289
1783953060,4015.48,4016.11,4008.49,4008.8,312
1783953120,4006.21,4010.8,4006.07,4009.6,310
1783953180,4009.84,4009.85,4005.11,4009.09,307
1783953240,4009.26,4010.55,4008.43,4010.44,307
1783953300,4010.45,4010.48,4005.87,4007.6,309
1783953360,4007.63,4008.62,4006.53,4008.29,289
1783953420,4008.32,4008.48,4003.97,4005,297
1783953480,4004.98,4008.45,4003.82,4008.08,299
1783953540,4008.15,4008.98,4006.3,4007.72,283
1783953600,4007.57,4007.6,4000.54,4002.58,309
1783953660,4002.62,4004.82,4002.25,4002.72,304
1783953720,4002.65,4004.95,4002.65,4004.62,277
1783953780,4004.61,4004.89,4002.34,4003.93,306
1783953840,4003.95,4006.1,4003.25,4005.49,285
1783953900,4005.5,4005.57,4002.89,4005.46,303
1783953960,4005.48,4006.55,4001.97,4006.41,306
1783954020,4006.13,4006.81,4002.3,4003.2,301
1783954080,4003.11,4007.26,4003.11,4007.26,300
1783954140,4007.2,4009.4,4005.7,4006.32,294
1783954200,4006.25,4007.46,4005.05,4005.63,278
1783954260,4005.6,4009.76,4005,4008.86,288
1783954320,4008.84,4009.11,4006.82,4006.92,297
1783954380,4006.95,4008.19,4004.5,4007.23,282
1783954440,4007.22,4010.73,4007.2,4009.3,273
1783954500,4009.33,4010.23,4008.82,4009.91,269
1783954560,4010.05,4012.19,4008.81,4011.36,260
1783954620,4011.37,4012.29,4010.57,4012.26,283
1783954680,4012.27,4012.7,4011.68,4012.35,232
1783954740,4012.39,4015.25,4012.37,4015.25,281
1783954800,4015.34,4017.57,4014.38,4015.84,305
1783954860,4015.69,4016.84,4013.54,4013.54,292
1783954920,4013.53,4015.16,4013.32,4014.37,278
1783954980,4014.58,4016.47,4014.15,4015.83,253
1783955040,4015.81,4016.13,4011.84,4011.85,251
1783955100,4011.88,4012.88,4010.94,4011.38,256
1783955160,4011.3,4012.74,4011.07,4012.74,260
1783955220,4012.78,4013.81,4012.22,4013.29,216
1783955280,4013.27,4013.86,4012.26,4012.42,235
1783955340,4012.51,4014.08,4012.12,4014.05,201
1783955400,4014.06,4015.66,4013.67,4015.61,248
1783955460,4015.6,4016.75,4015.37,4015.66,262
1783955520,4015.7,4016.8,4015.17,4015.93,264
1783955580,4015.82,4016.22,4014.15,4014.78,263
1783955640,4014.74,4015.01,4013.91,4014.86,233
1783955700,4014.96,4016.13,4014.21,4015.61,267
1783955760,4015.48,4015.8,4013.43,4014.49,244
1783955820,4014.6,4014.71,4013.32,4013.92,252
1783955880,4014.02,4015.94,4014.02,4015.5,247
1783955940,4015.53,4019.29,4013.98,4019.17,258
1783956000,4019.07,4019.07,4017.67,4018.83,270
1783956060,4018.59,4018.59,4016.84,4018.25,235
1783956120,4018.42,4020.27,4017,4017,259
1783956180,4017.13,4017.27,4015.68,4016.1,258
1783956240,4016.13,4016.52,4015.59,4016.2,260
1783956300,4016.09,4016.28,4013.28,4013.88,257
1783956360,4013.87,4016.53,4013.87,4015.47,238
1783956420,4015.48,4015.83,4015.17,4015.43,218
1783956480,4015.63,4017.46,4015.61,4016.95,238
1783956540,4016.93,4018.57,4016.33,4016.47,266
1783956600,4016.7,4016.99,4014.41,4015.05,273
1783956660,4015.12,4016.1,4014.48,4016.1,251
1783956720,4016.12,4017.64,4015.68,4017.59,236
1783956780,4017.64,4017.65,4015.73,4016.29,237
1783956840,4016.24,4016.85,4014.2,4014.96,233
1783956900,4014.97,4016.72,4014.97,4015.45,229
1783956960,4015.52,4016.07,4014.44,4014.62,249
1783957020,4014.29,4016.88,4013.63,4016.88,256
1783957080,4016.81,4016.83,4014.94,4015.5,179
1783957140,4015.51,4015.99,4015.14,4015.54,235
1783957200,4015.63,4016.16,4014.87,4015.12,207
1783957260,4015.19,4015.19,4013.48,4014.13,246
1783957320,4014.28,4015.24,4014.06,4014.14,207
1783957380,4014.12,4014.6,4013.86,4014.29,214
1783957440,4014.26,4014.26,4012.42,4013.5,234
1783957500,4013.44,4013.44,4011.99,4013.1,252
1783957560,4013.07,4013.09,4010.98,4012.98,265
1783957620,4012.96,4013.2,4011.76,4012.56,231
1783957680,4012.53,4014.83,4012.53,4014.11,231
1783957740,4014.13,4014.34,4012.68,4013.78,198
1783957800,4013.98,4014.18,4012.42,4012.8,187
1783957860,4012.79,4013.42,4010.76,4010.78,230
1783957920,4010.55,4011.6,4010.4,4011.6,270
1783957980,4011.72,4013.63,4011.34,4013.63,245
1783958040,4013.86,4014.26,4012.56,4013.58,233
1783958100,4013.59,4014.65,4013.09,4013.64,236
1783958160,4013.63,4014.24,4012.93,4014.23,222
1783958220,4014.14,4014.24,4012.82,4013.23,218
1783958280,4013.24,4013.96,4012.88,4013.95,235
1783958340,4013.97,4016.04,4013.5,4016.04,225
1783958400,4015.93,4016.34,4014.05,4014.81,259
1783958460,4014.82,4015.95,4013.9,4015.95,245
1783958520,4015.94,4017.98,4015.73,4017.22,232
1783958580,4017.12,4017.15,4016.02,4016.44,224
1783958640,4016.51,4016.99,4015.84,4015.87,200
1783958700,4015.9,4016.82,4015.88,4016.49,190
1783958760,4016.51,4017.09,4015.38,4015.48,199
1783958820,4015.47,4015.79,4013.63,4014.18,191
1783958880,4014.57,4015.21,4014.17,4014.73,201
1783958940,4014.79,4015.52,4014.44,4015.23,191
1783959000,4015.19,4016.4,4014.9,4016.38,189
1783959060,4016.35,4016.35,4015.47,4016.1,174
1783959120,4016.15,4016.21,4014.35,4014.6,206
1783959180,4014.61,4015.27,4013.49,4013.82,210
1783959240,4013.87,4014.22,4012.67,4014.05,194
1783959300,4014.05,4014.05,4011.94,4012.83,236
1783959360,4012.85,4013.9,4010.99,4013.72,251
1783959420,4013.68,4013.68,4011.97,4012.2,240
1783959480,4012.22,4012.72,4011.13,4011.62,220
1783959540,4011.61,4012.43,4011.11,4012.06,239
1783959600,4011.99,4012.69,4011.66,4012.53,222
1783959660,4012.61,4012.71,4011.83,4012.45,201
1783959720,4012.47,4012.47,4011.49,4011.83,225
1783959780,4011.99,4012.32,4011.3,4011.86,228
1783959840,4011.89,4012.3,4009.72,4009.77,257
1783959900,4009.57,4010.64,4009.51,4010.1,246
1783959960,4010.09,4010.34,4008.42,4009.14,237
1783960020,4008.99,4009.18,4006.29,4006.56,272
1783960080,4006.78,4007.3,4005.56,4006.39,262
1783960140,4006.4,4006.75,4000.62,4003.79,295
1783960200,4004,4004.53,4001.42,4002.06,284
1783960260,4001.74,4003.92,4000.58,4001.95,295
1783960320,4001.93,4002.2,4000.55,4001.11,287
1783960380,4001.08,4001.16,3993.22,3995.25,320
1783960440,3995.43,3995.44,3992.17,3994.74,308
1783960500,3994.76,3996.45,3990.99,3992.62,312
1783960560,3992.41,3995.6,3991.27,3993.32,298
1783960620,3993.26,3995.66,3990.7,3992.25,294
1783960680,3992.16,3995.46,3991.81,3995.46,308
1783960740,3995.37,3997.45,3995.37,3996.87,284
1783960800,3996.39,3997.71,3995.25,3997.46,298
1783960860,3997.33,3999.69,3996.85,3999.3,278
1783960920,3999.2,3999.95,3998.47,3999.07,296
1783960980,3999.08,4000.11,3998.1,4000.11,271
1783961040,4000.16,4000.82,3999.21,4000.67,278
1783961100,4000.67,4002.72,4000.47,4001.82,274
1783961160,4001.81,4001.82,3999.95,4000.84,267
1783961220,4000.86,4000.88,3998.09,3998.14,285
1783961280,3998.23,3999.28,3997.39,3999.13,274
1783961340,3999.07,3999.77,3998.11,3998.78,210
1783961400,3998.46,3998.99,3993.24,3993.92,299
1783961460,3994.14,3994.84,3992.29,3993.3,302
1783961520,3992.99,3994.39,3992.94,3992.99,289
1783961580,3992.71,3994.6,3992.22,3994.3,278
1783961640,3994.35,3994.35,3991.72,3992.29,288
1783961700,3992.23,3992.23,3986.64,3988.57,305
1783961760,3988.66,3990.7,3987.94,3990.4,290
1783961820,3990.49,3992.72,3989.17,3992.72,268
1783961880,3992.8,3993.23,3990.77,3991.36,245
1783961940,3991.28,3993.25,3990.94,3993.24,267
1783962000,3993.69,3995.36,3992.28,3995.23,306
1783962060,3995.37,3996.17,3994.83,3995.16,274
1783962120,3995.22,3997.09,3994.81,3995.26,248
1783962180,3995.33,3995.36,3993.64,3994.38,264
1783962240,3994.35,3994.91,3994.13,3994.73,275
1783962300,3994.72,3996.48,3993.6,3995.77,257
1783962360,3995.8,3996.61,3994.48,3995.29,240
1783962420,3995.32,3996.92,3995.08,3996.53,219
1783962480,3996.71,3997.16,3996.43,3996.67,232
1783962540,3996.64,3998.97,3996.44,3998.09,224
1783962600,3997.99,3998.59,3997.72,3997.91,218
1783962660,3997.82,3998.4,3997.14,3997.61,221
1783962720,3997.52,3998.15,3997.08,3998.15,210
1783962780,3998.47,3998.47,3997.45,3997.51,207
1783962840,3997.28,3998,3996.75,3997.61,249
1783962900,3997.95,3998.73,3996.92,3997.57,282
1783962960,3997.63,3999.13,3997.44,3998.91,233
1783963020,3998.88,4000.06,3998.3,4000.01,215
1783963080,4000.03,4001.14,3999.41,4001.1,236
1783963140,4000.97,4001.55,4000.04,4001.12,211
1783963200,4000.99,4001.13,3999.88,4000.25,228
1783963260,4000.2,4001.05,3999.91,4000.91,231
1783963320,4000.83,4001.01,4000.26,4000.43,232
1783963380,4000.44,4001.87,4000.33,4001.11,224
1783963440,4001.16,4001.16,3997.73,3998.58,269
1783963500,3998.59,3999.2,3996.93,3997.15,275
1783963560,3997.1,3997.71,3996.88,3997.65,224
1783963620,3997.51,3998.84,3997.5,3998.76,240
1783963680,3998.73,3999.37,3997.85,3998.19,230
1783963740,3997.47,3999.66,3997,3998.93,286
1783963800,3998.91,4000.57,3998.91,3999.73,237
1783963860,3999.71,3999.95,3997.81,3998.72,249
1783963920,3998.73,3999.62,3998.16,3999.51,245
1783963980,3999.47,4000.89,3999.43,3999.75,253
1783964040,3999.78,4000.36,3999.27,4000.35,217
1783964100,4000.37,4000.42,3998.08,3998.87,226
1783964160,3998.95,3999.64,3998.17,3998.91,249
1783964220,3998.81,3999.13,3997.51,3998.54,239
1783964280,3998.51,3998.51,3997.22,3997.69,246
1783964340,3997.86,3998.64,3997.23,3997.77,217
1783964400,3997.69,3997.69,3996.33,3997.05,241
1783964460,3997.26,3998.46,3997.15,3998.16,214
1783964520,3998.18,3998.56,3997.07,3997.17,243
1783964580,3997.33,3998.1,3997.14,3997.64,229
1783964640,3997.65,3997.84,3997.01,3997.11,220
1783964700,3997.07,3999.4,3997.07,3999.34,194
1783964760,3999.23,3999.23,3996.9,3997.31,231
1783964820,3997.29,3998.02,3997.28,3997.35,186
1783964880,3997.48,3997.55,3994.47,3994.47,248
1783964940,3994.5,3996.04,3994.36,3995.8,240
1783965000,3995.81,3996.41,3994.18,3994.18,238
1783965060,3994.38,3994.78,3993.77,3994.7,228
1783965120,3994.68,3994.94,3993.35,3994.85,255
1783965180,3994.85,3996.02,3994.39,3994.62,233
1783965240,3994.57,3995.43,3994.31,3994.97,236
1783965300,3995,3995.46,3994.36,3994.78,247
1783965360,3994.83,3994.83,3992.41,3993.15,245
1783965420,3992.96,3995.01,3992.91,3993.67,254
1783965480,3993.72,3994.43,3993.15,3994.16,232
1783965540,3994.17,3994.17,3992.2,3993.25,238
1783965600,3993.57,3994.27,3992.28,3993.97,284
1783965660,3994.06,3995.14,3992.65,3992.73,282
1783965720,3992.75,3993.67,3992.2,3992.2,232
1783965780,3992.15,3992.78,3990.88,3991.55,258
1783965840,3991.6,3992.11,3990.72,3990.93,238
1783965900,3990.86,3993.54,3990.63,3993.44,252
1783965960,3993.42,3994.65,3992.12,3994.58,252
1783966020,3994.54,3994.75,3993.48,3994.25,248
1783966080,3994.29,3994.65,3993.48,3993.95,207
1783966140,3993.92,3994.19,3991.57,3992,241
1783966200,3992.09,3992.73,3990.94,3990.94,233
1783966260,3990.93,3991.23,3990.5,3991.07,230
1783966320,3991,3991.28,3990.52,3991.22,209
1783966380,3991.2,3992.94,3990.01,3992.94,258
1783966440,3992.82,3994.08,3992.58,3993.88,254
1783966500,3993.81,3994.47,3992.21,3992.78,246
1783966560,3992.79,3993.16,3991.85,3992.15,229
1783966620,3992.13,3992.5,3990.62,3990.9,213
1783966680,3990.92,3990.92,3988.22,3988.27,229
1783966740,3988.57,3988.88,3986.85,3988.39,277
1783966800,3988.32,3989.82,3987.16,3989.13,259
1783966860,3989.06,3990.37,3988.87,3990.37,227
1783966920,3990.39,3991.13,3989.97,3990.15,249
1783966980,3990.8,3993.97,3990.28,3993.97,245
1783967040,3994.05,3995.02,3992.83,3994.79,221
1783967100,3994.88,3996.17,3994.79,3996.09,249
1783967160,3996.07,3996.46,3995.24,3995.82,229
1783967220,3995.83,3996.87,3995.76,3996,255
1783967280,3995.85,3996.49,3995.79,3995.81,260
1783967340,3995.8,3995.97,3994.82,3995.32,253
1783967400,3995.53,3995.71,3994.18,3994.18,252
1783967460,3994.22,3996.7,3994.13,3996.53,224
1783967520,3996.54,3997.85,3996.54,3997.23,230
1783967580,3997.27,3998.39,3996.93,3998.03,218
1783967640,3998.07,3998.14,3996.97,3997.02,232
1783967700,3997.14,4000.55,3997.08,4000.55,215
1783967760,4000.58,4000.58,3998.53,3999.81,230
1783967820,3999.89,4000.02,3999.4,3999.73,210
1783967880,3999.72,4000.15,3999.2,3999.2,211
1783967940,3999.02,3999.59,3998.67,3999.06,226
1783968000,3999.05,3999.23,3998.2,3998.63,177
1783968060,3998.62,4000.22,3998.2,4000.2,231
1783968120,4000.19,4000.54,3999.73,3999.75,176
1783968180,3999.68,4000.53,3999.41,4000.5,206
1783968240,4000.49,4000.77,4000.13,4000.17,211
1783968300,4000.16,4000.65,3998.65,3998.98,209
1783968360,3998.96,4000.57,3998.94,4000.06,230
1783968420,4000.08,4000.25,3999.34,3999.82,205
1783968480,3999.86,4000.45,3999.74,4000.15,207
1783968540,4000.17,4002.03,4000.13,4001.87,222
1783968600,4001.85,4001.85,4000.67,4001.28,222
1783968660,4001.36,4002.88,4001.36,4002.88,196
1783968720,4002.87,4002.87,4002.09,4002.49,221
1783968780,4002.52,4004.8,4002.42,4004.77,215
1783968840,4004.33,4005,4003.83,4003.83,208
1783968900,4003.76,4004.75,4003.27,4004.15,234
1783968960,4004.14,4005.09,4001.97,4002.24,196
1783969020,4002.23,4002.61,4000.17,4000.17,191
1783969080,4000.11,4000.49,3998.31,3998.68,236
1783969140,3998.85,4001.54,3998.5,4001.53,238
1783969200,4002,4002.03,3998.68,3999.42,214
1783969260,3999.43,4000.72,3998.34,4000.72,224
1783969320,4000.73,4002.74,4000.73,4002.63,238
1783969380,4002.6,4003.64,4002.21,4002.24,227
1783969440,4002.3,4004.51,4002.3,4004.34,219
1783969500,4004.31,4004.51,4003.14,4003.14,196
1783969560,4003.12,4004.2,4003.06,4003.1,199
1783969620,4003.09,4003.61,3999.26,3999.37,250
1783969680,3999.36,4000.68,3999.35,4000.65,169
1783969740,4000.63,4001.24,4000.2,4000.45,188
1783969800,4000.46,4000.46,3998.24,3998.59,244
1783969860,3998.58,3998.98,3998.12,3998.55,228
1783969920,3998.68,3999.59,3998.68,3999.11,167
1783969980,3999.18,3999.2,3998.29,3998.44,223
1783970040,3998.49,3999,3997.77,3998.07,195
1783970100,3998.08,3998.7,3997.85,3998.35,186
1783970160,3998.32,3999.08,3998.32,3998.94,193
1783970220,3998.97,3999.27,3998.08,3998.7,152
1783970280,3998.72,3999.17,3998.22,3999.13,178
1783970340,3999.1,3999.8,3999.1,3999.34,196
1783970400,3999.32,3999.71,3997.44,3998.1,229
1783970460,3998.15,3998.65,3997.8,3998.33,187
1783970520,3998.35,3998.44,3997.67,3997.96,185
1783970580,3998.17,3998.81,3996.94,3998.59,221
1783970640,3998.72,4000.12,3998.33,4000.05,206
1783970700,4000.02,4000.81,3999.13,3999.8,213
1783970760,3999.69,4000.08,3998.51,3998.69,181
1783970820,3998.7,4000.05,3998.68,3999.43,182
1783970880,3999.35,3999.81,3998.43,3999.62,173
1783970940,3999.62,3999.74,3998.24,3998.36,199
1783971000,3998.49,4000.75,3998.49,4000.02,251
1783971060,4000.01,4000.63,3999.82,4000.23,213
1783971120,4000.33,4000.58,3999.99,4000.35,231
1783971180,4000.42,4001.06,3999.33,3999.47,214
1783971240,3999.36,3999.86,3998,3999.15,189
1783971300,3999.13,3999.14,3996.3,3996.46,219
1783971360,3996.46,3997.38,3995.81,3996.13,217
1783971420,3996.12,3996.53,3994.91,3995.8,222
1783971480,3995.84,3996.08,3993.92,3994.76,230
1783971540,3994.77,3995.33,3993.52,3995.33,196
1783971600,3995.34,3996.49,3995.16,3996.12,224
1783971660,3996.02,3996.98,3995.95,3996.89,198
1783971720,3996.88,3997.4,3996.19,3996.92,206
1783971780,3996.88,3998.47,3996.73,3998.47,217
1783971840,3998.37,3999.38,3998.07,3999.26,175
1783971900,3999.23,3999.55,3998.23,3998.99,183
1783971960,3998.83,3999.1,3998.51,3998.93,218
1783972020,3998.92,3998.95,3997.37,3997.37,178
1783972080,3997.42,3997.97,3997.26,3997.41,171
1783972140,3997.29,3997.71,3996.98,3997.11,222
1783972200,3997.61,3999.01,3996.93,3998.92,236
1783972260,3998.84,4000.13,3998.43,3998.58,230
1783972320,3998.75,3999.6,3998.66,3999.55,221
1783972380,3999.52,4000.44,3999.07,3999.93,234
1783972440,3999.97,4001.27,3999.92,4000.47,219
1783972500,4000.77,4001.25,4000,4000.9,230
1783972560,4000.88,4001.06,4000.09,4000.31,193
1783972620,4000.36,4002.18,4000.36,4001.69,189
1783972680,4001.67,4002.08,4001.31,4001.44,223
1783972740,4001.33,4002.45,4001.33,4002.08,246
1783972800,4002.05,4003.07,4001.16,4002.65,234
1783972860,4002.95,4003.45,4002.68,4002.79,128
1783972920,4002.86,4003.63,4002.37,4003.29,105
1783972980,4003.31,4004.53,4003.1,4003.98,169
1783973040,4004.26,4004.75,4004.05,4004.72,121
1783973100,4004.68,4005,4004.19,4004.88,112
1783973160,4004.89,4006.2,4004.86,4005.02,187
1783973220,4004.95,4005.42,4004.73,4004.91,144
1783973280,4004.95,4005.06,4003.61,4003.72,94
1783973340,4003.93,4005,4001.91,4002.53,183
1783973400,4002.56,4003.18,4001.8,4002.05,226
1783973460,4002.14,4002.14,3999.73,4001.52,192
1783973520,4001.49,4001.55,4000.17,4000.65,186
1783973580,4000.64,4000.72,3999.94,4000,169
1783973640,4000.03,4000.08,3998.66,3998.84,149
1783973700,3998.83,4000.2,3998.06,3998.06,179
1783973760,3998.26,3998.87,3998.2,3998.86,202
1783973820,3996.99,3998.3,3996.98,3998.19,192
1783973880,3998.06,3998.48,3997.77,3998.45,121
1783973940,3998.44,4000.21,3998.44,3999.66,145
1783974000,3999.63,4000,3999.28,3999.28,170
1783974060,3999.29,3999.41,3999.03,3999.15,130
1783974120,3999.14,3999.14,3998.22,3998.56,110
1783974180,3998.57,3999.26,3998.42,3998.93,114
1783974240,3998.89,3999.08,3998.39,3998.44,94
1783974300,3998.41,3999.35,3998.41,3999.35,96
1783974360,3999.11,3999.52,3998.27,3999.38,107
1783974420,3999.35,3999.35,3998.9,3998.92,90
1783974480,3998.96,3999.62,3998.96,3999.52,72
1783974540,3999.69,4000.35,3999.36,3999.91,98
1783974600,3999.92,4000.03,3999.16,3999.34,111
1783974660,3999.31,4000.31,3999.31,3999.8,134
1783974720,4000.06,4000.46,3999.64,3999.66,97
1783974780,3999.7,4000.35,3998.4,3998.88,87
1783974840,3998.92,3999.15,3998.29,3998.37,94
1783974900,3998.52,3999.16,3998.52,3998.9,63
1783974960,3998.92,3998.92,3997.39,3997.87,146
1783975020,3997.93,3998.61,3997.85,3998.6,69
1783975080,3998.37,3998.37,3997.87,3998.24,82
1783975140,3998.25,3999.47,3998.24,3999.47,96
1783975200,3999.3,3999.37,3998.84,3998.84,124
1783975260,3998.88,3999.19,3998.45,3998.61,72
1783975320,3998.71,3999.43,3998.63,3999.43,38
1783975380,3999.32,3999.69,3999.12,3999.31,72
1783975440,3999.36,4000.38,3999.1,4000.04,122
1783975500,3999.84,4000.23,3998.79,3998.94,112
1783975560,3998.86,3999.84,3998.52,3999.49,102
1783975620,3999.48,4000.4,3999.48,3999.95,92
1783975680,4000,4000.04,3999.49,3999.49,52
1783975740,3999.59,3999.64,3998.73,3999.06,94
1783975800,3999.11,3999.42,3998.87,3999.03,82
1783975860,3999.02,3999.96,3998.31,3998.31,140
1783975920,3998.33,3998.55,3998,3998.34,112
1783975980,3998.24,3999.8,3998.24,3999.56,126
1783976040,3999.6,4000.81,3999.6,4000.79,134
1783976100,4000.8,4001.85,4000.56,4001.56,138
1783976160,4001.54,4001.57,4001.01,4001.21,116
1783976220,4001.11,4002.04,4001.04,4001.89,128
1783976280,4001.79,4001.79,4000.72,4000.88,132
1783980120,4003.98,4004.69,4002.94,4002.95,133
1783980180,4002.94,4005.7,4002.36,4002.73,132
1783980240,4002.68,4002.87,4001.54,4001.68,111
1783980300,4002.14,4003.91,4002.14,4003.27,151
1783980360,4003.44,4003.8,4003.17,4003.2,61
1783980420,4003.5,4003.84,4001.65,4003.58,118
1783980480,4003.55,4003.63,4002.08,4002.71,138
1783980540,4002.77,4002.77,4001.52,4001.85,75
1783980600,4001.82,4002.79,4001.79,4002.77,151
1783980660,4002.78,4003.59,4002.78,4003.29,108
1783980720,4003.31,4003.57,4003.08,4003.32,92
1783980780,4003.24,4004.45,4003.24,4004.24,132
1783980840,4004.24,4004.45,4003.82,4004.15,126
1783980900,4004.17,4004.68,4004.17,4004.68,138
1783980960,4004.69,4004.86,4004.35,4004.63,84
1783981020,4004.62,4004.68,4004.32,4004.39,89
1783981080,4004.67,4005.82,4004.67,4005.79,158
1783981140,4005.8,4005.93,4005.05,4005.06,146
1783981200,4005.07,4005.43,4004.92,4005.06,100
1783981260,4005.18,4005.19,4004.54,4004.78,110
1783981320,4004.79,4005.02,4004.71,4004.84,79
1783981380,4004.82,4005.19,4004.82,4005.01,83
1783981440,4005.12,4005.25,4004.35,4004.37,113
1783981500,4004.35,4005.01,4004.34,4004.56,106
1783981560,4004.59,4004.8,4004.59,4004.73,62
1783981620,4004.74,4004.87,4004.74,4004.86,15
1783981680,4004.85,4004.86,4004.5,4004.53,45
1783981740,4004.67,4004.69,4004.33,4004.55,91
1783981800,4004.23,4004.52,4003.57,4003.71,122
1783981860,4003.74,4003.9,4003.23,4003.84,148
1783981920,4003.89,4004.23,4003.62,4003.62,92
1783981980,4003.62,4004.29,4003.62,4003.81,112
1783982040,4003.74,4004.03,4003.43,4003.88,99
1783982100,4004.34,4005.39,4003.53,4005.39,120
1783982160,4005.42,4005.48,4002.95,4003.66,165
1783982220,4003.67,4003.93,4003.32,4003.65,103
1783982280,4003.65,4003.77,4003.2,4003.72,85
1783982340,4003.8,4003.9,4003.16,4003.39,119
1783982400,4003.41,4003.62,4003.27,4003.62,65
1783982460,4003.63,4004.14,4003.41,4004.14,100
1783982520,4004.14,4004.2,4003.25,4003.25,107
1783982580,4003.26,4004.26,4003.26,4004.26,126
1783982640,4004.15,4004.15,4003.8,4003.87,105
1783982700,4003.88,4004.67,4003.43,4003.97,117
1783982760,4003.94,4003.94,4003.38,4003.69,126
1783982820,4003.62,4005.27,4003.62,4004.95,140
1783982880,4004.95,4004.95,4004.22,4004.75,144
1783982940,4004.85,4004.92,4003.57,4003.78,155
1783983000,4003.8,4004.19,4003.16,4003.22,104
1783983060,4003.13,4003.47,4003.05,4003.13,112
1783983120,4003.09,4003.12,4002.2,4002.9,175
1783983180,4002.89,4002.97,4002.33,4002.56,140
1783983240,4002.58,4003.13,4002.26,4003.06,99
1783983300,4003.05,4003.07,4001.69,4001.92,116
1783983360,4001.98,4002.47,4001.49,4002.33,131
1783983420,4002.36,4002.42,4001.36,4001.83,140
1783983480,4001.82,4002.04,4001.75,4001.75,162
1783983540,4001.75,4002.35,4000.94,4000.94,184
1783983600,4000.98,4001.77,4000.61,4000.71,209
1783983660,4000.75,4001.04,4000.36,4000.53,179
1783983720,4000.81,4003.02,4000.79,4002.95,149
1783983780,4002.96,4003.08,4002.31,4002.5,116
1783983840,4002.51,4002.51,4000.9,4000.93,128
1783983900,4001.24,4001.97,4000.75,4001.44,169
1783983960,4001.49,4002.71,4001.48,4002.7,122
1783984020,4002.65,4002.85,4001.79,4002.29,135
1783984080,4002.22,4002.38,4001.89,4002.29,110
1783984140,4002.3,4002.3,4001.65,4001.68,106
1783984200,4001.68,4001.75,4001.58,4001.71,67
1783984260,4001.72,4001.92,4001.25,4001.9,100
1783984320,4002,4002.11,4001.7,4001.85,113
1783984380,4001.87,4001.88,4000.15,4000.35,150
1783984440,4000.4,4000.58,3999.6,4000.28,143
1783984500,4000.29,4000.57,3999.36,3999.59,138
1783984560,3999.84,4000.53,3999.56,4000.53,96
1783984620,4000.46,4000.46,3998.91,3998.93,140
1783984680,3999.02,3999.43,3998.88,3999.43,80
1783984740,3999.42,3999.51,3998.77,3999.39,124
1783984800,3999.38,3999.44,3997.79,3998.29,166
1783984860,3998.42,3999.5,3998.42,3999.5,139
1783984920,3999.47,4000.3,3998.55,3998.55,166
1783984980,3998.5,3998.58,3997.74,3998.58,175
1783985040,3998.59,3999.28,3998.58,3999.09,119
1783985100,3999.15,3999.82,3999.15,3999.35,141
1783985160,3999.35,3999.6,3999.13,3999.6,109
1783985220,3999.57,3999.73,3998.68,3998.73,107
1783985280,3998.74,3998.74,3998.25,3998.33,112
1783985340,3997.89,3998.05,3996.97,3997.47,159
1783985400,3997.38,3997.41,3995.31,3995.51,192
1783985460,3995.54,3996.21,3995.04,3995.36,191
1783985520,3995.37,3996.33,3995.37,3996.27,127
1783985580,3996.28,3996.38,3994.22,3994.31,185
1783985640,3994.41,3994.83,3993.68,3994.83,201
1783985700,3994.82,3995,3993.92,3994.89,177
1783985760,3995.06,3995.26,3994.73,3995.07,124
1783985820,3995.08,3995.29,3994.37,3994.93,125
1783985880,3995.11,3995.94,3995.06,3995.8,115
1783985940,3995.8,3995.93,3995.23,3995.81,147
1783986000,3995.81,3996.38,3995.14,3996.15,155
1783986060,3996.14,3996.51,3995.61,3995.61,150
1783986120,3995.63,3996.83,3995.63,3996.27,116
1783986180,3996.28,3996.88,3995.38,3996.88,178
1783986240,3996.88,3997.06,3995.49,3995.55,174
1783986300,3995.49,3997.47,3994.61,3995.52,231
1783986360,3995.67,3995.68,3992.86,3993.96,221
1783986420,3994,3996.51,3993.99,3995.81,180
1783986480,3995.98,3998.42,3995.98,3998.35,177
1783986540,3998.39,3998.92,3997.28,3997.33,202
1783986600,3997.35,3997.39,3996.24,3996.24,197
1783986660,3996.26,3996.42,3995.45,3996.22,221
1783986720,3996.15,3998.23,3996.15,3997.71,210
1783986780,3997.71,3999.82,3996.86,3999.15,242
1783986840,3999.09,4000.59,3998.88,3998.96,232
1783986900,3998.95,3999.69,3998.23,3999.45,230
1783986960,3999.42,4000.1,3998.88,3998.99,182
1783987020,3998.93,3999.97,3998.53,3999.34,209
1783987080,3999.35,4000.56,3999.3,4000.05,225
1783987140,4000.03,4001.89,3999.75,4001.13,238
1783987200,4001.6,4003.22,3999.45,4002.98,310
1783987260,4003.1,4004.68,4001.12,4001.15,290
1783987320,4001.39,4001.39,3996.58,3996.58,283
1783987380,3996.55,3998.31,3996.22,3996.96,285
1783987440,3996.71,3996.74,3993.22,3994.43,277
1783987500,3994.5,3994.72,3992.32,3992.97,294
1783987560,3992.89,3993.57,3990.25,3991.9,292
1783987620,3991.83,3992.44,3982.54,3990.41,308
1783987680,3990.46,3991.7,3989.86,3991.38,270
1783987740,3991.42,3995.02,3991.38,3994.83,288
1783987800,3995.3,3998.75,3994.74,3998.45,295
1783987860,3998.45,3998.59,3995.86,3998.23,264
1783987920,3997.95,3998.83,3995.11,3995.11,287
1783987980,3995.06,3995.06,3991.35,3993.7,295
1783988040,3993.67,3995.62,3993.46,3995.51,247
1783988100,3995.46,3995.71,3991.42,3992.11,290
1783988160,3991.87,3993.31,3991.45,3991.68,306
1783988220,3991.58,3991.91,3990.17,3991.18,289
1783988280,3990.95,3991.83,3990.36,3991.73,288
1783988340,3991.65,3991.99,3987.48,3987.82,253
1783988400,3987.76,3988.32,3985.89,3987.53,291
1783988460,3987.68,3990.21,3987.59,3989.5,267
1783988520,3989.42,3989.74,3988.44,3989.04,280
1783988580,3989.01,3989.01,3985.97,3986.8,287
1783988640,3986.66,3990.75,3986.45,3990.31,290
1783988700,3990.38,3990.53,3989.26,3989.85,279
1783988760,3990.1,3991.15,3989.49,3989.95,268
1783988820,3990.04,3992.65,3989.01,3992.48,272
1783988880,3992.43,3996.19,3991.94,3995.49,255
1783988940,3995.49,3996.95,3994.88,3995.37,266
1783989000,3995.38,3997.89,3994.82,3994.82,275
1783989060,3994.97,3997.06,3994.44,3996.72,284
1783989120,3996.71,3999.52,3996.16,3999.52,294
1783989180,3999.65,4001.97,3998.58,4001.61,290
1783989240,4001.62,4006.49,4001.62,4005.15,305
1783989300,4005.25,4007.14,4004.19,4006.13,293
1783989360,4006.23,4006.46,4002.45,4002.64,292
1783989420,4002.72,4005.09,4002.72,4004.86,273
1783989480,4004.85,4005.02,4003.37,4004.66,261
1783989540,4004.65,4004.65,4002.51,4003.49,249
1783989600,4003.46,4005.64,4002.91,4003.81,280
1783989660,4003.8,4004.05,4000.35,4000.53,285
1783989720,4000.69,4001.8,4000.36,4001.73,258
1783989780,4001.71,4001.71,4000.42,4000.42,246
1783989840,4000.65,4003.15,3999.26,4002.74,252
1783989900,4002.9,4007.15,4002.66,4005.81,297
1783989960,4005.83,4005.83,4002.9,4002.9,277
1783990020,4002.82,4002.92,4000.72,4002.11,261
1783990080,4002.11,4003.17,4001.19,4003.17,274
1783990140,4003.18,4004.28,4002.43,4002.74,277
1783990200,4002.66,4005.72,4002.52,4004.51,288
1783990260,4004.37,4005.27,4003.33,4005.05,280
1783990320,4004.78,4005.05,4003.59,4003.6,273
1783990380,4003.71,4004.48,4002.74,4002.74,279
1783990440,4002.8,4005.07,4002.54,4004.18,254
1783990500,4004.45,4007.17,4003.97,4006.76,265
1783990560,4006.75,4007.16,4003.14,4005.03,289
1783990620,4005.27,4006.45,4004.25,4005.98,229
1783990680,4005.99,4007.15,4005.54,4006.05,229
1783990740,4006.21,4006.42,4003.8,4004.24,238
1783990800,4004.25,4004.25,3996.81,3998.96,314
1783990860,3998.8,3999.08,3994.13,3994.49,319
1783990920,3994.93,3995.51,3992.22,3993.44,308
1783990980,3993.42,3997.35,3993.18,3997.11,305
1783991040,3997.14,3998.68,3996.52,3998.55,282
1783991100,3998.58,3999.95,3996.27,3996.94,297
1783991160,3996.92,3998.31,3993.61,3994.09,294
1783991220,3994.46,3996.93,3992.62,3993.1,295
1783991280,3993,3995.51,3992.34,3995.51,293
1783991340,3995.46,3995.47,3993.77,3995.12,256
1783991400,3994.98,3995.43,3993.43,3994.68,293
1783991460,3994.39,3996.13,3993.15,3994.77,293
1783991520,3994.77,3996.74,3993.37,3996.74,305
1783991580,3996.49,3998.81,3995.81,3996.34,288
1783991640,3996.35,3997.43,3994.98,3995.31,281
1783991700,3995.55,3999.06,3995.18,3998.79,289
1783991760,3998.78,4000.04,3997.85,3999.55,288
1783991820,3999.37,4002.97,3998.32,4002.49,291
1783991880,4002.41,4003.33,4001.44,4002.63,260
1783991940,4002.62,4004.87,4002.3,4003.05,271
1783992000,4003,4003.37,4000.36,4001.01,288
1783992060,4000.97,4001.36,3998.13,3998.81,276
1783992120,3998.79,4000.27,3998.12,3998.45,264
1783992180,3998.36,3999.11,3997.01,3997.63,259
1783992240,3997.6,3998.16,3997.37,3997.61,252
1783992300,3997.62,3998.58,3995.64,3997.57,254
1783992360,3997.63,3998.56,3996.54,3998.56,260
1783992420,3998.37,3999.57,3996.83,3996.85,277
1783992480,3996.67,3997.73,3996.37,3996.93,240
1783992540,3996.92,3997.92,3996.36,3997.85,254
1783992600,3997.86,3999.69,3996.46,3999.59,298
1783992660,3999.7,4001.39,3998.69,4001.1,272
1783992720,4000.8,4004.14,4000.54,4001.64,274
1783992780,4001.56,4002.06,4000.52,4001,282
1783992840,4000.96,4001.25,3998.56,3998.57,254
1783992900,3998.37,3998.76,3992.89,3995.35,292
1783992960,3995.21,3997.43,3995.13,3997.35,298
1783993020,3997.43,3997.59,3996.68,3997.5,226
1783993080,3997.53,3998.58,3996.63,3997.53,262
1783993140,3997.5,3998.16,3996.71,3997.61,276
1783993200,3997.62,3998.19,3995.25,3995.58,262
1783993260,3996.14,4000.58,3996.14,4000.26,291
1783993320,4000.25,4000.7,3998.93,4000.7,257
1783993380,4000.78,4002.26,4000.16,4001.18,275
1783993440,4001.17,4002.18,4000.99,4002.06,269
1783993500,4002.08,4003.86,4000.2,4000.47,281
1783993560,4000.36,4000.67,3998.89,4000.31,239
1783993620,3999.97,4001.2,3999.13,4001.03,259
1783993680,4000.87,4002.25,4000.62,4001.69,279
1783993740,4001.65,4003.13,4000.87,4002.51,268
1783993800,4002.59,4002.96,4001.01,4001.08,244
1783993860,4000.77,4003.26,4000.16,4003.26,227
1783993920,4003.27,4005.28,4003.13,4004.09,271
1783993980,4004.1,4004.39,4002.84,4003.66,262
1783994040,4003.58,4004.75,4003.34,4004.1,238
1783994100,4004.07,4004.35,4002.35,4003.18,257
1783994160,4003.17,4003.25,4002.24,4002.8,237
1783994220,4002.79,4007.43,4002.37,4007.3,254
1783994280,4007.18,4011.68,4006.69,4011.35,290
1783994340,4011.04,4012.15,4010.21,4010.63,274
1783994400,4010.82,4010.95,4008.03,4008.23,286
1783994460,4008.21,4008.68,4007.42,4007.42,257
1783994520,4007.44,4008.24,4006.06,4008.14,246
1783994580,4008.05,4009.58,4008.05,4008.72,256
1783994640,4008.66,4009.73,4008.59,4009.44,258
1783994700,4009.45,4010.6,4009.45,4009.97,262
1783994760,4009.94,4010.84,4008.42,4008.54,251
1783994820,4008.51,4009.6,4008.26,4009.45,259
1783994880,4009.38,4011.04,4009.32,4010.63,255
1783994940,4010.62,4013.13,4010.46,4011.84,274
1783995000,4011.79,4013.64,4011.79,4013.24,281
1783995060,4013.48,4016.03,4013,4013.02,268
1783995120,4012.77,4013.81,4011.35,4013.17,273
1783995180,4013.18,4015.07,4013.18,4014.9,259
1783995240,4014.69,4017.73,4014.25,4016.73,270
1783995300,4016.72,4018.78,4015.4,4018.78,276
1783995360,4018.64,4018.96,4017.34,4017.76,250
1783995420,4017.74,4017.74,4015.76,4016.14,218
1783995480,4016.15,4016.9,4015.53,4015.95,230
1783995540,4015.94,4018.17,4015.04,4018.05,242
1783995600,4018.06,4018.25,4016.31,4017.19,235
1783995660,4017.21,4017.32,4015.63,4016.68,238
1783995720,4016.88,4017.45,4015.63,4015.7,220
1783995780,4015.65,4016.41,4015.4,4016.07,238
1783995840,4016.06,4016.11,4014.23,4014.62,214
1783995900,4014.72,4015.05,4013.87,4014.91,235
1783995960,4014.89,4015.35,4014.53,4014.86,217
1783996020,4014.81,4016.86,4014.59,4016.66,227
1783996080,4016.66,4017.88,4015.91,4017.88,222
1783996140,4017.9,4017.93,4016.75,4017.93,201
1783996200,4017.95,4019.01,4016.13,4016.36,283
1783996260,4016.33,4016.98,4015.38,4016.92,280
1783996320,4017.08,4018.1,4017.08,4017.5,261
1783996380,4017.57,4017.85,4015.06,4015.09,249
1783996440,4015.13,4015.34,4013.6,4013.95,249
1783996500,4014.05,4014.95,4013.05,4014.62,246
1783996560,4014.66,4015.33,4014.44,4015.16,241
1783996620,4015.17,4015.17,4013.72,4013.75,207
1783996680,4013.96,4014.52,4012.85,4013.02,238
1783996740,4013,4014.25,4012.8,4013.9,210
1783996800,4013.94,4015.44,4013.85,4015.04,213
1783996860,4015.03,4016.24,4014.75,4014.88,255
1783996920,4014.74,4014.87,4012.24,4012.58,246
1783996980,4012.6,4012.68,4010.93,4011.39,260
1783997040,4011.33,4011.45,4010.66,4010.82,230
1783997100,4010.93,4011.84,4010.59,4011.22,223
1783997160,4011.26,4011.53,4010.66,4011.45,215
1783997220,4011.51,4012.81,4011.2,4011.84,234
1783997280,4011.8,4011.8,4010.21,4010.29,267
1783997340,4010.3,4010.61,4009.15,4010.03,239
1783997400,4010.04,4010.59,4009.48,4009.82,235
1783997460,4009.79,4010.16,4009.34,4009.5,246
1783997520,4009.52,4010.88,4009.12,4010.88,271
1783997580,4010.89,4011.35,4010.64,4011.02,262
1783997640,4011,4011.37,4010.81,4010.89,225
1783997700,4010.83,4011.3,4010.65,4011.3,182
1783997760,4011.28,4011.76,4010.54,4011.19,241
1783997820,4011.14,4012.48,4011.03,4012.11,227
1783997880,4012.24,4013.88,4012.23,4013.74,244
1783997940,4013.77,4013.85,4012.12,4012.29,258
1783998000,4012.61,4016.55,4012.49,4014.42,270
1783998060,4014.44,4015.37,4013.76,4014.21,236
1783998120,4014.36,4014.68,4013.44,4013.82,241
1783998180,4013.75,4013.94,4012.3,4012.48,246
1783998240,4012.51,4014.36,4012.51,4014.21,227
1783998300,4014.56,4014.64,4013.21,4014.04,238
1783998360,4014.13,4016.2,4014.11,4015.91,204
1783998420,4015.7,4016.65,4015.61,4015.8,243
1783998480,4015.75,4015.75,4014.17,4014.37,193
1783998540,4014.33,4014.49,4013.7,4014.31,237
1783998600,4014.3,4014.68,4013.21,4014.68,223
1783998660,4014.66,4015.63,4014.65,4014.71,236
1783998720,4014.64,4014.81,4014,4014.52,239
1783998780,4014.51,4014.63,4013.36,4013.38,236
1783998840,4013.31,4014.17,4012.1,4013.8,236
1783998900,4014.26,4014.69,4013.42,4014.31,249
1783998960,4014.32,4015.57,4014.15,4014.46,233
1783999020,4014.48,4014.86,4012.42,4012.42,232
1783999080,4012.36,4013.62,4012.32,4012.97,245
1783999140,4012.92,4013.86,4012.2,4013.51,245
1783999200,4013.52,4013.52,4012.09,4012.09,248
1783999260,4012.1,4012.39,4011.2,4011.26,210
1783999320,4011.67,4012.38,4011.34,4012.38,210
1783999380,4012.47,4015.68,4012.25,4015.68,247
1783999440,4015.69,4016.49,4015.23,4015.88,234
1783999500,4015.87,4017.11,4015.65,4016.39,209
1783999560,4016.38,4016.87,4015.31,4015.76,231
1783999620,4015.87,4018.76,4015.64,4018.69,231
1783999680,4018.52,4018.74,4016.48,4017.39,235
1783999740,4017.42,4018.03,4017.19,4018.03,238
1783999800,4018.11,4019.06,4017.53,4017.94,252
1783999860,4017.92,4018.54,4017.05,4018.02,216
1783999920,4018.01,4018.94,4016.98,4016.98,231
1783999980,4017,4017.22,4016.12,4016.84,205
1784000040,4016.84,4016.84,4014.7,4014.99,242
1784000100,4015.08,4015.67,4014.7,4015.49,216
1784000160,4015.51,4015.73,4014.73,4014.95,220
1784000220,4014.96,4017.36,4014.96,4017.36,233
1784000280,4017.37,4017.83,4015.53,4015.53,218
1784000340,4015.39,4015.89,4014.89,4015.33,199
1784000400,4015.36,4015.95,4015.05,4015.33,215
1784000460,4015.39,4016.1,4014.81,4014.85,208
1784000520,4014.89,4015.32,4013.93,4015.08,207
1784000580,4015.07,4015.44,4014.81,4015.39,199
1784000640,4015.28,4016.13,4015.01,4015.43,205
1784000700,4015.39,4016.19,4015.04,4015.99,222
1784000760,4015.96,4015.97,4015.29,4015.65,146
1784000820,4015.63,4016.5,4015.63,4016.02,192
1784000880,4016.04,4016.76,4015.28,4016.2,207
1784000940,4016.21,4016.65,4015.66,4015.66,174
1784001000,4015.67,4016,4015.44,4015.94,203
1784001060,4015.86,4017.53,4015.65,4017.26,195
1784001120,4017.29,4017.29,4016.42,4017.14,197
1784001180,4017.18,4018.17,4016.99,4017.5,181
1784001240,4017.48,4017.65,4017.22,4017.63,164
1784001300,4017.64,4017.72,4016.46,4016.79,195
1784001360,4016.82,4017.54,4016.5,4016.5,199
1784001420,4016.51,4016.74,4015.13,4015.13,166
1784001480,4015.14,4016.22,4014.65,4015.98,171
1784001540,4016.04,4016.85,4015.81,4016.63,149
1784001600,4016.96,4018.55,4016.84,4018.55,198
1784001660,4018.65,4018.81,4016.02,4016.02,184
1784001720,4016.01,4017.3,4016.01,4016.91,196
1784001780,4016.91,4017.63,4016.4,4017.56,188
1784001840,4017.56,4018,4016.75,4017.16,203
1784001900,4017.11,4017.61,4016.66,4016.85,170
1784001960,4016.8,4016.91,4016.42,4016.9,114
1784002020,4016.91,4016.95,4016.57,4016.6,150
1784002080,4016.59,4016.79,4015.97,4016,174
1784002140,4015.96,4016.28,4015.03,4015.14,173
1784002200,4015.13,4015.6,4014.15,4014.32,178
1784002260,4014.52,4014.91,4013.69,4013.86,229
1784002320,4013.99,4014.53,4013.65,4013.86,196
1784002380,4013.96,4015.16,4013.58,4015.08,218
1784002440,4015.11,4016.1,4014.94,4015.7,205
1784002500,4015.71,4016.26,4015.1,4016.13,215
1784002560,4016.13,4016.15,4015.37,4015.8,205
1784002620,4015.81,4015.87,4014.28,4014.64,193
1784002680,4014.65,4015.41,4014.31,4015.34,169
1784002740,4015.33,4015.76,4015.08,4015.08,169
1784002800,4015.08,4016.13,4014.92,4015.97,169
1784002860,4015.99,4016.17,4014.02,4014.89,182
1784002920,4014.97,4015.48,4014.96,4015.47,158
1784002980,4015.47,4016.05,4014.98,4015.05,175
1784003040,4015.06,4015.96,4014.3,4015.57,183
1784003100,4015.52,4016.26,4015.38,4015.95,187
1784003160,4015.92,4017.23,4015.92,4016.93,185
1784003220,4016.88,4017.34,4016.6,4016.76,172
1784003280,4016.57,4016.57,4015.89,4016.11,125
1784003340,4016.14,4016.72,4015.69,4015.71,182
1784003400,4015.95,4016.9,4015.78,4016.9,207
1784003460,4016.88,4019.14,4016.62,4019.09,202
1784003520,4019.1,4022.21,4018.78,4022.21,220
1784003580,4022.73,4022.73,4020.63,4022.14,234
1784003640,4022.18,4022.18,4021.29,4021.85,160
1784003700,4021.86,4022.19,4021.48,4022.18,187
1784003760,4022.22,4023.36,4022.01,4023.14,195
1784003820,4023.25,4023.25,4022.16,4022.16,185
1784003880,4022.15,4022.35,4020.96,4021.95,195
1784003940,4021.94,4022.03,4021.29,4021.94,167
1784004000,4021.81,4022.3,4021.6,4021.61,193
1784004060,4021.6,4022.34,4020.99,4021.08,175
1784004120,4021.3,4022.21,4020.62,4021.07,205
1784004180,4020.88,4021.63,4020.74,4021.61,179
1784004240,4021.62,4021.71,4020.6,4020.68,142
1784004300,4020.69,4021.04,4019.97,4020.83,161
1784004360,4020.87,4021.09,4020.41,4020.65,123
1784004420,4020.63,4020.63,4019.91,4019.95,152
1784004480,4019.92,4019.94,4019.16,4019.62,181
1784004540,4019.63,4019.63,4017.98,4017.98,216
1784004600,4017.97,4017.97,4016.27,4016.71,185
1784004660,4016.72,4019.39,4016.54,4018.63,224
1784004720,4018.64,4019.51,4018.28,4019.41,183
1784004780,4019.42,4020.07,4019.06,4019.87,196
1784004840,4019.86,4020.03,4019.42,4019.8,141
1784004900,4019.94,4019.94,4018.42,4018.65,181
1784004960,4018.62,4018.94,4017.76,4018.67,170
1784005020,4018.66,4019.89,4018.45,4019.87,149
1784005080,4019.91,4021.3,4019.58,4020.85,200
1784005140,4020.84,4021.15,4020.2,4020.3,195
1784005200,4020.41,4022.22,4020.41,4022.15,221
1784005260,4022.09,4022.87,4020.75,4021.5,217
1784005320,4021.49,4021.98,4020.43,4020.57,190
1784005380,4020.38,4021.48,4020.24,4021.21,187
1784005440,4021.21,4021.21,4019.86,4019.86,182
1784005500,4019.85,4021.93,4019.75,4021.93,186
1784005560,4021.91,4022.17,4021.28,4021.47,187
1784005620,4021.45,4022.51,4021.41,4022.44,127
1784005680,4022.55,4022.62,4022.04,4022.56,140
1784005740,4022.36,4023.15,4022.36,4022.84,138
1784005800,4022.9,4023.59,4022.65,4023.59,139
1784005860,4023.39,4023.85,4022.57,4023.26,178
1784005920,4023.22,4023.61,4023,4023.23,172
1784005980,4023.28,4023.34,4022.41,4022.92,186
1784006040,4022.92,4023.54,4022.57,4023.13,176
1784006100,4023.14,4023.96,4023.14,4023.88,188
1784006160,4023.95,4024.03,4020.98,4021,205
1784006220,4020.99,4020.99,4020.12,4020.71,201
1784006280,4020.77,4021.34,4020.19,4020.19,165
1784006340,4020.12,4021.4,4020.1,4021.38,182
1784006400,4021.39,4021.79,4021.12,4021.26,165
1784006460,4021.27,4022.48,4021.07,4022.48,194
1784006520,4022.46,4022.63,4021.59,4021.7,228
1784006580,4021.66,4022.2,4020.98,4021.16,190
1784006640,4020.98,4021.45,4020.57,4020.84,187
1784006700,4020.78,4022.3,4020.45,4022.25,221
1784006760,4022.28,4022.9,4021.95,4022.74,214
1784006820,4022.75,4022.77,4022.07,4022.46,183
1784006880,4022.49,4023.21,4021.85,4023.19,181
1784006940,4023.13,4023.24,4022.23,4022.79,196
1784007000,4022.88,4027.08,4022.75,4024.79,315
1784007060,4025.05,4026.85,4024.55,4026.61,269
1784007120,4026.53,4028.7,4026.25,4028.55,298
1784007180,4028.49,4030,4027.98,4029.97,281
1784007240,4029.99,4030.12,4028.08,4028.77,285
1784007300,4028.62,4030.31,4027.97,4029.61,285
1784007360,4029.38,4030.46,4029.33,4030.3,244
1784007420,4030.18,4030.33,4028.79,4028.81,238
1784007480,4028.84,4030.9,4028.84,4029.27,270
1784007540,4029.27,4029.45,4027.35,4028.05,246
1784007600,4027.99,4029.15,4027.81,4029.11,226
1784007660,4029.13,4030.84,4028.51,4030.67,236
1784007720,4030.64,4032.42,4030.64,4031.68,235
1784007780,4031.62,4033.16,4030.48,4033.15,258
1784007840,4033.13,4034.08,4031.63,4032.17,257
1784007900,4032.11,4032.54,4031.34,4031.94,287
1784007960,4031.76,4031.85,4029.75,4029.85,262
1784008020,4029.87,4030.68,4029.87,4030.53,238
1784008080,4030.48,4031.68,4030.47,4030.73,209
1784008140,4030.74,4031.58,4030.24,4030.78,230
1784008200,4030.81,4031.11,4029.79,4030.47,219
1784008260,4030.41,4030.49,4029.17,4029.85,245
1784008320,4029.85,4030.49,4029.5,4030.32,259
1784008380,4030.4,4031.15,4029.77,4031.03,250
1784008440,4030.98,4031.27,4030.55,4030.79,231
1784008500,4030.89,4031.53,4030.21,4031.5,239
1784008560,4031.48,4032.1,4031.38,4031.57,233
1784008620,4031.61,4031.63,4030.71,4031.27,229
1784008680,4031.28,4032.29,4031.21,4031.22,207
1784008740,4031.29,4032.02,4030.97,4031.41,220
1784008800,4031.44,4032.22,4030.43,4030.68,245
1784008860,4030.69,4031.46,4030.4,4030.6,267
1784008920,4030.61,4031.29,4030.19,4030.97,246
1784008980,4030.98,4030.99,4029.65,4029.66,228
1784009040,4029.58,4030.32,4029.17,4029.98,228
1784009100,4029.96,4030.72,4029.96,4030.17,207
1784009160,4030.22,4030.55,4028.76,4029.72,226
1784009220,4029.77,4031.88,4029.76,4031.88,212
1784009280,4031.88,4032,4030.58,4030.95,208
1784009340,4030.96,4031.94,4030.7,4031.89,220
1784009400,4032.07,4033.21,4031.49,4032.7,236
1784009460,4032.69,4032.69,4031.72,4031.95,215
1784009520,4031.97,4032.21,4030.49,4031.57,249
1784009580,4031.56,4032.17,4031.25,4031.32,218
1784009640,4031.17,4031.33,4030.59,4031.02,185
1784009700,4031.13,4031.22,4029.97,4030.92,210
1784009760,4030.71,4031.05,4029.81,4029.81,220
1784009820,4029.75,4030.73,4029.6,4030.55,216
1784009880,4030.51,4030.55,4029.39,4029.59,186
1784009940,4029.57,4030.16,4028.2,4028.36,226
1784010000,4028.35,4029.01,4027.85,4028,223
1784010060,4028.11,4028.55,4027.62,4028.48,230
1784010120,4028.48,4028.48,4026.52,4026.62,226
1784010180,4026.8,4027.25,4026.56,4027.07,187
1784010240,4026.84,4027.77,4026.64,4027.75,210
1784010300,4027.65,4027.65,4025.8,4026.14,233
1784010360,4026.1,4026.35,4025.35,4025.51,187
1784010420,4025.52,4026.11,4024.7,4026.04,246
1784010480,4026.06,4026.21,4024.62,4024.7,212
1784010540,4024.75,4024.78,4022.99,4022.99,270
1784010600,4023.24,4024.73,4022.71,4024.73,254
1784010660,4024.65,4024.9,4023.96,4024.39,225
1784010720,4024.35,4026.15,4024.35,4025.79,222
1784010780,4025.78,4025.85,4024.83,4024.87,207
1784010840,4024.86,4025.65,4024.47,4025.53,223
1784010900,4025.56,4026.31,4025.2,4025.48,236
1784010960,4025.58,4026,4024.96,4024.96,215
1784011020,4024.97,4025.1,4023.8,4023.8,215
1784011080,4023.84,4024.77,4022.99,4023.03,206
1784011140,4023.07,4024.1,4022.92,4023.92,199
1784011200,4023.58,4023.58,4021.8,4022.11,211
1784011260,4022.12,4023.53,4021.78,4023.46,207
1784011320,4023.5,4023.96,4022.98,4023.25,215
1784011380,4023.13,4023.94,4022.79,4023.92,188
1784011440,4023.93,4025.45,4023.92,4025.27,180
1784011500,4025.29,4025.55,4024.89,4025.46,189
1784011560,4024.93,4025.82,4024.26,4025.64,224
1784011620,4025.63,4026.07,4024.74,4025.86,230
1784011680,4025.71,4025.71,4023.6,4023.63,198
1784011740,4023.64,4024.93,4023.19,4024.39,183
1784011800,4024.38,4025.57,4024.38,4025.43,210
1784011860,4025.39,4026.59,4025.35,4026.28,217
1784011920,4026.22,4026.23,4024.85,4025.03,206
1784011980,4025.11,4025.12,4023.74,4024.48,173
1784012040,4024.41,4024.45,4023.36,4023.48,166
1784012100,4023.49,4024.5,4023.19,4024.1,239
1784012160,4023.99,4024.3,4023.04,4023.46,229
1784012220,4023.58,4024.41,4023.4,4023.92,170
1784012280,4023.84,4024.99,4023.4,4023.77,246
1784012340,4023.79,4024.55,4023.71,4023.94,215
1784012400,4023.92,4023.93,4020.78,4021.43,260
1784012460,4021.47,4023.15,4021.43,4022.32,270
1784012520,4022.31,4023.3,4022.2,4023.28,218
1784012580,4023.3,4024.24,4022.82,4022.87,223
1784012640,4023.03,4025.71,4022.8,4025.6,247
1784012700,4025.62,4027.94,4025.59,4027.68,253
1784012760,4027.36,4028.03,4027.21,4027.71,219
1784012820,4027.6,4028.12,4026.93,4027.55,192
1784012880,4027.45,4028.96,4027.44,4028.37,168
1784012940,4028.36,4028.99,4027.59,4028.99,197
1784013000,4028.98,4029.08,4027.21,4027.24,259
1784013060,4027.25,4027.25,4025.98,4026.16,234
1784013120,4026.16,4027.54,4026.16,4027.37,207
1784013180,4027.33,4027.79,4024.78,4025.04,224
1784013240,4025,4025.64,4024.51,4024.85,198
1784013300,4024.83,4026.89,4024.58,4025.63,201
1784013360,4025.56,4027.23,4025.54,4026.41,209
1784013420,4026.45,4027.09,4025.87,4026.91,199
1784013480,4026.93,4027.57,4026.75,4026.86,220
1784013540,4027.09,4027.76,4026.87,4027.31,174
1784013600,4027.25,4027.6,4026.28,4027.48,222
1784013660,4027.49,4027.82,4027.22,4027.38,198
1784013720,4027.37,4028.48,4026.28,4028.39,218
1784013780,4028.35,4028.96,4027.81,4028.94,206
1784013840,4028.87,4029.8,4028.49,4028.57,220
1784013900,4028.58,4029.33,4027.78,4027.82,228
1784013960,4027.81,4028.36,4027.78,4027.79,224
1784014020,4027.79,4028.82,4027.59,4028.44,207
1784014080,4028.37,4028.66,4028.03,4028.57,239
1784014140,4028.53,4029.27,4026.08,4026.43,230
1784014200,4026.27,4026.64,4024.97,4025.26,228
1784014260,4025.28,4025.99,4025.06,4025.28,241
1784014320,4025.32,4025.44,4023.84,4023.88,197
1784014380,4023.87,4024.97,4022.93,4024.9,236
1784014440,4024.89,4026,4024.58,4025.74,184
1784014500,4025.68,4025.73,4024.83,4024.92,235
1784014560,4024.89,4026.72,4024.89,4026.59,223
1784014620,4026.44,4026.79,4025.41,4026.75,207
1784014680,4026.74,4029.52,4026.61,4028.87,258
1784014740,4028.93,4029.21,4026.42,4026.44,218
1784014800,4026.52,4026.57,4025.63,4025.84,191
1784014860,4025.86,4025.97,4024.68,4024.86,196
1784014920,4024.82,4025.38,4023.74,4023.8,209
1784014980,4023.83,4024.01,4023.25,4023.62,221
1784015040,4023.61,4024.25,4023.32,4023.68,181
1784015100,4023.74,4023.9,4023.23,4023.23,208
1784015160,4023.25,4023.52,4022.3,4022.45,229
1784015220,4022.44,4024.2,4022.43,4023.49,207
1784015280,4023.5,4023.59,4022.36,4022.71,212
1784015340,4022.7,4023.44,4022.31,4023.44,243
1784015400,4023.56,4023.87,4022.73,4023.61,248
1784015460,4023.7,4023.8,4022.87,4023.04,240
1784015520,4023.02,4024.18,4021.96,4024.03,245
1784015580,4023.99,4025.5,4023.71,4025.03,248
1784015640,4025.04,4026.15,4024.99,4025.34,207
1784015700,4025.34,4025.75,4023.28,4023.6,218
1784015760,4023.61,4023.7,4021.68,4022.38,259
1784015820,4022.39,4022.55,4021.47,4021.73,209
1784015880,4021.76,4021.78,4020.4,4020.41,204
1784015940,4020.46,4020.98,4020.22,4020.72,236
1784016000,4020.71,4021.57,4019.78,4020.72,284
1784016060,4020.92,4022.46,4019.88,4021.65,256
1784016120,4021.64,4022.42,4019.3,4019.89,264
1784016180,4019.8,4019.82,4017.3,4018.4,270
1784016240,4018.5,4019.01,4018.08,4018.79,243
1784016300,4018.92,4020.17,4018.73,4019.16,256
1784016360,4019.14,4019.61,4017.96,4018.02,229
1784016420,4017.99,4018.94,4017.6,4018.12,282
1784016480,4018.11,4019.77,4017.1,4017.42,288
1784016540,4017.66,4017.93,4014.6,4015.98,281
1784016600,4016,4017.57,4016,4017.57,220
1784016660,4017.69,4017.72,4016.26,4016.78,228
1784016720,4016.73,4017.31,4016.21,4017.31,194
1784016780,4017.3,4017.94,4017.01,4017.84,213
1784016840,4017.83,4018.02,4016.39,4017.33,220
1784016900,4017.5,4018.73,4017.42,4018.67,199
1784016960,4019.13,4020.38,4018.98,4020.27,228
1784017020,4020.3,4020.86,4020.13,4020.42,214
1784017080,4020.35,4020.93,4019.52,4019.86,190
1784017140,4019.85,4019.85,4018.19,4019.22,194
1784017200,4019.24,4020.13,4018.59,4019.59,212
1784017260,4019.67,4019.88,4019.24,4019.87,193
1784017320,4019.85,4020.83,4019.57,4020.3,206
1784017380,4020.26,4020.65,4019.99,4020.54,170
1784017440,4020.5,4020.87,4019.45,4019.76,201
1784017500,4019.78,4021.07,4019.48,4021.07,223
1784017560,4021.1,4022.8,4021.1,4022.36,234
1784017620,4022.34,4022.75,4021.46,4022.24,215
1784017680,4022.21,4023.21,4022.18,4022.78,221
1784017740,4022.76,4023.06,4021.48,4021.83,233
1784017800,4021.82,4023.83,4020.26,4023.83,262
1784017860,4023.84,4023.84,4022.01,4022.1,185
1784017920,4022.12,4022.86,4020.71,4020.77,217
1784017980,4020.72,4020.85,4018.9,4019.3,228
1784018040,4019.4,4020.05,4019.29,4019.8,186
1784018100,4019.77,4020.48,4019.05,4019.88,192
1784018160,4019.89,4021.05,4019.86,4019.86,221
1784018220,4019.77,4019.91,4019.09,4019.85,156
1784018280,4020.11,4020.56,4019.79,4019.98,203
1784018340,4019.97,4019.99,4018.88,4019.45,191
1784018400,4019.48,4022.47,4018.83,4020.9,224
1784018460,4021.03,4022.53,4020.92,4021.25,228
1784018520,4021.24,4021.32,4019.9,4020.65,226
1784018580,4020.66,4020.66,4019.47,4019.71,196
1784018640,4019.72,4020.14,4019.36,4019.36,198
1784018700,4019.33,4020.5,4019.24,4020.48,201
1784018760,4020.5,4020.9,4019.12,4019.41,189
1784018820,4019.48,4020.44,4019.48,4020.3,179
1784018880,4020.37,4020.37,4018.65,4018.9,187
1784018940,4018.93,4019.25,4018.83,4019.24,169
1784019000,4019.25,4020.38,4018.99,4019.02,174
1784019060,4018.99,4019.14,4017.61,4017.82,241
1784019120,4017.83,4018.62,4017.61,4018.4,186
1784019180,4018.42,4018.93,4018.19,4018.73,182
1784019240,4018.78,4020.32,4018.61,4019.54,199
1784019300,4019.56,4019.86,4017.8,4017.86,219
1784019360,4017.84,4018.27,4017.36,4017.43,166
1784019420,4017.39,4017.87,4016.07,4016.1,216
1784019480,4016.17,4016.89,4016.17,4016.31,201
1784019540,4016.31,4016.93,4015.91,4015.95,200
1784019600,4015.87,4016.17,4013.86,4016.17,246
1784019660,4016.16,4017.63,4015.9,4017.3,248
1784019720,4017.09,4018.38,4016.38,4018.34,210
1784019780,4017.97,4018.56,4017.55,4017.76,188
1784019840,4017.73,4019.82,4017.69,4019.79,231
1784019900,4020.29,4020.33,4019.31,4020.08,195
1784019960,4020.09,4020.34,4018.35,4018.52,193
1784020020,4018.55,4020.18,4018.55,4019.96,211
1784020080,4020.02,4021.72,4019.96,4021.72,214
1784020140,4021.71,4021.95,4021.17,4021.23,198
1784020200,4021.26,4021.79,4020.65,4021.78,202
1784020260,4021.81,4024.38,4021.76,4023.55,247
1784020320,4023.54,4024.18,4022.05,4022.18,219
1784020380,4022.17,4022.18,4019.95,4020.32,226
1784020440,4020.24,4021.14,4020.16,4020.7,232
1784020500,4020.74,4020.81,4018.73,4019.32,217
1784020560,4019.31,4019.84,4019.01,4019.09,212
1784020620,4019.08,4020.03,4018.59,4019.33,240
1784020680,4019.34,4019.45,4018.36,4018.92,222
1784020740,4019.03,4020.59,4018.98,4020.43,220
1784020800,4020.44,4021.3,4020.14,4021.08,223
1784020860,4021.05,4021.34,4019.79,4020.1,222
1784020920,4020.07,4020.75,4019.68,4019.87,165
1784020980,4019.86,4021.65,4018.97,4019.07,244
1784021040,4019.06,4019.08,4017.49,4018.48,220
1784021100,4018.43,4018.67,4018.11,4018.25,176
1784021160,4018.23,4018.99,4017.79,4017.79,210
1784021220,4017.77,4018.73,4017.77,4018.21,191
1784021280,4018.23,4018.69,4017.24,4017.24,167
1784021340,4017.31,4017.57,4015.15,4015.85,232
1784021400,4015.94,4017.26,4014.57,4014.57,241
1784021460,4014.71,4016.19,4014.65,4016.08,233
1784021520,4015.97,4016.89,4015.4,4015.58,229
1784021580,4015.61,4016.09,4014.39,4014.91,222
1784021640,4014.89,4014.95,4013.85,4014.09,231
1784021700,4014.07,4015.72,4013.86,4015.57,207
1784021760,4015.76,4016.4,4015.13,4015.13,230
1784021820,4015.14,4015.94,4014.97,4015.68,179
1784021880,4015.67,4015.85,4014.96,4014.96,165
1784021940,4015.13,4016.33,4015.13,4016.2,169
1784022000,4016.02,4017.3,4015.81,4017.28,201
1784022060,4017.27,4017.66,4016.41,4016.73,213
1784022120,4016.87,4017.45,4016.32,4017.26,146
1784022180,4017.29,4018.12,4016.4,4016.87,221
1784022240,4016.84,4017.65,4016.84,4017.28,187
1784022300,4017.25,4018.22,4016.56,4018.22,225
1784022360,4018.38,4019.35,4018.32,4019.12,237
1784022420,4019.02,4020.39,4018.52,4020.39,198
1784022480,4020.34,4021.82,4020.27,4021.58,235
1784022540,4021.66,4023.86,4020.64,4023.14,219
1784022600,4023.19,4023.19,4021.77,4023.02,210
1784022660,4023.03,4023.88,4022.07,4022.4,220
1784022720,4022.42,4022.95,4021.35,4021.35,232
1784022780,4021.38,4022.2,4021.23,4021.31,252
1784022840,4020.95,4022.11,4020.57,4021.08,189
1784022900,4020.97,4021.48,4020.35,4020.41,223
1784022960,4020.58,4020.9,4019.3,4020.21,202
1784023020,4020.15,4021.32,4020.11,4021.32,198
1784023080,4021.25,4021.79,4021.12,4021.43,179
1784023140,4021.42,4021.82,4021.15,4021.71,166
1784023200,4021.82,4022.16,4020.64,4022.07,229
1784023260,4022.05,4022.16,4020.36,4020.65,198
1784023320,4021.04,4021.08,4019.07,4019.41,202
1784023380,4019.48,4019.61,4018.46,4019.24,223
1784023440,4019.22,4019.95,4019.09,4019.72,136
1784023500,4019.47,4020.08,4018.63,4018.64,228
1784023560,4018.62,4018.72,4017.95,4018.61,213
1784023620,4018.62,4019.6,4018.62,4019.09,178
1784023680,4019.04,4019.04,4018.16,4018.28,151
1784023740,4018.29,4018.38,4017.86,4018.11,92
1784023800,4018.38,4019.63,4018.37,4019.59,162
1784023860,4019.58,4019.64,4018.98,4019.07,141
1784023920,4019.09,4019.28,4017.94,4018.04,192
1784023980,4017.95,4018.33,4016.91,4018.27,173
1784024040,4018.3,4018.4,4017.69,4018.23,145
1784024100,4018.21,4018.76,4017.33,4018.76,171
1784024160,4018.68,4019.33,4018.1,4018.89,202
1784024220,4018.85,4019.3,4018.04,4019.28,202
1784024280,4019.18,4019.57,4018.5,4019.39,197
1784024340,4019.57,4020.09,4019.01,4019.04,174
1784024400,4019.02,4019.22,4018.57,4018.57,158
1784024460,4018.41,4019.18,4017.6,4017.68,179
1784024520,4017.65,4018.13,4017.01,4017.1,180
1784024580,4017.11,4018.01,4017.01,4017.87,160
1784024640,4017.88,4018.03,4017.24,4017.56,185
1784024700,4017.49,4017.56,4015.86,4016.26,205
1784024760,4016.27,4016.38,4015.73,4016.01,208
1784024820,4015.92,4017.14,4015.92,4017.05,200
1784024880,4017.06,4017.08,4016.48,4016.7,167
1784024940,4016.74,4018.06,4016.74,4017.88,203
1784025000,4017.88,4018.76,4017.71,4018.41,205
1784025060,4018.42,4018.77,4015.34,4015.48,252
1784025120,4015.51,4016.23,4015.39,4015.91,185
1784025180,4016.13,4017.99,4016.13,4017.56,195
1784025240,4017.59,4017.59,4015.9,4016.23,201
1784025300,4016.25,4017.43,4015.17,4017.19,217
1784025360,4017.15,4017.91,4016.54,4017.91,220
1784025420,4017.97,4019.2,4017.57,4018.93,221
1784025480,4018.76,4018.96,4017.52,4017.71,237
1784025540,4017.64,4019.31,4017.64,4018.99,209
1784025600,4019.04,4020.17,4018.7,4019.17,206
1784025660,4019.17,4019.81,4018.73,4018.73,200
1784025720,4018.69,4019.06,4018.63,4018.64,190
1784025780,4018.6,4018.93,4018.38,4018.38,158
1784025840,4018.37,4019.73,4018.36,4019.06,202
1784025900,4019.16,4020.1,4018.15,4019.54,166
1784025960,4019.52,4020.11,4019.05,4019.99,161
1784026020,4019.97,4020.94,4019.97,4020.84,190
1784026080,4020.83,4021.64,4020.83,4021.58,168
1784026140,4021.56,4022.17,4021.38,4021.84,152
1784026200,4021.81,4021.82,4020.92,4020.97,187
1784026260,4020.94,4020.94,4020.07,4020.5,177
1784026320,4020.57,4020.77,4019.15,4019.27,184
1784026380,4019.21,4020.26,4019.14,4020.15,169
1784026440,4020.14,4020.83,4020.03,4020.26,207
1784026500,4020.28,4020.34,4019.7,4019.81,181
1784026560,4019.89,4020.35,4019.79,4019.88,180
1784026620,4019.77,4021.11,4019.77,4020.9,198
1784026680,4020.91,4022.08,4020.55,4021.9,205
1784026740,4021.89,4022.84,4021.65,4021.67,206
1784026800,4021.94,4022.92,4019.78,4020.14,234
1784026860,4020.51,4021.27,4019.65,4020.9,253
1784026920,4020.98,4021.2,4019.85,4021.02,255
1784026980,4021.04,4021.69,4020.37,4021.62,251
1784027040,4021.58,4021.58,4020.12,4020.6,218
1784027100,4020.7,4021.39,4020.24,4021.09,203
1784027160,4020.94,4021.82,4020.14,4020.29,233
1784027220,4020.24,4021.03,4018.64,4019.09,221
1784027280,4019.11,4019.65,4016.53,4016.53,216
1784027340,4016.49,4016.73,4015.59,4016.32,218
1784027400,4016.29,4018.63,4016.29,4018.34,228
1784027460,4018.28,4019.03,4017.58,4017.95,187
1784027520,4018.02,4020.39,4017.61,4020.38,222
1784027580,4020.36,4021.27,4019.95,4021.27,206
1784027640,4021.28,4024.01,4020.58,4023.06,243
1784027700,4022.96,4022.96,4021.62,4022.06,230
1784027760,4022.07,4022.74,4021.39,4021.41,206
1784027820,4021.7,4022.33,4020.65,4022.11,240
1784027880,4022.13,4023.11,4022.12,4022.79,204
1784027940,4022.78,4023.96,4022.59,4022.97,202
1784028000,4022.98,4025.8,4022.72,4024.55,224
1784028060,4024.57,4025.48,4022.81,4023.25,228
1784028120,4023.25,4024.45,4023.05,4024,199
1784028180,4023.9,4025.46,4023.9,4025.42,198
1784028240,4025.54,4028.1,4024.8,4027.91,224
1784028300,4027.95,4028.39,4025.92,4028,252
1784028360,4027.79,4027.79,4026.39,4026.56,205
1784028420,4026.49,4026.64,4025.74,4026.26,194
1784028480,4026.25,4026.25,4024.89,4025.01,185
1784028540,4025.06,4025.62,4024.93,4025,177
1784028600,4024.93,4026.23,4024.62,4025.48,227
1784028660,4025.46,4026.7,4025.14,4026.7,174
1784028720,4026.73,4028.36,4026.33,4028.36,231
1784028780,4028.55,4029.04,4027.32,4028.13,244
1784028840,4028.2,4028.78,4027.75,4027.85,213
1784028900,4027.84,4030.36,4027.64,4030.25,203
1784028960,4030.13,4030.13,4028.53,4029.55,220
1784029020,4029.53,4030.03,4027.86,4028.72,244
1784029080,4028.66,4029.1,4027.51,4028.5,217
1784029140,4028.61,4028.76,4027.74,4028.56,174
1784029200,4028.55,4028.71,4027.61,4027.84,181
1784029260,4027.87,4029.49,4027.6,4028.82,214
1784029320,4028.84,4029.8,4028.51,4029.68,184
1784029380,4029.67,4029.95,4028.93,4029.23,199
1784029440,4029.25,4029.37,4027.21,4028.12,214
1784029500,4028.15,4028.22,4026.41,4026.43,185
1784029560,4026.43,4026.97,4025.88,4026.97,162
1784029620,4026.98,4028.1,4026.64,4027.93,161
1784029680,4027.85,4030.58,4027.15,4029.76,247
1784029740,4029.82,4029.85,4028.23,4028.47,256
1784029800,4028.67,4028.69,4027.03,4027.04,219
1784029860,4027.05,4027.68,4026.87,4027.59,189
1784029920,4027.6,4028.55,4026.75,4028.16,175
1784029980,4028.12,4029.45,4028.12,4029.44,163
1784030040,4029.49,4029.81,4028.86,4029.19,222
1784030100,4029.24,4030.14,4028.85,4030.13,198
1784030160,4030.18,4031.68,4030.12,4030.84,206
1784030220,4030.77,4031.04,4030.07,4030.64,229
1784030280,4030.67,4031.57,4030.64,4031.3,174
1784030340,4031.27,4031.94,4031.16,4031.35,189
1784030400,4031.7,4031.7,4030.53,4030.66,238
1784030460,4030.69,4032.32,4030.04,4031.57,222
1784030520,4031.54,4033.41,4030.75,4032.45,238
1784030580,4032.43,4035.81,4032.36,4034.42,280
1784030640,4034.3,4034.3,4029.43,4029.94,228
1784030700,4029.99,4030.01,4028.31,4029.18,229
1784030760,4029.15,4030.68,4028.58,4028.64,224
1784030820,4028.73,4029.21,4027.18,4027.26,246
1784030880,4027.48,4027.6,4025.66,4025.71,242
1784030940,4025.63,4026.49,4025.31,4025.92,196
1784031000,4025.96,4027.7,4025.96,4027.6,249
1784031060,4027.64,4028.39,4025.88,4026.81,239
1784031120,4026.81,4027.65,4026.3,4027.5,191
1784031180,4027.61,4028.13,4026.98,4027.26,202
1784031240,4027.25,4027.43,4025.35,4025.99,224
1784031300,4025.88,4026.34,4024.93,4025.68,218
1784031360,4025.66,4027.09,4025.18,4027.09,236
1784031420,4027.13,4028.56,4027.02,4027.02,225
1784031480,4027.02,4027.08,4026.06,4027.08,216
1784031540,4027.08,4027.67,4026.87,4027.15,208
1784031600,4026.79,4028.12,4023.3,4023.67,258
1784031660,4023.91,4026.97,4023.83,4026.46,266
1784031720,4026.47,4027.09,4025.25,4025.25,243
1784031780,4025.21,4026.25,4024.8,4024.94,245
1784031840,4024.96,4028.78,4024.94,4028.74,252
1784031900,4028.71,4029.76,4027.63,4028.29,287
1784031960,4028.45,4028.46,4026.94,4027.74,247
1784032020,4027.74,4029.38,4027.53,4028.72,205
1784032080,4028.59,4030.8,4028.56,4030.47,211
1784032140,4030.52,4030.88,4027.32,4030.04,250
1784032200,4030.78,4089.85,4030.78,4089.34,156
1784032260,4089.82,4096.31,4086.5,4093.38,324
1784032320,4092.63,4100.65,4091.25,4094.59,303
1784032380,4093.87,4103.35,4093.07,4096.21,338
1784032440,4096.12,4100.78,4094.89,4095.88,335
1784032500,4095.65,4100.05,4093.83,4093.83,332
1784032560,4093.45,4094.13,4086.69,4088.49,327
1784032620,4088.27,4088.59,4082.34,4084.2,330
1784032680,4084.41,4088.17,4082.27,4087.2,325
1784032740,4087.11,4089.11,4084.14,4087.16,329
1784032800,4087.57,4091.18,4084.51,4088.06,326
1784032860,4088.26,4091.73,4085.04,4091.01,322
1784032920,4090.9,4092.34,4087.81,4092.03,321
1784032980,4092.52,4094.51,4088.14,4089.64,321
1784033040,4089.88,4093.76,4088.99,4092.93,306
1784033100,4093.31,4095.14,4090.3,4094.45,317
1784033160,4093.54,4093.54,4086.59,4086.6,313
1784033220,4087.09,4087.09,4082.65,4082.65,308
1784033280,4082.72,4085.7,4082.72,4083.89,302
1784033340,4083.63,4086.57,4083.26,4085.26,313
1784033400,4085.23,4085.23,4081.62,4083.13,308
1784033460,4083.08,4083.08,4077.2,4079.94,322
1784033520,4080.03,4081.48,4077.28,4077.52,308
1784033580,4077.66,4079.31,4076.07,4076.71,305
1784033640,4076.43,4076.84,4072.81,4073.47,308
1784033700,4073.75,4076.26,4073.07,4073.99,310
1784033760,4073.59,4075.37,4069.11,4070.14,303
1784033820,4069.95,4072.79,4069.51,4072.2,312
1784033880,4072.09,4072.5,4069.23,4069.99,294
1784033940,4071.14,4077.23,4071.14,4076.41,299
1784034000,4076.25,4077.62,4072.97,4076,316
1784034060,4076.17,4083.34,4076.17,4082.87,319
1784034120,4082.73,4083.29,4079.2,4079.2,316
1784034180,4079.26,4079.26,4075.22,4075.41,322
1784034240,4075.46,4076.67,4072.21,4072.75,320
1784034300,4072.71,4075.31,4070.96,4075.02,302
1784034360,4074.99,4076.48,4073.72,4075.08,295
1784034420,4075.29,4077.21,4074.44,4076.72,286
1784034480,4076.74,4079.71,4076.74,4079.69,263
1784034540,4079.57,4080.31,4077.03,4077.45,295
1784034600,4077.56,4080.29,4077.04,4077.8,295
1784034660,4077.75,4078.64,4075.79,4077.71,296
1784034720,4077.63,4079.12,4075.37,4075.49,283
1784034780,4075.38,4076.52,4072.01,4074.18,306
1784034840,4074.37,4075.19,4072.35,4075.06,295
1784034900,4075.07,4077.01,4074.09,4076.65,303
1784034960,4076.71,4080.33,4076.27,4078.51,295
1784035020,4078.59,4079,4075.44,4076.86,307
1784035080,4076.96,4079.72,4076.03,4077.71,280
1784035140,4077.76,4078.39,4075.85,4076.17,280
1784035200,4076.24,4076.66,4072.28,4076.18,302
1784035260,4076.19,4080.96,4075.46,4080.25,285
1784035320,4080.22,4080.98,4079.43,4080.98,291
1784035380,4081.11,4086.28,4080.95,4083.63,306
1784035440,4083.49,4085.5,4082.84,4084.02,290
1784035500,4084.05,4085.09,4083.25,4083.79,308
1784035560,4083.59,4084.66,4082.33,4084.44,277
1784035620,4084.19,4085.39,4083.44,4085.39,278
1784035680,4085.28,4086,4083.94,4084.46,286
1784035740,4084.5,4084.86,4081.43,4081.73,285
1784035800,4081.7,4084.84,4081.37,4084.18,316
1784035860,4083.82,4084.81,4077.33,4078.31,312
1784035920,4078.4,4079.12,4075.97,4076.46,324
1784035980,4076.75,4078.66,4076.71,4076.99,311
1784036040,4077,4080.98,4076.58,4080.46,313
1784036100,4080.39,4080.48,4078.78,4079.77,296
1784036160,4079.61,4082.1,4079.31,4081.16,303
1784036220,4081.18,4084.72,4081.18,4084.19,311
1784036280,4084.47,4086.54,4082.02,4085.8,305
1784036340,4085.91,4088.47,4085.62,4086.58,311
1784036400,4086.71,4088.27,4084.81,4085.66,320
1784036460,4085.63,4085.93,4084.01,4085.24,323
1784036520,4085.14,4087.22,4083.22,4083.61,306
1784036580,4083.82,4086.79,4082.79,4085.97,299
1784036640,4086.03,4088.63,4085.65,4087.68,309
1784036700,4087.61,4087.61,4084.53,4086.08,304
1784036760,4086.04,4086.2,4080.69,4081.62,310
1784036820,4081.61,4084.6,4081.55,4084.03,311
1784036880,4084.12,4085.5,4081.74,4081.86,301
1784036940,4081.91,4083.17,4080.83,4083.17,284
1784037000,4083.22,4085.09,4083.11,4083.92,294
1784037060,4083.74,4085.01,4082.13,4082.28,296
1784037120,4082.58,4082.76,4074.51,4075.41,313
1784037180,4075.5,4078.47,4074.39,4078.12,316
1784037240,4077.88,4078.93,4076.26,4076.56,309
1784037300,4076.56,4077.28,4074.64,4074.83,303
1784037360,4074.79,4077.67,4074.79,4077.45,297
1784037420,4077.46,4078.56,4077.34,4077.51,278
1784037480,4077.5,4078.75,4075.67,4076.53,276
1784037540,4076.56,4077.99,4075.41,4076.76,282
1784037600,4076.7,4077.55,4074.55,4075.37,300
1784037660,4075.27,4080.35,4075.25,4079.55,308
1784037720,4079.59,4079.59,4073.66,4075.06,308
1784037780,4075.03,4076.77,4074.17,4076.52,301
1784037840,4076.44,4076.57,4074.09,4074.09,302
1784037900,4073.85,4076.22,4072.73,4075.97,309
1784037960,4076.4,4076.87,4074.37,4076.87,308
1784038020,4076.97,4081.4,4076.31,4079.9,309
1784038080,4079.71,4080.44,4078.47,4079.79,314
1784038140,4079.81,4080.06,4077.74,4080.01,311
1784038200,4079.99,4081.1,4077.89,4079,294
1784038260,4079.12,4080.06,4077.27,4079.3,302
1784038320,4079.62,4081.02,4078.99,4080.54,291
1784038380,4080.76,4085.19,4080.76,4083.56,298
1784038440,4083.55,4083.73,4081.55,4082.44,297
1784038500,4082.46,4082.46,4074.58,4075.25,309
1784038560,4074.7,4075.63,4071.76,4074.6,318
1784038620,4074.63,4076.1,4072.22,4072.43,313
1784038680,4072.34,4073.66,4070.78,4072.11,306
1784038740,4072.13,4074.61,4072.13,4073.31,301
1784038800,4073.33,4075.02,4073.21,4074.71,303
1784038860,4074.94,4077.43,4073.4,4077.41,302
1784038920,4077.63,4085.15,4077.38,4084.95,319
1784038980,4084.68,4084.68,4079.4,4080.04,317
1784039040,4080.19,4080.94,4078.12,4078.74,305
1784039100,4078.72,4078.89,4074.35,4075.12,293
1784039160,4075.15,4078.82,4074.11,4078.17,297
1784039220,4078.3,4078.36,4074.91,4076.83,288
1784039280,4076.62,4077.13,4074.4,4076.44,290
1784039340,4076.33,4077.47,4074.36,4077.03,286
1784039400,4077.01,4077.02,4074,4075.64,285
1784039460,4075.59,4076.65,4073.35,4074.03,293
1784039520,4074.07,4078.66,4073.53,4078.58,297
1784039580,4078.57,4078.57,4076.06,4076.33,280
1784039640,4076.38,4090.1,4076.38,4080.34,312
1784039700,4080.25,4081.3,4077.88,4079.64,316
1784039760,4080.07,4080.76,4077.84,4078.58,307
1784039820,4078.35,4078.59,4074.78,4076.74,307
1784039880,4076.89,4081.2,4076.73,4080.68,300
1784039940,4080.55,4080.72,4079.35,4079.78,295
1784040000,4079.78,4082.49,4079.4,4080.61,299
1784040060,4080.38,4080.95,4078.75,4080.21,291
1784040120,4080.34,4081.52,4078.8,4079.75,292
1784040180,4079.74,4080.4,4078.92,4080.4,304
1784040240,4080.39,4082.74,4079.31,4080.19,301
1784040300,4080.52,4082.73,4079.77,4082.01,304
1784040360,4082.18,4082.35,4079.66,4080.23,291
1784040420,4080.16,4081.45,4079.18,4081.07,278
1784040480,4081.1,4082.66,4079.63,4082.29,289
1784040540,4082.15,4082.15,4079.09,4079.15,275
1784040600,4079.13,4079.54,4077.76,4078.73,298
1784040660,4078.7,4082.62,4078.59,4082.61,270
1784040720,4082.38,4083.03,4081.4,4082.19,283
1784040780,4082.14,4082.15,4079.74,4081,288
1784040840,4081.12,4083.99,4081.12,4082.6,279
1784040900,4082.74,4084.39,4082.39,4084.17,278
1784040960,4084.16,4084.16,4081.31,4082.24,274
1784041020,4082.36,4085.64,4081.98,4085.64,284
1784041080,4085.72,4087.57,4084.95,4085.15,277
1784041140,4085.16,4085.44,4084.17,4085.29,265
1784041200,4085.24,4085.79,4081.76,4081.8,269
1784041260,4081.75,4081.93,4080.16,4080.31,287
1784041320,4080.06,4081.61,4079.43,4080.22,296
1784041380,4079.92,4080.75,4078.9,4080.56,266
1784041440,4080.42,4093.14,4078.92,4089.1,310
1784041500,4088.86,4089.02,4086.63,4088.09,315
1784041560,4088.03,4094.21,4087.79,4093.77,316
1784041620,4093.52,4096.38,4093.08,4095.4,308
1784041680,4095.49,4100.47,4095.06,4098.93,318
1784041740,4098.96,4099.02,4094.51,4095.86,307
1784041800,4096.21,4097.52,4093.56,4094.07,302
1784041860,4094.05,4094.54,4090.87,4092.75,293
1784041920,4092.74,4093.23,4091.11,4092.16,286
1784041980,4092.26,4094.14,4091.38,4091.81,277
1784042040,4091.44,4091.62,4089.4,4090.33,276
1784042100,4090.01,4091.04,4088.47,4088.96,294
1784042160,4088.95,4090.67,4087.71,4088.16,280
1784042220,4088.14,4089.06,4087.48,4087.71,274
1784042280,4087.37,4087.89,4085.87,4087.31,272
1784042340,4087.22,4087.78,4085.84,4086.99,258
1784042400,4086.89,4087.19,4085.62,4087.16,235
1784042460,4087.11,4090.25,4087.02,4089.9,277
1784042520,4089.68,4089.68,4087.82,4087.82,229
1784042580,4087.73,4088.71,4086.79,4088.09,234
1784042640,4088.12,4089.15,4086.61,4087.17,253
1784042700,4087.2,4087.28,4084.85,4085.19,262
1784042760,4085.27,4085.56,4083.4,4084.21,258
1784042820,4084.23,4084.6,4082.66,4084.31,250
1784042880,4084.35,4085.51,4084.18,4084.63,226
1784042940,4084.6,4085.21,4083.55,4084.85,263
1784043000,4084.86,4085.42,4083.28,4085.13,289
1784043060,4085.07,4086.21,4084.09,4085.86,263
1784043120,4085.89,4086.87,4084.56,4084.87,253
1784043180,4084.64,4084.64,4082.25,4082.46,266
1784043240,4082.35,4083.13,4080.85,4081.47,289
1784043300,4081.47,4082.36,4077.49,4078.96,295
1784043360,4078.73,4079.16,4076.65,4077.06,287
1784043420,4076.98,4078.19,4076.71,4077.74,253
1784043480,4077.72,4079.62,4077.29,4079.62,266
1784043540,4079.52,4079.58,4075.91,4076.17,278
1784043600,4076.18,4077.22,4074.95,4075.77,273
1784043660,4075.92,4076.17,4070.97,4072.59,292
1784043720,4072.75,4073.07,4067,4070.04,310
1784043780,4070.03,4072.33,4069.45,4071.6,306
1784043840,4071.58,4074.72,4071.58,4074.2,293
1784043900,4074.11,4075.2,4073.44,4073.76,277
1784043960,4073.96,4075.05,4073.19,4073.42,265
1784044020,4073.45,4076.55,4073.43,4075.94,273
1784044080,4075.76,4075.99,4072.36,4072.83,291
1784044140,4072.87,4073.75,4071.24,4071.61,289
1784044200,4071.48,4072.23,4069.45,4069.69,308
1784044260,4069.54,4070.06,4067.2,4067.79,294
1784044320,4068.26,4068.71,4067.07,4068.71,298
1784044380,4068.74,4069.32,4067.08,4069.17,286
1784044440,4069.14,4069.37,4066.27,4067.1,287
1784044500,4066.95,4067.76,4065.79,4067.06,299
1784044560,4067.22,4068.17,4066.54,4067,269
1784044620,4066.93,4067.52,4066,4067.13,270
1784044680,4066.75,4068.42,4066.49,4066.97,257
1784044740,4066.84,4067.03,4064.67,4066.28,276
1784044800,4066.27,4066.97,4062.93,4063.09,281
1784044860,4063.14,4064.81,4062.79,4062.97,264
1784044920,4063.13,4064.55,4062.85,4064.32,274
1784044980,4064.1,4064.45,4062.93,4063.89,283
1784045040,4063.76,4064.65,4062.71,4064.02,287
1784045100,4064.06,4064.52,4059.66,4060.28,290
1784045160,4060.27,4061.58,4059.61,4061.58,275
1784045220,4061.59,4061.71,4058.06,4059.03,291
1784045280,4059.31,4061.47,4058.52,4061.02,272
1784045340,4060.76,4062.3,4060.02,4060.44,261
1784045400,4060.68,4063.12,4060.68,4062.29,284
1784045460,4062.3,4063.48,4062.22,4063.48,266
1784045520,4063.57,4063.67,4062.36,4063.09,240
1784045580,4063.16,4065,4062.81,4063.9,256
1784045640,4063.83,4064.04,4063.05,4063.15,244
1784045700,4063.06,4063.36,4060.91,4062.19,264
1784045760,4062.18,4065.02,4062.18,4064.96,257
1784045820,4064.78,4064.78,4063.83,4063.83,254
1784045880,4063.81,4064.47,4063.38,4063.63,220
1784045940,4063.61,4063.88,4062.61,4063.01,205
1784046000,4063.01,4063.73,4061.82,4061.82,192
1784046060,4061.8,4062.04,4060.73,4061.67,228
1784046120,4061.68,4062.08,4059.27,4059.55,245
1784046180,4059.61,4060.1,4058,4060.1,235
1784046240,4060.13,4061.61,4060.13,4061.08,187
1784046300,4060.9,4062.23,4058.56,4059.96,273
1784046360,4059.87,4060.83,4059.71,4060.75,234
1784046420,4060.81,4061.19,4060.12,4060.41,212
1784046480,4060.42,4060.86,4059.99,4060.38,160
1784046540,4060.41,4060.55,4059.25,4059.41,226
1784046600,4059.42,4061.23,4059.01,4061.11,271
1784046660,4061.1,4061.37,4058.98,4060.37,226
1784046720,4060.38,4062.74,4060.34,4062.27,229
1784046780,4061.78,4061.78,4059.35,4059.53,242
1784046840,4059.42,4060.06,4058.94,4059.89,255
1784046900,4059.96,4061.17,4059.92,4060.04,236
1784046960,4060.13,4061.05,4058.84,4059.27,228
1784047020,4059.18,4059.18,4057.85,4058.21,259
1784047080,4058.15,4060.05,4057.8,4060.04,257
1784047140,4060.05,4060.35,4059.22,4060.08,235
1784047200,4060.13,4061.59,4059.65,4060.43,241
1784047260,4060.42,4060.91,4059.27,4059.95,194
1784047320,4059.96,4061.55,4059.47,4061.51,215
1784047380,4061.37,4062.66,4061.37,4062.19,175
1784047440,4062.17,4062.17,4060.77,4060.98,180
1784047500,4060.92,4062.01,4060.36,4060.4,237
1784047560,4060.25,4060.25,4058.65,4058.86,241
1784047620,4058.84,4059.41,4058.42,4059.01,240
1784047680,4059,4059,4057.83,4058.26,231
1784047740,4058.16,4059.78,4057.68,4059.78,224
1784047800,4059.76,4060.22,4059.14,4059.9,215
1784047860,4060.06,4060.24,4058.49,4060.23,243
1784047920,4060.22,4061.26,4060.22,4061.05,200
1784047980,4060.96,4061.03,4060.09,4060.3,214
1784048040,4060.26,4060.52,4059.88,4060.25,200
1784048100,4060.23,4062.26,4060.23,4060.83,219
1784048160,4060.77,4061.33,4060.33,4061.12,205
1784048220,4061.13,4061.13,4059.73,4060.63,214
1784048280,4060.54,4061.65,4060.53,4061.56,194
1784048340,4061.59,4061.78,4061.13,4061.62,187
1784048400,4061.88,4062.77,4061.09,4062.2,253
1784048460,4062.33,4064.52,4061.9,4063.67,254
1784048520,4063.64,4063.76,4062.64,4063.31,222
1784048580,4063.3,4064.05,4061.32,4061.33,219
1784048640,4061.26,4061.43,4059.74,4060.41,231
1784048700,4060.46,4061.02,4059.29,4060.02,218
1784048760,4060.12,4060.12,4057.4,4057.97,252
1784048820,4057.94,4058.24,4057.3,4058.04,249
1784048880,4058.01,4058.85,4057.99,4058.59,207
1784048940,4058.59,4059.68,4057.96,4059.53,209
1784049000,4059.49,4059.79,4058.79,4058.86,248
1784049060,4058.85,4059,4057.97,4058.32,226
1784049120,4058.35,4058.42,4057.84,4058.42,192
1784049180,4058.43,4058.62,4057.48,4057.88,201
1784049240,4057.84,4057.85,4055.5,4056.74,234
1784049300,4056.69,4057,4054.6,4054.6,260
1784049360,4054.68,4056.86,4054.68,4056.32,238
1784049420,4056.29,4056.49,4055.19,4056.23,249
1784049480,4056.27,4056.89,4055.67,4056.34,209
1784049540,4056.22,4057.09,4055.23,4056.86,245
1784049600,4056.83,4058.26,4056.38,4057.72,214
1784049660,4057.73,4059.09,4057.72,4058.38,182
1784049720,4058.39,4059.39,4058.27,4058.93,230
1784049780,4058.94,4061.01,4058.94,4060.54,245
1784049840,4060.52,4061.44,4060.3,4060.94,194
1784049900,4060.96,4061.76,4060.24,4060.75,256
1784049960,4060.72,4062.47,4060.66,4062.47,231
1784050020,4062.46,4062.96,4062.28,4062.72,210
1784050080,4062.84,4063.2,4062.56,4063.01,233
1784050140,4062.93,4064.06,4062.26,4062.86,290
1784050200,4062.97,4064.48,4062.9,4064.04,254
1784050260,4064.03,4064.55,4063.27,4064.45,224
1784050320,4064.45,4065.08,4062.45,4062.48,191
1784050380,4062.49,4063.06,4061.87,4061.9,217
1784050440,4061.88,4062.69,4061.69,4062.09,169
1784050500,4062,4062.09,4060.96,4061.72,238
1784050560,4061.75,4062.67,4061.64,4061.83,206
1784050620,4061.85,4062.38,4061.02,4061.58,178
1784050680,4061.52,4062.46,4061.51,4062,152
1784050740,4061.95,4062.77,4061.85,4062.1,175
1784050800,4062.09,4062.67,4061.7,4062.13,205
1784050860,4062.02,4062.08,4060.72,4060.99,199
1784050920,4061.18,4061.49,4059.91,4060.04,216
1784050980,4060.08,4060.38,4059.62,4060.22,162
1784051040,4060.27,4060.98,4059.65,4059.82,157
1784051100,4059.83,4060.12,4058.77,4058.78,223
1784051160,4058.79,4059.03,4058.39,4059.03,222
1784051220,4059.02,4060.54,4058.87,4060.41,198
1784051280,4060.49,4061.93,4060.32,4061.84,208
1784051340,4061.72,4061.93,4061.16,4061.76,184
1784051400,4061.74,4062.52,4061.73,4062.24,216
1784051460,4062.27,4063.25,4062.03,4063.05,189
1784051520,4063.11,4063.45,4062.69,4062.94,161
1784051580,4062.93,4063.2,4062.2,4062.55,154
1784051640,4062.68,4063.36,4062.59,4063.13,150
1784051700,4063.14,4063.35,4062.48,4063.06,178
1784051760,4063.15,4063.87,4062.83,4063.54,148
1784051820,4063.53,4063.65,4062.74,4062.74,172
1784051880,4062.78,4063.02,4062.77,4062.78,122
1784051940,4062.8,4063.78,4062.7,4062.82,161
1784052000,4062.61,4062.78,4061.32,4061.32,215
1784052060,4061.28,4061.31,4059.75,4060.67,195
1784052120,4060.68,4061.19,4060.46,4061.01,168
1784052180,4061.03,4061.29,4060.52,4061.1,184
1784052240,4061.06,4062.18,4060.96,4062.08,182
1784052300,4062.05,4062.31,4060.99,4061.24,185
1784052360,4061.21,4061.31,4060.84,4061.16,169
1784052420,4061.12,4061.4,4060.73,4061.3,178
1784052480,4061.5,4062.05,4061.24,4061.24,174
1784052540,4061.03,4061.13,4060.38,4060.65,184
1784052600,4060.7,4061.05,4060.41,4060.74,160
1784052660,4060.8,4060.96,4059.86,4060.54,148
1784052720,4060.51,4061.43,4060.51,4061.24,169
1784052780,4061.18,4061.18,4060.61,4060.97,145
1784052840,4060.97,4061.73,4060.55,4061.66,166
1784052900,4061.65,4062.91,4061.54,4062.04,201
1784052960,4061.96,4062.13,4061.21,4061.21,178
1784053020,4061.17,4061.88,4060.99,4061.79,156
1784053080,4061.83,4062.44,4061.53,4062.42,167
1784053140,4062.41,4063.17,4062.36,4062.87,141
1784053200,4062.78,4062.8,4060.36,4060.54,176
1784053260,4060.55,4060.86,4060.14,4060.35,154
1784053320,4060.36,4060.62,4059.16,4059.81,193
1784053380,4059.83,4059.98,4059.43,4059.72,131
1784053440,4059.81,4059.81,4057.12,4057.17,181
1784053500,4057.16,4057.67,4056.65,4057.64,179
1784053560,4057.62,4058.63,4057.5,4058.47,197
1784053620,4058.56,4058.93,4057.97,4058.26,167
1784053680,4058.23,4058.6,4057.89,4058.06,215
1784053740,4058.02,4059.07,4058.02,4058.62,189
1784053800,4058.5,4059.51,4057.07,4057.07,205
1784053860,4057.26,4057.95,4056.92,4057.55,166
1784053920,4057.76,4057.77,4055.45,4055.77,190
1784053980,4055.8,4056.22,4055.58,4055.97,178
1784054040,4056.62,4056.78,4055.75,4056.68,176
1784054100,4056.7,4056.78,4056.43,4056.46,146
1784054160,4056.35,4056.48,4055.24,4055.61,193
1784054220,4055.59,4055.59,4052.41,4052.5,212
1784054280,4052.62,4053.22,4052.28,4053.22,204
1784054340,4053.26,4053.49,4052.89,4053.15,171
1784054400,4053.13,4054.4,4052.22,4052.75,232
1784054460,4052.78,4052.78,4045.66,4047.14,278
1784054520,4047.18,4048.54,4044.91,4046.93,292
1784054580,4047.07,4047.79,4042.92,4043.67,278
1784054640,4043.76,4046.57,4043.09,4046.55,268
1784054700,4046.48,4047.33,4044.82,4047.32,231
1784054760,4047.44,4048.76,4047.17,4048.52,226
1784054820,4048.58,4049.09,4048.04,4048.76,212
1784054880,4048.6,4050.16,4048.17,4049.79,190
1784054940,4049.8,4050.58,4048.97,4049.38,241
1784055000,4049.34,4049.46,4047.01,4048.66,237
1784055060,4048.73,4050.87,4048.73,4050.11,228
1784055120,4050.11,4051.33,4049.97,4050.76,205
1784055180,4050.74,4051.31,4050.62,4050.99,193
1784055240,4051,4051.7,4050.85,4051.7,182
1784055300,4051.73,4052.49,4051.32,4052.35,218
1784055360,4052.37,4052.4,4051.59,4052.07,187
1784055420,4052.06,4052.62,4051.87,4052.07,199
1784055480,4052.14,4054.42,4051.66,4054.42,225
1784055540,4054.43,4054.43,4053.68,4054.13,211
1784055600,4054.18,4054.89,4053.75,4054.5,234
1784055660,4054.47,4054.49,4053.25,4053.45,198
1784055720,4053.29,4054.22,4053.25,4053.74,219
1784055780,4053.73,4054.74,4053.29,4054.48,212
1784055840,4054.47,4054.47,4052.55,4053.11,205
1784055900,4053.1,4053.1,4052.47,4052.64,162
1784055960,4052.63,4053.83,4052.57,4053.32,192
1784056020,4053.55,4053.85,4053.14,4053.36,182
1784056080,4053.38,4053.57,4052.83,4053.49,147
1784056140,4053.54,4054.89,4053.54,4054.44,179
1784056200,4054.43,4054.58,4054.09,4054.3,176
1784056260,4054.29,4054.41,4053.37,4054.08,186
1784056320,4054.07,4056.68,4054.07,4056.53,205
1784056380,4056.5,4056.96,4056.32,4056.84,189
1784056440,4056.87,4057.25,4056.61,4056.61,155
1784056500,4056.48,4056.97,4056.21,4056.85,199
1784056560,4056.81,4056.83,4055.51,4056.09,189
1784056620,4056.11,4056.13,4055.15,4055.95,146
1784056680,4055.87,4056.6,4055.46,4055.97,187
1784056740,4055.82,4056.41,4055.59,4056.41,177
1784056800,4056.4,4056.4,4055.09,4055.36,198
1784056860,4055.33,4055.37,4054.21,4054.33,201
1784056920,4054.4,4054.94,4054.24,4054.38,144
1784056980,4054.37,4054.6,4052.95,4052.95,124
1784057040,4052.9,4053.2,4052.39,4052.55,184
1784057100,4052.49,4053.39,4052.27,4053.22,174
1784057160,4053.21,4053.21,4052.47,4052.52,184
1784057220,4052.6,4053.02,4052.14,4052.14,149
1784057280,4052.2,4052.29,4051.67,4051.87,192
1784057340,4051.88,4052.15,4051.34,4051.66,164
1784057400,4051.63,4051.67,4048.81,4049,260
1784057460,4048.95,4051.26,4048.45,4050.6,232
1784057520,4050.58,4050.91,4047.62,4049.44,256
1784057580,4049.7,4050.42,4048.76,4050.41,240
1784057640,4050.41,4050.41,4049.56,4050.34,187
1784057700,4050.33,4050.37,4049.5,4050.05,199
1784057760,4050.08,4052.08,4049.91,4052.08,199
1784057820,4052.07,4052.08,4051.53,4051.79,168
1784057880,4051.76,4052.17,4050.95,4051.01,170
1784057940,4051,4051.23,4050.7,4051.16,185
1784058000,4051.15,4051.22,4050.75,4051.12,188
1784058060,4051.14,4051.58,4050.38,4050.38,197
1784058120,4050.61,4050.91,4050.36,4050.51,211
1784058180,4050.42,4052.25,4050.33,4052.25,164
1784058240,4052.39,4052.83,4052.25,4052.53,225
1784058300,4052.49,4053.73,4052.49,4053.71,186
1784058360,4053.86,4054.6,4053.65,4054.2,171
1784058420,4054.14,4054.22,4053.63,4053.8,171
1784058480,4053.79,4053.79,4052.9,4053.27,167
1784058540,4053.24,4053.41,4052.4,4052.56,187
1784058600,4052.38,4053.28,4051.8,4052.62,251
1784058660,4052.58,4052.7,4051.68,4051.93,185
1784058720,4051.92,4053.25,4051.88,4053.04,208
1784058780,4052.99,4055.52,4052.87,4055.52,185
1784058840,4055.37,4056.77,4055.21,4055.46,246
1784058900,4055.32,4055.98,4054.73,4054.8,228
1784058960,4054.91,4056.54,4054.87,4056.35,208
1784059020,4056.37,4056.91,4055.92,4056.11,219
1784059080,4055.98,4056.33,4055.33,4056.18,245
1784059140,4056.09,4056.71,4055.49,4055.68,250
1784059200,4055.82,4056.37,4054.21,4054.91,168
1784059260,4054.99,4055.55,4054.54,4055.38,145
1784059320,4055.39,4055.39,4054.56,4054.68,122
1784059380,4054.63,4055.11,4054.22,4054.55,124
1784059440,4054.59,4055.3,4054.57,4054.72,88
1784059500,4054.53,4055.51,4054.52,4055.44,121
1784059560,4055.45,4055.48,4054.93,4055.15,66
1784059620,4055.2,4055.53,4054.83,4054.86,90
1784059680,4054.9,4055.59,4054.74,4054.75,84
1784059740,4054.74,4054.83,4054.68,4054.74,47
1784059800,4054.62,4054.84,4054.51,4054.65,64
1784059860,4054.66,4054.78,4053.93,4054.37,96
1784059920,4054.52,4055.43,4054.39,4054.85,101
1784059980,4054.45,4055.02,4054.28,4055.01,69
1784060040,4054.69,4054.69,4053.75,4053.76,88
1784060100,4053.76,4054.49,4053.71,4054.49,70
1784060160,4054.5,4054.59,4053.89,4054.06,66
1784060220,4053.95,4054.17,4053.83,4054.12,75
1784060280,4054.11,4054.12,4053.62,4053.66,86
1784060340,4053.67,4053.67,4052.66,4052.74,65
1784060400,4052.79,4052.86,4052.52,4052.53,68
1784060460,4052.41,4053.11,4052.24,4053.11,85
1784060520,4053.15,4053.87,4053.11,4053.45,61
1784060580,4053.44,4053.82,4053.08,4053.08,52
1784060640,4053.09,4053.9,4053.09,4053.9,98
1784060700,4053.81,4053.9,4053.13,4053.89,131
1784060760,4053.89,4054.11,4053.43,4053.86,86
1784060820,4053.82,4053.85,4052.82,4053.09,90
1784060880,4052.89,4053.28,4052.85,4053.24,68
1784060940,4053.25,4053.29,4052.8,4052.93,100
1784061000,4053.08,4053.23,4052.63,4053.2,120
1784061060,4053.18,4053.44,4052.79,4052.81,75
1784061120,4052.84,4053,4052.34,4052.34,71
1784061180,4052.34,4052.34,4051.38,4051.46,82
1784061240,4051.52,4052.05,4051.4,4051.5,89
1784061300,4051.49,4052.12,4050.69,4050.71,119
1784061360,4050.74,4051,4050.23,4050.47,92
1784061420,4050.6,4050.76,4050.39,4050.63,87
1784061480,4050.62,4050.75,4050.46,4050.74,76
1784061540,4050.71,4051.08,4050.31,4050.5,101
1784061600,4050.34,4050.85,4050.33,4050.82,36
1784061660,4050.83,4051.3,4050.55,4050.91,66
1784061720,4051.07,4051.7,4050.98,4051.53,64
1784061780,4051.54,4051.64,4050.28,4050.39,68
1784061840,4050.45,4050.45,4049.62,4050.4,64
1784061900,4050.17,4050.22,4049.24,4050.03,96
1784061960,4050.18,4050.66,4049.32,4050.59,110
1784062020,4050.64,4050.91,4050.4,4050.91,40
1784062080,4051.02,4051.03,4050.7,4050.82,28
1784062140,4050.87,4051.09,4049.98,4049.99,70
1784062200,4049.89,4050.44,4049.2,4049.37,80
1784062260,4049.31,4050.85,4049.25,4050.85,66
1784062320,4050.95,4051.93,4050.59,4051.85,108
1784062380,4051.8,4052.76,4051.8,4052.66,62
1784062440,4052.71,4052.76,4052.01,4052.18,46
1784062500,4052.19,4052.82,4051.97,4052.81,62
1784062560,4052.74,4052.87,4052.47,4052.82,58
1784062620,4052.89,4052.89,4052.44,4052.54,60
1784062680,4052.55,4053.07,4052.35,4052.72,78
1784066520,4052.51,4053.6,4052.51,4052.75,139
1784066580,4052.47,4052.99,4051.64,4052.48,128
1784066640,4052.51,4053.33,4052.11,4053.17,124
1784066700,4052.86,4052.86,4052.3,4052.45,57
1784066760,4052.88,4052.9,4052.06,4052.45,59
1784066820,4052.37,4052.64,4052.26,4052.48,53
1784066880,4052.51,4052.51,4051.35,4051.51,114
1784066940,4051.51,4051.91,4051.36,4051.75,98
1784067000,4051.59,4051.61,4049.92,4050.39,135
1784067060,4050.53,4051.13,4050.17,4051.07,150
1784067120,4050.97,4050.97,4049.18,4049.18,165
1784067180,4049.15,4050.27,4048.99,4050.27,134
1784067240,4050.28,4051.23,4050.22,4050.74,137
1784067300,4050.76,4050.85,4049.61,4050.21,136
1784067360,4050.22,4050.22,4049.22,4049.82,134
1784067420,4049.41,4050.67,4049.37,4050.42,150
1784067480,4050.43,4050.82,4049.94,4050.32,112
1784067540,4050.35,4050.86,4050.26,4050.4,132
1784067600,4050.5,4051.72,4050.18,4051.44,135
1784067660,4051.4,4052.11,4051.4,4051.77,140
1784067720,4051.77,4052.1,4051.53,4051.53,108
1784067780,4051.49,4051.56,4049.71,4050.25,142
1784067840,4050.31,4050.71,4049.85,4050.42,139
1784067900,4050.38,4051.12,4050.19,4050.88,132
1784067960,4050.82,4050.82,4050.07,4050.07,79
1784068020,4050.04,4050.22,4049.63,4050.22,126
1784068080,4050.22,4051.1,4049.77,4051.08,124
1784068140,4051.23,4051.93,4050.4,4051.75,83
1784068200,4051.75,4052.09,4051.66,4051.75,116
1784068260,4051.76,4052.19,4051.76,4051.91,112
1784068320,4051.89,4052.25,4051.57,4052.23,91
1784068380,4052.24,4052.67,4051.64,4052.66,123
1784068440,4052.65,4052.69,4052.16,4052.22,109
1784068500,4052.2,4052.71,4051.75,4051.8,164
1784068560,4051.36,4051.36,4050.47,4050.59,134
1784068620,4050.57,4051.05,4050.52,4050.93,108
1784068680,4050.94,4051.12,4050.22,4050.99,162
1784068740,4051,4051.09,4050.5,4050.8,142
1784068800,4050.83,4052.14,4050.39,4050.82,187
1784068860,4050.8,4050.96,4050.57,4050.72,73
1784068920,4050.74,4051.14,4050.27,4050.27,172
1784068980,4050.19,4050.19,4048.98,4049.81,177
1784069040,4049.82,4051.01,4049.82,4050.54,164
1784069100,4050.66,4050.72,4049.88,4050.08,161
1784069160,4050.08,4050.12,4048.72,4048.75,147
1784069220,4048.74,4049.53,4048.56,4049.53,191
1784069280,4049.53,4049.92,4049.47,4049.5,106
1784069340,4049.49,4049.5,4049.15,4049.16,92
1784069400,4049.16,4049.37,4048.57,4049.12,93
1784069460,4049.13,4049.92,4049.1,4049.47,101
1784069520,4049.48,4050.05,4049.31,4049.98,112
1784069580,4049.96,4050.33,4049.92,4050.13,69
1784069640,4050.11,4050.13,4049.29,4049.42,89
1784069700,4049.39,4049.4,4049.07,4049.14,88
1784069760,4049.08,4049.76,4049.07,4049.63,69
1784069820,4049.66,4049.66,4049.38,4049.38,97
1784069880,4049.42,4049.57,4048.93,4049.23,96
1784069940,4049.21,4049.23,4048.49,4048.98,84
1784070000,4049.03,4050.14,4048.92,4048.98,151
1784070060,4048.99,4049.74,4048.46,4048.52,163
1784070120,4048.53,4048.9,4048.52,4048.82,102
1784070180,4048.83,4049.2,4048.42,4049.1,128
1784070240,4049.11,4049.31,4048.75,4049.31,80
1784070300,4049.27,4049.65,4048.87,4049.65,126
1784070360,4049.63,4049.63,4048.67,4048.68,153
1784070420,4048.67,4049.31,4048.46,4048.97,142
1784070480,4048.97,4049.58,4048.97,4049.26,124
1784070540,4049.26,4049.61,4048.89,4049.61,98
1784070600,4049.36,4049.36,4047.04,4048.43,195
1784070660,4048.44,4048.76,4048.32,4048.44,93
1784070720,4048.43,4048.44,4047.31,4047.65,124
1784070780,4047.76,4048.02,4047.43,4047.74,154
1784070840,4047.77,4047.88,4047.59,4047.66,89
1784070900,4047.66,4048.53,4047.62,4048.49,115
1784070960,4048.51,4048.61,4048.09,4048.09,77
1784071020,4048.11,4048.14,4046.88,4047.18,134
1784071080,4047.17,4047.85,4047.02,4047.85,127
1784071140,4047.87,4048.25,4047.76,4048.03,136
1784071200,4048.04,4048.35,4048.04,4048.26,115
1784071260,4048.27,4048.56,4048.27,4048.5,112
1784071320,4048.51,4049.5,4048.51,4049.44,155
1784071380,4049.45,4050.4,4049.34,4050.19,133
1784071440,4050.2,4050.2,4049.82,4049.82,93
1784071500,4049.83,4052.11,4049.51,4052.02,170
1784071560,4051.92,4051.97,4051.71,4051.76,124
1784071620,4051.75,4051.83,4050.87,4050.96,128
1784071680,4050.95,4051.42,4050.68,4051.35,120
1784071740,4051.36,4053.91,4051.25,4053.91,155
1784071800,4053.88,4053.88,4052.23,4053.1,191
1784071860,4053.1,4053.21,4051.58,4052.23,197
1784071920,4052.09,4053,4051.82,4052.73,161
1784071980,4052.7,4053.84,4052.48,4053.71,145
1784072040,4053.59,4054.9,4053.39,4054.76,164
1784072100,4054.75,4056.07,4054.49,4054.85,216
1784072160,4054.83,4055.32,4053.86,4054.39,188
1784072220,4054.6,4054.6,4053.56,4054.25,160
1784072280,4054.24,4054.24,4053.16,4053.29,140
1784072340,4053.33,4054.03,4053.06,4053.63,169
1784072400,4053.63,4054.32,4053.27,4054.3,122
1784072460,4054.29,4054.56,4054.19,4054.3,118
1784072520,4054.31,4055.35,4054.17,4054.73,152
1784072580,4054.74,4054.74,4054.12,4054.56,121
1784072640,4054.54,4055.09,4054.52,4054.69,133
1784072700,4054.69,4054.95,4053.81,4053.81,176
1784072760,4053.76,4053.76,4052.69,4053.65,165
1784072820,4053.66,4053.67,4052.8,4053.34,125
1784072880,4053.3,4054.03,4052.67,4052.67,150
1784072940,4052.62,4053.08,4052.6,4053,124
1784073000,4053.01,4053.17,4052.58,4052.83,103
1784073060,4052.71,4052.9,4052.51,4052.79,95
1784073120,4052.8,4052.9,4052.44,4052.81,107
1784073180,4052.85,4053.75,4052.85,4053.69,117
1784073240,4053.73,4054.21,4053.35,4054.21,152
1784073300,4054.51,4054.51,4053.65,4053.85,143
1784073360,4053.86,4053.97,4053.29,4053.49,187
1784073420,4053.52,4053.66,4053.26,4053.34,141
1784073480,4053.34,4053.37,4052.66,4052.73,159
1784073540,4052.72,4053,4052.03,4053,199
1784073600,4053.36,4053.77,4051.16,4052.46,240
1784073660,4052.42,4053.12,4051.63,4052.19,248
1784073720,4052.18,4054.17,4052.1,4052.93,229
1784073780,4053.27,4055.07,4052.49,4054.87,213
1784073840,4054.9,4056.12,4054.52,4054.86,243
1784073900,4054.98,4055.24,4053.18,4053.23,267
1784073960,4053.58,4055.58,4052.67,4055.37,250
1784074020,4055.39,4055.76,4054.16,4055.27,235
1784074080,4055.26,4055.38,4053.87,4054.32,211
1784074140,4054.32,4054.32,4052.65,4054.19,225
1784074200,4054,4054.41,4053.17,4053.65,224
1784074260,4053.6,4055.13,4052.95,4054.69,223
1784074320,4054.61,4054.61,4052.66,4052.82,240
1784074380,4052.83,4053.17,4051.93,4052.47,210
1784074440,4052.24,4052.24,4051.12,4051.34,223
1784074500,4051.2,4053.39,4051.1,4053,229
1784074560,4053.02,4053.45,4052.38,4053.06,222
1784074620,4053.11,4053.21,4052.33,4052.88,222
1784074680,4052.74,4056.11,4052.27,4054.32,246
1784074740,4054.36,4054.42,4052.03,4052.14,238
1784074800,4052.18,4053.14,4051.6,4052.86,254
1784074860,4052.62,4054.37,4052.15,4053.28,249
1784074920,4053.04,4053.95,4052.4,4053.13,236
1784074980,4053.15,4056.42,4052.89,4055.67,223
1784075040,4055.64,4056.23,4055.2,4055.58,172
1784075100,4055.34,4056.75,4055.33,4056.06,237
1784075160,4055.95,4056.99,4054.98,4056.88,221
1784075220,4056.89,4057.33,4056.42,4057.23,230
1784075280,4057.14,4057.39,4056.17,4057.26,188
1784075340,4057.34,4058.15,4057.31,4058.15,214
1784075400,4058.44,4058.55,4056.49,4056.88,194
1784075460,4056.8,4056.8,4055.25,4055.94,222
1784075520,4055.92,4057.38,4055.9,4056.49,204
1784075580,4056.48,4056.48,4055.5,4055.56,204
1784075640,4055.58,4056.33,4055.46,4055.8,137
1784075700,4055.77,4056.51,4054.5,4054.88,162
1784075760,4054.88,4054.88,4053.39,4053.64,244
1784075820,4053.65,4054.1,4052.22,4053.89,216
1784075880,4053.98,4055.49,4053.93,4055.24,221
1784075940,4055.26,4055.33,4053.11,4054.25,225
1784076000,4054.2,4054.78,4054,4054.16,181
1784076060,4054.19,4054.2,4053.14,4053.36,186
1784076120,4053.43,4054.41,4052.93,4053.95,218
1784076180,4053.95,4054.06,4052.87,4053.57,227
1784076240,4053.63,4054.66,4053.63,4054.59,205
1784076300,4054.6,4055.93,4054.24,4055.87,220
1784076360,4055.8,4056.02,4055.05,4055.76,169
1784076420,4055.91,4056.9,4055.7,4056.75,201
1784076480,4056.86,4056.86,4055.07,4055.09,192
1784076540,4055.1,4055.43,4054.37,4055.02,177
1784076600,4054.81,4056.35,4054.78,4056.25,219
1784076660,4056.24,4056.24,4054.88,4055.4,198
1784076720,4055.41,4057.22,4055.41,4056.84,198
1784076780,4056.82,4056.93,4056.3,4056.9,171
1784076840,4056.88,4057.93,4056.63,4057.83,223
1784076900,4057.78,4059.13,4057.72,4058.4,207
1784076960,4058.38,4058.38,4057.63,4057.97,157
1784077020,4057.97,4059.28,4057.66,4059.21,188
1784077080,4059.23,4059.75,4058.75,4059.05,221
1784077140,4058.95,4060.49,4058.88,4059.01,242
1784077200,4059.42,4061.99,4059.02,4061.85,304
1784077260,4061.51,4061.51,4058.95,4059.72,285
1784077320,4059.73,4059.93,4057.5,4057.92,293
1784077380,4058.03,4058.93,4055.63,4056.2,274
1784077440,4056.1,4058.35,4055.94,4058.16,266
1784077500,4058,4058.2,4056.02,4056.33,300
1784077560,4056.3,4061.58,4055.24,4059.72,267
1784077620,4059.67,4059.75,4056.92,4057.42,274
1784077680,4057.47,4058.26,4057.17,4057.7,263
1784077740,4057.71,4058.14,4056.39,4056.42,225
1784077800,4056.4,4059.03,4056.39,4058.15,256
1784077860,4058.12,4058.4,4055.76,4057.31,265
1784077920,4057.37,4058.89,4057.04,4058.4,249
1784077980,4058.42,4058.78,4057.79,4058.23,236
1784078040,4058.05,4058.08,4055.29,4055.75,251
1784078100,4055.73,4057.24,4054.99,4056.77,301
1784078160,4056.46,4056.46,4054.51,4054.56,270
1784078220,4054.92,4055.62,4053.82,4055.45,259
1784078280,4055.44,4056.06,4054.72,4055.35,257
1784078340,4055.33,4056.25,4054.8,4055.58,256
1784078400,4055.56,4055.59,4052.76,4053.97,277
1784078460,4053.94,4055.3,4053.14,4053.14,276
1784078520,4053.16,4054.12,4052.68,4053.41,251
1784078580,4053.41,4054.48,4053.41,4053.8,235
1784078640,4053.76,4055.89,4053.75,4053.97,265
1784078700,4054.09,4054.73,4053.91,4054.33,227
1784078760,4054.23,4056.03,4053.9,4055.96,236
1784078820,4055.97,4056.17,4054.83,4056.05,255
1784078880,4056.02,4056.43,4055.57,4056.37,242
1784078940,4056.39,4056.66,4053.82,4054.46,233
1784079000,4054.45,4054.6,4051.89,4052.35,298
1784079060,4052.17,4052.17,4049.78,4051.18,288
1784079120,4051.19,4051.4,4049.82,4051.11,276
1784079180,4051.04,4051.04,4047.14,4047.27,287
1784079240,4047.33,4050.92,4047.24,4050.82,266
1784079300,4050.75,4050.75,4045.6,4046.55,288
1784079360,4046.64,4047.59,4046.26,4047.37,265
1784079420,4047.26,4047.48,4046.23,4047.05,255
1784079480,4047.06,4047.19,4045.94,4046.06,235
1784079540,4046.16,4047.13,4046.15,4046.36,237
1784079600,4046.39,4046.39,4039.99,4040.43,291
1784079660,4040.15,4041.28,4038.47,4039.78,288
1784079720,4039.71,4040.65,4037.26,4037.39,263
1784079780,4037.59,4039.88,4036.55,4037.98,286
1784079840,4037.99,4038.8,4036.74,4038.8,252
1784079900,4038.89,4040.57,4038.49,4039.38,278
1784079960,4039.39,4042.02,4037.46,4041.65,271
1784080020,4041.62,4042.46,4040.66,4040.81,261
1784080080,4041.05,4041.11,4038.9,4039.98,273
1784080140,4039.87,4042.18,4039.87,4041.48,278
1784080200,4041.52,4041.52,4039.58,4040.19,255
1784080260,4040.15,4040.4,4039.13,4039.37,241
1784080320,4039.4,4039.63,4037.95,4038.12,253
1784080380,4038.22,4040.45,4038.18,4040.06,272
1784080440,4040.07,4041.38,4038.85,4041.1,258
1784080500,4041.13,4041.22,4038.97,4039.65,261
1784080560,4039.73,4039.82,4038.08,4038.68,254
1784080620,4038.66,4039.1,4036.63,4037.74,264
1784080680,4037.73,4037.8,4035.63,4037.24,277
1784080740,4037.31,4037.73,4036.77,4037.35,216
1784080800,4037.32,4037.67,4035.16,4035.91,266
1784080860,4035.81,4036.9,4034.14,4034.75,269
1784080920,4034.94,4037.74,4034.94,4037.51,276
1784080980,4037.51,4040.14,4037.39,4039.62,274
1784081040,4039.7,4039.84,4038.51,4039.05,249
1784081100,4039.12,4040.63,4038.36,4040.18,253
1784081160,4040.17,4040.46,4039.22,4039.49,247
1784081220,4039.49,4039.96,4038.98,4039.55,257
1784081280,4039.56,4040.87,4039.56,4040.78,234
1784081340,4040.8,4041.82,4040.66,4040.8,252
1784081400,4040.9,4042.12,4039.43,4039.48,250
1784081460,4039.58,4040.13,4037.61,4037.61,254
1784081520,4037.62,4038.6,4035.78,4035.78,265
1784081580,4035.74,4037.59,4035.74,4037.41,268
1784081640,4037.5,4037.73,4036.38,4036.74,234
1784081700,4036.74,4036.82,4034.8,4034.84,238
1784081760,4034.51,4034.92,4032.45,4034.01,274
1784081820,4033.99,4033.99,4031.88,4032.68,261
1784081880,4032.49,4032.52,4029.63,4030.57,235
1784081940,4030.55,4032.04,4030.16,4030.26,228
1784082000,4030.27,4031,4029.24,4030.66,218
1784082060,4030.7,4031.38,4030.11,4030.89,243
1784082120,4030.7,4032.28,4030.63,4031.89,210
1784082180,4032.04,4032.06,4030.67,4031.46,217
1784082240,4031.41,4032.6,4031.17,4031.75,225
1784082300,4031.81,4031.81,4030.85,4031.02,185
1784082360,4031.03,4032.4,4030.53,4032.14,227
1784082420,4032.12,4032.95,4032.01,4032.41,180
1784082480,4032.47,4032.6,4031.68,4032.55,164
1784082540,4032.43,4033.39,4032.15,4033.09,184
1784082600,4033.03,4036.2,4032.86,4036.2,283
1784082660,4036.27,4036.27,4033.75,4033.75,243
1784082720,4033.8,4035.09,4033.58,4034.36,249
1784082780,4034.39,4035.6,4034.39,4035.57,232
1784082840,4035.6,4036.21,4035.05,4035.83,271
1784082900,4035.84,4037,4035.83,4036.97,213
1784082960,4036.97,4037,4035.73,4036.9,197
1784083020,4037,4037.02,4036.28,4036.31,185
1784083080,4036.28,4037.23,4036.28,4036.77,214
1784083140,4036.94,4037.85,4036.93,4037.77,239
1784083200,4037.81,4038.87,4037.33,4037.66,224
1784083260,4037.64,4038.51,4037.13,4038.36,187
1784083320,4038.35,4040.73,4038.17,4040.73,216
1784083380,4040.94,4041.26,4040.23,4040.7,201
1784083440,4040.68,4041.88,4040.39,4041.67,202
1784083500,4041.68,4041.92,4040.56,4040.76,223
1784083560,4040.77,4040.99,4040.29,4040.67,175
1784083620,4040.69,4041.46,4040.56,4041.01,180
1784083680,4041.01,4041.01,4039.01,4039.23,255
1784083740,4039.25,4040.6,4039.2,4040,183
1784083800,4040.01,4040.01,4037.41,4037.41,233
1784083860,4037.35,4037.54,4036.3,4036.34,229
1784083920,4036.18,4036.32,4034.53,4034.6,234
1784083980,4034.62,4035.78,4034.54,4035.37,231
1784084040,4035.4,4036.37,4034.9,4035.19,219
1784084100,4035.17,4037.29,4035.17,4037.26,242
1784084160,4037.23,4039.4,4037.11,4039.28,225
1784084220,4039.25,4039.25,4038.3,4038.56,223
1784084280,4038.72,4039.13,4037.59,4037.6,228
1784084340,4037.67,4037.94,4035.34,4035.34,226
1784084400,4035.29,4036.64,4034.62,4036.11,239
1784084460,4036.11,4037.5,4036.11,4036.84,217
1784084520,4036.67,4038.71,4036.58,4038.71,247
1784084580,4038.71,4038.71,4037.66,4038,218
1784084640,4037.97,4040.1,4037.71,4039.52,238
1784084700,4039.41,4040.31,4038.55,4038.55,213
1784084760,4038.38,4038.98,4037.22,4038.73,235
1784084820,4038.68,4038.68,4037.2,4037.25,146
1784084880,4037.34,4037.34,4036.13,4036.29,219
1784084940,4036.27,4037.17,4036.14,4036.76,221
1784085000,4036.73,4037.09,4036.33,4036.53,132
1784085060,4036.76,4037.12,4034.93,4034.93,228
1784085120,4034.95,4036.5,4034.92,4036.16,216
1784085180,4036.15,4036.17,4035.16,4035.22,232
1784085240,4035.22,4035.22,4032.95,4034.07,228
1784085300,4034.11,4034.73,4033.54,4034.47,227
1784085360,4034.46,4035.34,4034.35,4035.13,215
1784085420,4035.1,4035.1,4033.67,4033.74,212
1784085480,4033.75,4034.12,4032.26,4032.85,218
1784085540,4032.85,4033.26,4031.92,4032.47,239
1784085600,4032.52,4033.27,4031.9,4031.9,240
1784085660,4031.88,4032.18,4030.72,4032.05,234
1784085720,4032.13,4032.43,4031.61,4031.89,171
1784085780,4031.9,4032.32,4031.09,4031.16,225
1784085840,4031.17,4032.08,4030.86,4031.07,200
1784085900,4031.02,4032.66,4030.81,4031.96,226
1784085960,4031.92,4032.15,4031.25,4031.25,202
1784086020,4031.06,4031.57,4030.41,4031.33,203
1784086080,4031.29,4032.72,4030.62,4031.75,232
1784086140,4031.64,4031.64,4030.25,4031.04,261
1784086200,4031,4031.84,4028.24,4028.5,245
1784086260,4028.15,4029.91,4027.86,4029.08,229
1784086320,4029.14,4029.68,4028.47,4029.03,185
1784086380,4029.04,4030.92,4028.96,4030.77,192
1784086440,4030.78,4033.6,4030.77,4033.39,223
1784086500,4033.42,4034.69,4033.29,4034.13,213
1784086560,4034.14,4035.72,4034.14,4035.21,193
1784086620,4035.21,4035.27,4034.8,4034.85,162
1784086680,4034.82,4034.94,4033.76,4033.81,173
1784086740,4033.81,4033.81,4032.52,4032.55,144
1784086800,4032.56,4032.68,4029.06,4030.3,207
1784086860,4030.31,4031,4029.23,4030.08,223
1784086920,4030.06,4030.12,4028.44,4028.47,187
1784086980,4028.42,4030.36,4028.4,4029.43,192
1784087040,4029.44,4030.16,4029.21,4029.35,159
1784087100,4029.3,4030.69,4029.21,4030.4,216
1784087160,4030.36,4030.97,4030.23,4030.47,177
1784087220,4030.42,4031.73,4030.4,4030.86,176
1784087280,4030.83,4031.9,4030.73,4031.87,161
1784087340,4031.84,4032.19,4030.8,4032.14,147
1784087400,4032.12,4033.49,4032.06,4033.29,204
1784087460,4033.25,4033.25,4032,4032.06,156
1784087520,4032.03,4032.28,4031.25,4031.53,158
1784087580,4031.55,4032.3,4031.49,4031.54,147
1784087640,4031.58,4032.04,4031.09,4031.14,133
1784087700,4031.16,4031.63,4030.87,4031.43,132
1784087760,4031.45,4032.06,4031.41,4031.93,121
1784087820,4031.95,4032.13,4031.49,4031.83,146
1784087880,4031.85,4031.85,4031.46,4031.76,105
1784087940,4031.77,4031.85,4031.17,4031.17,119
1784088000,4031.24,4033.19,4030.67,4033.17,229
1784088060,4033.18,4033.18,4032.17,4032.59,135
1784088120,4032.58,4032.78,4031.91,4031.93,135
1784088180,4031.76,4031.84,4031.29,4031.53,108
1784088240,4031.54,4032.19,4031.36,4031.36,128
1784088300,4031.32,4031.32,4030.1,4030.59,165
1784088360,4030.63,4031.14,4030.47,4030.62,160
1784088420,4030.61,4030.67,4030.16,4030.35,166
1784088480,4030.36,4031.93,4030.29,4031.87,160
1784088540,4031.86,4032.4,4031.83,4032,149
1784088600,4032.03,4032.86,4031.91,4032.86,133
1784088660,4032.85,4033.18,4032.56,4032.81,161
1784088720,4032.82,4032.82,4032.37,4032.73,154
1784088780,4032.64,4032.75,4032.3,4032.57,161
1784088840,4032.57,4032.58,4031.5,4031.5,163
1784088900,4031.49,4031.64,4030.88,4031.14,164
1784088960,4031.23,4033.06,4031.23,4032.92,180
1784089020,4032.93,4033.54,4032.53,4033.47,149
1784089080,4033.46,4033.98,4033.24,4033.77,153
1784089140,4033.43,4034.13,4033.23,4034.09,149
1784089200,4034.13,4034.13,4032.61,4032.9,150
1784089260,4032.91,4033.04,4032.47,4032.81,149
1784089320,4032.82,4033.98,4032.82,4033.98,157
1784089380,4033.98,4034.08,4033.43,4033.47,160
1784089440,4033.47,4033.64,4033.09,4033.13,122
1784089500,4033.13,4034.09,4032.95,4033.84,143
1784089560,4033.99,4034.47,4033.91,4034.1,163
1784089620,4034.04,4034.22,4033.85,4034.13,148
1784089680,4034.16,4035.08,4034.13,4034.78,185
1784089740,4034.54,4034.74,4033.48,4033.63,160
1784089800,4033.6,4033.94,4032.74,4033.94,175
1784089860,4033.86,4034.34,4033.81,4034.05,119
1784089920,4034.06,4034.57,4033.95,4034.42,107
1784089980,4034.39,4035.05,4034.38,4034.71,108
1784090040,4034.71,4034.73,4031.8,4031.8,166
1784090100,4031.78,4031.91,4030.54,4031.91,190
1784090160,4031.92,4032.73,4031.64,4032.56,111
1784090220,4032.49,4032.67,4031.79,4032.01,147
1784090280,4032.02,4032.6,4032.01,4032.45,146
1784090340,4032.23,4032.83,4030.88,4030.96,167
1784090400,4030.9,4032,4030.89,4031.11,152
1784090460,4031.12,4031.26,4029.21,4029.51,201
1784090520,4029.51,4030.48,4028.29,4030.32,174
1784090580,4030.32,4030.38,4029.52,4029.61,177
1784090640,4029.62,4030.19,4028.27,4030.19,201
1784090700,4030.28,4031.61,4030.28,4031.07,184
1784090760,4031.07,4032.85,4031.07,4032.43,168
1784090820,4032.44,4034.39,4032.38,4033.86,178
1784090880,4033.88,4034.04,4032.92,4033.18,150
1784090940,4033.19,4033.2,4031.61,4031.61,151
1784091000,4031.6,4033.33,4031.59,4032.9,117
1784091060,4032.92,4033.85,4032.7,4033.34,107
1784091120,4033.34,4034.35,4033.34,4033.67,117
1784091180,4033.59,4033.86,4033.38,4033.6,142
1784091240,4033.58,4033.96,4032.62,4032.75,123
1784091300,4032.76,4033.36,4032.57,4033.36,141
1784091360,4033.34,4033.43,4032.39,4032.55,159
1784091420,4032.56,4032.56,4031.84,4031.84,98
1784091480,4031.85,4032.89,4031.83,4032.75,139
1784091540,4032.76,4033.24,4032.63,4033.11,141
1784091600,4033.41,4035.98,4033.14,4035.57,226
1784091660,4035.55,4035.9,4033.33,4034.05,229
1784091720,4033.7,4034.02,4031.57,4033.38,235
1784091780,4033.33,4033.53,4031.7,4032.87,235
1784091840,4032.86,4033.38,4031.59,4032.08,222
1784091900,4032.09,4032.24,4030.29,4030.85,245
1784091960,4030.69,4031.01,4029.27,4030.52,204
1784092020,4030.5,4033.06,4030.42,4032.5,222
1784092080,4032.49,4032.83,4031.93,4032.2,192
1784092140,4032.16,4032.5,4031.13,4031.18,212
1784092200,4031.16,4031.55,4029.31,4029.32,169
1784092260,4029.25,4029.65,4025.23,4027.33,264
1784092320,4027.35,4027.73,4027.02,4027.61,224
1784092380,4027.58,4028.4,4026.85,4027.69,172
1784092440,4027.66,4027.96,4026.12,4026.12,209
1784092500,4026.04,4027.08,4025.75,4026.99,209
1784092560,4026.98,4028.52,4026.69,4028.44,203
1784092620,4028.38,4028.53,4027.66,4028.2,163
1784092680,4028.22,4028.22,4027.54,4027.85,168
1784092740,4027.74,4027.81,4026.57,4027.72,182
1784092800,4027.6,4027.84,4027.01,4027.73,166
1784092860,4027.82,4028.6,4027.02,4027.25,187
1784092920,4027.24,4027.41,4026.3,4026.81,189
1784092980,4026.82,4027.27,4026.21,4027.25,183
1784093040,4027.23,4027.67,4026.96,4027.43,180
1784093100,4027.08,4027.08,4026.21,4026.69,199
1784093160,4026.68,4026.95,4025.6,4026.21,187
1784093220,4026.19,4026.95,4026.19,4026.53,186
1784093280,4026.56,4026.94,4025.18,4025.41,209
1784093340,4025.42,4025.67,4024.79,4025.08,188
1784093400,4025.07,4025.5,4022.33,4024.8,295
1784093460,4024.65,4027.48,4024.65,4027.42,285
1784093520,4027.41,4029.11,4024.97,4025.4,293
1784093580,4025.25,4026.66,4025.04,4026.47,235
1784093640,4026.48,4028.45,4026.48,4028.04,233
1784093700,4028.18,4028.92,4027.23,4027.84,248
1784093760,4027.85,4029.28,4027.15,4027.52,231
1784093820,4027.61,4028.88,4027.4,4028.77,236
1784093880,4028.75,4029.95,4028.69,4029.83,240
1784093940,4029.83,4031.87,4029.68,4031.46,234
1784094000,4031.41,4032.47,4030.97,4032.05,260
1784094060,4032.25,4033.14,4032.19,4033.06,238
1784094120,4033.15,4036.57,4033.11,4034.8,265
1784094180,4034.85,4035.2,4032.14,4033.46,262
1784094240,4033.44,4033.59,4029.5,4029.72,272
1784094300,4029.83,4029.83,4027.69,4028.06,246
1784094360,4028.14,4029.35,4027.44,4028.19,251
1784094420,4028.23,4029.39,4028.05,4029.36,211
1784094480,4029.43,4029.69,4028.54,4029.44,214
1784094540,4029.24,4029.94,4028.82,4029.18,197
1784094600,4029.14,4029.35,4028.07,4028.49,208
1784094660,4028.54,4029.36,4028.08,4029.31,228
1784094720,4029.39,4029.66,4028.95,4029.56,196
1784094780,4029.55,4029.99,4029.06,4029.73,208
1784094840,4029.73,4030.64,4029.15,4030.58,211
1784094900,4030.36,4030.36,4028.23,4029.57,205
1784094960,4029.48,4033.73,4028.81,4033.54,248
1784095020,4033.54,4034.14,4033.16,4033.7,193
1784095080,4033.7,4034.15,4033.33,4033.34,177
1784095140,4033.34,4034.73,4033.23,4034.73,193
1784095200,4034.74,4035.42,4032.3,4032.3,243
1784095260,4032.27,4033.38,4030.98,4032.96,252
1784095320,4032.98,4033.51,4032.5,4032.7,172
1784095380,4032.68,4033.56,4031.79,4032.73,229
1784095440,4032.74,4032.8,4031.13,4031.37,202
1784095500,4031.27,4031.79,4030.26,4030.27,216
1784095560,4030.24,4030.91,4028.17,4029.46,243
1784095620,4029.41,4029.41,4027.84,4028.58,205
1784095680,4028.55,4029.86,4028.48,4029.5,181
1784095740,4029.49,4030.26,4029.31,4029.96,202
1784095800,4030.13,4030.13,4029.31,4029.35,193
1784095860,4029.27,4029.49,4028.16,4029.05,243
1784095920,4028.97,4029.52,4028.81,4029.17,186
1784095980,4029.19,4029.29,4027.93,4028.81,205
1784096040,4028.83,4028.96,4027.22,4027.6,219
1784096100,4027.55,4027.96,4025.63,4027.96,279
1784096160,4027.75,4027.84,4026.28,4027.01,200
1784096220,4027.02,4027.05,4025.96,4026.15,212
1784096280,4025.92,4026.54,4023.7,4024.97,227
1784096340,4024.92,4026.8,4024.67,4026.8,240
1784096400,4026.74,4026.76,4024.14,4024.14,223
1784096460,4024.17,4024.56,4022.63,4023.88,264
1784096520,4023.65,4024.2,4021.4,4024.19,261
1784096580,4024.17,4025.53,4023.95,4025.31,221
1784096640,4025.19,4027.15,4025.03,4026.47,230
1784096700,4026.53,4028.48,4026.49,4027.74,228
1784096760,4027.71,4028.39,4027.29,4028.29,198
1784096820,4028.28,4028.73,4027.11,4027.43,218
1784096880,4027.23,4027.28,4026.23,4026.89,218
1784096940,4026.84,4026.88,4025.68,4026.48,238
1784097000,4026.52,4027.26,4024.48,4024.48,244
1784097060,4024.52,4025.61,4022.73,4025.53,233
1784097120,4025.51,4027.55,4025.42,4027.49,230
1784097180,4027.49,4027.79,4026.52,4026.74,216
1784097240,4026.67,4028.23,4026.57,4028.11,194
1784097300,4028.13,4028.79,4027.34,4028.76,188
1784097360,4028.94,4029.52,4028.53,4029.11,177
1784097420,4029.15,4030.78,4027.26,4030.34,240
1784097480,4030.26,4030.39,4029.3,4029.3,177
1784097540,4029.43,4029.79,4028.86,4029.18,171
1784097600,4029.1,4029.11,4028.42,4028.75,205
1784097660,4028.75,4030.91,4028.75,4030.91,214
1784097720,4030.92,4031.12,4029.9,4029.9,221
1784097780,4029.89,4031.85,4029.67,4031.76,168
1784097840,4031.78,4033.04,4030.98,4032.51,226
1784097900,4032.3,4032.31,4031.53,4031.58,206
1784097960,4031.6,4032.05,4030.23,4030.69,250
1784098020,4030.68,4031.01,4029.91,4029.91,218
1784098080,4029.89,4031.15,4029.87,4030.47,210
1784098140,4030.46,4030.69,4029.82,4030.07,194
1784098200,4030.12,4031.17,4029.98,4031.1,213
1784098260,4031.22,4031.68,4030.71,4030.99,209
1784098320,4030.88,4031.32,4030.47,4031.21,225
1784098380,4031.32,4033.75,4031.32,4032.8,254
1784098440,4032.85,4033.25,4032.22,4032.44,242
1784098500,4032.54,4032.83,4031.85,4031.85,195
1784098560,4032.03,4032.27,4031.24,4031.49,225
1784098620,4031.51,4031.72,4030.88,4031.13,231
1784098680,4031.15,4032.63,4031.15,4032.43,231
1784098740,4032.46,4032.46,4032.03,4032.18,182
1784098800,4032.07,4032.29,4029.98,4030.53,266
1784098860,4030.78,4030.78,4029.86,4030.13,230
1784098920,4030.12,4031.62,4029.27,4031.43,225
1784098980,4031.49,4034.31,4031.49,4033.67,225
1784099040,4033.74,4034.3,4032.33,4032.78,203
1784099100,4032.79,4032.79,4031.69,4032.09,188
1784099160,4032.19,4032.19,4031.29,4031.29,231
1784099220,4031.44,4031.92,4030.56,4030.6,190
1784099280,4030.46,4031.06,4029.83,4030.28,202
1784099340,4030.26,4030.49,4029.26,4029.46,181
1784099400,4029.48,4031.12,4029.48,4030.3,208
1784099460,4030.03,4030.81,4029.75,4030.67,152
1784099520,4030.66,4030.66,4029.55,4030.17,171
1784099580,4030.18,4030.19,4029.18,4029.18,134
1784099640,4029.14,4029.93,4028.27,4029.4,188
1784099700,4029.48,4029.67,4028.56,4029.16,179
1784099760,4029.11,4029.71,4028.72,4029.44,177
1784099820,4029.43,4029.44,4028.14,4029.16,177
1784099880,4028.99,4029.36,4028.17,4028.73,226
1784099940,4028.74,4029.92,4028.72,4029.29,147
1784100000,4029.28,4029.84,4028.45,4028.63,177
1784100060,4028.6,4028.6,4027.32,4027.52,189
1784100120,4027.43,4028.72,4027.23,4027.3,191
1784100180,4027.26,4027.77,4025.37,4026.9,259
1784100240,4026.85,4027.58,4026.13,4026.13,205
1784100300,4026.18,4026.3,4024.86,4024.93,202
1784100360,4025.4,4025.69,4022.39,4023.01,236
1784100420,4023.04,4023.35,4020.11,4022.71,278
1784100480,4022.68,4024.11,4022.29,4024.03,248
1784100540,4023.98,4024.58,4023.45,4024.56,229
1784100600,4023.99,4024.35,4022.03,4024.34,209
1784100660,4024.57,4025.23,4023.9,4025.23,226
1784100720,4025.32,4026.52,4025.27,4025.27,232
1784100780,4025.2,4026.7,4025.14,4025.61,195
1784100840,4025.61,4026.95,4023.08,4023.73,254
1784100900,4023.76,4023.76,4022.46,4022.57,192
1784100960,4022.48,4023.23,4021.73,4022.13,231
1784101020,4021.99,4022.47,4020.59,4020.59,183
1784101080,4020.65,4021.02,4019.84,4020.78,212
1784101140,4020.77,4021.28,4020.54,4020.58,253
1784101200,4020.59,4022.08,4020.52,4021.5,222
1784101260,4021.37,4021.59,4020.42,4020.42,170
1784101320,4020.42,4021.35,4019.91,4021.04,193
1784101380,4021.05,4022.33,4020.58,4020.72,214
1784101440,4020.62,4022.84,4019.73,4022.84,260
1784101500,4022.83,4022.83,4021.4,4021.76,204
1784101560,4021.76,4024.38,4021.74,4024.38,200
1784101620,4024.56,4024.58,4023.97,4024.13,157
1784101680,4024.16,4025.95,4024.16,4025.95,177
1784101740,4025.88,4026.44,4024.86,4025.03,183
1784101800,4024.75,4024.98,4023.82,4024.2,193
1784101860,4024.19,4024.19,4022.59,4022.59,203
1784101920,4022.57,4023.5,4022.52,4023.23,200
1784101980,4023.33,4025.38,4023.33,4024.21,178
1784102040,4024.06,4025.8,4023.81,4025.61,192
1784102100,4025.58,4026.73,4024.69,4024.74,210
1784102160,4024.75,4025.05,4024.3,4024.44,195
1784102220,4024.54,4024.85,4024.33,4024.46,165
1784102280,4024.45,4024.78,4023.54,4023.93,173
1784102340,4024,4024.81,4023.95,4024.51,205
1784102400,4024.57,4025,4021.55,4021.95,284
1784102460,4021.89,4022.32,4020.46,4022.2,246
1784102520,4022.36,4025.89,4022.25,4024.66,248
1784102580,4024.68,4025.44,4023.45,4025.35,238
1784102640,4025.15,4025.93,4024.35,4024.87,217
1784102700,4024.85,4025.36,4024.4,4025.02,220
1784102760,4024.71,4025.64,4023.57,4024.43,242
1784102820,4024.39,4024.91,4022.55,4022.55,237
1784102880,4022.54,4023.69,4022.09,4023.09,180
1784102940,4023.11,4023.26,4022.47,4022.51,184
1784103000,4022.22,4022.36,4021.14,4021.93,227
1784103060,4021.92,4023.44,4020.21,4020.43,232
1784103120,4020.61,4022.09,4020.5,4021.66,204
1784103180,4021.68,4021.84,4018.34,4018.74,203
1784103240,4018.69,4018.9,4017.44,4017.99,251
1784103300,4018.08,4022.42,4018.08,4022.42,241
1784103360,4022.33,4022.8,4021.53,4021.88,217
1784103420,4021.87,4022.19,4021.29,4022.17,172
1784103480,4021.96,4024.71,4021.93,4024.44,241
1784103540,4024.45,4025.29,4023.97,4024.17,217
1784103600,4024.16,4025.19,4023.93,4024.88,238
1784103660,4024.91,4025.25,4023.43,4023.75,232
1784103720,4023.8,4024.34,4023.54,4023.94,222
1784103780,4024.1,4024.1,4022.93,4023.05,217
1784103840,4023.06,4024.58,4022.92,4024.58,218
1784103900,4024.68,4025.13,4023.41,4024.99,231
1784103960,4024.9,4025.04,4024.08,4024.42,222
1784104020,4024.49,4024.55,4022.89,4024.11,199
1784104080,4024,4025.75,4024,4025.57,216
1784104140,4025.58,4026.85,4025.58,4026.37,249
1784104200,4026.7,4027.84,4026.1,4027.29,233
1784104260,4027.29,4027.29,4025.93,4026.48,230
1784104320,4026.5,4028.14,4026.34,4028.14,211
1784104380,4028.26,4029.21,4027.75,4029.17,236
1784104440,4029.21,4029.21,4027.46,4027.95,203
1784104500,4027.97,4028.36,4026.43,4026.43,198
1784104560,4026.39,4026.39,4024.7,4026.03,191
1784104620,4026.05,4026.34,4025.43,4025.48,210
1784104680,4025.46,4026.43,4025.46,4026.14,170
1784104740,4026.09,4026.79,4026.03,4026.58,172
1784104800,4026.39,4027.54,4026.39,4027.12,190
1784104860,4027.3,4028.38,4027.19,4027.71,172
1784104920,4027.7,4028.1,4026.6,4026.83,165
1784104980,4026.84,4028.66,4026.84,4028.66,159
1784105040,4028.49,4028.64,4028.07,4028.64,169
1784105100,4028.63,4029.41,4027.7,4029.25,209
1784105160,4029.26,4029.26,4028.47,4028.98,188
1784105220,4028.96,4029.21,4028.23,4029.15,198
1784105280,4029.19,4030.16,4028.96,4030.15,198
1784105340,4030.11,4030.11,4029.24,4029.76,158
1784105400,4029.77,4029.88,4028.92,4029.14,180
1784105460,4029.16,4030.47,4029.16,4030.46,159
1784105520,4030.32,4030.36,4028.98,4030.09,177
1784105580,4030.1,4030.41,4029.34,4029.87,141
1784105640,4029.86,4031.01,4029.73,4030.67,178
1784105700,4030.7,4030.99,4029.72,4030.85,176
1784105760,4030.91,4032.38,4030.83,4032.34,160
1784105820,4032.32,4032.96,4032.04,4032.83,165
1784105880,4032.81,4033.23,4031.24,4031.75,189
1784105940,4031.72,4031.75,4030.96,4031.26,141
1784106000,4031.44,4033.23,4030.96,4032.94,201
1784106060,4033.03,4034.3,4032.49,4034.3,182
1784106120,4034.19,4034.19,4032.18,4032.37,185
1784106180,4032.44,4032.75,4031.11,4032.66,234
1784106240,4032.65,4033.73,4031.88,4033.42,214
1784106300,4033.25,4034.01,4033.21,4033.61,256
1784106360,4033.59,4033.81,4032.33,4032.83,232
1784106420,4032.91,4033.29,4031.83,4031.83,222
1784106480,4031.76,4032.36,4030.31,4032.07,256
1784106540,4032.05,4032.55,4031.88,4032.51,146
1784106600,4032.55,4032.85,4032.13,4032.67,181
1784106660,4032.66,4033.08,4030.75,4030.88,212
1784106720,4030.92,4031.22,4030.36,4030.47,183
1784106780,4030.41,4030.46,4029.78,4030.32,177
1784106840,4030.17,4030.56,4029.63,4030.39,142
1784106900,4030.49,4031.07,4029.63,4029.65,189
1784106960,4029.66,4030.16,4028.95,4028.95,190
1784107020,4028.97,4029.74,4028.97,4029.73,164
1784107080,4029.72,4031.24,4029.46,4030.79,196
1784107140,4030.8,4031.25,4030.34,4031.25,143
1784107200,4031.1,4032.84,4030.87,4031.9,167
1784107260,4031.9,4031.91,4031.03,4031.65,159
1784107320,4031.69,4031.69,4029.79,4029.8,197
1784107380,4029.81,4030.19,4029.55,4029.88,168
1784107440,4029.93,4030.15,4029.53,4029.88,162
1784107500,4029.89,4029.89,4028.31,4028.33,184
1784107560,4028.33,4029.26,4028.33,4028.7,177
1784107620,4028.67,4028.73,4027.91,4028.53,179
1784107680,4028.51,4028.57,4027.79,4028.07,170
1784107740,4028.11,4028.55,4027.08,4027.42,195
1784107800,4027.49,4028.94,4027.49,4028.05,218
1784107860,4028.09,4029.61,4027.32,4028.2,210
1784107920,4028.22,4028.64,4027.75,4028.33,181
1784107980,4028.37,4028.85,4027.65,4027.75,197
1784108040,4027.72,4027.73,4026.58,4026.79,169
1784108100,4026.74,4027.37,4026.63,4026.7,183
1784108160,4026.89,4026.89,4025.57,4025.66,188
1784108220,4025.66,4027.63,4025.57,4027.17,183
1784108280,4027.19,4027.33,4026.55,4027.08,134
1784108340,4026.98,4027.39,4026.31,4026.39,176
1784108400,4026.38,4027.26,4026.38,4027.24,170
1784108460,4027.26,4027.78,4027.26,4027.59,183
1784108520,4027.64,4027.92,4026.99,4027.04,144
1784108580,4027.01,4027.97,4026.97,4027.67,137
1784108640,4027.67,4028.07,4027.19,4027.37,121
1784108700,4027.36,4027.36,4026.45,4026.5,181
1784108760,4026.51,4027.14,4026.45,4026.61,157
1784108820,4026.6,4027.96,4026.55,4027.91,160
1784108880,4027.93,4028.12,4027.69,4028.08,164
1784108940,4028.06,4028.5,4027.64,4028.5,164
1784109000,4028.37,4028.46,4027.95,4028.29,169
1784109060,4028.28,4028.31,4026.89,4027.42,168
1784109120,4027.32,4028.11,4027.17,4027.39,164
1784109180,4027.37,4027.89,4027.05,4027.39,141
1784109240,4027.33,4028.59,4027.33,4028.55,128
1784109300,4028.82,4028.91,4026.85,4026.85,167
1784109360,4026.77,4027.91,4026.25,4026.54,212
1784109420,4026.52,4027.96,4026.5,4027.88,142
1784109480,4027.81,4028.55,4027.58,4028.54,155
1784109540,4028.44,4030.38,4028.4,4030.27,199
1784109600,4030.42,4030.54,4028.81,4029.32,190
1784109660,4029.39,4030.61,4028.91,4029.74,186
1784109720,4029.76,4029.87,4029.02,4029.87,155
1784109780,4030.07,4031.1,4029.83,4031.1,208
1784109840,4031.09,4031.61,4030.18,4030.46,161
1784109900,4030.38,4031.5,4030.15,4031.5,156
1784109960,4031.52,4033.02,4031.19,4032.55,196
1784110020,4032.52,4032.55,4031.39,4031.39,189
1784110080,4031.54,4031.54,4028.93,4029.02,202
1784110140,4028.99,4030.56,4028.74,4030.55,203
1784110200,4030.55,4031.02,4030.04,4030.31,156
1784110260,4030.35,4030.53,4029.71,4030.49,184
1784110320,4030.46,4031.53,4029.95,4031.38,169
1784110380,4031.25,4033.38,4030.65,4032.94,210
1784110440,4032.91,4035.95,4032.47,4033.77,202
1784110500,4033.63,4033.73,4032.15,4033.11,166
1784110560,4032.95,4032.97,4031.74,4032.01,154
1784110620,4032.61,4033.34,4032.61,4032.9,181
1784110680,4032.85,4033.79,4032.82,4033.73,171
1784110740,4033.74,4033.98,4032.18,4032.26,204
1784110800,4032.23,4035.07,4032.23,4034.69,248
1784110860,4034.68,4035.5,4034.55,4034.86,180
1784110920,4034.89,4035.28,4034.31,4034.35,155
1784110980,4034.38,4034.39,4029.97,4030.53,264
1784111040,4030.65,4031.35,4029.05,4029.33,248
1784111100,4029.45,4030.11,4027.43,4027.87,215
1784111160,4027.7,4028.59,4026.88,4028.03,242
1784111220,4028,4028.16,4027.34,4027.8,196
1784111280,4027.74,4028.25,4026.61,4028.25,226
1784111340,4028.35,4029.75,4028,4028.89,218
1784111400,4028.86,4029.2,4028.44,4029.07,211
1784111460,4029.24,4029.95,4029.14,4029.49,212
1784111520,4029.45,4030.86,4029.1,4030.43,207
1784111580,4030.35,4030.78,4029.49,4030.72,202
1784111640,4030.77,4031.16,4030.28,4030.41,201
1784111700,4030.39,4031.82,4030.17,4031.63,199
1784111760,4031.65,4033.11,4031.52,4032.88,191
1784111820,4032.86,4033.69,4032.34,4033.51,203
1784111880,4033.45,4034.14,4033.45,4033.75,168
1784111940,4033.73,4034.12,4033.51,4033.74,182
1784112000,4033.74,4033.77,4032.05,4032.3,189
1784112060,4032.31,4032.49,4031.21,4031.29,213
1784112120,4031.27,4031.64,4030.53,4030.7,170
1784112180,4030.7,4030.73,4030.25,4030.67,142
1784112240,4030.65,4031.91,4030.61,4031.24,151
1784112300,4031.04,4031.1,4030.25,4030.97,203
1784112360,4031.06,4031.27,4028.88,4028.88,193
1784112420,4028.82,4028.91,4027.29,4027.76,209
1784112480,4027.76,4028.92,4027.59,4028.67,134
1784112540,4028.61,4028.66,4027.97,4028.6,159
1784112600,4028.61,4028.93,4028.16,4028.18,156
1784112660,4028.15,4028.81,4028.15,4028.36,139
1784112720,4028.35,4028.72,4027.68,4028.51,152
1784112780,4028.45,4028.71,4027.7,4028.3,172
1784112840,4028.2,4028.99,4028.12,4028.98,139
1784112900,4028.93,4029.05,4027.5,4027.79,186
1784112960,4027.81,4028.45,4027.51,4028.08,160
1784113020,4028.07,4028.55,4027.11,4027.36,173
1784113080,4027.35,4028.27,4027.35,4028.13,157
1784113140,4027.98,4028.56,4027.18,4028.18,220
1784113200,4028.18,4030.84,4027.93,4030.8,224
1784113260,4030.82,4031.48,4029.09,4029.09,186
1784113320,4029.11,4030.37,4028.54,4030.08,202
1784113380,4030.09,4030.1,4029.18,4029.89,176
1784113440,4029.86,4030.77,4028.96,4028.99,195
1784113500,4028.83,4030.93,4028.83,4030.92,215
1784113560,4030.94,4031.79,4029.92,4030.07,197
1784113620,4030.05,4030.14,4028.44,4028.97,221
1784113680,4028.86,4029.85,4028.86,4029.49,201
1784113740,4029.5,4031.68,4029.44,4031.34,200
1784113800,4031.23,4031.72,4030.74,4030.99,185
1784113860,4031.11,4032.13,4030.89,4032.12,183
1784113920,4032.11,4033,4031.76,4032,184
1784113980,4031.96,4032.62,4031.51,4031.6,189
1784114040,4031.62,4031.99,4030.28,4030.35,158
1784114100,4030.36,4030.56,4029.13,4029.27,215
1784114160,4029.28,4030.27,4029.13,4030.04,212
1784114220,4030.05,4030.67,4029.26,4029.28,199
1784114280,4029.39,4030.57,4029.24,4029.56,203
1784114340,4029.44,4029.44,4027.64,4029.36,210
1784114400,4029.38,4030.02,4029.18,4029.57,201
1784114460,4029.56,4029.99,4029.09,4029.75,160
1784114520,4029.23,4029.87,4028.58,4029.87,179
1784114580,4029.85,4030.51,4029.22,4029.61,179
1784114640,4029.56,4030.36,4029.53,4030.11,190
1784114700,4030.18,4031.28,4030.1,4030.68,208
1784114760,4030.65,4030.93,4029.84,4029.86,160
1784114820,4029.87,4030.11,4028.86,4029.95,182
1784114880,4029.88,4030.77,4029.88,4030.73,168
1784114940,4030.71,4030.86,4030.39,4030.8,181
1784115000,4030.83,4031.01,4029.38,4029.87,187
1784115060,4029.85,4031.11,4029.59,4031.06,183
1784115120,4031.09,4031.42,4030.29,4030.75,171
1784115180,4030.92,4032.35,4030.55,4032.2,153
1784115240,4032.23,4033.67,4032.22,4033.26,165
1784115300,4033.46,4033.79,4032.06,4032.41,187
1784115360,4032.42,4033.03,4032.31,4032.38,171
1784115420,4032.4,4032.88,4032.3,4032.58,147
1784115480,4032.54,4033.72,4032.49,4033.12,148
1784115540,4033.13,4035.48,4032.8,4035.37,186
1784115600,4035.32,4035.79,4035.27,4035.69,196
1784115660,4035.69,4038.75,4035.69,4038.32,237
1784115720,4038.42,4039.16,4037.67,4038.84,194
1784115780,4038.75,4039.42,4038.63,4038.99,174
1784115840,4039.04,4039.05,4037.53,4037.57,185
1784115900,4037.58,4038.86,4037.58,4038.34,206
1784115960,4038.33,4038.69,4036.48,4036.61,211
1784116020,4036.57,4036.78,4036.11,4036.29,174
1784116080,4036.25,4036.45,4035.72,4036.19,148
1784116140,4036.18,4036.58,4035.72,4036.55,196
1784116200,4036.61,4040.2,4036.61,4039.62,263
1784116260,4039.58,4039.64,4037.87,4038.31,196
1784116320,4038.19,4038.19,4036.29,4036.67,224
1784116380,4036.66,4037.83,4036.66,4037.31,224
1784116440,4037.34,4037.87,4035.75,4036.43,214
1784116500,4036.39,4037.27,4036.33,4036.6,248
1784116560,4036.62,4036.72,4036.28,4036.65,157
1784116620,4036.68,4036.89,4036.01,4036.21,181
1784116680,4036.22,4038.74,4036.02,4038.55,220
1784116740,4038.69,4039.21,4038.18,4038.39,179
1784116800,4038.52,4039.88,4038.13,4039.3,233
1784116860,4039.25,4040.49,4039.05,4040,201
1784116920,4039.77,4040.53,4038.99,4040.42,203
1784116980,4040.44,4041.74,4040.4,4041.72,207
1784117040,4041.71,4042.53,4041.11,4041.11,254
1784117100,4040.92,4041.05,4037.4,4037.82,248
1784117160,4037.8,4039.1,4037.23,4039.03,218
1784117220,4038.89,4039.12,4038.23,4038.9,213
1784117280,4038.91,4038.93,4037.57,4038.13,189
1784117340,4038.07,4038.3,4037.36,4037.51,204
1784117400,4037.41,4038.72,4037.2,4038.16,202
1784117460,4038.19,4038.19,4037.3,4037.79,220
1784117520,4037.81,4038.66,4037.44,4037.83,191
1784117580,4037.41,4037.41,4035.97,4036.89,244
1784117640,4036.88,4039.13,4036.82,4037.95,217
1784117700,4037.99,4040.01,4037.99,4039.74,212
1784117760,4039.82,4040.22,4039.56,4039.88,185
1784117820,4040.23,4040.34,4039.25,4040.24,224
1784117880,4040.26,4040.75,4039.7,4040.16,201
1784117940,4040.14,4040.24,4039.27,4039.31,181
1784118000,4039.64,4040.78,4039.44,4040.3,249
1784118060,4040.36,4040.85,4038.72,4038.87,268
1784118120,4038.85,4040.07,4038.61,4039.66,238
1784118180,4039.65,4039.65,4038.2,4039.41,228
1784118240,4039.42,4039.69,4038.5,4039.46,229
1784118300,4039.4,4040.06,4038.1,4038.39,245
1784118360,4038.37,4039.4,4037.94,4038,234
1784118420,4038.08,4038.54,4037.64,4038.11,205
1784118480,4038.27,4039.47,4037.63,4038.55,241
1784118540,4038.54,4040.38,4038.51,4040.09,213
1784118600,4039.73,4051.02,4039.52,4048.8,316
1784118660,4048.94,4049.95,4046.7,4047.95,310
1784118720,4047.54,4053.29,4047.28,4053.04,310
1784118780,4053.01,4054.17,4050.57,4051.53,301
1784118840,4051.5,4054.6,4051.33,4054.29,292
1784118900,4054.31,4058.12,4053.81,4056.98,298
1784118960,4057.04,4061.82,4055.5,4061.82,302
1784119020,4061.94,4064.16,4059.5,4063.14,287
1784119080,4063.19,4064.14,4062.49,4063.64,265
1784119140,4063.82,4066.1,4062.87,4063.71,284
1784119200,4063.68,4063.82,4059.1,4060.27,315
1784119260,4060.16,4061.16,4059.36,4059.69,274
1784119320,4059.63,4061.25,4057.45,4060.8,297
1784119380,4060.93,4062.39,4060.58,4062.13,296
1784119440,4062.08,4063.84,4061.02,4063.18,284
1784119500,4063.16,4064.18,4061.06,4062.54,274
1784119560,4062.75,4063.33,4061.15,4061.65,258
1784119620,4061.67,4063.94,4061.66,4062.48,267
1784119680,4062.58,4065.36,4062.4,4065.08,266
1784119740,4064.9,4065.11,4063.31,4064.76,240
1784119800,4064.12,4066.52,4063.09,4063.52,249
1784119860,4063.46,4064.03,4062.27,4062.27,201
1784119920,4062.48,4063.62,4062.33,4062.89,212
1784119980,4062.9,4064.56,4062.9,4063.84,230
1784120040,4063.86,4064.58,4062.54,4063.6,223
1784120100,4063.61,4063.99,4062.27,4062.7,257
1784120160,4062.68,4063.57,4061.67,4063.4,212
1784120220,4063.49,4065.97,4062.81,4065.89,237
1784120280,4065.92,4071.53,4065.59,4070.96,293
1784120340,4071.11,4071.11,4067.48,4067.8,288
1784120400,4067.82,4068.55,4065.3,4066.83,316
1784120460,4067.34,4068.07,4064.75,4066.51,292
1784120520,4066.41,4069.75,4066.41,4068.48,298
1784120580,4068.33,4068.55,4066.68,4068,296
1784120640,4067.99,4072.65,4067.99,4072.22,298
1784120700,4072.26,4074.02,4071.33,4072.28,292
1784120760,4072.21,4073.58,4071.4,4071.78,279
1784120820,4072.14,4073.64,4071.2,4072.78,308
1784120880,4072.42,4074.05,4071.63,4073.35,304
1784120940,4073.36,4073.36,4069.72,4069.72,297
1784121000,4069.69,4070.1,4064.35,4065.31,299
1784121060,4065.23,4065.37,4064.3,4064.62,288
1784121120,4064.63,4065.59,4063.51,4064.94,266
1784121180,4064.84,4064.85,4062.35,4063.4,280
1784121240,4063.38,4063.49,4061.84,4061.84,266
1784121300,4061.68,4063.89,4061.32,4063.11,255
1784121360,4063.12,4063.38,4061.54,4062.86,237
1784121420,4062.85,4064.17,4062.65,4064.11,210
1784121480,4064.1,4064.47,4063.6,4064.16,225
1784121540,4064.14,4066.52,4064.14,4065.82,239
1784121600,4065.73,4065.73,4062.92,4064.19,246
1784121660,4064.17,4065.15,4063.48,4063.64,230
1784121720,4063.55,4064.46,4062.65,4063.2,215
1784121780,4063.07,4063.28,4061.08,4061.44,230
1784121840,4061.43,4062.94,4061.41,4061.89,221
1784121900,4061.88,4061.92,4057.72,4058.54,260
1784121960,4058.56,4059.1,4055.2,4055.42,265
1784122020,4055.37,4056.25,4054.18,4054.88,279
1784122080,4055.05,4056.87,4054.9,4055.85,278
1784122140,4055.65,4056.08,4054.39,4056.02,256
1784122200,4056.38,4060.26,4055.88,4060.26,310
1784122260,4060.32,4060.32,4058.01,4058.82,262
1784122320,4058.75,4061.27,4058.61,4059.98,268
1784122380,4060,4060.9,4059.52,4060.45,268
1784122440,4060.44,4060.52,4058.15,4060.28,274
1784122500,4060.29,4060.29,4057.51,4058.73,272
1784122560,4058.83,4061.6,4058.7,4061.29,293
1784122620,4061.29,4061.36,4058.8,4058.97,276
1784122680,4058.93,4060.98,4058.93,4060.33,275
1784122740,4060.71,4062.48,4060.61,4061.38,250
1784122800,4061.19,4061.22,4058.33,4060.91,270
1784122860,4061.11,4062.43,4061.11,4061.65,263
1784122920,4061.61,4063.16,4059.96,4060.11,247
1784122980,4060.01,4062.32,4060.01,4062.31,226
1784123040,4062.3,4062.64,4061.13,4061.27,212
1784123100,4061.26,4061.26,4059.42,4059.74,251
1784123160,4059.58,4059.96,4057.55,4057.73,272
1784123220,4057.72,4058.51,4057.04,4058.2,272
1784123280,4057.94,4061.89,4056.94,4056.94,260
1784123340,4056.87,4056.87,4055.11,4056.65,294
1784123400,4056.6,4057.09,4055.19,4057.07,284
1784123460,4056.97,4057.84,4055.47,4057.67,269
1784123520,4057.74,4060.47,4057.33,4060.16,275
1784123580,4060.33,4060.33,4056.07,4056.59,262
1784123640,4056.51,4059.09,4056.44,4059,286
1784123700,4059.22,4060.85,4057.76,4060.85,292
1784123760,4060.99,4062.38,4059.44,4059.89,276
1784123820,4059.83,4065.28,4059.83,4064.66,290
1784123880,4064.88,4066.41,4063.01,4064.27,302
1784123940,4064.24,4064.24,4060.85,4061.67,284
1784124000,4062.12,4063.32,4061.09,4061.29,280
1784124060,4061.32,4061.9,4060.19,4061.68,285
1784124120,4061.79,4063.64,4061.47,4063.08,259
1784124180,4063.37,4065.46,4063.37,4064.44,268
1784124240,4064.45,4065,4062.96,4063.24,236
1784124300,4063.38,4064.72,4062.84,4063.28,287
1784124360,4063.27,4065.43,4062.74,4065.31,272
1784124420,4065.3,4065.37,4063.71,4063.73,268
1784124480,4063.75,4064.26,4062.3,4062.62,277
1784124540,4062.73,4063.84,4062.48,4063.17,261
1784124600,4063.11,4064.41,4063.06,4063.58,273
1784124660,4063.6,4065.18,4062.37,4065.18,270
1784124720,4065.19,4065.64,4064.8,4065.03,257
1784124780,4065.14,4065.76,4064.3,4064.93,280
1784124840,4065.08,4065.3,4062.99,4064.33,280
1784124900,4064.34,4065.09,4063.91,4064.96,274
1784124960,4065.04,4066.13,4064.8,4064.98,269
1784125020,4065.06,4065.64,4061.54,4061.54,290
1784125080,4061.46,4061.72,4060.73,4061.43,266
1784125140,4061.26,4063.1,4060.89,4062.98,251
1784125200,4063.02,4063.31,4060.45,4061,281
1784125260,4061.01,4061.56,4059.26,4061.37,289
1784125320,4061.35,4062.54,4060.52,4062.27,278
1784125380,4062.2,4062.2,4058.32,4058.74,282
1784125440,4058.77,4059.06,4055.88,4057.67,318
1784125500,4057.71,4057.77,4056.14,4057.55,286
1784125560,4057.63,4058.5,4056.16,4057.18,268
1784125620,4057.21,4057.54,4055.68,4057.38,282
1784125680,4057.17,4059.47,4057.09,4058.89,273
1784125740,4058.78,4059.73,4057.91,4058.31,273
1784125800,4058.54,4060.56,4058.34,4059.4,278
1784125860,4059.33,4060.12,4057.92,4058.76,282
1784125920,4058.7,4060.15,4057.72,4059.65,290
1784125980,4059.63,4061.6,4059.27,4061.6,287
1784126040,4061.88,4063.36,4061.75,4062.24,307
1784126100,4062.37,4064.04,4062.29,4062.35,271
1784126160,4062.38,4063.87,4061.71,4062.47,256
1784126220,4062.52,4062.67,4061.07,4061.92,279
1784126280,4061.96,4063.33,4061.95,4062.46,262
1784126340,4062.49,4062.79,4061.42,4062.18,256
1784126400,4062.43,4062.51,4060.37,4061.06,280
1784126460,4061.08,4063,4060.33,4062.44,268
1784126520,4062.46,4062.62,4059.35,4059.87,271
1784126580,4059.84,4060.13,4057.97,4058.27,278
1784126640,4058.06,4058.52,4057.11,4057.36,251
1784126700,4057.35,4057.71,4054.69,4054.79,291
1784126760,4054.65,4055.54,4053.61,4054.32,290
1784126820,4054.27,4056.01,4053.91,4055.26,266
1784126880,4055.24,4056.48,4053.43,4056.42,300
1784126940,4056.34,4060.46,4056.26,4059.97,283
1784127000,4060.11,4060.22,4058.5,4058.81,277
1784127060,4059.2,4059.31,4055.91,4057.36,284
1784127120,4057.42,4058.98,4056.49,4056.53,275
1784127180,4056.47,4057.36,4056.26,4057.15,279
1784127240,4057.21,4057.48,4054.8,4056.17,295
1784127300,4055.86,4057.41,4055.84,4056.99,275
1784127360,4056.86,4058.91,4056.63,4058.71,254
1784127420,4058.57,4060.97,4058.57,4060.18,292
1784127480,4060.2,4060.82,4059.68,4059.73,276
1784127540,4059.77,4060.89,4059.21,4060.47,259
1784127600,4061.1,4062.88,4060.87,4061.78,286
1784127660,4061.87,4061.91,4060.05,4060.84,287
1784127720,4060.79,4061.62,4060.29,4061.05,282
1784127780,4061.13,4061.29,4058.42,4059.78,268
1784127840,4059.7,4059.82,4058.34,4059.27,274
1784127900,4059.26,4059.32,4057.29,4057.83,286
1784127960,4057.78,4058.22,4056.96,4057.62,262
1784128020,4057.84,4058.82,4057.51,4058.49,275
1784128080,4058.51,4058.51,4056.85,4057.5,266
1784128140,4057.48,4057.7,4054.43,4054.65,266
1784128200,4054.7,4054.88,4053.83,4054.12,254
1784128260,4054.05,4054.28,4052.42,4053.02,267
1784128320,4053.1,4053.43,4050.61,4050.88,282
1784128380,4050.73,4050.73,4047.54,4048.09,288
1784128440,4047.86,4047.97,4043.35,4044.21,302
1784128500,4044.16,4045.48,4043.38,4044.33,308
1784128560,4044.18,4045.9,4043.32,4045.06,294
1784128620,4045.09,4046.4,4043.74,4045.93,284
1784128680,4045.69,4046.28,4044.84,4046.21,283
1784128740,4046.42,4046.96,4045.89,4046.25,276
1784128800,4046.05,4046.31,4040.74,4041.58,269
1784128860,4041.59,4042.32,4040.83,4042.25,295
1784128920,4042.18,4042.18,4039.86,4041.42,289
1784128980,4041.15,4042.75,4040.33,4042.75,298
1784129040,4042.64,4045.58,4042.34,4045.23,307
1784129100,4045.08,4047.02,4044.48,4046.89,287
1784129160,4046.85,4046.91,4045.37,4045.49,280
1784129220,4045.53,4048.22,4045.53,4048.03,273
1784129280,4048.19,4048.43,4047.26,4047.94,265
1784129340,4048.03,4049.84,4048.03,4049.16,265
1784129400,4049.46,4049.77,4046.54,4046.54,298
1784129460,4046.44,4046.71,4044.94,4046.58,296
1784129520,4046.57,4048.03,4046.35,4047.94,289
1784129580,4048.01,4049.44,4047.83,4048.56,246
1784129640,4048.53,4049.54,4047.89,4048.44,278
1784129700,4048.32,4049.2,4046.93,4048.54,276
1784129760,4048.58,4049.12,4046.89,4047.3,270
1784129820,4047.38,4048.54,4047.03,4048.42,258
1784129880,4048.41,4048.96,4047.39,4048.25,278
1784129940,4048.18,4048.95,4047.73,4048.79,238
1784130000,4048.86,4049.97,4048.67,4049.71,283
1784130060,4049.74,4050.36,4049.25,4050.35,246
1784130120,4050.28,4050.5,4048.67,4049.24,246
1784130180,4049.23,4050.25,4048.49,4049.85,262
1784130240,4049.86,4050.58,4049.72,4049.72,230
1784130300,4049.64,4050.08,4048.13,4048.35,269
1784130360,4048.53,4050.08,4048.45,4049.92,276
1784130420,4049.9,4050.35,4048.75,4050.06,244
1784130480,4050.04,4050.84,4049.52,4050.05,246
1784130540,4050.04,4050.75,4049.7,4049.7,237
1784130600,4049.72,4049.73,4048.6,4048.6,229
1784130660,4048.68,4049.28,4047.56,4047.65,251
1784130720,4047.75,4048.2,4047.48,4047.94,222
1784130780,4047.93,4049.14,4046.93,4048.95,220
1784130840,4048.97,4050.65,4048.34,4050.65,231
1784130900,4050.58,4050.58,4048.96,4049.39,246
1784130960,4049.36,4049.44,4047.95,4048.47,233
1784131020,4048.49,4048.7,4046.52,4046.77,241
1784131080,4046.93,4048.12,4046.83,4048.08,241
1784131140,4048.09,4048.14,4046.87,4047.11,215
1784131200,4047,4047.91,4046.56,4047.04,226
1784131260,4047.13,4047.13,4044.99,4046.28,264
1784131320,4046.15,4046.16,4043.43,4043.96,272
1784131380,4044.01,4044.46,4042.71,4043.73,251
1784131440,4043.82,4044.62,4043,4043.4,268
1784131500,4043.44,4044.52,4042.85,4044.01,232
1784131560,4043.98,4044.31,4042.06,4042.53,242
1784131620,4042.52,4043.93,4042.42,4043.17,239
1784131680,4043.22,4044.47,4043.22,4043.47,261
1784131740,4043.49,4043.87,4041.81,4042,244
1784131800,4042.07,4042.56,4038.94,4039.36,280
1784131860,4039.04,4039.89,4038.05,4038.89,274
1784131920,4038.44,4039.18,4037.8,4038.82,242
1784131980,4038.74,4039.38,4037.48,4038.37,237
1784132040,4038.26,4038.92,4037.44,4038.39,250
1784132100,4038.24,4040.78,4037.88,4039.83,272
1784132160,4039.76,4039.76,4038.01,4038.3,268
1784132220,4038.31,4038.31,4035.84,4037,283
1784132280,4037.24,4037.56,4035.81,4036.79,272
1784132340,4036.86,4037.05,4033.16,4033.88,275
1784132400,4033.91,4035.25,4033.91,4034.3,260
1784132460,4034.31,4035.05,4033.18,4033.84,282
1784132520,4033.9,4035.58,4033.26,4035.58,276
1784132580,4035.54,4037.74,4035.22,4037.48,252
1784132640,4037.41,4037.45,4035.25,4035.8,278
1784132700,4035.73,4037.83,4035.63,4036.92,259
1784132760,4036.85,4036.87,4035.22,4036.06,267
1784132820,4035.87,4036.98,4033.88,4034.21,265
1784132880,4034.17,4034.51,4033.06,4034.17,272
1784132940,4034.28,4036.36,4034.28,4034.87,252
1784133000,4034.83,4037.05,4034.61,4035.45,281
1784133060,4035.48,4035.82,4032.83,4033.93,264
1784133120,4034.13,4035.62,4033.74,4035.56,288
1784133180,4035.57,4035.74,4034.41,4035.39,266
1784133240,4035.42,4035.55,4030.95,4030.97,299
1784133300,4030.96,4031.47,4027.51,4030.49,308
1784133360,4030.19,4030.39,4027.76,4029.94,288
1784133420,4030.18,4030.5,4027.31,4028.58,262
1784133480,4028.34,4030.7,4027.93,4029.93,271
1784133540,4030.09,4031.37,4030.09,4030.38,255
1784133600,4030.4,4030.94,4028.6,4030.62,259
1784133660,4030.61,4031.77,4030.42,4030.86,255
1784133720,4031.06,4031.25,4029.05,4029.73,249
1784133780,4029.71,4030.75,4027.82,4027.82,279
1784133840,4027.91,4029.13,4026.94,4028.78,279
1784133900,4028.72,4030.44,4028.65,4029.07,251
1784133960,4029.09,4037.03,4027.78,4035.36,253
1784134020,4034.91,4034.91,4031.4,4031.59,300
1784134080,4031.29,4033.76,4031.29,4032.83,280
1784134140,4032.9,4036.36,4032.9,4035.81,259
1784134200,4035.31,4038.08,4035.3,4037.17,273
1784134260,4037.16,4037.41,4035.32,4035.38,252
1784134320,4035.64,4037.26,4035.34,4036.71,251
1784134380,4036.68,4037.49,4036.23,4036.28,256
1784134440,4036.26,4036.26,4033.95,4034.3,260
1784134500,4034.31,4034.31,4032.33,4032.79,258
1784134560,4032.81,4032.83,4030.09,4030.31,250
1784134620,4030.2,4031.13,4029.57,4030.78,261
1784134680,4031.16,4032.68,4030.93,4032.51,242
1784134740,4032.66,4034,4032.66,4033.84,230
1784134800,4034.03,4037.73,4033.14,4037.45,283
1784134860,4037.35,4037.35,4035.85,4036.12,270
1784134920,4036.17,4038.46,4035.9,4038.37,261
1784134980,4038.55,4038.79,4037.33,4038.16,264
1784135040,4038.12,4038.62,4037.87,4037.97,221
1784135100,4037.96,4038.09,4036.98,4037.07,232
1784135160,4037.08,4039,4037.07,4038.78,226
1784135220,4038.8,4039.18,4038.46,4038.49,230
1784135280,4038.49,4038.79,4036.77,4037.24,229
1784135340,4037.27,4038.94,4036.75,4036.75,229
1784135400,4036.77,4037.78,4036.35,4037.78,199
1784135460,4037.71,4037.89,4037.29,4037.53,191
1784135520,4037.58,4038.96,4037.44,4038.96,220
1784135580,4038.71,4038.71,4036.61,4036.61,255
1784135640,4036.5,4036.88,4035.93,4035.96,230
1784135700,4035.86,4035.86,4033.25,4033.62,232
1784135760,4033.48,4035.16,4033.48,4035.11,205
1784135820,4035.12,4035.9,4034.5,4035.22,243
1784135880,4035.29,4036.25,4035,4036.25,176
1784135940,4036.3,4036.98,4035.05,4035.8,244
1784136000,4035.92,4036.97,4035.7,4035.93,213
1784136060,4035.81,4036.66,4035.7,4036.62,181
1784136120,4036.64,4037.72,4036.26,4037.43,226
1784136180,4037.6,4037.98,4037.24,4037.86,189
1784136240,4037.82,4039.03,4036.98,4037.88,266
1784136300,4037.9,4039.21,4037.9,4038.75,198
1784136360,4038.77,4039.02,4038.29,4038.62,207
1784136420,4038.6,4039.3,4037.81,4039.3,218
1784136480,4039.21,4039.99,4037.85,4039.99,211
1784136540,4040.19,4048.13,4040.19,4047.61,312
1784136600,4047.23,4051.8,4047.23,4050.76,310
1784136660,4050.97,4052.2,4049.16,4050.21,288
1784136720,4050.22,4051.94,4049.25,4050.39,270
1784136780,4050.35,4055.72,4050.26,4055.3,280
1784136840,4054.9,4055.34,4053.57,4054.88,257
1784136900,4054.95,4058.51,4053.65,4057.39,289
1784136960,4057.35,4058.81,4056.81,4056.9,265
1784137020,4056.94,4059.39,4056.89,4059.11,262
1784137080,4059.44,4060.05,4058.02,4059.69,256
1784137140,4059.73,4060.11,4056.53,4057.08,260
1784137200,4057.07,4058.08,4056.83,4057.11,265
1784137260,4057.15,4059.81,4057.02,4059.5,237
1784137320,4059.54,4059.79,4057.98,4059.6,253
1784137380,4059.69,4062.15,4059.69,4062.05,267
1784137440,4062.03,4063.13,4062.03,4062.39,233
1784137500,4062.42,4063.25,4061.5,4063.25,253
1784137560,4063.15,4066.03,4063.12,4065.15,276
1784137620,4065.22,4065.22,4062.56,4062.8,258
1784137680,4063.04,4064.41,4062.92,4063.45,256
1784137740,4063.48,4065.5,4063.48,4065.24,246
1784137800,4065.26,4065.26,4062.51,4062.75,261
1784137860,4062.93,4064.44,4062.04,4064.4,256
1784137920,4064.34,4064.34,4062.56,4063.18,237
1784137980,4063.43,4064.16,4062.89,4063.58,231
1784138040,4063.25,4064.23,4062.53,4063.3,237
1784138100,4063.28,4063.33,4061.9,4061.94,219
1784138160,4061.98,4062.09,4060.48,4061.85,245
1784138220,4061.86,4063.68,4061.07,4063.43,239
1784138280,4063.5,4064.01,4062.9,4063.08,217
1784138340,4063.06,4063.42,4062.16,4062.35,214
1784138400,4062.36,4064.89,4061.85,4064.08,236
1784138460,4064.06,4064.33,4063.25,4063.36,240
1784138520,4063.39,4065.61,4063.39,4065.61,194
1784138580,4065.82,4068.53,4065.82,4068.35,266
1784138640,4068.27,4068.78,4067.23,4068.03,231
1784138700,4067.83,4069.25,4066.95,4068.44,247
1784138760,4068.5,4068.87,4067.68,4068.53,224
1784138820,4068.66,4070.53,4066.84,4066.94,235
1784138880,4066.95,4067.35,4066.18,4066.74,227
1784138940,4066.68,4067.94,4066.13,4067.18,241
1784139000,4067.05,4067.2,4066.25,4066.56,228
1784139060,4066.58,4068.33,4066.26,4067.9,245
1784139120,4067.92,4068.34,4065.65,4066.26,227
1784139180,4066.18,4066.87,4066.1,4066.23,245
1784139240,4066.25,4068.13,4066.19,4067.97,238
1784139300,4068.01,4068.61,4066.9,4068.16,255
1784139360,4068.2,4068.32,4067.23,4068.1,241
1784139420,4068.12,4069.54,4067.81,4068.66,236
1784139480,4068.73,4068.78,4067.24,4067.81,250
1784139540,4067.83,4070.16,4067.67,4069.84,224
1784139600,4069.84,4070.32,4068.91,4070.01,259
1784139660,4070.03,4071,4069.6,4070.88,210
1784139720,4070.87,4071.72,4070.51,4071.08,222
1784139780,4071.08,4071.89,4070.28,4071.04,228
1784139840,4071.03,4071.49,4070.61,4070.87,231
1784139900,4070.9,4072.52,4070.9,4071.33,230
1784139960,4071.38,4072.73,4069.94,4069.94,233
1784140020,4069.96,4071.66,4069.65,4071.59,243
1784140080,4071.66,4072.33,4071.3,4071.98,235
1784140140,4071.98,4075.16,4071.38,4074.29,242
1784140200,4074.5,4079.26,4074.41,4078.8,292
1784140260,4078.67,4081.19,4078.05,4079.76,268
1784140320,4079.56,4079.7,4074.4,4074.95,260
1784140380,4075.04,4076.41,4073.47,4073.61,263
1784140440,4074,4074.22,4072.48,4072.77,239
1784140500,4072.72,4072.82,4071.34,4072.73,244
1784140560,4072.69,4073.5,4071.86,4072.39,246
1784140620,4072.25,4073.04,4072.24,4072.75,217
1784140680,4072.97,4073.06,4071.48,4071.75,237
1784140740,4071.74,4071.93,4070.69,4070.83,207
1784140800,4070.84,4071.1,4069.76,4069.94,231
1784140860,4070.13,4070.29,4069.27,4069.56,212
1784140920,4069.57,4069.77,4068.59,4069.56,238
1784140980,4069.5,4069.51,4068.18,4069,232
1784141040,4068.96,4069.08,4067.79,4067.79,207
1784141100,4067.77,4068.57,4066.94,4067.84,266
1784141160,4067.85,4067.85,4065.37,4065.37,235
1784141220,4065.78,4067.95,4065.59,4065.78,250
1784141280,4065.72,4066.72,4065.08,4065.29,208
1784141340,4065.27,4065.76,4064.66,4064.66,236
1784141400,4064.69,4064.73,4063.14,4064.14,235
1784141460,4064.16,4064.17,4062.6,4063.36,246
1784141520,4063.46,4064.34,4063.06,4064.34,199
1784141580,4064.22,4064.49,4063.46,4063.94,200
1784141640,4063.87,4063.87,4063.24,4063.38,205
1784141700,4063.42,4064.74,4063.3,4063.5,194
1784141760,4063.49,4063.54,4062.39,4062.49,177
1784141820,4062.52,4062.52,4059.76,4060.33,226
1784141880,4060.54,4060.64,4058.13,4058.6,228
1784141940,4058.7,4059.25,4058.57,4059.19,207
1784142000,4059.35,4059.49,4057.4,4058.66,222
1784142060,4058.45,4061.12,4058.23,4060.81,201
1784142120,4060.82,4062.93,4060.79,4061.04,233
1784142180,4060.89,4061.37,4059.92,4060.56,223
1784142240,4060.45,4061.56,4060.33,4061.15,180
1784142300,4061.12,4061.51,4059.83,4060.19,230
1784142360,4060.2,4060.55,4058.8,4060.36,209
1784142420,4060.32,4061.02,4059.55,4060.01,198
1784142480,4060,4060.02,4058.97,4059.45,233
1784142540,4059.48,4060.77,4059.35,4060.76,212
1784142600,4060.73,4062.1,4060.31,4062.06,230
1784142660,4062.14,4062.14,4060.7,4060.85,198
1784142720,4060.86,4062.56,4060.66,4060.67,218
1784142780,4060.45,4061.19,4059.56,4060,213
1784142840,4060.07,4061.06,4060,4061.05,142
1784142900,4061.01,4061.46,4059.84,4060.59,210
1784142960,4060.58,4060.67,4057.38,4058.04,230
1784143020,4058.3,4058.59,4057.44,4058.33,189
1784143080,4058.16,4058.35,4056.94,4057.16,199
1784143140,4056.98,4057.38,4056.78,4056.83,175
1784143200,4056.34,4056.69,4053.33,4055.12,251
1784143260,4055.09,4055.15,4054.51,4055.09,190
1784143320,4055.03,4055.46,4054.4,4054.48,164
1784143380,4054.37,4055.29,4053.78,4054.34,228
1784143440,4054.41,4054.95,4053,4054.73,203
1784143500,4054.86,4056.17,4054.61,4055.94,232
1784143560,4055.92,4056.07,4054.98,4055.75,206
1784143620,4055.72,4057.98,4055.72,4057.28,218
1784143680,4057.29,4057.62,4056.1,4056.1,180
1784143740,4056.05,4056.62,4055.75,4056.08,166
1784143800,4056.49,4057.4,4055.83,4057.25,212
1784143860,4057.04,4057.56,4056.46,4056.81,212
1784143920,4056.84,4057.32,4052.25,4052.89,277
1784143980,4052.87,4053.6,4051.13,4051.38,256
1784144040,4051.42,4051.59,4048.86,4049.68,274
1784144100,4049.63,4050.93,4047.96,4050.6,280
1784144160,4050.58,4050.88,4049.51,4050.47,240
1784144220,4050.4,4051.96,4050.25,4051.96,226
1784144280,4051.87,4052.12,4049.43,4050,222
1784144340,4050.02,4051.23,4049.89,4050.57,225
1784144400,4050.38,4051.71,4050.22,4051.32,211
1784144460,4051.33,4051.9,4050.79,4051.6,210
1784144520,4051.54,4052.99,4051.54,4052.82,205
1784144580,4052.76,4053,4051.92,4052.27,166
1784144640,4052.16,4052.28,4051.09,4051.18,161
1784144700,4051.17,4053.02,4051.15,4052,190
1784144760,4051.99,4052.21,4050.93,4051.51,201
1784144820,4051.55,4052.04,4050.72,4051.61,185
1784144880,4051.49,4053.29,4051.49,4052.42,203
1784144940,4052.39,4052.54,4051.78,4052.15,153
1784145000,4052.5,4053.33,4051.34,4053.33,235
1784145060,4053.16,4053.94,4052.93,4053.46,210
1784145120,4053.56,4054.58,4053.47,4054.17,176
1784145180,4054.08,4054.58,4053.72,4054.17,185
1784145240,4054.04,4054.39,4052.89,4053.49,207
1784145300,4053.1,4054.6,4052.6,4053.73,244
1784145360,4053.63,4054.23,4053.3,4053.62,208
1784145420,4053.53,4053.59,4052.84,4053.27,141
1784145480,4053.3,4054.96,4052.82,4054.58,254
1784145540,4054.99,4057.21,4054.99,4057.01,287
1784145600,4057.05,4057.06,4055.44,4055.44,208
1784145660,4055.39,4057.24,4055.2,4057.24,137
1784145720,4057.13,4057.67,4057.07,4057.22,166
1784145780,4057.19,4058.19,4056.81,4058.17,115
1784145840,4058.05,4058.36,4057.72,4058.11,135
1784145900,4058.09,4058.09,4057.57,4057.99,99
1784145960,4057.98,4057.98,4056.51,4056.84,140
1784146020,4056.83,4058.04,4056.83,4058.04,130
1784146080,4057.92,4057.92,4057.47,4057.55,84
1784146140,4057.96,4058.13,4056.47,4056.98,94
1784146200,4056.93,4057.46,4056.93,4057.31,131
1784146260,4057.19,4057.26,4056.8,4056.95,111
1784146320,4056.96,4057.38,4056.61,4057.26,138
1784146380,4057.28,4057.55,4057.18,4057.54,92
1784146440,4057.58,4057.8,4057.06,4057.52,113
1784146500,4057.6,4057.81,4057.37,4057.66,85
1784146560,4057.64,4059.88,4057.61,4059.78,99
1784146620,4059.71,4059.73,4058.79,4058.79,127
1784146680,4058.9,4060.11,4058.9,4059.63,120
1784146740,4059.6,4059.6,4059.1,4059.35,101
1784146800,4059.15,4060.7,4059.15,4060.7,150
1784146860,4060.7,4061.41,4060.53,4061.37,96
1784146920,4061.37,4061.91,4060.84,4060.86,126
1784146980,4060.83,4060.87,4060.39,4060.7,130
1784147040,4060.72,4060.94,4060.16,4060.39,85
1784147100,4060.29,4061.02,4060.14,4061.02,105
1784147160,4061.03,4062.13,4061.03,4061.45,143
1784147220,4061.49,4061.9,4061.48,4061.63,91
1784147280,4061.54,4061.54,4060.74,4061.11,94
1784147340,4061.12,4061.41,4060.96,4061.31,110
1784147400,4061.46,4061.51,4061.16,4061.19,64
1784147460,4061.18,4061.4,4060.42,4060.96,108
1784147520,4060.91,4061.44,4060.74,4061.33,110
1784147580,4061.32,4061.44,4061.11,4061.22,105
1784147640,4061.2,4061.2,4060.44,4060.55,111
1784147700,4060.91,4061.51,4060.8,4061.5,100
1784147760,4061.53,4062.7,4061.53,4062.06,143
1784147820,4062.04,4062.46,4061.95,4062.1,83
1784147880,4062.11,4062.47,4061.88,4062.12,87
1784147940,4062.14,4063.09,4061.85,4062.99,101
1784148000,4062.83,4062.88,4062.3,4062.73,54
1784148060,4062.6,4062.68,4061.74,4061.97,86
1784148120,4061.96,4061.97,4061.59,4061.63,60
1784148180,4061.62,4061.62,4060.73,4060.83,70
1784148240,4060.84,4061.66,4060.84,4061.6,58
1784148300,4061.23,4061.4,4060.92,4061.39,86
1784148360,4061.38,4061.75,4061.24,4061.56,68
1784148420,4061.55,4061.74,4061.38,4061.62,52
1784148480,4061.51,4061.73,4061.43,4061.71,50
1784148540,4061.68,4061.82,4061.28,4061.33,58
1784148600,4061.44,4062.82,4061.44,4062.81,94
1784148660,4062.51,4062.57,4061.23,4061.23,68
1784148720,4061.27,4061.29,4060.68,4060.7,68
1784148780,4060.68,4060.98,4060.46,4060.87,72
1784148840,4060.91,4061.48,4060.91,4060.95,66
1784148900,4061.05,4061.15,4060.5,4061.03,54
1784148960,4061.18,4061.18,4060.58,4060.59,32
1784149020,4060.55,4060.57,4059.82,4059.88,64
1784149080,4059.87,4060.45,4059.87,4060.32,62
1784152920,4063.95,4064.99,4062.07,4064.88,184
1784152980,4064.75,4065.4,4064.53,4064.78,116
1784153040,4064.77,4064.91,4060.77,4061.28,160
1784153100,4061.66,4063.68,4061.29,4063.1,163
1784153160,4063.22,4064.36,4063.22,4063.35,146
1784153220,4063.29,4064.05,4063.08,4063.89,138
1784153280,4064.02,4064.22,4063.63,4063.86,119
1784153340,4064.13,4064.18,4063.48,4063.49,118
1784153400,4063.5,4064.16,4063.5,4064.06,122
1784153460,4064.05,4064.77,4063.89,4064.72,137
1784153520,4064.72,4064.82,4063.9,4064.03,107
1784153580,4064.03,4064.05,4063.59,4063.97,110
1784153640,4063.98,4063.98,4063.38,4063.76,105
1784153700,4063.75,4063.75,4063.41,4063.48,107
1784153760,4063.5,4063.57,4063.14,4063.31,106
1784153820,4063.33,4064.16,4063.33,4064.12,120
1784153880,4064.13,4064.38,4063.13,4063.15,137
1784153940,4063.16,4063.76,4062.89,4063.73,156
1784154000,4063.74,4064,4063.46,4063.49,119
1784154060,4063.52,4063.52,4062.9,4063.35,137
1784154120,4063.36,4063.5,4062.69,4062.81,169
1784154180,4062.8,4062.81,4062.36,4062.56,127
1784154240,4062.55,4062.98,4062.3,4062.3,133
1784154300,4062.28,4062.48,4061.63,4061.88,158
1784154360,4061.94,4062.59,4061.57,4061.83,181
1784154420,4061.93,4062.74,4061.74,4061.9,166
1784154480,4061.78,4062.57,4061.58,4061.62,154
1784154540,4061.68,4062.34,4061.62,4062.34,98
1784154600,4062.41,4062.52,4061.59,4061.62,132
1784154660,4061.6,4062.01,4061.3,4062.01,98
1784154720,4062.02,4062.02,4060.71,4061.05,121
1784154780,4061.05,4061.15,4060.72,4060.8,131
1784154840,4060.81,4061.05,4060.68,4060.72,161
1784154900,4060.73,4061.43,4060.73,4061.12,154
1784154960,4061.18,4061.21,4060.24,4060.45,118
1784155020,4060.5,4060.68,4059.93,4060.08,137
1784155080,4060.17,4060.65,4059.95,4059.95,119
1784155140,4059.94,4059.94,4059.26,4059.8,74
1784155200,4060.01,4060.49,4059.78,4060.15,150
1784155260,4060.16,4060.31,4059.41,4060.26,130
1784155320,4060.24,4060.62,4059.61,4059.61,126
1784155380,4059.62,4059.99,4059.62,4059.94,75
1784155440,4059.96,4060.69,4059.89,4060.17,86
1784155500,4060.18,4060.83,4060.01,4060.16,153
1784155560,4060.17,4060.9,4060.17,4060.84,75
1784155620,4060.85,4061.02,4059.6,4059.7,124
1784155680,4059.72,4060.02,4059.72,4059.76,63
1784155740,4059.75,4059.86,4059.19,4059.76,132
1784155800,4059.77,4059.98,4059.68,4059.91,110
1784155860,4059.93,4059.98,4059.48,4059.53,119
1784155920,4059.53,4059.65,4058.44,4058.53,132
1784155980,4058.53,4059.59,4058.42,4059.22,105
1784156040,4059.23,4059.76,4058.35,4059.74,182
1784156100,4059.73,4059.95,4059.35,4059.95,126
1784156160,4059.96,4060.82,4059.84,4060.82,81
1784156220,4060.93,4061.09,4060.4,4061.07,177
1784156280,4061.06,4061.49,4059.73,4060.4,143
1784156340,4060.41,4060.41,4059.78,4059.78,140
1784156400,4059.7,4060.24,4059.01,4059.91,159
1784156460,4059.89,4060.24,4059.79,4060.17,95
1784156520,4060.15,4060.45,4059.9,4060.01,134
1784156580,4060.06,4061.85,4059.98,4061.74,178
1784156640,4061.75,4061.75,4059.86,4059.9,142
1784156700,4059.94,4060.12,4059.49,4059.94,109
1784156760,4060,4060.79,4059.95,4060.23,95
1784156820,4060.26,4061.12,4060.26,4061.1,104
1784156880,4061.11,4062.14,4061.11,4061.95,143
1784156940,4061.96,4062.03,4060.95,4061.46,162
1784157000,4061.44,4061.6,4059.24,4060.6,184
1784157060,4060.72,4060.89,4060.25,4060.57,148
1784157120,4060.56,4060.56,4059.92,4060.33,155
1784157180,4060.33,4060.64,4059.72,4060.11,117
1784157240,4060.11,4060.8,4059.91,4060.4,115
1784157300,4060.41,4060.49,4059.91,4060.09,125
1784157360,4060.1,4060.16,4058.68,4058.68,119
1784157420,4058.62,4059.98,4058.6,4059.85,128
1784157480,4059.69,4059.69,4058.45,4059.03,168
1784157540,4059.08,4059.52,4058.07,4059.13,153
1784157600,4059.13,4059.22,4058.44,4058.76,110
1784157660,4058.77,4059.28,4058.54,4058.67,123
1784157720,4058.67,4058.75,4058.55,4058.61,49
1784157780,4058.49,4058.65,4058.46,4058.5,103
1784157840,4058.5,4058.53,4057.16,4057.3,125
1784157900,4057.33,4057.68,4057.1,4057.23,107
1784157960,4057.75,4058.78,4057.4,4058.57,151
1784158020,4058.62,4058.64,4058.41,4058.56,84
1784158080,4058.6,4059.35,4057.31,4057.67,158
1784158140,4057.72,4058.26,4057.2,4057.82,138
1784158200,4057.81,4058.57,4057.81,4057.96,111
1784158260,4057.97,4058.02,4056.23,4057.34,157
1784158320,4057.35,4057.8,4057.02,4057.39,121
1784158380,4057.42,4057.92,4057.42,4057.85,93
1784158440,4057.86,4058.14,4057.86,4058.03,54
1784158500,4058.03,4058.03,4057.43,4057.5,95
1784158560,4057.52,4058.38,4056.84,4058.07,145
1784158620,4058.06,4059.33,4057.62,4057.69,148
1784158680,4057.69,4057.7,4057.1,4057.23,108
1784158740,4057.24,4057.36,4057.16,4057.16,98
1784158800,4057.17,4057.4,4056.39,4056.51,132
1784158860,4056.44,4056.48,4055.77,4055.98,168
1784158920,4055.99,4057.7,4055.94,4057.42,123
1784158980,4057.55,4058.22,4057.43,4058.22,136
1784159040,4058.25,4058.29,4057.68,4057.79,113
1784159100,4057.8,4057.8,4056.31,4057.09,187
1784159160,4057.02,4058.94,4056.89,4058.94,166
1784159220,4058.79,4059.56,4058.76,4059.26,184
1784159280,4059.23,4059.27,4057.22,4057.22,139
1784159340,4057.21,4058.58,4056.44,4058.52,179
1784159400,4058.52,4059.46,4058.3,4059.46,136
1784159460,4059.51,4060.72,4058.98,4059.05,182
1784159520,4059.03,4059.23,4057.35,4057.35,171
1784159580,4057.44,4058.01,4056.83,4057.64,111
1784159640,4057.63,4058.3,4057.51,4058.08,164
1784159700,4058.27,4058.74,4058.03,4058.74,180
1784159760,4058.71,4059.13,4058.19,4059.11,163
1784159820,4058.85,4059.35,4058.76,4059.19,195
1784159880,4059.21,4059.42,4058.46,4058.49,143
1784159940,4058.5,4058.51,4057.77,4057.86,144
1784160000,4057.85,4058.38,4056.4,4057.71,240
1784160060,4057.62,4058.94,4056.77,4058.89,244
1784160120,4058.89,4059.4,4058.15,4059.37,209
1784160180,4059.38,4059.48,4057.02,4057.07,232
1784160240,4057.08,4057.99,4056.86,4057.93,220
1784160300,4058.01,4058.22,4056.75,4056.9,221
1784160360,4056.92,4057.25,4056.31,4057.01,216
1784160420,4057.05,4057.2,4055.51,4055.84,200
1784160480,4055.74,4055.78,4055.22,4055.38,208
1784160540,4055.48,4056.31,4054.99,4055.56,208
1784160600,4055.73,4055.85,4054.91,4055.33,231
1784160660,4055.37,4055.86,4055.25,4055.56,199
1784160720,4055.55,4055.85,4055.18,4055.25,217
1784160780,4055.26,4056.44,4055.26,4056.23,172
1784160840,4056.26,4057.16,4056.1,4056.38,189
1784160900,4056.41,4057.5,4056.11,4057.12,229
1784160960,4057.1,4057.36,4056.17,4056.43,207
1784161020,4056.44,4057.29,4056.05,4056.6,181
1784161080,4056.51,4057.02,4056,4056.03,191
1784161140,4056.04,4057.18,4056,4056.86,209
1784161200,4056.87,4057.25,4055.09,4057.19,213
1784161260,4057.23,4057.27,4056.2,4057,231
1784161320,4057.01,4059.72,4056.96,4059.31,206
1784161380,4059.32,4060.29,4058.99,4060.03,199
1784161440,4060,4060.04,4058.57,4058.57,178
1784161500,4058.54,4060.21,4058.2,4060.21,201
1784161560,4060.2,4060.2,4059.01,4059.31,198
1784161620,4059.27,4059.46,4057.82,4058.2,195
1784161680,4058.17,4059.76,4058.17,4059.76,182
1784161740,4059.87,4059.87,4058.46,4058.5,139
1784161800,4058.49,4060.23,4058.35,4060.23,212
1784161860,4060.19,4060.8,4059.83,4060.15,231
1784161920,4060.11,4060.18,4058.71,4059.48,181
1784161980,4059.41,4060.39,4059.09,4059.73,217
1784162040,4059.71,4060.83,4059.25,4060.83,218
1784162100,4060.82,4060.98,4059.3,4060.98,209
1784162160,4060.98,4060.98,4059.74,4060.39,203
1784162220,4060.35,4061.27,4059.76,4060.38,165
1784162280,4060.52,4060.56,4058.63,4058.77,182
1784162340,4058.67,4059.58,4058.49,4058.58,168
1784162400,4058.64,4058.64,4057.8,4058.07,196
1784162460,4058.07,4058.62,4057.76,4057.8,200
1784162520,4057.79,4057.79,4056.79,4057.03,159
1784162580,4057.02,4057.11,4055.65,4055.81,228
1784162640,4055.91,4056.01,4054.35,4055.25,209
1784162700,4055.13,4057.22,4055.13,4056.4,252
1784162760,4056.38,4058.2,4056.23,4058.2,207
1784162820,4058.2,4059.53,4058.02,4058.5,213
1784162880,4058.53,4059.2,4057.87,4058.38,211
1784162940,4058.39,4059.87,4058.39,4059.34,228
1784163000,4059.37,4059.84,4058.42,4058.69,203
1784163060,4058.7,4059.92,4058.62,4059.92,204
1784163120,4059.88,4060.99,4058.7,4058.91,254
1784163180,4058.87,4058.89,4055.7,4055.91,268
1784163240,4056.03,4056.08,4053.43,4053.51,235
1784163300,4052.88,4053.64,4051.57,4051.77,262
1784163360,4051.8,4051.92,4050.29,4050.87,247
1784163420,4050.84,4051.37,4050.17,4050.19,241
1784163480,4050.17,4050.42,4049.67,4049.98,189
1784163540,4049.84,4049.84,4043.85,4044.7,289
1784163600,4044.71,4050.52,4043.94,4048.29,322
1784163660,4048.26,4048.75,4043.52,4044.26,321
1784163720,4044.31,4044.31,4041.22,4041.53,304
1784163780,4041.61,4044.3,4041.22,4042.95,304
1784163840,4043.1,4046.13,4042.52,4044.98,277
1784163900,4045.04,4045.72,4043.23,4043.41,279
1784163960,4043.51,4044.44,4042.85,4043.11,265
1784164020,4042.92,4045.75,4042.56,4045.75,271
1784164080,4045.77,4046.74,4044.82,4045.95,262
1784164140,4045.96,4046.2,4045.15,4045.72,274
1784164200,4045.48,4049.03,4045.48,4047.16,271
1784164260,4047.15,4047.85,4046.95,4047.53,263
1784164320,4047.21,4047.35,4042.53,4044.3,276
1784164380,4044.28,4044.28,4042.59,4043.66,258
1784164440,4043.67,4045.86,4043.61,4045.29,227
1784164500,4045.28,4045.38,4043.81,4044.34,272
1784164560,4044.41,4044.83,4042.69,4043.16,261
1784164620,4043.31,4043.34,4040.23,4040.36,302
1784164680,4040.26,4041.03,4039.12,4040.86,292
1784164740,4040.91,4041.1,4040.08,4040.82,252
1784164800,4040.84,4041.63,4040.33,4041.43,250
1784164860,4041.45,4043.58,4041.39,4042.06,232
1784164920,4042.01,4044.02,4041.55,4042.32,262
1784164980,4042.35,4042.35,4037.95,4038.01,248
1784165040,4038,4038.44,4035.84,4037.72,281
1784165100,4037.81,4038.98,4037.31,4037.85,265
1784165160,4038.17,4038.37,4036.18,4037.42,250
1784165220,4037.52,4037.84,4035.99,4036.43,269
1784165280,4036.46,4036.47,4033.91,4036.1,282
1784165340,4036.12,4037.82,4035.96,4036.87,265
1784165400,4036.88,4039.72,4036.73,4038.98,284
1784165460,4039.04,4041.5,4038.45,4040.43,260
1784165520,4040.39,4041.22,4039.91,4040.3,251
1784165580,4040.18,4040.31,4038.9,4039.33,241
1784165640,4039.36,4041.46,4038.49,4041.42,239
1784165700,4041.62,4043.55,4041.4,4042.72,260
1784165760,4042.62,4043.49,4042.11,4042.31,273
1784165820,4042.51,4042.53,4040.59,4042.53,264
1784165880,4042.54,4043.03,4041.48,4042.02,279
1784165940,4042.06,4044.92,4041.75,4044.5,262
1784166000,4044.36,4045.7,4043.87,4043.89,274
1784166060,4043.88,4046.01,4043.76,4044.73,252
1784166120,4044.74,4045.12,4042.11,4043.45,247
1784166180,4043.38,4044.09,4041.37,4041.37,242
1784166240,4041.36,4042.18,4041.26,4042.18,231
1784166300,4042.18,4042.68,4041.48,4041.54,232
1784166360,4041.62,4042.47,4040.04,4042.28,252
1784166420,4042.32,4042.94,4041.55,4042.33,233
1784166480,4042.29,4043.7,4042.24,4043.65,215
1784166540,4043.56,4043.63,4041.07,4041.38,266
1784166600,4041.37,4041.37,4039.4,4040.34,273
1784166660,4040.36,4041.16,4039.49,4039.65,276
1784166720,4039.7,4040.25,4038.82,4039.27,261
1784166780,4039.25,4039.41,4037.29,4039.13,258
1784166840,4039.08,4040.14,4038.15,4038.8,237
1784166900,4038.82,4040.11,4038.81,4040.01,190
1784166960,4040.1,4040.94,4040.02,4040.81,243
1784167020,4040.8,4041.03,4039.1,4039.32,238
1784167080,4039.32,4039.66,4038.45,4039.33,223
1784167140,4039.06,4039.29,4038.31,4039.08,235
1784167200,4039.24,4039.64,4038.26,4039.64,236
1784167260,4039.62,4040.17,4038.54,4039.21,272
1784167320,4039.2,4039.73,4036.77,4037.27,255
1784167380,4037.29,4037.79,4036.68,4036.81,207
1784167440,4036.78,4037.64,4036.3,4036.31,193
1784167500,4036.18,4036.72,4033.94,4034.76,238
1784167560,4034.75,4035.24,4033.7,4035.02,240
1784167620,4035.03,4035.74,4033.84,4034.39,206
1784167680,4034.36,4036.42,4034.36,4035.95,260
1784167740,4035.93,4036.09,4032.81,4033.09,236
1784167800,4033.08,4034.51,4032.79,4034.23,247
1784167860,4034.23,4034.27,4032.04,4033.42,248
1784167920,4033.43,4035.27,4033.36,4033.39,261
1784167980,4033.39,4033.39,4031.83,4031.88,223
1784168040,4031.86,4032.57,4031.33,4032.57,246
1784168100,4032.58,4032.77,4031.34,4031.39,210
1784168160,4031.37,4031.41,4028.92,4030.07,235
1784168220,4030.01,4032.13,4029.56,4032.08,224
1784168280,4032.08,4033.2,4032.01,4032.33,196
1784168340,4032.3,4033.21,4032.25,4033.21,183
1784168400,4033.07,4033.07,4031.63,4032.53,223
1784168460,4032.43,4033.44,4032.19,4033.23,243
1784168520,4033.22,4034.9,4033.12,4034.68,262
1784168580,4034.59,4034.59,4033.78,4034.08,189
1784168640,4034.07,4034.32,4033.12,4033.29,199
1784168700,4033.16,4033.34,4032.23,4033.01,215
1784168760,4033,4033.24,4032.23,4032.27,205
1784168820,4032.26,4033.35,4032.17,4033.13,206
1784168880,4033.15,4033.68,4032.58,4033.67,173
1784168940,4033.66,4034.77,4033.61,4034.58,168
1784169000,4034.74,4035.72,4033.45,4034.62,277
1784169060,4034.41,4034.41,4031.46,4031.72,281
1784169120,4031.69,4032.31,4030.39,4030.94,262
1784169180,4030.92,4032.48,4030.66,4031.11,279
1784169240,4031.12,4032,4030.93,4031.8,223
1784169300,4031.85,4032.63,4031.85,4032.54,248
1784169360,4032.52,4033.06,4031.3,4031.44,210
1784169420,4031.4,4032.21,4030.45,4030.48,204
1784169480,4030.46,4030.55,4028.15,4028.17,290
1784169540,4028.23,4028.29,4026.14,4027.35,270
1784169600,4026.96,4027.95,4026.19,4026.48,260
1784169660,4026.6,4026.92,4024.44,4025.57,269
1784169720,4025.47,4027.07,4025.12,4025.73,258
1784169780,4025.72,4027.46,4025.05,4027.46,249
1784169840,4027.62,4028.42,4026.95,4027.77,263
1784169900,4027.76,4029.36,4027.4,4029.28,236
1784169960,4029.26,4029.5,4028.9,4029.26,255
1784170020,4029.27,4029.62,4028.42,4028.56,236
1784170080,4028.58,4029.57,4028.14,4029.27,234
1784170140,4029.28,4030.1,4028.61,4029.49,222
1784170200,4029.45,4029.65,4027.74,4028.18,254
1784170260,4028.14,4028.85,4025.77,4025.77,260
1784170320,4025.87,4026.62,4024.76,4026.57,253
1784170380,4026.52,4029.33,4026.51,4029.29,227
1784170440,4029.1,4029.81,4028.42,4029.44,229
1784170500,4029.46,4030.19,4028.77,4030.19,235
1784170560,4030.3,4031.92,4030.14,4031.79,208
1784170620,4031.78,4032,4031.28,4032,202
1784170680,4032.05,4032.44,4031.64,4032.37,213
1784170740,4032.36,4032.55,4031.6,4031.6,239
1784170800,4031.88,4031.88,4030.81,4031.61,227
1784170860,4031.66,4031.87,4030.25,4031.12,217
1784170920,4031.16,4031.74,4030.73,4031.61,209
1784170980,4031.65,4032.11,4030.72,4030.92,221
1784171040,4030.83,4031.72,4030.51,4030.63,213
1784171100,4030.71,4032.5,4030.31,4032.5,237
1784171160,4032.65,4032.94,4031.39,4031.59,238
1784171220,4031.53,4031.86,4030.76,4031.5,157
1784171280,4031.48,4032.31,4031.14,4032.02,200
1784171340,4032.01,4032.73,4031.6,4032.72,200
1784171400,4032.74,4033.07,4031.11,4031.17,229
1784171460,4031.18,4031.8,4029.81,4030.36,251
1784171520,4030.4,4031.01,4030.12,4030.83,235
1784171580,4030.82,4031.58,4030.73,4031.36,176
1784171640,4031.36,4031.36,4029.37,4029.83,220
1784171700,4029.74,4031.51,4029.73,4031.22,209
1784171760,4031.06,4031.52,4030.45,4030.55,227
1784171820,4030.56,4030.59,4029.63,4030.01,212
1784171880,4029.95,4030.62,4029.64,4030.62,207
1784171940,4030.53,4030.81,4029.22,4029.98,224
1784172000,4030.01,4030.79,4029.19,4029.19,220
1784172060,4029.17,4029.38,4027.76,4029.08,196
1784172120,4029.1,4029.79,4028.87,4029.55,226
1784172180,4029.52,4029.86,4028.38,4029.45,218
1784172240,4029.35,4029.51,4028.83,4029.13,218
1784172300,4029.14,4030.57,4028.97,4030.51,217
1784172360,4030.69,4032.55,4030.69,4032.55,210
1784172420,4032.62,4033.86,4032.41,4033.35,208
1784172480,4033.28,4034.03,4033.23,4033.75,221
1784172540,4033.72,4034.05,4033.13,4033.99,211
1784172600,4033.97,4034.07,4033.11,4033.85,251
1784172660,4033.84,4034.11,4032.71,4032.83,212
1784172720,4032.96,4033.67,4032.44,4033.3,223
1784172780,4033.28,4034.04,4033.05,4033.69,187
1784172840,4033.76,4034.37,4033.53,4033.95,169
1784172900,4033.96,4034.95,4033.9,4034.22,215
1784172960,4034.23,4034.23,4033.2,4033.81,188
1784173020,4033.77,4034.16,4033.61,4034.16,172
1784173080,4034.17,4034.21,4033.76,4033.92,159
1784173140,4033.85,4034.17,4033.35,4033.35,170
1784173200,4033.39,4034.92,4033.39,4033.89,179
1784173260,4033.9,4034.62,4033.9,4034.4,136
1784173320,4034.39,4035.54,4034.27,4035.39,158
1784173380,4035.36,4036.13,4035.19,4035.24,202
1784173440,4035.22,4036.3,4035.18,4035.5,150
1784173500,4035.41,4035.65,4034.19,4034.51,186
1784173560,4034.53,4034.89,4034.39,4034.76,153
1784173620,4034.78,4035.28,4034.78,4034.9,160
1784173680,4034.91,4035.03,4034.55,4034.83,139
1784173740,4034.86,4035,4034.65,4034.84,144
1784173800,4034.85,4036.49,4034.85,4036.49,146
1784173860,4036.49,4036.71,4035.04,4035.04,163
1784173920,4035.12,4035.42,4034.8,4034.92,159
1784173980,4034.95,4035.3,4034.67,4035.24,128
1784174040,4035.34,4036.23,4035.24,4035.76,138
1784174100,4035.77,4036.17,4035.35,4036,140
1784174160,4035.96,4036.31,4035.74,4036.31,135
1784174220,4036.31,4036.94,4036.15,4036.58,186
1784174280,4036.47,4036.47,4035.64,4035.9,151
1784174340,4035.91,4036.51,4035.86,4036.32,144
1784174400,4036.61,4036.61,4035.36,4035.94,174
1784174460,4035.96,4036.16,4034.93,4035.07,134
1784174520,4035.08,4035.24,4034.85,4034.85,134
1784174580,4034.83,4035.75,4034.83,4034.84,125
1784174640,4034.86,4034.95,4033.72,4033.84,146
1784174700,4033.91,4034.22,4033.58,4034.13,171
1784174760,4034.07,4034.09,4033.03,4033.23,170
1784174820,4033.4,4033.5,4032.95,4033.44,152
1784174880,4033.39,4033.4,4032.75,4033.2,147
1784174940,4033.21,4033.21,4032.08,4032.08,143
1784175000,4032.09,4034.37,4031.99,4034.31,147
1784175060,4034.29,4035.58,4034.28,4035.18,172
1784175120,4034.96,4035.52,4034.65,4035.15,159
1784175180,4035.19,4036.01,4035.17,4035.74,138
1784175240,4035.72,4037.88,4035.72,4036.97,176
1784175300,4036.98,4036.98,4035.45,4035.45,132
1784175360,4035.41,4035.63,4035.09,4035.13,150
1784175420,4035.23,4035.24,4033.65,4033.79,136
1784175480,4033.77,4034,4033.76,4033.89,68
1784175540,4033.64,4033.68,4032.84,4033.37,120
1784175600,4033.35,4035.1,4033.32,4035.1,146
1784175660,4035.09,4035.38,4034.85,4035.25,95
1784175720,4035.27,4035.27,4034.2,4034.58,108
1784175780,4034.59,4034.78,4034.47,4034.48,115
1784175840,4034.47,4035.14,4032.86,4033.44,164
1784175900,4033.32,4033.88,4032.83,4033.88,135
1784175960,4033.89,4034.04,4033.2,4033.65,166
1784176020,4033.6,4033.6,4033.1,4033.18,130
1784176080,4033.17,4033.51,4031.97,4032.46,154
1784176140,4032.49,4033.91,4032.47,4033.88,170
1784176200,4033.92,4034.28,4033.88,4034.04,134
1784176260,4033.99,4035.36,4033.99,4035.36,123
1784176320,4035.22,4035.27,4032.67,4032.86,188
1784176380,4032.87,4033.04,4032.04,4032.78,157
1784176440,4032.74,4033.1,4032.53,4032.98,139
1784176500,4032.98,4033.44,4032.87,4033.19,144
1784176560,4033.22,4033.41,4032.65,4032.71,115
1784176620,4032.69,4034,4032.58,4033.68,143
1784176680,4033.68,4034.01,4033.17,4033.64,159
1784176740,4033.65,4033.79,4033.3,4033.53,123
1784176800,4033.43,4033.7,4033.2,4033.49,108
1784176860,4033.5,4034.26,4032.74,4033.92,170
1784176920,4033.93,4033.93,4033.2,4033.21,94
1784176980,4033.28,4033.74,4033.05,4033.23,129
1784177040,4033.24,4033.24,4032.53,4032.63,113
1784177100,4032.61,4034.28,4032.29,4034.28,152
1784177160,4034.27,4035.08,4034.21,4034.75,162
1784177220,4034.93,4035.17,4034.39,4034.41,149
1784177280,4034.44,4035.05,4034.21,4035.02,165
1784177340,4035.03,4035.23,4034.47,4034.51,144
1784177400,4034.52,4034.81,4034.2,4034.78,145
1784177460,4034.77,4034.84,4034.29,4034.36,104
1784177520,4034.36,4034.85,4034.17,4034.8,155
1784177580,4034.83,4034.97,4034.33,4034.65,93
1784177640,4034.64,4035.04,4034.3,4034.91,132
1784177700,4034.92,4034.92,4034.27,4034.71,151
1784177760,4034.7,4034.8,4034.38,4034.75,156
1784177820,4034.7,4034.73,4033.64,4033.73,151
1784177880,4033.72,4034.38,4033.55,4033.95,137
1784177940,4033.97,4034.05,4033.16,4033.18,141
1784178000,4033.19,4034.01,4032.87,4033.65,224
1784178060,4033.67,4033.93,4032,4032.07,175
1784178120,4031.94,4032.01,4031.1,4031.2,154
1784178180,4031.28,4032.08,4030.96,4032.07,154
1784178240,4032.21,4032.33,4031.78,4031.92,184
1784178300,4031.94,4032.39,4030.63,4031.78,201
1784178360,4031.79,4031.87,4031.08,4031.54,181
1784178420,4031.56,4031.73,4030.68,4031.16,179
1784178480,4031.32,4031.88,4031.15,4031.5,164
1784178540,4031.52,4031.86,4031.49,4031.49,126
1784178600,4031.5,4031.5,4029.46,4029.64,227
1784178660,4029.9,4030.34,4029.4,4030.16,200
1784178720,4030.17,4030.43,4029.84,4030.19,173
1784178780,4030.17,4030.35,4029.9,4030.06,132
1784178840,4030.07,4030.76,4029.66,4030.76,187
1784178900,4031.37,4032.96,4031.37,4032.01,234
1784178960,4032.09,4032.09,4030.97,4030.97,190
1784179020,4030.83,4030.98,4029.78,4030.08,202
1784179080,4030.09,4030.59,4029.37,4030.2,185
1784179140,4030.19,4030.79,4028.93,4029.48,157
1784179200,4029.46,4029.55,4028,4028.45,198
1784179260,4028.43,4029.26,4027.19,4027.83,161
1784179320,4027.74,4028.89,4027.59,4028.62,205
1784179380,4028.58,4029.26,4027.9,4029.1,218
1784179440,4029.11,4029.28,4027.1,4027.23,199
1784179500,4027.08,4028.49,4027.01,4028.26,192
1784179560,4028.25,4028.89,4028.23,4028.5,174
1784179620,4028.58,4029.36,4028.32,4028.4,196
1784179680,4028.27,4028.65,4026.92,4027.39,205
1784179740,4027.5,4027.89,4026.75,4027.68,225
1784179800,4027.84,4029.47,4025.63,4027.37,301
1784179860,4027.89,4029.25,4027.12,4027.55,296
1784179920,4027.55,4031.74,4027.47,4031.08,297
1784179980,4031.04,4031.04,4028.28,4030.51,247
1784180040,4030.49,4030.5,4028.46,4030.23,249
1784180100,4030.23,4030.23,4027.82,4028.69,257
1784180160,4028.4,4030.83,4027.68,4030.83,261
1784180220,4030.76,4030.92,4029.4,4029.46,273
1784180280,4029.47,4029.47,4027.51,4028.33,266
1784180340,4028.21,4029.9,4028.2,4029.59,254
1784180400,4029.5,4029.62,4026.9,4027.84,277
1784180460,4027.77,4029.08,4027.45,4028.94,248
1784180520,4029.03,4030.07,4028.51,4029.06,260
1784180580,4029.1,4030.29,4028.29,4030.25,258
1784180640,4030.36,4033.1,4030.36,4032.39,283
1784180700,4032.37,4032.93,4030.96,4031.07,253
1784180760,4031.14,4031.15,4028.44,4030.05,233
1784180820,4030.06,4030.73,4029.19,4030.23,240
1784180880,4029.95,4030.14,4029.02,4029.12,204
1784180940,4029,4029.48,4027.37,4027.56,247
1784181000,4027.64,4029.14,4027.58,4028.54,247
1784181060,4028.39,4030.68,4028.3,4029.16,264
1784181120,4029.16,4029.62,4027.37,4027.94,274
1784181180,4028.02,4028.45,4025.58,4026.19,262
1784181240,4025.98,4027.14,4025.95,4027.02,259
1784181300,4027,4028.87,4026.91,4028.87,268
1784181360,4028.82,4029.07,4027.65,4027.89,261
1784181420,4027.86,4029.11,4027.77,4028.38,237
1784181480,4028.39,4028.39,4026.91,4028.24,258
1784181540,4028.48,4028.56,4027.21,4027.34,242
1784181600,4027.32,4031.32,4027.14,4029.98,267
1784181660,4029.96,4031.37,4029.83,4030.8,225
1784181720,4030.83,4032.85,4030.5,4032.56,255
1784181780,4032.53,4032.75,4031.1,4032.51,268
1784181840,4032.53,4033.02,4031.24,4031.24,258
1784181900,4031.45,4035.73,4031.32,4035.64,282
1784181960,4035.59,4035.84,4034.62,4035.04,230
1784182020,4034.92,4035.82,4034.68,4035.82,249
1784182080,4035.78,4036.42,4033.88,4035.64,261
1784182140,4035.63,4035.87,4034.84,4034.96,245
1784182200,4035,4035,4033.09,4033.93,241
1784182260,4033.67,4033.67,4032.14,4032.9,252
1784182320,4032.94,4033.02,4030.95,4031.04,257
1784182380,4031.1,4032.87,4031.1,4031.93,274
1784182440,4031.91,4032.23,4031.35,4032.19,234
1784182500,4032.23,4032.87,4031.82,4032.08,202
1784182560,4032.05,4032.53,4029.44,4029.65,258
1784182620,4029.66,4030.68,4029.1,4030.08,282
1784182680,4030.02,4030.12,4028.52,4029.09,215
1784182740,4029.1,4029.3,4028.09,4029.18,236
1784182800,4029.38,4030.02,4028.56,4029.8,206
1784182860,4029.82,4030.17,4029.06,4029.48,210
1784182920,4029.61,4030.57,4029.11,4029.21,203
1784182980,4029.21,4029.86,4027.98,4029.33,226
1784183040,4029.32,4031.67,4028.8,4031.59,230
1784183100,4031.61,4031.98,4030.79,4031.58,238
1784183160,4031.51,4031.8,4030.86,4031.04,204
1784183220,4031.08,4032.03,4030.88,4031.41,206
1784183280,4031.42,4031.9,4031.24,4031.43,199
1784183340,4031.35,4031.97,4030.33,4030.33,218
1784183400,4030.14,4030.58,4029.47,4029.59,259
1784183460,4029.59,4030.5,4029.25,4030.14,208
1784183520,4030.05,4030.69,4029.77,4030.26,226
1784183580,4030.25,4030.27,4028.91,4030,195
1784183640,4030.03,4030.03,4026.77,4026.95,254
1784183700,4026.76,4026.76,4023.75,4026.3,282
1784183760,4026.37,4026.37,4023.82,4024,276
1784183820,4024.03,4024.5,4023.23,4023.58,284
1784183880,4023.77,4024.55,4023.03,4024.51,291
1784183940,4024.56,4026.87,4024.07,4026.72,269
1784184000,4026.71,4027.04,4026.12,4026.12,197
1784184060,4026.13,4026.5,4025.04,4025.64,254
1784184120,4025.65,4026.4,4025.16,4026.36,227
1784184180,4026.33,4026.56,4025.51,4026.12,238
1784184240,4026.17,4027.06,4025.22,4027.04,243
1784184300,4027.03,4027.76,4026.42,4027.6,228
1784184360,4027.59,4027.91,4027.05,4027.28,235
1784184420,4027.2,4027.84,4026.6,4027.51,241
1784184480,4027.57,4028.92,4027.1,4028.47,219
1784184540,4028.52,4028.54,4027.87,4028.29,216
1784184600,4028.31,4028.71,4027.87,4028.54,199
1784184660,4028.54,4028.96,4028.25,4028.83,157
1784184720,4028.85,4029.44,4028.38,4029.44,202
1784184780,4029.46,4030.12,4029.2,4029.54,168
1784184840,4029.52,4030.21,4029.44,4030.21,225
1784184900,4030.27,4031.15,4030.23,4030.4,248
1784184960,4030.41,4031.18,4030.29,4031.16,226
1784185020,4031.15,4031.41,4030.61,4030.96,206
1784185080,4031.06,4031.45,4030.02,4030.5,195
1784185140,4030.5,4031.18,4030.4,4030.7,236
1784185200,4030.68,4030.68,4028.41,4028.41,271
1784185260,4028.4,4028.74,4027.36,4027.99,247
1784185320,4027.92,4029.71,4027.77,4029.69,228
1784185380,4029.6,4029.6,4028.31,4028.64,189
1784185440,4028.65,4029.46,4028.27,4029.29,200
1784185500,4029.28,4029.29,4028.19,4029.25,205
1784185560,4029.25,4029.25,4028.18,4028.41,209
1784185620,4028.39,4029.07,4028.07,4028.87,182
1784185680,4028.8,4029.82,4028.31,4028.36,184
1784185740,4028.35,4029.7,4028.35,4029.39,178
1784185800,4029.73,4029.75,4029.23,4029.41,158
1784185860,4029.21,4029.21,4027.87,4029.06,231
1784185920,4029.05,4029.14,4028.08,4028.51,168
1784185980,4028.54,4028.58,4026.83,4027.15,194
1784186040,4027.17,4027.75,4025.72,4026.33,208
1784186100,4026.21,4026.4,4025.02,4025.05,228
1784186160,4025,4025.06,4024.06,4024.25,229
1784186220,4024.17,4025.35,4024.15,4024.53,206
1784186280,4024.55,4024.92,4024,4024.11,186
1784186340,4024.08,4025.24,4023.78,4024.72,255
1784186400,4024.73,4026.93,4024.66,4026.29,245
1784186460,4026.36,4026.75,4025.55,4026.21,203
1784186520,4026.11,4026.25,4025.19,4025.79,196
1784186580,4025.73,4026.27,4024.88,4025.04,191
1784186640,4025.03,4025.99,4024.74,4025.27,195
1784186700,4025.42,4025.58,4024.61,4024.67,234
1784186760,4024.59,4025.08,4024.21,4024.44,214
1784186820,4024.43,4026.71,4024.2,4026.46,212
1784186880,4026.48,4026.48,4025.06,4025.22,225
1784186940,4025.19,4025.53,4024.08,4024.47,184
1784187000,4024.4,4025.21,4023.58,4023.58,232
1784187060,4023.55,4024.49,4023.03,4024.49,217
1784187120,4024.95,4025.37,4023.9,4024.89,198
1784187180,4024.8,4025.14,4023.85,4024,176
1784187240,4023.86,4024.39,4023.39,4024.12,199
1784187300,4024.37,4024.39,4023.51,4023.81,204
1784187360,4023.77,4024.5,4023.36,4023.78,199
1784187420,4023.77,4025.29,4023.7,4025.21,156
1784187480,4025.42,4025.63,4024.84,4025.37,169
1784187540,4025.38,4025.48,4024.7,4025.29,176
1784187600,4025.58,4027.89,4025.28,4027.65,267
1784187660,4027.5,4028.31,4027.07,4027.07,186
1784187720,4027.06,4027.34,4026.75,4027.11,201
1784187780,4027.12,4027.14,4026.54,4026.71,212
1784187840,4026.97,4027.22,4026.11,4026.19,187
1784187900,4026.2,4028.45,4026.02,4028.34,207
1784187960,4028.68,4029.46,4028.36,4029.42,232
1784188020,4029.47,4029.77,4028.54,4029.44,208
1784188080,4029.59,4031.81,4029.49,4030.91,228
1784188140,4030.92,4031.08,4030.05,4030.65,227
1784188200,4030.66,4030.66,4029.31,4029.86,210
1784188260,4029.88,4030.93,4029.76,4030.24,190
1784188320,4030.26,4030.57,4026.97,4027.11,187
1784188380,4027.14,4028.19,4026.62,4027.55,190
1784188440,4027.48,4028.36,4027.46,4028.27,208
1784188500,4028.3,4029.54,4028.05,4029.36,218
1784188560,4029.51,4030.3,4029.17,4030.17,228
1784188620,4030.15,4030.3,4029.37,4030.23,217
1784188680,4030.2,4031.15,4029.95,4031.02,210
1784188740,4031.04,4031.14,4030.22,4030.82,204
1784188800,4030.63,4031.35,4029.57,4030.14,248
1784188860,4030,4031.36,4029.6,4030.99,239
1784188920,4031.05,4034.11,4030.94,4033.92,262
1784188980,4033.95,4033.95,4031.29,4031.3,243
1784189040,4031.31,4031.31,4029.74,4030.02,187
1784189100,4030,4030.82,4029.06,4029.06,227
1784189160,4029.07,4029.69,4028.62,4029.15,230
1784189220,4029.12,4030.83,4029.06,4029.67,210
1784189280,4029.56,4029.69,4029.15,4029.59,161
1784189340,4029.6,4030.17,4028.36,4028.42,192
1784189400,4028.41,4028.68,4025.62,4026.12,227
1784189460,4026.05,4027.54,4025.96,4027.18,244
1784189520,4027.11,4027.94,4026.75,4027.45,226
1784189580,4027.43,4029.19,4026.92,4028.18,229
1784189640,4028.21,4028.21,4025.44,4025.82,220
1784189700,4025.78,4026.79,4025.73,4026.26,190
1784189760,4026.22,4027.69,4025.31,4027.69,187
1784189820,4027.72,4028.8,4027.17,4028.74,237
1784189880,4028.64,4028.82,4027.57,4027.91,216
1784189940,4027.89,4029.33,4027.69,4029.33,179
1784190000,4029.19,4031.79,4029.05,4030.8,205
1784190060,4030.8,4031.74,4030.32,4031.63,219
1784190120,4031.67,4031.94,4030.38,4031.89,185
1784190180,4031.9,4031.9,4030.85,4031.1,220
1784190240,4031.09,4032.08,4031.09,4031.61,220
1784190300,4031.6,4033.02,4031.55,4032.27,227
1784190360,4032.33,4033.72,4031.59,4032.11,207
1784190420,4032.13,4032.54,4031.89,4032.32,209
1784190480,4032.34,4032.78,4031.52,4032.08,182
1784190540,4031.88,4032.49,4031.28,4032.36,243
1784190600,4032.48,4033.91,4032.48,4033.2,215
1784190660,4033.2,4034.89,4032.94,4034.85,227
1784190720,4034.99,4034.99,4033.04,4033.07,215
1784190780,4033.12,4033.7,4032.74,4033.1,207
1784190840,4033.13,4033.13,4032.22,4032.36,166
1784190900,4032.35,4033.49,4032.34,4033.47,221
1784190960,4033.45,4034.15,4033.16,4034.13,194
1784191020,4034.14,4035.61,4033.83,4033.98,224
1784191080,4034,4035.23,4033.67,4034.4,205
1784191140,4034.38,4034.63,4033.14,4033.54,184
1784191200,4033.56,4034.35,4033.45,4034,140
1784191260,4034.04,4034.04,4032.41,4032.72,188
1784191320,4032.78,4033.6,4032.12,4033.27,168
1784191380,4033.33,4033.37,4032.58,4032.64,181
1784191440,4032.63,4034.14,4032.63,4033.64,202
1784191500,4033.63,4034.68,4033.61,4034.5,188
1784191560,4034.55,4035.33,4034.49,4035.33,183
1784191620,4035.32,4036.56,4035.11,4036.56,205
1784191680,4036.42,4036.52,4035.07,4035.5,199
1784191740,4035.51,4036.1,4035.4,4035.64,199
1784191800,4035.62,4035.62,4033.99,4034.4,181
1784191860,4034.44,4035.83,4034.04,4035.82,174
1784191920,4035.83,4035.88,4035.03,4035.57,161
1784191980,4035.52,4035.61,4034.36,4034.45,158
1784192040,4034.42,4034.77,4033.24,4033.48,193
1784192100,4033.5,4033.77,4033.23,4033.67,155
1784192160,4033.72,4034.34,4033.55,4033.72,172
1784192220,4033.49,4034.63,4033.49,4034.27,149
1784192280,4034.31,4035.76,4034.31,4035.72,167
1784192340,4035.69,4035.69,4034.65,4035.36,177
1784192400,4035.37,4036.8,4035.35,4036.76,212
1784192460,4036.73,4036.73,4035.81,4036.42,171
1784192520,4036.46,4036.99,4035.64,4036.53,193
1784192580,4036.51,4037.31,4036.36,4036.36,199
1784192640,4036.35,4036.69,4035.46,4035.46,170
1784192700,4035.44,4036.71,4035.39,4036.08,195
1784192760,4036.12,4036.28,4035.41,4035.7,174
1784192820,4035.72,4036.68,4035.72,4036.53,148
1784192880,4036.6,4036.91,4036.02,4036.16,149
1784192940,4036.13,4036.85,4035.87,4036.48,183
1784193000,4036.5,4036.79,4035.78,4036.19,174
1784193060,4036.18,4036.67,4036.08,4036.61,157
1784193120,4036.65,4036.95,4036.32,4036.81,157
1784193180,4036.82,4037.09,4036.16,4036.65,177
1784193240,4036.67,4037.41,4036.64,4036.91,138
1784193300,4036.98,4037,4036.29,4036.95,176
1784193360,4036.94,4037.51,4036.8,4036.81,194
1784193420,4036.92,4037.13,4036.52,4036.83,197
1784193480,4036.82,4036.82,4035.89,4036.26,188
1784193540,4036.27,4036.49,4036.09,4036.1,148
1784193600,4036.15,4036.24,4035.49,4035.5,196
1784193660,4035.63,4036.24,4034.4,4034.44,201
1784193720,4034.77,4035.4,4034.12,4034.41,161
1784193780,4034.43,4034.88,4033.7,4033.93,183
1784193840,4033.84,4033.84,4032.52,4032.72,154
1784193900,4032.73,4033.9,4032.73,4033.01,149
1784193960,4033,4033.29,4032.59,4032.99,176
1784194020,4032.95,4033.38,4031.01,4033.26,218
1784194080,4033.32,4033.33,4032.68,4033.1,142
1784194140,4033.09,4033.61,4032.79,4033.14,204
1784194200,4033.15,4034.1,4032.42,4032.92,191
1784194260,4032.91,4032.95,4031.73,4031.98,202
1784194320,4031.72,4032.89,4030.52,4032.81,198
1784194380,4032.69,4032.95,4032.24,4032.45,187
1784194440,4032.47,4032.75,4031.36,4031.92,231
1784194500,4031.93,4034.69,4031.55,4034.65,184
1784194560,4034.58,4034.58,4033.45,4033.53,247
1784194620,4033.51,4033.92,4033.22,4033.89,149
1784194680,4033.88,4034.19,4033.61,4033.87,154
1784194740,4033.86,4033.87,4033.27,4033.35,149
1784194800,4033.34,4033.94,4032.95,4033.9,182
1784194860,4033.85,4033.88,4033.19,4033.55,141
1784194920,4033.47,4034.34,4033.07,4034.18,195
1784194980,4034.17,4035,4033.45,4034.83,122
1784195040,4034.85,4035.05,4034.34,4034.34,133
1784195100,4034.36,4034.47,4031.76,4031.76,176
1784195160,4031.72,4033.22,4031.71,4032.66,184
1784195220,4032.68,4033.58,4032.19,4033.51,171
1784195280,4033.51,4033.93,4033.1,4033.8,141
1784195340,4033.84,4033.98,4032.45,4032.48,122
1784195400,4032.4,4033.08,4032.32,4033,148
1784195460,4032.94,4033.39,4032.69,4032.95,155
1784195520,4033.06,4034.87,4032.68,4034.83,178
1784195580,4034.6,4035.25,4034.5,4034.9,187
1784195640,4034.89,4036.4,4034.89,4035.88,182
1784195700,4035.94,4036.29,4035.06,4035.56,216
1784195760,4035.49,4035.52,4033.38,4033.38,183
1784195820,4033.4,4033.4,4032.47,4033.2,141
1784195880,4033.17,4033.35,4032.21,4032.59,140
1784195940,4032.6,4033.09,4031.87,4031.87,169
1784196000,4031.73,4032.37,4031.71,4031.79,202
1784196060,4031.76,4031.76,4030.17,4031.32,187
1784196120,4031.38,4031.74,4030.37,4030.47,217
1784196180,4030.51,4030.81,4029.89,4030.43,214
1784196240,4030.29,4031.32,4030.23,4031.05,165
1784196300,4031,4031.77,4030.4,4030.86,198
1784196360,4030.94,4032.09,4030.77,4032.09,141
1784196420,4032.06,4032.22,4031.19,4031.97,150
1784196480,4031.99,4032.57,4031.42,4032.43,188
1784196540,4032.45,4032.56,4031.82,4032.42,147
1784196600,4032.42,4032.72,4030.28,4030.61,167
1784196660,4030.57,4030.8,4029.77,4030.8,163
1784196720,4030.76,4031.82,4030.76,4031.8,167
1784196780,4031.96,4032.18,4031.72,4031.82,158
1784196840,4031.81,4031.81,4031.29,4031.77,133
1784196900,4031.8,4032.41,4031.71,4032.27,162
1784196960,4032.28,4032.95,4032.28,4032.35,150
1784197020,4032.38,4032.91,4032.27,4032.36,144
1784197080,4032.46,4032.88,4032.34,4032.84,163
1784197140,4032.67,4033.08,4032.27,4032.6,141
1784197200,4032.59,4032.99,4031.69,4032.88,203
1784197260,4032.95,4033.56,4032.95,4033.12,145
1784197320,4033.13,4033.44,4033.01,4033.15,134
1784197380,4033.12,4033.16,4032.18,4033.14,165
1784197440,4033.07,4034.74,4033.04,4034.59,182
1784197500,4034.73,4034.73,4032.98,4033.36,174
1784197560,4033.43,4033.73,4032.75,4033.6,133
1784197620,4033.59,4033.66,4032.1,4032.19,147
1784197680,4032.21,4032.34,4031.9,4032,134
1784197740,4032.04,4033.46,4032.04,4033.42,176
1784197800,4033.25,4033.96,4032.88,4032.88,186
1784197860,4032.69,4032.78,4031.76,4031.95,177
1784197920,4031.94,4033.29,4031.87,4033.29,173
1784197980,4033.25,4033.49,4032.77,4033.49,158
1784198040,4033.51,4033.92,4033.42,4033.82,180
1784198100,4033.8,4033.8,4032.94,4033.32,178
1784198160,4033.23,4034.18,4033.07,4033.77,184
1784198220,4033.74,4034.13,4033.57,4033.62,144
1784198280,4033.63,4033.9,4033.62,4033.65,109
1784198340,4033.52,4033.79,4031.75,4031.88,177
1784198400,4031.9,4032.77,4031.71,4032.56,180
1784198460,4032.63,4033.67,4032.59,4033.55,142
1784198520,4033.52,4034.24,4033.25,4034.19,168
1784198580,4034.16,4034.66,4032.55,4033.24,179
1784198640,4032.84,4033.78,4032.79,4033.12,142
1784198700,4033.1,4033.27,4031.83,4032.24,152
1784198760,4032.21,4032.21,4031.19,4032.1,198
1784198820,4032.09,4032.11,4030.72,4031.38,171
1784198880,4031.39,4032.4,4031.39,4032.2,133
1784198940,4032.18,4032.18,4030.75,4030.92,148
1784199000,4030.86,4031.79,4030.84,4031.53,156
1784199060,4031.49,4032.28,4031.3,4031.4,173
1784199120,4031.38,4031.47,4030.95,4031.41,155
1784199180,4031.43,4031.56,4030.84,4030.89,172
1784199240,4030.82,4031.71,4030.34,4031.5,219
1784199300,4031.46,4031.75,4031.12,4031.75,164
1784199360,4031.76,4031.95,4030.61,4030.76,142
1784199420,4030.5,4031.79,4030.49,4031.63,203
1784199480,4031.62,4031.62,4029.69,4029.69,172
1784199540,4029.68,4029.85,4028.74,4029.59,218
1784199600,4029.55,4029.75,4027.97,4028.56,251
1784199660,4028.58,4029.61,4027.92,4028.95,258
1784199720,4028.93,4029.63,4028.5,4029.4,200
1784199780,4029.55,4030.25,4028.95,4029.63,171
1784199840,4029.67,4029.9,4028.62,4028.62,179
1784199900,4028.61,4028.72,4027.84,4028.04,168
1784199960,4028.06,4028.85,4028.06,4028.67,191
1784200020,4028.6,4028.92,4028.15,4028.41,135
1784200080,4028.48,4028.97,4028.48,4028.93,121
1784200140,4028.92,4029.63,4028.75,4029.5,192
1784200200,4029.47,4029.47,4027.98,4028.32,199
1784200260,4028.31,4029.09,4028.02,4029.09,156
1784200320,4029.06,4029.79,4029,4029.78,184
1784200380,4029.81,4029.81,4026.54,4026.68,177
1784200440,4026.58,4028.16,4026.54,4028.08,158
1784200500,4027.92,4027.93,4026.23,4026.25,165
1784200560,4026.17,4026.19,4025.2,4025.87,226
1784200620,4025.86,4026.75,4025.26,4026.75,217
1784200680,4026.74,4026.86,4026.07,4026.27,171
1784200740,4026.34,4026.95,4026.15,4026.4,223
1784200800,4026.49,4027.39,4026.05,4026.62,197
1784200860,4026.58,4026.78,4025.09,4025.85,168
1784200920,4026.01,4026.34,4025.27,4025.74,176
1784200980,4025.75,4025.91,4024.88,4025.91,150
1784201040,4025.88,4025.94,4025.09,4025.09,132
1784201100,4025.06,4025.31,4021.41,4023.04,204
1784201160,4023.01,4023.44,4021.84,4022.34,210
1784201220,4022.47,4025.81,4022.47,4025.78,204
1784201280,4026.11,4027.59,4025.46,4025.46,204
1784201340,4025.21,4025.55,4023.26,4024.42,199
1784201400,4024.36,4024.87,4023.78,4024.46,197
1784201460,4024.45,4025.72,4023.62,4025.69,207
1784201520,4025.68,4027.36,4025.67,4027.36,173
1784201580,4027.68,4029.16,4027.64,4029.06,189
1784201640,4029.04,4030.25,4029.04,4029.88,231
1784201700,4029.9,4030.44,4029.44,4030.44,212
1784201760,4030.46,4031.79,4030.46,4031.15,188
1784201820,4031.18,4032.05,4030.97,4031.04,201
1784201880,4031.02,4032.38,4029.64,4029.82,244
1784201940,4029.93,4030.98,4029.14,4030.92,204
1784202000,4030.89,4031.26,4030.45,4030.53,218
1784202060,4030.51,4031.88,4030.51,4031.58,196
1784202120,4031.6,4033.41,4031.6,4032.48,221
1784202180,4032.53,4035.61,4031.61,4035.61,235
1784202240,4035.56,4036.05,4033.55,4034.89,234
1784202300,4034.97,4036.88,4034.97,4036.77,183
1784202360,4036.85,4039.67,4035.85,4039.52,256
1784202420,4039.69,4040.03,4037.65,4037.78,226
1784202480,4037.83,4042.39,4037.81,4042.27,262
1784202540,4041.98,4041.99,4028.64,4031.9,248
1784202600,4032.21,4034.67,4029.66,4033.98,318
1784202660,4033.73,4036.59,4033.62,4036.59,294
1784202720,4036.63,4037.39,4034.17,4034.71,289
1784202780,4035.03,4038.22,4034.89,4038.13,256
1784202840,4038.15,4040.17,4037.81,4039.58,280
1784202900,4039.57,4041.38,4039.38,4040.63,253
1784202960,4040.7,4041.56,4040.34,4040.81,259
1784203020,4040.86,4041.01,4037.72,4037.85,222
1784203080,4037.84,4039.27,4037.32,4038.99,243
1784203140,4038.98,4039.05,4037.78,4038.55,178
1784203200,4038.66,4039.01,4036.68,4038.15,273
1784203260,4038.11,4038.22,4036.4,4036.4,219
1784203320,4036.39,4039.51,4036.37,4038.35,245
1784203380,4038.36,4042.07,4037.84,4041.2,234
1784203440,4041.15,4043.35,4041.08,4042.46,231
1784203500,4042.38,4043.39,4037.98,4037.98,257
1784203560,4038,4039.83,4034.39,4034.42,280
1784203620,4034.4,4036.37,4032.47,4034.76,284
1784203680,4034.69,4035.28,4032.98,4033.74,238
1784203740,4033.97,4034.44,4032.97,4033.41,240
1784203800,4033.12,4033.12,4030.95,4031.04,276
1784203860,4030.96,4031.66,4028.92,4030.75,276
1784203920,4031.14,4031.55,4028.98,4029.37,238
1784203980,4029.27,4030.21,4027.79,4030.1,263
1784204040,4030.02,4032.42,4030.02,4031.86,214
1784204100,4031.86,4032.29,4025.87,4025.87,258
1784204160,4025.92,4026.27,4012.99,4019.14,326
1784204220,4018.6,4023.91,4016.05,4023.91,300
1784204280,4024.34,4028.06,4023.83,4027.79,276
1784204340,4027.78,4029.53,4026.37,4028.85,263
1784204400,4028.86,4029.14,4026.92,4028.25,249
1784204460,4028.42,4028.72,4023.1,4024.29,260
1784204520,4023.79,4024.75,4022.72,4022.72,252
1784204580,4022.5,4024.42,4022.12,4022.9,261
1784204640,4022.28,4022.89,4020.48,4021.02,287
1784204700,4020.99,4021.37,4016.91,4017.65,288
1784204760,4018.39,4022.55,4018.39,4022.29,272
1784204820,4022.28,4024.24,4022,4022.73,243
1784204880,4022.85,4024.84,4022.45,4024.49,228
1784204940,4024.47,4025.71,4024.28,4025.12,215
1784205000,4025.1,4029.53,4020.56,4028.04,316
1784205060,4028.36,4029.23,4025.3,4025.3,284
1784205120,4025.12,4025.71,4022.55,4023.31,292
1784205180,4023.29,4023.97,4021.97,4023.1,281
1784205240,4023.12,4023.59,4022.25,4022.62,248
1784205300,4022.63,4022.83,4020.57,4020.73,267
1784205360,4020.72,4022.02,4019.92,4019.92,254
1784205420,4019.89,4021.04,4015.26,4015.35,306
1784205480,4015.33,4019.2,4015.33,4018.74,271
1784205540,4018.7,4018.79,4014.94,4015.09,282
1784205600,4015.13,4015.25,4008.87,4009.18,303
1784205660,4009.21,4010.15,4007.38,4008.95,294
1784205720,4009.05,4009.17,4006.65,4008.47,292
1784205780,4008.45,4008.45,4003.25,4003.25,285
1784205840,4003.32,4005.64,4000.75,4002.78,300
1784205900,4002.66,4004.9,3999.44,4003.89,298
1784205960,4003.81,4008.87,4002.05,4008.82,296
1784206020,4008.2,4008.2,3999.7,4000.23,284
1784206080,4000.19,4001.05,3999.38,4000.91,277
1784206140,4000.5,4002.65,3999.49,3999.49,273
1784206200,3999.19,4000.17,3996.32,4000.17,291
1784206260,4000.2,4000.93,3998.3,3998.3,284
1784206320,3998.26,4002.17,3998.22,4000.48,275
1784206380,4000.48,4002.34,4000.46,4002.34,282
1784206440,4002.09,4002.09,3994.67,3996.11,287
1784206500,3996.01,3996.97,3992.15,3996.44,308
1784206560,3996.35,3996.51,3993.72,3995.75,294
1784206620,3995.77,3995.77,3993.27,3993.47,299
1784206680,3993.45,3994.8,3990.45,3994.68,307
1784206740,3994.55,3994.55,3990.67,3992.34,306
1784206800,3992.51,3996.8,3991.24,3991.32,324
1784206860,3991.57,3993.61,3989.07,3989.46,310
1784206920,3989.38,3990.46,3977.09,3978.87,311
1784206980,3979.35,3987.01,3978.63,3985.2,330
1784207040,3985.66,3985.66,3975.39,3978.24,320
1784207100,3978.2,3983.58,3973.67,3983.18,316
1784207160,3982.28,3983.04,3977.33,3980.15,308
1784207220,3980.18,3986.28,3979.95,3984.17,311
1784207280,3984.27,3985.26,3982.35,3983.94,311
1784207340,3984,3985.79,3983.08,3983.92,303
1784207400,3983.72,3987.04,3982.37,3986.85,306
1784207460,3986.63,3988.84,3985.18,3988.5,304
1784207520,3988.34,3990.56,3986.7,3988.93,299
1784207580,3988.97,3993.3,3988.87,3993.01,294
1784207640,3993.02,3993.35,3991.17,3992.34,293
1784207700,3992.25,3994.89,3992.16,3993.2,306
1784207760,3993.29,3995.72,3993.12,3994.42,282
1784207820,3994.44,3994.44,3993,3993.98,273
1784207880,3994.06,3994.13,3991.72,3992.26,278
1784207940,3992.38,3995.19,3991.36,3995.19,278
1784208000,3995.21,3995.64,3992.97,3993.14,269
1784208060,3993.13,3993.57,3991.35,3992.03,261
1784208120,3992.39,3993.86,3991.84,3992.26,258
1784208180,3992.25,3994.85,3992.25,3994.58,278
1784208240,3994.56,3999.43,3993.73,3999.06,279
1784208300,3998.55,4000.09,3998.24,3999.52,280
1784208360,3999.51,4001.74,3998.82,4001.58,280
1784208420,4001.98,4004.3,4001.98,4003.04,290
1784208480,4002.91,4004.47,4002.04,4004.19,272
1784208540,4004.39,4006.07,4003.23,4005.59,284
1784208600,4005.93,4008.35,4003.87,4004.21,318
1784208660,4004.09,4005.38,4002.97,4004.64,308
1784208720,4004.38,4004.38,3999.76,4000.45,310
1784208780,4000.44,4000.54,3996.51,3997.27,316
1784208840,3997.25,3997.27,3993.2,3993.2,310
1784208900,3993.28,3993.8,3988.2,3988.9,316
1784208960,3989.09,3990.14,3987.86,3988.46,302
1784209020,3988.84,3993.35,3988.62,3992.32,312
1784209080,3991.91,3991.91,3985.87,3985.91,312
1784209140,3985.95,3987.02,3981.8,3983.37,312
1784209200,3983.36,3987.56,3983.36,3986.35,307
1784209260,3986.37,3988.89,3985.3,3985.83,311
1784209320,3985.68,3986.44,3984.03,3986.4,304
1784209380,3986.41,3989.24,3984.06,3987.49,311
1784209440,3987.32,3988.61,3985.78,3986.39,298
1784209500,3986.37,3990.65,3986.29,3989.76,314
1784209560,3989.71,3991.91,3988.68,3991.91,313
1784209620,3991.98,3993.13,3990.4,3992.42,305
1784209680,3992.18,3992.88,3988.43,3990.52,295
1784209740,3990.6,3992.59,3989.99,3992.02,302
1784209800,3991.84,3996.04,3991.84,3994.33,301
1784209860,3994.42,3995.22,3992.71,3993.8,289
1784209920,3993.79,3996.7,3993.57,3995.53,289
1784209980,3995.79,3997.07,3993.16,3994.39,291
1784210040,3994.53,3997.01,3993.97,3994.26,301
1784210100,3994.25,3994.25,3989.69,3990.45,309
1784210160,3990.47,3991.24,3988.27,3989.35,299
1784210220,3989.61,3990.86,3988.16,3988.46,296
1784210280,3988.31,3991.28,3988.26,3990.36,257
1784210340,3990.49,3991,3988.87,3990.21,267
1784210400,3989.58,3995.86,3989.54,3995.18,311
1784210460,3995.25,3997.18,3994.62,3997.18,304
1784210520,3997.05,3997.14,3993.93,3994.72,294
1784210580,3994.71,3995.09,3992.06,3994.53,301
1784210640,3994.78,3997.27,3994.18,3996.92,298
1784210700,3997.01,3997.01,3993.42,3995.39,299
1784210760,3995.16,3995.7,3993.84,3993.95,293
1784210820,3993.79,3995.07,3992.34,3993,285
1784210880,3993.09,3993.92,3991.19,3991.86,270
1784210940,3991.88,3993.74,3991.15,3992.76,283
1784211000,3992.81,3993.97,3991.83,3991.92,300
1784211060,3991.22,3991.5,3989.23,3991.27,295
1784211120,3991.19,3991.19,3987.25,3988.52,314
1784211180,3988.5,3990.03,3988.23,3989.66,287
1784211240,3989.73,3990.25,3988.32,3988.9,266
1784211300,3989.1,3991.17,3987.69,3990.63,295
1784211360,3991.07,3993.89,3990.53,3993.69,303
1784211420,3993.58,3994.83,3990.68,3994.72,288
1784211480,3994.64,3997.29,3993.88,3996.27,294
1784211540,3996.31,3996.79,3994.63,3995.75,313
1784211600,3996.09,3996.27,3993.59,3994.38,267
1784211660,3994.6,3994.7,3991.58,3994.6,276
1784211720,3994.62,3995.82,3992.91,3994.44,291
1784211780,3994.45,3994.45,3990.74,3991.27,313
1784211840,3991.57,3993.39,3991.42,3992.28,261
1784211900,3992.27,3996.67,3991.81,3996.67,279
1784211960,3996.85,3998.15,3996,3997.72,289
1784212020,3997.58,4000.36,3997.12,3998.31,292
1784212080,3998.66,4000.55,3998.18,4000.55,289
1784212140,4000.53,4000.56,3999.2,3999.33,267
1784212200,3999.31,3999.5,3995.62,3996.39,296
1784212260,3996.71,3998.72,3996.32,3998.49,290
1784212320,3998.51,3998.86,3996.86,3998.86,284
1784212380,3998.5,4003.11,3998.4,4003.11,299
1784212440,4003.16,4004.59,4001.96,4002.78,302
1784212500,4002.68,4003.82,4001.48,4002.16,292
1784212560,4002.36,4003.14,4000.82,4002.39,272
1784212620,4002.36,4003.84,4001.71,4001.71,271
1784212680,4001.64,4002.63,4000.93,4001.14,278
1784212740,4001.18,4001.67,3999.08,3999.86,276
1784212800,3999.99,4002.37,3999.89,4002.02,288
1784212860,4001.85,4002.61,4000.93,4001.5,284
1784212920,4001.47,4003.66,4001.47,4003.29,286
1784212980,4003.32,4004.75,4002.43,4002.92,262
1784213040,4003.03,4004.8,4002.84,4004.8,252
1784213100,4004.96,4005.5,4003.95,4004.31,266
1784213160,4004.32,4006.65,4003.9,4006.07,283
1784213220,4006.01,4006.01,4003.22,4003.31,266
1784213280,4003.32,4004.14,4001.2,4001.23,279
1784213340,4001.16,4001.56,3999.31,3999.32,284
1784213400,3999.34,4000.42,3997.95,3998.22,269
1784213460,3998.4,3999.99,3998.18,3998.63,290
1784213520,3998.67,3998.95,3995.2,3995.57,290
1784213580,3995.72,3996.99,3995.19,3996.39,266
1784213640,3996.46,3996.71,3995.1,3995.35,292
1784213700,3995.31,3995.6,3992.58,3994.86,260
1784213760,3994.73,3996.25,3994.05,3995.9,298
1784213820,3995.66,3998.33,3995.63,3997.86,285
1784213880,3997.85,3999.25,3997.39,3997.39,255
1784213940,3997.27,3998.84,3996.74,3997.9,270
1784214000,3998.16,3998.66,3996.91,3997.54,297
1784214060,3997.51,3997.92,3995.54,3995.54,298
1784214120,3995.59,3997.07,3994.63,3995.09,272
1784214180,3995.1,3995.39,3992.52,3993.71,280
1784214240,3993.69,3994.27,3993.05,3993.05,276
1784214300,3993.03,3993.76,3991.72,3992.59,284
1784214360,3992.76,3992.77,3990.28,3991.73,280
1784214420,3991.8,3994.58,3991.17,3994.57,272
1784214480,3994.58,3994.58,3993.07,3993.17,276
1784214540,3993.16,3995.78,3993.09,3995.23,289
1784214600,3995.28,3995.28,3992.45,3992.82,294
1784214660,3992.81,3994.87,3992.63,3994.17,271
1784214720,3994.36,3994.48,3992.32,3992.79,227
1784214780,3992.72,3992.81,3989.52,3990.3,263
1784214840,3990.24,3992.88,3990.24,3992.88,247
1784214900,3992.8,3995.63,3992.8,3994.55,279
1784214960,3994.45,3995.47,3993.72,3995.4,271
1784215020,3995.36,3997.7,3994.35,3997.3,282
1784215080,3997.35,3999.08,3996.8,3997.92,264
1784215140,3997.95,3999,3997.54,3998.81,270
1784215200,3998.73,4001.5,3998.64,3999.73,272
1784215260,3999.94,4003.91,3999.77,4003.15,294
1784215320,4003.11,4006.93,4002.91,4006.45,274
1784215380,4006.55,4007.2,4005.62,4006.44,278
1784215440,4006.39,4009.13,4006.39,4007.76,276
1784215500,4007.85,4016.74,4007.07,4015.8,312
1784215560,4015.74,4016.37,4012.97,4013.31,314
1784215620,4013.34,4014.96,4011.63,4013.81,286
1784215680,4013.88,4014.86,4011.64,4011.82,296
1784215740,4011.97,4013.58,4011.38,4011.47,271
1784215800,4011.45,4012.34,4007.72,4008.93,307
1784215860,4008.96,4010.61,4008.96,4009.97,268
1784215920,4010.02,4011.48,4009.24,4011.08,298
1784215980,4011.06,4013.7,4009.81,4013.24,299
1784216040,4013.14,4014.91,4013.14,4014.46,285
1784216100,4014.19,4016.05,4013.44,4013.58,289
1784216160,4013.57,4013.88,4010.92,4013.05,286
1784216220,4012.9,4013.45,4012.13,4013.34,238
1784216280,4013.3,4016.24,4013.3,4015.46,290
1784216340,4015.47,4015.5,4014.08,4014.2,257
1784216400,4014.09,4014.27,4010.28,4010.28,274
1784216460,4010.14,4010.97,4009.62,4010.21,260
1784216520,4010.23,4013.37,4009.69,4013.11,267
1784216580,4013.16,4013.35,4011.62,4011.66,248
1784216640,4011.65,4011.77,4010.36,4010.41,252
1784216700,4010.49,4010.52,4008.51,4009.98,273
1784216760,4009.95,4011.45,4008.93,4008.99,263
1784216820,4009.11,4010.34,4008.93,4009.23,255
1784216880,4009.18,4010.36,4008.89,4010.34,239
1784216940,4010.32,4011.49,4008.35,4010.76,268
1784217000,4010.72,4011.03,4009.69,4010.51,263
1784217060,4010.36,4011.72,4009.64,4011.61,219
1784217120,4011.62,4013.16,4011.14,4011.85,253
1784217180,4011.81,4012.32,4009.11,4009.26,244
1784217240,4009.18,4009.6,4008.55,4009.17,265
1784217300,4009.18,4009.47,4007.92,4008.51,250
1784217360,4008.52,4008.54,4006.11,4006.39,255
1784217420,4006.31,4006.92,4006.2,4006.25,247
1784217480,4006.24,4007.2,4005.68,4005.68,205
1784217540,4005.63,4007.29,4005.63,4007.05,243
1784217600,4007.15,4007.59,4003.9,4003.92,262
1784217660,4003.87,4005.26,4003.36,4004.81,255
1784217720,4004.68,4004.79,4001.7,4002.36,255
1784217780,4002.36,4002.96,4000.96,4001.39,247
1784217840,4001.37,4001.68,3999.06,3999.7,272
1784217900,3999.85,4000.42,3998.61,3999.93,272
1784217960,3999.97,4001.06,3999.15,3999.25,273
1784218020,3999.31,3999.94,3997.83,3997.83,248
1784218080,3997.74,3999.4,3997.47,3997.87,263
1784218140,3997.98,3998.93,3997.75,3998.6,270
1784218200,3998.61,3998.72,3996.38,3996.39,252
1784218260,3996.53,3996.62,3995.26,3995.3,264
1784218320,3995.46,3995.46,3993.04,3993.04,285
1784218380,3993.11,3993.12,3991.32,3992.32,286
1784218440,3992.01,3992.45,3990.17,3990.17,247
1784218500,3989.76,3990.9,3988.62,3990.84,296
1784218560,3990.86,3991.52,3988.89,3990.97,286
1784218620,3990.87,3991.36,3989.01,3989.57,259
1784218680,3989.55,3990.43,3987.46,3987.51,268
1784218740,3987.48,3988.85,3985.68,3987.07,282
1784218800,3987.31,3987.44,3982.39,3985.08,310
1784218860,3985.28,3988.85,3985.17,3988.85,294
1784218920,3988.7,3989.02,3986.41,3988.5,263
1784218980,3988.46,3989.22,3987.73,3987.97,270
1784219040,3987.96,3988.21,3986.61,3986.79,265
1784219100,3986.9,3987.12,3985.13,3987.03,295
1784219160,3987.04,3988.03,3985.38,3985.39,276
1784219220,3985.3,3987.4,3985.27,3987.18,268
1784219280,3987.01,3987.16,3985.41,3985.41,270
1784219340,3985.39,3987.54,3984.74,3987.54,279
1784219400,3987.33,3988.6,3987.04,3988.55,274
1784219460,3988.9,3989.71,3988.29,3989.29,251
1784219520,3989.31,3990.03,3988.03,3989.42,259
1784219580,3989.4,3989.4,3987.35,3988.21,262
1784219640,3988.22,3989.66,3988.04,3989.3,259
1784219700,3989.28,3990.97,3989.17,3990.97,244
1784219760,3990.8,3990.94,3989.28,3990.02,251
1784219820,3990.01,3991.32,3990.01,3990.13,243
1784219880,3990.15,3991.38,3989.95,3991.37,267
1784219940,3991.41,3992.05,3990.57,3991.15,242
1784220000,3991.3,3991.65,3989.27,3989.3,254
1784220060,3989.45,3990.44,3988.81,3989.08,240
1784220120,3989.05,3990.5,3988.19,3990.5,218
1784220180,3990.6,3991.26,3990.59,3990.85,146
1784220240,3990.77,3992.53,3990.66,3992.06,228
1784220300,3991.98,3992.11,3990.08,3990.16,260
1784220360,3990.17,3990.92,3989.41,3990.83,249
1784220420,3990.94,3991.31,3990.47,3990.61,213
1784220480,3990.6,3992.42,3990.26,3992.23,227
1784220540,3992.19,3992.74,3991.85,3992.22,211
1784220600,3992.05,3994.6,3991.32,3994.32,262
1784220660,3994.11,3995.73,3994.11,3995.39,237
1784220720,3995.34,3995.46,3994.03,3994.2,232
1784220780,3994.19,3994.8,3993.69,3994.56,237
1784220840,3994.57,3994.9,3993.24,3994.64,238
1784220900,3994.62,3996.96,3994.55,3995.63,266
1784220960,3995.54,3996.05,3994.73,3995.09,247
1784221020,3995.12,3995.28,3994.15,3994.87,220
1784221080,3994.77,3994.87,3993.56,3993.6,222
1784221140,3993.61,3993.83,3991.99,3992.13,224
1784221200,3992.44,3992.44,3990.17,3990.2,245
1784221260,3990.3,3992.95,3990.3,3992.01,228
1784221320,3992.08,3992.33,3990.98,3990.98,230
1784221380,3991.1,3991.71,3990.57,3991.42,210
1784221440,3991.35,3991.54,3990.5,3991.31,216
1784221500,3991.32,3991.57,3989.22,3990.47,209
1784221560,3990.4,3990.59,3989.22,3989.63,221
1784221620,3989.59,3990.36,3989.35,3989.35,223
1784221680,3989.59,3989.93,3988.9,3989.29,229
1784221740,3989.23,3989.26,3987.55,3988.02,231
1784221800,3987.89,3988.64,3986.77,3986.87,214
1784221860,3987.09,3987.26,3985.6,3986.02,250
1784221920,3985.87,3986.91,3985.19,3986.26,262
1784221980,3986.3,3987.38,3985.52,3985.97,237
1784222040,3985.94,3986.65,3984.62,3985.81,253
1784222100,3985.83,3987.27,3985.25,3987.1,272
1784222160,3987.16,3987.18,3986.11,3986.55,248
1784222220,3986.56,3988.21,3986.55,3987.54,224
1784222280,3987.53,3988.07,3987.1,3987.22,221
1784222340,3987.17,3988.17,3986.95,3987.81,234
1784222400,3987.86,3988.74,3987.56,3987.77,206
1784222460,3987.75,3988.73,3987.37,3988.53,207
1784222520,3988.47,3988.79,3987.8,3988.41,184
1784222580,3988.31,3988.51,3987.48,3987.86,200
1784222640,3987.73,3987.73,3985.81,3986.5,254
1784222700,3986.62,3986.67,3982.89,3983.88,286
1784222760,3983.87,3985.39,3983.39,3984.47,248
1784222820,3984.45,3987.47,3984.45,3987.35,265
1784222880,3987.2,3987.58,3986.2,3986.38,236
1784222940,3986.66,3988.51,3986.66,3987.74,298
1784223000,3987.33,3988.68,3987.24,3987.84,253
1784223060,3987.88,3988.23,3986.65,3986.68,221
1784223120,3986.68,3987.48,3984.67,3984.67,229
1784223180,3984.61,3984.86,3983.49,3984.22,247
1784223240,3984.15,3984.72,3983.28,3984.44,247
1784223300,3984.52,3984.58,3982.4,3982.41,197
1784223360,3982.38,3983.75,3981.51,3983,260
1784223420,3983.1,3984.43,3983.1,3984.28,244
1784223480,3984.37,3985.61,3983.93,3984.43,270
1784223540,3984.58,3984.58,3982.04,3982.58,218
1784223600,3982.53,3982.93,3980.99,3981.75,257
1784223660,3981.74,3982.59,3981.13,3982.17,232
1784223720,3982.15,3983.08,3980.29,3980.39,294
1784223780,3980.37,3981.82,3980.22,3981.51,278
1784223840,3981.5,3982.15,3980.87,3981.64,252
1784223900,3981.63,3982.08,3981.16,3981.56,219
1784223960,3981.54,3984.41,3981.35,3984.03,245
1784224020,3984.01,3985.51,3983.85,3984.82,239
1784224080,3984.8,3985.93,3984.62,3985.93,239
1784224140,3986.08,3986.25,3984.77,3984.96,218
1784224200,3985.04,3985.41,3984.43,3985.27,206
1784224260,3985.28,3986.81,3985.18,3985.94,235
1784224320,3985.81,3986.27,3984.52,3986.27,248
1784224380,3986.6,3987.52,3986.29,3987.44,251
1784224440,3987.61,3987.62,3986.62,3986.7,175
1784224500,3986.68,3986.68,3985.46,3985.53,222
1784224560,3985.63,3986.25,3985.04,3986.18,184
1784224620,3986.01,3986.03,3983.77,3983.92,221
1784224680,3983.94,3985.02,3983.94,3985,182
1784224740,3984.99,3985.36,3984.65,3984.66,224
1784224800,3984.84,3986.08,3983.93,3985.92,271
1784224860,3985.78,3986.7,3985.73,3986.65,236
1784224920,3986.64,3986.65,3985.47,3985.83,245
1784224980,3985.82,3986.19,3984.97,3986.19,223
1784225040,3986.29,3986.96,3985.27,3985.57,207
1784225100,3985.45,3986.23,3984.36,3984.65,213
1784225160,3984.6,3984.78,3983.69,3984.59,217
1784225220,3984.6,3986.23,3984.53,3986.06,251
1784225280,3985.99,3987.37,3985.39,3987.37,250
1784225340,3987.42,3988.12,3987.26,3987.26,199
1784225400,3987.24,3989.19,3987.24,3988.17,236
1784225460,3987.95,3989.37,3987.8,3988.27,246
1784225520,3988.42,3989.04,3987.04,3987.1,231
1784225580,3987.18,3987.8,3986.94,3987.8,232
1784225640,3987.92,3987.99,3985.36,3985.36,234
1784225700,3985.31,3985.41,3984.45,3985.11,232
1784225760,3985.13,3988,3985.12,3988,251
1784225820,3988.01,3988.59,3987.36,3987.89,220
1784225880,3987.85,3988.56,3987.75,3987.75,219
1784225940,3987.73,3988.82,3987.39,3988.21,221
1784226000,3988.2,3988.87,3987.68,3988.46,230
1784226060,3988.46,3990.45,3988.35,3990.33,227
1784226120,3990.32,3990.46,3989.66,3989.75,221
1784226180,3989.78,3990.31,3988.59,3988.95,195
1784226240,3988.97,3989.12,3986.88,3986.88,224
1784226300,3986.91,3987.26,3985.94,3986.2,262
1784226360,3986.35,3987.26,3986.25,3986.6,241
1784226420,3986.58,3987.24,3986,3986.31,266
1784226480,3986.49,3987.72,3986.25,3987.06,231
1784226540,3987.1,3987.1,3985.69,3986.5,238
1784226600,3986.56,3986.56,3984.39,3984.65,258
1784226660,3984.72,3984.72,3982.73,3983.15,270
1784226720,3983.68,3983.91,3982.39,3982.9,252
1784226780,3982.83,3983.24,3981.06,3981.52,256
1784226840,3981.49,3981.49,3979.12,3979.31,258
1784226900,3979.27,3979.42,3977.56,3978.59,260
1784226960,3978.56,3978.57,3976.66,3976.88,274
1784227020,3976.94,3979.26,3976.67,3977.34,250
1784227080,3977.23,3977.98,3977.08,3977.67,263
1784227140,3977.82,3978.93,3977.82,3978.59,232
1784227200,3978.28,3980.1,3977.8,3979.98,248
1784227260,3979.99,3981.6,3979.74,3981.16,272
1784227320,3981.17,3981.99,3980.01,3981.99,227
1784227380,3981.99,3983.67,3981.99,3982.78,227
1784227440,3982.79,3983.35,3982.63,3983.18,183
1784227500,3983.17,3984.92,3983.12,3983.69,225
1784227560,3983.81,3984.82,3983.81,3984.13,220
1784227620,3984.27,3984.34,3982.43,3982.43,247
1784227680,3982.46,3983.49,3982.14,3982.69,224
1784227740,3982.71,3983.21,3982.54,3983.02,169
1784227800,3983.01,3983.62,3982.6,3983.62,200
1784227860,3983.66,3984.1,3983.2,3983.48,198
1784227920,3983.54,3983.58,3981.52,3981.57,162
1784227980,3981.39,3981.52,3980.5,3981.22,217
1784228040,3981.2,3981.59,3981.11,3981.29,144
1784228100,3980.89,3982.34,3980.49,3982.05,195
1784228160,3982.06,3982.74,3981.07,3981.14,211
1784228220,3981.2,3981.55,3979.99,3980.05,166
1784228280,3980.12,3980.69,3979.65,3980.69,206
1784228340,3980.48,3980.76,3979.99,3980.38,200
1784228400,3980.46,3982.1,3979.26,3982.1,250
1784228460,3982.26,3982.75,3981.18,3982.09,212
1784228520,3982.06,3985.52,3981.96,3984.99,243
1784228580,3985,3985.34,3984.4,3984.79,195
1784228640,3984.72,3985.57,3984.37,3985.18,209
1784228700,3985.19,3985.53,3984.42,3985.51,194
1784228760,3985.58,3986.15,3983.63,3983.81,235
1784228820,3983.8,3983.86,3982.45,3982.88,230
1784228880,3982.95,3983.35,3982.64,3982.64,210
1784228940,3982.63,3983.21,3982.11,3982.79,177
1784229000,3982.77,3982.77,3980.88,3981.51,265
1784229060,3981.5,3981.52,3979.27,3980.05,239
1784229120,3980.05,3980.21,3979.32,3979.45,246
1784229180,3979.62,3980.02,3979.07,3979.86,208
1784229240,3979.93,3980.7,3979.51,3980.54,179
1784229300,3980.53,3980.86,3980.27,3980.59,208
1784229360,3980.6,3981.46,3980.38,3981.15,221
1784229420,3981.08,3981.68,3980.17,3980.17,194
1784229480,3980.16,3981.91,3980.07,3981.91,175
1784229540,3981.81,3982.79,3981.65,3982.76,184
1784229600,3982.79,3983.56,3982.12,3982.12,217
1784229660,3982.27,3984.08,3982.27,3983.93,198
1784229720,3983.91,3983.97,3981.22,3981.42,200
1784229780,3981.43,3981.93,3980.54,3980.54,144
1784229840,3980.54,3981.36,3980.47,3981.3,183
1784229900,3981.33,3981.92,3980.7,3980.71,198
1784229960,3980.69,3981.06,3978.98,3979.04,185
1784230020,3979.09,3979.61,3978.71,3979.6,183
1784230080,3979.61,3979.91,3979.16,3979.7,180
1784230140,3979.71,3980.4,3978.76,3979.06,200
1784230200,3979.05,3979.62,3977.74,3978.5,238
1784230260,3978.53,3978.53,3976.9,3977.03,202
1784230320,3977.04,3977.23,3976.02,3977.01,249
1784230380,3976.9,3976.92,3975.99,3976.15,259
1784230440,3976.12,3976.82,3974.91,3975.14,262
1784230500,3975.15,3975.29,3970.26,3970.86,284
1784230560,3970.81,3971.55,3970.09,3971.5,258
1784230620,3971.27,3972.09,3970.09,3970.75,248
1784230680,3970.78,3973.02,3969.39,3972.95,278
1784230740,3972.92,3975.39,3972.92,3975.23,251
1784230800,3975.24,3976.51,3975.1,3976.41,249
1784230860,3976.71,3976.72,3975.81,3976.3,226
1784230920,3976.31,3977.32,3976.16,3976.82,202
1784230980,3976.81,3977.27,3976.58,3976.88,200
1784231040,3976.85,3976.85,3975.52,3975.85,211
1784231100,3975.83,3976.36,3974.69,3976.31,239
1784231160,3976.34,3976.8,3975.84,3976.56,230
1784231220,3976.63,3976.93,3974.08,3975,238
1784231280,3975.02,3975.34,3973.19,3973.22,248
1784231340,3973.19,3975.13,3973.11,3975.13,230
1784231400,3975.38,3975.91,3973.95,3975.74,255
1784231460,3975.75,3978.13,3975.66,3978.08,257
1784231520,3978.07,3980,3977.97,3979.73,245
1784231580,3979.77,3982.48,3979.16,3982.3,240
1784231640,3982.2,3982.46,3981.35,3981.53,248
1784231700,3981.55,3981.9,3978.24,3978.24,286
1784231760,3978.25,3978.59,3976.45,3976.85,286
1784231820,3976.84,3979.21,3976.65,3978.64,250
1784231880,3978.43,3979.68,3978.3,3979.11,248
1784231940,3978.88,3980.13,3978.42,3979.99,289
1784232000,3979.66,3980.11,3978.3,3978.39,217
1784232060,3978.31,3978.46,3977.33,3978.23,183
1784232120,3978.41,3978.94,3978.24,3978.29,132
1784232180,3978.27,3978.27,3977.11,3977.68,150
1784232240,3977.65,3978.66,3977.53,3978.13,177
1784232300,3978.02,3978.08,3976.08,3976.72,162
1784232360,3976.73,3976.91,3975.4,3975.46,149
1784232420,3975.66,3976.76,3975.38,3976.74,135
1784232480,3976.73,3976.81,3976.18,3976.32,132
1784232540,3976.26,3976.63,3975.94,3976.34,149
1784232600,3976.32,3976.52,3975.07,3975.91,141
1784232660,3975.81,3976.01,3974.51,3975.94,142
1784232720,3976,3976.64,3975.96,3976.51,143
1784232780,3976.46,3976.46,3975.76,3975.87,80
1784232840,3975.81,3975.81,3974.96,3975.01,103
1784232900,3974.93,3975.27,3974.41,3974.41,105
1784232960,3974.47,3974.5,3973.14,3973.2,120
1784233020,3973.38,3973.97,3973.24,3973.46,114
1784233080,3973.47,3973.99,3973.2,3973.53,141
1784233140,3973.46,3973.56,3972.59,3972.77,112
1784233200,3972.7,3972.71,3971.97,3971.97,160
1784233260,3972,3973.12,3972,3972.87,108
1784233320,3972.86,3973.02,3972.45,3972.88,101
1784233380,3972.86,3973.24,3972.5,3972.5,70
1784233440,3972.52,3972.67,3972.18,3972.67,88
1784233500,3972.69,3973.86,3972.2,3973.72,118
1784233560,3973.74,3975.26,3973.58,3975.1,126
1784233620,3975.09,3975.3,3974.5,3974.91,109
1784233680,3974.91,3974.91,3974.44,3974.78,69
1784233740,3974.85,3974.88,3974.33,3974.88,85
1784233800,3974.98,3974.98,3973.75,3973.82,137
1784233860,3973.86,3974.6,3973.86,3974.42,147
1784233920,3974.43,3974.43,3973.5,3974.21,146
1784233980,3974.2,3974.89,3974.2,3974.53,122
1784234040,3974.52,3975.31,3974.52,3974.89,103
1784234100,3975.17,3975.7,3974.9,3975.34,125
1784234160,3975.36,3976.35,3975.29,3975.57,140
1784234220,3975.59,3976.03,3975.49,3975.92,134
1784234280,3976.03,3976.3,3975.31,3975.78,153
1784234340,3975.83,3975.83,3975,3975.09,99
1784234400,3974.94,3974.94,3974.67,3974.67,58
1784234460,3974.78,3975.4,3974.73,3975.36,92
1784234520,3975.35,3975.39,3975.05,3975.29,66
1784234580,3975.39,3975.45,3974.82,3974.82,44
1784234640,3975,3975.06,3974.42,3974.45,66
1784234700,3974.27,3975.52,3974.27,3975.1,116
1784234760,3975.05,3975.06,3974.38,3975.03,98
1784234820,3974.97,3975.79,3974.96,3975.74,108
1784234880,3975.7,3976.16,3975.42,3975.42,128
1784234940,3975.55,3975.75,3974.55,3974.61,136
1784235000,3974.38,3975.14,3974.19,3974.23,114
1784235060,3974.34,3975.21,3974.2,3974.91,142
1784235120,3974.93,3975.53,3974.83,3975.4,116
1784235180,3975.37,3975.46,3975.08,3975.09,120
1784235240,3975.24,3975.64,3975.24,3975.64,94
1784235300,3975.55,3975.56,3974.94,3974.96,90
1784235360,3974.89,3975.14,3974.77,3974.96,48
1784235420,3974.95,3976.41,3974.95,3976.41,96
1784235480,3976.37,3976.71,3976.32,3976.39,90
1784239320,3977.64,3977.64,3976.69,3977.24,106
1784239380,3977.26,3980.6,3976.8,3980.06,142
1784239440,3980,3980,3978.68,3978.68,128
1784239500,3978.67,3978.67,3976.93,3977.15,139
1784239560,3977.14,3977.48,3976.6,3977.18,121
1784239620,3977.21,3978.12,3976.77,3976.85,118
1784239680,3976.87,3978.31,3976.87,3978.06,85
1784239740,3977.84,3978.17,3977.39,3977.85,128
1784239800,3977.87,3978.11,3976.96,3977.07,125
1784239860,3977.09,3977.09,3976.31,3976.63,117
1784239920,3976.63,3977.59,3976.63,3977.06,102
1784239980,3977.08,3977.14,3976.18,3976.71,146
1784240040,3976.74,3977.27,3975.98,3976.27,167
1784240100,3976.41,3977.43,3976.14,3977.33,134
1784240160,3977.41,3977.59,3975.71,3976.17,159
1784240220,3976.17,3976.44,3975.61,3975.7,138
1784240280,3976.25,3976.63,3975.66,3975.7,145
1784240340,3975.74,3976.21,3975.65,3975.7,95
1784240400,3975.79,3975.91,3975.45,3975.46,92
1784240460,3975.46,3976.09,3975,3975,151
1784240520,3975.02,3975.55,3974.99,3975.11,107
1784240580,3975.15,3975.95,3975.06,3975.66,142
1784240640,3975.64,3975.74,3974.86,3975.13,110
1784240700,3975.16,3976.02,3974.94,3975.79,131
1784240760,3975.8,3975.83,3974.9,3975.1,98
1784240820,3975.12,3975.27,3974.87,3974.89,112
1784240880,3974.89,3975.6,3974.89,3975.53,105
1784240940,3975.53,3976.41,3974.88,3976.41,136
1784241000,3976.43,3976.7,3976.31,3976.48,103
1784241060,3976.52,3976.81,3976.02,3976.04,83
1784241120,3975.99,3976.38,3975.79,3975.85,126
1784241180,3975.88,3976.04,3974.78,3975,104
1784241240,3974.96,3976.1,3974.56,3976.01,148
1784241300,3975.97,3976.35,3975.37,3976.35,131
1784241360,3976.38,3976.7,3976.06,3976.65,116
1784241420,3976.53,3976.97,3976.5,3976.59,145
1784241480,3976.6,3976.87,3976.21,3976.63,107
1784241540,3976.64,3976.67,3975.63,3975.9,132
1784241600,3975.89,3976.23,3975.77,3976.18,105
1784241660,3976.16,3976.35,3975.94,3975.97,91
1784241720,3975.97,3975.97,3975.48,3975.76,91
1784241780,3975.78,3975.84,3975.25,3975.28,114
1784241840,3975.27,3975.36,3973.62,3973.62,136
1784241900,3973.64,3973.84,3973.3,3973.75,131
1784241960,3973.78,3974.21,3973.75,3974.08,126
1784242020,3974.26,3974.41,3973.98,3973.98,103
1784242080,3973.99,3973.99,3973.65,3973.91,109
1784242140,3973.91,3973.92,3973.6,3973.64,116
1784242200,3973.63,3975.03,3973.63,3975,123
1784242260,3975.02,3975.16,3974.96,3975.11,89
1784242320,3975.21,3975.29,3975.04,3975.14,117
1784242380,3975.16,3975.38,3974.71,3975.25,95
1784242440,3975.28,3975.36,3975.05,3975.17,48
1784242500,3975.25,3976.49,3975.25,3976.17,123
1784242560,3976.28,3976.42,3976.16,3976.16,82
1784242620,3976.14,3976.24,3975.89,3976.23,100
1784242680,3976.27,3977.38,3976.2,3977.38,114
1784242740,3977.4,3978.39,3977.17,3978.3,134
1784242800,3978.36,3978.51,3975.2,3977.42,227
1784242860,3977.4,3977.9,3977.06,3977.79,186
1784242920,3977.78,3978.72,3977.75,3978.17,139
1784242980,3978.18,3978.37,3977.57,3978.15,127
1784243040,3978.15,3978.82,3978.15,3978.4,132
1784243100,3978.28,3978.92,3977.99,3978.26,182
1784243160,3978.31,3978.78,3978.16,3978.22,158
1784243220,3978.15,3978.84,3977.95,3978.77,92
1784243280,3978.77,3979.21,3978.76,3978.82,112
1784243340,3978.8,3979.32,3978.39,3978.55,145
1784243400,3978.56,3978.92,3978.4,3978.92,149
1784243460,3978.58,3978.61,3978.06,3978.24,110
1784243520,3978.24,3979.19,3978.08,3979.16,111
1784243580,3979.21,3979.98,3979.21,3979.98,127
1784243640,3979.93,3980.3,3979.76,3980.16,140
1784243700,3980.12,3980.49,3980.02,3980.41,158
1784243760,3980.38,3980.54,3979.75,3979.81,138
1784243820,3979.82,3979.86,3978.94,3979.2,149
1784243880,3979.19,3979.66,3979.03,3979.1,142
1784243940,3979.09,3979.33,3978.99,3979.11,130
1784244000,3979.12,3979.15,3978.09,3978.47,139
1784244060,3978.57,3979,3978.37,3978.97,126
1784244120,3978.96,3978.98,3978.27,3978.3,120
1784244180,3978.19,3978.57,3977.74,3978.26,118
1784244240,3978.24,3978.61,3978.02,3978.41,116
1784244300,3978.41,3978.93,3978.41,3978.71,142
1784244360,3978.66,3980.15,3978.55,3980.09,126
1784244420,3979.96,3980.61,3979.89,3979.93,136
1784244480,3979.88,3980.06,3978.92,3978.93,97
1784244540,3978.94,3978.94,3978.46,3978.47,131
1784244600,3978.61,3978.61,3977.47,3977.95,122
1784244660,3977.94,3978.74,3976.78,3976.78,156
1784244720,3976.8,3977.15,3975.82,3976.07,171
1784244780,3976.05,3977.95,3975.73,3977.7,139
1784244840,3977.72,3978.05,3977.35,3977.38,102
1784244900,3977.41,3979.78,3977.41,3979.53,163
1784244960,3979.54,3979.67,3979.24,3979.53,107
1784245020,3979.51,3980.55,3979.42,3980.35,136
1784245080,3980.19,3981.02,3980,3980.51,155
1784245140,3980.49,3980.51,3979.49,3979.61,131
1784245200,3979.64,3981.03,3979.64,3980.8,133
1784245260,3980.79,3981.58,3979.88,3981.27,146
1784245320,3981.2,3981.74,3981.01,3981.74,113
1784245380,3981.64,3981.89,3981.5,3981.61,100
1784245440,3981.23,3981.53,3980.67,3981.52,121
1784245500,3981.61,3981.61,3977.61,3977.95,220
1784245560,3977.98,3978.49,3977.77,3978.13,207
1784245620,3978.12,3979.77,3978.12,3978.6,170
1784245680,3978.52,3978.6,3976.69,3977.3,211
1784245740,3977.22,3978.52,3977.16,3978.52,172
1784245800,3978.5,3980.2,3978.5,3980.1,193
1784245860,3980.04,3980.2,3979.95,3980.06,154
1784245920,3980.07,3980.84,3979.9,3979.99,167
1784245980,3979.82,3979.93,3979.41,3979.55,155
1784246040,3979.54,3980.56,3979.05,3980.43,162
1784246100,3980.33,3981.05,3980.33,3980.75,155
1784246160,3980.74,3981.83,3980.74,3981.82,197
1784246220,3981.76,3984.03,3981.35,3983.76,213
1784246280,3983.74,3984.69,3983.25,3984.64,195
1784246340,3984.62,3986.42,3984.62,3985.97,200
1784246400,3986.35,3986.92,3983.52,3985.32,282
1784246460,3985.37,3985.66,3984.17,3984.17,256
1784246520,3984.15,3985.2,3984.13,3984.76,246
1784246580,3984.63,3985.87,3984.36,3985.52,243
1784246640,3985.39,3986.55,3984.91,3985.04,251
1784246700,3985.07,3985.65,3983.86,3985.62,256
1784246760,3985.55,3985.55,3983.52,3984.61,264
1784246820,3984.61,3985.64,3984.3,3984.72,233
1784246880,3984.69,3987.3,3984.69,3987.09,250
1784246940,3987.06,3987.06,3985.46,3986.03,223
1784247000,3985.96,3986.97,3984.33,3984.78,209
1784247060,3985.2,3985.51,3984.54,3985.1,242
1784247120,3985.07,3986.38,3983.96,3986.2,225
1784247180,3986.23,3986.94,3984.07,3984.08,222
1784247240,3984.24,3984.43,3983.22,3983.22,243
1784247300,3983.87,3985.49,3983.86,3985.48,254
1784247360,3985.54,3986.29,3984.67,3986.27,252
1784247420,3986.26,3989.92,3985.44,3989.92,235
1784247480,3989.76,3990.93,3987.79,3987.8,243
1784247540,3988.16,3988.44,3987.71,3988.07,211
1784247600,3987.9,3989.06,3987.29,3988.94,240
1784247660,3988.93,3989.85,3988.39,3989.22,252
1784247720,3989.21,3990.22,3989.03,3989.84,242
1784247780,3989.98,3990.34,3988.32,3988.32,252
1784247840,3988.13,3988.69,3986.81,3986.81,240
1784247900,3986.55,3986.61,3984.92,3985.53,242
1784247960,3985.49,3986.04,3984.88,3985.92,218
1784248020,3985.91,3986.3,3984.67,3985.82,201
1784248080,3985.81,3986.39,3985.41,3985.93,224
1784248140,3985.72,3986.17,3984.23,3984.89,235
1784248200,3984.9,3985.06,3982.41,3982.44,240
1784248260,3982.65,3983.58,3981.24,3982.85,244
1784248320,3982.88,3984.83,3982.45,3982.45,222
1784248380,3982.44,3983.86,3982.41,3982.59,202
1784248440,3982.42,3982.42,3980.72,3981.43,221
1784248500,3981.4,3982.93,3981.09,3982.35,188
1784248560,3982.09,3983.87,3982.09,3983.58,209
1784248620,3983.55,3983.95,3982.83,3983.78,168
1784248680,3983.88,3984.63,3983.6,3984.16,184
1784248740,3984.18,3984.18,3981.37,3981.37,204
1784248800,3981.36,3982.84,3981.36,3981.61,202
1784248860,3981.42,3982.01,3980.95,3981.64,192
1784248920,3981.62,3982.39,3980.92,3982.36,195
1784248980,3982.37,3982.49,3981.18,3981.58,206
1784249040,3981.55,3982,3980.7,3982,218
1784249100,3982.01,3984.1,3981.64,3983.9,264
1784249160,3983.35,3987.38,3983.17,3986.83,279
1784249220,3986.72,3987.07,3986.12,3986.71,216
1784249280,3986.72,3987.4,3985.17,3986.07,217
1784249340,3986.08,3987.29,3986.05,3986.46,217
1784249400,3986.41,3987.83,3985.93,3987.36,236
1784249460,3987.36,3988.36,3986.73,3988,232
1784249520,3987.79,3988,3986.98,3987.77,210
1784249580,3987.7,3988.44,3987.43,3987.48,210
1784249640,3987.43,3987.57,3986.06,3987.24,245
1784249700,3987.22,3988.8,3986.07,3988.8,239
1784249760,3988.76,3989.01,3987.49,3987.5,202
1784249820,3987.49,3988.84,3986.83,3988.79,227
1784249880,3988.81,3990.77,3988.81,3989.64,179
1784249940,3989.76,3992.04,3989.76,3991.97,220
1784250000,3992.01,3992.08,3987.83,3990.6,305
1784250060,3990.42,3990.83,3987.93,3989.99,299
1784250120,3990.06,3992.19,3987.42,3988.17,291
1784250180,3988.2,3989.75,3988.16,3989.33,277
1784250240,3989.33,3989.58,3988.06,3988.56,283
1784250300,3988.54,3991.66,3988.48,3991.66,289
1784250360,3991.74,3995,3991.25,3991.52,276
1784250420,3991.41,3992.63,3990.27,3991.97,286
1784250480,3991.97,3993.58,3990.8,3991.45,277
1784250540,3991.54,3991.62,3988.77,3990.73,299
1784250600,3990.68,3991.61,3989.26,3989.82,284
1784250660,3989.79,3990.57,3988.67,3989.87,293
1784250720,3989.72,3993.44,3989.35,3991.89,276
1784250780,3991.94,3992.55,3991.1,3991.55,267
1784250840,3991.6,3992.28,3990.64,3992.22,247
1784250900,3992.18,3993.82,3991.44,3992.12,292
1784250960,3992,3994.69,3991.02,3993.28,281
1784251020,3993.3,3995.92,3993.11,3995.63,261
1784251080,3995.62,3996.04,3994.12,3994.24,253
1784251140,3994.35,3994.99,3993.51,3993.77,258
1784251200,3993.75,3995.4,3993.71,3994.16,256
1784251260,3994.1,3994.81,3993.41,3993.86,232
1784251320,3993.9,3994.08,3991.08,3991.61,277
1784251380,3991.93,3992.01,3989.77,3990.25,281
1784251440,3990.47,3990.74,3989.27,3990.61,247
1784251500,3990.62,3991.13,3989.89,3990.11,254
1784251560,3990.14,3990.72,3988.98,3989.24,283
1784251620,3989.24,3989.77,3988.1,3989.12,268
1784251680,3989.01,3991.66,3989.01,3991.66,265
1784251740,3991.63,3992.01,3990.62,3991.02,246
1784251800,3991.03,3991.88,3990.12,3990.48,272
1784251860,3990.15,3990.48,3989.05,3990.43,269
1784251920,3990.47,3991.87,3988.98,3989.15,270
1784251980,3989.23,3991.32,3988.89,3991.32,257
1784252040,3991.33,3992.89,3990.76,3992.66,249
1784252100,3992.63,3993.3,3992.12,3992.76,266
1784252160,3992.49,3993.91,3991.16,3991.78,269
1784252220,3991.83,3995.34,3991.76,3995.21,278
1784252280,3995.21,3995.38,3994.19,3994.21,264
1784252340,3994.08,3995.24,3992.58,3992.58,262
1784252400,3992.37,3992.64,3991.26,3992.08,255
1784252460,3992.08,3992.72,3990.28,3990.77,250
1784252520,3990.6,3993.37,3990.43,3993.36,255
1784252580,3993.38,3994.65,3992.7,3992.7,265
1784252640,3992.69,3993.26,3991.32,3991.43,246
1784252700,3991.33,3992.65,3990.16,3990.37,271
1784252760,3990.63,3991.02,3988.27,3989.1,287
1784252820,3989.12,3989.12,3985.94,3986.57,296
1784252880,3986.68,3987.77,3985.88,3986.3,282
1784252940,3986.31,3986.38,3983.93,3984.07,284
1784253000,3984.05,3985.11,3983.27,3984.44,294
1784253060,3984.24,3984.26,3980.14,3980.56,288
1784253120,3980.45,3982.71,3980.15,3981.56,298
1784253180,3981.5,3982.12,3980.5,3981.12,274
1784253240,3981.19,3982.25,3979.56,3979.95,279
1784253300,3979.96,3980.66,3979.26,3979.94,266
1784253360,3979.77,3982.56,3979.24,3982.14,274
1784253420,3982.24,3982.98,3981.21,3982.23,238
1784253480,3982.03,3982.6,3981.48,3982.17,265
1784253540,3982.16,3983.33,3981.81,3983.2,230
1784253600,3983.43,3986.37,3983.11,3986.37,263
1784253660,3986.14,3987.32,3984.64,3984.68,247
1784253720,3984.76,3985.56,3983.92,3984.22,256
1784253780,3984.1,3985.02,3981.8,3982.35,265
1784253840,3982.3,3983.38,3981.73,3983.25,271
1784253900,3983.23,3983.24,3981.94,3982.4,245
1784253960,3982.51,3982.84,3981.08,3982.18,254
1784254020,3981.94,3982.84,3980.45,3982.71,252
1784254080,3982.67,3983.23,3981.91,3982.97,249
1784254140,3983.05,3983.26,3980.14,3980.17,258
1784254200,3980.2,3980.93,3979.88,3980.91,201
1784254260,3980.87,3982,3980.73,3981.77,220
1784254320,3981.5,3981.64,3979.98,3980.71,258
1784254380,3980.71,3981.32,3980.57,3980.92,232
1784254440,3981.03,3981.64,3980.52,3980.96,244
1784254500,3980.95,3982.19,3980.51,3982.19,199
1784254560,3982.22,3983.46,3982.22,3982.56,250
1784254620,3982.64,3984.22,3982.32,3983.98,222
1784254680,3983.96,3983.97,3982.11,3982.46,186
1784254740,3982.7,3983.47,3982.31,3983.27,195
1784254800,3983.36,3983.85,3982.58,3982.91,215
1784254860,3982.77,3982.92,3981.43,3981.69,209
1784254920,3981.69,3982.17,3981.1,3982.16,190
1784254980,3982.29,3983.45,3982.18,3983.25,181
1784255040,3983.21,3983.79,3983.1,3983.76,212
1784255100,3983.72,3984.43,3982.39,3982.81,207
1784255160,3982.81,3983.08,3981.82,3982.96,201
1784255220,3982.98,3983.74,3981.91,3981.91,218
1784255280,3981.9,3982.1,3980.84,3981.47,207
1784255340,3981.49,3983.53,3981.49,3983.12,193
1784255400,3982.71,3983.44,3980.54,3981.88,289
1784255460,3981.88,3984.13,3981.11,3981.11,271
1784255520,3981.07,3981.2,3978.42,3980.46,282
1784255580,3980.42,3980.71,3977.18,3977.36,285
1784255640,3977.62,3977.94,3976.2,3977.61,271
1784255700,3977.66,3978.38,3977.54,3978.04,226
1784255760,3978.04,3978.85,3975.08,3975.08,273
1784255820,3975.06,3975.52,3972.15,3973.16,279
1784255880,3972.89,3973.86,3970.89,3972.4,289
1784255940,3972.49,3973.31,3971.25,3973.3,280
1784256000,3973.44,3974.34,3973.05,3974.02,284
1784256060,3974.04,3975.59,3973.75,3975.01,244
1784256120,3975.02,3975.7,3972.63,3973.43,271
1784256180,3973.42,3976.75,3973.33,3976.37,269
1784256240,3976.31,3976.41,3974.95,3974.95,234
1784256300,3974.96,3976.59,3974.86,3976.49,265
1784256360,3976.5,3976.78,3974.43,3976.03,280
1784256420,3976.09,3979.35,3976.09,3978.46,280
1784256480,3978.39,3979.36,3977.57,3977.93,268
1784256540,3977.65,3978.62,3976.61,3977.55,268
1784256600,3977.52,3978.62,3976.37,3976.37,269
1784256660,3976.45,3977.23,3974.99,3976.88,253
1784256720,3976.99,3978.06,3976.75,3977.67,267
1784256780,3977.63,3978.53,3977.29,3977.47,239
1784256840,3977.42,3978.89,3977.36,3978.1,228
1784256900,3978.06,3980.14,3977.67,3979.02,266
1784256960,3979.09,3979.24,3977.06,3979.17,238
1784257020,3979.12,3979.97,3978.74,3979.5,210
1784257080,3979.51,3979.78,3978.33,3978.33,205
1784257140,3978.2,3979.24,3977.07,3979.24,267
1784257200,3979,3980.08,3978.84,3980.05,245
1784257260,3980.04,3980.88,3979.71,3980.33,236
1784257320,3980.71,3985.49,3980.71,3985.25,295
1784257380,3985.25,3986.51,3984.64,3986.18,273
1784257440,3986.21,3989.65,3986.08,3989.13,247
1784257500,3989.08,3990.17,3988.15,3989.97,269
1784257560,3989.98,3990.36,3989.28,3990.18,279
1784257620,3990.32,3992.58,3989.58,3989.79,283
1784257680,3989.97,3990.54,3989,3989.35,275
1784257740,3989.34,3990.66,3989.34,3990.38,247
1784257800,3990.26,3990.41,3988.34,3988.7,275
1784257860,3988.69,3990.38,3987.72,3990.32,242
1784257920,3990.35,3990.63,3988.5,3989.06,218
1784257980,3989,3989.76,3988.2,3989.51,233
1784258040,3989.47,3989.72,3988.57,3988.81,216
1784258100,3988.82,3991.79,3988.68,3991.78,267
1784258160,3991.77,3993.48,3991.77,3992.08,259
1784258220,3992.12,3994.61,3992.12,3993.21,250
1784258280,3993.19,3997.59,3993.19,3996.48,267
1784258340,3996.54,4002.6,3996.54,4002.54,273
1784258400,4002.57,4008.66,4002.56,4005.21,298
1784258460,4005,4007.12,4004.42,4005.81,278
1784258520,4005.8,4005.8,4003.16,4004.95,306
1784258580,4004.96,4008.2,4004.46,4006.32,291
1784258640,4005.95,4006.07,4003.09,4003.27,251
1784258700,4002.99,4003.92,4002.75,4002.77,265
1784258760,4002.74,4002.96,4001.33,4002.34,253
1784258820,4002.37,4002.42,4000.61,4001.75,246
1784258880,4001.73,4001.92,3998.85,3998.94,231
1784258940,3998.99,4001.42,3998.91,4001.16,226
1784259000,4001,4001.39,3999.39,3999.74,225
1784259060,3999.75,4000.19,3998.67,3999.24,209
1784259120,3999.24,4000.61,3999.04,4000.27,172
1784259180,3999.72,4000,3997.28,3997.67,218
1784259240,3997.55,3998.11,3996.03,3998.11,215
1784259300,3998.09,3999.35,3998.09,3999.24,175
1784259360,3999.23,3999.26,3997.56,3998.48,176
1784259420,3998.47,3998.58,3997.12,3998.49,187
1784259480,3998.97,4000.39,3998.18,3998.27,178
1784259540,3998.24,3999.76,3998.24,3999.17,187
1784259600,3999.55,4000.12,3996.44,3997.5,187
1784259660,3997.49,3998.09,3996.86,3997,193
1784259720,3996.88,3997.33,3996.34,3996.75,177
1784259780,3996.77,3997.03,3996.38,3996.93,144
1784259840,3996.85,3997.52,3996.65,3997.5,139
1784259900,3997.69,3998.64,3997.53,3997.73,184
1784259960,3997.74,3997.99,3996.63,3997.04,182
1784260020,3996.95,3997.58,3996.89,3997.05,144
1784260080,3997.05,3997.07,3994.9,3994.92,171
1784260140,3994.87,3995.31,3994.56,3994.97,195
1784260200,3995.01,3995.98,3994.83,3994.83,143
1784260260,3994.78,3995.58,3994.64,3994.64,173
1784260320,3994.7,3994.7,3992.92,3993.43,184
1784260380,3993.42,3994.2,3993.01,3993.03,181
1784260440,3993.03,3994.37,3992.83,3993.36,191
1784260500,3993.36,3993.36,3992.47,3993.33,161
1784260560,3993.28,3993.48,3990.9,3991.13,202
1784260620,3991.07,3991.81,3990.67,3991.46,165
1784260680,3991.47,3992.2,3991.12,3991.8,183
1784260740,3991.66,3991.98,3990.82,3991.43,168
1784260800,3991.37,3991.71,3989.56,3989.74,190
1784260860,3989.73,3990.67,3989.35,3990.08,193
1784260920,3990.28,3990.44,3989.21,3989.49,210
1784260980,3989.51,3989.95,3988.7,3989.95,170
1784261040,3989.96,3990.7,3989.15,3989.59,181
1784261100,3989.55,3990.16,3989.35,3989.9,152
1784261160,3990,3990.34,3989.63,3989.72,160
1784261220,3989.74,3990.45,3989.35,3990.33,185
1784261280,3990.36,3990.38,3988.6,3989.38,178
1784261340,3989.34,3989.45,3987.55,3987.79,211
1784261400,3987.65,3989.56,3987.65,3988.61,198
1784261460,3988.48,3988.84,3987.88,3988.56,206
1784261520,3988.7,3989.31,3987.51,3988.23,179
1784261580,3988.46,3988.9,3987.39,3988.9,196
1784261640,3989.06,3989.56,3988.57,3988.81,219
1784261700,3988.84,3990.14,3988.09,3989.6,197
1784261760,3989.58,3989.61,3988.03,3988.03,183
1784261820,3988.02,3988.21,3986.69,3987.72,188
1784261880,3987.63,3988.55,3987.54,3988.28,176
1784261940,3988.27,3989.42,3988.07,3988.84,199
1784262000,3988.86,3990.19,3988.85,3989.62,194
1784262060,3989.63,3990.01,3986.91,3987.55,207
1784262120,3987.54,3988.08,3987.46,3987.9,184
1784262180,3987.96,3988.18,3985.96,3986.31,179
1784262240,3986.3,3987.34,3986.16,3986.81,194
1784262300,3986.72,3986.89,3985.27,3986.85,184
1784262360,3986.73,3987.1,3986.09,3986.61,189
1784262420,3986.43,3986.64,3985.58,3986.22,208
1784262480,3986.13,3986.75,3985.53,3986.12,212
1784262540,3986.11,3986.42,3985.26,3986.3,201
1784262600,3986.3,3987.73,3986.23,3986.87,220
1784262660,3986.88,3988.14,3986.65,3987.31,201
1784262720,3987.29,3987.3,3985.81,3986.19,198
1784262780,3986.12,3986.55,3985.15,3985.57,162
1784262840,3985.74,3985.82,3983.87,3985.04,216
1784262900,3985.08,3986.28,3985.08,3986.01,220
1784262960,3986.1,3986.38,3984.29,3984.44,216
1784263020,3984.39,3984.53,3983.94,3984.15,212
1784263080,3984.15,3984.31,3981.12,3982.78,215
1784263140,3983.07,3983.79,3982.84,3983.52,212
1784263200,3983.53,3983.81,3981.91,3982.01,186
1784263260,3982.02,3982.25,3980.22,3980.75,232
1784263320,3980.54,3981.63,3980.51,3980.89,213
1784263380,3980.92,3981.6,3980.49,3981.05,179
1784263440,3981.01,3982.04,3980.48,3982.01,166
1784263500,3982.02,3982.79,3981.71,3982.53,201
1784263560,3982.5,3983.64,3982.47,3983.46,172
1784263620,3983.38,3983.66,3983,3983.3,189
1784263680,3983.28,3984.61,3982.94,3984.25,201
1784263740,3984.07,3984.07,3981.97,3981.97,215
1784263800,3981.92,3982.52,3981.67,3981.7,177
1784263860,3981.28,3981.37,3980.29,3980.83,191
1784263920,3980.95,3982.2,3980.91,3982.2,124
1784263980,3981.96,3982.18,3980.98,3981.14,167
1784264040,3981.19,3981.65,3981,3981.13,129
1784264100,3981.16,3982.07,3981.16,3982.05,158
1784264160,3982.04,3982.04,3981.12,3981.52,133
1784264220,3981.54,3981.83,3981.45,3981.67,167
1784264280,3981.68,3982,3981.59,3981.78,160
1784264340,3981.79,3982,3981.53,3981.8,139
1784264400,3981.7,3982.03,3981.02,3981.51,213
1784264460,3981.53,3982.78,3981.13,3981.3,203
1784264520,3981.28,3981.28,3979.93,3980.62,213
1784264580,3980.62,3981.91,3980.53,3981.69,219
1784264640,3981.7,3982.74,3981.53,3982.72,204
1784264700,3982.79,3982.79,3979.47,3979.71,219
1784264760,3979.68,3980.03,3977.87,3978.42,225
1784264820,3978.39,3979.79,3978.05,3979.24,212
1784264880,3979.27,3979.7,3978.45,3978.46,181
1784264940,3978.5,3978.9,3977.24,3978.24,216
1784265000,3978.22,3979.78,3978.19,3979.08,216
1784265060,3979.09,3979.87,3978.62,3979.6,208
1784265120,3979.58,3979.98,3978.86,3979.42,215
1784265180,3979.51,3980.82,3979.45,3980.65,211
1784265240,3980.64,3981.17,3979.58,3979.72,179
1784265300,3979.72,3979.9,3978.62,3978.62,177
1784265360,3978.33,3978.57,3976.27,3976.76,225
1784265420,3976.76,3980.14,3976.76,3979.97,261
1784265480,3979.97,3980.31,3978.18,3978.71,214
1784265540,3978.7,3978.7,3976,3976.03,228
1784265600,3975.92,3978.8,3975.45,3978.52,256
1784265660,3978.48,3980.1,3978.19,3979.85,210
1784265720,3980.01,3980.01,3978.56,3979.19,222
1784265780,3979.19,3979.59,3978.09,3978.33,209
1784265840,3978.25,3979.58,3978.07,3979.13,204
1784265900,3979.16,3979.38,3978.08,3978.55,255
1784265960,3978.41,3979.72,3978,3979.72,174
1784266020,3979.7,3980.95,3979.4,3980.78,223
1784266080,3980.77,3981.7,3980.36,3981.45,218
1784266140,3981.3,3981.45,3979.22,3979.9,246
1784266200,3979.88,3986.31,3978.48,3984.88,310
1784266260,3984.3,3985.38,3982.94,3983.11,283
1784266320,3983.19,3986.24,3981.76,3986.01,302
1784266380,3985.91,3986.1,3983.45,3983.89,278
1784266440,3983.9,3984.92,3982.64,3982.71,276
1784266500,3982.85,3984.44,3981.58,3984.02,307
1784266560,3984,3984.65,3982.11,3983.66,279
1784266620,3983.93,3984.35,3981.82,3982.91,259
1784266680,3982.9,3984.6,3981.98,3984.08,248
1784266740,3984.1,3985.96,3983.44,3985.87,262
1784266800,3986.01,3986.58,3984.68,3985.38,276
1784266860,3985.54,3990.46,3985.45,3989.21,286
1784266920,3989.19,3989.43,3987.57,3988.84,266
1784266980,3988.85,3988.98,3986.73,3986.91,259
1784267040,3986.98,3988.08,3986.6,3986.78,243
1784267100,3986.74,3986.78,3981.95,3982.36,269
1784267160,3982.46,3983.69,3982.08,3982.36,252
1784267220,3982.33,3985.76,3982.25,3985.72,263
1784267280,3985.66,3989.17,3985.66,3988.67,264
1784267340,3988.77,3989.28,3988.03,3988.07,280
1784267400,3988.18,3988.27,3987.26,3987.76,257
1784267460,3987.77,3989.68,3987.56,3989.13,260
1784267520,3989.12,3991.44,3989.06,3991.12,272
1784267580,3991.06,3991.26,3988.69,3988.76,256
1784267640,3988.31,3990.12,3987.57,3989.92,235
1784267700,3989.71,3990.01,3988.39,3988.97,259
1784267760,3988.93,3989.61,3988.37,3988.58,242
1784267820,3988.58,3988.67,3987.4,3987.62,249
1784267880,3987.82,3989,3986.99,3987.17,250
1784267940,3987.21,3987.25,3984.6,3985.04,253
1784268000,3985.12,3988,3985.12,3988,267
1784268060,3987.68,3989.06,3987.28,3988.2,277
1784268120,3988.2,3992.12,3987.67,3991.34,293
1784268180,3991.18,3991.53,3989.76,3989.99,274
1784268240,3990.31,3991.98,3989.89,3991.98,265
1784268300,3992.1,3993.06,3990.47,3992.37,271
1784268360,3991.85,3992.39,3990.65,3990.94,241
1784268420,3990.92,3991.03,3988.63,3988.82,253
1784268480,3988.83,3990.08,3988.53,3989,253
1784268540,3989.04,3989.23,3988.16,3988.66,230
1784268600,3988.67,3994.93,3988.67,3994.48,281
1784268660,3994.83,4000.21,3994.57,3997.37,306
1784268720,3997.49,3999.63,3997.39,3998.34,272
1784268780,3998.54,4000.88,3998.04,3999.09,257
1784268840,3999.15,4000.4,3999.09,3999.64,261
1784268900,3999.68,3999.84,3998.35,3998.53,277
1784268960,3998.52,3999.59,3998.02,3998.81,252
1784269020,3998.81,3999.5,3997.91,3999.21,244
1784269080,3999.45,4002.16,3999.45,4001.31,257
1784269140,4001.5,4002.53,4001.13,4002.14,250
1784269200,4002.19,4004.32,4001.99,4003.74,258
1784269260,4003.41,4004.32,4003.26,4004.2,238
1784269320,4004.57,4004.95,4001.94,4004.38,262
1784269380,4004.53,4006.04,4002.63,4002.63,240
1784269440,4002.9,4003.83,4002.65,4003.7,233
1784269500,4003.54,4003.73,4001.67,4002.19,255
1784269560,4002.15,4005.3,4002.14,4004.71,274
1784269620,4004.57,4004.57,4002.98,4003.49,246
1784269680,4003.31,4003.32,4001,4002.12,259
1784269740,4001.99,4005.01,4001.99,4004.39,269
1784269800,4003.87,4006.58,4003.77,4005.22,283
1784269860,4005.45,4005.9,4004.02,4004.91,264
1784269920,4005.07,4005.74,4003.89,4004.85,248
1784269980,4004.88,4007.2,4004.2,4007.05,240
1784270040,4007.04,4007.04,4004.72,4004.72,219
1784270100,4004.82,4004.87,4002.57,4002.85,251
1784270160,4002.86,4003.13,4001.14,4001.2,252
1784270220,4001.28,4001.28,3999.93,3999.94,252
1784270280,4000.03,4000.59,3998.81,3999.32,242
1784270340,3999.41,3999.89,3998.78,3999.8,210
1784270400,3999.88,4000.12,3996.61,3997.04,255
1784270460,3997.13,3997.83,3996.58,3997.21,229
1784270520,3997.2,3999.15,3997.02,3998.64,238
1784270580,3998.27,3998.71,3996.95,3997.08,227
1784270640,3997.11,3997.47,3995.8,3996.3,241
1784270700,3996.32,3997.25,3996.06,3996.93,220
1784270760,3996.89,3998.49,3996.73,3997.38,223
1784270820,3997.4,3998.86,3997.11,3998.69,208
1784270880,3998.63,4000,3997.66,4000,217
1784270940,3999.71,3999.92,3997.87,3997.87,198
1784271000,3997.9,3999.43,3997.85,3999.4,198
1784271060,3999.12,3999.25,3997.16,3998.54,232
1784271120,3998.25,3998.31,3996.74,3997.01,215
1784271180,3996.92,3997.65,3996.57,3997.13,241
1784271240,3997.23,3997.51,3996.83,3997.34,219
1784271300,3997.31,3999.18,3997.31,3999.12,247
1784271360,3999.35,4000.52,3998.76,3999.59,245
1784271420,3999.69,4001.57,3999.52,4001.33,231
1784271480,4001.31,4001.55,3999.38,4000.06,221
1784271540,4000.08,4000.23,3998.68,3999.46,235
1784271600,3999.26,4000.04,3996.98,4000,273
1784271660,3999.96,4001.26,3999.72,4000.83,264
1784271720,4000.76,4001.61,3999.88,4000.89,255
1784271780,4000.61,4002.33,4000.36,4001.76,257
1784271840,4002,4002.58,4000.78,4000.9,262
1784271900,4000.91,4001.83,3999.45,4000.51,254
1784271960,4000.45,4000.79,3999.42,3999.71,214
1784272020,3999.69,3999.86,3995.81,3996.33,248
1784272080,3996.26,3996.48,3994.66,3995.78,233
1784272140,3995.79,3995.94,3994.89,3995.05,197
1784272200,3995.3,3996.35,3994.19,3994.2,250
1784272260,3994.21,3995.04,3993.46,3994.56,223
1784272320,3994.54,3995.49,3994.49,3994.62,234
1784272380,3995.03,3995.85,3994.38,3994.55,238
1784272440,3994.66,3997.02,3994.46,3996.55,227
1784272500,3996.55,3997.21,3996.28,3997.07,194
1784272560,3997.08,3999.35,3996.77,3999.17,240
1784272620,3999.1,3999.18,3998.29,3998.66,209
1784272680,3998.61,3999.06,3997.73,3997.75,203
1784272740,3997.73,3997.94,3995.98,3997.12,200
1784272800,3997.16,3997.3,3995.13,3995.4,225
1784272860,3995.37,3995.37,3994.31,3994.69,224
1784272920,3994.85,3996.27,3994.17,3996.27,214
1784272980,3996.31,3997.52,3996.29,3996.56,219
1784273040,3996.53,3997.22,3995.54,3997.21,220
1784273100,3997.25,3997.54,3996.11,3996.2,228
1784273160,3996.15,3997.91,3996.1,3997.76,237
1784273220,3997.58,3998.15,3997.34,3997.47,195
1784273280,3997.59,3998.05,3996.16,3996.16,181
1784273340,3996.25,3997,3995.66,3996.35,236
1784273400,3996.37,3997.11,3995.21,3996.91,216
1784273460,3996.92,3998.17,3996.81,3997.05,223
1784273520,3996.79,3998.09,3996.15,3998.09,196
1784273580,3998.07,3998.11,3996.86,3997.76,172
1784273640,3997.67,3997.72,3996.15,3996.38,205
1784273700,3996.55,3996.67,3995.58,3996.33,193
1784273760,3996.31,3996.9,3995.68,3996.33,217
1784273820,3996.42,3996.51,3994.12,3994.41,202
1784273880,3994.49,3996.22,3994.49,3995.85,193
1784273940,3995.85,3996.97,3995.68,3996.87,173
1784274000,3996.86,3997.5,3995.55,3995.55,188
1784274060,3995.57,3996.04,3995.38,3995.55,204
1784274120,3995.6,3995.8,3994.26,3994.66,171
1784274180,3994.52,3995.99,3994.24,3995.99,168
1784274240,3995.9,3998.73,3995.75,3998.73,204
1784274300,3998.71,3998.75,3995.92,3996.44,204
1784274360,3996.31,3996.78,3995.88,3996.06,197
1784274420,3995.96,3996.9,3995.77,3996.69,194
1784274480,3996.86,3998.09,3996.86,3996.98,176
1784274540,3996.96,3996.96,3995.97,3996.4,163
1784274600,3996.35,3996.84,3996.25,3996.37,154
1784274660,3996.38,3997.48,3995.61,3995.82,204
1784274720,3995.85,3996.17,3995.48,3995.73,177
1784274780,3995.79,3995.98,3994.62,3994.7,201
1784274840,3994.75,3995.55,3994.53,3994.97,196
1784274900,3995.05,3995.66,3994.72,3995.66,202
1784274960,3995.63,3995.89,3993.45,3993.54,194
1784275020,3993.59,3994.15,3993.21,3993.24,197
1784275080,3993.02,3993.42,3992.88,3993.09,196
1784275140,3993.02,3993.5,3992.8,3992.88,215
1784275200,3992.71,3994.2,3992.46,3994.03,227
1784275260,3994,3997.21,3993.99,3997.18,236
1784275320,3997.27,3997.43,3996,3996.89,243
1784275380,3996.82,3997.09,3995.88,3996.29,226
1784275440,3996.29,3999.82,3996.29,3999.17,224
1784275500,3998.98,3999.22,3997.34,3997.72,234
1784275560,3997.75,3998.52,3996.96,3998.52,215
1784275620,3998.53,3999.06,3996.82,3996.92,258
1784275680,3996.99,3997.97,3996.87,3997.34,223
1784275740,3997.33,3998.03,3996.61,3997.6,193
1784275800,3997.62,3997.62,3995.76,3996.09,236
1784275860,3996.09,3996.38,3992.14,3992.14,256
1784275920,3992.41,3993.94,3991.58,3993.42,248
1784275980,3993.25,3993.25,3991.61,3992.24,242
1784276040,3992.3,3993.36,3991.46,3993.22,193
1784276100,3993.23,3994.72,3993.23,3993.76,218
1784276160,3993.59,3994.31,3991.78,3992.06,242
1784276220,3992.08,3992.99,3989.98,3990.1,230
1784276280,3990.28,3991.52,3990.25,3991.27,258
1784276340,3991.19,3991.33,3989.53,3990.18,266
1784276400,3990.29,3992.05,3990.29,3991.84,249
1784276460,3991.85,3993.05,3991.58,3992.31,233
1784276520,3992.33,3992.53,3991.18,3991.62,249
1784276580,3991.45,3992.5,3991.27,3991.78,258
1784276640,3991.8,3992.56,3990.69,3992.49,247
1784276700,3992.28,3995.08,3992.18,3994.83,289
1784276760,3994.88,3995.08,3993.27,3994.01,282
1784276820,3993.99,3994.73,3992.04,3992.66,244
1784276880,3992.55,3992.98,3988.38,3992.32,278
1784276940,3992.36,3992.85,3992.03,3992.44,219
1784277000,3992.46,3993.48,3991.72,3991.85,200
1784277060,3991.58,3992.18,3990.53,3990.79,234
1784277120,3990.79,3990.9,3989.97,3990.47,228
1784277180,3990.46,3991.87,3990.46,3991.29,212
1784277240,3991.37,3992.03,3990.7,3991.38,227
1784277300,3991.25,3992.1,3990.85,3991.49,228
1784277360,3991.5,3991.9,3990.83,3990.97,235
1784277420,3990.96,3991.01,3989.48,3989.92,223
1784277480,3989.99,3990.34,3988.56,3989.09,189
1784277540,3988.95,3989.18,3987.88,3989.18,229
1784277600,3989.14,3990.11,3989.09,3989.87,220
1784277660,3989.96,3990.45,3989.78,3990.18,229
1784277720,3990.15,3990.8,3989.6,3990.75,227
1784277780,3990.74,3991.67,3990.58,3991.67,231
1784277840,3991.79,3993.38,3991.79,3993.38,227
1784277900,3993.43,3993.47,3991.8,3992.71,243
1784277960,3992.7,3993.67,3992.51,3993.67,214
1784278020,3993.66,3995.81,3993.65,3995.73,232
1784278080,3995.74,3997.57,3995.72,3997.34,233
1784278140,3997.4,3999.48,3996.66,3998.5,208
1784278200,3998.58,3998.58,3997.41,3997.81,199
1784278260,3997.89,3998.23,3995.73,3995.76,221
1784278320,3995.8,3995.88,3994.12,3994.25,190
1784278380,3994.26,3995.42,3994.12,3995.14,225
1784278440,3995.26,3995.76,3995.08,3995.18,191
1784278500,3995.3,3997.88,3995.07,3997.83,217
1784278560,3997.84,3997.86,3997.11,3997.36,164
1784278620,3997.33,3997.56,3996.57,3997.56,149
1784278680,3997.55,3998.25,3995.23,3995.34,209
1784278740,3995.3,3995.46,3993.79,3994.24,232
1784278800,3994.15,3995.3,3993.7,3994.99,237
1784278860,3994.85,3995.26,3993.88,3994.64,219
1784278920,3994.55,3995.48,3992.86,3993.12,242
1784278980,3993.08,3994.68,3992.97,3994.21,243
1784279040,3994.3,3994.62,3993.18,3993.89,275
1784279100,3994.08,3995.91,3993.86,3995.62,217
1784279160,3995.64,3996.4,3995.54,3996.04,208
1784279220,3996.02,3997.81,3995.77,3996.72,229
1784279280,3996.71,3997.05,3995.9,3996.58,213
1784279340,3996.57,3996.61,3995.55,3995.99,189
1784279400,3995.94,3996.29,3995.38,3995.9,243
1784279460,3995.79,3996.35,3995.51,3996.35,200
1784279520,3996.36,3996.71,3995.99,3996.42,186
1784279580,3995.95,3997.66,3995.69,3997.23,244
1784279640,3997.29,3998.53,3996.79,3997.96,208
1784279700,3998.34,3998.4,3996.75,3997.33,244
1784279760,3997.36,3998.34,3996.88,3996.91,194
1784279820,3996.84,3997.26,3996.27,3997.26,208
1784279880,3997.48,3997.72,3995.8,3996.07,197
1784279940,3996.1,3996.78,3996,3996.24,211
1784280000,3996.24,3998.41,3995.72,3997.56,233
1784280060,3997.54,3998.33,3997.13,3998.05,227
1784280120,3998.04,4000.01,3998.04,3999.47,191
1784280180,3999.46,4000.47,3999.13,4000.47,171
1784280240,4000.58,4002.24,4000.48,4002.24,204
1784280300,4001.77,4002.47,4001.56,4001.97,205
1784280360,4001.96,4002.28,4000.44,4000.84,239
1784280420,4001.01,4001.27,3999.02,3999.61,214
1784280480,3999.6,4000.69,3999.26,3999.7,220
1784280540,3999.73,3999.79,3998.41,3999.1,177
1784280600,3999.25,3999.8,3998.78,3999.37,223
1784280660,3999.31,3999.31,3997.75,3998.27,197
1784280720,3998.3,3998.32,3997.08,3997.99,221
1784280780,3997.79,3998.31,3996.81,3996.81,200
1784280840,3996.79,3996.91,3995.33,3995.75,180
1784280900,3995.78,3997.15,3995.39,3996.98,189
1784280960,3996.99,3997.07,3996.38,3996.75,209
1784281020,3996.78,3996.87,3995.43,3996.11,217
1784281080,3996.1,3998.01,3996.05,3997.51,184
1784281140,3997.51,3997.62,3996.78,3997.55,161
1784281200,3997.57,3998.64,3996.82,3998.64,223
1784281260,3998.62,3998.88,3997.65,3998.58,197
1784281320,3998.55,3999.13,3997.91,3998.04,183
1784281380,3997.9,3997.95,3997,3997.32,170
1784281440,3997.05,3997.06,3995.54,3995.8,183
1784281500,3995.95,3996.9,3995.84,3995.95,185
1784281560,3995.87,3996.2,3995.04,3995.15,192
1784281620,3995.09,3995.36,3994.81,3995.22,188
1784281680,3995.19,3995.84,3995.01,3995.45,200
1784281740,3995.38,3995.8,3995.14,3995.54,180
1784281800,3995.52,3996.36,3995.08,3995.17,210
1784281860,3995.18,3995.7,3994.92,3995.7,204
1784281920,3995.71,3997.93,3995.25,3997.79,208
1784281980,3997.75,3998.66,3997.53,3998.63,190
1784282040,3998.63,3998.63,3997.44,3997.75,198
1784282100,3997.74,3998.12,3997.34,3997.47,183
1784282160,3997.49,3997.55,3996.73,3997.01,156
1784282220,3996.99,3997.03,3996.18,3996.74,124
1784282280,3996.81,3997.91,3996.73,3997.16,172
1784282340,3997.07,3998.12,3997.07,3998.1,155
1784282400,3998.44,3998.54,3996.98,3997.71,204
1784282460,3997.45,3997.58,3995.65,3995.66,191
1784282520,3995.71,3996.17,3995.54,3996.14,229
1784282580,3995.98,3996.44,3995.58,3995.98,208
1784282640,3995.97,3996.62,3995.85,3996.19,205
1784282700,3996.2,3996.86,3996.1,3996.1,183
1784282760,3995.98,3996.04,3994.94,3995.13,201
1784282820,3995.14,3995.93,3994.99,3995.68,186
1784282880,3995.81,3997.33,3995.68,3996.74,208
1784282940,3996.84,3997.16,3995.68,3996.68,203
1784283000,3996.64,3996.64,3995.72,3996.62,189
1784283060,3996.65,3997.32,3996.24,3996.6,188
1784283120,3996.55,3997.09,3996.11,3996.66,197
1784283180,3996.8,3998.02,3996.23,3997.87,183
1784283240,3997.9,3998.55,3997.3,3997.3,187
1784283300,3997.32,3997.6,3996.85,3997.53,175
1784283360,3997.53,3997.95,3995.98,3996.01,189
1784283420,3996.08,3996.89,3995.18,3995.45,200
1784283480,3995.39,3995.82,3995.12,3995.57,160
1784283540,3995.43,3995.54,3994.46,3994.76,205
1784283600,3994.62,3999.1,3994.61,3998.12,200
1784283660,3998.08,3998.08,3996.27,3996.39,195
1784283720,3996.33,3996.78,3995.81,3996.67,190
1784283780,3996.63,3996.67,3995.41,3996.31,144
1784283840,3996.23,3996.33,3995.24,3995.38,181
1784283900,3995.33,3996.11,3995.01,3995.96,174
1784283960,3995.99,3996.06,3995.4,3995.68,199
1784284020,3995.61,3996.73,3995.45,3996.35,175
1784284080,3996.27,3996.86,3995.88,3996.78,173
1784284140,3996.8,3997,3996.17,3996.2,150
1784284200,3996.21,3996.9,3995.98,3996.23,194
1784284260,3996.25,3997.2,3996.2,3996.61,147
1784284320,3996.6,3997.56,3996.37,3996.93,190
1784284380,3996.94,3996.96,3995.13,3995.4,190
1784284440,3995.38,3996.82,3995.26,3996.78,167
1784284500,3996.71,3996.8,3995.15,3995.41,179
1784284560,3995.38,3995.57,3995.12,3995.35,117
1784284620,3995.31,3995.54,3994.15,3995.14,172
1784284680,3995.21,3995.83,3995.06,3995.83,137
1784284740,3995.86,3996.25,3995.53,3995.98,131
1784284800,3995.96,3995.96,3994.51,3994.98,108
1784284860,3994.98,3995.79,3994.69,3995.19,191
1784284920,3995.25,3996.63,3994.03,3995.98,177
1784284980,3995.96,3996.28,3995.01,3996.08,152
1784285040,3996.03,3996.79,3995.75,3996.44,179
1784285100,3996.45,3997.25,3996.17,3997.01,168
1784285160,3997,3997.25,3996.7,3997.06,148
1784285220,3996.84,3996.84,3995.29,3995.49,184
1784285280,3996.25,3997.28,3996.24,3996.35,192
1784285340,3996.35,3996.53,3995.56,3995.67,127
1784285400,3995.59,3995.9,3992.72,3993.26,185
1784285460,3993.11,3993.54,3991.26,3991.26,224
1784285520,3991.55,3992.61,3991.3,3992.53,176
1784285580,3992.56,3992.98,3991.94,3992.71,162
1784285640,3992.72,3993.78,3992.72,3993.46,174
1784285700,3993.47,3993.89,3991.8,3992.43,206
1784285760,3992.41,3992.89,3992.41,3992.85,123
1784285820,3992.84,3993.15,3991.51,3991.58,202
1784285880,3991.49,3991.94,3991.16,3991.26,213
1784285940,3991.27,3991.86,3990.6,3990.8,188
1784286000,3991.03,3993.54,3991.03,3992.93,231
1784286060,3992.78,3994.31,3992.78,3993.93,215
1784286120,3994.01,3994.16,3993.39,3993.47,161
1784286180,3993.5,3993.51,3991.9,3992.38,199
1784286240,3992.4,3992.61,3991.83,3992.52,205
1784286300,3992.54,3992.83,3991.45,3992.83,199
1784286360,3992.88,3992.88,3990.39,3991.35,191
1784286420,3991.37,3992.62,3991.09,3991.53,210
1784286480,3991.51,3991.9,3991.23,3991.37,213
1784286540,3991.62,3991.64,3990.75,3991.56,196
1784286600,3991.46,3992.81,3991.09,3991.11,218
1784286660,3991.08,3992.14,3991.08,3991.36,208
1784286720,3991.36,3992.27,3991.3,3991.7,190
1784286780,3991.68,3993.18,3991.65,3992.63,181
1784286840,3992.6,3993.32,3991.49,3991.78,179
1784286900,3991.75,3992.56,3991.52,3991.65,198
1784286960,3991.63,3991.98,3991.03,3991.22,183
1784287020,3991.2,3992.01,3991.07,3991.53,198
1784287080,3991.49,3992.69,3990.06,3992.6,195
1784287140,3992.5,3993.7,3992.39,3993.27,210
1784287200,3993.29,3993.76,3993,3993.51,188
1784287260,3993.5,3995.99,3993.46,3995.99,245
1784287320,3996,3996,3994.58,3994.8,188
1784287380,3994.81,3994.81,3992.6,3992.81,171
1784287440,3992.79,3993.81,3992.75,3993.74,176
1784287500,3993.75,3993.93,3993.18,3993.25,176
1784287560,3993.26,3994.24,3993.25,3994,197
1784287620,3994.11,3994.81,3993.77,3994.81,236
1784287680,3994.84,3995.65,3994.53,3994.6,204
1784287740,3994.53,3995.87,3994.3,3995.67,212
1784287800,3996.2,3996.44,3993.61,3994.21,198
1784287860,3994.2,3994.23,3993.55,3993.55,135
1784287920,3993.6,3993.69,3992.59,3992.81,149
1784287980,3992.63,3992.83,3992.04,3992.04,198
1784288040,3992.05,3993.1,3991.76,3993.09,157
1784288100,3993.04,3993.04,3991.99,3992.22,201
1784288160,3992.19,3992.68,3991.75,3992.51,174
1784288220,3992.37,3992.51,3991.55,3992.28,174
1784288280,3992.29,3993.74,3992.24,3993.05,179
1784288340,3993.09,3993.99,3992.99,3993.5,208
1784288400,3993.6,3993.84,3992.93,3993.51,193
1784288460,3993.51,3994.44,3992.82,3994.37,199
1784288520,3994.39,3994.82,3993.1,3993.1,197
1784288580,3993.08,3993.28,3991.95,3992.07,164
1784288640,3992.09,3992.85,3991.93,3992.13,142
1784288700,3992.21,3993.02,3991.58,3992.54,177
1784288760,3993.14,3996.12,3993.06,3994.32,182
1784288820,3994.68,3994.68,3993.33,3994.07,170
1784288880,3994.1,3995.74,3994.1,3994.82,181
1784288940,3995.23,3995.24,3993.68,3993.75,173
1784289000,3993.63,3994.48,3993.32,3994.34,191
1784289060,3994.35,3994.35,3993.12,3994.02,171
1784289120,3994.04,3994.83,3994.04,3994.75,152
1784289180,3994.55,3995.66,3994.15,3995.66,185
1784289240,3995.69,3998.73,3995.69,3998.68,220
1784289300,3998.7,3998.7,3996.38,3996.51,216
1784289360,3996.29,3998.11,3996.1,3996.25,200
1784289420,3996.26,3996.26,3994.99,3996.09,161
1784289480,3996.13,3996.22,3993.92,3994.11,190
1784289540,3993.91,3994.5,3993.6,3994.31,162
1784289600,3994.1,3995.54,3994.1,3994.74,227
1784289660,3995.17,3995.53,3994.07,3994.43,214
1784289720,3994.41,3994.98,3993.69,3994.89,225
1784289780,3994.88,3995.06,3992.91,3992.98,221
1784289840,3992.85,3993.47,3990.15,3990.4,229
1784289900,3990.12,3991.59,3989.25,3989.9,236
1784289960,3989.78,3990.39,3988.39,3989.2,221
1784290020,3989.18,3990.04,3988.74,3989.15,207
1784290080,3989.16,3990.89,3989.16,3990.55,199
1784290140,3990.66,3991.07,3989.39,3990.91,206
1784290200,3990.92,3993.08,3990.86,3992.93,240
1784290260,3993.06,3993.89,3991.95,3992.16,204
1784290320,3992.18,3993.44,3991.77,3993.34,216
1784290380,3993.37,3993.67,3990.34,3990.34,196
1784290440,3990.35,3991.18,3989.72,3989.95,188
1784290500,3990.21,3991.36,3989.17,3989.17,226
1784290560,3989.19,3991.28,3988.93,3991.25,192
1784290620,3991.3,3991.6,3990.01,3990.1,185
1784290680,3990.37,3992.18,3990.14,3991.7,223
1784290740,3991.43,3992.31,3991.15,3991.77,218
1784290800,3991.73,3991.73,3986.92,3987.56,290
1784290860,3987.59,3987.99,3986.28,3986.29,240
1784290920,3986.2,3987.12,3984.83,3986.93,248
1784290980,3986.87,3987.04,3984.39,3984.88,202
1784291040,3985.27,3986.13,3984.83,3985.7,192
1784291100,3985.7,3986.54,3984.82,3985.43,214
1784291160,3985.43,3986.43,3985.16,3985.29,208
1784291220,3985.1,3985.98,3984.97,3985.2,190
1784291280,3985.25,3986.32,3984.55,3986.29,172
1784291340,3986.25,3987.78,3986.01,3987.3,190
1784291400,3987.29,3988.29,3985.67,3986.42,238
1784291460,3986.43,3986.7,3984.69,3985.43,240
1784291520,3985.44,3985.44,3982.14,3982.99,246
1784291580,3982.95,3983.17,3981.8,3982.52,262
1784291640,3982.1,3982.81,3981.58,3981.78,207
1784291700,3981.97,3983.12,3980.88,3981.83,229
1784291760,3981.89,3982.99,3981.75,3982.87,229
1784291820,3982.76,3982.76,3979.99,3980.17,203
1784291880,3980.58,3981.69,3980.49,3980.78,225
1784291940,3980.73,3980.87,3977.62,3977.9,203
1784292000,3977.74,3978.46,3976.06,3976.48,242
1784292060,3976.54,3977.89,3975.7,3977.83,250
1784292120,3977.92,3978.12,3972.76,3972.76,271
1784292180,3972.91,3973.45,3965.56,3966.48,315
1784292240,3966.32,3971.84,3966.32,3969.62,262
1784292300,3969.52,3969.98,3965.51,3967.15,286
1784292360,3967.28,3971.18,3966.97,3970.61,258
1784292420,3970.56,3973.18,3970.17,3970.17,280
1784292480,3970.32,3970.32,3967.54,3967.74,237
1784292540,3967.76,3968.96,3967.2,3967.2,269
1784292600,3967.19,3967.78,3964.17,3966.27,271
1784292660,3966.32,3971.01,3965.71,3970.91,241
1784292720,3970.88,3970.89,3969.68,3970.04,238
1784292780,3970.02,3970.32,3968.78,3969.5,191
1784292840,3969.49,3971.14,3968.4,3968.44,221
1784292900,3969.02,3970.04,3968.77,3970.04,221
1784292960,3969.87,3972.56,3969.58,3971,218
1784293020,3970.98,3971.81,3968.89,3970.25,245
1784293080,3970.21,3970.27,3964.58,3966.78,266
1784293140,3966.61,3967.1,3964.93,3966.15,262
1784293200,3966.29,3966.29,3961.83,3965.02,316
1784293260,3965.04,3965.04,3959.72,3962.45,310
1784293320,3962.38,3968.37,3961.11,3967.74,316
1784293380,3967.47,3970.68,3966.8,3969.95,300
1784293440,3969.86,3975.88,3968.64,3974.19,307
1784293500,3974.21,3974.6,3970,3971.73,310
1784293560,3971.84,3973.37,3970.2,3970.26,284
1784293620,3970.53,3973.58,3970.53,3973.2,276
1784293680,3973.37,3973.5,3970.6,3972.71,274
1784293740,3972.43,3973.13,3969.07,3969.5,259
1784293800,3969.48,3970.32,3966.97,3966.97,294
1784293860,3966.91,3968.4,3966.33,3967.46,259
1784293920,3967.56,3968.75,3966.73,3967.73,281
1784293980,3967.74,3970.09,3966.35,3970.09,250
1784294040,3970.03,3971.47,3969.97,3970.17,252
1784294100,3969.59,3971.83,3967.07,3970.73,277
1784294160,3970.82,3972.08,3969.35,3971.94,296
1784294220,3972,3972.17,3969.47,3971.52,275
1784294280,3971.66,3972.4,3970.67,3971.22,272
1784294340,3971.26,3972.18,3969.06,3970.87,276
1784294400,3970.77,3975.01,3970.77,3974.39,293
1784294460,3974.35,3974.35,3971.17,3971.45,263
1784294520,3971.39,3972.18,3970.23,3970.57,274
1784294580,3970.54,3970.54,3967.17,3968.41,277
1784294640,3968.4,3969.64,3967.75,3969.57,274
1784294700,3969.67,3972.55,3969.36,3972.35,273
1784294760,3972.45,3973.43,3971.46,3971.59,256
1784294820,3971.6,3972.43,3968.46,3968.91,279
1784294880,3969.24,3971.82,3969.24,3969.97,286
1784294940,3969.47,3971.19,3967.44,3968.37,265
1784295000,3968.44,3970.74,3963.88,3966.7,314
1784295060,3965.98,3970.87,3964.64,3970.2,312
1784295120,3970.14,3972.28,3969.29,3971.78,312
1784295180,3971.66,3971.77,3965.58,3966.5,310
1784295240,3966.22,3967.63,3965.69,3965.89,295
1784295300,3965.74,3971.27,3965.34,3971.16,307
1784295360,3971.04,3978.2,3971.03,3977.4,318
1784295420,3977.72,3983.85,3977.72,3983.17,314
1784295480,3983.18,3991.92,3983.08,3991.92,322
1784295540,3992.17,4003.57,3990.83,3993.86,326
1784295600,3994.09,3994.09,3986.46,3987.27,314
1784295660,3987.57,3991.05,3986.97,3988.04,320
1784295720,3988.11,3989.04,3983.57,3985.94,313
1784295780,3986,3986,3983.74,3983.79,294
1784295840,3983.64,3985.17,3982.39,3985.04,308
1784295900,3985.32,3985.9,3981.33,3984.28,317
1784295960,3984.42,3984.62,3981.54,3982.24,301
1784296020,3981.97,3988.68,3981.93,3988.13,309
1784296080,3988.06,3990.12,3987.1,3989.79,297
1784296140,3989.97,3990.79,3987.69,3989.95,305
1784296200,3989.66,3992.07,3988.73,3991.06,308
1784296260,3991.4,3993.59,3989.54,3989.79,294
1784296320,3989.92,3991.68,3989.4,3989.76,299
1784296380,3989.69,3994.12,3989.69,3991.48,302
1784296440,3991.2,3992.25,3988.2,3989.05,305
1784296500,3989.06,3990.56,3987.93,3989.32,297
1784296560,3989.37,3990.74,3988.67,3990.72,269
1784296620,3990.75,3993.78,3989.71,3993.73,278
1784296680,3993.71,3996.12,3993.25,3995.6,294
1784296740,3995.51,3997.57,3994.57,3997.17,277
1784296800,3997.15,3998.9,3995.06,3997.66,308
1784296860,3997.67,3999.94,3990.35,3991.71,312
1784296920,3991.67,3994.71,3990.6,3994.25,282
1784296980,3994.26,3995.73,3992.74,3993.24,304
1784297040,3993.31,3994.47,3992.06,3994.44,294
1784297100,3994.38,4000.16,3994.38,3997.61,314
1784297160,3997.66,4000.15,3997.59,3998.72,295
1784297220,3998.52,4000.51,3997.57,3998.92,295
1784297280,3998.72,4000.58,3997.43,3997.43,301
1784297340,3997.47,3998.47,3995.5,3996.63,292
1784297400,3996.79,3999.1,3995.17,3998.13,292
1784297460,3998.24,3998.56,3994.17,3995.42,285
1784297520,3995.45,3997.87,3994.82,3997.66,269
1784297580,3997.89,4000.73,3996.06,3996.51,290
1784297640,3996.51,3996.51,3994.72,3994.72,278
1784297700,3995.27,3999.16,3993.77,3998.01,288
1784297760,3997.85,3999.92,3997.73,3998.07,292
1784297820,3998.08,4000.42,3996.51,3996.86,310
1784297880,3996.88,3999.69,3996.71,3999.69,297
1784297940,3999.95,3999.95,3996.32,3997.3,285
1784298000,3997.33,4004.55,3997.2,4001.01,310
1784298060,4000.81,4002.97,3999.56,4002.17,290
1784298120,4002.01,4002.41,3998.8,3998.83,271
1784298180,3999.15,3999.9,3996.18,3999.04,277
1784298240,3999.33,4003.25,3999.33,4002.81,289
1784298300,4002.91,4003.97,4001.18,4001.47,280
1784298360,4001.25,4001.54,3999.43,4000.44,281
1784298420,4000.5,4003.03,3999.75,4000.91,294
1784298480,4001.39,4004.15,4001.2,4003.01,289
1784298540,4002.75,4002.75,3997.98,3998.71,301
1784298600,3998.73,3998.87,3995.64,3998.09,298
1784298660,3998.14,3998.82,3994.43,3995.15,291
1784298720,3995.04,3996.43,3994.33,3994.61,293
1784298780,3994.59,3994.95,3992.2,3993.63,291
1784298840,3993.78,3995.83,3993.63,3994.56,279
1784298900,3994.58,3998.17,3994.58,3998.17,291
1784298960,3998.17,3999.52,3995.38,3995.38,293
1784299020,3995.21,3997.15,3994.38,3995.66,284
1784299080,3995.64,3997.49,3995.58,3997.11,277
1784299140,3997.69,3998.28,3996.61,3997.53,280
1784299200,3997.22,3997.7,3996.11,3996.89,259
1784299260,3996.83,3998.69,3996.21,3996.26,261
1784299320,3996.28,3997.31,3995.44,3995.44,258
1784299380,3995.57,3997.72,3995.2,3996.83,270
1784299440,3996.47,3998.08,3996.13,3997.81,266
1784299500,3997.78,3997.78,3994.7,3996.58,275
1784299560,3996.64,3997.9,3995.74,3997.9,274
1784299620,3998.06,4000.18,3997.63,3998.93,291
1784299680,3998.9,4000.44,3997.96,3998.06,280
1784299740,3998.05,3998.08,3995.09,3995.67,280
1784299800,3995.88,3998.07,3995.88,3998.06,264
1784299860,3998.22,3998.88,3994.54,3994.65,283
1784299920,3994.51,3995.85,3994.51,3995.15,261
1784299980,3995.2,3995.53,3993.35,3994.49,260
1784300040,3994.48,3995.15,3993.38,3994.16,268
1784300100,3993.94,3996.5,3992.99,3995.98,271
1784300160,3996.11,3997.13,3995.79,3997.04,280
1784300220,3997.01,4000.95,3996.8,4000.13,273
1784300280,4000.15,4001.37,3998.43,3998.98,261
1784300340,3998.93,4001.41,3998.93,4001.27,251
1784300400,4001.18,4001.47,3998.47,3998.75,268
1784300460,3998.76,4002.36,3997.91,4002.35,274
1784300520,4002.51,4002.81,3999.56,4000.44,284
1784300580,4000.46,4003.91,4000.17,4003.48,274
1784300640,4003.66,4013.54,4002.77,4012.58,312
1784300700,4012.49,4014.08,4010.3,4012.37,306
1784300760,4012.32,4012.65,4005.74,4005.88,306
1784300820,4005.89,4006.81,4003.26,4005,286
1784300880,4005.36,4008.57,4004.97,4006.94,291
1784300940,4006.65,4008.97,4006.24,4008.42,292
1784301000,4008.18,4013.49,4008.18,4010.85,308
1784301060,4010.84,4010.96,4008.42,4008.44,268
1784301120,4008.26,4008.26,4006.07,4006.84,285
1784301180,4007.03,4007.26,4003.21,4004.05,248
1784301240,4004.11,4006.04,4003.58,4006.03,262
1784301300,4006.05,4007.04,4004.91,4005.42,294
1784301360,4005.51,4006.9,4004.64,4005.38,253
1784301420,4005.78,4007.93,4005.68,4007.74,271
1784301480,4007.8,4008.32,4005.46,4005.55,293
1784301540,4005.49,4006.37,4004.86,4005.58,270
1784301600,4005.57,4009,4004.96,4008.99,275
1784301660,4009.15,4010.64,4007.67,4009.71,259
1784301720,4009.7,4012.42,4009.25,4009.35,289
1784301780,4009.55,4010.64,4007.61,4008.81,276
1784301840,4008.77,4009.11,4007.63,4008.55,236
1784301900,4008.53,4008.76,4006.54,4006.83,269
1784301960,4006.94,4008.72,4006.34,4008.64,287
1784302020,4008.91,4011.31,4008.89,4010.88,271
1784302080,4010.76,4011.31,4009.84,4010.41,256
1784302140,4010.31,4013.34,4010.23,4013.34,271
1784302200,4013.47,4015.69,4012.85,4015.31,291
1784302260,4015.23,4015.88,4014.04,4014.4,276
1784302320,4014.41,4014.61,4009.58,4011.74,292
1784302380,4011.75,4012.75,4010.93,4011.71,264
1784302440,4011.49,4013.71,4010.42,4011,271
1784302500,4011.15,4012.15,4010.18,4011.94,277
1784302560,4012.18,4015.3,4011.95,4014.52,274
1784302620,4014.1,4014.29,4013.09,4014.08,288
1784302680,4014.02,4015.01,4013.4,4014.75,270
1784302740,4014.77,4016.19,4014.27,4014.32,283
1784302800,4014.31,4015.04,4013.49,4014.14,267
1784302860,4013.85,4014.81,4012.97,4013.55,264
1784302920,4013.53,4013.65,4011.89,4013.46,273
1784302980,4013.54,4014.47,4013.54,4014.4,239
1784303040,4014.39,4015.85,4014.39,4015.5,236
1784303100,4015.42,4015.45,4014.26,4014.41,260
1784303160,4014.16,4016.46,4013.82,4016.24,259
1784303220,4016.25,4018.08,4015.92,4016.29,272
1784303280,4016.28,4017.59,4015.54,4015.59,249
1784303340,4015.66,4016.72,4015.11,4016.59,267
1784303400,4016.54,4018.43,4016.5,4017.24,271
1784303460,4017.35,4019.03,4017.35,4018.1,272
1784303520,4018.17,4020.75,4016.61,4020.75,257
1784303580,4020.65,4020.99,4019.12,4019.12,250
1784303640,4019.2,4020.57,4018.96,4020.27,258
1784303700,4020.34,4021.1,4018.68,4018.86,276
1784303760,4018.88,4020.16,4018.63,4019.65,264
1784303820,4019.61,4019.81,4017.47,4017.6,277
1784303880,4017.62,4018.47,4017.62,4018.16,219
1784303940,4018.19,4019.18,4017.49,4019.17,218
1784304000,4019.45,4019.45,4016.62,4017.68,294
1784304060,4017.77,4019.32,4011.25,4013,310
1784304120,4013.23,4015.96,4013.13,4014.09,315
1784304180,4014.36,4014.64,4011.46,4013.9,297
1784304240,4013.85,4017.48,4013.14,4017.21,294
1784304300,4017.22,4017.41,4015.77,4016.4,288
1784304360,4016.41,4016.61,4014.61,4015.39,285
1784304420,4015.42,4016.24,4014.86,4016.2,286
1784304480,4016.19,4017.49,4014.86,4017.49,285
1784304540,4017.48,4019.05,4016.69,4017.86,265
1784304600,4017.95,4020.01,4017.85,4019.68,265
1784304660,4019.75,4020.41,4018.34,4018.34,278
1784304720,4018.29,4019,4018.05,4018.74,257
1784304780,4018.85,4020.14,4018.69,4019.73,267
1784304840,4019.63,4019.84,4017.96,4018.14,228
1784304900,4017.99,4019.38,4017.99,4019.13,266
1784304960,4019.14,4019.52,4018.04,4018.21,250
1784305020,4018.16,4020.9,4018.16,4020.84,267
1784305080,4020.96,4021.62,4020.04,4020.19,265
1784305140,4020.24,4021.41,4020.07,4021.29,265
1784305200,4021.27,4021.55,4020.24,4020.24,258
1784305260,4020.19,4020.74,4019.6,4020.25,254
1784305320,4020.05,4020.58,4018.35,4018.55,262
1784305380,4018.3,4020.01,4018.28,4019.75,231
1784305440,4019.87,4023.79,4019.87,4023.77,253
1784305500,4023.73,4023.73,4019.37,4019.46,289
1784305560,4019.53,4019.71,4018.3,4018.95,291
1784305620,4018.86,4019.29,4016.93,4019.28,273
1784305680,4019.3,4020.73,4018.93,4019.84,220
1784305740,4019.86,4020.47,4018.77,4018.77,230
1784305800,4018.79,4019.36,4017.42,4017.71,257
1784305860,4017.7,4018.83,4017.7,4018.54,257
1784305920,4018.55,4018.57,4017.09,4017.88,231
1784305980,4017.86,4017.86,4015.86,4016.78,263
1784306040,4016.67,4016.96,4015.46,4016.3,226
1784306100,4016.32,4017,4015.99,4016.04,227
1784306160,4016.15,4016.61,4014.97,4015.13,249
1784306220,4015.33,4015.53,4013.32,4014.68,249
1784306280,4014.67,4015.8,4014.54,4014.76,240
1784306340,4014.64,4015.57,4013.89,4013.9,229
1784306400,4013.99,4014.84,4012.94,4014.08,259
1784306460,4014.15,4014.92,4013.29,4014.87,258
1784306520,4014.82,4016.82,4014.82,4016.32,224
1784306580,4016.3,4016.81,4015.44,4016.8,215
1784306640,4016.76,4017.84,4016.5,4017.51,212
1784306700,4017.57,4017.96,4016.79,4017.3,268
1784306760,4017.29,4017.61,4016.6,4016.96,221
1784306820,4016.96,4017.6,4016.53,4016.54,236
1784306880,4016.57,4017.77,4016.57,4017.57,215
1784306940,4017.68,4020.24,4017.68,4020.07,252
1784307000,4020.31,4020.68,4017.87,4017.87,235
1784307060,4017.57,4018.5,4017.37,4018.48,251
1784307120,4018.46,4018.92,4017.1,4017.31,218
1784307180,4017.33,4018.33,4016.97,4017.12,198
1784307240,4017.04,4017.05,4015.7,4016.12,248
1784307300,4016.18,4016.18,4015.26,4015.71,208
1784307360,4015.69,4016.29,4014.77,4016.29,241
1784307420,4016.3,4016.41,4015.73,4016.06,213
1784307480,4016.1,4016.34,4015.3,4015.4,184
1784307540,4015.44,4015.48,4014.86,4015.05,217
1784307600,4015.47,4017.39,4015.28,4017.17,250
1784307660,4017.15,4019.29,4016.53,4019.05,261
1784307720,4019,4019,4017.47,4017.86,261
1784307780,4017.92,4018.13,4017.02,4017.88,220
1784307840,4017.9,4017.96,4016.76,4017.28,230
1784307900,4017.16,4017.64,4016.53,4016.69,233
1784307960,4016.66,4018.17,4016.56,4018.17,232
1784308020,4018.16,4018.55,4017.62,4017.64,204
1784308080,4017.69,4018.14,4017.59,4017.64,169
1784308140,4017.66,4018.1,4017.44,4017.71,196
1784308200,4017.68,4018.31,4017.43,4018.02,200
1784308260,4018.05,4018.21,4016.45,4016.55,205
1784308320,4016.55,4016.71,4014.72,4014.76,204
1784308380,4014.89,4014.91,4013.62,4013.88,241
1784308440,4013.89,4014.54,4013.39,4013.44,176
1784308500,4013.5,4015.11,4013.5,4014.83,240
1784308560,4014.82,4015.46,4014.14,4015.12,240
1784308620,4015.16,4015.36,4014.49,4015,239
1784308680,4014.98,4015.26,4013.59,4013.89,246
1784308740,4013.88,4014.37,4012.98,4013.09,226
1784308800,4013.11,4013.54,4012.6,4013.04,220
1784308860,4013.15,4014.19,4012.9,4013.98,245
1784308920,4014.09,4015.3,4013.78,4015.3,211
1784308980,4014.95,4015.62,4014,4015.22,234
1784309040,4015.26,4015.26,4014.56,4014.82,240
1784309100,4014.83,4015.49,4014.51,4015.18,217
1784309160,4015.17,4015.99,4014.59,4014.68,222
1784309220,4014.69,4015.52,4014.59,4015.07,184
1784309280,4015.16,4015.38,4014.51,4014.51,180
1784309340,4013.72,4015.79,4013.45,4013.97,288
1784309400,4013.84,4014.56,4013.51,4014.48,223
1784309460,4014.51,4014.51,4012.94,4013.46,187
1784309520,4013.45,4013.49,4011.87,4012.37,206
1784309580,4012.4,4012.4,4011.52,4011.76,204
1784309640,4011.77,4012.47,4011.77,4012.46,134
1784309700,4012.54,4012.54,4010.36,4010.4,217
1784309760,4010.41,4011.67,4010.41,4011.03,226
1784309820,4011.02,4012.79,4010.97,4012.74,220
1784309880,4012.77,4012.77,4011.84,4012.09,214
1784309940,4012.11,4013,4012.11,4012.44,230
1784310000,4012.39,4012.45,4010.59,4010.79,216
1784310060,4010.78,4011.17,4009.97,4011.17,218
1784310120,4011.18,4011.55,4010.48,4010.48,174
1784310180,4010.51,4010.9,4010.25,4010.55,192
1784310240,4010.57,4011.48,4009.83,4011,191
1784310300,4010.99,4011.51,4010.44,4011.33,207
1784310360,4011.18,4011.54,4010.93,4011.11,217
1784310420,4011.12,4012.37,4011.01,4012.3,184
1784310480,4012.14,4012.44,4011.51,4011.79,157
1784310540,4011.61,4013.03,4011.54,4012.96,222
1784310600,4012.97,4013.33,4010.44,4010.73,207
1784310660,4010.73,4010.73,4009.27,4009.27,197
1784310720,4009.29,4009.43,4008.59,4009.29,229
1784310780,4009.25,4010.38,4009.18,4010.3,230
1784310840,4010.31,4010.78,4009.1,4009.46,221
1784310900,4009.46,4009.76,4008.77,4009.29,209
1784310960,4009.32,4009.57,4008.56,4009.04,211
1784311020,4009.05,4009.95,4008.8,4009.74,230
1784311080,4009.54,4009.89,4008.8,4009.78,220
1784311140,4009.72,4010.46,4009.72,4010.1,196
1784311200,4010.31,4010.95,4007.82,4008.68,238
1784311260,4008.69,4010.21,4008.69,4009.85,210
1784311320,4009.85,4010.62,4009.56,4010.62,181
1784311380,4010.55,4011.23,4009.99,4011.23,232
1784311440,4011.06,4011.06,4009.6,4010.08,204
1784311500,4010.02,4010.21,4009.45,4010.21,221
1784311560,4010.08,4010.94,4009.95,4010.77,224
1784311620,4010.8,4012.46,4010.8,4012.29,225
1784311680,4012.3,4012.4,4011.73,4012.19,199
1784311740,4012.17,4012.19,4011.53,4012.16,190
1784311800,4012.19,4012.97,4012.08,4012.23,210
1784311860,4012.23,4012.23,4011.53,4011.72,183
1784311920,4011.69,4012.05,4010.86,4010.91,194
1784311980,4010.83,4011,4009.98,4010.32,207
1784312040,4010.38,4010.5,4010.11,4010.48,211
1784312100,4010.45,4010.92,4009.14,4009.79,242
1784312160,4009.81,4010.68,4009.13,4010.68,246
1784312220,4010.62,4012.46,4009.81,4012.21,248
1784312280,4012.18,4012.88,4012.03,4012.42,196
1784312340,4012.43,4013.23,4011.95,4012.14,211
1784312400,4012.16,4012.2,4010.63,4011.15,209
1784312460,4011.2,4011.78,4010.8,4011.08,203
1784312520,4011.29,4012.86,4011.29,4012.83,213
1784312580,4012.78,4013.29,4012.16,4013.06,221
1784312640,4013.27,4013.28,4012.04,4012.21,201
1784312700,4012.32,4012.88,4011.7,4011.93,213
1784312760,4012.06,4012.52,4011.59,4011.89,220
1784312820,4011.79,4012.76,4011.71,4012.4,229
1784312880,4012.43,4013.08,4011.94,4012.95,234
1784312940,4012.97,4016.17,4012.87,4015.52,271
1784313000,4015.42,4016.22,4015.03,4015.66,238
1784313060,4015.7,4015.8,4014.08,4014.08,249
1784313120,4013.96,4013.97,4012.91,4012.91,205
1784313180,4012.67,4012.95,4012.54,4012.56,185
1784313240,4012.3,4013.54,4011.48,4013.28,212
1784313300,4013.19,4013.26,4012.03,4012.17,202
1784313360,4012.19,4013.07,4012.08,4012.16,245
1784313420,4012.14,4012.9,4012.14,4012.22,204
1784313480,4012.35,4012.78,4011.91,4012.65,189
1784313540,4012.72,4012.73,4011.5,4011.56,157
1784313600,4011.69,4011.89,4010.28,4010.28,223
1784313660,4010.26,4010.29,4009.32,4009.42,215
1784313720,4009.44,4009.58,4008.64,4008.82,197
1784313780,4008.8,4008.8,4007.85,4007.85,182
1784313840,4007.8,4008.63,4007.35,4008.26,221
1784313900,4008.22,4008.39,4007.63,4007.82,197
1784313960,4007.83,4008.43,4006.66,4008.08,189
1784314020,4008.07,4009.02,4007.74,4008.38,194
1784314080,4008.51,4008.78,4008,4008.23,227
1784314140,4008.21,4008.49,4007.72,4007.73,189
1784314200,4007.61,4008.46,4007.19,4008.46,226
1784314260,4008.47,4008.89,4008.26,4008.26,180
1784314320,4008.26,4008.82,4007.87,4008.52,189
1784314380,4008.49,4009.86,4008.42,4009.64,188
1784314440,4009.44,4010.36,4009.25,4010.36,173
1784314500,4010.46,4011.05,4010.36,4010.65,230
1784314560,4010.61,4010.87,4010.31,4010.59,170
1784314620,4010.72,4011.32,4010.02,4011.24,195
1784314680,4011.16,4011.94,4011.02,4011.92,194
1784314740,4012.27,4012.32,4011.37,4011.37,194
1784314800,4011.4,4011.49,4009.34,4009.45,239
1784314860,4009.6,4009.67,4008.33,4008.69,236
1784314920,4008.7,4009.1,4008.06,4008.16,211
1784314980,4008.18,4008.56,4007.61,4008.46,187
1784315040,4008.43,4008.57,4007.97,4008.14,187
1784315100,4008.24,4008.36,4006.99,4006.99,198
1784315160,4006.99,4007.49,4005.52,4005.71,210
1784315220,4005.72,4006.16,4005.32,4005.61,171
1784315280,4005.58,4006.08,4005.43,4005.49,174
1784315340,4005.47,4005.71,4005,4005.52,173
1784315400,4005.47,4006.28,4005.02,4006.14,183
1784315460,4006.12,4006.12,4005.45,4005.79,176
1784315520,4005.81,4005.82,4004.67,4005.37,200
1784315580,4005.33,4005.84,4004.86,4005.08,197
1784315640,4005.06,4006.25,4004.48,4006.03,169
1784315700,4005.81,4006.59,4005.5,4006.4,162
1784315760,4006.41,4006.75,4005.76,4005.8,212
1784315820,4005.85,4005.85,4005.01,4005.43,209
1784315880,4005.3,4005.95,4004.63,4005.93,205
1784315940,4005.95,4006.72,4005.95,4006.38,220
1784316000,4006.32,4006.32,4005.61,4006.07,194
1784316060,4006.08,4006.08,4005.39,4005.47,203
1784316120,4005.46,4005.46,4004.65,4004.72,169
1784316180,4005.03,4005.03,4003.66,4003.85,188
1784316240,4003.75,4004.13,4002.28,4002.59,228
1784316300,4002.65,4004.53,4002.54,4003.84,228
1784316360,4003.76,4005.07,4003.53,4004.96,160
1784316420,4004.97,4005.54,4004.28,4004.72,198
1784316480,4004.73,4005.35,4004.73,4004.99,204
1784316540,4005.09,4005.59,4004.87,4005.39,216
1784316600,4005.62,4006.18,4005.19,4005.66,234
1784316660,4005.65,4007.35,4005.02,4007.35,231
1784316720,4006.98,4007.09,4006.08,4006.39,224
1784316780,4006.39,4007.14,4006.23,4007.07,224
1784316840,4007.04,4007.04,4006.41,4006.43,168
1784316900,4006.41,4006.71,4005.84,4006.43,186
1784316960,4006.42,4008.17,4006.41,4007.73,234
1784317020,4007.8,4009.05,4007.7,4008.06,185
1784317080,4008.07,4008.11,4006.47,4006.59,162
1784317140,4006.57,4006.89,4006.11,4006.71,163
1784317200,4006.68,4007.24,4006.06,4007.07,208
1784317260,4007.03,4008.71,4007.02,4008.7,224
1784317320,4008.67,4008.96,4007.91,4008.56,188
1784317380,4008.62,4009.25,4008.49,4009.23,205
1784317440,4009.27,4010.12,4009.27,4009.96,205
1784317500,4009.97,4011.21,4009.97,4010.26,252
1784317560,4010.16,4010.67,4009.99,4010.07,205
1784317620,4010.09,4010.87,4010.09,4010.87,202
1784317680,4011.18,4011.36,4009.42,4009.62,205
1784317740,4009.67,4010.73,4009.54,4010.63,238
1784317800,4010.68,4011.26,4010.58,4010.94,227
1784317860,4010.97,4013.51,4010.97,4013.51,223
1784317920,4013.43,4014.37,4012.3,4012.46,248
1784317980,4012.63,4014.01,4012.55,4013.93,248
1784318040,4013.96,4015.92,4013.75,4015.71,240
1784318100,4015.45,4016.46,4014.89,4016.35,262
1784318160,4016.37,4016.63,4015.63,4016.62,214
1784318220,4016.45,4016.47,4015.85,4016.06,225
1784318280,4016.07,4016.27,4015.2,4015.35,244
1784318340,4015.36,4016.04,4014.87,4015.46,244
1784498520,3998.52,4002.74,3997.58,3999.46,282
1784498580,3999.47,4000.59,3997.11,3998.52,240
1784498640,3998.51,3999.9,3994.85,3996.68,235
1784498700,3996.91,4002.27,3996.91,4000.99,266
1784498760,4000.7,4000.7,3998.72,3999.48,219
1784498820,3999.54,3999.75,3996.95,3998.47,220
1784498880,3998.25,3998.35,3994.99,3995.93,222
1784498940,3995.76,3998.09,3995.57,3997.75,185
1784499000,3997.8,3998.14,3996.74,3996.79,146
1784499060,3996.88,3997.78,3996.66,3997.32,157
1784499120,3997.24,3997.44,3996.3,3997.44,175
1784499180,3997.43,3997.78,3996.67,3997.26,188
1784499240,3997.25,3997.29,3996.3,3996.66,194
1784499300,3996.28,3998.15,3995.88,3996.62,207
1784499360,3996.65,3998.84,3996.59,3998.09,188
1784499420,3998.19,3998.32,3997.05,3997.18,173
1784499480,3997.19,3997.94,3996.59,3997.9,191
1784499540,3997.99,3999.98,3997.99,3999.73,174
1784499600,3999.73,3999.82,3998.33,3999.64,179
1784499660,3999.49,4000.26,3998.74,3999.05,192
1784499720,3998.97,4000.32,3998.43,3999.09,181
1784499780,3998.97,3998.97,3997.27,3997.55,152
1784499840,3997.58,3998.34,3997.28,3998.09,176
1784499900,3998.09,3998.09,3996.78,3996.95,165
1784499960,3996.81,3996.81,3995.65,3995.77,171
1784500020,3995.81,3996.26,3995.26,3995.77,216
1784500080,3995.71,3996.19,3995.45,3995.56,176
1784500140,3995.54,3995.55,3994.97,3995.02,191
1784500200,3994.87,3995.54,3993.49,3994.82,224
1784500260,3994.89,3996.83,3994.89,3996.74,164
1784500320,3996.31,3996.99,3995.42,3996.78,193
1784500380,3996.84,3998.06,3996.78,3998.06,145
1784500440,3998.09,3999.02,3997.62,3998.23,192
1784500500,3998.24,3998.88,3997.56,3997.56,176
1784500560,3997.47,3998.16,3996.73,3997.19,139
1784500620,3997.2,3997.3,3996.66,3996.68,139
1784500680,3996.71,3997.05,3996.62,3996.66,119
1784500740,3996.66,3997.56,3996.66,3997.2,110
1784500800,3997.21,3997.6,3996.65,3997.25,135
1784500860,3997.28,3998.84,3997.05,3998.84,191
1784500920,3998.86,3999.4,3997.31,3997.82,165
1784500980,3997.75,3998.19,3996.74,3997.2,154
1784501040,3997.21,3998.11,3996.68,3996.89,148
1784501100,3996.88,3997.25,3995.98,3996.82,141
1784501160,3996.82,3997.72,3996.69,3996.79,190
1784501220,3996.73,3996.98,3996.13,3996.65,148
1784501280,3996.65,3998.35,3996.65,3997.3,149
1784501340,3997.32,3997.77,3997.27,3997.45,126
1784501400,3997.46,3997.7,3996.9,3997.57,117
1784501460,3997.49,3998.17,3997.33,3997.56,142
1784501520,3997.55,3997.55,3996.63,3996.81,110
1784501580,3996.9,3997.85,3996.77,3997.26,179
1784501640,3997.24,3997.25,3996.69,3997.05,108
1784501700,3997.01,3998.44,3996.95,3998.32,145
1784501760,3998.3,3998.46,3996.64,3996.85,124
1784501820,3996.84,3997.07,3996.05,3996.05,138
1784501880,3996.09,3996.44,3995.72,3996.09,118
1784501940,3996.17,3996.17,3994.79,3994.85,146
1784502000,3994.84,3995.51,3992.34,3992.36,254
1784502060,3992.56,3992.99,3991.65,3992.33,217
1784502120,3992.41,3993.63,3992.38,3993.17,157
1784502180,3993.17,3995.2,3993.11,3993.7,175
1784502240,3993.74,3995.47,3993.49,3994.92,156
1784502300,3994.93,3995.17,3994.21,3994.26,185
1784502360,3994.29,3995.35,3993.68,3994.92,150
1784502420,3994.93,3994.99,3993.96,3994.11,99
1784502480,3994.4,3994.4,3993.43,3993.5,180
1784502540,3993.51,3994.51,3993.39,3994.44,147
1784502600,3994.45,3994.52,3993.82,3994,169
1784502660,3994.02,3994.63,3993.25,3993.55,155
1784502720,3993.51,3993.51,3991.32,3991.75,196
1784502780,3992,3992.45,3991.17,3991.28,161
1784502840,3991.22,3991.52,3990.82,3991.22,170
1784502900,3991.21,3993.95,3991.2,3992.86,185
1784502960,3992.87,3992.9,3992.59,3992.65,112
1784503020,3992.64,3992.64,3991.4,3991.4,182
1784503080,3991.38,3992.04,3991.38,3991.54,122
1784503140,3991.51,3991.86,3991.03,3991.34,130
1784503200,3991.33,3991.46,3990.66,3991.13,156
1784503260,3991.34,3991.58,3990.73,3991.23,140
1784503320,3991.25,3991.55,3991.21,3991.45,98
1784503380,3991.63,3992.1,3991.02,3992.07,155
1784503440,3992.08,3993.38,3991.97,3993.28,183
1784503500,3993.28,3993.86,3993.2,3993.22,156
1784503560,3993.25,3993.64,3992.7,3992.75,154
1784503620,3992.74,3992.99,3992.12,3992.17,142
1784503680,3992.16,3992.58,3992.05,3992.39,121
1784503740,3992.46,3993.36,3992.42,3993.11,112
1784503800,3993.31,3993.32,3992.79,3992.8,127
1784503860,3992.78,3993.65,3992.35,3993.61,135
1784503920,3993.62,3994.11,3993.27,3993.43,131
1784503980,3993.4,3993.97,3992.67,3992.77,141
1784504040,3992.76,3994.23,3992.16,3994.14,167
1784504100,3994.13,3994.17,3992.26,3993.41,164
1784504160,3993.42,3994.1,3993.31,3993.43,155
1784504220,3993.42,3993.43,3991.42,3992.65,175
1784504280,3992.64,3993.64,3992.64,3993.53,149
1784504340,3993.43,3994.13,3993.02,3993.26,147
1784504400,3993.44,3993.52,3991.38,3991.38,171
1784504460,3991.35,3991.5,3990.06,3990.66,174
1784504520,3990.66,3991.43,3990.26,3991.43,193
1784504580,3991.47,3992.58,3990.32,3992.39,170
1784504640,3992.4,3993.13,3991.95,3992.51,178
1784504700,3992.53,3993.55,3989.69,3990.73,243
1784504760,3990.15,3991.02,3989.58,3990.29,248
1784504820,3990.28,3991.23,3990.16,3990.4,180
1784504880,3990.41,3992.27,3990.41,3991.99,191
1784504940,3991.96,3991.99,3990.99,3991.44,209
1784505000,3991.43,3992.87,3991.43,3992.78,176
1784505060,3992.74,3995.56,3992.73,3994.75,212
1784505120,3994.72,3996.05,3994.08,3994.48,239
1784505180,3994.49,3995.37,3993.85,3994.21,237
1784505240,3994.25,3994.25,3992.63,3993.26,210
1784505300,3993.27,3994.55,3992.73,3994.54,190
1784505360,3994.14,3995.23,3993.98,3994.57,214
1784505420,3994.5,3995,3994.06,3995,155
1784505480,3994.98,3995.21,3994.63,3994.75,185
1784505540,3994.77,3995.63,3994.6,3995.56,205
1784505600,3995.73,3995.73,3989.19,3989.19,300
1784505660,3989.18,3989.18,3983.9,3984.59,296
1784505720,3983.86,3986.46,3982.89,3985.12,294
1784505780,3985.05,3986.31,3984.49,3986.15,269
1784505840,3986.13,3987.52,3985.25,3987.19,239
1784505900,3987.26,3988.33,3986.35,3988.3,234
1784505960,3988.48,3990.66,3988.48,3989.67,256
1784506020,3989.83,3991.64,3988.51,3989.29,249
1784506080,3989.38,3990.92,3988.74,3990.54,228
1784506140,3990.63,3990.71,3988.23,3988.53,271
1784506200,3988.6,3989.06,3987.65,3988.98,257
1784506260,3989.03,3992.21,3989.01,3990.17,233
1784506320,3990.33,3991.7,3990.23,3991.39,229
1784506380,3991.45,3998.77,3991.45,3997.69,284
1784506440,3997.53,3997.53,3995.95,3996.11,243
1784506500,3996.16,3997.26,3993.99,3997.06,275
1784506560,3996.92,3997.25,3995.56,3996.04,242
1784506620,3995.83,3999.14,3995.83,3998.65,234
1784506680,3998.64,3998.71,3996.16,3997.34,241
1784506740,3997.33,4000.15,3997.15,3999.78,238
1784506800,4000.07,4002.9,3999.09,4002.27,272
1784506860,4002.28,4005.57,4001.93,4002.81,296
1784506920,4002.77,4002.88,4000.45,4000.62,237
1784506980,4000.66,4002.38,4000.39,4002.38,241
1784507040,4002.31,4002.79,4001.42,4002.79,249
1784507100,4002.51,4003.02,4001.4,4001.41,256
1784507160,4001.28,4003.17,4001.28,4002.96,228
1784507220,4002.95,4003.93,4001.45,4003.93,257
1784507280,4004.02,4005.09,4003.56,4004.21,224
1784507340,4004.16,4004.96,4003.4,4003.91,234
1784507400,4003.85,4003.95,3998.71,3999.12,263
1784507460,3999.11,4000.76,3998.98,3999.95,274
1784507520,3999.93,4000.65,3999.43,4000.15,218
1784507580,4000.11,4002.22,3999.78,4002.03,247
1784507640,4002.01,4003.66,4001.46,4002.21,243
1784507700,4002.2,4007.14,4001.44,4006.07,251
1784507760,4005.87,4005.96,4002.71,4003.18,259
1784507820,4002.96,4004.28,4002.8,4003.74,260
1784507880,4003.71,4004.06,4000.89,4001.24,227
1784507940,4001.16,4001.58,4000.1,4000.1,232
1784508000,4000.04,4001.44,3999.88,4001.25,232
1784508060,4001.38,4002.51,4001.02,4002.3,211
1784508120,4002.39,4003.65,4002.1,4003.32,217
1784508180,4003.27,4003.45,4001.57,4001.61,236
1784508240,4001.6,4001.63,3998.5,3998.76,235
1784508300,3998.75,4002.56,3998.75,4001.91,238
1784508360,4001.88,4002.17,4001.2,4002.17,194
1784508420,4002.16,4002.99,4000.81,4000.89,256
1784508480,4000.91,4001.65,4000.35,4000.88,190
1784508540,4000.95,4001.45,3999.57,3999.8,221
1784508600,3999.8,4000.24,3999.57,3999.8,198
1784508660,3999.81,4000.77,3999.64,4000.77,192
1784508720,4000.77,4000.77,3998.88,3998.96,201
1784508780,3998.99,4000.29,3998.6,4000.27,204
1784508840,4000.19,4002.31,4000.15,4002,221
1784508900,4001.98,4003.7,4001.67,4002.66,242
1784508960,4002.47,4002.53,4001.09,4001.71,243
1784509020,4001.78,4002.83,4001.43,4002.77,220
1784509080,4002.78,4002.78,4000.54,4000.59,222
1784509140,4000.58,4010.02,4000.58,4008.6,300
1784509200,4008.9,4012.03,4007.27,4009.04,319
1784509260,4009.03,4014.27,4005.99,4014.27,316
1784509320,4014.28,4015.87,4013.24,4015.29,314
1784509380,4015.28,4016.22,4012.77,4015.08,315
1784509440,4014.93,4015.3,4010.88,4013.9,317
1784509500,4014.18,4016.34,4014.18,4015.21,289
1784509560,4015.18,4015.18,4010.69,4012.91,287
1784509620,4012.93,4012.95,4010.86,4010.94,284
1784509680,4011.16,4012.87,4010.43,4012.87,269
1784509740,4012.85,4016.86,4012.67,4016.74,297
1784509800,4016.7,4018.82,4016.2,4018.82,299
1784509860,4018.78,4020.74,4013.91,4014.14,300
1784509920,4013.91,4013.91,4010.9,4012.51,305
1784509980,4012.1,4012.9,4010.85,4010.86,267
1784510040,4010.92,4010.95,4009.32,4010.21,271
1784510100,4010.15,4010.34,4007.46,4008.85,281
1784510160,4008.92,4010.12,4008.29,4010.02,275
1784510220,4010.07,4010.07,4008.03,4008.38,263
1784510280,4008.03,4009.18,4005.41,4005.63,288
1784510340,4005.42,4005.95,4003.92,4004.51,279
1784510400,4004.45,4005.08,4002.59,4003.98,277
1784510460,4003.9,4004.75,4000.47,4001.03,282
1784510520,4001.09,4003.65,4001.09,4003.18,293
1784510580,4003.09,4003.23,4000.96,4002.34,274
1784510640,4002.47,4002.66,4000.07,4000.97,272
1784510700,4000.69,4003.67,3999.88,4003.5,287
1784510760,4003.52,4004.61,4002.78,4004.1,264
1784510820,4004.12,4004.12,4001.69,4001.78,267
1784510880,4001.79,4001.92,4000.56,4000.75,246
1784510940,4000.87,4003.25,4000.87,4003.14,272
1784511000,4003.09,4005.02,4002.59,4003.02,298
1784511060,4003.04,4004.88,4002.54,4004.14,277
1784511120,4004.17,4005.33,4002.48,4004.42,277
1784511180,4004.41,4005.71,4004,4004.72,285
1784511240,4004.65,4004.92,4003.6,4004.31,254
1784511300,4004.28,4004.71,4001.21,4001.42,264
1784511360,4001.31,4002.55,4001.25,4002.47,251
1784511420,4002.49,4004.47,4002.45,4003.51,264
1784511480,4003.47,4003.56,4000.86,4000.86,265
1784511540,4000.88,4002.08,4000.47,4001.92,248
1784511600,4001.99,4002.14,4000.65,4001.54,271
1784511660,4001.69,4002.82,4000.59,4001.17,278
1784511720,4000.81,4001.12,3999.37,4000.12,269
1784511780,3999.95,3999.95,3995.85,3997.57,293
1784511840,3997.46,3998,3997.09,3997.13,255
1784511900,3997.24,4002.7,3997.06,4002.42,280
1784511960,4002.74,4002.93,4000.78,4000.98,252
1784512020,4001.02,4002,4000.49,4001.6,250
1784512080,4001.64,4003.64,4000.89,4003.56,236
1784512140,4003.49,4004.34,4003.14,4003.98,271
1784512200,4003.92,4003.92,4000.48,4000.75,270
1784512260,4000.75,4000.86,4000.05,4000.64,265
1784512320,4000.73,4001.06,3998.18,3998.86,290
1784512380,3998.87,3999.2,3998.32,3998.32,243
1784512440,3998.24,3998.99,3997.83,3998.72,247
1784512500,3998.74,3999.58,3998.53,3998.57,238
1784512560,3998.6,3999.64,3998.3,3999.45,260
1784512620,3999.38,4002.07,3999,4001.47,260
1784512680,4001.45,4001.96,4001.01,4001.7,271
1784512740,4001.7,4004.06,4001.7,4002.27,260
1784512800,4002.49,4003,4001.44,4001.76,263
1784512860,4002.1,4003.8,4001.87,4003.67,279
1784512920,4003.74,4007.07,4003.45,4007.07,296
1784512980,4007.07,4008.94,4006.73,4008.17,293
1784513040,4008.17,4009.74,4007.39,4008.39,274
1784513100,4008.41,4008.82,4005.36,4005.72,277
1784513160,4005.71,4007.04,4004.86,4007.04,253
1784513220,4007.21,4007.57,4004.96,4005.2,262
1784513280,4005.25,4006.48,4004.89,4005.78,249
1784513340,4005.97,4008.34,4005.74,4007.56,249
1784513400,4007.54,4007.75,4005.21,4005.32,250
1784513460,4005.3,4007.5,4005.06,4006.6,269
1784513520,4006.48,4007.05,4005.76,4006.3,234
1784513580,4006.32,4006.51,4005.52,4006.46,215
1784513640,4006.37,4006.61,4005.67,4006.29,223
1784513700,4006.37,4006.8,4004.16,4004.83,236
1784513760,4004.81,4005.97,4004.81,4005.86,201
1784513820,4005.94,4005.99,4005.29,4005.29,200
1784513880,4005.3,4005.65,4004.49,4004.49,185
1784513940,4004.42,4004.68,4004.4,4004.62,195
1784514000,4004.64,4007.05,4004.63,4006.05,251
1784514060,4006.13,4006.89,4006.13,4006.65,189
1784514120,4006.65,4007.56,4006.34,4007.37,207
1784514180,4007.34,4007.8,4006.98,4007.59,180
1784514240,4007.63,4008.06,4007.24,4007.39,206
1784514300,4007.4,4008.81,4007.3,4007.3,220
1784514360,4007.39,4007.63,4006.27,4006.67,216
1784514420,4006.75,4007.63,4006.26,4007.63,212
1784514480,4007.71,4008.79,4007.38,4008.18,238
1784514540,4008.2,4008.5,4006.85,4006.94,199
1784514600,4006.65,4008.49,4006.18,4008.02,286
1784514660,4007.91,4008.05,4006.12,4007.8,274
1784514720,4007.62,4011.3,4007.56,4011.3,279
1784514780,4011.31,4012.78,4011.29,4011.33,284
1784514840,4011.15,4011.57,4010.47,4010.52,259
1784514900,4010.53,4013.07,4010.53,4013.02,256
1784514960,4013.04,4013.54,4012.16,4012.68,268
1784515020,4012.72,4012.96,4010.82,4010.93,249
1784515080,4010.94,4014.24,4010.81,4013.45,266
1784515140,4013.45,4013.7,4012.29,4013.09,251
1784515200,4013.18,4013.18,4009.57,4011.05,269
1784515260,4011.08,4012.9,4011.08,4012.15,254
1784515320,4012.47,4015.73,4012.47,4014.7,243
1784515380,4014.78,4016.14,4013.99,4016.14,248
1784515440,4016.21,4016.21,4014.26,4014.86,253
1784515500,4014.87,4016.33,4014.11,4015.87,264
1784515560,4015.86,4018.47,4015.86,4016.73,271
1784515620,4016.8,4018.77,4016.37,4018.18,270
1784515680,4018.36,4028.7,4018.03,4026.94,277
1784515740,4026.7,4026.7,4023.63,4025.01,274
1784515800,4025.14,4026.69,4023.15,4024.03,278
1784515860,4024.02,4024.55,4021.22,4021.88,280
1784515920,4021.86,4022.17,4021.04,4021.3,259
1784515980,4021.59,4025.82,4021.59,4024.61,269
1784516040,4024.64,4024.93,4022.82,4023.12,234
1784516100,4023.23,4023.94,4021.55,4021.78,219
1784516160,4021.8,4023.51,4021.4,4023.22,246
1784516220,4023.27,4023.48,4022.18,4022.7,238
1784516280,4022.61,4023.88,4022.22,4023.62,227
1784516340,4023.51,4023.92,4021.96,4021.98,269
1784516400,4021.97,4022.72,4020.72,4022.47,259
1784516460,4022.43,4022.51,4020.96,4022.13,230
1784516520,4022.15,4022.76,4020.15,4022.18,259
1784516580,4022.13,4022.18,4021.01,4021.07,245
1784516640,4021.05,4022.11,4020.47,4021.21,264
1784516700,4021.1,4021.86,4019.84,4019.9,253
1784516760,4020.03,4021.11,4019.15,4019.27,264
1784516820,4019.29,4019.76,4018.71,4019.46,258
1784516880,4019.56,4021.01,4019.08,4020.63,261
1784516940,4020.59,4021.45,4020.32,4020.56,237
1784517000,4020.57,4022.12,4020.25,4021.97,269
1784517060,4021.85,4022.14,4021.14,4021.25,234
1784517120,4021.3,4022.54,4020.51,4022.44,245
1784517180,4022.4,4023.84,4022.01,4022.17,262
1784517240,4022.18,4024.48,4022.11,4024.27,267
1784517300,4024.12,4025.91,4023.43,4025.5,264
1784517360,4025.45,4026.15,4025.08,4025.64,273
1784517420,4025.6,4026.02,4025.14,4025.73,242
1784517480,4025.77,4025.88,4024.65,4025.57,242
1784517540,4025.86,4026.09,4024.57,4025.71,227
1784517600,4025.5,4026.44,4024.97,4026.44,264
1784517660,4026.26,4026.77,4025.4,4025.96,252
1784517720,4025.96,4026.28,4025.31,4025.82,257
1784517780,4025.76,4025.79,4024.36,4025.18,232
1784517840,4024.99,4025.99,4024.8,4025.57,237
1784517900,4025.59,4025.7,4023.9,4024,250
1784517960,4023.97,4024.5,4023.33,4023.33,229
1784518020,4023.29,4023.54,4022.63,4022.67,231
1784518080,4022.59,4023.79,4021.69,4023.42,219
1784518140,4023.41,4023.71,4021.92,4022.21,240
1784518200,4022.35,4024.2,4021.95,4024.14,239
1784518260,4024.15,4024.78,4020.96,4020.96,230
1784518320,4021.13,4021.44,4019.82,4020.02,194
1784518380,4020.04,4020.12,4019.02,4019.31,209
1784518440,4019.18,4020.75,4019.15,4020.12,198
1784518500,4020.12,4022.39,4018.81,4022.07,237
1784518560,4022.1,4023.62,4020.93,4023.57,226
1784518620,4023.62,4025.57,4023.61,4024.49,241
1784518680,4024.53,4024.83,4023.43,4023.58,178
1784518740,4023.56,4025.35,4023.56,4024.9,150
1784518800,4024.92,4025.63,4024.59,4024.85,167
1784518860,4024.86,4025.29,4024.55,4025.24,188
1784518920,4025.27,4027.08,4025.27,4026.86,195
1784518980,4026.87,4027.95,4026.65,4026.96,194
1784519040,4026.87,4027.24,4026.55,4027.23,203
1784519100,4027.38,4027.85,4027.2,4027.52,219
1784519160,4027.53,4027.69,4026.7,4026.81,193
1784519220,4026.81,4027.29,4026.71,4027.22,191
1784519280,4027.11,4027.22,4026.47,4026.65,210
1784519340,4026.93,4026.96,4025.96,4026.12,173
1784519400,4026.14,4027.32,4026.06,4026.97,180
1784519460,4026.98,4027.45,4026.71,4026.86,171
1784519520,4026.87,4026.88,4025.77,4026.18,160
1784519580,4026.17,4026.23,4025.19,4025.19,188
1784519640,4025.29,4025.29,4024.67,4024.74,193
1784519700,4024.73,4024.78,4023.13,4023.38,215
1784519760,4023.35,4023.98,4023.35,4023.57,166
1784519820,4023.47,4023.72,4023.11,4023.26,196
1784519880,4023.25,4023.48,4022.89,4022.99,165
1784519940,4023.03,4024.15,4022.95,4024.14,174
1784520000,4024.1,4025.15,4023.98,4024.79,216
1784520060,4024.76,4025.82,4024.7,4025.06,212
1784520120,4025.04,4026.72,4025.01,4026.6,198
1784520180,4026.62,4026.62,4025.07,4025.54,213
1784520240,4025.54,4026.35,4025.11,4025.98,178
1784520300,4026,4026.54,4025.38,4026.33,161
1784520360,4026.34,4026.34,4025.61,4025.68,189
1784520420,4025.61,4025.61,4024.07,4024.85,168
1784520480,4024.84,4025.37,4024.53,4025.11,171
1784520540,4025.12,4025.12,4024.16,4024.22,145
1784520600,4024.21,4024.88,4024.12,4024.59,134
1784520660,4024.54,4024.57,4023.82,4023.87,170
1784520720,4023.88,4023.92,4022.77,4022.79,155
1784520780,4022.78,4022.78,4021.97,4022.44,187
1784520840,4022.5,4022.53,4021.47,4021.54,178
1784520900,4021.56,4023.57,4021.56,4023.13,130
1784520960,4023.17,4023.26,4022.46,4023.26,136
1784521020,4023.26,4023.5,4022.26,4022.39,166
1784521080,4022.5,4023.05,4022.5,4022.8,150
1784521140,4022.79,4023.51,4022.67,4023.32,140
1784521200,4023.37,4024.29,4023.04,4024.22,179
1784521260,4024.15,4024.37,4023.35,4023.4,139
1784521320,4023.37,4023.37,4021.69,4021.92,182
1784521380,4021.95,4022.8,4021.95,4022.18,167
1784521440,4022.27,4022.62,4021.5,4021.51,158
1784521500,4021.53,4022.81,4021.53,4022.81,146
1784521560,4022.83,4024.01,4022.77,4023.69,202
1784521620,4023.57,4024.31,4023.38,4024.21,179
1784521680,4024.22,4024.65,4024.04,4024.62,147
1784521740,4024.6,4025.45,4024.59,4025.32,139
1784521800,4025.32,4025.34,4022.88,4023.79,210
1784521860,4023.87,4025.2,4023.87,4024.68,156
1784521920,4024.64,4025.02,4023.47,4023.48,191
1784521980,4023.6,4024.31,4022.47,4022.61,210
1784522040,4022.6,4023.89,4022.31,4023.75,180
1784522100,4023.79,4023.8,4022.72,4022.97,187
1784522160,4022.94,4023.16,4022.48,4022.65,178
1784522220,4022.67,4023.12,4022.65,4022.81,129
1784522280,4022.81,4023.89,4022.51,4023.89,134
1784522340,4023.88,4024.46,4023.38,4023.38,183
1784522400,4023.37,4023.85,4022.99,4023.12,186
1784522460,4023.14,4023.62,4022.73,4022.76,131
1784522520,4022.77,4023.55,4022.55,4023.07,176
1784522580,4023.12,4023.18,4022.69,4022.75,127
1784522640,4022.74,4023.55,4022.74,4023.11,154
1784522700,4023.1,4023.1,4020.75,4020.86,201
1784522760,4020.97,4020.97,4019.57,4020.65,182
1784522820,4020.5,4021.09,4020.44,4020.81,172
1784522880,4020.71,4020.98,4020.03,4020.26,171
1784522940,4020.27,4020.31,4019.81,4020.1,156
1784523000,4020.02,4022.05,4020,4020.97,203
1784523060,4020.93,4021.29,4020.32,4021.05,209
1784523120,4021.04,4021.06,4019.43,4020.83,196
1784523180,4020.81,4021.43,4020.29,4021.18,145
1784523240,4021.15,4021.45,4021.11,4021.29,74
1784523300,4021.28,4021.85,4019.02,4019.13,186
1784523360,4019.11,4019.74,4019.11,4019.4,173
1784523420,4019.39,4019.6,4019.06,4019.09,106
1784523480,4019.07,4019.41,4018.69,4019.08,120
1784523540,4019.1,4019.1,4018.57,4018.89,160
1784523600,4018.98,4021.11,4018.98,4020.96,224
1784523660,4020.9,4021.07,4019.96,4020.46,189
1784523720,4020.47,4020.54,4019.93,4020.07,156
1784523780,4019.95,4019.95,4018.33,4018.65,200
1784523840,4018.65,4018.66,4017.13,4017.81,189
1784523900,4017.91,4018.44,4017.91,4018.07,145
1784523960,4018.04,4019.13,4017.64,4019,181
1784524020,4019.05,4019.27,4017.56,4017.84,168
1784524080,4017.84,4018.18,4016.22,4016.64,219
1784524140,4016.56,4016.93,4015.54,4015.97,169
1784524200,4015.93,4016,4014.59,4014.59,214
1784524260,4014.94,4015.34,4013.51,4013.65,177
1784524320,4013.7,4014.18,4011.96,4011.99,236
1784524380,4012.11,4013.89,4011.83,4013.81,235
1784524440,4013.9,4014.46,4013.52,4014.29,195
1784524500,4013.79,4014.79,4013.78,4014.25,226
1784524560,4014.28,4014.78,4014.08,4014.67,161
1784524620,4014.32,4014.42,4013.42,4013.7,204
1784524680,4013.69,4013.73,4012.86,4013.1,188
1784524740,4012.99,4013.87,4012.99,4013.55,173
1784524800,4013.52,4013.54,4011.62,4012.01,174
1784524860,4011.94,4012.86,4011.51,4012.75,209
1784524920,4012.59,4012.59,4012.23,4012.51,139
1784524980,4012.5,4012.81,4011.41,4012.03,165
1784525040,4012.04,4012.2,4011.37,4012.17,169
1784525100,4012.16,4012.21,4010.56,4012.16,241
1784525160,4012.17,4012.52,4011.64,4012.5,205
1784525220,4012.41,4013.24,4012.09,4012.42,172
1784525280,4012.44,4012.78,4011.94,4011.95,174
1784525340,4011.93,4011.96,4010,4010.83,209
1784525400,4010.84,4014.44,4010.14,4013.44,317
1784525460,4013.11,4013.27,4010.55,4011.36,279
1784525520,4011.27,4012.52,4010.17,4012.45,280
1784525580,4012.46,4013.05,4011.65,4012.19,249
1784525640,4012.17,4012.68,4010.27,4010.9,245
1784525700,4010.91,4011.14,4008.09,4008.24,284
1784525760,4008.31,4010.25,4007.97,4009.74,251
1784525820,4009.8,4010.76,4009.22,4010.3,246
1784525880,4010.25,4010.88,4010.13,4010.58,248
1784525940,4010.82,4011.01,4009.28,4010.18,262
1784526000,4010.19,4012.6,4010.02,4012.36,260
1784526060,4012.4,4012.4,4011.47,4011.74,266
1784526120,4011.72,4011.91,4010.63,4010.63,237
1784526180,4010.7,4011.01,4009.2,4010.29,270
1784526240,4010.19,4010.97,4009.94,4009.98,237
1784526300,4009.95,4010.42,4008.92,4009.72,259
1784526360,4009.7,4009.73,4008.41,4009.07,249
1784526420,4008.98,4010.17,4008.98,4010.17,245
1784526480,4010.12,4010.45,4008.68,4008.84,250
1784526540,4008.88,4009.1,4005.77,4005.77,275
1784526600,4006,4008.04,4005.63,4007.51,237
1784526660,4007.5,4007.5,4005.71,4005.8,219
1784526720,4005.76,4008.08,4005.45,4008.03,255
1784526780,4008.01,4008.42,4007.48,4008.25,240
1784526840,4008.21,4008.94,4007.47,4007.47,224
1784526900,4007.69,4008.85,4007.42,4008.83,250
1784526960,4008.84,4010.8,4008.66,4010.3,240
1784527020,4010.37,4010.37,4008.97,4009.19,219
1784527080,4009.29,4009.59,4008.66,4009,185
1784527140,4009.03,4009.9,4008.32,4008.71,217
1784527200,4008.8,4011.4,4008.8,4010.87,253
1784527260,4010.89,4011.47,4010.33,4011.28,243
1784527320,4011.32,4011.56,4010.68,4011.04,209
1784527380,4011.08,4011.71,4010.87,4011.13,224
1784527440,4011.14,4011.61,4010.29,4010.49,251
1784527500,4010.56,4010.56,4007.08,4008.76,261
1784527560,4008.75,4010.27,4008.75,4010.26,216
1784527620,4010.3,4010.42,4009.63,4009.79,223
1784527680,4009.77,4011.56,4009.77,4011.51,239
1784527740,4011.45,4011.75,4009.55,4009.7,225
1784527800,4009.73,4010.16,4009.19,4009.41,248
1784527860,4009.37,4009.69,4008.72,4009.13,228
1784527920,4009.04,4009.23,4008.22,4009.21,193
1784527980,4009.09,4009.14,4007.51,4007.53,183
1784528040,4007.5,4008.26,4006.86,4007.52,236
1784528100,4007.45,4008.24,4006.54,4007.33,242
1784528160,4007.42,4009.19,4007.24,4008.32,228
1784528220,4008.58,4008.8,4007.84,4007.84,242
1784528280,4008.07,4008.45,4007.48,4007.93,218
1784528340,4007.91,4009.42,4007.22,4008.93,238
1784528400,4008.86,4009.39,4008.43,4009.23,226
1784528460,4009.21,4009.54,4007.05,4007.05,246
1784528520,4006.97,4008.1,4006.86,4008.06,219
1784528580,4008.32,4009.29,4008.03,4008.82,202
1784528640,4008.8,4008.92,4008.28,4008.42,199
1784528700,4008.4,4008.63,4007.35,4007.92,203
1784528760,4007.92,4008.07,4005.9,4006.51,189
1784528820,4006.53,4006.56,4004.7,4005.43,237
1784528880,4005.24,4005.7,4004.1,4004.2,227
1784528940,4004.14,4005.72,4004.12,4004.91,197
1784529000,4004.9,4005.57,4004.72,4005.36,219
1784529060,4005.31,4005.68,4004.43,4005.2,256
1784529120,4005.21,4005.33,4003.03,4003.23,242
1784529180,4003.57,4004.68,4003.06,4004.6,238
1784529240,4004.61,4005.14,4004.25,4004.74,213
1784529300,4004.91,4004.93,4003.57,4003.99,236
1784529360,4004,4004.58,4003.65,4004.3,211
1784529420,4004.55,4004.64,4003.3,4004.62,235
1784529480,4004.64,4005.05,4003.75,4004.08,230
1784529540,4004.07,4004.92,4004.01,4004.69,214
1784529600,4004.7,4005.69,4004.65,4005.55,199
1784529660,4005.55,4006.58,4004.65,4005.76,233
1784529720,4005.95,4006.1,4004.97,4004.97,186
1784529780,4004.96,4005.16,4004.15,4004.25,187
1784529840,4004.34,4005.14,4004.07,4004.87,163
1784529900,4004.89,4006.71,4004.89,4006.58,217
1784529960,4006.67,4007.18,4006.44,4006.94,218
1784530020,4007,4007.55,4006.08,4006.35,206
1784530080,4006.37,4006.91,4005.94,4006.91,169
1784530140,4007,4007.2,4006.21,4006.34,177
1784530200,4006.32,4007.56,4006.17,4007.11,196
1784530260,4007.12,4007.21,4006.35,4006.4,182
1784530320,4006.39,4006.39,4005.41,4005.42,197
1784530380,4005.41,4005.5,4003.4,4003.98,238
1784530440,4004.01,4005.51,4003.96,4005.25,205
1784530500,4005.24,4005.73,4005.13,4005.29,222
1784530560,4005.28,4005.65,4004.45,4005.43,172
1784530620,4005.36,4005.53,4004.86,4004.88,206
1784530680,4004.95,4004.95,4003.4,4003.74,226
1784530740,4003.75,4004.19,4003.41,4003.89,176
1784530800,4003.77,4004.3,4002.32,4003.48,229
1784530860,4003.94,4006.55,4003.78,4005.43,254
1784530920,4005.45,4005.91,4005.12,4005.27,144
1784530980,4005.3,4005.57,4004.7,4005.04,205
1784531040,4005.22,4005.91,4004.93,4005.16,189
1784531100,4005.14,4005.98,4004.91,4005.84,211
1784531160,4005.69,4006.68,4005.48,4005.57,213
1784531220,4005.54,4006.86,4005.53,4006.68,185
1784531280,4006.55,4006.62,4005.76,4005.89,131
1784531340,4005.68,4005.91,4005.19,4005.58,181
1784531400,4005.57,4005.7,4004.65,4005.32,195
1784531460,4005.13,4005.29,4003.95,4004.05,205
1784531520,4004.15,4004.42,4003.84,4003.84,196
1784531580,4003.93,4004.26,4003.23,4003.23,183
1784531640,4003.3,4004.73,4003.17,4004.28,218
1784531700,4004.26,4004.6,4004.09,4004.48,148
1784531760,4004.57,4004.6,4002.64,4003.35,172
1784531820,4003.25,4003.78,4002.75,4002.8,131
1784531880,4002.61,4004.16,4002.3,4003.71,198
1784531940,4003.81,4003.94,4003.72,4003.88,118
1784532000,4003.94,4004.08,4003.25,4003.25,169
1784532060,4003.29,4004.21,4003.19,4003.58,194
1784532120,4003.51,4007.03,4003.16,4007,260
1784532180,4007.05,4007.05,4004.99,4006.37,244
1784532240,4006.39,4008.67,4006.12,4008.55,234
1784532300,4008.53,4008.53,4004.39,4004.79,254
1784532360,4004.74,4006.23,4004.51,4005.67,224
1784532420,4005.9,4006.03,4004.02,4004.37,211
1784532480,4004.43,4005.01,4003.53,4004.83,194
1784532540,4004.84,4006.85,4004.84,4006.85,211
1784532600,4006.76,4011.59,4006.69,4007.92,293
1784532660,4007.89,4009.67,4007.12,4008.42,238
1784532720,4008.37,4009.58,4007.93,4009.58,226
1784532780,4009.62,4012.83,4009.62,4011.79,244
1784532840,4011.66,4013.54,4011.41,4013,241
1784532900,4013.12,4015.39,4012.98,4014.94,269
1784532960,4014.7,4017.6,4014.25,4016.89,239
1784533020,4016.79,4017.06,4014.35,4014.48,241
1784533080,4014.39,4016.1,4013.34,4016.01,254
1784533140,4016.01,4018.15,4016.01,4016.48,235
1784533200,4016.52,4019.11,4016.15,4019.11,243
1784533260,4019.3,4019.3,4016.82,4016.84,239
1784533320,4016.95,4020.29,4016.67,4019.48,272
1784533380,4019.47,4020.71,4018.64,4018.76,248
1784533440,4018.76,4021.09,4018.76,4021.09,263
1784533500,4021.53,4021.57,4018.99,4021.02,260
1784533560,4021.15,4021.83,4020.35,4020.45,241
1784533620,4020.65,4021.11,4018.32,4018.43,246
1784533680,4018.29,4018.36,4016.62,4016.9,246
1784533740,4017.02,4018.24,4016.47,4017.96,214
1784533800,4017.75,4017.92,4016.59,4016.88,201
1784533860,4016.91,4017.83,4015.88,4017.58,215
1784533920,4017.79,4018.68,4017.7,4018.03,156
1784533980,4018.02,4018.05,4017.29,4017.42,165
1784534040,4017.43,4017.66,4016.96,4017.41,141
1784534100,4017.08,4018.39,4017.08,4017.75,184
1784534160,4017.74,4019.13,4017.73,4018.81,218
1784534220,4018.82,4019.11,4017.23,4017.57,210
1784534280,4017.58,4018.26,4017.4,4018.21,209
1784534340,4018.22,4018.28,4016.87,4017.03,204
1784534400,4017.41,4022.56,4017.41,4022.56,272
1784534460,4022.58,4023.56,4021.27,4021.27,268
1784534520,4021.16,4024.64,4020.61,4023.94,234
1784534580,4023.95,4024.72,4023.15,4024.53,221
1784534640,4024.56,4025.56,4022.9,4023.26,256
1784534700,4023.36,4023.36,4020.79,4021.08,202
1784534760,4021.09,4021.45,4019.63,4019.67,235
1784534820,4019.7,4020.34,4019.08,4019.77,223
1784534880,4019.88,4020.24,4018.8,4019.21,200
1784534940,4019.17,4020.29,4019.17,4019.99,182
1784535000,4020.06,4020.06,4019.35,4019.88,190
1784535060,4019.9,4020.65,4019.68,4020.63,200
1784535120,4020.62,4021.7,4020.37,4021.55,220
1784535180,4021.52,4022.4,4020.55,4022.35,186
1784535240,4022.4,4024.69,4022.38,4024.19,194
1784535300,4024.29,4025.03,4023.75,4025.03,235
1784535360,4025.05,4027.46,4025.05,4027.46,220
1784535420,4027.47,4028.06,4025.1,4025.27,212
1784535480,4025.25,4026.35,4024.89,4026.28,190
1784535540,4026.26,4027.03,4025.17,4025.22,215
1784535600,4025.1,4025.25,4023.62,4023.98,237
1784535660,4024.04,4024.65,4023.98,4024.03,195
1784535720,4024.02,4025.12,4023.22,4023.38,230
1784535780,4023.34,4024.85,4023.23,4023.85,194
1784535840,4023.86,4030.57,4023.86,4029.36,216
1784535900,4029.42,4029.51,4026.6,4026.81,260
1784535960,4026.75,4026.94,4025.57,4025.66,185
1784536020,4025.75,4026,4023.84,4024.09,207
1784536080,4024.1,4024.2,4022.86,4023.09,185
1784536140,4023.01,4023.3,4022.01,4022.12,185
1784536200,4022.03,4022.23,4019.01,4019.84,253
1784536260,4019.86,4020.55,4019.24,4019.63,232
1784536320,4019.65,4021.18,4019.2,4020.95,224
1784536380,4020.74,4021.23,4020.43,4021.15,194
1784536440,4021.16,4021.86,4019.97,4021.77,196
1784536500,4021.8,4021.84,4020.23,4021.43,193
1784536560,4021.57,4022.91,4021.05,4022.81,185
1784536620,4022.46,4023.64,4022.25,4023.64,174
1784536680,4023.66,4024.45,4023.6,4024.15,150
1784536740,4024.17,4024.24,4023.15,4024.11,170
1784536800,4024.13,4024.29,4023.87,4024.25,139
1784536860,4024.24,4024.93,4023.92,4024.11,130
1784536920,4024.06,4024.3,4022.64,4022.88,182
1784536980,4023,4023.15,4021.97,4022.07,191
1784537040,4022.06,4022.24,4021.63,4021.87,200
1784537100,4022.12,4022.12,4020.55,4020.67,174
1784537160,4020.63,4022,4020.27,4021.78,172
1784537220,4021.73,4022.55,4021.48,4022.1,166
1784537280,4022.2,4022.29,4021.17,4022.1,177
1784537340,4022.11,4022.87,4021.83,4021.9,202
1784537400,4021.91,4022.29,4020.36,4020.36,208
1784537460,4020.33,4020.33,4018.79,4019.37,199
1784537520,4019.36,4019.44,4018.16,4018.31,192
1784537580,4018.29,4018.82,4017.54,4018.54,187
1784537640,4018.5,4019.1,4018.09,4018.97,202
1784537700,4018.98,4020.31,4018.98,4019.86,166
1784537760,4020.02,4020.46,4019.58,4019.75,177
1784537820,4019.75,4020.16,4018.62,4019.22,200
1784537880,4019.23,4019.68,4019.16,4019.45,173
1784537940,4019.44,4019.74,4018.77,4019.04,146
1784538000,4018.99,4020.25,4018.46,4020.14,198
1784538060,4020.13,4020.64,4019.58,4020.04,169
1784538120,4020.2,4020.37,4019.11,4019.16,214
1784538180,4019.27,4019.96,4018.78,4018.89,184
1784538240,4018.79,4018.96,4018.34,4018.59,158
1784538300,4018.58,4018.95,4016.84,4016.91,219
1784538360,4016.89,4017.04,4015.32,4016.12,239
1784538420,4016.13,4016.83,4016.13,4016.82,150
1784538480,4016.86,4019.67,4016.86,4019.19,190
1784538540,4019.19,4019.2,4017.89,4018.04,186
1784538600,4018.03,4019.35,4018.03,4018.8,159
1784538660,4018.71,4019.5,4018.7,4019.36,156
1784538720,4019.37,4020.19,4018.73,4020.19,163
1784538780,4020.24,4021.07,4020.23,4020.58,185
1784538840,4020.56,4020.94,4019.37,4019.44,183
1784538900,4019.43,4021.44,4019.43,4020.98,182
1784538960,4020.96,4021.23,4020.31,4021.23,145
1784539020,4021.44,4022.09,4021.3,4021.75,164
1784539080,4022,4022.11,4021.05,4021.09,176
1784539140,4020.9,4020.9,4019.72,4019.72,164
1784539200,4019.53,4020.01,4019.31,4019.75,138
1784539260,4019.78,4020.26,4019.49,4020.23,166
1784539320,4020.22,4020.22,4019.25,4019.63,136
1784539380,4019.73,4020.32,4019.68,4020.27,150
1784539440,4020.1,4020.78,4019.63,4019.92,168
1784539500,4019.94,4019.94,4018.64,4019.26,180
1784539560,4019.27,4019.76,4018.57,4019.11,154
1784539620,4019.02,4019.31,4016.44,4016.83,175
1784539680,4016.76,4017.41,4016.67,4017.31,154
1784539740,4017.33,4017.33,4015.63,4016.45,185
1784539800,4016.29,4017.28,4015.35,4015.9,206
1784539860,4015.61,4016.04,4015,4016.02,198
1784539920,4015.98,4016.56,4015.56,4016.41,226
1784539980,4016.43,4018.85,4016.43,4018.2,221
1784540040,4018.17,4018.42,4017.58,4018.42,157
1784540100,4018.45,4020.08,4018.36,4020.04,193
1784540160,4019.97,4020.55,4018.16,4018.56,158
1784540220,4018.61,4019.28,4018.52,4018.93,113
1784540280,4018.95,4019.37,4018.61,4018.99,162
1784540340,4019,4020.09,4018.97,4020.09,134
1784540400,4020.11,4020.13,4019.09,4020.04,172
1784540460,4020.07,4021,4020.07,4020.51,162
1784540520,4020.45,4020.87,4020.34,4020.76,180
1784540580,4020.76,4020.98,4019.33,4019.44,180
1784540640,4019.46,4019.77,4019.19,4019.19,144
1784540700,4019.07,4019.24,4018.32,4018.98,165
1784540760,4018.96,4019.14,4017.65,4018.31,179
1784540820,4018.35,4020.58,4018.18,4020.58,162
1784540880,4020.58,4021.38,4020.1,4020.76,189
1784540940,4020.8,4023.28,4020.8,4022.83,172
1784541000,4022.85,4022.98,4019.77,4019.91,190
1784541060,4019.9,4019.91,4019.17,4019.31,183
1784541120,4019.3,4021.47,4019.3,4021.24,215
1784541180,4021.22,4021.35,4020.31,4020.44,206
1784541240,4020.63,4021.39,4020.51,4020.51,136
1784541300,4020.52,4020.58,4018.99,4019,150
1784541360,4019.03,4020.16,4019.03,4019.85,164
1784541420,4019.86,4019.86,4019.49,4019.6,156
1784541480,4019.57,4020.49,4019.57,4020.42,170
1784541540,4020.4,4021.24,4020.24,4021.21,156
1784541600,4021.14,4021.37,4019.45,4019.46,183
1784541660,4019.46,4019.47,4018.27,4019.11,177
1784541720,4019.24,4019.73,4018.98,4019.21,173
1784541780,4019.3,4019.73,4019.05,4019.59,157
1784541840,4019.57,4021.19,4019.3,4020.39,216
1784541900,4020.4,4021.58,4020.37,4021.58,155
1784541960,4021.57,4021.59,4020.6,4020.6,166
1784542020,4020.22,4020.84,4019.91,4020.01,130
1784542080,4020.05,4020.32,4019.82,4020.04,186
1784542140,4020.06,4020.65,4020.03,4020.41,105
1784542200,4020.42,4021.16,4020.11,4021.02,159
1784542260,4021.06,4021.75,4020.62,4020.73,197
1784542320,4020.8,4020.83,4020.09,4020.63,193
1784542380,4020.72,4021.41,4020.69,4021.41,125
1784542440,4021.39,4021.46,4020.68,4020.87,141
1784542500,4020.88,4021.47,4020.08,4020.59,127
1784542560,4020.57,4021.36,4020.3,4021.13,150
1784542620,4021.12,4021.12,4018.83,4019.14,174
1784542680,4019.13,4019.69,4019.05,4019.5,163
1784542740,4019.91,4019.91,4019.2,4019.42,153
1784542800,4019.44,4022.41,4019.44,4022.41,152
1784542860,4022.42,4022.67,4021.82,4022.29,165
1784542920,4022.28,4022.67,4021.85,4022.41,190
1784542980,4022.57,4023.07,4022.05,4022.31,158
1784543040,4022.34,4022.73,4021.58,4021.58,162
1784543100,4021.47,4022.24,4021.2,4021.31,184
1784543160,4021.29,4023.3,4021.29,4022.98,216
1784543220,4023,4023.03,4022.46,4022.76,124
1784543280,4022.75,4023.24,4022.61,4023.24,100
1784543340,4023.22,4023.23,4021.9,4021.9,132
1784543400,4021.84,4023.18,4021.78,4022.28,161
1784543460,4022.34,4022.59,4021.55,4021.93,171
1784543520,4021.92,4022.52,4021.92,4022.03,136
1784543580,4022.08,4024.27,4021.84,4023.75,163
1784543640,4023.76,4024.12,4022.88,4022.88,136
1784543700,4022.89,4022.92,4022.14,4022.49,186
1784543760,4022.53,4022.61,4021.83,4022.19,168
1784543820,4022.18,4022.35,4021.66,4022.08,176
1784543880,4022.11,4022.27,4021.27,4021.75,137
1784543940,4021.74,4022.63,4021.73,4022.52,100
1784544000,4022.53,4022.53,4021.62,4022.07,157
1784544060,4022.06,4023.18,4021.93,4022.39,175
1784544120,4022.27,4022.69,4022.07,4022.61,123
1784544180,4022.6,4022.66,4022.03,4022.29,109
1784544240,4022.3,4022.72,4022.06,4022.29,169
1784544300,4022.27,4022.39,4021.86,4022.39,144
1784544360,4022.4,4022.91,4021.34,4021.53,152
1784544420,4021.54,4021.7,4021.2,4021.5,132
1784544480,4021.48,4021.94,4021.1,4021.82,156
1784544540,4021.81,4021.84,4021.08,4021.26,141
1784544600,4021.38,4022.7,4021.01,4022.7,180
1784544660,4022.72,4023.82,4022.72,4023.72,151
1784544720,4023.6,4023.9,4022.73,4023.06,156
1784544780,4023.06,4024.63,4023.06,4024.63,175
1784544840,4024.63,4025.63,4024.59,4024.63,131
1784544900,4024.93,4025.02,4023.09,4023.59,162
1784544960,4023.72,4023.84,4022.59,4022.74,134
1784545020,4022.89,4024.87,4022.87,4024.87,127
1784545080,4024.85,4024.86,4022.92,4023.39,182
1784545140,4023.4,4024.49,4023.34,4024.19,160
1784545200,4024.37,4026.1,4023.54,4025.46,251
1784545260,4025.5,4027.31,4025.02,4026.13,244
1784545320,4026.12,4026.27,4024.27,4024.27,207
1784545380,4024.01,4024.29,4022.89,4023.99,221
1784545440,4024.01,4024.97,4023.24,4024.42,238
1784545500,4024.43,4025.37,4023.85,4024.59,203
1784545560,4024.59,4024.73,4023.22,4023.25,197
1784545620,4023.39,4023.96,4022.9,4023.02,180
1784545680,4022.99,4024.01,4022.77,4023.83,159
1784545740,4023.71,4024.19,4022.78,4022.78,173
1784545800,4022.76,4022.94,4022.24,4022.38,193
1784545860,4022.39,4022.48,4021.3,4021.5,229
1784545920,4021.51,4021.53,4019.91,4020.67,167
1784545980,4020.71,4021.76,4020.28,4021.6,215
1784546040,4021.61,4022.45,4021.37,4022.13,150
1784546100,4022.25,4023.83,4022.21,4022.71,159
1784546160,4022.57,4023,4022.53,4022.57,150
1784546220,4022.75,4022.78,4021.76,4022.03,143
1784546280,4022.02,4022.64,4021.69,4021.82,163
1784546340,4021.84,4023.23,4021.78,4023.23,196
1784546400,4023.06,4023.06,4022.11,4022.21,144
1784546460,4021.97,4022,4021.44,4021.45,155
1784546520,4021.49,4021.71,4021.24,4021.71,100
1784546580,4021.91,4022.13,4021.39,4021.39,149
1784546640,4021.56,4021.92,4021.39,4021.57,140
1784546700,4021.54,4021.54,4020.2,4021.03,189
1784546760,4021.17,4021.39,4020.02,4020.47,170
1784546820,4020.46,4023.66,4020.27,4023.17,168
1784546880,4023.33,4023.33,4021.83,4022.24,140
1784546940,4022.29,4022.69,4022.13,4022.25,148
1784547000,4022.24,4035.14,4021.57,4029.9,311
1784547060,4029.83,4035.41,4027.6,4031.6,326
1784547120,4031.59,4036.67,4029.81,4034.37,318
1784547180,4034.61,4035.73,4032.08,4034.55,304
1784547240,4034.67,4040.44,4034.07,4036.93,320
1784547300,4036.94,4037.33,4031.32,4032.29,302
1784547360,4032.37,4033.1,4030.38,4030.74,300
1784547420,4030.75,4032.19,4029.59,4031.64,286
1784547480,4031.35,4032.03,4029.68,4031.9,267
1784547540,4031.88,4034.32,4031.54,4032.6,269
1784547600,4032.56,4033.39,4032.08,4032.51,242
1784547660,4032.5,4033.43,4030.93,4032.6,283
1784547720,4032.57,4032.59,4029.54,4030.08,265
1784547780,4030.12,4031.17,4029.7,4030.02,258
1784547840,4030,4032.58,4029.98,4032.58,247
1784547900,4032.35,4032.41,4029.69,4029.84,232
1784547960,4029.82,4030.26,4028.37,4028.92,259
1784548020,4028.9,4030.05,4028.18,4028.97,261
1784548080,4029.04,4029.27,4027.36,4027.77,260
1784548140,4027.82,4028.42,4026.77,4027.76,204
1784548200,4027.77,4027.79,4025.74,4026.09,245
1784548260,4026.1,4028.45,4025.6,4028.18,258
1784548320,4028.19,4028.57,4027.23,4027.35,215
1784548380,4027.37,4027.82,4026.62,4027.64,233
1784548440,4027.72,4028.17,4027.24,4027.89,188
1784548500,4027.83,4028.77,4026.56,4027.47,275
1784548560,4027.26,4027.72,4026.93,4027.12,156
1784548620,4027.1,4027.97,4027.01,4027.11,209
1784548680,4027.02,4027.47,4026.93,4027.46,204
1784548740,4027.26,4027.34,4025.19,4025.36,216
1784548800,4025.21,4025.28,4018.5,4019.11,301
1784548860,4019.15,4021.08,4019.15,4019.75,258
1784548920,4019.74,4020.85,4012.65,4014.51,298
1784548980,4015.02,4016.61,4012.37,4014.18,316
1784549040,4014.35,4016.63,4012.98,4014.31,292
1784549100,4014.44,4016.85,4014.32,4016.74,254
1784549160,4016.79,4017.64,4015.97,4015.97,263
1784549220,4015.96,4015.97,4013.66,4015.04,247
1784549280,4014.77,4015.32,4012.89,4015,281
1784549340,4014.96,4016.56,4014.96,4016.15,247
1784549400,4016.21,4016.92,4014.4,4015.99,248
1784549460,4016.06,4016.48,4013.68,4015.76,243
1784549520,4016.03,4016.03,4014.51,4015.47,243
1784549580,4015.49,4015.5,4011.66,4012.84,269
1784549640,4012.84,4013.01,4011.58,4012.79,267
1784549700,4012.54,4014.17,4010.14,4011.2,260
1784549760,4011.19,4012.96,4010.3,4011.96,240
1784549820,4012.03,4013.04,4011.9,4012.1,208
1784549880,4012.09,4014.82,4012.09,4014.36,247
1784549940,4014.35,4014.78,4012.96,4013.72,262
1784550000,4013.48,4013.48,4009.78,4011.99,234
1784550060,4012.04,4012.1,4009.23,4009.23,232
1784550120,4009.19,4009.78,4008.27,4009.26,264
1784550180,4009.28,4009.98,4007.69,4009.23,235
1784550240,4009.2,4010.27,4006.81,4007.89,266
1784550300,4007.71,4009.21,4007.07,4009.09,264
1784550360,4009.05,4011.7,4008.37,4011.21,236
1784550420,4011.14,4013.34,4010.26,4011.66,190
1784550480,4011.58,4012.35,4010.95,4011.87,189
1784550540,4011.77,4013.01,4011.5,4013.01,198
1784550600,4013,4013.87,4012.24,4013.78,264
1784550660,4013.53,4014.11,4012.28,4012.72,244
1784550720,4012.42,4013.78,4011.21,4013.69,240
1784550780,4013.7,4013.7,4012.3,4013.23,234
1784550840,4013.13,4013.53,4012.22,4012.83,246
1784550900,4012.93,4014.83,4012.39,4014.52,262
1784550960,4014.53,4014.61,4012.12,4012.65,230
1784551020,4012.21,4013.21,4012.21,4013.21,214
1784551080,4013.2,4013.75,4012.41,4012.53,164
1784551140,4012.53,4012.98,4011.88,4011.91,197
1784551200,4011.92,4011.92,4010.06,4010.34,207
1784551260,4010.14,4011.17,4009.53,4010.93,216
1784551320,4010.92,4010.98,4007.08,4008.21,238
1784551380,4007.99,4008.51,4006.81,4008.51,228
1784551440,4008.63,4010.14,4006.63,4010.03,276
1784551500,4010.13,4012.45,4009.13,4012.25,248
1784551560,4012.18,4014.11,4011.73,4013.53,224
1784551620,4013.68,4015.26,4013.45,4014.67,241
1784551680,4015.33,4015.71,4014.12,4014.52,265
1784551740,4014.53,4014.53,4011.98,4012.02,225
1784551800,4011.81,4011.92,4010.16,4010.81,225
1784551860,4010.83,4011.39,4010.22,4010.36,199
1784551920,4010.37,4011.44,4009.92,4009.92,206
1784551980,4009.92,4010.68,4009.66,4010.48,213
1784552040,4010.39,4012.19,4009.23,4009.36,241
1784552100,4009.41,4010.47,4009.17,4009.79,235
1784552160,4009.73,4009.86,4008.47,4009.21,218
1784552220,4009.2,4009.93,4009.06,4009.68,199
1784552280,4009.63,4010.21,4008.39,4008.75,239
1784552340,4008.77,4009.2,4008.11,4008.28,211
1784552400,4008.29,4012.36,4008.29,4011.73,314
1784552460,4011.53,4011.87,4010.1,4010.64,288
1784552520,4011.03,4013.91,4011.02,4011.5,298
1784552580,4011.6,4012.08,4010.87,4011.66,279
1784552640,4011.65,4012.94,4011.19,4012.63,274
1784552700,4012.43,4012.86,4011.48,4011.79,249
1784552760,4012.11,4012.11,4009.43,4010.29,259
1784552820,4009.92,4010.11,4008.67,4009.98,220
1784552880,4009.95,4010.47,4009.35,4009.67,224
1784552940,4009.56,4009.98,4008.5,4008.62,256
1784553000,4008.63,4009.46,4008,4008.25,256
1784553060,4008.43,4009.82,4008.21,4009.22,272
1784553120,4009.32,4010.7,4008.25,4010.29,244
1784553180,4010.4,4011.17,4009.14,4009.14,231
1784553240,4008.8,4009.33,4008.58,4008.81,230
1784553300,4008.79,4009.33,4007.09,4008.86,253
1784553360,4008.86,4011.76,4008.43,4011.36,251
1784553420,4011.39,4011.82,4009.15,4009.45,240
1784553480,4009.44,4009.76,4007.92,4009.11,222
1784553540,4009.05,4010.3,4009.05,4010.1,208
1784553600,4010.28,4012.63,4009.97,4012.14,252
1784553660,4012.07,4012.27,4010.64,4010.82,212
1784553720,4010.74,4011.52,4010.62,4010.68,229
1784553780,4010.7,4011.16,4009.39,4010.91,236
1784553840,4011.02,4012.5,4011.01,4012.12,235
1784553900,4011.86,4012.57,4011.49,4011.98,248
1784553960,4011.78,4012.06,4009.83,4010.26,229
1784554020,4010.23,4011.05,4009.67,4010.11,221
1784554080,4010.01,4010.89,4009.68,4010.05,230
1784554140,4010.07,4010.45,4008.03,4008.64,253
1784554200,4008.89,4011,4008.3,4010.96,294
1784554260,4010.98,4013.56,4010.81,4013.37,286
1784554320,4013.44,4014.85,4012.85,4013.4,258
1784554380,4013.41,4014.44,4012.74,4013.68,286
1784554440,4013.71,4015.46,4013.19,4014.03,284
1784554500,4014.01,4014.15,4008.85,4011,292
1784554560,4011.04,4012.54,4010.16,4010.31,276
1784554620,4010.61,4011.6,4009.84,4011.49,261
1784554680,4011.53,4013.71,4011.53,4012.58,283
1784554740,4012.54,4014.34,4012.47,4014.13,270
1784554800,4014.39,4016.78,4013.82,4016.32,288
1784554860,4016.41,4017.38,4014.69,4015.44,296
1784554920,4014.95,4015.59,4013.28,4014.94,292
1784554980,4015.01,4015.3,4013.48,4013.48,268
1784555040,4013.28,4013.73,4012.53,4012.96,281
1784555100,4013.1,4013.24,4010.7,4010.7,274
1784555160,4010.5,4012.07,4010.33,4011.63,279
1784555220,4011.46,4011.82,4010.27,4011.14,237
1784555280,4011.09,4011.63,4009.46,4009.86,248
1784555340,4009.75,4012.34,4009.68,4010.85,264
1784555400,4011.14,4013.35,4008.37,4009.44,284
1784555460,4009.38,4011.11,4009.23,4011.11,252
1784555520,4011.05,4011.11,4009.53,4010.44,271
1784555580,4010.47,4010.63,4007.31,4008.56,275
1784555640,4008.4,4010.74,4008.4,4010.12,271
1784555700,4010.13,4011.93,4009.57,4009.78,287
1784555760,4009.55,4010.1,4008.6,4009.7,283
1784555820,4009.55,4010.1,4008.91,4010.08,263
1784555880,4010.06,4010.06,4005.85,4006.68,297
1784555940,4006.7,4007.68,4005.76,4005.76,261
1784556000,4005.73,4007.93,4003.42,4004.9,288
1784556060,4004.83,4006.25,4003.37,4006.25,278
1784556120,4006.07,4006.07,4001.34,4003.09,298
1784556180,4002.95,4005.93,4002.95,4003.49,287
1784556240,4003.52,4004.84,4003.46,4003.96,283
1784556300,4003.88,4005.64,4003.53,4004.71,278
1784556360,4004.01,4005.15,4002.53,4004.68,290
1784556420,4004.53,4005.71,4002.95,4004.6,285
1784556480,4004.61,4004.64,4003.25,4003.37,273
1784556540,4003.49,4003.72,4000.74,4001.01,290
1784556600,4000.94,4001.36,3998.59,4001.09,286
1784556660,4001.1,4001.32,3999.45,3999.48,291
1784556720,3999.34,4001.26,3999.31,4000.65,268
1784556780,4000.52,4002.08,4000.52,4001.17,284
1784556840,4001.13,4001.21,3998.38,3998.8,271
1784556900,3998.91,4001.59,3998.44,4000.76,287
1784556960,4000.63,4000.92,3999.37,3999.53,279
1784557020,4000.18,4001.76,4000.12,4001.54,256
1784557080,4001.64,4001.93,4000.69,4001.56,272
1784557140,4001.39,4003.09,4001.01,4002.25,274
1784557200,4002.25,4002.25,3998.9,3999.11,279
1784557260,3999.12,3999.91,3998.35,3999.7,285
1784557320,3999.63,4001.21,3999.26,4001.07,286
1784557380,4000.82,4002.56,4000.43,4002.45,253
1784557440,4002.55,4002.96,4002.22,4002.81,259
1784557500,4002.83,4004.63,4002.61,4004.43,266
1784557560,4004.5,4006.06,4003.82,4006.01,283
1784557620,4006.03,4006.25,4004.65,4004.89,291
1784557680,4004.93,4005.72,4004.58,4005.37,247
1784557740,4005.44,4006.74,4005.41,4006.74,249
1784557800,4006.77,4008.04,4006.12,4007.26,278
1784557860,4007.4,4008.29,4006.44,4007.7,248
1784557920,4007.71,4007.89,4006.74,4007.38,268
1784557980,4007.42,4008.55,4007.27,4008.12,246
1784558040,4008.21,4009.74,4008.08,4009.69,272
1784558100,4009.68,4009.69,4007.9,4008.99,246
1784558160,4008.97,4009.6,4007.55,4007.64,249
1784558220,4007.68,4009.14,4007.18,4009.1,280
1784558280,4009.38,4010.1,4008.24,4009.07,261
1784558340,4009.06,4010.45,4009.02,4009.78,244
1784558400,4009.54,4010.94,4009.32,4009.86,255
1784558460,4009.85,4010.11,4008.74,4009.34,249
1784558520,4009.46,4009.7,4008.77,4008.93,266
1784558580,4008.94,4009.81,4007.27,4007.31,233
1784558640,4007.36,4008.05,4007.09,4007.44,248
1784558700,4007.39,4010.3,4006.94,4009.98,269
1784558760,4009.99,4012.5,4009.76,4012.47,285
1784558820,4012.52,4012.99,4011.5,4011.66,292
1784558880,4011.7,4012.37,4010.89,4011.39,266
1784558940,4011.44,4013.5,4011.03,4012.89,267
1784559000,4012.69,4013.24,4011.77,4012.36,251
1784559060,4012.39,4012.87,4010.59,4010.94,240
1784559120,4010.95,4011.37,4009.31,4009.71,247
1784559180,4009.7,4010.7,4009.59,4010.7,225
1784559240,4010.66,4010.66,4008.19,4008.19,237
1784559300,4008.12,4008.17,4006.85,4007.67,288
1784559360,4007.66,4007.94,4006.56,4006.74,263
1784559420,4006.73,4007.7,4005.5,4007.6,281
1784559480,4007.67,4008.17,4005.52,4005.66,282
1784559540,4005.46,4006.63,4005.17,4006.21,250
1784559600,4006.43,4007.68,4004.53,4007.13,292
1784559660,4007.29,4009.66,4006.05,4009.65,286
1784559720,4009.59,4010.34,4009.21,4010.26,268
1784559780,4010.31,4010.85,4009.2,4009.49,256
1784559840,4009.48,4010.53,4008.47,4009.44,249
1784559900,4009.43,4010.12,4006.99,4007.27,273
1784559960,4007.31,4008.84,4007.16,4008.84,253
1784560020,4008.75,4009.39,4008.4,4009.2,245
1784560080,4009.29,4013.94,4009,4013.02,265
1784560140,4012.84,4019.47,4012.51,4019.47,298
1784560200,4018.7,4018.84,4015.45,4015.49,286
1784560260,4015.43,4015.93,4013.25,4013.61,266
1784560320,4013.61,4014.24,4012.58,4013.49,267
1784560380,4013.52,4015.86,4012.71,4015.43,270
1784560440,4015.4,4015.4,4013.25,4014.44,269
1784560500,4014.32,4015.46,4012.61,4013.9,260
1784560560,4013.88,4014.47,4012.97,4013.89,238
1784560620,4013.9,4014.15,4011.36,4012.3,243
1784560680,4012.31,4013.03,4012.03,4012.54,249
1784560740,4012.49,4013,4011.82,4012.4,227
1784560800,4012.41,4012.45,4011.32,4011.49,264
1784560860,4011.48,4012.76,4011.36,4012.73,231
1784560920,4012.74,4013.67,4012.74,4013.59,252
1784560980,4013.61,4014.8,4013.2,4013.56,231
1784561040,4013.42,4015.03,4013.22,4014.98,218
1784561100,4014.99,4016.1,4014.99,4016.1,251
1784561160,4016.02,4016.09,4014.84,4015.41,233
1784561220,4015.43,4016.04,4015.26,4015.74,234
1784561280,4015.73,4016.45,4015.27,4015.42,237
1784561340,4015.4,4016.66,4015.38,4016.51,220
1784561400,4016.5,4016.85,4015.22,4015.69,262
1784561460,4015.84,4016.16,4014.87,4015.16,218
1784561520,4015.12,4016.09,4014.75,4014.86,222
1784561580,4014.84,4015.09,4013.48,4013.85,214
1784561640,4013.91,4013.91,4012.71,4013.33,244
1784561700,4013.31,4013.82,4012.46,4013.41,245
1784561760,4013.08,4014.03,4012.89,4013.59,230
1784561820,4013.76,4014.49,4011.77,4011.77,246
1784561880,4012.09,4012.15,4010.45,4011.39,239
1784561940,4011.38,4011.58,4010.35,4011.3,235
1784562000,4011.29,4011.43,4010.43,4010.43,210
1784562060,4010.42,4011.99,4010.42,4010.82,238
1784562120,4010.76,4011.27,4010.43,4011.1,250
1784562180,4011.08,4012.22,4010.87,4011.39,217
1784562240,4011.31,4013,4011.16,4012.91,199
1784562300,4012.92,4012.99,4012.11,4012.54,234
1784562360,4012.53,4015.08,4012.53,4014.74,227
1784562420,4014.83,4015.14,4013.76,4014.09,225
1784562480,4014.01,4014.01,4013.14,4013.43,238
1784562540,4013.44,4015.15,4013.17,4014.79,181
1784562600,4014.84,4015.71,4014.77,4014.97,221
1784562660,4015.22,4016.45,4014.96,4015.69,236
1784562720,4015.68,4015.75,4014.71,4015.04,200
1784562780,4015.07,4015.56,4014.7,4015.49,227
1784562840,4015.46,4015.73,4014.29,4014.49,245
1784562900,4014.44,4015.17,4014.28,4014.93,196
1784562960,4014.97,4015.18,4014.53,4014.94,187
1784563020,4014.93,4015.15,4012.95,4013,220
1784563080,4012.98,4013.8,4012.96,4013.19,204
1784563140,4013.29,4013.61,4011.82,4011.87,221
1784563200,4011.92,4012.68,4011.31,4012.28,221
1784563260,4012.29,4013.71,4011.86,4013.41,240
1784563320,4013.2,4014.44,4012.47,4014.44,219
1784563380,4014.52,4015.94,4014.37,4015.28,227
1784563440,4015.35,4015.64,4015.16,4015.58,182
1784563500,4015.59,4016.99,4015.19,4016.5,177
1784563560,4016.51,4017.97,4016.23,4017.97,210
1784563620,4017.84,4018.42,4017.51,4017.92,231
1784563680,4018.05,4018.17,4016.42,4017.11,230
1784563740,4017.17,4017.54,4017,4017.44,155
1784563800,4017.47,4018.27,4017.24,4017.42,195
1784563860,4017.23,4017.47,4015.72,4016.03,208
1784563920,4016.08,4016.2,4015.15,4015.42,176
1784563980,4015.47,4016.02,4013.63,4013.63,189
1784564040,4013.52,4013.81,4012.81,4013.81,222
1784564100,4013.6,4013.91,4012.24,4012.31,205
1784564160,4012.29,4013.69,4012.29,4013.08,203
1784564220,4012.99,4014.37,4012.98,4014.34,220
1784564280,4014.37,4014.44,4013.34,4013.37,198
1784564340,4013.36,4013.38,4012.18,4012.34,195
1784564400,4012.37,4012.68,4012.04,4012.34,189
1784564460,4012.2,4012.76,4012,4012.67,168
1784564520,4012.63,4012.66,4011.81,4011.84,157
1784564580,4011.89,4012.3,4011.8,4012.15,168
1784564640,4012.13,4012.13,4011.77,4012.08,128
1784564700,4012.1,4012.39,4010.86,4012.39,219
1784564760,4012.27,4012.66,4012.02,4012.28,176
1784564820,4012.33,4013.42,4012.11,4012.42,210
1784564880,4012.26,4012.59,4012,4012.17,163
1784564940,4012.16,4012.84,4012,4012.6,175
1784565000,4012.62,4012.74,4010.18,4010.34,229
1784565060,4010.33,4011.68,4010.03,4011.26,217
1784565120,4011.29,4011.86,4010.77,4011.86,206
1784565180,4011.8,4011.84,4010.22,4010.51,188
1784565240,4010.49,4010.52,4009.38,4009.48,227
1784565300,4009.49,4011.14,4009.38,4010.14,213
1784565360,4010.08,4010.48,4009.91,4010.28,205
1784565420,4010.38,4011.44,4010.12,4011.29,201
1784565480,4011.28,4011.72,4011.1,4011.4,168
1784565540,4011.42,4012.15,4011.42,4012.09,183
1784565600,4012.1,4012.4,4011.83,4012.34,170
1784565660,4012.33,4012.33,4001.5,4005.24,263
1784565720,4005.54,4009.05,4005.2,4008.87,312
1784565780,4008.58,4009.66,4007.63,4008.61,249
1784565840,4008.66,4009.82,4008.17,4009.64,233
1784565900,4009.6,4009.75,4007.23,4008.34,237
1784565960,4008.28,4010.38,4008.07,4010.38,224
1784566020,4010.37,4010.37,4008.64,4008.8,251
1784566080,4008.5,4009.94,4008.39,4009.52,187
1784566140,4009.21,4009.58,4008.85,4008.94,189
1784566200,4008.99,4009,4007.43,4008.27,228
1784566260,4008.66,4009,4007.69,4007.86,215
1784566320,4007.87,4009.04,4007.76,4008.47,194
1784566380,4008.57,4008.78,4008.09,4008.75,188
1784566440,4008.73,4009.01,4008.03,4008.43,192
1784566500,4008.38,4008.93,4007.92,4008.88,186
1784566560,4008.79,4008.9,4007.98,4007.99,161
1784566620,4007.98,4009.54,4007.98,4009.5,221
1784566680,4009.46,4010.56,4008.49,4009.33,203
1784566740,4009.34,4010.45,4009.31,4009.85,180
1784566800,4009.84,4012.12,4009.83,4011.94,212
1784566860,4012.01,4012.01,4010.71,4011.11,193
1784566920,4011.14,4011.68,4010.31,4011.68,190
1784566980,4011.74,4012.38,4011.74,4012.09,187
1784567040,4011.74,4011.79,4011.07,4011.29,165
1784567100,4011.25,4011.25,4010.21,4011.04,177
1784567160,4011.03,4011.77,4010.9,4011.12,206
1784567220,4011.09,4011.46,4010.49,4010.76,176
1784567280,4010.77,4011.05,4010.42,4011.02,181
1784567340,4011.07,4012.09,4011.07,4011.81,161
1784567400,4011.78,4012.13,4011,4011.76,197
1784567460,4011.77,4011.8,4010.71,4011.25,186
1784567520,4011.36,4011.5,4010.31,4010.98,163
1784567580,4010.97,4011.34,4010.25,4010.83,159
1784567640,4010.81,4010.87,4009.61,4010.23,192
1784567700,4010.19,4010.19,4008.96,4009.73,211
1784567760,4009.72,4010.94,4009.32,4010.79,194
1784567820,4010.81,4011.26,4010.5,4010.7,175
1784567880,4010.72,4011.29,4010.72,4011.29,158
1784567940,4011.34,4011.61,4010.07,4010.54,157
1784568000,4010.57,4010.78,4009.89,4010.72,178
1784568060,4010.73,4012.29,4010.59,4012.07,212
1784568120,4012.03,4013.01,4011.76,4011.76,201
1784568180,4011.87,4012.07,4010.82,4011.19,146
1784568240,4011.12,4011.58,4010.27,4011.48,238
1784568300,4011.32,4012.13,4011.26,4012.13,167
1784568360,4012.14,4012.76,4011.76,4012.65,176
1784568420,4012.75,4012.86,4011.93,4012.69,169
1784568480,4012.72,4012.76,4011.35,4011.37,162
1784568540,4011.33,4012.56,4010.99,4012.12,284
1784568600,4012.3,4012.53,4011.02,4011.32,217
1784568660,4011.31,4011.9,4010.81,4011.27,195
1784568720,4011.24,4011.82,4010.99,4011.74,149
1784568780,4011.82,4012.38,4011.18,4012.19,212
1784568840,4012.21,4013,4012.07,4012.22,132
1784568900,4012.06,4012.47,4012.01,4012.35,204
1784568960,4012.33,4012.67,4011.7,4012.6,193
1784569020,4012.56,4012.58,4011.82,4011.83,158
1784569080,4011.82,4012.17,4011.82,4011.99,116
1784569140,4012,4012.18,4010,4010.09,161
1784569200,4010.04,4010.34,4009.86,4009.9,191
1784569260,4009.89,4010.21,4009.84,4010.01,174
1784569320,4009.98,4010.47,4009.79,4010.25,171
1784569380,4010.21,4010.21,4008.55,4009,183
1784569440,4008.9,4009.08,4007.83,4008.08,167
1784569500,4008.06,4008.06,4006.86,4007.56,206
1784569560,4007.5,4007.77,4007.15,4007.39,191
1784569620,4007.16,4007.33,4006.52,4007.16,187
1784569680,4007.11,4007.9,4007.07,4007.47,180
1784569740,4007.47,4007.58,4005.68,4005.87,191
1784569800,4005.72,4006.01,4004.27,4004.4,211
1784569860,4004.42,4004.82,4003.92,4004.35,216
1784569920,4004.29,4004.9,4003.95,4003.95,199
1784569980,4003.97,4005.73,4003.93,4005.4,202
1784570040,4005.34,4005.47,4004.67,4004.79,186
1784570100,4004.74,4005.52,4004.74,4005.35,166
1784570160,4005.19,4005.21,4004.3,4004.65,210
1784570220,4004.64,4005.1,4004.34,4004.81,223
1784570280,4004.82,4005.09,4003.96,4004.06,177
1784570340,4004.04,4005.47,4003.81,4005.29,195
1784570400,4005.32,4008.14,4005.32,4008.14,229
1784570460,4008.03,4008.92,4007.89,4008.83,233
1784570520,4008.84,4008.91,4007.25,4007.34,191
1784570580,4007.47,4007.54,4006.72,4007.21,190
1784570640,4007.17,4007.51,4006.99,4007.51,164
1784570700,4007.48,4008.6,4007.28,4008.15,185
1784570760,4008.16,4008.17,4007.9,4008.04,138
1784570820,4008.12,4008.47,4008.03,4008.41,154
1784570880,4008.45,4009.32,4008.32,4008.97,142
1784570940,4008.98,4009.91,4008.34,4009.64,141
1784571000,4009.65,4010.89,4009.64,4010.77,173
1784571060,4010.75,4010.75,4009.03,4009.25,152
1784571120,4009.28,4009.38,4008.46,4008.78,150
1784571180,4008.81,4009.56,4008.81,4008.94,101
1784571240,4009,4009.19,4008.57,4008.83,154
1784571300,4008.85,4010.21,4008.85,4010.06,174
1784571360,4010.13,4010.5,4009.77,4010.09,196
1784571420,4010.07,4011.6,4009.79,4011.39,223
1784571480,4011.62,4011.8,4008.92,4009.35,194
1784571540,4009.36,4009.37,4007.43,4008.01,182
1784571600,4008.02,4008.3,4007.74,4007.96,159
1784571660,4007.94,4008.33,4006.35,4007.53,207
1784571720,4007.57,4007.72,4004.36,4004.49,248
1784571780,4004.46,4005.6,4003.4,4005.28,242
1784571840,4005.29,4005.4,4004.43,4005.01,197
1784571900,4004.79,4006.76,4004.51,4006.76,238
1784571960,4006.75,4007.08,4006,4006.34,217
1784572020,4006.23,4006.52,4005.59,4006.41,188
1784572080,4006.26,4006.68,4005.9,4006.59,202
1784572140,4006.6,4007.38,4006.6,4006.85,210
1784572200,4006.71,4007.04,4006.05,4006.4,203
1784572260,4006.25,4006.29,4005.4,4005.87,213
1784572320,4005.91,4006.29,4005.38,4006.19,190
1784572380,4006.19,4006.61,4004.87,4005.29,189
1784572440,4005.26,4005.28,4004.5,4005.01,228
1784572500,4005,4006.15,4005,4005.93,207
1784572560,4005.95,4006.71,4005.38,4006.43,207
1784572620,4006.42,4006.61,4005.98,4006.24,154
1784572680,4006.17,4006.75,4006.1,4006.4,153
1784572740,4006.41,4006.44,4005.6,4006.44,195
1784572800,4006.43,4006.79,4006.17,4006.21,169
1784572860,4006.18,4006.65,4005.64,4006.45,186
1784572920,4006.37,4006.91,4005.92,4006.89,221
1784572980,4006.87,4006.87,4006.1,4006.78,195
1784573040,4007.01,4007.48,4006.51,4006.51,186
1784573100,4006.53,4007.44,4005.38,4007.44,202
1784573160,4007.32,4008.19,4006.5,4008,215
1784573220,4008.02,4008.72,4007.81,4008.42,201
1784573280,4008.43,4008.43,4007.75,4008.06,180
1784573340,4007.96,4008.61,4007.87,4007.99,186
1784573400,4007.95,4008.59,4007.67,4008.23,210
1784573460,4008.26,4008.83,4007.09,4007.15,176
1784573520,4007.17,4007.52,4006.95,4007.1,178
1784573580,4007.11,4007.52,4007.1,4007.46,187
1784573640,4007.39,4007.96,4007.26,4007.63,192
1784573700,4007.63,4007.68,4006.46,4006.54,199
1784573760,4006.56,4007.01,4005.98,4006.59,147
1784573820,4006.63,4007.78,4006.5,4006.99,175
1784573880,4006.97,4007.1,4006.22,4006.85,178
1784573940,4006.9,4007.58,4006.9,4007.39,182
1784574000,4007.36,4007.66,4006.78,4007.66,193
1784574060,4007.65,4008.13,4007.09,4007.45,192
1784574120,4007.36,4007.45,4006.68,4006.73,169
1784574180,4006.7,4006.7,4005.89,4005.89,187
1784574240,4005.75,4005.97,4004.95,4005.81,159
1784574300,4005.82,4005.88,4004.96,4004.98,165
1784574360,4004.96,4005.62,4004.72,4005.62,209
1784574420,4005.65,4006.09,4005.4,4005.61,172
1784574480,4005.6,4006.03,4005.34,4005.79,183
1784574540,4006.1,4006.94,4006.09,4006.55,174
1784574600,4006.55,4007.46,4006.52,4007.26,195
1784574660,4007.16,4007.16,4005.49,4005.78,201
1784574720,4005.75,4005.93,4005.41,4005.46,185
1784574780,4005.45,4005.45,4004.45,4004.47,192
1784574840,4004.47,4005.12,4004.46,4004.69,168
1784574900,4004.67,4006.8,4004.35,4006.46,214
1784574960,4006.41,4007.02,4006.41,4006.78,168
1784575020,4006.83,4007.23,4005.88,4006.08,195
1784575080,4006.05,4007.5,4005.95,4007.46,190
1784575140,4007.4,4008.36,4007.39,4008.3,165
1784575200,4008.31,4009.69,4008.31,4009.56,200
1784575260,4009.55,4010.24,4009.55,4009.68,178
1784575320,4009.69,4010.28,4009.69,4009.94,161
1784575380,4009.97,4009.97,4008.12,4008.65,219
1784575440,4008.66,4008.86,4007.99,4008,166
1784575500,4008,4008,4007.03,4007.82,185
1784575560,4007.75,4007.84,4007.31,4007.43,133
1784575620,4007.4,4007.51,4007.09,4007.5,132
1784575680,4007.49,4007.68,4007.12,4007.17,166
1784575740,4007.18,4012.98,4006.86,4012.98,237
1784575800,4012.42,4017.94,4012.13,4012.3,298
1784575860,4012.28,4015,4012.02,4014.74,270
1784575920,4014.81,4015.18,4014.12,4014.71,248
1784575980,4014.75,4015.15,4014,4014.62,205
1784576040,4014.61,4015.91,4013.83,4013.85,217
1784576100,4013.78,4014.16,4012.85,4013.02,237
1784576160,4013.02,4013.02,4010.89,4010.94,216
1784576220,4010.93,4011.2,4009.91,4010.63,221
1784576280,4010.75,4011.98,4010.36,4011.44,202
1784576340,4011.31,4011.48,4010.91,4010.94,153
1784576400,4010.98,4010.98,4010,4010.17,232
1784576460,4010.15,4010.61,4009.96,4010.19,171
1784576520,4010.2,4011.05,4009.57,4009.82,179
1784576580,4009.71,4010.31,4008.1,4008.1,155
1784576640,4008.19,4008.45,4005.35,4005.9,197
1784576700,4005.88,4006.78,4005.68,4005.94,228
1784576760,4005.93,4008.76,4005.93,4008.68,232
1784576820,4008.84,4009,4008.58,4009,138
1784576880,4008.96,4009.81,4008.04,4008.17,150
1784576940,4008.25,4009.19,4007.78,4008.94,192
1784577000,4008.87,4009.96,4008.14,4009.57,254
1784577060,4009.55,4009.73,4008.95,4009.67,215
1784577120,4009.53,4009.69,4008.84,4009.01,146
1784577180,4008.84,4009.93,4008.64,4009.39,158
1784577240,4009.24,4009.84,4009.08,4009.71,190
1784577300,4009.29,4009.29,4006.8,4007.03,222
1784577360,4006.9,4008.24,4006.9,4008.1,156
1784577420,4008.09,4008.12,4006.84,4006.84,207
1784577480,4006.82,4007.29,4006.47,4007.28,201
1784577540,4007.04,4007.44,4005.98,4007,233
1784577600,4007.06,4008.54,4006.66,4008.54,248
1784577660,4008.51,4008.58,4007.28,4008.44,169
1784577720,4008.43,4009.15,4008.01,4008.06,160
1784577780,4007.97,4008.58,4007.97,4008.25,130
1784577840,4008.25,4008.63,4008.25,4008.42,104
1784577900,4008.38,4009.31,4007.81,4007.81,128
1784577960,4007.75,4008.05,4007.02,4007.02,125
1784578020,4007.01,4007.05,4006.02,4006.02,129
1784578080,4006.03,4006.54,4005.81,4006.41,150
1784578140,4006.34,4006.69,4005.94,4006.69,112
1784578200,4006.27,4006.69,4006.21,4006.66,106
1784578260,4006.68,4006.73,4006.46,4006.59,110
1784578320,4006.55,4006.74,4006.44,4006.51,129
1784578380,4006.52,4007.52,4006.44,4007.2,128
1784578440,4007.19,4008.23,4006.9,4007.72,118
1784578500,4007.67,4007.91,4007.22,4007.35,134
1784578560,4007.34,4007.93,4007.18,4007.92,75
1784578620,4007.92,4008.01,4007.56,4007.7,83
1784578680,4007.69,4008.38,4007.23,4007.39,82
1784578740,4007.32,4007.35,4007.22,4007.35,45
1784578800,4007.55,4008.16,4007.55,4008.07,90
1784578860,4008.1,4008.88,4008,4008.86,105
1784578920,4008.88,4008.96,4008.1,4008.21,115
1784578980,4008.35,4008.79,4008.31,4008.68,83
1784579040,4008.71,4008.87,4008.36,4008.36,87
1784579100,4008.33,4008.51,4008.24,4008.51,66
1784579160,4008.5,4009.1,4008.12,4008.55,97
1784579220,4008.56,4008.69,4008.29,4008.69,54
1784579280,4008.8,4009.16,4008.59,4008.69,104
1784579340,4008.72,4008.83,4008.15,4008.23,116
1784579400,4008.24,4008.96,4008.23,4008.92,99
1784579460,4008.95,4009.03,4007.49,4007.64,80
1784579520,4007.76,4008.96,4007.7,4008.86,80
1784579580,4008.87,4008.98,4008.49,4008.93,72
1784579640,4008.98,4009.25,4008.78,4009.19,57
1784579700,4009.18,4009.39,4009.02,4009.1,62
1784579760,4009.11,4009.32,4008.62,4008.63,77
1784579820,4008.64,4008.87,4008.14,4008.66,85
1784579880,4008.78,4008.96,4008.67,4008.72,68
1784579940,4008.8,4009.18,4008.73,4008.73,61
1784580000,4008.64,4009.11,4008.64,4009.11,78
1784580060,4009.18,4009.32,4008.91,4008.91,68
1784580120,4008.86,4008.95,4008.71,4008.84,54
1784580180,4008.79,4008.81,4008.28,4008.28,30
1784580240,4008.23,4008.87,4008.23,4008.71,74
1784580300,4008.61,4008.61,4008.05,4008.42,72
1784580360,4008.44,4008.44,4007.87,4007.88,66
1784580420,4007.93,4007.98,4007.73,4007.77,36
1784580480,4007.87,4008.21,4007.82,4007.99,42
1784580540,4007.89,4007.95,4007.77,4007.82,48
1784580600,4007.9,4007.9,4007.54,4007.63,58
1784580660,4007.57,4007.91,4007.39,4007.44,52
1784580720,4007.47,4007.59,4007.26,4007.32,46
1784580780,4007.25,4008.56,4007.25,4008.34,82
1784580840,4008.4,4008.51,4008.03,4008.21,52
1784580900,4008.11,4008.23,4007.75,4007.8,82
1784580960,4008.06,4008.1,4007.75,4007.93,48
1784581020,4007.91,4008.47,4007.29,4008.44,116
1784581080,4008.62,4008.72,4007.14,4007.46,96
1784584920,4009.82,4009.84,4009.18,4009.2,105
1784584980,4009.22,4009.71,4009.13,4009.47,119
1784585040,4009.49,4009.64,4008.18,4008.19,103
1784585100,4008.19,4008.22,4006.93,4007.37,124
1784585160,4007.31,4007.31,4006.45,4006.71,91
1784585220,4006.7,4007.55,4006.61,4007.25,128
1784585280,4007.26,4007.36,4006.7,4007.17,66
1784585340,4007.13,4007.78,4006.17,4006.36,108
1784585400,4006.35,4007.71,4006.34,4007.22,104
1784585460,4007.45,4007.51,4006.67,4006.73,115
1784585520,4006.71,4006.81,4006.17,4006.39,76
1784585580,4006.4,4006.83,4006.23,4006.73,124
1784585640,4006.74,4007.13,4006.4,4007.07,134
1784585700,4007.08,4007.12,4006.14,4006.22,160
1784585760,4006.21,4007.06,4006.21,4006.89,125
1784585820,4006.86,4007.05,4006.59,4006.66,118
1784585880,4006.65,4007.4,4006.63,4007.13,103
1784585940,4007.14,4007.18,4006.81,4007.16,102
1784586000,4007.17,4007.2,4005.19,4005.42,153
1784586060,4005.42,4006.59,4005.11,4005.52,154
1784586120,4005.54,4006.18,4005.3,4005.84,162
1784586180,4005.82,4007.66,4005.54,4007.4,171
1784586240,4007.09,4008.2,4006.64,4008,205
1784586300,4008.19,4009.98,4008.19,4009.03,157
1784586360,4009,4010.41,4008.39,4009.4,174
1784586420,4009.42,4009.5,4007.8,4008.91,155
1784586480,4008.91,4010.09,4008.83,4009.51,97
1784586540,4009.54,4010.57,4009.22,4009.82,115
1784586600,4009.83,4009.83,4008.5,4009.42,80
1784586660,4009.41,4009.42,4008.63,4008.67,43
1784586720,4008.69,4009.11,4007.96,4008.98,150
1784586780,4008.99,4009.07,4008.12,4008.18,158
1784586840,4008.18,4008.3,4006.99,4008.25,190
1784586900,4008.1,4008.33,4006.63,4007.45,214
1784586960,4007.62,4008.06,4005.73,4007.47,212
1784587020,4007.48,4008.31,4007.48,4008.17,125
1784587080,4008.16,4008.39,4006.41,4006.41,190
1784587140,4006.68,4008.65,4006.53,4008.04,191
1784587200,4008.05,4008.13,4006.38,4006.66,142
1784587260,4006.67,4006.75,4004.31,4004.46,228
1784587320,4004.46,4004.79,4003.04,4004.56,159
1784587380,4004.55,4004.98,4003.41,4004.45,158
1784587440,4004.81,4005.09,4004.14,4004.25,154
1784587500,4004.23,4008.22,4003.72,4004.78,204
1784587560,4004.81,4005.18,4002.94,4003.21,177
1784587620,4003.21,4004.14,4002.69,4002.88,140
1784587680,4002.8,4003.35,4002.44,4002.59,87
1784587740,4002.57,4003.52,4002.08,4002.08,129
1784587800,4001.97,4001.97,4000.48,4001.02,200
1784587860,4001.02,4001.62,4000.77,4000.77,145
1784587920,4000.78,4002.37,4000.78,4001.97,198
1784587980,4001.95,4002.83,4001.73,4002.35,187
1784588040,4002.38,4003,3999.97,4000.93,215
1784588100,4000.95,4001.42,3999.76,4001.03,189
1784588160,4001.06,4001.32,4000.28,4000.6,197
1784588220,4000.62,4001.01,3999.94,4000.46,176
1784588280,4000.67,4002.17,4000.56,4002.17,215
1784588340,4002.2,4002.71,4000.45,4000.47,207
1784588400,4000.62,4001.58,4000.2,4000.92,189
1784588460,4001,4002.08,4000.79,4002.08,157
1784588520,4002.67,4004.34,4002.54,4003.82,240
1784588580,4003.8,4004.79,4003.76,4004.35,195
1784588640,4004.39,4005.25,4004.06,4004.31,153
1784588700,4004.41,4006.21,4004.29,4006.2,199
1784588760,4006.33,4007.91,4005.92,4007.91,220
1784588820,4007.8,4009.07,4007.76,4009,211
1784588880,4009.04,4009.8,4008.2,4008.99,177
1784588940,4009.02,4009.3,4008.82,4008.9,121
1784589000,4008.89,4008.89,4001.2,4001.51,231
1784589060,4001.45,4002.57,4000.76,4001.2,219
1784589120,4001.63,4004.85,4001.63,4004.42,211
1784589180,4004.46,4004.48,4002.24,4002.98,189
1784589240,4002.63,4003.35,4002.08,4003.21,132
1784589300,4003.2,4006.12,4003.2,4005.24,193
1784589360,4005.37,4005.48,4004.82,4004.82,112
1784589420,4004.86,4005.47,4004.83,4005.26,115
1784589480,4005.29,4006.72,4004.98,4006.54,101
1784589540,4006.67,4007.34,4006.43,4006.43,182
1784589600,4006.45,4006.45,4005.92,4006.19,126
1784589660,4006.24,4006.59,4006.02,4006.19,100
1784589720,4006.17,4006.78,4005.32,4005.77,147
1784589780,4005.76,4006.14,4005.01,4005.44,136
1784589840,4005.52,4005.6,4004.13,4005.01,181
1784589900,4005.02,4005.02,4003.72,4003.96,158
1784589960,4003.94,4005.21,4003.69,4004.89,159
1784590020,4004.84,4004.85,4003.58,4003.72,154
1784590080,4003.7,4004.77,4003.63,4003.97,133
1784590140,4003.97,4004.63,4003.62,4003.76,110
1784590200,4003.61,4004.75,4003.55,4004.52,95
1784590260,4004.5,4004.89,4004.05,4004.09,115
1784590320,4004.07,4005.94,4003.86,4005.87,138
1784590380,4005.91,4007.67,4005.25,4007.67,136
1784590440,4007.6,4007.79,4006.01,4006.15,159
1784590500,4006.15,4007.46,4006.15,4007.29,90
1784590560,4007.29,4007.67,4007.29,4007.62,41
1784590620,4007.64,4007.67,4006.8,4006.87,57
1784590680,4006.84,4006.84,4005.93,4006.12,110
1784590740,4006.16,4006.17,4004.74,4005.15,136
1784590800,4005.12,4006.07,4003.97,4004.72,158
1784590860,4004.69,4006.78,4004.52,4006.78,156
1784590920,4006.79,4007.83,4006.54,4006.99,188
1784590980,4006.81,4007.78,4006.65,4007.78,163
1784591040,4007.79,4008.56,4007.02,4007.64,199
1784591100,4007.61,4007.62,4004.28,4005.95,199
1784591160,4005.96,4007,4005.67,4005.69,150
1784591220,4005.68,4008.03,4005.27,4007.6,161
1784591280,4007.63,4007.67,4006.85,4006.85,144
1784591340,4006.77,4007.08,4006.48,4007.01,152
1784591400,4007.02,4007.31,4006.46,4006.48,150
1784591460,4006.46,4006.77,4005.93,4006.03,173
1784591520,4006.01,4008.11,4006.01,4007.72,185
1784591580,4007.74,4007.9,4007.04,4007.04,136
1784591640,4007.03,4007.9,4006.91,4007.89,146
1784591700,4008.2,4008.54,4007.32,4007.58,189
1784591760,4007.59,4008.4,4007.42,4008.35,174
1784591820,4008.38,4009.17,4008.38,4008.74,221
1784591880,4008.75,4009.15,4008.58,4008.73,163
1784591940,4008.7,4010.52,4008.15,4009.94,221
1784592000,4009.95,4009.95,4004.21,4005.46,309
1784592060,4005.78,4006.58,4004.57,4006.17,283
1784592120,4006.24,4006.48,4003.9,4004.22,270
1784592180,4004.21,4006.12,4004.12,4004.97,283
1784592240,4005.04,4005.46,4004.34,4005.15,259
1784592300,4005.16,4008.42,4005.16,4007.41,271
1784592360,4007.4,4007.84,4006.11,4006.82,242
1784592420,4006.81,4007.49,4004.7,4005.97,236
1784592480,4005.91,4006.1,4004.91,4006.06,265
1784592540,4006.05,4007.95,4005.99,4007.92,252
1784592600,4007.77,4008.28,4007.09,4007.55,270
1784592660,4007.44,4009.73,4006.82,4008.17,277
1784592720,4008.11,4010.48,4007.9,4010.36,264
1784592780,4010.37,4012.55,4008.81,4011.97,282
1784592840,4011.97,4012.12,4010.57,4010.67,258
1784592900,4010.71,4011.39,4009.45,4010.12,265
1784592960,4010.16,4010.25,4007.95,4009.75,245
1784593020,4009.76,4011.94,4009.42,4011.88,270
1784593080,4012.01,4012.9,4010.72,4011.6,269
1784593140,4011.57,4016.13,4011.35,4015.61,276
1784593200,4015.69,4016.61,4014.09,4014.09,255
1784593260,4014.04,4015.51,4013.33,4014.7,250
1784593320,4014.66,4015.11,4013.58,4013.75,232
1784593380,4013.74,4015.36,4013.03,4015.21,261
1784593440,4015.15,4017.65,4015.04,4017.31,273
1784593500,4017.36,4018.45,4016.38,4017.12,256
1784593560,4017.39,4017.76,4015.47,4016.14,253
1784593620,4016.22,4017.69,4015.97,4017.48,250
1784593680,4017.45,4017.57,4016.01,4016.16,210
1784593740,4016.07,4016.15,4014.59,4015.1,183
1784593800,4015,4015.46,4014.42,4014.86,185
1784593860,4014.86,4016.33,4014.38,4014.82,223
1784593920,4014.8,4015.67,4014.79,4015.65,189
1784593980,4015.68,4016.97,4015.24,4015.74,231
1784594040,4015.76,4017.93,4015.71,4017.36,222
1784594100,4017.31,4018.69,4016.7,4018.5,236
1784594160,4018.52,4022.13,4018.14,4019.52,254
1784594220,4019.56,4019.69,4018.48,4018.79,199
1784594280,4018.82,4019.02,4017.87,4018.9,204
1784594340,4018.95,4019.89,4018.71,4019.11,187
1784594400,4019.09,4019.18,4018.41,4018.92,229
1784594460,4018.81,4022.23,4018.41,4021.86,186
1784594520,4022.22,4023.81,4021.9,4022.91,243
1784594580,4022.91,4023.2,4021.34,4021.37,212
1784594640,4021.36,4022.56,4021.34,4022.47,201
1784594700,4022.53,4023.85,4022.47,4023.51,247
1784594760,4023.36,4023.44,4022.08,4023,262
1784594820,4023.03,4024.5,4023.03,4023.73,220
1784594880,4023.68,4024.44,4022.45,4024.44,233
1784594940,4024.45,4025.01,4024.26,4024.72,201
1784595000,4024.69,4024.91,4023.8,4024.54,238
1784595060,4024.53,4025.72,4023.79,4025.4,219
1784595120,4025.38,4025.56,4024.61,4024.95,249
1784595180,4025.03,4026.32,4024.96,4026.11,199
1784595240,4026.08,4026.93,4024.59,4024.89,250
1784595300,4024.78,4024.78,4023.19,4023.69,200
1784595360,4023.7,4025.11,4023.67,4024.82,185
1784595420,4024.81,4025.02,4023.93,4024.89,215
1784595480,4024.71,4024.89,4024.24,4024.87,233
1784595540,4024.86,4026.44,4024.69,4024.9,228
1784595600,4025.23,4025.71,4018.56,4021.53,316
1784595660,4021.9,4025.37,4021.55,4023.32,303
1784595720,4023.33,4024.53,4021.63,4023,291
1784595780,4023.01,4023.25,4021.61,4022.63,270
1784595840,4022.61,4023.88,4021.08,4023.79,280
1784595900,4023.89,4028.23,4023.89,4027.26,285
1784595960,4027.35,4029.2,4027.24,4027.67,277
1784596020,4027.79,4027.82,4026.48,4027.73,257
1784596080,4027.85,4028.77,4027.42,4028.56,256
1784596140,4028.64,4029.05,4026.96,4027.49,273
1784596200,4027.53,4028.91,4027.03,4027.49,282
1784596260,4027.52,4028.8,4027.16,4027.51,260
1784596320,4027.42,4028.25,4026.63,4027.52,248
1784596380,4027.47,4029.11,4026.76,4028.29,245
1784596440,4028.29,4029.91,4027.96,4029.03,298
1784596500,4029.01,4029.06,4027.18,4028.72,285
1784596560,4028.7,4031.38,4027.39,4028.97,286
1784596620,4029.01,4030.38,4027.85,4028.59,266
1784596680,4028.64,4031.72,4028.64,4030.78,270
1784596740,4030.76,4035.81,4028.29,4034.77,287
1784596800,4034.19,4034.19,4031.85,4033.31,269
1784596860,4033.25,4033.63,4031.38,4031.41,258
1784596920,4031.4,4031.66,4030.12,4030.26,233
1784596980,4030.3,4030.39,4026.56,4026.56,280
1784597040,4026.46,4029.14,4026.4,4028.1,243
1784597100,4028.08,4029.74,4027.61,4029.71,216
1784597160,4029.3,4031.62,4029.21,4031.15,279
1784597220,4031.09,4031.57,4028.78,4028.98,252
1784597280,4028.93,4030.53,4028.7,4029.61,236
1784597340,4029.62,4030.44,4027.87,4028.18,269
1784597400,4028.31,4029.85,4027.4,4027.68,270
1784597460,4027.59,4030.43,4027.17,4029.91,253
1784597520,4029.89,4030.12,4028.7,4030.04,244
1784597580,4030,4030.29,4027.01,4028.61,254
1784597640,4028.62,4030.83,4028.4,4030.31,237
1784597700,4030.3,4030.85,4028.23,4028.36,238
1784597760,4028.35,4030.03,4028.23,4028.85,240
1784597820,4028.87,4029.1,4026.75,4026.75,269
1784597880,4026.48,4026.99,4025.13,4025.68,297
1784597940,4025.69,4025.78,4023.12,4023.82,297
1784598000,4023.83,4025.5,4023.57,4025.31,270
1784598060,4025.3,4025.68,4024.3,4025.26,229
1784598120,4025.25,4025.77,4024.77,4025.61,212
1784598180,4025.63,4026.42,4024.99,4026.42,242
1784598240,4026.45,4026.46,4024.48,4024.5,211
1784598300,4024.47,4025,4022.69,4023.49,246
1784598360,4023.49,4024.5,4023.02,4024.37,249
1784598420,4024.35,4025.6,4024.27,4024.6,253
1784598480,4024.61,4026.76,4024.61,4026.01,251
1784598540,4026.05,4026.54,4025.72,4025.77,205
1784598600,4025.9,4026.34,4024.96,4025.94,245
1784598660,4025.82,4026.46,4025.17,4026,228
1784598720,4025.97,4028.03,4025.97,4026.83,263
1784598780,4026.82,4027.07,4025.77,4026.29,232
1784598840,4026.3,4028.27,4026.3,4028.11,232
1784598900,4028.09,4028.09,4025.26,4025.99,261
1784598960,4026.06,4026.11,4022.62,4023.73,246
1784599020,4023.74,4023.88,4023.08,4023.58,199
1784599080,4023.59,4023.64,4021.51,4021.55,232
1784599140,4021.56,4023.58,4021.5,4023.27,249
1784599200,4023.3,4024.29,4022.71,4022.98,239
1784599260,4022.94,4024.23,4022.76,4023.33,242
1784599320,4023.35,4023.79,4022.15,4022.97,215
1784599380,4022.96,4024.22,4022.89,4024.15,199
1784599440,4024.05,4024.07,4022.41,4022.8,226
1784599500,4022.79,4024.28,4022.49,4023.26,221
1784599560,4023.18,4026.23,4023.17,4026.15,255
1784599620,4026.16,4026.55,4025.61,4025.68,234
1784599680,4025.65,4026.37,4025.58,4025.92,188
1784599740,4025.82,4026.13,4025.23,4025.95,173
1784599800,4025.95,4026.68,4023.89,4024.18,209
1784599860,4024.23,4025.86,4024.1,4025.82,216
1784599920,4025.83,4026.08,4024.51,4024.57,227
1784599980,4024.49,4025.31,4024.06,4024.09,242
1784600040,4024.1,4024.49,4023.64,4024.45,202
1784600100,4024.45,4025.28,4024.14,4024.77,188
1784600160,4024.81,4025.41,4024.29,4024.5,190
1784600220,4024.52,4025.05,4024.41,4024.66,166
1784600280,4024.68,4024.79,4023.16,4023.79,147
1784600340,4023.45,4023.45,4022.12,4022.72,166
1784600400,4022.73,4024.16,4022.24,4023.99,203
1784600460,4024.11,4025.44,4023.77,4025.06,238
1784600520,4025.33,4027.28,4025.16,4027.12,234
1784600580,4027.17,4028.61,4026.93,4027.26,203
1784600640,4027.29,4028.62,4027.29,4028.18,177
1784600700,4028.19,4028.49,4026.05,4026.54,223
1784600760,4026.62,4026.97,4025.96,4026.76,217
1784600820,4027.28,4027.28,4025.7,4026.67,230
1784600880,4026.66,4028.21,4026.12,4028.02,178
1784600940,4028.1,4030.01,4028.02,4028.93,222
1784601000,4028.9,4032.23,4028.23,4031.98,303
1784601060,4031.98,4032.52,4030.18,4030.51,263
1784601120,4030.5,4031.87,4030.5,4031.75,261
1784601180,4031.72,4032.31,4030.4,4030.84,238
1784601240,4030.87,4031.88,4030.37,4030.62,261
1784601300,4030.51,4032.43,4030.17,4032.43,273
1784601360,4032.83,4044.5,4032.74,4039.62,313
1784601420,4039.26,4039.26,4036.71,4036.81,303
1784601480,4036.92,4038.3,4035.79,4037.81,284
1784601540,4037.78,4038.63,4036.14,4037.36,289
1784601600,4037.58,4039.98,4036.93,4038.66,275
1784601660,4038.63,4040.15,4038.14,4039.6,265
1784601720,4039.48,4040.13,4037.52,4037.52,277
1784601780,4037.63,4039.03,4036.84,4037.26,255
1784601840,4037.18,4037.64,4035.25,4035.57,262
1784601900,4035.76,4036.22,4035.36,4036.17,211
1784601960,4036.13,4036.24,4035.11,4035.55,225
1784602020,4035.54,4036.38,4035.34,4035.4,216
1784602080,4035.41,4035.67,4034.75,4034.89,234
1784602140,4034.75,4034.87,4034.07,4034.34,225
1784602200,4034.28,4035.03,4033.66,4033.83,225
1784602260,4033.77,4034.82,4033.18,4033.24,238
1784602320,4033.25,4033.55,4031.11,4032.69,257
1784602380,4032.7,4033.73,4032.56,4032.94,187
1784602440,4032.88,4033.82,4032.68,4033.37,274
1784602500,4033.31,4035.05,4032.94,4035.05,244
1784602560,4035.08,4036.65,4034.6,4036.15,236
1784602620,4036.08,4036.98,4035.73,4036.97,234
1784602680,4036.87,4037.98,4036.59,4036.83,247
1784602740,4036.79,4038.31,4036.79,4038.11,253
1784602800,4038.13,4040.01,4037.95,4039.37,263
1784602860,4039.36,4041.15,4039.31,4040.45,269
1784602920,4040.52,4042.26,4040.26,4041.41,270
1784602980,4041.38,4041.38,4039.32,4039.7,274
1784603040,4039.7,4040.62,4039.4,4040.62,235
1784603100,4040.61,4041.36,4039.87,4040.82,237
1784603160,4040.87,4041.48,4040.21,4041.48,216
1784603220,4041.56,4042.2,4040.01,4040.01,215
1784603280,4040,4040.64,4038.26,4040.31,241
1784603340,4040.29,4041.05,4039.99,4040.9,208
1784603400,4041.11,4041.57,4040.25,4040.87,221
1784603460,4040.92,4041.54,4040.21,4040.6,195
1784603520,4040.62,4040.85,4039.41,4039.5,229
1784603580,4039.54,4040.24,4038.99,4039.13,251
1784603640,4039.12,4039.12,4037.85,4038.16,199
1784603700,4038.18,4038.2,4036.96,4037.66,229
1784603760,4037.73,4038.81,4037.61,4038.8,250
1784603820,4038.81,4038.81,4037.67,4037.67,233
1784603880,4037.68,4038.11,4037.56,4037.93,226
1784603940,4037.91,4038.09,4036.99,4037.43,204
1784604000,4037.45,4038.97,4037.13,4038.42,229
1784604060,4038.52,4040.24,4037.94,4037.94,248
1784604120,4037.91,4039.55,4037.85,4038.95,224
1784604180,4038.9,4039.43,4038.38,4039.41,224
1784604240,4039.49,4042.08,4039.2,4041.9,261
1784604300,4042.01,4042.68,4041.49,4042.21,247
1784604360,4042.06,4049.09,4041.91,4047.67,303
1784604420,4047.66,4050.76,4046.29,4046.43,300
1784604480,4046.42,4046.9,4045.02,4046.1,253
1784604540,4046.18,4048.4,4045.79,4047.5,241
1784604600,4047.51,4049.58,4047.12,4048.71,228
1784604660,4048.63,4048.63,4045.38,4045.38,226
1784604720,4045.4,4046,4044.99,4045.16,200
1784604780,4045.13,4045.66,4044.93,4044.93,190
1784604840,4044.96,4045.32,4044.88,4044.94,165
1784604900,4044.96,4045.1,4043.86,4044.06,215
1784604960,4043.9,4044.64,4043.11,4043.59,200
1784605020,4043.66,4044.05,4043.14,4043.97,205
1784605080,4043.94,4045.24,4043.94,4044.53,180
1784605140,4044.54,4044.96,4044.12,4044.36,160
1784605200,4044.3,4044.54,4043.74,4043.86,151
1784605260,4043.87,4044.06,4043.5,4043.61,145
1784605320,4043.61,4043.84,4042.8,4043.12,149
1784605380,4043.06,4043.06,4042.26,4042.27,147
1784605440,4042.23,4042.67,4041.97,4042.01,133
1784605500,4041.96,4043.23,4041.96,4042.89,193
1784605560,4042.9,4043.82,4042.31,4042.79,166
1784605620,4043.01,4043.67,4043.01,4043.3,197
1784605680,4043.31,4044.97,4043.21,4044.97,195
1784605740,4044.95,4045.68,4044.77,4045.48,165
1784605800,4045.55,4046.18,4044.83,4046.18,172
1784605860,4046.25,4046.89,4045.29,4046.58,176
1784605920,4046.59,4046.71,4045.98,4046.16,155
1784605980,4046.21,4046.34,4045.64,4045.64,141
1784606040,4045.59,4046.24,4045.58,4045.76,148
1784606100,4045.75,4047.2,4045.45,4046.85,186
1784606160,4046.81,4047.01,4045.88,4046.17,201
1784606220,4046.17,4046.5,4045.92,4046.28,162
1784606280,4046.24,4047.04,4046.24,4046.45,178
1784606340,4046.67,4047.52,4046.25,4046.97,163
1784606400,4046.96,4048.6,4046.96,4048.18,243
1784606460,4048.24,4050.25,4047.72,4048.17,220
1784606520,4048.09,4048.25,4047.29,4047.81,147
1784606580,4047.82,4048.35,4047.29,4047.36,173
1784606640,4047.4,4048.43,4047.38,4048.12,179
1784606700,4048.13,4050.12,4047.58,4049.82,158
1784606760,4049.97,4051.64,4047.85,4048.31,257
1784606820,4048.19,4048.19,4047.32,4048.02,187
1784606880,4047.91,4049.2,4047.56,4048.69,182
1784606940,4048.66,4049.74,4048.66,4048.67,181
1784607000,4048.61,4048.62,4046.16,4046.22,224
1784607060,4046.23,4046.37,4045.86,4046.05,202
1784607120,4046.05,4046.24,4046.01,4046.18,104
1784607180,4046.22,4046.92,4045.91,4046.28,162
1784607240,4046.25,4047.04,4046.07,4046.12,171
1784607300,4046.11,4046.45,4044.7,4046.02,156
1784607360,4046.24,4046.5,4045.95,4046.5,129
1784607420,4046.45,4046.45,4045.68,4045.74,139
1784607480,4045.76,4045.77,4044.74,4044.79,136
1784607540,4044.96,4045.04,4043.94,4044.12,177
1784607600,4044.13,4046.82,4044.13,4046.57,193
1784607660,4046.58,4046.7,4045.74,4045.74,159
1784607720,4045.64,4045.67,4044.4,4044.8,159
1784607780,4044.8,4045.47,4044.79,4045.1,119
1784607840,4045.33,4045.59,4044.88,4045.07,134
1784607900,4045.08,4045.42,4044.5,4044.62,137
1784607960,4044.74,4044.74,4044.04,4044.17,167
1784608020,4044.04,4044.36,4043.87,4044.15,128
1784608080,4044.18,4044.89,4044,4044.78,120
1784608140,4044.81,4044.9,4044.21,4044.81,175
1784608200,4044.77,4045.55,4044.45,4045.18,136
1784608260,4045.19,4046.04,4045.19,4045.44,162
1784608320,4045.32,4045.62,4045.13,4045.37,130
1784608380,4045.35,4045.8,4045.16,4045.39,105
1784608440,4045.41,4045.79,4045.3,4045.66,148
1784608500,4045.55,4046.03,4045.27,4045.87,164
1784608560,4045.89,4045.89,4045.33,4045.33,135
1784608620,4045.3,4046.59,4045.27,4046.47,149
1784608680,4046.48,4046.58,4046.19,4046.3,120
1784608740,4046.32,4046.55,4046.25,4046.25,140
1784608800,4046.14,4046.32,4045.77,4045.94,129
1784608860,4045.9,4045.99,4045.17,4045.33,161
1784608920,4045.34,4047.6,4045.17,4047.43,185
1784608980,4047.42,4047.46,4046.64,4047.24,162
1784609040,4047.11,4047.23,4046.71,4047.01,118
1784609100,4047.19,4047.2,4045.79,4046.14,151
1784609160,4046.4,4046.98,4045.99,4046.48,124
1784609220,4046.49,4047.53,4046.49,4047.51,130
1784609280,4047.52,4047.86,4046.88,4046.92,125
1784609340,4046.93,4047.03,4046.6,4046.6,130
1784609400,4046.65,4046.65,4045.76,4046.04,184
1784609460,4046.01,4046.14,4045.55,4045.79,153
1784609520,4045.82,4047.29,4045.68,4047.28,112
1784609580,4047.21,4047.39,4046.7,4046.81,120
1784609640,4046.82,4047.45,4046.78,4047.38,131
1784609700,4047.45,4047.74,4046.82,4047.74,105
1784609760,4047.75,4048.64,4047.17,4048.37,167
1784609820,4048.29,4048.98,4048.26,4048.78,159
1784609880,4048.77,4049.2,4048.53,4049.18,191
1784609940,4049.19,4049.76,4048.36,4049.69,201
1784610000,4049.78,4050.49,4048.85,4049.88,200
1784610060,4049.99,4050.03,4048.52,4048.69,190
1784610120,4048.72,4049.17,4048.53,4048.94,160
1784610180,4048.94,4049.17,4048.56,4048.56,135
1784610240,4048.57,4049.28,4048.57,4048.68,139
1784610300,4048.67,4048.67,4047.77,4048.18,170
1784610360,4048.13,4048.25,4047.03,4047.45,182
1784610420,4047.46,4049.89,4046.46,4049.19,184
1784610480,4049.2,4049.87,4048.56,4048.67,173
1784610540,4048.56,4050.45,4048.56,4050.32,159
1784610600,4050.31,4050.49,4049.58,4049.64,182
1784610660,4049.65,4049.82,4048.5,4048.54,152
1784610720,4048.5,4050.12,4048.42,4049.91,171
1784610780,4049.92,4051.39,4049.56,4051.11,192
1784610840,4051.24,4051.84,4051.2,4051.6,190
1784610900,4051.55,4053.35,4050.77,4051.12,192
1784610960,4050.97,4051.11,4049.75,4049.75,189
1784611020,4049.73,4050.19,4048.96,4049.85,149
1784611080,4049.88,4050.38,4049.02,4050.34,164
1784611140,4050.28,4050.77,4049.92,4050.56,144
1784611200,4050.4,4050.45,4048.43,4048.44,180
1784611260,4048.44,4049.66,4048.14,4049.28,171
1784611320,4049.29,4049.59,4049.05,4049.22,136
1784611380,4049.23,4049.5,4048.88,4049.25,128
1784611440,4049.13,4051.52,4049.13,4051.14,197
1784611500,4051.12,4055.04,4051.07,4054.82,229
1784611560,4054.85,4056.46,4054.71,4055.52,205
1784611620,4055.21,4055.88,4053.42,4053.77,213
1784611680,4053.66,4054.54,4053.59,4053.6,188
1784611740,4053.64,4055.12,4053.64,4054.45,187
1784611800,4054.7,4057.93,4054.7,4057.52,294
1784611860,4057.37,4057.63,4056.44,4056.77,254
1784611920,4056.78,4057.89,4055.72,4057.38,248
1784611980,4057.36,4060.53,4057.36,4058.82,291
1784612040,4058.62,4059.91,4058.34,4059.76,246
1784612100,4059.68,4061.16,4059.46,4060.63,250
1784612160,4060.49,4061.78,4060.25,4061.43,234
1784612220,4061.42,4061.74,4059.07,4059.12,247
1784612280,4059.15,4059.98,4059.09,4059.67,206
1784612340,4059.62,4061.53,4059.6,4061.34,226
1784612400,4061.29,4063.81,4060.36,4063.43,277
1784612460,4063.53,4064.99,4063.34,4064.43,278
1784612520,4064.31,4065.77,4063.57,4064.18,258
1784612580,4064.24,4066.6,4063.97,4065.63,279
1784612640,4065.52,4066.43,4064.41,4066.03,274
1784612700,4066.34,4066.34,4064.02,4065.05,252
1784612760,4064.95,4067.82,4064.95,4067.71,277
1784612820,4067.72,4067.99,4064.84,4066.48,255
1784612880,4066.49,4067.29,4065.81,4066.82,250
1784612940,4066.83,4067.08,4065.46,4066.11,249
1784613000,4065.92,4066.73,4064.98,4065.53,252
1784613060,4065.48,4065.5,4063.23,4063.75,255
1784613120,4063.64,4064.19,4062.39,4063.79,263
1784613180,4063.7,4064.08,4063.12,4063.6,238
1784613240,4063.42,4063.85,4062.57,4063.04,255
1784613300,4063.02,4064.09,4062.69,4064.01,230
1784613360,4064.04,4064.81,4063.31,4063.65,212
1784613420,4063.64,4063.64,4062.5,4062.6,210
1784613480,4062.58,4063.01,4061.6,4062.26,232
1784613540,4062.26,4062.48,4061.33,4061.62,198
1784613600,4061.51,4064.43,4061.51,4063.98,260
1784613660,4063.97,4064.41,4063.46,4064.21,228
1784613720,4064.05,4065.66,4064.02,4065.14,252
1784613780,4065.13,4066.63,4065,4066.52,259
1784613840,4066.53,4066.63,4064.85,4065.31,255
1784613900,4065.32,4066.36,4064.24,4064.83,263
1784613960,4065.06,4065.28,4064.12,4064.65,247
1784614020,4064.7,4065.94,4064.42,4064.7,206
1784614080,4064.78,4066.29,4064.56,4066.09,227
1784614140,4066.1,4067.75,4065.99,4067.75,237
1784614200,4067.81,4068.3,4067.06,4067.61,268
1784614260,4067.59,4070.72,4066.8,4070.14,279
1784614320,4070.21,4070.9,4069.71,4070.01,254
1784614380,4070.01,4072.43,4069.56,4070.95,274
1784614440,4070.89,4072.05,4070.79,4071.46,257
1784614500,4071.48,4072.45,4070.72,4070.72,260
1784614560,4070.48,4072.76,4070.4,4071.17,275
1784614620,4071.2,4071.2,4068.94,4070.3,259
1784614680,4070.32,4070.93,4068.47,4070.11,258
1784614740,4070.1,4071.75,4070.1,4071.64,200
1784614800,4071.63,4072.84,4069.99,4070.13,218
1784614860,4070.11,4071.67,4069.96,4071.22,220
1784614920,4071.11,4073.59,4070.66,4072.59,216
1784614980,4072.38,4073.47,4072.12,4073.43,213
1784615040,4073.42,4074.44,4072.37,4073.67,236
1784615100,4073.48,4074.25,4072.77,4072.77,236
1784615160,4072.78,4073.01,4071.98,4072.28,243
1784615220,4072.28,4072.36,4071.24,4072.21,189
1784615280,4072.19,4072.61,4071.45,4071.72,170
1784615340,4071.74,4072.66,4071.71,4072.43,224
1784615400,4072.44,4073.34,4072.04,4072.68,232
1784615460,4072.76,4073.67,4072.31,4072.34,238
1784615520,4072.41,4074.73,4072.41,4074.12,231
1784615580,4074.14,4074.24,4072.53,4072.96,244
1784615640,4072.89,4073.22,4072.11,4072.61,244
1784615700,4072.58,4074.92,4072.58,4073.5,256
1784615760,4073.49,4075.98,4072.6,4074.28,225
1784615820,4074.18,4075.14,4073.86,4074.51,181
1784615880,4074.45,4074.82,4073.42,4074.43,217
1784615940,4074.47,4074.65,4073.59,4074.55,199
1784616000,4074.52,4075.51,4074.04,4074.04,184
1784616060,4074.03,4079.38,4073.98,4078.96,243
1784616120,4078.89,4080.65,4078.17,4078.25,275
1784616180,4077.99,4078.19,4077.08,4078.19,245
1784616240,4078.21,4078.59,4077.04,4077.27,233
1784616300,4077.32,4079.08,4077.32,4079.06,221
1784616360,4079.05,4079.27,4078.15,4079.23,195
1784616420,4079.22,4080.26,4078.62,4079.49,216
1784616480,4079.6,4082.85,4079.6,4081.93,245
1784616540,4082.42,4084.07,4082.26,4083.06,242
1784616600,4083.02,4083.37,4079.63,4079.89,233
1784616660,4080.04,4080.77,4079.63,4079.72,187
1784616720,4079.8,4081.01,4079.44,4080.72,237
1784616780,4080.7,4080.76,4079.97,4080.07,221
1784616840,4080.21,4080.9,4080.18,4080.31,197
1784616900,4080.28,4080.32,4079.22,4079.85,208
1784616960,4079.96,4080.77,4079.36,4080.36,193
1784617020,4080.38,4080.43,4079.18,4079.19,195
1784617080,4079.27,4079.6,4078.78,4079.27,196
1784617140,4079.29,4079.54,4078.71,4078.72,225
1784617200,4078.59,4080.15,4077.74,4077.74,239
1784617260,4077.81,4079.44,4077.78,4078.52,216
1784617320,4078.54,4079.1,4077.91,4078.46,192
1784617380,4078.41,4079.37,4078.11,4078.11,201
1784617440,4078.1,4078.17,4077.38,4077.65,198
1784617500,4077.59,4078.03,4076.19,4076.19,254
1784617560,4076.24,4077.85,4076.24,4077.44,213
1784617620,4077.45,4077.54,4076.74,4077.1,187
1784617680,4077.11,4077.87,4076.2,4076.3,189
1784617740,4076.3,4076.3,4074.77,4074.77,225
1784617800,4074.94,4075.45,4074.51,4074.51,185
1784617860,4074.5,4074.75,4072.62,4072.99,213
1784617920,4073.66,4073.66,4071.89,4071.93,240
1784617980,4071.94,4072.89,4071.94,4072.55,206
1784618040,4072.49,4073.2,4072.14,4072.22,215
1784618100,4072.24,4073.31,4071.13,4071.18,174
1784618160,4071.19,4072.49,4071.19,4072.21,187
1784618220,4072.16,4072.33,4071.86,4072.08,191
1784618280,4072.3,4073.15,4071.91,4071.91,166
1784618340,4071.94,4073.5,4071.91,4073.47,156
1784618400,4073.35,4073.38,4071.6,4071.65,187
1784618460,4071.68,4072.02,4071.13,4071.35,151
1784618520,4071.61,4072.6,4071.61,4072.02,159
1784618580,4072.04,4072.04,4070.74,4071.31,148
1784618640,4071.3,4071.84,4070.74,4070.74,162
1784618700,4070.72,4070.99,4070.05,4070.05,224
1784618760,4070.02,4070.2,4069.7,4069.97,157
1784618820,4069.84,4069.95,4068.44,4068.7,198
1784618880,4069.01,4070.38,4069.01,4070.38,189
1784618940,4070.3,4070.66,4069.65,4069.67,203
1784619000,4069.67,4069.7,4068.2,4068.2,224
1784619060,4068.72,4068.85,4067.82,4068.05,176
1784619120,4068.08,4070.66,4068.02,4070.66,229
1784619180,4070.69,4072.66,4070.69,4072.12,248
1784619240,4072.02,4073.73,4072.02,4073.39,176
1784619300,4073.4,4074.7,4073.4,4074.66,227
1784619360,4074.69,4075.39,4073.49,4074.19,215
1784619420,4074.23,4074.35,4072.92,4072.93,170
1784619480,4072.92,4073.87,4072.82,4073.87,175
1784619540,4073.88,4074.2,4073.12,4073.24,178
1784619600,4073.18,4073.81,4073.12,4073.25,157
1784619660,4073.22,4074.01,4072.29,4074.01,148
1784619720,4073.82,4073.85,4072.6,4072.96,181
1784619780,4073.02,4073.19,4072.14,4072.24,186
1784619840,4072.26,4072.26,4071.47,4071.56,150
1784619900,4071.56,4072.57,4071.28,4071.62,160
1784619960,4071.61,4071.87,4070.82,4070.82,180
1784620020,4070.94,4071.39,4070.31,4071.39,162
1784620080,4071.36,4072.02,4070.5,4071.98,139
1784620140,4071.92,4072.11,4071.38,4071.52,178
1784620200,4071.64,4072.09,4071.37,4071.88,163
1784620260,4071.94,4072,4071.13,4071.41,156
1784620320,4071.58,4071.68,4070.72,4071.19,166
1784620380,4071.2,4071.24,4070.58,4070.72,130
1784620440,4070.73,4072.05,4070.53,4070.6,167
1784620500,4070.57,4070.96,4069.9,4070.73,202
1784620560,4070.75,4071.48,4070.31,4071.32,191
1784620620,4071.07,4071.2,4069.98,4070.33,194
1784620680,4070.36,4070.86,4070.33,4070.84,203
1784620740,4070.87,4071.89,4070.69,4071.42,152
1784620800,4071.29,4072.54,4069.46,4069.67,244
1784620860,4069.7,4069.71,4068.23,4068.5,228
1784620920,4068.94,4069.92,4066.61,4067.32,254
1784620980,4067.29,4068.73,4066.68,4066.68,226
1784621040,4066.74,4067.62,4066.31,4066.43,243
1784621100,4066.56,4069,4066.29,4068.49,207
1784621160,4068.52,4069.7,4068.22,4069.7,194
1784621220,4069.71,4069.71,4067.01,4067.01,228
1784621280,4067.18,4068.35,4065.75,4066.5,220
1784621340,4066.52,4066.91,4066.05,4066.76,218
1784621400,4066.77,4067.37,4066.6,4067.37,160
1784621460,4067.42,4068.25,4065.97,4067.34,226
1784621520,4067.46,4067.69,4066.83,4067.28,170
1784621580,4067.33,4068.06,4067.21,4068.06,134
1784621640,4068.07,4068.6,4067.59,4068.1,175
1784621700,4068.12,4068.68,4067.44,4067.97,198
1784621760,4068,4068.24,4067.47,4067.9,176
1784621820,4067.93,4067.93,4066.88,4067.45,177
1784621880,4067.43,4067.54,4066.31,4066.47,171
1784621940,4066.37,4067.31,4066.33,4067.08,192
1784622000,4067.06,4067.14,4065.16,4065.16,205
1784622060,4065.19,4065.19,4064.6,4064.82,192
1784622120,4064.93,4065.13,4064.31,4064.46,199
1784622180,4064.45,4064.48,4063.38,4064.09,217
1784622240,4064.09,4064.09,4063.31,4063.96,198
1784622300,4064.09,4064.52,4063.43,4063.77,206
1784622360,4063.79,4064.22,4063.39,4063.47,197
1784622420,4063.46,4064.43,4063.19,4064.42,215
1784622480,4064.46,4064.81,4063.32,4063.65,205
1784622540,4063.64,4063.82,4063.14,4063.41,221
1784622600,4063.62,4064.09,4062.7,4063.5,225
1784622660,4063.75,4064.47,4063.59,4063.87,195
1784622720,4063.84,4065.23,4063.42,4064.76,166
1784622780,4064.54,4065,4063.87,4064.53,184
1784622840,4064.49,4064.51,4062.1,4062.79,165
1784622900,4062.81,4063.63,4062.13,4063.14,198
1784622960,4063.17,4063.2,4061.12,4061.2,198
1784623020,4061.22,4062.71,4061.22,4062.35,203
1784623080,4062.25,4062.47,4062.08,4062.38,172
1784623140,4062.39,4062.68,4061.82,4062.51,137
1784623200,4062.5,4063.96,4062.31,4063.65,146
1784623260,4063.68,4064.07,4063.61,4063.9,174
1784623320,4063.88,4063.9,4062.49,4062.5,173
1784623380,4062.61,4063.21,4062.48,4062.89,140
1784623440,4062.93,4062.99,4062.16,4062.29,173
1784623500,4062.29,4062.52,4061.06,4061.4,182
1784623560,4061.34,4061.34,4060.61,4060.83,165
1784623620,4060.67,4060.9,4060.29,4060.36,169
1784623680,4060.59,4060.7,4059.25,4059.96,162
1784623740,4059.86,4060.33,4059.79,4060.15,148
1784623800,4060.16,4060.53,4059.32,4059.67,203
1784623860,4059.68,4061.5,4059.26,4061.01,192
1784623920,4061.11,4063.5,4061.08,4062.8,218
1784623980,4062.78,4062.88,4061.93,4061.99,224
1784624040,4061.84,4062.14,4061.17,4061.26,168
1784624100,4061.18,4062.11,4060.33,4062.03,208
1784624160,4061.96,4062.86,4061.93,4062.55,144
1784624220,4062.55,4062.65,4061.3,4061.63,134
1784624280,4061.66,4062.86,4061.59,4062.39,121
1784624340,4062.44,4063.68,4062.44,4062.92,160
1784624400,4062.93,4064.19,4062.93,4063.33,200
1784624460,4063.3,4064.38,4063.16,4064.11,136
1784624520,4064.09,4065.36,4063.82,4065.3,153
1784624580,4065.28,4065.91,4064.67,4065.59,195
1784624640,4065.54,4066.7,4065.53,4066.22,196
1784624700,4066.15,4066.15,4064.37,4065.34,184
1784624760,4065.37,4066.22,4064.42,4064.88,184
1784624820,4064.92,4065.08,4063.89,4064.26,171
1784624880,4064.27,4066.34,4063.99,4066.05,162
1784624940,4066.06,4066.78,4065.71,4066.07,175
1784625000,4066.09,4066.37,4065.45,4065.48,188
1784625060,4065.46,4065.6,4065.18,4065.3,127
1784625120,4065.33,4065.73,4065.27,4065.33,99
1784625180,4065.3,4065.7,4065.09,4065.1,108
1784625240,4065.09,4065.55,4064.87,4065.26,103
1784625300,4065.29,4066.29,4064.94,4066.28,150
1784625360,4066.25,4066.76,4065.9,4066.13,153
1784625420,4066.12,4066.45,4065.05,4066.42,161
1784625480,4066.17,4066.51,4065.82,4065.93,179
1784625540,4066.05,4066.7,4065.68,4066.52,159
1784625600,4066.49,4068.01,4066.49,4066.83,208
1784625660,4066.81,4066.88,4065.23,4066.54,182
1784625720,4066.6,4067.62,4066.15,4067.31,176
1784625780,4067.25,4068.26,4066.45,4066.45,214
1784625840,4066.43,4067.07,4066.05,4067.07,161
1784625900,4067.06,4068.29,4067.03,4068.23,171
1784625960,4068.16,4068.41,4066.11,4066.11,195
1784626020,4065.89,4065.9,4064.48,4065.15,188
1784626080,4065.18,4065.18,4063.64,4063.8,155
1784626140,4063.88,4064.06,4062.72,4062.87,192
1784626200,4062.88,4065.6,4062.47,4062.72,248
1784626260,4062.85,4063.88,4061.96,4063.49,237
1784626320,4063.48,4063.86,4063.26,4063.64,152
1784626380,4063.55,4064.6,4062.73,4064.45,196
1784626440,4064.47,4064.77,4063.16,4063.2,150
1784626500,4063.17,4063.55,4062.71,4062.88,154
1784626560,4062.89,4062.98,4062.51,4062.63,156
1784626620,4062.92,4063.94,4062.08,4063.94,157
1784626680,4063.88,4064.1,4063.41,4063.41,143
1784626740,4063.28,4063.28,4061.9,4062.51,147
1784626800,4062.54,4062.97,4062.1,4062.42,128
1784626860,4062.5,4062.58,4061.78,4061.78,169
1784626920,4061.84,4062.01,4061.17,4061.47,155
1784626980,4061.46,4062.3,4061.21,4062.28,141
1784627040,4062.29,4062.83,4061.99,4062.52,146
1784627100,4062.44,4063.4,4062.22,4063.32,154
1784627160,4063.37,4065.3,4063.05,4064.66,158
1784627220,4064.36,4064.81,4064.04,4064.81,142
1784627280,4064.6,4066.23,4064.35,4066.23,159
1784627340,4066.24,4067.01,4066.09,4066.53,196
1784627400,4066.44,4066.44,4064.73,4064.9,180
1784627460,4064.73,4068.02,4064.68,4067.77,200
1784627520,4067.65,4068.25,4067.23,4068.03,216
1784627580,4068.02,4069.4,4067.94,4069.25,182
1784627640,4069.2,4069.73,4069.03,4069.03,175
1784627700,4069.31,4069.31,4068.13,4068.55,164
1784627760,4068.56,4069.27,4068.37,4068.86,158
1784627820,4068.89,4069.02,4067.11,4067.55,162
1784627880,4067.53,4068.25,4067.16,4068.15,173
1784627940,4068.19,4068.21,4065.99,4066.08,171
1784628000,4066.01,4067.3,4065.68,4065.98,193
1784628060,4065.99,4067.03,4065.99,4067.03,180
1784628120,4067.32,4068.18,4066.85,4067.84,175
1784628180,4067.77,4067.92,4066.24,4066.24,155
1784628240,4066.2,4066.2,4063.8,4064.14,202
1784628300,4064.15,4064.34,4063.74,4063.74,155
1784628360,4063.67,4063.84,4063.45,4063.45,150
1784628420,4063.44,4063.51,4062.96,4063.29,135
1784628480,4063.3,4063.44,4062.89,4062.92,187
1784628540,4062.91,4063.28,4061.74,4061.75,187
1784628600,4061.73,4065.1,4061.11,4064.71,263
1784628660,4064.86,4068.39,4064.39,4068.24,296
1784628720,4068,4068,4066.22,4066.45,267
1784628780,4066.43,4067.49,4066.37,4066.89,206
1784628840,4066.93,4067.38,4066.07,4066.4,213
1784628900,4066.28,4066.79,4065.25,4065.63,238
1784628960,4065.76,4067.37,4065.6,4066.7,259
1784629020,4066.73,4067.14,4066.22,4067.05,151
1784629080,4067.04,4068.28,4067.01,4067.86,195
1784629140,4067.89,4068.16,4067.51,4067.52,195
1784629200,4067.52,4067.87,4067.28,4067.83,195
1784629260,4067.84,4068.28,4067.2,4068.03,190
1784629320,4068.13,4068.5,4067.58,4067.77,221
1784629380,4067.76,4068.64,4067.56,4068.38,169
1784629440,4068.26,4069.17,4067.41,4067.5,174
1784629500,4067.51,4069.06,4067.28,4068.84,173
1784629560,4068.82,4069.31,4068.22,4068.94,190
1784629620,4068.95,4069.17,4067.78,4067.79,167
1784629680,4067.84,4068.21,4067.38,4067.62,153
1784629740,4067.63,4067.8,4066.42,4066.88,190
1784629800,4066.99,4067.74,4066.86,4067.46,174
1784629860,4067.45,4068.21,4067.45,4067.83,172
1784629920,4067.81,4067.87,4066.64,4067.86,160
1784629980,4068.06,4068.33,4067.24,4067.32,166
1784630040,4067.31,4068.49,4067.28,4068.35,132
1784630100,4068.34,4069.09,4068.15,4068.18,178
1784630160,4068.17,4069.99,4068.17,4069.47,189
1784630220,4069.42,4070.14,4068.81,4070.14,181
1784630280,4070.15,4070.24,4069.2,4069.23,158
1784630340,4068.88,4069.84,4068.72,4068.96,181
1784630400,4068.88,4068.88,4067.02,4067.7,175
1784630460,4067.7,4068.36,4067.48,4068.28,179
1784630520,4068.29,4068.45,4067.37,4067.48,176
1784630580,4067.53,4067.98,4067.49,4067.79,141
1784630640,4067.79,4067.94,4066.99,4067.18,91
1784630700,4067.19,4068.57,4067.05,4068.21,163
1784630760,4068.27,4068.47,4066.73,4066.73,174
1784630820,4066.74,4066.75,4063.92,4064.15,220
1784630880,4064.27,4064.41,4063.06,4063.8,180
1784630940,4063.81,4064.35,4063.11,4063.12,156
1784631000,4063.17,4064.33,4063.08,4063.28,193
1784631060,4063.25,4063.78,4063.01,4063.76,199
1784631120,4063.69,4065.62,4063.61,4065.26,193
1784631180,4065.4,4066.33,4065.39,4065.73,163
1784631240,4065.72,4066.05,4064.86,4064.92,155
1784631300,4064.93,4065.12,4064.19,4064.44,195
1784631360,4064.44,4065.03,4064.26,4064.99,183
1784631420,4065.01,4065.03,4062.73,4062.73,181
1784631480,4062.83,4063.93,4062.74,4062.9,179
1784631540,4062.97,4063.26,4062.8,4063.01,161
1784631600,4063,4063.74,4061.15,4061.15,215
1784631660,4061.11,4061.33,4060.13,4061.14,249
1784631720,4061.1,4061.93,4060.78,4061.02,208
1784631780,4061,4061.06,4059.57,4060.06,241
1784631840,4060.09,4060.12,4056.35,4056.94,244
1784631900,4056.93,4058.67,4056.78,4058.36,229
1784631960,4058.25,4059,4057.39,4057.39,217
1784632020,4057.37,4057.38,4055.79,4056.21,226
1784632080,4056.22,4057.19,4056.22,4056.89,194
1784632140,4056.87,4056.87,4055.59,4056.24,195
1784632200,4056.17,4057.35,4056.1,4056.75,208
1784632260,4057.02,4058.28,4056.9,4058.26,171
1784632320,4058.24,4059.09,4057.74,4058.42,201
1784632380,4058.4,4058.78,4057.84,4057.86,184
1784632440,4057.97,4058.67,4057.88,4058.62,188
1784632500,4058.54,4059.69,4058.52,4059.38,156
1784632560,4059.3,4059.49,4058.83,4058.84,169
1784632620,4058.69,4059.15,4058.55,4058.6,190
1784632680,4058.59,4059.68,4058.59,4058.9,159
1784632740,4058.89,4059.05,4058.05,4058.09,150
1784632800,4058.1,4058.18,4056.64,4057.14,208
1784632860,4057.16,4057.19,4056.32,4056.72,177
1784632920,4056.71,4057.87,4056.49,4057.87,154
1784632980,4057.9,4058.56,4057.86,4058.42,147
1784633040,4058.67,4059.44,4058.55,4059.44,168
1784633100,4059.52,4059.58,4057.3,4057.72,201
1784633160,4057.71,4058.5,4057.71,4058.42,177
1784633220,4058.4,4059.51,4057.95,4059.42,214
1784633280,4059.46,4059.75,4059.43,4059.57,103
1784633340,4059.55,4059.84,4058.07,4058.07,132
1784633400,4058.17,4059.68,4057.89,4059.44,188
1784633460,4059.43,4059.44,4058.17,4058.6,189
1784633520,4058.58,4059.05,4058.2,4058.2,184
1784633580,4058.11,4058.95,4058.08,4058.85,172
1784633640,4058.86,4059.17,4058.83,4058.93,151
1784633700,4059.03,4059.79,4058.79,4059.79,160
1784633760,4059.82,4060.92,4059.61,4060.55,183
1784633820,4060.3,4060.47,4059.83,4060.34,176
1784633880,4060.37,4060.71,4059.95,4060.27,165
1784633940,4060.3,4061.24,4059.95,4060.09,240
1784634000,4060.17,4060.17,4058.28,4058.28,196
1784634060,4058.19,4058.88,4057.34,4057.37,198
1784634120,4057.29,4057.49,4055.75,4055.89,152
1784634180,4055.91,4056.59,4055.65,4056.58,159
1784634240,4056.57,4056.68,4055.87,4056.15,172
1784634300,4056.03,4057.13,4054.54,4054.54,166
1784634360,4054.63,4055.24,4054.56,4055.15,148
1784634420,4055.23,4057.42,4055.23,4057.09,160
1784634480,4057.11,4057.23,4056.38,4056.38,117
1784634540,4056.38,4057.96,4056.37,4057.96,133
1784634600,4057.77,4058.6,4057.76,4058.46,185
1784634660,4058.4,4058.42,4057.26,4057.3,130
1784634720,4057.32,4057.43,4055.8,4055.9,183
1784634780,4056.06,4056.58,4055.99,4056.49,148
1784634840,4056.51,4056.87,4056.08,4056.48,162
1784634900,4056.51,4056.71,4056.14,4056.71,129
1784634960,4056.72,4057.09,4056.38,4056.59,148
1784635020,4056.62,4056.62,4055.04,4055.21,192
1784635080,4055.22,4056.18,4055.03,4056,187
1784635140,4055.89,4056.36,4055.68,4056,159
1784635200,4056.08,4058.75,4056.02,4057.83,243
1784635260,4057.81,4057.9,4056.32,4056.46,205
1784635320,4056.48,4057.79,4055.86,4057.68,186
1784635380,4057.66,4058.72,4057.66,4058.48,167
1784635440,4058.61,4058.67,4057.92,4058.37,188
1784635500,4058.43,4059.02,4058.22,4059.02,216
1784635560,4059.03,4060.21,4058.24,4060.21,212
1784635620,4060.38,4060.97,4060.04,4060.04,222
1784635680,4060.07,4060.43,4059.34,4059.34,193
1784635740,4059.33,4059.39,4058.3,4058.71,190
1784635800,4058.59,4058.62,4056.57,4057.08,230
1784635860,4057.09,4057.9,4057,4057.46,149
1784635920,4057.48,4059.03,4057.47,4058.97,174
1784635980,4058.98,4059.66,4058.63,4059.01,174
1784636040,4059.03,4059.54,4058.66,4059.52,164
1784636100,4059.54,4059.84,4056.84,4056.96,204
1784636160,4056.91,4057.71,4055.8,4057.56,244
1784636220,4057.51,4060.26,4057.32,4059.8,234
1784636280,4059.74,4060.21,4058.89,4058.99,217
1784636340,4059.01,4059.59,4058.53,4059.15,198
1784636400,4059.13,4061.09,4058.23,4058.45,234
1784636460,4058.43,4060.62,4057.9,4060.58,204
1784636520,4060.6,4060.78,4059.24,4059.27,206
1784636580,4059.24,4062.23,4058.75,4062.23,226
1784636640,4062.13,4065.69,4061.74,4065.15,259
1784636700,4065.16,4065.23,4061.23,4061.24,250
1784636760,4061.22,4063.32,4061.22,4063.23,226
1784636820,4063.24,4063.24,4061.68,4061.81,180
1784636880,4061.78,4062.22,4060.82,4061.27,226
1784636940,4061.26,4062.43,4061.14,4061.63,229
1784637000,4061.81,4063.76,4060.91,4062.22,252
1784637060,4062.18,4062.52,4060.91,4062.24,244
1784637120,4062.22,4062.3,4061.38,4062.15,232
1784637180,4062.16,4063.76,4061.13,4061.17,235
1784637240,4061.43,4061.68,4059.18,4059.5,247
1784637300,4059.51,4059.55,4055.95,4056.3,252
1784637360,4056.46,4057.17,4055.51,4055.51,240
1784637420,4055.74,4055.86,4053.91,4055.43,242
1784637480,4055.47,4055.7,4054.13,4054.8,225
1784637540,4054.94,4055.83,4054.46,4055.18,209
1784637600,4055.14,4056.16,4054.24,4055.2,234
1784637660,4055.21,4055.35,4053.06,4054.65,220
1784637720,4054.61,4055.28,4054.41,4054.95,193
1784637780,4054.98,4055.78,4051.49,4052.26,251
1784637840,4052.13,4054.35,4051.29,4053.99,264
1784637900,4053.96,4055.96,4053.96,4055.39,264
1784637960,4055.47,4056,4053.7,4054.24,219
1784638020,4054.25,4057.63,4054.25,4057.61,240
1784638080,4057.47,4060.91,4057.47,4060.32,260
1784638140,4060.29,4062.18,4060.12,4060.13,229
1784638200,4060.1,4060.12,4057.77,4058.37,215
1784638260,4058.31,4059.15,4057.48,4057.62,236
1784638320,4057.79,4057.94,4056.43,4056.72,243
1784638380,4056.62,4056.63,4055.51,4056.53,223
1784638440,4056.43,4056.61,4055.65,4055.78,219
1784638500,4055.74,4055.74,4053.33,4053.59,228
1784638560,4053.62,4054.13,4052.99,4053.89,198
1784638620,4053.91,4055.2,4053.16,4054.68,224
1784638680,4054.74,4055.5,4053.87,4054.07,217
1784638740,4054.18,4055.96,4053.39,4053.98,251
1784638800,4054.1,4058.8,4054.1,4058.15,310
1784638860,4058.31,4060,4058.18,4059.3,250
1784638920,4059.31,4060.19,4058.85,4059.14,282
1784638980,4059.15,4060.42,4057.35,4058.1,255
1784639040,4057.88,4057.88,4056.05,4056.95,262
1784639100,4056.99,4059.88,4056.99,4059.05,263
1784639160,4059.06,4059.86,4058.27,4059.31,262
1784639220,4059.17,4060.45,4058.42,4059.46,232
1784639280,4059.1,4060.14,4058.43,4059.57,238
1784639340,4059.7,4059.85,4057.31,4057.63,241
1784639400,4057.62,4058.84,4057.34,4057.96,270
1784639460,4057.95,4058.96,4057.77,4058.12,251
1784639520,4058.13,4058.65,4057.7,4057.92,202
1784639580,4057.96,4058.17,4056.89,4057.64,182
1784639640,4057.7,4060.4,4057.66,4059.84,230
1784639700,4059.81,4061.72,4059.2,4060.35,260
1784639760,4060.14,4060.14,4056.98,4056.98,246
1784639820,4057,4057.28,4055.65,4055.84,245
1784639880,4055.83,4056.54,4054.42,4055.83,243
1784639940,4055.86,4056.47,4055.02,4055.86,266
1784640000,4055.92,4057.14,4055.31,4055.55,261
1784640060,4055.54,4056.62,4053.45,4056.22,239
1784640120,4056.3,4057.48,4056.08,4056.33,229
1784640180,4056.23,4056.88,4053.91,4054.27,257
1784640240,4054.12,4054.39,4051.85,4052.68,244
1784640300,4052.57,4054.72,4052.57,4053.72,258
1784640360,4053.75,4054.15,4052.85,4053.18,225
1784640420,4053.06,4053.45,4051.77,4053.32,253
1784640480,4053.27,4053.49,4050.87,4051.26,264
1784640540,4051.28,4051.75,4050.4,4051.06,276
1784640600,4051.3,4052.73,4050.26,4051.45,288
1784640660,4051.44,4051.78,4047.76,4047.94,298
1784640720,4047.97,4053.7,4047.97,4053.67,286
1784640780,4053.77,4055.89,4052.8,4053.96,300
1784640840,4054.26,4057.43,4054.03,4056,282
1784640900,4055.93,4057.41,4055.59,4056.6,293
1784640960,4056.71,4057.36,4054.88,4054.88,295
1784641020,4054.85,4055,4051.24,4051.61,304
1784641080,4051.78,4053.41,4051.54,4052.98,290
1784641140,4052.97,4053.73,4052.14,4052.94,266
1784641200,4053.07,4053.79,4050.39,4051.88,297
1784641260,4051.73,4052,4049.66,4050.26,276
1784641320,4049.92,4050.82,4047.76,4048.32,302
1784641380,4048.27,4049.12,4046.32,4046.33,303
1784641440,4046.4,4047.21,4044.9,4046.64,299
1784641500,4046.51,4047.26,4044.6,4045.79,294
1784641560,4046.09,4047.25,4045.43,4046.91,280
1784641620,4046.89,4047.7,4045.32,4045.76,278
1784641680,4045.91,4048.93,4044.93,4048.85,285
1784641740,4048.82,4050.54,4048.7,4050.51,303
1784641800,4050.47,4051.78,4049.38,4049.5,279
1784641860,4049.48,4050.59,4046.73,4046.85,276
1784641920,4046.68,4049.66,4046.53,4049.66,286
1784641980,4049.74,4051.18,4048.55,4051.18,271
1784642040,4051.63,4052.81,4051.37,4052.33,261
1784642100,4052.12,4053.03,4051.09,4051.41,255
1784642160,4051.33,4051.6,4049.89,4050.85,283
1784642220,4050.76,4051.69,4050.36,4051.5,267
1784642280,4051.59,4053.06,4050.76,4053.06,267
1784642340,4053.07,4053.67,4052.01,4053.24,268
1784642400,4053.26,4054.65,4052.41,4053.36,290
1784642460,4053.13,4053.86,4051.88,4053.73,282
1784642520,4053.79,4054.34,4052.25,4053.15,286
1784642580,4053.49,4056.07,4053.04,4055.71,298
1784642640,4055.68,4056.77,4055.1,4056.64,272
1784642700,4056.64,4057.67,4056.16,4057.67,273
1784642760,4057.64,4059.5,4057.59,4058.67,292
1784642820,4058.66,4058.75,4055.2,4056.18,268
1784642880,4056.11,4056.57,4054.85,4055.05,276
1784642940,4055.05,4056.58,4054.71,4055.36,268
1784643000,4055.06,4059.96,4055.06,4059.81,266
1784643060,4059.88,4060.85,4059.16,4059.93,267
1784643120,4060.2,4064.96,4060.2,4062.49,308
1784643180,4062.59,4066.03,4062.45,4066.02,272
1784643240,4065.96,4065.98,4063.8,4065.97,276
1784643300,4065.83,4065.83,4062.8,4063.91,292
1784643360,4063.93,4064.05,4061.72,4061.96,275
1784643420,4061.97,4064.19,4061.17,4064.18,276
1784643480,4064.2,4067.68,4063.75,4067.22,302
1784643540,4067.19,4067.45,4063.71,4063.84,289
1784643600,4064.16,4064.18,4062.81,4063.08,288
1784643660,4063.17,4065.22,4062.67,4063.29,275
1784643720,4063.27,4063.84,4061.38,4062.66,289
1784643780,4062.77,4065,4062.77,4064.78,282
1784643840,4064.93,4065.17,4063.54,4064.99,247
1784643900,4064.98,4068.13,4064.26,4066.92,270
1784643960,4066.94,4067.56,4066.3,4067.23,257
1784644020,4067.24,4067.83,4065.66,4066.66,270
1784644080,4066.74,4068.12,4066.74,4067.79,256
1784644140,4067.78,4069.49,4067.55,4069.49,278
1784644200,4069.21,4073.79,4069.21,4072.62,288
1784644260,4072.59,4073.11,4070.63,4071.83,290
1784644320,4071.81,4072.41,4069.65,4070.21,271
1784644380,4070.26,4071.04,4069.09,4069.09,259
1784644440,4069.06,4069.2,4066.89,4066.89,281
1784644500,4066.9,4067.25,4064.97,4065.71,264
1784644560,4065.44,4066.54,4064.86,4065.33,268
1784644620,4065.17,4065.17,4063.81,4064.52,251
1784644680,4064.28,4064.39,4062.42,4063.72,274
1784644740,4063.71,4064.85,4062.81,4064.58,275
1784644800,4064.66,4065.38,4064.05,4065.23,254
1784644860,4065.13,4065.13,4063.02,4063.14,252
1784644920,4063.09,4065.57,4063.09,4064.73,269
1784644980,4064.82,4067.13,4064.82,4066.86,280
1784645040,4066.69,4068.02,4066.17,4067.58,227
1784645100,4067.57,4068.2,4067.13,4067.27,264
1784645160,4067.29,4068.29,4067.19,4067.43,259
1784645220,4067.23,4067.55,4066.38,4067.16,249
1784645280,4067.31,4070.62,4067.12,4068.55,300
1784645340,4068.69,4069.64,4068.31,4069.63,284
1784645400,4069.84,4070.37,4068.42,4069.24,286
1784645460,4069.34,4069.49,4067.88,4068.33,257
1784645520,4068.35,4070.77,4067.8,4070.1,267
1784645580,4069.97,4070.14,4066.75,4067.09,272
1784645640,4067.06,4069.33,4066.95,4069.31,264
1784645700,4069.06,4070.25,4068.75,4069.72,292
1784645760,4069.59,4070.2,4069.23,4069.48,263
1784645820,4069.45,4070.3,4068.64,4069.78,249
1784645880,4069.74,4070.32,4067.64,4067.78,246
1784645940,4067.77,4068.71,4067.41,4068.43,245
1784646000,4068.51,4071,4068.33,4070.08,300
1784646060,4070.11,4070.32,4068.14,4068.59,249
1784646120,4068.56,4069.99,4067.96,4069.19,234
1784646180,4069.18,4069.44,4067.87,4069.44,252
1784646240,4069.41,4069.41,4068.31,4068.35,238
1784646300,4068.26,4068.26,4065.67,4067.21,266
1784646360,4067.31,4067.62,4066.44,4067.05,254
1784646420,4066.8,4069,4066.67,4067.5,212
1784646480,4067.52,4068.08,4066.69,4067.96,257
1784646540,4068.04,4070.39,4067.74,4069.28,238
1784646600,4069.29,4073.8,4069.23,4073.27,266
1784646660,4073.44,4073.68,4070.64,4071.76,288
1784646720,4071.7,4072.59,4071.11,4072.24,238
1784646780,4072.26,4072.92,4071.45,4071.54,212
1784646840,4071.56,4073.67,4071.54,4073.4,250
1784646900,4073.43,4076.27,4073.36,4075.95,297
1784646960,4076.03,4076.3,4075.27,4075.85,237
1784647020,4075.86,4078.66,4075.81,4078.11,253
1784647080,4077.94,4077.96,4076.77,4076.99,255
1784647140,4076.96,4077.89,4076.15,4077.08,230
1784647200,4077,4078.6,4075.61,4078.21,260
1784647260,4077.95,4079.15,4076.39,4076.66,283
1784647320,4076.6,4077.04,4075.99,4076.7,234
1784647380,4076.71,4077.49,4076.17,4076.31,249
1784647440,4076.23,4078.41,4076.19,4078.39,245
1784647500,4078.31,4078.37,4076.7,4077.24,237
1784647560,4077.23,4077.68,4075.82,4076.78,244
1784647620,4076.8,4077.18,4076.53,4076.9,192
1784647680,4076.91,4078.18,4076.91,4077.64,206
1784647740,4077.62,4077.65,4076.63,4076.88,178
1784647800,4076.74,4077.49,4076.19,4077.44,247
1784647860,4077.43,4078.94,4077.19,4078.28,224
1784647920,4078.29,4081.5,4078.02,4081.3,288
1784647980,4081.26,4082.67,4077.68,4078.13,286
1784648040,4078.12,4081.3,4077.93,4081.3,236
1784648100,4081.27,4081.27,4078.93,4079.8,242
1784648160,4079.75,4082.73,4079.19,4082.63,248
1784648220,4082.61,4083.34,4081.2,4081.93,238
1784648280,4081.95,4082.01,4081.33,4081.85,246
1784648340,4081.91,4082.31,4080.18,4080.35,248
1784648400,4080.42,4080.91,4078.65,4079.6,244
1784648460,4079.75,4080.36,4077.83,4078.1,219
1784648520,4078.16,4078.49,4077.91,4078.36,210
1784648580,4078.35,4078.43,4077.71,4077.99,216
1784648640,4078,4078.11,4075.67,4075.87,209
1784648700,4076.01,4076.1,4074.73,4074.73,219
1784648760,4074.65,4075.9,4074.65,4075.79,201
1784648820,4075.69,4075.69,4074.34,4074.7,244
1784648880,4074.68,4075.07,4073.81,4074.11,250
1784648940,4074.09,4075.27,4072.33,4073.21,224
1784649000,4073.2,4075.65,4073.2,4075.32,216
1784649060,4075.3,4075.57,4074.46,4075.28,163
1784649120,4075.3,4077.51,4075.2,4076.5,211
1784649180,4076.51,4078.23,4076.51,4077.71,187
1784649240,4077.7,4077.96,4076.63,4076.66,163
1784649300,4076.77,4076.85,4075.41,4075.73,222
1784649360,4075.74,4076.36,4075.74,4075.93,182
1784649420,4076.02,4076.08,4075.36,4075.37,149
1784649480,4075.4,4075.41,4074.23,4074.9,147
1784649540,4074.92,4074.93,4074,4074.26,221
1784649600,4074.24,4076.06,4073.71,4075.71,244
1784649660,4075.79,4075.95,4075.4,4075.69,199
1784649720,4075.76,4076.14,4075.29,4075.39,188
1784649780,4075.26,4076.61,4074.99,4076.61,167
1784649840,4076.78,4077.94,4076.78,4077.94,230
1784649900,4077.86,4077.99,4076.68,4076.8,214
1784649960,4076.82,4077.82,4076.74,4077.48,166
1784650020,4077.41,4077.85,4076.64,4077.69,173
1784650080,4077.82,4077.93,4077.19,4077.33,191
1784650140,4077.44,4078.12,4077.04,4077.2,154
1784650200,4077.16,4077.81,4076.51,4076.87,216
1784650260,4076.81,4077.62,4076.68,4077.47,208
1784650320,4077.42,4077.56,4077.12,4077.43,192
1784650380,4077.39,4079.17,4077.39,4078.63,170
1784650440,4078.53,4079.14,4077.89,4078.43,200
1784650500,4078.44,4078.52,4078.12,4078.19,196
1784650560,4078.25,4078.52,4077.91,4077.92,169
1784650620,4077.79,4078.52,4077.66,4078.34,164
1784650680,4078.28,4078.47,4077.63,4077.66,171
1784650740,4077.7,4078.19,4076.85,4077.32,189
1784650800,4077.4,4077.71,4076.26,4076.44,135
1784650860,4076.39,4077.55,4076.29,4077.55,194
1784650920,4077.61,4077.71,4077.03,4077.34,151
1784650980,4077.38,4077.38,4076.44,4076.81,174
1784651040,4076.77,4078.19,4076.77,4077.98,159
1784651100,4077.94,4078.16,4076.97,4076.97,169
1784651160,4076.87,4076.87,4075.33,4075.33,150
1784651220,4075.25,4075.6,4074.14,4074.98,210
1784651280,4074.99,4075.44,4074.78,4075.15,159
1784651340,4075.15,4075.95,4074.97,4075.74,142
1784651400,4075.76,4076.07,4074.89,4075.79,204
1784651460,4075.78,4076.44,4075.07,4075.41,198
1784651520,4075.45,4076.01,4074.92,4075.72,168
1784651580,4075.77,4076.36,4075.49,4075.94,167
1784651640,4075.96,4076.35,4075.79,4075.92,167
1784651700,4075.95,4076.1,4074.89,4075.43,176
1784651760,4075.44,4075.87,4072.91,4073.04,188
1784651820,4073.08,4073.16,4071.3,4072.85,236
1784651880,4072.73,4073.83,4072.73,4073.83,157
1784651940,4073.7,4074.4,4073.52,4074.39,128
1784652000,4074.33,4075.13,4074.13,4074.7,179
1784652060,4074.67,4075.12,4073.39,4073.58,152
1784652120,4073.61,4074.05,4072.8,4072.8,190
1784652180,4072.78,4073.13,4071.99,4071.99,148
1784652240,4072.03,4072.22,4071.59,4072.08,144
1784652300,4072.04,4072.76,4071.21,4072.15,189
1784652360,4072.15,4072.21,4071.23,4071.34,193
1784652420,4071.33,4071.43,4069.97,4071.03,223
1784652480,4070.98,4071.96,4070.38,4071.74,186
1784652540,4071.77,4072.67,4071.77,4072.4,131
1784652600,4072.32,4073.05,4072.22,4072.54,165
1784652660,4072.42,4072.95,4071.84,4072.95,176
1784652720,4073.02,4073.35,4072.86,4073.01,139
1784652780,4073.04,4073.24,4072.43,4072.81,130
1784652840,4072.74,4073.11,4072.24,4073.01,178
1784652900,4072.99,4073.21,4071.76,4071.81,137
1784652960,4071.84,4072.05,4071.3,4071.78,155
1784653020,4071.97,4072.38,4071.6,4071.69,161
1784653080,4071.7,4071.9,4071.31,4071.67,131
1784653140,4071.63,4072.15,4071.17,4071.64,175
1784653200,4071.67,4072.32,4070.85,4070.93,218
1784653260,4070.97,4071.59,4070.83,4071.24,183
1784653320,4071.35,4071.38,4070.14,4070.23,160
1784653380,4070.16,4070.34,4069.46,4070.01,211
1784653440,4070.03,4070.76,4069.77,4070.33,174
1784653500,4070.34,4071.96,4069.98,4071.73,209
1784653560,4071.64,4071.81,4071,4071.11,181
1784653620,4071.11,4071.18,4070.41,4070.79,152
1784653680,4070.79,4072.58,4070.79,4071.72,196
1784653740,4071.51,4071.99,4071.46,4071.59,148
1784653800,4071.42,4071.97,4071.12,4071.27,190
1784653860,4071.25,4071.38,4070.02,4071.27,176
1784653920,4071.23,4071.59,4070.82,4071.26,181
1784653980,4071.29,4071.95,4071.21,4071.56,152
1784654040,4071.56,4072.36,4070.57,4070.6,200
1784654100,4070.56,4071.01,4070.37,4070.54,167
1784654160,4070.54,4070.54,4069.36,4069.62,227
1784654220,4069.54,4070.14,4069.42,4069.58,163
1784654280,4069.52,4070.09,4069.52,4069.83,141
1784654340,4069.8,4069.98,4069.17,4069.17,131
1784654400,4069.14,4070.87,4069.11,4070.87,127
1784654460,4070.83,4071.03,4070.39,4071.03,150
1784654520,4071.09,4071.32,4070.76,4070.77,129
1784654580,4070.82,4071.2,4070.78,4071.11,164
1784654640,4071.24,4071.88,4071.11,4071.47,219
1784654700,4071.34,4072.43,4071.34,4071.95,172
1784654760,4071.92,4071.97,4071.31,4071.46,152
1784654820,4071.47,4071.57,4071.1,4071.49,116
1784654880,4071.47,4071.62,4071.05,4071.62,118
1784654940,4071.64,4072.85,4071.57,4072.28,250
1784655000,4072.18,4072.35,4071.11,4071.62,199
1784655060,4071.59,4071.61,4070.81,4071.46,131
1784655120,4071.41,4072,4070.91,4070.99,172
1784655180,4070.97,4070.97,4069.81,4070.13,129
1784655240,4070.16,4070.5,4069.87,4070.5,164
1784655300,4070.47,4070.47,4069.39,4069.86,140
1784655360,4069.91,4069.94,4069.12,4069.6,150
1784655420,4069.63,4070.13,4069.4,4070.11,106
1784655480,4069.97,4070.09,4069.58,4070.04,141
1784655540,4070.06,4070.16,4069.49,4069.49,82
1784655600,4069.42,4069.61,4067.84,4067.91,204
1784655660,4067.85,4067.9,4067.16,4067.48,170
1784655720,4067.49,4067.62,4067,4067.15,146
1784655780,4067.14,4068.22,4067.11,4068.12,164
1784655840,4068.13,4068.33,4067.71,4068.19,124
1784655900,4068.15,4068.23,4066.89,4066.98,148
1784655960,4066.99,4067.45,4066.9,4067.29,158
1784656020,4067.29,4067.47,4067.11,4067.39,138
1784656080,4067.33,4067.96,4067.32,4067.96,113
1784656140,4067.88,4068.09,4067.15,4067.16,159
1784656200,4067.15,4067.57,4066.91,4067,104
1784656260,4067.02,4067.46,4067.02,4067.27,126
1784656320,4067.25,4067.7,4067.19,4067.66,114
1784656380,4067.65,4068.13,4067.55,4067.94,163
1784656440,4067.89,4068,4067.64,4067.91,134
1784656500,4067.88,4068.29,4067.65,4068.25,106
1784656560,4068.27,4068.34,4067.41,4067.49,136
1784656620,4067.47,4067.55,4066.97,4067.54,159
1784656680,4067.49,4067.78,4067.16,4067.78,92
1784656740,4067.79,4068.6,4067.79,4068.6,83
1784656800,4068.7,4068.96,4068.33,4068.58,130
1784656860,4068.56,4068.71,4068.09,4068.34,165
1784656920,4068.35,4069.67,4068.31,4069.49,195
1784656980,4069.35,4069.35,4068.19,4068.94,145
1784657040,4069.01,4069.19,4067.93,4067.93,122
1784657100,4067.92,4068.91,4067.91,4068.4,180
1784657160,4068.37,4069.04,4067.75,4069.03,171
1784657220,4069.01,4070.4,4068.98,4070.18,130
1784657280,4070.24,4071.06,4070.23,4070.69,128
1784657340,4070.7,4072.07,4070.69,4071.79,140
1784657400,4071.82,4071.95,4071.37,4071.43,141
1784657460,4071.5,4072.25,4071.39,4072.21,174
1784657520,4072.25,4072.36,4071.74,4071.76,120
1784657580,4071.85,4072.02,4071.62,4071.69,115
1784657640,4071.65,4072.18,4071.52,4071.53,112
1784657700,4071.48,4072.17,4071.22,4072.17,179
1784657760,4072.27,4072.29,4071.71,4072.02,181
1784657820,4071.94,4073.81,4071.9,4073.8,160
1784657880,4073.76,4073.79,4073.21,4073.46,145
1784657940,4073.38,4073.64,4073.1,4073.27,167
1784658000,4073.18,4073.84,4072.6,4073.84,163
1784658060,4073.86,4074.2,4073.44,4073.58,173
1784658120,4073.59,4075.43,4073.57,4075.34,163
1784658180,4075.43,4078.53,4075.43,4078.38,224
1784658240,4078.48,4081.62,4078.48,4081.42,206
1784658300,4081.27,4086.14,4081.26,4086.07,296
1784658360,4086.01,4086.18,4085.03,4085.79,254
1784658420,4086.01,4086.44,4084.08,4084.57,248
1784658480,4084.6,4085.26,4084.23,4084.43,244
1784658540,4084.42,4084.91,4083.47,4083.86,218
1784658600,4083.85,4084.5,4082.99,4083.08,193
1784658660,4082.68,4082.74,4081.41,4082.55,204
1784658720,4082.53,4084.45,4081.9,4084.45,168
1784658780,4084.44,4085.35,4083.96,4085.21,197
1784658840,4085.2,4085.67,4084.42,4084.56,176
1784658900,4084.59,4085.39,4083.46,4083.58,187
1784658960,4083.65,4083.65,4082.76,4082.76,182
1784659020,4082.79,4082.82,4081.63,4081.9,192
1784659080,4082.14,4082.57,4081.9,4082.39,143
1784659140,4082.31,4082.99,4082.31,4082.79,168
1784659200,4082.81,4083.04,4081.84,4082.59,175
1784659260,4082.56,4083.23,4082.29,4082.72,161
1784659320,4082.55,4083.09,4082.03,4083,149
1784659380,4082.85,4084.01,4082.58,4083.74,177
1784659440,4083.82,4083.82,4082.44,4082.45,153
1784659500,4082.49,4082.66,4082.17,4082.21,156
1784659560,4082.21,4082.22,4081.6,4082.16,141
1784659620,4082.09,4082.09,4080.66,4080.75,137
1784659680,4080.76,4081.11,4080.37,4081.01,141
1784659740,4080.96,4081.21,4080.77,4080.79,97
1784659800,4080.79,4080.9,4080.12,4080.32,125
1784659860,4080.3,4080.38,4079.4,4079.42,113
1784659920,4079.64,4081.36,4079.64,4081.25,172
1784659980,4081.13,4081.28,4080.38,4080.96,125
1784660040,4080.97,4081.51,4080.97,4081.06,109
1784660100,4081.05,4083.13,4081.05,4083.12,133
1784660160,4083.09,4083.4,4082.5,4082.99,141
1784660220,4082.99,4083.02,4082.26,4082.27,136
1784660280,4082.22,4082.23,4082.02,4082.11,108
1784660340,4082.09,4082.45,4081.9,4082.33,153
1784660400,4082.35,4083.7,4082.35,4083.2,217
1784660460,4083.12,4083.61,4082.6,4083.61,139
1784660520,4083.48,4085.23,4083.4,4084.87,173
1784660580,4084.84,4085.17,4084.41,4085.15,131
1784660640,4085.17,4085.27,4084.45,4084.45,127
1784660700,4084.44,4084.81,4083.44,4083.44,144
1784660760,4083.73,4085.6,4083.73,4084.98,186
1784660820,4084.97,4084.97,4082.81,4082.96,164
1784660880,4082.84,4082.85,4081.95,4082.49,159
1784660940,4082.72,4083.1,4081.42,4081.45,152
1784661000,4081.37,4081.54,4080.19,4080.84,205
1784661060,4080.75,4081.42,4080.2,4080.22,188
1784661120,4080.21,4081.79,4080.21,4081.64,147
1784661180,4081.63,4081.63,4080.52,4080.91,117
1784661240,4080.9,4081.09,4080.6,4080.91,139
1784661300,4081.6,4082.15,4081.29,4082.03,186
1784661360,4081.98,4082.21,4081.32,4082.21,149
1784661420,4082.24,4082.35,4081.69,4082.11,144
1784661480,4082.11,4084.11,4082.11,4083.9,150
1784661540,4083.54,4083.77,4083.37,4083.65,159
1784661600,4083.64,4084.1,4083.49,4083.89,136
1784661660,4083.86,4083.89,4083.11,4083.39,165
1784661720,4083.4,4083.89,4083.25,4083.76,152
1784661780,4083.69,4083.69,4082.45,4083.16,138
1784661840,4083.78,4084.59,4083.73,4083.86,152
1784661900,4083.84,4084.53,4083.78,4084.47,123
1784661960,4084.33,4084.58,4083.79,4084.52,186
1784662020,4084.55,4085.34,4084.35,4084.39,207
1784662080,4084.38,4085.24,4083.98,4085.08,146
1784662140,4084.94,4084.94,4083.97,4084.15,140
1784662200,4084.55,4085.12,4084.15,4084.36,155
1784662260,4084.37,4084.83,4083.48,4083.99,174
1784662320,4084,4084.35,4083.52,4083.57,136
1784662380,4083.6,4084.01,4083.19,4083.9,149
1784662440,4083.99,4084.07,4083.47,4083.47,142
1784662500,4083.46,4083.57,4082.16,4082.58,187
1784662560,4083.01,4083.07,4081.97,4082.72,158
1784662620,4082.7,4083.24,4082.52,4082.64,130
1784662680,4082.64,4082.64,4082.06,4082.25,82
1784662740,4082.64,4083.23,4082.49,4082.72,130
1784662800,4082.69,4083.33,4082.48,4083.29,146
1784662860,4083.31,4084.53,4083.3,4084.43,159
1784662920,4084.36,4084.5,4083.28,4083.34,135
1784662980,4083.35,4084.04,4083.16,4083.48,152
1784663040,4083.5,4083.95,4083.18,4083.32,153
1784663100,4083.37,4083.57,4083.03,4083.03,139
1784663160,4083,4083.74,4082.97,4083.48,158
1784663220,4083.4,4085.32,4083.38,4085.14,178
1784663280,4084.58,4084.58,4083.72,4084.34,140
1784663340,4084.31,4084.81,4084.31,4084.67,132
1784663400,4084.78,4085.31,4084.37,4084.88,186
1784663460,4084.82,4085.33,4084.34,4084.65,214
1784663520,4084.76,4084.97,4084.15,4084.15,200
1784663580,4084.22,4084.6,4083.74,4083.76,148
1784663640,4083.81,4084.28,4083.62,4084.28,145
1784663700,4084.37,4084.41,4083.66,4084.32,133
1784663760,4084.17,4084.33,4083.85,4084.06,146
1784663820,4084.07,4085.23,4084.04,4085.17,152
1784663880,4085.2,4085.3,4084.4,4084.97,197
1784663940,4085.12,4085.45,4084.5,4084.57,260
1784664000,4084.53,4085.27,4083.65,4084.45,208
1784664060,4084.46,4085.19,4084.04,4084.78,152
1784664120,4084.81,4086.33,4084.45,4084.47,170
1784664180,4084.48,4084.72,4083.46,4084.72,148
1784664240,4084.8,4085.18,4084.61,4084.64,97
1784664300,4084.5,4084.74,4084.06,4084.06,100
1784664360,4084.06,4086.1,4083.99,4086.09,116
1784664420,4085.64,4085.77,4085.27,4085.58,127
1784664480,4085.57,4085.63,4085.45,4085.57,68
1784664540,4085.56,4085.63,4085.12,4085.12,43
1784664600,4084.85,4085.04,4084.7,4085.04,50
1784664660,4085,4085.2,4084.49,4084.62,92
1784664720,4084.62,4084.64,4083.73,4084.16,75
1784664780,4084.15,4084.32,4083.86,4084.14,71
1784664840,4084.15,4084.48,4084.14,4084.48,42
1784664900,4084.45,4084.45,4083.12,4083.66,87
1784664960,4083.66,4084.11,4083.5,4084.11,70
1784665020,4084.07,4084.12,4083.2,4084.12,69
1784665080,4084.07,4084.55,4084.07,4084.29,68
1784665140,4084.19,4084.19,4083.81,4084.08,40
1784665200,4084,4084,4081.62,4082.29,87
1784665260,4082.73,4082.97,4082.67,4082.93,57
1784665320,4082.93,4083.01,4082.46,4082.46,55
1784665380,4082.44,4083.02,4082.44,4082.95,52
1784665440,4083.05,4083.09,4082.95,4083.01,36
1784665500,4083.06,4083.2,4082.86,4082.96,34
1784665560,4083,4083.16,4082.54,4082.8,54
1784665620,4082.8,4082.93,4082.72,4082.93,47
1784665680,4082.89,4082.9,4082.51,4082.56,32
1784665740,4082.59,4082.83,4082.32,4082.76,62
1784665800,4082.75,4084.61,4082.75,4084.61,95
1784665860,4084.56,4084.56,4083.6,4083.88,77
1784665920,4083.9,4085.39,4083.9,4085.38,97
1784665980,4085.2,4085.2,4083.92,4083.92,122
1784666040,4084.01,4084.02,4083.02,4083.19,73
1784666100,4083.33,4083.46,4082.78,4083.21,93
1784666160,4083.21,4083.32,4082.94,4083.32,85
1784666220,4083.28,4083.32,4082.61,4082.76,104
1784666280,4082.83,4083.23,4082.4,4082.58,92
1784666340,4082.61,4082.83,4082,4082,32
1784666400,4081.9,4081.92,4080.87,4081.42,86
1784666460,4081.56,4081.6,4081.02,4081.1,72
1784666520,4081.09,4081.2,4080.36,4081.01,64
1784666580,4081.21,4081.3,4080.48,4080.9,96
1784666640,4080.92,4081.06,4080.77,4080.91,62
1784666700,4080.87,4080.87,4079.17,4079.17,104
1784666760,4079.25,4079.73,4078.74,4079.39,88
1784666820,4079.46,4079.5,4078.77,4079.14,76
1784666880,4079.13,4079.36,4078.75,4078.88,60
1784666940,4078.85,4079.12,4077.98,4078.34,106
1784667000,4078.23,4078.32,4077.42,4077.42,64
1784667060,4077.48,4078.98,4077.48,4077.88,90
1784667120,4078.21,4078.48,4077.98,4078.26,46
1784667180,4078.21,4078.35,4077.92,4078.27,54
1784667240,4078.01,4078.27,4077.27,4077.58,56
1784667300,4077.28,4077.3,4076.77,4077.04,80
1784667360,4076.99,4077.54,4076.59,4077.44,66
1784667420,4077.64,4078.04,4077.53,4077.75,40
1784667480,4077.95,4077.98,4077.39,4077.6,62
1784671320,4079.24,4079.83,4079.24,4079.42,124
1784671380,4079.02,4079.59,4078.56,4079.21,142
1784671440,4079.11,4079.24,4078.57,4078.66,110
1784671500,4078.75,4079.78,4078.65,4078.96,137
1784671560,4079.01,4079.1,4078.11,4078.56,144
1784671620,4078.56,4078.6,4077.69,4077.69,88
1784671680,4077.67,4078.25,4077.19,4078.24,136
1784671740,4078.25,4078.95,4077.78,4077.99,157
1784671800,4078,4078.29,4077.72,4077.96,73
1784671860,4078.02,4078.99,4077.65,4078.99,100
1784671920,4079,4079.03,4078.55,4078.6,74
1784671980,4078.56,4078.81,4077.73,4078.07,100
1784672040,4078.13,4079.34,4078,4079.06,115
1784672100,4079.07,4080.42,4078.23,4079.95,162
1784672160,4079.96,4080.2,4079.5,4079.88,172
1784672220,4079.89,4080.98,4079.63,4080.53,153
1784672280,4080.61,4080.67,4079.74,4080.51,84
1784672340,4080.51,4080.59,4079.91,4080.15,98
1784672400,4080.41,4081.08,4080.39,4081.08,93
1784672460,4081.16,4082.22,4081.1,4082.09,125
1784672520,4082.09,4082.09,4081.39,4081.5,129
1784672580,4081.49,4081.95,4081.48,4081.88,101
1784672640,4081.89,4081.89,4080.66,4080.76,124
1784672700,4080.78,4081.67,4080.7,4081.67,121
1784672760,4081.68,4082.21,4081.57,4082.09,131
1784672820,4082.1,4082.45,4081.95,4081.95,85
1784672880,4081.92,4082.97,4081.57,4082.16,137
1784672940,4082.12,4083.12,4082.04,4082.73,135
1784673000,4082.86,4084.33,4082.77,4083.51,173
1784673060,4083.49,4084.93,4083.42,4083.87,174
1784673120,4083.74,4084.38,4083.12,4083.91,159
1784673180,4083.87,4084.62,4083.86,4084.35,103
1784673240,4084.34,4084.42,4083.4,4083.98,137
1784673300,4083.96,4084.14,4082.85,4083.07,162
1784673360,4083.1,4084.07,4083.03,4084.06,133
1784673420,4084.06,4084.39,4083.59,4084.39,133
1784673480,4084.45,4085.02,4084.45,4084.79,135
1784673540,4084.75,4084.86,4084.03,4084.61,138
1784673600,4084.59,4084.78,4084.19,4084.41,168
1784673660,4084.42,4084.47,4084.04,4084.28,104
1784673720,4084.28,4084.92,4084.24,4084.87,79
1784673780,4084.88,4084.89,4084.1,4084.34,109
1784673840,4084.36,4084.36,4083.88,4084.01,136
1784673900,4084.02,4084.4,4082.97,4083.43,142
1784673960,4083.42,4083.83,4082.89,4083.01,145
1784674020,4082.98,4083.07,4081.8,4082.75,173
1784674080,4082.59,4082.8,4081.82,4082.33,195
1784674140,4082.31,4082.37,4081.28,4081.28,94
1784674200,4081.35,4082.09,4080.79,4080.79,131
1784674260,4080.85,4081.14,4080.12,4080.53,130
1784674320,4080.15,4080.15,4079.28,4079.31,147
1784674380,4079.34,4079.55,4078.37,4079.55,128
1784674440,4079.58,4080.09,4079.03,4079.86,162
1784674500,4079.85,4080.98,4079.8,4080.81,116
1784674560,4080.79,4081.09,4080.72,4080.98,81
1784674620,4080.96,4080.99,4080.3,4080.64,109
1784674680,4080.59,4081.26,4080.44,4080.54,151
1784674740,4080.56,4081.09,4080.51,4080.51,124
1784674800,4080.5,4081.02,4079.55,4080,146
1784674860,4079.86,4080.6,4079.7,4080.24,128
1784674920,4080.51,4081.4,4080.13,4080.28,142
1784674980,4080.32,4081.24,4080.23,4081.16,115
1784675040,4081.15,4081.36,4080.38,4080.58,163
1784675100,4080.59,4081.43,4080.4,4081.43,76
1784675160,4081.47,4081.95,4080.24,4080.95,142
1784675220,4080.93,4081.06,4080.55,4080.7,94
1784675280,4080.63,4081.22,4080.61,4080.89,91
1784675340,4080.9,4081.21,4080.9,4081.19,81
1784675400,4081.16,4081.18,4080.66,4081.02,109
1784675460,4081.01,4081.12,4080.36,4081.11,84
1784675520,4081.15,4081.66,4081.11,4081.53,125
1784675580,4081.78,4081.94,4081.16,4081.29,110
1784675640,4081.31,4081.39,4081.28,4081.34,73
1784675700,4081.33,4082.08,4080.95,4081.33,119
1784675760,4081.34,4081.69,4081.34,4081.61,87
1784675820,4081.64,4081.64,4081.55,4081.61,16
1784675880,4081.6,4082.46,4081.57,4082.38,36
1784675940,4082.18,4082.54,4082.18,4082.49,87
1784676000,4082.5,4082.5,4081.79,4081.79,105
1784676060,4081.8,4081.8,4081.56,4081.61,58
1784676120,4081.62,4081.66,4081.43,4081.66,71
1784676180,4081.66,4082.3,4081.66,4082.26,95
1784676240,4082.27,4082.45,4082.2,4082.25,80
1784676300,4082.24,4082.32,4081.85,4081.85,78
1784676360,4081.63,4082.07,4081.63,4082.06,78
1784676420,4082.07,4082.55,4081.69,4081.84,109
1784676480,4081.89,4082.21,4081.85,4082.11,112
1784676540,4082.1,4082.21,4081.26,4081.3,112
1784676600,4081.31,4081.37,4080.68,4080.84,134
1784676660,4081.12,4081.57,4081,4081.55,68
1784676720,4081.56,4081.82,4081.39,4081.46,103
1784676780,4081.47,4081.49,4081.16,4081.18,53
1784676840,4081.17,4081.17,4080.63,4080.76,111
1784676900,4080.77,4080.84,4080.58,4080.64,82
1784676960,4080.65,4081.52,4080.65,4081.5,92
1784677020,4081.49,4081.5,4081.05,4081.39,78
1784677080,4081.39,4081.94,4081.39,4081.85,114
1784677140,4081.87,4082.15,4081.76,4082,124
1784677200,4082.03,4082.39,4081.77,4081.93,136
1784677260,4081.95,4082.09,4081.11,4081.12,135
1784677320,4081.13,4081.13,4080.02,4080.17,136
1784677380,4080.16,4080.28,4079.58,4079.88,119
1784677440,4079.89,4080.58,4079.37,4080.55,145
1784677500,4080.55,4082.78,4079.69,4082.67,196
1784677560,4082.66,4083.11,4079.63,4080.34,195
1784677620,4080.35,4081.6,4080.35,4081.6,111
1784677680,4081.58,4081.58,4080.82,4080.83,96
1784677740,4080.84,4081.18,4080.84,4081.07,118
1784677800,4081.08,4081.42,4080.54,4081.13,125
1784677860,4080.97,4081.3,4080.21,4080.44,101
1784677920,4080.44,4081.17,4080.33,4080.8,132
1784677980,4080.77,4080.84,4080.46,4080.84,119
1784678040,4080.84,4080.84,4080.31,4080.56,116
1784678100,4080.58,4081.11,4080.55,4080.71,134
1784678160,4080.71,4080.81,4080.33,4080.36,104
1784678220,4080.62,4080.7,4079.34,4079.83,153
1784678280,4079.82,4080.47,4079.82,4080.47,92
1784678340,4080.5,4080.95,4080.5,4080.7,141
1784678400,4081,4081.83,4076.92,4077.29,295
1784678460,4077.19,4077.94,4076.87,4077.94,245
1784678520,4078,4079.76,4077.63,4079.76,238
1784678580,4079.81,4080.51,4079,4079.98,210
1784678640,4079.9,4082.73,4079.9,4082.72,236
1784678700,4082.76,4083.5,4081.44,4081.96,255
1784678760,4081.92,4086.25,4081.86,4085.99,261
1784678820,4086,4090.09,4085.39,4088.97,254
1784678880,4088.95,4089.04,4086.61,4087.2,254
1784678940,4087.18,4089.06,4086.35,4088.21,229
1784679000,4088.24,4090.62,4087.66,4089.4,268
1784679060,4089.28,4090.94,4089.12,4090.8,256
1784679120,4090.79,4092.33,4090.18,4091.83,235
1784679180,4091.84,4092.32,4090.81,4091.68,225
1784679240,4091.66,4092.74,4091.35,4092.19,234
1784679300,4092.23,4093.6,4092.23,4093.24,234
1784679360,4092.92,4094.5,4092.88,4094.46,243
1784679420,4094.47,4098.06,4094.47,4096.63,271
1784679480,4096.58,4096.82,4094.52,4094.86,243
1784679540,4094.85,4095.75,4094.82,4095.53,162
1784679600,4095.67,4096.91,4095.41,4096.91,227
1784679660,4096.41,4097.53,4095.1,4095.1,237
1784679720,4095.03,4096.1,4092.97,4095.02,222
1784679780,4094.96,4097.71,4094.96,4097.05,217
1784679840,4096.94,4097.54,4096.77,4097.17,218
1784679900,4097.2,4098,4096.73,4097.31,222
1784679960,4097.3,4098.64,4097.3,4097.58,236
1784680020,4097.65,4097.74,4096.79,4097.48,217
1784680080,4097.58,4098.53,4097.24,4097.25,208
1784680140,4097.42,4098.26,4096.77,4098.18,180
1784680200,4098.21,4102.24,4097.05,4097.05,263
1784680260,4097.15,4097.15,4092.86,4095.52,272
1784680320,4095.45,4095.45,4091.93,4092.15,238
1784680380,4092.13,4093.53,4091.17,4091.21,223
1784680440,4091.14,4091.92,4090.52,4091.46,235
1784680500,4091.3,4091.81,4089.79,4091.81,200
1784680560,4091.77,4093.25,4091.62,4092.98,217
1784680620,4092.89,4095.53,4092.86,4094.06,232
1784680680,4094.03,4097.26,4094.03,4096.68,216
1784680740,4096.72,4096.77,4094.82,4094.82,229
1784680800,4093.86,4094.6,4092.86,4094.33,213
1784680860,4094.27,4094.79,4093.75,4094.17,208
1784680920,4094.15,4095.29,4093.88,4094.97,194
1784680980,4094.91,4095.02,4092.04,4092.28,197
1784681040,4092.29,4093.56,4091.82,4092.82,210
1784681100,4092.8,4093.65,4092.73,4092.83,232
1784681160,4092.92,4093.27,4091.66,4092.9,243
1784681220,4093.12,4093.95,4092.67,4093.95,220
1784681280,4093.94,4097.15,4093.85,4096.73,253
1784681340,4096.72,4099.12,4096.26,4096.71,234
1784681400,4096.72,4097.35,4094.88,4095.07,241
1784681460,4095.07,4095.93,4094.68,4095.37,226
1784681520,4095.35,4095.66,4093.95,4094.18,207
1784681580,4094.16,4094.95,4093.78,4094.55,200
1784681640,4094.52,4094.52,4093.59,4094.03,202
1784681700,4094.13,4094.63,4093.42,4094.6,191
1784681760,4094.62,4095.13,4093.83,4093.86,234
1784681820,4093.84,4095.21,4093.16,4095.19,231
1784681880,4095.22,4096.91,4094.43,4096.7,225
1784681940,4096.73,4097.56,4096.55,4097.53,225
1784682000,4097.68,4108.38,4096.86,4107.66,325
1784682060,4107.58,4108.7,4105.24,4105.24,307
1784682120,4105.27,4107.25,4103.54,4106.13,300
1784682180,4106.14,4108.31,4104.07,4108.17,299
1784682240,4108.09,4113.73,4107.16,4110.45,300
1784682300,4110.74,4113.67,4110.16,4113.2,288
1784682360,4113.09,4115.6,4113.04,4115.11,294
1784682420,4114.94,4115.79,4114.19,4114.85,281
1784682480,4114.81,4117.07,4114.4,4115.81,288
1784682540,4115.84,4116.47,4112.95,4116.01,282
1784682600,4115.92,4117.88,4115.55,4116,300
1784682660,4115.97,4116.2,4113.81,4114.08,270
1784682720,4114.2,4118.03,4114.02,4117.45,284
1784682780,4117.44,4118.25,4116.72,4117.17,249
1784682840,4117.15,4121.41,4117.15,4121.41,295
1784682900,4121.35,4121.55,4117.28,4118.01,291
1784682960,4118,4119.01,4115.52,4115.81,304
1784683020,4115.91,4115.91,4113.01,4113.48,270
1784683080,4113.47,4113.49,4112.06,4112.81,267
1784683140,4112.63,4114.27,4112.19,4112.85,256
1784683200,4112.75,4115.47,4112.52,4115.47,284
1784683260,4115.17,4115.78,4114.64,4115.08,267
1784683320,4114.85,4115.08,4113.15,4114.07,234
1784683380,4114.07,4114.51,4111.97,4112.22,259
1784683440,4112.34,4113.13,4111.89,4112.45,249
1784683500,4112.47,4114.42,4112.18,4114.29,254
1784683560,4114.41,4115.22,4113.46,4115.22,246
1784683620,4114.99,4115.96,4114.51,4115.96,245
1784683680,4115.98,4116.78,4115.08,4115.9,259
1784683740,4115.91,4116.63,4115.5,4115.52,248
1784683800,4115.53,4115.61,4113.92,4114.86,279
1784683860,4114.87,4115.6,4113.23,4113.93,251
1784683920,4113.94,4114.41,4113.06,4114.13,256
1784683980,4114.41,4116.08,4113.94,4115.34,253
1784684040,4115.28,4117.19,4114.82,4116.79,260
1784684100,4116.58,4118.66,4115.99,4117.78,290
1784684160,4117.84,4118.23,4115.89,4115.89,282
1784684220,4115.9,4117.8,4115.9,4116.58,261
1784684280,4116.57,4117.89,4114.88,4117.89,252
1784684340,4117.73,4121.44,4117.45,4119.7,288
1784684400,4119.58,4120.04,4118.82,4118.99,270
1784684460,4118.99,4119.39,4118.2,4119.3,258
1784684520,4119.27,4122.05,4119.12,4121.78,269
1784684580,4121.52,4122.93,4121.42,4122.11,266
1784684640,4122.13,4122.58,4121.23,4121.75,234
1784684700,4121.77,4123.28,4121.74,4122.5,238
1784684760,4122.49,4123.42,4122.4,4122.65,225
1784684820,4122.67,4123.22,4122.12,4123.22,233
1784684880,4123.43,4123.43,4121.52,4121.57,244
1784684940,4121.57,4121.61,4118.89,4119.69,257
1784685000,4119.73,4119.93,4118.46,4118.92,248
1784685060,4118.98,4119.95,4118.47,4119.7,237
1784685120,4119.68,4120.73,4118.74,4120.73,242
1784685180,4120.62,4121.16,4118.78,4119.11,244
1784685240,4119.34,4120.98,4119.22,4119.59,245
1784685300,4119.62,4119.62,4117.54,4117.54,253
1784685360,4117.61,4119.8,4117.53,4119.8,251
1784685420,4119.79,4120.93,4119.05,4120.87,252
1784685480,4120.76,4122.89,4120.65,4120.77,245
1784685540,4120.81,4122.18,4120.81,4122.16,211
1784685600,4121.97,4122.69,4121.12,4121.69,275
1784685660,4121.67,4122.5,4121.06,4121.79,234
1784685720,4121.78,4122.67,4121.38,4121.9,238
1784685780,4122.02,4122.17,4119.63,4119.65,219
1784685840,4119.71,4122.27,4119.7,4121.82,244
1784685900,4121.86,4122.12,4119.41,4119.7,255
1784685960,4119.79,4120.77,4119.79,4119.89,238
1784686020,4119.94,4120.63,4118.98,4120.5,244
1784686080,4120.7,4121.49,4120.11,4120.11,212
1784686140,4120.1,4121.54,4119.85,4121.54,227
1784686200,4121.51,4123.25,4120.91,4122.18,243
1784686260,4122.17,4122.62,4121.92,4122.52,224
1784686320,4122.51,4122.51,4120.53,4121.13,227
1784686380,4121.11,4122.21,4120.57,4121.96,218
1784686440,4121.97,4122.54,4121.97,4122.03,207
1784686500,4122.03,4122.86,4121.78,4122.44,191
1784686560,4122.48,4123.16,4121.9,4123.13,208
1784686620,4123.16,4125.01,4121.19,4121.19,241
1784686680,4121.27,4121.9,4120.59,4120.94,208
1784686740,4120.93,4120.97,4120.01,4120.53,208
1784686800,4120.52,4122.97,4120.46,4122.12,214
1784686860,4121.97,4123.8,4121.52,4123.72,197
1784686920,4123.66,4125.17,4123.64,4125.17,184
1784686980,4125.13,4125.56,4124.65,4124.97,217
1784687040,4125.04,4125.04,4123.83,4124.81,194
1784687100,4124.85,4125.35,4123.99,4124.8,213
1784687160,4124.79,4125.18,4124.07,4125.08,193
1784687220,4125.09,4125.69,4124.43,4125.39,188
1784687280,4125.37,4126.08,4124.93,4125.89,169
1784687340,4125.92,4125.92,4124.16,4124.28,202
1784687400,4124.34,4125.29,4122.33,4124.39,286
1784687460,4124.23,4126.16,4123.77,4125.49,260
1784687520,4125.47,4129.29,4125.46,4129.18,260
1784687580,4129.16,4129.91,4128.71,4128.97,265
1784687640,4128.98,4130.45,4128.18,4130.24,269
1784687700,4130.25,4130.32,4127.16,4127.36,258
1784687760,4127.46,4128.78,4126.9,4127.77,259
1784687820,4127.68,4128.9,4126.17,4126.22,254
1784687880,4126.32,4126.4,4124.73,4125.22,241
1784687940,4124.69,4126.01,4124.64,4124.65,239
1784688000,4124.63,4128.05,4124.5,4127.33,228
1784688060,4127.51,4129.32,4126.92,4127.4,246
1784688120,4127.45,4127.66,4126.63,4126.67,212
1784688180,4126.66,4126.67,4125.44,4126.42,208
1784688240,4126.43,4128.52,4126.43,4128.4,222
1784688300,4128.33,4128.7,4127.62,4128.48,255
1784688360,4128.67,4130.59,4128.28,4129.26,252
1784688420,4129.23,4129.27,4127.91,4128.04,235
1784688480,4128.05,4129.25,4127.77,4128.63,257
1784688540,4128.64,4128.95,4128.08,4128.46,221
1784688600,4128.47,4128.59,4127.39,4127.42,221
1784688660,4127.75,4127.85,4126.39,4126.96,265
1784688720,4126.97,4127.47,4126.46,4127.45,209
1784688780,4127.44,4128.15,4126.44,4128.15,260
1784688840,4128.19,4129.15,4128.14,4128.37,219
1784688900,4128.39,4128.81,4127.91,4128.02,224
1784688960,4128.01,4128.16,4127.08,4127.25,205
1784689020,4127.24,4127.84,4126.87,4127.58,202
1784689080,4127.59,4129.4,4127.53,4129.36,220
1784689140,4129.4,4130.83,4128.9,4130.63,225
1784689200,4130.41,4131.25,4129.44,4130.7,238
1784689260,4130.6,4131.18,4130.1,4130.57,245
1784689320,4130.58,4132.05,4130.58,4132.04,246
1784689380,4132.01,4132.79,4131.89,4132.59,214
1784689440,4132.57,4133.61,4132.13,4133.53,240
1784689500,4133.52,4134.6,4132.61,4134.48,245
1784689560,4134.49,4137.46,4134.49,4137.17,255
1784689620,4137.05,4140.38,4136.9,4140.16,272
1784689680,4140.12,4140.69,4137.89,4138.33,280
1784689740,4138.23,4138.43,4137.04,4137.48,244
1784689800,4137.48,4138.47,4137.45,4137.94,228
1784689860,4137.95,4138.19,4136.8,4136.8,215
1784689920,4136.69,4136.7,4135.26,4136.13,221
1784689980,4136.14,4138.01,4136.14,4137.76,188
1784690040,4137.75,4137.84,4136.82,4137.43,190
1784690100,4137.24,4139.27,4136.87,4139.27,255
1784690160,4139.26,4139.65,4138.53,4138.75,244
1784690220,4138.71,4139.06,4138.26,4139.06,210
1784690280,4139.09,4139.86,4138.19,4138.33,206
1784690340,4138.35,4139.36,4138.35,4139.16,177
1784690400,4139.18,4140.32,4138.32,4140.27,202
1784690460,4140.32,4140.46,4139.23,4140.4,204
1784690520,4140.39,4140.83,4139.88,4140.5,201
1784690580,4140.53,4141.69,4139.48,4141.01,222
1784690640,4141.04,4141.24,4138.93,4138.99,217
1784690700,4139.02,4139.35,4138.6,4139.17,222
1784690760,4138.78,4139.36,4138.34,4139.36,195
1784690820,4139.36,4139.88,4138.87,4138.88,199
1784690880,4138.93,4139.14,4137.21,4137.25,190
1784690940,4137.26,4138.46,4137.26,4138.3,213
1784691000,4138.31,4138.32,4137.3,4137.42,204
1784691060,4137.36,4137.72,4136.51,4136.51,204
1784691120,4136.67,4136.75,4134.79,4135.23,237
1784691180,4135.27,4135.63,4134.92,4135.09,196
1784691240,4135.1,4135.69,4134.83,4135.25,208
1784691300,4135.27,4135.49,4133.47,4133.85,188
1784691360,4133.96,4134.03,4133.37,4133.37,164
1784691420,4133.35,4134.32,4132.76,4134.31,203
1784691480,4134.3,4135.76,4134.08,4135.41,161
1784691540,4135.39,4135.43,4133.36,4133.64,166
1784691600,4133.59,4133.63,4133.03,4133.28,177
1784691660,4133.28,4133.68,4132.66,4133.46,185
1784691720,4133.46,4134.3,4132.85,4133.58,181
1784691780,4133.42,4134.17,4132.54,4133.91,195
1784691840,4133.84,4134.1,4133.55,4133.62,149
1784691900,4133.67,4134.34,4133.22,4133.27,175
1784691960,4133.28,4133.75,4132.57,4132.95,180
1784692020,4132.94,4134.2,4132.94,4134.14,168
1784692080,4134.24,4134.27,4133,4133,169
1784692140,4133.01,4133.02,4132.35,4132.76,150
1784692200,4132.78,4132.81,4132.16,4132.34,148
1784692260,4132.38,4132.8,4131.87,4132.01,145
1784692320,4131.99,4132.29,4131.25,4131.37,177
1784692380,4131.35,4131.63,4130.83,4131.03,179
1784692440,4131.11,4131.3,4130.8,4131.15,168
1784692500,4131.12,4131.58,4130.95,4131.2,179
1784692560,4131.24,4131.31,4130.69,4130.72,147
1784692620,4130.71,4131.74,4130.19,4131.16,185
1784692680,4131.19,4131.63,4130.88,4131.34,203
1784692740,4131.35,4131.44,4130.87,4130.96,136
1784692800,4130.86,4131.21,4130,4130.08,201
1784692860,4130.17,4131.05,4130.07,4130.65,150
1784692920,4130.64,4130.65,4128.3,4128.92,203
1784692980,4128.83,4128.83,4127.19,4127.4,224
1784693040,4127.39,4128.63,4126.71,4128.33,190
1784693100,4128.35,4129.84,4128.35,4129.65,155
1784693160,4129.65,4130.53,4129.23,4130.37,148
1784693220,4130.36,4130.39,4129.07,4129.29,132
1784693280,4129.32,4129.74,4128.45,4128.45,138
1784693340,4128.41,4128.63,4127.82,4128.11,156
1784693400,4128.11,4128.54,4127.67,4127.81,159
1784693460,4127.82,4127.95,4126.99,4127.07,161
1784693520,4127.07,4127.45,4126.58,4126.58,173
1784693580,4126.56,4127.95,4126.38,4127.75,169
1784693640,4127.73,4127.78,4126.55,4127.02,171
1784693700,4127,4128.41,4126.97,4128.28,173
1784693760,4128.29,4129.65,4128.22,4128.71,149
1784693820,4128.6,4128.78,4128.4,4128.44,139
1784693880,4128.46,4128.81,4128.28,4128.78,131
1784693940,4128.76,4128.76,4128.18,4128.19,140
1784694000,4128.14,4128.57,4128.02,4128.55,150
1784694060,4128.53,4128.84,4127.66,4128.75,160
1784694120,4128.73,4129.11,4128.31,4129.03,147
1784694180,4129.01,4129.45,4128.95,4129.32,133
1784694240,4129.29,4129.41,4128.65,4128.85,161
1784694300,4128.83,4128.91,4128.14,4128.36,144
1784694360,4128.34,4128.83,4127.99,4128.32,164
1784694420,4128.33,4128.64,4127.67,4127.96,132
1784694480,4127.9,4128.47,4127.9,4128.4,133
1784694540,4128.41,4129,4128.04,4128.84,139
1784694600,4128.83,4128.94,4128.18,4128.29,172
1784694660,4128.28,4129.11,4128.25,4128.71,140
1784694720,4128.58,4128.58,4127.04,4127.05,147
1784694780,4127.07,4127.09,4126.17,4126.52,153
1784694840,4126.53,4126.79,4125.15,4126.79,176
1784694900,4126.83,4126.83,4126.07,4126.37,180
1784694960,4126.36,4126.62,4125.92,4126.53,115
1784695020,4126.55,4126.68,4125.57,4125.57,156
1784695080,4125.56,4126.52,4124.87,4126.52,196
1784695140,4126.53,4126.91,4126.14,4126.38,139
1784695200,4126.39,4126.99,4126.36,4126.6,191
1784695260,4126.61,4127.36,4126.59,4127.06,131
1784695320,4127.1,4127.54,4126.56,4127.16,156
1784695380,4126.92,4127.21,4126.74,4126.82,149
1784695440,4126.81,4127.73,4126.81,4127.35,152
1784695500,4127.44,4127.65,4126.89,4127.56,165
1784695560,4127.57,4127.65,4126.33,4126.57,126
1784695620,4126.56,4126.57,4125.52,4125.77,173
1784695680,4125.9,4126.28,4125.8,4126.13,147
1784695740,4126.14,4126.38,4125.81,4126.34,115
1784695800,4126.37,4126.74,4125.89,4126.46,140
1784695860,4126.51,4127.02,4125.63,4125.8,132
1784695920,4125.81,4125.81,4125.42,4125.81,159
1784695980,4125.81,4125.82,4125.32,4125.57,159
1784696040,4125.61,4126.15,4125.58,4126.12,130
1784696100,4126.09,4126.38,4125.76,4126.22,117
1784696160,4126.23,4126.48,4125.67,4126.46,139
1784696220,4126.46,4127.28,4126.15,4126.92,178
1784696280,4126.93,4127.07,4126.65,4126.98,145
1784696340,4127.05,4127.34,4126.46,4127.08,119
1784696400,4127.01,4127.01,4125.97,4126.4,179
1784696460,4126.35,4127.9,4126.13,4127.67,200
1784696520,4127.64,4128.27,4127.53,4127.53,179
1784696580,4127.91,4129.2,4127.45,4128.33,205
1784696640,4128.19,4128.84,4127.95,4128.42,144
1784696700,4128.38,4128.51,4128.04,4128.26,159
1784696760,4128.12,4128.57,4128.06,4128.53,187
1784696820,4128.4,4129.17,4128.08,4129.08,190
1784696880,4128.99,4129.03,4128.21,4128.24,188
1784696940,4128.18,4128.18,4126.69,4127.31,177
1784697000,4127.28,4129.05,4127.19,4129.05,190
1784697060,4129.06,4129.99,4128.77,4128.81,190
1784697120,4128.79,4128.91,4128.19,4128.25,139
1784697180,4128.27,4128.73,4128.03,4128.06,141
1784697240,4128.09,4128.66,4127.91,4128.63,161
1784697300,4128.68,4128.78,4127.25,4127.54,179
1784697360,4127.39,4127.39,4123.62,4123.95,230
1784697420,4123.98,4124.78,4123.36,4124.43,230
1784697480,4124.41,4125.31,4123.72,4123.97,197
1784697540,4124.08,4124.66,4123.76,4124.17,208
1784697600,4124.14,4124.38,4123.27,4123.75,207
1784697660,4123.74,4124.63,4123.74,4124.15,203
1784697720,4124.16,4124.64,4123.79,4124.6,153
1784697780,4124.66,4124.81,4124.1,4124.46,176
1784697840,4124.44,4124.58,4124.14,4124.49,134
1784697900,4124.43,4124.77,4123.67,4124.73,188
1784697960,4124.74,4126.3,4124.43,4125.67,167
1784698020,4125.81,4125.81,4124.81,4124.92,199
1784698080,4124.86,4124.96,4123.76,4123.89,187
1784698140,4123.95,4124.83,4123.73,4123.77,185
1784698200,4123.61,4128.42,4123.28,4127.32,294
1784698260,4127.36,4128.82,4126.32,4128.22,290
1784698320,4128.05,4128.6,4127.37,4127.83,245
1784698380,4127.63,4128.34,4126.42,4126.84,246
1784698440,4126.83,4128.01,4126.09,4127.65,269
1784698500,4127.66,4130.29,4127.33,4128.72,270
1784698560,4128.49,4129.88,4128.44,4129.62,221
1784698620,4129.61,4131.84,4129.59,4131.67,222
1784698680,4131.82,4134.06,4131.32,4132.41,280
1784698740,4132.55,4132.98,4131.77,4132.58,245
1784698800,4132.53,4133.18,4130.82,4131.86,223
1784698860,4131.87,4133.02,4131.26,4131.54,247
1784698920,4131.53,4132.44,4130.44,4132.23,239
1784698980,4132.25,4132.28,4131.15,4132.19,217
1784699040,4132.14,4133.19,4132,4132.58,217
1784699100,4132.54,4132.54,4130.3,4131.69,205
1784699160,4131.55,4132.46,4130.98,4132.28,252
1784699220,4132.29,4133.29,4131.96,4132.26,238
1784699280,4132.17,4132.36,4131.21,4132.27,249
1784699340,4132.34,4132.58,4131.41,4132.08,245
1784699400,4132.12,4132.55,4131.33,4132.43,204
1784699460,4132.34,4133,4132.05,4132.05,254
1784699520,4132.07,4132.95,4131.29,4132.77,212
1784699580,4132.75,4132.75,4131.53,4131.91,231
1784699640,4131.88,4132.02,4129.34,4129.59,241
1784699700,4129.82,4130.47,4129.21,4129.21,241
1784699760,4129.43,4129.63,4128.59,4129.05,256
1784699820,4129.11,4129.52,4128.99,4129.05,201
1784699880,4129.04,4130.44,4128.19,4130.43,217
1784699940,4130.42,4131.57,4130.42,4131.11,214
1784700000,4131.02,4134.67,4131.02,4133.98,244
1784700060,4133.97,4134.18,4132.46,4133.04,248
1784700120,4132.96,4133.8,4132.95,4133.24,220
1784700180,4133.17,4135.21,4133.17,4134.43,250
1784700240,4134.45,4135.12,4134.26,4134.39,237
1784700300,4134.27,4134.28,4132.31,4132.88,248
1784700360,4132.9,4133.06,4131.02,4131.63,229
1784700420,4131.62,4132.75,4131.53,4132.2,184
1784700480,4132.27,4132.29,4130.97,4131.54,204
1784700540,4131.56,4131.57,4130.66,4130.92,197
1784700600,4130.88,4131.72,4130.71,4131.29,216
1784700660,4131.38,4132.36,4131.32,4131.57,201
1784700720,4131.61,4131.81,4131.09,4131.72,200
1784700780,4131.71,4132.12,4129.94,4130.01,230
1784700840,4130.06,4130.59,4129.46,4129.87,224
1784700900,4129.88,4129.91,4129.29,4129.91,199
1784700960,4130.26,4131.97,4130.07,4130.07,227
1784701020,4130.06,4131.71,4129.95,4131.14,190
1784701080,4131.13,4131.73,4131.11,4131.67,156
1784701140,4131.75,4131.75,4129.46,4130.45,236
1784701200,4130.58,4130.64,4129.43,4129.81,205
1784701260,4129.85,4129.92,4128.85,4129.37,184
1784701320,4129.48,4130.67,4129.38,4129.9,191
1784701380,4129.88,4129.88,4126.04,4126.04,248
1784701440,4126.06,4126.55,4124.49,4125.26,258
1784701500,4125.27,4125.27,4121.42,4121.69,258
1784701560,4122.4,4122.44,4117.2,4117.22,274
1784701620,4117.31,4117.83,4116.09,4116.64,274
1784701680,4116.66,4118.15,4114.1,4116.66,278
1784701740,4116.9,4117.52,4116.51,4117.52,257
1784701800,4117.82,4119.18,4115.5,4115.9,273
1784701860,4115.84,4116.51,4114.95,4116.51,276
1784701920,4116.82,4117.42,4115.4,4116.69,284
1784701980,4116.77,4117.69,4116.2,4117.14,240
1784702040,4117.13,4119.29,4116.95,4119.29,250
1784702100,4119.32,4120.03,4118.98,4119.44,232
1784702160,4119.43,4119.95,4118.29,4119.92,224
1784702220,4119.93,4120.31,4116.67,4117.29,235
1784702280,4117.22,4118.92,4116.69,4116.9,250
1784702340,4116.84,4117.98,4116.69,4117.42,225
1784702400,4117.35,4118.69,4117.24,4118.12,195
1784702460,4118.46,4118.76,4117.53,4118.67,198
1784702520,4118.68,4118.75,4117.14,4117.9,202
1784702580,4118.04,4120.05,4118.04,4120.01,225
1784702640,4120.02,4120.09,4118.82,4118.82,205
1784702700,4118.74,4120.33,4118.57,4120.33,225
1784702760,4120.34,4120.57,4119.17,4119.39,200
1784702820,4119.17,4120.16,4118.44,4119.4,257
1784702880,4119.46,4119.5,4118.63,4118.63,218
1784702940,4118.64,4118.73,4117.07,4117.66,225
1784703000,4117.65,4117.65,4115.35,4116.08,230
1784703060,4116.15,4116.15,4114.38,4115.31,246
1784703120,4115.32,4116.65,4115.19,4116.52,217
1784703180,4116.58,4116.71,4116.04,4116.6,226
1784703240,4116.64,4116.85,4115.78,4116.54,228
1784703300,4116.52,4117.17,4115.89,4116.72,262
1784703360,4116.6,4116.8,4115.47,4116.35,203
1784703420,4116.34,4116.47,4113.48,4114.83,246
1784703480,4114.65,4115.55,4114.4,4115.28,230
1784703540,4115.29,4116.73,4115.19,4116.61,237
1784703600,4117.1,4117.18,4115.03,4116.4,249
1784703660,4116.47,4116.47,4114.23,4114.5,236
1784703720,4114.45,4114.75,4113.68,4114.71,218
1784703780,4114.78,4114.92,4114.33,4114.47,183
1784703840,4114.67,4115.25,4112.05,4112.72,211
1784703900,4112.82,4114.28,4112.63,4113.24,224
1784703960,4113.28,4114.27,4112.51,4114.02,218
1784704020,4114.06,4115.57,4113.97,4115.56,208
1784704080,4115.57,4115.68,4113.37,4113.37,197
1784704140,4113.44,4113.89,4112.69,4113.47,220
1784704200,4113.45,4114.47,4113.38,4113.94,201
1784704260,4114.05,4114.05,4112.56,4113.27,199
1784704320,4113.26,4116.19,4113.09,4116.19,245
1784704380,4116.13,4116.43,4115.02,4115.37,210
1784704440,4115.39,4116.57,4114.79,4116.57,217
1784704500,4116.45,4117.29,4116.08,4116.83,211
1784704560,4116.85,4118.45,4116.8,4116.96,208
1784704620,4116.95,4118.3,4116.67,4118.3,209
1784704680,4118.31,4119,4118.06,4119,201
1784704740,4119.06,4119.18,4118.42,4118.92,180
1784704800,4118.94,4120.01,4118.85,4119.45,161
1784704860,4119.46,4122.46,4119.34,4121.05,264
1784704920,4120.76,4120.93,4119.6,4119.85,178
1784704980,4119.86,4120.02,4119.35,4119.49,140
1784705040,4119.44,4119.52,4117.94,4117.94,189
1784705100,4117.93,4119.02,4117.86,4119.01,204
1784705160,4118.87,4119.75,4118.68,4119.2,211
1784705220,4119.27,4119.74,4118.64,4119.56,206
1784705280,4119.48,4120.12,4119.4,4119.57,155
1784705340,4119.56,4119.97,4119.28,4119.76,148
1784705400,4119.8,4123.03,4119.7,4120.21,271
1784705460,4120.22,4120.68,4119.63,4120.23,238
1784705520,4120.26,4120.28,4119.21,4119.21,198
1784705580,4119.19,4119.68,4118.29,4118.65,186
1784705640,4118.66,4119.37,4118.35,4118.35,208
1784705700,4118.31,4118.47,4117.79,4117.89,221
1784705760,4117.84,4118.31,4117.29,4117.52,209
1784705820,4117.44,4117.64,4116.89,4117.59,209
1784705880,4117.46,4118.12,4116.43,4116.47,202
1784705940,4116.4,4116.89,4115.09,4115.09,223
1784706000,4115.06,4115.32,4113.25,4113.55,237
1784706060,4113.52,4113.59,4111.42,4111.95,266
1784706120,4111.96,4112.52,4111.32,4111.32,224
1784706180,4111.33,4113.15,4111.11,4113.15,214
1784706240,4113.08,4113.92,4111.74,4112.37,227
1784706300,4112.38,4113.19,4111.63,4112.23,207
1784706360,4112.06,4112.31,4109.95,4110.96,228
1784706420,4110.95,4111.78,4110.1,4110.75,225
1784706480,4110.77,4113.33,4110.77,4111.41,233
1784706540,4111.42,4111.42,4110.09,4110.22,225
1784706600,4110.23,4110.84,4109.68,4110.62,255
1784706660,4110.61,4111.29,4110.51,4110.98,242
1784706720,4111,4111.26,4110.01,4110.61,211
1784706780,4110.66,4113.41,4110.44,4113.37,252
1784706840,4113.41,4114.08,4112.92,4114.08,221
1784706900,4114.13,4114.35,4112.48,4112.75,219
1784706960,4112.83,4113.76,4112.79,4113.42,199
1784707020,4113.44,4113.59,4112.71,4112.81,196
1784707080,4112.58,4112.58,4109.56,4109.72,231
1784707140,4109.65,4110.67,4109.3,4110.67,214
1784707200,4110.93,4113.51,4110.79,4113.47,274
1784707260,4113.46,4113.46,4111.45,4112.18,221
1784707320,4112.15,4112.31,4110.72,4111.9,231
1784707380,4111.9,4113.38,4111.53,4113.04,248
1784707440,4113.07,4115.29,4113.01,4115.01,226
1784707500,4114.95,4115.32,4114.03,4114.82,220
1784707560,4114.67,4115.73,4113.8,4113.8,220
1784707620,4113.73,4115.32,4113.67,4115.19,210
1784707680,4115.11,4115.96,4114.71,4115.3,203
1784707740,4115.51,4115.61,4114.28,4114.61,226
1784707800,4114.85,4114.98,4112.92,4113.09,226
1784707860,4112.96,4113.47,4112.51,4112.9,200
1784707920,4112.91,4114.28,4112.83,4114.27,237
1784707980,4114.21,4116.04,4114.14,4115.41,223
1784708040,4115.31,4115.7,4114.27,4114.72,198
1784708100,4114.78,4114.91,4113.54,4114.64,233
1784708160,4114.79,4114.93,4114.18,4114.43,198
1784708220,4114.42,4114.85,4114.05,4114.52,202
1784708280,4114.53,4115.46,4113.77,4115.42,197
1784708340,4115.33,4115.57,4114.65,4114.94,213
1784708400,4114.95,4116.11,4114.95,4115.84,226
1784708460,4115.77,4117.14,4115.65,4116.95,192
1784708520,4116.9,4117.65,4116.76,4117.29,201
1784708580,4117.52,4117.89,4117.35,4117.64,175
1784708640,4117.2,4117.22,4116.22,4116.98,196
1784708700,4116.99,4117.69,4116.83,4117.61,213
1784708760,4117.6,4117.69,4116.36,4116.4,207
1784708820,4116.4,4116.92,4115.46,4115.74,238
1784708880,4115.86,4117.39,4115.86,4117.07,210
1784708940,4116.82,4117.45,4116.57,4117.43,242
1784709000,4117.51,4118.05,4116.68,4117.85,222
1784709060,4117.86,4119.19,4117.48,4118.87,208
1784709120,4118.65,4118.88,4117.55,4117.6,181
1784709180,4117.42,4119,4117.42,4118.33,191
1784709240,4118.29,4118.36,4117.05,4118.04,211
1784709300,4118.05,4118.36,4117.65,4118.2,199
1784709360,4118.01,4118.5,4117.86,4118.39,198
1784709420,4118.41,4118.59,4117.66,4117.66,173
1784709480,4117.61,4117.78,4117.02,4117.08,196
1784709540,4117.13,4118.34,4116.67,4116.77,194
1784709600,4116.84,4117.49,4116.69,4116.98,208
1784709660,4117.07,4117.37,4116.65,4116.65,158
1784709720,4116.19,4116.48,4115.42,4116.22,191
1784709780,4116.16,4116.24,4115.45,4115.55,161
1784709840,4115.56,4115.67,4114.27,4114.63,175
1784709900,4114.75,4116.01,4114.56,4115.62,202
1784709960,4115.67,4116.36,4113.8,4113.88,191
1784710020,4113.89,4114.35,4113.5,4114.09,209
1784710080,4114.11,4114.31,4113.6,4113.77,169
1784710140,4113.87,4114.94,4113.43,4114.78,163
1784710200,4114.77,4115.15,4114.44,4114.48,207
1784710260,4114.45,4114.98,4113.85,4114.78,214
1784710320,4114.81,4115.77,4114.42,4115.5,181
1784710380,4115.59,4117.53,4115.59,4117.53,202
1784710440,4117.54,4117.77,4116.9,4117.67,182
1784710500,4117.64,4119.16,4117.63,4118.2,192
1784710560,4118.22,4120.09,4118.15,4118.79,171
1784710620,4118.78,4118.98,4117.73,4118.63,193
1784710680,4118.63,4119.03,4118.47,4118.6,172
1784710740,4118.66,4118.81,4117.65,4118.34,173
1784710800,4118.5,4119.43,4117.87,4119.21,204
1784710860,4119.2,4120.51,4119.17,4119.19,202
1784710920,4119.2,4120.58,4119.2,4119.52,221
1784710980,4119.54,4120.29,4119.43,4120.06,208
1784711040,4120.05,4120.05,4119.35,4119.94,199
1784711100,4119.83,4120.08,4118.58,4119.6,234
1784711160,4119.7,4119.89,4118.17,4118.67,180
1784711220,4118.74,4122.2,4118.61,4121.75,236
1784711280,4121.68,4121.82,4120.38,4120.63,183
1784711340,4120.49,4120.7,4120,4120.23,184
1784711400,4120.1,4120.73,4119.7,4120.65,182
1784711460,4120.66,4121.95,4120.57,4121.77,200
1784711520,4121.44,4121.5,4120.43,4121.2,198
1784711580,4121.22,4122.25,4121.15,4121.53,214
1784711640,4121.54,4121.84,4121.25,4121.81,164
1784711700,4121.83,4121.85,4119.93,4120.23,181
1784711760,4120.09,4120.82,4120.06,4120.56,168
1784711820,4120.53,4121.12,4120.5,4120.62,149
1784711880,4120.61,4122.04,4120.61,4121.61,193
1784711940,4121.6,4122.29,4121.6,4122.29,182
1784712000,4122.26,4122.35,4121.17,4122.1,198
1784712060,4122.11,4122.11,4119.44,4119.57,222
1784712120,4119.59,4121.24,4119.59,4121.11,195
1784712180,4121.08,4121.11,4120.31,4120.7,170
1784712240,4120.6,4120.97,4120.15,4120.79,193
1784712300,4120.8,4121.33,4120.51,4120.91,177
1784712360,4120.92,4121.02,4120.01,4120.06,159
1784712420,4120.2,4120.96,4120.09,4120.31,164
1784712480,4120.3,4120.3,4119.3,4119.88,184
1784712540,4119.96,4119.99,4118.05,4118.76,214
1784712600,4118.64,4121.69,4117.15,4118.22,260
1784712660,4118.23,4118.84,4117.79,4118.38,164
1784712720,4118.37,4118.58,4117.84,4118.09,189
1784712780,4118.34,4118.76,4117.55,4117.94,194
1784712840,4118.05,4118.55,4116.56,4117.39,215
1784712900,4117.4,4118.13,4117.26,4117.39,211
1784712960,4117.23,4118.87,4117.23,4117.81,229
1784713020,4117.8,4117.86,4115.77,4117,215
1784713080,4117.01,4117.09,4116.07,4116.15,164
1784713140,4116.14,4116.14,4114.43,4114.43,215
1784713200,4114.55,4117.41,4114.52,4116.82,219
1784713260,4116.85,4117.88,4116.25,4117.86,194
1784713320,4117.87,4118.66,4117.63,4118.07,195
1784713380,4118.12,4118.96,4117.72,4117.93,201
1784713440,4117.94,4117.94,4115.96,4116.05,174
1784713500,4116.03,4116.73,4115.92,4115.92,168
1784713560,4115.97,4116.69,4115.95,4116.69,119
1784713620,4116.7,4117.5,4116.7,4117.5,183
1784713680,4117.44,4117.44,4116.74,4116.85,172
1784713740,4116.89,4117.48,4116.84,4117.01,153
1784713800,4117.04,4117.33,4116.59,4117.21,172
1784713860,4117.18,4117.68,4116,4116,204
1784713920,4116.07,4116.23,4115.23,4115.92,210
1784713980,4115.94,4116.24,4113.5,4113.5,206
1784714040,4113.79,4115.13,4113.38,4115.12,199
1784714100,4115.19,4116.93,4115.19,4116.93,186
1784714160,4116.95,4117.93,4116.95,4117.52,194
1784714220,4117.51,4117.52,4114.77,4114.98,198
1784714280,4114.99,4115.12,4114.63,4115.03,172
1784714340,4114.94,4115.16,4114.25,4115.09,193
1784714400,4115.09,4117.19,4115.09,4117.19,211
1784714460,4117.17,4117.5,4116.24,4117.29,185
1784714520,4117.3,4120.01,4117.19,4119.1,236
1784714580,4119.06,4119.06,4116.74,4116.76,220
1784714640,4116.72,4116.75,4116.29,4116.47,153
1784714700,4116.46,4117.19,4116.08,4116.94,200
1784714760,4116.78,4117.32,4116.15,4117.22,189
1784714820,4117.23,4117.93,4117.07,4117.31,230
1784714880,4117.32,4117.85,4116.58,4116.62,177
1784714940,4116.77,4116.82,4116.26,4116.31,129
1784715000,4116.3,4117.2,4116.17,4117.19,187
1784715060,4117.18,4117.92,4116.97,4117.32,174
1784715120,4117.34,4117.56,4117.05,4117.37,147
1784715180,4117.49,4118.09,4117.14,4117.67,141
1784715240,4117.69,4117.98,4117.48,4117.48,158
1784715300,4117.64,4118.54,4117.63,4118.44,176
1784715360,4118.44,4118.45,4116.53,4117.15,197
1784715420,4117.11,4118.8,4116.98,4118.21,151
1784715480,4118.13,4119.1,4118.03,4118.96,189
1784715540,4119.01,4119.22,4117.71,4117.76,147
1784715600,4118.04,4121.11,4118.04,4119.87,225
1784715660,4119.77,4120.57,4119.57,4119.78,177
1784715720,4119.73,4120.18,4119.18,4119.71,222
1784715780,4119.67,4119.77,4118.78,4119.72,184
1784715840,4119.79,4121.71,4119.74,4121.51,227
1784715900,4121.58,4121.82,4120.59,4120.75,195
1784715960,4120.74,4121.24,4120.17,4120.55,185
1784716020,4120.56,4121.07,4120.26,4120.5,194
1784716080,4120.55,4120.55,4119.18,4119.29,183
1784716140,4119.3,4119.84,4119.27,4119.46,174
1784716200,4119.45,4120.02,4118.84,4119.53,173
1784716260,4119.46,4119.46,4118.38,4118.53,137
1784716320,4118.58,4118.87,4117.94,4118.5,197
1784716380,4118.51,4119.16,4118.51,4119.15,122
1784716440,4119.13,4119.3,4118.56,4118.91,150
1784716500,4118.9,4119.14,4117.61,4117.64,199
1784716560,4117.45,4118.19,4117.16,4118.11,182
1784716620,4118.04,4118.21,4117.71,4118.16,161
1784716680,4118.17,4118.62,4117.59,4117.65,160
1784716740,4117.66,4117.93,4116.79,4117.13,184
1784716800,4117.01,4117.55,4116.03,4117.4,153
1784716860,4117.41,4117.76,4116.5,4116.62,201
1784716920,4116.63,4117.24,4116.52,4116.78,159
1784716980,4117.02,4117.55,4116.6,4116.97,159
1784717040,4116.91,4117.37,4116.78,4117.16,152
1784717100,4117.17,4117.52,4116.36,4117.43,188
1784717160,4117.49,4117.57,4116.9,4117,193
1784717220,4117.01,4117.36,4116.99,4117.05,130
1784717280,4117.06,4117.96,4116.76,4117.88,197
1784717340,4117.87,4119.05,4117.66,4118.96,200
1784717400,4118.99,4120.07,4118.89,4120.07,161
1784717460,4120.1,4120.36,4119.28,4119.29,194
1784717520,4119.3,4119.86,4119.14,4119.34,187
1784717580,4119.36,4119.38,4118.1,4118.16,161
1784717640,4118.14,4118.51,4118.13,4118.36,150
1784717700,4118.25,4118.25,4117.28,4117.35,132
1784717760,4117.36,4117.61,4117.14,4117.46,139
1784717820,4117.47,4117.62,4116.28,4116.8,161
1784717880,4116.9,4118.33,4116.9,4117.24,158
1784717940,4117.26,4117.73,4117,4117.6,155
1784718000,4117.62,4118.16,4116.76,4116.94,230
1784718060,4116.9,4117.69,4116.53,4116.53,220
1784718120,4116.52,4116.55,4115.26,4116.3,234
1784718180,4116.34,4117.63,4116.34,4117.6,240
1784718240,4117.66,4117.98,4116.94,4117.11,171
1784718300,4117.08,4118.04,4117.05,4117.49,173
1784718360,4117.51,4118.47,4117.43,4118.15,200
1784718420,4118.16,4118.3,4116.7,4117.19,168
1784718480,4117.18,4117.18,4116.19,4116.97,201
1784718540,4116.93,4118.86,4116.93,4118.82,186
1784718600,4118.88,4119,4118.14,4118.48,189
1784718660,4118.56,4118.85,4118.36,4118.5,118
1784718720,4118.49,4120.97,4118.49,4120.11,173
1784718780,4120.24,4120.24,4119.19,4119.62,156
1784718840,4119.61,4119.61,4118.82,4119.32,149
1784718900,4119.31,4119.64,4119,4119.59,124
1784718960,4119.64,4121.52,4118.79,4121.41,186
1784719020,4121.4,4123.03,4121.02,4122.53,148
1784719080,4122.4,4122.94,4121.15,4121.86,140
1784719140,4121.88,4121.98,4121.1,4121.1,175
1784719200,4121.08,4122.01,4120.68,4122.01,189
1784719260,4121.98,4122.13,4120.96,4121.95,164
1784719320,4121.97,4122.74,4121.21,4121.23,194
1784719380,4121.28,4121.43,4120.91,4121.18,150
1784719440,4121.23,4121.23,4120.41,4120.63,148
1784719500,4120.62,4120.89,4119.55,4119.55,202
1784719560,4119.51,4119.51,4117.76,4117.76,179
1784719620,4117.83,4118.84,4117.66,4118.18,184
1784719680,4118.16,4118.69,4118.14,4118.69,151
1784719740,4118.68,4118.98,4118.4,4118.65,145
1784719800,4118.58,4119.42,4118.3,4118.88,178
1784719860,4118.89,4119.8,4118.81,4119.8,146
1784719920,4119.85,4120.02,4119.54,4119.71,142
1784719980,4119.72,4120.68,4119.65,4119.84,208
1784720040,4119.85,4120.15,4119.4,4120.02,187
1784720100,4120.01,4120.01,4118.01,4118.34,166
1784720160,4118.33,4118.95,4118.31,4118.93,151
1784720220,4118.98,4119.12,4117.31,4118.07,214
1784720280,4118.08,4118.79,4117.96,4118.63,167
1784720340,4118.65,4118.72,4118.3,4118.72,184
1784720400,4118.79,4119.3,4116.14,4116.9,176
1784720460,4116.98,4117.58,4115.06,4117.32,286
1784720520,4117.47,4117.64,4114.85,4116.22,228
1784720580,4116.21,4116.48,4112.72,4113.58,298
1784720640,4113.63,4116.23,4113.63,4115.27,268
1784720700,4115.25,4117.02,4114.89,4116.17,227
1784720760,4116.2,4116.36,4115.13,4116.29,207
1784720820,4116.3,4118.69,4116.05,4118.62,243
1784720880,4118.63,4119.8,4118.6,4119.15,169
1784720940,4119.25,4120.35,4119.22,4120.3,198
1784721000,4120.34,4120.38,4119.17,4119.57,183
1784721060,4119.64,4121.39,4119.64,4120.39,250
1784721120,4120.4,4120.5,4118.88,4119.26,210
1784721180,4119.25,4119.33,4118.16,4119.17,172
1784721240,4119.33,4120.62,4119.01,4119.82,187
1784721300,4120.05,4120.33,4119.62,4119.74,171
1784721360,4119.73,4121.51,4119.73,4121.48,206
1784721420,4121.47,4122.79,4121.47,4122.67,223
1784721480,4122.64,4123.05,4122.33,4122.52,223
1784721540,4122.51,4122.91,4122.42,4122.63,183
1784721600,4122.98,4126.07,4121.9,4124.92,258
1784721660,4124.93,4126.52,4124.49,4126.09,242
1784721720,4125.5,4125.5,4124.01,4124.71,222
1784721780,4124.99,4126.17,4124.78,4125.78,207
1784721840,4125.55,4125.78,4124.13,4125.34,192
1784721900,4125.11,4126.29,4124.43,4125.94,236
1784721960,4125.99,4126.59,4125.08,4125.37,201
1784722020,4125.36,4126.06,4124.02,4124.03,239
1784722080,4124.09,4124.62,4123.61,4124.36,195
1784722140,4124.45,4125.24,4124.14,4124.93,206
1784722200,4125.24,4125.87,4124.5,4125.38,224
1784722260,4125.4,4125.45,4124.55,4124.59,177
1784722320,4124.58,4125.72,4123.7,4125.71,189
1784722380,4125.7,4126.64,4125.65,4125.92,150
1784722440,4125.82,4127.39,4124.95,4127.05,227
1784722500,4127.41,4127.48,4125.55,4126.07,202
1784722560,4126.06,4126.6,4125.78,4126.12,167
1784722620,4126.03,4126.33,4124.98,4126.22,191
1784722680,4126.19,4127.8,4126.19,4127.25,209
1784722740,4127.27,4127.27,4125.51,4125.96,211
1784722800,4126.12,4129.7,4125.81,4129.19,235
1784722860,4129.35,4129.35,4127.26,4128.7,230
1784722920,4128.76,4130.03,4128.35,4128.38,224
1784722980,4128.35,4129.14,4127.44,4129.01,256
1784723040,4129.12,4130.16,4128.91,4129.65,210
1784723100,4129.92,4130.47,4128.85,4129.3,224
1784723160,4129.23,4129.75,4129.13,4129.46,180
1784723220,4129.3,4130.98,4128.68,4130.98,208
1784723280,4130.99,4132.83,4130.89,4132.59,271
1784723340,4132.43,4133.21,4131.6,4132.76,232
1784723400,4132.91,4134.46,4132.12,4132.68,241
1784723460,4132.66,4132.66,4130.05,4130.15,260
1784723520,4130.18,4131.3,4129.29,4129.32,246
1784723580,4129.25,4129.8,4128.78,4129.53,222
1784723640,4129.51,4130.04,4127.56,4127.71,220
1784723700,4127.85,4128.03,4126.88,4127.44,257
1784723760,4127.46,4127.47,4125.74,4126.65,227
1784723820,4126.58,4126.95,4124.84,4124.84,228
1784723880,4124.79,4127.04,4124.79,4126.79,247
1784723940,4126.48,4128.24,4126.33,4127.13,197
1784724000,4127.17,4127.78,4126.58,4127.74,199
1784724060,4127.75,4127.89,4126.68,4127.34,205
1784724120,4127.31,4127.39,4125.64,4125.68,220
1784724180,4125.67,4128.28,4125.51,4127.43,203
1784724240,4127.4,4128.48,4127.28,4127.29,199
1784724300,4127.38,4127.65,4124.7,4124.9,240
1784724360,4124.88,4125.41,4121.96,4121.96,217
1784724420,4121.79,4122.95,4120.63,4122.37,254
1784724480,4122.36,4122.36,4120.26,4120.26,242
1784724540,4120.28,4120.71,4118.76,4118.8,251
1784724600,4119.12,4119.66,4118.42,4119.19,220
1784724660,4119.18,4119.55,4118.35,4118.62,211
1784724720,4118.61,4119.29,4117.81,4119.05,217
1784724780,4119.04,4119.2,4117.51,4117.51,227
1784724840,4117.81,4118.61,4116.86,4118.08,204
1784724900,4118.16,4118.16,4116.4,4118.1,186
1784724960,4118.09,4118.32,4107.57,4110.32,212
1784725020,4110.52,4114.29,4109.09,4113.96,314
1784725080,4113.9,4114.68,4113.21,4113.74,266
1784725140,4113.75,4115.07,4112.06,4112.92,261
1784725200,4113.14,4118.61,4112.85,4118.61,291
1784725260,4118.57,4120.34,4117,4117,289
1784725320,4117.01,4119.98,4116.9,4119.14,260
1784725380,4119.13,4119.57,4117.09,4118.59,276
1784725440,4118.52,4119.84,4117.49,4119.35,240
1784725500,4119.33,4119.33,4117.53,4118.69,247
1784725560,4118.71,4119.92,4118.28,4119.1,236
1784725620,4119.02,4119.02,4117.63,4118.11,267
1784725680,4118.12,4119.53,4118.04,4119.45,233
1784725740,4119.44,4121.22,4119.44,4121.16,235
1784725800,4121.18,4122.43,4120.54,4122.43,241
1784725860,4122.62,4124.74,4122.62,4123.3,254
1784725920,4123.27,4124.19,4123.1,4123.6,183
1784725980,4123.58,4124.41,4123.48,4123.88,206
1784726040,4124.02,4125.84,4123.56,4125.77,202
1784726100,4125.66,4126.37,4125.03,4125.99,246
1784726160,4125.97,4126.03,4125.32,4125.98,228
1784726220,4125.97,4127.03,4125.69,4125.81,240
1784726280,4125.59,4127.44,4125.36,4127.39,221
1784726340,4127.5,4131.33,4127.5,4131.13,260
1784726400,4130.8,4130.84,4129.24,4129.27,258
1784726460,4129.26,4130.98,4128.74,4130.98,222
1784726520,4130.99,4131.85,4130.81,4131.85,238
1784726580,4132.02,4133.66,4130.7,4133.6,263
1784726640,4133.59,4133.92,4132.36,4133.67,243
1784726700,4133.73,4134.05,4131.64,4132.82,267
1784726760,4132.83,4133.95,4132.33,4133.13,235
1784726820,4133.13,4134.06,4133.05,4133.58,224
1784726880,4134.04,4134.95,4131.67,4131.99,247
1784726940,4131.88,4132.28,4131.41,4131.91,206
1784727000,4132.44,4138.01,4132.44,4137.14,309
1784727060,4137.22,4144.56,4136.93,4140.91,317
1784727120,4141.14,4143.29,4140.13,4143.09,310
1784727180,4143.01,4146.6,4141.92,4143.44,300
1784727240,4143.41,4143.58,4141.43,4142.28,288
1784727300,4142.29,4142.88,4138.83,4140.89,294
1784727360,4140.97,4143.52,4139.57,4141.85,300
1784727420,4141.78,4141.78,4139.94,4141.49,287
1784727480,4141.52,4141.55,4139.46,4140.36,271
1784727540,4140.39,4145.27,4140.39,4144.57,291
1784727600,4144.53,4145.04,4141.01,4142.24,301
1784727660,4142.27,4143.13,4141.81,4142.52,268
1784727720,4142.46,4143.71,4141.45,4141.82,275
1784727780,4141.79,4146.04,4141.68,4145.94,298
1784727840,4145.72,4146.01,4142.26,4142.77,289
1784727900,4142.79,4146.2,4142.79,4146.12,298
1784727960,4146.11,4148.5,4145.43,4146.1,284
1784728020,4145.84,4146.93,4144.85,4146.26,272
1784728080,4146.18,4149.53,4145.95,4148.62,285
1784728140,4148.65,4148.87,4146.52,4146.59,260
1784728200,4146.61,4147.82,4145.42,4146.53,287
1784728260,4146.55,4147.77,4143.99,4144.59,287
1784728320,4144.7,4148.07,4144.65,4147.9,263
1784728380,4147.81,4148.17,4145.97,4145.97,290
1784728440,4145.5,4146.29,4144.46,4145.6,275
1784728500,4145.84,4146.52,4145.05,4145.29,276
1784728560,4145.19,4147.18,4144.86,4147.12,270
1784728620,4147.04,4149.83,4146.92,4149.7,259
1784728680,4149.71,4153.53,4149.71,4152.68,304
1784728740,4152.61,4156.01,4152.61,4154.78,306
1784728800,4154.8,4156.55,4153.55,4156.02,310
1784728860,4155.85,4161.32,4155.51,4160.75,300
1784728920,4160.93,4162.35,4160.08,4160.4,306
1784728980,4160.21,4161.54,4158.97,4160.94,300
1784729040,4161.16,4163.41,4156.87,4156.87,311
1784729100,4156.73,4157.23,4155.27,4155.35,293
1784729160,4154.88,4155.24,4153.57,4155.13,278
1784729220,4155.15,4157.74,4154.97,4157.06,288
1784729280,4157.08,4157.37,4154.8,4156.92,283
1784729340,4156.94,4159.07,4156.53,4156.67,270
1784729400,4156.73,4157.56,4155.59,4156.98,289
1784729460,4157.07,4159,4156.68,4157.63,262
1784729520,4157.61,4157.98,4156.62,4156.67,265
1784729580,4156.68,4158.2,4156.23,4157.37,266
1784729640,4157.8,4158.19,4156.36,4156.66,279
1784729700,4156.64,4156.64,4152.29,4153.03,285
1784729760,4152.89,4153.39,4151.81,4152.8,288
1784729820,4152.63,4152.96,4150.53,4152.15,284
1784729880,4152.18,4152.29,4149.56,4150.44,277
1784729940,4150.45,4152.24,4148.94,4149.05,297
1784730000,4149.02,4152.64,4148.77,4152.21,249
1784730060,4152.18,4152.62,4150.62,4150.93,270
1784730120,4150.76,4152.15,4150.46,4151.99,291
1784730180,4151.73,4151.73,4148.7,4150.03,293
1784730240,4149.9,4150.81,4148.92,4149.84,275
1784730300,4150.28,4150.58,4148.82,4148.96,261
1784730360,4148.99,4148.99,4144.53,4146.06,269
1784730420,4146.05,4147.87,4145.94,4146.58,269
1784730480,4146.56,4147.21,4145.64,4146.07,275
1784730540,4146.06,4147.13,4145.55,4146.32,271
1784730600,4146.44,4148.35,4146.43,4147.77,284
1784730660,4147.65,4150.94,4147.4,4150.68,272
1784730720,4150.72,4152.64,4150.12,4151.96,263
1784730780,4151.93,4151.93,4148.85,4148.99,249
1784730840,4148.98,4151.03,4148.83,4150.65,260
1784730900,4150.81,4151.9,4150.27,4150.81,244
1784730960,4150.84,4151.29,4148.92,4150.27,245
1784731020,4150.36,4151.92,4150.12,4150.9,257
1784731080,4150.82,4151.97,4150.14,4151.21,268
1784731140,4151.53,4152.12,4151.02,4152.11,256
1784731200,4152.02,4153.04,4151.15,4151.66,271
1784731260,4151.46,4151.81,4147.83,4147.99,269
1784731320,4147.9,4151.87,4147.8,4151.85,274
1784731380,4151.89,4152.09,4150.78,4151.98,261
1784731440,4151.82,4152.63,4150.77,4151.1,251
1784731500,4151.17,4152.95,4151.17,4151.9,283
1784731560,4151.93,4152.56,4150.39,4150.39,270
1784731620,4150.47,4150.85,4148.13,4148.69,258
1784731680,4148.62,4149.99,4148.62,4149.77,263
1784731740,4149.8,4149.8,4145.92,4148.33,278
1784731800,4148.42,4148.59,4146.62,4147.2,270
1784731860,4147.22,4147.93,4146.41,4147.84,272
1784731920,4147.9,4148.93,4147.55,4147.79,237
1784731980,4147.91,4148.84,4147.33,4147.64,241
1784732040,4147.6,4148.79,4147.24,4147.9,247
1784732100,4147.96,4147.96,4144.23,4145.55,284
1784732160,4145.6,4146.22,4145.08,4145.69,251
1784732220,4145.69,4148.7,4145.57,4148.7,282
1784732280,4148.69,4149.48,4148.4,4149.34,263
1784732340,4150.03,4150.04,4148.5,4148.63,254
1784732400,4148.71,4152.29,4148.71,4152.09,286
1784732460,4152.07,4152.54,4151.2,4151.48,252
1784732520,4151.37,4152.96,4151.26,4152.96,249
1784732580,4152.99,4154.31,4152.99,4153.93,237
1784732640,4153.94,4155.22,4153.68,4154.87,247
1784732700,4154.84,4155.69,4154.47,4154.84,235
1784732760,4154.82,4155.19,4153.93,4154.63,254
1784732820,4154.62,4156.45,4154.16,4155.75,255
1784732880,4155.64,4155.64,4154.88,4155.53,254
1784732940,4155.55,4155.74,4154.75,4155.02,252
1784733000,4154.78,4155.21,4154.32,4155.21,232
1784733060,4155.3,4156.93,4154.96,4156.83,244
1784733120,4156.8,4157.26,4156.3,4157.21,248
1784733180,4157.33,4157.94,4156.88,4157.94,217
1784733240,4157.71,4158.54,4157.57,4157.58,208
1784733300,4157.61,4157.75,4155.74,4155.86,221
1784733360,4155.87,4156.23,4154.93,4156.06,220
1784733420,4156.08,4156.72,4153.61,4153.61,222
1784733480,4153.39,4154.51,4153.39,4154.12,256
1784733540,4154.17,4155.75,4154.17,4155.05,213
1784733600,4155.23,4156.92,4154.5,4156.92,231
1784733660,4156.94,4157.33,4156.05,4156.05,226
1784733720,4156.04,4158.21,4156.04,4157.67,238
1784733780,4157.65,4161.22,4157.55,4160.96,216
1784733840,4160.94,4161.42,4159.85,4159.9,228
1784733900,4159.89,4160.4,4159.22,4159.52,237
1784733960,4159.5,4159.67,4158.93,4159.59,199
1784734020,4159.6,4159.61,4158.21,4158.55,214
1784734080,4158.59,4158.76,4156.71,4157.63,249
1784734140,4157.6,4157.96,4157.19,4157.34,220
1784734200,4157.33,4158.38,4156.36,4158.01,245
1784734260,4158.26,4158.44,4157.3,4157.61,209
1784734320,4157.62,4158.84,4157.51,4158.68,225
1784734380,4158.66,4158.77,4156.71,4157.75,207
1784734440,4157.7,4158.11,4156.73,4156.73,210
1784734500,4156.91,4158.18,4156.91,4158.18,224
1784734560,4158.09,4159.12,4157.42,4158.75,230
1784734620,4158.68,4158.68,4156.97,4157.78,228
1784734680,4157.85,4158.03,4155.84,4156.46,230
1784734740,4156.48,4157.35,4155.87,4157.35,238
1784734800,4157.6,4159.74,4157.39,4159.6,266
1784734860,4159.63,4160.92,4159.49,4159.54,236
1784734920,4159.75,4160.68,4159.7,4160.56,194
1784734980,4160.57,4160.81,4159.13,4159.83,233
1784735040,4159.84,4160.52,4159.57,4160.01,238
1784735100,4160.3,4160.97,4159.71,4160.67,236
1784735160,4160.59,4160.59,4159,4159.3,220
1784735220,4159.1,4159.86,4158.74,4159.83,216
1784735280,4159.88,4161.36,4159.76,4160.97,213
1784735340,4161.02,4165.07,4161,4164.42,266
1784735400,4164.49,4165.28,4164.01,4164.22,250
1784735460,4164.2,4165.36,4163.62,4164.9,247
1784735520,4164.87,4166.04,4164.49,4165.1,212
1784735580,4165.11,4165.84,4164.27,4165.19,221
1784735640,4165.18,4165.22,4162.48,4162.66,230
1784735700,4162.6,4162.6,4161.62,4162.11,268
1784735760,4162.1,4162.38,4158.7,4159.46,281
1784735820,4159.47,4159.88,4158.52,4159.81,258
1784735880,4159.8,4160.46,4159.55,4159.57,222
1784735940,4159.55,4160.17,4158.53,4159.44,219
1784736000,4159.47,4159.47,4158.09,4158.68,245
1784736060,4158.69,4158.69,4156.91,4157.73,273
1784736120,4157.75,4157.75,4156.3,4156.65,219
1784736180,4156.67,4158.07,4156.46,4157.94,243
1784736240,4157.99,4158.06,4156.65,4156.99,208
1784736300,4156.96,4158.1,4156.48,4158.1,222
1784736360,4158.41,4159.28,4158.05,4158.91,223
1784736420,4158.93,4158.98,4158.35,4158.43,205
1784736480,4158.41,4158.41,4157.09,4157.52,188
1784736540,4157.51,4157.87,4156.89,4156.89,207
1784736600,4156.86,4156.88,4154.78,4155.54,216
1784736660,4155.57,4155.9,4154.62,4154.78,217
1784736720,4154.77,4155.28,4154.23,4154.23,189
1784736780,4154.28,4154.89,4153.3,4154.83,186
1784736840,4154.93,4155.1,4153.69,4154.54,192
1784736900,4154.55,4155.07,4154.09,4154.82,224
1784736960,4154.82,4155.1,4152.9,4153.18,221
1784737020,4153.17,4153.62,4151.26,4153.56,247
1784737080,4153.54,4154.78,4153.41,4154.6,232
1784737140,4154.66,4155.47,4154.65,4155.1,207
1784737200,4155.1,4155.59,4154.46,4154.56,192
1784737260,4154.57,4155.03,4154.24,4154.56,209
1784737320,4154.51,4154.6,4153.26,4153.35,191
1784737380,4153.32,4153.61,4153.02,4153.18,171
1784737440,4153.16,4153.32,4152.25,4152.47,197
1784737500,4152.6,4152.62,4150.25,4150.69,268
1784737560,4150.76,4150.76,4148.94,4149.32,242
1784737620,4149.31,4150.65,4149.3,4150.35,226
1784737680,4150.33,4150.43,4147.9,4148.85,235
1784737740,4148.81,4149.38,4148.22,4149.23,192
1784737800,4149.36,4150.64,4148.88,4149.82,214
1784737860,4149.78,4150.47,4148.01,4148.22,212
1784737920,4148.29,4148.64,4147.26,4147.76,209
1784737980,4147.94,4148,4146.54,4147.08,233
1784738040,4146.95,4147.59,4146.26,4146.36,246
1784738100,4146.36,4148.03,4145.5,4146.14,244
1784738160,4146.1,4146.1,4144.97,4145.43,242
1784738220,4145.28,4147.02,4144.47,4147.02,221
1784738280,4147.04,4148,4146.44,4147,247
1784738340,4146.97,4149.05,4146.97,4148.39,204
1784738400,4148.45,4150.21,4148.34,4150.19,228
1784738460,4150.2,4151.38,4150.2,4150.58,222
1784738520,4150.55,4150.97,4149.36,4149.88,223
1784738580,4149.75,4150.12,4147.92,4148.01,219
1784738640,4148.01,4148.08,4146.53,4147.18,226
1784738700,4147.74,4148.58,4145.98,4146.26,212
1784738760,4146.25,4147.4,4146.01,4146.98,213
1784738820,4146.95,4147.2,4146.22,4146.7,201
1784738880,4146.72,4147.08,4146.28,4146.79,193
1784738940,4146.8,4147.53,4146.54,4147.17,179
1784739000,4147.14,4147.29,4145.75,4146.76,194
1784739060,4146.89,4146.96,4144.67,4145.31,239
1784739120,4145.3,4146.34,4144.88,4146.19,205
1784739180,4146.1,4147.18,4145.76,4147.05,189
1784739240,4147.06,4147.42,4146.57,4146.8,191
1784739300,4146.78,4147.05,4146.02,4146.87,220
1784739360,4146.84,4146.84,4146.12,4146.79,163
1784739420,4146.72,4148.78,4146.51,4148.35,201
1784739480,4148.64,4149.01,4148.06,4148.3,189
1784739540,4148.33,4148.41,4146.68,4146.95,143
1784739600,4146.93,4147.85,4146.18,4147.68,210
1784739660,4147.66,4147.92,4145.35,4145.35,204
1784739720,4145.33,4145.91,4144.69,4145.66,226
1784739780,4145.67,4146.64,4145.6,4146.64,241
1784739840,4146.53,4147.16,4145.74,4147.11,211
1784739900,4147.1,4147.35,4146.3,4146.31,191
1784739960,4146.23,4146.27,4144.44,4146.02,225
1784740020,4146.1,4146.55,4145.59,4145.99,200
1784740080,4145.78,4145.91,4143.28,4144.14,216
1784740140,4143.92,4144.61,4143.59,4144.34,212
1784740200,4144.35,4144.68,4144.13,4144.23,206
1784740260,4144.21,4145,4143.2,4144.27,219
1784740320,4144.26,4144.77,4144.12,4144.65,192
1784740380,4144.67,4145.73,4144.63,4145.03,207
1784740440,4145.02,4145.86,4144.71,4145.42,214
1784740500,4145.31,4145.86,4144.86,4145.23,217
1784740560,4145.29,4145.78,4143.89,4144.7,191
1784740620,4144.67,4144.8,4143.05,4143.73,229
1784740680,4143.7,4144.58,4143.43,4143.53,212
1784740740,4143.48,4143.7,4142.83,4143.11,205
1784740800,4143.1,4144.39,4142.81,4144.39,237
1784740860,4144.36,4144.65,4143.49,4143.52,220
1784740920,4143.55,4144.87,4143.53,4144.87,207
1784740980,4144.67,4145.59,4144.49,4145.39,222
1784741040,4144.94,4145.68,4143.66,4143.7,242
1784741100,4143.64,4144.54,4143.35,4144.52,218
1784741160,4144.6,4144.91,4143.84,4144.54,181
1784741220,4144.59,4146.14,4144.59,4145.71,175
1784741280,4145.4,4146.23,4145.03,4146.03,201
1784741340,4145.62,4147.17,4145.51,4146.09,284
1784741400,4146,4146.02,4144.37,4145.07,219
1784741460,4144.79,4146.07,4144.58,4145.99,183
1784741520,4146.03,4147.49,4146.03,4147.37,235
1784741580,4147.3,4147.31,4146.67,4146.83,221
1784741640,4146.78,4147.17,4144.85,4144.86,195
1784741700,4144.83,4145.88,4144.83,4145.2,209
1784741760,4145.16,4145.16,4142.01,4142.67,238
1784741820,4142.68,4142.7,4142.1,4142.45,195
1784741880,4142.46,4142.95,4140.44,4140.6,219
1784741940,4140.61,4140.7,4138.97,4139.02,245
1784742000,4139.07,4139.88,4138.4,4139.08,235
1784742060,4139.07,4139.53,4138.52,4139.36,221
1784742120,4139.36,4140.72,4139.32,4140.68,225
1784742180,4140.7,4140.99,4140.39,4140.86,167
1784742240,4140.76,4141.43,4140.46,4140.64,182
1784742300,4140.71,4141.92,4140.54,4141.23,175
1784742360,4141.2,4141.95,4140.98,4141.84,151
1784742420,4141.83,4141.85,4141.15,4141.78,210
1784742480,4141.77,4141.86,4140.71,4141.56,205
1784742540,4141.69,4143.39,4141.63,4143.2,196
1784742600,4143.19,4143.62,4142.81,4143.34,169
1784742660,4143.33,4143.67,4143.19,4143.22,196
1784742720,4143.26,4143.5,4142.4,4143.5,195
1784742780,4143.47,4143.78,4143.04,4143.38,172
1784742840,4143.35,4143.43,4142.76,4142.8,184
1784742900,4142.66,4142.66,4141.19,4142.65,231
1784742960,4142.67,4142.88,4142.46,4142.83,173
1784743020,4142.82,4143.23,4142.76,4143.14,130
1784743080,4143.15,4143.44,4142.58,4142.62,165
1784743140,4142.61,4143.1,4142.23,4142.51,125
1784743200,4142.55,4142.85,4140.76,4141.42,205
1784743260,4140.4,4140.72,4136.99,4137.03,270
1784743320,4137.13,4138.47,4137.13,4137.62,202
1784743380,4137.63,4138.29,4137.56,4137.84,206
1784743440,4137.85,4137.91,4136.8,4137.76,204
1784743500,4137.76,4139.36,4137.53,4139.24,206
1784743560,4139.15,4139.75,4137.76,4139.27,217
1784743620,4139.36,4141.15,4139.19,4141.07,218
1784743680,4141.16,4141.5,4140.73,4140.74,203
1784743740,4140.73,4140.73,4139.37,4139.37,205
1784743800,4139.36,4140.58,4138.87,4139.93,226
1784743860,4139.92,4140.16,4139.34,4139.34,181
1784743920,4139.23,4139.27,4137.56,4137.98,179
1784743980,4138.05,4138.92,4138.05,4138.67,170
1784744040,4138.65,4139.03,4138.04,4138.18,172
1784744100,4138.1,4138.38,4137.57,4137.82,204
1784744160,4137.83,4137.88,4136.76,4137.49,239
1784744220,4137.52,4138.65,4137.52,4138.47,170
1784744280,4138.49,4139.23,4138.47,4139.01,194
1784744340,4138.91,4139,4138.02,4138.87,174
1784744400,4138.85,4139.44,4138.21,4139.32,209
1784744460,4139.46,4139.79,4137.09,4137.19,213
1784744520,4137.18,4137.29,4135.43,4135.56,221
1784744580,4135.25,4136.04,4135.24,4136.01,198
1784744640,4136.04,4137.14,4136.04,4136.77,209
1784744700,4136.72,4136.89,4135.87,4136.52,200
1784744760,4136.56,4136.8,4136.26,4136.44,188
1784744820,4136.37,4136.75,4135.59,4136.51,214
1784744880,4136.5,4136.66,4135.22,4135.41,249
1784744940,4135.43,4135.6,4134.83,4135.2,217
1784745000,4135.33,4135.59,4134.01,4134.6,261
1784745060,4134.61,4134.64,4133.3,4134.05,225
1784745120,4134.06,4134.49,4133.36,4133.77,210
1784745180,4133.81,4135.53,4133.68,4134.53,183
1784745240,4134.55,4134.55,4132.06,4132.78,180
1784745300,4132.79,4134.56,4132.67,4134.54,206
1784745360,4134.53,4135.53,4134.41,4135.53,187
1784745420,4135.54,4135.95,4135.28,4135.93,174
1784745480,4135.86,4136.11,4135.13,4135.14,142
1784745540,4135.26,4135.98,4135.25,4135.83,136
1784745600,4135.87,4136.25,4134.05,4134.6,230
1784745660,4134.6,4135.27,4133.88,4135.27,187
1784745720,4135.27,4135.29,4134.38,4134.78,191
1784745780,4134.76,4135.91,4134.76,4135.91,117
1784745840,4135.77,4136.22,4135.58,4135.97,114
1784745900,4135.95,4136.78,4135.36,4136.78,148
1784745960,4136.79,4138.16,4136.65,4137.86,212
1784746020,4137.84,4137.9,4137.51,4137.61,147
1784746080,4137.46,4138.26,4137.42,4138.23,177
1784746140,4138.02,4138.22,4137.27,4137.6,210
1784746200,4137.61,4138.05,4137.51,4137.81,173
1784746260,4137.82,4138.91,4137.82,4138.55,175
1784746320,4138.5,4138.6,4138.07,4138.45,133
1784746380,4138.42,4138.54,4137.94,4137.94,125
1784746440,4137.93,4138.47,4137.64,4137.64,168
1784746500,4137.63,4137.91,4137.29,4137.91,176
1784746560,4137.89,4138.07,4136.82,4137.43,171
1784746620,4137.4,4137.44,4137.14,4137.42,167
1784746680,4137.4,4137.4,4136.24,4136.27,159
1784746740,4136.29,4136.42,4135.99,4136.13,163
1784746800,4136.14,4136.14,4135.14,4135.22,206
1784746860,4135.12,4135.22,4133.08,4133.41,221
1784746920,4133.42,4133.92,4133.33,4133.59,178
1784746980,4133.56,4134.69,4133.56,4134.69,201
1784747040,4134.7,4135.23,4134.57,4134.96,194
1784747100,4135.08,4136.84,4135.08,4136.44,211
1784747160,4136.41,4136.91,4136.2,4136.71,181
1784747220,4136.68,4137.29,4136.05,4136.13,185
1784747280,4136.06,4136.77,4135.72,4135.82,159
1784747340,4135.85,4136.04,4135.59,4135.71,136
1784747400,4135.59,4135.91,4135.22,4135.27,140
1784747460,4135.17,4135.29,4134.69,4135.15,190
1784747520,4135.16,4135.48,4134.93,4135.02,76
1784747580,4135.05,4135.67,4134.45,4134.48,173
1784747640,4134.51,4134.75,4133.93,4134.11,180
1784747700,4134.01,4134.56,4133.37,4134.36,206
1784747760,4134.35,4135.46,4134.35,4135.44,170
1784747820,4135.43,4135.43,4134.32,4134.34,175
1784747880,4134.35,4134.35,4133.52,4133.94,129
1784747940,4133.93,4134.46,4133.91,4134.37,133
1784748000,4134.4,4134.4,4133.55,4133.55,158
1784748060,4133.44,4133.61,4131.82,4132.38,182
1784748120,4132.29,4133.42,4132.26,4133.42,164
1784748180,4133.44,4134.94,4133.44,4134.6,193
1784748240,4134.62,4134.94,4134.26,4134.28,144
1784748300,4134.3,4134.71,4133.4,4133.51,195
1784748360,4133.49,4134.25,4133.36,4133.73,194
1784748420,4133.72,4133.72,4132.69,4133.17,179
1784748480,4133.14,4134.65,4133.14,4134.42,160
1784748540,4134.41,4134.62,4133.84,4134.49,147
1784748600,4134.48,4134.48,4132.67,4132.8,196
1784748660,4132.86,4133.45,4132.76,4133.38,182
1784748720,4133.38,4134.08,4133.38,4133.49,163
1784748780,4133.57,4135.63,4133.57,4134.9,138
1784748840,4134.89,4136.25,4134.23,4135.75,200
1784748900,4135.71,4136.14,4135.16,4135.94,198
1784748960,4136.01,4136.01,4134.41,4134.64,202
1784749020,4134.63,4134.72,4133.78,4134.66,142
1784749080,4134.68,4135.16,4134.5,4134.85,153
1784749140,4134.78,4134.78,4134.11,4134.58,146
1784749200,4134.6,4134.91,4134.09,4134.82,145
1784749260,4134.81,4135.41,4134.47,4135.41,154
1784749320,4135.5,4135.72,4135.17,4135.35,171
1784749380,4135.4,4136.04,4135.23,4135.92,195
1784749440,4135.9,4135.94,4133.66,4134.02,191
1784749500,4134.15,4134.59,4133.43,4133.62,208
1784749560,4133.52,4134.34,4133.25,4133.75,197
1784749620,4133.8,4134.5,4133.71,4134.23,212
1784749680,4134.25,4134.75,4133.73,4134.7,151
1784749740,4134.77,4135.24,4134.71,4135.16,186
1784749800,4134.97,4135.38,4133.4,4133.57,223
1784749860,4133.56,4133.79,4132.32,4132.93,224
1784749920,4133,4133.23,4131.74,4132.74,194
1784749980,4132.83,4132.83,4131.36,4131.98,202
1784750040,4131.75,4131.82,4129.12,4130.81,246
1784750100,4130.69,4131.5,4130.03,4131.2,211
1784750160,4131.21,4131.72,4130.34,4131.07,233
1784750220,4131.03,4131.88,4130.56,4131.06,231
1784750280,4131.05,4132.08,4130.93,4132.06,229
1784750340,4132.15,4132.88,4131.35,4131.83,250
1784750400,4131.72,4132.24,4130.43,4131.27,250
1784750460,4131.38,4134.37,4131.38,4134.37,249
1784750520,4134.19,4135.09,4132.72,4132.96,302
1784750580,4133.06,4133.06,4130.67,4131.14,290
1784750640,4131.08,4132.33,4130.85,4130.93,235
1784750700,4130.89,4132.82,4130.57,4132.62,230
1784750760,4132.77,4133.29,4131.31,4131.96,227
1784750820,4131.95,4133.32,4131.95,4133.05,179
1784750880,4133,4134.08,4132.82,4133.48,202
1784750940,4133.49,4134.34,4133.32,4133.45,150
1784751000,4133.39,4133.47,4132.26,4132.52,167
1784751060,4132.5,4132.9,4132.31,4132.83,105
1784751120,4132.84,4132.88,4132.43,4132.55,175
1784751180,4132.62,4133.71,4132.62,4133.59,180
1784751240,4133.65,4135.6,4133.56,4134.7,171
1784751300,4134.55,4134.91,4134.17,4134.47,213
1784751360,4134.31,4135.01,4134,4134.96,135
1784751420,4135,4135.36,4134.17,4134.86,209
1784751480,4134.84,4136.56,4134.74,4136.54,156
1784751540,4136.36,4136.5,4135.42,4135.43,167
1784751600,4135.48,4135.74,4135.31,4135.52,135
1784751660,4135.57,4136.08,4135.38,4135.75,101
1784751720,4135.83,4136.16,4134.93,4135.31,118
1784751780,4135.29,4135.95,4135.28,4135.95,118
1784751840,4135.96,4136.75,4135.96,4136.66,105
1784751900,4136.65,4137.81,4136.65,4137.41,128
1784751960,4137.4,4137.4,4136.83,4137.14,100
1784752020,4137.22,4137.71,4137.03,4137.66,97
1784752080,4137.7,4137.87,4137.53,4137.66,72
1784752140,4137.58,4137.67,4136.19,4136.76,110
1784752200,4136.7,4137.05,4135.61,4136.38,147
1784752260,4136.45,4137.24,4136.3,4137.22,116
1784752320,4137.2,4137.56,4136.06,4136.33,120
1784752380,4136.3,4136.3,4135.88,4136.05,126
1784752440,4135.85,4135.85,4135.48,4135.49,81
1784752500,4135.33,4135.36,4134.43,4134.43,112
1784752560,4134.49,4134.82,4134.18,4134.64,113
1784752620,4134.68,4135.54,4134.68,4135.36,96
1784752680,4135.27,4135.3,4134.06,4134.06,122
1784752740,4133.8,4135.05,4133.8,4134.86,156
1784752800,4134.62,4135.08,4134.62,4134.77,106
1784752860,4134.66,4135.2,4134.09,4134.13,122
1784752920,4134.1,4134.36,4130.91,4132.37,160
1784752980,4132.38,4132.38,4130.81,4131,100
1784753040,4130.96,4131.44,4130.79,4130.88,108
1784753100,4130.83,4131.04,4129.38,4129.39,152
1784753160,4129.61,4129.68,4128.36,4129.24,164
1784753220,4129.3,4130.07,4128.87,4129.06,124
1784753280,4129.11,4131.07,4129.01,4130.6,130
1784753340,4130.58,4130.73,4130,4130.08,98
1784753400,4129.82,4129.94,4129.28,4129.43,140
1784753460,4129.62,4129.84,4129.05,4129.05,102
1784753520,4129.03,4129.36,4128.45,4129.36,110
1784753580,4129.4,4129.79,4129.17,4129.47,128
1784753640,4129.31,4130.05,4129.12,4129.31,152
1784753700,4129.29,4129.33,4128.94,4129.31,94
1784753760,4129.35,4130.34,4129.05,4130.18,102
1784753820,4130.15,4130.2,4129.74,4129.92,120
1784753880,4129.94,4130.31,4129.86,4129.87,88
1784757720,4120.56,4121.13,4117.22,4120.01,242
1784757780,4120.12,4123.27,4119.27,4119.3,198
1784757840,4119.71,4120.95,4117.87,4120.95,176
1784757900,4120.93,4122.82,4120.35,4121.78,220
1784757960,4121.83,4124.63,4121.43,4122.96,159
1784758020,4123.05,4125.53,4121.33,4123.8,209
1784758080,4123.8,4124.2,4121.75,4121.75,124
1784758140,4121.79,4123.51,4121.75,4123.41,123
1784758200,4123.49,4123.49,4121.84,4121.9,193
1784758260,4121.89,4123.12,4121.41,4122.93,120
1784758320,4123.02,4123.56,4121.88,4121.89,136
1784758380,4121.93,4123.04,4121.37,4122.99,122
1784758440,4122.99,4124,4122.96,4124,134
1784758500,4124.33,4125.24,4123.53,4124.65,179
1784758560,4124.69,4125.57,4123.74,4123.74,150
1784758620,4123.7,4124.26,4121.02,4121.33,180
1784758680,4121.64,4122.42,4121.01,4121.33,196
1784758740,4121.53,4125.2,4120.91,4124.16,194
1784758800,4124.05,4126.11,4123.15,4125.23,236
1784758860,4125.37,4125.59,4122.86,4122.86,213
1784758920,4122.84,4123,4122.35,4122.71,171
1784758980,4122.79,4124.97,4122.79,4123.96,161
1784759040,4124.03,4124.04,4122.9,4123.09,128
1784759100,4123.15,4125.98,4122.88,4125.19,207
1784759160,4125.43,4128.19,4125.22,4128.08,201
1784759220,4127.39,4128.17,4127.2,4127.68,157
1784759280,4127.73,4129.02,4126.72,4126.72,142
1784759340,4126.69,4128.93,4126.69,4128.85,163
1784759400,4128.86,4129.69,4128.61,4128.81,168
1784759460,4128.8,4128.99,4127.5,4127.57,167
1784759520,4127.48,4127.48,4126.16,4126.84,151
1784759580,4126.89,4127.21,4126.37,4126.75,167
1784759640,4126.77,4126.83,4125.65,4125.69,141
1784759700,4125.64,4126.23,4124.26,4126.23,160
1784759760,4126.27,4126.54,4125.28,4125.41,197
1784759820,4125.4,4127.96,4124.5,4127.43,194
1784759880,4127.42,4127.9,4126.27,4126.51,159
1784759940,4126.36,4127.15,4125.6,4125.6,172
1784760000,4125.54,4126.09,4121.74,4121.99,190
1784760060,4122,4123.07,4120.03,4122.78,257
1784760120,4122.68,4123.61,4122.6,4123.28,154
1784760180,4123.13,4123.48,4122.41,4122.41,129
1784760240,4122.35,4122.98,4120.91,4121.64,180
1784760300,4121.63,4122.34,4120.73,4122.09,168
1784760360,4122.03,4123.18,4121.7,4122.12,195
1784760420,4122.16,4124.38,4121.94,4124.06,152
1784760480,4124.07,4124.68,4124.07,4124.59,133
1784760540,4124.55,4125.66,4124.55,4124.55,183
1784760600,4124.54,4124.98,4121.22,4122.74,205
1784760660,4122.77,4125.29,4122.19,4125.29,204
1784760720,4125.27,4125.98,4124.13,4125.48,199
1784760780,4125.44,4125.97,4124.32,4124.47,240
1784760840,4124.44,4124.59,4123.22,4123.54,211
1784760900,4123.89,4124.69,4122.21,4123.23,192
1784760960,4123.23,4126.55,4122.75,4123.44,219
1784761020,4123.43,4123.95,4122.42,4123.67,193
1784761080,4123.74,4124.33,4122.42,4123.33,215
1784761140,4123.21,4124.12,4120.95,4121.98,252
1784761200,4122.02,4122.43,4117.78,4118.97,257
1784761260,4118.96,4122,4117.81,4120.3,244
1784761320,4120.26,4122.9,4118.62,4121.55,209
1784761380,4121.57,4121.57,4117.38,4118.37,214
1784761440,4118.38,4118.75,4117.48,4118.75,175
1784761500,4118.78,4119.3,4117.44,4117.64,171
1784761560,4117.66,4117.66,4117.03,4117.54,174
1784761620,4117.39,4118.26,4116.69,4117.87,190
1784761680,4118.07,4119,4117.5,4117.95,210
1784761740,4118.47,4118.74,4117.98,4118.23,183
1784761800,4118.26,4118.77,4116.9,4117.2,183
1784761860,4117.13,4118.26,4116.97,4116.97,228
1784761920,4116.96,4118.7,4116.93,4118.43,239
1784761980,4118.47,4124.74,4118.47,4124.74,218
1784762040,4124.69,4124.69,4122.8,4123.82,179
1784762100,4123.87,4124,4121.36,4121.75,201
1784762160,4121.65,4121.74,4120.11,4121.22,181
1784762220,4121.19,4122.41,4121.19,4121.78,129
1784762280,4121.79,4122.55,4121.48,4121.52,123
1784762340,4121.5,4121.5,4119.95,4120.55,127
1784762400,4120.5,4121.1,4119.6,4121.06,155
1784762460,4121.21,4122.09,4120.29,4120.52,139
1784762520,4120.53,4121.26,4120.47,4120.57,103
1784762580,4120.54,4120.66,4120.38,4120.39,85
1784762640,4120.33,4120.65,4120.25,4120.64,39
1784762700,4120.67,4120.7,4119.97,4119.97,110
1784762760,4119.61,4122.43,4119.34,4120.74,179
1784762820,4120.73,4121.45,4119.55,4119.61,116
1784762880,4119.87,4120.35,4119.13,4119.98,168
1784762940,4120.04,4120.77,4119.6,4119.91,147
1784763000,4119.96,4120.02,4119.2,4119.5,112
1784763060,4119.44,4120.04,4119.08,4119.92,138
1784763120,4119.91,4120.4,4119.4,4120.25,116
1784763180,4120.18,4122.46,4120.1,4121.19,124
1784763240,4121.18,4121.24,4120.67,4120.67,81
1784763300,4120.62,4120.62,4120.06,4120.24,50
1784763360,4120.69,4122.29,4120.69,4121.28,146
1784763420,4121.27,4123.54,4121.27,4123.05,183
1784763480,4122.98,4123.13,4122.39,4122.64,90
1784763540,4122.55,4123.48,4121.64,4121.69,138
1784763600,4121.65,4122.4,4121.6,4122.4,93
1784763660,4122.39,4122.39,4121.69,4122.08,97
1784763720,4122.06,4122.49,4121.27,4121.8,114
1784763780,4122.16,4124.53,4122.11,4124.23,165
1784763840,4124.24,4124.24,4122.81,4123.67,137
1784763900,4123.65,4126.06,4123.15,4126.06,218
1784763960,4125.96,4129.64,4125.37,4129.63,232
1784764020,4129.51,4130.27,4129.06,4130.05,202
1784764080,4130.03,4131.67,4129.59,4131.67,188
1784764140,4131.28,4131.28,4129.56,4129.8,181
1784764200,4129.78,4130.29,4129.54,4129.57,152
1784764260,4129.55,4130.07,4128.79,4129.94,181
1784764320,4130,4130.9,4129.6,4130.9,185
1784764380,4130.84,4130.95,4129.83,4130.4,174
1784764440,4129.89,4131.6,4129.12,4131.41,204
1784764500,4131.38,4132.35,4130.83,4132.2,178
1784764560,4132.17,4133.24,4132.17,4133.06,202
1784764620,4133.05,4133.2,4132.1,4133.19,138
1784764680,4133.11,4133.41,4132.26,4132.63,174
1784764740,4132.62,4134.04,4132.47,4133.42,192
1784764800,4133.53,4134.36,4132.37,4132.47,304
1784764860,4132.27,4132.27,4129.56,4130.32,276
1784764920,4130.28,4131.14,4128.48,4129.62,262
1784764980,4129.64,4130.85,4128.37,4128.4,226
1784765040,4128.43,4130.87,4128.43,4130.84,210
1784765100,4130.81,4131.18,4129.36,4129.77,220
1784765160,4130.08,4130.54,4128.71,4129.35,214
1784765220,4129.26,4129.26,4128.28,4128.57,213
1784765280,4128.54,4128.78,4127.58,4128.13,204
1784765340,4128.2,4129.51,4128.18,4129,179
1784765400,4128.99,4128.99,4127.3,4127.61,144
1784765460,4127.59,4128.13,4126.54,4127.57,208
1784765520,4127.52,4127.52,4126.27,4127.02,198
1784765580,4126.97,4127.67,4126.47,4126.5,187
1784765640,4126.44,4127.27,4126.38,4127,174
1784765700,4126.89,4128.37,4126.89,4127.37,197
1784765760,4127.34,4128.49,4126.89,4128.49,199
1784765820,4128.34,4129.26,4127.74,4127.77,195
1784765880,4127.9,4128.06,4127.1,4127.92,162
1784765940,4128.19,4128.48,4127.56,4128.4,160
1784766000,4128.43,4129.04,4127.63,4128.68,191
1784766060,4128.7,4128.94,4127.84,4128.48,189
1784766120,4128.47,4130.69,4128.25,4130.63,181
1784766180,4130.66,4132.08,4130.66,4131.25,220
1784766240,4131.23,4133.02,4130.98,4132.96,205
1784766300,4132.91,4133.37,4132.38,4132.61,226
1784766360,4132.58,4133.13,4132.27,4133.04,194
1784766420,4132.9,4134.72,4132.4,4133.86,234
1784766480,4133.48,4133.48,4131.22,4131.22,200
1784766540,4131.23,4131.43,4128.97,4129.27,207
1784766600,4129.28,4129.98,4128.26,4129.95,238
1784766660,4130.03,4130.07,4129.22,4129.63,172
1784766720,4129.59,4131.55,4129.34,4131.55,173
1784766780,4131.6,4131.7,4130.29,4130.62,173
1784766840,4130.69,4131.35,4129.52,4130.2,210
1784766900,4130.23,4131.51,4129.86,4131.01,231
1784766960,4130.91,4132.11,4130.84,4131.93,160
1784767020,4131.92,4132.17,4131.57,4131.97,175
1784767080,4132.07,4132.14,4130.75,4130.77,193
1784767140,4130.74,4130.75,4128.04,4128.46,182
1784767200,4128.5,4129.12,4127.88,4128.06,217
1784767260,4128.06,4129.09,4128.06,4128.9,170
1784767320,4128.87,4128.96,4127.31,4128.01,181
1784767380,4127.99,4128.19,4127.6,4127.88,143
1784767440,4127.9,4128.45,4127.89,4128.09,122
1784767500,4127.95,4130.12,4127.65,4130.06,221
1784767560,4130.08,4130.13,4128.45,4129.08,186
1784767620,4129.07,4129.07,4127.63,4127.64,183
1784767680,4127.65,4127.8,4127.07,4127.67,173
1784767740,4127.61,4127.89,4126.99,4127.23,175
1784767800,4127.36,4127.8,4125.73,4125.86,178
1784767860,4125.84,4126.15,4125.19,4125.63,218
1784767920,4125.62,4126.43,4125.32,4126.25,187
1784767980,4126.23,4127.61,4126.09,4127.6,192
1784768040,4127.48,4129.42,4127.46,4129.03,203
1784768100,4129.16,4129.88,4128.38,4128.64,210
1784768160,4128.63,4128.77,4127.64,4128.26,193
1784768220,4128.27,4129.31,4128.06,4129.31,170
1784768280,4129.32,4129.85,4129.11,4129.45,193
1784768340,4129.84,4133.31,4129.84,4132.23,234
1784768400,4132.06,4138.57,4132.06,4137.54,310
1784768460,4137.56,4139.17,4137.1,4137.79,312
1784768520,4137.57,4138.02,4133.33,4133.33,283
1784768580,4133.84,4133.84,4129.96,4132.86,297
1784768640,4132.65,4133.43,4131.15,4133.43,277
1784768700,4133.17,4134.75,4132.21,4134.64,268
1784768760,4134.66,4134.66,4131.26,4131.38,285
1784768820,4131.4,4133.12,4131.15,4133,272
1784768880,4132.77,4133.05,4130.88,4130.88,228
1784768940,4131.03,4133.73,4130.58,4133.73,234
1784769000,4133.77,4134.95,4131.97,4133.3,270
1784769060,4133.3,4135.27,4133.27,4135.27,229
1784769120,4135.26,4137.04,4134.49,4136.57,264
1784769180,4136.43,4137.14,4135.85,4136.14,246
1784769240,4136.16,4136.43,4134.35,4134.51,265
1784769300,4134.59,4136.17,4133.7,4135.68,272
1784769360,4135.66,4137.53,4135.25,4137.47,242
1784769420,4137.68,4137.68,4135.05,4135.64,218
1784769480,4135.63,4136.67,4134.4,4136.3,247
1784769540,4136.31,4137.29,4135.69,4135.88,215
1784769600,4135.76,4135.93,4134.91,4135.88,231
1784769660,4135.88,4138.56,4135.84,4137.71,235
1784769720,4137.83,4139.07,4137.09,4139.07,249
1784769780,4138.99,4139.92,4138.57,4138.67,245
1784769840,4138.64,4139.56,4137.69,4137.76,257
1784769900,4137.75,4138.37,4136.71,4137.93,237
1784769960,4137.95,4139.74,4137.85,4139.13,199
1784770020,4139.16,4141.04,4138.43,4138.53,249
1784770080,4138.58,4138.63,4137.04,4137.26,243
1784770140,4137.32,4137.79,4136.71,4137.46,214
1784770200,4137.69,4139.21,4129.11,4129.61,314
1784770260,4129.71,4132.5,4129.66,4131.02,296
1784770320,4131.05,4134.26,4130.79,4133.74,292
1784770380,4133.82,4134.68,4131.96,4134.44,270
1784770440,4134.42,4135.41,4133.24,4133.37,280
1784770500,4133.27,4133.77,4129.55,4130.63,259
1784770560,4130.95,4130.96,4126.4,4126.59,255
1784770620,4126.3,4127.01,4123.44,4125.43,280
1784770680,4125.58,4125.87,4123.86,4124.43,261
1784770740,4124.41,4125.83,4122.91,4123.07,266
1784770800,4123.11,4125.78,4123.02,4125.61,273
1784770860,4125.63,4126.18,4124.42,4126.03,273
1784770920,4126.24,4127.48,4125.39,4125.43,273
1784770980,4125.58,4125.76,4124.45,4125.58,266
1784771040,4125.63,4125.88,4121.94,4121.94,241
1784771100,4121.84,4123.44,4121.33,4123.05,257
1784771160,4123.23,4123.62,4120.72,4120.86,266
1784771220,4120.85,4121.94,4120.47,4120.47,270
1784771280,4120.57,4120.82,4118.3,4118.54,259
1784771340,4118.7,4121.74,4118.7,4121.55,277
1784771400,4121.42,4122.41,4120.54,4122.2,286
1784771460,4122.23,4122.4,4120.68,4120.96,271
1784771520,4120.93,4122.43,4120.7,4121.9,246
1784771580,4121.6,4121.6,4118.33,4118.39,268
1784771640,4118.14,4119.28,4118.14,4118.79,246
1784771700,4118.65,4118.82,4117.58,4118.3,254
1784771760,4118.31,4119.13,4114.52,4114.52,272
1784771820,4114.49,4117.98,4114.43,4116.05,292
1784771880,4116.04,4117.92,4115.26,4117.91,276
1784771940,4118.06,4118.26,4117.36,4117.91,246
1784772000,4118.01,4118.72,4117.7,4117.76,283
1784772060,4117.76,4118.9,4116.36,4118.16,278
1784772120,4118.04,4118.09,4115.34,4115.64,259
1784772180,4115.61,4115.73,4113.74,4114.04,276
1784772240,4114.05,4114.93,4113.03,4113.83,268
1784772300,4113.84,4114.63,4112.14,4113.74,276
1784772360,4114.15,4115.58,4113.48,4115.13,252
1784772420,4115.12,4116.92,4114.96,4116.61,267
1784772480,4116.64,4116.64,4113.78,4114.27,257
1784772540,4114,4114.58,4113.47,4114.26,243
1784772600,4114.25,4116.32,4114.25,4116.09,234
1784772660,4116,4116.96,4115.07,4116.49,233
1784772720,4116.48,4117.59,4116.29,4117.27,235
1784772780,4117.2,4118.48,4116.78,4117.75,225
1784772840,4117.78,4117.78,4116.71,4117.71,222
1784772900,4117.92,4118.11,4114.9,4114.98,226
1784772960,4114.95,4116.27,4114.95,4115.74,206
1784773020,4115.75,4116.48,4114.34,4114.36,207
1784773080,4114.37,4115.17,4113.37,4115,183
1784773140,4115.01,4116.79,4114.82,4114.93,242
1784773200,4114.98,4115.72,4114.44,4114.9,219
1784773260,4114.91,4116.33,4114.69,4115.89,188
1784773320,4115.87,4116.97,4115.54,4115.83,199
1784773380,4115.82,4117.21,4113.77,4115.41,233
1784773440,4115.44,4116.7,4115.22,4116.3,179
1784773500,4116.28,4116.76,4114.86,4115.4,225
1784773560,4115.37,4116.2,4114.19,4116.2,229
1784773620,4116.19,4116.5,4114.82,4115.58,225
1784773680,4115.49,4117.08,4115.34,4116.09,222
1784773740,4115.82,4116.37,4115.79,4116.22,191
1784773800,4116.24,4119.41,4115.38,4118.84,288
1784773860,4118.83,4119.12,4117.16,4117.66,256
1784773920,4117.46,4118.56,4115.16,4115.43,254
1784773980,4115.52,4116.74,4113.92,4114.88,274
1784774040,4114.82,4117.02,4114.8,4116.68,255
1784774100,4116.66,4117.54,4114.99,4115.2,248
1784774160,4115.19,4117.22,4114.9,4116.77,265
1784774220,4116.76,4117.8,4116.53,4116.55,238
1784774280,4116.51,4116.81,4115.67,4116.77,220
1784774340,4116.76,4118.94,4116.36,4118.78,250
1784774400,4119,4119.62,4118.44,4118.61,224
1784774460,4118.6,4120.11,4117.91,4119.59,254
1784774520,4119.93,4120.16,4119.31,4119.36,235
1784774580,4119.34,4121.67,4119.33,4121.32,241
1784774640,4121.31,4122.34,4121.24,4122.21,241
1784774700,4122.18,4125.39,4122.18,4124.21,264
1784774760,4123.82,4125.27,4123.45,4125.11,250
1784774820,4125.34,4125.43,4124.57,4125.15,258
1784774880,4125.15,4125.25,4123.45,4124.36,248
1784774940,4124.41,4124.78,4122.8,4122.8,221
1784775000,4122.77,4123.03,4121.56,4122.56,235
1784775060,4122.55,4125.65,4122.19,4125.65,230
1784775120,4125.54,4125.98,4124.5,4125.08,221
1784775180,4125.13,4128.5,4125.13,4126.43,270
1784775240,4126.44,4126.91,4125.36,4125.45,202
1784775300,4125.23,4126.41,4125.23,4126.41,208
1784775360,4126.44,4126.74,4126.05,4126.37,170
1784775420,4126.43,4127.52,4126.33,4127.41,192
1784775480,4127.37,4128.5,4127.25,4128.04,207
1784775540,4127.92,4128.04,4127.23,4128.04,207
1784775600,4128.13,4128.97,4127.37,4128.12,249
1784775660,4128.22,4128.27,4126.79,4127.24,210
1784775720,4127.47,4127.95,4127.09,4127.94,206
1784775780,4127.93,4128.31,4125.99,4126.48,233
1784775840,4126.53,4127.17,4126.24,4126.33,222
1784775900,4126.31,4126.35,4125.11,4125.16,220
1784775960,4125.23,4127.7,4125.23,4127.16,214
1784776020,4126.96,4127.11,4126.1,4126.62,224
1784776080,4126.63,4126.8,4125.4,4125.5,210
1784776140,4125.59,4126.09,4124.52,4125.03,220
1784776200,4125.04,4125.94,4124.21,4125.19,222
1784776260,4125.21,4126.15,4124.8,4125.99,217
1784776320,4125.75,4125.81,4124.82,4124.9,154
1784776380,4124.91,4125.76,4124.91,4125.76,197
1784776440,4125.77,4127.26,4125.27,4127.13,234
1784776500,4127.18,4127.56,4126.68,4127.22,230
1784776560,4127.24,4128.96,4127.1,4128.74,235
1784776620,4129.14,4129.82,4129.11,4129.21,225
1784776680,4129.04,4130.66,4129.03,4130.35,236
1784776740,4130.36,4131.14,4129.75,4131.13,230
1784776800,4131.11,4131.49,4130.66,4131.42,239
1784776860,4131.44,4131.93,4131.19,4131.32,204
1784776920,4131.3,4132.87,4131.22,4132.68,222
1784776980,4132.68,4132.69,4132.2,4132.54,191
1784777040,4132.52,4132.92,4131.59,4132.63,239
1784777100,4132.64,4132.64,4131.09,4131.1,230
1784777160,4131,4131.85,4131,4131.46,201
1784777220,4131.12,4131.12,4129.9,4129.9,222
1784777280,4129.92,4130.61,4129.56,4130.61,179
1784777340,4130.63,4130.8,4130.22,4130.57,205
1784777400,4130.38,4130.42,4128.41,4130.08,228
1784777460,4130.01,4130.32,4129.2,4129.2,180
1784777520,4129.18,4129.83,4129.14,4129.53,179
1784777580,4129.57,4129.9,4129.41,4129.74,194
1784777640,4129.71,4130.33,4129.49,4130.3,178
1784777700,4130.32,4130.46,4129.82,4130.36,166
1784777760,4130.38,4131.22,4129.28,4129.48,154
1784777820,4129.47,4129.58,4128.78,4128.98,183
1784777880,4128.99,4129.39,4128.87,4129.24,161
1784777940,4129.25,4129.56,4128.71,4129.52,162
1784778000,4129.44,4129.97,4129.35,4129.68,161
1784778060,4129.47,4130.28,4129.12,4129.39,190
1784778120,4129.4,4129.64,4126.79,4126.96,207
1784778180,4126.72,4127.43,4126.1,4127.11,202
1784778240,4127,4129.15,4126.63,4128.83,190
1784778300,4128.81,4128.81,4127.88,4128.1,153
1784778360,4128.1,4128.44,4126.46,4126.51,183
1784778420,4126.5,4126.55,4125.63,4125.69,198
1784778480,4125.73,4125.8,4125.24,4125.3,156
1784778540,4125.38,4125.88,4125.21,4125.61,135
1784778600,4125.62,4125.91,4125.25,4125.67,154
1784778660,4125.64,4125.78,4125.07,4125.14,128
1784778720,4125.13,4125.85,4125.07,4125.79,171
1784778780,4125.84,4125.97,4125.41,4125.94,107
1784778840,4125.7,4126.12,4125.61,4125.96,115
1784778900,4125.87,4125.97,4125.36,4125.6,99
1784778960,4125.62,4125.62,4124.35,4124.51,174
1784779020,4124.52,4126.09,4124.51,4125.69,170
1784779080,4125.66,4125.93,4125,4125,140
1784779140,4124.89,4124.99,4124.11,4124.73,133
1784779200,4124.73,4125.22,4123.95,4124.13,144
1784779260,4124.39,4124.73,4124.3,4124.61,130
1784779320,4124.82,4125.08,4124.1,4124.33,147
1784779380,4124.31,4124.54,4122.95,4122.97,135
1784779440,4122.98,4123.84,4122.84,4123.67,168
1784779500,4123.73,4123.8,4122.56,4123.17,184
1784779560,4123.08,4123.36,4122.6,4123.27,147
1784779620,4123.27,4124.76,4123.11,4124.56,173
1784779680,4124.54,4125.67,4124.54,4125.61,176
1784779740,4125.51,4125.61,4124.87,4125.35,157
1784779800,4125.27,4125.68,4124.13,4124.48,177
1784779860,4124.47,4125.04,4124.09,4124.15,167
1784779920,4124.17,4125.35,4124.05,4125.32,182
1784779980,4125.31,4127.15,4125.31,4127.15,187
1784780040,4127.17,4127.74,4126.88,4127.74,188
1784780100,4127.72,4128.29,4127.26,4127.69,211
1784780160,4127.57,4128.01,4126.3,4126.32,201
1784780220,4126.35,4126.73,4125.3,4125.66,176
1784780280,4125.6,4125.88,4125.18,4125.84,162
1784780340,4125.91,4126.3,4125.23,4125.45,160
1784780400,4125.46,4126.6,4125.46,4126.2,172
1784780460,4126.21,4127.62,4126.12,4127.51,182
1784780520,4127.51,4129.11,4127.32,4129.11,168
1784780580,4129.12,4129.3,4128.43,4128.84,177
1784780640,4128.84,4128.88,4127.93,4128.17,141
1784780700,4128.09,4129.23,4127.74,4128.68,189
1784780760,4128.69,4129.04,4128.29,4128.77,142
1784780820,4128.8,4128.86,4128.58,4128.7,128
1784780880,4128.71,4128.83,4128.09,4128.24,131
1784780940,4128.26,4129.84,4127.25,4129.84,174
1784781000,4129.71,4130.27,4127.65,4127.88,214
1784781060,4127.84,4128,4125.97,4126.17,163
1784781120,4126.31,4126.5,4125.71,4126.19,168
1784781180,4126.03,4126.85,4125.9,4126.25,184
1784781240,4126.23,4127.27,4126.19,4126.97,134
1784781300,4126.97,4127.27,4126.59,4126.84,168
1784781360,4126.95,4127.38,4126.72,4127.26,171
1784781420,4127.44,4127.44,4127.06,4127.25,112
1784781480,4127.28,4127.28,4126.54,4126.9,143
1784781540,4126.87,4127.09,4125.8,4125.83,141
1784781600,4125.86,4125.88,4124.76,4124.77,164
1784781660,4124.78,4125.28,4123.46,4123.84,148
1784781720,4123.82,4124.14,4123.57,4124.02,181
1784781780,4124.03,4124.04,4123.73,4123.86,108
1784781840,4123.83,4124.19,4123.16,4123.25,129
1784781900,4123.24,4123.35,4121.65,4123.17,153
1784781960,4123.18,4123.8,4123.07,4123.31,174
1784782020,4123.3,4124.34,4123.19,4124.28,112
1784782080,4124.18,4124.18,4122.08,4122.78,168
1784782140,4122.72,4122.72,4121.89,4121.89,191
1784782200,4121.9,4122.77,4121.9,4122.25,117
1784782260,4122.26,4122.42,4121.76,4121.78,133
1784782320,4121.77,4122.05,4120.59,4120.59,161
1784782380,4120.27,4121.24,4120.27,4121.15,164
1784782440,4121.13,4121.61,4120.7,4120.72,191
1784782500,4120.78,4121.19,4120.32,4120.44,150
1784782560,4120.43,4120.67,4120.17,4120.59,175
1784782620,4120.69,4121.18,4120.29,4121.18,138
1784782680,4121.19,4121.45,4120.78,4121.37,178
1784782740,4121.38,4121.64,4121.18,4121.28,150
1784782800,4121.22,4122.61,4121.15,4121.3,246
1784782860,4121.33,4122.2,4120.17,4120.57,176
1784782920,4120.55,4121.03,4120.06,4120.77,187
1784782980,4120.77,4120.99,4119.75,4120.08,176
1784783040,4119.95,4120.49,4119.48,4120.49,189
1784783100,4120.6,4121.15,4120.58,4121.15,192
1784783160,4120.83,4121.51,4120.45,4121.47,121
1784783220,4121.5,4123.78,4121.5,4123.37,196
1784783280,4123.41,4124.23,4123.18,4123.76,175
1784783340,4123.78,4124.27,4123.18,4124.25,185
1784783400,4124.22,4124.56,4123.81,4124.15,193
1784783460,4124.08,4124.88,4123.85,4124.54,169
1784783520,4124.52,4124.75,4123.54,4124.62,194
1784783580,4124.58,4124.82,4124.14,4124.54,148
1784783640,4124.62,4125.02,4124.52,4124.52,156
1784783700,4124.3,4124.31,4122.07,4122.76,200
1784783760,4122.75,4122.75,4121.69,4122.04,171
1784783820,4122.02,4122.57,4121.71,4122.47,175
1784783880,4122.34,4123.29,4121.92,4123.05,177
1784783940,4122.98,4123.13,4121.26,4122.06,173
1784784000,4122.1,4122.58,4121.74,4122.53,204
1784784060,4122.55,4122.55,4122.02,4122.08,158
1784784120,4122.09,4122.89,4121.07,4121.16,187
1784784180,4121.17,4121.17,4120.08,4120.29,209
1784784240,4120.28,4121.62,4120.09,4121.5,214
1784784300,4121.49,4121.94,4121.25,4121.42,180
1784784360,4121.57,4123.09,4121.49,4123.09,201
1784784420,4123.13,4123.52,4122.85,4123.28,207
1784784480,4123.26,4123.67,4123.1,4123.25,176
1784784540,4123.24,4125.57,4123.24,4125.57,177
1784784600,4125.62,4128.36,4123.85,4127.84,300
1784784660,4127.82,4128.53,4126.89,4128.12,260
1784784720,4128.13,4128.13,4124.9,4125.79,282
1784784780,4125.78,4127.53,4125.61,4127.3,218
1784784840,4127.29,4128.07,4127,4127.66,237
1784784900,4127.81,4128.12,4126.4,4127.69,216
1784784960,4127.57,4128.07,4127.35,4127.44,206
1784785020,4127.37,4128.56,4126.54,4127.3,233
1784785080,4127.36,4127.92,4126.84,4126.86,213
1784785140,4126.92,4127.43,4126.23,4126.23,217
1784785200,4126.25,4126.92,4124.93,4125.6,233
1784785260,4125.51,4126.59,4124.74,4125.97,227
1784785320,4126.21,4126.21,4125.02,4125.67,239
1784785380,4125.55,4126.24,4125.09,4125.51,241
1784785440,4125.51,4127.83,4125.5,4127.75,236
1784785500,4127.67,4128.53,4127.25,4127.71,217
1784785560,4127.73,4129.6,4127.7,4129.59,242
1784785620,4129.58,4130.47,4128.87,4129.19,228
1784785680,4129.17,4129.18,4126.62,4126.88,262
1784785740,4126.74,4127.1,4126.25,4126.71,201
1784785800,4126.73,4126.73,4124.08,4124.5,236
1784785860,4124.41,4125.39,4124.23,4125.39,206
1784785920,4125.57,4127.49,4125.16,4127.24,215
1784785980,4127.1,4127.19,4126.22,4126.58,190
1784786040,4126.6,4126.86,4125.24,4125.32,205
1784786100,4125.39,4125.39,4122.47,4123.01,259
1784786160,4123.03,4123.03,4121.23,4121.78,249
1784786220,4121.72,4121.72,4120.68,4121.19,238
1784786280,4121.16,4122.63,4121.16,4122.46,223
1784786340,4122.5,4124.4,4122.43,4124.08,240
1784786400,4124.07,4127.52,4124.07,4127.01,264
1784786460,4127.03,4128.23,4125.99,4126.37,252
1784786520,4126.36,4126.66,4123.42,4124.92,258
1784786580,4124.89,4126.29,4124.67,4125.74,265
1784786640,4125.8,4126.01,4124.03,4124.13,270
1784786700,4124.07,4124.97,4122.46,4123.35,273
1784786760,4123.3,4123.55,4122.37,4122.76,243
1784786820,4122.71,4122.71,4121.36,4122.46,241
1784786880,4122.47,4122.88,4122.04,4122.76,216
1784786940,4122.75,4124.16,4122.51,4122.58,252
1784787000,4122.62,4123.98,4122.5,4123.88,206
1784787060,4123.91,4124.31,4123.43,4123.91,222
1784787120,4124,4124.47,4121.91,4123.33,226
1784787180,4123.34,4123.82,4123.1,4123.68,202
1784787240,4123.7,4123.96,4123.02,4123.24,205
1784787300,4123.19,4123.7,4122.51,4123.33,211
1784787360,4123.29,4124.16,4123,4124,229
1784787420,4123.98,4125.67,4123.68,4125.34,229
1784787480,4125.38,4126.58,4125.38,4126.19,233
1784787540,4126.12,4127.7,4126.09,4126.87,230
1784787600,4126.88,4127.23,4125.26,4125.28,196
1784787660,4125.45,4126.17,4125.02,4125.41,202
1784787720,4125.42,4125.42,4123.39,4124.29,223
1784787780,4124.11,4124.99,4124.06,4124.51,191
1784787840,4124.55,4125.15,4124.55,4124.89,116
1784787900,4124.93,4124.93,4123.25,4123.26,216
1784787960,4123.21,4123.21,4122.44,4122.94,169
1784788020,4122.79,4123.72,4121.46,4123.59,210
1784788080,4123.58,4123.63,4122.07,4122.07,228
1784788140,4121.91,4122.42,4121.41,4122.07,206
1784788200,4122.12,4123.04,4121.54,4122.58,248
1784788260,4122.62,4122.92,4121.07,4121.1,198
1784788320,4121.04,4122.01,4120.59,4121.23,204
1784788380,4121.17,4121.89,4120.9,4121.71,233
1784788440,4121.71,4122.59,4120.65,4122.34,233
1784788500,4122.08,4123.03,4122.08,4122.25,219
1784788560,4122.54,4123.12,4122.33,4122.7,235
1784788620,4122.69,4123.79,4122.59,4123.2,213
1784788680,4123.15,4123.23,4121.46,4122.74,220
1784788740,4122.75,4122.89,4120.82,4120.86,245
1784788800,4120.84,4120.84,4118.05,4118.05,246
1784788860,4118.03,4118.54,4116.91,4118.52,250
1784788920,4118.84,4119.47,4118.45,4118.75,244
1784788980,4118.59,4120.59,4118.57,4120.59,211
1784789040,4120.53,4121.37,4119.8,4120.03,229
1784789100,4119.99,4121.8,4119.24,4121.49,237
1784789160,4121.47,4121.82,4121.04,4121.39,202
1784789220,4121.47,4121.77,4120.61,4120.79,203
1784789280,4120.8,4121.75,4120.43,4121.75,188
1784789340,4121.69,4122.35,4121.6,4121.71,197
1784789400,4121.7,4122.04,4121.32,4121.97,196
1784789460,4121.79,4122.04,4121.04,4121.04,170
1784789520,4121.03,4121.22,4119.77,4120.73,213
1784789580,4120.74,4121.25,4120.31,4121.06,208
1784789640,4121.09,4121.19,4119.74,4120.24,229
1784789700,4119.89,4120.43,4119.37,4119.72,215
1784789760,4119.71,4120.29,4119.44,4119.62,197
1784789820,4119.6,4120.05,4119.39,4119.68,178
1784789880,4119.6,4119.7,4117.92,4118.13,235
1784789940,4118.03,4118.98,4118.01,4118.64,165
1784790000,4118.64,4119.4,4116.22,4117.32,265
1784790060,4117.71,4117.94,4113.98,4114.38,278
1784790120,4114.48,4115.88,4114.14,4115.72,243
1784790180,4115.65,4116.21,4115.21,4115.81,241
1784790240,4115.88,4116.5,4114.08,4115.16,217
1784790300,4115.28,4116.29,4114.85,4115.68,237
1784790360,4115.67,4115.75,4113.28,4113.35,216
1784790420,4113.35,4113.79,4111.66,4112.27,240
1784790480,4112.41,4113.04,4111.53,4112.07,225
1784790540,4112.13,4112.23,4109.84,4110.47,259
1784790600,4110.51,4110.52,4106.81,4106.94,246
1784790660,4107.06,4107.06,4105.28,4105.35,261
1784790720,4105.34,4105.49,4102.07,4103.02,279
1784790780,4102.97,4104.19,4102.26,4103.86,260
1784790840,4103.34,4107.25,4102.88,4106.7,259
1784790900,4106.67,4108.42,4106.63,4108.17,255
1784790960,4107.94,4111.72,4106.94,4111.67,254
1784791020,4111.86,4112,4109.38,4110.23,266
1784791080,4110.47,4111.28,4108.42,4109.83,274
1784791140,4109.77,4111.13,4109.05,4109.56,251
1784791200,4109.59,4109.76,4107.81,4108.97,252
1784791260,4108.81,4109.58,4108.07,4108.85,249
1784791320,4108.93,4109.61,4108.04,4108.63,236
1784791380,4108.59,4109.26,4107.84,4108.46,225
1784791440,4108.43,4108.47,4105.53,4105.75,228
1784791500,4105.66,4109.37,4105.66,4109.3,248
1784791560,4109.23,4110.15,4108.5,4110.13,191
1784791620,4110.4,4110.59,4109.62,4109.62,203
1784791680,4109.24,4109.61,4107.77,4107.86,211
1784791740,4107.88,4108.9,4107.82,4108.45,210
1784791800,4108.46,4108.83,4103.76,4103.76,250
1784791860,4103.55,4104.64,4102.96,4103.27,245
1784791920,4103.27,4103.78,4102.16,4103.67,238
1784791980,4103.66,4106.58,4103.43,4106.58,219
1784792040,4106.6,4106.6,4105.14,4105.3,234
1784792100,4105.31,4105.79,4102.17,4103.52,227
1784792160,4103.47,4104.93,4103.3,4104.72,210
1784792220,4104.69,4104.78,4102.96,4103.3,205
1784792280,4103.35,4104,4100.63,4101.74,231
1784792340,4101.77,4102.01,4099.52,4100.74,230
1784792400,4100.69,4101.92,4100.42,4101.14,226
1784792460,4101.17,4101.89,4099.68,4099.71,224
1784792520,4099.65,4100.13,4094.08,4094.38,272
1784792580,4094.31,4096.3,4091.45,4096.28,282
1784792640,4096.25,4096.61,4094.75,4095.59,259
1784792700,4095.73,4096.82,4094.59,4095.13,249
1784792760,4095.17,4095.17,4092.46,4094.82,242
1784792820,4094.88,4094.88,4091.38,4092.28,267
1784792880,4092.31,4095.35,4091.87,4095.3,258
1784792940,4095.33,4095.33,4091.94,4093.16,250
1784793000,4093.08,4094.84,4091.59,4094.83,252
1784793060,4094.84,4095.13,4093.55,4093.55,249
1784793120,4092.89,4094.1,4092.39,4092.84,266
1784793180,4092.81,4092.9,4090.37,4091.44,241
1784793240,4091.38,4094.05,4091.17,4093.79,253
1784793300,4093.63,4096.44,4092.48,4095.77,282
1784793360,4095.73,4096.01,4094.21,4095.83,239
1784793420,4095.85,4096.81,4094.25,4094.25,271
1784793480,4094.27,4095.26,4093.44,4094.17,253
1784793540,4094.18,4095.51,4094.18,4095.51,216
1784793600,4096.14,4097.47,4092.53,4092.63,266
1784793660,4092.24,4092.24,4090.29,4090.89,258
1784793720,4090.88,4092.4,4090.8,4091.95,260
1784793780,4091.84,4094.5,4091.35,4093.35,267
1784793840,4093.33,4093.33,4090.88,4092.43,232
1784793900,4092.84,4093.7,4092.43,4093.54,261
1784793960,4093.51,4094.02,4092.99,4093.12,227
1784794020,4093.48,4096,4093.48,4095.55,213
1784794080,4095.41,4095.43,4093.75,4093.92,215
1784794140,4093.91,4096.11,4093.59,4095.95,198
1784794200,4096.01,4097.74,4094.81,4094.81,248
1784794260,4094.82,4095.08,4093.97,4094.84,230
1784794320,4094.85,4095.96,4094.5,4094.78,219
1784794380,4094.77,4094.77,4093.19,4093.3,211
1784794440,4093.25,4093.62,4090.32,4091.43,238
1784794500,4091.6,4092.46,4091.54,4091.74,231
1784794560,4091.81,4092.48,4090.66,4092.01,236
1784794620,4092.02,4092.4,4091.47,4092.2,218
1784794680,4092.19,4092.19,4090.62,4091.51,194
1784794740,4091.49,4091.49,4089.58,4089.84,229
1784794800,4089.77,4091.11,4089.68,4090.7,217
1784794860,4090.77,4090.77,4088.92,4089.43,210
1784794920,4089.44,4091.45,4089.36,4091.17,186
1784794980,4091.18,4091.44,4089.73,4090.2,205
1784795040,4090.21,4091.25,4089.75,4090.66,231
1784795100,4090.78,4090.82,4090.15,4090.35,198
1784795160,4090.28,4091.3,4089.11,4091.27,222
1784795220,4091.25,4091.37,4090.76,4091.18,144
1784795280,4091.29,4092.14,4090.25,4090.73,228
1784795340,4090.62,4092.11,4090.46,4091.92,254
1784795400,4091.62,4091.87,4090.52,4091.01,217
1784795460,4091.02,4091.41,4089.96,4090.74,207
1784795520,4090.69,4090.82,4090.02,4090.45,223
1784795580,4090.44,4091.88,4090.04,4091.88,196
1784795640,4091.76,4093.47,4091.39,4092.73,205
1784795700,4092.38,4093.82,4091.38,4091.53,245
1784795760,4091.68,4092.95,4091.44,4092.72,204
1784795820,4092.72,4092.94,4091.18,4091.38,169
1784795880,4091.41,4092.24,4090.91,4092.24,211
1784795940,4092.29,4092.72,4091.76,4092.08,222
1784796000,4092.05,4092.26,4090.4,4090.4,211
1784796060,4090.44,4091.44,4089.13,4089.23,228
1784796120,4089.24,4090.87,4088.84,4090.87,224
1784796180,4090.96,4092.66,4090.96,4091.4,235
1784796240,4091.39,4092.74,4090.92,4092.54,195
1784796300,4092.37,4092.37,4091.03,4091.26,162
1784796360,4091.24,4091.7,4090.76,4091.44,215
1784796420,4091.43,4091.51,4089.54,4089.54,206
1784796480,4089.45,4089.69,4087.07,4088.92,190
1784796540,4089.01,4090.84,4088.93,4089.49,244
1784796600,4089.39,4090.4,4088.24,4090.2,209
1784796660,4090.02,4090.78,4089.75,4090.43,207
1784796720,4090.44,4090.52,4088.73,4088.73,224
1784796780,4088.7,4091.07,4088.7,4090.81,188
1784796840,4090.75,4092.96,4090.49,4092.96,212
1784796900,4093.03,4093.52,4092.75,4093.49,173
1784796960,4093.36,4094.26,4092.81,4094.26,212
1784797020,4094.27,4094.52,4093.62,4094.36,198
1784797080,4094.39,4094.85,4093.46,4093.61,188
1784797140,4093.51,4093.97,4093.3,4093.3,187
1784797200,4093.4,4094.13,4092.68,4093.08,221
1784797260,4093.1,4095.5,4093.1,4095.13,225
1784797320,4095.08,4096.42,4094.61,4095.87,226
1784797380,4095.83,4098.99,4095.38,4097.66,272
1784797440,4097.58,4099.4,4097.2,4099.13,272
1784797500,4099.09,4099.09,4097.51,4098.22,211
1784797560,4098.22,4098.54,4097.25,4097.7,248
1784797620,4097.7,4098.38,4096.76,4097.45,225
1784797680,4097.46,4098.05,4096.88,4097.66,206
1784797740,4097.65,4098.06,4096.85,4097.05,206
1784797800,4097.02,4098.12,4096.95,4098.04,179
1784797860,4098.09,4098.65,4098.06,4098.29,192
1784797920,4098.23,4098.23,4097.12,4097.15,217
1784797980,4097.14,4098.06,4096.83,4097.44,153
1784798040,4097.42,4097.78,4094.89,4094.96,216
1784798100,4094.86,4095.62,4094.82,4095.62,190
1784798160,4095.61,4095.61,4094.54,4095.15,170
1784798220,4095.08,4095.91,4094.01,4095.86,183
1784798280,4095.84,4096.06,4094.9,4094.9,164
1784798340,4094.96,4096.95,4094.63,4096.84,211
1784798400,4096.83,4096.83,4094.32,4094.72,195
1784798460,4094.68,4095.24,4093.89,4093.99,180
1784798520,4094.07,4094.87,4093.77,4093.85,174
1784798580,4093.86,4094.27,4093.33,4093.77,176
1784798640,4093.76,4094.83,4093.11,4093.26,213
1784798700,4093.41,4094.09,4091.95,4092.37,198
1784798760,4092.39,4092.44,4090.34,4090.34,197
1784798820,4090.31,4090.74,4089.48,4090.12,203
1784798880,4090.41,4091.79,4090.21,4091.41,216
1784798940,4091.42,4091.71,4089.91,4091.46,194
1784799000,4091.52,4091.54,4089.13,4089.83,254
1784799060,4089.88,4090.05,4088.68,4088.88,226
1784799120,4088.9,4089.74,4088.78,4089.56,193
1784799180,4089.76,4091.87,4089.69,4090.84,229
1784799240,4090.73,4092.32,4089.95,4092.07,247
1784799300,4092.07,4092.14,4091.23,4091.72,181
1784799360,4092.15,4092.78,4091.55,4092.33,183
1784799420,4092.1,4092.47,4090.85,4090.85,191
1784799480,4090.85,4092.06,4090.73,4091.77,152
1784799540,4091.79,4092.06,4091.33,4092.03,163
1784799600,4091.91,4091.91,4090.99,4091.24,184
1784799660,4091.25,4091.83,4090.62,4091.81,181
1784799720,4091.79,4092.26,4091.42,4092.26,132
1784799780,4092.35,4092.91,4091.98,4092.19,174
1784799840,4092.22,4092.84,4091.65,4091.9,199
1784799900,4091.91,4094.24,4091.91,4093.97,195
1784799960,4093.96,4094.01,4092.08,4092.39,191
1784800020,4092.52,4092.81,4092.01,4092.01,163
1784800080,4091.74,4093.25,4091.65,4092.96,179
1784800140,4092.97,4093.83,4092.97,4093.39,185
1784800200,4093.31,4093.31,4091.89,4092.69,191
1784800260,4092.68,4092.68,4090.84,4090.98,197
1784800320,4090.92,4091.76,4089.92,4091.76,196
1784800380,4091.73,4093.41,4091.69,4093.12,203
1784800440,4093.07,4093.96,4092.69,4093,180
1784800500,4093.03,4093.06,4091.73,4092.24,181
1784800560,4092.26,4092.26,4091.36,4091.39,163
1784800620,4091.28,4091.81,4089.35,4089.6,212
1784800680,4089.5,4090.05,4088.66,4088.89,181
1784800740,4088.89,4089.93,4088.52,4089.93,207
1784800800,4090.02,4090.9,4088.86,4089.37,238
1784800860,4089.14,4090.7,4088.17,4090.36,219
1784800920,4090.4,4091.65,4090.21,4090.66,191
1784800980,4090.69,4091.2,4090.43,4090.59,183
1784801040,4090.39,4091.06,4089.9,4090.75,191
1784801100,4090.73,4091.12,4090.39,4090.62,161
1784801160,4090.21,4091.16,4088.62,4090.43,201
1784801220,4090.44,4091.25,4089.62,4090.91,185
1784801280,4090.86,4091.24,4089.07,4089.16,189
1784801340,4089.15,4089.18,4087.78,4089.04,214
1784801400,4088.96,4089.48,4088.34,4088.8,210
1784801460,4088.81,4089.9,4088.81,4089.43,158
1784801520,4089.42,4091.32,4089.42,4091.25,152
1784801580,4091.32,4091.51,4089.78,4089.8,163
1784801640,4089.79,4091.26,4089.76,4090.87,197
1784801700,4090.86,4091.45,4090.34,4090.91,189
1784801760,4090.92,4092.56,4090.33,4091.05,185
1784801820,4091.03,4091.78,4090.72,4091.51,184
1784801880,4091.47,4092.52,4090.96,4092.07,191
1784801940,4091.7,4091.73,4088.82,4088.82,201
1784802000,4088.77,4089.16,4088.22,4088.41,231
1784802060,4088.45,4088.6,4086.21,4087.65,232
1784802120,4087.64,4088.24,4087.47,4087.47,176
1784802180,4087.47,4088.2,4086.46,4086.8,212
1784802240,4086.79,4087.65,4086.44,4087.65,181
1784802300,4087.76,4088.95,4087.41,4088.87,181
1784802360,4088.89,4089.28,4088.23,4088.52,190
1784802420,4088.63,4089.46,4088.39,4088.54,166
1784802480,4088.53,4089,4088.4,4088.89,175
1784802540,4088.88,4090.45,4088.71,4089.93,174
1784802600,4089.91,4092.78,4089.23,4091.69,260
1784802660,4091.74,4092.44,4091.64,4091.65,209
1784802720,4091.67,4091.92,4089.29,4089.29,225
1784802780,4089.44,4090.39,4089.19,4089.79,176
1784802840,4089.67,4089.69,4086.68,4087.19,212
1784802900,4087.21,4088.82,4086.82,4088.82,217
1784802960,4088.81,4089.91,4088.38,4088.76,181
1784803020,4088.77,4090.08,4088.59,4089.99,165
1784803080,4089.95,4090.2,4089.1,4089.3,162
1784803140,4089.31,4090.08,4089.17,4090.03,192
1784803200,4089.9,4089.9,4087.4,4088.33,205
1784803260,4088.36,4088.99,4087.77,4088.26,172
1784803320,4088.27,4089.66,4088.12,4088.92,204
1784803380,4088.81,4089.3,4088.54,4088.57,200
1784803440,4088.5,4089.66,4088.3,4089.46,194
1784803500,4089.43,4089.45,4087.65,4087.69,170
1784803560,4087.7,4088,4087.29,4087.78,197
1784803620,4087.79,4089.84,4087.7,4089.84,181
1784803680,4089.84,4091.53,4089.53,4090.94,219
1784803740,4090.95,4093.57,4090.91,4093.43,178
1784803800,4093.41,4093.8,4092.85,4093.25,173
1784803860,4093.22,4093.98,4092.56,4092.76,213
1784803920,4093.17,4094.04,4092.57,4093.96,191
1784803980,4093.81,4093.81,4091.8,4091.97,198
1784804040,4091.96,4094.26,4091.96,4094.02,206
1784804100,4094.01,4094.81,4093.96,4094,211
1784804160,4093.98,4095.26,4093.98,4094.35,204
1784804220,4094.28,4094.36,4092.15,4092.16,187
1784804280,4092.14,4093.42,4092.09,4092.98,184
1784804340,4092.92,4093.45,4092.2,4093.26,177
1784804400,4093.25,4093.87,4092.06,4092.59,244
1784804460,4092.56,4093.16,4091.83,4091.86,251
1784804520,4091.82,4092.93,4091.64,4092.79,210
1784804580,4092.77,4092.86,4092.03,4092.08,226
1784804640,4090.85,4092.07,4090.79,4092.07,196
1784804700,4092.06,4092.27,4090.54,4091.36,177
1784804760,4091.31,4091.31,4089.27,4089.59,212
1784804820,4089.59,4091.47,4089.11,4090.27,212
1784804880,4090.21,4091.28,4089.81,4090.87,194
1784804940,4090.83,4090.98,4088.5,4088.7,196
1784805000,4088.71,4089,4087.9,4088.13,179
1784805060,4088.01,4089.02,4087.14,4088.78,226
1784805120,4088.79,4089.56,4088.12,4088.12,169
1784805180,4088.11,4088.41,4087.12,4087.2,214
1784805240,4087.21,4088.36,4087.14,4087.74,198
1784805300,4087.71,4089.27,4086.05,4086.25,211
1784805360,4086.17,4086.83,4085.16,4086.83,218
1784805420,4086.91,4086.91,4084.5,4085.25,244
1784805480,4085.24,4087.14,4084.82,4087.14,191
1784805540,4087.12,4087.24,4085.25,4085.67,228
1784805600,4085.38,4085.93,4083.92,4085.08,222
1784805660,4085.05,4086.87,4085.04,4086.51,229
1784805720,4086.45,4086.52,4084.17,4084.18,228
1784805780,4084.29,4084.38,4081.58,4081.65,233
1784805840,4081.73,4084.03,4081.05,4084.03,252
1784805900,4084.01,4084.9,4083.34,4084.7,220
1784805960,4084.69,4085.03,4083.99,4084.2,203
1784806020,4084.32,4084.61,4082.34,4082.54,241
1784806080,4082.55,4083.36,4082.09,4082.48,235
1784806140,4082.46,4084.48,4081.64,4084.37,248
1784806200,4083.87,4084.14,4082.53,4082.53,222
1784806260,4082.52,4083.71,4081.31,4081.31,230
1784806320,4081.34,4082.17,4079.69,4080.09,260
1784806380,4080.38,4082.17,4080.02,4080.31,235
1784806440,4080.51,4081.16,4079.98,4080.85,218
1784806500,4080.61,4080.7,4079.37,4079.83,281
1784806560,4079.84,4082.2,4079.35,4081.55,263
1784806620,4081.56,4082.61,4081.18,4081.69,251
1784806680,4081.9,4083.28,4080.39,4080.53,259
1784806740,4080.53,4081.51,4079.4,4079.4,258
1784806800,4079.35,4079.54,4075.75,4075.97,276
1784806860,4075.93,4076.21,4073.21,4074.84,292
1784806920,4075.01,4078.89,4075.01,4077.74,270
1784806980,4077.69,4078.15,4076.11,4076.6,265
1784807040,4076.49,4078.93,4076.49,4078.77,237
1784807100,4078.58,4081.82,4077.93,4080.91,293
1784807160,4080.93,4081.26,4079.46,4080.37,215
1784807220,4080.31,4081.03,4079.21,4080.89,218
1784807280,4080.94,4081.5,4080.38,4081.46,269
1784807340,4081.67,4082.15,4081.02,4081.86,231
1784807400,4081.81,4083.43,4081.7,4083.2,248
1784807460,4083.19,4084.25,4083.14,4084.11,211
1784807520,4084.16,4088.9,4083.68,4085.53,264
1784807580,4085.69,4086.15,4084.01,4084.28,250
1784807640,4084.36,4085.36,4084.18,4084.63,236
1784807700,4084.53,4084.68,4083.68,4083.72,181
1784807760,4083.79,4084.44,4083.55,4084.04,201
1784807820,4084.02,4084.52,4083.1,4083.55,216
1784807880,4083.69,4085.87,4083.69,4085.64,235
1784807940,4085.65,4086.29,4085.52,4085.71,159
1784808000,4085.62,4085.88,4083.33,4083.43,241
1784808060,4083.52,4083.63,4082.18,4082.58,226
1784808120,4082.67,4083.28,4082.34,4082.78,190
1784808180,4082.68,4083.18,4082.32,4082.51,210
1784808240,4082.56,4083.35,4082.37,4083.33,216
1784808300,4083.53,4085.42,4082.98,4083.66,228
1784808360,4083.62,4083.99,4082.34,4082.34,223
1784808420,4082.37,4083.23,4081.89,4083.16,217
1784808480,4083.27,4084.15,4082.84,4083.39,214
1784808540,4083.4,4084.16,4083.07,4083.12,166
1784808600,4083.3,4085.22,4083.29,4085.11,197
1784808660,4085.17,4085.34,4084.22,4085.16,207
1784808720,4085.12,4085.17,4082.93,4083.38,169
1784808780,4083.38,4083.66,4081.91,4081.98,165
1784808840,4081.97,4082.07,4081.27,4081.4,172
1784808900,4081.44,4083.06,4079.74,4079.87,272
1784808960,4079.92,4080.8,4073.04,4076.13,280
1784809020,4076.59,4078.07,4075.5,4075.71,298
1784809080,4075.75,4076.5,4074.71,4076.35,282
1784809140,4076.45,4079,4076.13,4077.98,240
1784809200,4077.75,4077.97,4073.19,4074.73,274
1784809260,4074.9,4078.32,4074.9,4077.59,289
1784809320,4077.6,4077.66,4075.83,4077.28,266
1784809380,4077.25,4077.35,4075.43,4076.35,252
1784809440,4076.34,4076.34,4070.46,4071.73,283
1784809500,4071.79,4073.64,4071.22,4073.64,282
1784809560,4073.78,4074.62,4072.89,4073.95,223
1784809620,4074.08,4077.34,4074.08,4076.48,247
1784809680,4076.63,4076.63,4075.39,4075.72,248
1784809740,4075.28,4076.57,4074.54,4075.03,229
1784809800,4072.6,4073.28,4069.93,4071.2,291
1784809860,4071.19,4071.19,4067.74,4069.75,290
1784809920,4069.64,4072.43,4069.64,4070.67,293
1784809980,4070.72,4072.77,4069.04,4072.31,291
1784810040,4072.51,4075.07,4071.8,4074.84,298
1784810100,4074.37,4074.81,4072.1,4073.18,274
1784810160,4072.75,4072.75,4066.97,4067.29,275
1784810220,4067.33,4067.86,4064.17,4066.16,298
1784810280,4066.57,4069.98,4066.57,4069.34,267
1784810340,4069.39,4073.52,4069,4073.31,279
1784810400,4073.29,4073.29,4070.61,4072,277
1784810460,4072.04,4072.53,4071.06,4071.47,255
1784810520,4071.43,4071.63,4067,4067.07,291
1784810580,4066.95,4069.28,4066.33,4069.28,295
1784810640,4069.48,4071.82,4068.72,4069.2,276
1784810700,4069.33,4069.33,4064.83,4065.61,288
1784810760,4065.55,4067.35,4063.73,4067.21,310
1784810820,4067.18,4067.92,4065.82,4066.14,287
1784810880,4066.15,4066.43,4063.18,4063.49,288
1784810940,4063.34,4066.29,4063.31,4066.1,257
1784811000,4065.81,4067.09,4064.37,4065.38,278
1784811060,4065.2,4068.24,4065.16,4067.75,277
1784811120,4067.49,4067.51,4064.25,4064.91,272
1784811180,4064.9,4067.05,4064.9,4066.36,240
1784811240,4066.37,4066.37,4062.22,4064.18,283
1784811300,4064.06,4064.28,4063.09,4063.62,230
1784811360,4063.67,4065.83,4063.18,4065.83,255
1784811420,4065.77,4066.77,4064.73,4065.97,281
1784811480,4066.1,4066.51,4064.38,4065.39,257
1784811540,4065,4065,4061.06,4061.86,274
1784811600,4062.02,4063.43,4060.81,4062.23,312
1784811660,4061.79,4061.79,4054.83,4055.81,324
1784811720,4056.36,4060.28,4055.9,4058.36,316
1784811780,4058.13,4058.63,4054.77,4056.23,318
1784811840,4056.53,4057.08,4054.68,4055.81,292
1784811900,4055.77,4056.98,4052.53,4053.01,308
1784811960,4053.27,4053.89,4046.59,4048.07,310
1784812020,4048.65,4049.36,4046.03,4049.07,310
1784812080,4049.32,4049.92,4044.81,4046.3,318
1784812140,4046.33,4049.32,4045.76,4047.05,311
1784812200,4047.06,4047.32,4040.72,4040.82,315
1784812260,4040.97,4044.4,4040.68,4044.09,316
1784812320,4044.04,4045.08,4041.67,4044.05,312
1784812380,4044.01,4044.63,4041.24,4043.24,320
1784812440,4043.16,4043.16,4040.89,4040.92,314
1784812500,4041.11,4043.65,4040.91,4041.88,306
1784812560,4041.91,4043.46,4040.81,4043.46,312
1784812620,4043.24,4045.8,4041.4,4045.71,310
1784812680,4045.76,4046.53,4044.51,4046.53,306
1784812740,4046.57,4049.68,4046.42,4049.06,314
1784812800,4048.76,4052.19,4048.76,4051.03,299
1784812860,4051.01,4052.63,4050.17,4052.26,296
1784812920,4052.29,4053.26,4050.97,4052.44,285
1784812980,4052.22,4054.1,4052.18,4054.07,288
1784813040,4054.23,4054.25,4051.61,4051.66,282
1784813100,4051.64,4053.94,4051.64,4053.66,302
1784813160,4053.73,4054.23,4051.99,4053.71,284
1784813220,4053.69,4054.66,4052.82,4054.57,274
1784813280,4054.5,4058.1,4054.5,4057.37,293
1784813340,4057.36,4059.22,4055.85,4058.86,283
1784813400,4058.73,4063.26,4058.64,4061.3,322
1784813460,4061.23,4063.08,4059.96,4063.04,314
1784813520,4063.13,4066.16,4061.53,4065.76,312
1784813580,4065.99,4067.44,4064.4,4066.26,310
1784813640,4066.59,4067.18,4062.43,4063.7,313
1784813700,4063.55,4064.67,4062.68,4062.85,308
1784813760,4062.86,4062.86,4059.73,4060.11,317
1784813820,4060.15,4061.66,4059.56,4060.08,304
1784813880,4060.03,4061.44,4057.91,4058.33,304
1784813940,4058.42,4058.61,4055.62,4056.78,302
1784814000,4056.99,4057.62,4055.6,4055.91,309
1784814060,4056.02,4059.17,4055.77,4059.09,296
1784814120,4059.09,4061.17,4057.71,4061.08,306
1784814180,4060.72,4062.32,4060.21,4061.07,291
1784814240,4061.04,4061.47,4056.2,4056.36,290
1784814300,4056.55,4056.94,4053.88,4055.32,293
1784814360,4055.04,4056.82,4053.25,4054.39,296
1784814420,4054.34,4054.86,4053.04,4054.74,292
1784814480,4054.74,4055.05,4050.08,4050.57,297
1784814540,4050.62,4052.85,4050.41,4052.83,279
1784814600,4052.61,4055.47,4051.95,4054.26,301
1784814660,4054.28,4054.75,4053.12,4054.41,278
1784814720,4054.61,4055.07,4052.02,4055.02,288
1784814780,4054.98,4058.09,4053.74,4058.05,287
1784814840,4057.81,4059.04,4055.05,4056.34,296
1784814900,4056.32,4057.48,4054.28,4054.9,294
1784814960,4054.97,4056.43,4051.83,4051.99,282
1784815020,4051.95,4052.09,4046.97,4047.13,292
1784815080,4046.99,4047.63,4045.46,4046.33,294
1784815140,4046.5,4047.36,4042.84,4043.16,284
1784815200,4043.5,4050.7,4043.5,4050.46,302
1784815260,4050.43,4050.71,4047.04,4047.18,308
1784815320,4047.46,4049.48,4044.94,4045.27,300
1784815380,4044.71,4046.19,4043.55,4044.97,302
1784815440,4044.77,4045.52,4042.89,4044,308
1784815500,4043.99,4045.93,4042.52,4045.82,307
1784815560,4045.79,4045.91,4043.29,4044.86,307
1784815620,4044.84,4045.96,4040.87,4042.94,297
1784815680,4042.78,4042.78,4040.18,4040.57,287
1784815740,4040.41,4045.67,4040.21,4045.66,305
1784815800,4046.04,4047.54,4043.09,4043.27,310
1784815860,4043.29,4046.32,4041.94,4046.3,307
1784815920,4046.29,4047.84,4045.16,4047.75,304
1784815980,4047.76,4049.33,4045.73,4048.92,304
1784816040,4048.93,4051.46,4047.44,4048.05,298
1784816100,4047.82,4050.18,4045.61,4046.56,312
1784816160,4046.8,4049.83,4046.79,4048.64,286
1784816220,4048.69,4049.47,4046.75,4049,312
1784816280,4048.5,4048.86,4043.6,4043.72,311
1784816340,4043.51,4044.39,4042.46,4044.2,287
1784816400,4044.22,4044.97,4042.95,4044.2,280
1784816460,4044.21,4047.21,4044.06,4046.88,298
1784816520,4046.82,4049.93,4046.67,4049.57,293
1784816580,4049.35,4051.48,4048.82,4049.23,296
1784816640,4049.21,4052.23,4048.47,4052.19,298
1784816700,4052.01,4054.81,4051.34,4054.56,301
1784816760,4054.51,4054.51,4052.23,4054.07,295
1784816820,4054.61,4054.96,4052.32,4052.48,276
1784816880,4052.59,4054.19,4052.59,4053.32,298
1784816940,4053.41,4056.77,4052.86,4056.37,314
1784817000,4056.18,4057.6,4054.89,4056.01,292
1784817060,4055.48,4058.03,4055.47,4055.59,288
1784817120,4055.42,4056,4051.77,4052.51,290
1784817180,4052.6,4054.42,4052.56,4053.7,281
1784817240,4053.57,4054.88,4053.32,4054.6,311
1784817300,4054.63,4055.22,4051.79,4054.49,280
1784817360,4054.48,4057.4,4054.03,4057,296
1784817420,4056.95,4060.38,4056.6,4059.52,312
1784817480,4059.51,4059.6,4056.05,4058.02,300
1784817540,4058.18,4059.51,4057.44,4059.15,293
1784817600,4059.09,4059.87,4058.09,4058.2,278
1784817660,4058.21,4058.71,4056.92,4057.96,289
1784817720,4057.93,4058.25,4056.82,4057.61,300
1784817780,4057.62,4057.69,4056.59,4056.68,270
1784817840,4056.89,4057.68,4056.04,4057.12,290
1784817900,4057.06,4059.34,4056.06,4059.23,291
1784817960,4059.28,4061.42,4059.2,4060.43,287
1784818020,4060.37,4060.96,4059.5,4060.38,294
1784818080,4060.39,4061.74,4059.52,4059.69,266
1784818140,4059.6,4060.28,4058.34,4059.13,277
1784818200,4058.91,4060.36,4058.24,4059.39,280
1784818260,4059.31,4059.35,4057.07,4057.5,258
1784818320,4057.52,4059.79,4057.17,4059.63,277
1784818380,4059.75,4060.26,4059.06,4059.44,265
1784818440,4059.22,4060.05,4056.73,4056.97,275
1784818500,4056.87,4058.8,4056.66,4058.13,272
1784818560,4058.15,4059.31,4056.82,4057.3,293
1784818620,4057.12,4059.34,4057.12,4059.3,286
1784818680,4059.29,4060.09,4057.77,4058.15,272
1784818740,4058.06,4059.23,4057.62,4058,271
1784818800,4058.31,4059.47,4057.18,4058.73,284
1784818860,4058.58,4058.62,4056.9,4057.29,276
1784818920,4057.33,4059.21,4056.94,4057.19,278
1784818980,4057.3,4059.24,4056.69,4057.19,287
1784819040,4057.18,4057.18,4055.69,4056.7,275
1784819100,4056.79,4056.96,4055.32,4055.48,276
1784819160,4055.49,4055.77,4054.08,4054.61,275
1784819220,4054.78,4057.36,4054.77,4056.99,264
1784819280,4057.04,4057.63,4054.98,4055.45,286
1784819340,4055.28,4056.74,4051.64,4052.02,296
1784819400,4051.98,4052.07,4049.37,4051.16,284
1784819460,4051.04,4052.12,4050.44,4051.89,288
1784819520,4051.81,4053.07,4051.3,4052.67,268
1784819580,4052.7,4054.03,4051.16,4051.16,275
1784819640,4051.27,4052.1,4050.04,4051.39,284
1784819700,4051.19,4052.89,4050.29,4052.67,269
1784819760,4052.55,4054.91,4052.16,4053.69,292
1784819820,4053.75,4056.69,4053.75,4056.03,299
1784819880,4055.9,4056.01,4052.88,4052.98,269
1784819940,4052.98,4053.43,4051.81,4052.43,284
1784820000,4052.57,4053.43,4051.31,4051.63,292
1784820060,4051.61,4053.12,4051.44,4051.73,256
1784820120,4051.65,4053.54,4045.71,4048.19,308
1784820180,4048.34,4050.46,4047.41,4048.9,300
1784820240,4048.88,4050.54,4048.88,4050.08,274
1784820300,4050.32,4050.67,4049.23,4049.89,286
1784820360,4049.9,4050.21,4047.91,4049.34,280
1784820420,4049.33,4050.34,4048.82,4049.53,278
1784820480,4049.5,4049.67,4047.63,4047.71,297
1784820540,4047.69,4049.01,4046.36,4046.89,287
1784820600,4046.88,4047.02,4044.76,4045.62,296
1784820660,4045.33,4046.44,4044.05,4044.05,298
1784820720,4044.14,4044.61,4042.87,4043.83,305
1784820780,4043.78,4045.98,4042.45,4045.14,301
1784820840,4045.15,4045.93,4043.89,4045.93,279
1784820900,4045.74,4048.35,4045.74,4047.52,292
1784820960,4047.58,4049.37,4047.17,4049.34,303
1784821020,4049.27,4050.83,4046.71,4047.8,309
1784821080,4047.84,4049.49,4047.81,4048.98,300
1784821140,4048.94,4049.81,4048.48,4049.28,305
1784821200,4049.4,4050.45,4049.36,4049.59,263
1784821260,4049.64,4053.08,4049.54,4052.01,295
1784821320,4052.03,4052.59,4051.22,4051.53,284
1784821380,4051.64,4052.24,4049.66,4049.66,288
1784821440,4049.67,4050.5,4048.08,4048.08,271
1784821500,4048.07,4049.87,4047.23,4049.39,272
1784821560,4049.38,4050.63,4048.99,4049.98,277
1784821620,4049.97,4050.91,4049.62,4049.85,267
1784821680,4049.96,4050.97,4049.85,4050.05,222
1784821740,4050.08,4050.16,4048.81,4049.46,250
1784821800,4049.27,4049.94,4048.76,4049.39,254
1784821860,4049.4,4049.53,4046.85,4047.22,250
1784821920,4047.47,4048.28,4046.88,4047.74,265
1784821980,4047.66,4049.17,4047.21,4049.03,233
1784822040,4049.06,4050.85,4049.06,4050.31,274
1784822100,4050.46,4050.67,4050.04,4050.13,233
1784822160,4050.29,4050.67,4048.34,4048.76,227
1784822220,4048.62,4048.87,4046.75,4047,241
1784822280,4047.04,4048.23,4047.04,4048.05,229
1784822340,4048.02,4049.02,4047.25,4048.68,255
1784822400,4048.76,4049.68,4048.69,4049.62,254
1784822460,4049.8,4049.96,4048.6,4049.95,256
1784822520,4050,4050.82,4049.91,4050.58,243
1784822580,4050.62,4050.72,4049.77,4049.81,222
1784822640,4049.82,4050.08,4048.48,4048.48,244
1784822700,4048.47,4049.27,4047.6,4047.6,235
1784822760,4047.53,4050.32,4047.4,4048.86,256
1784822820,4048.85,4049.21,4048.21,4048.51,234
1784822880,4048.55,4049.57,4048.53,4049.31,200
1784822940,4049.26,4049.42,4048.45,4048.64,222
1784823000,4048.79,4049.08,4048.02,4048.76,211
1784823060,4048.74,4050.02,4048.59,4049.9,232
1784823120,4049.92,4050.37,4048.99,4049.02,244
1784823180,4049.18,4050.43,4049.18,4049.44,241
1784823240,4049.45,4050.94,4049.45,4050.19,200
1784823300,4050.17,4050.79,4048.6,4049.18,255
1784823360,4049.17,4049.28,4048,4048.4,216
1784823420,4048.33,4048.84,4047.72,4048.25,204
1784823480,4048.18,4048.4,4047.83,4048.22,195
1784823540,4048.21,4048.32,4045.92,4046.53,217
1784823600,4046.6,4049.6,4046.58,4049.57,197
1784823660,4049.6,4049.85,4049.06,4049.26,207
1784823720,4049.27,4050.75,4049.09,4050.59,202
1784823780,4050.61,4050.93,4050.1,4050.61,229
1784823840,4050.6,4051.49,4048.46,4048.61,241
1784823900,4048.65,4049.41,4048.39,4049.36,234
1784823960,4049.49,4049.93,4048.81,4049.71,192
1784824020,4049.82,4050.48,4049.52,4050.11,232
1784824080,4050.16,4050.76,4050,4050.62,206
1784824140,4050.41,4051.31,4050,4050,245
1784824200,4050.01,4050.8,4049.99,4050.56,199
1784824260,4050.5,4050.68,4049.87,4050.26,223
1784824320,4049.92,4050.45,4049.61,4049.67,260
1784824380,4049.68,4050.19,4049.15,4049.21,238
1784824440,4049.14,4049.57,4048.08,4048.23,232
1784824500,4048.25,4049.34,4047.43,4049.03,249
1784824560,4049.05,4049.05,4048.02,4048.45,231
1784824620,4048.26,4048.27,4047.07,4048.14,246
1784824680,4048,4050.44,4047.89,4050.37,255
1784824740,4050.33,4050.82,4050.11,4050.36,237
1784824800,4050.37,4051.12,4049.81,4049.98,241
1784824860,4049.97,4050.14,4049.15,4050.14,201
1784824920,4050.13,4050.68,4049.95,4050.36,208
1784824980,4050.32,4050.73,4050.27,4050.58,124
1784825040,4050.53,4050.77,4049.78,4049.83,142
1784825100,4049.56,4051.28,4049.56,4050.74,214
1784825160,4050.74,4050.75,4049.83,4049.95,212
1784825220,4049.98,4050.45,4049.54,4050.21,219
1784825280,4050.49,4050.72,4049.23,4049.59,187
1784825340,4049.59,4049.73,4048.87,4049.19,192
1784825400,4049.1,4049.21,4048.1,4048.38,239
1784825460,4048.41,4049.3,4048.06,4048.91,197
1784825520,4048.96,4049.72,4048.66,4049.3,195
1784825580,4049.25,4049.68,4048.9,4049.06,142
1784825640,4049.07,4049.68,4048.77,4049.11,205
1784825700,4049.06,4050.75,4049.06,4050.46,233
1784825760,4050.49,4050.86,4050.18,4050.58,154
1784825820,4050.41,4051.73,4050.37,4051.69,198
1784825880,4051.54,4051.67,4050.89,4051.06,175
1784825940,4051.16,4051.81,4051.01,4051.48,141
1784826000,4051.56,4051.79,4050.64,4051.42,243
1784826060,4051.56,4054.63,4051.37,4054,236
1784826120,4053.93,4054.17,4050.88,4052.55,249
1784826180,4052.6,4053.69,4052.6,4053.21,264
1784826240,4052.72,4052.72,4051.33,4051.68,218
1784826300,4051.69,4053.14,4051.66,4052.85,223
1784826360,4052.81,4053.13,4050.45,4050.63,254
1784826420,4050.33,4050.58,4049,4049.05,218
1784826480,4049.16,4049.71,4047.92,4048.19,221
1784826540,4048.29,4048.39,4046.94,4048.13,223
1784826600,4048.14,4049.46,4047.71,4048.92,238
1784826660,4048.86,4048.92,4047.21,4047.85,229
1784826720,4047.91,4048.12,4047.24,4047.51,219
1784826780,4047.6,4048.63,4047.54,4047.89,185
1784826840,4047.24,4048.51,4046.93,4047.27,228
1784826900,4047.25,4048.83,4046.75,4048.83,222
1784826960,4048.82,4049.73,4048.23,4049.2,200
1784827020,4049.26,4049.64,4046.84,4047.13,220
1784827080,4047.4,4048.1,4047.07,4047.62,222
1784827140,4047.52,4047.77,4046.26,4046.61,224
1784827200,4046.69,4048.8,4046.69,4048.76,267
1784827260,4048.87,4050.52,4048.87,4049.19,257
1784827320,4049.15,4049.15,4048.07,4048.61,224
1784827380,4048.63,4049.43,4047.78,4049.29,244
1784827440,4049.78,4049.78,4048.01,4048.81,258
1784827500,4048.79,4049.75,4048.31,4048.34,262
1784827560,4048.36,4048.81,4047.61,4047.97,217
1784827620,4047.76,4048.58,4046.72,4047.69,226
1784827680,4047.75,4048.9,4047.33,4048.29,211
1784827740,4047.86,4048.97,4047.16,4047.24,297
1784827800,4047.22,4048.1,4046.87,4048.1,255
1784827860,4048.08,4049.16,4047.36,4047.88,251
1784827920,4047.9,4048.83,4047.69,4047.8,217
1784827980,4047.82,4048.61,4047.62,4047.62,236
1784828040,4047.61,4048.41,4047.52,4047.52,224
1784828100,4047.45,4047.5,4044.63,4045.04,210
1784828160,4045,4045.78,4044.76,4044.76,253
1784828220,4044.86,4045.89,4044.86,4045.2,188
1784828280,4045.29,4046.19,4044.99,4045.12,219
1784828340,4045.13,4045.82,4044.26,4044.76,213
1784828400,4044.78,4045.45,4041.91,4042.54,230
1784828460,4042.64,4044.89,4042.47,4044.8,250
1784828520,4044.81,4045.18,4043.82,4044.28,212
1784828580,4044.32,4045.37,4044.32,4044.6,237
1784828640,4044.52,4044.55,4042.83,4042.87,185
1784828700,4042.85,4044.28,4042.23,4043.78,235
1784828760,4043.75,4044.1,4043.12,4043.7,222
1784828820,4043.71,4044.27,4043.52,4043.62,193
1784828880,4043.61,4043.89,4042.74,4043.62,204
1784828940,4043.57,4044.2,4043.4,4044.14,175
1784829000,4044.14,4044.27,4043.19,4044.04,172
1784829060,4044.01,4044.04,4043.34,4043.71,212
1784829120,4043.68,4043.74,4042.68,4042.88,207
1784829180,4042.71,4043.23,4042.01,4042.9,189
1784829240,4042.91,4043.68,4042.49,4043.09,188
1784829300,4043.07,4043.58,4043,4043.38,178
1784829360,4043.49,4043.49,4042.37,4042.52,177
1784829420,4042.53,4043.3,4042.05,4042.35,229
1784829480,4042.36,4043.03,4042.36,4042.81,164
1784829540,4042.58,4042.73,4041.64,4041.86,181
1784829600,4041.83,4043.1,4040.81,4043.1,240
1784829660,4043.06,4043.11,4041.73,4042.41,218
1784829720,4042.25,4042.91,4041.97,4042.76,236
1784829780,4042.81,4043.36,4042.66,4043.1,221
1784829840,4043.11,4043.24,4041.65,4041.79,200
1784829900,4041.74,4042.49,4040.78,4041.96,197
1784829960,4041.83,4043.91,4041.74,4043.51,219
1784830020,4043.48,4043.48,4042.72,4043.1,170
1784830080,4042.88,4044.2,4042.84,4043.89,216
1784830140,4043.86,4044.22,4043.23,4043.37,202
1784830200,4043.4,4043.9,4042.71,4043.16,226
1784830260,4043.18,4044.11,4042.31,4043.2,244
1784830320,4043.11,4043.72,4042.94,4043.67,213
1784830380,4043.58,4043.6,4042.34,4042.81,203
1784830440,4042.41,4043.3,4041.49,4041.88,227
1784830500,4041.87,4042.13,4040.92,4042.1,236
1784830560,4042.06,4043.24,4041.95,4043.12,242
1784830620,4043.18,4043.87,4042.6,4043.05,227
1784830680,4042.95,4044.62,4042.62,4044.06,230
1784830740,4044,4044.13,4042.84,4043.05,186
1784830800,4043.01,4043.57,4042.65,4042.96,217
1784830860,4042.93,4043.2,4041.51,4041.51,247
1784830920,4041.47,4041.82,4040.86,4041.05,188
1784830980,4040.93,4041.92,4040.82,4041.72,195
1784831040,4041.72,4042.58,4041.66,4041.98,189
1784831100,4041.87,4042.31,4041.23,4041.99,217
1784831160,4042.06,4043.61,4042.06,4043.16,258
1784831220,4043.19,4045.09,4043.06,4043.69,242
1784831280,4043.9,4045.18,4043.71,4045.13,219
1784831340,4045.05,4045.14,4044.5,4044.54,229
1784831400,4044.89,4047.19,4044.88,4047.12,205
1784831460,4046.85,4048.04,4046.59,4046.59,254
1784831520,4046.58,4046.7,4045.6,4045.72,178
1784831580,4045.46,4046.29,4045.46,4045.85,182
1784831640,4045.86,4046.13,4045.01,4045.47,145
1784831700,4045.5,4045.64,4044.51,4045.63,209
1784831760,4045.64,4046.61,4045.64,4046.53,180
1784831820,4046.39,4046.89,4045.31,4045.96,165
1784831880,4045.89,4046.16,4045.36,4045.42,158
1784831940,4045.34,4045.76,4044.61,4045.4,172
1784832000,4045.38,4045.59,4045.01,4045.5,140
1784832060,4045.52,4045.96,4045.14,4045.93,155
1784832120,4045.82,4046.15,4045.69,4045.89,156
1784832180,4046,4046.77,4045.82,4046.18,144
1784832240,4046.22,4046.61,4045.15,4046.52,141
1784832300,4046.53,4047.27,4046.47,4046.79,185
1784832360,4046.83,4047.28,4046.71,4047.14,139
1784832420,4047.14,4048.19,4047.08,4048.05,141
1784832480,4048.17,4048.4,4047.68,4047.85,135
1784832540,4047.82,4048.06,4047.07,4047.37,158
1784832600,4047.35,4047.47,4046.51,4046.85,162
1784832660,4046.79,4047.04,4046.36,4046.9,155
1784832720,4046.84,4047.17,4046.76,4047.03,151
1784832780,4047,4047.04,4046.27,4046.34,179
1784832840,4046.25,4046.64,4045.9,4046.24,193
1784832900,4046.2,4046.94,4046.04,4046.89,169
1784832960,4046.9,4047.04,4046.42,4046.67,190
1784833020,4046.62,4046.63,4045.52,4045.6,177
1784833080,4045.61,4045.85,4044.69,4045.41,198
1784833140,4045.28,4046.39,4045.27,4046.17,210
1784833200,4046.42,4048.54,4046.42,4047.76,242
1784833260,4047.7,4048.21,4047.64,4048,161
1784833320,4047.67,4047.95,4046.97,4047.75,167
1784833380,4047.76,4047.76,4046.62,4046.62,115
1784833440,4046.57,4046.63,4045.14,4045.21,198
1784833500,4045.31,4045.91,4045.17,4045.86,198
1784833560,4045.85,4046.33,4045.74,4046.06,166
1784833620,4046.01,4046.12,4045.63,4045.86,112
1784833680,4045.85,4046.02,4045.06,4045.53,173
1784833740,4045.55,4045.61,4043.66,4043.66,174
1784833800,4043.6,4043.92,4043.04,4043.77,170
1784833860,4043.77,4044.42,4043.75,4044.41,156
1784833920,4044.36,4044.49,4043.31,4043.59,131
1784833980,4043.6,4043.66,4043.07,4043.33,166
1784834040,4043.3,4043.58,4043.07,4043.32,123
1784834100,4043.34,4045.04,4043.15,4044.71,196
1784834160,4044.76,4045.87,4044.71,4045.11,173
1784834220,4045.12,4045.46,4044.82,4045.3,166
1784834280,4045.29,4045.41,4044.72,4045,121
1784834340,4045.06,4045.48,4045,4045.1,139
1784834400,4045.27,4046.15,4045.05,4046.04,155
1784834460,4046.08,4047.07,4046.08,4046.95,154
1784834520,4047,4047.43,4046.33,4046.59,180
1784834580,4046.63,4047.35,4046.26,4047.11,148
1784834640,4047.16,4048.4,4047.16,4048.04,149
1784834700,4048,4049.12,4048,4048.06,180
1784834760,4047.97,4048.22,4047.3,4047.39,142
1784834820,4047.34,4048.33,4047.23,4048.16,129
1784834880,4048.28,4048.69,4047.05,4047.14,188
1784834940,4047.31,4048.36,4047.11,4048.21,147
1784835000,4048.34,4050.89,4048.11,4049.79,245
1784835060,4049.67,4049.67,4047.55,4047.55,238
1784835120,4047.54,4047.84,4047.07,4047.71,191
1784835180,4047.69,4047.77,4045.8,4046.56,170
1784835240,4046.66,4047.58,4046.66,4047.4,171
1784835300,4047.12,4047.94,4046.97,4046.98,195
1784835360,4046.96,4047.65,4046.89,4047.49,160
1784835420,4047.57,4048.02,4047.44,4047.53,182
1784835480,4047.38,4047.73,4047.2,4047.2,177
1784835540,4047.26,4048.31,4047.25,4047.97,150
1784835600,4047.92,4048.05,4047.04,4047.29,185
1784835660,4047.41,4048.32,4047.32,4047.8,159
1784835720,4047.73,4047.84,4046.94,4047,183
1784835780,4047.01,4047.25,4046.57,4046.65,172
1784835840,4046.64,4046.67,4045.87,4045.87,165
1784835900,4045.92,4046.19,4045.53,4045.91,181
1784835960,4045.98,4046.1,4045.19,4045.37,165
1784836020,4045.5,4046.74,4044.96,4046.73,200
1784836080,4046.72,4046.87,4045.55,4045.59,154
1784836140,4045.55,4046.28,4045.48,4046.06,168
1784836200,4046.3,4047.77,4046.3,4047.19,252
1784836260,4047.2,4049.92,4047.2,4049.87,218
1784836320,4049.88,4050.17,4048.96,4050.15,232
1784836380,4050.19,4050.25,4049.28,4049.41,209
1784836440,4049.51,4050.46,4049.51,4050.43,231
1784836500,4050.72,4050.8,4049.91,4050.05,229
1784836560,4050.01,4050.45,4049.64,4050.16,163
1784836620,4050.2,4050.62,4049.86,4050.59,212
1784836680,4050.5,4051.1,4049.92,4050.45,259
1784836740,4050.5,4050.65,4049.7,4049.84,259
1784836800,4050.1,4051.16,4049.81,4050.37,269
1784836860,4050.32,4050.32,4049.21,4049.3,200
1784836920,4049.31,4050.23,4049.31,4049.64,186
1784836980,4049.65,4050.1,4049.28,4049.31,157
1784837040,4049.32,4049.36,4048.89,4049.04,146
1784837100,4049.08,4049.35,4048.5,4048.5,135
1784837160,4048.49,4049.14,4048.36,4049.06,151
1784837220,4049.1,4049.16,4048.51,4049.16,93
1784837280,4049.17,4049.61,4049.01,4049.52,83
1784837340,4049.56,4050.03,4048.35,4048.75,155
1784837400,4048.78,4049.2,4048.78,4048.87,92
1784837460,4048.91,4049.41,4048.91,4049.34,84
1784837520,4049.35,4049.64,4048.8,4048.81,96
1784837580,4048.8,4050.03,4048.55,4049.79,165
1784837640,4049.79,4049.96,4049.53,4049.56,116
1784837700,4049.58,4049.66,4048.96,4049.08,93
1784837760,4049.05,4049.59,4048.53,4048.61,120
1784837820,4048.6,4048.91,4048.48,4048.86,93
1784837880,4048.73,4048.73,4048.44,4048.46,56
1784837940,4048.32,4048.89,4048.11,4048.68,114
1784838000,4048.81,4048.95,4047.92,4047.92,129
1784838060,4047.91,4048.54,4047.41,4048.33,106
1784838120,4048.29,4049.12,4048.29,4049.05,123
1784838180,4049.05,4049.05,4048.7,4048.93,65
1784838240,4048.72,4049.14,4048.68,4049.04,106
1784838300,4049.05,4049.42,4049.05,4049.29,78
1784838360,4049.23,4049.3,4048.96,4049.17,99
1784838420,4049.24,4050.15,4049.24,4050.15,96
1784838480,4050.21,4050.51,4050.05,4050.29,124
1784838540,4050.1,4050.63,4049.87,4050.22,110
1784838600,4050.28,4050.49,4049.24,4049.24,120
1784838660,4049.25,4049.91,4049.19,4049.89,88
1784838720,4049.86,4050.26,4049.84,4049.94,106
1784838780,4049.95,4050.06,4049.35,4049.35,115
1784838840,4049.46,4050.06,4049.46,4050.06,96
1784838900,4050.15,4050.24,4049.98,4050.12,48
1784838960,4050.21,4050.22,4050.08,4050.21,70
1784839020,4050.15,4050.4,4050.08,4050.28,62
1784839080,4050.25,4050.69,4050.14,4050.43,133
1784839140,4050.41,4050.54,4050.1,4050.27,102
1784839200,4050.09,4050.09,4049.46,4049.78,100
1784839260,4049.77,4049.77,4049.28,4049.42,66
1784839320,4049.47,4049.47,4048.78,4049.09,54
1784839380,4048.94,4049.41,4048.94,4049.41,82
1784839440,4049.37,4049.91,4049.37,4049.83,46
1784839500,4049.73,4049.85,4049.03,4049.03,56
1784839560,4048.98,4049.26,4048.82,4049.1,76
1784839620,4049.2,4049.35,4049.04,4049.19,50
1784839680,4049.21,4049.91,4049.09,4049.59,66
1784839740,4049.54,4049.76,4049.51,4049.6,66
1784839800,4049.71,4049.71,4048.98,4048.99,80
1784839860,4048.96,4049.33,4048.76,4048.85,66
1784839920,4048.84,4048.93,4047.4,4047.53,108
1784839980,4047.52,4047.79,4047.38,4047.69,82
1784840040,4047.79,4048.41,4047.78,4048.13,98
1784840100,4048.17,4049.49,4048.17,4049.38,120
1784840160,4049.28,4049.3,4048.65,4048.77,42
1784840220,4048.78,4049.22,4048.72,4048.96,72
1784840280,4048.91,4049.47,4048.91,4049.29,94
1784844120,4049.59,4049.68,4049.42,4049.57,108
1784844180,4049.53,4049.64,4048.95,4049.05,117
1784844240,4049.05,4049.56,4048.61,4048.97,114
1784844300,4048.96,4049.35,4048.96,4049.11,74
1784844360,4049.08,4049.65,4048.78,4049.15,101
1784844420,4049.49,4050.02,4049.25,4050.02,110
1784844480,4049.98,4050.33,4049.28,4049.35,114
1784844540,4049.33,4049.41,4048.61,4049.05,93
1784844600,4049.02,4049.37,4049.02,4049.32,57
1784844660,4049.32,4049.45,4049.09,4049.36,59
1784844720,4049.32,4049.51,4049.31,4049.41,54
1784844780,4049.36,4049.4,4049.08,4049.09,62
1784844840,4049.12,4049.36,4048.87,4048.96,72
1784844900,4049.27,4049.64,4049.26,4049.62,60
1784844960,4049.58,4049.77,4049.25,4049.67,92
1784845020,4049.68,4049.69,4049.32,4049.44,64
1784845080,4049.46,4049.73,4049.46,4049.71,27
1784845140,4049.88,4049.88,4049.53,4049.68,85
1784845200,4049.72,4049.72,4049.48,4049.55,53
1784845260,4049.75,4050.11,4049.74,4049.99,47
1784845320,4049.98,4050.08,4049.57,4049.85,73
1784845380,4049.86,4050.07,4049.84,4049.91,100
1784845440,4050.14,4050.28,4050.06,4050.09,108
1784845500,4050.1,4050.12,4049.9,4049.92,88
1784845560,4049.93,4049.99,4049.5,4049.57,95
1784845620,4049.57,4049.89,4049.46,4049.6,89
1784845680,4049.59,4049.6,4049.35,4049.45,69
1784845740,4049.49,4050.04,4049.4,4049.94,59
1784845800,4049.96,4050.08,4049.75,4049.88,62
1784845860,4049.87,4050.2,4049.84,4050.15,55
1784845920,4050.09,4050.5,4049.99,4050.33,94
1784845980,4050.34,4050.34,4049.97,4050.03,69
1784846040,4050.03,4050.35,4049.96,4050.24,83
1784846100,4050.23,4050.31,4050.04,4050.05,97
1784846160,4050.1,4050.18,4049.92,4050.09,72
1784846220,4050.08,4050.09,4049.7,4049.87,71
1784846280,4049.94,4050.35,4049.87,4050.27,58
1784846340,4050.25,4050.25,4049.8,4049.8,82
1784846400,4049.79,4050.01,4049.53,4049.53,56
1784846460,4049.64,4050.04,4049.55,4049.95,75
1784846520,4049.93,4050.29,4049.28,4049.65,112
1784846580,4049.96,4049.96,4048.82,4048.82,86
1784846640,4048.89,4049.41,4048.81,4049.4,60
1784846700,4049.43,4049.58,4049.41,4049.56,43
1784846760,4049.73,4049.94,4049.67,4049.91,109
1784846820,4049.91,4049.91,4049.44,4049.62,56
1784846880,4049.5,4049.76,4048.95,4049.64,66
1784846940,4049.62,4049.67,4048.52,4048.71,59
1784847000,4048.65,4050.44,4048.63,4049.94,128
1784847060,4049.88,4049.98,4049.49,4049.82,66
1784847120,4049.75,4050.04,4049.74,4050.02,47
1784847180,4050.03,4050.08,4050.01,4050.01,8
1784847240,4050.06,4050.1,4049.91,4049.91,32
1784847300,4050,4050.2,4049.92,4050.09,32
1784847360,4050.07,4050.17,4049.86,4050.1,24
1784847420,4050.16,4050.18,4048.58,4049.07,87
1784847480,4049.2,4049.61,4049.2,4049.51,49
1784847540,4049.5,4049.65,4049.4,4049.65,37
1784847600,4049.66,4049.7,4049.52,4049.59,53
1784847660,4049.63,4049.9,4049.56,4049.66,52
1784847720,4049.73,4049.85,4049.33,4049.4,52
1784847780,4049.43,4049.43,4048.84,4049.16,78
1784847840,4049.3,4049.3,4048.71,4048.84,52
1784847900,4048.89,4049.17,4048.89,4049.12,66
1784847960,4049.1,4049.11,4048.82,4048.82,36
1784848020,4048.5,4048.58,4048.07,4048.07,73
1784848080,4047.91,4048.24,4047.75,4048.08,104
1784848140,4048.01,4048.53,4048.01,4048.37,85
1784848200,4048.42,4048.54,4047.75,4048.14,73
1784848260,4048.15,4048.15,4047.51,4047.71,72
1784848320,4047.73,4047.78,4047.54,4047.7,69
1784848380,4047.7,4047.9,4047.52,4047.9,36
1784848440,4048,4048.65,4047.47,4048.45,96
1784848500,4048.49,4049.26,4048.49,4048.7,90
1784848560,4048.73,4048.98,4048.65,4048.78,61
1784848620,4048.77,4048.83,4048.07,4048.5,86
1784848680,4048.44,4048.64,4048.07,4048.16,82
1784848740,4048.18,4048.19,4047.27,4047.32,105
1784848800,4047.34,4048.35,4047.25,4048.22,100
1784848860,4048.38,4049.1,4048.38,4049.02,80
1784848920,4049,4049.07,4048.68,4049.06,61
1784848980,4049.04,4049.06,4048.59,4048.64,35
1784849040,4048.63,4049.27,4048.63,4049.26,34
1784849100,4049.52,4050,4049.26,4049.75,64
1784849160,4049.73,4049.73,4049.14,4049.19,70
1784849220,4049.2,4049.21,4048.91,4049.05,69
1784849280,4049.11,4049.7,4049.09,4049.18,69
1784849340,4049.32,4049.41,4048.9,4049.24,81
1784849400,4049.19,4049.91,4049.19,4049.52,88
1784849460,4049.47,4049.64,4049.36,4049.62,60
1784849520,4049.72,4050.33,4049.59,4049.71,99
1784849580,4049.76,4050.35,4049.74,4050.35,72
1784849640,4050.31,4050.6,4049.91,4050.53,144
1784849700,4050.4,4050.41,4049.12,4049.22,88
1784849760,4049.3,4049.34,4048.73,4048.76,76
1784849820,4048.9,4049.53,4048.78,4049.41,86
1784849880,4049.41,4050.21,4048.91,4049.59,94
1784849940,4049.64,4049.64,4048.39,4048.4,68
1784850000,4048.4,4048.49,4047.15,4047.52,163
1784850060,4047.75,4048.46,4047.6,4048.17,108
1784850120,4048.18,4048.21,4047.44,4047.96,109
1784850180,4047.92,4048.05,4047.67,4047.82,73
1784850240,4047.94,4048.65,4047.73,4048.27,92
1784850300,4048.28,4048.75,4047.25,4047.54,235
1784850360,4047.55,4047.97,4047.13,4047.29,102
1784850420,4047.2,4048.04,4047.19,4047.86,118
1784850480,4047.89,4049.74,4047.74,4049.67,147
1784850540,4049.4,4049.54,4048.54,4048.55,106
1784850600,4048.53,4048.95,4048.05,4048.19,101
1784850660,4048.22,4048.32,4048.08,4048.16,49
1784850720,4048.22,4049.1,4048.15,4048.8,92
1784850780,4049.18,4049.61,4048.33,4048.48,127
1784850840,4048.51,4048.51,4047.29,4047.65,108
1784850900,4047.66,4048.13,4047.29,4047.77,115
1784850960,4047.81,4048.09,4047.51,4047.8,102
1784851020,4048.12,4048.42,4047.76,4048.03,83
1784851080,4048.03,4048.24,4047.85,4047.95,86
1784851140,4047.92,4047.92,4046.69,4047.06,97
1784851200,4047.18,4049.45,4046.93,4048.27,238
1784851260,4048.44,4049.39,4048.18,4049.21,208
1784851320,4049.19,4049.96,4048.21,4049,226
1784851380,4048.76,4049.57,4048.46,4048.9,194
1784851440,4048.89,4048.89,4047.15,4047.2,207
1784851500,4047.22,4047.47,4046.02,4046.97,212
1784851560,4046.84,4047.02,4045.77,4046.15,244
1784851620,4046.11,4046.11,4045,4045.87,204
1784851680,4045.81,4045.97,4044.99,4045.44,188
1784851740,4046.07,4046.59,4044.97,4045.6,182
1784851800,4045.87,4046.56,4043.91,4044.33,222
1784851860,4044.38,4044.59,4043.58,4043.72,187
1784851920,4043.75,4044.36,4043.19,4044.03,207
1784851980,4044.1,4044.33,4043.37,4043.67,196
1784852040,4043.68,4043.68,4041.31,4041.61,236
1784852100,4041.62,4042.29,4041.23,4041.67,245
1784852160,4041.55,4043.91,4041.51,4043.89,224
1784852220,4044.04,4044.11,4042.61,4043.24,208
1784852280,4043.25,4045.07,4043.14,4044.68,205
1784852340,4044.77,4044.98,4043.09,4043.21,200
1784852400,4043.23,4044.26,4042.95,4044.26,150
1784852460,4044.22,4045.99,4043.39,4045.17,246
1784852520,4045.21,4046.19,4044.9,4046.12,221
1784852580,4046.13,4048.06,4045.84,4047.02,234
1784852640,4047.1,4047.2,4046.06,4046.17,179
1784852700,4046.26,4046.86,4045.65,4045.67,201
1784852760,4045.7,4045.73,4045.06,4045.29,180
1784852820,4045.38,4045.86,4044.08,4045.03,214
1784852880,4045.12,4045.68,4044.61,4044.79,212
1784852940,4044.8,4046.71,4044.77,4046.65,216
1784853000,4046.73,4047.31,4046.27,4046.38,219
1784853060,4046.39,4046.94,4045.97,4046.64,172
1784853120,4046.62,4046.62,4045.82,4046.5,168
1784853180,4046.55,4047.26,4046.39,4047.12,154
1784853240,4047.06,4047.18,4044.92,4046.15,191
1784853300,4046.14,4046.52,4045.35,4045.72,186
1784853360,4045.75,4048.34,4045.74,4048.17,207
1784853420,4048.23,4049.69,4047.87,4049.26,191
1784853480,4049.16,4049.67,4048.87,4049.4,201
1784853540,4049.35,4050.03,4048.51,4048.57,218
1784853600,4048.59,4049.05,4048.13,4048.47,182
1784853660,4048.55,4049.01,4047.67,4047.94,191
1784853720,4047.93,4049.47,4047.8,4049.41,145
1784853780,4049.4,4050.17,4049.23,4049.64,191
1784853840,4049.57,4050.14,4048.97,4049.32,178
1784853900,4049.3,4049.75,4048.97,4049.6,180
1784853960,4049.56,4049.99,4048.96,4049.63,191
1784854020,4049.66,4050.38,4049.49,4050.09,170
1784854080,4050.1,4050.1,4049.65,4049.83,170
1784854140,4049.79,4049.79,4048.91,4048.91,124
1784854200,4048.93,4049.65,4048.68,4049.65,140
1784854260,4049.66,4050.04,4048.9,4048.9,167
1784854320,4048.83,4049.21,4048.57,4049.1,185
1784854380,4049.14,4049.32,4048.71,4048.75,128
1784854440,4048.72,4049.2,4048.39,4048.97,179
1784854500,4049.07,4049.72,4048.77,4049.54,179
1784854560,4049.53,4049.84,4049.04,4049.71,146
1784854620,4049.51,4050.18,4049.44,4050.11,175
1784854680,4050.11,4050.61,4049.31,4049.61,194
1784854740,4049.63,4050.61,4049.44,4049.86,260
1784854800,4049.92,4050.16,4046.56,4047.48,300
1784854860,4047.51,4047.98,4042.94,4045,302
1784854920,4044.91,4044.91,4041.29,4042.72,276
1784854980,4042.63,4043.22,4041.67,4041.93,300
1784855040,4041.94,4044.39,4040.36,4043.97,295
1784855100,4044.01,4044.84,4043.35,4043.7,245
1784855160,4043.71,4044.44,4041.89,4042.79,241
1784855220,4042.85,4043.71,4042.13,4042.83,224
1784855280,4042.84,4044,4042,4043.65,241
1784855340,4043.67,4044.13,4042.56,4043.07,221
1784855400,4043.12,4044.7,4042.29,4042.3,257
1784855460,4042.26,4043.36,4041.44,4041.44,196
1784855520,4041.41,4041.96,4040.56,4041.96,266
1784855580,4041.97,4041.97,4041.21,4041.7,220
1784855640,4041.67,4042.64,4041.49,4042.47,226
1784855700,4042.51,4043.49,4041.54,4043.02,214
1784855760,4043.1,4045.93,4042.82,4043.88,267
1784855820,4043.62,4044.36,4043.38,4043.4,208
1784855880,4043.35,4044.45,4042.77,4044.35,207
1784855940,4044.34,4045.22,4044.33,4044.81,228
1784856000,4044.71,4044.71,4042.89,4043.86,237
1784856060,4043.86,4044.05,4042.2,4042.3,236
1784856120,4042.27,4043.76,4042.18,4042.66,242
1784856180,4042.63,4044.11,4042.24,4043.92,208
1784856240,4043.94,4045.38,4043.47,4045.07,253
1784856300,4045.08,4045.61,4044.68,4045.32,254
1784856360,4045.35,4045.84,4043.73,4043.73,254
1784856420,4043.81,4045.82,4043.73,4045.43,207
1784856480,4045.37,4045.37,4044,4044,160
1784856540,4044.25,4044.31,4042.86,4042.86,202
1784856600,4042.82,4043.24,4041.73,4042.23,241
1784856660,4042.12,4043.78,4041.73,4042.03,263
1784856720,4042.02,4042.91,4041.94,4042.41,244
1784856780,4042.47,4045.17,4042.13,4044.73,232
1784856840,4044.7,4044.84,4043.75,4043.87,246
1784856900,4043.88,4044.1,4042.12,4042.57,208
1784856960,4042.53,4043.59,4042.39,4043.52,192
1784857020,4043.53,4044.41,4042.76,4043.64,210
1784857080,4043.6,4045.08,4043.24,4044.65,212
1784857140,4044.63,4044.89,4043.31,4043.56,206
1784857200,4043.59,4045.13,4043.5,4044.91,207
1784857260,4045.01,4046.14,4044.7,4045.91,242
1784857320,4045.83,4047.97,4045.66,4047.17,234
1784857380,4047.06,4047.78,4046.84,4047.77,218
1784857440,4047.81,4050.46,4047.67,4049.94,257
1784857500,4049.95,4049.95,4048.87,4049.38,262
1784857560,4049.35,4050.12,4049.14,4049.28,269
1784857620,4049.27,4049.27,4048.13,4048.36,255
1784857680,4048.55,4048.62,4048.08,4048.52,215
1784857740,4048.54,4049.02,4047.91,4047.93,225
1784857800,4047.87,4047.91,4045.93,4046.24,236
1784857860,4046.26,4046.64,4045.69,4046.3,187
1784857920,4046.27,4047.42,4045.07,4047.2,207
1784857980,4047.14,4047.58,4045.54,4045.98,220
1784858040,4045.91,4046.72,4045.57,4046.03,208
1784858100,4046.05,4046.38,4044.57,4044.96,207
1784858160,4045.01,4045.25,4044.44,4044.55,205
1784858220,4044.6,4044.6,4042.58,4043.62,236
1784858280,4043.33,4043.37,4041.43,4042.47,172
1784858340,4042.42,4043.77,4042.42,4043.63,213
1784858400,4043.72,4044.62,4043.36,4044.13,240
1784858460,4044.08,4045.23,4043.31,4045.2,198
1784858520,4045.15,4045.2,4044.21,4044.97,167
1784858580,4044.96,4045.16,4044.19,4044.87,183
1784858640,4044.81,4045.1,4042.36,4042.57,199
1784858700,4042.54,4043.25,4041.04,4042.72,228
1784858760,4042.63,4043.6,4042.06,4043.05,184
1784858820,4043.07,4044.22,4042.92,4044.08,194
1784858880,4044.06,4044.13,4043.09,4043.42,181
1784858940,4043.38,4044.88,4043.07,4044.88,156
1784859000,4045.02,4045.47,4043.97,4044.56,217
1784859060,4044.51,4045.21,4043.97,4044.91,208
1784859120,4045.04,4045.33,4044.77,4044.96,160
1784859180,4044.95,4045.85,4044.84,4045.41,179
1784859240,4045.43,4046,4045.12,4045.82,189
1784859300,4045.78,4045.91,4044.74,4045.58,167
1784859360,4045.55,4045.84,4045.2,4045.2,120
1784859420,4045.27,4046.13,4044.9,4045.37,158
1784859480,4045.43,4045.5,4044.9,4045.28,121
1784859540,4045.3,4045.73,4045,4045,105
1784859600,4045.04,4045.53,4044.45,4045.42,139
1784859660,4045.52,4045.63,4043.99,4044.11,166
1784859720,4044.15,4044.33,4042.8,4042.8,156
1784859780,4042.78,4045.45,4042.7,4045.08,175
1784859840,4045.15,4046.36,4044.86,4046.36,156
1784859900,4046.33,4046.61,4046.07,4046.22,132
1784859960,4046.12,4046.39,4045.82,4046.39,121
1784860020,4046.58,4047.91,4046.35,4047.91,159
1784860080,4047.88,4048.19,4046.71,4046.75,197
1784860140,4046.71,4046.72,4046.22,4046.5,166
1784860200,4046.58,4047.48,4045.08,4046.73,258
1784860260,4046.68,4048.12,4046.05,4047.52,234
1784860320,4047.75,4047.76,4046.13,4046.88,234
1784860380,4046.8,4046.89,4044.28,4044.6,219
1784860440,4044.67,4044.67,4043.71,4044.16,198
1784860500,4044.27,4044.67,4043.7,4044.32,181
1784860560,4044.33,4044.56,4042.95,4043.2,190
1784860620,4043.27,4043.7,4042.27,4042.98,246
1784860680,4042.95,4043.05,4042.34,4042.34,162
1784860740,4042.29,4042.51,4041.4,4042.45,245
1784860800,4042.58,4043.85,4042.53,4043.23,192
1784860860,4043.15,4043.66,4041.93,4042.6,203
1784860920,4042.5,4043.2,4041.41,4041.82,198
1784860980,4041.51,4042.18,4041.51,4041.95,204
1784861040,4041.96,4042.15,4041.54,4041.68,147
1784861100,4041.67,4041.81,4040.39,4040.59,224
1784861160,4040.58,4041.79,4040.53,4041.11,229
1784861220,4040.85,4041.36,4035.65,4035.65,220
1784861280,4035.33,4037.29,4028.49,4030.43,316
1784861340,4030.34,4031.6,4026.48,4026.48,312
1784861400,4026.73,4030.48,4025.89,4029.31,306
1784861460,4029.21,4030.3,4027.95,4029.08,301
1784861520,4029.22,4029.26,4026.98,4028.64,263
1784861580,4028.75,4030.24,4028.01,4028.86,287
1784861640,4028.81,4029.12,4025.63,4025.9,274
1784861700,4025.56,4026.64,4024.27,4024.28,278
1784861760,4024.25,4027.3,4024.25,4026.28,265
1784861820,4026.37,4027.47,4025.86,4026.19,240
1784861880,4026.18,4026.58,4023.41,4024.36,261
1784861940,4024.52,4025.01,4023.19,4024.66,268
1784862000,4024.85,4025.59,4023.24,4025.53,240
1784862060,4025.51,4025.94,4023.55,4024.06,269
1784862120,4023.92,4025.03,4023.59,4024.53,249
1784862180,4024.45,4026.04,4023.26,4025.74,256
1784862240,4025.62,4027.41,4025.62,4026.75,234
1784862300,4026.75,4028.03,4026.58,4027.86,218
1784862360,4027.81,4028.7,4027.04,4027.54,215
1784862420,4027.66,4028.31,4026.93,4028,245
1784862480,4027.73,4028.88,4027.47,4028.55,233
1784862540,4028.54,4028.54,4026.57,4026.93,225
1784862600,4026.96,4027.83,4026.34,4026.85,237
1784862660,4026.86,4028.43,4026.14,4028.43,211
1784862720,4028.54,4030.39,4028.54,4030.31,231
1784862780,4030.69,4032.33,4030.62,4031.17,223
1784862840,4031.2,4032.21,4031.16,4031.92,212
1784862900,4031.9,4033.72,4031.63,4032.36,255
1784862960,4032.47,4032.86,4031.76,4032.26,208
1784863020,4032.36,4032.72,4031.75,4032.02,211
1784863080,4032.04,4032.46,4031.55,4031.56,212
1784863140,4031.47,4032.07,4029.09,4029.13,237
1784863200,4029.27,4029.49,4028.21,4029.3,237
1784863260,4029.34,4031.44,4029.12,4031.34,249
1784863320,4031.35,4031.83,4030.05,4030.2,222
1784863380,4030.19,4030.27,4029.65,4029.95,207
1784863440,4029.99,4031.11,4029.88,4030.36,201
1784863500,4030.34,4031.22,4029.67,4030.23,223
1784863560,4030.25,4030.27,4028.56,4029.85,211
1784863620,4029.92,4030.86,4029.74,4030.69,202
1784863680,4030.69,4030.76,4029.48,4029.49,185
1784863740,4029.84,4030.32,4029.27,4030.3,202
1784863800,4030.28,4033.11,4030.28,4032.92,216
1784863860,4033.05,4033.05,4031.93,4032.54,184
1784863920,4032.5,4032.5,4031.02,4031.35,181
1784863980,4031.44,4031.92,4031.02,4031.17,144
1784864040,4031.18,4032.36,4030.87,4032.09,208
1784864100,4032.14,4032.72,4031.89,4032.65,190
1784864160,4032.66,4032.66,4031.23,4031.57,148
1784864220,4031.65,4032.05,4031.03,4031.73,165
1784864280,4031.62,4032.29,4031.02,4032.24,201
1784864340,4032.2,4032.97,4031.36,4031.49,165
1784864400,4031.52,4032.86,4031.45,4032.77,201
1784864460,4032.8,4032.8,4032.16,4032.22,168
1784864520,4032.29,4032.67,4032,4032.44,150
1784864580,4032.41,4032.5,4030.88,4031.13,164
1784864640,4031.16,4032.05,4031.07,4031.69,134
1784864700,4031.66,4031.66,4029.94,4030.2,181
1784864760,4030.22,4031.05,4030.17,4030.84,188
1784864820,4030.87,4031.33,4030.57,4031.03,143
1784864880,4031.07,4031.67,4030.85,4031.63,120
1784864940,4031.68,4032.12,4031.57,4031.64,86
1784865000,4031.61,4031.64,4030.35,4030.35,168
1784865060,4030.4,4032.16,4030.31,4031.56,144
1784865120,4031.66,4031.93,4031.09,4031.09,162
1784865180,4031.1,4031.24,4030.4,4030.75,122
1784865240,4030.73,4030.97,4029.86,4029.88,109
1784865300,4029.81,4029.81,4028.62,4028.98,160
1784865360,4028.98,4029.16,4028.57,4028.84,132
1784865420,4028.83,4029.05,4028.58,4028.96,132
1784865480,4028.98,4029.14,4028.41,4029.14,104
1784865540,4029.14,4029.79,4029.14,4029.28,159
1784865600,4029.19,4029.65,4028.25,4028.9,160
1784865660,4028.25,4028.95,4027.87,4028.23,138
1784865720,4028.17,4029.43,4028.13,4029.09,143
1784865780,4029,4029.62,4028.88,4029.52,98
1784865840,4029.34,4029.54,4028.64,4029.39,168
1784865900,4029.56,4030.33,4029.16,4029.2,198
1784865960,4029.22,4030.11,4029.01,4029.12,129
1784866020,4029.09,4029.41,4028.73,4029.4,168
1784866080,4029.4,4029.4,4028.22,4028.41,166
1784866140,4028.55,4029.53,4028.52,4029.32,125
1784866200,4029.33,4029.33,4028.14,4028.28,108
1784866260,4028.29,4028.29,4027.52,4027.52,158
1784866320,4027.45,4028.85,4027.16,4028.58,144
1784866380,4028.63,4029.08,4028.31,4028.44,117
1784866440,4028.45,4028.82,4028.18,4028.19,152
1784866500,4028.24,4028.91,4028.18,4028.7,116
1784866560,4028.71,4028.89,4028.43,4028.68,98
1784866620,4028.25,4028.46,4027.77,4028.43,132
1784866680,4028.43,4028.48,4027.71,4027.97,131
1784866740,4027.94,4028.7,4027.93,4028.63,130
1784866800,4028.57,4028.99,4027.96,4028.52,136
1784866860,4028.21,4029.06,4028.21,4029.04,91
1784866920,4029.05,4029.55,4028.6,4029.52,176
1784866980,4029.56,4029.79,4029.25,4029.78,114
1784867040,4029.77,4030.14,4029.28,4029.45,135
1784867100,4029.59,4029.9,4029.38,4029.81,128
1784867160,4029.85,4030.43,4029.55,4030.03,99
1784867220,4029.93,4030.26,4029.52,4029.64,150
1784867280,4029.63,4030.27,4029.43,4029.48,141
1784867340,4029.45,4030.01,4029.45,4029.86,107
1784867400,4030.27,4030.27,4029.75,4030.14,134
1784867460,4030.22,4030.36,4029.99,4030.25,104
1784867520,4030.24,4030.24,4029.44,4029.45,134
1784867580,4029.43,4029.56,4029.18,4029.18,91
1784867640,4029.25,4029.29,4028.72,4029.04,83
1784867700,4029.03,4029.79,4028.63,4028.63,123
1784867760,4028.45,4028.79,4027.53,4027.63,114
1784867820,4027.63,4028.05,4027.27,4027.76,130
1784867880,4027.77,4027.8,4027.17,4027.57,104
1784867940,4027.54,4027.77,4027.1,4027.2,94
1784868000,4027.52,4027.62,4026.36,4026.8,144
1784868060,4026.58,4026.94,4026.4,4026.73,102
1784868120,4026.82,4026.9,4026.2,4026.9,129
1784868180,4026.91,4027.1,4026.52,4026.52,122
1784868240,4026.47,4027.19,4026.01,4026.96,126
1784868300,4026.92,4026.95,4026.6,4026.95,107
1784868360,4027.11,4027.11,4025.68,4026.11,109
1784868420,4026.17,4026.43,4025.81,4026.13,100
1784868480,4026.08,4027.29,4026.08,4027.26,116
1784868540,4027.23,4027.25,4026.74,4026.97,111
1784868600,4026.98,4027.36,4026.4,4026.43,130
1784868660,4026.44,4026.5,4026.03,4026.34,100
1784868720,4026.49,4026.81,4026.36,4026.81,131
1784868780,4026.87,4027.16,4026.79,4027.12,103
1784868840,4027.11,4027.34,4027.01,4027.02,78
1784868900,4026.79,4027.2,4026.72,4026.73,153
1784868960,4026.71,4027.19,4026.62,4027.15,98
1784869020,4027.16,4028.81,4027.02,4028.31,143
1784869080,4028.26,4028.66,4027.36,4027.36,118
1784869140,4027.37,4028.02,4027.05,4027.05,87
1784869200,4027.3,4027.56,4026.35,4026.78,145
1784869260,4026.76,4027.22,4026.61,4026.75,129
1784869320,4026.78,4026.78,4025.83,4025.83,130
1784869380,4025.96,4027.76,4025.31,4027.64,196
1784869440,4027.68,4028.78,4027.29,4028.76,142
1784869500,4028.75,4029.68,4028.75,4029.56,124
1784869560,4029.56,4029.96,4028.56,4028.86,174
1784869620,4028.83,4029.1,4028.05,4028.23,171
1784869680,4028.27,4028.29,4027.83,4028.16,90
1784869740,4028.1,4029.42,4027.78,4029.11,178
1784869800,4029.12,4032.18,4029.02,4031.64,166
1784869860,4031.63,4032.02,4030.36,4030.41,158
1784869920,4030.42,4030.51,4029.54,4030,168
1784869980,4029.97,4030.5,4029.42,4029.75,163
1784870040,4029.9,4029.9,4027.48,4027.68,208
1784870100,4027.61,4027.79,4027,4027.36,165
1784870160,4027.35,4027.48,4025.63,4026.38,186
1784870220,4026.37,4027.01,4026.29,4026.79,166
1784870280,4026.85,4027.27,4022.49,4022.97,198
1784870340,4023.06,4024.53,4022.69,4024.33,175
1784870400,4024.5,4024.92,4024.24,4024.68,179
1784870460,4024.53,4026.64,4024.44,4026.64,181
1784870520,4026.66,4027.91,4026.54,4027.58,156
1784870580,4027.59,4029.7,4027.59,4029.43,168
1784870640,4029.67,4029.87,4027.47,4027.49,187
1784870700,4027.44,4027.55,4026.56,4027.31,121
1784870760,4027.36,4027.81,4027.16,4027.51,98
1784870820,4027.58,4027.79,4025.54,4025.65,107
1784870880,4025.93,4026.6,4025.93,4025.99,173
1784870940,4026.02,4026.35,4026.02,4026.29,136
1784871000,4026.05,4028.81,4025.69,4027.48,276
1784871060,4027.44,4029.21,4027.44,4028.93,192
1784871120,4029.11,4029.63,4027.95,4029.3,248
1784871180,4029.52,4029.57,4028.25,4029.08,206
1784871240,4029.02,4031.54,4028.78,4031.35,247
1784871300,4031.44,4031.44,4029.31,4030.04,246
1784871360,4030.01,4030.33,4029.27,4029.32,229
1784871420,4029.08,4029.17,4027.84,4028.11,224
1784871480,4028.08,4028.79,4027.18,4027.26,244
1784871540,4027.08,4027.15,4025.04,4026.22,241
1784871600,4026.07,4026.82,4025.67,4025.88,240
1784871660,4025.84,4028.13,4025.83,4028.09,208
1784871720,4028.16,4028.47,4026.56,4027.17,223
1784871780,4027.2,4027.2,4024.17,4026.06,227
1784871840,4025.84,4026.18,4024.17,4024.9,245
1784871900,4024.81,4027.59,4024.62,4027.39,240
1784871960,4027.4,4027.8,4026.97,4026.98,219
1784872020,4027,4029.13,4026.9,4028.7,223
1784872080,4028.79,4029.03,4028.18,4028.45,182
1784872140,4028.4,4028.4,4027.82,4028.19,127
1784872200,4028.52,4029.3,4027.38,4027.38,199
1784872260,4026.92,4027.81,4025.63,4025.83,213
1784872320,4025.78,4025.78,4023.96,4025.18,229
1784872380,4025.16,4025.49,4024.54,4024.78,197
1784872440,4024.79,4025.51,4022.87,4023.6,226
1784872500,4023.68,4023.68,4022.2,4022.45,239
1784872560,4022.31,4024.06,4022.3,4023.47,244
1784872620,4023.49,4023.55,4022.12,4022.94,222
1784872680,4022.85,4022.88,4022.28,4022.5,194
1784872740,4022.51,4023.17,4022.31,4023.12,194
1784872800,4023.23,4024.71,4023.06,4024.71,258
1784872860,4024.64,4025.33,4024.21,4024.79,219
1784872920,4024.76,4025.77,4024.53,4025.77,229
1784872980,4025.77,4025.78,4023.69,4023.93,200
1784873040,4024.07,4025.65,4024.02,4025.25,234
1784873100,4025.27,4026.19,4024.79,4025.26,235
1784873160,4025.14,4026.19,4024.6,4026.1,238
1784873220,4026.11,4026.46,4025.56,4026.08,192
1784873280,4025.95,4027.27,4025.56,4027.1,223
1784873340,4027.13,4027.36,4026.73,4027.21,163
1784873400,4027.28,4028.36,4027.1,4027.64,220
1784873460,4027.62,4028.06,4026.64,4027.72,208
1784873520,4027.74,4030.55,4027.55,4030.52,231
1784873580,4030.55,4031.36,4029.6,4030.52,226
1784873640,4030.55,4031.36,4030.28,4031.01,215
1784873700,4031.08,4031.54,4030.54,4030.8,226
1784873760,4030.82,4031.11,4029.46,4030.59,216
1784873820,4030.61,4030.94,4029.5,4030.44,205
1784873880,4030.4,4030.44,4029.63,4030.44,168
1784873940,4030.37,4034.12,4030.37,4034.12,205
1784874000,4034.01,4035.8,4033.63,4035.42,242
1784874060,4035.39,4036.68,4035.2,4035.44,241
1784874120,4035.48,4035.89,4034.33,4035.79,221
1784874180,4035.76,4036.13,4034.88,4036.13,218
1784874240,4035.96,4036.98,4035.82,4036.16,240
1784874300,4036.18,4037.73,4035.85,4037.06,230
1784874360,4037.02,4039.08,4036.64,4039.08,200
1784874420,4038.79,4038.79,4036.78,4036.78,228
1784874480,4036.58,4036.69,4035.25,4035.68,202
1784874540,4035.69,4036.77,4035.3,4036.66,194
1784874600,4036.58,4036.59,4033.3,4033.73,228
1784874660,4033.61,4035.37,4033.48,4035.19,225
1784874720,4035.14,4035.72,4034.78,4035.16,218
1784874780,4035.17,4035.65,4034.32,4035.16,192
1784874840,4035.21,4035.22,4034.22,4034.7,199
1784874900,4034.7,4036.36,4034.57,4035.2,175
1784874960,4035.24,4035.87,4034.91,4035.8,191
1784875020,4035.85,4036.38,4035.22,4035.54,211
1784875080,4035.52,4037.17,4035.37,4035.73,216
1784875140,4035.72,4036.09,4034.72,4035.6,191
1784875200,4035.66,4035.89,4034.16,4034.84,222
1784875260,4034.86,4036.22,4034.66,4035.88,224
1784875320,4035.89,4036.85,4035.53,4035.63,191
1784875380,4035.6,4035.69,4034.1,4034.41,217
1784875440,4034.34,4034.41,4033.67,4033.93,165
1784875500,4033.97,4037,4033.66,4036.55,212
1784875560,4036.4,4036.97,4035.99,4035.99,187
1784875620,4036.22,4036.46,4035.57,4036.25,195
1784875680,4036.31,4036.31,4034.28,4034.65,207
1784875740,4034.49,4035.07,4033.94,4034.13,178
1784875800,4034.18,4034.6,4033.46,4034.48,228
1784875860,4034.49,4034.65,4032.55,4032.85,228
1784875920,4032.79,4033.28,4031.76,4032.31,215
1784875980,4032.35,4033.51,4032.35,4033.48,171
1784876040,4033.5,4035.69,4033.19,4035.34,180
1784876100,4035.17,4036.81,4035.08,4036.44,202
1784876160,4036.46,4037.34,4035.91,4037.14,207
1784876220,4037.17,4037.32,4036.27,4036.43,209
1784876280,4036.68,4037.98,4036.68,4037.59,224
1784876340,4037.79,4038.66,4035.63,4035.74,255
1784876400,4035.43,4038.51,4035.15,4038.24,268
1784876460,4038.22,4038.45,4037.3,4037.86,212
1784876520,4037.82,4039.48,4037.47,4039.38,213
1784876580,4039.24,4039.24,4036.75,4038.47,216
1784876640,4038.51,4040.2,4038.22,4038.46,226
1784876700,4038.47,4040.55,4038.31,4039.78,223
1784876760,4039.68,4042.47,4038.83,4042.06,230
1784876820,4042.1,4042.57,4041.33,4042.32,201
1784876880,4042.18,4043.52,4041.7,4043.51,179
1784876940,4043.47,4045.86,4043.47,4045.75,248
1784877000,4045.82,4047.47,4045.78,4046.49,246
1784877060,4046.46,4046.52,4045.37,4045.42,206
1784877120,4045.42,4047.12,4044.95,4046.19,225
1784877180,4046.21,4047.13,4046.04,4046.82,221
1784877240,4046.85,4046.85,4045.38,4045.54,205
1784877300,4045.93,4046.08,4044.13,4044.91,246
1784877360,4044.97,4046.11,4044.32,4045.88,236
1784877420,4045.83,4045.87,4044.17,4045.53,204
1784877480,4045.82,4046.25,4044.96,4046.09,222
1784877540,4046.05,4047.49,4045.91,4047.39,227
1784877600,4047.35,4048,4046.77,4047.24,196
1784877660,4046.99,4048.91,4045.93,4048.91,190
1784877720,4048.79,4048.99,4047.76,4048.76,212
1784877780,4048.64,4048.69,4047.31,4047.33,194
1784877840,4047.36,4048.87,4047.32,4048.2,192
1784877900,4048.12,4049.72,4047.7,4049.72,221
1784877960,4049.66,4050.14,4048.96,4049.08,206
1784878020,4049.11,4050.67,4048.97,4050.09,215
1784878080,4049.99,4050.66,4049.17,4050.37,184
1784878140,4050.22,4050.22,4048.38,4048.78,180
1784878200,4048.77,4050.22,4048.77,4050.16,246
1784878260,4050.25,4051.4,4049.22,4049.22,229
1784878320,4049.21,4049.94,4047.92,4048.77,220
1784878380,4048.76,4051.1,4048.76,4050.78,226
1784878440,4050.82,4053.63,4050.82,4053.63,225
1784878500,4053.6,4053.61,4051.35,4051.35,203
1784878560,4051.38,4051.97,4050.85,4050.85,214
1784878620,4050.92,4051,4049.53,4049.65,168
1784878680,4049.68,4050.03,4048.87,4048.87,176
1784878740,4048.7,4048.7,4046.66,4046.95,208
1784878800,4046.97,4047.86,4046.91,4047.34,169
1784878860,4047.33,4047.53,4047.05,4047.1,136
1784878920,4047.09,4047.32,4046.48,4046.69,178
1784878980,4046.6,4046.77,4045.93,4046.64,170
1784879040,4046.72,4048.78,4046.72,4048.43,177
1784879100,4048.46,4048.46,4047.31,4047.94,177
1784879160,4047.91,4048.41,4047.75,4048.01,184
1784879220,4048.1,4048.26,4047.45,4047.8,164
1784879280,4047.88,4048.08,4046.6,4046.87,172
1784879340,4046.94,4047.67,4046.21,4047.48,186
1784879400,4047.5,4048.33,4047.42,4047.42,160
1784879460,4047.41,4047.94,4047.21,4047.66,165
1784879520,4047.63,4048.08,4047.11,4047.3,159
1784879580,4047.38,4048.8,4047.33,4048.01,155
1784879640,4048.35,4048.43,4047.81,4047.82,143
1784879700,4047.99,4049.06,4047.87,4048.56,189
1784879760,4048.6,4048.89,4047.7,4048.26,157
1784879820,4048.13,4049.7,4048.13,4049.43,145
1784879880,4049.46,4049.48,4048.33,4048.47,117
1784879940,4048.45,4048.93,4048.04,4048.44,151
1784880000,4048.7,4048.84,4047.72,4048.63,220
1784880060,4048.61,4049.11,4047.76,4047.86,200
1784880120,4048.01,4048.3,4047.19,4047.28,211
1784880180,4047.3,4047.42,4046.63,4047.07,197
1784880240,4047.08,4047.63,4046.98,4047.43,146
1784880300,4047.36,4047.43,4045.43,4045.54,210
1784880360,4045.51,4045.92,4045.22,4045.68,218
1784880420,4045.71,4046.67,4045.4,4046.45,200
1784880480,4046.55,4047.43,4046.16,4046.93,214
1784880540,4046.9,4047.88,4046.82,4047.5,215
1784880600,4047.65,4047.77,4046.79,4047.05,209
1784880660,4047.27,4047.69,4047.01,4047.19,201
1784880720,4047.12,4047.12,4045.73,4046.1,183
1784880780,4046.11,4046.81,4046.11,4046.45,187
1784880840,4046.53,4047.32,4046.5,4046.9,178
1784880900,4046.78,4046.87,4046.06,4046.45,201
1784880960,4046.42,4047.65,4046.19,4047.63,172
1784881020,4047.44,4047.88,4046.05,4046.05,201
1784881080,4046.06,4046.86,4045.16,4045.17,212
1784881140,4045.28,4046.96,4045.26,4046.8,168
1784881200,4046.8,4047.62,4046.16,4047.61,215
1784881260,4047.62,4048.1,4046.5,4046.73,195
1784881320,4046.74,4047.91,4046.74,4047.55,206
1784881380,4047.54,4048.03,4046.95,4047.13,195
1784881440,4047.24,4047.53,4046.44,4046.88,188
1784881500,4046.79,4047.04,4046.13,4046.81,146
1784881560,4046.82,4048.77,4046.82,4048.34,206
1784881620,4048.31,4049.47,4048.25,4048.87,188
1784881680,4049.08,4049.36,4048.31,4048.63,212
1784881740,4048.66,4052.54,4048.66,4052.53,252
1784881800,4051.88,4052.38,4050.86,4052.15,230
1784881860,4052.11,4052.21,4050.45,4051.1,207
1784881920,4051.11,4051.23,4050.66,4050.81,220
1784881980,4050.8,4051.63,4050.68,4051.51,225
1784882040,4051.49,4051.54,4049.98,4049.98,176
1784882100,4050.07,4050.38,4048.91,4049.69,182
1784882160,4049.7,4052.33,4049.7,4051.85,186
1784882220,4051.85,4052.32,4051.69,4051.89,189
1784882280,4052.14,4052.62,4052,4052.07,174
1784882340,4052.03,4053.1,4052.03,4052.83,198
1784882400,4052.78,4053.93,4052.64,4053.63,217
1784882460,4053.85,4053.98,4052.68,4053.32,189
1784882520,4053.32,4054.84,4053.32,4054.8,149
1784882580,4054.83,4055.24,4054.12,4055.24,196
1784882640,4055.44,4055.57,4054.67,4054.78,175
1784882700,4054.7,4055.02,4053.71,4053.72,188
1784882760,4053.72,4053.72,4052.38,4053.44,176
1784882820,4053.47,4054.06,4052.51,4052.77,185
1784882880,4052.76,4053.33,4052.4,4053.33,186
1784882940,4053.31,4054.96,4053.04,4054.8,167
1784883000,4054.59,4055.58,4054.33,4054.7,194
1784883060,4054.72,4056.26,4054.4,4056.05,183
1784883120,4056.08,4056.6,4055.75,4056.6,198
1784883180,4056.57,4057.14,4056.14,4056.33,187
1784883240,4056.32,4056.56,4055.94,4056.37,128
1784883300,4056.28,4057.09,4056.19,4056.79,193
1784883360,4056.75,4057.64,4056.24,4056.85,144
1784883420,4056.86,4057.09,4056.61,4057.01,156
1784883480,4057,4057.21,4056.56,4056.63,137
1784883540,4056.62,4058.76,4056.56,4057.57,210
1784883600,4057.67,4058.99,4057.19,4058.98,180
1784883660,4058.88,4059.32,4057.96,4059,181
1784883720,4058.99,4060.77,4058.53,4059.67,219
1784883780,4059.88,4059.88,4056.94,4058.23,220
1784883840,4058.2,4058.2,4056.05,4056.75,207
1784883900,4056.72,4056.73,4055.64,4055.64,172
1784883960,4055.76,4056.26,4055.28,4055.91,189
1784884020,4055.77,4056.57,4055.48,4056.56,216
1784884080,4056.67,4056.7,4055.87,4056.36,167
1784884140,4056.21,4057.61,4056.21,4057.59,178
1784884200,4057.58,4057.97,4056.47,4056.49,208
1784884260,4055.97,4056.66,4054.89,4054.95,177
1784884320,4054.82,4054.85,4053.34,4053.75,185
1784884380,4053.87,4054.52,4053.59,4054.37,139
1784884440,4054.27,4054.35,4054.03,4054.2,123
1784884500,4054.18,4054.62,4053.39,4053.47,169
1784884560,4053.53,4054.74,4053.42,4054.72,92
1784884620,4054.62,4055.33,4054.62,4054.69,154
1784884680,4054.76,4056.64,4054.64,4054.64,190
1784884740,4053.74,4055.37,4053.52,4055.12,129
1784884800,4054.96,4055.24,4053.81,4054.23,202
1784884860,4054.15,4054.63,4054,4054.62,195
1784884920,4054.68,4054.69,4053.41,4053.72,125
1784884980,4053.81,4055.18,4053.65,4055,158
1784885040,4055.04,4055.04,4054.18,4054.7,153
1784885100,4054.7,4055.7,4054.55,4055.45,160
1784885160,4055.39,4056.04,4055.39,4055.52,134
1784885220,4055.5,4055.64,4054.49,4054.91,187
1784885280,4054.9,4055.1,4054.02,4054.51,168
1784885340,4054.43,4054.67,4052.5,4052.93,171
1784885400,4053.06,4053.33,4051.8,4052.52,174
1784885460,4052.53,4052.95,4052.25,4052.52,189
1784885520,4052.58,4053.56,4052.58,4053.11,161
1784885580,4053.09,4054.17,4053.09,4054.11,186
1784885640,4054.1,4054.57,4053.31,4053.91,141
1784885700,4053.9,4054.45,4053.61,4053.68,158
1784885760,4053.71,4054.82,4053.7,4054.19,142
1784885820,4054.04,4054.87,4053.97,4054.82,141
1784885880,4054.79,4055.24,4054.29,4054.6,170
1784885940,4054.61,4055.05,4054.35,4055.05,142
1784886000,4055.08,4055.19,4054.12,4054.76,140
1784886060,4054.77,4055.43,4054.65,4055.4,139
1784886120,4055.39,4056.21,4055.39,4055.86,125
1784886180,4055.88,4055.97,4054.71,4054.71,155
1784886240,4054.72,4055.96,4054.68,4055.69,148
1784886300,4055.77,4056.23,4055.52,4055.59,164
1784886360,4055.6,4055.73,4055.21,4055.24,102
1784886420,4055.31,4055.94,4055.24,4055.56,152
1784886480,4055.63,4055.68,4055.04,4055.33,143
1784886540,4055.35,4055.79,4055.27,4055.27,123
1784886600,4055.46,4055.67,4054.89,4054.97,176
1784886660,4054.94,4055.17,4054.73,4055.02,130
1784886720,4054.86,4057.07,4054.86,4057.04,165
1784886780,4057.08,4058.36,4055.93,4058.22,208
1784886840,4058.11,4058.33,4057.48,4058.23,138
1784886900,4058.2,4058.85,4058.2,4058.71,169
1784886960,4058.72,4059.31,4058.72,4059.31,151
1784887020,4059.28,4059.33,4058.62,4059.14,141
1784887080,4059.15,4059.59,4058.91,4059.52,145
1784887140,4059.51,4059.92,4059.18,4059.9,146
1784887200,4059.88,4060.38,4059.25,4059.51,164
1784887260,4059.54,4059.61,4058.57,4059.23,159
1784887320,4059.21,4060.09,4058.87,4059.53,162
1784887380,4059.43,4060.25,4059.42,4060.1,121
1784887440,4060.06,4061.49,4059.85,4059.89,160
1784887500,4059.94,4060.12,4059.19,4059.91,162
1784887560,4059.89,4060.28,4059.47,4059.55,172
1784887620,4059.62,4059.68,4058.97,4059.22,182
1784887680,4059.21,4060,4058.9,4059.52,173
1784887740,4059.53,4060.56,4059.52,4060.44,158
1784887800,4060.49,4060.6,4058.59,4059.02,152
1784887860,4059.01,4059.54,4058.44,4059.35,163
1784887920,4059.31,4059.46,4058.48,4058.5,173
1784887980,4058.5,4059.09,4058.35,4058.36,134
1784888040,4058.34,4058.96,4057.82,4058.24,140
1784888100,4058.23,4059.14,4057.67,4059.14,172
1784888160,4059.13,4059.88,4058.97,4059.57,134
1784888220,4059.57,4061.43,4059.57,4060.68,141
1784888280,4060.59,4061.9,4060.03,4060.34,172
1784888340,4060.32,4060.46,4059.51,4059.56,148
1784888400,4059.6,4059.81,4059.23,4059.76,151
1784888460,4059.74,4059.97,4059.28,4059.38,132
1784888520,4059.35,4060.66,4059.3,4060.66,167
1784888580,4060.66,4061.27,4060.55,4060.92,138
1784888640,4060.96,4061.16,4060.37,4060.38,116
1784888700,4060.39,4060.44,4059.93,4059.93,162
1784888760,4059.93,4061.64,4059.9,4060.7,161
1784888820,4060.68,4063.57,4060.67,4063.35,155
1784888880,4063.33,4063.66,4063.18,4063.28,196
1784888940,4063.26,4063.57,4062.01,4062.01,169
1784889000,4062.02,4063.55,4061.88,4063.53,171
1784889060,4063.6,4063.87,4063.54,4063.57,114
1784889120,4063.56,4063.56,4062.82,4063.39,114
1784889180,4063.39,4063.92,4062.2,4062.3,152
1784889240,4062.3,4062.3,4061.47,4061.64,157
1784889300,4061.62,4061.63,4060.68,4061.15,152
1784889360,4061.29,4061.39,4060.93,4061.11,113
1784889420,4061.15,4061.59,4060.8,4061.4,150
1784889480,4061.38,4061.39,4060.77,4060.77,137
1784889540,4060.78,4060.88,4060.07,4060.11,135
1784889600,4060.1,4060.13,4059.19,4059.39,154
1784889660,4059.4,4059.77,4059.15,4059.5,158
1784889720,4059.52,4059.79,4059.17,4059.27,148
1784889780,4059.25,4059.37,4058.74,4059.04,140
1784889840,4059.06,4059.15,4058.18,4058.37,114
1784889900,4058.51,4059.1,4058.3,4059.03,135
1784889960,4059.02,4059.02,4058.17,4058.34,137
1784890020,4058.35,4059.12,4058.18,4059.04,138
1784890080,4058.85,4058.85,4057.84,4058.07,138
1784890140,4057.98,4058.95,4057.72,4058.81,151
1784890200,4058.8,4059.25,4058.5,4058.96,165
1784890260,4058.86,4059.38,4058.74,4059.31,154
1784890320,4059.32,4059.43,4058.74,4058.99,161
1784890380,4058.98,4059.38,4057.25,4057.26,164
1784890440,4057.2,4058.62,4057.19,4057.79,146
1784890500,4057.8,4058.63,4057.39,4058.63,176
1784890560,4058.59,4058.89,4058.48,4058.73,112
1784890620,4058.6,4059.55,4058.6,4059.55,125
1784890680,4059.62,4060.25,4059.62,4060.19,147
1784890740,4060.2,4060.31,4059.95,4060.09,128
1784890800,4059.99,4060.37,4058.5,4058.88,198
1784890860,4058.84,4060.99,4058.73,4060.95,219
1784890920,4060.98,4061.27,4059.32,4059.56,167
1784890980,4059.55,4062.66,4059.54,4062.63,189
1784891040,4062.62,4062.72,4062,4062.29,171
1784891100,4062.21,4063.39,4062.13,4062.82,164
1784891160,4062.86,4062.86,4061.87,4062.08,178
1784891220,4062.06,4062.64,4061.1,4061.47,141
1784891280,4061.48,4061.72,4061.04,4061.17,157
1784891340,4061.13,4061.3,4060.59,4061.08,105
1784891400,4061.05,4061.05,4060.45,4060.74,88
1784891460,4060.66,4060.99,4060.38,4060.95,73
1784891520,4061,4061.01,4060.71,4060.86,74
1784891580,4060.84,4060.91,4060.48,4060.72,124
1784891640,4060.75,4061.31,4060.63,4061.27,117
1784891700,4061.29,4061.67,4060.94,4061.63,131
1784891760,4061.26,4061.56,4061.02,4061.34,124
1784891820,4061.32,4061.78,4060.73,4060.76,142
1784891880,4060.74,4060.95,4060.56,4060.87,100
1784891940,4060.83,4061.53,4060.14,4061.27,149
1784892000,4061.04,4061.26,4060.54,4060.76,144
1784892060,4060.93,4060.93,4060.41,4060.7,131
1784892120,4060.71,4060.88,4060.53,4060.63,85
1784892180,4060.64,4061.75,4060.28,4061.75,95
1784892240,4061.74,4062.01,4061.48,4061.54,110
1784892300,4061.53,4061.69,4060.7,4060.73,129
1784892360,4060.65,4060.65,4059.28,4059.32,133
1784892420,4059.31,4059.82,4059.29,4059.64,174
1784892480,4059.58,4060.19,4059.51,4059.81,131
1784892540,4059.81,4059.81,4059.21,4059.22,88
1784892600,4059.09,4059.52,4058.07,4058.69,146
1784892660,4058.71,4059.37,4058.2,4058.74,162
1784892720,4058.76,4060.26,4058.71,4060.06,146
1784892780,4060.08,4060.34,4059.49,4059.77,149
1784892840,4059.76,4060.33,4059.55,4059.84,157
1784892900,4059.8,4059.86,4058.17,4058.4,170
1784892960,4058.41,4059.92,4058.41,4059.9,194
1784893020,4059.72,4059.72,4058.17,4058.44,174
1784893080,4058.43,4058.61,4057.64,4057.74,171
1784893140,4057.75,4057.82,4056.86,4057.18,140
1784893200,4057.29,4057.29,4056.45,4057.02,171
1784893260,4057.01,4057.92,4056.96,4057.22,161
1784893320,4057.23,4057.23,4056.43,4056.57,118
1784893380,4056.54,4056.6,4055.68,4055.79,147
1784893440,4055.59,4056.15,4055.28,4055.28,130
1784893500,4055.54,4056.66,4055.53,4056.6,156
1784893560,4056.46,4056.77,4055.46,4055.55,147
1784893620,4055.6,4055.64,4055.21,4055.43,183
1784893680,4055.43,4055.66,4053.86,4054.25,136
1784893740,4054.26,4055.25,4054.19,4055.23,178
1784893800,4055.22,4055.29,4053.74,4054.43,176
1784893860,4054.59,4054.6,4054.24,4054.37,113
1784893920,4054.36,4054.36,4053.08,4053.53,148
1784893980,4053.58,4053.6,4052.82,4052.92,119
1784894040,4052.94,4053.24,4052.67,4052.76,135
1784894100,4052.69,4053.03,4052.3,4052.72,126
1784894160,4052.71,4053.15,4052.02,4052.02,138
1784894220,4052.13,4052.19,4051.52,4051.52,184
1784894280,4051.45,4057.87,4051.43,4057.8,250
1784894340,4057.68,4061.52,4057.09,4057.81,316
1784894400,4058.18,4058.41,4055.91,4057.33,296
1784894460,4057.14,4057.14,4053.92,4054,252
1784894520,4054.1,4054.43,4052.39,4053.39,233
1784894580,4053.38,4054.71,4053.38,4054.4,216
1784894640,4054.41,4055.16,4053.64,4054.15,218
1784894700,4054.07,4054.18,4052.76,4054.1,212
1784894760,4054.14,4055.52,4053.99,4054.86,229
1784894820,4054.92,4055.95,4054.59,4055.92,216
1784894880,4055.84,4056.42,4054.99,4056.37,211
1784894940,4056.25,4058.43,4056.25,4056.86,241
1784895000,4056.93,4056.93,4055.64,4056.22,198
1784895060,4056.23,4057.48,4056.2,4056.32,203
1784895120,4056.36,4057.12,4056.12,4056.22,188
1784895180,4056.25,4056.47,4055.69,4055.83,176
1784895240,4055.85,4057.24,4055.82,4056.61,181
1784895300,4056.6,4056.84,4055.79,4056.38,207
1784895360,4056.37,4057.7,4056.16,4057.27,204
1784895420,4057.28,4057.33,4056.34,4056.96,158
1784895480,4056.95,4057.58,4056.74,4057,174
1784895540,4056.99,4057.54,4055.95,4056.92,212
1784895600,4056.25,4056.48,4055.31,4056,216
1784895660,4055.98,4056.41,4055.58,4055.69,170
1784895720,4055.67,4056.14,4054.89,4055.9,177
1784895780,4055.93,4057.82,4055.84,4057.71,184
1784895840,4057.69,4058.44,4057.28,4058.44,195
1784895900,4058.46,4059.87,4056.26,4058.39,250
1784895960,4058.41,4058.42,4057.63,4058.07,210
1784896020,4058.83,4060.2,4058.83,4059.59,179
1784896080,4059.54,4059.84,4058.41,4059.64,181
1784896140,4059.45,4060.11,4059.1,4059.7,137
1784896200,4059.37,4059.67,4057.61,4058.92,223
1784896260,4058.95,4058.95,4056.73,4056.73,211
1784896320,4056.7,4057.67,4056.49,4057.15,166
1784896380,4057.14,4057.97,4056.66,4057.73,161
1784896440,4057.84,4059.37,4057.24,4057.24,192
1784896500,4057.27,4058.31,4056.72,4058.26,166
1784896560,4058.29,4058.29,4056.42,4056.98,210
1784896620,4056.86,4057.41,4056.68,4056.99,144
1784896680,4056.83,4056.83,4055.25,4055.91,213
1784896740,4056.03,4056.92,4055.61,4055.79,180
1784896800,4055.73,4056.74,4055.73,4056.02,178
1784896860,4055.89,4056,4053.16,4053.27,225
1784896920,4053.22,4053.33,4052.07,4052.97,231
1784896980,4052.68,4053.58,4052.67,4053.35,188
1784897040,4053.42,4055.58,4053.09,4055.18,214
1784897100,4055.16,4056.25,4054.98,4055.84,178
1784897160,4055.96,4056.38,4053.33,4053.44,170
1784897220,4053.47,4053.47,4051.79,4052.37,167
1784897280,4052.45,4053.79,4052.36,4053.66,170
1784897340,4053.7,4054.13,4053.26,4054.13,128
1784897400,4054.08,4054.8,4053.96,4054.08,164
1784897460,4054.17,4055.31,4053.96,4054.67,189
1784897520,4054.65,4055.07,4054.13,4054.98,159
1784897580,4054.97,4055.81,4054.71,4055.17,165
1784897640,4055.13,4055.23,4054.59,4055.23,120
1784897700,4055.22,4055.38,4054.01,4054.08,119
1784897760,4054.14,4054.35,4051.96,4052.04,178
1784897820,4052.07,4052.77,4051.75,4052.35,168
1784897880,4052.31,4053.53,4052.24,4053.15,176
1784897940,4052.8,4056.15,4052.8,4056.03,200
1784898000,4056.16,4058.45,4055.33,4055.89,284
1784898060,4055.87,4056.23,4053.02,4053.02,250
1784898120,4053.18,4054.56,4053.14,4054.19,238
1784898180,4054.2,4054.57,4051.55,4052.92,239
1784898240,4053.09,4053.75,4052.23,4052.24,226
1784898300,4052.06,4053.12,4050.38,4050.56,238
1784898360,4050.5,4050.53,4048.81,4049.04,256
1784898420,4049.01,4049.14,4047.55,4047.94,249
1784898480,4048,4048,4046.52,4047.6,250
1784898540,4047.69,4047.72,4045.92,4046.54,250
1784898600,4046.58,4047.03,4044.71,4047.03,228
1784898660,4047.13,4047.16,4045.71,4047.01,244
1784898720,4046.96,4049.52,4046.94,4049.29,266
1784898780,4049.42,4049.66,4047.18,4047.91,209
1784898840,4048.09,4048.52,4047.1,4048.09,210
1784898900,4048.19,4048.52,4045.98,4046.47,236
1784898960,4046.52,4047.02,4045.48,4046.15,237
1784899020,4046.1,4046.84,4045.45,4046.54,212
1784899080,4046.5,4046.54,4044.91,4045.17,213
1784899140,4045.15,4046.29,4044.97,4046.29,221
1784899200,4046.46,4047.59,4045.69,4046.36,261
1784899260,4046.41,4048.17,4046.3,4048,248
1784899320,4048.17,4049.32,4047.21,4047.55,215
1784899380,4047.46,4048.06,4047.15,4047.83,191
1784899440,4047.8,4047.98,4046.53,4046.94,230
1784899500,4046.98,4048.39,4046.29,4046.71,218
1784899560,4046.5,4046.94,4045.87,4046.94,181
1784899620,4047,4048.58,4046.91,4048.26,228
1784899680,4048.46,4048.52,4047.58,4047.87,156
1784899740,4047.96,4048.36,4046.34,4046.42,243
1784899800,4046.35,4047.54,4044.82,4045.8,300
1784899860,4046.71,4050.02,4045.61,4049.66,288
1784899920,4049.68,4050.36,4047.22,4047.54,286
1784899980,4047.23,4050.09,4047.21,4049.96,278
1784900040,4049.94,4050.21,4047.73,4049.45,264
1784900100,4049.4,4052.03,4049.36,4052.03,279
1784900160,4052.04,4052.12,4050.14,4051.65,281
1784900220,4051.68,4055.4,4051.68,4054.69,298
1784900280,4054.82,4056.06,4054.4,4055.86,273
1784900340,4055.81,4056.7,4054.97,4056.29,264
1784900400,4056.28,4056.73,4054.23,4054.39,298
1784900460,4054.53,4055.15,4053.37,4054.19,286
1784900520,4054.18,4054.3,4051.43,4052.43,258
1784900580,4052.38,4053.28,4051.5,4051.73,230
1784900640,4051.69,4052.39,4051.46,4052.3,181
1784900700,4049.13,4052.79,4048.81,4052.79,282
1784900760,4052.86,4055.89,4052.67,4055.89,276
1784900820,4055.74,4056.49,4055.06,4056.11,294
1784900880,4056.07,4059.87,4055,4059.79,314
1784900940,4059.74,4060.82,4057.46,4058.51,295
1784901000,4058.3,4059.87,4057.25,4058.75,294
1784901060,4058.54,4059.02,4056.4,4056.45,282
1784901120,4056.28,4058.36,4055.96,4058.24,290
1784901180,4058.26,4058.81,4057.14,4057.83,281
1784901240,4057.77,4061.11,4057.46,4059.79,282
1784901300,4059.46,4059.79,4057.07,4058.11,273
1784901360,4058.1,4060.49,4058,4060,291
1784901420,4059.73,4059.87,4058.3,4059.75,243
1784901480,4059.5,4066.67,4059.23,4066.67,277
1784901540,4066.72,4068.7,4065.66,4067.58,292
1784901600,4067.62,4070,4066.46,4070,308
1784901660,4069.94,4069.94,4064.29,4065.67,290
1784901720,4065.9,4067.91,4065.48,4066.56,303
1784901780,4066.43,4067.83,4064.73,4064.99,271
1784901840,4065.04,4065.25,4062.82,4062.84,292
1784901900,4062.86,4064.77,4062.86,4063.7,304
1784901960,4063.73,4064.11,4060.43,4060.61,300
1784902020,4060.6,4060.66,4057.4,4058.22,304
1784902080,4058.23,4060.57,4058.23,4059.2,295
1784902140,4059.12,4062.6,4058.21,4062.44,286
1784902200,4062.42,4063.73,4061.35,4062.13,279
1784902260,4062.04,4062.12,4060.15,4061.46,271
1784902320,4061.52,4061.93,4059.36,4059.36,280
1784902380,4059.38,4061.14,4059.37,4060.35,252
1784902440,4060.36,4062.01,4058.94,4058.95,270
1784902500,4059.07,4060.33,4057.92,4058.7,277
1784902560,4058.66,4059.45,4058.29,4059.05,287
1784902620,4058.76,4058.76,4056.06,4057.48,272
1784902680,4057.47,4057.91,4056.26,4057.14,277
1784902740,4057.13,4058.41,4056.31,4058.07,267
1784902800,4058.12,4059,4057.02,4058.86,264
1784902860,4058.89,4061.45,4057.95,4061.08,278
1784902920,4060.89,4062.1,4060.8,4062.04,301
1784902980,4062.13,4063.59,4061.48,4062.47,299
1784903040,4062.59,4064.81,4062.59,4064.77,292
1784903100,4064.95,4066.93,4064.79,4066.29,293
1784903160,4066.29,4069.4,4065.9,4068.5,286
1784903220,4068.49,4068.61,4064.6,4065.67,288
1784903280,4065.73,4066.08,4065.01,4065.63,280
1784903340,4065.77,4066.73,4065.46,4066.16,267
1784903400,4066.37,4067.24,4064.92,4065.82,292
1784903460,4065.8,4067,4065.47,4066.9,270
1784903520,4066.91,4067.76,4065.41,4066.82,263
1784903580,4067.3,4068.15,4066.18,4066.18,278
1784903640,4066.15,4066.21,4064.77,4064.77,262
1784903700,4064.81,4066.79,4064.81,4066.24,270
1784903760,4066.27,4066.5,4064.26,4064.26,281
1784903820,4064.3,4064.4,4062.46,4062.5,276
1784903880,4062.65,4063.36,4061.72,4061.82,267
1784903940,4061.82,4062.61,4060.17,4060.73,249
1784904000,4060.62,4061.21,4060.15,4061.19,287
1784904060,4061.2,4062.43,4060.59,4062.04,256
1784904120,4061.99,4061.99,4059.28,4059.79,261
1784904180,4059.78,4062.08,4059.33,4061.87,265
1784904240,4061.88,4062.06,4060.16,4060.3,275
1784904300,4060.29,4061.01,4059.01,4059.04,280
1784904360,4059.01,4061.51,4058.57,4061.51,256
1784904420,4061.14,4061.84,4059.72,4059.8,254
1784904480,4059.66,4061.35,4059.66,4060.6,254
1784904540,4060.45,4063.58,4059.95,4063.17,294
1784904600,4063.16,4064.77,4063.01,4064.1,284
1784904660,4063.96,4064.15,4062.97,4063.64,274
1784904720,4063.54,4063.62,4061.51,4061.64,272
1784904780,4061.6,4062.63,4061.56,4061.6,250
1784904840,4061.64,4062.06,4061.17,4061.77,238
1784904900,4061.63,4062.29,4061.48,4061.76,251
1784904960,4061.74,4064.36,4061.73,4064.29,262
1784905020,4064.3,4066.46,4064.26,4065.67,269
1784905080,4065.8,4065.8,4064.68,4065.07,248
1784905140,4065,4065.24,4063.24,4063.38,257
1784905200,4063.49,4064.25,4062.06,4064.25,295
1784905260,4064.34,4065.89,4063.95,4065.89,234
1784905320,4065.8,4067.05,4065.47,4065.93,268
1784905380,4066.05,4066.35,4064.86,4064.99,255
1784905440,4064.79,4064.97,4063.49,4063.98,229
1784905500,4064.14,4064.74,4063.67,4064.72,270
1784905560,4064.66,4064.66,4062.09,4062.19,241
1784905620,4062.2,4062.8,4061.87,4062.28,239
1784905680,4062.42,4063.28,4062.29,4062.57,243
1784905740,4062.72,4063.92,4062.72,4063.29,205
1784905800,4063.3,4072.11,4063.22,4070.76,267
1784905860,4070.58,4074.79,4068.77,4069.29,328
1784905920,4069.35,4070.77,4067.14,4067.32,304
1784905980,4067.33,4070.05,4066.87,4069.68,300
1784906040,4069.65,4076.7,4069.46,4074.83,310
1784906100,4074.48,4079.74,4072.17,4078.67,326
1784906160,4078,4079.76,4075.88,4077.6,322
1784906220,4077.77,4079.93,4077.63,4078.79,312
1784906280,4078.71,4080.23,4076.48,4079.2,322
1784906340,4078.91,4081.53,4075.33,4077.06,306
1784906400,4077.18,4082.14,4076.73,4081.78,316
1784906460,4081.42,4081.97,4077.01,4077.28,295
1784906520,4077.36,4077.56,4074.27,4074.27,270
1784906580,4074.3,4075.11,4073.71,4074.64,296
1784906640,4074.47,4075.25,4072.69,4074.08,274
1784906700,4074.11,4075.61,4074.06,4074.42,265
1784906760,4074.45,4074.49,4073.22,4073.22,257
1784906820,4073.23,4074.7,4072.64,4073.93,288
1784906880,4074.11,4077.21,4074.02,4075.7,279
1784906940,4075.66,4075.69,4074.3,4075.09,281
1784907000,4075.1,4075.74,4074.11,4074.42,288
1784907060,4074.13,4076.72,4074.06,4076.65,269
1784907120,4076.66,4076.86,4074.6,4075.24,257
1784907180,4075.27,4076.35,4074.69,4075.33,270
1784907240,4075.2,4075.91,4074.14,4074.14,243
1784907300,4074.1,4075.14,4073.77,4074.16,249
1784907360,4074.04,4075.73,4073.57,4075.67,275
1784907420,4075.91,4078.26,4075.17,4078.13,274
1784907480,4078.27,4078.84,4077.35,4077.81,263
1784907540,4077.75,4078.91,4077.75,4077.98,221
1784907600,4077.76,4079.67,4077.64,4079.27,225
1784907660,4079.2,4079.27,4075.05,4076.59,267
1784907720,4076.5,4076.76,4074.11,4074.11,252
1784907780,4074.22,4074.82,4071.94,4072.63,275
1784907840,4072.6,4073.67,4072.04,4072.05,261
1784907900,4072.26,4073.53,4071.54,4072.37,257
1784907960,4072.46,4072.82,4071.4,4071.4,234
1784908020,4071.41,4072.75,4071.13,4071.45,255
1784908080,4071.57,4072.73,4071.16,4072.51,240
1784908140,4072.39,4073.07,4071.92,4072.94,258
1784908200,4073.19,4074.37,4072.88,4073.83,256
1784908260,4073.82,4074.42,4073.71,4074.09,228
1784908320,4074.1,4075.4,4074.08,4074.59,246
1784908380,4074.54,4075.9,4074.3,4075.74,247
1784908440,4075.79,4076.2,4074.8,4075.34,271
1784908500,4075.36,4077.18,4075.1,4076.1,240
1784908560,4076.16,4076.9,4076.01,4076.6,231
1784908620,4076.55,4076.57,4075.4,4076.11,227
1784908680,4076.28,4077.01,4076.09,4076.87,221
1784908740,4076.76,4077.93,4076.66,4077.4,249
1784908800,4077.43,4077.46,4075.14,4075.63,218
1784908860,4075.57,4077.07,4075.28,4077.06,262
1784908920,4077.05,4077.23,4075.86,4076.07,218
1784908980,4076.09,4076.86,4075.74,4076.19,213
1784909040,4076.25,4077.43,4076.07,4076.63,208
1784909100,4076.59,4076.83,4075.13,4075.13,248
1784909160,4075.19,4075.95,4075.16,4075.5,209
1784909220,4075.57,4076.61,4075.25,4076.34,236
1784909280,4076.42,4077.54,4076.22,4076.96,233
1784909340,4076.98,4077.06,4076.19,4076.19,157
1784909400,4076.2,4077.07,4075.87,4075.88,225
1784909460,4076.04,4076.77,4075.37,4075.64,206
1784909520,4075.73,4076.52,4075.2,4075.38,216
1784909580,4075.4,4075.43,4074.56,4074.78,236
1784909640,4074.7,4075.42,4074.49,4074.89,205
1784909700,4074.97,4075.94,4074.89,4075.48,247
1784909760,4075.51,4075.52,4074,4074.12,204
1784909820,4074.2,4074.79,4073.99,4074.53,202
1784909880,4074.55,4075.87,4074.39,4075.23,213
1784909940,4075.24,4075.38,4074.69,4074.79,194
1784910000,4074.78,4075.03,4073.84,4075.03,204
1784910060,4075.04,4075.28,4074.35,4075.28,187
1784910120,4075.32,4075.37,4074.51,4075.31,155
1784910180,4075.31,4076.5,4075.06,4076.29,192
1784910240,4076.31,4077.75,4076.31,4077.4,214
1784910300,4077.41,4077.67,4076.96,4077.51,235
1784910360,4077.58,4078.18,4077.26,4077.83,204
1784910420,4077.84,4077.91,4076.67,4076.8,169
1784910480,4076.81,4076.86,4073.65,4074.15,237
1784910540,4074.23,4074.57,4073.89,4073.94,215
1784910600,4073.85,4074.09,4070.48,4071.22,261
1784910660,4071.25,4072.89,4071.25,4072.72,252
1784910720,4072.71,4072.9,4071.84,4072.27,220
1784910780,4072.25,4073.04,4071.81,4072.08,236
1784910840,4072.09,4072.62,4071.98,4072.47,188
1784910900,4072.28,4072.38,4071.16,4071.17,191
1784910960,4071.18,4071.9,4070.55,4070.63,212
1784911020,4070.64,4070.64,4069.31,4070.45,226
1784911080,4070.43,4070.45,4067.63,4068.1,240
1784911140,4068.13,4068.87,4067.71,4068.08,213
1784911200,4068.04,4068.27,4067.54,4067.69,236
1784911260,4067.54,4067.93,4066.71,4067.64,250
1784911320,4067.7,4067.89,4066.88,4067.37,220
1784911380,4067.4,4068.75,4067.15,4067.8,223
1784911440,4067.79,4067.83,4067.11,4067.77,193
1784911500,4067.75,4067.77,4066.14,4066.18,225
1784911560,4066.19,4067.43,4066.05,4067.43,211
1784911620,4067.42,4067.74,4065.52,4066.31,239
1784911680,4066.19,4066.19,4064.38,4064.92,225
1784911740,4064.74,4065.33,4064.4,4065.33,218
1784911800,4065.18,4065.18,4064.46,4064.97,221
1784911860,4065.08,4065.38,4064.23,4065.18,184
1784911920,4065.2,4065.38,4064.57,4064.61,200
1784911980,4064.62,4064.97,4064.26,4064.5,204
1784912040,4064.49,4065.98,4064.44,4065.74,205
1784912100,4065.75,4066.64,4065.48,4066.21,252
1784912160,4066.33,4066.73,4065.74,4066.08,198
1784912220,4066.15,4067.36,4066.12,4067.32,224
1784912280,4067.3,4067.37,4066.77,4067.24,174
1784912340,4067.32,4067.78,4067.03,4067.12,197
1784912400,4067.31,4067.91,4066.75,4067.24,240
1784912460,4067.26,4067.92,4067.11,4067.88,208
1784912520,4067.93,4068.25,4067.6,4068.03,209
1784912580,4068.04,4068.33,4067.63,4068.16,199
1784912640,4068,4068.45,4067.82,4067.98,203
1784912700,4067.96,4068.04,4065.98,4066.02,242
1784912760,4066,4066.32,4063.44,4064.85,284
1784912820,4064.86,4066.02,4064.86,4065.04,213
1784912880,4065.12,4065.87,4064.21,4065.41,246
1784912940,4065.38,4065.93,4064.82,4065.72,224
1784913000,4065.82,4066.22,4065.54,4065.69,226
1784913060,4065.7,4065.94,4065.02,4065.87,238
1784913120,4065.76,4065.76,4063.07,4063.4,240
1784913180,4063.42,4064.24,4063.42,4063.89,169
1784913240,4063.92,4064.39,4063.75,4064.28,165
1784913300,4064.28,4064.77,4064,4064.2,167
1784913360,4064.18,4064.38,4064,4064.15,208
1784913420,4064.17,4064.76,4063.73,4064.76,213
1784913480,4064.74,4066.66,4064.74,4065.7,214
1784913540,4065.77,4066.97,4065.71,4066.83,183
1784913600,4066.84,4066.9,4066.05,4066.21,212
1784913660,4066.2,4066.78,4066.17,4066.2,222
1784913720,4066.15,4066.91,4065.91,4066.26,223
1784913780,4066.24,4066.36,4065.52,4065.52,205
1784913840,4065.61,4068.87,4065.46,4068.87,249
1784913900,4068.81,4068.81,4067.28,4068.11,209
1784913960,4068.2,4069.02,4067.86,4069.02,215
1784914020,4068.83,4069.92,4068.32,4069.13,170
1784914080,4069.11,4069.11,4067.86,4068.19,199
1784914140,4067.97,4068.7,4067.54,4068.48,276
1784914200,4068.37,4069.86,4067.61,4069.49,238
1784914260,4069.54,4069.77,4069.39,4069.47,175
1784914320,4069.48,4069.5,4068.37,4069.06,145
1784914380,4069.09,4069.87,4068.96,4069.46,155
1784914440,4069.44,4069.56,4068.51,4068.58,166
1784914500,4068.58,4068.99,4067.95,4068.19,199
1784914560,4068.2,4068.48,4067.99,4068.4,147
1784914620,4068.18,4068.97,4068,4068.07,187
1784914680,4068.06,4068.58,4067.63,4067.95,155
1784914740,4067.98,4068.68,4067.94,4068.11,206
1784914800,4068.09,4068.93,4067.54,4068.37,186
1784914860,4068.26,4068.26,4067.51,4068.23,196
1784914920,4068.24,4068.42,4068.12,4068.31,125
1784914980,4068.22,4068.59,4066.73,4067.15,171
1784915040,4067.17,4067.3,4066.24,4066.6,203
1784915100,4066.61,4066.61,4065.73,4066.36,149
1784915160,4066.35,4067.34,4065.99,4066.78,171
1784915220,4066.76,4067.08,4065.77,4065.87,167
1784915280,4065.89,4066.06,4064.88,4065.38,161
1784915340,4065.39,4066.23,4065.39,4066.14,157
1784915400,4066.2,4066.83,4065.92,4066.53,201
1784915460,4066.61,4066.93,4065.04,4065.13,171
1784915520,4065.14,4065.14,4063.53,4063.94,195
1784915580,4063.91,4064.22,4063.26,4063.42,167
1784915640,4063.41,4063.66,4063.11,4063.47,160
1784915700,4063.54,4064.8,4063.49,4064.78,165
1784915760,4064.83,4065.26,4064.34,4064.63,220
1784915820,4064.62,4065.03,4064.2,4064.73,200
1784915880,4064.72,4065,4064.71,4064.89,97
1784915940,4064.84,4065,4063.36,4063.41,172
1784916000,4063.62,4064.03,4063.38,4063.87,186
1784916060,4063.98,4064.14,4062.84,4063.39,180
1784916120,4063.34,4063.61,4062.83,4062.83,161
1784916180,4062.27,4062.31,4061.27,4061.88,171
1784916240,4061.83,4063.11,4061.66,4062.97,175
1784916300,4062.88,4064.45,4062.88,4064.33,213
1784916360,4064.32,4064.44,4062.93,4062.96,174
1784916420,4062.94,4063.47,4062.82,4063.3,196
1784916480,4063.26,4063.49,4062.94,4063.02,173
1784916540,4063.03,4063.51,4062.82,4063.1,197
1784916600,4063.29,4063.5,4062.64,4063.3,173
1784916660,4063.32,4063.32,4061.91,4062.53,154
1784916720,4062.52,4062.9,4062.31,4062.59,174
1784916780,4062.57,4062.95,4062.32,4062.33,180
1784916840,4062.32,4062.35,4061.47,4061.69,162
1784916900,4061.7,4062.77,4061.63,4062.76,164
1784916960,4062.77,4062.95,4062.35,4062.56,180
1784917020,4062.66,4063.01,4061.61,4061.61,157
1784917080,4061.6,4061.87,4060.33,4060.7,171
1784917140,4060.66,4060.78,4060.19,4060.27,177
1784917200,4060.23,4060.71,4058.68,4059.25,210
1784917260,4059.19,4059.22,4058.49,4058.84,225
1784917320,4058.96,4059.14,4057.14,4057.24,217
1784917380,4057.26,4058.22,4056.7,4058.14,219
1784917440,4058.36,4058.36,4057.16,4057.55,182
1784917500,4057.53,4058.41,4055.62,4056.69,226
1784917560,4056.68,4056.83,4056.16,4056.53,189
1784917620,4056.49,4056.78,4056.21,4056.31,183
1784917680,4056.02,4056.76,4055.32,4055.62,222
1784917740,4055.68,4056.23,4055.08,4055.32,240
1784917800,4055.54,4056.14,4055.18,4056.02,205
1784917860,4056.05,4056.2,4053.93,4054.13,208
1784917920,4054.14,4054.89,4053.51,4054.31,216
1784917980,4054.32,4054.77,4052.97,4052.98,172
1784918040,4053,4054.32,4052.55,4054.32,222
1784918100,4054.33,4054.41,4053.4,4054.15,223
1784918160,4054.31,4056.38,4054.31,4055.34,267
1784918220,4055.34,4055.94,4055.25,4055.63,163
1784918280,4055.62,4057,4055.44,4056.98,187
1784918340,4056.94,4056.94,4055.38,4055.62,216
1784918400,4055.53,4055.61,4054.12,4054.5,199
1784918460,4054.42,4054.73,4053.53,4053.53,193
1784918520,4053.49,4053.49,4052.03,4053.17,250
1784918580,4053.27,4053.27,4051.43,4051.48,204
1784918640,4051.66,4052.35,4051.16,4052.19,179
1784918700,4052.3,4053.68,4051.83,4053.68,213
1784918760,4053.7,4054.84,4053.7,4054.59,171
1784918820,4054.65,4055.21,4054.48,4055.06,164
1784918880,4055.09,4055.09,4053.41,4053.41,154
1784918940,4053.44,4054.03,4053.42,4053.56,129
1784919000,4053.55,4054.37,4052.99,4054.37,189
1784919060,4054.26,4055.45,4054.09,4055.32,192
1784919120,4055.29,4055.94,4054.7,4054.7,172
1784919180,4054.53,4054.94,4054.29,4054.69,146
1784919240,4054.67,4054.78,4054.08,4054.4,157
1784919300,4054.45,4055.15,4054.01,4055.15,168
1784919360,4055.26,4055.26,4054.42,4054.91,183
1784919420,4054.9,4055.29,4054.76,4055.1,188
1784919480,4055.08,4055.2,4054.86,4054.91,157
1784919540,4054.98,4054.99,4054.29,4054.41,150
1784919600,4054.53,4054.87,4052.42,4052.62,245
1784919660,4052.73,4053.9,4052.67,4052.68,216
1784919720,4052.76,4055.71,4052.29,4055.34,226
1784919780,4055.33,4055.9,4054.76,4055.89,199
1784919840,4055.79,4056.37,4054.57,4054.72,202
1784919900,4054.63,4054.86,4054.32,4054.69,179
1784919960,4054.86,4054.86,4053.51,4053.71,198
1784920020,4053.5,4053.78,4052.52,4053.06,204
1784920080,4053.07,4054.04,4052.94,4053.78,234
1784920140,4053.71,4053.82,4052.97,4052.97,198
1784920200,4052.96,4053.08,4052.59,4052.85,196
1784920260,4052.81,4054.4,4052.68,4054.17,193
1784920320,4054.21,4054.74,4054.1,4054.1,179
1784920380,4054.12,4054.23,4053.04,4053.41,178
1784920440,4053.54,4053.54,4052.22,4052.31,159
1784920500,4052.3,4052.39,4050.28,4050.5,228
1784920560,4050.66,4050.96,4049.64,4050.96,190
1784920620,4050.95,4051.38,4050.39,4051.23,192
1784920680,4051.26,4051.73,4050.9,4051.43,187
1784920740,4051.32,4051.55,4050.1,4050.85,170
1784920800,4050.86,4050.97,4050.1,4050.28,173
1784920860,4050.32,4051.28,4050.1,4050.9,225
1784920920,4050.87,4051.07,4049.99,4050.79,181
1784920980,4050.77,4050.77,4050,4050.01,151
1784921040,4050.03,4050.2,4049.59,4049.68,203
1784921100,4049.66,4050.67,4049.31,4050.66,180
1784921160,4050.85,4051.12,4050.5,4050.62,200
1784921220,4050.89,4051.04,4050.56,4050.9,146
1784921280,4050.86,4051.48,4050.76,4051.48,143
1784921340,4051.71,4051.94,4051.31,4051.62,168
1784921400,4051.61,4051.94,4051.42,4051.76,207
1784921460,4051.82,4052.3,4051.33,4051.59,174
1784921520,4051.6,4053.16,4051.6,4053.01,203
1784921580,4052.98,4054.44,4052.76,4053.69,242
1784921640,4053.58,4054.33,4053.54,4054.11,199
1784921700,4053.99,4055.83,4053.67,4055.55,270
1784921760,4055.51,4055.74,4053.98,4054.21,234
1784921820,4054.21,4056.43,4054.21,4055.7,231
1784921880,4055.69,4055.75,4054.79,4055.41,195
1784921940,4055.48,4056.13,4055.06,4055.48,203
1784922000,4055.52,4057.94,4055.3,4057.89,240
1784922060,4057.62,4057.87,4056.64,4056.84,222
1784922120,4056.77,4057.65,4056.52,4057.65,171
1784922180,4057.66,4057.73,4056.65,4057.16,150
1784922240,4057.06,4057.06,4056.38,4056.99,202
1784922300,4057.03,4057.41,4056.99,4057.32,181
1784922360,4057.33,4057.49,4056.08,4056.14,190
1784922420,4056.17,4056.83,4055.57,4055.69,213
1784922480,4055.77,4056.12,4055.27,4055.42,153
1784922540,4055.37,4055.45,4054.98,4055.28,159
1784922600,4055.44,4055.6,4053.8,4054.13,219
1784922660,4054.19,4054.72,4053.98,4054.56,163
1784922720,4054.39,4054.44,4054.05,4054.23,169
1784922780,4054.22,4055.31,4054.22,4055.2,167
1784922840,4055.14,4055.71,4054.86,4055.39,227
1784922900,4055.38,4055.38,4053.51,4054.01,244
1784922960,4054.02,4054.84,4053.03,4053.18,202
1784923020,4053.13,4053.38,4052.94,4053.02,204
1784923080,4052.91,4053.84,4052.87,4053.62,180
1784923140,4053.76,4054.33,4053.63,4053.81,231
