time,open,high,low,close,Volume
1784498400,52098.9,52100.9,52081.9,52092.9,46
1784498460,52094.9,52100.4,52085.9,52094.4,152
1784498520,52091.9,52101.4,52067.4,52081.9,150
1784498580,52083.9,52100.9,52076.9,52082.4,166
1784498640,52085.4,52085.4,52067.9,52075.9,114
1784498700,52074.4,52076.9,52048.7,52053.2,132
1784498760,52059.2,52062.7,52023.7,52026.7,142
1784498820,52028.7,52046.7,52027.7,52046.2,126
1784498880,52046.7,52055.7,52043.7,52052.7,89
1784498940,52053.7,52072.7,52053.2,52070.7,86
1784499000,52071.7,52075.7,52053.2,52054.2,112
1784499060,52053.2,52066.7,52050.7,52066.7,104
1784499120,52066.2,52067.2,52062.2,52067.2,88
1784499180,52069.2,52071.7,52062.2,52063.7,100
1784499240,52065.2,52069.2,52060.7,52060.7,74
1784499300,52061.2,52085.2,52061.2,52084.2,108
1784499360,52084.7,52095.2,52083.7,52083.7,88
1784499420,52084.2,52089.7,52083.7,52084.2,64
1784499480,52084.7,52092.2,52080.7,52084.2,100
1784499540,52083.7,52090.7,52078.7,52090.7,106
1784499600,52091.7,52109.7,52088.7,52108.2,118
1784499660,52108.7,52113.7,52105.2,52105.2,94
1784499720,52104.2,52104.2,52095.7,52100.2,86
1784499780,52100.7,52102.7,52093.7,52094.2,80
1784499840,52093.7,52094.2,52084.7,52084.7,90
1784499900,52085.2,52086.2,52080.7,52084.7,50
1784499960,52082.7,52083.2,52073.7,52073.7,98
1784500020,52074.2,52077.2,52066.2,52066.2,104
1784500080,52066.7,52075.2,52066.7,52073.2,96
1784500140,52071.2,52071.2,52062.2,52063.7,66
1784500200,52062.7,52062.7,52055.2,52057.7,112
1784500260,52058.2,52069.2,52058.2,52068.7,74
1784500320,52069.2,52082.7,52065.7,52082.7,102
1784500380,52084.2,52099.2,52084.2,52096.7,108
1784500440,52098.7,52105.2,52095.2,52104.2,94
1784500500,52103.7,52110.7,52103.2,52107.2,86
1784500560,52107.7,52117.7,52107.7,52116.7,122
1784500620,52115.7,52115.7,52101.7,52103.2,82
1784500680,52102.2,52110.7,52102.2,52106.2,80
1784500740,52105.7,52109.7,52105.7,52108.7,56
1784500800,52109.7,52115.2,52108.2,52114.7,96
1784500860,52115.2,52128.7,52115.2,52128.2,118
1784500920,52128.7,52129.7,52126.7,52128.2,84
1784500980,52128.7,52141.7,52127.2,52141.7,56
1784501040,52145.7,52149.7,52138.7,52138.7,84
1784501100,52141.2,52142.2,52136.7,52141.7,80
1784501160,52142.2,52146.7,52136.7,52138.7,78
1784501220,52138.2,52139.7,52127.7,52127.7,58
1784501280,52129.7,52130.7,52125.2,52128.2,64
1784501340,52128.7,52139.7,52128.7,52137.7,82
1784501400,52138.7,52138.7,52127.2,52128.2,80
1784501460,52129.7,52129.7,52118.7,52121.7,118
1784501520,52121.2,52121.2,52111.2,52111.7,98
1784501580,52110.2,52115.7,52110.2,52111.2,74
1784501640,52111.7,52119.2,52111.7,52117.7,58
1784501700,52118.7,52131.2,52118.2,52130.7,60
1784501760,52130.2,52130.2,52119.7,52123.2,48
1784501820,52121.2,52125.2,52119.7,52120.2,70
1784501880,52119.7,52120.2,52116.2,52119.2,64
1784501940,52118.7,52122.7,52116.7,52122.7,72
1784502000,52123.2,52125.2,52108.7,52114.7,142
1784502060,52115.7,52115.7,52107.7,52108.2,76
1784502120,52106.2,52109.7,52105.2,52107.2,64
1784502180,52106.7,52106.7,52100.2,52100.2,68
1784502240,52101.2,52109.7,52100.2,52109.2,76
1784502300,52110.7,52112.7,52104.2,52110.2,94
1784502360,52109.7,52112.2,52096.7,52098.2,86
1784502420,52097.7,52100.7,52096.2,52100.7,48
1784502480,52104.2,52112.7,52104.2,52107.7,76
1784502540,52106.7,52110.7,52105.2,52110.2,54
1784502600,52110.7,52115.7,52107.7,52114.2,72
1784502660,52115.7,52121.2,52111.2,52121.2,48
1784502720,52121.7,52121.7,52115.7,52115.7,50
1784502780,52116.2,52121.2,52113.7,52113.7,54
1784502840,52113.2,52119.2,52111.2,52112.2,72
1784502900,52113.2,52116.7,52112.7,52113.2,50
1784502960,52112.7,52114.2,52106.7,52106.7,44
1784503020,52109.7,52110.2,52104.7,52107.2,74
1784503080,52107.7,52111.2,52102.7,52108.2,46
1784503140,52107.2,52109.2,52104.2,52108.2,42
1784503200,52109.2,52109.7,52103.2,52104.2,34
1784503260,52105.2,52105.7,52096.7,52097.2,56
1784503320,52096.7,52103.2,52096.7,52102.2,62
1784503380,52103.2,52112.2,52102.2,52110.2,82
1784503440,52111.7,52115.2,52110.7,52114.7,62
1784503500,52114.2,52125.2,52113.7,52123.2,82
1784503560,52122.7,52122.7,52098.2,52098.7,96
1784503620,52099.2,52100.2,52092.2,52099.2,100
1784503680,52098.7,52102.2,52097.2,52097.7,64
1784503740,52098.2,52107.2,52094.7,52100.2,72
1784503800,52102.2,52105.2,52089.7,52098.7,92
1784503860,52100.7,52103.7,52094.2,52099.7,96
1784503920,52099.2,52102.2,52095.7,52101.2,44
1784503980,52101.7,52107.7,52101.2,52107.7,54
1784504040,52111.2,52118.7,52108.2,52118.2,82
1784504100,52119.2,52128.2,52117.2,52126.7,110
1784504160,52126.2,52132.2,52123.2,52126.2,58
1784504220,52125.7,52126.2,52115.2,52123.2,110
1784504280,52122.7,52128.7,52121.7,52122.2,80
1784504340,52121.2,52122.7,52114.7,52114.7,70
1784504400,52114.2,52122.2,52112.2,52119.2,56
1784504460,52120.2,52123.7,52116.2,52117.2,58
1784504520,52116.2,52131.2,52115.2,52131.2,80
1784504580,52130.2,52133.2,52128.2,52130.2,72
1784504640,52130.7,52135.2,52130.2,52132.2,64
1784504700,52133.2,52133.2,52097.2,52109.2,148
1784504760,52108.7,52116.2,52099.7,52102.2,168
1784504820,52103.7,52108.7,52103.7,52105.2,110
1784504880,52104.7,52114.7,52102.7,52109.7,104
1784504940,52109.2,52111.2,52103.2,52103.2,104
1784505000,52102.7,52119.2,52102.7,52117.7,130
1784505060,52116.7,52136.2,52116.7,52136.2,124
1784505120,52134.2,52139.2,52129.2,52133.2,104
1784505180,52132.7,52137.7,52130.7,52134.7,90
1784505240,52135.2,52135.7,52123.2,52126.2,100
1784505300,52127.2,52128.7,52119.7,52127.7,88
1784505360,52127.2,52132.7,52126.7,52131.2,82
1784505420,52131.7,52137.7,52130.7,52136.2,86
1784505480,52135.2,52139.2,52134.2,52134.7,84
1784505540,52135.2,52140.2,52134.2,52136.2,90
1784505600,52136.7,52151.2,52126.7,52130.7,182
1784505660,52130.2,52130.2,52117.2,52117.7,148
1784505720,52116.7,52131.7,52116.2,52129.2,152
1784505780,52128.2,52133.2,52123.2,52128.7,154
1784505840,52128.2,52142.2,52127.7,52140.2,138
1784505900,52139.2,52150.2,52138.2,52146.2,176
1784505960,52145.2,52170.2,52143.7,52153.2,150
1784506020,52152.7,52176.7,52152.7,52154.7,150
1784506080,52156.2,52181.7,52154.2,52181.7,148
1784506140,52181.2,52187.2,52169.7,52169.7,114
1784506200,52167.2,52178.2,52167.2,52171.2,152
1784506260,52170.2,52182.2,52166.7,52177.2,142
1784506320,52176.7,52179.2,52169.7,52174.2,144
1784506380,52177.7,52178.2,52170.2,52173.2,136
1784506440,52172.2,52177.2,52164.2,52167.2,102
1784506500,52168.2,52175.7,52159.7,52163.7,168
1784506560,52164.2,52175.2,52163.2,52167.2,130
1784506620,52165.7,52182.2,52163.2,52172.2,154
1784506680,52172.7,52175.2,52161.7,52166.7,134
1784506740,52166.2,52174.7,52166.2,52172.7,110
1784506800,52173.2,52173.2,52162.2,52166.2,118
1784506860,52167.2,52176.7,52156.2,52156.2,150
1784506920,52157.7,52159.2,52148.7,52153.2,124
1784506980,52153.7,52159.2,52151.2,52157.7,142
1784507040,52158.7,52160.2,52150.2,52155.2,122
1784507100,52154.7,52154.7,52143.7,52145.7,104
1784507160,52147.2,52155.7,52146.7,52155.2,146
1784507220,52154.7,52158.2,52147.2,52152.2,140
1784507280,52152.7,52156.7,52150.7,52156.2,152
1784507340,52155.7,52157.2,52146.2,52153.2,130
1784507400,52152.7,52156.2,52142.2,52144.2,134
1784507460,52145.2,52151.2,52142.2,52145.7,140
1784507520,52147.2,52148.2,52136.2,52139.2,142
1784507580,52138.7,52143.7,52137.7,52139.7,112
1784507640,52139.2,52147.2,52134.7,52135.7,130
1784507700,52135.2,52142.2,52132.7,52142.2,126
1784507760,52141.7,52151.2,52135.2,52146.7,138
1784507820,52145.2,52149.2,52140.7,52143.2,114
1784507880,52142.2,52142.2,52134.7,52140.7,114
1784507940,52142.2,52145.7,52131.7,52133.2,98
1784508000,52132.7,52133.7,52126.2,52129.7,150
1784508060,52129.2,52146.2,52129.2,52143.7,102
1784508120,52142.7,52149.2,52141.7,52145.7,108
1784508180,52145.2,52145.2,52129.2,52131.7,118
1784508240,52132.2,52132.2,52126.7,52127.2,102
1784508300,52126.7,52140.7,52121.7,52140.2,138
1784508360,52136.7,52144.7,52136.7,52143.2,134
1784508420,52141.7,52144.2,52133.2,52135.2,144
1784508480,52134.7,52142.2,52134.7,52142.2,84
1784508540,52142.7,52146.2,52140.2,52141.2,86
1784508600,52144.2,52145.2,52138.2,52140.7,78
1784508660,52140.2,52150.7,52140.2,52150.7,68
1784508720,52151.2,52151.2,52139.2,52140.2,100
1784508780,52141.2,52146.2,52141.2,52144.2,90
1784508840,52143.7,52148.2,52142.2,52144.2,84
1784508900,52143.2,52154.2,52143.2,52154.2,90
1784508960,52155.2,52157.2,52147.2,52149.2,134
1784509020,52149.7,52150.2,52144.7,52148.2,88
1784509080,52147.7,52147.7,52143.2,52144.7,88
1784509140,52144.2,52152.2,52144.2,52152.2,110
1784509200,52155.2,52172.2,52152.2,52171.2,178
1784509260,52169.7,52178.2,52166.2,52168.7,160
1784509320,52168.2,52172.2,52163.2,52165.2,126
1784509380,52164.7,52168.2,52164.2,52165.7,130
1784509440,52166.2,52168.2,52159.2,52161.7,128
1784509500,52161.2,52173.7,52159.7,52173.2,132
1784509560,52173.7,52177.2,52166.7,52174.7,114
1784509620,52174.2,52179.2,52168.2,52169.2,118
1784509680,52168.2,52175.7,52167.7,52170.7,98
1784509740,52171.7,52176.2,52171.2,52174.7,118
1784509800,52174.2,52181.7,52174.2,52177.2,94
1784509860,52178.2,52179.2,52162.2,52164.2,134
1784509920,52163.2,52166.2,52159.2,52164.2,116
1784509980,52163.2,52163.7,52158.2,52161.2,128
1784510040,52161.7,52162.2,52152.2,52155.2,102
1784510100,52155.7,52158.7,52149.2,52154.2,118
1784510160,52153.7,52162.2,52153.2,52158.2,126
1784510220,52157.7,52157.7,52150.2,52151.2,146
1784510280,52150.7,52155.2,52149.2,52152.2,136
1784510340,52153.2,52156.2,52146.7,52149.7,108
1784510400,52148.2,52154.7,52137.2,52154.7,126
1784510460,52153.7,52160.2,52149.2,52152.7,122
1784510520,52154.2,52166.7,52154.2,52162.2,140
1784510580,52161.7,52175.7,52160.2,52167.2,100
1784510640,52168.2,52171.2,52160.2,52160.2,120
1784510700,52159.2,52168.7,52158.7,52167.7,126
1784510760,52169.2,52169.2,52158.2,52165.2,142
1784510820,52164.2,52165.2,52152.7,52154.7,108
1784510880,52155.2,52155.2,52144.2,52145.2,122
1784510940,52146.2,52146.7,52135.7,52139.7,98
1784511000,52138.2,52140.2,52132.2,52135.7,144
1784511060,52136.7,52143.2,52133.2,52140.7,118
1784511120,52140.2,52143.2,52135.2,52141.2,122
1784511180,52141.7,52144.2,52137.7,52141.2,120
1784511240,52140.2,52146.2,52136.7,52144.2,108
1784511300,52143.2,52144.7,52133.2,52134.2,124
1784511360,52133.2,52134.7,52126.2,52133.2,130
1784511420,52133.7,52138.2,52131.7,52132.7,144
1784511480,52131.7,52141.2,52130.2,52135.2,124
1784511540,52134.7,52137.2,52129.7,52135.2,134
1784511600,52134.2,52136.7,52130.2,52131.2,112
1784511660,52131.7,52133.7,52128.2,52129.2,138
1784511720,52128.7,52128.7,52104.2,52108.7,146
1784511780,52108.2,52108.2,52093.7,52098.7,146
1784511840,52099.7,52107.2,52095.7,52105.2,124
1784511900,52104.7,52110.2,52099.2,52104.2,138
1784511960,52106.2,52112.7,52102.2,52102.7,134
1784512020,52103.2,52106.2,52099.2,52102.7,122
1784512080,52102.2,52112.2,52100.2,52109.2,112
1784512140,52108.2,52114.2,52105.7,52109.2,106
1784512200,52108.7,52112.7,52099.2,52101.2,114
1784512260,52100.2,52100.2,52086.2,52086.2,122
1784512320,52086.7,52088.2,52078.7,52082.7,114
1784512380,52082.2,52084.7,52074.7,52074.7,102
1784512440,52072.2,52074.7,52065.2,52066.2,100
1784512500,52065.7,52075.2,52065.2,52070.7,124
1784512560,52070.2,52077.7,52068.2,52076.7,122
1784512620,52075.2,52087.7,52074.2,52086.7,132
1784512680,52086.2,52088.7,52080.7,52081.7,132
1784512740,52082.2,52088.7,52081.2,52083.2,118
1784512800,52086.2,52102.2,52079.7,52098.7,147
1784512860,52099.2,52118.2,52099.2,52112.7,170
1784512920,52112.2,52128.7,52112.2,52125.2,162
1784512980,52124.7,52130.2,52115.7,52116.7,154
1784513040,52116.2,52128.7,52116.2,52125.7,128
1784513100,52126.2,52134.7,52123.7,52131.7,136
1784513160,52130.2,52133.2,52123.2,52123.7,144
1784513220,52124.7,52125.7,52115.2,52118.2,132
1784513280,52118.7,52128.7,52117.7,52122.7,138
1784513340,52124.2,52126.2,52119.2,52122.2,124
1784513400,52123.2,52123.7,52113.2,52116.2,118
1784513460,52115.7,52116.7,52107.2,52112.2,126
1784513520,52110.2,52117.2,52110.2,52111.2,116
1784513580,52111.7,52111.7,52101.2,52102.2,94
1784513640,52101.2,52101.2,52094.7,52099.2,102
1784513700,52100.2,52101.2,52084.2,52087.2,100
1784513760,52086.7,52087.2,52080.2,52087.2,104
1784513820,52088.2,52092.2,52081.2,52083.7,124
1784513880,52083.2,52084.2,52075.2,52076.2,98
1784513940,52075.2,52076.7,52071.2,52075.2,86
1784514000,52076.2,52081.7,52075.7,52076.2,112
1784514060,52075.2,52087.7,52075.2,52087.7,120
1784514120,52087.2,52087.2,52079.7,52080.2,94
1784514180,52081.2,52086.2,52079.2,52082.2,108
1784514240,52082.7,52084.2,52079.2,52080.2,84
1784514300,52080.7,52086.2,52079.7,52082.2,84
1784514360,52083.2,52083.2,52073.7,52080.2,92
1784514420,52081.2,52088.2,52080.2,52088.2,130
1784514480,52087.2,52093.2,52086.7,52092.2,120
1784514540,52091.2,52097.2,52090.2,52092.2,98
1784514600,52090.7,52111.2,52090.2,52111.2,124
1784514660,52112.2,52115.7,52108.2,52110.7,130
1784514720,52109.7,52125.2,52109.7,52122.7,130
1784514780,52123.2,52128.2,52111.7,52111.7,132
1784514840,52110.2,52119.2,52107.2,52114.7,114
1784514900,52114.2,52119.2,52106.2,52111.7,130
1784514960,52111.2,52121.7,52110.2,52116.2,140
1784515020,52115.7,52120.2,52110.7,52113.2,104
1784515080,52112.7,52116.2,52111.7,52115.2,110
1784515140,52115.7,52117.2,52111.7,52112.2,94
1784515200,52113.2,52115.2,52108.2,52114.7,94
1784515260,52114.2,52127.2,52111.2,52125.2,136
1784515320,52124.2,52141.2,52124.2,52137.2,106
1784515380,52136.7,52142.2,52135.7,52140.2,130
1784515440,52141.2,52141.2,52129.2,52129.2,98
1784515500,52129.7,52137.2,52129.7,52136.2,116
1784515560,52135.7,52137.2,52129.7,52130.2,108
1784515620,52129.7,52129.7,52125.7,52128.7,100
1784515680,52129.2,52134.7,52126.2,52132.2,140
1784515740,52131.2,52134.7,52127.2,52129.2,114
1784515800,52130.2,52132.7,52125.7,52127.2,88
1784515860,52126.2,52129.7,52124.2,52124.2,74
1784515920,52125.2,52125.2,52121.7,52123.2,84
1784515980,52124.2,52127.2,52123.2,52125.2,76
1784516040,52124.2,52128.2,52122.2,52123.2,110
1784516100,52123.7,52126.7,52118.2,52118.2,80
1784516160,52118.7,52132.7,52117.2,52128.7,112
1784516220,52128.2,52128.7,52121.7,52123.2,100
1784516280,52122.2,52124.2,52120.2,52123.7,98
1784516340,52123.2,52127.2,52121.7,52124.7,64
1784516400,52124.2,52130.2,52121.2,52129.2,90
1784516460,52130.2,52130.2,52119.7,52121.2,138
1784516520,52121.7,52123.7,52117.7,52123.7,84
1784516580,52123.2,52125.7,52116.2,52119.7,104
1784516640,52118.2,52119.7,52115.7,52116.2,100
1784516700,52115.7,52117.2,52106.7,52108.2,102
1784516760,52107.7,52107.7,52102.2,52103.2,88
1784516820,52102.7,52103.7,52099.2,52101.7,86
1784516880,52102.2,52103.7,52099.2,52101.2,106
1784516940,52101.7,52103.7,52099.7,52100.2,84
1784517000,52100.7,52103.7,52099.2,52103.2,70
1784517060,52102.7,52106.2,52098.7,52101.7,112
1784517120,52100.7,52100.7,52095.7,52099.7,94
1784517180,52100.2,52103.2,52097.2,52098.2,108
1784517240,52097.7,52102.2,52094.7,52101.7,110
1784517300,52101.2,52117.2,52099.2,52115.2,124
1784517360,52114.2,52119.2,52112.2,52119.2,102
1784517420,52118.7,52122.2,52113.2,52116.7,98
1784517480,52117.2,52117.2,52110.7,52115.2,92
1784517540,52115.7,52118.2,52114.2,52117.7,76
1784517600,52116.2,52120.2,52114.7,52118.2,102
1784517660,52117.7,52118.2,52114.2,52118.2,106
1784517720,52117.7,52121.2,52115.2,52121.2,104
1784517780,52120.7,52123.2,52114.7,52120.2,86
1784517840,52119.7,52129.7,52119.7,52128.2,96
1784517900,52128.7,52130.7,52122.2,52129.7,114
1784517960,52129.2,52130.2,52126.2,52127.7,122
1784518020,52127.2,52127.2,52120.2,52122.7,68
1784518080,52123.2,52125.2,52119.7,52123.7,94
1784518140,52123.2,52126.2,52120.2,52121.2,106
1784518200,52121.7,52130.2,52117.7,52129.7,104
1784518260,52130.7,52135.7,52125.7,52127.2,140
1784518320,52128.2,52131.2,52123.7,52124.2,96
1784518380,52123.7,52133.2,52122.2,52126.2,108
1784518440,52125.7,52129.7,52125.7,52129.7,114
1784518500,52129.2,52129.7,52120.2,52122.2,112
1784518560,52121.7,52125.2,52119.2,52125.2,98
1784518620,52126.2,52137.2,52124.2,52134.7,110
1784518680,52135.2,52137.2,52129.2,52129.2,104
1784518740,52128.2,52132.7,52128.2,52131.2,84
1784518800,52130.7,52133.2,52126.7,52126.7,78
1784518860,52127.2,52133.7,52125.2,52131.2,110
1784518920,52130.7,52142.2,52130.7,52141.2,94
1784518980,52141.7,52143.7,52139.2,52141.2,74
1784519040,52141.7,52143.2,52138.2,52142.7,84
1784519100,52142.2,52143.2,52138.2,52140.7,80
1784519160,52141.2,52144.2,52138.2,52141.2,86
1784519220,52141.7,52145.2,52138.7,52145.2,98
1784519280,52144.2,52147.2,52143.2,52146.7,90
1784519340,52147.2,52147.2,52140.2,52141.7,82
1784519400,52142.2,52145.7,52139.2,52145.7,86
1784519460,52145.2,52147.7,52140.2,52141.2,94
1784519520,52140.7,52147.2,52140.2,52146.2,64
1784519580,52146.7,52148.7,52142.2,52142.2,62
1784519640,52141.7,52144.7,52140.7,52141.7,74
1784519700,52143.2,52146.2,52139.2,52139.2,86
1784519760,52138.2,52141.2,52133.2,52133.7,100
1784519820,52133.2,52134.7,52127.2,52127.2,100
1784519880,52126.2,52126.2,52117.7,52125.2,82
1784519940,52124.2,52127.7,52121.7,52127.2,62
1784520000,52126.7,52133.7,52126.7,52133.2,112
1784520060,52132.2,52135.7,52129.2,52129.7,102
1784520120,52129.2,52129.2,52123.7,52125.2,80
1784520180,52125.7,52125.7,52121.2,52124.2,70
1784520240,52123.2,52127.2,52122.7,52125.2,82
1784520300,52124.7,52126.2,52120.2,52121.2,74
1784520360,52120.7,52121.2,52117.7,52117.7,72
1784520420,52116.2,52116.2,52109.7,52115.2,88
1784520480,52113.2,52116.2,52111.2,52116.2,74
1784520540,52115.2,52118.2,52113.2,52114.2,56
1784520600,52115.2,52117.2,52111.2,52115.2,68
1784520660,52116.2,52119.2,52112.2,52118.2,72
1784520720,52119.2,52119.2,52113.7,52114.2,64
1784520780,52113.2,52113.2,52108.7,52111.7,90
1784520840,52110.2,52110.2,52103.2,52106.2,78
1784520900,52105.2,52105.2,52098.7,52101.2,64
1784520960,52100.7,52101.2,52098.2,52099.7,72
1784521020,52100.2,52102.2,52095.2,52099.2,96
1784521080,52099.7,52105.7,52099.7,52103.2,78
1784521140,52103.7,52110.7,52101.2,52109.7,120
1784521200,52110.7,52112.2,52105.7,52111.7,120
1784521260,52112.2,52113.2,52105.7,52109.2,70
1784521320,52107.7,52109.2,52104.2,52108.7,112
1784521380,52109.2,52116.7,52108.7,52115.7,86
1784521440,52116.2,52122.7,52116.2,52120.7,96
1784521500,52120.2,52126.7,52120.2,52124.2,88
1784521560,52123.2,52133.7,52123.2,52132.7,84
1784521620,52131.2,52138.2,52130.7,52138.2,92
1784521680,52137.2,52143.2,52137.2,52141.2,74
1784521740,52140.7,52146.2,52139.2,52142.2,70
1784521800,52141.7,52145.2,52137.2,52140.2,76
1784521860,52139.2,52144.2,52138.2,52141.2,62
1784521920,52140.2,52149.7,52139.2,52149.7,100
1784521980,52149.2,52154.7,52143.2,52143.2,104
1784522040,52144.2,52149.2,52142.2,52143.7,90
1784522100,52144.2,52149.2,52144.2,52148.2,72
1784522160,52147.2,52151.2,52144.2,52146.2,100
1784522220,52147.2,52150.2,52145.2,52147.2,72
1784522280,52148.2,52154.7,52148.2,52154.7,52
1784522340,52155.2,52160.7,52155.2,52156.2,88
1784522400,52155.2,52167.2,52155.2,52166.2,82
1784522460,52165.2,52168.2,52161.2,52162.2,72
1784522520,52161.2,52173.2,52160.2,52171.2,66
1784522580,52170.2,52172.2,52165.2,52167.2,76
1784522640,52167.7,52171.2,52165.7,52165.7,58
1784522700,52166.2,52168.2,52162.2,52166.2,72
1784522760,52167.2,52173.2,52165.7,52173.2,64
1784522820,52173.7,52176.7,52172.2,52174.7,98
1784522880,52175.2,52177.2,52173.7,52174.7,46
1784522940,52175.2,52178.2,52175.2,52177.2,38
1784523000,52178.2,52179.7,52175.7,52179.7,80
1784523060,52179.2,52185.7,52176.2,52184.7,102
1784523120,52185.2,52185.2,52179.7,52179.7,98
1784523180,52179.2,52179.7,52173.2,52173.2,80
1784523240,52172.2,52172.2,52167.7,52170.2,68
1784523300,52169.7,52173.2,52164.7,52165.2,86
1784523360,52164.7,52170.2,52163.2,52166.7,68
1784523420,52165.7,52166.7,52164.2,52165.2,56
1784523480,52164.2,52167.7,52162.2,52163.7,68
1784523540,52164.7,52164.7,52159.7,52162.7,70
1784523600,52163.7,52169.2,52161.7,52166.2,98
1784523660,52167.2,52167.7,52162.2,52164.7,84
1784523720,52165.2,52165.2,52160.7,52161.7,78
1784523780,52160.7,52164.2,52157.2,52162.7,92
1784523840,52163.2,52164.7,52156.7,52159.2,112
1784523900,52159.7,52160.2,52149.2,52149.2,82
1784523960,52150.2,52152.2,52146.2,52151.2,106
1784524020,52151.7,52151.7,52143.7,52147.7,94
1784524080,52148.2,52148.2,52143.7,52143.7,80
1784524140,52145.2,52145.7,52137.2,52140.7,86
1784524200,52141.7,52143.2,52133.7,52134.2,54
1784524260,52134.7,52134.7,52119.7,52120.7,122
1784524320,52121.2,52123.7,52113.7,52116.7,128
1784524380,52115.7,52132.2,52113.7,52129.7,140
1784524440,52130.7,52137.7,52128.2,52131.2,144
1784524500,52130.7,52133.2,52125.2,52129.2,108
1784524560,52128.7,52130.2,52125.7,52127.2,116
1784524620,52126.7,52128.2,52117.2,52118.2,126
1784524680,52118.7,52119.2,52114.2,52118.2,70
1784524740,52119.2,52126.7,52117.2,52125.2,104
1784524800,52126.2,52126.7,52119.2,52122.2,80
1784524860,52121.7,52122.7,52114.2,52116.2,98
1784524920,52115.2,52121.2,52114.2,52120.2,84
1784524980,52121.2,52121.2,52110.7,52117.2,78
1784525040,52116.7,52120.2,52115.2,52120.2,76
1784525100,52120.7,52121.2,52110.2,52116.2,100
1784525160,52115.7,52116.7,52110.2,52112.2,98
1784525220,52111.7,52121.2,52111.7,52119.7,92
1784525280,52119.2,52121.2,52114.2,52114.2,70
1784525340,52114.7,52117.7,52111.7,52117.7,92
1784525400,52118.2,52120.2,52112.2,52118.7,128
1784525460,52117.2,52118.7,52112.7,52114.7,108
1784525520,52114.2,52115.7,52112.7,52114.7,84
1784525580,52114.2,52118.7,52111.7,52111.7,94
1784525640,52112.2,52115.7,52110.7,52112.7,114
1784525700,52114.2,52119.7,52112.7,52116.2,100
1784525760,52115.7,52121.7,52113.7,52120.2,106
1784525820,52119.7,52124.2,52117.2,52117.2,74
1784525880,52116.7,52123.7,52111.2,52122.7,120
1784525940,52122.2,52122.7,52113.7,52113.7,114
1784526000,52114.2,52121.7,52113.7,52119.7,112
1784526060,52120.2,52124.7,52114.2,52114.7,92
1784526120,52115.2,52121.2,52113.7,52116.7,92
1784526180,52117.7,52120.7,52112.7,52115.7,86
1784526240,52114.7,52116.2,52111.7,52111.7,74
1784526300,52112.2,52112.2,52107.7,52108.7,90
1784526360,52108.2,52108.2,52100.2,52104.7,96
1784526420,52106.2,52116.7,52105.2,52116.7,112
1784526480,52116.2,52118.7,52108.2,52110.7,110
1784526540,52111.2,52111.2,52104.7,52107.7,80
1784526600,52108.2,52108.7,52102.2,52107.2,74
1784526660,52107.7,52108.7,52104.2,52104.2,90
1784526720,52102.7,52105.7,52097.7,52105.7,82
1784526780,52105.2,52105.7,52102.2,52103.2,70
1784526840,52102.2,52103.2,52097.2,52098.2,48
1784526900,52097.7,52102.2,52091.2,52100.7,108
1784526960,52101.2,52106.7,52099.7,52103.7,124
1784527020,52104.7,52108.2,52103.7,52105.2,84
1784527080,52105.7,52107.2,52096.7,52096.7,92
1784527140,52096.2,52096.2,52092.2,52096.2,82
1784527200,52096.7,52106.2,52096.7,52105.2,108
1784527260,52100.7,52106.7,52097.2,52103.2,130
1784527320,52102.7,52103.2,52094.2,52101.7,118
1784527380,52100.2,52103.2,52096.2,52096.2,106
1784527440,52097.2,52100.7,52095.2,52098.2,132
1784527500,52099.2,52100.7,52084.2,52090.7,86
1784527560,52092.2,52097.7,52090.2,52091.7,104
1784527620,52092.2,52096.7,52089.7,52095.7,90
1784527680,52094.2,52108.7,52094.2,52107.7,114
1784527740,52107.2,52113.7,52101.2,52103.2,110
1784527800,52102.2,52102.2,52090.7,52095.7,108
1784527860,52094.7,52095.7,52090.2,52090.7,102
1784527920,52091.2,52096.2,52089.7,52095.7,66
1784527980,52096.2,52097.2,52089.2,52090.2,82
1784528040,52090.7,52092.2,52088.7,52092.2,90
1784528100,52091.7,52097.2,52089.7,52095.2,88
1784528160,52095.7,52103.2,52093.7,52099.2,130
1784528220,52098.7,52101.2,52091.7,52091.7,98
1784528280,52090.2,52095.2,52087.2,52087.2,96
1784528340,52087.7,52089.2,52084.7,52084.7,114
1784528400,52085.2,52097.2,52084.7,52095.7,96
1784528460,52096.2,52101.2,52090.2,52090.2,76
1784528520,52089.2,52094.7,52087.2,52094.7,82
1784528580,52096.7,52104.7,52094.2,52099.7,112
1784528640,52099.2,52101.7,52087.2,52087.2,104
1784528700,52088.2,52089.2,52084.7,52088.7,102
1784528760,52089.2,52092.7,52080.7,52090.7,92
1784528820,52091.2,52091.2,52085.7,52087.7,98
1784528880,52087.2,52090.2,52085.7,52085.7,74
1784528940,52085.2,52090.2,52082.7,52082.7,112
1784529000,52083.2,52089.2,52078.7,52087.7,106
1784529060,52089.2,52089.2,52082.7,52083.2,90
1784529120,52084.7,52084.7,52068.2,52069.2,88
1784529180,52069.7,52069.7,52063.7,52068.2,92
1784529240,52067.7,52067.7,52056.7,52063.7,82
1784529300,52062.2,52063.2,52051.7,52055.7,64
1784529360,52055.2,52065.2,52054.7,52062.7,80
1784529420,52063.7,52063.7,52055.7,52061.2,78
1784529480,52061.7,52068.7,52061.7,52061.7,74
1784529540,52062.2,52063.7,52056.2,52061.7,90
1784529600,52061.2,52066.7,52058.7,52065.7,80
1784529660,52066.7,52094.2,52066.7,52092.2,112
1784529720,52093.2,52096.2,52068.2,52068.2,88
1784529780,52068.7,52073.2,52068.2,52069.2,68
1784529840,52070.2,52079.2,52070.2,52076.7,64
1784529900,52077.2,52080.7,52071.7,52080.7,80
1784529960,52082.2,52087.2,52078.2,52081.2,94
1784530020,52080.7,52085.2,52064.2,52064.2,94
1784530080,52064.7,52074.2,52064.7,52070.7,94
1784530140,52071.7,52073.2,52066.7,52070.2,82
1784530200,52070.7,52081.2,52070.7,52079.2,90
1784530260,52080.2,52085.2,52080.2,52084.2,62
1784530320,52083.7,52085.2,52077.7,52077.7,84
1784530380,52076.7,52080.2,52075.2,52076.2,78
1784530440,52076.7,52078.2,52072.2,52077.2,60
1784530500,52076.7,52077.7,52069.7,52075.2,108
1784530560,52075.7,52077.2,52073.2,52074.2,66
1784530620,52073.2,52074.7,52067.7,52069.2,86
1784530680,52067.7,52069.7,52064.7,52065.7,94
1784530740,52065.2,52079.2,52065.2,52077.7,114
1784530800,52079.2,52100.7,52079.2,52100.2,172
1784530860,52099.7,52120.2,52099.2,52119.2,162
1784530920,52118.2,52120.2,52110.2,52111.2,120
1784530980,52110.2,52117.2,52105.2,52114.7,140
1784531040,52115.2,52122.2,52100.2,52101.2,130
1784531100,52102.2,52108.2,52095.7,52096.2,126
1784531160,52097.2,52104.2,52089.7,52092.2,140
1784531220,52091.7,52097.2,52089.2,52097.2,116
1784531280,52096.2,52099.2,52092.2,52093.7,114
1784531340,52094.2,52103.2,52092.2,52101.2,124
1784531400,52101.7,52106.7,52096.2,52098.7,146
1784531460,52097.2,52102.2,52096.2,52098.2,118
1784531520,52099.2,52107.2,52093.7,52094.2,104
1784531580,52094.7,52101.2,52089.2,52090.2,126
1784531640,52090.7,52097.2,52089.7,52097.2,100
1784531700,52098.2,52098.2,52089.2,52091.2,96
1784531760,52092.2,52097.2,52089.2,52097.2,98
1784531820,52096.2,52096.2,52082.2,52084.7,126
1784531880,52084.2,52101.2,52084.2,52097.2,104
1784531940,52096.2,52096.2,52089.2,52096.2,100
1784532000,52097.2,52110.2,52097.2,52103.2,114
1784532060,52104.2,52107.7,52096.2,52098.7,102
1784532120,52099.2,52148.7,52097.7,52148.7,188
1784532180,52149.2,52149.7,52128.2,52131.7,177
1784532240,52133.2,52140.7,52130.2,52140.2,156
1784532300,52139.2,52152.2,52138.2,52147.2,134
1784532360,52146.7,52165.2,52143.2,52165.2,152
1784532420,52164.7,52173.7,52158.7,52160.7,138
1784532480,52162.2,52169.2,52156.2,52159.2,132
1784532540,52158.2,52167.7,52158.2,52165.2,124
1784532600,52163.7,52204.2,52163.7,52192.2,184
1784532660,52191.2,52195.2,52179.7,52188.2,158
1784532720,52187.7,52195.7,52183.2,52186.2,128
1784532780,52187.2,52209.7,52184.2,52206.2,136
1784532840,52203.2,52222.2,52201.2,52218.2,165
1784532900,52217.7,52230.2,52217.7,52225.7,142
1784532960,52228.2,52240.2,52223.2,52227.2,146
1784533020,52226.2,52233.2,52221.2,52229.2,140
1784533080,52229.7,52239.2,52218.2,52232.2,152
1784533140,52232.7,52237.2,52225.2,52229.2,134
1784533200,52230.2,52232.2,52221.2,52229.2,136
1784533260,52227.2,52245.2,52223.7,52223.7,160
1784533320,52224.2,52241.2,52219.2,52234.2,200
1784533380,52235.7,52235.7,52229.2,52233.7,126
1784533440,52235.2,52243.2,52231.7,52243.2,122
1784533500,52243.7,52250.7,52234.7,52248.2,145
1784533560,52250.2,52253.7,52240.2,52242.2,150
1784533620,52241.7,52242.7,52218.2,52222.7,140
1784533680,52222.2,52223.2,52211.2,52212.2,110
1784533740,52213.2,52213.2,52205.2,52206.2,102
1784533800,52205.2,52205.2,52188.7,52188.7,118
1784533860,52189.2,52196.2,52186.2,52194.2,124
1784533920,52195.2,52201.2,52194.2,52197.2,108
1784533980,52196.2,52201.2,52190.7,52190.7,116
1784534040,52190.2,52191.2,52187.2,52188.2,112
1784534100,52187.2,52198.2,52187.2,52193.2,100
1784534160,52193.7,52218.7,52193.7,52218.7,120
1784534220,52220.2,52231.2,52218.2,52223.2,122
1784534280,52223.7,52226.2,52217.2,52219.2,130
1784534340,52218.2,52219.2,52207.2,52211.7,108
1784534400,52212.2,52243.2,52212.2,52237.7,168
1784534460,52237.2,52242.7,52228.2,52236.2,154
1784534520,52235.2,52258.2,52234.2,52250.2,128
1784534580,52249.2,52250.2,52240.2,52247.2,128
1784534640,52248.2,52249.7,52236.2,52238.2,114
1784534700,52237.2,52239.7,52223.7,52228.2,128
1784534760,52229.2,52235.2,52226.2,52227.7,116
1784534820,52228.2,52229.2,52221.2,52226.2,124
1784534880,52225.7,52226.2,52214.2,52223.2,118
1784534940,52223.7,52228.2,52223.7,52225.7,114
1784535000,52227.2,52230.2,52220.2,52225.2,108
1784535060,52224.2,52229.2,52218.2,52222.7,108
1784535120,52223.2,52248.2,52223.2,52244.7,146
1784535180,52244.2,52244.2,52236.7,52241.2,98
1784535240,52242.2,52246.7,52242.2,52243.2,62
1784535300,52242.2,52250.2,52242.2,52248.2,120
1784535360,52249.2,52253.7,52246.2,52251.2,122
1784535420,52252.2,52253.2,52241.2,52241.2,146
1784535480,52244.2,52248.7,52239.2,52244.2,118
1784535540,52243.2,52245.2,52235.2,52242.2,104
1784535600,52241.2,52244.2,52231.2,52237.7,126
1784535660,52237.2,52242.2,52234.2,52236.2,122
1784535720,52236.7,52243.2,52236.7,52239.2,106
1784535780,52238.7,52244.7,52238.2,52240.2,82
1784535840,52241.2,52249.2,52239.2,52247.2,104
1784535900,52246.7,52249.2,52241.7,52242.2,96
1784535960,52243.2,52248.2,52240.7,52247.2,104
1784536020,52247.7,52247.7,52240.7,52245.7,104
1784536080,52245.2,52252.2,52245.2,52252.2,84
1784536140,52250.2,52258.2,52241.2,52241.2,106
1784536200,52242.7,52246.2,52229.2,52234.7,152
1784536260,52234.2,52240.2,52232.2,52240.2,94
1784536320,52241.2,52246.2,52232.2,52232.2,106
1784536380,52233.2,52233.2,52220.2,52226.7,136
1784536440,52226.2,52231.7,52221.7,52230.7,86
1784536500,52230.2,52235.2,52225.7,52231.2,80
1784536560,52231.7,52240.2,52227.2,52236.2,104
1784536620,52235.2,52245.2,52233.2,52244.7,106
1784536680,52244.2,52255.2,52241.2,52251.2,104
1784536740,52251.7,52255.2,52251.2,52253.2,102
1784536800,52252.7,52260.2,52252.2,52260.2,88
1784536860,52261.2,52265.7,52259.2,52262.2,80
1784536920,52261.2,52262.2,52252.7,52255.2,106
1784536980,52254.2,52256.7,52237.2,52238.2,98
1784537040,52237.2,52240.7,52232.7,52238.2,110
1784537100,52238.7,52244.2,52233.2,52240.2,106
1784537160,52239.7,52241.2,52235.7,52237.2,74
1784537220,52237.7,52240.2,52233.2,52238.2,80
1784537280,52238.7,52240.2,52233.7,52239.2,112
1784537340,52240.2,52249.2,52238.2,52246.7,108
1784537400,52247.2,52250.2,52243.7,52244.7,108
1784537460,52246.2,52247.7,52241.2,52245.2,92
1784537520,52246.2,52246.2,52236.7,52240.2,104
1784537580,52240.7,52242.2,52235.2,52235.2,76
1784537640,52234.2,52236.2,52228.2,52229.7,82
1784537700,52229.2,52232.2,52225.7,52225.7,114
1784537760,52226.2,52233.2,52225.7,52232.2,98
1784537820,52233.7,52241.7,52226.2,52241.7,116
1784537880,52242.2,52249.2,52240.2,52245.2,74
1784537940,52246.2,52246.2,52240.2,52243.2,102
1784538000,52242.2,52251.2,52242.2,52251.2,102
1784538060,52252.2,52255.7,52249.2,52251.2,90
1784538120,52252.2,52254.7,52244.7,52244.7,90
1784538180,52245.2,52249.2,52242.7,52246.2,94
1784538240,52245.2,52248.7,52241.2,52241.7,72
1784538300,52241.2,52242.2,52237.2,52238.2,122
1784538360,52239.2,52249.7,52238.2,52248.7,112
1784538420,52250.2,52250.7,52240.7,52244.2,82
1784538480,52243.7,52245.7,52240.2,52242.2,80
1784538540,52241.7,52246.7,52238.2,52243.2,74
1784538600,52244.2,52261.7,52243.7,52259.7,110
1784538660,52259.2,52261.2,52255.7,52255.7,60
1784538720,52254.2,52257.7,52251.7,52255.7,78
1784538780,52256.2,52256.2,52249.2,52250.7,54
1784538840,52252.7,52258.2,52251.2,52254.2,76
1784538900,52253.2,52276.2,52253.2,52272.7,98
1784538960,52273.2,52274.2,52268.2,52273.7,90
1784539020,52273.2,52278.7,52271.7,52276.7,102
1784539080,52278.2,52278.7,52261.7,52263.7,110
1784539140,52264.2,52264.2,52250.2,52250.2,90
1784539200,52249.2,52260.7,52249.2,52257.7,82
1784539260,52258.2,52272.7,52258.2,52271.7,96
1784539320,52270.7,52280.7,52270.7,52280.7,58
1784539380,52280.2,52287.7,52279.7,52282.7,84
1784539440,52281.7,52286.7,52277.2,52284.7,104
1784539500,52284.2,52284.7,52275.7,52278.7,74
1784539560,52278.2,52283.2,52277.7,52280.2,92
1784539620,52281.2,52282.7,52279.2,52282.7,76
1784539680,52282.2,52287.2,52281.2,52282.2,70
1784539740,52282.7,52284.2,52279.2,52280.2,90
1784539800,52279.2,52281.7,52274.2,52281.7,92
1784539860,52283.2,52298.2,52281.2,52289.7,116
1784539920,52288.7,52291.2,52286.2,52288.2,90
1784539980,52287.7,52298.7,52286.2,52295.2,96
1784540040,52294.7,52298.7,52289.2,52291.2,62
1784540100,52290.7,52297.7,52288.7,52296.7,92
1784540160,52295.7,52298.7,52291.7,52291.7,92
1784540220,52292.2,52295.7,52287.7,52289.7,90
1784540280,52290.2,52290.2,52282.7,52284.2,78
1784540340,52285.2,52288.7,52281.7,52286.2,90
1784540400,52285.7,52287.2,52280.2,52287.2,106
1784540460,52286.7,52298.7,52286.7,52294.7,94
1784540520,52296.7,52299.2,52289.7,52290.2,118
1784540580,52290.7,52296.2,52289.2,52292.2,74
1784540640,52293.2,52298.7,52292.2,52295.2,80
1784540700,52294.2,52295.2,52286.2,52294.2,106
1784540760,52294.7,52301.7,52294.2,52300.7,104
1784540820,52301.7,52308.2,52301.7,52302.7,66
1784540880,52302.2,52305.2,52298.7,52298.7,92
1784540940,52299.7,52306.2,52299.7,52300.2,96
1784541000,52299.7,52306.2,52295.7,52305.2,82
1784541060,52303.7,52312.7,52303.2,52309.2,100
1784541120,52310.2,52321.7,52307.7,52321.2,105
1784541180,52321.7,52322.2,52311.7,52312.7,98
1784541240,52311.7,52311.7,52302.7,52303.7,76
1784541300,52305.7,52305.7,52289.7,52290.7,126
1784541360,52290.2,52293.2,52287.2,52289.2,82
1784541420,52290.2,52295.2,52290.2,52293.2,60
1784541480,52293.7,52297.7,52292.7,52296.2,72
1784541540,52295.2,52300.2,52290.2,52299.7,74
1784541600,52300.2,52306.2,52297.7,52297.7,84
1784541660,52296.2,52300.2,52289.2,52297.2,103
1784541720,52299.2,52300.2,52293.7,52299.2,54
1784541780,52300.2,52300.7,52293.2,52296.2,70
1784541840,52295.2,52300.7,52294.2,52296.2,50
1784541900,52295.2,52299.7,52289.2,52289.2,66
1784541960,52290.2,52292.2,52281.2,52282.2,84
1784542020,52282.7,52287.2,52281.7,52284.2,68
1784542080,52285.2,52287.2,52282.2,52283.2,74
1784542140,52284.2,52284.2,52279.2,52281.2,62
1784542200,52280.7,52289.2,52279.2,52289.2,70
1784542260,52288.2,52294.2,52287.2,52290.2,96
1784542320,52288.2,52288.7,52273.7,52274.2,104
1784542380,52273.7,52273.7,52268.2,52269.7,102
1784542440,52268.2,52268.2,52260.2,52262.7,72
1784542500,52261.7,52261.7,52252.2,52258.7,88
1784542560,52258.2,52258.7,52252.7,52256.2,96
1784542620,52255.2,52256.2,52242.2,52244.2,78
1784542680,52244.7,52250.7,52241.7,52250.7,74
1784542740,52251.2,52256.2,52244.7,52250.2,82
1784542800,52249.2,52259.2,52247.2,52258.7,92
1784542860,52259.2,52262.2,52256.7,52256.7,54
1784542920,52258.2,52267.2,52252.2,52267.2,104
1784542980,52268.2,52272.2,52264.7,52265.2,58
1784543040,52266.2,52268.2,52262.2,52267.2,70
1784543100,52266.7,52275.7,52259.2,52260.2,116
1784543160,52259.2,52263.7,52258.2,52260.2,68
1784543220,52261.2,52267.7,52259.2,52266.2,58
1784543280,52267.2,52270.2,52261.7,52268.2,84
1784543340,52267.2,52271.2,52261.7,52261.7,68
1784543400,52262.2,52273.2,52257.2,52262.2,98
1784543460,52262.7,52265.2,52239.7,52241.2,102
1784543520,52242.2,52246.7,52242.2,52243.2,58
1784543580,52242.7,52251.2,52242.7,52249.7,80
1784543640,52250.2,52252.2,52247.2,52249.7,62
1784543700,52248.2,52249.2,52232.2,52238.2,100
1784543760,52237.7,52240.7,52234.2,52240.7,88
1784543820,52241.2,52241.7,52234.2,52238.7,90
1784543880,52238.2,52238.2,52227.2,52233.2,80
1784543940,52234.2,52240.7,52233.2,52236.7,96
1784544000,52235.2,52242.7,52230.7,52236.7,138
1784544060,52235.7,52236.2,52229.2,52229.7,86
1784544120,52229.2,52232.7,52226.2,52232.2,88
1784544180,52233.2,52234.2,52228.2,52231.2,90
1784544240,52232.7,52237.2,52231.2,52233.7,80
1784544300,52233.2,52244.2,52229.7,52241.7,78
1784544360,52242.2,52253.2,52241.7,52250.2,80
1784544420,52250.7,52254.7,52249.2,52253.7,78
1784544480,52253.2,52261.2,52251.2,52259.2,114
1784544540,52258.2,52266.7,52254.7,52265.2,138
1784544600,52266.2,52270.7,52261.7,52270.7,102
1784544660,52269.2,52274.2,52268.7,52272.2,70
1784544720,52271.7,52276.7,52271.7,52276.2,76
1784544780,52275.2,52286.2,52275.2,52282.2,86
1784544840,52283.2,52292.2,52282.2,52291.2,78
1784544900,52290.2,52291.2,52273.7,52274.2,90
1784544960,52273.2,52276.2,52271.2,52272.2,66
1784545020,52272.7,52274.7,52266.2,52268.7,84
1784545080,52269.2,52269.2,52260.2,52266.2,74
1784545140,52266.7,52266.7,52260.7,52264.2,66
1784545200,52266.2,52285.7,52259.2,52282.2,164
1784545260,52281.2,52287.2,52269.7,52271.2,116
1784545320,52272.2,52274.7,52269.2,52270.2,106
1784545380,52271.2,52288.2,52269.2,52287.2,94
1784545440,52286.2,52297.2,52282.2,52296.2,110
1784545500,52295.2,52305.2,52295.2,52304.2,98
1784545560,52303.7,52303.7,52296.2,52297.2,90
1784545620,52299.2,52305.2,52298.2,52301.7,86
1784545680,52303.2,52304.7,52298.2,52303.2,106
1784545740,52302.7,52303.7,52292.7,52294.7,102
1784545800,52294.2,52300.2,52290.2,52299.2,84
1784545860,52300.2,52301.2,52291.2,52296.2,94
1784545920,52295.2,52297.2,52292.2,52297.2,104
1784545980,52296.2,52304.2,52293.7,52297.2,90
1784546040,52296.7,52296.7,52285.7,52285.7,70
1784546100,52284.2,52287.7,52284.2,52286.2,90
1784546160,52285.2,52290.2,52283.2,52284.2,72
1784546220,52283.7,52288.2,52280.2,52288.2,58
1784546280,52287.2,52291.2,52277.7,52277.7,86
1784546340,52278.2,52285.7,52277.2,52282.7,110
1784546400,52282.2,52285.2,52280.2,52281.2,56
1784546460,52282.2,52283.2,52269.2,52271.2,88
1784546520,52272.2,52275.2,52269.2,52273.7,74
1784546580,52273.2,52278.2,52267.2,52278.2,60
1784546640,52277.7,52281.2,52276.2,52277.2,84
1784546700,52276.2,52277.7,52271.2,52271.2,80
1784546760,52272.7,52274.2,52267.2,52269.7,72
1784546820,52268.7,52271.2,52267.7,52268.7,58
1784546880,52267.7,52267.7,52254.7,52256.2,74
1784546940,52255.7,52262.7,52255.7,52257.2,52
1784547000,52258.7,52348.7,52255.2,52314.2,258
1784547060,52310.2,52366.2,52308.2,52356.2,262
1784547120,52352.7,52393.2,52349.2,52376.2,250
1784547180,52377.2,52401.7,52359.2,52362.2,252
1784547240,52363.7,52390.2,52361.2,52377.2,218
1784547300,52376.2,52396.2,52372.2,52382.2,188
1784547360,52381.2,52383.2,52365.7,52372.2,166
1784547420,52371.2,52383.7,52370.7,52382.2,144
1784547480,52381.2,52391.2,52374.2,52377.2,152
1784547540,52375.2,52382.2,52369.2,52379.2,136
1784547600,52380.2,52382.2,52362.7,52378.2,150
1784547660,52379.2,52402.2,52378.7,52401.2,138
1784547720,52402.2,52402.2,52386.2,52389.2,154
1784547780,52390.2,52398.2,52377.7,52377.7,144
1784547840,52378.2,52379.2,52371.2,52375.7,154
1784547900,52376.2,52388.2,52376.2,52377.2,148
1784547960,52376.2,52381.2,52360.7,52361.2,126
1784548020,52360.2,52366.7,52352.2,52361.2,162
1784548080,52361.7,52361.7,52335.2,52348.2,162
1784548140,52347.7,52350.2,52337.2,52338.2,98
1784548200,52337.2,52338.2,52329.2,52334.7,134
1784548260,52335.2,52345.7,52330.7,52344.2,132
1784548320,52345.2,52355.2,52337.2,52353.2,120
1784548380,52354.2,52356.2,52347.2,52351.2,114
1784548440,52350.2,52363.2,52349.2,52359.7,94
1784548500,52360.2,52362.2,52352.7,52354.2,110
1784548560,52355.2,52359.2,52349.2,52355.7,112
1784548620,52355.2,52365.2,52354.2,52363.2,78
1784548680,52364.2,52364.7,52359.7,52363.2,110
1784548740,52362.2,52364.2,52351.2,52361.2,116
1784548800,52360.2,52362.2,52340.2,52344.2,150
1784548860,52343.7,52347.2,52328.7,52331.2,126
1784548920,52330.2,52341.2,52252.2,52264.2,236
1784548980,52265.2,52276.2,52249.7,52262.2,258
1784549040,52261.7,52295.2,52254.7,52264.7,214
1784549100,52265.2,52272.2,52254.2,52271.2,203
1784549160,52272.2,52286.2,52267.2,52276.2,194
1784549220,52275.2,52298.2,52268.7,52298.2,182
1784549280,52292.2,52295.2,52269.2,52287.2,176
1784549340,52285.7,52291.7,52275.2,52275.2,146
1784549400,52276.2,52284.2,52271.2,52274.7,154
1784549460,52273.2,52273.7,52253.7,52262.2,162
1784549520,52263.2,52264.2,52240.2,52248.2,188
1784549580,52249.2,52251.2,52241.7,52250.2,150
1784549640,52249.2,52262.2,52246.2,52257.7,98
1784549700,52258.2,52261.2,52241.2,52250.2,134
1784549760,52249.2,52270.7,52247.7,52270.7,126
1784549820,52269.7,52270.2,52257.2,52261.2,120
1784549880,52259.7,52263.2,52257.2,52258.2,108
1784549940,52260.7,52261.2,52241.7,52250.7,128
1784550000,52249.7,52251.2,52234.7,52236.2,122
1784550060,52237.2,52242.7,52233.7,52234.7,92
1784550120,52235.7,52240.2,52226.7,52228.2,140
1784550180,52229.2,52236.2,52228.2,52235.2,112
1784550240,52235.7,52239.7,52230.7,52232.2,126
1784550300,52231.2,52235.2,52224.7,52232.2,114
1784550360,52233.2,52247.2,52231.7,52245.2,124
1784550420,52245.7,52255.7,52242.2,52255.7,118
1784550480,52256.2,52273.2,52256.2,52268.2,120
1784550540,52267.7,52278.2,52261.7,52278.2,120
1784550600,52276.7,52284.2,52269.2,52281.2,146
1784550660,52282.2,52285.7,52273.7,52273.7,98
1784550720,52275.2,52276.2,52268.2,52270.2,102
1784550780,52271.2,52271.2,52249.2,52252.2,118
1784550840,52251.2,52256.2,52245.7,52252.2,132
1784550900,52253.2,52270.2,52249.2,52270.2,134
1784550960,52271.2,52276.2,52267.7,52274.2,130
1784551020,52275.2,52276.2,52271.2,52274.7,120
1784551080,52273.7,52278.2,52269.2,52271.2,76
1784551140,52270.2,52273.2,52259.2,52259.2,102
1784551200,52258.2,52262.2,52256.2,52256.7,114
1784551260,52255.7,52256.7,52244.7,52252.2,120
1784551320,52256.2,52256.2,52240.7,52241.2,130
1784551380,52240.2,52241.7,52232.2,52235.7,130
1784551440,52235.2,52236.2,52221.7,52231.2,124
1784551500,52230.7,52241.7,52230.2,52241.2,112
1784551560,52242.2,52245.7,52237.7,52245.7,102
1784551620,52245.2,52276.2,52245.2,52275.2,136
1784551680,52276.2,52279.2,52264.2,52267.2,134
1784551740,52268.2,52270.2,52259.7,52261.2,96
1784551800,52260.2,52260.2,52255.7,52260.2,114
1784551860,52260.7,52260.7,52246.7,52246.7,104
1784551920,52247.2,52250.7,52234.7,52235.2,120
1784551980,52236.2,52243.2,52234.2,52237.2,132
1784552040,52236.2,52249.7,52227.2,52228.2,156
1784552100,52230.2,52230.7,52212.7,52218.2,162
1784552160,52216.2,52217.2,52211.7,52215.2,136
1784552220,52216.2,52221.2,52212.2,52216.2,140
1784552280,52216.7,52231.7,52216.7,52229.2,142
1784552340,52229.7,52229.7,52220.2,52226.7,148
1784552400,52228.7,52230.2,52215.7,52227.2,176
1784552460,52226.7,52228.2,52221.2,52227.2,156
1784552520,52223.7,52230.2,52221.7,52228.2,122
1784552580,52229.2,52232.2,52225.7,52231.2,128
1784552640,52231.7,52246.2,52231.7,52243.7,142
1784552700,52243.2,52247.2,52240.7,52240.7,126
1784552760,52241.2,52245.7,52234.2,52237.7,152
1784552820,52238.7,52248.7,52236.7,52239.2,114
1784552880,52240.2,52244.2,52234.7,52239.2,146
1784552940,52238.2,52240.2,52229.7,52232.7,116
1784553000,52233.2,52244.7,52233.2,52240.2,128
1784553060,52240.7,52252.7,52236.2,52240.2,158
1784553120,52239.2,52239.7,52229.7,52233.7,114
1784553180,52234.7,52235.7,52221.2,52221.2,132
1784553240,52220.7,52227.7,52218.2,52226.2,122
1784553300,52225.7,52227.7,52214.7,52218.7,124
1784553360,52220.2,52221.7,52213.7,52218.7,122
1784553420,52221.2,52231.2,52218.2,52228.7,138
1784553480,52229.7,52233.7,52226.7,52233.7,102
1784553540,52234.7,52235.7,52224.7,52227.7,100
1784553600,52227.2,52232.2,52223.7,52227.7,116
1784553660,52228.2,52235.2,52227.7,52234.2,88
1784553720,52233.2,52242.2,52232.7,52236.2,108
1784553780,52235.7,52243.7,52235.2,52243.7,84
1784553840,52243.2,52257.2,52241.7,52257.2,134
1784553900,52251.7,52270.7,52251.2,52269.7,134
1784553960,52270.2,52282.2,52269.7,52282.2,130
1784554020,52283.2,52298.7,52274.7,52293.2,176
1784554080,52289.2,52297.2,52268.7,52297.2,140
1784554140,52300.2,52318.2,52262.2,52273.7,203
1784554200,52271.2,52350,52257.2,52350,277
1784554260,52348,52412.7,52330.5,52381.7,271
1784554320,52384.7,52392.5,52335.5,52339.5,288
1784554380,52342.5,52347,52281.5,52282.5,272
1784554440,52284.5,52300,52266.5,52292.5,268
1784554500,52295.5,52296.5,52259.5,52259.5,264
1784554560,52257,52283,52249,52273.5,258
1784554620,52268.5,52300,52262.5,52296.7,251
1784554680,52300.7,52316.5,52265.7,52271.2,245
1784554740,52272.2,52301.5,52264.5,52299.5,266
1784554800,52301.5,52331.5,52291,52318.5,258
1784554860,52316,52325.5,52283.5,52284,260
1784554920,52280.5,52284.5,52259,52283.5,256
1784554980,52287.5,52303,52264,52283,234
1784555040,52278,52290.5,52256,52258.5,250
1784555100,52260.5,52265,52209.2,52209.2,261
1784555160,52208.2,52210,52183.5,52197.5,254
1784555220,52198,52217.5,52183.5,52202,242
1784555280,52201,52221.5,52198,52212.5,238
1784555340,52214,52218.5,52190,52205.5,230
1784555400,52205,52238.5,52201,52220,238
1784555460,52219,52252.5,52213.5,52216.5,238
1784555520,52216,52216,52157,52168.5,246
1784555580,52166.5,52171.5,52121.7,52128.5,257
1784555640,52128,52139,52118.5,52124,232
1784555700,52128,52138,52113,52120.5,262
1784555760,52117.5,52128.5,52106,52128.5,242
1784555820,52129.5,52143.5,52124.5,52127.5,251
1784555880,52128,52135.5,52117,52120.5,214
1784555940,52118.5,52123,52102.5,52102.5,240
1784556000,52105.5,52159,52105,52134,228
1784556060,52134.5,52146.5,52111.5,52115.5,246
1784556120,52114.5,52124,52085,52122.5,248
1784556180,52124,52132.5,52111,52123.5,244
1784556240,52125,52130.5,52100.5,52101.5,240
1784556300,52102,52117,52088,52088,238
1784556360,52089,52092.5,52068.5,52082,256
1784556420,52079.5,52081,52055,52063.5,242
1784556480,52063,52085.5,52054.5,52055,234
1784556540,52055.5,52062,52044,52045.5,222
1784556600,52045,52050,52024.5,52044,246
1784556660,52046.5,52058.5,52040.5,52053,231
1784556720,52049,52055,52046,52053.5,228
1784556780,52051.5,52074,52047,52070,235
1784556840,52069.5,52073.5,52027,52034,244
1784556900,52034.5,52069.5,52034.5,52049,234
1784556960,52048,52061,52040,52044.5,226
1784557020,52045.5,52057,52038,52042,220
1784557080,52041.5,52055,52039,52044.5,221
1784557140,52043.5,52048.5,52024,52032.5,196
1784557200,52031.5,52031.5,51990.5,52010.5,205
1784557260,52009.5,52021,51999,52017,222
1784557320,52016,52026.5,52013,52019,216
1784557380,52019.5,52036,52015,52024.5,210
1784557440,52025.5,52034.5,52013,52022.5,230
1784557500,52023,52032,52001.5,52017.5,214
1784557560,52017,52029.5,52012.5,52021,200
1784557620,52022.5,52027.5,52003.5,52007,222
1784557680,52011.5,52019.5,52005,52012.5,190
1784557740,52013,52039.5,52013,52027.5,204
1784557800,52029,52032,52003.5,52014,220
1784557860,52016.5,52034,52004.5,52030.5,222
1784557920,52029.5,52034,51995.2,52000.2,221
1784557980,51996.7,52000.5,51984.5,51986,221
1784558040,51985,52005,51977.5,51984.5,235
1784558100,51984,51984.5,51960.7,51962.2,202
1784558160,51964.2,51972,51959,51967.5,206
1784558220,51966.5,52003,51962.5,52002.5,229
1784558280,52001,52022,51997,52018,234
1784558340,52019,52020,51999.5,52010.5,232
1784558400,52013,52031,52009,52022,218
1784558460,52022.5,52029.5,51987.5,51987.5,217
1784558520,51989.5,52003.5,51980.5,51987.5,200
1784558580,51988.5,52006.5,51986,51988,214
1784558640,51987.5,51992.5,51978.5,51981,214
1784558700,51979,52013.7,51966.2,52012.7,245
1784558760,52013.7,52031.5,52012.7,52024,238
1784558820,52023.5,52033,52017,52018,220
1784558880,52015,52022,52004.5,52006.5,222
1784558940,52008,52018,52006.5,52010.5,200
1784559000,52009.5,52037.5,52005.5,52025,238
1784559060,52026,52045.5,52025.5,52035.5,208
1784559120,52036,52039,52012.5,52015.5,214
1784559180,52016,52016,51999,52001,228
1784559240,52000,52021.5,51997.5,52002,208
1784559300,52000.5,52003.5,51991.5,52002,222
1784559360,52003.5,52003.5,51978.5,51987,210
1784559420,51988.5,51993,51979,51993,224
1784559480,51994.5,51995,51960.5,51961,228
1784559540,51960.5,51986.5,51952.5,51982,236
1784559600,51984.5,51987.5,51951.2,51962.7,244
1784559660,51963.2,51987.5,51955.5,51986.5,242
1784559720,51987.5,51990.5,51958.7,51980.5,213
1784559780,51981.5,51988.5,51969.5,51972,210
1784559840,51973.5,51983.5,51966.5,51969.5,192
1784559900,51970.5,51976,51921.7,51926.2,236
1784559960,51926.2,51938.7,51919.2,51936,200
1784560020,51936.5,51971,51936.5,51967.5,208
1784560080,51966,51993,51961.5,51983,212
1784560140,51980,52025.5,51980,52018,256
1784560200,52016.5,52024.5,51992,51992,223
1784560260,51991,51994.5,51977.5,51986.5,224
1784560320,51987,52003.5,51981.5,51982,210
1784560380,51981,51990,51967.5,51989,210
1784560440,51988,51998,51984.5,51993,200
1784560500,51990.5,52013,51983,52008,220
1784560560,52007.5,52017,51999.5,52016,200
1784560620,52016.5,52018,52001,52014,190
1784560680,52013.5,52027,52011.5,52021,206
1784560740,52020,52028.5,52008,52023,202
1784560800,52025,52028.5,52015,52021,198
1784560860,52020.5,52038,52017,52030.5,194
1784560920,52031,52048,52030.5,52047,176
1784560980,52046.5,52049,52040,52040.5,186
1784561040,52044.5,52059,52040,52047.2,190
1784561100,52045.7,52065.5,52044.2,52055,197
1784561160,52055.5,52071,52048,52048,188
1784561220,52053,52059.5,52049.5,52053.5,168
1784561280,52053,52060.5,52041,52041,230
1784561340,52042,52061.5,52042,52061,188
1784561400,52060,52065.5,52049,52053.5,214
1784561460,52052.5,52059,52050.5,52058,180
1784561520,52057,52061.5,52046.5,52049.5,184
1784561580,52050,52051.5,52035,52036,170
1784561640,52037,52052,52035,52049.5,176
1784561700,52051.5,52051.5,52038,52039.5,170
1784561760,52037.5,52048,52035.5,52044.5,168
1784561820,52044,52047,52013.2,52017,192
1784561880,52013.5,52025,52010.5,52025,196
1784561940,52027.5,52035.5,52017,52019.5,180
1784562000,52020.5,52022,52010.5,52015.5,188
1784562060,52015,52033.5,52013.5,52024.5,196
1784562120,52024,52032,52015,52019,174
1784562180,52018,52035.5,52018,52019.5,182
1784562240,52017.5,52044,52015.5,52044,186
1784562300,52044.5,52044.5,52018,52026.5,168
1784562360,52025.5,52038,52022,52037.5,184
1784562420,52038,52053.5,52027.5,52035.5,204
1784562480,52034,52034,52018.5,52024,202
1784562540,52023,52034.5,52011.5,52026.5,203
1784562600,52026,52027.5,52017,52026.5,212
1784562660,52029.5,52047.5,52029,52038,204
1784562720,52038.5,52047,52032.5,52044.5,182
1784562780,52045,52060,52038.5,52060,192
1784562840,52060.5,52069,52054,52057,188
1784562900,52058.5,52066.5,52053,52060.5,164
1784562960,52063.5,52063.5,52050.5,52054,172
1784563020,52053.5,52054,52034.5,52036.5,180
1784563080,52036,52043,52029,52029.5,172
1784563140,52031,52031.5,52010.5,52014.5,154
1784563200,52014,52033,52011,52031.5,192
1784563260,52033.5,52047,52029,52029,184
1784563320,52028,52030,52006.5,52015,196
1784563380,52014.5,52040,52006.5,52039.5,192
1784563440,52040.5,52041.5,52027.5,52027.5,182
1784563500,52028.5,52043,52028,52043,178
1784563560,52044,52056.5,52038,52056.5,192
1784563620,52054,52060.5,52051,52055.5,160
1784563680,52055,52068,52054.5,52061,172
1784563740,52061.5,52068,52061,52065.5,194
1784563800,52066.5,52083,52062.5,52079,152
1784563860,52082,52084,52072,52077.5,184
1784563920,52078,52085,52074.5,52074.5,154
1784563980,52074,52087,52070.5,52080,178
1784564040,52079.5,52084,52075,52077.5,184
1784564100,52078,52079,52047.5,52047.5,194
1784564160,52046,52059.5,52046,52059.5,156
1784564220,52060.5,52069,52055,52069,184
1784564280,52068.5,52071,52059,52063,155
1784564340,52062.5,52073,52062.5,52071,142
1784564400,52072,52077,52066,52073,166
1784564460,52074,52074.5,52061,52062,160
1784564520,52061,52064.5,52053,52058,152
1784564580,52061,52081,52061,52078.5,158
1784564640,52079,52084,52074,52082,154
1784564700,52083,52083,52052,52054,180
1784564760,52054.5,52054.5,52038.2,52044.5,180
1784564820,52045.5,52063,52045,52059.5,160
1784564880,52059,52059.5,52045,52048.5,160
1784564940,52047.5,52057,52047,52054,168
1784565000,52053.5,52067.5,52039,52039,174
1784565060,52038.5,52049.5,52037,52047.5,144
1784565120,52050,52061,52044,52046,168
1784565180,52046.5,52047.5,52023,52023.5,150
1784565240,52024.5,52032,52018.5,52020,194
1784565300,52019.5,52031.5,52018.5,52026.5,162
1784565360,52027.5,52028,52018.5,52027,142
1784565420,52028,52038.5,52021.5,52038,176
1784565480,52037.5,52041,52030,52039.5,186
1784565540,52038,52055.5,52038,52055,162
1784565600,52052.5,52062,52047.5,52049.5,172
1784565660,52050.5,52057,51945,51990,226
1784565720,51993.5,52015.5,51993.5,52009,234
1784565780,52009.5,52030.5,52005.5,52025.5,212
1784565840,52025,52030.5,52011.5,52020.5,210
1784565900,52019.5,52035.5,52011,52032.5,218
1784565960,52032,52061,52022.5,52061,202
1784566020,52062,52068,52053.5,52053.5,172
1784566080,52057,52060.5,52055,52059.5,150
1784566140,52058.5,52064.5,52056,52062,160
1784566200,52061,52061,52035.5,52038,164
1784566260,52037.5,52046.5,52032.5,52036.5,178
1784566320,52035,52037.5,52018,52031,174
1784566380,52032.5,52033,52020.5,52023.5,160
1784566440,52022.5,52022.5,51984,51986.5,192
1784566500,51984,51999.5,51984,51999,184
1784566560,51998.5,51999.5,51977.5,51977.5,194
1784566620,51977,51995,51976.5,51989.5,180
1784566680,51989,51992.5,51976,51976,154
1784566740,51975.5,51984.5,51971,51980.5,160
1784566800,51981,51998,51976.5,51997,198
1784566860,51999,51999,51971.5,51977,170
1784566920,51977.5,51984,51972,51981,178
1784566980,51981.5,51986,51968.5,51969,172
1784567040,51970.5,51971,51962,51962,161
1784567100,51962.5,51963.5,51939,51945.5,186
1784567160,51945,51952,51940,51950,180
1784567220,51950.5,51953.5,51943,51953.5,174
1784567280,51954,51960,51948,51953.5,170
1784567340,51953,51972,51950.5,51970,156
1784567400,51970.5,51975,51949.5,51955.5,158
1784567460,51955,51957,51945,51949,144
1784567520,51949.5,51956,51948.5,51954.5,172
1784567580,51952.5,51957,51944,51949,168
1784567640,51946.5,51949,51930,51935.5,166
1784567700,51934,51934.5,51911,51913,198
1784567760,51914,51928.5,51911.5,51924,202
1784567820,51925,51942,51921.5,51936,176
1784567880,51937.5,51941.5,51934,51940.5,178
1784567940,51941.5,51944,51922.5,51923,180
1784568000,51922.5,51933,51920.5,51933,154
1784568060,51933.5,51940.5,51928,51940.5,190
1784568120,51942.5,51951.5,51941,51943.5,178
1784568180,51944,51948.5,51930,51935,186
1784568240,51934.5,51935,51926,51929,170
1784568300,51927,51927,51916,51920,142
1784568360,51920.5,51929.5,51915,51929.5,163
1784568420,51930,51931.5,51904,51908.5,152
1784568480,51909.5,51912,51903,51910,182
1784568540,51911,51926,51911,51924,162
1784568600,51925.5,51934,51915,51923,180
1784568660,51922.5,51924,51914,51914,148
1784568720,51915.5,51927,51910,51926,166
1784568780,51926.5,51936.5,51923,51934,166
1784568840,51933.5,51953,51933.5,51951.5,176
1784568900,51951,51958.5,51948,51953,170
1784568960,51953.5,51953.5,51921,51923.5,182
1784569020,51923,51926,51918.5,51923.5,150
1784569080,51922.5,51929.5,51922.5,51925,168
1784569140,51924.5,51934.5,51917,51919,168
1784569200,51920,51920.5,51901,51906.5,170
1784569260,51908,51915.5,51903,51914.5,158
1784569320,51913,51922,51910,51922,150
1784569380,51920.5,51924.5,51907.5,51911.5,172
1784569440,51912,51914.5,51907,51911,180
1784569500,51911.5,51937.5,51908,51936,182
1784569560,51936.5,51938,51920,51928.5,160
1784569620,51927,51929.5,51920.5,51929.5,166
1784569680,51929,51933.5,51921,51929.5,162
1784569740,51930,51932,51921.5,51931,136
1784569800,51930.5,51943,51929.5,51934.5,155
1784569860,51934,51948.5,51928.5,51946.5,180
1784569920,51946,51962,51946,51958.5,176
1784569980,51958,51967,51954,51966.5,164
1784570040,51967,51974,51957,51958.5,164
1784570100,51958,51958.5,51951,51954,176
1784570160,51953.5,51954.5,51939.5,51944.5,178
1784570220,51945,51963,51945,51961,172
1784570280,51961.5,51965,51953,51959,134
1784570340,51959.5,51964.5,51954,51963,150
1784570400,51967,51987,51967,51987,176
1784570460,51986,52003,51986,51999,176
1784570520,51998,52006.5,51987.5,52005.5,180
1784570580,52005,52006,51981,51991,160
1784570640,51992,51995,51986,51990,172
1784570700,51988,51993.5,51984,51984,178
1784570760,51983,51995,51980,51993,152
1784570820,51995,51996,51977.5,51979,138
1784570880,51978.5,51979,51968.5,51969,164
1784570940,51968,51983,51967.5,51981,158
1784571000,51980.5,51986.5,51971,51986.5,146
1784571060,51987,51990,51979,51987,140
1784571120,51986.5,52001,51986,51996,148
1784571180,51995.5,52010,51994.5,52009,172
1784571240,52008,52011,51997,52001,148
1784571300,52002,52009,51994.5,52001,182
1784571360,52002,52017,52001.5,52011.5,146
1784571420,52011,52023,52011,52012,152
1784571480,52013,52017.5,52004.5,52013.5,150
1784571540,52013,52017,52011,52017,126
1784571600,52016,52022.5,52009,52021,146
1784571660,52021.5,52022.5,52000,52004,160
1784571720,52002,52003,51982,51986.5,176
1784571780,51985.5,51986.5,51971.5,51971.5,188
1784571840,51970,51970.5,51954,51954.5,192
1784571900,51953.5,51974.5,51947,51974,184
1784571960,51973,51984,51969,51972,180
1784572020,51971.5,51974,51959.5,51967.5,174
1784572080,51967,51972.5,51962,51970,164
1784572140,51969.5,51980,51966.5,51966.5,180
1784572200,51967,51967,51944,51944.5,192
1784572260,51945,51948.5,51934,51937,178
1784572320,51937.5,51943,51931,51931.5,178
1784572380,51931,51931,51912.5,51919,184
1784572440,51920,51920,51893,51900,184
1784572500,51899,51916.5,51897,51910,200
1784572560,51911,51930,51908.5,51928,196
1784572620,51927.5,51935,51916,51917,176
1784572680,51916,51925.5,51904,51904,146
1784572740,51905,51905,51884,51887,180
1784572800,51885,51885,51868,51869.5,202
1784572860,51869,51869,51855,51864,206
1784572920,51863.5,51869.5,51854,51861,200
1784572980,51862,51863.5,51845.5,51852,202
1784573040,51851.5,51852.5,51823.5,51823.5,200
1784573100,51822,51829,51808.5,51819,226
1784573160,51820,51844,51816.5,51842.5,202
1784573220,51844,51847.5,51837,51839.5,194
1784573280,51841,51847,51838,51840.5,182
1784573340,51838,51845.5,51830,51830,190
1784573400,51827,51846.5,51824.5,51843,178
1784573460,51842,51844.5,51832,51837.5,192
1784573520,51840,51854,51837.5,51850,192
1784573580,51849,51858,51840,51847,192
1784573640,51848,51862,51843.5,51856,166
1784573700,51856.5,51857,51843,51856,190
1784573760,51857,51858,51849,51853,174
1784573820,51854.5,51855,51844,51846,164
1784573880,51845,51849,51832,51848,186
1784573940,51850,51857.5,51847,51847.5,168
1784574000,51846,51868.5,51844,51868.5,186
1784574060,51868,51871,51859,51868,162
1784574120,51868.5,51869,51850.5,51853,154
1784574180,51852,51853,51839,51847,182
1784574240,51846,51850.5,51841.5,51845.5,170
1784574300,51846.5,51847.5,51830.5,51833.5,182
1784574360,51835,51856.5,51825,51856.5,202
1784574420,51856,51860.5,51848.5,51856,190
1784574480,51857,51858,51847,51852.5,172
1784574540,51852,51867,51849,51859.5,194
1784574600,51861,51884,51861,51875.5,208
1784574660,51875,51875,51857,51858,172
1784574720,51857.5,51857.5,51846,51849,160
1784574780,51849.5,51851,51824,51826.5,182
1784574840,51826,51826.5,51795.5,51795.5,205
1784574900,51796.5,51802.5,51782,51801,204
1784574960,51801.5,51820,51801.5,51819.5,186
1784575020,51821,51832,51808,51821,208
1784575080,51822.5,51822.5,51809.5,51821,196
1784575140,51820,51827,51807.5,51813,174
1784575200,51815.5,51829,51812.5,51813.5,186
1784575260,51814,51825.5,51812.5,51820,172
1784575320,51821,51829.5,51820.5,51822,168
1784575380,51821.5,51844,51812,51844,194
1784575440,51843,51855,51839.5,51846,209
1784575500,51845.5,51849,51825.5,51825.5,180
1784575560,51826.5,51833,51819.5,51828.5,144
1784575620,51828,51833,51823,51833,150
1784575680,51832.5,51840.5,51827.5,51830,178
1784575740,51830.5,51874,51826.5,51865,220
1784575800,51864.5,51877.5,51846,51846,234
1784575860,51845.5,51884,51844.5,51883,218
1784575920,51881.5,51886,51871.5,51886,226
1784575980,51886.5,51887.5,51871.5,51874,196
1784576040,51873.5,51888,51871,51878,190
1784576100,51878.5,51883.5,51858,51859.5,176
1784576160,51858,51869.5,51855,51860.5,164
1784576220,51860,51864,51852,51856.5,156
1784576280,51857,51876,51853.5,51867,156
1784576340,51865.5,51882,51862.5,51875.5,148
1784576400,51876,51890,51868,51888.5,180
1784576460,51889,51894,51886,51888,166
1784576520,51887.5,51895.5,51875.5,51878,166
1784576580,51876.5,51894,51874.5,51894,174
1784576640,51892,51892,51877,51886,149
1784576700,51886.5,51904.5,51883.5,51885.5,232
1784576760,51886.5,51903.5,51883.5,51903.5,184
1784576820,51902.2,51903,51889.5,51890.5,160
1784576880,51889.5,51893,51883,51892.5,170
1784576940,51893,51903.5,51893,51897,172
1784577000,51889.5,51889.5,51868.5,51874.5,226
1784577060,51873.5,51885.5,51869.2,51871.2,177
1784577120,51871.7,51872.2,51859,51861.5,184
1784577180,51862,51862,51848,51849,152
1784577240,51846.5,51862,51842,51861,192
1784577300,51866.5,51866.5,51842,51848.5,188
1784577360,51838,51868,51829.5,51864,202
1784577420,51866,51879,51865,51866,192
1784577480,51867,51870.5,51852.5,51856,184
1784577540,51859,51865,51830,51861.5,236
1784577600,51863,51890,51862,51883,216
1784577660,51882,51886,51874,51874.5,156
1784577720,51876.5,51880.5,51866.5,51867,116
1784577780,51867.5,51871.5,51861.5,51870.5,115
1784577840,51870,51879,51870,51871.5,109
1784577900,51870.5,51879.5,51870.5,51873,96
1784577960,51871.5,51880,51871,51873,84
1784578020,51870,51870,51860,51867,118
1784578080,51865.5,51870.5,51865.5,51868.5,62
1784578140,51866.5,51867,51855.5,51859,80
1784578200,51858,51858,51848,51851.5,81
1784578260,51849,51854,51845.5,51851,84
1784578320,51850,51856,51849.5,51853,48
1784578380,51852,51857.5,51850.5,51854.5,84
1784578440,51852.5,51853.5,51839.5,51840,120
1784578500,51841.5,51845.5,51837.5,51842.5,99
1784578560,51841.5,51846.5,51839,51841.5,91
1784578620,51841,51843,51832.5,51834.5,82
1784578680,51834,51834.5,51832,51834.5,60
1784578740,51833.5,51840.5,51832.5,51839,71
1784578800,51840.5,51843,51839,51842.5,40
1784578860,51843,51845.5,51842,51844,68
1784578920,51845.5,51846.5,51841,51843.5,54
1784578980,51845,51847.5,51841,51841.5,58
1784579040,51843.5,51845.5,51842.5,51845,34
1784579100,51845.5,51852.5,51845,51851,58
1784579160,51850.5,51850.5,51829.5,51830.5,92
1784579220,51829.5,51836.5,51829.5,51836.5,58
1784579280,51837.5,51840.5,51836.5,51839.5,54
1784579340,51839,51843.5,51837,51839.5,42
1784579400,51840,51844.5,51838,51844.5,46
1784579460,51843,51853,51842.5,51849,60
1784579520,51848,51853.5,51847,51851.5,56
1784579580,51852,51854,51849.5,51851.5,64
1784579640,51851,51854.5,51851,51854.5,24
1784579700,51853.5,51854.5,51851.5,51854.5,30
1784579760,51855,51857.5,51854.5,51857.5,50
1784579820,51857,51862,51857,51861.5,42
1784579880,51860.5,51863.5,51857,51859.5,48
1784579940,51858.5,51861.5,51858,51861.5,24
1784580000,51862.5,51862.5,51857,51859,62
1784580060,51859.5,51862.5,51859,51862,39
1784580120,51860.5,51861,51853,51854.5,64
1784580180,51854,51855.5,51854,51854.5,38
1784580240,51853.5,51859,51852.5,51858.5,52
1784580300,51859,51864,51856,51859.5,70
1784580360,51861,51863,51858,51863,50
1784580420,51864,51869.5,51863,51868.5,48
1784580480,51869,51873,51868.5,51870.5,52
1784580540,51871,51871.5,51868.5,51869.5,26
1784580600,51869,51869,51858,51861.5,62
1784580660,51862,51862,51857,51860,72
1784580720,51859.5,51865,51857.5,51860.5,58
1784580780,51862,51864.5,51861.5,51861.5,30
1784580840,51861,51869,51860.5,51869,44
1784580900,51870,51871,51865.5,51865.5,50
1784580960,51865,51867.5,51864.5,51867.5,60
1784581020,51866.5,51870,51865.5,51867,40
1784581080,51866.5,51872,51865,51871,54
1784584800,51870.8,51870.8,51848.8,51861.3,52
1784584860,51860.8,51865.8,51855.8,51863.8,65
1784584920,51863.8,51869.8,51855.3,51868.3,93
1784584980,51868.8,51868.8,51855.3,51861.8,81
1784585040,51861.8,51871.3,51861.3,51866.8,79
1784585100,51865.3,51867.8,51844.3,51849.8,120
1784585160,51849.3,51858.8,51849.3,51851.3,56
1784585220,51851.8,51860.8,51851.8,51853.8,36
1784585280,51855.3,51860.3,51854.8,51857.8,26
1784585340,51858.8,51863.3,51858.8,51862.3,12
1784585400,51864.3,51866.3,51864.3,51865.3,18
1784585460,51866.3,51868.3,51862.8,51865.8,94
1784585520,51864.8,51871.8,51864.3,51871.3,52
1784585580,51871.8,51871.8,51870.3,51871.3,26
1784585640,51871.8,51871.8,51867.8,51870.8,30
1784585700,51871.3,51873.8,51868.8,51872.3,34
1784585760,51871.3,51871.8,51867.8,51869.3,36
1784585820,51868.8,51869.8,51865.3,51868.3,26
1784585880,51867.3,51873.8,51866.3,51867.8,44
1784585940,51868.8,51869.3,51864.8,51867.8,40
1784586000,51868.8,51870.3,51866.8,51870.3,38
1784586060,51869.3,51875.8,51868.3,51872.8,46
1784586120,51872.3,51872.3,51870.3,51870.8,46
1784586180,51868.8,51870.3,51867.8,51869.3,32
1784586240,51868.8,51873.8,51868.8,51872.3,46
1784586300,51872.8,51872.8,51868.3,51872.8,52
1784586360,51871.8,51873.8,51868.8,51870.3,56
1784586420,51870.8,51873.3,51869.3,51869.8,62
1784586480,51869.3,51871.3,51868.8,51868.8,24
1784586540,51868.3,51870.3,51866.3,51870.3,26
1784586600,51869.8,51871.3,51866.8,51867.3,58
1784586660,51867.8,51869.3,51861.3,51866.3,38
1784586720,51867.3,51867.3,51858.3,51861.3,52
1784586780,51860.8,51860.8,51854.8,51856.3,36
1784586840,51855.8,51858.8,51849.3,51855.3,50
1784586900,51854.8,51855.8,51853.3,51853.8,60
1784586960,51853.3,51853.3,51848.3,51853.3,56
1784587020,51852.8,51856.8,51852.8,51856.3,38
1784587080,51855.8,51855.8,51846.8,51847.8,58
1784587140,51851.3,51851.3,51845.3,51845.3,56
1784587200,51845.8,51845.8,51837.8,51837.8,32
1784587260,51838.3,51845.8,51838.3,51844.3,80
1784587320,51848.3,51851.8,51847.3,51850.3,28
1784587380,51850.8,51851.3,51850.3,51850.8,26
1784587440,51851.8,51854.8,51850.8,51854.8,28
1784587500,51856.8,51858.3,51844.8,51846.3,62
1784587560,51846.8,51846.8,51844.8,51844.8,28
1784587620,51845.3,51848.3,51845.3,51848.3,14
1784587680,51850.8,51850.8,51842.8,51842.8,24
1784587740,51842.3,51845.3,51840.3,51843.8,58
1784587800,51843.3,51843.3,51839.8,51840.3,46
1784587860,51843.3,51844.3,51841.8,51843.3,48
1784587920,51842.8,51844.3,51842.8,51843.8,24
1784587980,51844.3,51844.8,51843.3,51843.8,20
1784588040,51843.3,51843.8,51840.8,51840.8,28
1784588100,51841.3,51843.3,51840.3,51841.8,20
1784588160,51842.8,51842.8,51842.3,51842.3,4
1784588220,51841.3,51842.8,51839.8,51841.3,18
1784588280,51840.8,51840.8,51839.8,51840.3,6
1784588340,51840.8,51842.8,51840.8,51842.3,32
1784588400,51843.8,51845.8,51840.3,51840.8,40
1784588460,51841.3,51844.3,51841.3,51843.8,38
1784588520,51844.3,51855.3,51844.3,51852.3,70
1784588580,51851.3,51855.3,51849.8,51852.8,36
1784588640,51853.3,51855.3,51852.3,51853.3,40
1784588700,51854.3,51856.3,51853.8,51855.3,34
1784588760,51854.8,51858.3,51854.8,51858.3,26
1784588820,51859.3,51862.8,51858.8,51861.3,46
1784588880,51862.3,51865.3,51860.3,51863.3,38
1784588940,51863.8,51867.8,51863.8,51867.3,26
1784589000,51866.3,51868.8,51864.3,51868.3,58
1784589060,51867.8,51871.3,51866.8,51869.8,34
1784589120,51870.8,51875.8,51870.8,51873.3,18
1784589180,51872.8,51873.3,51871.8,51872.3,14
1784589240,51872.8,51876.8,51871.3,51874.3,44
1784589300,51874.8,51877.8,51873.3,51874.8,48
1784589360,51874.3,51876.3,51874.3,51875.3,28
1784589420,51874.3,51876.3,51874.3,51876.3,12
1784589480,51877.3,51882.3,51876.3,51880.3,46
1784589540,51879.8,51892.3,51879.8,51892.3,74
1784589600,51893.3,51897.3,51892.3,51894.3,46
1784589660,51893.3,51899.8,51889.8,51890.3,80
1784589720,51890.8,51901.8,51889.8,51900.3,70
1784589780,51899.8,51900.3,51896.3,51898.3,62
1784589840,51897.8,51898.8,51892.8,51895.3,66
1784589900,51895.8,51897.8,51893.8,51893.8,58
1784589960,51894.3,51895.8,51892.3,51894.8,28
1784590020,51893.3,51894.3,51891.3,51894.3,34
1784590080,51894.8,51895.3,51893.3,51894.8,10
1784590140,51895.8,51900.8,51895.8,51899.8,36
1784590200,51900.3,51901.3,51897.3,51899.8,38
1784590260,51898.8,51900.3,51897.3,51898.8,52
1784590320,51899.3,51906.8,51899.3,51906.3,38
1784590380,51906.8,51908.3,51901.3,51903.8,38
1784590440,51902.3,51903.8,51900.8,51901.8,38
1784590500,51901.3,51903.8,51900.8,51902.3,20
1784590560,51902.8,51903.3,51899.3,51900.3,50
1784590620,51901.3,51901.3,51899.3,51899.3,33
1784590680,51898.8,51902.3,51897.8,51898.3,23
1784590740,51899.3,51899.3,51893.3,51895.8,24
1784590800,51894.8,51895.8,51892.3,51895.8,20
1784590860,51897.3,51899.3,51896.3,51896.8,32
1784590920,51897.3,51901.3,51897.3,51899.3,34
1784590980,51898.8,51899.8,51895.3,51896.3,36
1784591040,51895.8,51896.8,51894.8,51895.3,30
1784591100,51894.8,51903.3,51894.3,51896.8,98
1784591160,51897.3,51900.3,51893.3,51894.3,96
1784591220,51893.8,51895.3,51886.3,51892.3,106
1784591280,51893.3,51894.3,51888.3,51888.3,36
1784591340,51887.3,51890.3,51885.8,51886.3,84
1784591400,51884.3,51884.3,51874.8,51876.8,110
1784591460,51877.3,51877.8,51865.8,51867.3,90
1784591520,51868.3,51869.3,51859.3,51863.3,88
1784591580,51864.3,51868.3,51860.3,51860.8,106
1784591640,51860.3,51868.8,51856.3,51868.8,96
1784591700,51866.8,51873.3,51865.8,51872.3,96
1784591760,51873.3,51880.3,51873.3,51878.8,90
1784591820,51877.3,51885.3,51877.3,51884.3,84
1784591880,51883.8,51888.3,51881.3,51883.3,90
1784591940,51882.3,51885.3,51875.8,51883.8,96
1784592000,51882.8,51882.8,51845.3,51851.8,170
1784592060,51850.3,51861.8,51849.3,51849.3,166
1784592120,51850.3,51854.3,51846.3,51853.8,148
1784592180,51853.3,51860.3,51848.8,51851.8,174
1784592240,51852.3,51855.3,51849.3,51853.8,146
1784592300,51856.3,51860.3,51844.8,51847.3,142
1784592360,51847.8,51856.8,51843.3,51850.3,144
1784592420,51848.8,51848.8,51827.3,51835.3,140
1784592480,51834.3,51838.3,51829.3,51834.3,142
1784592540,51832.8,51842.3,51832.3,51839.3,150
1784592600,51838.3,51842.3,51834.3,51836.3,140
1784592660,51835.3,51846.3,51832.3,51841.3,154
1784592720,51840.8,51858.8,51838.8,51855.8,140
1784592780,51854.3,51868.3,51854.3,51860.3,156
1784592840,51861.3,51861.3,51839.3,51842.8,158
1784592900,51842.3,51844.3,51823.8,51826.3,190
1784592960,51826.8,51840.8,51823.3,51838.3,146
1784593020,51839.3,51850.8,51839.3,51850.3,164
1784593080,51850.8,51853.3,51841.8,51852.3,152
1784593140,51851.3,51872.3,51849.8,51869.3,152
1784593200,51868.8,51873.3,51854.3,51854.8,184
1784593260,51854.3,51862.8,51851.3,51852.3,180
1784593320,51854.3,51855.3,51847.8,51854.3,156
1784593380,51853.8,51855.3,51847.3,51848.3,172
1784593440,51847.8,51858.3,51847.3,51855.8,146
1784593500,51856.3,51859.3,51850.3,51854.8,146
1784593560,51854.3,51862.3,51854.3,51859.3,136
1784593620,51859.8,51872.3,51859.8,51868.8,138
1784593680,51870.3,51873.3,51865.3,51866.8,116
1784593740,51866.3,51866.3,51856.8,51861.3,106
1784593800,51862.3,51869.3,51860.3,51868.8,128
1784593860,51869.8,51877.8,51865.8,51870.8,114
1784593920,51871.3,51885.3,51871.3,51885.3,78
1784593980,51886.3,51891.8,51875.3,51875.8,156
1784594040,51875.3,51886.3,51874.3,51884.3,126
1784594100,51885.3,51888.8,51882.8,51887.3,116
1784594160,51885.3,51886.8,51876.8,51880.3,138
1784594220,51879.8,51880.8,51874.8,51880.3,116
1784594280,51880.8,51885.8,51878.8,51884.3,108
1784594340,51884.8,51894.8,51884.8,51889.3,116
1784594400,51888.8,51893.3,51887.3,51888.8,106
1784594460,51888.3,51892.8,51887.8,51889.3,78
1784594520,51888.8,51895.8,51887.8,51890.8,116
1784594580,51890.3,51891.8,51883.3,51883.8,118
1784594640,51883.3,51892.8,51883.3,51889.3,116
1784594700,51889.8,51892.8,51884.3,51886.3,124
1784594760,51885.3,51891.3,51880.8,51891.3,132
1784594820,51890.8,51890.8,51885.8,51888.8,114
1784594880,51888.3,51900.3,51888.3,51899.8,128
1784594940,51899.3,51900.3,51897.3,51899.3,88
1784595000,51900.3,51901.3,51897.3,51900.3,104
1784595060,51900.8,51900.8,51893.3,51897.3,76
1784595120,51896.3,51900.3,51895.3,51897.3,70
1784595180,51897.8,51901.3,51895.8,51901.3,58
1784595240,51900.8,51901.3,51894.3,51896.3,90
1784595300,51896.8,51901.3,51895.3,51895.3,100
1784595360,51894.8,51900.3,51894.3,51899.3,104
1784595420,51898.3,51904.3,51896.3,51902.3,88
1784595480,51901.8,51901.8,51897.8,51899.3,76
1784595540,51899.8,51899.8,51892.3,51893.3,90
1784595600,51894.8,51897.3,51890.3,51897.3,128
1784595660,51898.3,51898.3,51885.8,51886.3,112
1784595720,51887.3,51887.3,51877.3,51881.3,96
1784595780,51882.3,51882.8,51873.8,51881.3,114
1784595840,51880.8,51885.8,51876.3,51884.3,124
1784595900,51884.8,51893.3,51884.3,51890.3,124
1784595960,51891.3,51904.8,51891.3,51900.8,124
1784596020,51900.3,51903.3,51897.8,51903.3,106
1784596080,51902.8,51914.8,51900.8,51909.8,124
1784596140,51909.3,51913.8,51907.8,51908.8,98
1784596200,51908.3,51911.8,51903.3,51907.3,104
1784596260,51906.8,51909.3,51902.8,51906.8,132
1784596320,51906.3,51917.3,51905.8,51917.3,72
1784596380,51917.8,51918.3,51911.8,51913.3,114
1784596440,51912.3,51924.8,51912.3,51921.3,116
1784596500,51922.3,51927.3,51920.8,51920.8,110
1784596560,51920.3,51928.8,51920.3,51924.8,86
1784596620,51925.3,51927.3,51914.8,51914.8,106
1784596680,51913.8,51913.8,51901.3,51902.3,128
1784596740,51903.3,51920.3,51896.8,51913.8,160
1784596800,51912.3,51917.3,51899.3,51906.3,154
1784596860,51905.8,51910.3,51903.3,51903.3,76
1784596920,51902.3,51910.3,51901.3,51907.3,94
1784596980,51908.3,51909.3,51903.3,51904.3,96
1784597040,51903.3,51912.3,51903.3,51906.8,88
1784597100,51907.3,51911.3,51904.8,51905.3,88
1784597160,51904.8,51906.3,51900.3,51905.8,100
1784597220,51906.3,51916.3,51906.3,51912.3,96
1784597280,51911.3,51912.3,51907.3,51908.3,84
1784597340,51909.3,51911.3,51905.3,51906.3,80
1784597400,51907.3,51915.8,51900.3,51901.3,116
1784597460,51900.3,51906.8,51898.3,51906.8,114
1784597520,51907.3,51908.8,51903.8,51906.8,84
1784597580,51906.3,51912.3,51906.3,51909.8,84
1784597640,51910.8,51911.3,51907.8,51908.3,66
1784597700,51908.8,51908.8,51896.8,51897.3,70
1784597760,51896.3,51904.8,51894.8,51901.8,78
1784597820,51903.3,51903.3,51895.8,51897.8,76
1784597880,51898.8,51898.8,51890.3,51892.8,114
1784597940,51893.3,51893.3,51887.8,51889.8,90
1784598000,51888.8,51889.8,51882.8,51889.3,94
1784598060,51888.8,51888.8,51878.3,51879.3,102
1784598120,51879.8,51880.8,51877.3,51879.8,100
1784598180,51880.3,51880.8,51874.8,51875.3,94
1784598240,51874.8,51875.3,51871.3,51872.8,100
1784598300,51872.3,51874.8,51865.3,51873.3,120
1784598360,51874.3,51885.8,51874.3,51882.3,126
1784598420,51882.8,51888.8,51882.3,51882.8,100
1784598480,51883.3,51890.8,51883.3,51885.3,90
1784598540,51884.8,51890.3,51884.8,51888.3,80
1784598600,51887.8,51892.3,51885.3,51889.3,88
1784598660,51888.8,51889.3,51876.3,51876.8,100
1784598720,51877.8,51880.8,51876.8,51879.8,80
1784598780,51879.3,51879.8,51873.8,51878.3,104
1784598840,51877.8,51885.8,51876.8,51885.8,92
1784598900,51885.3,51885.3,51880.3,51882.8,124
1784598960,51883.3,51887.8,51878.8,51881.8,106
1784599020,51881.3,51881.8,51874.8,51878.3,78
1784599080,51878.8,51878.8,51875.8,51877.8,86
1784599140,51878.3,51879.8,51874.3,51877.8,104
1784599200,51879.3,51888.8,51878.3,51887.3,108
1784599260,51886.8,51890.8,51885.8,51886.8,82
1784599320,51886.3,51893.3,51884.8,51891.8,110
1784599380,51892.3,51900.8,51891.3,51900.8,112
1784599440,51901.8,51904.3,51896.8,51898.8,68
1784599500,51899.3,51909.8,51897.8,51905.3,111
1784599560,51904.8,51911.3,51900.8,51902.8,91
1784599620,51903.3,51903.8,51898.8,51899.8,90
1784599680,51899.3,51901.3,51895.8,51895.8,84
1784599740,51896.3,51896.8,51886.3,51889.3,86
1784599800,51888.8,51890.3,51884.8,51885.3,102
1784599860,51886.3,51886.3,51880.8,51886.3,84
1784599920,51886.8,51887.3,51878.8,51881.3,90
1784599980,51882.3,51885.3,51881.8,51883.3,76
1784600040,51882.3,51883.3,51880.3,51880.8,58
1784600100,51880.3,51882.3,51876.3,51876.3,56
1784600160,51875.8,51877.3,51871.3,51874.8,74
1784600220,51875.3,51877.8,51874.3,51874.3,46
1784600280,51874.8,51876.3,51873.8,51874.3,66
1784600340,51873.8,51873.8,51862.3,51866.3,114
1784600400,51865.3,51871.3,51865.3,51869.3,106
1784600460,51869.8,51882.8,51869.8,51882.8,90
1784600520,51882.3,51888.8,51881.3,51887.8,96
1784600580,51888.8,51894.8,51888.8,51894.8,92
1784600640,51895.3,51900.3,51894.3,51900.3,90
1784600700,51901.3,51904.8,51900.3,51904.8,92
1784600760,51903.8,51904.3,51899.8,51903.3,90
1784600820,51902.8,51903.3,51896.3,51899.8,70
1784600880,51900.8,51904.3,51899.8,51901.3,82
1784600940,51900.3,51902.3,51893.8,51893.8,94
1784601000,51893.3,51905.8,51893.3,51902.3,104
1784601060,51901.3,51905.3,51901.3,51905.3,64
1784601120,51905.8,51908.8,51904.3,51906.3,90
1784601180,51906.8,51910.8,51905.8,51910.8,96
1784601240,51910.3,51913.8,51908.3,51909.8,56
1784601300,51909.3,51912.8,51909.3,51912.8,62
1784601360,51912.3,51919.3,51912.3,51916.3,82
1784601420,51915.8,51922.3,51915.8,51922.3,88
1784601480,51921.3,51923.8,51917.3,51917.8,58
1784601540,51917.3,51918.8,51916.3,51917.3,34
1784601600,51917.8,51918.3,51914.8,51916.3,78
1784601660,51916.8,51916.8,51912.3,51914.8,70
1784601720,51913.3,51916.8,51913.3,51913.3,40
1784601780,51912.8,51915.3,51912.8,51912.8,32
1784601840,51911.8,51912.3,51910.8,51911.8,24
1784601900,51911.3,51911.8,51908.8,51911.8,74
1784601960,51911.3,51913.3,51910.8,51913.3,58
1784602020,51912.8,51914.3,51908.8,51908.8,44
1784602080,51910.3,51911.8,51909.8,51911.3,28
1784602140,51910.8,51911.8,51904.8,51905.8,26
1784602200,51906.8,51909.3,51904.3,51907.8,52
1784602260,51907.3,51908.8,51905.8,51906.8,52
1784602320,51906.3,51907.3,51903.8,51904.3,64
1784602380,51904.8,51907.3,51904.3,51906.3,48
1784602440,51906.8,51914.8,51906.8,51914.8,52
1784602500,51914.3,51918.8,51914.3,51918.3,70
1784602560,51918.8,51920.8,51914.8,51914.8,80
1784602620,51916.3,51918.3,51915.8,51917.8,20
1784602680,51917.3,51919.8,51915.8,51919.3,70
1784602740,51918.8,51922.3,51918.3,51922.3,60
1784602800,51921.8,51931.8,51921.8,51928.3,78
1784602860,51927.8,51929.8,51925.8,51925.8,46
1784602920,51926.8,51931.3,51925.8,51926.8,56
1784602980,51926.3,51933.3,51924.8,51933.3,42
1784603040,51932.8,51936.8,51931.8,51935.3,40
1784603100,51934.8,51939.3,51933.8,51933.8,48
1784603160,51934.3,51934.3,51929.8,51932.8,34
1784603220,51933.3,51936.3,51932.3,51932.8,44
1784603280,51933.3,51934.8,51932.8,51932.8,34
1784603340,51932.3,51933.3,51931.8,51931.8,30
1784603400,51932.3,51933.8,51930.8,51933.3,30
1784603460,51933.8,51935.8,51931.8,51932.3,40
1784603520,51932.8,51933.3,51930.8,51931.3,24
1784603580,51930.8,51934.8,51930.8,51934.8,54
1784603640,51935.3,51935.3,51932.8,51934.8,32
1784603700,51934.3,51936.3,51931.8,51935.3,48
1784603760,51935.8,51936.8,51934.8,51936.8,20
1784603820,51935.8,51939.8,51935.8,51939.3,30
1784603880,51938.8,51943.3,51938.8,51942.8,44
1784603940,51943.8,51950.8,51943.8,51948.8,52
1784604000,51947.8,51950.8,51947.3,51950.8,40
1784604060,51951.3,51957.8,51950.8,51953.3,58
1784604120,51953.8,51956.8,51952.3,51955.8,40
1784604180,51955.3,51955.8,51953.3,51954.8,28
1784604240,51955.3,51958.8,51954.8,51958.3,40
1784604300,51957.8,51959.8,51956.8,51957.8,30
1784604360,51958.8,51959.8,51956.8,51956.8,70
1784604420,51957.3,51959.8,51957.3,51959.3,58
1784604480,51959.8,51962.8,51957.8,51962.8,34
1784604540,51961.8,51961.8,51958.8,51960.3,24
1784604600,51960.8,51962.8,51957.8,51959.8,84
1784604660,51959.3,51959.3,51955.8,51957.3,72
1784604720,51956.8,51957.8,51952.3,51952.3,58
1784604780,51952.8,51955.8,51951.8,51954.8,70
1784604840,51955.3,51957.8,51954.8,51956.8,54
1784604900,51957.3,51958.3,51954.8,51956.8,36
1784604960,51957.8,51957.8,51951.8,51951.8,62
1784605020,51951.3,51953.8,51950.8,51953.8,42
1784605080,51952.3,51953.8,51950.8,51952.8,38
1784605140,51953.8,51954.8,51949.8,51954.8,54
1784605200,51955.8,51957.8,51955.3,51955.8,54
1784605260,51957.3,51958.8,51955.8,51957.8,44
1784605320,51957.3,51958.8,51956.8,51958.8,32
1784605380,51958.3,51958.8,51956.8,51958.8,34
1784605440,51959.3,51959.8,51957.3,51958.8,42
1784605500,51959.3,51960.8,51956.3,51958.3,62
1784605560,51957.8,51959.8,51955.8,51956.8,74
1784605620,51957.3,51959.8,51955.8,51959.3,38
1784605680,51958.8,51965.8,51958.8,51965.3,76
1784605740,51965.8,51965.8,51962.8,51965.8,44
1784605800,51965.3,51966.3,51960.8,51961.8,60
1784605860,51962.8,51964.3,51961.8,51963.8,60
1784605920,51964.3,51964.8,51960.8,51962.8,44
1784605980,51963.8,51965.8,51963.3,51964.3,26
1784606040,51964.8,51969.8,51964.3,51969.8,40
1784606100,51970.8,51973.8,51969.8,51973.8,66
1784606160,51974.3,51978.3,51974.3,51975.8,38
1784606220,51975.3,51981.8,51974.8,51981.8,36
1784606280,51980.8,51982.3,51979.3,51981.8,24
1784606340,51985.3,51989.3,51980.3,51989.3,54
1784606400,51989.8,51999.3,51989.3,51997.8,64
1784606460,51996.8,52005.3,51994.8,52004.8,44
1784606520,52003.8,52004.3,51998.8,52003.8,48
1784606580,52002.8,52005.3,51998.8,52000.8,68
1784606640,52001.8,52003.3,51998.8,52002.3,54
1784606700,52002.8,52003.8,51998.8,52000.8,56
1784606760,52001.3,52018.8,52000.8,52013.8,81
1784606820,52014.3,52014.3,52009.3,52010.3,90
1784606880,52010.8,52011.3,52006.8,52006.8,70
1784606940,52005.8,52008.8,52004.8,52006.8,70
1784607000,52006.3,52009.3,52003.8,52009.3,86
1784607060,52008.8,52008.8,52004.8,52007.3,62
1784607120,52006.8,52009.8,52006.8,52008.3,64
1784607180,52008.8,52008.8,52005.8,52007.8,52
1784607240,52008.3,52008.8,52005.3,52006.3,56
1784607300,52005.8,52007.3,52003.3,52004.8,56
1784607360,52005.8,52008.8,52005.3,52008.8,66
1784607420,52007.8,52007.8,52004.8,52005.3,54
1784607480,52004.8,52006.3,52004.3,52005.3,68
1784607540,52004.8,52005.3,51999.3,51999.8,50
1784607600,52000.3,52004.3,51999.8,52003.8,72
1784607660,52004.3,52006.3,52000.8,52003.8,66
1784607720,52004.3,52004.8,52002.8,52002.8,18
1784607780,52003.3,52006.8,52003.3,52004.3,40
1784607840,52003.8,52009.8,52003.3,52009.3,26
1784607900,52008.8,52011.3,52006.8,52007.8,60
1784607960,52007.3,52007.8,51998.3,52000.3,75
1784608020,52002.3,52002.8,52001.3,52002.8,35
1784608080,52004.3,52005.3,52003.3,52004.8,26
1784608140,52004.3,52007.8,52004.3,52007.3,34
1784608200,52007.8,52009.8,52006.3,52008.8,48
1784608260,52009.3,52011.3,52008.8,52010.3,48
1784608320,52009.8,52011.8,52007.8,52010.8,76
1784608380,52010.3,52011.8,52008.3,52010.8,52
1784608440,52011.3,52014.3,52010.3,52013.8,52
1784608500,52014.3,52023.8,52014.3,52023.8,48
1784608560,52024.3,52024.8,52018.3,52021.3,60
1784608620,52021.8,52029.8,52021.8,52028.8,58
1784608680,52026.3,52026.8,52022.3,52025.8,46
1784608740,52025.3,52028.8,52023.8,52024.8,42
1784608800,52024.3,52025.3,52022.3,52023.3,60
1784608860,52023.8,52024.3,52020.3,52023.3,54
1784608920,52022.8,52022.8,52015.8,52020.3,50
1784608980,52020.8,52020.8,52016.8,52019.8,68
1784609040,52019.3,52020.3,52015.8,52016.3,56
1784609100,52015.8,52015.8,52011.3,52015.3,68
1784609160,52014.8,52018.8,52014.8,52018.3,64
1784609220,52017.3,52019.8,52017.3,52019.3,40
1784609280,52019.8,52025.3,52019.8,52025.3,50
1784609340,52024.3,52024.3,52022.8,52023.8,32
1784609400,52023.3,52023.8,52018.8,52020.3,76
1784609460,52020.8,52021.8,52016.8,52017.8,38
1784609520,52016.3,52018.3,52012.8,52016.3,64
1784609580,52015.8,52016.3,52014.3,52014.3,46
1784609640,52013.8,52020.8,52013.3,52020.3,68
1784609700,52019.8,52019.8,52016.8,52018.3,38
1784609760,52017.3,52017.8,52014.3,52014.8,46
1784609820,52015.3,52020.3,52014.8,52020.3,70
1784609880,52020.8,52023.3,52019.3,52022.3,30
1784609940,52023.3,52023.3,52019.3,52023.3,42
1784610000,52023.8,52023.8,52020.8,52021.3,38
1784610060,52020.8,52021.3,52018.3,52019.8,38
1784610120,52019.3,52019.8,52016.8,52018.8,32
1784610180,52019.8,52019.8,52015.3,52015.3,40
1784610240,52015.8,52016.8,52012.8,52013.8,34
1784610300,52013.3,52013.3,52007.8,52009.3,36
1784610360,52008.8,52008.8,52000.3,52004.8,70
1784610420,52004.3,52006.8,52002.8,52006.3,33
1784610480,52005.8,52006.8,52003.3,52004.3,36
1784610540,52003.3,52010.3,52003.3,52009.8,48
1784610600,52009.3,52012.8,52005.8,52005.8,44
1784610660,52007.3,52007.3,52002.3,52002.3,62
1784610720,52001.8,52004.8,52000.3,52004.3,54
1784610780,52005.3,52005.8,52001.3,52001.8,22
1784610840,52000.8,52003.3,52000.8,52000.8,40
1784610900,51999.8,51999.8,51995.8,51997.3,38
1784610960,51997.8,51999.3,51996.8,51997.3,34
1784611020,51996.3,51998.3,51993.3,51994.8,54
1784611080,51994.3,51998.3,51992.3,51997.8,38
1784611140,51998.3,51999.3,51994.3,51994.8,38
1784611200,51995.3,51996.3,51993.8,51994.3,40
1784611260,51995.3,51999.3,51994.3,51997.3,62
1784611320,51997.8,51997.8,51995.3,51997.3,70
1784611380,51997.8,52001.3,51996.3,52000.3,58
1784611440,52000.8,52006.3,51999.8,52004.3,76
1784611500,52003.8,52008.8,52002.8,52008.8,34
1784611560,52009.3,52017.8,52009.3,52015.8,48
1784611620,52016.3,52018.8,52012.3,52012.3,56
1784611680,52012.8,52019.8,52012.3,52014.3,68
1784611740,52015.3,52017.8,52014.8,52017.8,26
1784611800,52018.8,52021.3,52015.3,52017.8,72
1784611860,52018.3,52018.3,52017.3,52017.3,42
1784611920,52018.3,52020.8,52015.8,52016.3,70
1784611980,52016.8,52019.8,52016.3,52018.3,58
1784612040,52018.8,52025.8,52018.8,52025.3,36
1784612100,52024.8,52025.8,52021.8,52024.8,46
1784612160,52024.3,52027.8,52024.3,52026.8,38
1784612220,52026.3,52026.3,52023.3,52024.3,60
1784612280,52025.3,52028.8,52024.8,52024.8,40
1784612340,52023.8,52023.8,52015.8,52019.3,72
1784612400,52019.8,52033.3,52019.8,52033.3,80
1784612460,52032.8,52037.3,52032.8,52037.3,76
1784612520,52036.3,52041.8,52034.3,52041.8,78
1784612580,52042.3,52050.3,52041.8,52044.3,92
1784612640,52045.8,52048.8,52045.3,52048.8,40
1784612700,52049.3,52049.3,52036.3,52036.8,80
1784612760,52037.3,52039.8,52036.8,52038.8,72
1784612820,52038.3,52038.8,52031.8,52037.8,66
1784612880,52038.8,52048.8,52038.8,52047.3,98
1784612940,52046.8,52048.3,52043.3,52046.8,80
1784613000,52045.3,52050.3,52045.3,52047.3,74
1784613060,52046.8,52054.8,52046.3,52047.8,90
1784613120,52047.3,52048.8,52046.3,52046.3,64
1784613180,52045.3,52047.3,52044.3,52044.8,52
1784613240,52046.3,52049.3,52045.8,52046.8,52
1784613300,52047.3,52049.3,52044.3,52046.3,70
1784613360,52047.3,52047.3,52041.8,52043.3,44
1784613420,52042.8,52042.8,52039.3,52039.3,42
1784613480,52040.3,52041.3,52036.8,52041.3,42
1784613540,52040.8,52040.8,52036.8,52037.3,34
1784613600,52036.8,52045.8,52035.8,52044.8,134
1784613660,52045.3,52046.3,52041.8,52043.8,104
1784613720,52042.3,52042.8,52035.3,52035.8,70
1784613780,52034.3,52040.8,52033.8,52037.3,68
1784613840,52037.8,52040.8,52033.3,52040.3,86
1784613900,52040.8,52042.8,52032.8,52034.3,82
1784613960,52034.8,52039.8,52033.8,52038.3,76
1784614020,52038.8,52039.3,52026.3,52027.8,88
1784614080,52028.3,52028.3,52017.8,52017.8,68
1784614140,52017.3,52019.8,52012.8,52013.3,82
1784614200,52012.8,52015.3,52005.8,52009.8,126
1784614260,52008.8,52013.8,52001.3,52012.8,74
1784614320,52013.8,52017.3,52009.8,52013.8,86
1784614380,52013.3,52013.3,52003.3,52005.8,84
1784614440,52006.3,52010.3,52003.3,52008.8,60
1784614500,52007.8,52011.8,52000.8,52007.3,80
1784614560,52007.8,52015.8,52006.8,52006.8,94
1784614620,52007.3,52007.3,52002.8,52005.8,74
1784614680,52005.3,52005.3,51999.8,52003.8,54
1784614740,52005.8,52006.3,52002.3,52003.3,78
1784614800,52002.8,52007.8,52000.8,52005.8,76
1784614860,52006.8,52011.8,52006.8,52009.8,74
1784614920,52009.3,52009.8,52005.8,52008.8,70
1784614980,52007.8,52016.3,52006.3,52015.8,56
1784615040,52015.3,52019.8,52013.3,52019.8,98
1784615100,52019.3,52041.8,52019.3,52029.8,132
1784615160,52028.3,52030.8,52025.3,52025.3,104
1784615220,52025.8,52025.8,52019.8,52019.8,76
1784615280,52017.8,52018.8,52015.8,52016.8,84
1784615340,52017.3,52022.3,52016.8,52018.8,62
1784615400,52019.8,52038.3,52019.8,52037.3,144
1784615460,52037.8,52041.3,52032.3,52034.3,108
1784615520,52035.3,52042.3,52034.3,52042.3,94
1784615580,52041.8,52041.8,52035.3,52039.3,74
1784615640,52040.3,52045.3,52037.3,52042.3,106
1784615700,52041.8,52063.3,52041.8,52044.3,146
1784615760,52043.8,52044.3,52039.3,52042.3,88
1784615820,52041.8,52044.8,52041.8,52043.3,72
1784615880,52042.8,52044.8,52033.8,52035.3,70
1784615940,52036.3,52042.8,52036.3,52041.3,66
1784616000,52040.3,52040.8,52036.8,52040.3,28
1784616060,52040.8,52049.8,52040.3,52045.3,64
1784616120,52046.3,52046.8,52042.3,52043.8,52
1784616180,52045.8,52045.8,52036.3,52038.8,66
1784616240,52039.3,52042.3,52039.3,52039.3,44
1784616300,52038.8,52042.3,52038.3,52038.8,58
1784616360,52038.3,52038.3,52028.3,52028.3,86
1784616420,52029.3,52031.8,52025.8,52031.8,66
1784616480,52030.3,52031.3,52027.8,52030.8,56
1784616540,52032.3,52032.8,52029.3,52030.8,48
1784616600,52031.3,52035.8,52031.3,52034.3,58
1784616660,52033.8,52035.3,52030.8,52031.3,58
1784616720,52030.8,52035.8,52028.8,52035.8,64
1784616780,52036.3,52043.3,52036.3,52042.3,82
1784616840,52041.3,52042.8,52036.8,52038.3,60
1784616900,52037.8,52038.8,52031.3,52032.3,74
1784616960,52030.8,52035.8,52030.8,52034.8,31
1784617020,52036.8,52037.3,52033.8,52034.3,56
1784617080,52033.8,52035.8,52030.3,52030.8,60
1784617140,52029.8,52036.3,52028.3,52036.3,72
1784617200,52035.8,52061.3,52020.3,52061.3,184
1784617260,52060.8,52066.8,52056.3,52066.3,148
1784617320,52065.8,52081.8,52059.8,52079.3,120
1784617380,52080.3,52095.8,52078.3,52092.3,128
1784617440,52088.8,52092.8,52078.8,52078.8,130
1784617500,52077.8,52085.3,52077.8,52085.3,130
1784617560,52086.8,52087.3,52074.8,52080.3,112
1784617620,52080.8,52084.3,52074.8,52075.8,120
1784617680,52075.3,52075.8,52066.3,52066.3,80
1784617740,52068.3,52070.8,52060.3,52062.8,112
1784617800,52061.8,52064.3,52059.8,52063.8,104
1784617860,52064.8,52064.8,52042.8,52042.8,104
1784617920,52043.8,52048.8,52040.8,52042.8,126
1784617980,52042.3,52042.8,52030.8,52034.8,108
1784618040,52035.3,52045.8,52035.3,52040.8,134
1784618100,52040.3,52040.3,52033.3,52038.3,95
1784618160,52037.8,52038.8,52021.8,52021.8,98
1784618220,52022.8,52032.3,52022.8,52032.3,100
1784618280,52032.8,52037.3,52026.8,52026.8,98
1784618340,52025.3,52041.3,52024.8,52038.8,90
1784618400,52038.3,52039.8,52031.8,52034.3,102
1784618460,52033.8,52034.3,52023.3,52033.3,112
1784618520,52034.3,52037.3,52025.8,52026.8,116
1784618580,52027.3,52027.8,52022.8,52027.3,70
1784618640,52026.8,52027.3,52013.3,52016.3,110
1784618700,52015.8,52024.3,52003.8,52005.8,122
1784618760,52003.8,52003.8,51994.8,51994.8,78
1784618820,51993.8,51995.8,51986.3,51992.8,111
1784618880,51993.3,52004.3,51990.3,52004.3,114
1784618940,52003.3,52006.3,51997.8,52000.8,98
1784619000,52001.3,52002.3,51975.3,51975.8,130
1784619060,51976.8,51986.8,51976.8,51985.3,98
1784619120,51984.3,52006.3,51983.8,52006.3,112
1784619180,52005.3,52020.3,52004.8,52016.3,134
1784619240,52016.8,52022.3,52014.3,52021.8,102
1784619300,52019.8,52028.3,52017.8,52027.8,104
1784619360,52031.3,52034.8,52028.8,52032.8,114
1784619420,52032.3,52035.8,52030.3,52031.3,106
1784619480,52030.8,52033.3,52024.3,52028.3,92
1784619540,52027.8,52029.8,52024.8,52027.3,84
1784619600,52026.3,52031.8,52024.3,52026.8,110
1784619660,52026.3,52032.8,52024.3,52028.8,92
1784619720,52028.3,52030.8,52022.8,52026.8,102
1784619780,52027.8,52027.8,52022.8,52023.8,110
1784619840,52023.3,52023.3,52015.8,52015.8,80
1784619900,52017.8,52023.8,52010.3,52016.8,132
1784619960,52017.3,52021.8,52014.8,52014.8,92
1784620020,52014.3,52016.8,52011.3,52014.8,104
1784620080,52015.3,52015.8,52009.3,52014.3,114
1784620140,52015.3,52017.3,52010.8,52011.8,98
1784620200,52011.3,52011.3,52001.8,52001.8,96
1784620260,52000.8,52010.3,52000.8,52006.3,104
1784620320,52005.8,52016.8,52002.8,52016.8,98
1784620380,52016.3,52016.3,52007.3,52010.3,104
1784620440,52011.3,52021.3,52010.3,52010.3,82
1784620500,52010.8,52019.3,52007.3,52019.3,104
1784620560,52018.3,52024.8,52016.3,52022.3,100
1784620620,52021.8,52027.3,52021.8,52024.8,82
1784620680,52023.8,52025.8,52019.8,52021.8,60
1784620740,52021.3,52024.8,52015.8,52019.3,122
1784620800,52021.8,52021.8,51995.8,52001.8,160
1784620860,52002.8,52008.8,51998.8,52008.8,154
1784620920,52007.3,52010.8,51993.8,51994.3,140
1784620980,51993.8,52010.3,51993.8,51996.3,146
1784621040,51995.8,51996.8,51987.3,51991.3,158
1784621100,51988.3,51997.3,51987.8,51991.8,126
1784621160,51993.3,52010.3,51993.3,52008.3,130
1784621220,52008.8,52018.8,52007.3,52010.3,130
1784621280,52010.8,52017.8,52007.3,52014.3,118
1784621340,52013.3,52024.3,52007.8,52020.8,128
1784621400,52018.3,52026.8,52008.3,52013.8,126
1784621460,52011.8,52020.3,52006.8,52012.8,122
1784621520,52011.3,52014.8,52008.8,52009.8,80
1784621580,52011.3,52028.3,52006.8,52028.3,112
1784621640,52024.3,52035.8,52024.3,52035.8,122
1784621700,52035.3,52041.3,52032.3,52033.8,132
1784621760,52034.8,52037.3,52023.3,52032.3,116
1784621820,52031.8,52036.3,52025.3,52035.8,108
1784621880,52036.3,52039.3,52029.8,52036.8,104
1784621940,52035.3,52045.8,52034.3,52044.3,128
1784622000,52043.3,52045.3,52036.8,52037.3,98
1784622060,52038.3,52052.8,52037.8,52049.8,152
1784622120,52050.3,52053.3,52040.8,52040.8,124
1784622180,52041.3,52047.3,52036.3,52046.3,76
1784622240,52045.8,52049.8,52042.3,52044.8,106
1784622300,52045.3,52052.8,52039.3,52041.3,118
1784622360,52041.8,52041.8,52035.8,52040.3,96
1784622420,52039.8,52041.3,52031.3,52032.3,110
1784622480,52033.3,52034.3,52028.3,52029.3,94
1784622540,52029.8,52029.8,52017.8,52024.8,120
1784622600,52025.3,52031.3,52018.8,52029.3,112
1784622660,52030.3,52039.3,52023.3,52031.3,128
1784622720,52032.3,52042.8,52031.3,52042.8,88
1784622780,52043.3,52044.3,52038.3,52041.3,100
1784622840,52039.3,52041.8,52037.8,52039.3,90
1784622900,52040.3,52048.3,52036.8,52048.3,114
1784622960,52047.3,52048.3,52040.8,52040.8,64
1784623020,52042.3,52045.3,52036.8,52041.3,98
1784623080,52040.8,52047.3,52040.8,52046.3,118
1784623140,52048.3,52055.3,52045.3,52048.8,106
1784623200,52046.8,52058.8,52044.3,52058.8,110
1784623260,52059.8,52063.8,52058.8,52063.3,108
1784623320,52064.3,52066.3,52062.3,52066.3,78
1784623380,52065.3,52070.3,52064.3,52066.3,94
1784623440,52067.3,52073.3,52065.8,52068.8,64
1784623500,52070.3,52070.3,52054.8,52054.8,88
1784623560,52051.8,52052.8,52044.8,52046.8,100
1784623620,52046.3,52049.3,52036.3,52037.8,92
1784623680,52039.3,52043.3,52038.3,52039.3,68
1784623740,52038.3,52043.8,52037.8,52039.3,80
1784623800,52040.3,52050.3,52039.8,52047.3,58
1784623860,52045.8,52048.8,52042.3,52045.3,100
1784623920,52046.3,52052.3,52037.3,52038.3,106
1784623980,52037.8,52038.8,52025.3,52025.8,116
1784624040,52024.8,52037.8,52024.8,52035.8,108
1784624100,52035.3,52035.8,52030.8,52031.3,76
1784624160,52030.8,52042.3,52030.8,52038.8,72
1784624220,52037.8,52037.8,52032.8,52036.8,96
1784624280,52037.8,52047.3,52037.8,52046.3,76
1784624340,52045.3,52048.8,52042.8,52046.3,62
1784624400,52045.3,52056.3,52040.8,52050.3,120
1784624460,52050.8,52061.3,52050.3,52060.3,120
1784624520,52060.8,52068.8,52060.8,52067.8,96
1784624580,52067.3,52070.8,52060.3,52066.3,96
1784624640,52067.3,52071.3,52063.3,52070.8,78
1784624700,52070.3,52072.8,52065.3,52070.8,76
1784624760,52071.3,52075.3,52066.8,52068.3,56
1784624820,52067.8,52069.3,52061.3,52062.3,70
1784624880,52061.8,52067.8,52061.8,52065.8,64
1784624940,52068.3,52069.3,52060.8,52064.3,66
1784625000,52063.3,52068.3,52062.8,52063.8,62
1784625060,52064.3,52070.3,52063.8,52070.3,98
1784625120,52069.8,52070.3,52062.3,52068.3,102
1784625180,52067.8,52068.3,52059.8,52061.3,60
1784625240,52061.8,52061.8,52056.8,52060.8,64
1784625300,52061.8,52068.3,52059.8,52066.8,90
1784625360,52067.3,52072.8,52066.3,52068.3,104
1784625420,52067.8,52068.3,52060.8,52061.3,78
1784625480,52060.3,52060.3,52048.8,52049.8,116
1784625540,52048.8,52050.8,52043.3,52046.8,84
1784625600,52046.3,52060.3,52040.3,52042.8,112
1784625660,52043.3,52043.8,52038.3,52041.8,66
1784625720,52040.8,52040.8,52032.8,52034.3,64
1784625780,52034.8,52044.8,52031.8,52039.8,65
1784625840,52038.8,52044.3,52036.8,52037.3,88
1784625900,52037.8,52043.3,52035.8,52043.3,84
1784625960,52043.8,52043.8,52034.3,52034.3,98
1784626020,52033.8,52034.3,52028.3,52030.3,96
1784626080,52030.8,52034.3,52027.3,52030.3,92
1784626140,52031.3,52032.3,52020.8,52023.3,96
1784626200,52022.3,52026.8,52016.3,52023.3,118
1784626260,52022.8,52037.3,52019.8,52035.3,104
1784626320,52034.8,52047.3,52034.8,52045.3,86
1784626380,52046.3,52046.3,52041.3,52043.3,96
1784626440,52044.3,52050.3,52041.8,52041.8,78
1784626500,52042.8,52044.3,52039.3,52039.3,74
1784626560,52038.8,52040.3,52030.3,52031.3,82
1784626620,52030.3,52035.3,52028.8,52034.8,62
1784626680,52033.3,52033.3,52027.3,52028.3,76
1784626740,52027.3,52031.8,52023.3,52030.3,70
1784626800,52029.8,52029.8,52009.8,52009.8,74
1784626860,52011.8,52019.3,52010.3,52013.3,80
1784626920,52014.3,52018.3,52014.3,52017.3,36
1784626980,52018.3,52027.8,52018.3,52026.3,96
1784627040,52027.3,52030.3,52024.3,52025.3,68
1784627100,52024.8,52030.3,52021.3,52030.3,80
1784627160,52029.3,52041.3,52028.3,52038.8,102
1784627220,52038.3,52039.3,52035.3,52037.3,60
1784627280,52036.3,52040.3,52033.3,52035.8,64
1784627340,52035.3,52046.8,52035.3,52045.3,112
1784627400,52044.3,52044.3,52031.8,52031.8,84
1784627460,52032.3,52033.8,52023.3,52029.3,84
1784627520,52027.3,52029.8,52015.8,52019.3,88
1784627580,52019.8,52027.3,52015.3,52025.8,100
1784627640,52025.3,52025.8,52020.8,52021.8,64
1784627700,52023.3,52025.3,52018.8,52018.8,84
1784627760,52018.3,52021.8,52011.3,52011.8,74
1784627820,52012.3,52018.8,52007.3,52008.3,92
1784627880,52007.3,52009.3,52003.3,52007.8,94
1784627940,52008.3,52013.8,52004.3,52011.3,94
1784628000,52013.3,52024.3,52011.3,52016.8,135
1784628060,52016.3,52018.8,52011.3,52016.3,88
1784628120,52017.3,52033.8,52007.8,52023.8,142
1784628180,52023.3,52024.3,52016.3,52017.3,108
1784628240,52018.3,52018.3,52008.3,52016.3,100
1784628300,52017.3,52019.3,52007.3,52007.3,101
1784628360,52007.8,52013.8,52006.8,52011.8,86
1784628420,52011.3,52011.3,52004.3,52008.8,43
1784628480,52009.3,52016.3,52006.3,52012.8,92
1784628540,52013.8,52013.8,52006.3,52006.8,82
1784628600,52005.3,52051.3,52002.8,52046.3,174
1784628660,52046.8,52060.8,52041.3,52055.3,226
1784628720,52056.3,52056.3,52037.3,52037.3,158
1784628780,52037.8,52047.3,52029.8,52029.8,132
1784628840,52030.3,52038.3,52028.8,52030.3,104
1784628900,52031.8,52035.3,52023.3,52023.3,100
1784628960,52024.3,52035.3,52022.3,52028.3,124
1784629020,52027.8,52031.3,52024.8,52029.3,78
1784629080,52029.8,52034.3,52026.3,52034.3,98
1784629140,52035.3,52035.3,52028.3,52032.8,102
1784629200,52033.3,52040.3,52030.3,52040.3,82
1784629260,52038.3,52039.3,52029.8,52036.3,88
1784629320,52036.8,52037.3,52030.8,52036.3,90
1784629380,52035.8,52037.3,52024.3,52024.3,86
1784629440,52024.8,52033.8,52024.8,52029.8,90
1784629500,52030.3,52031.3,52023.3,52026.3,56
1784629560,52025.3,52025.3,52019.3,52023.3,78
1784629620,52024.3,52026.3,52019.3,52020.3,74
1784629680,52021.3,52033.8,52021.3,52031.3,68
1784629740,52031.8,52033.3,52028.3,52032.3,74
1784629800,52031.8,52074.8,52029.8,52063.8,104
1784629860,52067.3,52085.3,52067.3,52082.3,98
1784629920,52083.8,52089.3,52083.8,52087.8,88
1784629980,52086.3,52102.8,52086.3,52098.3,112
1784630040,52100.8,52104.8,52095.3,52095.8,84
1784630100,52094.8,52102.8,52089.3,52097.3,114
1784630160,52095.8,52110.8,52091.8,52106.8,124
1784630220,52107.8,52111.3,52096.8,52109.8,114
1784630280,52108.8,52110.8,52101.8,52102.8,114
1784630340,52102.3,52102.3,52086.8,52087.8,103
1784630400,52087.3,52088.8,52075.8,52080.8,92
1784630460,52082.3,52090.8,52079.3,52088.8,100
1784630520,52088.3,52100.8,52088.3,52100.3,78
1784630580,52101.3,52106.8,52099.3,52106.8,84
1784630640,52107.3,52107.3,52094.3,52094.3,85
1784630700,52093.3,52093.8,52090.8,52091.3,56
1784630760,52088.8,52088.8,52067.3,52078.8,132
1784630820,52079.3,52084.8,52075.8,52084.8,104
1784630880,52085.3,52087.3,52077.8,52083.8,66
1784630940,52084.3,52093.8,52083.8,52089.8,117
1784631000,52090.8,52090.8,52083.3,52084.3,92
1784631060,52082.8,52092.3,52080.3,52089.8,76
1784631120,52090.8,52099.3,52086.8,52098.8,86
1784631180,52097.8,52099.8,52093.8,52093.8,84
1784631240,52094.8,52094.8,52079.3,52079.3,122
1784631300,52082.3,52083.8,52075.8,52077.3,112
1784631360,52075.8,52082.8,52074.8,52082.3,102
1784631420,52081.8,52083.8,52078.8,52081.8,56
1784631480,52082.3,52086.8,52081.8,52086.8,62
1784631540,52089.3,52097.8,52086.8,52089.3,112
1784631600,52091.3,52091.3,52076.8,52076.8,132
1784631660,52078.3,52080.3,52072.8,52075.3,102
1784631720,52076.3,52089.3,52075.3,52081.8,96
1784631780,52081.3,52082.3,52071.8,52077.8,118
1784631840,52078.3,52079.8,52066.8,52070.3,98
1784631900,52069.8,52080.3,52068.3,52077.3,124
1784631960,52076.8,52077.3,52068.3,52069.3,94
1784632020,52068.3,52068.3,52059.3,52064.3,102
1784632080,52065.8,52068.3,52061.8,52064.3,80
1784632140,52063.8,52067.3,52050.8,52052.3,90
1784632200,52052.8,52057.8,52050.8,52051.8,86
1784632260,52052.3,52053.3,52033.3,52034.8,86
1784632320,52034.3,52042.3,52034.3,52039.3,108
1784632380,52038.3,52043.8,52030.8,52034.3,90
1784632440,52033.8,52039.3,52033.3,52034.3,84
1784632500,52034.8,52041.8,52033.3,52041.3,94
1784632560,52041.8,52043.3,52035.3,52040.3,76
1784632620,52041.3,52042.3,52031.3,52031.3,94
1784632680,52030.8,52038.3,52029.8,52034.3,84
1784632740,52033.8,52033.8,52023.3,52024.3,74
1784632800,52025.3,52027.3,52015.3,52015.3,116
1784632860,52015.8,52017.8,51998.3,52001.3,132
1784632920,51999.8,52012.8,51995.3,52011.8,96
1784632980,52011.3,52014.8,52007.8,52014.3,94
1784633040,52015.3,52020.8,52013.3,52018.3,106
1784633100,52018.8,52019.8,52006.3,52007.8,86
1784633160,52008.3,52017.3,52002.3,52009.3,108
1784633220,52009.8,52020.8,52008.3,52015.8,140
1784633280,52016.8,52017.8,52003.8,52006.8,106
1784633340,52006.3,52008.3,52000.8,52000.8,76
1784633400,52000.3,52027.8,52000.3,52021.8,138
1784633460,52021.3,52021.3,52014.8,52015.8,100
1784633520,52016.3,52018.8,52012.8,52015.3,90
1784633580,52014.3,52020.8,52010.8,52010.8,88
1784633640,52011.3,52017.3,52010.8,52013.3,108
1784633700,52012.8,52018.8,52009.8,52017.8,99
1784633760,52017.3,52026.8,52016.8,52024.8,104
1784633820,52023.8,52026.3,52020.3,52021.3,98
1784633880,52020.8,52028.3,52020.3,52028.3,84
1784633940,52028.8,52042.8,52026.3,52031.3,124
1784634000,52030.3,52033.8,52024.8,52025.3,84
1784634060,52024.3,52026.8,52019.3,52019.3,66
1784634120,52017.3,52017.8,52010.3,52010.3,38
1784634180,52009.8,52013.3,52004.3,52010.3,74
1784634240,52009.3,52011.3,52003.3,52007.3,106
1784634300,52004.3,52015.3,52002.3,52002.3,68
1784634360,52003.3,52004.3,51999.3,52004.3,68
1784634420,52003.8,52005.3,52000.3,52002.3,74
1784634480,52002.3,52004.8,51999.8,51999.8,50
1784634540,51997.8,52003.3,51994.8,52001.3,45
1784634600,52000.8,52005.3,51998.8,52000.3,82
1784634660,52000.8,52000.8,51989.3,51991.8,100
1784634720,51990.8,51996.3,51983.3,51983.3,104
1784634780,51984.3,51986.3,51979.3,51980.3,98
1784634840,51980.8,51984.3,51979.3,51981.3,70
1784634900,51981.8,51985.3,51978.3,51982.3,83
1784634960,51981.3,51985.3,51980.8,51981.3,70
1784635020,51980.3,51981.3,51973.8,51976.8,94
1784635080,51977.3,51980.3,51976.3,51978.3,66
1784635140,51977.8,51986.3,51975.8,51986.3,56
1784635200,51987.8,51997.8,51987.3,51987.3,154
1784635260,51988.3,51988.3,51968.8,51971.3,96
1784635320,51970.8,51980.8,51969.3,51976.8,108
1784635380,51977.3,51982.3,51969.3,51970.3,88
1784635440,51968.8,51978.3,51968.8,51975.3,110
1784635500,51975.8,51987.8,51975.8,51983.3,126
1784635560,51983.8,51986.8,51975.8,51982.3,128
1784635620,51982.8,51990.3,51982.8,51989.8,122
1784635680,51989.3,52007.8,51988.3,52004.3,116
1784635740,52003.8,52004.8,51990.8,51990.8,104
1784635800,51989.3,51995.3,51986.3,51988.3,98
1784635860,51990.3,51997.3,51985.8,51996.8,116
1784635920,51996.3,52006.3,51995.3,52004.3,104
1784635980,52004.8,52010.8,52001.8,52007.3,70
1784636040,52007.8,52010.8,51998.3,51998.3,88
1784636100,51996.3,51996.3,51945.8,51949.3,130
1784636160,51947.3,51974.8,51943.3,51973.3,182
1784636220,51973.8,51984.8,51970.3,51984.8,130
1784636280,51985.3,51987.3,51953.8,51953.8,140
1784636340,51956.3,51969.3,51956.3,51961.8,124
1784636400,51961.3,51970.3,51954.3,51958.3,128
1784636460,51957.8,51962.3,51955.3,51961.3,110
1784636520,51962.3,51964.8,51958.3,51960.3,128
1784636580,51959.3,51972.3,51957.3,51972.3,116
1784636640,51971.3,51987.3,51971.3,51983.3,166
1784636700,51984.3,51984.8,51966.8,51967.8,110
1784636760,51966.3,51979.8,51966.3,51973.8,112
1784636820,51973.3,51974.3,51961.8,51966.3,122
1784636880,51965.8,51967.3,51954.3,51964.3,124
1784636940,51963.3,51963.3,51953.8,51954.3,92
1784637000,51955.8,51967.3,51954.3,51965.8,125
1784637060,51965.3,51966.3,51959.3,51963.3,126
1784637120,51962.8,51968.3,51957.8,51961.3,98
1784637180,51962.3,51968.3,51960.3,51964.3,110
1784637240,51966.3,51969.3,51960.3,51966.3,88
1784637300,51965.3,51966.3,51955.3,51956.3,102
1784637360,51955.3,51961.8,51948.8,51959.3,128
1784637420,51958.3,51958.8,51955.3,51957.3,86
1784637480,51957.8,51959.3,51954.3,51957.3,92
1784637540,51958.3,51964.3,51956.3,51963.3,92
1784637600,51961.8,51963.3,51952.3,51954.8,118
1784637660,51955.3,51956.8,51938.8,51938.8,110
1784637720,51939.8,51943.3,51930.3,51937.8,102
1784637780,51937.3,51945.3,51905.3,51916.3,188
1784637840,51917.3,51944.3,51915.8,51943.8,166
1784637900,51941.8,51958.8,51941.8,51956.3,124
1784637960,51955.3,51959.3,51952.3,51955.3,132
1784638020,51954.8,51965.3,51949.3,51963.8,126
1784638080,51963.3,51980.8,51963.3,51976.8,164
1784638140,51977.8,51989.3,51972.3,51982.8,156
1784638200,51981.3,51990.3,51978.3,51990.3,132
1784638260,51990.8,51994.8,51986.8,51988.8,130
1784638320,51988.3,51990.3,51983.8,51990.3,124
1784638380,51989.8,51993.3,51984.3,51992.3,106
1784638440,51991.3,51999.8,51991.3,51998.3,109
1784638500,51997.8,51999.8,51993.3,51999.3,82
1784638560,51998.3,51998.3,51989.3,51994.3,70
1784638620,51993.3,52002.3,51991.3,52000.3,106
1784638680,51999.3,52000.3,51993.3,51993.8,86
1784638740,51992.8,51992.8,51985.3,51991.3,78
1784638800,51992.3,51996.3,51967.3,51969.8,156
1784638860,51969.3,51985.3,51969.3,51976.3,106
1784638920,51977.3,51977.3,51970.3,51973.3,114
1784638980,51974.3,51982.3,51972.3,51981.3,104
1784639040,51980.3,51993.3,51976.8,51985.8,102
1784639100,51986.8,52002.8,51986.3,51997.3,140
1784639160,51996.3,51999.3,51991.3,51992.3,132
1784639220,51988.3,52004.3,51983.3,52000.3,144
1784639280,51998.3,52002.8,51997.3,52000.3,122
1784639340,51999.3,51999.3,51985.3,51986.8,118
1784639400,51988.3,51991.8,51984.3,51988.8,96
1784639460,51989.8,51997.8,51984.3,51984.8,116
1784639520,51985.8,52004.8,51985.8,52001.8,118
1784639580,52000.8,52009.3,51997.8,52007.3,130
1784639640,52007.8,52013.3,52004.3,52010.3,152
1784639700,52009.3,52015.8,52005.3,52008.3,124
1784639760,52007.3,52011.8,52003.3,52003.8,126
1784639820,52003.3,52027.8,52002.3,52027.3,148
1784639880,52027.8,52032.3,52025.8,52025.8,170
1784639940,52026.3,52028.3,52017.3,52028.3,136
1784640000,52027.3,52032.8,52022.8,52026.8,106
1784640060,52026.3,52032.8,52020.3,52032.3,108
1784640120,52031.3,52045.3,52031.3,52044.3,132
1784640180,52043.8,52046.3,52035.8,52040.3,126
1784640240,52036.8,52042.3,52023.8,52042.3,128
1784640300,52044.3,52052.8,52038.3,52045.8,142
1784640360,52045.3,52053.8,52043.3,52043.3,132
1784640420,52043.8,52052.3,52035.8,52052.3,105
1784640480,52042.3,52049.3,52038.8,52043.3,109
1784640540,52042.3,52058.3,52028.3,52039.3,179
1784640600,52045.6,52079.1,52021.1,52075.6,293
1784640660,52071.1,52078.1,52031.6,52046.6,294
1784640720,52043.6,52057.6,51994.1,52008.6,270
1784640780,52007.1,52042.6,51987.6,52036.6,256
1784640840,52040.6,52086.1,52029.6,52072.6,255
1784640900,52069.6,52069.6,52040.6,52055.1,264
1784640960,52053.1,52072.1,52006.6,52006.6,270
1784641020,52013.1,52045.1,52000.1,52006.1,268
1784641080,52006.6,52019.1,51990.6,51997.1,253
1784641140,51998.6,52023.1,51979.3,51983.3,260
1784641200,51984.3,51997.6,51942.1,51960.1,258
1784641260,51958.1,51961.1,51912.6,51922.1,280
1784641320,51920.1,51927.6,51896.6,51913.1,262
1784641380,51913.6,51925.1,51898.6,51902.6,250
1784641440,51904.6,51904.6,51878.1,51897.1,267
1784641500,51896.6,51944.6,51894.6,51919.1,274
1784641560,51925.6,51962.8,51918.8,51954.6,247
1784641620,51953.6,51954.1,51915.6,51921.6,242
1784641680,51922.6,51985.1,51922.1,51985.1,252
1784641740,51983.6,51990.6,51965.6,51973.6,238
1784641800,51975.1,51987.6,51940.8,51946.1,244
1784641860,51945.6,51947.1,51897.1,51900.6,270
1784641920,51899.6,51937.1,51896.1,51904.6,234
1784641980,51905.6,51953.1,51900.1,51950.6,240
1784642040,51955.6,51985.1,51942.6,51982.6,218
1784642100,51981.6,51998.8,51950.6,51958.6,265
1784642160,51961.6,52005.6,51956.1,51996.6,240
1784642220,51995.6,52024.6,51995.6,52024.1,222
1784642280,52022.6,52022.6,51983.1,51994.1,255
1784642340,51994.6,52012.1,51989.1,52005.6,226
1784642400,52014.1,52027.1,52002.1,52014.6,252
1784642460,52014.1,52031.1,52005.6,52020.6,230
1784642520,52022.6,52071.1,52022.6,52059.1,225
1784642580,52058.3,52115.3,52056.3,52103.1,258
1784642640,52106.6,52123.6,52097.6,52113.6,254
1784642700,52111.6,52122.6,52090.6,52093.6,216
1784642760,52094.6,52112.6,52079.6,52098.6,241
1784642820,52099.1,52099.1,52076.1,52089.6,216
1784642880,52092.1,52145.1,52090.1,52139.1,237
1784642940,52143.1,52159.1,52120.1,52121.1,220
1784643000,52120.1,52141.6,52105.6,52140.6,234
1784643060,52137.6,52139.6,52115.1,52123.6,210
1784643120,52126.1,52147.6,52117.6,52117.6,224
1784643180,52115.1,52144.1,52111.6,52138.1,218
1784643240,52138.6,52177.1,52130.6,52167.6,232
1784643300,52166.6,52174.6,52134.6,52147.6,230
1784643360,52149.6,52153.1,52122.6,52127.1,206
1784643420,52125.6,52154.1,52123.6,52152.1,230
1784643480,52153.6,52170.6,52149.6,52160.1,235
1784643540,52157.6,52167.6,52151.1,52156.6,214
1784643600,52156.1,52161.1,52136.6,52137.6,228
1784643660,52137.1,52149.6,52119.6,52123.6,214
1784643720,52124.1,52140.6,52120.6,52135.6,226
1784643780,52134.6,52163.1,52132.1,52160.1,209
1784643840,52159.6,52164.1,52147.6,52152.6,190
1784643900,52152.1,52173.6,52146.6,52168.1,202
1784643960,52166.6,52177.6,52158.6,52166.6,232
1784644020,52167.1,52170.1,52150.3,52168.1,207
1784644080,52171.1,52183.1,52158.1,52158.1,222
1784644140,52159.1,52185.1,52158.1,52183.1,198
1784644200,52181.1,52197.6,52177.1,52182.1,216
1784644260,52182.6,52194.1,52176.6,52191.1,218
1784644320,52191.6,52195.1,52162.1,52165.1,200
1784644380,52160.1,52174.1,52151.6,52166.1,202
1784644440,52164.1,52186.6,52158.1,52175.6,180
1784644500,52176.6,52188.1,52152.6,52154.1,220
1784644560,52153.1,52154.1,52131.1,52133.6,198
1784644620,52134.1,52135.6,52116.1,52120.1,184
1784644680,52121.1,52121.6,52097.1,52098.1,202
1784644740,52099.6,52104.6,52089.1,52095.1,200
1784644800,52093.1,52114.1,52092.1,52098.6,208
1784644860,52093.6,52096.1,52070.6,52074.1,200
1784644920,52073.6,52097.1,52073.6,52085.6,230
1784644980,52084.6,52112.1,52084.6,52112.1,234
1784645040,52110.6,52121.6,52104.1,52106.1,195
1784645100,52104.6,52113.6,52103.1,52103.6,214
1784645160,52104.1,52108.1,52095.1,52105.6,198
1784645220,52106.6,52112.6,52095.6,52110.1,208
1784645280,52111.1,52158.1,52111.1,52143.1,242
1784645340,52141.6,52159.6,52138.6,52153.1,212
1784645400,52154.6,52155.6,52132.8,52139.1,210
1784645460,52137.6,52137.6,52116.1,52116.6,188
1784645520,52119.6,52126.1,52106.3,52106.8,179
1784645580,52105.8,52112.1,52092.6,52095.1,192
1784645640,52096.1,52098.1,52081.1,52094.1,192
1784645700,52096.6,52100.1,52089.6,52096.1,210
1784645760,52095.6,52100.6,52078.6,52081.1,188
1784645820,52080.6,52088.6,52078.1,52083.1,170
1784645880,52082.6,52106.1,52082.6,52102.1,202
1784645940,52101.1,52113.6,52098.1,52108.1,204
1784646000,52109.1,52113.1,52102.1,52108.6,196
1784646060,52109.1,52109.1,52082.1,52086.6,190
1784646120,52087.6,52100.1,52081.6,52086.1,192
1784646180,52085.6,52099.1,52080.6,52096.6,204
1784646240,52096.1,52112.1,52095.1,52105.6,178
1784646300,52106.6,52118.1,52099.1,52111.1,200
1784646360,52110.6,52121.1,52109.1,52116.1,188
1784646420,52116.6,52126.1,52114.6,52124.1,162
1784646480,52121.6,52131.1,52116.1,52126.6,171
1784646540,52126.1,52142.1,52124.6,52134.1,188
1784646600,52133.1,52135.6,52124.6,52128.1,162
1784646660,52127.1,52133.1,52122.6,52131.1,164
1784646720,52131.6,52148.6,52130.6,52146.6,161
1784646780,52145.1,52152.1,52131.6,52132.1,176
1784646840,52129.6,52144.6,52128.1,52143.1,166
1784646900,52143.6,52152.1,52139.1,52148.1,160
1784646960,52148.6,52159.1,52143.1,52147.6,188
1784647020,52148.1,52174.6,52147.6,52173.1,172
1784647080,52173.6,52183.6,52168.6,52177.1,166
1784647140,52177.6,52192.1,52176.1,52190.6,194
1784647200,52190.1,52219.8,52188.1,52204.8,184
1784647260,52203.8,52227.6,52199.3,52204.1,210
1784647320,52206.6,52206.6,52186.6,52187.6,172
1784647380,52188.6,52188.6,52165.1,52165.1,166
1784647440,52164.6,52175.6,52163.6,52171.6,161
1784647500,52171.1,52177.6,52166.6,52169.1,154
1784647560,52169.6,52188.1,52166.1,52188.1,166
1784647620,52190.6,52198.6,52190.6,52193.1,160
1784647680,52191.6,52207.1,52185.1,52205.6,166
1784647740,52204.6,52208.6,52194.1,52205.6,166
1784647800,52202.6,52209.1,52196.6,52208.1,190
1784647860,52208.6,52213.1,52204.8,52207.1,161
1784647920,52207.6,52224.6,52203.1,52221.6,160
1784647980,52221.1,52222.1,52186.1,52191.6,192
1784648040,52192.6,52197.6,52190.1,52195.6,175
1784648100,52195.1,52204.1,52173.1,52178.6,164
1784648160,52176.6,52181.1,52172.6,52179.1,140
1784648220,52180.1,52184.6,52171.6,52173.1,133
1784648280,52172.6,52183.6,52171.1,52183.1,150
1784648340,52181.6,52196.6,52181.6,52194.1,138
1784648400,52194.6,52205.6,52189.1,52205.1,150
1784648460,52207.1,52221.1,52206.1,52212.1,156
1784648520,52211.6,52215.1,52203.6,52209.6,136
1784648580,52211.6,52211.6,52195.1,52200.6,144
1784648640,52200.1,52216.6,52200.1,52211.1,164
1784648700,52212.1,52212.6,52200.6,52201.6,152
1784648760,52199.6,52209.1,52199.6,52205.6,132
1784648820,52204.1,52214.1,52203.6,52212.1,140
1784648880,52211.1,52227.1,52205.1,52226.1,138
1784648940,52227.6,52236.1,52221.6,52221.6,154
1784649000,52222.1,52228.1,52216.6,52217.6,172
1784649060,52218.6,52229.1,52217.1,52227.6,150
1784649120,52229.1,52234.1,52221.1,52222.1,148
1784649180,52221.1,52227.6,52218.6,52225.1,142
1784649240,52224.6,52230.1,52221.1,52223.6,150
1784649300,52224.1,52229.1,52220.1,52221.1,130
1784649360,52219.6,52243.6,52219.6,52235.6,132
1784649420,52234.1,52235.1,52218.1,52218.1,110
1784649480,52216.3,52224.1,52216.3,52224.1,147
1784649540,52223.6,52223.6,52214.1,52219.1,152
1784649600,52216.1,52230.1,52216.1,52224.1,150
1784649660,52224.6,52229.1,52218.1,52225.6,150
1784649720,52225.1,52229.6,52220.1,52229.1,128
1784649780,52228.6,52229.1,52220.1,52228.1,120
1784649840,52228.6,52243.1,52225.6,52240.6,146
1784649900,52241.6,52241.6,52231.8,52238.1,135
1784649960,52239.6,52250.1,52239.6,52244.1,128
1784650020,52243.1,52246.1,52235.1,52245.1,144
1784650080,52246.1,52250.6,52242.1,52245.6,144
1784650140,52245.1,52255.1,52244.1,52251.1,124
1784650200,52251.6,52258.6,52247.6,52256.6,119
1784650260,52257.1,52257.6,52243.1,52244.1,130
1784650320,52243.1,52246.1,52235.6,52244.6,130
1784650380,52243.6,52254.6,52243.6,52254.1,128
1784650440,52254.6,52263.1,52254.6,52261.6,122
1784650500,52261.1,52274.6,52261.1,52272.1,134
1784650560,52273.1,52283.1,52270.1,52280.1,132
1784650620,52280.6,52280.6,52275.3,52276.6,109
1784650680,52277.1,52291.1,52277.1,52281.1,120
1784650740,52280.1,52284.6,52275.3,52281.1,123
1784650800,52281.6,52286.1,52268.1,52268.1,130
1784650860,52267.1,52284.1,52264.6,52283.6,146
1784650920,52284.1,52298.1,52283.1,52291.6,133
1784650980,52292.1,52302.6,52289.1,52297.6,148
1784651040,52296.6,52305.1,52294.1,52298.1,128
1784651100,52300.6,52311.6,52300.1,52307.6,130
1784651160,52307.1,52316.1,52306.6,52314.1,126
1784651220,52314.6,52319.1,52311.1,52317.6,132
1784651280,52317.1,52338.6,52316.1,52338.6,112
1784651340,52340.1,52342.1,52334.1,52335.1,122
1784651400,52336.1,52346.1,52327.1,52346.1,162
1784651460,52347.1,52348.6,52335.1,52337.1,120
1784651520,52337.6,52349.1,52337.6,52343.1,134
1784651580,52343.6,52351.6,52343.1,52348.6,124
1784651640,52348.1,52352.1,52343.6,52344.1,138
1784651700,52343.6,52346.1,52335.6,52344.1,128
1784651760,52343.6,52344.1,52335.6,52341.6,122
1784651820,52341.1,52341.1,52327.1,52334.1,114
1784651880,52335.1,52343.6,52333.6,52337.1,106
1784651940,52336.1,52339.1,52334.1,52337.6,106
1784652000,52337.1,52344.1,52336.1,52340.6,114
1784652060,52339.1,52342.1,52330.1,52332.1,134
1784652120,52333.1,52349.1,52333.1,52342.6,119
1784652180,52342.1,52346.1,52338.1,52346.1,122
1784652240,52345.1,52357.1,52342.1,52345.3,132
1784652300,52348.1,52348.1,52334.3,52335.3,143
1784652360,52335.8,52339.3,52328.4,52331.4,136
1784652420,52331.9,52340.4,52328.9,52334.9,100
1784652480,52334.4,52339.4,52331.9,52338.9,114
1784652540,52336.9,52337.4,52327.4,52328.4,114
1784652600,52327.4,52335.9,52322.4,52335.9,131
1784652660,52337.4,52346.4,52335.9,52346.4,130
1784652720,52347.4,52362.4,52343.4,52360.9,130
1784652780,52359.4,52360.4,52352.4,52357.4,124
1784652840,52354.9,52362.9,52352.4,52359.4,124
1784652900,52360.4,52372.4,52360.4,52367.9,128
1784652960,52367.4,52372.4,52361.4,52363.4,132
1784653020,52364.4,52364.4,52358.4,52359.4,92
1784653080,52358.9,52362.4,52354.9,52356.9,88
1784653140,52356.4,52357.4,52343.9,52349.4,130
1784653200,52350.4,52358.4,52348.4,52348.4,152
1784653260,52347.9,52347.9,52340.4,52340.4,96
1784653320,52341.4,52342.4,52335.4,52337.9,122
1784653380,52338.4,52343.4,52329.9,52330.4,131
1784653440,52331.4,52332.4,52323.4,52325.4,96
1784653500,52324.9,52329.4,52320.4,52324.9,134
1784653560,52325.4,52329.9,52321.9,52327.4,96
1784653620,52327.9,52333.4,52327.4,52331.4,100
1784653680,52332.9,52337.9,52329.4,52337.4,90
1784653740,52338.4,52340.4,52327.9,52327.9,114
1784653800,52328.4,52328.4,52310.4,52320.4,130
1784653860,52319.4,52323.4,52313.4,52314.9,136
1784653920,52315.4,52326.4,52315.4,52319.4,114
1784653980,52320.4,52327.4,52318.9,52320.9,104
1784654040,52321.4,52328.4,52313.9,52315.4,122
1784654100,52314.9,52319.4,52301.4,52301.4,136
1784654160,52300.9,52301.9,52291.4,52297.4,124
1784654220,52297.9,52297.9,52285.4,52287.9,108
1784654280,52288.4,52293.4,52283.4,52293.4,99
1784654340,52294.4,52297.4,52280.4,52282.4,124
1784654400,52281.4,52281.4,52273.4,52278.4,124
1784654460,52277.9,52287.4,52276.4,52287.4,120
1784654520,52285.9,52291.9,52281.4,52287.4,119
1784654580,52286.9,52295.4,52285.4,52288.4,138
1784654640,52286.9,52294.4,52286.4,52293.4,92
1784654700,52294.4,52299.9,52286.4,52286.4,114
1784654760,52284.4,52291.4,52281.4,52282.4,96
1784654820,52283.4,52288.4,52280.9,52282.4,100
1784654880,52281.4,52284.4,52277.4,52277.9,116
1784654940,52278.4,52279.4,52273.4,52278.4,122
1784655000,52277.9,52282.9,52271.9,52271.9,140
1784655060,52271.4,52280.4,52266.4,52279.9,126
1784655120,52278.4,52279.9,52270.4,52275.9,146
1784655180,52276.4,52278.4,52269.4,52269.4,118
1784655240,52268.9,52268.9,52251.4,52258.4,111
1784655300,52257.4,52266.4,52255.9,52258.4,111
1784655360,52257.9,52272.4,52257.4,52269.4,111
1784655420,52268.4,52272.4,52266.4,52269.4,123
1784655480,52272.4,52279.9,52270.4,52276.4,144
1784655540,52275.4,52287.4,52275.4,52277.4,161
1784655600,52277.9,52280.9,52266.4,52266.4,130
1784655660,52267.4,52270.9,52266.4,52268.4,100
1784655720,52267.4,52270.9,52260.9,52267.9,132
1784655780,52267.4,52273.4,52265.4,52273.4,100
1784655840,52274.4,52280.4,52274.4,52277.4,100
1784655900,52278.4,52282.4,52273.4,52274.9,126
1784655960,52275.4,52279.9,52272.9,52275.4,126
1784656020,52274.9,52279.4,52269.4,52271.4,94
1784656080,52272.4,52282.4,52270.4,52280.4,96
1784656140,52280.9,52287.4,52278.4,52278.4,115
1784656200,52277.9,52281.4,52272.4,52272.9,126
1784656260,52272.4,52276.4,52268.4,52274.4,106
1784656320,52273.9,52276.9,52270.4,52276.4,112
1784656380,52275.4,52280.9,52267.4,52267.4,106
1784656440,52266.9,52270.4,52260.4,52260.9,104
1784656500,52260.4,52261.4,52250.4,52256.9,108
1784656560,52257.4,52260.4,52244.9,52247.4,110
1784656620,52246.9,52252.4,52240.9,52242.9,116
1784656680,52243.4,52254.4,52240.4,52252.4,130
1784656740,52251.4,52258.4,52249.4,52249.4,112
1784656800,52250.4,52253.4,52243.4,52252.4,135
1784656860,52251.9,52254.9,52245.9,52247.4,110
1784656920,52246.4,52251.4,52234.4,52236.4,126
1784656980,52235.4,52236.4,52221.4,52224.4,140
1784657040,52226.4,52234.4,52226.4,52226.4,130
1784657100,52225.9,52229.4,52217.4,52218.4,116
1784657160,52219.4,52225.4,52212.9,52225.4,126
1784657220,52223.9,52226.4,52219.4,52223.9,131
1784657280,52222.4,52233.4,52222.4,52227.9,127
1784657340,52227.4,52230.4,52225.4,52228.4,116
1784657400,52227.4,52229.4,52222.4,52222.4,120
1784657460,52223.4,52238.4,52223.4,52237.4,106
1784657520,52235.4,52241.4,52233.9,52236.4,98
1784657580,52237.4,52238.4,52221.4,52221.4,124
1784657640,52220.4,52220.9,52202.4,52203.9,124
1784657700,52204.4,52205.4,52193.4,52204.9,154
1784657760,52205.4,52207.4,52201.4,52204.4,116
1784657820,52206.4,52206.4,52196.4,52203.4,120
1784657880,52204.4,52204.4,52196.4,52197.9,136
1784657940,52197.4,52205.4,52195.4,52204.4,124
1784658000,52204.9,52211.4,52201.4,52211.4,120
1784658060,52212.4,52212.9,52201.4,52209.4,81
1784658120,52211.4,52217.4,52208.4,52213.4,130
1784658180,52214.4,52215.4,52209.4,52213.4,101
1784658240,52212.9,52219.9,52209.4,52213.4,104
1784658300,52211.9,52215.4,52208.9,52213.4,114
1784658360,52212.4,52215.4,52207.4,52215.4,118
1784658420,52216.4,52222.4,52215.9,52218.9,132
1784658480,52214.4,52224.4,52214.4,52223.4,148
1784658540,52223.9,52232.4,52223.4,52227.4,114
1784658600,52226.9,52227.4,52217.4,52219.4,146
1784658660,52217.4,52218.4,52203.9,52207.4,131
1784658720,52207.9,52208.9,52203.4,52205.4,98
1784658780,52204.9,52204.9,52197.9,52203.4,100
1784658840,52204.4,52207.9,52199.4,52199.4,112
1784658900,52198.9,52201.9,52197.4,52201.4,116
1784658960,52201.9,52205.4,52199.4,52205.4,96
1784659020,52204.4,52205.4,52201.4,52205.4,70
1784659080,52207.4,52216.4,52205.4,52216.4,118
1784659140,52215.9,52216.9,52209.4,52210.4,120
1784659200,52208.9,52212.9,52201.9,52211.9,134
1784659260,52211.4,52213.4,52200.4,52200.4,122
1784659320,52201.4,52204.9,52197.4,52204.4,106
1784659380,52203.4,52214.4,52200.4,52214.4,130
1784659440,52212.9,52220.4,52210.4,52215.4,130
1784659500,52213.9,52222.4,52212.9,52214.9,128
1784659560,52215.4,52217.9,52210.4,52211.4,116
1784659620,52211.9,52211.9,52193.6,52199.4,105
1784659680,52198.9,52203.4,52198.9,52202.9,136
1784659740,52202.4,52213.4,52202.4,52211.4,118
1784659800,52211.9,52217.4,52208.4,52215.9,120
1784659860,52215.4,52216.4,52210.4,52210.4,96
1784659920,52209.4,52210.9,52202.9,52203.9,114
1784659980,52203.4,52207.9,52202.4,52205.9,124
1784660040,52207.4,52207.9,52200.4,52203.9,96
1784660100,52204.4,52214.4,52202.9,52211.4,112
1784660160,52212.4,52216.4,52208.4,52214.9,130
1784660220,52215.4,52215.4,52208.9,52212.4,74
1784660280,52212.9,52216.4,52210.4,52210.4,69
1784660340,52211.9,52214.4,52206.9,52211.4,98
1784660400,52213.9,52214.4,52195.4,52196.4,140
1784660460,52195.9,52206.4,52195.9,52206.4,110
1784660520,52204.9,52209.9,52201.4,52203.4,120
1784660580,52203.9,52209.4,52199.4,52208.9,128
1784660640,52209.4,52214.4,52208.4,52208.9,106
1784660700,52208.4,52215.9,52206.4,52207.4,110
1784660760,52209.4,52221.4,52209.4,52217.4,126
1784660820,52217.9,52224.4,52215.9,52223.4,118
1784660880,52224.4,52227.4,52214.9,52214.9,122
1784660940,52214.4,52216.4,52204.9,52204.9,132
1784661000,52204.4,52205.9,52199.4,52204.4,122
1784661060,52204.9,52213.4,52202.9,52210.4,114
1784661120,52210.9,52213.4,52205.4,52210.4,106
1784661180,52209.4,52212.4,52204.4,52210.4,106
1784661240,52209.9,52221.9,52209.9,52219.9,128
1784661300,52219.4,52229.4,52216.9,52228.4,104
1784661360,52227.4,52237.9,52223.9,52231.9,106
1784661420,52231.4,52232.4,52221.4,52227.4,116
1784661480,52226.9,52226.9,52217.4,52219.9,129
1784661540,52218.4,52219.4,52211.4,52215.4,94
1784661600,52214.4,52219.4,52210.4,52217.9,124
1784661660,52217.4,52222.4,52216.4,52216.4,92
1784661720,52215.4,52221.4,52214.9,52219.4,110
1784661780,52220.4,52222.4,52214.4,52215.9,122
1784661840,52215.4,52218.4,52212.4,52217.4,126
1784661900,52216.9,52221.4,52212.4,52218.9,122
1784661960,52219.4,52225.4,52215.4,52224.4,124
1784662020,52225.4,52228.4,52220.4,52223.4,134
1784662080,52223.9,52233.4,52223.4,52232.4,116
1784662140,52232.9,52237.4,52230.4,52234.4,138
1784662200,52230.4,52234.4,52222.9,52228.4,146
1784662260,52229.4,52232.9,52210.4,52210.4,140
1784662320,52211.4,52218.9,52210.9,52216.9,116
1784662380,52217.4,52219.4,52211.9,52216.9,138
1784662440,52216.4,52219.4,52202.4,52207.1,130
1784662500,52208.4,52220.4,52204.4,52220.4,156
1784662560,52221.4,52233.4,52221.4,52225.4,130
1784662620,52224.4,52236.9,52223.4,52234.4,108
1784662680,52233.4,52234.4,52226.4,52230.4,132
1784662740,52229.4,52230.9,52218.4,52218.9,133
1784662800,52217.9,52218.4,52204.9,52205.4,126
1784662860,52204.9,52206.9,52196.4,52199.4,152
1784662920,52200.4,52203.4,52196.4,52197.4,134
1784662980,52195.9,52206.4,52195.4,52204.9,116
1784663040,52206.4,52223.9,52204.9,52218.9,132
1784663100,52218.4,52218.4,52206.4,52208.4,122
1784663160,52209.9,52214.9,52206.4,52208.4,136
1784663220,52207.9,52210.4,52199.9,52207.4,136
1784663280,52206.4,52214.9,52206.4,52210.4,130
1784663340,52209.9,52216.9,52207.4,52216.4,130
1784663400,52210.9,52220.4,52203.4,52209.4,202
1784663460,52208.4,52217.9,52205.4,52210.4,146
1784663520,52211.4,52219.4,52211.4,52215.4,141
1784663580,52216.4,52219.4,52212.4,52213.4,124
1784663640,52214.4,52214.4,52202.4,52202.9,119
1784663700,52206.4,52215.4,52196.9,52204.9,167
1784663760,52213.9,52218.4,52208.4,52218.4,138
1784663820,52216.9,52221.4,52214.4,52216.4,120
1784663880,52215.9,52218.4,52209.4,52215.9,172
1784663940,52216.4,52231.4,52215.4,52224.9,222
1784664000,52225.4,52232.4,52212.9,52219.9,160
1784664060,52220.4,52224.9,52214.4,52214.9,122
1784664120,52215.4,52218.4,52210.4,52217.4,66
1784664180,52216.9,52216.9,52208.4,52210.4,76
1784664240,52209.9,52214.9,52209.9,52214.4,46
1784664300,52215.4,52220.9,52214.9,52219.4,68
1784664360,52218.4,52218.4,52210.4,52215.4,74
1784664420,52216.4,52219.9,52214.4,52214.4,24
1784664480,52213.4,52217.4,52211.4,52214.4,46
1784664540,52213.9,52219.4,52213.9,52216.4,30
1784664600,52215.9,52216.4,52207.4,52213.4,60
1784664660,52212.9,52215.9,52209.4,52209.4,54
1784664720,52208.9,52213.4,52205.9,52212.9,30
1784664780,52213.4,52214.4,52210.4,52210.9,52
1784664840,52212.9,52217.4,52212.4,52216.4,42
1784664900,52214.9,52214.9,52207.9,52208.4,50
1784664960,52206.9,52208.4,52205.9,52205.9,34
1784665020,52205.4,52205.9,52198.4,52198.9,36
1784665080,52198.4,52205.4,52198.4,52202.4,40
1784665140,52203.9,52203.9,52201.9,52201.9,22
1784665200,52201.4,52202.4,52200.4,52202.4,32
1784665260,52203.4,52204.4,52201.9,52201.9,22
1784665320,52201.4,52204.4,52201.4,52203.4,10
1784665380,52203.9,52205.4,52202.9,52202.9,16
1784665440,52203.9,52210.9,52203.9,52210.4,24
1784665500,52211.9,52212.9,52203.4,52203.4,36
1784665560,52201.4,52205.4,52200.9,52205.4,30
1784665620,52206.4,52206.4,52205.4,52205.4,4
1784665680,52204.9,52204.9,52202.4,52202.4,22
1784665740,52202.9,52202.9,52198.1,52201.9,27
1784665800,52202.9,52204.9,52201.9,52204.9,28
1784665860,52205.4,52207.9,52204.4,52207.4,42
1784665920,52205.9,52208.9,52205.4,52208.4,38
1784665980,52208.9,52209.9,52208.4,52209.4,30
1784666040,52209.9,52209.9,52205.4,52205.4,20
1784666100,52206.9,52208.9,52206.4,52206.4,32
1784666160,52205.9,52209.4,52205.4,52209.4,38
1784666220,52208.9,52211.4,52208.9,52210.9,20
1784666280,52211.4,52213.9,52210.4,52210.4,26
1784666340,52209.9,52210.9,52207.4,52208.4,20
1784666400,52207.9,52208.4,52206.4,52207.4,16
1784666460,52206.4,52209.4,52204.9,52206.4,34
1784666520,52206.9,52208.4,52206.4,52207.9,16
1784666580,52206.9,52206.9,52204.9,52205.4,34
1784666640,52204.4,52205.4,52202.9,52204.9,30
1784666700,52205.4,52208.4,52203.9,52208.4,48
1784666760,52207.4,52208.9,52206.4,52208.9,20
1784666820,52208.4,52208.4,52203.4,52203.4,26
1784666880,52201.4,52202.4,52200.4,52202.4,32
1784666940,52201.9,52202.4,52197.9,52198.4,32
1784667000,52196.9,52198.9,52196.4,52197.4,32
1784667060,52198.9,52199.9,52197.9,52199.9,26
1784667120,52200.4,52200.9,52198.9,52198.9,14
1784667180,52198.4,52199.9,52196.4,52197.4,20
1784667240,52198.9,52199.4,52195.4,52195.9,30
1784667300,52195.4,52195.9,52194.4,52195.4,12
1784667360,52194.9,52194.9,52191.4,52193.9,22
1784667420,52194.4,52194.4,52191.4,52191.9,20
1784667480,52193.4,52195.9,52193.4,52195.9,14
1784671200,52202.7,52202.7,52198.7,52202.7,72
1784671260,52201.7,52204.2,52196.7,52197.7,90
1784671320,52198.2,52201.2,52194.7,52197.2,74
1784671380,52196.2,52206.2,52196.2,52205.7,91
1784671440,52205.2,52207.7,52201.2,52202.7,66
1784671500,52203.2,52208.7,52203.2,52205.7,56
1784671560,52206.2,52209.2,52199.2,52199.2,92
1784671620,52198.7,52202.2,52194.7,52200.7,100
1784671680,52201.2,52207.7,52199.2,52203.2,78
1784671740,52203.7,52207.2,52200.7,52202.7,66
1784671800,52201.2,52205.7,52201.2,52203.7,28
1784671860,52203.2,52208.2,52203.2,52207.2,16
1784671920,52209.2,52211.2,52205.7,52207.7,32
1784671980,52208.2,52210.2,52207.7,52210.2,12
1784672040,52209.7,52215.2,52209.7,52214.2,30
1784672100,52213.7,52217.2,52213.7,52215.2,22
1784672160,52214.7,52218.2,52214.2,52218.2,24
1784672220,52216.7,52220.7,52215.7,52220.2,32
1784672280,52218.7,52222.2,52218.7,52222.2,40
1784672340,52222.7,52225.2,52219.2,52224.7,46
1784672400,52222.7,52222.7,52220.2,52222.2,28
1784672460,52221.7,52225.2,52221.7,52221.7,26
1784672520,52222.2,52223.7,52221.7,52221.7,16
1784672580,52220.7,52221.7,52220.2,52220.2,10
1784672640,52219.7,52222.2,52208.2,52208.2,48
1784672700,52208.7,52215.7,52207.7,52215.7,56
1784672760,52216.2,52218.7,52214.7,52215.7,40
1784672820,52216.7,52216.7,52214.7,52214.7,36
1784672880,52215.2,52215.7,52212.7,52214.7,42
1784672940,52213.7,52214.7,52212.7,52214.7,28
1784673000,52213.7,52216.7,52212.2,52216.7,38
1784673060,52215.7,52218.7,52214.7,52215.7,26
1784673120,52214.7,52215.2,52214.7,52214.7,10
1784673180,52213.7,52213.7,52212.2,52212.7,6
1784673240,52213.2,52213.7,52207.7,52211.2,24
1784673300,52212.2,52212.7,52208.7,52209.7,18
1784673360,52210.7,52210.7,52208.7,52208.7,18
1784673420,52209.7,52209.7,52208.2,52208.7,12
1784673480,52209.7,52212.2,52209.7,52212.2,20
1784673540,52212.7,52213.7,52211.7,52211.7,20
1784673600,52212.2,52215.7,52212.2,52213.7,18
1784673660,52213.2,52217.7,52213.2,52216.2,36
1784673720,52215.2,52215.2,52209.7,52214.7,30
1784673780,52213.2,52215.2,52212.7,52212.7,16
1784673840,52211.2,52211.7,52210.7,52210.7,26
1784673900,52211.2,52211.7,52205.7,52206.2,42
1784673960,52206.7,52206.7,52203.2,52203.7,28
1784674020,52204.2,52204.2,52203.2,52203.2,6
1784674080,52201.7,52203.2,52201.7,52201.7,18
1784674140,52202.7,52202.7,52199.7,52199.7,18
1784674200,52200.7,52202.7,52199.7,52202.2,28
1784674260,52201.7,52203.2,52201.7,52203.2,4
1784674320,52203.7,52205.7,52203.7,52205.7,6
1784674380,52205.2,52205.2,52203.7,52203.7,24
1784674440,52203.2,52204.7,52203.2,52204.7,14
1784674500,52203.7,52206.7,52201.7,52202.7,46
1784674560,52202.2,52204.7,52199.7,52204.7,30
1784674620,52205.2,52207.7,52204.7,52207.7,22
1784674680,52208.2,52209.7,52207.7,52209.7,10
1784674740,52211.7,52212.2,52211.7,52212.2,8
1784674800,52211.2,52214.2,52210.2,52212.2,52
1784674860,52210.7,52211.2,52206.2,52208.2,44
1784674920,52208.7,52212.2,52208.2,52209.2,36
1784674980,52208.2,52211.2,52208.2,52211.2,26
1784675040,52210.2,52212.2,52209.2,52209.7,36
1784675100,52209.2,52210.2,52207.2,52209.2,24
1784675160,52209.7,52212.2,52209.2,52212.2,38
1784675220,52211.7,52213.2,52210.2,52212.2,32
1784675280,52212.7,52213.2,52212.2,52213.2,6
1784675340,52212.2,52214.2,52211.2,52212.2,28
1784675400,52211.2,52211.2,52208.2,52208.2,20
1784675460,52208.7,52209.7,52208.2,52209.7,18
1784675520,52210.2,52213.7,52210.2,52213.2,18
1784675580,52212.2,52213.2,52209.2,52209.2,14
1784675640,52210.2,52215.2,52210.2,52214.2,14
1784675700,52215.2,52215.2,52212.2,52213.2,14
1784675760,52211.2,52213.2,52209.7,52209.7,10
1784675820,52209.2,52209.7,52205.2,52209.7,22
1784675880,52210.2,52213.2,52210.2,52213.2,40
1784675940,52214.2,52220.2,52213.2,52217.2,44
1784676000,52216.2,52216.2,52207.2,52207.2,44
1784676060,52206.2,52209.2,52206.2,52208.2,28
1784676120,52210.2,52210.2,52206.2,52207.2,42
1784676180,52207.7,52210.2,52207.7,52208.2,24
1784676240,52209.2,52209.2,52202.2,52203.2,22
1784676300,52204.2,52206.7,52204.2,52205.7,24
1784676360,52205.2,52205.7,52203.2,52205.2,24
1784676420,52206.2,52207.2,52205.7,52207.2,18
1784676480,52207.7,52212.7,52207.7,52212.7,24
1784676540,52212.2,52214.2,52212.2,52212.2,24
1784676600,52211.2,52213.2,52211.2,52213.2,42
1784676660,52214.2,52218.2,52214.2,52217.2,34
1784676720,52218.2,52219.2,52216.2,52219.2,24
1784676780,52218.2,52219.7,52215.2,52215.2,26
1784676840,52214.2,52215.2,52213.7,52213.7,18
1784676900,52212.2,52213.2,52210.2,52211.2,24
1784676960,52212.2,52214.2,52211.2,52211.2,12
1784677020,52210.2,52211.2,52209.7,52210.2,14
1784677080,52209.7,52212.2,52207.2,52207.2,18
1784677140,52207.7,52208.2,52206.2,52207.2,16
1784677200,52207.7,52210.2,52207.7,52209.2,12
1784677260,52210.2,52210.2,52200.2,52202.2,42
1784677320,52201.2,52204.2,52200.2,52200.2,34
1784677380,52200.7,52201.2,52199.2,52200.7,24
1784677440,52199.2,52203.2,52198.7,52202.7,40
1784677500,52203.2,52209.2,52201.7,52208.2,92
1784677560,52209.2,52213.2,52208.2,52208.2,72
1784677620,52208.7,52210.2,52204.2,52206.2,68
1784677680,52205.2,52208.7,52203.2,52206.2,56
1784677740,52206.7,52210.7,52206.7,52209.2,58
1784677800,52207.2,52209.2,52203.2,52207.2,76
1784677860,52206.2,52208.2,52201.7,52203.2,58
1784677920,52204.2,52206.2,52202.2,52202.2,52
1784677980,52203.2,52204.2,52198.2,52201.7,64
1784678040,52202.2,52203.2,52200.2,52202.7,56
1784678100,52202.2,52211.7,52201.7,52208.2,86
1784678160,52207.2,52210.2,52206.2,52208.2,60
1784678220,52209.2,52210.7,52207.2,52207.2,32
1784678280,52208.2,52211.2,52206.7,52208.2,56
1784678340,52208.7,52213.2,52207.7,52211.2,68
1784678400,52210.2,52214.2,52203.2,52204.2,128
1784678460,52206.7,52214.2,52206.2,52213.2,138
1784678520,52212.2,52220.2,52209.7,52220.2,130
1784678580,52217.7,52221.2,52212.2,52216.2,114
1784678640,52217.2,52222.2,52216.2,52221.7,116
1784678700,52221.2,52222.2,52214.2,52216.7,112
1784678760,52217.2,52217.7,52209.2,52209.2,119
1784678820,52209.7,52210.2,52205.2,52209.2,134
1784678880,52208.2,52211.2,52202.7,52205.2,124
1784678940,52204.2,52204.7,52197.2,52202.2,103
1784679000,52200.2,52202.2,52195.2,52200.2,124
1784679060,52201.2,52205.2,52199.2,52203.2,122
1784679120,52202.7,52207.2,52201.7,52206.2,126
1784679180,52205.7,52211.2,52202.2,52211.2,88
1784679240,52210.2,52215.2,52206.2,52207.2,96
1784679300,52208.2,52209.7,52204.2,52204.7,136
1784679360,52203.2,52205.2,52197.2,52200.2,128
1784679420,52201.2,52203.7,52196.2,52198.2,122
1784679480,52197.2,52204.2,52197.2,52203.7,78
1784679540,52203.2,52208.2,52203.2,52207.2,112
1784679600,52206.7,52210.7,52203.2,52206.2,102
1784679660,52206.7,52210.2,52203.2,52204.2,110
1784679720,52203.2,52204.2,52193.2,52199.7,106
1784679780,52199.2,52202.2,52197.2,52201.2,108
1784679840,52201.7,52207.2,52200.2,52201.2,84
1784679900,52201.7,52206.2,52200.2,52204.2,88
1784679960,52205.2,52205.2,52195.2,52195.2,100
1784680020,52194.2,52198.2,52194.2,52197.2,108
1784680080,52196.7,52200.2,52194.7,52196.2,110
1784680140,52196.7,52202.2,52194.7,52201.2,92
1784680200,52202.2,52207.2,52201.2,52206.2,106
1784680260,52205.2,52207.2,52198.2,52198.7,98
1784680320,52198.2,52199.2,52191.2,52198.2,120
1784680380,52197.2,52202.2,52197.2,52201.2,122
1784680440,52200.2,52203.7,52199.2,52199.7,122
1784680500,52200.2,52201.2,52195.2,52197.2,114
1784680560,52196.2,52199.2,52193.2,52194.7,104
1784680620,52195.7,52208.7,52194.2,52206.2,102
1784680680,52207.2,52208.2,52203.2,52205.7,104
1784680740,52205.2,52205.2,52201.7,52202.2,96
1784680800,52203.2,52207.2,52202.2,52207.2,60
1784680860,52206.2,52207.2,52204.2,52205.2,80
1784680920,52205.7,52207.2,52203.2,52206.7,60
1784680980,52207.7,52209.2,52203.2,52203.2,66
1784681040,52204.2,52206.2,52202.2,52203.7,98
1784681100,52204.2,52205.2,52199.7,52200.2,106
1784681160,52200.7,52200.7,52194.2,52195.2,102
1784681220,52195.7,52197.2,52193.7,52196.2,102
1784681280,52195.2,52196.7,52191.2,52194.2,111
1784681340,52193.2,52201.2,52191.2,52201.2,100
1784681400,52201.7,52201.7,52197.2,52198.2,56
1784681460,52197.7,52207.7,52197.7,52203.2,92
1784681520,52202.2,52203.2,52198.2,52199.2,68
1784681580,52198.7,52201.2,52195.2,52200.2,84
1784681640,52199.7,52203.2,52199.2,52202.2,58
1784681700,52201.2,52208.2,52200.2,52208.2,74
1784681760,52207.7,52209.2,52205.2,52205.2,80
1784681820,52206.2,52206.7,52201.2,52206.2,80
1784681880,52205.7,52208.2,52204.2,52207.7,62
1784681940,52208.2,52210.2,52207.2,52208.2,76
1784682000,52209.7,52218.2,52206.2,52206.7,102
1784682060,52207.2,52209.7,52197.2,52197.2,94
1784682120,52196.2,52196.2,52186.2,52195.7,90
1784682180,52195.2,52198.2,52191.2,52196.2,124
1784682240,52196.7,52199.2,52194.2,52197.2,94
1784682300,52198.2,52200.2,52194.2,52194.2,68
1784682360,52195.2,52197.2,52188.2,52188.7,90
1784682420,52188.2,52189.2,52183.2,52185.2,78
1784682480,52185.7,52185.7,52180.7,52184.2,64
1784682540,52183.2,52187.7,52180.2,52187.2,82
1784682600,52188.2,52189.2,52184.7,52184.7,60
1784682660,52184.2,52184.2,52180.2,52182.2,70
1784682720,52182.7,52184.2,52181.2,52182.7,52
1784682780,52181.2,52184.2,52180.2,52182.2,64
1784682840,52181.7,52181.7,52176.2,52179.2,49
1784682900,52180.2,52180.2,52176.2,52178.2,90
1784682960,52178.7,52179.2,52170.7,52172.2,78
1784683020,52171.7,52173.7,52169.7,52173.7,58
1784683080,52175.2,52176.7,52173.2,52175.2,40
1784683140,52174.2,52176.2,52173.2,52174.2,46
1784683200,52175.2,52178.2,52173.2,52174.7,74
1784683260,52175.2,52175.2,52169.2,52171.2,80
1784683320,52172.2,52172.2,52167.7,52171.2,52
1784683380,52172.7,52172.7,52164.2,52168.2,77
1784683440,52169.2,52170.2,52160.7,52163.2,90
1784683500,52162.2,52167.2,52161.7,52167.2,71
1784683560,52167.7,52176.2,52167.2,52176.2,80
1784683620,52177.2,52183.2,52176.2,52180.2,81
1784683680,52179.2,52181.2,52176.7,52177.2,54
1784683740,52177.7,52179.2,52176.2,52177.2,44
1784683800,52178.2,52180.2,52167.2,52168.2,114
1784683860,52169.2,52171.2,52164.7,52167.7,112
1784683920,52167.2,52172.7,52165.7,52172.7,76
1784683980,52172.2,52178.2,52172.2,52176.2,58
1784684040,52176.7,52180.2,52175.2,52179.2,52
1784684100,52180.2,52182.2,52177.2,52180.2,66
1784684160,52179.2,52181.2,52176.2,52177.7,64
1784684220,52178.2,52184.7,52178.2,52184.2,70
1784684280,52183.2,52184.2,52180.2,52182.2,52
1784684340,52181.2,52184.7,52180.2,52184.2,78
1784684400,52183.2,52184.7,52182.2,52183.2,68
1784684460,52184.2,52184.2,52176.2,52177.2,52
1784684520,52177.7,52182.2,52177.2,52177.7,60
1784684580,52177.2,52178.2,52171.2,52176.2,78
1784684640,52177.2,52180.2,52175.2,52180.2,50
1784684700,52179.7,52182.2,52176.2,52182.2,100
1784684760,52183.2,52188.2,52183.2,52186.7,60
1784684820,52187.7,52189.2,52184.2,52189.2,58
1784684880,52191.2,52192.2,52188.7,52191.2,74
1784684940,52192.2,52197.2,52191.7,52197.2,40
1784685000,52195.7,52197.2,52191.7,52193.2,54
1784685060,52192.2,52196.2,52192.2,52196.2,40
1784685120,52195.2,52206.7,52195.2,52205.7,96
1784685180,52206.2,52206.2,52201.2,52201.2,60
1784685240,52201.7,52208.2,52201.7,52207.2,80
1784685300,52206.7,52208.2,52204.2,52206.2,70
1784685360,52205.7,52211.2,52205.2,52210.2,64
1784685420,52211.2,52211.7,52206.2,52211.7,78
1784685480,52211.2,52212.2,52207.2,52207.2,52
1784685540,52207.7,52207.7,52204.2,52207.7,60
1784685600,52208.2,52211.2,52193.7,52193.7,102
1784685660,52194.2,52197.2,52182.2,52185.2,112
1784685720,52185.7,52187.7,52179.2,52180.2,120
1784685780,52180.7,52188.2,52179.2,52188.2,92
1784685840,52187.7,52189.2,52186.2,52187.2,84
1784685900,52187.7,52190.2,52182.7,52182.7,68
1784685960,52183.2,52186.2,52180.7,52180.7,88
1784686020,52180.2,52184.2,52180.2,52184.2,74
1784686080,52185.2,52186.2,52180.2,52180.2,58
1784686140,52179.2,52185.2,52179.2,52183.2,66
1784686200,52182.2,52189.2,52181.2,52187.2,88
1784686260,52186.7,52187.2,52184.2,52184.7,80
1784686320,52184.2,52191.2,52183.2,52190.2,94
1784686380,52191.2,52193.7,52187.2,52190.2,70
1784686440,52190.7,52194.2,52188.2,52192.7,78
1784686500,52192.2,52196.2,52188.2,52188.2,78
1784686560,52188.7,52192.2,52188.2,52190.2,32
1784686620,52191.2,52191.7,52188.2,52188.2,60
1784686680,52187.7,52192.2,52187.2,52191.2,50
1784686740,52190.2,52191.2,52187.2,52189.2,60
1784686800,52190.2,52193.2,52189.7,52191.2,52
1784686860,52190.2,52190.7,52187.2,52189.2,58
1784686920,52188.7,52193.2,52188.2,52191.7,58
1784686980,52191.2,52191.2,52188.7,52189.2,54
1784687040,52188.7,52191.2,52188.2,52190.2,66
1784687100,52189.7,52191.7,52185.2,52188.2,94
1784687160,52187.7,52190.7,52186.2,52189.7,64
1784687220,52190.2,52198.7,52187.2,52198.7,94
1784687280,52198.2,52202.2,52197.2,52202.2,44
1784687340,52203.2,52203.2,52196.7,52197.2,64
1784687400,52196.7,52199.7,52192.2,52192.2,94
1784687460,52192.7,52198.2,52190.2,52198.2,108
1784687520,52197.2,52204.2,52197.2,52201.2,114
1784687580,52200.2,52200.2,52195.2,52196.2,86
1784687640,52197.2,52197.2,52194.2,52197.2,76
1784687700,52196.7,52198.2,52193.7,52194.2,126
1784687760,52193.7,52194.7,52192.2,52194.2,54
1784687820,52193.7,52196.2,52190.7,52191.2,34
1784687880,52189.7,52190.7,52187.7,52190.2,74
1784687940,52190.7,52191.2,52188.2,52189.2,76
1784688000,52190.2,52200.2,52189.2,52198.7,104
1784688060,52199.2,52206.2,52198.7,52203.7,80
1784688120,52204.7,52210.2,52203.2,52210.2,98
1784688180,52210.7,52212.7,52208.7,52211.2,90
1784688240,52212.2,52216.2,52211.2,52216.2,72
1784688300,52215.7,52217.2,52212.2,52214.2,80
1784688360,52213.7,52220.2,52211.2,52218.7,84
1784688420,52217.7,52220.7,52217.2,52220.7,72
1784688480,52220.2,52221.7,52218.2,52218.2,76
1784688540,52219.2,52220.2,52217.2,52220.2,62
1784688600,52219.7,52220.2,52217.2,52217.2,64
1784688660,52216.2,52217.2,52213.7,52214.2,70
1784688720,52214.7,52215.7,52212.7,52215.2,56
1784688780,52214.2,52215.7,52213.7,52214.7,74
1784688840,52214.2,52218.7,52214.2,52218.2,50
1784688900,52217.7,52219.2,52213.7,52213.7,56
1784688960,52213.2,52213.2,52210.7,52212.2,68
1784689020,52213.2,52213.7,52210.2,52213.2,76
1784689080,52212.7,52217.2,52212.7,52215.7,58
1784689140,52215.2,52218.2,52214.2,52218.2,64
1784689200,52217.7,52221.7,52214.2,52214.7,98
1784689260,52214.2,52222.2,52214.2,52222.2,58
1784689320,52223.2,52226.2,52220.2,52225.2,62
1784689380,52224.2,52227.2,52221.2,52226.2,58
1784689440,52227.2,52229.2,52223.2,52227.2,62
1784689500,52228.2,52228.2,52222.2,52223.7,94
1784689560,52223.2,52224.2,52219.2,52223.2,56
1784689620,52222.2,52222.2,52217.2,52217.2,78
1784689680,52216.2,52219.2,52213.2,52213.2,86
1784689740,52214.2,52214.2,52207.2,52207.2,70
1784689800,52206.2,52209.2,52205.7,52206.2,60
1784689860,52205.7,52206.7,52203.2,52205.2,58
1784689920,52204.2,52207.2,52203.2,52204.2,48
1784689980,52203.2,52205.7,52203.2,52205.2,30
1784690040,52204.2,52204.2,52202.2,52204.2,30
1784690100,52203.2,52204.7,52198.7,52199.7,62
1784690160,52200.2,52204.7,52198.2,52203.2,74
1784690220,52203.7,52205.2,52201.7,52202.7,58
1784690280,52203.2,52208.2,52203.2,52206.2,34
1784690340,52207.2,52210.7,52207.2,52208.7,78
1784690400,52208.2,52209.2,52206.2,52208.2,62
1784690460,52209.2,52210.2,52206.2,52206.7,82
1784690520,52207.2,52219.2,52207.2,52216.2,60
1784690580,52215.7,52218.2,52214.2,52218.2,64
1784690640,52217.7,52222.2,52217.2,52219.7,68
1784690700,52219.2,52223.2,52219.2,52223.2,56
1784690760,52223.7,52225.2,52221.7,52224.2,56
1784690820,52225.2,52227.2,52223.7,52225.2,56
1784690880,52226.2,52226.2,52222.2,52222.7,34
1784690940,52222.2,52223.2,52220.2,52221.2,32
1784691000,52220.7,52223.2,52216.7,52216.7,78
1784691060,52217.2,52219.2,52215.2,52215.2,64
1784691120,52214.2,52214.2,52204.2,52205.2,82
1784691180,52204.2,52205.2,52200.2,52201.7,86
1784691240,52201.2,52202.2,52198.2,52199.7,92
1784691300,52200.2,52203.2,52198.2,52200.2,110
1784691360,52200.7,52203.7,52198.7,52198.7,70
1784691420,52198.2,52203.2,52195.7,52202.2,92
1784691480,52201.2,52201.2,52198.2,52201.2,66
1784691540,52201.7,52204.2,52200.2,52201.2,66
1784691600,52202.2,52202.2,52200.2,52201.2,34
1784691660,52200.2,52206.2,52199.7,52200.7,52
1784691720,52200.2,52201.7,52198.2,52199.7,48
1784691780,52199.2,52200.2,52196.2,52196.7,62
1784691840,52196.2,52200.2,52196.2,52198.7,64
1784691900,52199.2,52202.2,52199.2,52201.2,54
1784691960,52202.2,52205.2,52200.7,52201.2,58
1784692020,52200.7,52203.2,52200.2,52202.2,60
1784692080,52203.7,52204.2,52200.2,52201.7,36
1784692140,52201.2,52201.2,52198.2,52201.2,48
1784692200,52200.2,52200.7,52196.2,52196.2,58
1784692260,52195.7,52196.2,52180.7,52180.7,96
1784692320,52180.2,52181.7,52177.2,52178.7,84
1784692380,52179.2,52179.7,52174.2,52178.2,68
1784692440,52179.2,52179.2,52173.2,52175.2,120
1784692500,52174.7,52175.2,52168.2,52171.2,106
1784692560,52171.7,52174.2,52170.7,52170.7,56
1784692620,52171.2,52175.7,52170.7,52173.2,82
1784692680,52174.2,52175.7,52170.2,52170.2,74
1784692740,52171.2,52175.7,52170.2,52175.2,60
1784692800,52176.7,52179.2,52175.2,52178.7,84
1784692860,52179.2,52180.2,52169.7,52171.7,82
1784692920,52171.2,52175.7,52171.2,52175.7,62
1784692980,52175.2,52178.7,52173.7,52178.7,60
1784693040,52178.2,52182.2,52175.2,52180.7,66
1784693100,52179.7,52183.2,52177.2,52182.2,43
1784693160,52183.2,52186.2,52181.2,52184.2,50
1784693220,52184.7,52188.7,52184.7,52188.2,56
1784693280,52187.2,52188.2,52184.2,52186.2,48
1784693340,52185.2,52187.2,52184.2,52185.2,38
1784693400,52185.7,52188.2,52183.7,52187.2,58
1784693460,52188.2,52188.2,52183.7,52185.2,54
1784693520,52186.2,52186.2,52181.7,52182.2,48
1784693580,52181.7,52183.2,52180.7,52182.2,50
1784693640,52182.7,52184.2,52182.2,52182.7,44
1784693700,52183.2,52190.2,52183.2,52190.2,52
1784693760,52191.2,52191.7,52188.2,52188.2,46
1784693820,52186.2,52186.7,52185.2,52185.2,26
1784693880,52184.2,52189.2,52184.2,52189.2,34
1784693940,52188.2,52189.2,52185.7,52186.2,36
1784694000,52187.2,52189.2,52187.2,52189.2,18
1784694060,52189.7,52189.7,52187.2,52188.7,38
1784694120,52188.2,52190.2,52187.2,52189.2,44
1784694180,52188.2,52189.2,52187.2,52189.2,20
1784694240,52188.7,52190.2,52188.2,52188.2,30
1784694300,52189.2,52190.2,52186.7,52189.2,44
1784694360,52188.2,52190.2,52187.2,52187.2,38
1784694420,52188.2,52188.2,52186.2,52187.2,42
1784694480,52187.7,52188.2,52187.2,52188.2,28
1784694540,52189.2,52189.2,52186.2,52187.2,34
1784694600,52186.2,52186.2,52180.2,52180.2,58
1784694660,52179.2,52183.7,52179.2,52183.2,40
1784694720,52182.7,52182.7,52181.2,52181.7,22
1784694780,52182.2,52186.2,52181.2,52184.2,70
1784694840,52183.2,52183.2,52175.7,52176.7,54
1784694900,52177.2,52179.2,52177.2,52178.2,36
1784694960,52179.2,52179.2,52175.2,52176.7,34
1784695020,52177.2,52178.7,52176.7,52176.7,22
1784695080,52176.2,52181.2,52176.2,52181.2,32
1784695140,52181.7,52181.7,52180.2,52180.2,40
1784695200,52179.7,52180.2,52177.7,52180.2,54
1784695260,52181.2,52185.2,52180.2,52184.2,64
1784695320,52183.7,52185.2,52183.2,52184.2,58
1784695380,52183.7,52185.2,52182.7,52184.2,40
1784695440,52185.2,52188.2,52184.2,52186.7,34
1784695500,52186.2,52187.2,52185.2,52186.2,54
1784695560,52185.7,52186.2,52179.2,52180.2,66
1784695620,52179.2,52181.2,52175.2,52180.2,76
1784695680,52180.7,52184.2,52180.7,52182.2,42
1784695740,52181.2,52182.2,52179.2,52181.2,38
1784695800,52181.7,52182.2,52177.2,52177.2,56
1784695860,52176.7,52180.2,52176.2,52178.7,22
1784695920,52178.2,52181.2,52178.2,52178.2,44
1784695980,52179.2,52179.2,52175.7,52175.7,42
1784696040,52176.2,52176.7,52174.7,52174.7,50
1784696100,52173.7,52175.2,52172.2,52173.2,64
1784696160,52174.2,52174.7,52170.7,52173.2,76
1784696220,52173.7,52180.7,52171.7,52177.7,80
1784696280,52177.2,52180.7,52175.2,52180.7,54
1784696340,52181.2,52183.7,52180.2,52183.7,70
1784696400,52184.2,52185.7,52181.2,52183.2,104
1784696460,52183.7,52185.2,52181.2,52182.2,50
1784696520,52181.2,52182.2,52179.2,52179.2,52
1784696580,52178.2,52180.2,52177.2,52177.2,54
1784696640,52176.7,52176.7,52173.2,52173.7,58
1784696700,52173.2,52176.7,52170.2,52176.2,62
1784696760,52177.2,52179.2,52172.7,52177.2,72
1784696820,52177.7,52182.2,52177.7,52181.2,30
1784696880,52180.2,52182.2,52180.2,52181.2,48
1784696940,52182.2,52183.7,52179.2,52180.2,70
1784697000,52179.7,52182.7,52178.2,52182.2,44
1784697060,52182.7,52184.2,52181.2,52183.2,66
1784697120,52182.2,52184.7,52181.2,52183.7,68
1784697180,52184.2,52184.7,52181.2,52181.2,58
1784697240,52182.2,52185.2,52180.2,52185.2,74
1784697300,52186.2,52189.2,52183.2,52189.2,56
1784697360,52188.7,52193.2,52184.2,52184.2,78
1784697420,52183.7,52189.7,52183.7,52187.2,76
1784697480,52186.7,52192.2,52184.7,52192.2,62
1784697540,52193.2,52195.2,52190.2,52190.2,80
1784697600,52189.2,52189.2,52186.2,52186.7,58
1784697660,52187.2,52190.2,52182.7,52185.7,100
1784697720,52185.2,52192.2,52184.2,52190.7,64
1784697780,52190.2,52190.7,52185.2,52186.7,56
1784697840,52187.7,52190.2,52185.2,52188.2,74
1784697900,52187.2,52191.7,52187.2,52190.2,100
1784697960,52189.2,52196.2,52184.2,52196.2,80
1784698020,52197.2,52200.7,52195.2,52195.2,110
1784698080,52194.7,52196.2,52191.7,52194.2,72
1784698140,52195.2,52197.7,52194.2,52195.2,60
1784698200,52193.2,52196.7,52189.2,52193.2,132
1784698260,52194.2,52194.2,52187.2,52188.7,84
1784698320,52189.2,52195.2,52189.2,52190.2,103
1784698380,52191.2,52193.2,52190.2,52193.2,83
1784698440,52194.2,52202.2,52194.2,52200.2,108
1784698500,52199.7,52200.2,52193.2,52193.2,110
1784698560,52192.2,52194.2,52187.2,52189.2,104
1784698620,52190.2,52193.2,52186.2,52192.2,88
1784698680,52193.2,52193.2,52189.2,52189.7,100
1784698740,52190.2,52194.2,52188.2,52192.7,66
1784698800,52192.2,52195.2,52188.7,52190.2,62
1784698860,52191.2,52191.7,52188.2,52188.2,32
1784698920,52187.2,52190.2,52187.2,52190.2,60
1784698980,52189.2,52194.2,52188.2,52193.2,56
1784699040,52194.2,52194.2,52190.2,52190.2,82
1784699100,52189.7,52190.7,52184.2,52184.2,90
1784699160,52184.7,52188.2,52183.2,52187.2,80
1784699220,52186.2,52194.2,52186.2,52191.2,78
1784699280,52190.2,52197.2,52189.7,52196.7,80
1784699340,52197.2,52198.2,52191.7,52191.7,72
1784699400,52192.2,52194.2,52189.2,52193.2,82
1784699460,52194.2,52199.2,52193.2,52199.2,102
1784699520,52198.2,52202.2,52198.2,52200.2,68
1784699580,52201.2,52201.2,52196.2,52197.2,54
1784699640,52196.7,52199.2,52193.2,52193.2,54
1784699700,52192.2,52198.2,52191.2,52193.2,74
1784699760,52194.2,52196.2,52192.2,52194.2,70
1784699820,52193.7,52195.2,52191.2,52193.2,56
1784699880,52194.2,52198.2,52193.2,52198.2,50
1784699940,52197.7,52200.2,52197.2,52200.2,64
1784700000,52199.2,52201.2,52190.7,52196.7,112
1784700060,52197.2,52202.2,52193.2,52201.2,96
1784700120,52200.2,52206.2,52200.2,52204.2,68
1784700180,52203.2,52213.2,52203.2,52211.2,72
1784700240,52210.2,52215.2,52209.2,52212.2,86
1784700300,52213.2,52213.2,52202.2,52203.2,88
1784700360,52202.2,52204.2,52198.2,52199.7,68
1784700420,52199.2,52205.2,52198.2,52205.2,84
1784700480,52204.2,52206.2,52200.2,52201.2,90
1784700540,52200.2,52206.2,52196.2,52199.2,88
1784700600,52200.2,52204.2,52200.2,52201.2,62
1784700660,52202.2,52210.2,52201.2,52209.2,68
1784700720,52210.2,52212.2,52207.2,52210.2,74
1784700780,52211.2,52212.2,52207.2,52211.2,70
1784700840,52210.7,52210.7,52208.2,52209.2,36
1784700900,52208.2,52208.2,52201.2,52206.2,76
1784700960,52205.7,52206.2,52199.2,52201.2,60
1784701020,52200.7,52203.2,52196.7,52197.2,72
1784701080,52196.7,52196.7,52179.2,52182.2,104
1784701140,52182.7,52185.7,52174.7,52180.2,105
1784701200,52182.2,52184.2,52164.2,52168.2,102
1784701260,52169.2,52177.2,52166.7,52169.2,90
1784701320,52166.7,52168.2,52155.2,52156.2,122
1784701380,52158.2,52159.2,52144.2,52144.2,104
1784701440,52145.2,52148.2,52135.2,52147.7,107
1784701500,52148.2,52150.2,52139.2,52141.2,128
1784701560,52142.2,52142.2,52133.2,52137.7,114
1784701620,52139.2,52146.2,52136.2,52143.7,130
1784701680,52144.2,52147.2,52135.7,52138.2,80
1784701740,52137.2,52143.7,52135.2,52137.2,136
1784701800,52138.2,52147.2,52133.2,52134.2,124
1784701860,52133.2,52137.2,52125.7,52129.2,122
1784701920,52131.2,52135.2,52130.2,52133.2,96
1784701980,52133.7,52135.2,52131.2,52135.2,86
1784702040,52136.2,52143.2,52134.2,52143.2,114
1784702100,52144.2,52150.2,52143.2,52145.2,88
1784702160,52144.7,52165.2,52144.7,52164.2,80
1784702220,52165.2,52165.7,52159.2,52161.7,96
1784702280,52161.2,52161.2,52153.2,52154.2,64
1784702340,52153.2,52154.2,52144.2,52146.2,80
1784702400,52145.2,52148.2,52142.2,52142.2,70
1784702460,52140.7,52144.2,52137.2,52137.2,70
1784702520,52138.2,52138.2,52126.7,52127.2,88
1784702580,52127.7,52135.2,52126.7,52135.2,64
1784702640,52134.2,52135.2,52130.2,52133.2,58
1784702700,52132.2,52132.2,52110.2,52111.2,130
1784702760,52110.2,52110.2,52101.7,52104.2,110
1784702820,52103.2,52105.2,52094.7,52099.7,138
1784702880,52100.2,52112.2,52099.2,52111.2,94
1784702940,52112.2,52112.7,52107.2,52109.2,80
1784703000,52110.2,52114.7,52109.2,52114.2,104
1784703060,52112.2,52125.7,52111.2,52118.7,122
1784703120,52119.2,52130.2,52118.2,52129.7,88
1784703180,52129.2,52136.2,52129.2,52136.2,66
1784703240,52135.2,52137.7,52129.2,52129.2,74
1784703300,52130.2,52130.2,52119.2,52124.2,80
1784703360,52123.2,52124.7,52119.2,52119.2,64
1784703420,52120.7,52122.2,52115.2,52117.2,88
1784703480,52116.2,52121.2,52115.2,52115.7,86
1784703540,52115.2,52121.7,52106.2,52106.2,106
1784703600,52109.7,52114.2,52090.2,52100.2,174
1784703660,52098.2,52101.2,52083.7,52088.7,148
1784703720,52089.2,52090.2,52073.2,52073.2,132
1784703780,52071.2,52083.2,52070.7,52081.2,130
1784703840,52082.2,52084.7,52076.2,52076.2,134
1784703900,52076.7,52076.7,52068.2,52074.7,142
1784703960,52074.2,52075.2,52057.2,52066.2,160
1784704020,52065.2,52073.2,52061.2,52073.2,102
1784704080,52072.7,52081.2,52071.2,52079.2,108
1784704140,52080.2,52081.2,52070.2,52075.2,142
1784704200,52076.2,52085.2,52073.2,52079.2,130
1784704260,52080.2,52082.2,52072.2,52080.2,136
1784704320,52081.2,52089.2,52077.2,52086.2,144
1784704380,52085.2,52096.7,52085.2,52089.2,122
1784704440,52091.2,52106.7,52091.2,52106.7,136
1784704500,52106.2,52114.2,52105.2,52109.7,130
1784704560,52110.2,52114.7,52105.2,52110.2,126
1784704620,52109.7,52122.2,52109.7,52117.2,132
1784704680,52116.2,52133.2,52115.7,52131.2,122
1784704740,52129.2,52133.2,52122.2,52122.2,134
1784704800,52121.2,52126.2,52121.2,52126.2,130
1784704860,52127.2,52132.2,52125.2,52128.2,140
1784704920,52125.7,52132.2,52123.2,52129.7,126
1784704980,52130.2,52132.2,52122.7,52125.7,132
1784705040,52126.2,52127.2,52114.2,52119.7,148
1784705100,52118.2,52126.2,52117.2,52125.7,134
1784705160,52124.2,52140.7,52123.2,52140.7,136
1784705220,52141.2,52158.2,52140.2,52158.2,130
1784705280,52157.2,52157.2,52142.2,52146.2,124
1784705340,52147.2,52150.2,52139.2,52141.7,90
1784705400,52140.7,52151.7,52123.2,52125.2,190
1784705460,52123.2,52132.2,52115.2,52126.2,158
1784705520,52127.2,52130.2,52122.2,52124.2,136
1784705580,52124.7,52125.2,52119.2,52123.7,124
1784705640,52123.2,52125.2,52109.2,52109.2,120
1784705700,52107.2,52109.7,52099.2,52107.2,140
1784705760,52108.2,52109.2,52092.2,52092.2,144
1784705820,52091.2,52094.2,52080.7,52094.2,136
1784705880,52093.7,52097.2,52086.2,52086.2,144
1784705940,52087.2,52091.2,52074.2,52074.2,152
1784706000,52072.7,52077.7,52065.2,52067.2,136
1784706060,52068.2,52074.2,52054.2,52057.2,130
1784706120,52056.2,52070.2,52055.7,52065.2,140
1784706180,52066.2,52066.2,52052.2,52064.2,146
1784706240,52066.2,52076.2,52066.2,52075.7,164
1784706300,52075.2,52081.7,52073.2,52078.2,144
1784706360,52079.2,52083.2,52074.2,52082.2,118
1784706420,52080.7,52081.2,52070.2,52074.2,110
1784706480,52073.2,52090.2,52058.7,52069.2,162
1784706540,52067.2,52068.7,52059.7,52062.7,141
1784706600,52062.2,52068.2,52057.2,52065.2,120
1784706660,52064.7,52071.7,52062.7,52069.7,122
1784706720,52069.2,52073.7,52065.2,52067.2,122
1784706780,52067.7,52078.2,52066.2,52078.2,136
1784706840,52079.2,52083.2,52076.2,52082.2,136
1784706900,52083.2,52092.2,52082.2,52083.2,130
1784706960,52084.2,52089.2,52083.2,52083.2,94
1784707020,52084.2,52093.7,52081.2,52091.2,118
1784707080,52090.2,52091.2,52085.7,52087.2,124
1784707140,52086.2,52094.2,52082.2,52094.2,134
1784707200,52093.2,52111.2,52093.2,52109.7,172
1784707260,52109.2,52123.2,52109.2,52119.2,172
1784707320,52125.2,52132.7,52120.2,52130.2,132
1784707380,52132.7,52152.2,52130.2,52152.2,134
1784707440,52153.2,52174.7,52150.2,52173.2,164
1784707500,52174.2,52179.7,52153.2,52157.7,172
1784707560,52159.2,52170.2,52150.2,52152.2,180
1784707620,52153.2,52164.2,52146.7,52160.2,148
1784707680,52161.2,52165.2,52155.2,52157.2,140
1784707740,52156.2,52156.2,52149.2,52150.2,140
1784707800,52151.2,52153.2,52134.2,52134.2,150
1784707860,52135.2,52144.2,52132.2,52135.7,126
1784707920,52135.2,52136.2,52120.7,52129.2,126
1784707980,52128.2,52137.2,52128.2,52134.2,152
1784708040,52132.2,52135.7,52128.2,52130.2,106
1784708100,52129.7,52149.2,52127.7,52148.2,124
1784708160,52147.7,52153.2,52143.2,52144.2,134
1784708220,52144.7,52153.2,52143.2,52149.2,134
1784708280,52148.2,52157.2,52148.2,52154.2,134
1784708340,52153.2,52157.7,52141.2,52151.2,130
1784708400,52152.2,52159.2,52147.2,52152.2,102
1784708460,52151.2,52161.2,52151.2,52154.7,146
1784708520,52155.2,52164.2,52154.7,52162.2,120
1784708580,52161.2,52172.2,52161.2,52165.2,116
1784708640,52164.2,52166.2,52150.2,52165.7,142
1784708700,52164.7,52170.2,52160.7,52170.2,156
1784708760,52169.2,52176.2,52169.2,52172.2,146
1784708820,52171.2,52182.7,52170.2,52174.2,142
1784708880,52175.2,52188.2,52175.2,52187.2,154
1784708940,52184.2,52198.2,52183.2,52197.2,174
1784709000,52198.2,52220.2,52193.2,52217.2,160
1784709060,52216.2,52220.7,52207.7,52210.2,138
1784709120,52211.2,52217.7,52210.7,52213.2,116
1784709180,52211.2,52216.2,52210.2,52213.2,106
1784709240,52212.2,52215.2,52205.2,52212.7,110
1784709300,52213.2,52220.2,52211.2,52215.2,104
1784709360,52216.2,52216.2,52201.2,52203.2,128
1784709420,52204.2,52212.2,52204.2,52207.2,108
1784709480,52206.2,52209.2,52200.7,52208.2,106
1784709540,52209.2,52209.2,52193.2,52194.2,122
1784709600,52195.2,52201.7,52191.2,52191.7,106
1784709660,52192.2,52200.2,52192.2,52198.2,92
1784709720,52196.7,52200.2,52189.2,52200.2,104
1784709780,52201.2,52201.2,52194.2,52194.2,100
1784709840,52195.2,52199.7,52191.2,52199.7,112
1784709900,52199.2,52215.2,52199.2,52213.7,116
1784709960,52214.2,52220.2,52214.2,52218.2,120
1784710020,52217.2,52218.7,52201.2,52202.7,114
1784710080,52201.2,52202.2,52191.2,52197.7,128
1784710140,52196.7,52207.7,52195.2,52203.2,138
1784710200,52205.2,52205.2,52194.2,52194.2,116
1784710260,52196.7,52199.2,52192.2,52196.2,102
1784710320,52194.7,52215.2,52192.7,52213.2,138
1784710380,52214.7,52216.2,52210.2,52212.2,108
1784710440,52211.2,52214.2,52200.2,52203.2,74
1784710500,52202.2,52203.7,52190.2,52192.2,102
1784710560,52192.7,52192.7,52184.7,52185.7,102
1784710620,52185.2,52192.2,52176.7,52187.2,120
1784710680,52186.2,52196.2,52186.2,52194.2,92
1784710740,52192.7,52195.2,52188.2,52194.2,92
1784710800,52192.7,52196.2,52190.2,52195.2,114
1784710860,52194.2,52219.7,52193.2,52216.2,146
1784710920,52215.2,52222.2,52212.2,52213.2,124
1784710980,52213.7,52219.2,52210.2,52212.2,118
1784711040,52211.2,52222.7,52211.2,52219.2,134
1784711100,52219.7,52221.2,52211.2,52220.2,122
1784711160,52219.2,52223.2,52213.2,52216.2,100
1784711220,52216.7,52230.7,52214.2,52225.2,128
1784711280,52226.7,52228.2,52210.2,52214.2,134
1784711340,52215.2,52217.2,52202.2,52207.2,110
1784711400,52208.2,52210.2,52203.7,52206.2,114
1784711460,52207.2,52207.2,52200.7,52205.2,118
1784711520,52204.7,52208.2,52200.2,52203.2,94
1784711580,52204.2,52208.2,52201.2,52201.2,94
1784711640,52202.2,52203.2,52196.2,52200.2,80
1784711700,52198.2,52203.2,52196.2,52199.2,89
1784711760,52196.2,52202.2,52195.2,52200.7,110
1784711820,52201.2,52211.2,52198.2,52211.2,92
1784711880,52210.2,52223.2,52210.2,52220.2,86
1784711940,52221.2,52226.2,52220.2,52222.2,94
1784712000,52221.2,52226.2,52218.2,52226.2,88
1784712060,52225.2,52228.2,52215.2,52220.2,100
1784712120,52221.2,52223.2,52215.2,52220.2,116
1784712180,52219.2,52219.2,52211.2,52215.2,104
1784712240,52213.2,52223.2,52210.2,52223.2,88
1784712300,52224.2,52225.2,52217.2,52218.2,84
1784712360,52217.2,52221.2,52217.2,52217.2,62
1784712420,52219.2,52221.2,52207.2,52207.2,78
1784712480,52206.2,52206.2,52196.2,52204.2,80
1784712540,52203.2,52205.2,52198.2,52198.2,82
1784712600,52196.2,52197.2,52184.2,52188.2,122
1784712660,52187.2,52194.2,52187.2,52190.2,106
1784712720,52189.2,52190.2,52180.2,52180.2,86
1784712780,52181.2,52184.2,52174.2,52175.7,122
1784712840,52175.2,52180.2,52164.2,52165.2,120
1784712900,52168.2,52179.2,52167.2,52177.2,138
1784712960,52176.2,52189.2,52174.2,52187.2,124
1784713020,52185.2,52196.2,52185.2,52194.2,114
1784713080,52195.2,52195.7,52184.2,52184.2,86
1784713140,52183.7,52188.2,52180.2,52184.7,88
1784713200,52184.2,52186.7,52177.2,52177.2,104
1784713260,52178.2,52181.2,52169.2,52178.2,110
1784713320,52179.2,52183.2,52176.2,52181.7,100
1784713380,52182.2,52193.2,52178.2,52185.2,142
1784713440,52183.2,52187.2,52182.2,52185.7,122
1784713500,52185.2,52189.2,52175.2,52178.2,94
1784713560,52179.2,52182.2,52172.2,52178.2,86
1784713620,52179.2,52184.2,52178.2,52184.2,102
1784713680,52183.2,52188.2,52181.2,52184.2,90
1784713740,52185.2,52185.2,52179.2,52180.7,92
1784713800,52180.2,52181.2,52170.2,52171.2,92
1784713860,52170.2,52171.2,52161.2,52163.2,120
1784713920,52164.2,52165.7,52154.2,52156.2,132
1784713980,52155.2,52158.2,52149.2,52156.2,136
1784714040,52155.2,52163.2,52152.7,52163.2,116
1784714100,52165.2,52170.2,52163.2,52170.2,136
1784714160,52169.7,52184.2,52169.2,52184.2,110
1784714220,52182.2,52189.7,52181.2,52183.7,106
1784714280,52183.2,52186.2,52181.2,52186.2,80
1784714340,52186.7,52189.2,52180.2,52189.2,98
1784714400,52190.2,52195.2,52187.2,52191.2,128
1784714460,52192.2,52197.2,52190.2,52196.2,80
1784714520,52195.7,52210.2,52195.7,52208.7,108
1784714580,52208.2,52208.2,52201.2,52204.2,98
1784714640,52202.2,52203.2,52197.2,52201.7,84
1784714700,52203.7,52208.2,52198.2,52198.2,106
1784714760,52200.2,52200.2,52189.2,52198.2,96
1784714820,52199.2,52199.7,52193.7,52197.2,86
1784714880,52199.2,52202.2,52192.2,52195.2,84
1784714940,52193.2,52195.2,52191.7,52193.2,78
1784715000,52196.2,52199.2,52184.2,52187.2,108
1784715060,52188.7,52189.2,52178.2,52180.2,80
1784715120,52183.2,52187.2,52175.2,52176.2,102
1784715180,52175.2,52184.2,52174.2,52179.2,88
1784715240,52180.2,52184.2,52179.2,52179.7,90
1784715300,52178.2,52188.2,52178.2,52188.2,70
1784715360,52186.2,52188.7,52181.2,52181.2,82
1784715420,52180.7,52188.2,52180.2,52185.7,80
1784715480,52185.2,52194.2,52182.2,52194.2,92
1784715540,52192.2,52200.2,52191.2,52193.2,98
1784715600,52192.2,52247.2,52192.2,52230.7,194
1784715660,52231.2,52235.2,52221.2,52223.2,170
1784715720,52224.2,52244.2,52221.7,52239.2,146
1784715780,52237.2,52238.2,52226.2,52235.2,130
1784715840,52234.2,52262.7,52233.7,52253.2,146
1784715900,52255.2,52259.2,52246.2,52255.2,130
1784715960,52256.2,52263.2,52242.2,52242.2,126
1784716020,52245.2,52247.2,52239.2,52241.2,138
1784716080,52242.2,52248.2,52234.2,52245.2,124
1784716140,52244.7,52259.2,52244.2,52256.2,126
1784716200,52255.2,52258.2,52249.2,52249.2,128
1784716260,52248.7,52254.2,52241.2,52249.2,114
1784716320,52249.7,52254.2,52245.7,52249.2,116
1784716380,52248.2,52255.2,52238.2,52239.2,148
1784716440,52242.2,52253.2,52239.2,52246.7,124
1784716500,52247.2,52248.2,52237.2,52240.2,122
1784716560,52238.2,52245.2,52232.2,52239.2,122
1784716620,52239.7,52245.7,52229.7,52232.2,110
1784716680,52231.2,52234.2,52221.2,52227.2,126
1784716740,52228.2,52229.2,52213.7,52218.2,124
1784716800,52219.2,52223.2,52214.7,52220.2,116
1784716860,52221.2,52222.2,52209.2,52212.2,118
1784716920,52211.7,52215.2,52207.7,52212.2,140
1784716980,52213.2,52216.2,52183.7,52185.2,116
1784717040,52184.7,52188.2,52180.7,52180.7,118
1784717100,52181.7,52191.2,52178.2,52189.2,120
1784717160,52190.2,52194.2,52187.2,52190.2,90
1784717220,52191.2,52191.2,52179.2,52180.2,102
1784717280,52181.2,52187.2,52179.2,52185.2,114
1784717340,52183.2,52211.2,52181.7,52211.2,136
1784717400,52210.2,52214.2,52201.2,52214.2,116
1784717460,52213.2,52219.2,52210.2,52212.2,98
1784717520,52211.7,52212.2,52205.2,52208.2,90
1784717580,52209.2,52209.2,52205.7,52209.2,86
1784717640,52208.2,52210.2,52204.2,52207.7,74
1784717700,52208.2,52211.2,52204.2,52208.2,88
1784717760,52208.7,52214.7,52207.7,52214.2,108
1784717820,52213.7,52215.2,52203.2,52203.2,78
1784717880,52204.2,52206.2,52201.2,52202.2,94
1784717940,52202.7,52208.2,52201.2,52203.2,84
1784718000,52202.2,52202.2,52174.2,52180.7,150
1784718060,52181.2,52189.2,52176.2,52182.2,138
1784718120,52181.2,52187.2,52176.2,52182.2,116
1784718180,52184.2,52192.2,52182.7,52184.2,144
1784718240,52185.2,52191.2,52185.2,52190.2,122
1784718300,52191.2,52196.2,52178.2,52187.7,144
1784718360,52187.2,52189.2,52178.2,52178.2,112
1784718420,52179.2,52185.2,52172.2,52175.2,112
1784718480,52170.2,52172.2,52147.2,52168.2,140
1784718540,52170.2,52192.7,52170.2,52190.7,116
1784718600,52191.7,52206.2,52190.7,52202.7,134
1784718660,52202.2,52202.2,52182.7,52187.2,108
1784718720,52189.7,52193.2,52184.2,52189.2,132
1784718780,52190.7,52190.7,52173.2,52174.7,118
1784718840,52175.2,52175.2,52154.2,52162.7,104
1784718900,52163.7,52164.7,52149.7,52150.7,128
1784718960,52151.2,52161.2,52151.2,52160.2,114
1784719020,52158.7,52158.7,52150.2,52154.2,120
1784719080,52154.7,52162.7,52153.7,52161.2,94
1784719140,52160.2,52161.2,52152.7,52153.7,118
1784719200,52153.2,52166.7,52147.7,52147.7,116
1784719260,52147.2,52153.7,52145.7,52153.7,96
1784719320,52155.2,52159.2,52147.2,52152.2,120
1784719380,52153.2,52159.7,52151.2,52154.2,80
1784719440,52155.2,52161.7,52154.2,52156.7,76
1784719500,52156.2,52156.2,52147.2,52148.7,88
1784719560,52148.2,52149.7,52142.2,52147.2,110
1784719620,52147.7,52155.7,52143.7,52144.2,82
1784719680,52144.7,52147.7,52142.2,52145.7,82
1784719740,52144.7,52146.7,52142.2,52146.7,70
1784719800,52147.2,52150.2,52141.2,52145.7,74
1784719860,52144.7,52148.7,52139.2,52144.7,96
1784719920,52145.7,52150.7,52144.2,52150.2,78
1784719980,52150.7,52158.2,52150.2,52155.2,106
1784720040,52154.7,52160.2,52153.7,52159.7,84
1784720100,52158.7,52172.2,52156.7,52168.7,107
1784720160,52167.7,52172.7,52166.7,52169.7,86
1784720220,52170.2,52170.2,52158.2,52164.7,116
1784720280,52164.2,52169.7,52162.7,52162.7,104
1784720340,52163.7,52165.7,52160.2,52160.7,104
1784720400,52161.7,52161.7,52134.7,52139.7,120
1784720460,52136.7,52139.2,52110.2,52125.7,204
1784720520,52126.7,52129.2,52093.7,52102.7,176
1784720580,52100.7,52102.7,52067.2,52072.2,219
1784720640,52072.7,52112.7,52072.7,52106.7,182
1784720700,52106.2,52119.7,52098.2,52117.2,156
1784720760,52119.7,52119.7,52107.7,52117.2,160
1784720820,52116.7,52150.7,52116.7,52147.2,184
1784720880,52147.7,52151.7,52144.2,52145.2,130
1784720940,52145.7,52152.7,52144.7,52146.2,130
1784721000,52146.7,52147.2,52117.7,52118.2,134
1784721060,52116.7,52127.2,52115.7,52121.2,134
1784721120,52120.7,52123.2,52116.7,52121.2,136
1784721180,52120.2,52121.7,52113.2,52117.2,114
1784721240,52116.7,52118.2,52112.2,52112.7,118
1784721300,52113.2,52121.7,52112.7,52121.2,98
1784721360,52120.7,52120.7,52104.7,52111.2,118
1784721420,52111.7,52117.7,52106.2,52106.2,104
1784721480,52105.7,52105.7,52088.2,52089.2,116
1784721540,52088.7,52091.2,52087.7,52089.2,124
1784721600,52090.2,52114.7,52089.2,52105.7,150
1784721660,52105.2,52111.7,52097.7,52105.2,138
1784721720,52105.7,52107.2,52096.7,52102.7,150
1784721780,52103.7,52103.7,52086.7,52094.2,156
1784721840,52094.7,52100.7,52090.7,52100.7,112
1784721900,52102.7,52118.2,52099.7,52117.7,138
1784721960,52118.2,52125.2,52109.7,52109.7,138
1784722020,52108.7,52110.7,52099.2,52100.7,134
1784722080,52101.7,52111.7,52100.7,52108.2,124
1784722140,52109.7,52117.7,52109.2,52112.7,118
1784722200,52112.2,52124.7,52108.2,52123.7,126
1784722260,52124.2,52136.2,52119.7,52136.2,132
1784722320,52135.2,52139.2,52129.7,52137.7,108
1784722380,52138.7,52140.2,52133.7,52138.7,110
1784722440,52137.7,52138.7,52132.7,52133.2,76
1784722500,52135.7,52139.7,52134.7,52137.7,110
1784722560,52136.7,52138.7,52130.7,52135.7,102
1784722620,52135.2,52135.7,52115.7,52120.7,112
1784722680,52119.2,52128.7,52117.2,52124.7,106
1784722740,52124.2,52127.7,52120.7,52121.7,114
1784722800,52122.2,52122.7,52115.7,52120.2,96
1784722860,52121.2,52121.2,52099.2,52102.7,124
1784722920,52103.7,52118.7,52102.2,52118.7,122
1784722980,52118.2,52126.2,52103.7,52103.7,142
1784723040,52104.2,52110.7,52103.2,52108.7,110
1784723100,52110.2,52115.7,52105.7,52114.2,110
1784723160,52113.2,52115.7,52101.2,52115.2,124
1784723220,52114.7,52122.7,52107.7,52122.7,124
1784723280,52120.7,52121.7,52116.7,52120.7,120
1784723340,52119.7,52134.7,52119.7,52133.7,102
1784723400,52133.2,52141.2,52121.2,52140.7,166
1784723460,52140.2,52154.7,52133.7,52154.7,158
1784723520,52156.2,52169.7,52152.2,52167.2,142
1784723580,52166.2,52172.7,52162.7,52170.7,122
1784723640,52170.2,52178.7,52169.7,52170.2,122
1784723700,52170.7,52183.2,52170.7,52179.7,130
1784723760,52179.2,52184.2,52175.2,52184.2,110
1784723820,52183.2,52183.2,52168.2,52169.7,126
1784723880,52168.7,52177.2,52166.2,52173.2,130
1784723940,52176.2,52177.7,52172.7,52174.7,116
1784724000,52173.7,52177.2,52167.7,52171.2,116
1784724060,52170.2,52176.2,52166.2,52166.2,104
1784724120,52166.7,52167.2,52161.2,52161.2,108
1784724180,52160.7,52167.7,52157.2,52167.2,114
1784724240,52167.7,52169.2,52164.7,52167.2,80
1784724300,52168.7,52168.7,52151.2,52153.2,112
1784724360,52151.7,52158.7,52151.7,52158.7,116
1784724420,52156.7,52158.7,52150.7,52150.7,88
1784724480,52149.7,52149.7,52132.2,52137.7,125
1784724540,52138.7,52143.7,52130.2,52130.2,90
1784724600,52130.7,52135.7,52124.7,52128.2,100
1784724660,52128.7,52131.7,52126.2,52131.7,96
1784724720,52132.7,52134.7,52130.2,52133.7,96
1784724780,52134.7,52141.7,52133.2,52140.2,92
1784724840,52140.7,52157.2,52140.2,52157.2,98
1784724900,52157.7,52157.7,52146.7,52147.7,114
1784724960,52148.2,52149.2,52059.7,52083.7,111
1784725020,52090.2,52116.2,52071.7,52108.7,250
1784725080,52107.7,52124.7,52101.2,52121.7,184
1784725140,52121.2,52133.2,52120.7,52126.7,132
1784725200,52125.7,52144.2,52122.7,52140.7,158
1784725260,52141.7,52146.7,52131.7,52144.7,138
1784725320,52142.2,52146.7,52139.7,52141.7,134
1784725380,52142.7,52147.2,52137.7,52146.7,146
1784725440,52145.2,52155.7,52145.2,52154.2,148
1784725500,52153.7,52154.2,52142.7,52146.2,144
1784725560,52144.2,52149.7,52142.2,52142.2,106
1784725620,52141.7,52141.7,52131.2,52134.7,149
1784725680,52135.7,52145.7,52130.7,52142.2,112
1784725740,52141.2,52151.2,52141.2,52148.7,120
1784725800,52149.7,52149.7,52139.2,52144.2,120
1784725860,52144.7,52148.7,52137.7,52139.7,122
1784725920,52139.2,52146.2,52132.2,52134.7,120
1784725980,52135.2,52143.7,52135.2,52143.2,94
1784726040,52143.7,52144.7,52134.7,52139.7,136
1784726100,52139.2,52154.2,52136.2,52154.2,112
1784726160,52155.7,52163.7,52155.2,52163.7,110
1784726220,52162.2,52171.7,52161.7,52165.7,140
1784726280,52166.2,52172.2,52158.7,52164.2,131
1784726340,52165.2,52190.7,52164.2,52189.7,145
1784726400,52188.7,52189.2,52175.7,52184.7,142
1784726460,52184.2,52192.2,52182.2,52185.7,113
1784726520,52187.2,52187.2,52179.2,52182.7,96
1784726580,52183.7,52198.2,52182.7,52196.7,100
1784726640,52197.2,52201.7,52191.2,52200.2,130
1784726700,52199.7,52199.7,52182.2,52182.2,146
1784726760,52181.2,52188.7,52174.2,52178.7,108
1784726820,52179.7,52197.7,52178.7,52197.7,102
1784726880,52200.7,52210.7,52192.7,52210.7,112
1784726940,52210.2,52244.2,52204.7,52222.2,158
1784727000,52232.5,52245,52161,52230,293
1784727060,52234,52323.7,52224.7,52322.2,288
1784727120,52318.2,52335.5,52297.5,52313.5,290
1784727180,52311.5,52316,52276,52285,286
1784727240,52283,52307,52269.5,52305.5,266
1784727300,52300,52318,52275,52318,272
1784727360,52316.5,52346.5,52308.5,52316.5,268
1784727420,52318.5,52324.5,52295.5,52305.5,268
1784727480,52303,52338.5,52281.5,52321,252
1784727540,52322,52325.5,52288.5,52305,258
1784727600,52304,52304,52279,52298,254
1784727660,52299,52317,52264,52264,252
1784727720,52265.5,52265.5,52231.5,52237,260
1784727780,52238.5,52300.5,52238.5,52300.5,262
1784727840,52305.5,52325,52305,52313.5,254
1784727900,52315.5,52352.5,52302.7,52349.5,247
1784727960,52344.5,52372.5,52339.5,52356,237
1784728020,52354.5,52382.5,52350,52365,230
1784728080,52362.7,52378,52358.7,52378,259
1784728140,52377.5,52377.5,52351,52362,240
1784728200,52363,52394,52357.5,52363,238
1784728260,52362.5,52364.7,52339,52347.5,233
1784728320,52348.5,52399.5,52341.5,52393,219
1784728380,52390.5,52394.5,52371,52373,228
1784728440,52373.5,52389.5,52367.5,52386.5,216
1784728500,52385.5,52407.2,52371,52396.7,216
1784728560,52396.2,52441.7,52390.5,52436.7,221
1784728620,52435.7,52475.5,52433.7,52462,250
1784728680,52461,52461,52442.5,52451,224
1784728740,52450,52450,52419,52431.5,239
1784728800,52426.5,52457.5,52413.5,52454.5,242
1784728860,52457.5,52465,52435.5,52458.5,232
1784728920,52456,52470.5,52444.5,52452.5,202
1784728980,52454.5,52461,52440.5,52458,224
1784729040,52457.5,52482.5,52452.5,52475,218
1784729100,52476.5,52506,52466,52506,229
1784729160,52505.5,52506.5,52492,52492.5,204
1784729220,52495.5,52504,52455,52456.5,204
1784729280,52456,52456,52439,52448.5,204
1784729340,52449,52461.5,52442.5,52460,194
1784729400,52460.5,52470.5,52449.5,52464,222
1784729460,52463,52467,52430.5,52433,238
1784729520,52432,52432.5,52410.5,52430,208
1784729580,52428.5,52432.5,52409.5,52411.5,206
1784729640,52412,52420,52396.5,52399,208
1784729700,52399.5,52408,52385.5,52405,218
1784729760,52406,52407.5,52386,52386,218
1784729820,52388.5,52388.5,52371.5,52384.5,215
1784729880,52385.5,52404.5,52384.5,52403,210
1784729940,52401.5,52406,52376.5,52378.5,200
1784730000,52379.5,52392,52364.5,52386.5,211
1784730060,52385.5,52393.5,52379,52385.5,202
1784730120,52384.5,52384.5,52336.5,52345.5,226
1784730180,52342.5,52353.5,52333.5,52351,255
1784730240,52348.5,52370.5,52339.5,52344.5,230
1784730300,52343,52352.5,52329.5,52333.5,220
1784730360,52334.5,52342.5,52323.5,52325.5,212
1784730420,52326.5,52333.5,52297.5,52307.5,224
1784730480,52306,52323,52302.5,52307.5,212
1784730540,52309.5,52325.5,52296.7,52299.2,228
1784730600,52300.7,52320.5,52295.5,52299.5,232
1784730660,52300,52322.5,52295.5,52322.5,216
1784730720,52321.5,52336.5,52316.5,52329.5,218
1784730780,52332,52337.5,52298.5,52300.5,188
1784730840,52299.5,52303,52287.5,52296,190
1784730900,52296.5,52301.5,52287.5,52291.5,219
1784730960,52289.5,52291.5,52267.5,52276.5,206
1784731020,52277.5,52290,52274.5,52287.5,187
1784731080,52289,52297.5,52279.5,52295.5,196
1784731140,52293.5,52299.5,52275.5,52297,204
1784731200,52296.5,52305,52282.5,52286.5,226
1784731260,52287.5,52301.5,52274.5,52279,196
1784731320,52277.5,52283.5,52267.5,52280.5,232
1784731380,52277.5,52282.5,52266.5,52274.5,190
1784731440,52272.5,52276.5,52261,52265.5,222
1784731500,52269,52293.5,52266.5,52286,226
1784731560,52286.5,52303.5,52284.5,52287.5,204
1784731620,52289.5,52300.5,52282.5,52282.5,202
1784731680,52283.5,52297.5,52282.5,52286.5,192
1784731740,52285.5,52290.5,52277,52287.5,174
1784731800,52289.5,52290,52273.5,52285.5,188
1784731860,52284.5,52292.5,52278.5,52292.5,182
1784731920,52292,52292,52262.5,52264.5,184
1784731980,52265.5,52282.5,52264.5,52282.5,174
1784732040,52286,52297.5,52282.5,52283.5,176
1784732100,52283,52283,52265.5,52268,162
1784732160,52266.5,52275.5,52256.2,52260.5,183
1784732220,52260,52270,52257.5,52270,158
1784732280,52269,52280.5,52261.5,52280.5,180
1784732340,52282,52285.5,52269,52276,162
1784732400,52277,52288.5,52271.5,52278,182
1784732460,52277,52277,52262,52265.5,174
1784732520,52262.5,52274.5,52260.5,52273.5,178
1784732580,52275,52293.5,52275,52287.5,164
1784732640,52287,52313.5,52283.5,52299,153
1784732700,52297.5,52300,52278.5,52282.5,186
1784732760,52279.5,52290,52274,52284.5,182
1784732820,52285.5,52296,52283,52289.5,198
1784732880,52287.5,52287.5,52269.5,52286.5,194
1784732940,52287,52296.5,52285.5,52289.5,160
1784733000,52289,52304,52285.5,52304,210
1784733060,52305,52305,52288,52289.5,190
1784733120,52289,52299.5,52289,52297,190
1784733180,52297.5,52315.5,52291.5,52315,174
1784733240,52316,52322,52294.5,52295.5,192
1784733300,52296,52301.5,52290.5,52291.5,177
1784733360,52291,52292.5,52282,52292.5,188
1784733420,52291.5,52295.5,52282.5,52282.5,150
1784733480,52282,52282.5,52265.5,52270.5,164
1784733540,52271,52304,52270.5,52301.5,180
1784733600,52302.5,52324,52301,52323,178
1784733660,52325.5,52333.5,52323.5,52331,174
1784733720,52330.5,52340.5,52330,52335,172
1784733780,52335.5,52344.5,52331.5,52338.5,186
1784733840,52337,52354.5,52333.5,52351.5,185
1784733900,52352,52371.5,52351.5,52369.5,152
1784733960,52368.5,52376.5,52366.5,52369.5,179
1784734020,52370,52386,52368,52381.5,193
1784734080,52382,52383.5,52369.5,52377.5,156
1784734140,52375.5,52379.5,52352.5,52359.5,188
1784734200,52360.5,52363.5,52344.5,52359,200
1784734260,52358.5,52360,52347.5,52352.5,172
1784734320,52353.5,52369.5,52352.5,52368,184
1784734380,52367,52368.5,52353.5,52358.5,180
1784734440,52357.5,52361,52336.5,52336.5,208
1784734500,52337.5,52350.5,52337.5,52343.5,166
1784734560,52342.5,52344.5,52331,52337.5,180
1784734620,52336.5,52357,52333,52356.5,178
1784734680,52356,52359,52349.5,52359,168
1784734740,52358.5,52370.5,52351.5,52369.5,152
1784734800,52370.5,52383.5,52367.5,52383.5,172
1784734860,52381.5,52383.5,52358.5,52363,148
1784734920,52364,52365.5,52351.5,52351.5,155
1784734980,52352.5,52355.5,52338.5,52342.5,148
1784735040,52342,52353,52336.5,52351.5,158
1784735100,52351,52380,52351,52380,148
1784735160,52379.5,52383.5,52358.5,52362.5,158
1784735220,52362,52382.5,52361,52382.5,156
1784735280,52383,52393.5,52377,52389.5,140
1784735340,52390.5,52396.5,52384.5,52391,146
1784735400,52391.5,52396,52387,52394.5,152
1784735460,52393,52399.5,52392.5,52393.5,121
1784735520,52394.5,52397.5,52383.5,52384,143
1784735580,52383,52389.5,52376.5,52376.5,161
1784735640,52377,52385.5,52376.5,52383.5,142
1784735700,52382.5,52388,52373.5,52384,152
1784735760,52383,52388,52380,52381.5,132
1784735820,52382.5,52390.5,52381,52390.5,130
1784735880,52391,52392.5,52382.5,52385.5,136
1784735940,52386.5,52406,52385.5,52406,120
1784736000,52408.5,52410.5,52401.5,52402.5,144
1784736060,52400.5,52401.5,52389,52389,148
1784736120,52390,52392,52382.5,52386.5,146
1784736180,52385.5,52398.5,52384.5,52397.5,117
1784736240,52397,52410.5,52393.5,52410.5,94
1784736300,52410,52420.5,52397,52420.5,134
1784736360,52421.5,52428,52418.5,52423.5,118
1784736420,52423,52431,52417.5,52427.5,120
1784736480,52428.5,52428.5,52422.5,52425.5,112
1784736540,52423.5,52425.5,52418,52418,116
1784736600,52417.5,52420,52406.5,52416.5,134
1784736660,52417.5,52422.5,52406.5,52409.5,110
1784736720,52408,52414,52395,52396.5,140
1784736780,52397.5,52402.5,52396.5,52400.5,126
1784736840,52401,52404.5,52394.5,52396.5,128
1784736900,52397,52399.5,52393,52394.5,140
1784736960,52395.5,52397.5,52382,52383.5,108
1784737020,52383,52395.5,52381.5,52395.5,148
1784737080,52394.5,52414.5,52394.5,52414.5,115
1784737140,52413.5,52419,52411,52417,132
1784737200,52416.5,52416.5,52403,52406,134
1784737260,52405.5,52407.5,52393.5,52402.7,145
1784737320,52403.5,52410.5,52403.5,52403.5,139
1784737380,52404.5,52405.5,52398.5,52401.5,114
1784737440,52402.5,52409.5,52401.5,52407.5,144
1784737500,52406.5,52417.5,52404.5,52407.5,142
1784737560,52407,52415.5,52401.5,52413.5,138
1784737620,52413,52417,52403.5,52406.5,130
1784737680,52405.5,52420.5,52404,52416,132
1784737740,52415,52421.5,52414,52420.5,138
1784737800,52421.5,52421.5,52405.5,52409.5,126
1784737860,52411.5,52415,52406,52406,108
1784737920,52406.5,52418.5,52406.5,52416.5,98
1784737980,52417,52420.5,52411.5,52418.5,118
1784738040,52418,52426.5,52414.5,52423.5,122
1784738100,52423,52429.5,52420.5,52421.5,116
1784738160,52422,52434.5,52416.5,52418.5,116
1784738220,52417.5,52435,52417.5,52433.5,124
1784738280,52434.5,52435,52423.5,52424.5,122
1784738340,52423.5,52436.5,52423.5,52433.5,136
1784738400,52434.5,52435.5,52429.5,52431.5,124
1784738460,52432.5,52434.5,52426.5,52431,120
1784738520,52430.5,52431.5,52423.5,52426.5,140
1784738580,52427.5,52432,52424,52427.5,122
1784738640,52428.5,52432.1,52424.5,52430.6,112
1784738700,52429.6,52439.6,52418.6,52420.6,134
1784738760,52420.1,52421.1,52406.6,52412.6,114
1784738820,52409.6,52409.6,52395.6,52398.6,128
1784738880,52399.1,52402.6,52394.8,52402.1,122
1784738940,52400.6,52406.1,52398.6,52404.6,108
1784739000,52405.6,52406.6,52398.6,52403.6,126
1784739060,52404.6,52404.6,52383.6,52385.1,128
1784739120,52385.6,52396.6,52385.6,52394.6,90
1784739180,52396.6,52396.6,52388.6,52388.6,116
1784739240,52387.6,52390.6,52384.6,52386.1,120
1784739300,52385.6,52390.6,52381.6,52387.6,126
1784739360,52388.6,52395.6,52384.6,52386.6,130
1784739420,52387.6,52405.6,52387.6,52401.6,98
1784739480,52402.6,52405.6,52395.6,52401.6,112
1784739540,52400.6,52404.6,52389.6,52396.6,102
1784739600,52395.6,52399.6,52387.1,52395.1,156
1784739660,52395.6,52396.6,52389.1,52389.1,124
1784739720,52388.6,52389.1,52375.1,52378.1,134
1784739780,52377.6,52380.6,52365.6,52367.6,142
1784739840,52366.6,52369.6,52357.6,52359.8,134
1784739900,52358.8,52364.1,52354.6,52362.8,144
1784739960,52363.3,52366.6,52353.6,52359.6,142
1784740020,52360.6,52372.6,52357.6,52370.6,146
1784740080,52371.6,52373.6,52365.6,52370.6,110
1784740140,52371.6,52373.6,52361.6,52365.6,102
1784740200,52364.6,52366.6,52352.6,52353.6,110
1784740260,52354.6,52358.6,52352.6,52357.6,144
1784740320,52358.6,52361.6,52357.6,52358.6,102
1784740380,52359.6,52364.6,52353.1,52353.1,134
1784740440,52353.6,52353.6,52337.1,52338.6,136
1784740500,52338.1,52339.6,52329.6,52334.6,142
1784740560,52335.6,52338.6,52329.1,52338.6,140
1784740620,52337.6,52350.1,52336.6,52337.6,132
1784740680,52338.6,52351.1,52328.6,52328.6,108
1784740740,52328.1,52331.6,52323.1,52325.6,136
1784740800,52326.1,52326.1,52317.1,52320.6,140
1784740860,52319.6,52327.1,52312.6,52312.6,144
1784740920,52311.6,52314.6,52302.6,52304.6,148
1784740980,52303.6,52308.6,52299.1,52302.6,136
1784741040,52303.6,52306.6,52293.6,52297.6,146
1784741100,52298.1,52299.6,52284.1,52292.6,128
1784741160,52291.6,52299.6,52290.6,52294.1,140
1784741220,52293.6,52298.6,52290.6,52298.6,102
1784741280,52298.1,52307.6,52290.6,52298.6,138
1784741340,52297.6,52300.6,52284.1,52285.6,126
1784741400,52286.1,52289.6,52282.1,52286.1,120
1784741460,52285.6,52295.1,52283.6,52293.6,116
1784741520,52293.1,52316.1,52293.1,52314.6,134
1784741580,52315.6,52323.6,52311.6,52320.1,124
1784741640,52321.1,52321.6,52297.6,52298.1,134
1784741700,52297.6,52299.6,52289.6,52289.6,148
1784741760,52290.6,52301.6,52288.6,52300.1,130
1784741820,52299.6,52306.1,52295.8,52303.6,136
1784741880,52304.6,52307.1,52299.6,52301.6,114
1784741940,52300.1,52313.6,52299.6,52311.6,130
1784742000,52310.6,52311.6,52300.6,52303.6,130
1784742060,52303.1,52310.6,52297.6,52310.6,124
1784742120,52309.6,52322.1,52309.1,52318.6,128
1784742180,52319.1,52319.1,52308.6,52309.1,114
1784742240,52310.6,52314.6,52307.6,52309.6,130
1784742300,52310.6,52310.6,52295.6,52295.6,111
1784742360,52294.6,52301.6,52292.6,52296.6,120
1784742420,52297.6,52299.6,52290.6,52297.1,114
1784742480,52296.6,52297.6,52291.6,52296.6,100
1784742540,52297.1,52308.6,52297.1,52306.1,108
1784742600,52306.6,52318.6,52302.6,52318.6,130
1784742660,52319.6,52322.6,52317.1,52319.1,102
1784742720,52319.6,52319.6,52314.1,52319.6,98
1784742780,52317.6,52323.1,52315.6,52315.6,118
1784742840,52315.1,52315.6,52305.6,52309.6,144
1784742900,52307.6,52314.1,52292.1,52314.1,170
1784742960,52314.6,52315.6,52302.6,52303.6,152
1784743020,52303.1,52307.6,52297.1,52303.1,156
1784743080,52302.6,52308.6,52299.6,52306.6,122
1784743140,52307.6,52311.6,52304.1,52306.1,114
1784743200,52305.6,52313.6,52303.6,52309.6,155
1784743260,52309.1,52310.6,52293.6,52294.6,162
1784743320,52296.6,52301.6,52282.6,52287.1,176
1784743380,52286.6,52289.6,52277.6,52278.6,123
1784743440,52277.6,52285.6,52275.6,52285.1,140
1784743500,52285.6,52291.1,52277.6,52282.6,162
1784743560,52281.6,52289.6,52278.6,52287.6,138
1784743620,52286.6,52301.6,52283.6,52298.6,138
1784743680,52299.6,52299.6,52288.6,52288.6,96
1784743740,52287.6,52289.6,52283.6,52283.6,106
1784743800,52283.1,52284.6,52271.6,52282.6,134
1784743860,52281.6,52282.6,52273.6,52273.6,96
1784743920,52272.6,52278.6,52268.6,52269.6,110
1784743980,52270.6,52277.6,52264.1,52270.1,142
1784744040,52269.6,52276.1,52269.6,52272.6,112
1784744100,52271.6,52278.6,52270.1,52272.1,120
1784744160,52271.6,52288.6,52269.6,52287.6,148
1784744220,52288.6,52289.6,52283.6,52289.1,122
1784744280,52290.6,52301.6,52289.6,52299.6,122
1784744340,52300.1,52300.6,52286.1,52286.1,128
1784744400,52286.6,52299.1,52284.6,52299.1,108
1784744460,52298.6,52305.6,52295.6,52295.6,108
1784744520,52294.1,52295.6,52290.1,52292.6,104
1784744580,52291.6,52295.6,52287.6,52290.6,112
1784744640,52289.6,52295.1,52284.1,52284.6,117
1784744700,52285.6,52287.6,52282.6,52285.6,112
1784744760,52286.6,52293.6,52286.6,52290.6,88
1784744820,52290.1,52292.6,52284.1,52291.6,112
1784744880,52290.6,52303.6,52289.6,52299.1,126
1784744940,52299.6,52303.6,52297.1,52301.1,102
1784745000,52300.6,52301.6,52287.1,52288.6,134
1784745060,52289.6,52289.6,52280.6,52284.1,106
1784745120,52284.6,52287.1,52277.6,52281.6,128
1784745180,52282.6,52286.1,52279.6,52284.1,102
1784745240,52284.6,52287.1,52272.1,52279.1,108
1784745300,52278.6,52292.6,52277.6,52292.6,124
1784745360,52293.6,52294.6,52278.1,52284.6,118
1784745420,52285.6,52286.6,52276.6,52279.6,104
1784745480,52280.1,52287.1,52280.1,52285.6,102
1784745540,52284.6,52291.6,52283.6,52289.6,116
1784745600,52288.6,52289.6,52276.6,52278.6,112
1784745660,52279.1,52282.6,52271.6,52282.6,120
1784745720,52283.6,52290.6,52277.6,52278.1,110
1784745780,52278.6,52279.6,52275.6,52279.6,88
1784745840,52280.6,52282.6,52278.6,52279.6,78
1784745900,52279.1,52290.6,52276.6,52286.6,106
1784745960,52286.1,52286.1,52279.6,52282.1,106
1784746020,52281.6,52281.6,52271.1,52273.6,88
1784746080,52272.6,52281.1,52270.6,52273.1,106
1784746140,52272.6,52273.6,52263.6,52266.6,94
1784746200,52265.6,52267.6,52260.6,52265.6,100
1784746260,52266.1,52273.6,52266.1,52269.1,114
1784746320,52269.6,52272.1,52264.1,52267.6,126
1784746380,52266.6,52275.6,52266.6,52274.6,116
1784746440,52275.6,52289.6,52275.6,52283.6,104
1784746500,52282.6,52288.6,52279.6,52288.6,114
1784746560,52287.6,52288.1,52276.6,52284.6,122
1784746620,52285.1,52287.6,52280.6,52287.6,89
1784746680,52287.1,52288.6,52281.1,52283.6,90
1784746740,52283.1,52289.6,52280.6,52280.6,115
1784746800,52281.6,52283.6,52274.1,52274.6,100
1784746860,52272.6,52277.1,52259.6,52262.6,116
1784746920,52261.6,52263.1,52245.6,52245.6,119
1784746980,52246.6,52252.1,52243.6,52248.6,120
1784747040,52249.6,52251.6,52243.6,52243.6,108
1784747100,52244.6,52254.1,52240.6,52248.6,130
1784747160,52249.6,52256.6,52245.6,52255.1,114
1784747220,52255.6,52258.6,52251.3,52252.6,123
1784747280,52253.6,52262.6,52252.6,52257.1,94
1784747340,52257.6,52258.6,52242.6,52243.6,105
1784747400,52242.6,52245.6,52235.6,52241.6,124
1784747460,52242.6,52242.6,52236.1,52238.6,118
1784747520,52237.6,52238.6,52228.1,52231.6,114
1784747580,52229.6,52238.6,52226.6,52234.1,99
1784747640,52233.6,52242.6,52230.6,52239.6,110
1784747700,52238.6,52248.6,52237.1,52247.6,129
1784747760,52246.6,52262.1,52245.6,52260.6,148
1784747820,52260.1,52260.1,52251.6,52255.6,102
1784747880,52256.6,52259.6,52252.6,52258.6,110
1784747940,52259.6,52264.6,52257.6,52261.6,104
1784748000,52261.1,52262.1,52249.6,52257.1,122
1784748060,52257.6,52258.1,52239.6,52240.6,116
1784748120,52241.6,52244.1,52237.6,52240.1,106
1784748180,52239.6,52241.6,52234.6,52236.6,110
1784748240,52235.6,52236.6,52223.6,52224.6,116
1784748300,52225.6,52226.6,52215.6,52219.6,99
1784748360,52218.6,52226.6,52218.6,52220.6,99
1784748420,52219.6,52225.6,52214.6,52220.6,105
1784748480,52219.6,52228.6,52219.6,52225.6,109
1784748540,52224.6,52225.6,52220.6,52224.1,105
1784748600,52222.1,52223.1,52207.1,52207.1,154
1784748660,52207.6,52216.1,52207.6,52207.6,128
1784748720,52208.6,52217.6,52204.6,52212.6,112
1784748780,52213.1,52215.1,52203.6,52203.6,154
1784748840,52201.6,52213.6,52201.6,52211.1,126
1784748900,52210.6,52221.6,52210.6,52210.6,128
1784748960,52211.1,52215.6,52203.6,52206.6,144
1784749020,52205.6,52207.6,52203.6,52203.6,124
1784749080,52204.1,52217.6,52201.6,52214.1,158
1784749140,52212.6,52212.6,52202.6,52202.6,130
1784749200,52203.6,52216.1,52202.6,52207.6,123
1784749260,52209.6,52217.1,52206.6,52215.1,140
1784749320,52215.6,52228.6,52210.6,52228.1,138
1784749380,52228.6,52232.1,52226.1,52226.1,126
1784749440,52225.6,52236.6,52223.6,52230.6,134
1784749500,52232.1,52246.1,52230.1,52231.6,167
1784749560,52230.6,52240.6,52227.6,52228.6,134
1784749620,52230.1,52236.1,52223.6,52233.6,99
1784749680,52234.6,52243.6,52232.6,52235.1,133
1784749740,52236.6,52239.6,52232.6,52237.6,126
1784749800,52248.1,52249.1,52228.1,52234.6,188
1784749860,52231.6,52244.1,52223.6,52225.6,150
1784749920,52223.6,52238.1,52220.6,52233.6,159
1784749980,52235.1,52240.6,52229.6,52230.1,149
1784750040,52227.6,52229.6,52218.6,52227.1,156
1784750100,52225.6,52236.6,52222.6,52230.6,173
1784750160,52231.1,52242.1,52221.6,52239.6,133
1784750220,52238.6,52256.6,52234.6,52256.6,146
1784750280,52256.1,52267.6,52247.6,52248.1,165
1784750340,52250.6,52267.1,52213.1,52214.6,228
1784750400,52217.6,52259.6,52217.6,52259.6,139
1784750460,52263.6,52318.6,52260.6,52306.6,135
1784750520,52299.1,52311.6,52242.6,52259.1,211
1784750580,52264.6,52280.6,52225.6,52264.1,152
1784750640,52261.6,52266.6,52232.6,52233.6,125
1784750700,52234.6,52243.6,52216.1,52231.1,139
1784750760,52234.6,52247.6,52231.6,52241.6,145
1784750820,52242.1,52261.6,52239.6,52244.6,90
1784750880,52219.6,52255.6,52209.6,52242.1,112
1784750940,52241.6,52264.1,52241.6,52250.1,65
1784751000,52244.6,52270.6,52242.6,52265.6,95
1784751060,52266.6,52296.1,52266.6,52295.1,110
1784751120,52298.6,52300.6,52283.1,52286.1,114
1784751180,52286.6,52306.1,52285.1,52296.6,104
1784751240,52298.6,52321.1,52296.1,52321.1,95
1784751300,52325.6,52330.6,52311.1,52311.1,140
1784751360,52310.6,52316.1,52298.1,52304.6,146
1784751420,52306.6,52313.1,52299.1,52303.1,124
1784751480,52302.1,52312.1,52302.1,52304.6,84
1784751540,52305.1,52317.1,52303.6,52308.6,86
1784751600,52307.1,52308.6,52301.1,52303.6,52
1784751660,52303.1,52305.1,52294.1,52294.6,50
1784751720,52296.1,52305.1,52294.6,52303.6,56
1784751780,52304.1,52312.1,52304.1,52312.1,48
1784751840,52312.6,52320.6,52312.1,52319.6,50
1784751900,52322.6,52322.6,52311.1,52311.1,38
1784751960,52310.6,52310.6,52294.6,52295.1,38
1784752020,52296.1,52298.6,52286.6,52298.1,72
1784752080,52300.6,52302.1,52295.1,52300.1,68
1784752140,52299.6,52308.6,52298.1,52308.6,48
1784752200,52307.1,52313.1,52305.6,52306.1,40
1784752260,52305.6,52311.1,52299.1,52309.6,58
1784752320,52309.1,52311.1,52306.1,52309.1,64
1784752380,52308.1,52310.1,52301.1,52301.1,44
1784752440,52302.1,52302.6,52296.1,52296.1,36
1784752500,52295.1,52300.1,52289.1,52299.6,72
1784752560,52301.1,52301.6,52287.1,52291.1,92
1784752620,52290.6,52293.6,52287.1,52287.1,56
1784752680,52288.1,52288.6,52278.6,52281.1,60
1784752740,52280.1,52301.6,52279.1,52295.1,86
1784752800,52294.6,52295.1,52286.6,52290.1,82
1784752860,52289.1,52293.6,52287.6,52291.6,64
1784752920,52292.1,52296.1,52290.1,52293.1,64
1784752980,52294.1,52297.1,52293.1,52293.6,34
1784753040,52294.1,52294.6,52287.6,52288.1,74
1784753100,52289.1,52296.1,52288.1,52295.6,54
1784753160,52296.1,52296.6,52291.1,52291.1,68
1784753220,52290.1,52295.1,52290.1,52293.1,50
1784753280,52292.1,52292.6,52282.6,52286.6,52
1784753340,52285.6,52290.6,52285.1,52290.6,42
1784753400,52291.1,52303.1,52291.1,52302.1,60
1784753460,52303.6,52306.6,52302.6,52303.6,44
1784753520,52304.1,52315.1,52304.1,52314.6,58
1784753580,52313.6,52317.1,52306.6,52306.6,48
1784753640,52307.1,52307.6,52301.6,52305.1,66
1784753700,52304.6,52307.1,52298.1,52298.1,66
1784753760,52297.1,52299.1,52292.6,52298.1,74
1784753820,52298.6,52301.1,52298.6,52299.1,44
1784753880,52300.1,52301.1,52285.6,52285.6,90
1784757600,52240.4,52249.9,52211.4,52211.9,95
1784757660,52211.4,52217.4,52184.4,52185.4,142
1784757720,52186.4,52197.9,52177.9,52197.9,92
1784757780,52198.4,52215.4,52198.4,52204.4,69
1784757840,52203.4,52204.4,52192.9,52192.9,40
1784757900,52192.4,52203.9,52191.4,52198.4,93
1784757960,52199.4,52205.4,52194.9,52201.9,90
1784758020,52201.4,52201.9,52194.9,52197.4,68
1784758080,52201.4,52207.4,52199.9,52204.9,66
1784758140,52204.4,52210.4,52203.9,52204.4,44
1784758200,52203.9,52208.4,52201.9,52203.9,56
1784758260,52201.9,52204.4,52196.9,52203.9,46
1784758320,52205.4,52210.4,52205.4,52210.4,62
1784758380,52209.9,52209.9,52203.4,52206.9,46
1784758440,52207.4,52207.9,52202.4,52202.9,44
1784758500,52204.4,52214.4,52201.4,52204.9,56
1784758560,52204.4,52207.4,52201.9,52202.4,58
1784758620,52203.4,52205.4,52186.9,52193.4,102
1784758680,52192.9,52198.9,52192.4,52197.9,76
1784758740,52197.4,52199.4,52196.4,52196.4,60
1784758800,52194.9,52203.4,52193.4,52200.9,62
1784758860,52200.4,52207.4,52200.4,52205.4,68
1784758920,52204.9,52205.9,52197.9,52198.9,52
1784758980,52199.4,52201.9,52197.9,52197.9,54
1784759040,52196.9,52202.4,52196.9,52198.9,56
1784759100,52198.4,52198.9,52190.9,52190.9,60
1784759160,52190.4,52193.4,52190.4,52191.9,52
1784759220,52189.9,52189.9,52184.9,52184.9,40
1784759280,52185.4,52187.4,52174.9,52175.4,62
1784759340,52175.9,52178.9,52171.9,52176.4,40
1784759400,52176.9,52182.4,52172.4,52182.4,42
1784759460,52184.9,52184.9,52180.4,52184.9,42
1784759520,52184.4,52185.9,52177.9,52179.9,56
1784759580,52180.9,52181.4,52175.9,52175.9,36
1784759640,52174.9,52174.9,52166.4,52168.4,42
1784759700,52171.9,52173.9,52166.4,52172.9,60
1784759760,52173.4,52173.4,52164.4,52165.9,42
1784759820,52165.4,52165.9,52152.9,52157.4,94
1784759880,52157.9,52157.9,52150.9,52152.9,92
1784759940,52152.4,52153.9,52147.4,52147.9,98
1784760000,52148.9,52152.9,52146.9,52152.4,62
1784760060,52152.9,52152.9,52144.9,52148.4,44
1784760120,52147.9,52152.9,52147.4,52147.4,88
1784760180,52146.9,52152.4,52144.4,52152.4,50
1784760240,52150.9,52151.9,52150.4,52150.9,22
1784760300,52150.4,52151.9,52146.9,52150.9,38
1784760360,52151.9,52159.9,52148.9,52158.9,44
1784760420,52159.4,52160.4,52156.9,52157.9,50
1784760480,52158.4,52161.9,52155.4,52156.9,62
1784760540,52156.4,52165.9,52155.9,52165.9,66
1784760600,52166.4,52166.9,52162.9,52164.9,38
1784760660,52164.4,52173.9,52163.9,52173.9,44
1784760720,52173.4,52177.9,52172.4,52174.9,40
1784760780,52175.4,52180.4,52174.9,52177.9,44
1784760840,52179.9,52182.9,52179.9,52180.9,44
1784760900,52181.9,52181.9,52177.4,52178.9,34
1784760960,52178.4,52185.4,52177.9,52185.4,40
1784761020,52184.9,52187.4,52182.9,52182.9,58
1784761080,52182.4,52182.4,52178.9,52179.4,14
1784761140,52180.4,52181.9,52176.4,52179.4,38
1784761200,52179.9,52180.9,52176.4,52177.4,60
1784761260,52176.9,52178.4,52173.4,52174.4,52
1784761320,52174.9,52175.4,52167.4,52171.9,56
1784761380,52170.9,52172.4,52168.9,52171.4,34
1784761440,52171.9,52174.4,52160.9,52164.4,98
1784761500,52165.4,52166.4,52162.4,52162.4,50
1784761560,52164.4,52166.4,52162.9,52166.4,50
1784761620,52164.9,52166.4,52162.9,52165.9,28
1784761680,52166.4,52169.4,52165.4,52166.9,40
1784761740,52167.4,52167.4,52163.4,52163.4,24
1784761800,52164.9,52168.4,52163.4,52167.9,32
1784761860,52167.4,52173.4,52167.4,52167.9,44
1784761920,52168.4,52173.4,52167.4,52172.4,44
1784761980,52171.9,52177.9,52171.4,52176.4,62
1784762040,52175.9,52177.9,52175.9,52177.9,28
1784762100,52176.9,52177.4,52174.4,52176.4,24
1784762160,52175.9,52175.9,52173.4,52173.9,14
1784762220,52172.9,52172.9,52166.9,52166.9,10
1784762280,52167.4,52167.4,52162.9,52165.4,42
1784762340,52164.9,52165.4,52162.9,52163.4,16
1784762400,52163.9,52169.4,52163.9,52168.4,38
1784762460,52167.9,52169.9,52165.9,52165.9,28
1784762520,52166.4,52166.9,52164.4,52165.4,28
1784762580,52164.9,52167.4,52163.9,52166.4,22
1784762640,52165.9,52166.4,52165.9,52166.4,8
1784762700,52165.9,52168.4,52163.9,52164.4,24
1784762760,52164.9,52166.4,52164.4,52166.4,28
1784762820,52165.9,52167.9,52165.9,52166.9,22
1784762880,52164.9,52165.9,52162.9,52164.9,20
1784762940,52165.9,52166.9,52164.4,52165.9,30
1784763000,52166.4,52168.4,52164.9,52167.9,42
1784763060,52167.4,52172.4,52165.9,52169.9,48
1784763120,52170.4,52173.4,52169.4,52173.4,34
1784763180,52172.9,52176.9,52172.9,52175.9,42
1784763240,52175.9,52176.9,52174.4,52174.4,38
1784763300,52173.4,52174.4,52171.4,52174.4,26
1784763360,52173.9,52175.4,52173.9,52174.9,32
1784763420,52175.9,52178.9,52175.9,52177.9,26
1784763480,52176.9,52178.4,52176.9,52178.4,18
1784763540,52178.9,52179.9,52176.9,52177.9,22
1784763600,52178.4,52181.9,52178.4,52180.9,30
1784763660,52180.4,52180.4,52176.4,52177.4,40
1784763720,52177.9,52177.9,52176.4,52176.9,28
1784763780,52176.4,52180.9,52172.4,52180.4,40
1784763840,52179.9,52180.4,52177.4,52178.9,42
1784763900,52178.4,52185.9,52174.4,52185.9,120
1784763960,52187.9,52188.9,52184.4,52186.4,100
1784764020,52187.9,52192.4,52183.9,52183.9,60
1784764080,52184.9,52194.9,52184.9,52193.4,68
1784764140,52192.9,52197.4,52189.9,52190.4,74
1784764200,52189.9,52192.9,52184.4,52188.9,108
1784764260,52187.9,52193.4,52186.9,52192.9,58
1784764320,52192.4,52195.9,52189.9,52194.4,60
1784764380,52193.9,52193.9,52190.4,52192.4,50
1784764440,52191.9,52194.9,52191.9,52193.4,42
1784764500,52191.9,52194.9,52190.4,52193.4,46
1784764560,52193.9,52197.9,52193.9,52197.4,48
1784764620,52197.9,52205.4,52197.9,52203.4,46
1784764680,52205.4,52210.9,52205.4,52208.4,66
1784764740,52209.4,52217.4,52209.4,52216.9,40
1784764800,52218.9,52220.4,52195.9,52203.4,198
1784764860,52203.9,52210.4,52201.9,52209.9,156
1784764920,52210.9,52210.9,52201.4,52204.4,126
1784764980,52204.9,52210.4,52200.9,52210.4,140
1784765040,52209.9,52214.9,52208.9,52211.4,94
1784765100,52211.9,52213.9,52203.4,52206.4,106
1784765160,52207.4,52210.4,52206.4,52208.4,84
1784765220,52207.4,52218.9,52205.4,52218.9,120
1784765280,52219.4,52222.9,52216.4,52221.4,110
1784765340,52222.9,52225.9,52215.9,52218.4,96
1784765400,52217.4,52217.4,52212.4,52214.4,78
1784765460,52214.9,52222.9,52212.9,52215.9,98
1784765520,52215.4,52215.9,52208.9,52210.4,128
1784765580,52208.9,52212.9,52206.9,52208.9,118
1784765640,52208.4,52216.9,52208.4,52214.9,92
1784765700,52214.4,52214.4,52203.4,52206.4,122
1784765760,52205.9,52216.4,52201.4,52216.4,114
1784765820,52215.4,52232.4,52214.4,52229.9,144
1784765880,52227.9,52229.9,52226.4,52227.4,118
1784765940,52226.9,52230.4,52224.4,52227.9,120
1784766000,52227.4,52233.9,52225.4,52233.4,106
1784766060,52233.9,52238.4,52230.9,52232.9,102
1784766120,52232.4,52252.9,52230.4,52251.9,112
1784766180,52251.4,52252.4,52242.4,52243.9,112
1784766240,52243.4,52255.4,52241.9,52254.9,142
1784766300,52255.4,52258.4,52251.4,52257.4,106
1784766360,52257.9,52260.9,52253.4,52260.4,88
1784766420,52260.9,52269.9,52259.4,52265.4,106
1784766480,52266.4,52266.4,52256.4,52256.9,110
1784766540,52256.4,52257.4,52247.4,52247.4,78
1784766600,52247.9,52258.9,52247.9,52252.9,104
1784766660,52251.9,52253.4,52247.9,52248.4,106
1784766720,52247.9,52254.4,52245.9,52249.4,132
1784766780,52250.4,52256.9,52244.9,52254.4,130
1784766840,52254.9,52263.4,52252.9,52262.9,126
1784766900,52263.9,52266.9,52260.9,52260.9,140
1784766960,52259.9,52264.4,52258.4,52264.4,90
1784767020,52263.9,52266.9,52259.9,52262.9,108
1784767080,52263.4,52273.4,52258.4,52269.9,122
1784767140,52269.4,52269.4,52263.4,52267.4,84
1784767200,52267.9,52272.9,52265.9,52267.9,86
1784767260,52268.4,52270.4,52266.9,52269.9,110
1784767320,52270.4,52281.4,52268.4,52268.4,130
1784767380,52269.4,52278.9,52268.4,52274.9,92
1784767440,52274.4,52283.4,52274.4,52279.9,92
1784767500,52279.4,52287.9,52277.4,52287.9,100
1784767560,52288.4,52288.4,52280.4,52280.4,86
1784767620,52280.9,52282.4,52278.4,52281.4,50
1784767680,52280.9,52282.9,52277.4,52279.4,58
1784767740,52279.9,52283.4,52273.9,52274.9,92
1784767800,52275.4,52276.9,52271.9,52273.4,64
1784767860,52273.9,52291.4,52273.9,52288.9,118
1784767920,52287.9,52288.4,52279.9,52282.4,72
1784767980,52281.9,52282.9,52274.4,52279.4,88
1784768040,52278.9,52289.9,52278.9,52286.9,80
1784768100,52287.4,52287.4,52278.9,52282.4,92
1784768160,52281.9,52283.9,52279.4,52281.4,90
1784768220,52281.9,52286.9,52281.4,52286.4,68
1784768280,52287.4,52293.4,52287.4,52289.9,78
1784768340,52289.4,52290.4,52284.4,52285.4,64
1784768400,52284.9,52289.9,52280.9,52286.4,152
1784768460,52285.9,52300.4,52284.9,52295.9,132
1784768520,52296.9,52303.9,52293.4,52302.9,126
1784768580,52302.4,52305.4,52301.4,52304.4,108
1784768640,52303.4,52307.4,52300.4,52301.9,84
1784768700,52301.4,52303.9,52297.4,52300.4,110
1784768760,52300.9,52301.9,52285.9,52288.9,88
1784768820,52288.4,52292.4,52287.4,52292.4,120
1784768880,52293.4,52293.4,52286.4,52287.4,90
1784768940,52286.4,52290.9,52284.9,52285.4,100
1784769000,52285.9,52291.4,52283.4,52286.9,98
1784769060,52286.4,52287.9,52282.9,52286.9,56
1784769120,52285.9,52286.9,52282.4,52285.9,50
1784769180,52285.4,52286.9,52282.4,52282.9,70
1784769240,52282.4,52284.4,52278.9,52280.4,72
1784769300,52278.4,52281.4,52274.4,52274.9,76
1784769360,52275.4,52277.9,52272.4,52273.4,84
1784769420,52273.9,52276.4,52270.4,52273.4,90
1784769480,52273.9,52277.9,52273.9,52276.4,90
1784769540,52275.9,52276.4,52271.9,52272.9,78
1784769600,52273.4,52280.9,52272.4,52280.9,90
1784769660,52281.4,52287.4,52281.4,52283.4,114
1784769720,52282.9,52284.9,52280.9,52282.4,76
1784769780,52281.9,52286.9,52277.9,52279.9,92
1784769840,52278.9,52280.9,52272.4,52272.4,62
1784769900,52270.9,52272.4,52269.9,52271.9,38
1784769960,52273.4,52285.9,52273.4,52284.9,94
1784770020,52284.4,52285.4,52278.4,52283.4,56
1784770080,52281.9,52281.9,52275.9,52276.4,48
1784770140,52274.9,52274.9,52271.9,52271.9,36
1784770200,52272.4,52276.4,52257.4,52257.9,128
1784770260,52256.4,52264.4,52256.4,52263.4,124
1784770320,52263.9,52274.9,52263.4,52274.9,128
1784770380,52275.9,52282.4,52274.4,52281.9,124
1784770440,52281.4,52286.9,52276.9,52284.9,128
1784770500,52285.4,52286.4,52281.4,52283.9,106
1784770560,52284.4,52284.4,52279.4,52280.4,100
1784770620,52279.9,52283.9,52271.4,52271.9,96
1784770680,52272.9,52278.4,52272.9,52277.4,68
1784770740,52277.9,52280.9,52266.4,52266.4,114
1784770800,52267.4,52278.4,52264.9,52277.4,110
1784770860,52276.4,52277.4,52271.4,52271.9,96
1784770920,52272.4,52280.4,52271.9,52277.9,106
1784770980,52276.9,52280.4,52274.4,52280.4,94
1784771040,52279.4,52280.4,52270.4,52270.4,62
1784771100,52269.4,52277.4,52267.9,52277.4,98
1784771160,52275.9,52276.9,52270.4,52271.4,70
1784771220,52270.9,52272.4,52267.9,52268.9,80
1784771280,52269.4,52274.9,52266.4,52273.4,72
1784771340,52274.4,52277.4,52273.4,52277.4,70
1784771400,52275.9,52281.9,52274.4,52281.9,104
1784771460,52281.4,52285.9,52279.9,52282.9,84
1784771520,52282.4,52285.4,52279.4,52279.4,92
1784771580,52278.9,52279.9,52273.4,52276.9,106
1784771640,52276.4,52279.9,52275.9,52277.4,94
1784771700,52278.9,52281.9,52277.9,52279.9,82
1784771760,52280.4,52280.4,52276.9,52277.9,72
1784771820,52277.4,52278.9,52272.9,52273.4,76
1784771880,52272.9,52272.9,52266.9,52267.9,106
1784771940,52268.9,52269.4,52265.9,52266.4,80
1784772000,52266.9,52267.9,52260.4,52262.4,84
1784772060,52261.9,52269.4,52261.4,52267.4,94
1784772120,52267.9,52272.4,52264.9,52270.9,98
1784772180,52270.4,52270.4,52263.9,52266.9,104
1784772240,52267.4,52277.4,52266.4,52276.9,76
1784772300,52277.4,52277.4,52270.9,52277.4,66
1784772360,52277.9,52279.9,52270.9,52270.9,96
1784772420,52270.4,52272.4,52267.4,52269.4,78
1784772480,52268.9,52269.4,52265.4,52267.9,92
1784772540,52267.4,52269.4,52265.9,52265.9,72
1784772600,52265.4,52266.4,52261.4,52264.4,62
1784772660,52264.9,52266.9,52263.9,52264.9,80
1784772720,52264.4,52264.4,52255.4,52256.4,78
1784772780,52256.9,52258.4,52255.9,52258.4,80
1784772840,52257.9,52260.4,52253.4,52254.4,90
1784772900,52253.9,52260.4,52251.4,52256.9,106
1784772960,52257.4,52258.9,52253.9,52254.4,96
1784773020,52254.9,52255.4,52248.4,52248.4,70
1784773080,52247.4,52247.4,52239.4,52241.9,74
1784773140,52242.9,52243.4,52239.4,52240.4,80
1784773200,52241.4,52241.4,52235.9,52237.4,106
1784773260,52238.4,52240.9,52235.9,52236.9,94
1784773320,52236.4,52241.4,52234.4,52235.9,110
1784773380,52235.4,52237.9,52232.4,52234.4,102
1784773440,52234.9,52236.9,52230.9,52231.4,92
1784773500,52230.9,52230.9,52224.4,52227.4,97
1784773560,52227.9,52235.4,52227.4,52234.4,62
1784773620,52233.4,52233.4,52224.4,52225.4,76
1784773680,52225.9,52227.4,52224.9,52225.4,84
1784773740,52225.9,52228.9,52224.4,52228.4,80
1784773800,52227.9,52233.4,52225.9,52231.9,124
1784773860,52232.4,52237.4,52231.4,52234.9,110
1784773920,52234.4,52245.4,52234.4,52242.9,100
1784773980,52242.4,52250.4,52241.4,52248.9,96
1784774040,52248.4,52250.9,52246.4,52250.4,94
1784774100,52249.9,52251.9,52242.9,52243.4,90
1784774160,52242.9,52243.4,52240.9,52242.4,64
1784774220,52243.4,52243.9,52233.4,52234.4,70
1784774280,52233.4,52234.4,52222.9,52227.4,100
1784774340,52228.9,52231.4,52226.9,52229.9,84
1784774400,52230.9,52233.4,52230.4,52233.4,80
1784774460,52232.4,52239.4,52228.4,52238.4,88
1784774520,52239.9,52241.9,52236.4,52236.4,102
1784774580,52235.9,52240.9,52232.4,52240.4,68
1784774640,52240.9,52245.9,52238.4,52244.4,76
1784774700,52243.9,52246.9,52243.9,52245.4,84
1784774760,52245.9,52245.9,52240.9,52240.9,54
1784774820,52241.4,52241.9,52237.9,52237.9,46
1784774880,52238.9,52243.4,52237.9,52243.4,86
1784774940,52242.9,52243.9,52236.9,52236.9,84
1784775000,52235.9,52240.9,52231.9,52232.4,74
1784775060,52232.9,52243.4,52231.9,52243.4,64
1784775120,52242.9,52247.9,52241.9,52247.9,50
1784775180,52248.4,52250.9,52246.9,52249.9,62
1784775240,52248.9,52250.9,52247.9,52249.9,32
1784775300,52248.9,52249.4,52245.9,52245.9,34
1784775360,52244.9,52245.9,52242.9,52244.4,44
1784775420,52244.9,52244.9,52239.9,52243.9,46
1784775480,52244.9,52249.9,52243.9,52246.4,54
1784775540,52246.9,52247.4,52239.9,52242.9,68
1784775600,52243.9,52245.4,52236.9,52239.4,54
1784775660,52238.4,52239.9,52232.4,52235.4,58
1784775720,52236.9,52237.9,52235.9,52237.9,52
1784775780,52237.4,52238.9,52229.4,52231.4,50
1784775840,52231.9,52232.4,52225.9,52225.9,24
1784775900,52224.9,52227.9,52224.4,52226.4,68
1784775960,52225.9,52229.4,52225.4,52227.4,58
1784776020,52225.9,52226.9,52218.4,52221.9,60
1784776080,52221.4,52221.9,52208.9,52209.4,60
1784776140,52209.9,52212.9,52207.4,52212.4,82
1784776200,52212.9,52213.4,52204.9,52206.9,64
1784776260,52206.4,52207.4,52198.9,52204.9,90
1784776320,52204.4,52204.4,52195.4,52197.4,67
1784776380,52195.9,52196.4,52183.4,52191.9,88
1784776440,52190.4,52193.4,52186.9,52186.9,102
1784776500,52186.4,52190.4,52180.4,52180.4,120
1784776560,52181.4,52185.4,52173.4,52176.4,78
1784776620,52177.9,52180.4,52176.4,52178.4,52
1784776680,52178.9,52182.4,52178.9,52179.4,80
1784776740,52178.9,52182.4,52173.4,52181.9,114
1784776800,52182.4,52182.9,52175.9,52180.4,88
1784776860,52180.9,52190.4,52178.9,52178.9,118
1784776920,52178.4,52179.9,52176.4,52179.9,84
1784776980,52180.4,52185.4,52179.4,52180.9,76
1784777040,52180.4,52180.9,52178.4,52180.4,38
1784777100,52181.4,52181.9,52167.9,52171.9,116
1784777160,52172.4,52175.9,52170.4,52172.9,80
1784777220,52172.4,52174.4,52171.9,52171.9,56
1784777280,52171.4,52185.9,52171.4,52184.4,112
1784777340,52184.9,52188.9,52183.9,52185.9,92
1784777400,52187.9,52195.9,52186.9,52193.9,140
1784777460,52193.4,52193.4,52176.9,52176.9,106
1784777520,52176.4,52187.9,52174.9,52180.9,126
1784777580,52181.4,52184.9,52179.9,52181.9,118
1784777640,52180.9,52181.9,52174.9,52179.9,136
1784777700,52180.4,52184.4,52178.9,52183.4,138
1784777760,52184.9,52187.4,52184.4,52185.9,94
1784777820,52184.9,52191.9,52184.9,52185.9,110
1784777880,52186.4,52192.4,52186.4,52189.9,110
1784777940,52190.4,52194.9,52188.9,52193.9,92
1784778000,52194.9,52197.9,52191.9,52193.4,100
1784778060,52194.9,52200.4,52194.4,52199.4,84
1784778120,52198.9,52200.4,52194.4,52195.4,74
1784778180,52196.4,52198.9,52194.4,52198.4,80
1784778240,52197.4,52204.4,52197.4,52204.4,86
1784778300,52202.9,52205.9,52201.9,52204.9,76
1784778360,52204.4,52206.4,52192.4,52192.9,94
1784778420,52193.4,52197.9,52191.4,52196.4,86
1784778480,52195.9,52199.4,52192.9,52199.4,52
1784778540,52199.9,52200.9,52197.4,52200.4,66
1784778600,52200.9,52201.9,52198.4,52200.9,54
1784778660,52200.4,52200.9,52191.9,52193.9,86
1784778720,52194.9,52200.4,52193.9,52199.9,72
1784778780,52200.4,52200.9,52197.4,52198.9,84
1784778840,52198.4,52199.9,52192.9,52192.9,70
1784778900,52193.4,52195.4,52187.4,52188.9,78
1784778960,52189.4,52190.4,52186.9,52187.4,46
1784779020,52188.9,52188.9,52181.9,52181.9,54
1784779080,52181.4,52184.4,52176.9,52184.4,66
1784779140,52185.9,52185.9,52179.4,52182.4,64
1784779200,52181.9,52181.9,52170.4,52172.4,96
1784779260,52171.9,52172.9,52169.9,52170.9,64
1784779320,52171.9,52171.9,52165.4,52170.9,64
1784779380,52171.4,52172.9,52165.4,52165.4,56
1784779440,52165.9,52166.9,52162.4,52166.4,48
1784779500,52166.9,52167.4,52155.4,52157.9,106
1784779560,52157.4,52157.4,52144.4,52146.4,60
1784779620,52145.9,52146.9,52142.9,52145.9,76
1784779680,52146.9,52166.9,52146.9,52166.4,132
1784779740,52166.9,52171.4,52162.4,52162.4,88
1784779800,52161.9,52167.4,52160.4,52162.9,100
1784779860,52163.4,52165.9,52162.4,52163.9,92
1784779920,52164.9,52173.9,52163.9,52173.4,90
1784779980,52173.9,52177.4,52172.9,52176.9,66
1784780040,52177.4,52178.9,52174.9,52177.9,92
1784780100,52179.4,52181.9,52178.4,52178.4,98
1784780160,52178.9,52183.4,52175.9,52175.9,72
1784780220,52175.4,52178.9,52172.4,52173.9,110
1784780280,52174.4,52178.4,52173.9,52176.4,88
1784780340,52177.9,52178.9,52174.9,52175.4,56
1784780400,52175.9,52180.4,52174.9,52178.4,96
1784780460,52177.9,52183.4,52177.4,52183.4,70
1784780520,52183.9,52192.9,52182.9,52191.9,92
1784780580,52192.4,52193.4,52189.9,52191.9,46
1784780640,52191.4,52192.9,52189.4,52190.9,60
1784780700,52190.4,52204.4,52190.4,52204.4,76
1784780760,52203.9,52206.4,52201.4,52201.4,60
1784780820,52202.4,52202.9,52193.9,52195.9,88
1784780880,52195.4,52197.4,52188.4,52190.4,68
1784780940,52190.9,52199.9,52186.4,52196.9,88
1784781000,52197.9,52199.9,52190.9,52195.9,126
1784781060,52196.9,52196.9,52183.9,52185.9,94
1784781120,52184.9,52188.9,52182.4,52188.9,80
1784781180,52187.9,52191.9,52187.4,52188.9,92
1784781240,52189.4,52196.9,52188.4,52195.9,62
1784781300,52195.4,52198.9,52192.4,52192.4,96
1784781360,52193.4,52197.9,52189.4,52196.9,108
1784781420,52197.9,52199.9,52194.9,52194.9,68
1784781480,52194.4,52194.9,52190.4,52192.9,85
1784781540,52192.4,52196.9,52191.9,52196.9,70
1784781600,52197.4,52199.9,52196.4,52196.9,60
1784781660,52197.9,52197.9,52191.9,52193.9,60
1784781720,52192.9,52193.4,52188.9,52193.4,68
1784781780,52192.9,52192.9,52185.4,52185.9,72
1784781840,52186.9,52189.9,52183.9,52183.9,44
1784781900,52183.4,52186.9,52179.9,52185.9,68
1784781960,52186.9,52190.4,52183.9,52187.9,96
1784782020,52186.9,52191.9,52186.9,52191.9,50
1784782080,52190.9,52191.4,52179.9,52180.4,78
1784782140,52178.4,52180.9,52172.9,52172.9,76
1784782200,52173.9,52173.9,52169.9,52170.9,66
1784782260,52171.9,52172.9,52164.9,52165.9,68
1784782320,52166.9,52170.4,52162.4,52162.4,82
1784782380,52162.9,52167.4,52161.4,52167.4,64
1784782440,52166.9,52171.4,52166.4,52167.9,58
1784782500,52166.9,52171.4,52162.9,52162.9,72
1784782560,52163.4,52165.9,52161.4,52164.9,50
1784782620,52165.9,52169.9,52164.9,52169.9,90
1784782680,52169.4,52172.4,52167.9,52170.9,74
1784782740,52169.9,52171.9,52168.4,52169.9,72
1784782800,52170.9,52174.9,52164.9,52165.9,119
1784782860,52165.4,52165.9,52161.9,52162.9,86
1784782920,52161.9,52168.9,52160.4,52163.9,80
1784782980,52162.9,52168.9,52162.9,52162.9,82
1784783040,52161.9,52164.9,52159.9,52164.4,80
1784783100,52165.9,52166.4,52161.9,52162.9,108
1784783160,52162.4,52164.4,52160.9,52163.9,94
1784783220,52162.9,52166.9,52160.9,52164.9,82
1784783280,52163.9,52164.9,52161.9,52162.9,72
1784783340,52163.9,52165.9,52162.4,52164.4,86
1784783400,52165.9,52166.9,52162.9,52166.9,86
1784783460,52165.9,52166.9,52160.4,52160.4,70
1784783520,52160.9,52163.9,52152.9,52163.9,95
1784783580,52162.9,52168.9,52160.9,52166.9,88
1784783640,52167.4,52173.9,52166.9,52173.4,76
1784783700,52173.9,52173.9,52169.9,52171.9,104
1784783760,52171.4,52171.4,52165.9,52168.9,76
1784783820,52166.9,52170.9,52165.4,52169.4,80
1784783880,52168.9,52172.4,52167.9,52168.9,70
1784783940,52168.4,52170.4,52164.9,52169.9,48
1784784000,52170.4,52175.9,52169.9,52171.4,102
1784784060,52171.9,52174.9,52171.9,52173.4,86
1784784120,52172.9,52174.9,52163.9,52163.9,100
1784784180,52164.4,52164.9,52157.9,52157.9,126
1784784240,52156.9,52167.9,52154.4,52167.9,114
1784784300,52167.4,52176.9,52166.9,52173.4,108
1784784360,52173.9,52184.9,52173.9,52184.9,94
1784784420,52185.9,52189.9,52184.9,52184.9,84
1784784480,52184.4,52188.4,52184.4,52184.9,74
1784784540,52185.9,52193.9,52185.9,52193.9,68
1784784600,52194.9,52208.9,52192.9,52208.9,148
1784784660,52207.9,52210.4,52204.4,52204.9,98
1784784720,52204.4,52208.9,52201.9,52203.9,110
1784784780,52203.4,52203.4,52195.4,52196.9,102
1784784840,52197.4,52198.9,52191.9,52192.9,116
1784784900,52193.4,52194.4,52186.9,52189.4,98
1784784960,52189.9,52193.4,52187.4,52187.4,98
1784785020,52188.9,52190.9,52183.4,52184.9,90
1784785080,52185.9,52186.9,52176.4,52176.4,84
1784785140,52175.9,52179.4,52174.4,52176.9,74
1784785200,52174.9,52180.9,52173.4,52180.4,96
1784785260,52179.9,52184.4,52178.9,52180.9,80
1784785320,52179.9,52180.4,52174.4,52174.4,78
1784785380,52175.9,52177.4,52168.4,52168.4,98
1784785440,52166.9,52172.9,52165.9,52171.4,76
1784785500,52172.9,52172.9,52165.4,52166.4,66
1784785560,52167.4,52169.9,52167.4,52168.4,72
1784785620,52167.9,52168.4,52162.9,52166.4,78
1784785680,52165.9,52165.9,52159.4,52163.4,74
1784785740,52161.9,52165.9,52159.4,52159.4,96
1784785800,52159.9,52159.9,52149.9,52156.4,112
1784785860,52155.9,52158.4,52150.9,52151.9,90
1784785920,52152.4,52152.9,52145.4,52146.4,98
1784785980,52144.9,52146.4,52143.9,52145.4,88
1784786040,52146.4,52146.4,52129.9,52129.9,110
1784786100,52130.4,52138.9,52128.4,52137.9,106
1784786160,52138.9,52145.9,52134.9,52144.9,102
1784786220,52144.4,52144.4,52134.4,52141.4,94
1784786280,52140.9,52141.4,52134.4,52136.9,50
1784786340,52135.9,52137.4,52128.4,52130.4,82
1784786400,52131.9,52141.4,52130.4,52141.4,114
1784786460,52140.9,52154.4,52139.9,52150.4,150
1784786520,52148.9,52148.9,52137.9,52140.4,124
1784786580,52139.9,52143.9,52137.9,52143.4,112
1784786640,52143.9,52144.9,52137.9,52141.4,124
1784786700,52141.9,52148.4,52140.9,52144.9,122
1784786760,52143.9,52144.9,52132.9,52133.9,122
1784786820,52134.4,52135.9,52128.9,52134.4,115
1784786880,52132.9,52137.4,52132.4,52135.4,76
1784786940,52134.9,52136.4,52129.9,52131.9,90
1784787000,52132.9,52141.4,52132.9,52140.9,90
1784787060,52140.4,52141.9,52135.9,52139.4,96
1784787120,52141.4,52146.4,52133.9,52145.9,98
1784787180,52146.9,52151.9,52143.9,52149.9,88
1784787240,52150.9,52151.9,52147.4,52149.4,70
1784787300,52148.4,52151.9,52146.9,52146.9,98
1784787360,52146.4,52148.9,52142.4,52146.9,77
1784787420,52145.9,52157.9,52145.9,52151.9,88
1784787480,52152.4,52155.4,52149.9,52150.4,84
1784787540,52149.4,52159.4,52146.9,52159.4,104
1784787600,52160.9,52163.4,52156.9,52158.9,104
1784787660,52157.9,52159.4,52153.9,52156.9,74
1784787720,52157.9,52158.4,52142.4,52143.9,98
1784787780,52142.9,52143.9,52136.9,52141.4,78
1784787840,52141.9,52147.4,52141.9,52145.4,70
1784787900,52143.9,52153.9,52143.9,52151.9,102
1784787960,52150.9,52152.4,52146.9,52147.9,94
1784788020,52146.9,52146.9,52141.9,52146.9,82
1784788080,52146.4,52148.9,52144.9,52146.9,52
1784788140,52146.4,52152.4,52144.9,52150.4,102
1784788200,52151.9,52152.9,52142.4,52142.4,124
1784788260,52143.4,52144.4,52136.9,52136.9,72
1784788320,52135.4,52136.9,52133.4,52135.9,94
1784788380,52136.4,52136.9,52129.4,52129.4,86
1784788440,52127.9,52127.9,52117.4,52124.9,114
1784788500,52125.9,52126.9,52121.4,52126.9,84
1784788560,52127.9,52127.9,52121.9,52122.9,82
1784788620,52121.9,52122.9,52115.9,52117.9,68
1784788680,52117.4,52121.9,52114.9,52117.9,70
1784788740,52116.9,52117.4,52113.4,52114.9,82
1784788800,52114.4,52115.9,52110.4,52110.4,96
1784788860,52108.9,52108.9,52104.4,52106.9,72
1784788920,52106.4,52110.9,52106.4,52108.9,66
1784788980,52108.4,52113.9,52106.9,52112.9,54
1784789040,52111.9,52112.9,52102.9,52102.9,92
1784789100,52101.9,52114.9,52101.9,52113.4,84
1784789160,52113.9,52130.9,52113.9,52129.4,112
1784789220,52128.9,52129.4,52118.4,52120.9,70
1784789280,52119.4,52121.9,52118.9,52121.9,46
1784789340,52121.4,52121.9,52116.9,52116.9,64
1784789400,52116.4,52118.9,52111.4,52117.4,74
1784789460,52117.9,52118.9,52106.4,52106.4,54
1784789520,52106.9,52107.4,52097.4,52101.4,86
1784789580,52102.4,52104.9,52101.9,52104.9,76
1784789640,52103.9,52107.9,52099.9,52106.4,98
1784789700,52105.9,52105.9,52098.9,52101.9,86
1784789760,52101.4,52103.9,52100.4,52102.9,64
1784789820,52103.4,52103.4,52099.9,52099.9,82
1784789880,52100.4,52101.9,52091.9,52094.4,96
1784789940,52093.9,52096.4,52090.9,52093.4,90
1784790000,52093.9,52098.4,52058.9,52059.4,202
1784790060,52060.9,52060.9,52038.9,52046.9,168
1784790120,52049.9,52066.4,52044.4,52064.4,150
1784790180,52066.4,52073.4,52063.9,52064.4,152
1784790240,52063.9,52064.9,52044.9,52055.4,176
1784790300,52055.9,52072.4,52050.9,52064.4,174
1784790360,52064.9,52065.9,52051.4,52057.4,146
1784790420,52056.4,52056.9,52041.4,52045.4,134
1784790480,52045.9,52050.9,52034.9,52035.4,158
1784790540,52033.9,52035.4,52024.9,52028.4,158
1784790600,52029.9,52029.9,51977.4,51977.4,174
1784790660,51974.9,51974.9,51950.4,51950.4,198
1784790720,51949.9,51958.4,51924.9,51933.9,195
1784790780,51932.9,51949.4,51928.9,51944.9,193
1784790840,51944.4,51984.9,51941.9,51980.9,174
1784790900,51979.4,51998.9,51979.4,51997.4,182
1784790960,51996.9,52005.9,51990.4,52005.4,164
1784791020,52004.9,52008.4,51991.4,52007.9,132
1784791080,52008.4,52010.4,51991.4,52003.4,172
1784791140,52003.9,52006.4,51987.9,52000.4,164
1784791200,52000.9,52016.4,52000.9,52013.9,150
1784791260,52013.4,52014.4,52002.9,52007.9,166
1784791320,52008.9,52009.9,51997.9,51998.9,148
1784791380,51997.9,52015.9,51997.9,52011.9,136
1784791440,52012.9,52012.9,51991.4,51991.9,152
1784791500,51993.9,52028.4,51992.9,52021.9,152
1784791560,52022.9,52039.9,52021.9,52033.9,154
1784791620,52032.9,52033.9,52020.9,52023.9,154
1784791680,52024.9,52024.9,52010.9,52012.9,140
1784791740,52013.9,52013.9,51997.9,52001.9,176
1784791800,52004.4,52006.4,51985.9,51986.4,164
1784791860,51985.4,51987.9,51972.9,51977.9,168
1784791920,51975.4,51980.9,51958.4,51963.9,152
1784791980,51963.4,51977.4,51963.4,51967.9,150
1784792040,51966.9,51967.4,51944.4,51951.9,138
1784792100,51951.4,51952.9,51946.9,51951.9,166
1784792160,51950.9,51967.4,51945.9,51966.4,124
1784792220,51965.9,51965.9,51954.4,51960.9,140
1784792280,51959.9,51968.4,51956.9,51964.4,154
1784792340,51963.9,51974.9,51960.9,51968.4,150
1784792400,51968.9,51971.4,51956.9,51960.4,146
1784792460,51959.9,51967.4,51958.9,51963.9,132
1784792520,51962.9,51964.9,51946.4,51946.4,152
1784792580,51946.9,51956.9,51937.4,51955.9,168
1784792640,51956.4,51959.9,51946.9,51953.9,129
1784792700,51952.9,51952.9,51937.9,51948.4,166
1784792760,51946.9,51951.4,51931.9,51949.9,176
1784792820,51948.9,51948.9,51936.9,51943.9,168
1784792880,51942.9,51946.9,51936.4,51946.9,168
1784792940,51943.9,51950.9,51936.9,51948.9,170
1784793000,51945.9,51954.9,51936.9,51954.9,146
1784793060,51953.9,51955.9,51942.9,51942.9,132
1784793120,51940.9,51955.9,51938.4,51949.9,156
1784793180,51948.9,51957.9,51943.9,51946.9,154
1784793240,51945.9,51974.4,51945.9,51968.9,186
1784793300,51969.9,51993.4,51969.9,51987.9,169
1784793360,51986.9,51990.4,51981.9,51989.9,170
1784793420,51990.4,51995.4,51987.9,51994.4,158
1784793480,51993.9,51994.9,51984.9,51985.9,166
1784793540,51987.9,51996.4,51987.4,51995.9,144
1784793600,51993.9,52001.4,51981.4,51988.9,180
1784793660,51986.9,51987.9,51966.9,51969.9,198
1784793720,51967.4,51980.4,51963.9,51974.4,152
1784793780,51974.9,51989.9,51972.4,51982.9,144
1784793840,51984.4,51989.9,51976.4,51981.9,160
1784793900,51980.9,51992.9,51980.9,51986.9,138
1784793960,51985.9,52011.4,51985.9,52007.9,144
1784794020,52007.4,52025.4,52004.9,52024.9,160
1784794080,52023.9,52039.4,52023.9,52035.4,139
1784794140,52034.9,52057.9,52034.9,52057.9,138
1784794200,52056.9,52059.4,52049.9,52050.4,134
1784794260,52050.9,52052.9,52039.4,52049.9,146
1784794320,52048.9,52057.9,52045.9,52052.4,144
1784794380,52052.9,52054.4,52037.9,52037.9,120
1784794440,52036.9,52038.9,52033.9,52036.4,128
1784794500,52035.9,52041.9,52033.9,52034.4,138
1784794560,52032.9,52043.9,52022.9,52043.9,144
1784794620,52043.4,52064.9,52043.4,52053.9,134
1784794680,52054.9,52062.4,52049.9,52062.4,118
1784794740,52062.9,52062.9,52046.9,52053.9,142
1784794800,52054.9,52062.9,52053.9,52060.4,130
1784794860,52060.9,52061.9,52047.9,52047.9,112
1784794920,52046.9,52050.9,52040.9,52041.4,146
1784794980,52040.9,52042.9,52029.9,52033.9,120
1784795040,52032.9,52038.9,52028.4,52038.9,150
1784795100,52037.9,52046.9,52036.9,52041.9,118
1784795160,52042.4,52052.9,52036.9,52052.9,114
1784795220,52051.9,52056.4,52050.9,52054.9,116
1784795280,52054.4,52061.9,52047.9,52050.4,120
1784795340,52050.9,52058.4,52047.4,52058.4,142
1784795400,52053.9,52055.9,52046.9,52052.9,114
1784795460,52051.9,52054.4,52044.9,52046.9,142
1784795520,52045.9,52047.4,52028.9,52031.4,120
1784795580,52030.4,52050.4,52028.4,52047.9,138
1784795640,52046.9,52047.9,52037.9,52041.9,128
1784795700,52042.9,52044.9,52031.9,52032.9,120
1784795760,52033.4,52035.9,52030.9,52034.9,110
1784795820,52032.9,52038.9,52031.9,52036.9,102
1784795880,52035.9,52039.9,52032.4,52033.9,116
1784795940,52033.4,52035.4,52026.9,52031.9,108
1784796000,52032.9,52033.9,52019.9,52019.9,108
1784796060,52020.9,52027.4,52020.4,52021.9,108
1784796120,52020.9,52036.9,52017.9,52036.9,98
1784796180,52037.4,52040.9,52016.9,52016.9,114
1784796240,52017.4,52022.9,52012.9,52015.4,92
1784796300,52013.9,52018.9,52012.9,52018.9,98
1784796360,52017.9,52022.4,52014.9,52021.4,116
1784796420,52020.9,52023.9,52013.4,52019.4,142
1784796480,52018.4,52023.9,52018.4,52020.9,112
1784796540,52021.9,52025.9,52018.9,52021.9,140
1784796600,52022.4,52032.4,52018.4,52023.9,128
1784796660,52024.9,52035.9,52020.9,52035.9,118
1784796720,52036.4,52039.4,52029.4,52033.4,146
1784796780,52034.9,52056.9,52034.9,52053.9,116
1784796840,52054.4,52059.9,52053.4,52058.4,106
1784796900,52056.4,52059.9,52050.4,52057.4,98
1784796960,52056.4,52067.9,52053.4,52066.4,130
1784797020,52065.4,52068.9,52060.9,52061.4,100
1784797080,52061.9,52072.4,52061.4,52072.4,130
1784797140,52071.9,52087.9,52071.9,52085.9,124
1784797200,52086.4,52086.4,52068.9,52074.9,152
1784797260,52075.9,52083.4,52069.9,52076.9,136
1784797320,52077.4,52089.9,52074.4,52084.4,142
1784797380,52084.9,52123.9,52084.9,52099.9,192
1784797440,52098.9,52114.9,52090.4,52109.9,178
1784797500,52110.9,52110.9,52093.9,52093.9,134
1784797560,52096.4,52102.4,52092.4,52093.9,160
1784797620,52094.4,52094.4,52070.9,52073.4,150
1784797680,52075.9,52075.9,52065.9,52067.4,134
1784797740,52066.4,52069.9,52059.9,52059.9,110
1784797800,52059.4,52070.9,52056.4,52070.4,132
1784797860,52069.9,52075.4,52068.4,52075.4,118
1784797920,52074.9,52078.4,52065.9,52067.4,132
1784797980,52066.9,52067.9,52055.4,52060.9,110
1784798040,52061.4,52061.9,52046.9,52046.9,144
1784798100,52047.4,52054.4,52043.9,52054.4,134
1784798160,52053.9,52057.9,52049.4,52057.9,112
1784798220,52057.4,52060.4,52052.9,52053.9,102
1784798280,52054.9,52055.9,52045.4,52045.9,84
1784798340,52046.9,52046.9,52036.4,52037.9,122
1784798400,52037.4,52039.9,52029.9,52031.4,124
1784798460,52032.4,52036.9,52024.4,52025.4,118
1784798520,52026.4,52027.4,52023.4,52024.9,100
1784798580,52025.9,52029.9,52021.4,52027.9,124
1784798640,52026.9,52034.9,52021.9,52023.9,134
1784798700,52024.9,52029.9,52023.4,52026.4,92
1784798760,52027.9,52027.9,52019.9,52023.9,118
1784798820,52024.9,52030.9,52024.4,52024.4,86
1784798880,52024.9,52028.4,52016.9,52018.9,100
1784798940,52018.4,52018.4,52007.4,52014.4,118
1784799000,52014.9,52014.9,52007.4,52012.4,144
1784799060,52012.9,52022.9,52011.9,52016.4,102
1784799120,52017.9,52018.4,52011.4,52011.4,100
1784799180,52010.9,52020.9,52008.4,52019.4,108
1784799240,52019.9,52020.4,52005.4,52013.9,104
1784799300,52012.9,52012.9,52007.9,52011.4,118
1784799360,52009.9,52017.9,52008.9,52012.9,94
1784799420,52011.9,52018.4,52011.9,52013.4,104
1784799480,52012.9,52021.9,52011.4,52021.9,90
1784799540,52021.4,52026.4,52016.4,52024.9,123
1784799600,52024.4,52029.9,52021.4,52027.9,124
1784799660,52026.9,52029.9,52023.4,52027.9,112
1784799720,52026.9,52030.4,52021.9,52022.9,104
1784799780,52023.9,52037.4,52023.9,52036.9,104
1784799840,52037.4,52041.4,52033.9,52036.4,102
1784799900,52036.9,52048.4,52033.4,52047.9,96
1784799960,52046.9,52047.9,52036.4,52036.9,100
1784800020,52037.9,52042.9,52036.9,52040.9,78
1784800080,52039.9,52041.9,52036.9,52038.4,100
1784800140,52038.9,52043.9,52036.9,52037.9,90
1784800200,52035.9,52036.9,52025.9,52026.4,86
1784800260,52025.9,52027.9,52015.9,52017.4,122
1784800320,52017.9,52028.4,52017.4,52026.9,94
1784800380,52027.9,52043.4,52025.9,52034.9,106
1784800440,52035.9,52037.4,52032.9,52036.9,94
1784800500,52037.4,52037.4,52030.9,52035.4,96
1784800560,52034.9,52034.9,52024.4,52027.9,116
1784800620,52026.9,52026.9,52018.4,52019.9,104
1784800680,52018.9,52021.9,52011.4,52013.4,112
1784800740,52012.9,52018.9,52006.9,52018.9,130
1784800800,52018.4,52035.4,52017.9,52017.9,141
1784800860,52016.9,52033.4,52013.9,52029.9,118
1784800920,52031.9,52036.9,52028.9,52034.9,116
1784800980,52033.9,52037.4,52031.9,52035.9,126
1784801040,52035.4,52046.9,52030.4,52031.4,110
1784801100,52030.9,52038.4,52029.9,52031.9,100
1784801160,52029.9,52033.4,52019.4,52019.4,118
1784801220,52019.9,52034.4,52018.9,52033.4,112
1784801280,52034.4,52035.4,52012.9,52017.4,126
1784801340,52016.9,52016.9,52008.4,52011.4,92
1784801400,52011.9,52012.4,51995.9,52000.9,88
1784801460,52001.4,52002.9,51994.9,51996.9,84
1784801520,51997.4,52008.4,51995.9,52005.9,74
1784801580,52006.9,52007.9,51999.9,52000.9,88
1784801640,52001.9,52005.9,51996.9,52001.9,88
1784801700,52000.9,52011.4,51999.9,52009.4,114
1784801760,52008.9,52017.9,51999.4,52011.9,118
1784801820,52012.9,52013.9,52006.4,52007.9,102
1784801880,52007.4,52017.9,52005.9,52014.4,84
1784801940,52012.9,52017.9,52007.9,52011.9,115
1784802000,52010.9,52016.9,52008.9,52009.9,102
1784802060,52009.4,52024.9,52004.9,52023.4,108
1784802120,52022.4,52028.9,52020.9,52027.4,112
1784802180,52026.9,52030.4,52018.4,52023.9,128
1784802240,52022.9,52026.9,52017.9,52026.9,92
1784802300,52027.4,52033.4,52022.9,52031.9,102
1784802360,52030.4,52034.9,52025.9,52033.9,104
1784802420,52034.9,52036.4,52030.9,52033.4,92
1784802480,52032.9,52037.4,52031.9,52032.9,78
1784802540,52031.4,52036.9,52024.9,52025.4,100
1784802600,52024.9,52061.9,52020.4,52053.4,168
1784802660,52054.9,52062.4,52051.9,52059.9,176
1784802720,52058.9,52074.9,52057.4,52071.9,150
1784802780,52070.9,52076.9,52066.9,52067.9,136
1784802840,52066.9,52068.9,52060.4,52065.9,132
1784802900,52064.9,52078.9,52063.4,52076.9,148
1784802960,52076.4,52091.4,52075.4,52085.9,150
1784803020,52085.4,52090.9,52081.4,52088.4,108
1784803080,52086.9,52089.9,52083.4,52084.9,120
1784803140,52085.4,52085.4,52077.9,52082.9,102
1784803200,52082.4,52089.4,52079.9,52088.9,121
1784803260,52089.4,52100.9,52089.4,52095.4,114
1784803320,52094.9,52098.4,52091.9,52094.4,120
1784803380,52093.4,52096.9,52083.4,52085.9,132
1784803440,52084.9,52086.9,52081.4,52086.4,124
1784803500,52085.4,52095.4,52085.4,52089.4,126
1784803560,52091.4,52095.9,52089.4,52093.9,106
1784803620,52093.4,52098.9,52092.9,52095.4,98
1784803680,52095.9,52105.4,52095.9,52095.9,108
1784803740,52095.4,52104.4,52092.9,52102.9,90
1784803800,52102.4,52104.4,52100.4,52101.9,86
1784803860,52100.4,52102.4,52097.9,52098.9,102
1784803920,52099.9,52111.4,52099.9,52111.4,98
1784803980,52110.9,52111.4,52106.9,52109.4,90
1784804040,52108.9,52112.9,52104.9,52104.9,104
1784804100,52103.9,52107.4,52099.9,52099.9,134
1784804160,52100.4,52105.4,52091.4,52091.9,126
1784804220,52092.4,52098.9,52090.9,52092.4,102
1784804280,52091.9,52098.9,52089.9,52093.9,72
1784804340,52093.4,52096.4,52088.9,52089.4,106
1784804400,52089.9,52105.9,52089.4,52091.9,168
1784804460,52092.9,52092.9,52078.9,52078.9,132
1784804520,52077.9,52077.9,52061.9,52069.9,156
1784804580,52070.4,52074.4,52064.9,52067.9,114
1784804640,52063.9,52078.9,52056.4,52073.4,122
1784804700,52072.9,52072.9,52053.9,52054.9,118
1784804760,52053.9,52059.4,52049.9,52059.4,110
1784804820,52057.9,52063.4,52056.9,52056.9,94
1784804880,52058.9,52059.9,52050.9,52051.4,102
1784804940,52050.4,52052.9,52037.4,52038.4,116
1784805000,52035.9,52038.4,52032.9,52036.4,93
1784805060,52035.9,52047.9,52033.9,52043.9,88
1784805120,52042.9,52049.9,52042.9,52042.9,120
1784805180,52042.4,52050.9,52036.4,52047.9,114
1784805240,52048.9,52054.9,52042.9,52053.4,99
1784805300,52053.9,52064.9,52053.9,52057.9,98
1784805360,52058.4,52059.4,52049.9,52051.9,108
1784805420,52052.4,52055.9,52040.9,52041.4,96
1784805480,52042.4,52044.4,52034.9,52042.9,96
1784805540,52043.4,52046.4,52036.9,52039.4,98
1784805600,52037.4,52038.4,52015.4,52018.9,120
1784805660,52018.4,52018.4,52007.9,52010.4,119
1784805720,52009.9,52011.4,51994.4,51994.4,115
1784805780,51995.4,52000.4,51989.9,51990.4,122
1784805840,51991.4,52002.9,51989.9,51995.9,124
1784805900,51996.4,52001.4,51995.9,51998.4,108
1784805960,51997.9,52008.9,51994.9,52002.4,102
1784806020,52002.9,52005.4,51998.9,52000.9,92
1784806080,52001.9,52004.4,51994.4,51997.9,116
1784806140,51998.9,51998.9,51982.9,51993.9,124
1784806200,51988.4,51999.9,51984.4,51992.4,138
1784806260,51992.9,52002.4,51990.9,51996.9,106
1784806320,51998.4,52005.4,51985.4,51986.4,124
1784806380,51985.4,51988.4,51956.4,51964.9,138
1784806440,51963.9,51975.9,51959.4,51975.9,151
1784806500,51975.4,51975.4,51909.9,51912.9,196
1784806560,51914.9,51925.9,51914.9,51916.4,177
1784806620,51914.4,51916.9,51903.4,51915.9,167
1784806680,51914.4,51919.9,51902.9,51903.4,181
1784806740,51903.9,51916.9,51894.9,51909.9,179
1784806800,51912.4,51913.9,51899.4,51910.9,184
1784806860,51909.9,51909.9,51888.4,51901.9,174
1784806920,51902.9,51928.4,51902.4,51922.9,144
1784806980,51922.4,51924.9,51908.4,51908.9,164
1784807040,51904.9,51910.9,51898.9,51907.9,162
1784807100,51905.9,51924.4,51905.9,51916.4,168
1784807160,51915.9,51916.9,51899.4,51899.9,142
1784807220,51901.9,51904.9,51890.4,51903.9,132
1784807280,51906.9,51915.9,51904.9,51912.4,140
1784807340,51912.9,51917.9,51909.9,51914.9,134
1784807400,51915.9,51944.9,51915.9,51937.4,151
1784807460,51936.9,51942.4,51926.9,51929.4,138
1784807520,51931.9,51967.4,51924.4,51940.4,136
1784807580,51941.4,51952.9,51938.4,51940.9,172
1784807640,51942.4,51955.9,51938.9,51949.4,164
1784807700,51947.4,51954.4,51945.4,51947.4,138
1784807760,51945.9,51948.4,51935.9,51941.9,140
1784807820,51941.4,51947.9,51932.4,51939.9,146
1784807880,51940.4,51948.4,51940.4,51943.9,136
1784807940,51944.4,51952.9,51941.9,51941.9,126
1784808000,51942.9,51944.4,51919.4,51919.9,158
1784808060,51919.4,51919.4,51905.9,51914.9,144
1784808120,51913.9,51924.9,51913.4,51916.4,148
1784808180,51917.9,51922.9,51914.9,51915.9,134
1784808240,51917.9,51929.9,51913.9,51916.9,166
1784808300,51916.4,51922.9,51898.9,51899.9,152
1784808360,51898.4,51904.9,51893.9,51896.9,120
1784808420,51895.9,51905.4,51891.9,51905.4,110
1784808480,51905.9,51905.9,51875.9,51884.4,128
1784808540,51883.9,51887.4,51880.4,51880.4,116
1784808600,51879.9,51884.9,51872.9,51884.4,136
1784808660,51885.4,51890.4,51870.9,51877.9,130
1784808720,51877.4,51889.9,51862.9,51864.4,79
1784808780,51863.9,51877.4,51863.9,51874.4,61
1784808840,51874.9,51874.9,51861.9,51861.9,41
1784808900,51863.4,51892.4,51860.9,51881.9,116
1784808960,51881.4,51887.4,51818.9,51848.9,153
1784809020,51850.4,51869.4,51847.4,51864.4,212
1784809080,51861.4,51862.4,51847.4,51850.9,164
1784809140,51849.4,51862.9,51834.9,51835.4,160
1784809200,51834.4,51834.4,51812.4,51814.9,168
1784809260,51815.4,51831.4,51806.4,51823.4,190
1784809320,51822.9,51824.9,51810.4,51813.4,188
1784809380,51812.9,51818.4,51789.9,51793.9,172
1784809440,51792.9,51792.9,51774.4,51780.9,182
1784809500,51781.9,51784.4,51769.9,51781.9,182
1784809560,51781.4,51788.4,51771.9,51773.9,162
1784809620,51774.9,51796.4,51774.9,51789.4,160
1784809680,51790.9,51790.9,51769.9,51776.4,144
1784809740,51776.9,51787.4,51772.9,51775.9,156
1784809800,51775.9,51788.4,51756.9,51783.9,101
1784809860,51783.9,51784.9,51764.4,51765.4,177
1784809920,51765.9,51784.9,51761.9,51776.4,188
1784809980,51775.4,51785.9,51765.4,51772.4,182
1784810040,51772.9,51786.4,51764.9,51783.4,166
1784810100,51781.9,51783.4,51772.9,51783.4,166
1784810160,51783.9,51784.4,51740.4,51741.9,176
1784810220,51740.4,51744.9,51729.9,51737.4,196
1784810280,51738.9,51763.9,51738.9,51756.9,158
1784810340,51755.9,51763.9,51751.4,51759.9,164
1784810400,51755.4,51762.9,51737.9,51755.9,170
1784810460,51756.4,51756.9,51743.9,51754.9,180
1784810520,51754.4,51754.9,51703.9,51706.9,212
1784810580,51704.9,51708.9,51693.4,51706.9,198
1784810640,51708.4,51735.9,51708.4,51728.4,190
1784810700,51729.4,51736.9,51718.4,51734.4,192
1784810760,51732.4,51747.4,51724.4,51747.4,188
1784810820,51744.4,51746.9,51711.4,51711.4,188
1784810880,51710.9,51719.4,51691.9,51695.9,206
1784810940,51694.9,51721.9,51691.9,51719.9,174
1784811000,51720.9,51727.9,51706.4,51711.4,192
1784811060,51711.9,51720.9,51708.4,51715.4,164
1784811120,51714.4,51719.4,51693.4,51703.4,174
1784811180,51703.9,51721.4,51703.9,51713.4,180
1784811240,51712.4,51713.4,51688.9,51694.9,158
1784811300,51694.4,51699.4,51683.9,51684.9,174
1784811360,51683.9,51701.4,51683.9,51701.4,152
1784811420,51697.9,51704.4,51694.4,51704.4,158
1784811480,51702.9,51707.4,51667.4,51673.9,169
1784811540,51675.4,51686.4,51672.4,51686.4,170
1784811600,51685.9,51691.4,51665.9,51671.4,178
1784811660,51670.9,51671.4,51654.9,51668.4,188
1784811720,51670.4,51670.4,51649.9,51652.4,208
1784811780,51654.4,51662.4,51650.4,51660.9,196
1784811840,51660.4,51674.9,51637.4,51646.4,178
1784811900,51647.4,51648.9,51623.9,51626.9,200
1784811960,51625.9,51635.4,51616.9,51621.4,210
1784812020,51622.9,51642.4,51613.4,51642.4,198
1784812080,51641.4,51658.9,51636.9,51636.9,210
1784812140,51637.4,51640.4,51622.4,51623.4,180
1784812200,51624.4,51627.9,51611.9,51618.4,200
1784812260,51618.9,51624.4,51597.9,51600.9,200
1784812320,51599.4,51622.4,51589.9,51616.4,180
1784812380,51614.4,51621.4,51596.9,51597.9,168
1784812440,51596.9,51609.4,51592.9,51608.9,186
1784812500,51608.4,51611.9,51595.4,51597.9,144
1784812560,51599.9,51609.4,51589.9,51595.9,181
1784812620,51595.4,51617.4,51588.9,51617.4,212
1784812680,51617.9,51619.9,51606.9,51619.9,192
1784812740,51620.4,51620.9,51606.9,51615.4,196
1784812800,51614.9,51615.4,51596.4,51600.9,166
1784812860,51590.9,51612.4,51589.4,51601.9,160
1784812920,51606.9,51612.9,51596.9,51606.4,143
1784812980,51605.9,51613.9,51583.4,51613.9,142
1784813040,51614.4,51614.4,51571.9,51571.9,164
1784813100,51571.4,51586.9,51571.4,51581.9,162
1784813160,51580.9,51592.9,51571.9,51592.9,152
1784813220,51593.9,51594.9,51563.4,51563.4,139
1784813280,51565.9,51572.9,51557.9,51561.9,169
1784813340,51565.4,51565.9,51536.9,51563.4,207
1784813400,51564.1,51637.4,51532.1,51566.4,304
1784813460,51565.9,51621.1,51538.6,51610.1,292
1784813520,51614.1,51688.1,51614.1,51673.1,277
1784813580,51680.6,51798.4,51680.6,51797.1,282
1784813640,51798.1,51838.4,51769.4,51830.1,286
1784813700,51820.6,51864.1,51809.1,51834.6,290
1784813760,51836.6,51836.6,51772.6,51812.1,299
1784813820,51813.6,51852.6,51807.6,51839.6,277
1784813880,51838.6,51866.6,51828.1,51843.1,260
1784813940,51844.1,51852.1,51818.6,51832.6,279
1784814000,51835.6,51849.6,51821.6,51831.6,268
1784814060,51830.1,51841.6,51810.1,51837.6,272
1784814120,51833.6,51856.6,51816.6,51845.1,268
1784814180,51849.1,51875.6,51844.6,51844.6,262
1784814240,51843.6,51845.1,51806.6,51809.6,262
1784814300,51813.6,51818.1,51758.1,51784.6,282
1784814360,51777.6,51797.6,51761.1,51780.1,280
1784814420,51779.6,51780.6,51747.6,51754.6,248
1784814480,51754.1,51768.1,51724.6,51740.6,256
1784814540,51739.6,51744.6,51691.6,51713.6,272
1784814600,51714.6,51722.6,51695.6,51709.6,266
1784814660,51715.1,51723.6,51687.6,51688.6,274
1784814720,51690.6,51698.6,51672.6,51693.1,270
1784814780,51691.6,51699.6,51668.6,51684.1,279
1784814840,51681.6,51726.6,51671.6,51726.6,276
1784814900,51727.6,51755.6,51710.6,51710.6,270
1784814960,51707.6,51708.6,51660.6,51660.6,258
1784815020,51657.6,51667.6,51631.1,51654.6,242
1784815080,51652.6,51661.1,51627.6,51657.1,254
1784815140,51656.1,51680.6,51651.6,51668.6,268
1784815200,51679.1,51726.6,51674.6,51708.6,300
1784815260,51709.6,51716.6,51675.6,51675.6,268
1784815320,51676.6,51709.1,51675.1,51687.6,278
1784815380,51686.6,51703.6,51676.6,51687.6,286
1784815440,51688.1,51721.6,51679.6,51709.6,242
1784815500,51711.1,51711.1,51675.6,51695.1,274
1784815560,51700.6,51723.1,51697.1,51702.6,276
1784815620,51697.1,51718.6,51686.6,51696.6,260
1784815680,51697.1,51710.6,51624.6,51628.6,262
1784815740,51636.6,51654.1,51608.6,51640.6,277
1784815800,51638.6,51663.6,51635.6,51657.1,272
1784815860,51656.6,51699.6,51649.1,51698.6,266
1784815920,51699.1,51730.6,51679.6,51730.6,278
1784815980,51728.6,51750.9,51704.6,51704.6,272
1784816040,51702.6,51725.1,51684.6,51701.1,274
1784816100,51700.1,51714.6,51683.1,51690.6,272
1784816160,51691.1,51737.6,51688.6,51734.6,274
1784816220,51731.6,51741.6,51714.6,51739.6,288
1784816280,51737.6,51744.1,51721.6,51726.1,258
1784816340,51725.6,51727.1,51689.6,51699.6,276
1784816400,51698.6,51701.6,51674.1,51682.1,242
1784816460,51682.6,51719.1,51679.6,51711.6,262
1784816520,51710.6,51718.6,51683.6,51705.6,262
1784816580,51703.1,51710.6,51678.6,51681.1,270
1784816640,51681.6,51686.1,51650.1,51671.6,254
1784816700,51670.6,51685.6,51662.6,51678.1,250
1784816760,51679.1,51680.6,51644.6,51663.6,250
1784816820,51666.6,51668.6,51642.6,51663.6,246
1784816880,51665.1,51681.6,51659.6,51666.6,252
1784816940,51668.6,51709.6,51666.6,51703.1,256
1784817000,51698.1,51711.1,51667.6,51667.6,270
1784817060,51665.6,51696.1,51648.6,51650.6,248
1784817120,51652.1,51663.1,51646.1,51651.6,240
1784817180,51652.1,51660.6,51642.6,51659.6,236
1784817240,51661.6,51662.6,51644.6,51651.6,246
1784817300,51652.1,51657.1,51626.6,51631.1,258
1784817360,51630.1,51639.1,51622.6,51634.1,226
1784817420,51636.1,51701.1,51636.1,51701.1,264
1784817480,51696.1,51700.6,51671.6,51692.6,242
1784817540,51694.6,51734.6,51692.1,51728.6,256
1784817600,51730.1,51760.6,51728.6,51730.1,266
1784817660,51728.6,51732.1,51702.6,51718.6,266
1784817720,51719.6,51732.1,51697.6,51714.6,260
1784817780,51715.6,51725.6,51692.6,51698.1,258
1784817840,51695.6,51711.1,51673.1,51682.6,230
1784817900,51678.1,51689.6,51668.1,51676.6,264
1784817960,51677.1,51710.6,51676.1,51707.6,260
1784818020,51708.6,51743.6,51708.6,51733.1,264
1784818080,51733.6,51739.6,51708.6,51713.6,256
1784818140,51712.6,51719.1,51697.6,51711.6,226
1784818200,51712.1,51727.6,51685.1,51690.1,236
1784818260,51688.6,51689.1,51651.1,51657.6,236
1784818320,51658.1,51679.1,51652.6,51677.6,226
1784818380,51674.6,51690.6,51663.6,51686.1,232
1784818440,51685.6,51694.6,51678.6,51692.6,230
1784818500,51694.6,51705.1,51691.6,51695.6,226
1784818560,51691.6,51710.6,51689.6,51698.1,240
1784818620,51697.6,51709.6,51691.6,51707.1,228
1784818680,51708.6,51711.6,51695.6,51704.6,218
1784818740,51704.1,51725.6,51701.6,51719.1,228
1784818800,51723.1,51734.6,51715.6,51718.6,224
1784818860,51719.6,51722.6,51682.6,51695.6,200
1784818920,51694.1,51695.1,51664.6,51664.6,230
1784818980,51666.6,51686.6,51660.6,51670.1,234
1784819040,51668.6,51669.6,51652.6,51668.6,214
1784819100,51669.6,51669.6,51633.6,51633.6,216
1784819160,51629.6,51634.1,51603.6,51617.6,250
1784819220,51616.6,51654.6,51614.1,51643.1,238
1784819280,51644.6,51653.6,51633.6,51646.6,224
1784819340,51647.1,51662.1,51645.6,51646.1,224
1784819400,51644.6,51651.6,51631.6,51638.1,230
1784819460,51639.6,51640.6,51616.6,51619.6,222
1784819520,51618.1,51622.1,51603.6,51609.1,242
1784819580,51608.6,51628.6,51606.6,51623.6,236
1784819640,51622.6,51629.1,51599.6,51617.6,222
1784819700,51611.6,51643.1,51609.6,51626.6,248
1784819760,51625.6,51631.6,51610.6,51626.6,238
1784819820,51626.1,51646.6,51619.6,51641.6,224
1784819880,51642.6,51644.6,51623.6,51628.1,236
1784819940,51627.6,51632.6,51617.6,51624.6,218
1784820000,51625.6,51640.6,51615.6,51627.6,237
1784820060,51630.6,51637.6,51603.1,51604.6,200
1784820120,51605.6,51627.6,51561.1,51574.6,228
1784820180,51575.1,51596.6,51575.1,51584.6,246
1784820240,51582.6,51611.6,51580.6,51605.1,244
1784820300,51605.6,51607.1,51577.6,51586.3,232
1784820360,51586.8,51587.8,51570.8,51586.8,230
1784820420,51582.8,51597.8,51577.8,51594.8,224
1784820480,51593.3,51603.3,51580.8,51585.3,226
1784820540,51585.8,51594.3,51578.8,51581.8,212
1784820600,51583.8,51586.8,51554.9,51556.6,258
1784820660,51554.6,51572.5,51540.5,51554,230
1784820720,51556.5,51586.5,51555,51586.5,234
1784820780,51587.5,51610.5,51578.5,51596.5,234
1784820840,51598,51616.5,51589.3,51616.5,246
1784820900,51618,51636.5,51613.5,51625.5,222
1784820960,51627.5,51632.5,51611.5,51632.5,233
1784821020,51633.5,51668.5,51626.5,51652.5,246
1784821080,51652,51701,51652,51700.5,234
1784821140,51701.5,51714.5,51684,51708,232
1784821200,51707.5,51724.5,51700.5,51700.5,238
1784821260,51698.5,51735.5,51692,51732.5,222
1784821320,51733,51740,51695.5,51698,206
1784821380,51697,51699.5,51667.5,51668,208
1784821440,51668.5,51681,51664,51668.5,216
1784821500,51667,51678,51645,51668.5,218
1784821560,51668,51675.5,51645.5,51654,210
1784821620,51652,51670.5,51650,51660.5,212
1784821680,51661.5,51671,51651,51656.5,198
1784821740,51656,51671,51648.5,51671,230
1784821800,51670,51675.5,51651.5,51668.5,204
1784821860,51669.5,51670.5,51651,51653.5,202
1784821920,51655,51668,51651.5,51654,212
1784821980,51653.5,51658.5,51649.5,51651,204
1784822040,51652,51683.5,51651.5,51682.5,218
1784822100,51683.5,51694,51683,51686,208
1784822160,51683.5,51693.5,51665.5,51675,222
1784822220,51676,51676.5,51659.5,51675.5,178
1784822280,51674.5,51698.5,51674,51697,202
1784822340,51696,51709,51695,51703.5,206
1784822400,51706.5,51718.5,51692,51706.5,228
1784822460,51707.5,51715,51687.5,51715,238
1784822520,51713.5,51727.5,51713,51724.5,208
1784822580,51723.5,51728.5,51712.5,51716.5,194
1784822640,51716,51716,51701.5,51701.5,188
1784822700,51700.5,51707,51679,51679,214
1784822760,51676.5,51712,51676.5,51698,210
1784822820,51697,51706,51692,51703,198
1784822880,51702.5,51734,51702.5,51732,190
1784822940,51730.5,51744,51724.5,51744,186
1784823000,51743,51754.5,51737.5,51751,188
1784823060,51751.5,51765,51747.5,51761.5,184
1784823120,51762.5,51772.5,51752.5,51753.5,198
1784823180,51752.5,51771,51752.5,51753.5,180
1784823240,51751.5,51771.5,51751.5,51769.5,182
1784823300,51770.5,51777.5,51766,51775.5,190
1784823360,51774.5,51785.5,51764.5,51779,172
1784823420,51781,51793.5,51781,51789.5,178
1784823480,51787.5,51788.5,51767,51768,184
1784823540,51767.5,51767.5,51743.5,51760,180
1784823600,51758.5,51775,51758.5,51770.5,174
1784823660,51769,51788,51763,51783.5,158
1784823720,51783,51796,51777.5,51795,184
1784823780,51794.5,51822,51791.5,51818,180
1784823840,51817,51826,51805,51807.5,194
1784823900,51805.5,51816.5,51803.5,51812,180
1784823960,51811.5,51812.5,51790.5,51791.5,184
1784824020,51792,51800.5,51791.5,51796.5,196
1784824080,51794,51796.5,51782,51787,150
1784824140,51788.5,51796.5,51785.5,51793,200
1784824200,51794,51799.5,51781.5,51799.5,200
1784824260,51800,51807,51790.5,51790.5,172
1784824320,51789.5,51790.5,51769.5,51773.5,183
1784824380,51773,51781,51767.5,51773.5,148
1784824440,51774,51776.5,51760.5,51764.5,150
1784824500,51765,51773.5,51754.5,51771,174
1784824560,51770.5,51776.5,51761.5,51771.5,162
1784824620,51768,51768.5,51746.5,51752,184
1784824680,51751.5,51769,51745.5,51767.5,166
1784824740,51768,51781.5,51767.5,51781.5,198
1784824800,51782.5,51782.5,51762.5,51771,191
1784824860,51769.5,51775.5,51756,51762,183
1784824920,51763.5,51763.5,51737,51743.5,166
1784824980,51744,51752.5,51743,51747.5,168
1784825040,51748.5,51756.5,51742.5,51746.5,170
1784825100,51745.5,51745.5,51729,51730.5,194
1784825160,51732,51745.5,51731.5,51732.5,180
1784825220,51735.5,51736.5,51716.5,51717,202
1784825280,51718.5,51722.5,51696.5,51705,198
1784825340,51703.5,51705,51687.5,51688.5,190
1784825400,51687.5,51687.5,51674.8,51680,215
1784825460,51681,51700.5,51681,51694,198
1784825520,51694.5,51721,51693.8,51699.5,204
1784825580,51697.5,51697.5,51681.5,51686.5,180
1784825640,51685,51711.5,51683,51707.5,188
1784825700,51709.5,51726,51705.5,51717.5,218
1784825760,51716.5,51732.5,51706.5,51732.5,190
1784825820,51733.5,51734.5,51719.5,51723.5,206
1784825880,51724.5,51725,51716.5,51719,192
1784825940,51720,51750.5,51719.5,51748.5,206
1784826000,51751,51765,51738.5,51762,214
1784826060,51761,51766,51751,51763,160
1784826120,51762.5,51767,51740,51766.5,194
1784826180,51767,51767,51753,51758,226
1784826240,51757.5,51757.5,51732.5,51735,188
1784826300,51733.5,51738.5,51718,51728.5,202
1784826360,51727.5,51733,51716.5,51722.5,200
1784826420,51722,51738.5,51719.5,51721.5,190
1784826480,51722.5,51740.5,51713,51720.5,182
1784826540,51721.5,51741.5,51710.5,51741.5,184
1784826600,51741,51765.5,51736.5,51753,204
1784826660,51752,51752,51731,51738,206
1784826720,51736.5,51748.5,51735.5,51741,214
1784826780,51742.5,51745,51723,51728.5,182
1784826840,51729.5,51735.5,51724.5,51725,188
1784826900,51724.5,51734,51719.5,51728.5,178
1784826960,51730.5,51747.5,51729.5,51740.5,190
1784827020,51741,51751.5,51713.5,51713.5,204
1784827080,51716.5,51731.5,51712,51724.5,204
1784827140,51723.5,51728.5,51717.5,51728.5,180
1784827200,51730.5,51746,51728,51739.5,196
1784827260,51741.5,51752.5,51737.5,51739.5,194
1784827320,51741.5,51752.5,51730.5,51737.5,200
1784827380,51737,51755.5,51733.5,51755.5,194
1784827440,51756,51757.5,51743,51756,156
1784827500,51756.5,51763.5,51753.5,51759.5,156
1784827560,51759,51760.5,51750,51759,206
1784827620,51758.5,51761.5,51732.5,51733.5,190
1784827680,51736.5,51741,51728.5,51741,184
1784827740,51739,51741.5,51726.5,51726.5,170
1784827800,51725,51728.5,51709.5,51716.5,198
1784827860,51714.5,51720,51688.5,51694.5,188
1784827920,51693.5,51698.5,51687.5,51687.5,210
1784827980,51690,51694.5,51680,51683.5,192
1784828040,51682.5,51690,51668.5,51669.5,178
1784828100,51668.5,51672.5,51644.5,51648.5,184
1784828160,51647.5,51652.5,51639.5,51646,214
1784828220,51646.5,51656.5,51640.5,51656.5,188
1784828280,51659.5,51674.5,51658,51660.5,222
1784828340,51661.5,51666.5,51650.5,51650.5,184
1784828400,51649.5,51657.5,51626.5,51632,194
1784828460,51631,51645.5,51627.5,51639,202
1784828520,51639.5,51643.5,51636,51639.5,204
1784828580,51639,51648.5,51636,51646.5,194
1784828640,51647.5,51653.5,51639.5,51642.5,214
1784828700,51641.5,51663.5,51629.5,51658.5,204
1784828760,51659,51670.5,51653.5,51663.5,192
1784828820,51664.5,51670.5,51658.5,51662,214
1784828880,51661.5,51664.5,51649.5,51662.5,190
1784828940,51665.5,51672,51658.5,51659.5,202
1784829000,51660.5,51661.5,51638.5,51650.5,196
1784829060,51650,51651.5,51635.5,51638.5,174
1784829120,51640,51653.5,51637.5,51644,188
1784829180,51643,51653.5,51634.5,51640,173
1784829240,51640.5,51641.5,51629.5,51629.5,185
1784829300,51628.5,51632.5,51619.5,51628.5,170
1784829360,51629,51632.5,51610.5,51614.5,182
1784829420,51614,51617.5,51602.5,51606.5,164
1784829480,51605,51609.5,51600.5,51606.5,174
1784829540,51605,51606.5,51598.5,51598.5,164
1784829600,51597.5,51608.5,51594.5,51605,182
1784829660,51604,51607.5,51599.5,51601.5,192
1784829720,51600.5,51604.5,51592.5,51602.5,182
1784829780,51603.5,51612.5,51600,51609.5,206
1784829840,51608.5,51611.5,51592.5,51594,170
1784829900,51593.5,51600,51584.5,51599.5,174
1784829960,51598.5,51613,51592.5,51607.5,194
1784830020,51608.5,51609.5,51600.5,51606,166
1784830080,51609,51621.5,51604.5,51618,180
1784830140,51617.5,51623.5,51608.5,51610.5,176
1784830200,51609.5,51617.5,51605,51611.5,170
1784830260,51612,51619.5,51606.5,51618,168
1784830320,51617.5,51631.5,51617.5,51623.5,177
1784830380,51622.5,51625.5,51614,51617.5,150
1784830440,51619.5,51623.5,51601.5,51603,194
1784830500,51603.5,51622.5,51601.5,51621,194
1784830560,51620.5,51631.5,51619.5,51626.5,178
1784830620,51628,51628,51605,51607.5,143
1784830680,51606.5,51616.5,51602,51604.5,152
1784830740,51605,51623,51602.5,51618.5,144
1784830800,51619,51625.5,51616.5,51622.5,189
1784830860,51621.5,51633.5,51616.5,51632.5,164
1784830920,51633.5,51635.5,51624.5,51624.5,178
1784830980,51622.5,51633.5,51619.5,51633,192
1784831040,51633.5,51642.5,51629.5,51634.5,188
1784831100,51636.5,51637,51623.5,51631,174
1784831160,51630.5,51633.5,51615.5,51618.5,180
1784831220,51619.5,51631.5,51619.5,51622.5,167
1784831280,51625.5,51642,51625.5,51641.5,174
1784831340,51641,51649.5,51636.5,51649.5,168
1784831400,51648.5,51658,51646.5,51657.5,180
1784831460,51658,51661.5,51648.5,51659.5,164
1784831520,51659,51660.5,51644.5,51647.5,180
1784831580,51645.5,51649.5,51640.5,51646.5,160
1784831640,51648.5,51657.5,51648.5,51650,148
1784831700,51650.5,51655.5,51640,51645.5,178
1784831760,51644.5,51648.5,51629.5,51632.5,162
1784831820,51630.5,51634.5,51620.5,51626.5,166
1784831880,51628,51630.5,51622.5,51628.5,166
1784831940,51629,51633.5,51624.5,51626,142
1784832000,51626.5,51628.5,51621,51623.5,150
1784832060,51623,51623,51612.5,51617.5,158
1784832120,51617,51634.5,51615,51634,166
1784832180,51635,51639.5,51628,51637,164
1784832240,51636,51642.5,51635,51640.5,144
1784832300,51644.5,51657,51641,51655.5,182
1784832360,51654.5,51663.5,51654.5,51659.5,140
1784832420,51658.5,51676.5,51658.5,51676.5,146
1784832480,51677,51687,51671.5,51686.5,134
1784832540,51688,51692.5,51678.5,51688.5,156
1784832600,51687.5,51691.5,51675.5,51677,164
1784832660,51674.5,51679.5,51669,51673.5,130
1784832720,51673,51677.5,51662.5,51668.5,152
1784832780,51667.5,51674.5,51662.5,51664,140
1784832840,51664.5,51666.5,51647.5,51649.5,145
1784832900,51648.5,51655.5,51644.5,51654.5,146
1784832960,51655.5,51657,51645.5,51655.5,134
1784833020,51656.5,51659,51649.5,51651.5,144
1784833080,51651,51656.5,51647.5,51655.5,122
1784833140,51653.5,51668.5,51652,51667.5,152
1784833200,51673,51692.5,51666.5,51688.5,196
1784833260,51686.5,51687.5,51680.5,51686,144
1784833320,51685.5,51693,51684.5,51692,138
1784833380,51691.5,51691.5,51667.5,51667.5,156
1784833440,51666.5,51680.5,51666.5,51673,136
1784833500,51673.5,51674,51661.5,51666.5,134
1784833560,51665.5,51668,51658.5,51667.5,132
1784833620,51668,51679,51665.5,51676.5,128
1784833680,51677.5,51691.5,51677,51686.5,132
1784833740,51685.5,51685.5,51662.5,51662.5,150
1784833800,51664.5,51664.5,51652,51654.5,176
1784833860,51655.5,51667.5,51650.5,51664.5,144
1784833920,51665.5,51674,51665.5,51667.5,118
1784833980,51667,51668.5,51662,51667.5,116
1784834040,51666.5,51669.5,51660,51665.5,128
1784834100,51667,51682,51665.5,51674,164
1784834160,51674.5,51677.5,51667.5,51669.5,146
1784834220,51668.5,51688.5,51667.5,51683,150
1784834280,51683.5,51687,51673,51681.5,170
1784834340,51681,51688.5,51678.5,51687.5,146
1784834400,51686.5,51712.5,51686.5,51710.5,156
1784834460,51710,51720.5,51706,51709.5,164
1784834520,51712.5,51717.5,51705.5,51709,172
1784834580,51710.5,51713.5,51705,51710,142
1784834640,51709.5,51722.5,51709,51722,134
1784834700,51722.5,51733.5,51719,51721,180
1784834760,51721.5,51724.5,51713.5,51717.5,178
1784834820,51718.5,51726.5,51715.5,51724.5,172
1784834880,51723.5,51730.5,51707.5,51708.5,176
1784834940,51707,51707,51698.5,51702,164
1784835000,51701,51716.5,51693.5,51707.5,206
1784835060,51705.5,51705.5,51670.5,51670.5,196
1784835120,51671.5,51685.5,51671.5,51672.5,166
1784835180,51670.5,51680.5,51664.5,51669,196
1784835240,51668.5,51687,51668.5,51679.5,156
1784835300,51681,51681.5,51661.5,51662,180
1784835360,51661.5,51667.5,51660.5,51664.5,154
1784835420,51665,51667.5,51656.5,51656.5,152
1784835480,51657.5,51661.5,51646.5,51648.5,158
1784835540,51648,51665,51646.5,51657,198
1784835600,51656.5,51661.5,51649.5,51654,158
1784835660,51652.5,51655,51646,51654.5,160
1784835720,51653.5,51655.5,51636.5,51641,162
1784835780,51641.5,51646.5,51636,51645.5,162
1784835840,51646.5,51649,51637,51637,148
1784835900,51638.5,51643,51624.5,51627.5,180
1784835960,51629.5,51630.5,51611.5,51613.5,168
1784836020,51613,51622,51602.5,51613.5,212
1784836080,51611.5,51622,51604.5,51606.5,172
1784836140,51607.5,51610,51596.5,51603,192
1784836200,51602.5,51653.5,51600,51648,252
1784836260,51649.5,51655.5,51631,51655.5,202
1784836320,51657.5,51660.5,51640.5,51648,182
1784836380,51649,51649,51618.5,51623,188
1784836440,51623.5,51645.5,51619.5,51644,190
1784836500,51651.5,51680.5,51651.5,51680.5,234
1784836560,51674.5,51685.5,51669,51682,200
1784836620,51680.5,51708.5,51680,51707.5,194
1784836680,51709,51729,51700.5,51715.5,210
1784836740,51717,51717.5,51692.5,51695.5,260
1784836800,51705.5,51726.5,51701,51710,213
1784836860,51707.5,51717,51704.5,51705,178
1784836920,51706,51713.5,51704,51709,158
1784836980,51708.5,51717.5,51708.5,51711,160
1784837040,51710.5,51712,51688,51691,136
1784837100,51692,51705,51688.5,51688.5,108
1784837160,51689,51693,51680,51680.5,74
1784837220,51680,51690,51676,51687,74
1784837280,51688,51698.5,51688,51690,62
1784837340,51692,51694,51685.5,51688.5,70
1784837400,51689,51703,51689,51694,82
1784837460,51696,51704,51693,51704,78
1784837520,51706,51708.5,51701,51703,94
1784837580,51701,51704,51699,51701.5,74
1784837640,51703.5,51704.5,51696.5,51702,94
1784837700,51703,51709,51702.5,51705.5,96
1784837760,51705,51711,51700,51705,70
1784837820,51704,51709,51703,51707,72
1784837880,51706.5,51707,51701,51703,64
1784837940,51701.5,51702,51697,51700.5,82
1784838000,51700,51704.5,51696.5,51702.5,102
1784838060,51702,51702,51696,51701,54
1784838120,51700,51706,51698.5,51705,60
1784838180,51703,51705,51699,51704,50
1784838240,51703.5,51714.5,51703.5,51713,52
1784838300,51712.5,51717,51711,51713.5,64
1784838360,51713,51715.5,51701,51704,56
1784838420,51703.5,51707.5,51701.5,51707.5,60
1784838480,51707,51709,51704.5,51709,52
1784838540,51707.5,51707.5,51703,51706.5,50
1784838600,51704.5,51705.5,51702.5,51705.5,52
1784838660,51707,51712.5,51703.5,51708.5,70
1784838720,51710,51718.5,51710,51718.5,66
1784838780,51719.5,51721,51716,51718,90
1784838840,51717,51721,51714.5,51720.5,82
1784838900,51720,51723.5,51711.5,51712.5,86
1784838960,51713.5,51715.5,51712,51712.5,50
1784839020,51713,51723.5,51713,51723,64
1784839080,51722.5,51722.5,51714,51715,54
1784839140,51715.5,51715.5,51710.5,51710.5,42
1784839200,51709.5,51710,51704,51706.5,44
1784839260,51707,51708.5,51705,51705,32
1784839320,51704,51706.5,51700,51700,66
1784839380,51699,51702,51699,51699,40
1784839440,51697,51701,51696,51701,54
1784839500,51701.5,51701.5,51699.5,51701,18
1784839560,51700.5,51702,51697.5,51701,48
1784839620,51701.5,51704,51700,51704,74
1784839680,51704.5,51705,51702,51703,34
1784839740,51702.5,51709,51702.5,51703.5,76
1784839800,51703,51703,51699.5,51700,50
1784839860,51701,51702.5,51699,51700,32
1784839920,51701,51704,51700,51700,62
1784839980,51699.5,51705.5,51698.5,51705.5,32
1784840040,51706.5,51710.5,51705.5,51709,80
1784840100,51709.5,51714,51708.5,51712,56
1784840160,51711.5,51715.5,51709.5,51712.5,32
1784840220,51714,51715,51710,51711.5,70
1784840280,51712.5,51721.5,51711.5,51716,80
1784844000,51701.8,51702.8,51697.3,51698.3,66
1784844060,51698.8,51698.8,51689.8,51693.3,82
1784844120,51693.8,51700.3,51691.8,51697.3,108
1784844180,51698.3,51701.8,51696.8,51697.8,110
1784844240,51698.8,51698.8,51689.8,51691.8,110
1784844300,51688.8,51703.3,51688.8,51698.8,90
1784844360,51699.8,51703.8,51697.3,51697.3,70
1784844420,51696.3,51696.8,51693.8,51696.3,48
1784844480,51697.3,51699.3,51691.3,51691.3,116
1784844540,51690.8,51697.3,51690.3,51695.3,72
1784844600,51694.3,51694.3,51686.3,51690.8,82
1784844660,51690.3,51692.8,51685.8,51685.8,70
1784844720,51684.8,51691.3,51683.8,51686.8,92
1784844780,51685.8,51685.8,51681.3,51683.3,78
1784844840,51684.8,51691.8,51684.3,51689.8,82
1784844900,51691.3,51693.3,51687.8,51689.3,74
1784844960,51690.3,51696.3,51686.8,51687.3,86
1784845020,51688.8,51691.3,51684.8,51689.8,102
1784845080,51687.8,51690.8,51682.3,51683.8,74
1784845140,51682.8,51685.8,51680.8,51683.8,72
1784845200,51684.3,51688.3,51683.3,51684.3,62
1784845260,51684.8,51687.3,51683.3,51686.8,90
1784845320,51687.3,51687.8,51684.8,51686.8,44
1784845380,51689.8,51698.8,51689.8,51695.3,44
1784845440,51695.8,51701.8,51695.3,51697.3,32
1784845500,51697.8,51697.8,51691.8,51692.3,60
1784845560,51691.8,51693.8,51688.3,51689.8,56
1784845620,51690.8,51695.8,51685.8,51695.3,52
1784845680,51695.8,51697.8,51692.8,51695.3,52
1784845740,51694.8,51694.8,51686.8,51686.8,34
1784845800,51687.3,51694.8,51686.8,51691.8,68
1784845860,51692.3,51692.8,51687.3,51691.8,104
1784845920,51692.3,51694.3,51690.8,51693.3,66
1784845980,51695.3,51695.3,51688.8,51689.3,30
1784846040,51688.8,51688.8,51685.8,51686.3,22
1784846100,51685.3,51689.8,51685.3,51686.3,32
1784846160,51685.3,51685.3,51682.3,51685.3,26
1784846220,51684.8,51684.8,51678.3,51681.3,44
1784846280,51683.3,51687.3,51682.8,51686.3,20
1784846340,51685.3,51688.3,51681.3,51681.3,64
1784846400,51681.8,51685.3,51678.8,51678.8,38
1784846460,51679.3,51682.8,51678.8,51682.3,56
1784846520,51683.3,51686.3,51681.8,51686.3,32
1784846580,51687.3,51688.3,51683.8,51686.3,62
1784846640,51686.8,51686.8,51684.8,51685.3,26
1784846700,51686.3,51686.8,51685.3,51686.8,22
1784846760,51686.3,51699.3,51686.3,51690.8,70
1784846820,51689.8,51693.3,51688.3,51692.3,14
1784846880,51691.3,51696.3,51690.3,51694.3,48
1784846940,51693.8,51693.8,51688.8,51691.3,42
1784847000,51690.8,51692.3,51688.8,51692.3,36
1784847060,51693.3,51695.3,51692.3,51694.3,32
1784847120,51693.3,51694.3,51691.3,51691.3,40
1784847180,51692.3,51692.3,51690.8,51691.3,30
1784847240,51692.8,51695.3,51692.3,51693.8,40
1784847300,51694.3,51696.3,51693.3,51696.3,38
1784847360,51695.3,51696.8,51695.3,51695.3,14
1784847420,51694.8,51696.8,51692.8,51695.3,52
1784847480,51696.3,51700.3,51695.3,51700.3,50
1784847540,51699.8,51702.8,51697.3,51700.3,32
1784847600,51699.3,51703.3,51697.3,51700.3,44
1784847660,51701.3,51701.3,51697.8,51698.3,68
1784847720,51697.8,51699.3,51697.3,51699.3,28
1784847780,51698.8,51699.3,51689.3,51690.3,52
1784847840,51691.3,51691.3,51685.3,51686.3,56
1784847900,51686.8,51690.8,51686.8,51687.8,46
1784847960,51687.3,51687.3,51684.8,51686.3,30
1784848020,51685.8,51688.3,51685.3,51686.8,26
1784848080,51686.3,51690.3,51683.3,51683.8,42
1784848140,51683.3,51684.8,51682.3,51682.3,36
1784848200,51681.3,51684.3,51681.3,51682.3,34
1784848260,51681.3,51682.3,51680.3,51681.3,24
1784848320,51680.8,51683.3,51679.3,51681.8,26
1784848380,51681.3,51681.3,51678.3,51679.3,12
1784848440,51679.8,51684.3,51679.8,51684.3,22
1784848500,51683.3,51684.3,51681.8,51683.8,24
1784848560,51684.3,51687.3,51684.3,51685.3,40
1784848620,51684.3,51685.3,51683.8,51684.3,20
1784848680,51683.3,51684.3,51681.8,51682.3,20
1784848740,51682.8,51682.8,51680.3,51681.8,20
1784848800,51681.3,51682.3,51680.3,51680.3,28
1784848860,51679.8,51682.3,51679.3,51682.3,32
1784848920,51682.8,51683.3,51680.3,51680.3,18
1784848980,51679.3,51680.3,51679.3,51680.3,8
1784849040,51681.3,51682.3,51678.3,51678.3,30
1784849100,51679.3,51680.3,51676.8,51679.3,18
1784849160,51680.3,51681.3,51679.8,51680.3,20
1784849220,51679.8,51681.3,51678.3,51681.3,22
1784849280,51682.3,51684.3,51681.3,51684.3,20
1784849340,51686.3,51689.8,51686.3,51686.3,34
1784849400,51685.3,51690.3,51684.3,51686.3,44
1784849460,51685.3,51686.3,51681.8,51683.3,28
1784849520,51685.3,51686.3,51682.3,51684.3,24
1784849580,51683.8,51690.3,51683.8,51689.8,20
1784849640,51692.3,51692.3,51689.8,51690.3,14
1784849700,51690.8,51691.8,51689.3,51690.3,22
1784849760,51691.3,51693.3,51687.8,51687.8,30
1784849820,51689.3,51689.8,51688.3,51688.3,10
1784849880,51687.3,51688.8,51686.8,51686.8,10
1784849940,51685.8,51685.8,51681.8,51683.3,22
1784850000,51682.8,51682.8,51663.3,51665.3,94
1784850060,51665.8,51683.3,51665.3,51682.3,68
1784850120,51683.3,51691.8,51677.8,51683.3,94
1784850180,51682.3,51684.8,51677.8,51680.8,80
1784850240,51683.3,51686.3,51681.3,51685.3,56
1784850300,51686.8,51702.8,51681.3,51698.8,162
1784850360,51698.3,51698.3,51690.3,51691.8,144
1784850420,51692.3,51695.3,51685.3,51690.3,120
1784850480,51689.3,51697.3,51681.3,51696.8,118
1784850540,51697.3,51697.8,51687.3,51687.3,104
1784850600,51686.3,51693.3,51684.8,51688.3,102
1784850660,51688.8,51692.3,51685.3,51685.3,78
1784850720,51685.8,51688.3,51681.3,51684.3,110
1784850780,51685.3,51685.8,51674.8,51675.8,100
1784850840,51677.3,51680.3,51671.3,51674.3,110
1784850900,51674.8,51679.8,51673.3,51679.8,102
1784850960,51680.3,51682.3,51676.3,51680.3,94
1784851020,51681.3,51687.3,51681.3,51687.3,66
1784851080,51686.3,51697.3,51686.3,51695.3,80
1784851140,51693.3,51697.8,51688.3,51690.8,122
1784851200,51692.3,51703.3,51692.3,51701.3,200
1784851260,51702.3,51716.3,51700.8,51710.3,186
1784851320,51709.3,51729.3,51707.8,51717.3,184
1784851380,51715.3,51721.8,51712.3,51718.3,164
1784851440,51717.3,51719.3,51702.3,51702.8,170
1784851500,51702.3,51708.3,51691.8,51702.3,154
1784851560,51703.3,51716.3,51689.8,51708.8,172
1784851620,51708.3,51709.8,51700.8,51708.3,144
1784851680,51705.3,51711.3,51702.3,51709.3,108
1784851740,51708.3,51710.3,51695.3,51698.8,128
1784851800,51700.3,51704.3,51681.3,51692.8,136
1784851860,51692.3,51693.3,51681.3,51691.8,134
1784851920,51691.3,51702.3,51690.3,51702.3,110
1784851980,51704.8,51705.3,51694.3,51700.3,124
1784852040,51699.8,51699.8,51691.8,51698.3,128
1784852100,51700.8,51700.8,51683.8,51691.8,136
1784852160,51690.3,51710.8,51685.8,51710.8,178
1784852220,51709.8,51711.8,51704.8,51709.8,134
1784852280,51710.3,51717.8,51704.3,51712.3,156
1784852340,51711.8,51714.3,51698.8,51704.3,142
1784852400,51703.8,51714.8,51700.3,51714.8,132
1784852460,51714.3,51730.8,51712.3,51724.3,158
1784852520,51724.8,51733.3,51722.3,51728.3,160
1784852580,51727.3,51742.8,51724.3,51735.3,176
1784852640,51736.3,51738.3,51731.3,51731.8,160
1784852700,51732.8,51733.8,51725.8,51726.8,124
1784852760,51727.3,51733.8,51725.8,51730.8,130
1784852820,51730.3,51735.3,51729.3,51730.8,98
1784852880,51731.8,51732.8,51722.8,51723.8,114
1784852940,51724.3,51727.8,51722.8,51727.8,118
1784853000,51729.3,51730.3,51716.8,51717.3,138
1784853060,51716.8,51720.8,51708.8,51720.8,120
1784853120,51719.8,51723.3,51715.8,51718.8,128
1784853180,51719.3,51728.3,51715.8,51726.8,132
1784853240,51727.3,51727.3,51719.3,51721.8,136
1784853300,51721.3,51723.3,51716.8,51722.3,120
1784853360,51723.3,51731.8,51719.3,51726.3,120
1784853420,51725.8,51729.3,51721.3,51721.8,67
1784853480,51721.3,51728.3,51720.3,51726.8,105
1784853540,51726.3,51736.3,51726.3,51730.8,136
1784853600,51730.3,51741.3,51730.3,51740.3,106
1784853660,51740.8,51742.3,51736.8,51737.8,108
1784853720,51738.8,51756.3,51736.3,51752.3,124
1784853780,51752.8,51755.3,51749.8,51754.3,136
1784853840,51754.8,51761.3,51753.8,51760.8,102
1784853900,51760.3,51760.8,51753.8,51758.8,128
1784853960,51759.3,51768.8,51757.3,51764.8,128
1784854020,51763.8,51772.3,51761.3,51772.3,117
1784854080,51771.3,51772.8,51765.3,51766.3,114
1784854140,51765.8,51765.8,51756.8,51758.8,98
1784854200,51759.3,51761.3,51754.3,51761.3,134
1784854260,51760.3,51762.3,51753.8,51756.3,116
1784854320,51755.8,51756.3,51748.8,51749.3,93
1784854380,51749.8,51750.3,51740.8,51740.8,96
1784854440,51739.8,51739.8,51734.8,51734.8,112
1784854500,51733.8,51739.8,51728.8,51739.3,94
1784854560,51739.8,51745.8,51736.8,51743.3,124
1784854620,51743.8,51748.8,51741.8,51748.8,106
1784854680,51749.3,51754.8,51748.3,51748.3,112
1784854740,51747.8,51758.8,51746.8,51756.8,136
1784854800,51756.3,51768.8,51756.3,51764.8,214
1784854860,51764.3,51771.8,51763.8,51768.8,154
1784854920,51769.3,51770.8,51757.3,51757.3,142
1784854980,51756.8,51757.8,51746.3,51746.3,88
1784855040,51746.8,51756.3,51745.8,51755.3,126
1784855100,51754.8,51757.3,51751.3,51753.8,128
1784855160,51754.8,51756.3,51748.8,51751.8,152
1784855220,51752.8,51753.8,51749.3,51750.3,122
1784855280,51749.8,51757.8,51748.8,51755.8,114
1784855340,51755.3,51758.3,51748.8,51748.8,84
1784855400,51749.3,51753.8,51748.3,51748.8,114
1784855460,51749.8,51756.8,51748.8,51751.8,100
1784855520,51752.8,51752.8,51740.8,51748.8,124
1784855580,51749.3,51751.3,51747.3,51749.3,110
1784855640,51749.8,51750.3,51741.8,51745.8,118
1784855700,51744.8,51746.3,51742.8,51745.3,106
1784855760,51745.8,51755.8,51744.3,51748.8,122
1784855820,51748.3,51754.3,51747.3,51754.3,98
1784855880,51754.8,51754.8,51741.3,51746.3,118
1784855940,51746.8,51755.3,51746.3,51748.8,94
1784856000,51747.8,51751.3,51742.8,51746.8,110
1784856060,51747.3,51747.8,51740.8,51741.3,82
1784856120,51741.8,51742.8,51738.3,51739.8,72
1784856180,51740.3,51742.8,51737.8,51741.8,116
1784856240,51741.3,51748.8,51739.8,51747.3,108
1784856300,51746.8,51756.3,51746.8,51753.8,140
1784856360,51754.3,51761.8,51753.8,51758.8,100
1784856420,51758.3,51763.8,51755.8,51760.8,106
1784856480,51760.3,51760.3,51752.8,51753.3,96
1784856540,51753.8,51754.8,51746.3,51746.3,124
1784856600,51747.3,51753.8,51746.3,51751.8,156
1784856660,51751.3,51754.3,51738.3,51741.8,142
1784856720,51742.3,51744.8,51740.8,51743.8,120
1784856780,51743.3,51757.3,51742.3,51757.3,128
1784856840,51756.3,51762.3,51754.8,51760.3,120
1784856900,51759.8,51761.3,51753.8,51756.3,114
1784856960,51755.8,51758.3,51754.8,51755.8,152
1784857020,51755.3,51763.8,51754.8,51759.8,92
1784857080,51759.3,51766.8,51757.8,51764.8,98
1784857140,51765.3,51766.3,51757.8,51758.3,116
1784857200,51759.3,51765.3,51757.3,51760.8,112
1784857260,51761.3,51766.3,51757.3,51766.3,106
1784857320,51766.8,51777.8,51766.8,51775.8,110
1784857380,51775.3,51781.8,51775.3,51780.3,112
1784857440,51780.8,51784.3,51773.8,51777.3,128
1784857500,51776.8,51776.8,51771.8,51771.8,124
1784857560,51772.8,51772.8,51766.3,51768.3,110
1784857620,51767.8,51769.8,51765.3,51765.8,104
1784857680,51766.3,51768.3,51763.8,51764.3,84
1784857740,51763.8,51763.8,51757.8,51757.8,98
1784857800,51757.3,51757.3,51744.8,51747.3,98
1784857860,51747.8,51749.8,51745.3,51748.8,124
1784857920,51749.3,51756.3,51745.8,51755.3,110
1784857980,51753.8,51759.8,51753.8,51759.3,106
1784858040,51760.8,51764.8,51759.3,51763.3,120
1784858100,51762.8,51769.8,51762.3,51762.8,104
1784858160,51761.8,51763.8,51757.8,51760.8,116
1784858220,51761.3,51763.8,51760.8,51761.8,80
1784858280,51761.3,51762.8,51758.3,51762.8,98
1784858340,51763.8,51763.8,51759.3,51760.8,62
1784858400,51760.3,51762.8,51756.3,51756.8,118
1784858460,51757.3,51757.3,51752.8,51757.3,136
1784858520,51756.8,51758.3,51754.3,51758.3,68
1784858580,51758.8,51760.3,51754.3,51757.3,118
1784858640,51756.8,51758.8,51753.3,51753.8,114
1784858700,51752.8,51753.3,51749.8,51751.3,112
1784858760,51751.8,51757.8,51750.8,51754.3,74
1784858820,51753.8,51756.8,51751.3,51756.8,94
1784858880,51756.3,51757.3,51750.8,51755.3,92
1784858940,51754.8,51762.3,51753.8,51762.3,80
1784859000,51762.8,51770.3,51762.3,51765.3,122
1784859060,51764.8,51774.8,51763.8,51771.8,132
1784859120,51770.3,51774.8,51767.8,51770.3,106
1784859180,51769.8,51773.8,51767.3,51767.3,98
1784859240,51766.8,51769.8,51764.8,51767.3,112
1784859300,51767.8,51771.3,51764.8,51766.8,112
1784859360,51766.3,51767.3,51760.8,51761.8,60
1784859420,51762.3,51769.3,51761.3,51765.8,100
1784859480,51766.3,51767.8,51760.8,51762.8,90
1784859540,51762.3,51768.3,51761.3,51763.3,76
1784859600,51762.3,51765.3,51761.3,51764.8,88
1784859660,51764.3,51766.3,51760.3,51760.8,72
1784859720,51761.3,51762.8,51755.8,51757.8,94
1784859780,51757.3,51762.8,51756.8,51761.8,70
1784859840,51761.3,51770.8,51761.3,51769.3,98
1784859900,51768.8,51769.8,51765.3,51768.3,100
1784859960,51766.8,51772.3,51764.3,51772.3,78
1784860020,51771.8,51772.8,51766.3,51768.8,82
1784860080,51769.3,51771.8,51764.8,51764.8,98
1784860140,51763.8,51766.8,51762.8,51766.8,88
1784860200,51766.3,51766.3,51758.8,51761.3,132
1784860260,51760.8,51763.3,51757.8,51759.8,74
1784860320,51759.3,51759.3,51746.8,51747.3,110
1784860380,51746.8,51747.3,51738.3,51738.3,90
1784860440,51739.3,51746.8,51738.8,51744.8,60
1784860500,51745.3,51747.8,51743.3,51744.8,64
1784860560,51742.8,51744.8,51734.8,51734.8,76
1784860620,51735.3,51736.3,51730.3,51736.3,86
1784860680,51735.8,51736.3,51731.8,51732.3,96
1784860740,51732.8,51734.8,51730.8,51731.8,62
1784860800,51732.3,51735.8,51730.3,51735.3,62
1784860860,51734.3,51736.8,51731.8,51735.8,86
1784860920,51734.8,51735.8,51733.8,51735.8,86
1784860980,51734.8,51734.8,51729.8,51733.8,54
1784861040,51733.3,51734.3,51730.3,51730.3,90
1784861100,51729.8,51732.3,51727.3,51729.8,106
1784861160,51728.8,51732.8,51723.8,51723.8,92
1784861220,51724.3,51730.8,51724.3,51726.8,98
1784861280,51726.3,51726.3,51715.8,51719.8,104
1784861340,51720.8,51721.8,51717.8,51718.3,98
1784861400,51718.8,51724.8,51716.8,51721.3,90
1784861460,51722.3,51728.3,51722.3,51727.8,110
1784861520,51728.3,51728.3,51718.3,51720.3,90
1784861580,51720.8,51724.3,51718.8,51719.8,62
1784861640,51718.8,51721.8,51717.8,51718.8,54
1784861700,51719.3,51731.3,51719.3,51730.3,96
1784861760,51729.8,51731.3,51727.8,51729.8,88
1784861820,51729.3,51731.3,51727.8,51729.3,76
1784861880,51728.3,51732.3,51725.3,51727.3,52
1784861940,51727.8,51727.8,51722.3,51723.3,86
1784862000,51723.8,51727.8,51720.3,51726.3,88
1784862060,51726.8,51726.8,51714.3,51715.3,90
1784862120,51715.8,51718.3,51713.8,51716.8,90
1784862180,51717.3,51718.8,51710.8,51715.8,84
1784862240,51714.3,51724.3,51713.8,51723.3,82
1784862300,51722.3,51727.8,51722.3,51725.3,98
1784862360,51724.3,51726.3,51722.8,51725.3,60
1784862420,51726.3,51727.3,51719.8,51723.3,78
1784862480,51722.8,51724.3,51720.8,51721.8,70
1784862540,51721.3,51721.8,51714.3,51717.3,74
1784862600,51718.3,51721.8,51717.3,51721.3,94
1784862660,51720.8,51722.8,51713.3,51722.8,100
1784862720,51723.3,51729.3,51720.3,51726.3,96
1784862780,51726.8,51727.3,51721.3,51725.3,78
1784862840,51725.8,51727.3,51722.8,51722.8,86
1784862900,51723.3,51728.8,51722.3,51727.3,94
1784862960,51726.8,51730.8,51726.3,51729.8,100
1784863020,51728.3,51730.3,51725.3,51728.8,112
1784863080,51728.3,51730.8,51724.8,51724.8,92
1784863140,51725.3,51725.3,51716.8,51718.3,82
1784863200,51718.8,51718.8,51714.8,51717.8,104
1784863260,51717.3,51723.8,51717.3,51723.8,78
1784863320,51725.8,51729.8,51724.3,51724.3,94
1784863380,51723.8,51724.8,51719.3,51724.3,84
1784863440,51724.8,51729.3,51722.8,51723.8,104
1784863500,51723.3,51730.8,51722.8,51730.8,76
1784863560,51731.3,51731.8,51721.3,51723.8,102
1784863620,51723.3,51734.8,51723.3,51731.3,78
1784863680,51730.3,51731.3,51720.3,51721.8,120
1784863740,51722.3,51723.3,51717.3,51718.3,84
1784863800,51719.3,51719.3,51711.3,51713.8,134
1784863860,51714.8,51720.3,51714.8,51715.8,104
1784863920,51715.3,51715.3,51701.3,51702.8,115
1784863980,51702.3,51706.8,51696.8,51696.8,100
1784864040,51695.8,51703.3,51691.3,51703.3,126
1784864100,51703.8,51713.8,51703.3,51709.3,120
1784864160,51708.8,51708.8,51700.3,51705.8,122
1784864220,51705.3,51711.3,51703.8,51710.8,98
1784864280,51711.3,51711.3,51703.3,51710.8,122
1784864340,51711.3,51716.8,51708.3,51709.8,108
1784864400,51710.3,51713.3,51709.3,51712.3,100
1784864460,51712.8,51714.3,51710.3,51712.3,90
1784864520,51713.3,51713.8,51709.8,51711.8,78
1784864580,51710.3,51711.8,51707.8,51711.8,96
1784864640,51710.3,51712.3,51707.8,51710.8,74
1784864700,51709.8,51715.3,51705.8,51712.8,80
1784864760,51712.3,51719.8,51712.3,51719.8,98
1784864820,51720.3,51723.8,51716.3,51717.8,66
1784864880,51718.3,51721.3,51717.3,51719.8,76
1784864940,51720.3,51722.3,51717.8,51719.8,92
1784865000,51720.3,51723.8,51718.3,51722.8,68
1784865060,51721.8,51722.8,51718.8,51721.3,86
1784865120,51720.8,51722.8,51716.8,51720.8,80
1784865180,51721.3,51722.3,51718.8,51719.3,96
1784865240,51718.3,51719.3,51710.3,51710.8,70
1784865300,51709.3,51710.3,51707.3,51709.8,70
1784865360,51708.8,51708.8,51705.3,51705.8,20
1784865420,51705.3,51708.3,51704.3,51704.3,68
1784865480,51705.3,51706.3,51703.8,51706.3,66
1784865540,51705.8,51707.3,51705.3,51707.3,28
1784865600,51707.8,51709.8,51702.3,51707.8,90
1784865660,51706.3,51706.3,51703.8,51704.3,68
1784865720,51703.8,51703.8,51700.8,51702.3,56
1784865780,51702.8,51702.8,51693.8,51694.8,60
1784865840,51695.8,51700.8,51694.8,51700.8,72
1784865900,51701.3,51716.8,51700.3,51714.8,144
1784865960,51714.3,51715.8,51709.8,51711.3,130
1784866020,51710.8,51725.8,51709.8,51725.8,100
1784866080,51725.3,51725.8,51719.8,51724.3,122
1784866140,51723.8,51726.3,51721.8,51724.3,120
1784866200,51723.8,51725.3,51717.3,51717.8,98
1784866260,51718.3,51718.3,51710.8,51715.3,90
1784866320,51716.3,51717.8,51706.3,51707.3,96
1784866380,51707.8,51709.3,51699.8,51700.8,72
1784866440,51700.3,51702.3,51699.8,51700.8,72
1784866500,51699.8,51702.3,51698.8,51700.8,70
1784866560,51700.3,51707.8,51700.3,51707.8,78
1784866620,51708.8,51714.3,51704.8,51713.3,68
1784866680,51713.8,51714.3,51706.3,51706.8,78
1784866740,51706.3,51706.8,51703.8,51704.8,90
1784866800,51704.3,51704.3,51694.3,51694.3,102
1784866860,51693.8,51700.3,51691.8,51700.3,64
1784866920,51699.8,51709.8,51699.8,51707.8,116
1784866980,51708.8,51716.3,51707.3,51716.3,90
1784867040,51715.8,51717.8,51712.3,51712.8,108
1784867100,51713.3,51717.3,51710.8,51713.8,84
1784867160,51713.3,51714.8,51710.8,51712.8,92
1784867220,51714.3,51721.3,51713.8,51719.8,92
1784867280,51719.3,51724.8,51719.3,51722.3,88
1784867340,51721.8,51724.8,51720.8,51722.3,94
1784867400,51721.8,51725.3,51720.3,51722.3,93
1784867460,51721.8,51723.3,51717.8,51720.8,112
1784867520,51721.3,51721.8,51711.3,51711.3,94
1784867580,51711.8,51714.3,51707.8,51709.8,100
1784867640,51710.3,51714.8,51708.8,51713.8,64
1784867700,51712.8,51715.3,51711.3,51714.8,82
1784867760,51714.3,51716.8,51712.8,51714.8,86
1784867820,51715.8,51716.3,51712.3,51712.8,48
1784867880,51712.3,51712.8,51709.8,51711.8,96
1784867940,51711.3,51712.3,51704.3,51705.3,88
1784868000,51705.8,51706.8,51693.3,51694.8,88
1784868060,51694.3,51694.3,51687.3,51687.8,80
1784868120,51689.3,51699.3,51688.8,51699.3,68
1784868180,51699.8,51709.3,51699.3,51705.3,86
1784868240,51704.3,51705.8,51701.8,51705.3,92
1784868300,51704.8,51709.3,51703.3,51709.3,106
1784868360,51708.8,51712.8,51705.3,51710.3,96
1784868420,51709.8,51711.3,51702.3,51702.3,90
1784868480,51701.8,51704.3,51699.8,51702.3,74
1784868540,51701.3,51706.3,51700.8,51705.8,78
1784868600,51706.3,51718.8,51704.3,51713.3,112
1784868660,51712.3,51716.3,51710.8,51714.3,72
1784868720,51715.3,51721.3,51714.3,51720.8,84
1784868780,51721.3,51722.8,51717.3,51719.8,124
1784868840,51719.3,51727.3,51719.3,51720.3,86
1784868900,51720.8,51723.8,51717.8,51718.8,88
1784868960,51717.8,51720.3,51717.8,51718.8,84
1784869020,51719.3,51722.8,51718.8,51719.8,86
1784869080,51717.8,51720.8,51717.3,51720.8,70
1784869140,51721.3,51721.8,51719.3,51721.8,42
1784869200,51723.8,51728.3,51720.8,51720.8,114
1784869260,51720.3,51722.8,51717.8,51718.8,106
1784869320,51719.3,51725.3,51719.3,51725.3,108
1784869380,51724.8,51734.8,51723.8,51731.3,102
1784869440,51730.8,51733.3,51727.8,51732.3,74
1784869500,51731.8,51735.8,51731.8,51733.3,76
1784869560,51732.8,51735.8,51729.8,51735.8,88
1784869620,51736.3,51752.8,51736.3,51749.8,124
1784869680,51749.3,51752.3,51747.3,51750.3,111
1784869740,51751.3,51753.3,51740.8,51740.8,96
1784869800,51742.3,51747.8,51741.3,51742.3,134
1784869860,51741.8,51749.3,51741.8,51748.8,70
1784869920,51748.3,51748.3,51741.8,51744.3,108
1784869980,51743.8,51746.3,51740.3,51741.3,92
1784870040,51740.8,51741.3,51733.8,51740.8,104
1784870100,51739.8,51741.3,51737.3,51739.8,116
1784870160,51739.3,51743.3,51732.8,51742.8,108
1784870220,51741.8,51748.3,51740.8,51740.8,124
1784870280,51741.3,51743.8,51736.3,51740.8,90
1784870340,51741.8,51752.3,51740.3,51751.8,112
1784870400,51752.8,51753.8,51746.3,51752.3,108
1784870460,51751.8,51759.8,51750.3,51750.3,126
1784870520,51751.3,51755.8,51751.3,51752.8,84
1784870580,51753.3,51757.8,51752.8,51755.3,84
1784870640,51754.8,51758.8,51749.8,51757.8,94
1784870700,51757.3,51761.3,51754.8,51760.8,114
1784870760,51762.8,51767.8,51761.8,51764.8,84
1784870820,51765.3,51769.8,51760.8,51760.8,88
1784870880,51761.3,51763.8,51759.8,51759.8,110
1784870940,51759.3,51760.3,51757.3,51759.3,92
1784871000,51759.8,51766.8,51756.3,51760.3,126
1784871060,51759.8,51764.3,51757.3,51759.8,100
1784871120,51759.3,51761.8,51755.3,51756.3,120
1784871180,51755.8,51756.3,51746.3,51751.3,110
1784871240,51750.8,51753.3,51746.8,51753.3,94
1784871300,51753.8,51753.8,51739.8,51742.3,114
1784871360,51743.3,51746.3,51738.3,51744.3,62
1784871420,51743.8,51745.8,51740.8,51742.8,86
1784871480,51741.8,51749.8,51738.8,51749.3,88
1784871540,51748.8,51751.3,51743.8,51751.3,114
1784871600,51750.8,51753.3,51748.8,51749.3,104
1784871660,51748.3,51749.8,51744.8,51747.8,92
1784871720,51747.3,51753.8,51744.3,51753.8,72
1784871780,51754.8,51754.8,51749.3,51753.8,114
1784871840,51752.8,51756.8,51749.8,51755.8,112
1784871900,51755.3,51758.8,51753.8,51755.8,96
1784871960,51754.8,51755.8,51751.3,51754.3,50
1784872020,51753.8,51766.8,51753.8,51766.8,114
1784872080,51767.3,51770.8,51766.3,51767.8,78
1784872140,51768.3,51768.3,51755.8,51757.3,86
1784872200,51757.8,51760.8,51754.3,51754.8,90
1784872260,51754.3,51755.8,51744.3,51744.3,106
1784872320,51743.3,51747.8,51739.8,51747.8,114
1784872380,51748.3,51751.8,51747.8,51751.3,66
1784872440,51751.8,51751.8,51741.8,51741.8,66
1784872500,51742.3,51742.3,51735.8,51739.3,102
1784872560,51738.8,51750.8,51737.8,51746.8,102
1784872620,51747.3,51748.8,51742.8,51743.3,72
1784872680,51742.8,51744.3,51739.3,51739.3,88
1784872740,51739.8,51742.8,51739.8,51740.3,94
1784872800,51741.3,51742.8,51732.8,51737.3,104
1784872860,51738.3,51738.8,51732.3,51732.8,104
1784872920,51733.3,51734.8,51729.8,51734.8,118
1784872980,51735.3,51735.3,51724.8,51724.8,110
1784873040,51724.3,51725.3,51719.8,51723.3,100
1784873100,51724.3,51724.3,51716.8,51717.8,104
1784873160,51718.3,51722.3,51716.3,51720.8,114
1784873220,51721.8,51723.3,51719.3,51723.3,116
1784873280,51722.8,51727.8,51722.3,51726.3,92
1784873340,51725.3,51728.3,51721.3,51722.8,86
1784873400,51724.3,51734.8,51724.3,51734.8,106
1784873460,51734.3,51734.3,51728.8,51728.8,66
1784873520,51729.3,51735.3,51724.8,51734.8,112
1784873580,51735.8,51735.8,51722.8,51722.8,104
1784873640,51721.8,51729.3,51721.3,51727.3,80
1784873700,51728.8,51730.8,51723.8,51724.3,104
1784873760,51723.8,51733.8,51718.8,51731.3,110
1784873820,51730.8,51734.8,51729.3,51734.8,98
1784873880,51734.3,51736.8,51730.8,51733.8,114
1784873940,51734.3,51759.3,51734.3,51758.3,126
1784874000,51757.8,51767.8,51756.8,51765.3,148
1784874060,51765.8,51769.8,51765.3,51766.3,116
1784874120,51765.8,51768.8,51763.8,51765.3,118
1784874180,51766.3,51768.8,51759.8,51765.8,92
1784874240,51764.8,51765.8,51759.3,51762.8,92
1784874300,51761.3,51774.8,51760.8,51768.3,142
1784874360,51768.8,51770.3,51763.3,51765.3,96
1784874420,51765.8,51768.8,51754.3,51755.8,127
1784874480,51754.3,51754.3,51744.3,51744.8,100
1784874540,51744.3,51750.8,51737.8,51746.8,114
1784874600,51747.8,51747.8,51734.8,51735.3,140
1784874660,51735.8,51745.8,51735.8,51745.8,114
1784874720,51746.8,51747.8,51737.3,51738.3,118
1784874780,51737.8,51744.3,51737.3,51738.8,108
1784874840,51737.8,51750.3,51736.8,51750.3,134
1784874900,51751.8,51757.8,51749.3,51753.8,112
1784874960,51754.8,51763.8,51754.3,51762.3,114
1784875020,51762.8,51762.8,51751.8,51752.8,96
1784875080,51752.3,51752.8,51744.3,51749.3,130
1784875140,51750.3,51751.3,51745.8,51748.3,90
1784875200,51748.8,51752.3,51740.3,51745.3,96
1784875260,51744.3,51744.8,51740.3,51744.3,66
1784875320,51745.3,51745.8,51738.3,51739.3,68
1784875380,51740.8,51740.8,51732.8,51732.8,95
1784875440,51733.3,51734.8,51727.8,51728.3,74
1784875500,51728.8,51729.3,51723.3,51725.8,118
1784875560,51726.8,51732.3,51725.8,51730.8,78
1784875620,51731.3,51736.8,51730.8,51736.8,66
1784875680,51735.8,51735.8,51723.8,51725.8,86
1784875740,51726.3,51728.8,51711.8,51718.8,84
1784875800,51719.3,51726.8,51717.8,51724.8,118
1784875860,51724.3,51727.8,51717.3,51717.8,126
1784875920,51718.3,51729.8,51718.3,51729.3,94
1784875980,51728.3,51734.3,51727.8,51733.8,104
1784876040,51732.8,51742.8,51731.8,51738.8,112
1784876100,51737.8,51738.3,51732.8,51734.8,106
1784876160,51735.3,51745.3,51733.3,51744.8,134
1784876220,51745.3,51745.3,51738.3,51742.3,106
1784876280,51742.8,51757.3,51742.8,51755.8,138
1784876340,51755.3,51764.3,51753.8,51759.3,176
1784876400,51757.8,51771.8,51751.3,51765.3,200
1784876460,51765.8,51791.3,51764.3,51790.3,154
1784876520,51788.3,51801.3,51785.8,51796.8,176
1784876580,51797.8,51805.3,51796.3,51803.3,146
1784876640,51802.3,51813.3,51799.3,51799.8,154
1784876700,51800.3,51807.3,51796.8,51804.3,106
1784876760,51803.3,51812.3,51799.3,51806.8,134
1784876820,51806.3,51817.3,51806.3,51816.8,128
1784876880,51816.3,51821.8,51811.3,51821.3,120
1784876940,51820.3,51844.8,51820.3,51842.8,154
1784877000,51843.8,51846.3,51838.8,51838.8,142
1784877060,51839.3,51847.3,51837.8,51840.8,118
1784877120,51841.3,51844.8,51837.3,51842.3,134
1784877180,51842.8,51848.8,51840.8,51846.8,116
1784877240,51847.3,51852.8,51843.8,51850.3,120
1784877300,51850.8,51850.8,51841.3,51844.3,158
1784877360,51845.8,51854.8,51841.3,51853.8,132
1784877420,51854.3,51883.8,51850.8,51881.8,155
1784877480,51881.3,51883.8,51872.3,51877.3,162
1784877540,51876.3,51886.3,51876.3,51879.3,138
1784877600,51879.8,51889.8,51878.8,51882.8,152
1784877660,51883.3,51889.8,51876.3,51889.8,136
1784877720,51889.3,51890.3,51882.3,51884.3,122
1784877780,51883.8,51884.3,51875.8,51879.3,124
1784877840,51880.3,51885.8,51878.8,51881.8,116
1784877900,51882.3,51904.8,51880.8,51904.8,148
1784877960,51905.3,51915.3,51904.3,51909.8,136
1784878020,51910.8,51911.8,51905.8,51910.3,126
1784878080,51909.3,51910.8,51905.8,51908.8,90
1784878140,51908.3,51915.3,51905.8,51914.8,92
1784878200,51915.3,51919.8,51907.8,51915.4,154
1784878260,51916.4,51924.9,51903.4,51909.9,140
1784878320,51909.4,51911.9,51891.9,51893.4,146
1784878380,51892.9,51896.9,51888.9,51889.4,140
1784878440,51889.9,51901.9,51889.9,51901.9,140
1784878500,51902.4,51913.4,51899.9,51906.4,128
1784878560,51907.4,51911.9,51905.4,51908.4,120
1784878620,51907.4,51910.4,51895.9,51901.9,124
1784878680,51902.4,51902.9,51891.9,51891.9,118
1784878740,51892.4,51894.4,51884.4,51888.4,120
1784878800,51888.9,51892.9,51883.9,51883.9,120
1784878860,51884.9,51887.9,51873.4,51882.9,134
1784878920,51882.4,51885.9,51877.9,51879.4,120
1784878980,51878.4,51879.4,51867.9,51872.4,128
1784879040,51872.9,51884.4,51870.9,51881.4,132
1784879100,51880.4,51887.9,51877.4,51883.9,126
1784879160,51884.4,51886.4,51872.4,51874.9,140
1784879220,51875.4,51880.4,51874.4,51878.4,126
1784879280,51878.9,51885.4,51876.9,51885.4,144
1784879340,51884.9,51888.9,51880.4,51886.9,104
1784879400,51887.4,51894.4,51879.9,51883.9,138
1784879460,51885.9,51889.4,51882.4,51886.4,98
1784879520,51885.9,51886.4,51879.4,51879.9,108
1784879580,51878.9,51890.4,51875.4,51888.9,102
1784879640,51889.4,51891.4,51885.4,51886.4,102
1784879700,51887.4,51895.9,51885.4,51885.4,128
1784879760,51886.4,51891.4,51882.9,51890.4,118
1784879820,51889.4,51891.9,51886.4,51886.4,104
1784879880,51886.9,51889.4,51884.4,51885.9,90
1784879940,51886.4,51888.4,51880.4,51883.9,94
1784880000,51878.4,51880.9,51871.9,51871.9,166
1784880060,51869.9,51872.4,51858.4,51860.9,170
1784880120,51863.4,51875.4,51856.4,51873.4,144
1784880180,51872.9,51876.9,51865.4,51876.4,140
1784880240,51879.4,51883.9,51871.4,51875.4,134
1784880300,51874.4,51877.4,51852.4,51854.4,168
1784880360,51853.9,51872.4,51853.9,51867.9,124
1784880420,51867.4,51871.4,51860.4,51866.4,122
1784880480,51868.4,51873.9,51862.4,51873.9,140
1784880540,51873.4,51888.9,51871.4,51879.9,148
1784880600,51880.4,51886.4,51876.4,51879.9,130
1784880660,51881.4,51881.4,51871.4,51873.4,130
1784880720,51872.4,51874.4,51861.4,51863.4,108
1784880780,51861.9,51873.4,51861.9,51870.9,130
1784880840,51870.4,51880.4,51868.4,51871.4,138
1784880900,51869.4,51873.4,51864.9,51868.4,144
1784880960,51870.4,51892.4,51868.9,51891.9,130
1784881020,51892.4,51892.4,51876.4,51877.4,126
1784881080,51876.4,51879.4,51859.9,51861.4,150
1784881140,51860.9,51873.4,51860.9,51872.9,106
1784881200,51872.4,51880.4,51868.9,51878.9,122
1784881260,51879.4,51881.9,51864.4,51866.4,130
1784881320,51867.4,51872.9,51865.4,51869.4,124
1784881380,51868.9,51875.4,51864.9,51875.4,152
1784881440,51877.4,51880.4,51874.4,51877.4,128
1784881500,51876.9,51876.9,51863.9,51869.4,120
1784881560,51868.9,51891.9,51868.9,51885.9,138
1784881620,51884.9,51887.4,51880.4,51882.4,106
1784881680,51883.4,51892.9,51883.4,51891.4,114
1784881740,51892.4,51919.4,51892.4,51916.4,142
1784881800,51911.9,51915.4,51906.4,51913.4,140
1784881860,51911.4,51926.9,51906.4,51920.9,132
1784881920,51920.4,51933.9,51919.4,51930.9,136
1784881980,51931.4,51938.4,51930.4,51937.4,140
1784882040,51937.9,51937.9,51923.4,51923.4,122
1784882100,51923.9,51925.4,51915.9,51917.4,104
1784882160,51918.4,51925.9,51917.9,51922.9,132
1784882220,51924.4,51945.9,51923.9,51939.4,150
1784882280,51938.9,51938.9,51924.9,51927.4,136
1784882340,51927.9,51935.9,51927.4,51930.4,130
1784882400,51930.9,51934.4,51925.9,51926.9,106
1784882460,51928.9,51928.9,51918.9,51924.9,114
1784882520,51926.4,51931.4,51921.9,51924.9,130
1784882580,51923.9,51926.4,51914.9,51926.4,136
1784882640,51925.9,51934.4,51924.4,51933.4,112
1784882700,51933.9,51934.9,51928.9,51933.4,106
1784882760,51932.9,51935.9,51932.4,51934.4,106
1784882820,51935.4,51937.4,51925.4,51925.9,121
1784882880,51925.4,51926.4,51910.4,51912.4,114
1784882940,51913.4,51926.4,51913.4,51923.4,107
1784883000,51922.9,51929.4,51917.4,51917.4,126
1784883060,51916.9,51923.4,51915.4,51920.9,116
1784883120,51920.4,51921.9,51911.4,51913.4,88
1784883180,51913.9,51916.4,51901.9,51902.9,116
1784883240,51901.9,51904.9,51897.9,51902.9,100
1784883300,51901.9,51907.4,51900.4,51905.9,124
1784883360,51905.4,51907.4,51899.4,51900.9,120
1784883420,51901.4,51910.9,51897.9,51907.9,116
1784883480,51908.9,51914.4,51906.4,51910.9,88
1784883540,51909.9,51918.4,51909.4,51915.9,118
1784883600,51916.4,51921.4,51911.4,51914.4,132
1784883660,51913.9,51931.4,51911.9,51928.4,152
1784883720,51930.4,51935.4,51922.9,51933.4,140
1784883780,51933.9,51933.9,51921.9,51929.9,124
1784883840,51929.4,51929.4,51918.4,51920.9,106
1784883900,51921.9,51929.4,51919.9,51922.4,122
1784883960,51923.9,51930.4,51920.9,51929.9,132
1784884020,51929.4,51945.9,51928.9,51945.4,108
1784884080,51944.9,51945.9,51932.9,51935.9,118
1784884140,51936.4,51961.4,51935.9,51961.4,134
1784884200,51960.4,51963.4,51955.9,51957.9,132
1784884260,51954.9,51959.9,51945.4,51947.9,98
1784884320,51946.9,51949.9,51933.9,51937.9,142
1784884380,51937.4,51939.9,51934.4,51935.4,104
1784884440,51934.9,51934.9,51922.9,51930.9,110
1784884500,51929.4,51932.9,51921.9,51921.9,102
1784884560,51922.4,51936.9,51921.9,51934.4,124
1784884620,51933.9,51947.9,51933.9,51937.9,144
1784884680,51938.4,51939.9,51929.4,51929.4,126
1784884740,51929.9,51942.4,51925.9,51938.4,102
1784884800,51939.4,51947.4,51937.4,51944.4,132
1784884860,51943.9,51967.4,51943.9,51967.4,120
1784884920,51967.9,51967.9,51958.4,51966.4,134
1784884980,51961.4,51969.4,51961.4,51968.9,92
1784885040,51969.4,51970.4,51962.4,51963.4,106
1784885100,51962.4,51973.9,51962.4,51970.4,116
1784885160,51971.4,51972.4,51958.4,51959.4,74
1784885220,51958.9,51961.4,51954.4,51959.4,110
1784885280,51960.4,51968.9,51960.4,51968.9,114
1784885340,51967.4,51970.4,51958.9,51958.9,130
1784885400,51959.4,51960.4,51948.4,51953.4,132
1784885460,51953.9,51964.9,51953.9,51964.4,118
1784885520,51963.9,51965.9,51961.9,51965.4,86
1784885580,51964.4,51974.4,51961.4,51971.4,98
1784885640,51970.4,51977.4,51969.4,51975.4,74
1784885700,51976.4,51978.4,51970.4,51978.4,110
1784885760,51977.9,51978.9,51972.9,51977.4,80
1784885820,51976.9,51984.9,51976.9,51976.9,72
1784885880,51977.9,51977.9,51966.9,51968.4,84
1784885940,51967.4,51972.9,51967.4,51972.4,92
1784886000,51973.9,51978.4,51968.9,51968.9,94
1784886060,51970.4,51976.4,51970.4,51975.9,76
1784886120,51975.4,51984.4,51975.4,51982.4,102
1784886180,51981.9,51982.9,51977.4,51977.4,92
1784886240,51976.9,51981.4,51975.4,51977.4,82
1784886300,51978.4,51979.4,51972.9,51972.9,108
1784886360,51971.9,51976.9,51971.9,51974.9,74
1784886420,51975.4,51984.9,51975.4,51977.4,112
1784886480,51977.9,51980.4,51968.4,51971.4,114
1784886540,51971.9,51977.9,51970.9,51970.9,100
1784886600,51972.4,51974.9,51971.4,51973.4,84
1784886660,51973.9,51984.9,51973.9,51974.9,94
1784886720,51974.4,51981.9,51973.4,51981.4,110
1784886780,51980.4,51981.4,51975.4,51979.4,90
1784886840,51978.9,51980.4,51973.4,51976.4,88
1784886900,51976.9,51982.9,51974.4,51982.9,86
1784886960,51982.4,51990.4,51981.9,51988.9,98
1784887020,51988.4,51992.4,51985.9,51989.9,86
1784887080,51990.4,51992.9,51987.4,51989.4,80
1784887140,51990.4,51992.9,51980.4,51989.4,122
1784887200,51988.9,51997.9,51984.4,51996.4,114
1784887260,51995.4,52004.9,51991.9,52000.4,108
1784887320,51999.9,52001.9,51991.9,51993.4,134
1784887380,51994.4,51997.4,51992.4,51995.4,94
1784887440,51994.4,51994.4,51987.4,51990.4,90
1784887500,51989.4,51992.9,51986.9,51990.9,84
1784887560,51991.4,51998.9,51991.4,51992.4,98
1784887620,51991.9,51992.9,51980.4,51980.4,106
1784887680,51979.9,51979.9,51969.4,51969.4,106
1784887740,51969.9,51975.4,51969.4,51975.4,102
1784887800,51976.4,51977.9,51965.4,51965.4,112
1784887860,51966.4,51979.9,51964.9,51968.9,106
1784887920,51968.4,51974.4,51961.4,51970.9,104
1784887980,51971.4,51974.4,51970.4,51970.4,62
1784888040,51970.9,51976.4,51964.4,51975.4,92
1784888100,51974.4,51974.4,51970.4,51973.9,78
1784888160,51975.9,51976.9,51966.9,51967.4,88
1784888220,51967.9,51973.9,51967.9,51971.4,62
1784888280,51971.9,51974.4,51968.9,51972.4,72
1784888340,51971.9,51973.4,51969.4,51973.4,84
1784888400,51974.4,51974.4,51964.9,51968.9,100
1784888460,51968.4,51970.9,51956.9,51960.9,106
1784888520,51961.4,51967.4,51959.4,51963.4,96
1784888580,51962.9,51970.9,51962.9,51969.9,100
1784888640,51969.4,51971.9,51965.4,51967.4,72
1784888700,51966.4,51967.4,51959.9,51960.9,98
1784888760,51961.4,51966.9,51961.4,51966.4,92
1784888820,51965.9,51971.9,51965.9,51971.9,72
1784888880,51972.9,51979.9,51972.9,51976.4,70
1784888940,51975.9,51980.4,51974.4,51976.9,86
1784889000,51976.4,51979.4,51970.4,51971.9,100
1784889060,51973.4,51987.9,51972.9,51987.9,94
1784889120,51986.9,51986.9,51978.4,51983.4,100
1784889180,51984.4,51990.9,51984.4,51985.9,88
1784889240,51985.4,51985.9,51970.4,51972.4,118
1784889300,51973.4,51973.4,51960.4,51964.9,100
1784889360,51965.9,51974.4,51965.9,51971.4,66
1784889420,51972.4,51980.9,51971.4,51979.4,84
1784889480,51978.9,51978.9,51968.9,51972.4,94
1784889540,51972.9,51976.9,51971.9,51972.4,94
1784889600,51974.4,51974.4,51968.4,51969.4,82
1784889660,51969.9,51976.4,51969.4,51975.4,80
1784889720,51974.4,51976.4,51969.4,51970.9,64
1784889780,51970.4,51977.4,51970.4,51975.4,98
1784889840,51974.9,51977.9,51972.9,51976.4,60
1784889900,51975.9,51978.9,51972.9,51974.9,76
1784889960,51975.4,51978.4,51970.9,51976.4,98
1784890020,51975.4,51977.9,51974.4,51974.9,104
1784890080,51974.4,51984.4,51971.9,51983.4,72
1784890140,51982.4,51982.4,51978.9,51979.4,70
1784890200,51978.4,51984.4,51975.4,51975.4,86
1784890260,51976.4,51987.4,51974.9,51982.4,106
1784890320,51981.9,51981.9,51970.4,51973.4,102
1784890380,51973.9,51974.4,51965.4,51967.4,100
1784890440,51968.4,51969.4,51958.9,51959.4,104
1784890500,51959.9,51967.4,51956.9,51967.4,118
1784890560,51966.4,51981.9,51966.4,51979.4,82
1784890620,51978.9,51990.9,51977.9,51985.4,58
1784890680,51984.9,51985.4,51963.4,51976.4,86
1784890740,51975.9,51976.4,51960.4,51960.4,112
1784890800,51969.4,51990.4,51924.4,51929.9,176
1784890860,51929.4,51936.4,51899.9,51933.9,178
1784890920,51934.9,51950.9,51931.9,51949.9,150
1784890980,51951.9,51955.9,51930.9,51945.9,138
1784891040,51942.4,51945.9,51931.9,51934.4,134
1784891100,51933.4,51942.4,51927.4,51929.4,118
1784891160,51928.9,51938.4,51928.9,51936.4,110
1784891220,51937.4,51942.9,51925.9,51930.4,134
1784891280,51928.4,51935.9,51918.4,51930.4,106
1784891340,51926.9,51942.4,51923.4,51938.4,112
1784891400,51939.4,51941.4,51931.4,51937.4,80
1784891460,51937.9,51946.4,51933.4,51946.4,96
1784891520,51944.9,51944.9,51934.4,51937.4,76
1784891580,51936.4,51938.4,51914.4,51919.9,84
1784891640,51920.4,51922.4,51905.4,51907.9,112
1784891700,51909.4,51926.4,51909.4,51926.4,92
1784891760,51924.9,51935.4,51921.4,51933.4,88
1784891820,51933.9,51937.4,51929.4,51929.4,92
1784891880,51930.4,51931.4,51909.9,51912.9,92
1784891940,51913.4,51913.4,51904.4,51905.4,98
1784892000,51906.4,51919.4,51904.9,51919.4,120
1784892060,51918.9,51919.9,51905.4,51906.4,106
1784892120,51906.9,51908.9,51904.9,51907.4,104
1784892180,51906.9,51907.4,51902.9,51906.4,64
1784892240,51905.9,51908.4,51905.4,51905.9,98
1784892300,51904.9,51912.9,51902.4,51911.4,104
1784892360,51910.9,51912.4,51903.9,51903.9,96
1784892420,51903.4,51917.9,51900.4,51902.4,120
1784892480,51902.9,51903.4,51895.9,51897.9,90
1784892540,51898.4,51900.9,51893.9,51900.4,78
1784892600,51900.9,51901.4,51892.9,51895.9,108
1784892660,51896.4,51904.4,51896.4,51898.4,88
1784892720,51896.9,51907.9,51896.9,51906.9,100
1784892780,51907.4,51907.4,51899.4,51902.9,82
1784892840,51903.4,51905.9,51900.9,51903.4,82
1784892900,51902.9,51903.9,51891.9,51892.4,98
1784892960,51892.9,51924.9,51891.9,51924.9,114
1784893020,51925.4,51925.4,51912.9,51913.4,114
1784893080,51912.9,51915.4,51901.4,51902.4,122
1784893140,51901.4,51907.4,51900.9,51903.4,108
1784893200,51902.4,51903.4,51887.9,51891.4,102
1784893260,51890.9,51891.4,51882.4,51883.9,130
1784893320,51882.4,51889.9,51880.9,51885.4,120
1784893380,51886.9,51891.4,51881.4,51883.4,114
1784893440,51884.4,51887.9,51881.4,51882.4,106
1784893500,51880.9,51889.9,51880.9,51889.9,122
1784893560,51888.4,51891.4,51881.4,51885.4,106
1784893620,51886.4,51886.4,51874.4,51876.4,108
1784893680,51875.4,51881.4,51874.4,51881.4,86
1784893740,51880.9,51903.9,51876.4,51902.4,136
1784893800,51902.9,51903.4,51893.4,51895.4,92
1784893860,51894.4,51906.9,51892.4,51903.4,90
1784893920,51904.4,51906.4,51900.9,51903.9,90
1784893980,51902.9,51904.4,51891.9,51892.4,86
1784894040,51891.9,51896.4,51889.9,51891.4,94
1784894100,51889.9,51890.9,51871.9,51873.4,88
1784894160,51871.9,51873.4,51865.9,51865.9,80
1784894220,51866.4,51870.4,51863.4,51864.4,112
1784894280,51863.9,51937.4,51863.9,51937.4,168
1784894340,51935.4,51960.4,51923.4,51931.4,266
1784894400,51930.4,51934.9,51913.4,51920.4,222
1784894460,51920.9,51920.9,51905.4,51908.4,176
1784894520,51907.4,51911.4,51892.4,51904.9,158
1784894580,51904.4,51915.4,51904.4,51912.9,152
1784894640,51912.4,51921.9,51904.4,51910.4,170
1784894700,51910.9,51910.9,51889.4,51896.4,142
1784894760,51895.9,51906.9,51895.9,51903.4,118
1784894820,51902.4,51915.9,51902.4,51915.4,134
1784894880,51916.4,51920.4,51912.4,51920.4,122
1784894940,51919.9,51924.4,51909.4,51915.9,152
1784895000,51914.9,51914.9,51897.4,51902.9,142
1784895060,51904.4,51918.4,51903.9,51913.9,124
1784895120,51914.4,51919.4,51910.4,51913.4,124
1784895180,51912.9,51917.4,51899.4,51900.4,110
1784895240,51897.9,51922.4,51897.9,51910.9,148
1784895300,51909.4,51918.9,51906.9,51914.9,122
1784895360,51915.4,51921.9,51908.9,51916.4,144
1784895420,51915.9,51926.4,51914.4,51915.4,118
1784895480,51915.9,51924.4,51915.9,51920.4,130
1784895540,51920.9,51928.9,51912.4,51913.9,116
1784895600,51913.4,51913.4,51896.4,51898.9,130
1784895660,51899.4,51911.9,51898.4,51911.9,104
1784895720,51911.4,51915.4,51908.9,51909.9,112
1784895780,51910.4,51919.9,51908.9,51915.4,98
1784895840,51914.4,51934.4,51913.4,51934.4,140
1784895900,51933.4,51933.4,51897.4,51924.4,164
1784895960,51925.4,51935.4,51916.4,51916.9,132
1784896020,51917.4,51919.4,51905.9,51915.9,98
1784896080,51916.4,51924.4,51912.4,51919.4,86
1784896140,51918.9,51920.4,51914.9,51915.4,108
1784896200,51914.9,51920.9,51905.4,51917.4,146
1784896260,51918.9,51926.4,51916.9,51923.4,124
1784896320,51923.9,51930.4,51922.4,51929.4,98
1784896380,51930.4,51933.4,51925.4,51930.4,110
1784896440,51929.4,51929.4,51906.4,51906.4,140
1784896500,51907.4,51914.9,51903.4,51914.9,126
1784896560,51914.4,51915.9,51901.4,51906.9,132
1784896620,51906.4,51927.4,51905.9,51926.4,142
1784896680,51925.4,51926.4,51921.4,51922.4,104
1784896740,51922.9,51927.4,51917.4,51918.9,122
1784896800,51918.4,51925.4,51916.4,51923.9,128
1784896860,51924.4,51924.4,51905.9,51905.9,118
1784896920,51904.9,51906.4,51896.4,51898.4,114
1784896980,51899.4,51899.9,51889.4,51892.4,136
1784897040,51891.4,51894.4,51887.9,51889.9,136
1784897100,51891.4,51893.9,51887.4,51888.9,122
1784897160,51889.4,51891.4,51884.9,51884.9,126
1784897220,51883.4,51883.9,51872.9,51880.9,120
1784897280,51882.9,51882.9,51873.4,51880.4,132
1784897340,51881.4,51884.9,51880.4,51882.9,126
1784897400,51882.4,51886.4,51876.9,51877.4,110
1784897460,51878.4,51879.4,51867.9,51869.4,108
1784897520,51868.9,51869.4,51856.9,51861.4,124
1784897580,51861.9,51869.4,51857.9,51858.4,106
1784897640,51857.4,51857.4,51849.4,51853.9,88
1784897700,51855.4,51856.9,51834.4,51834.9,134
1784897760,51835.9,51847.9,51832.4,51833.4,136
1784897820,51832.4,51842.4,51829.4,51832.4,138
1784897880,51831.9,51832.4,51826.9,51828.4,102
1784897940,51828.9,51831.4,51820.9,51830.9,122
1784898000,51831.4,51854.4,51828.9,51837.9,200
1784898060,51837.4,51840.4,51832.4,51834.9,156
1784898120,51834.4,51848.9,51834.4,51846.9,170
1784898180,51846.4,51849.9,51837.4,51838.4,148
1784898240,51838.9,51840.4,51833.9,51834.9,124
1784898300,51834.4,51836.9,51827.9,51832.9,132
1784898360,51833.4,51833.9,51825.4,51832.4,128
1784898420,51831.9,51832.4,51817.9,51819.9,146
1784898480,51820.4,51824.9,51816.9,51824.9,144
1784898540,51824.4,51830.4,51822.9,51823.9,100
1784898600,51825.4,51835.9,51824.9,51833.4,108
1784898660,51833.9,51846.9,51824.9,51846.9,124
1784898720,51846.4,51857.4,51846.4,51852.9,140
1784898780,51852.4,51853.9,51846.4,51846.9,114
1784898840,51848.4,51848.4,51841.9,51843.9,124
1784898900,51845.4,51847.9,51832.9,51836.9,134
1784898960,51836.4,51841.4,51832.9,51836.9,114
1784899020,51835.4,51856.9,51835.4,51854.4,118
1784899080,51856.9,51860.9,51851.9,51853.4,116
1784899140,51852.9,51853.9,51847.9,51850.9,104
1784899200,51849.9,51852.4,51840.4,51841.4,110
1784899260,51840.9,51843.4,51826.9,51826.9,126
1784899320,51827.4,51830.4,51822.4,51825.4,118
1784899380,51824.9,51837.4,51824.9,51835.9,116
1784899440,51837.4,51841.4,51832.9,51839.4,106
1784899500,51842.4,51843.3,51823.4,51823.4,136
1784899560,51823.9,51825.4,51796.9,51825.4,148
1784899620,51823.9,51843.9,51818.4,51841.9,150
1784899680,51844.4,51860.9,51843.9,51856.4,170
1784899740,51859.4,51866.9,51793.4,51796.4,209
1784899800,51789.7,51858.7,51783.2,51809.2,282
1784899860,51812.2,51813.7,51763.9,51792.7,272
1784899920,51798.7,51851.9,51771.9,51776.9,279
1784899980,51772.9,51791.7,51757.4,51766.2,276
1784900040,51767.7,51793.7,51717.2,51721.7,262
1784900100,51730.2,51765.2,51724.2,51761.2,288
1784900160,51762.2,51779.2,51752.2,51768.2,288
1784900220,51770.7,51833.7,51766.2,51826.2,282
1784900280,51828.7,51828.7,51789.2,51809.7,254
1784900340,51814.2,51814.2,51781.2,51784.2,256
1784900400,51781.2,51809.2,51769.7,51809.2,258
1784900460,51808.2,51839.7,51808.2,51835.2,268
1784900520,51834.2,51844.7,51803.2,51803.2,244
1784900580,51806.2,51814.2,51789.7,51801.2,214
1784900640,51797.7,51797.7,51774.2,51774.7,220
1784900700,51775.7,51815.2,51754.2,51809.7,220
1784900760,51811.7,51851.7,51809.2,51850.4,260
1784900820,51850.9,51871.7,51841.4,51863.7,264
1784900880,51860.7,51893.2,51856.2,51872.2,246
1784900940,51871.2,51874.2,51828.2,51853.2,260
1784901000,51852.2,51866.2,51799.9,51819.2,260
1784901060,51820.2,51824.7,51776.7,51779.7,266
1784901120,51777.7,51781.7,51755.7,51755.7,260
1784901180,51754.7,51803.7,51746.7,51792.7,266
1784901240,51786.7,51802.2,51784.2,51796.2,250
1784901300,51791.2,51793.7,51759.2,51761.2,246
1784901360,51766.2,51795.2,51765.2,51787.2,260
1784901420,51786.2,51808.7,51780.2,51798.7,224
1784901480,51801.2,51824.2,51793.7,51824.2,226
1784901540,51823.2,51825.7,51796.7,51797.7,210
1784901600,51797.2,51819.7,51782.2,51815.2,239
1784901660,51817.2,51823.7,51803.7,51809.7,276
1784901720,51806.7,51839.2,51806.7,51812.2,246
1784901780,51811.2,51840.2,51792.2,51837.2,250
1784901840,51838.2,51838.2,51783.2,51784.2,256
1784901900,51786.2,51798.2,51772.7,51796.7,260
1784901960,51795.2,51802.2,51780.9,51791.4,260
1784902020,51789.4,51812.2,51788.4,51806.2,256
1784902080,51806.7,51847.7,51805.2,51843.2,236
1784902140,51839.2,51885.2,51839.2,51871.2,246
1784902200,51872.2,51900.2,51872.2,51892.7,254
1784902260,51894.2,51894.7,51859.2,51865.2,260
1784902320,51864.2,51871.2,51839.2,51844.2,252
1784902380,51843.2,51869.2,51835.2,51855.2,234
1784902440,51857.2,51893.2,51857.2,51877.2,220
1784902500,51876.2,51899.2,51876.2,51880.7,222
1784902560,51878.7,51890.2,51868.2,51872.7,236
1784902620,51871.2,51873.2,51826.2,51843.7,260
1784902680,51843.2,51857.2,51812.7,51824.2,258
1784902740,51824.7,51829.7,51805.2,51829.7,272
1784902800,51830.7,51834.7,51803.2,51820.2,242
1784902860,51819.2,51859.7,51811.2,51851.2,248
1784902920,51849.2,51858.2,51841.2,51855.2,234
1784902980,51855.7,51876.2,51854.2,51862.2,242
1784903040,51861.2,51862.2,51840.2,51845.2,239
1784903100,51846.2,51851.7,51813.2,51821.2,246
1784903160,51822.2,51843.7,51821.7,51835.7,246
1784903220,51834.2,51844.2,51805.2,51810.2,238
1784903280,51809.2,51825.7,51804.2,51814.7,236
1784903340,51815.2,51822.2,51798.2,51800.2,240
1784903400,51799.2,51806.2,51780.2,51783.7,244
1784903460,51782.2,51793.2,51771.7,51793.2,230
1784903520,51791.7,51812.7,51784.2,51797.7,230
1784903580,51796.7,51802.7,51781.2,51790.2,234
1784903640,51793.2,51796.2,51766.2,51766.2,229
1784903700,51765.2,51788.2,51763.2,51778.2,200
1784903760,51779.2,51787.2,51765.7,51767.2,234
1784903820,51766.7,51783.2,51763.7,51772.7,232
1784903880,51773.2,51783.7,51771.2,51776.7,238
1784903940,51775.2,51782.2,51749.7,51749.7,230
1784904000,51752.2,51781.2,51751.2,51776.2,228
1784904060,51773.7,51783.7,51758.2,51770.7,212
1784904120,51772.2,51772.2,51748.7,51757.2,222
1784904180,51756.2,51762.2,51736.2,51736.2,252
1784904240,51737.2,51747.4,51689.2,51690.2,233
1784904300,51692.2,51722.7,51690.7,51697.2,256
1784904360,51696.7,51732.7,51687.2,51732.7,255
1784904420,51731.7,51736.2,51703.7,51707.2,244
1784904480,51712.7,51723.7,51707.2,51721.9,236
1784904540,51722.4,51758.2,51719.4,51755.7,225
1784904600,51756.2,51786.2,51756.2,51785.7,222
1784904660,51784.2,51803.7,51774.2,51800.2,226
1784904720,51799.2,51802.2,51772.7,51780.2,240
1784904780,51777.2,51799.7,51776.7,51785.9,217
1784904840,51788.4,51789.4,51770.7,51779.7,202
1784904900,51779.2,51800.7,51778.2,51787.2,190
1784904960,51786.2,51799.2,51786.2,51795.7,210
1784905020,51796.2,51843.2,51795.2,51838.7,228
1784905080,51841.2,51859.2,51826.7,51857.2,217
1784905140,51858.2,51876.7,51853.2,51873.7,220
1784905200,51872.2,51883.2,51858.2,51883.2,228
1784905260,51880.7,51883.2,51862.2,51868.2,209
1784905320,51868.7,51870.2,51848.7,51862.7,218
1784905380,51862.2,51865.2,51846.2,51864.2,220
1784905440,51863.2,51866.2,51846.2,51861.2,197
1784905500,51862.7,51882.2,51858.2,51881.7,218
1784905560,51881.2,51891.2,51855.2,51855.2,218
1784905620,51856.2,51870.7,51846.2,51870.7,208
1784905680,51871.2,51890.2,51870.2,51874.2,186
1784905740,51872.2,51873.2,51841.2,51845.2,204
1784905800,51843.2,51924.7,51837.2,51915.2,232
1784905860,51910.7,51974.7,51910.7,51933.7,282
1784905920,51934.7,51959.2,51934.7,51947.7,280
1784905980,51946.2,51948.2,51924.2,51927.2,242
1784906040,51928.2,52016.2,51928.2,51996.2,278
1784906100,51990.7,52065.7,51988.2,52054.7,294
1784906160,52046.7,52062.2,52019.2,52019.2,274
1784906220,52018.2,52042.2,52015.2,52015.2,270
1784906280,52018.2,52031.7,51984.2,52000.2,250
1784906340,52001.2,52015.2,51963.7,51975.2,240
1784906400,51974.2,52024.7,51967.2,52007.2,239
1784906460,52011.2,52025.2,52009.2,52022.2,246
1784906520,52020.2,52041.2,52016.2,52030.2,218
1784906580,52028.2,52063.2,52028.2,52054.2,214
1784906640,52056.7,52059.7,52043.2,52043.2,222
1784906700,52045.2,52057.2,52040.2,52053.2,232
1784906760,52054.2,52069.2,52053.2,52064.7,204
1784906820,52064.2,52085.7,52063.2,52080.2,202
1784906880,52081.2,52101.2,52081.2,52085.7,204
1784906940,52085.2,52090.2,52073.2,52084.2,220
1784907000,52085.7,52085.7,52065.2,52071.2,226
1784907060,52072.2,52093.2,52072.2,52081.2,228
1784907120,52082.2,52082.2,52058.7,52059.2,198
1784907180,52058.7,52071.2,52051.7,52062.2,200
1784907240,52063.2,52072.2,52047.2,52047.2,202
1784907300,52046.2,52061.2,52044.2,52060.7,212
1784907360,52062.2,52082.2,52055.2,52081.2,209
1784907420,52084.2,52084.2,52061.7,52082.7,212
1784907480,52083.2,52101.2,52081.2,52100.2,188
1784907540,52101.2,52113.2,52099.7,52112.7,164
1784907600,52111.2,52116.2,52105.7,52105.7,174
1784907660,52106.2,52113.2,52079.7,52089.2,230
1784907720,52086.7,52107.2,52080.2,52095.7,216
1784907780,52095.2,52104.2,52064.2,52072.2,196
1784907840,52071.2,52080.2,52070.7,52070.7,224
1784907900,52073.2,52086.2,52071.2,52079.2,196
1784907960,52079.7,52091.7,52078.2,52082.2,187
1784908020,52081.7,52090.7,52063.2,52068.2,194
1784908080,52067.2,52070.2,52056.2,52060.7,194
1784908140,52060.2,52067.2,52056.2,52067.2,176
1784908200,52069.2,52094.7,52069.2,52094.7,174
1784908260,52093.2,52096.2,52070.2,52070.2,160
1784908320,52071.2,52073.2,52050.2,52057.2,202
1784908380,52058.2,52069.2,52054.2,52068.2,200
1784908440,52068.7,52077.2,52066.2,52068.2,178
1784908500,52067.7,52075.2,52057.2,52059.2,172
1784908560,52060.2,52073.2,52059.2,52069.2,156
1784908620,52068.2,52080.7,52067.2,52076.7,182
1784908680,52075.2,52082.7,52064.2,52080.2,176
1784908740,52080.7,52082.2,52071.2,52082.2,170
1784908800,52083.2,52087.2,52062.7,52066.2,190
1784908860,52067.2,52081.2,52067.2,52076.2,166
1784908920,52075.2,52075.2,52060.2,52066.7,171
1784908980,52066.2,52068.7,52057.2,52059.2,170
1784909040,52060.2,52077.2,52057.2,52075.7,164
1784909100,52075.2,52076.2,52065.2,52065.2,152
1784909160,52064.2,52065.2,52054.7,52059.2,168
1784909220,52058.2,52084.2,52052.7,52081.2,168
1784909280,52081.7,52085.7,52069.7,52070.7,148
1784909340,52070.2,52072.2,52059.2,52063.2,168
1784909400,52064.2,52083.2,52062.2,52082.2,158
1784909460,52083.7,52085.2,52076.2,52078.2,144
1784909520,52077.2,52081.7,52071.7,52073.7,164
1784909580,52075.2,52079.2,52050.2,52057.2,174
1784909640,52056.2,52074.7,52055.2,52071.2,178
1784909700,52072.2,52077.2,52063.2,52073.2,160
1784909760,52071.7,52084.2,52070.2,52081.7,148
1784909820,52082.2,52092.2,52080.2,52084.7,150
1784909880,52085.2,52107.2,52083.2,52102.7,160
1784909940,52101.2,52110.2,52098.2,52105.2,131
1784910000,52106.2,52119.7,52103.2,52118.2,154
1784910060,52117.7,52118.2,52101.2,52104.2,156
1784910120,52105.2,52115.2,52102.2,52115.2,144
1784910180,52116.2,52116.2,52107.2,52111.2,116
1784910240,52110.2,52115.2,52103.2,52106.2,132
1784910300,52107.2,52111.2,52102.2,52110.2,134
1784910360,52109.7,52116.2,52105.2,52112.7,124
1784910420,52113.2,52124.2,52111.2,52116.2,152
1784910480,52117.2,52117.7,52103.2,52103.2,136
1784910540,52103.7,52110.7,52101.2,52104.2,146
1784910600,52106.2,52106.7,52064.2,52075.2,196
1784910660,52075.7,52096.2,52075.7,52089.2,190
1784910720,52087.2,52090.7,52078.2,52087.2,160
1784910780,52086.2,52091.2,52062.2,52067.2,146
1784910840,52066.2,52073.7,52059.2,52061.2,154
1784910900,52062.2,52067.2,52058.7,52061.2,164
1784910960,52062.2,52067.2,52057.2,52062.2,156
1784911020,52061.2,52072.2,52055.2,52072.2,150
1784911080,52073.2,52074.7,52050.2,52050.2,152
1784911140,52049.2,52062.2,52046.7,52049.2,167
1784911200,52047.2,52047.2,52025.2,52025.2,192
1784911260,52022.2,52037.2,52022.2,52031.2,168
1784911320,52030.2,52036.2,52020.2,52030.2,174
1784911380,52031.7,52036.2,52017.2,52025.7,176
1784911440,52026.2,52032.2,52008.2,52010.7,186
1784911500,52010.2,52020.2,52002.4,52015.7,196
1784911560,52016.2,52016.2,52005.2,52006.7,174
1784911620,52005.7,52010.2,51983.2,51984.2,204
1784911680,51983.2,51989.2,51980.2,51987.2,190
1784911740,51986.2,51992.2,51971.2,51984.7,186
1784911800,51985.2,51985.2,51974.7,51976.2,176
1784911860,51978.2,51988.2,51977.7,51987.7,192
1784911920,51990.2,51991.2,51969.2,51970.7,180
1784911980,51970.2,51972.7,51952.2,51964.2,176
1784912040,51963.2,51978.2,51961.2,51965.2,174
1784912100,51964.2,51978.2,51956.2,51970.2,170
1784912160,51971.2,51981.2,51963.2,51981.2,162
1784912220,51980.2,52003.2,51980.2,52002.2,172
1784912280,52003.2,52019.2,51996.7,52015.2,158
1784912340,52014.7,52016.7,51994.7,51995.7,166
1784912400,51997.7,52002.2,51983.2,51984.7,170
1784912460,51985.2,51990.2,51968.2,51989.2,194
1784912520,51990.2,51995.2,51981.2,51983.2,180
1784912580,51981.2,51985.7,51972.2,51977.7,176
1784912640,51978.2,51981.2,51972.2,51974.2,138
1784912700,51973.2,51988.2,51971.2,51979.2,164
1784912760,51980.2,51981.2,51933.7,51955.2,236
1784912820,51955.7,51957.7,51939.2,51939.2,200
1784912880,51938.7,51946.2,51919.2,51931.7,199
1784912940,51932.2,51938.7,51919.7,51925.2,176
1784913000,51925.7,51935.2,51915.7,51929.7,220
1784913060,51928.2,51949.2,51927.7,51943.7,172
1784913120,51943.2,51952.2,51942.2,51943.2,172
1784913180,51944.2,51957.2,51940.2,51954.2,186
1784913240,51955.2,51977.2,51955.2,51968.2,170
1784913300,51968.7,51971.2,51954.2,51957.2,166
1784913360,51958.2,51968.2,51951.4,51961.2,157
1784913420,51962.2,51989.7,51959.7,51988.7,176
1784913480,51988.2,51995.2,51982.2,51987.2,204
1784913540,51984.2,51994.2,51983.2,51991.2,164
1784913600,51993.2,51993.2,51980.2,51988.2,164
1784913660,51986.7,51998.7,51985.2,51986.2,156
1784913720,51986.7,51992.7,51968.2,51974.2,164
1784913780,51972.2,51985.2,51967.7,51970.2,162
1784913840,51969.7,51978.2,51956.2,51978.2,188
1784913900,51978.7,51987.2,51964.7,51987.2,176
1784913960,51989.2,52001.2,51988.7,52000.7,160
1784914020,52001.2,52013.7,52000.2,52012.2,176
1784914080,52011.2,52016.2,52006.2,52006.2,158
1784914140,52005.2,52020.2,52003.2,52017.7,126
1784914200,52019.2,52020.2,52005.2,52015.2,156
1784914260,52016.2,52017.2,52001.2,52013.2,160
1784914320,52013.7,52016.2,51995.2,52006.2,170
1784914380,52004.7,52021.2,52004.2,52019.2,148
1784914440,52018.2,52028.2,52016.2,52028.2,154
1784914500,52027.2,52031.7,52021.2,52022.2,154
1784914560,52021.2,52026.7,52011.7,52019.7,150
1784914620,52019.2,52019.2,51999.2,52004.2,162
1784914680,52002.2,52015.7,52000.2,52010.7,162
1784914740,52011.2,52013.2,52001.2,52006.2,152
1784914800,52007.2,52009.2,51994.2,51995.2,186
1784914860,51994.2,52005.2,51988.2,52004.7,170
1784914920,52005.7,52007.2,51998.2,52000.7,162
1784914980,52001.2,52003.2,51992.2,51994.2,148
1784915040,51996.2,52000.2,51985.2,51986.2,180
1784915100,51987.2,51992.2,51980.2,51984.7,176
1784915160,51984.2,51997.2,51984.2,51990.7,168
1784915220,51990.2,51997.2,51985.2,51985.2,134
1784915280,51984.2,51987.2,51973.2,51981.2,160
1784915340,51980.7,51988.2,51977.2,51987.2,162
1784915400,51988.2,51991.2,51976.7,51990.2,164
1784915460,51991.2,51996.2,51974.2,51974.2,166
1784915520,51974.7,51975.2,51966.2,51969.2,156
1784915580,51970.2,51981.2,51970.2,51974.7,172
1784915640,51975.2,51986.2,51975.2,51982.2,142
1784915700,51985.2,51994.7,51980.2,51985.2,152
1784915760,51986.2,52000.7,51983.2,52000.2,146
1784915820,51999.7,51999.7,51986.6,51989.1,148
1784915880,51989.6,52000.1,51989.6,51995.1,132
1784915940,51995.6,51996.6,51979.6,51979.6,156
1784916000,51979.1,51987.6,51976.6,51987.6,164
1784916060,51989.1,51990.6,51975.6,51975.6,130
1784916120,51973.6,51974.6,51965.1,51969.6,128
1784916180,51970.1,51974.6,51968.1,51969.6,150
1784916240,51970.6,51981.6,51969.6,51980.6,150
1784916300,51979.6,51980.6,51971.6,51979.1,172
1784916360,51978.6,51989.6,51977.6,51985.6,160
1784916420,51986.6,52004.6,51983.6,52004.6,152
1784916480,52005.6,52009.6,51998.6,51999.6,159
1784916540,51999.1,52007.6,51999.1,52001.6,148
1784916600,52004.6,52006.1,51992.6,51992.6,130
1784916660,51993.1,51997.6,51985.6,51990.6,136
1784916720,51989.6,51992.6,51982.6,51983.1,136
1784916780,51985.6,51989.6,51979.6,51982.6,142
1784916840,51979.6,51983.6,51976.6,51976.6,148
1784916900,51975.6,51979.6,51969.6,51973.6,138
1784916960,51974.6,51981.6,51969.6,51981.1,174
1784917020,51980.6,51985.6,51974.6,51974.6,164
1784917080,51971.6,51978.6,51964.6,51977.6,166
1784917140,51978.1,51980.6,51952.6,51955.6,170
1784917200,51954.6,51955.6,51938.1,51938.1,164
1784917260,51938.6,51944.6,51932.1,51935.6,182
1784917320,51936.6,51949.6,51935.6,51948.6,176
1784917380,51947.6,51950.6,51938.6,51946.1,166
1784917440,51945.6,51953.6,51945.6,51949.6,168
1784917500,51948.6,51951.6,51928.6,51939.6,182
1784917560,51938.6,51940.1,51924.6,51926.6,158
1784917620,51925.6,51928.6,51916.6,51918.6,174
1784917680,51919.6,51919.6,51908.6,51911.6,174
1784917740,51910.6,51920.6,51900.1,51900.6,190
1784917800,51901.6,51906.6,51895.6,51900.6,184
1784917860,51901.1,51902.6,51879.6,51884.6,184
1784917920,51882.6,51891.6,51875.6,51875.6,172
1784917980,51876.1,51882.6,51852.6,51853.6,184
1784918040,51851.6,51854.6,51837.1,51842.6,196
1784918100,51841.6,51846.1,51823.6,51843.1,226
1784918160,51844.6,51862.1,51834.6,51842.6,226
1784918220,51843.1,51861.6,51841.6,51852.6,194
1784918280,51853.6,51879.6,51848.6,51877.6,204
1784918340,51877.1,51878.6,51848.6,51868.6,190
1784918400,51867.6,51867.6,51839.6,51844.1,192
1784918460,51843.6,51852.6,51833.6,51833.6,188
1784918520,51831.6,51849.6,51829.1,51848.1,204
1784918580,51848.6,51854.6,51843.1,51849.1,192
1784918640,51848.6,51860.6,51848.6,51853.6,194
1784918700,51852.6,51879.6,51851.6,51877.1,196
1784918760,51877.6,51886.6,51871.6,51875.6,190
1784918820,51876.6,51893.6,51876.6,51893.6,176
1784918880,51892.6,51894.6,51866.6,51867.6,178
1784918940,51868.6,51875.6,51863.6,51870.6,164
1784919000,51874.1,51876.6,51860.6,51875.6,174
1784919060,51874.6,51886.6,51871.6,51874.1,166
1784919120,51872.6,51879.6,51868.1,51879.1,164
1784919180,51879.6,51882.6,51873.6,51881.1,170
1784919240,51880.6,51880.6,51867.6,51874.6,162
1784919300,51876.6,51879.6,51871.6,51878.1,166
1784919360,51878.6,51899.6,51875.6,51895.6,168
1784919420,51894.6,51902.6,51893.6,51897.6,134
1784919480,51895.6,51903.6,51893.6,51895.6,168
1784919540,51894.6,51899.6,51890.6,51890.6,142
1784919600,51893.1,51899.6,51880.6,51894.1,194
1784919660,51893.6,51911.6,51887.6,51900.1,188
1784919720,51900.6,51903.6,51882.6,51886.1,200
1784919780,51886.6,51891.6,51874.6,51879.6,164
1784919840,51881.6,51895.6,51880.6,51889.6,176
1784919900,51890.6,51903.6,51883.6,51900.6,168
1784919960,51900.1,51905.6,51894.6,51901.6,156
1784920020,51900.6,51902.1,51884.6,51884.6,194
1784920080,51885.6,51894.6,51885.1,51888.1,154
1784920140,51888.6,51890.6,51874.6,51877.6,172
1784920200,51875.6,51886.6,51869.6,51884.6,162
1784920260,51883.6,51891.6,51880.1,51889.1,158
1784920320,51888.6,51913.6,51888.6,51896.6,172
1784920380,51897.6,51900.6,51888.1,51893.6,160
1784920440,51891.6,51891.6,51879.6,51880.6,170
1784920500,51879.6,51880.6,51873.6,51877.1,172
1784920560,51876.6,51877.6,51869.6,51875.6,196
1784920620,51876.1,51887.6,51871.6,51881.1,186
1784920680,51881.6,51892.1,51880.6,51888.6,164
1784920740,51886.6,51897.6,51883.6,51897.6,172
1784920800,51898.6,51898.6,51878.6,51892.1,168
1784920860,51892.6,51905.6,51886.6,51905.6,170
1784920920,51905.1,51905.1,51892.6,51893.6,182
1784920980,51893.1,51893.1,51874.6,51875.1,154
1784921040,51874.6,51875.6,51851.6,51858.1,168
1784921100,51857.6,51863.6,51850.6,51860.6,160
1784921160,51861.1,51868.6,51855.6,51866.6,158
1784921220,51867.6,51881.6,51865.6,51869.1,162
1784921280,51868.6,51873.1,51859.6,51865.6,176
1784921340,51866.1,51879.1,51866.1,51869.6,178
1784921400,51870.6,51888.6,51870.1,51884.6,164
1784921460,51885.6,51894.6,51881.6,51886.6,188
1784921520,51889.6,51903.6,51888.6,51898.6,178
1784921580,51898.1,51911.6,51891.1,51899.1,206
1784921640,51898.6,51903.6,51885.6,51887.6,192
1784921700,51887.1,51935.1,51885.6,51927.1,232
1784921760,51926.1,51930.6,51903.6,51916.1,220
1784921820,51916.6,51937.1,51915.6,51924.1,194
1784921880,51923.6,51929.1,51917.6,51920.6,172
1784921940,51921.1,51929.1,51908.1,51912.1,204
1784922000,51911.1,51925.6,51909.6,51919.6,188
1784922060,51919.1,51923.6,51912.6,51921.1,170
1784922120,51920.6,51920.6,51909.1,51916.1,150
1784922180,51915.6,51917.1,51899.1,51908.1,164
1784922240,51907.6,51922.1,51905.8,51922.1,173
1784922300,51919.6,51932.6,51907.6,51912.6,197
1784922360,51911.6,51918.6,51906.6,51908.6,154
1784922420,51906.1,51919.6,51903.6,51904.6,164
1784922480,51905.1,51915.6,51901.6,51911.6,150
1784922540,51911.1,51943.1,51910.1,51941.1,200
1784922600,51944.1,51944.1,51914.6,51919.6,236
1784922660,51919.1,51919.6,51907.1,51910.6,204
1784922720,51909.6,51916.6,51901.6,51916.6,168
1784922780,51914.6,51935.1,51914.6,51932.1,174
1784922840,51928.6,51952.1,51925.1,51947.1,180
1784922900,51940.1,51945.6,51916.1,51922.1,216
1784922960,51921.1,51922.6,51911.6,51915.6,180
1784923020,51912.6,51921.6,51912.6,51918.6,174
1784923080,51917.1,51926.1,51914.6,51920.1,158
1784923140,51919.6,51947.6,51903.6,51938.6,224
