time,open,high,low,close,Volume
1784527200,8318.4,8321.6,8317.4,8319.9,51
1784527260,8319.9,8322.9,8316.9,8322.4,61
1784527320,8321.9,8321.9,8317.1,8318.6,42
1784527380,8318.4,8318.6,8313.9,8314.1,46
1784527440,8313.1,8313.9,8311.4,8313.4,76
1784527500,8313.9,8315.9,8311.4,8312.1,56
1784527560,8312.9,8315.6,8312.9,8314.9,50
1784527620,8314.6,8314.9,8313.6,8313.9,46
1784527680,8313.9,8315.9,8313.9,8315.4,41
1784527740,8315.9,8316.4,8312.1,8312.4,34
1784527800,8311.9,8312.1,8307.6,8308.6,60
1784527860,8308.1,8308.6,8307.4,8307.4,36
1784527920,8308.1,8309.4,8307.9,8309.1,28
1784527980,8309.4,8310.1,8307.9,8308.1,39
1784528040,8308.4,8308.6,8307.4,8308.1,32
1784528100,8307.9,8309.1,8306.9,8308.9,39
1784528160,8308.6,8312.4,8308.6,8310.4,46
1784528220,8310.1,8311.9,8309.9,8310.1,45
1784528280,8309.9,8310.4,8307.9,8307.9,40
1784528340,8308.1,8311.6,8307.6,8311.6,48
1784528400,8311.9,8313.9,8311.6,8313.1,35
1784528460,8313.4,8313.4,8311.4,8311.6,22
1784528520,8311.1,8313.1,8311.1,8312.4,30
1784528580,8312.9,8313.6,8311.9,8312.6,41
1784528640,8312.4,8313.1,8308.6,8309.1,56
1784528700,8308.6,8309.1,8307.1,8308.1,44
1784528760,8307.9,8308.6,8306.9,8307.6,40
1784528820,8307.9,8309.4,8307.9,8308.6,40
1784528880,8308.1,8310.4,8308.1,8309.9,26
1784528940,8310.1,8311.4,8309.6,8309.6,28
1784529000,8309.9,8313.4,8309.1,8313.1,76
1784529060,8312.9,8313.4,8312.4,8312.6,36
1784529120,8312.1,8312.1,8309.1,8310.6,44
1784529180,8310.9,8311.6,8309.1,8310.1,42
1784529240,8309.6,8310.1,8308.9,8310.1,32
1784529300,8309.9,8309.9,8306.6,8306.9,42
1784529360,8307.1,8308.4,8306.6,8307.9,40
1784529420,8307.6,8308.1,8306.4,8306.4,40
1784529480,8306.6,8308.4,8306.6,8306.9,32
1784529540,8307.1,8307.6,8303.1,8305.4,58
1784529600,8304.9,8307.1,8304.9,8306.6,31
1784529660,8306.9,8314.6,8306.9,8314.4,74
1784529720,8314.6,8314.9,8307.4,8307.6,64
1784529780,8307.9,8309.4,8306.4,8309.4,39
1784529840,8309.6,8311.1,8309.6,8310.9,36
1784529900,8310.4,8311.4,8307.4,8308.6,76
1784529960,8308.9,8309.9,8308.9,8309.9,38
1784530020,8310.9,8311.6,8307.6,8307.6,29
1784530080,8308.1,8309.1,8308.1,8308.6,14
1784530140,8308.9,8310.9,8308.4,8309.6,50
1784530200,8309.9,8311.9,8308.4,8311.1,68
1784530260,8308.9,8313.9,8308.9,8313.9,32
1784530320,8314.4,8318.6,8314.4,8317.4,46
1784530380,8317.1,8317.9,8316.1,8316.9,36
1784530440,8316.6,8318.4,8316.1,8316.6,28
1784530500,8315.9,8316.9,8314.6,8316.4,22
1784530560,8316.6,8317.1,8316.1,8317.1,12
1784530620,8316.9,8316.9,8313.1,8314.1,48
1784530680,8313.9,8314.1,8312.4,8313.6,40
1784530740,8313.9,8319.1,8312.6,8318.6,56
1784530800,8318.4,8321.4,8311.4,8318.4,172
1784530860,8318.9,8330.6,8317.9,8330.4,150
1784530920,8330.9,8330.9,8327.9,8329.9,90
1784530980,8329.4,8329.4,8325.4,8326.9,98
1784531040,8327.4,8330.1,8324.4,8324.4,90
1784531100,8323.9,8325.9,8318.9,8318.9,112
1784531160,8319.4,8321.1,8316.1,8318.4,117
1784531220,8318.6,8320.9,8317.1,8319.4,116
1784531280,8318.9,8318.9,8314.4,8315.4,114
1784531340,8316.1,8319.6,8315.4,8315.9,98
1784531400,8315.4,8320.9,8314.9,8319.9,124
1784531460,8319.4,8326.9,8319.4,8325.9,108
1784531520,8325.4,8326.6,8322.4,8324.1,98
1784531580,8324.4,8325.4,8320.6,8321.6,104
1784531640,8322.4,8325.9,8322.4,8325.4,110
1784531700,8325.9,8328.9,8325.9,8327.1,98
1784531760,8328.1,8331.4,8326.9,8330.4,101
1784531820,8329.9,8329.9,8318.9,8319.4,122
1784531880,8318.9,8322.4,8318.9,8319.4,90
1784531940,8318.9,8322.1,8316.4,8321.1,100
1784532000,8320.6,8323.8,8320.6,8323.6,98
1784532060,8324.1,8325.6,8319.6,8324.6,100
1784532120,8324.1,8336,8323.8,8336,136
1784532180,8335.5,8337.5,8333.3,8334.5,124
1784532240,8335,8335.5,8333.3,8335,114
1784532300,8334.8,8338,8331.8,8332.5,124
1784532360,8332.3,8342.9,8331.8,8342.9,98
1784532420,8342.4,8344.9,8337.9,8338.4,126
1784532480,8337.9,8341.4,8336.2,8337,104
1784532540,8337.7,8341.2,8337.7,8340.4,86
1784532600,8340.9,8347.9,8338.9,8341.4,120
1784532660,8340.9,8341.9,8335.2,8335.5,128
1784532720,8335.8,8337.3,8334.7,8335.5,128
1784532780,8336,8341.9,8335,8341.7,112
1784532840,8341.2,8347.9,8340.7,8346.1,102
1784532900,8346.6,8347.1,8345.1,8346.8,100
1784532960,8346.3,8349.3,8346.3,8346.8,108
1784533020,8347,8347,8343.6,8345.3,102
1784533080,8345.1,8346.3,8341.1,8341.4,120
1784533140,8341.9,8344.8,8341.8,8344.3,120
1784533200,8344,8347.7,8342.8,8347.7,106
1784533260,8347.2,8348.2,8343.3,8343.3,116
1784533320,8343,8347.7,8341.5,8345.7,130
1784533380,8346.2,8349.7,8346.2,8348.9,82
1784533440,8349.1,8357,8349.1,8357,108
1784533500,8356.3,8362,8354.5,8362,104
1784533560,8362.5,8364.9,8361.7,8363.9,108
1784533620,8363.6,8363.6,8356.4,8359.4,108
1784533680,8358.9,8359.2,8355.3,8355.5,90
1784533740,8355.3,8355.3,8351.1,8351.1,90
1784533800,8350.4,8350.9,8345.7,8345.7,96
1784533860,8346.2,8349.2,8344.7,8349.1,80
1784533920,8349.6,8351.1,8347.1,8348.1,74
1784533980,8348.6,8349.1,8345.4,8345.9,68
1784534040,8345.7,8347.2,8344.4,8346.7,62
1784534100,8345.9,8347.7,8343.9,8344.7,88
1784534160,8345.2,8349.9,8344.7,8349.9,80
1784534220,8350.6,8355.5,8350.6,8354,76
1784534280,8354.5,8356,8353.5,8354,70
1784534340,8353.8,8353.8,8349.8,8352.1,92
1784534400,8352.6,8355,8352.1,8352.1,120
1784534460,8351.6,8351.8,8347.4,8348.1,102
1784534520,8347.6,8352.9,8347.4,8352.1,98
1784534580,8352.4,8353.4,8351.1,8353.1,84
1784534640,8352.6,8353.6,8347.6,8347.7,100
1784534700,8347.2,8347.4,8342.2,8344.2,112
1784534760,8344,8347.6,8343.7,8344.7,98
1784534820,8343.7,8346.2,8340.7,8345.7,96
1784534880,8346.2,8346.2,8343.7,8345.7,64
1784534940,8345.2,8347.6,8345.2,8347.6,74
1784535000,8347.1,8348.6,8345.6,8347.6,62
1784535060,8347.1,8349.6,8346.1,8349.1,78
1784535120,8349.6,8356.5,8349.6,8356,84
1784535180,8355.7,8355.7,8353,8353.5,70
1784535240,8353.8,8354.3,8353.3,8354.3,32
1784535300,8353.8,8359.5,8353.8,8359.5,108
1784535360,8359,8359.5,8356.2,8358,76
1784535420,8358.2,8358.5,8354.3,8354.3,70
1784535480,8354.5,8357.2,8354.3,8357,94
1784535540,8356.7,8356.7,8354.3,8355,90
1784535600,8354.5,8356.5,8352.8,8354.3,86
1784535660,8354,8354.8,8351.3,8351.6,68
1784535720,8351.8,8355.1,8351.6,8353.6,66
1784535780,8353.8,8356.5,8353.1,8356,54
1784535840,8356.5,8360.2,8356.3,8360,60
1784535900,8359.7,8362.4,8359.7,8360.9,60
1784535960,8361.2,8362.2,8359.9,8360.9,54
1784536020,8361.1,8361.9,8360.4,8360.4,74
1784536080,8359.9,8362.6,8359.9,8362.1,70
1784536140,8361.6,8364.1,8361.4,8362.1,82
1784536200,8361.6,8362.9,8357.9,8358.9,86
1784536260,8359.4,8361.4,8358.2,8361.4,66
1784536320,8361.9,8364.4,8360.9,8360.9,82
1784536380,8361.4,8361.4,8357.4,8360.4,70
1784536440,8359.9,8360.9,8359.2,8359.9,56
1784536500,8360.2,8360.2,8357,8357,78
1784536560,8357.2,8361,8355,8360,90
1784536620,8359.8,8360.5,8356.5,8360,92
1784536680,8359.5,8363.9,8359.5,8362.9,84
1784536740,8362.7,8363.7,8362.4,8363.4,52
1784536800,8362.9,8363.9,8361.4,8363.9,74
1784536860,8364.1,8365.9,8363.4,8365.4,52
1784536920,8365.9,8365.9,8363.4,8363.4,58
1784536980,8362.9,8363.7,8356.5,8357,104
1784537040,8357.5,8358.8,8355.8,8356.1,72
1784537100,8356.6,8356.6,8354.1,8355.4,66
1784537160,8355.1,8355.6,8354.1,8355.1,68
1784537220,8354.1,8355.2,8351.9,8354.7,56
1784537280,8354.4,8355.1,8353.4,8354.2,58
1784537340,8353.7,8355.2,8353.4,8353.4,62
1784537400,8352.9,8353.2,8350.5,8350.7,76
1784537460,8350.2,8352.8,8349.8,8351.8,50
1784537520,8351.3,8351.3,8347.8,8350.8,68
1784537580,8351.3,8352.2,8349.8,8351.7,66
1784537640,8351.5,8352,8350,8351.7,74
1784537700,8351.2,8353.7,8350.2,8351.5,56
1784537760,8351.7,8353.7,8351.2,8353.4,78
1784537820,8352.9,8357.1,8352.7,8357.1,68
1784537880,8356.6,8359.4,8356.1,8358.1,68
1784537940,8357.9,8359.6,8357.4,8359.4,76
1784538000,8358.9,8359.9,8357.1,8358.6,72
1784538060,8359.1,8359.1,8356.6,8358.1,54
1784538120,8358.4,8359.1,8357.1,8357.4,64
1784538180,8357.1,8358.1,8355.4,8355.6,76
1784538240,8355.4,8356.6,8352.7,8352.7,74
1784538300,8352.5,8353.7,8351.2,8353.2,70
1784538360,8353.7,8353.7,8351.2,8351.3,84
1784538420,8351,8351,8348.3,8348.8,76
1784538480,8348.6,8349.3,8347.3,8348.8,88
1784538540,8348.6,8351.8,8347.1,8349.3,64
1784538600,8349.8,8353,8349.8,8352.3,104
1784538660,8351.8,8355.3,8351.8,8354.8,60
1784538720,8355.3,8355.3,8352.8,8353,44
1784538780,8353.3,8353.3,8349.8,8350.6,62
1784538840,8351.1,8352.3,8350.6,8351.3,60
1784538900,8351.8,8359.5,8351.8,8358.7,76
1784538960,8358.5,8360.2,8358,8359.7,38
1784539020,8359.9,8362.7,8358.9,8361.6,60
1784539080,8361.9,8361.9,8357.2,8357.2,60
1784539140,8356.9,8357.2,8353.8,8353.8,52
1784539200,8354.3,8356.8,8354.3,8356.3,54
1784539260,8356.5,8360.7,8356.5,8360.4,50
1784539320,8360.2,8361.2,8359.9,8360.2,32
1784539380,8360.4,8363.7,8360.2,8362.4,76
1784539440,8361.9,8362.9,8359.2,8361.2,84
1784539500,8360.9,8362.2,8359.7,8361.7,76
1784539560,8361.4,8361.9,8360.7,8361.7,44
1784539620,8361.4,8361.9,8360.9,8361.9,28
1784539680,8361.7,8363.4,8361.7,8363.1,52
1784539740,8363.4,8363.4,8361.4,8361.4,34
1784539800,8360.4,8363.2,8360.2,8362.9,78
1784539860,8363.4,8365.4,8362.9,8363.9,64
1784539920,8362.9,8364.6,8362.9,8364.1,44
1784539980,8363.6,8367.4,8363.6,8367.1,38
1784540040,8367.6,8368.1,8367.4,8368.1,32
1784540100,8367.8,8368.6,8367.1,8367.6,50
1784540160,8367.1,8368.8,8366.8,8367.6,58
1784540220,8367.1,8369.1,8367.1,8368.6,54
1784540280,8368.1,8369.6,8367.6,8368.1,40
1784540340,8368.3,8370.8,8368.1,8370.5,58
1784540400,8370.3,8370.6,8368.6,8370,72
1784540460,8369.5,8373,8369.3,8372.3,64
1784540520,8372.5,8373.5,8370.5,8370.8,86
1784540580,8370.3,8372.8,8369.5,8369.8,50
1784540640,8369.5,8370.3,8368.5,8369,40
1784540700,8368.8,8368.8,8365.6,8365.6,66
1784540760,8365.8,8366.9,8364.6,8366.6,52
1784540820,8366.8,8369.1,8366.6,8367.6,80
1784540880,8367.3,8367.3,8364.1,8364.6,62
1784540940,8364.9,8365.1,8361.1,8361.1,56
1784541000,8360.6,8360.6,8359.1,8359.6,60
1784541060,8359.1,8359.7,8358.2,8358.4,58
1784541120,8357.9,8358.4,8354.4,8355.4,84
1784541180,8354.9,8358.6,8354.9,8358.6,66
1784541240,8359.6,8362.8,8359.1,8361.3,54
1784541300,8361,8361.5,8356.6,8357.1,86
1784541360,8356.8,8357.8,8355.4,8355.6,64
1784541420,8355.4,8360.8,8355.4,8360.6,82
1784541480,8360.8,8362,8360.5,8361.3,62
1784541540,8361.5,8362.5,8361,8362.5,54
1784541600,8363,8363.8,8360.3,8360.3,70
1784541660,8359.8,8360.6,8358,8359.8,52
1784541720,8360.3,8360.3,8359.1,8360,52
1784541780,8360.8,8360.8,8356.6,8359.6,58
1784541840,8359.8,8362.8,8359.6,8360.6,78
1784541900,8360.9,8361.3,8358.6,8359.1,48
1784541960,8358.9,8360.9,8357.6,8359.1,84
1784542020,8359.6,8359.9,8357.4,8358.6,68
1784542080,8358.1,8360.4,8358.1,8360.4,52
1784542140,8360.6,8361.9,8359.9,8360.6,66
1784542200,8360.1,8363.9,8359.4,8363.1,72
1784542260,8363.6,8364.4,8361.6,8362.6,86
1784542320,8362.1,8362.1,8359.2,8359.9,68
1784542380,8359.7,8360.7,8358.9,8360.2,54
1784542440,8360.4,8361.2,8359.2,8359.2,68
1784542500,8358.5,8358.5,8355.8,8357.8,68
1784542560,8357.3,8358.8,8356,8358.3,64
1784542620,8357.8,8358,8353.3,8354.1,70
1784542680,8353.6,8354.4,8351.1,8354.4,68
1784542740,8354.3,8359,8354.3,8357.8,68
1784542800,8357.3,8360,8357,8360,46
1784542860,8359.7,8361.5,8359.7,8361.4,50
1784542920,8361.7,8361.9,8358.2,8361.2,60
1784542980,8361.4,8363.9,8361.4,8363.9,34
1784543040,8363.6,8364.1,8361.9,8362.1,50
1784543100,8361.9,8363.6,8357.1,8357.4,74
1784543160,8357.1,8358.2,8355.7,8356.2,74
1784543220,8356.7,8358.4,8355.2,8358.1,46
1784543280,8357.6,8357.6,8354.9,8356.2,48
1784543340,8355.7,8356.7,8354.7,8355.7,70
1784543400,8355.2,8356.7,8353.7,8354.7,86
1784543460,8354.4,8355.7,8353.2,8355.2,74
1784543520,8354.7,8356.4,8353.7,8353.7,34
1784543580,8352.9,8356.2,8352.9,8354.7,48
1784543640,8354.2,8355.4,8352.7,8353.7,52
1784543700,8354.2,8354.2,8349.5,8350.3,74
1784543760,8349.8,8350.1,8348.5,8349.8,60
1784543820,8349.3,8349.6,8345.6,8347.1,58
1784543880,8346.9,8347.1,8344.1,8345.4,66
1784543940,8344.9,8347.1,8344.4,8346.6,52
1784544000,8346.1,8346.4,8339.4,8341.1,92
1784544060,8340.9,8343.4,8340.9,8341.4,56
1784544120,8341.6,8342.4,8340.9,8341.9,76
1784544180,8342.4,8343.1,8341.1,8343.1,72
1784544240,8342.9,8345.9,8342.9,8344.6,74
1784544300,8344.3,8344.3,8340.6,8342.1,90
1784544360,8342.4,8345.8,8342.1,8342.8,64
1784544420,8342.6,8344.3,8342.1,8344.3,56
1784544480,8344.8,8344.8,8342.1,8343.6,52
1784544540,8343.8,8345.1,8341.4,8342.4,72
1784544600,8341.9,8342.4,8339.1,8342.4,78
1784544660,8342.1,8343.9,8341.6,8343.3,68
1784544720,8342.8,8343.4,8342.3,8343.3,38
1784544780,8343.8,8348,8343.8,8348,54
1784544840,8348.3,8351.7,8347.5,8351.2,64
1784544900,8350.9,8351.2,8349.7,8350.2,20
1784544960,8350.7,8353.1,8350.7,8353.1,42
1784545020,8352.9,8354.1,8352.6,8354.1,54
1784545080,8353.9,8353.9,8349.6,8351.6,50
1784545140,8351.4,8352.6,8350.6,8352.6,58
1784545200,8353.1,8357.5,8353.1,8357.5,108
1784545260,8357.8,8359.5,8355,8355,70
1784545320,8354.5,8357,8353.8,8355,90
1784545380,8354.8,8358,8354.5,8358,72
1784545440,8357.7,8360.9,8356.7,8360.9,78
1784545500,8360.4,8362.4,8359.7,8362.4,78
1784545560,8362.1,8362.1,8360.1,8360.4,54
1784545620,8360.9,8362.9,8360.6,8360.9,66
1784545680,8361.9,8361.9,8360.4,8360.9,50
1784545740,8360.6,8360.9,8359.4,8359.9,80
1784545800,8359.6,8360.4,8358.4,8360.1,66
1784545860,8360.4,8360.4,8354.7,8356.4,72
1784545920,8356.7,8356.7,8353.4,8355.4,66
1784545980,8355.9,8357.9,8354.7,8356.2,66
1784546040,8355.9,8356.4,8353.5,8353.7,58
1784546100,8354.2,8357.9,8354.2,8356.2,46
1784546160,8355.9,8356.7,8355.2,8355.9,68
1784546220,8356.2,8356.2,8354.2,8354.7,60
1784546280,8355.2,8356.7,8354,8355.7,80
1784546340,8355.9,8359.1,8354.9,8357.9,90
1784546400,8358.1,8360.4,8358.1,8358.9,40
1784546460,8359.1,8359.1,8355.2,8355.7,56
1784546520,8355.9,8356.7,8355.4,8356.7,36
1784546580,8356.9,8359.4,8356.9,8358.9,52
1784546640,8359.1,8360.9,8358.6,8360.3,54
1784546700,8360.1,8361.3,8358.5,8358.5,58
1784546760,8359,8359.5,8356.6,8356.8,48
1784546820,8357.3,8358.8,8356.8,8358.3,30
1784546880,8358.1,8359.3,8357.1,8359.1,42
1784546940,8359.3,8360,8358.8,8359,38
1784547000,8358.5,8384.9,8356.8,8369.8,204
1784547060,8370.3,8381.7,8367.3,8380.2,164
1784547120,8379.2,8386.2,8378.2,8380.7,156
1784547180,8380.2,8384.7,8376.7,8379.3,154
1784547240,8379,8386.8,8379,8383.3,132
1784547300,8382.8,8388.3,8381.8,8384.8,142
1784547360,8385.3,8386.3,8382.8,8385.3,100
1784547420,8384.8,8387.7,8384.8,8386.7,106
1784547480,8387,8388.7,8385,8386.3,78
1784547540,8385.8,8391.2,8385.3,8389.5,118
1784547600,8389.2,8390.7,8388.5,8389.5,94
1784547660,8389.7,8392.5,8388,8390.2,88
1784547720,8390.7,8390.7,8385.5,8386.3,88
1784547780,8386.5,8388.8,8383.5,8383.8,98
1784547840,8383.5,8384.8,8380.8,8384.8,90
1784547900,8385.3,8385.8,8383.5,8383.8,64
1784547960,8383.1,8384.3,8378.4,8378.6,78
1784548020,8378.9,8380.6,8377.4,8378.4,84
1784548080,8378.2,8378.4,8375.9,8376.9,86
1784548140,8376.7,8376.9,8374,8374.5,76
1784548200,8373.7,8374.5,8372.5,8374,72
1784548260,8373.7,8375,8370,8374.7,80
1784548320,8374.2,8374.5,8372.4,8373.4,88
1784548380,8373.9,8380.4,8373.2,8380.4,102
1784548440,8379.9,8383.8,8379.6,8382.8,86
1784548500,8383.2,8383.7,8381.5,8382.2,90
1784548560,8382.7,8384.9,8382.2,8384.7,56
1784548620,8384.4,8387.6,8384.2,8387.4,78
1784548680,8387.9,8388.1,8384.1,8385.9,82
1784548740,8386.1,8386.1,8381.7,8383.2,88
1784548800,8383.7,8384.2,8376.5,8378.8,98
1784548860,8379.3,8379.5,8375.3,8375.3,66
1784548920,8375.8,8376,8355.5,8357.2,186
1784548980,8357.7,8363.4,8355.5,8358.9,198
1784549040,8358.4,8364.9,8357.9,8361.9,134
1784549100,8361.4,8365.1,8358.4,8364.8,148
1784549160,8364.3,8368.3,8363.8,8367.3,86
1784549220,8366.8,8369.8,8365.3,8369.3,98
1784549280,8369.8,8369.8,8363.8,8366.8,120
1784549340,8367,8369.5,8366.8,8367.5,76
1784549400,8367.3,8368.3,8365.5,8367.3,82
1784549460,8367,8367.3,8364.8,8366.3,60
1784549520,8366.8,8367.9,8363.4,8367.3,86
1784549580,8366.8,8369.3,8366.8,8369.3,72
1784549640,8368.8,8371.5,8368.3,8371,92
1784549700,8370.8,8371.8,8369.3,8369.8,68
1784549760,8369.6,8374.8,8369.6,8374.2,66
1784549820,8374,8375.7,8373.2,8375.7,62
1784549880,8375.4,8375.7,8374.7,8375.7,70
1784549940,8375.4,8375.7,8371.2,8372.7,76
1784550000,8372.5,8372.7,8371,8371.3,78
1784550060,8371,8372,8368.8,8369.3,48
1784550120,8368.8,8369.3,8365.8,8366.9,68
1784550180,8366.4,8369.4,8366.4,8368.9,68
1784550240,8369.4,8369.4,8366.4,8366.9,92
1784550300,8367.4,8368.4,8365.9,8366.6,80
1784550360,8366.9,8368.6,8365.9,8368.4,80
1784550420,8367.9,8371.1,8367.4,8370.8,60
1784550480,8371.1,8371.1,8369.6,8370.8,38
1784550540,8370.5,8372.8,8369.8,8372.8,40
1784550600,8374,8376.2,8372.5,8376.2,76
1784550660,8375.7,8377.2,8373.2,8373.2,42
1784550720,8373.7,8373.7,8369,8369.8,52
1784550780,8369,8369,8363.9,8364.4,86
1784550840,8364.1,8364.9,8362.9,8364.4,52
1784550900,8364.7,8367.4,8362.7,8367.2,86
1784550960,8367.4,8369.9,8367.4,8369.8,66
1784551020,8369.6,8371.5,8369.1,8370.8,56
1784551080,8370.3,8370.3,8366.3,8366.8,60
1784551140,8367.3,8369.6,8366.6,8367.8,72
1784551200,8367.6,8369.1,8367.1,8367.9,54
1784551260,8367.4,8368.9,8366.9,8367.9,72
1784551320,8370.1,8370.9,8363.9,8364.4,90
1784551380,8363.9,8365,8363.4,8364.2,70
1784551440,8364,8364.5,8361.5,8362.5,82
1784551500,8362,8363.5,8361.3,8362.3,64
1784551560,8362,8362,8358.8,8359.5,56
1784551620,8360,8364,8360,8363.5,72
1784551680,8363.8,8364,8361.5,8362,64
1784551740,8362.2,8363,8362,8362.7,50
1784551800,8362.2,8362.5,8360,8361,56
1784551860,8361.2,8361.5,8357.3,8357.3,80
1784551920,8357.8,8358.3,8353.6,8353.6,86
1784551980,8354.1,8355.6,8352.9,8353.1,74
1784552040,8352.9,8354.1,8348.5,8349.2,96
1784552100,8348.7,8349.2,8342.6,8342.8,86
1784552160,8342.3,8343.6,8341.3,8343.4,84
1784552220,8342.9,8343.4,8341.9,8342.6,66
1784552280,8342.4,8343.6,8341.4,8341.9,104
1784552340,8342.1,8345.6,8340.9,8345.6,82
1784552400,8345.1,8346.6,8342.4,8343.9,100
1784552460,8343.4,8343.4,8340.9,8341.9,90
1784552520,8339.7,8339.7,8336.9,8338,72
1784552580,8337.7,8338.5,8335.3,8335.3,72
1784552640,8335,8335.8,8333.3,8333.6,101
1784552700,8333.3,8334.3,8331.9,8332.6,94
1784552760,8332.4,8332.6,8329.1,8331.6,76
1784552820,8332.1,8335.6,8332.1,8334.6,68
1784552880,8334.1,8336.6,8333.6,8336.1,84
1784552940,8335.8,8337.8,8334.8,8336.6,66
1784553000,8336.8,8339.3,8336.8,8339.1,74
1784553060,8338.3,8339.1,8335.1,8338.1,92
1784553120,8337.6,8337.6,8333.7,8333.7,90
1784553180,8333.2,8333.9,8328.7,8328.7,66
1784553240,8329.2,8330.7,8327.5,8327.7,78
1784553300,8328,8329,8325.5,8327,86
1784553360,8326.5,8327.3,8324.8,8326.8,98
1784553420,8326.3,8329.3,8326.3,8328.8,90
1784553480,8329,8329.8,8328.5,8329.3,82
1784553540,8329.5,8329.8,8328,8329.5,86
1784553600,8329.8,8333.5,8329.8,8332.7,70
1784553660,8333.2,8333.7,8331.5,8333.7,72
1784553720,8333.2,8335.2,8332.2,8333.7,94
1784553780,8333.9,8336.4,8333.2,8336.4,52
1784553840,8336.7,8338.1,8336.2,8336.6,66
1784553900,8335.9,8336.1,8333.7,8335.7,80
1784553960,8336.2,8337.6,8335.4,8336.1,84
1784554020,8335.9,8338.1,8335.4,8337.9,78
1784554080,8337.4,8340.6,8336.4,8340.6,62
1784554140,8339.8,8342.6,8339.1,8339.9,100
1784554200,8339.4,8345.5,8339.4,8345.5,148
1784554260,8345,8346.5,8343.5,8343.8,126
1784554320,8344,8344.5,8339.1,8339.6,118
1784554380,8340.1,8342.6,8339.6,8339.6,102
1784554440,8339.1,8340.6,8337.6,8338.6,106
1784554500,8338.4,8339.1,8335.6,8337.6,88
1784554560,8338.1,8340.6,8338.1,8340.1,96
1784554620,8339.6,8340.8,8334.4,8335.9,90
1784554680,8336.1,8339.1,8332.6,8333.1,118
1784554740,8332.9,8336.4,8332.1,8335.1,108
1784554800,8335.4,8335.9,8330.4,8331.7,88
1784554860,8332.2,8335.6,8331.4,8333.1,90
1784554920,8333.4,8333.4,8328.9,8329.7,78
1784554980,8330.2,8330.2,8323.5,8323.5,106
1784555040,8323.8,8328.8,8323.3,8327.3,92
1784555100,8327.5,8327.8,8321.1,8321.3,110
1784555160,8320.3,8322.3,8318.9,8319.1,100
1784555220,8318.9,8322.1,8317.1,8321.3,110
1784555280,8321.1,8323.1,8320.8,8321.8,114
1784555340,8322.3,8325.5,8322.3,8324.3,98
1784555400,8324,8328.5,8324,8327.3,102
1784555460,8327,8329,8326.8,8328.7,110
1784555520,8329,8330.7,8326,8328.7,108
1784555580,8329.2,8329.5,8325,8325.7,90
1784555640,8326.2,8330.5,8326.2,8328.7,104
1784555700,8329,8330,8327.3,8329,115
1784555760,8329.2,8329.3,8326.8,8327,74
1784555820,8326.8,8327,8325.3,8325.3,102
1784555880,8325.8,8328.8,8325,8328.5,80
1784555940,8328.3,8334.5,8327.5,8332.8,104
1784556000,8331.8,8336.7,8331.5,8336.4,108
1784556060,8336.9,8338.7,8334.4,8334.9,126
1784556120,8334.7,8334.7,8328.8,8330.8,96
1784556180,8330.3,8333.7,8328.3,8333.7,94
1784556240,8334,8335.7,8333.2,8333.8,92
1784556300,8334,8337.4,8333.3,8335.7,82
1784556360,8335.2,8336.2,8334.2,8334.4,78
1784556420,8334.2,8334.7,8331.7,8332.2,76
1784556480,8332.7,8335.2,8331.7,8331.7,82
1784556540,8332,8332.8,8330.5,8331.8,68
1784556600,8332,8332,8327.5,8330.5,94
1784556660,8330.8,8332.3,8329.5,8332,100
1784556720,8331.5,8334.5,8331,8334.3,94
1784556780,8334.5,8338,8334.3,8335.7,96
1784556840,8336.2,8336.3,8333.5,8336.3,100
1784556900,8336.5,8342.2,8336,8339.7,98
1784556960,8339.2,8341.7,8338.7,8338.7,74
1784557020,8339.7,8340.2,8337.7,8337.7,80
1784557080,8338.2,8339.7,8336.2,8339.2,96
1784557140,8339.7,8340.5,8338.3,8339.7,82
1784557200,8338.7,8341,8338.7,8339.8,76
1784557260,8340.3,8340.3,8336.8,8339.3,88
1784557320,8339.5,8340.7,8338.5,8339.8,98
1784557380,8339.5,8343.7,8339.5,8343.7,68
1784557440,8344,8344,8340.8,8341.3,80
1784557500,8340.8,8344.7,8340.8,8343.2,94
1784557560,8343.7,8346.7,8343.7,8346.7,78
1784557620,8347.2,8347.4,8345.2,8345.2,52
1784557680,8345.7,8347.2,8345.2,8346.7,64
1784557740,8347.2,8349.7,8347.2,8349.6,50
1784557800,8349.4,8350.4,8347.9,8349.1,80
1784557860,8348.6,8348.9,8345.6,8348.6,70
1784557920,8348.1,8348.1,8344.1,8345.1,74
1784557980,8345.6,8348.1,8344.3,8344.6,92
1784558040,8344.1,8347.3,8342.6,8347.1,80
1784558100,8346.6,8349.1,8345.8,8348.1,84
1784558160,8348.5,8349.8,8345.8,8346,76
1784558220,8346.3,8346.5,8344.5,8345,106
1784558280,8345.5,8346.5,8344,8346,94
1784558340,8345.6,8350,8345.6,8349,82
1784558400,8349.3,8353.2,8349,8352.7,52
1784558460,8352.5,8352.5,8347.3,8349,64
1784558520,8348.8,8349.8,8348.5,8348.5,54
1784558580,8349,8352.5,8348.3,8348.3,74
1784558640,8347.8,8350.3,8347,8348.5,86
1784558700,8349,8350,8347.5,8349.5,66
1784558760,8349.8,8350.5,8348.3,8350.3,84
1784558820,8350.5,8352,8349.5,8349.5,86
1784558880,8349.7,8350.5,8346,8346.5,54
1784558940,8346.3,8348,8346.3,8346.8,68
1784559000,8347,8350.3,8346.8,8349.5,66
1784559060,8349,8351.5,8348,8350,72
1784559120,8350.2,8352.7,8349,8350,86
1784559180,8349.7,8351.5,8349.5,8349.7,52
1784559240,8349.5,8351,8349,8350,64
1784559300,8349.5,8349.5,8346.3,8348,66
1784559360,8348.5,8348.5,8344.8,8345.6,70
1784559420,8346.1,8346.6,8343.6,8344.1,90
1784559480,8343.8,8344.6,8337.6,8339.6,110
1784559540,8340.1,8344.1,8338.9,8344.1,96
1784559600,8343.6,8344.6,8336.2,8338.9,102
1784559660,8338.7,8343.2,8337.7,8342.1,108
1784559720,8341.6,8344.2,8339.2,8344.2,96
1784559780,8344.7,8345.2,8342.9,8343.2,66
1784559840,8342.9,8345.2,8341.7,8341.7,92
1784559900,8341.5,8342.5,8335.8,8336.3,102
1784559960,8336.5,8339.3,8336.5,8337.5,110
1784560020,8337.3,8339.8,8337.3,8339.8,96
1784560080,8339.3,8349.3,8338.8,8345.2,98
1784560140,8345.7,8352.3,8345.7,8348.8,134
1784560200,8349.3,8349.3,8346.3,8346.3,104
1784560260,8346.8,8347.8,8345.6,8346.8,70
1784560320,8347.1,8348.8,8346.6,8346.8,80
1784560380,8347.3,8349.3,8345.3,8348.3,82
1784560440,8348.6,8348.6,8344.9,8345.9,46
1784560500,8346.4,8349.6,8345.4,8349.6,90
1784560560,8349.4,8349.9,8348.6,8349.4,53
1784560620,8349.1,8353.4,8348.4,8352.9,54
1784560680,8353.1,8353.1,8351.1,8352.8,70
1784560740,8352.3,8352.4,8349.4,8349.9,90
1784560800,8349.6,8350.4,8348.6,8349.4,62
1784560860,8349.1,8353.6,8349.1,8353.3,66
1784560920,8353.6,8354.8,8352.3,8354.5,72
1784560980,8354.8,8355.5,8351.8,8351.8,42
1784561040,8352,8352.8,8350.8,8350.8,66
1784561100,8349.8,8353.3,8349.8,8352.8,64
1784561160,8353,8355.3,8352.8,8353.3,76
1784561220,8353.8,8355.5,8353.3,8354.7,62
1784561280,8354.2,8354.7,8350.8,8351.3,62
1784561340,8351.8,8354,8350,8353.3,116
1784561400,8354.3,8354.3,8348.8,8349.3,104
1784561460,8349.8,8350.8,8345.5,8346.8,110
1784561520,8346.3,8346.5,8342.8,8345.8,102
1784561580,8346.3,8346.8,8343.3,8344.3,80
1784561640,8344.8,8345.8,8337.3,8340.5,152
1784561700,8341.5,8341.8,8336.3,8338.3,120
1784561760,8337.8,8340.3,8337,8337.3,88
1784561820,8337,8337.5,8330.8,8330.8,82
1784561880,8331.3,8332.8,8330.3,8332.8,86
1784561940,8333,8334.3,8330.8,8332.3,72
1784562000,8332.8,8332.8,8328.3,8329.8,64
1784562060,8330.6,8333.3,8330.6,8331.3,70
1784562120,8331.5,8331.8,8328.3,8329.8,76
1784562180,8329.3,8330.3,8328.6,8329.6,102
1784562240,8329.8,8332.3,8329.8,8332.3,92
1784562300,8332,8332,8327.8,8328.3,52
1784562360,8328.1,8330.3,8327.3,8329.8,92
1784562420,8330.3,8332.1,8329.8,8331.8,105
1784562480,8331.3,8333.3,8330.3,8331.8,60
1784562540,8332.3,8333.3,8331.3,8332.3,98
1784562600,8332.8,8332.8,8330.1,8332.3,74
1784562660,8333.1,8336.8,8332.8,8334.3,86
1784562720,8334.1,8334.3,8332.3,8334.1,68
1784562780,8333.8,8336.3,8332.3,8336.3,72
1784562840,8336.8,8339.5,8336.8,8339.3,70
1784562900,8338.8,8339.8,8336.8,8338.8,44
1784562960,8338.5,8339.8,8338.5,8339.8,44
1784563020,8339.5,8339.8,8338.3,8338.8,36
1784563080,8339.3,8340.8,8338.8,8339.5,50
1784563140,8339.3,8339.8,8338.3,8338.5,42
1784563200,8338.3,8340.3,8337.8,8340.3,44
1784563260,8339.5,8341.3,8338.3,8338.8,62
1784563320,8339.3,8339.8,8338.3,8339.8,82
1784563380,8340.3,8342.8,8339.3,8342.8,68
1784563440,8342.3,8343.3,8342.3,8342.8,44
1784563500,8342.5,8345.5,8342.5,8345.5,54
1784563560,8345.8,8346,8343.3,8346,96
1784563620,8345.8,8345.8,8343.3,8344.3,62
1784563680,8344.8,8345.3,8343.5,8344.8,48
1784563740,8345.3,8345.3,8344.3,8344.8,42
1784563800,8344.3,8345.8,8343.8,8344.8,48
1784563860,8344.3,8345.3,8344,8345.3,40
1784563920,8345,8346.5,8344.8,8344.8,46
1784563980,8345.3,8345.5,8344.3,8344.8,40
1784564040,8345.3,8345.3,8343.5,8344.8,46
1784564100,8345.3,8345.3,8343.3,8343.3,30
1784564160,8343.8,8345.3,8343.8,8344.3,38
1784564220,8344.8,8345.3,8344.3,8345.3,30
1784564280,8345.5,8345.5,8344.3,8345.3,36
1784564340,8345,8345.5,8344.3,8345.5,38
1784564400,8345.8,8345.8,8344.3,8344.8,32
1784564460,8344.5,8344.8,8343.8,8344.3,48
1784564520,8344.5,8344.8,8342.8,8343.3,50
1784564580,8343.8,8343.8,8342.8,8343.8,18
1784564640,8343.5,8343.5,8342.3,8343.3,30
1784564700,8343.8,8343.8,8340.3,8340.8,46
1784564760,8340.6,8340.6,8338.6,8339.1,54
1784564820,8338.8,8340.3,8338.3,8339.1,58
1784564880,8338.8,8338.8,8337.8,8338.1,26
1784564940,8338.3,8339.1,8337.8,8338.6,38
1784565000,8338.3,8339.6,8338.1,8338.3,46
1784565060,8338.8,8339.1,8337.3,8338.8,58
1784565120,8338.6,8339.3,8337.3,8337.6,40
1784565180,8337.8,8337.8,8335.3,8335.3,56
1784565240,8335.1,8337.3,8335.1,8336.3,40
1784565300,8336.1,8336.8,8335.8,8335.8,56
1784565360,8336.3,8337.3,8335.6,8336.8,24
1784565420,8336.6,8337.3,8335.8,8337.3,44
1784565480,8337.8,8338.3,8336.3,8336.8,38
1784565540,8337.1,8338.8,8336.8,8338.8,38
1784565600,8339.1,8339.8,8337.8,8337.8,48
1784565660,8337.6,8338.8,8321.1,8327.1,136
1784565720,8328.1,8330.1,8327.1,8329.3,118
1784565780,8329.8,8330.3,8328.4,8329.1,80
1784565840,8328.6,8329.3,8327.4,8328.6,76
1784565900,8328.4,8328.6,8326.4,8326.9,73
1784565960,8326.6,8331.6,8326.4,8331.3,68
1784566020,8331.8,8332.3,8330.3,8330.3,51
1784566080,8330.6,8331.6,8330.3,8331.1,62
1784566140,8330.8,8331.6,8330.8,8330.8,30
1784566200,8331.1,8331.1,8328.9,8328.9,52
1784566260,8329.6,8330.6,8329.1,8329.6,54
1784566320,8329.4,8330.6,8328.4,8330.3,60
1784566380,8330.6,8330.8,8329.1,8330.8,42
1784566440,8331.1,8331.3,8326.4,8326.4,48
1784566500,8326.6,8328.1,8326.6,8327.6,60
1784566560,8327.9,8327.9,8324.6,8324.6,54
1784566620,8324.4,8325.9,8324.1,8325.4,45
1784566680,8325.1,8326.4,8325.1,8325.6,57
1784566740,8325.4,8326.4,8324.9,8325.6,37
1784566800,8325.9,8327.6,8325.6,8327.4,54
1784566860,8327.6,8327.9,8323.6,8324.4,42
1784566920,8324.6,8325.6,8324.1,8325.6,46
1784566980,8326.1,8326.1,8324.4,8325.6,54
1784567040,8324.9,8325.1,8322.4,8322.4,41
1784567100,8322.1,8322.4,8317.4,8317.9,63
1784567160,8318.4,8320.9,8318.4,8320.1,58
1784567220,8319.9,8319.9,8318.1,8319.4,36
1784567280,8319.9,8320.6,8318.4,8319.4,46
1784567340,8319.6,8320.9,8319.4,8319.4,44
1784567400,8319.9,8319.9,8317.6,8318.4,28
1784567460,8317.9,8319.4,8317.6,8318.6,38
1784567520,8318.9,8318.9,8317.6,8317.9,22
1784567580,8317.6,8318.4,8317.4,8317.9,34
1784567640,8317.6,8317.9,8315.9,8317.4,54
1784567700,8317.1,8317.1,8314.4,8314.4,52
1784567760,8313.6,8314.9,8312.9,8313.9,40
1784567820,8314.1,8316.9,8313.9,8316.4,54
1784567880,8316.1,8317.4,8316.1,8317.4,24
1784567940,8317.9,8317.9,8314.9,8315.1,40
1784568000,8314.4,8315.6,8314.4,8315.6,54
1784568060,8315.4,8316.4,8315.1,8316.4,24
1784568120,8316.6,8318.1,8316.6,8317.4,36
1784568180,8317.1,8317.4,8316.9,8317.4,20
1784568240,8317.1,8317.1,8315.4,8315.9,38
1784568300,8315.4,8316.4,8315.4,8316.4,30
1784568360,8316.1,8316.4,8315.4,8316.4,40
1784568420,8315.9,8316.1,8312.9,8312.9,36
1784568480,8313.1,8313.4,8312.9,8313.4,36
1784568540,8313.9,8316.1,8313.9,8315.9,34
1784568600,8316.4,8317.1,8314.9,8315.9,60
1784568660,8315.4,8315.9,8313.9,8314.9,48
1784568720,8315.4,8315.9,8314.4,8315.9,40
1784568780,8316.4,8316.6,8315.4,8316.4,30
1784568840,8317.1,8319.1,8317.1,8318.4,36
1784568900,8318.1,8319.9,8317.9,8319.1,42
1784568960,8319.4,8319.4,8315.9,8316.4,34
1784569020,8316.1,8316.4,8315.6,8316.4,26
1784569080,8316.9,8316.9,8316.1,8316.6,24
1784569140,8316.4,8317.9,8315.4,8315.9,56
1784569200,8316.4,8316.4,8314.1,8314.6,30
1784569260,8314.4,8314.6,8312.9,8313.9,22
1784569320,8313.4,8313.9,8312.9,8313.4,18
1784569380,8313.7,8313.9,8311.4,8311.9,38
1784569440,8311.7,8312.2,8309.9,8311.2,56
1784569500,8310.9,8313.9,8310.7,8313.4,52
1784569560,8313.7,8313.9,8311.4,8312.7,36
1784569620,8312.4,8313.4,8311.9,8313.4,32
1784569680,8312.9,8313.2,8311.9,8312.9,26
1784569740,8312.7,8312.7,8311.4,8311.9,36
1784569800,8312.2,8312.9,8311.9,8312.2,26
1784569860,8311.9,8313.9,8311.4,8313.9,32
1784569920,8313.4,8315.4,8313.4,8315.2,36
1784569980,8315.4,8315.9,8315.2,8315.9,16
1784570040,8315.7,8316.2,8315.2,8315.2,32
1784570100,8315.4,8315.4,8313.9,8314.4,38
1784570160,8314.2,8314.4,8312.4,8312.9,58
1784570220,8313.2,8314.4,8312.9,8313.9,42
1784570280,8313.4,8314.4,8312.9,8313.4,20
1784570340,8313.2,8313.9,8312.7,8313.9,44
1784570400,8314.4,8317.4,8314.4,8317.4,54
1784570460,8317.9,8318.9,8317.4,8318.4,46
1784570520,8317.9,8319.4,8317.7,8318.9,48
1784570580,8319.4,8319.4,8316.9,8317.4,46
1784570640,8317.2,8317.9,8316.7,8317.4,52
1784570700,8316.9,8318.4,8316.9,8317.4,40
1784570760,8316.9,8317.4,8316.4,8317.4,36
1784570820,8316.9,8317.4,8316.2,8316.4,24
1784570880,8316.7,8316.9,8315.7,8316.7,36
1784570940,8316.4,8317.4,8316.4,8317.4,32
1784571000,8317.2,8317.2,8316.2,8316.7,14
1784571060,8317.2,8317.2,8315.4,8316.4,42
1784571120,8316.7,8317.9,8316.7,8317.9,30
1784571180,8318.2,8318.9,8317.9,8318.7,30
1784571240,8318.4,8318.4,8317.4,8317.4,18
1784571300,8316.9,8317.4,8316.4,8316.7,24
1784571360,8316.9,8317.4,8316.2,8316.9,24
1784571420,8317.2,8319.2,8317.2,8317.9,34
1784571480,8318.2,8318.4,8317.2,8318.2,28
1784571540,8318.4,8318.4,8317.9,8318.4,6
1784571600,8318.7,8318.7,8317.4,8318.2,26
1784571660,8317.9,8318.9,8314.9,8315.7,46
1784571720,8315.4,8315.4,8312.4,8312.4,74
1784571780,8312.9,8313.4,8311.2,8312.4,58
1784571840,8311.9,8312.4,8310.4,8310.9,62
1784571900,8310.4,8312.4,8309.4,8311.9,64
1784571960,8312.2,8312.9,8311.4,8311.9,66
1784572020,8312.2,8312.2,8310.4,8310.9,46
1784572080,8310.4,8312.7,8310.4,8312.4,36
1784572140,8312.9,8313.7,8311.4,8311.4,32
1784572200,8310.9,8311.4,8309.4,8309.9,50
1784572260,8310.4,8310.4,8306.7,8307.2,50
1784572320,8307.7,8307.7,8303.7,8305.2,68
1784572380,8304.7,8305.4,8302.5,8303.7,70
1784572440,8303.9,8303.9,8295.5,8297.5,98
1784572500,8298,8300.2,8297.7,8299.5,66
1784572560,8300,8302.5,8299.5,8302,48
1784572620,8302.5,8302.5,8299.5,8299.7,50
1784572680,8299.5,8301,8299,8299.2,48
1784572740,8299,8299,8297,8298,44
1784572800,8297.5,8299.5,8296.7,8296.7,54
1784572860,8296.5,8297.2,8296,8297,40
1784572920,8297.2,8297.7,8296,8297,60
1784572980,8296.5,8297.5,8295.7,8296.5,64
1784573040,8296.2,8296.5,8293,8293,48
1784573100,8293.5,8295,8293,8294,86
1784573160,8293.5,8295.5,8293.2,8295.5,74
1784573220,8295,8296.2,8294.5,8295.2,54
1784573280,8295.5,8295.7,8294.7,8295,34
1784573340,8295.5,8296,8295,8295.5,32
1784573400,8295,8296.7,8294.5,8296.2,48
1784573460,8296,8296.5,8295.5,8296,30
1784573520,8296.5,8297.5,8296,8297.2,46
1784573580,8297,8298,8297,8297.5,42
1784573640,8298,8299.2,8297,8298.5,24
1784573700,8298,8298.5,8297,8298.2,34
1784573760,8298.5,8298.5,8297.5,8298.5,38
1784573820,8298.2,8298.5,8297.5,8297.5,38
1784573880,8297,8297.5,8296,8297.2,50
1784573940,8297.7,8298.5,8297.5,8297.7,54
1784574000,8297.5,8300.5,8297.5,8300.5,46
1784574060,8300.7,8301,8300,8300.7,36
1784574120,8300.5,8300.5,8298.5,8298.7,22
1784574180,8298,8298,8296,8296,24
1784574240,8295.7,8297,8295,8295.5,54
1784574300,8296,8296,8293.5,8294,58
1784574360,8293.5,8294,8289.8,8291.8,60
1784574420,8291.5,8292,8289.8,8290.3,62
1784574480,8290,8290,8288.8,8289.3,60
1784574540,8289.8,8291.5,8289,8291,66
1784574600,8291.5,8293,8291.5,8292.5,62
1784574660,8292.7,8292.7,8290,8290,52
1784574720,8289.8,8290.5,8289.3,8290,42
1784574780,8289.5,8290,8284.8,8286,56
1784574840,8285.5,8286.3,8283.5,8283.5,54
1784574900,8283.3,8284.5,8281.5,8284,64
1784574960,8284.3,8285.8,8283,8284.5,46
1784575020,8284.3,8285,8281.3,8282,72
1784575080,8281.8,8283.3,8281.3,8283.3,62
1784575140,8283,8283.8,8282.8,8283.3,38
1784575200,8283.5,8284.5,8282,8282,28
1784575260,8281.8,8283.5,8281.3,8282.5,72
1784575320,8282.3,8283,8281.8,8283,50
1784575380,8282.8,8284.5,8281.5,8284.5,34
1784575440,8284.3,8286.3,8284.3,8286.3,48
1784575500,8286.5,8287,8286,8286,38
1784575560,8285.5,8286.5,8285.3,8285.3,40
1784575620,8284.8,8285,8283.5,8284.5,42
1784575680,8285,8286,8284.5,8284.8,44
1784575740,8285,8291.5,8284.8,8290.8,100
1784575800,8291.3,8291.5,8287.5,8287.5,80
1784575860,8287.8,8292,8287.8,8291.5,82
1784575920,8291.8,8293.5,8291,8293.5,74
1784575980,8293.3,8293.5,8291.5,8291.8,74
1784576040,8292,8294,8292,8293,72
1784576100,8293.5,8293.8,8291.5,8293,62
1784576160,8292.8,8294,8292.5,8293.3,70
1784576220,8293,8293.5,8291,8292,52
1784576280,8292.5,8294.5,8292.3,8293.5,48
1784576340,8293,8293.8,8292,8292,34
1784576400,8291.8,8294.5,8291.5,8294.5,40
1784576460,8294.8,8295.5,8294.5,8294.8,32
1784576520,8295,8295.5,8292.5,8293,52
1784576580,8292.5,8293.5,8292,8293.5,34
1784576640,8293.3,8293.8,8293,8293.5,22
1784576700,8294,8295.3,8291.5,8292,68
1784576760,8292.3,8294.5,8292.3,8294.3,30
1784576820,8294.5,8296.5,8293.5,8296.5,42
1784576880,8296.8,8298.5,8296.8,8297.5,34
1784576940,8298.3,8300,8298,8299.5,46
1784577000,8299,8299,8296.5,8296.8,70
1784577060,8296.5,8298,8296.3,8296.5,50
1784577120,8296.3,8296.3,8295,8295,40
1784577180,8294.8,8295.3,8291.5,8291.5,30
1784577240,8291.3,8293,8291.3,8292.8,48
1784577300,8292.3,8292.3,8290,8290,54
1784577360,8289.5,8293.8,8289.5,8293,67
1784577420,8293.3,8293.3,8290.3,8290.3,50
1784577480,8290.8,8293.3,8288.8,8291,66
1784577540,8290.8,8293.5,8290.8,8291.8,58
1784613600,8331.9,8337.4,8331.9,8336.9,70
1784613660,8338.6,8339.6,8335.7,8339.6,60
1784613720,8339.1,8340.2,8337.9,8340.2,60
1784613780,8339.9,8340.7,8339.7,8340.2,20
1784613840,8339.4,8343.7,8339.4,8343.7,40
1784613900,8343.4,8343.7,8341.2,8341.7,40
1784613960,8341.4,8343.2,8340.4,8343.2,26
1784614020,8342.4,8343.1,8340.7,8340.9,42
1784614080,8340.7,8341.4,8337.7,8338.4,42
1784614140,8338.7,8339.7,8338.7,8339.2,34
1784614200,8338.9,8339.4,8334.2,8334.4,46
1784614260,8334.2,8335.4,8331.7,8334.9,58
1784614320,8334.7,8337.9,8334.4,8337.7,35
1784614380,8336.9,8336.9,8335.4,8335.7,16
1784614440,8335.4,8335.9,8334.9,8335.4,15
1784614500,8335.2,8335.2,8332.7,8332.9,34
1784614560,8333.4,8334.2,8333.2,8334.2,28
1784614620,8333.9,8334.4,8333.7,8333.9,18
1784614680,8334.2,8334.2,8331.2,8331.7,30
1784614740,8331.4,8332.2,8331.2,8331.4,32
1784614800,8331.7,8331.7,8329.2,8329.9,26
1784614860,8329.4,8330.9,8329.2,8329.9,40
1784614920,8330.2,8330.2,8328.7,8328.7,32
1784614980,8328.4,8331.9,8328.4,8330.4,34
1784615040,8330.2,8331.4,8330.2,8330.7,46
1784615100,8330.9,8335.7,8330.9,8333.7,78
1784615160,8332.9,8333.9,8331.7,8332.2,22
1784615220,8331.9,8332.2,8331.2,8331.2,14
1784615280,8331.4,8331.4,8330.7,8330.7,10
1784615340,8331.2,8332.4,8330.4,8330.7,20
1784615400,8331.9,8337.2,8330.9,8334.7,86
1784615460,8335.2,8335.7,8333.7,8333.7,58
1784615520,8334.2,8334.9,8333.9,8334.7,54
1784615580,8334.4,8335.2,8334.2,8335.2,38
1784615640,8334.9,8336.2,8334.4,8335.2,36
1784615700,8335.7,8340.7,8335.4,8338.2,40
1784615760,8338.4,8338.9,8337.9,8338.2,32
1784615820,8337.7,8340.9,8337.2,8339.4,38
1784615880,8339.7,8340.2,8337.9,8338.7,32
1784615940,8338.4,8339.4,8337.7,8338.9,20
1784616000,8338.7,8338.9,8337.9,8338.7,32
1784616060,8338.4,8339.9,8337.7,8339.9,48
1784616120,8340.2,8340.2,8339.4,8339.4,28
1784616180,8339.2,8339.2,8336.7,8338.2,26
1784616240,8337.9,8339.2,8337.7,8338.4,30
1784616300,8338.2,8339.2,8338.2,8338.4,30
1784616360,8338.2,8338.4,8333.4,8333.4,56
1784616420,8333.2,8334.9,8332.7,8333.9,30
1784616480,8333.7,8333.9,8333.2,8333.2,12
1784616540,8333.9,8334.2,8333.2,8333.9,18
1784616600,8334.2,8335.2,8334.2,8334.9,18
1784616660,8334.7,8334.9,8333.9,8333.9,20
1784616720,8334.2,8335.2,8334.2,8334.7,30
1784616780,8333.7,8333.9,8332.2,8332.2,38
1784616840,8332.4,8332.7,8331.2,8331.2,24
1784616900,8330.7,8333.2,8330.7,8331.7,38
1784616960,8331.2,8332,8331.2,8331.2,20
1784617020,8331.7,8334.2,8331.7,8334.2,46
1784617080,8333.5,8336.2,8333.5,8334.2,44
1784617140,8333.2,8338.2,8333.2,8338.2,72
1784617200,8336.9,8348.9,8335.4,8348.2,180
1784617260,8347.7,8351.2,8343.4,8351.2,154
1784617320,8350.9,8359.4,8350.2,8358.9,118
1784617380,8358.6,8364.6,8358.6,8361.4,140
1784617440,8361.1,8361.6,8352.6,8352.9,106
1784617500,8353.9,8358.4,8353.1,8357.1,120
1784617560,8356.6,8357.1,8350.2,8350.2,96
1784617620,8349.7,8355.1,8348.7,8354.6,108
1784617680,8354.1,8355.7,8352.2,8352.7,78
1784617740,8352,8354.2,8349.7,8349.8,128
1784617800,8350,8351.8,8348.8,8350.3,120
1784617860,8349.8,8352.3,8344.3,8344.3,104
1784617920,8344.1,8352.3,8343.3,8351.8,114
1784617980,8350.8,8351.8,8347.3,8348.5,128
1784618040,8349.5,8350,8347,8347.8,92
1784618100,8347.3,8352.5,8345.3,8350.3,120
1784618160,8351,8352.7,8347.8,8349.3,108
1784618220,8348.8,8351.8,8348.8,8350.8,114
1784618280,8351.3,8354.5,8349.5,8350,100
1784618340,8349.8,8356.7,8348.3,8356,116
1784618400,8355.5,8356.2,8353.5,8354.3,110
1784618460,8354,8354.8,8350.8,8352.8,96
1784618520,8353.3,8357.5,8351.8,8351.8,100
1784618580,8352.3,8353.6,8350.4,8351.4,94
1784618640,8351.1,8351.2,8346.9,8348.9,104
1784618700,8349.4,8352.1,8344.2,8344.4,102
1784618760,8344.2,8344.7,8339.5,8339.5,80
1784618820,8339,8339,8335.5,8337,92
1784618880,8337.5,8345.2,8337.3,8345.2,82
1784618940,8344.9,8344.9,8339.7,8340.2,102
1784619000,8341,8341.5,8334.8,8334.8,116
1784619060,8335.3,8336.3,8333.8,8334.8,108
1784619120,8335.1,8338.5,8334.1,8338,114
1784619180,8337.5,8345,8337.5,8344.7,108
1784619240,8345.2,8347.1,8344.2,8346.9,80
1784619300,8346.6,8347.9,8342.7,8344.4,102
1784619360,8344.9,8347.6,8344.9,8345.9,116
1784619420,8345.6,8346.6,8342.4,8342.4,92
1784619480,8342.1,8345.1,8342.1,8344.6,90
1784619540,8344.4,8347.6,8343.9,8347.5,66
1784619600,8347.3,8350,8346.8,8349.2,86
1784619660,8348.7,8349,8346.5,8348.2,94
1784619720,8348.7,8349.2,8346.5,8349.2,102
1784619780,8349,8349.2,8344.5,8345.7,84
1784619840,8345.5,8345.5,8341.5,8342.3,96
1784619900,8342.5,8344,8340,8342,94
1784619960,8342.3,8344.5,8342.3,8342.5,88
1784620020,8342,8343.3,8340.3,8342.3,100
1784620080,8341.8,8342.8,8341,8342,84
1784620140,8342.5,8344.7,8341.8,8344,70
1784620200,8344.5,8345.4,8343.2,8343.2,82
1784620260,8343,8344.7,8341.5,8342.8,80
1784620320,8342.5,8347.7,8341.3,8347.7,96
1784620380,8347.5,8348.4,8344.7,8345.2,118
1784620440,8345.7,8348.2,8344.7,8345.6,76
1784620500,8345.9,8348.1,8342.7,8347.6,100
1784620560,8347.1,8348.1,8346.1,8347.1,80
1784620620,8348.1,8349.8,8346.8,8347.1,82
1784620680,8346.6,8347.8,8345.8,8346.1,72
1784620740,8345.8,8346.1,8343.1,8344.1,92
1784620800,8344.6,8346.1,8339.6,8341.1,136
1784620860,8341.6,8343.4,8339.1,8343.4,104
1784620920,8344.1,8345.6,8339.9,8339.9,102
1784620980,8339.4,8342.1,8337.4,8337.4,108
1784621040,8337.7,8338.2,8335.2,8336.5,106
1784621100,8336.2,8337.2,8332.8,8334,98
1784621160,8334.5,8336,8333.5,8335,86
1784621220,8335.3,8337.8,8334.8,8335.8,98
1784621280,8335.3,8338,8335.3,8337.5,82
1784621340,8336.7,8339.4,8336,8339.2,96
1784621400,8339.7,8340.7,8336.4,8337.2,106
1784621460,8337.4,8340.4,8336.7,8337.9,82
1784621520,8337.7,8338.9,8336.4,8338.1,72
1784621580,8338.4,8343.6,8337.1,8343.6,92
1784621640,8343.8,8347.3,8343.8,8347.3,66
1784621700,8347,8348.5,8346.3,8346.5,80
1784621760,8347,8347,8343,8345.8,90
1784621820,8345,8348.2,8344.3,8348,76
1784621880,8348.4,8349.4,8346.7,8348.9,78
1784621940,8349.2,8351.4,8349.2,8351.4,90
1784622000,8349.9,8350.4,8347.2,8347.4,86
1784622060,8347.9,8348.9,8346.9,8347.9,96
1784622120,8348.2,8349.9,8346.7,8347.4,72
1784622180,8346.9,8349.5,8345.5,8347.7,82
1784622240,8348,8350.2,8346.9,8347.2,78
1784622300,8347.5,8350.2,8346.7,8347.9,66
1784622360,8347.2,8347.2,8344.7,8347,74
1784622420,8346.7,8347.5,8342.5,8342.5,58
1784622480,8343,8343,8341.5,8342.8,52
1784622540,8342.3,8342.5,8340,8342,78
1784622600,8342.5,8342.5,8339.6,8339.8,80
1784622660,8339.3,8342.6,8339.3,8341.1,92
1784622720,8340.8,8341.8,8339.8,8341.5,48
1784622780,8341.3,8343.5,8341.3,8342,66
1784622840,8341,8343.2,8341,8342,66
1784622900,8343,8346,8342,8345.2,62
1784622960,8345.4,8345.4,8342.2,8342.5,72
1784623020,8342,8343.5,8341,8342.5,58
1784623080,8342.3,8343.5,8342,8342.5,62
1784623140,8342.3,8345.5,8342.3,8344.2,70
1784623200,8344,8345.7,8343.2,8345.7,52
1784623260,8346.2,8347.4,8345.9,8346.9,54
1784623320,8346.4,8349.1,8346.4,8348.9,56
1784623380,8349.1,8351.8,8349.1,8350.8,60
1784623440,8351.3,8352.6,8351.1,8352.3,40
1784623500,8352.6,8352.6,8348.4,8348.4,56
1784623560,8347.9,8348.1,8344.7,8344.7,64
1784623620,8344.4,8346.2,8342.5,8342.5,60
1784623680,8342.8,8345.5,8342.8,8344.5,72
1784623740,8344.2,8346.5,8343.5,8346.2,48
1784623800,8346,8350.4,8346,8349.4,72
1784623860,8348.9,8350.2,8347.4,8350.2,66
1784623920,8349.9,8350.7,8347,8347,84
1784623980,8347.5,8349,8346.7,8348,76
1784624040,8347.7,8351.3,8347,8350.8,84
1784624100,8351.3,8351.3,8349.5,8349.8,44
1784624160,8349.5,8349.8,8348,8349.8,46
1784624220,8349,8349.8,8348.3,8348.8,20
1784624280,8349.1,8349.3,8346.1,8346.1,32
1784624340,8345.9,8345.9,8344.4,8345.4,24
1784624400,8344.4,8347.4,8344.4,8345.7,43
1784624460,8345.9,8349.4,8345.9,8349.4,58
1784624520,8349.9,8350.4,8348.4,8349.9,52
1784624580,8350.4,8350.6,8348.4,8348.6,58
1784624640,8349.1,8350.1,8347.9,8350.1,68
1784624700,8350.6,8352.1,8349.4,8351.1,66
1784624760,8350.6,8352.4,8350.1,8352.4,54
1784624820,8352.1,8355.9,8352.1,8354.9,62
1784624880,8354.6,8357.3,8354.4,8357.3,68
1784624940,8357.1,8357.1,8355.3,8356.3,60
1784625000,8356.8,8357.8,8356.3,8356.8,54
1784625060,8357.1,8358.1,8356.8,8358.1,78
1784625120,8358.3,8359.1,8356.1,8358.1,72
1784625180,8357.6,8358.6,8357.1,8358.6,76
1784625240,8359.1,8360.4,8359.1,8360.4,72
1784625300,8360.9,8362.6,8360.6,8362.6,68
1784625360,8363.1,8367.3,8363.1,8367.3,74
1784625420,8366.8,8367.3,8365.1,8366.6,70
1784625480,8366.9,8367.9,8365.1,8365.4,62
1784625540,8365.6,8366.9,8365.2,8365.9,50
1784625600,8365.7,8368.4,8364.9,8365.4,80
1784625660,8365.9,8366.4,8365,8365.5,40
1784625720,8365.7,8366,8365.2,8365.3,46
1784625780,8364.8,8365.5,8364.6,8364.8,26
1784625840,8364.6,8366.3,8364.1,8365.6,60
1784625900,8365.3,8365.8,8364.6,8365.6,42
1784625960,8365.3,8365.6,8361.1,8361.6,70
1784626020,8361.1,8361.1,8358.2,8358.7,72
1784626080,8360.2,8360.2,8357.7,8359.2,66
1784626140,8358.9,8361.2,8356.9,8357.2,66
1784626200,8356.7,8359.6,8355.7,8356.7,84
1784626260,8356.9,8360.1,8356.7,8360.1,56
1784626320,8359.9,8365.3,8359.9,8364.6,82
1784626380,8364.3,8366.6,8364.3,8366.1,52
1784626440,8366,8366.6,8363.8,8364,60
1784626500,8364.3,8365,8363.8,8364.5,66
1784626560,8364,8365.5,8363.3,8363.6,58
1784626620,8363.3,8364.6,8361.1,8364.1,78
1784626680,8363.8,8364.1,8361.1,8362.1,56
1784626740,8362.4,8362.9,8360.2,8361.4,66
1784626800,8361.7,8362.4,8358.4,8358.5,72
1784626860,8358.7,8359.2,8356,8356,62
1784626920,8356.5,8357.8,8356,8356.3,64
1784626980,8357.3,8362.2,8357.3,8362.2,62
1784627040,8362.4,8363.7,8360.4,8360.7,54
1784627100,8360.2,8365.4,8359.4,8365.1,76
1784627160,8365.4,8367.4,8365.1,8366.6,50
1784627220,8366.3,8367.8,8365.8,8367.6,56
1784627280,8367.9,8368.4,8366.9,8368.1,44
1784627340,8367.9,8375.8,8367.9,8374,78
1784627400,8373.8,8373.8,8370.6,8370.6,60
1784627460,8371.1,8371.1,8368.4,8369.2,54
1784627520,8368.9,8370.2,8368.7,8368.9,68
1784627580,8368.7,8370.2,8367,8369.2,68
1784627640,8369.5,8371,8369,8371,50
1784627700,8371.2,8371.2,8369.3,8369.3,36
1784627760,8369.8,8370.3,8365.6,8365.8,34
1784627820,8365.6,8365.8,8361.1,8361.4,48
1784627880,8361.1,8362.6,8359.4,8362.6,68
1784627940,8362.4,8365.6,8362.4,8365.3,48
1784628000,8364.8,8366.8,8364.3,8364.8,72
1784628060,8365,8367.3,8364.8,8366,66
1784628120,8365.8,8369.5,8364.3,8367.8,88
1784628180,8368,8368,8365.8,8366.8,74
1784628240,8366.3,8366.3,8364.3,8365.3,64
1784628300,8364.8,8365.6,8362.8,8364.3,58
1784628360,8363.8,8365.1,8362.8,8365.1,68
1784628420,8364.6,8365,8363.8,8363.8,62
1784628480,8364.1,8368,8363.8,8367.3,76
1784628540,8366.8,8368.3,8366.5,8366.5,54
1784628600,8366,8375.8,8363.8,8371.3,136
1784628660,8371.5,8375.2,8370,8374.5,166
1784628720,8374,8374,8367.3,8367.3,102
1784628780,8367.8,8369.3,8365.3,8365.3,60
1784628840,8365.6,8367.3,8365.3,8365.9,52
1784628900,8365.4,8366.1,8361.4,8361.9,76
1784628960,8362.2,8364.4,8362.2,8362.9,52
1784629020,8363.1,8364.9,8362.9,8364.4,58
1784629080,8363.9,8367.1,8363.9,8367.1,60
1784629140,8367.3,8367.3,8364.6,8366.3,58
1784629200,8366.1,8366.3,8364.6,8366.3,62
1784629260,8366.1,8368.3,8365.1,8366.3,60
1784629320,8366.6,8366.8,8366.1,8366.6,50
1784629380,8366.8,8367,8363.3,8363.6,52
1784629440,8363.3,8364.9,8362.8,8364.9,40
1784629500,8365.1,8365.1,8363.4,8364.4,36
1784629560,8364.1,8364.4,8362.6,8364.3,40
1784629620,8364.1,8365.4,8363.1,8363.4,48
1784629680,8363.6,8365.4,8363.6,8363.9,56
1784629740,8364.1,8364.1,8362.9,8363.3,40
1784629800,8363.8,8364.8,8361.8,8362.3,64
1784629860,8362.4,8362.6,8360.6,8361.4,52
1784629920,8361.6,8364.8,8361.6,8364.6,42
1784629980,8364.8,8366.8,8364.8,8366.8,40
1784630040,8366.5,8367.8,8366.3,8367.2,42
1784630100,8366.7,8369.7,8366.7,8368.7,42
1784630160,8368.4,8371.2,8367.2,8371.2,78
1784630220,8371.4,8371.4,8368.4,8370.6,82
1784630280,8370.1,8370.6,8367.4,8367.7,42
1784630340,8368.2,8368.2,8365.4,8365.7,38
1784630400,8365.2,8365.5,8361.3,8362,62
1784630460,8362.5,8364,8361.8,8363.3,64
1784630520,8363.8,8365.3,8363,8364.7,52
1784630580,8365.5,8366.7,8365.2,8366.7,48
1784630640,8366.2,8367.7,8365.4,8366.2,38
1784630700,8365.9,8366.9,8365.2,8366.7,54
1784630760,8366.9,8366.9,8363.7,8364,76
1784630820,8364.3,8366.8,8363.5,8366.7,64
1784630880,8367,8369.7,8366.5,8368.9,60
1784630940,8369.2,8370.2,8366.7,8366.7,69
1784631000,8367.2,8367.2,8364.7,8364.7,56
1784631060,8364.5,8366.2,8363.3,8365.5,72
1784631120,8365.7,8368.4,8364.5,8367.2,52
1784631180,8367.7,8368.2,8365.9,8366.2,66
1784631240,8365.9,8366.4,8364.2,8364.2,44
1784631300,8363.9,8365.2,8362.7,8363,76
1784631360,8362.7,8363.5,8362.2,8363,44
1784631420,8362.7,8363.5,8362.7,8363.2,34
1784631480,8363,8363.7,8362.2,8362.7,48
1784631540,8363.2,8363.7,8360.7,8361.7,80
1784631600,8362,8364.2,8361.7,8362.7,90
1784631660,8363.2,8364.2,8361.7,8362.2,44
1784631720,8362.7,8364.9,8362.2,8362.7,54
1784631780,8362.4,8362.4,8358.7,8358.7,44
1784631840,8358.5,8358.5,8354.3,8354.8,60
1784631900,8355.3,8356.8,8353.8,8356.3,84
1784631960,8356,8356,8353.3,8353.8,70
1784632020,8353.3,8353.3,8349.9,8349.9,56
1784632080,8350.1,8352.4,8350.1,8351.9,62
1784632140,8351.4,8351.9,8350.9,8350.9,46
1784632200,8350.4,8351.1,8349.1,8350.1,72
1784632260,8349.9,8350.1,8344.2,8344.2,56
1784632320,8344.4,8347.9,8344.4,8347.6,90
1784632380,8347.4,8348.4,8346.9,8347.4,52
1784632440,8347.6,8348.9,8346.9,8346.9,34
1784632500,8347.4,8349.9,8346.9,8349.3,66
1784632560,8349.6,8349.6,8348.3,8348.3,38
1784632620,8348.8,8349.1,8347.3,8347.3,47
1784632680,8347.8,8349.3,8347.3,8347.3,54
1784632740,8347.1,8347.1,8344.8,8345.3,60
1784632800,8345.8,8346.8,8342.9,8342.9,68
1784632860,8343.4,8344.4,8341.4,8344.3,62
1784632920,8343.9,8345.1,8343.4,8344.8,36
1784632980,8345.1,8345.1,8343.4,8344.1,40
1784633040,8344.4,8344.4,8342.6,8343.4,62
1784633100,8343.9,8343.9,8340.9,8341.9,50
1784633160,8342.4,8344.6,8340.9,8344.6,60
1784633220,8344.4,8346.8,8344.4,8346.1,40
1784633280,8346.3,8347.3,8345.3,8345.3,42
1784633340,8345.8,8346.3,8345.3,8345.3,28
1784633400,8345.8,8350.3,8345.8,8349,78
1784633460,8348.8,8349.8,8348.1,8348.3,56
1784633520,8348.6,8348.6,8347.4,8347.6,58
1784633580,8347.4,8347.9,8342,8342,78
1784633640,8342.5,8344.5,8342,8343,62
1784633700,8342.7,8345.7,8342.7,8345.7,50
1784633760,8345.5,8346.9,8344.5,8346.7,52
1784633820,8346.4,8348.9,8346.2,8348.4,50
1784633880,8348.7,8349.1,8348.4,8348.4,28
1784633940,8348.1,8351.4,8348.1,8348.7,64
1784634000,8348.9,8349.4,8347.4,8347.9,56
1784634060,8347.7,8348.7,8346.9,8347.5,44
1784634120,8347.2,8347.5,8345.5,8346,68
1784634180,8346.3,8347,8344,8344,40
1784634240,8344.3,8347.3,8344.3,8347,68
1784634300,8347.3,8347.5,8346.5,8347,48
1784634360,8346.5,8348.3,8346.5,8348.3,46
1784634420,8347.8,8349,8347.5,8348,50
1784634480,8347.7,8348.7,8347.2,8347.5,30
1784634540,8347,8347.5,8346.5,8346.5,42
1784634600,8346.7,8347.7,8344.8,8344.8,48
1784634660,8344.5,8344.5,8341.1,8341.6,54
1784634720,8341.1,8342.3,8340.6,8341.6,62
1784634780,8341.8,8343.1,8341.1,8342.8,44
1784634840,8343.3,8345,8343,8344,42
1784634900,8344.3,8344.8,8343,8343.5,30
1784634960,8343.8,8344.5,8343.3,8343.3,36
1784635020,8342.8,8343,8341.6,8342.1,38
1784635080,8342.6,8344.8,8342.3,8344.5,40
1784635140,8344.3,8344.8,8343,8344.3,42
1784635200,8344.5,8348,8344.5,8347.7,74
1784635260,8347.5,8348.2,8345,8345.2,64
1784635320,8345,8346.5,8343.8,8344.8,60
1784635380,8345,8345.3,8342.5,8342.5,38
1784635440,8342.3,8343.6,8341.6,8342.1,78
1784635500,8342.3,8343.6,8342.1,8343.6,74
1784635560,8343.1,8343.8,8341.6,8342.6,66
1784635620,8342.8,8343.6,8342.3,8343.1,46
1784635680,8343.3,8344.6,8343.1,8344.6,40
1784635740,8344.8,8345.3,8343.1,8343.1,48
1784635800,8342.6,8343.8,8340.6,8341.6,70
1784635860,8341.4,8344.6,8341.4,8344.6,68
1784635920,8344.1,8345.1,8343.6,8344.6,22
1784635980,8344.1,8344.8,8342.6,8344.1,46
1784636040,8344.6,8345.6,8344.6,8345.1,22
1784636100,8344.6,8347.1,8336.9,8336.9,94
1784636160,8337.4,8339.9,8336.1,8339.6,90
1784636220,8339.1,8340.6,8338.4,8340.4,50
1784636280,8340.1,8340.4,8333.4,8333.7,84
1784636340,8333.9,8335.2,8333.9,8334.5,52
1784636400,8334.7,8336.2,8331,8333.8,58
1784636460,8333.5,8335.5,8332.8,8335.5,68
1784636520,8335.7,8336.2,8334.7,8334.7,60
1784636580,8335.2,8335.7,8334.2,8335.7,54
1784636640,8336.2,8337.7,8336.2,8337.7,56
1784636700,8337.4,8337.9,8333.7,8334.2,58
1784636760,8333.9,8333.9,8332.2,8332.2,64
1784636820,8331,8331.2,8328.3,8330.5,54
1784636880,8330.3,8330.3,8328,8329,72
1784636940,8328.8,8329.3,8327.8,8327.8,46
1784637000,8328.3,8332,8327.8,8331.2,98
1784637060,8330.7,8334.7,8329.8,8334.7,60
1784637120,8334.5,8336.4,8333.5,8335.5,90
1784637180,8335.7,8339.7,8335,8339.7,78
1784637240,8339.9,8341.4,8338.9,8340.7,64
1784637300,8340.2,8340.9,8337.2,8337.7,94
1784637360,8337.5,8341.4,8336.7,8340.7,78
1784637420,8341.2,8341.2,8337.9,8338.7,66
1784637480,8339,8339.5,8338.2,8339,86
1784637540,8339.2,8339.2,8336.7,8339.2,68
1784637600,8338.7,8339,8335.3,8335.3,64
1784637660,8335.8,8336,8332.1,8332.8,78
1784637720,8333.1,8333.3,8331.3,8332.3,70
1784637780,8332.8,8332.8,8325.3,8327.8,110
1784637840,8327.3,8330.5,8327.3,8330.5,78
1784637900,8330.2,8331.2,8328.7,8329.2,72
1784637960,8329,8331,8329,8330.2,54
1784638020,8329.9,8330.2,8328.7,8329.7,64
1784638080,8329.5,8333,8329.5,8332.5,56
1784638140,8332.2,8334.4,8332.2,8333.7,62
1784638200,8333.2,8336.4,8332.7,8336.4,66
1784638260,8336.6,8337.4,8333.9,8335.9,74
1784638320,8335.6,8336.6,8334.9,8336.4,80
1784638380,8335.9,8337.1,8334.9,8337.1,50
1784638440,8337.3,8339.8,8336.8,8339.3,70
1784638500,8339,8339.3,8337.3,8339,68
1784638560,8339.3,8341.8,8338.8,8341.8,46
1784638620,8341.5,8343.5,8340.8,8343.2,80
1784638680,8343.7,8343.9,8342.2,8342.4,72
1784638740,8341.9,8343.9,8341.9,8343.6,60
1784638800,8343.1,8343.1,8335.7,8336.7,92
1784638860,8337,8339,8336.7,8338.7,82
1784638920,8338.4,8338.4,8335.5,8336.7,72
1784638980,8337.2,8338.7,8335.2,8337.9,78
1784639040,8337.2,8341.6,8337.2,8339.6,64
1784639100,8339.1,8339.9,8336.4,8336.4,68
1784639160,8336.1,8339.9,8336.1,8338.6,52
1784639220,8338.1,8338.6,8333.7,8335.7,88
1784639280,8334.7,8335.4,8333.7,8334.9,90
1784639340,8334.4,8335.4,8332.2,8333.7,76
1784639400,8333.9,8336.7,8333.2,8335.2,94
1784639460,8335.4,8336.7,8335.4,8336.7,24
1784639520,8336.4,8337.7,8335.2,8335.7,60
1784639580,8335.2,8335.7,8334,8335.2,66
1784639640,8335.5,8336.2,8334.2,8334.5,74
1784639700,8335,8335.5,8332.2,8333,64
1784639760,8332.8,8335.2,8332.3,8333.7,70
1784639820,8334.2,8335.5,8334.2,8335.2,72
1784639880,8335,8336,8335,8335.7,42
1784639940,8335.9,8336.2,8335.2,8335.7,38
1784640000,8336.2,8336.4,8335.2,8336.2,56
1784640060,8336.4,8336.4,8334.7,8335.7,78
1784640120,8335.9,8336.7,8335.4,8336.7,32
1784640180,8336.9,8336.9,8335.7,8335.7,56
1784640240,8335.4,8335.9,8331.2,8332.7,62
1784640300,8333,8334.2,8330.7,8333.7,74
1784640360,8334.2,8335.2,8331.7,8331.7,74
1784640420,8331.9,8332.4,8329.2,8330,68
1784640480,8329.7,8329.7,8327.3,8327.3,62
1784640540,8327.5,8329.8,8326.3,8329.5,76
1784640600,8329.3,8331.5,8326.5,8331.5,102
1784640660,8331.2,8335.2,8330.7,8331.9,130
1784640720,8331.7,8332.2,8327,8327.8,102
1784640780,8328.3,8333.2,8327.5,8331.7,118
1784640840,8332,8333.7,8331,8331.4,122
1784640900,8331.9,8333.7,8330.2,8332.2,92
1784640960,8331.7,8332.4,8321.1,8321.3,108
1784641020,8321.6,8321.8,8316.4,8316.9,104
1784641080,8316.6,8316.9,8312.1,8312.9,122
1784641140,8312.4,8314.6,8310.9,8311.4,106
1784641200,8310.9,8313.1,8308.4,8312.9,112
1784641260,8312.4,8312.9,8307.4,8309.4,112
1784641320,8309.9,8309.9,8306.4,8306.9,88
1784641380,8307.1,8307.6,8301.1,8301.1,94
1784641440,8301.4,8302.6,8299.4,8302.4,122
1784641500,8302.1,8302.1,8298.6,8301.4,110
1784641560,8301.6,8307.8,8301.4,8307.3,104
1784641620,8306.8,8306.8,8302.1,8302.6,118
1784641680,8302.3,8307.8,8302.3,8307.3,76
1784641740,8307,8309,8307,8307.5,104
1784641800,8307.7,8309.2,8305.7,8306.3,90
1784641860,8306.5,8306.5,8301.8,8302.3,114
1784641920,8302.8,8307.5,8302.8,8307.2,90
1784641980,8306.7,8309.9,8306.7,8309.7,74
1784642040,8309.9,8310.9,8308.4,8310.2,90
1784642100,8310.4,8311.9,8309.9,8310.4,100
1784642160,8310.2,8312.4,8309.2,8312.2,78
1784642220,8312.6,8313.1,8310.6,8311.1,98
1784642280,8310.6,8310.6,8306.4,8307.9,84
1784642340,8307.4,8308,8306.2,8307.5,78
1784642400,8308,8308.9,8305.2,8305.5,100
1784642460,8306,8308.9,8305.7,8308.2,118
1784642520,8307.9,8310.4,8307.2,8309.2,106
1784642580,8309.4,8317.1,8308.4,8316.1,118
1784642640,8316.4,8319.1,8315.6,8317.6,76
1784642700,8317.8,8319.8,8317.3,8319.8,96
1784642760,8319.6,8323.5,8318.6,8323.3,88
1784642820,8323,8325,8321.8,8324,102
1784642880,8324.5,8327.5,8323.3,8327.5,86
1784642940,8327,8328.2,8325.3,8326.5,94
1784643000,8326.3,8329.2,8325.5,8329.2,98
1784643060,8329.5,8330.9,8327,8327,72
1784643120,8327.2,8328.5,8325.8,8325.8,102
1784643180,8326,8328,8325.5,8327.5,88
1784643240,8328,8332,8327,8331.5,92
1784643300,8331,8331.2,8328.7,8330.5,88
1784643360,8330.7,8333.9,8329,8332.4,96
1784643420,8332.9,8333.4,8330.2,8330.9,76
1784643480,8331.7,8333.4,8330.2,8332.4,82
1784643540,8332.2,8332.9,8331.7,8332.6,72
1784643600,8332.4,8334.9,8332.4,8333.9,72
1784643660,8334.4,8337.3,8334.1,8334.3,94
1784643720,8334.8,8336.8,8334.3,8336.3,90
1784643780,8336,8337.3,8334.8,8336.7,74
1784643840,8337,8339,8336.7,8338.2,62
1784643900,8338.7,8340.7,8337.2,8340.2,72
1784643960,8339.9,8340.2,8336.9,8337,54
1784644020,8336.7,8338.2,8336.7,8338.2,68
1784644080,8338.4,8338.4,8334.7,8335.2,64
1784644140,8335.7,8335.7,8334,8334.8,54
1784644200,8334.5,8337,8334.3,8336.7,80
1784644260,8337.5,8338.9,8336.7,8337.4,78
1784644320,8337.7,8338.9,8337.4,8338.4,80
1784644380,8338.2,8338.9,8337.7,8337.7,70
1784644440,8337.9,8339.4,8336.9,8338.2,60
1784644500,8338.4,8338.9,8337.4,8337.9,92
1784644560,8337.7,8337.9,8335.9,8337.2,56
1784644620,8336.9,8337.7,8334.4,8334.9,46
1784644680,8334.5,8335.2,8332.7,8334.2,54
1784644740,8334.5,8336.2,8333.5,8334.8,72
1784644800,8335.3,8338.2,8334.5,8338,96
1784644860,8338.5,8338.5,8335.5,8335.7,64
1784644920,8336,8338.9,8336,8338.7,70
1784644980,8339.2,8340.9,8338.7,8340.4,74
1784645040,8340.1,8342.9,8340.1,8340.6,76
1784645100,8341.1,8343.4,8339.6,8343.1,68
1784645160,8342.9,8342.9,8340.6,8341.6,64
1784645220,8341.1,8341.9,8339.6,8340.9,56
1784645280,8340.6,8345.6,8340.6,8343.1,104
1784645340,8342.6,8345.8,8342.6,8345.8,94
1784645400,8346.1,8347.3,8344.6,8346.5,70
1784645460,8346.3,8348.8,8345.5,8348,66
1784645520,8348.5,8350.3,8348.5,8349,54
1784645580,8349.3,8350,8347.8,8347.8,52
1784645640,8348,8348,8346.5,8347.3,48
1784645700,8347.5,8348.3,8347,8347.5,42
1784645760,8348,8348,8344.8,8344.8,66
1784645820,8345.1,8345.3,8344.3,8344.6,28
1784645880,8344.8,8347,8344.6,8344.8,68
1784645940,8345,8345.3,8343.6,8344.8,48
1784646000,8344.5,8346,8343.6,8346,70
1784646060,8345.8,8346.3,8340.3,8341.1,56
1784646120,8340.8,8342.6,8339.8,8340.6,98
1784646180,8340.9,8344.1,8340.6,8344.1,74
1784646240,8343.6,8345.5,8343.6,8345,60
1784646300,8344.8,8348.2,8344.3,8348,92
1784646360,8347.7,8347.7,8344.7,8345.5,72
1784646420,8346,8347.7,8345.7,8347,48
1784646480,8346.7,8347.7,8346.2,8346.7,46
1784646540,8347,8349.5,8346.2,8347.9,64
1784646600,8348.2,8349.7,8346.7,8349.4,84
1784646660,8349.2,8349.7,8347.2,8347.9,60
1784646720,8347.7,8348.7,8346.9,8348.7,52
1784646780,8348.2,8348.7,8346.7,8346.9,52
1784646840,8346.7,8348.6,8346.7,8348.4,38
1784646900,8347.9,8350.6,8347.9,8349.4,70
1784646960,8349.6,8351.3,8348.6,8348.9,66
1784647020,8348.6,8350.9,8348.6,8350.1,62
1784647080,8349.6,8349.6,8347.6,8348.4,58
1784647140,8348.6,8349.9,8348.4,8349.1,66
1784647200,8349.4,8356,8348.6,8354.3,70
1784647260,8353.8,8358,8353.5,8354.8,88
1784647320,8355.3,8357.5,8355,8356.3,82
1784647380,8356.5,8357,8353.3,8354.5,84
1784647440,8354.8,8355.8,8353,8355.8,56
1784647500,8355.5,8356.8,8355.3,8355.8,90
1784647560,8356,8357,8354.8,8355.3,50
1784647620,8354.8,8355.3,8353.8,8354.3,34
1784647680,8355.3,8356.3,8354.3,8354.3,58
1784647740,8354.6,8355.3,8352.4,8353.4,68
1784647800,8352.1,8353.9,8350.6,8352.4,90
1784647860,8353.1,8355.1,8351.9,8351.9,100
1784647920,8351.4,8355.4,8349.1,8354.6,100
1784647980,8354.9,8355.1,8349.9,8352.4,112
1784648040,8352.9,8356.6,8347.4,8356.6,151
1784648100,8357.6,8361.6,8357.6,8359.1,116
1784648160,8359.6,8359.9,8356.9,8359.4,64
1784648220,8359.9,8361.9,8359.4,8361.4,74
1784648280,8360.9,8362.6,8359.9,8359.9,34
1784648340,8360.1,8361.1,8359.9,8360.9,48
1784648400,8361.4,8362.6,8359.1,8359.9,68
1784648460,8360.1,8364.1,8360.1,8361.9,54
1784648520,8362.4,8362.4,8359.9,8360.9,58
1784648580,8361.4,8361.4,8359.9,8359.9,50
1784648640,8360.4,8366.6,8360.4,8363.1,73
1784648700,8363.4,8364.4,8361.9,8363.4,40
1784648760,8363.9,8366.1,8363.6,8366.1,24
1784648820,8365.9,8369.4,8365.4,8368.6,48
1784648880,8368.9,8370.1,8368.4,8369.4,32
1784648940,8369.9,8372.6,8369.9,8371.8,54
1784649000,8372.3,8374.3,8371.6,8372.3,50
1784649060,8373.1,8373.8,8369.6,8369.6,40
1784649120,8369.9,8370.4,8365.6,8367.4,47
1784649180,8367.9,8370.4,8367.4,8370.4,42
1784649240,8370.9,8372.3,8370.1,8370.4,46
1784649300,8370.1,8371.4,8370.1,8371.4,48
1784649360,8371.1,8371.9,8370.4,8371.4,38
1784649420,8371.1,8371.6,8369.4,8369.4,22
1784649480,8369.6,8369.9,8368.6,8369.1,16
1784649540,8368.6,8370.6,8368.6,8370.6,36
1784649600,8370.4,8372.1,8369.4,8371.9,48
1784649660,8372.1,8372.8,8371.6,8372.4,36
1784649720,8372.6,8373.1,8371.9,8372.4,40
1784649780,8372.6,8374.6,8372.6,8373.6,38
1784649840,8373.8,8376.8,8372.6,8376.8,72
1784649900,8377.1,8377.6,8376.1,8377.6,38
1784649960,8377.8,8378.1,8377.3,8377.6,20
1784650020,8377.3,8378.6,8376.3,8378.6,32
1784650080,8379.1,8379.6,8378.6,8379.3,22
1784650140,8378.8,8380.1,8378.8,8379.6,28
1784650200,8379.8,8381.3,8379.8,8380.8,36
1784650260,8381.1,8381.6,8380.1,8380.6,30
1784650320,8380.8,8380.8,8379.8,8380.8,44
1784650380,8381.3,8381.8,8380.3,8381.8,44
1784650440,8382.1,8383.1,8381.8,8381.8,30
1784650500,8381.6,8381.6,8380.1,8380.3,32
1784650560,8380.1,8382.3,8380.1,8381.3,32
1784650620,8381.1,8381.6,8380.1,8380.1,36
1784650680,8380.3,8381.3,8379.8,8379.8,32
1784650740,8379.6,8381.8,8379.6,8381.6,22
1784650800,8381.8,8381.8,8380.8,8381.8,24
1784650860,8381.6,8381.8,8380.6,8381.8,36
1784650920,8381.6,8382.3,8381.3,8381.8,38
1784650980,8381.6,8382.8,8381.6,8382.3,28
1784651040,8382.1,8382.3,8380.6,8381.1,30
1784651100,8381.3,8382.3,8381.3,8381.6,24
1784651160,8381.3,8382.3,8380.8,8381.3,28
1784651220,8382.1,8382.1,8379.8,8380.3,24
1784651280,8380.6,8381.8,8380.3,8381.3,26
1784651340,8381.6,8381.6,8380.1,8380.8,26
1784651400,8381.1,8381.3,8380.3,8381.1,18
1784651460,8380.8,8381.6,8380.6,8380.6,18
1784651520,8381.1,8381.1,8380.1,8380.1,16
1784651580,8380.3,8380.6,8378.8,8379.1,18
1784651640,8379.6,8380.3,8379.6,8379.8,10
1784651700,8379.6,8380.3,8379.6,8380.3,10
1784651760,8380.1,8380.3,8379.6,8380.1,32
1784651820,8379.8,8379.8,8378.9,8379.8,16
1784651880,8380.1,8380.3,8379.6,8379.8,10
1784651940,8379.6,8380.6,8379.6,8380.6,6
1784652000,8380.8,8381.6,8380.8,8381.3,16
1784652060,8381.1,8381.6,8381.1,8381.3,20
1784652120,8381.6,8382.6,8380.8,8380.8,26
1784652180,8380.6,8381.3,8380.6,8381.1,10
1784652240,8380.8,8381.3,8380.6,8381.3,16
1784652300,8381.6,8382.6,8381.6,8381.8,22
1784652360,8381.6,8383.3,8381.1,8382.8,26
1784652420,8383.3,8383.8,8381.6,8382.3,14
1784652480,8382.1,8382.8,8382.1,8382.8,16
1784652540,8383.1,8383.6,8383.1,8383.3,10
1784652600,8383.6,8384.6,8383.3,8384.3,26
1784652660,8384.6,8384.8,8384.1,8384.6,16
1784652720,8384.8,8385.8,8384.3,8385.8,16
1784652780,8385.6,8386.1,8385.1,8385.1,28
1784652840,8385.6,8385.8,8385.6,8385.8,4
1784652900,8386.1,8387.6,8385.8,8386.8,26
1784652960,8387.1,8387.1,8385.6,8385.6,14
1784653020,8385.1,8386.1,8384.6,8384.6,22
1784653080,8384.1,8384.8,8383.8,8384.8,10
1784653140,8384.6,8385.3,8384.3,8384.6,20
1784653200,8384.8,8386.1,8383.9,8383.9,26
1784653260,8383.6,8384.8,8383.6,8384.8,12
1784653320,8384.6,8384.8,8384.1,8384.6,14
1784653380,8384.3,8385.1,8384.1,8384.6,16
1784653440,8384.4,8384.6,8384.1,8384.4,14
1784653500,8384.6,8385.1,8384.6,8384.6,6
1784653560,8384.4,8384.9,8383.9,8384.9,18
1784653620,8385.1,8385.3,8384.9,8385.1,18
1784653680,8384.9,8385.4,8384.9,8385.4,10
1784653740,8385.6,8386.6,8385.6,8386.3,22
1784653800,8386.6,8386.6,8384.9,8384.9,20
1784653860,8385.4,8387.3,8384.9,8387.3,36
1784653920,8387.1,8388.1,8386.1,8386.3,32
1784653980,8386.6,8387.3,8386.1,8386.8,36
1784654040,8387.1,8387.6,8386.4,8386.4,20
1784654100,8386.1,8386.6,8385.4,8385.4,24
1784654160,8385.6,8386.1,8385.1,8385.9,40
1784654220,8385.6,8386.1,8384.9,8384.9,18
1784654280,8385.1,8385.1,8384.9,8384.9,8
1784654340,8385.1,8385.4,8384.1,8384.4,26
1784654400,8384.1,8384.9,8384.1,8384.9,10
1784654460,8385.1,8386.1,8384.6,8385.1,42
1784654520,8384.9,8385.4,8384.6,8384.9,30
1784654580,8384.6,8385.9,8384.4,8385.1,28
1784654640,8385.6,8386.6,8385.4,8386.4,22
1784654700,8386.9,8386.9,8384.4,8385.9,24
1784654760,8386.1,8386.6,8385.9,8385.9,26
1784654820,8386.1,8386.6,8385.9,8386.4,20
1784654880,8385.9,8386.1,8385.9,8385.9,10
1784654940,8386.1,8386.4,8385.9,8386.1,16
1784655000,8386.4,8388.6,8386.4,8388.4,32
1784655060,8387.9,8388.4,8387.9,8388.4,28
1784655120,8388.6,8388.6,8387.1,8387.1,10
1784655180,8387.4,8388.1,8386.4,8386.6,32
1784655240,8386.9,8386.9,8384.9,8385.9,26
1784655360,8386.1,8387.9,8386.1,8387.9,14
1784655420,8387.6,8387.9,8387.4,8387.4,26
1784655480,8387.6,8388.6,8387.6,8388.1,14
1784655540,8388.4,8388.4,8387.4,8387.9,16
1784655600,8388.1,8388.1,8386.9,8386.9,14
1784655660,8387.1,8387.4,8386.9,8386.9,24
1784655720,8387.1,8387.4,8386.6,8386.9,18
1784655780,8387.1,8387.1,8386.6,8386.9,8
1784655840,8387.4,8387.6,8386.9,8386.9,12
1784655900,8387.1,8387.4,8386.6,8386.9,12
1784655960,8386.6,8387.1,8386.6,8386.9,20
1784656020,8387.1,8387.1,8386.9,8386.9,4
1784656080,8387.1,8388.1,8387.1,8388.1,8
1784656140,8388.6,8388.6,8387.6,8387.9,10
1784656200,8387.4,8389.4,8387.4,8388.9,26
1784656260,8389.1,8389.4,8387.4,8387.4,16
1784656320,8387.9,8387.9,8387.9,8387.9,2
1784656380,8388.4,8388.6,8387.9,8387.9,10
1784656440,8388.1,8388.1,8387.9,8388.1,18
1784656500,8387.9,8388.1,8387.9,8388.1,20
1784656560,8388.4,8388.4,8387.4,8387.9,28
1784656620,8388.1,8388.1,8387.4,8387.4,28
1784656680,8387.6,8387.6,8387.6,8387.6,2
1784656740,8388.1,8388.4,8387.9,8387.9,18
1784656800,8387.6,8388.1,8387.4,8387.9,22
1784656860,8388.1,8388.1,8387.9,8387.9,24
1784656920,8388.1,8388.6,8387.4,8387.9,28
1784656980,8387.6,8387.6,8386.4,8386.4,26
1784657040,8386.9,8387.4,8386.9,8387.4,20
1784657100,8387.1,8387.9,8386.9,8387.4,10
1784657160,8387.1,8387.9,8386.9,8387.6,22
1784657220,8387.9,8388.9,8387.9,8388.4,22
1784657280,8388.6,8389.9,8388.6,8389.6,14
1784657340,8389.9,8390.1,8389.6,8389.9,26
1784657400,8390.1,8390.6,8389.9,8389.9,34
1784657460,8390.1,8390.4,8390.1,8390.1,6
1784657520,8390.4,8390.4,8389.6,8389.6,12
1784657580,8389.9,8389.9,8389.6,8389.6,4
1784657640,8389.4,8389.4,8387.9,8387.9,18
1784657700,8388.1,8388.4,8387.6,8388.4,28
1784657760,8388.1,8388.4,8388.1,8388.1,14
1784657820,8388.4,8388.9,8388.4,8388.4,8
1784657880,8388.6,8388.6,8386.9,8386.9,26
1784657940,8387.1,8387.9,8386.4,8387.9,34
1784658000,8387.6,8389.4,8387.6,8389.1,16
1784658060,8388.9,8389.1,8388.9,8388.9,6
1784658120,8389.4,8389.4,8388.4,8388.4,18
1784658180,8388.9,8389.4,8388.4,8389.4,24
1784658240,8389.6,8389.9,8389.4,8389.4,8
1784658300,8389.6,8389.9,8388.9,8389.6,26
1784658360,8389.4,8389.9,8389.4,8389.6,14
1784658420,8390.1,8390.4,8389.6,8390.4,14
1784658480,8390.9,8390.9,8390.6,8390.9,10
1784658540,8390.6,8390.9,8390.6,8390.9,8
1784658600,8391.1,8391.6,8390.6,8390.6,26
1784658660,8390.4,8390.6,8390.1,8390.4,14
1784658720,8390.1,8390.4,8389.4,8390.4,20
1784658780,8390.1,8390.4,8389.9,8390.4,24
1784658840,8390.6,8391.1,8390.6,8390.9,12
1784658900,8390.6,8390.9,8390.1,8390.4,14
1784658960,8390.6,8390.6,8390.4,8390.4,8
1784659020,8390.9,8390.9,8390.4,8390.4,14
1784659080,8390.6,8391.9,8390.6,8391.9,18
1784659140,8392.4,8392.4,8391.1,8391.1,16
1784659200,8390.6,8391.6,8390.6,8391.6,24
1784659260,8391.9,8391.9,8391.4,8391.4,16
1784659320,8391.6,8392.4,8391.4,8392.4,22
1784659380,8392.6,8392.6,8391.1,8392.4,28
1784659440,8392.6,8392.9,8392.4,8392.9,8
1784659500,8393.1,8393.1,8392.9,8392.9,8
1784659560,8392.6,8393.1,8392.4,8393.1,18
1784659620,8393.4,8393.6,8391.9,8391.9,26
1784659680,8392.4,8392.4,8391.9,8392.1,10
1784659740,8392.4,8393.4,8392.4,8392.6,32
1784659800,8392.9,8393.1,8392.4,8392.4,12
1784659860,8392.6,8392.6,8392.4,8392.4,4
1784659920,8392.6,8392.9,8391.9,8392.1,16
1784659980,8392.4,8392.6,8391.9,8392.4,22
1784660040,8392.6,8392.6,8391.6,8391.9,24
1784660100,8392.4,8392.6,8392.4,8392.4,10
1784660160,8392.9,8392.9,8392.1,8392.4,18
1784660220,8392.9,8392.9,8391.6,8392.6,18
1784660280,8392.4,8392.4,8392.1,8392.1,4
1784660340,8391.9,8392.4,8391.6,8392.4,14
1784660400,8392.6,8392.9,8391.6,8391.6,30
1784660460,8391.4,8391.6,8391.4,8391.4,10
1784660520,8391.1,8391.9,8391.1,8391.4,26
1784660580,8391.1,8391.9,8390.9,8391.6,20
1784660640,8391.9,8392.4,8391.4,8391.4,18
1784660700,8391.6,8392.1,8391.4,8391.4,18
1784660760,8391.1,8391.4,8390.6,8391.1,22
1784660820,8390.9,8391.1,8390.6,8390.9,18
1784660880,8390.6,8390.9,8389.6,8389.6,22
1784660940,8389.4,8389.4,8387.4,8387.6,32
1784661000,8387.9,8388.1,8387.1,8387.6,14
1784661060,8387.9,8388.9,8387.9,8388.9,12
1784661120,8389.4,8389.9,8388.9,8389.9,20
1784661180,8390.1,8390.4,8389.6,8390.1,24
1784661240,8389.9,8390.9,8389.9,8390.6,14
1784661300,8390.9,8391.4,8390.9,8391.4,12
1784661360,8391.6,8392.6,8391.4,8391.6,20
1784661420,8391.9,8392.1,8390.4,8390.9,30
1784661480,8390.6,8390.9,8390.1,8390.4,16
1784661540,8390.1,8390.1,8389.6,8390.1,12
1784661600,8389.9,8389.9,8388.6,8389.4,24
1784661660,8389.1,8389.4,8388.6,8388.9,20
1784661720,8389.4,8389.4,8389.1,8389.4,6
1784661780,8389.6,8390.4,8389.6,8389.9,10
1784661840,8390.1,8390.1,8389.4,8389.6,16
1784661900,8389.4,8389.4,8388.6,8389.1,32
1784661960,8388.6,8389.9,8388.6,8389.9,16
1784662020,8390.4,8390.6,8389.9,8390.1,16
1784662080,8389.9,8390.6,8389.9,8390.4,8
1784662140,8390.6,8391.1,8390.1,8391.1,16
1784662200,8390.9,8391.4,8389.9,8390.6,40
1784662260,8390.9,8391.6,8389.4,8389.4,42
1784662320,8389.6,8389.9,8389.6,8389.9,12
1784662380,8389.6,8389.9,8388.9,8389.1,30
1784662440,8389.4,8389.6,8388.9,8389.1,16
1784662500,8388.9,8390.1,8388.9,8390.1,18
1784662560,8390.4,8391.6,8390.1,8391.6,20
1784662620,8391.1,8391.6,8390.9,8391.1,28
1784662680,8390.9,8391.4,8390.1,8390.4,14
1784662740,8389.9,8389.9,8389.9,8389.9,2
1784662800,8389.4,8389.4,8387.9,8387.9,24
1784662860,8388.2,8388.7,8387.9,8388.7,24
1784662920,8388.4,8388.7,8387.9,8387.9,8
1784662980,8387.7,8389.2,8387.4,8388.9,16
1784663040,8389.2,8390.4,8388.9,8389.9,22
1784663100,8388.9,8388.9,8388.4,8388.4,10
1784663160,8388.7,8388.7,8388.2,8388.4,12
1784663220,8388.2,8388.2,8387.2,8387.7,10
1784663280,8388.4,8388.4,8387.9,8387.9,6
1784663340,8388.4,8389.4,8388.4,8389.2,16
1784663400,8388.9,8391.9,8388.9,8389.9,48
1784663460,8390.4,8392.4,8390.2,8391.9,42
1784663520,8392.4,8392.9,8391.9,8391.9,20
1784663580,8392.1,8392.1,8391.4,8391.9,10
1784663640,8391.6,8391.6,8390.4,8390.4,18
1784663700,8390.2,8390.9,8390.2,8390.7,20
1784663760,8391.2,8393.6,8390.7,8393.1,36
1784663820,8393.4,8394.1,8393.1,8393.6,28
1784663880,8392.6,8393.4,8390.7,8393.4,42
1784663940,8393.1,8393.9,8392.4,8392.4,43
1784700000,8381.3,8384.6,8380.6,8384.6,21
1784700060,8384.6,8386.8,8382.8,8386.6,37
1784700120,8387.1,8390.3,8386.6,8390.3,17
1784700180,8389.8,8396.5,8389.8,8395.5,46
1784700240,8395,8397.3,8395,8396,30
1784700300,8396.8,8397.8,8393.5,8395.5,54
1784700360,8396,8396.8,8394.8,8394.8,46
1784700420,8394.3,8394.3,8390.3,8390.5,50
1784700480,8391.5,8392.5,8390.3,8391,48
1784700540,8391.3,8392.5,8390.5,8392,60
1784700600,8392.8,8394,8392.3,8393.5,26
1784700660,8394,8397.3,8393.3,8397,40
1784700720,8397.3,8398,8397,8397.8,26
1784700780,8398,8398,8396,8397,28
1784700840,8397.3,8397.5,8396.8,8397.3,18
1784700900,8397,8397,8394.3,8394.5,32
1784700960,8394.8,8395.3,8393.5,8393.8,18
1784701020,8394,8394.3,8391.3,8391.3,46
1784701080,8391.5,8391.5,8388.6,8388.8,48
1784701140,8389.1,8389.3,8387.1,8387.1,48
1784701200,8387.3,8387.6,8384.6,8384.6,42
1784701260,8384.8,8387.3,8384.8,8386.1,36
1784701320,8385.8,8386.3,8383.3,8383.8,28
1784701380,8384.3,8384.3,8382.6,8383.1,42
1784701440,8382.6,8382.8,8380.6,8382.8,38
1784701500,8382.6,8382.6,8378.8,8379.3,60
1784701560,8379.6,8380.6,8379.1,8379.8,50
1784701620,8380.1,8382.1,8379.8,8381.1,34
1784701680,8381.3,8382.8,8379.1,8380.1,38
1784701740,8379.8,8382.6,8379.1,8380.6,44
1784701800,8380.3,8380.3,8377.6,8377.8,58
1784701860,8378.1,8378.8,8375.3,8376.6,54
1784701920,8376.3,8376.8,8375.6,8375.8,24
1784701980,8375.6,8377.3,8375.6,8376.8,20
1784702040,8377.1,8379.6,8376.8,8379.6,44
1784702100,8379.8,8381.8,8378.3,8378.3,56
1784702160,8377.8,8383.8,8377.8,8383.8,36
1784702220,8384.3,8384.3,8380.8,8381.8,62
1784702280,8381.5,8381.5,8377.8,8378.3,28
1784702340,8378,8379.1,8377.3,8378.6,46
1784702400,8378.8,8379.1,8377.3,8378.1,38
1784702460,8377.8,8378.6,8376.1,8376.3,48
1784702520,8376.6,8376.8,8375.8,8376.6,26
1784702580,8376.3,8378.3,8376.3,8378.3,18
1784702640,8378.1,8378.6,8377.1,8378.4,16
1784702700,8378.1,8378.1,8372.6,8373.9,66
1784702760,8373.4,8373.6,8372.4,8373.1,50
1784702820,8373.6,8373.6,8370.6,8370.9,50
1784702880,8370.6,8372.1,8370.4,8371.9,46
1784702940,8371.6,8372.1,8370.9,8371.4,32
1784703000,8370.9,8371.4,8368.9,8369.4,38
1784703060,8369.9,8372.4,8369.9,8371.1,48
1784703120,8371.9,8373.1,8371.9,8372.6,26
1784703180,8372.4,8374.9,8372.4,8374.6,22
1784703240,8373.9,8375.9,8373.9,8375.4,50
1784703300,8375.1,8376.6,8373.6,8374.6,50
1784703360,8374.9,8376.1,8374.4,8375.6,30
1784703420,8375.9,8375.9,8372.1,8372.4,40
1784703480,8373.4,8374.1,8372.1,8372.1,40
1784703540,8372.4,8372.6,8359.2,8361.7,100
1784703600,8361.9,8361.9,8345.4,8349.7,204
1784703660,8350.2,8354.9,8348.4,8351.9,154
1784703720,8351.4,8354.1,8348.2,8348.9,152
1784703780,8349.4,8356.6,8348.4,8354.4,140
1784703840,8354.2,8358.2,8351.7,8355.4,134
1784703900,8355.2,8357.6,8352.2,8353.7,142
1784703960,8353.2,8353.4,8348.4,8350.7,122
1784704020,8351.2,8355.7,8350.7,8355.4,94
1784704080,8355.2,8356.7,8352.2,8353.7,116
1784704140,8354,8355.2,8351.5,8353.7,116
1784704200,8354.2,8356.3,8350.8,8356.3,116
1784704260,8355.8,8358.8,8351.6,8354.4,134
1784704320,8353.9,8358.3,8352.9,8354.9,132
1784704380,8354.6,8358.1,8354.1,8356.4,126
1784704440,8355.9,8358.4,8355.7,8358.2,86
1784704500,8357.9,8364.9,8357.9,8362.9,90
1784704560,8363.4,8363.4,8357.9,8361.4,110
1784704620,8361.9,8364.4,8360.6,8363.9,96
1784704680,8364.4,8374.3,8363.9,8373,97
1784704740,8373.3,8377.3,8373.3,8373.6,96
1784704800,8373.8,8375.3,8372.1,8375.3,94
1784704860,8375.8,8377.8,8372.6,8374.1,92
1784704920,8374.6,8378.3,8373.4,8377.8,120
1784704980,8376.8,8378.8,8376.6,8378.3,104
1784705040,8378.1,8378.9,8375.4,8378.1,108
1784705100,8377.6,8378.4,8373.2,8376.4,82
1784705160,8376.7,8387.3,8376.4,8386.8,112
1784705220,8387.1,8392,8387.1,8391.2,110
1784705280,8390.5,8393.7,8389,8393.2,94
1784705340,8393.7,8394.9,8389.3,8389.8,102
1784705400,8389.3,8392.3,8384.3,8384.3,146
1784705460,8383.8,8387.9,8380.9,8386.9,128
1784705520,8385.9,8387.4,8383.6,8384.6,104
1784705580,8384.9,8385.4,8381.7,8381.7,108
1784705640,8382.2,8384,8381,8381.5,90
1784705700,8382,8383.3,8378.8,8381,110
1784705760,8380.8,8381,8376.6,8377.1,92
1784705820,8376.6,8377.6,8373.1,8377.6,84
1784705880,8377.4,8379.6,8376.4,8376.4,112
1784705940,8376.9,8380.1,8376.6,8377.1,88
1784706000,8376.6,8379.1,8373.7,8375.2,112
1784706060,8374.7,8377.7,8371.2,8371.2,98
1784706120,8371.7,8371.9,8369.5,8371.3,110
1784706180,8370.8,8370.8,8368.3,8369.8,78
1784706240,8370.3,8374.8,8370.3,8372.8,114
1784706300,8372.3,8376.2,8371.3,8376.2,96
1784706360,8375.7,8379.2,8375.5,8379.2,70
1784706420,8378.7,8382.7,8378.2,8380.2,74
1784706480,8379.7,8385.9,8376.7,8380.1,130
1784706540,8379.9,8380.2,8377.5,8377.7,126
1784706600,8378.2,8381.2,8377.7,8380.2,62
1784706660,8379.7,8379.7,8376.8,8377.5,110
1784706720,8377.3,8380.3,8377.3,8378.5,86
1784706780,8378.3,8382.3,8377.8,8380.3,116
1784706840,8380.8,8382.7,8379.3,8381,120
1784706900,8381.5,8385.2,8381,8383.2,94
1784706960,8383.5,8386.7,8383.5,8385.2,74
1784707020,8385.7,8389.1,8384.6,8388.1,74
1784707080,8388.4,8390.4,8387.1,8388.6,84
1784707140,8388.9,8390.9,8387.7,8390.9,80
1784707200,8390.4,8394.9,8389.9,8393.4,118
1784707260,8392.9,8396.3,8391.6,8395.6,98
1784707320,8396.1,8399.8,8396,8399,104
1784707380,8398.5,8402.4,8398.2,8402.4,118
1784707440,8401.7,8410.1,8401,8409.4,108
1784707500,8408.4,8413.1,8408.4,8411.4,134
1784707560,8411.6,8414.3,8410.6,8412.8,124
1784707620,8413.3,8416.8,8411.8,8416.3,122
1784707680,8416.8,8420.7,8416,8416.5,108
1784707740,8416.2,8416.2,8412,8412.3,102
1784707800,8411.8,8413.5,8406.8,8407.6,106
1784707860,8407.3,8409.6,8405.6,8405.6,88
1784707920,8405.3,8406.3,8403.1,8405.6,96
1784707980,8405.3,8410,8405.3,8409,92
1784708040,8408.8,8411.5,8408.3,8410.2,82
1784708100,8410,8412.9,8409,8412.4,78
1784708160,8412.9,8416.1,8412.4,8412.9,104
1784708220,8413.9,8418.1,8413.1,8416.8,66
1784708280,8417,8420.2,8416.8,8420.2,90
1784708340,8419.5,8422,8418.7,8420.2,86
1784708400,8419.7,8421.5,8417.7,8419,70
1784708460,8419.2,8423.4,8419.2,8422.4,82
1784708520,8421.9,8423.2,8419.4,8420.7,84
1784708580,8419.7,8421,8418.5,8418.5,66
1784708640,8418.2,8418.5,8415.7,8417.5,74
1784708700,8417,8420,8416.3,8420,96
1784708760,8420.7,8421,8416.5,8417,82
1784708820,8416.8,8418.5,8415.8,8416.5,96
1784708880,8416.8,8419.7,8416.8,8419.2,98
1784708940,8418.5,8422.7,8418.5,8422,88
1784709000,8423.2,8429.4,8422.2,8428.9,102
1784709060,8429.1,8430.9,8428.1,8429.4,98
1784709120,8429.1,8431.4,8428.6,8429.3,88
1784709180,8429.1,8430.8,8428.6,8429.8,74
1784709240,8429.5,8432,8428.8,8430.8,90
1784709300,8431.3,8432.3,8430,8431.5,72
1784709360,8431.3,8432.5,8427.1,8427.8,84
1784709420,8428.1,8430,8428.1,8429,72
1784709480,8428.8,8428.8,8426.1,8428.1,52
1784709540,8428.3,8428.3,8424.4,8425.4,94
1784709600,8425.1,8425.4,8421.1,8421.7,92
1784709660,8421.9,8423.9,8421.4,8422.9,94
1784709720,8422.7,8424.9,8421.2,8424.9,72
1784709780,8424.6,8425.4,8420.7,8420.9,60
1784709840,8421.2,8421.9,8418.4,8421.5,92
1784709900,8421,8425.2,8420.9,8424.7,64
1784709960,8425.2,8429.6,8424.9,8429.3,88
1784710020,8429.6,8431.3,8429.6,8429.8,52
1784710080,8429.5,8431,8428.5,8430.3,74
1784710140,8430.5,8434,8430,8433.5,62
1784710200,8434,8435.5,8429,8429,78
1784710260,8428.5,8431.8,8427.5,8430.8,56
1784710320,8431,8432.5,8430.3,8431.8,90
1784710380,8432.3,8433.8,8432,8433.7,68
1784710440,8433.2,8433.5,8429.5,8431,72
1784710500,8431.3,8432.8,8430.8,8432.3,80
1784710560,8432.8,8432.8,8429.8,8430.6,90
1784710620,8431.1,8434.8,8430.8,8434.3,70
1784710680,8434.1,8437.3,8433.3,8437.3,82
1784710740,8437.5,8438.8,8437,8438.8,68
1784710800,8438.3,8438.6,8436.1,8437.3,64
1784710860,8437.8,8441.5,8436.6,8439.5,90
1784710920,8439.8,8444.8,8439.8,8443.3,80
1784710980,8443.8,8444.3,8441.8,8442.5,72
1784711040,8442.8,8447.5,8442.8,8447.3,86
1784711100,8447.5,8448,8444.3,8445.3,92
1784711160,8445.5,8445.5,8440.1,8440.8,96
1784711220,8441.1,8448.8,8441,8448.7,88
1784711280,8448.5,8448.7,8445,8446.3,72
1784711340,8446.5,8446.5,8444,8446.3,84
1784711400,8446.5,8446.5,8444,8444.5,82
1784711460,8444.8,8448,8443,8447.8,86
1784711520,8447.5,8447.8,8445,8445.8,80
1784711580,8446.3,8447.3,8444,8444.3,78
1784711640,8444.5,8445.8,8444,8445.5,62
1784711700,8445.8,8447.3,8445,8445.5,88
1784711760,8445.3,8449.5,8445,8449.3,66
1784711820,8449.5,8449.5,8447.5,8448.8,44
1784711880,8448.7,8451.7,8448.7,8451,74
1784711940,8451.2,8454.4,8451.2,8454.4,54
1784712000,8454.9,8455.4,8453.7,8454.2,74
1784712060,8453.9,8453.9,8449,8449.5,94
1784712120,8450,8450.7,8448,8448.5,98
1784712180,8448,8448,8445.1,8445.1,76
1784712240,8444.6,8447.8,8443.6,8447.1,74
1784712300,8446.8,8448.3,8446.3,8447.1,78
1784712360,8447.6,8448.3,8447.1,8447.3,46
1784712420,8447.8,8450.8,8446.3,8446.3,80
1784712480,8446.8,8446.8,8442.8,8444.8,96
1784712540,8444.3,8445.3,8442.1,8442.4,74
1784712600,8442.1,8442.4,8437.4,8438.4,118
1784712660,8438.7,8440.2,8437.2,8438.7,94
1784712720,8438.4,8438.9,8436.2,8436.2,64
1784712780,8436.4,8437.2,8434.2,8435.2,86
1784712840,8434.2,8435.5,8429.8,8430.1,96
1784712900,8430.6,8431.6,8427.4,8427.6,88
1784712960,8427.4,8428.2,8426.1,8427.6,72
1784713020,8428.1,8431.1,8428.1,8429.9,70
1784713080,8429.4,8430.1,8425.4,8425.4,72
1784713140,8424.9,8427.2,8424.4,8425.4,76
1784713200,8425.7,8425.9,8421,8421.2,84
1784713260,8421,8422.2,8419,8422.2,84
1784713320,8422.5,8424,8420,8420.7,84
1784713380,8420.5,8424.2,8420,8421.4,90
1784713440,8421.2,8421.5,8417.8,8418.3,90
1784713500,8418,8418.5,8414.8,8415.8,76
1784713560,8416.6,8417.1,8413.8,8415.6,76
1784713620,8415.4,8419.5,8415.4,8419.3,86
1784713680,8419,8419.8,8417.8,8418.8,58
1784713740,8418.3,8418.8,8416,8417,60
1784713800,8416,8417,8414.3,8414.8,78
1784713860,8414.6,8416.3,8413.6,8416.3,94
1784713920,8415.8,8416.1,8413.1,8413.8,98
1784713980,8413.3,8413.8,8409.9,8411.4,84
1784714040,8410.9,8412.6,8410.9,8412.4,78
1784714100,8412.9,8414.8,8411.9,8413.6,102
1784714160,8413.8,8417.3,8413.6,8417.3,78
1784714220,8416.8,8418.3,8416.1,8416.8,104
1784714280,8416.3,8417.5,8415.8,8417.3,84
1784714340,8416.3,8420.1,8415.8,8420.1,68
1784714400,8419.6,8422.3,8418.3,8422.3,68
1784714460,8423,8424.5,8422,8423.3,66
1784714520,8423.8,8426.9,8423.7,8426.2,80
1784714580,8426.4,8426.9,8424.9,8425.4,76
1784714640,8425.7,8425.7,8422.2,8423.7,64
1784714700,8424,8426.9,8424,8425.2,74
1784714760,8424.9,8427.2,8423.4,8425.7,86
1784714820,8425.4,8426.2,8422.7,8423.9,94
1784714880,8423.7,8426.1,8423.2,8425.4,86
1784714940,8425.6,8425.6,8422.4,8423.7,50
1784715000,8423.9,8425.7,8422.4,8423.4,94
1784715060,8423.9,8423.9,8421.5,8421.7,78
1784715120,8422,8423.4,8420,8420,66
1784715180,8420.2,8423.7,8420,8423.2,88
1784715240,8423.4,8423.7,8422.2,8423.4,80
1784715300,8423.7,8424.6,8422.9,8424.4,56
1784715360,8423.6,8425.1,8421.7,8421.9,86
1784715420,8421.7,8424.9,8421.7,8424.1,68
1784715480,8424.6,8427.8,8424.6,8427.6,64
1784715540,8428.1,8429.1,8426.6,8428.3,70
1784715600,8427.3,8440,8427.3,8434.5,150
1784715660,8435,8441,8434.5,8439,114
1784715720,8438.5,8439,8435.5,8438,106
1784715780,8437.3,8437.3,8434.3,8435.4,72
1784715840,8435.6,8438.1,8434.1,8438.1,86
1784715900,8437.6,8438.6,8434.1,8434.6,68
1784715960,8435.1,8439.1,8435.1,8438,90
1784716020,8438.5,8438.8,8437.5,8438.5,70
1784716080,8439.3,8440.5,8438,8439,72
1784716140,8438.5,8443,8438.5,8442,98
1784716200,8441.7,8442.5,8439.5,8442,68
1784716260,8442.2,8442.7,8440,8440,80
1784716320,8440.7,8441.7,8440,8440.9,80
1784716380,8440.4,8445.9,8440.4,8445.9,96
1784716440,8446.4,8446.7,8443.9,8443.9,80
1784716500,8443.4,8445.9,8442,8444,108
1784716560,8444.2,8447.2,8444,8445.4,92
1784716620,8445.9,8448.4,8444.4,8447.4,78
1784716680,8447.1,8448.4,8444.4,8445.9,106
1784716740,8445.4,8445.9,8439,8441,104
1784716800,8441.5,8442.8,8439,8440,104
1784716860,8439.8,8440.3,8437.5,8438,86
1784716920,8438.3,8439.5,8437.5,8439,96
1784716980,8439.3,8439.5,8437.8,8439.5,86
1784717040,8439,8440,8438,8438,62
1784717100,8438.3,8439.5,8437.3,8438.8,86
1784717160,8439.8,8442.5,8439.5,8440.7,70
1784717220,8440.5,8441,8438.7,8439,70
1784717280,8439.2,8440,8438.5,8439.7,76
1784717340,8439.5,8443.5,8438,8443.5,110
1784717400,8444.2,8447.1,8442.5,8447.1,62
1784717460,8447.4,8449.4,8445.6,8445.9,80
1784717520,8445.6,8446.1,8443.9,8444.9,86
1784717580,8445.4,8445.6,8444.6,8444.9,30
1784717640,8445.1,8446.4,8443.9,8444.1,70
1784717700,8444.6,8444.6,8441.9,8443.4,82
1784717760,8443.7,8447.2,8443.7,8446.9,78
1784717820,8447.4,8447.4,8444.9,8445.4,52
1784717880,8444.9,8446,8443.5,8445,56
1784717940,8444.7,8446,8440.5,8441.5,76
1784718000,8440.3,8440.8,8438.1,8438.6,112
1784718060,8438.8,8439.3,8434.6,8435.6,112
1784718120,8435.1,8436.4,8433.6,8435.1,90
1784718180,8434.6,8439.6,8434.6,8436.6,90
1784718240,8435.8,8439.6,8435.8,8437.6,90
1784718300,8437.3,8438.8,8437.1,8437.3,96
1784718360,8437.6,8439.6,8435.6,8435.6,92
1784718420,8436.1,8436.3,8431.9,8433.1,74
1784718480,8432.9,8435.1,8431.9,8433.2,94
1784718540,8433.4,8438.4,8433.4,8437.9,84
1784718600,8438.1,8441.1,8437.6,8440.8,80
1784718660,8440.6,8441.6,8436.4,8436.4,70
1784718720,8436.9,8441.6,8436.4,8439.6,98
1784718780,8439.1,8440.9,8436.1,8436.1,88
1784718840,8436.6,8436.9,8434.9,8436.9,48
1784718900,8437.1,8437.1,8432.2,8432.2,82
1784718960,8431.7,8433.9,8431.2,8433.7,74
1784719020,8433.2,8434.2,8430.7,8431.2,68
1784719080,8430.7,8431.5,8429.7,8430.3,68
1784719140,8430.8,8431,8428.3,8428.3,78
1784719200,8427.8,8431,8427.8,8430,90
1784719260,8429.7,8433.7,8429.7,8433.2,74
1784719320,8433.4,8433.4,8430.1,8431.6,76
1784719380,8431.4,8434.4,8430.6,8434.1,76
1784719440,8433.9,8436.9,8433.9,8436.6,68
1784719500,8436.1,8436.6,8433.9,8434.1,70
1784719560,8433.6,8434.6,8430.4,8431.6,60
1784719620,8431.9,8434.6,8431.9,8434.1,62
1784719680,8433.8,8434.1,8432.8,8433.9,48
1784719740,8434.4,8435.1,8432.9,8435.1,82
1784719800,8435.6,8437.8,8435.1,8437.8,78
1784719860,8437.5,8440.7,8437.5,8440.5,78
1784719920,8440.2,8441.7,8439,8439.9,68
1784719980,8440.2,8441.7,8439.9,8441.4,56
1784720040,8441.7,8442.4,8441.4,8442.4,40
1784720100,8442.1,8443.1,8439.4,8443.1,80
1784720160,8442.9,8444.4,8442.4,8442.8,68
1784720220,8443.3,8443.3,8440.1,8441.4,70
1784720280,8441.1,8442.4,8440.4,8440.6,64
1784720340,8440.1,8440.9,8439.4,8440.1,60
1784720400,8439.9,8441.1,8435.2,8437.2,44
1784720460,8437.7,8438.2,8430.9,8432.4,130
1784720520,8431.4,8433.5,8423.5,8426,112
1784720580,8425.5,8426.5,8418.6,8421.1,146
1784720640,8421.6,8429.2,8421.6,8428.5,114
1784720700,8427.5,8429,8425.5,8429,100
1784720760,8428.5,8430.7,8427,8430.4,86
1784720820,8429.9,8437.4,8429.9,8435.6,128
1784720880,8435.4,8437.4,8435.4,8435.9,80
1784720940,8435.7,8438.4,8434.7,8437.2,78
1784721000,8436.9,8437.5,8432.8,8432.8,88
1784721060,8433,8433.8,8431.8,8432.1,58
1784721120,8432.3,8434.1,8431.3,8433.1,76
1784721180,8433.3,8434.8,8433.1,8433.3,74
1784721240,8433.6,8436.1,8432.8,8435.3,72
1784721300,8435.6,8437.1,8434.8,8436.8,66
1784721360,8436.3,8436.3,8432.6,8434.1,80
1784721420,8434.4,8437.1,8434.4,8435.6,50
1784721480,8435.1,8435.1,8430.2,8430.2,60
1784721540,8430.4,8431.5,8430,8431,74
1784721600,8430.7,8434.7,8430.7,8434.2,72
1784721660,8433.7,8435.4,8431.7,8433.2,88
1784721720,8432.7,8437.2,8432.7,8436.2,70
1784721780,8436.5,8436.5,8432.7,8435,80
1784721840,8434.3,8435.5,8433.8,8434.3,76
1784721900,8434.5,8437.5,8434.5,8436.8,96
1784721960,8437,8438.7,8433,8433,78
1784722020,8432.8,8433.6,8430.6,8432.1,100
1784722080,8431.8,8435.8,8431.8,8435.3,92
1784722140,8435,8438.3,8434.8,8437.5,86
1784722200,8437.7,8440.9,8436.5,8440.7,74
1784722260,8441.7,8443.9,8440.9,8443.6,78
1784722320,8443.9,8445.9,8443.1,8445.9,56
1784722380,8445.6,8446.6,8444.8,8445.8,54
1784722440,8445.3,8446.8,8445.3,8446.3,42
1784722500,8446.8,8448.6,8446.6,8448.1,84
1784722560,8447.6,8448.3,8446.6,8448.3,44
1784722620,8447.8,8448.1,8441.4,8443.1,90
1784722680,8442.9,8445.1,8441.6,8441.9,70
1784722740,8441.6,8441.7,8439.4,8441.2,80
1784722800,8440.9,8441.7,8438.9,8441.2,62
1784722860,8441.7,8441.9,8437.4,8438.7,66
1784722920,8439.2,8442.4,8439.2,8442.4,68
1784722980,8441.9,8443.4,8441.4,8442.1,58
1784723040,8441.6,8443.1,8441.4,8442.3,60
1784723100,8441.9,8443.8,8441.4,8442.8,76
1784723160,8442.6,8443.4,8439.9,8441.4,64
1784723220,8441.9,8444.4,8441.1,8444.3,60
1784723280,8444.1,8445.3,8443.8,8445.1,56
1784723340,8444.8,8444.8,8443.1,8444.1,68
1784723400,8444.6,8447.5,8444.3,8447.3,96
1784723460,8447,8449.3,8445.8,8449.3,92
1784723520,8449,8451,8447.8,8450.2,82
1784723580,8450,8451,8449.7,8450.2,46
1784723640,8450,8453,8450,8452,65
1784723700,8452.5,8456,8452.5,8455.2,72
1784723760,8455,8456.5,8454.7,8456.5,42
1784723820,8456.7,8457.5,8455.2,8456.2,58
1784723880,8455.7,8457,8452,8452.5,76
1784723940,8452.8,8453,8448.3,8448.6,88
1784724000,8447.9,8450.1,8447.9,8449.9,66
1784724060,8450.1,8451.9,8449.9,8449.9,68
1784724120,8450.1,8451.4,8449.4,8450.1,70
1784724180,8450.4,8452.6,8450.1,8452.6,66
1784724240,8453.1,8453.9,8452.9,8453.1,44
1784724300,8452.9,8453.6,8450.1,8450.6,104
1784724360,8451.1,8453.4,8450.4,8452.9,64
1784724420,8452.6,8454.3,8449.6,8450.4,102
1784724480,8450.6,8450.6,8447.6,8449.1,88
1784724540,8449.4,8449.9,8443.4,8443.9,88
1784724600,8443.7,8445.2,8441.5,8441.8,80
1784724660,8441.3,8443.5,8440.5,8443,68
1784724720,8443.3,8445.2,8442,8444,54
1784724780,8444.2,8446.9,8444.2,8446.4,50
1784724840,8445.9,8449.9,8445.9,8449.1,64
1784724900,8449.4,8450.3,8448.6,8449.8,68
1784724960,8449.6,8451.3,8434.8,8439.1,110
1784725020,8439.6,8443.3,8435.1,8443,163
1784725080,8442.8,8448,8442.5,8447.5,88
1784725140,8447,8448.5,8445,8445.2,68
1784725200,8444.7,8449.5,8444.7,8449,100
1784725260,8448.9,8451.9,8448.2,8450.4,66
1784725320,8449.9,8451.4,8449.2,8450.9,58
1784725380,8451.2,8452,8450.7,8451.7,72
1784725440,8451.5,8453.8,8451.2,8453.5,58
1784725500,8453.3,8453.5,8451.3,8452.5,60
1784725560,8452,8452.5,8448.6,8449.5,74
1784725620,8450,8451.5,8448.5,8450,78
1784725680,8450.5,8450.8,8448.1,8448.6,56
1784725740,8448.1,8452,8448.1,8452,50
1784725800,8452.5,8455,8451.7,8454.4,46
1784725860,8454.9,8455.9,8452.9,8453.5,94
1784725920,8453.2,8453.7,8452,8452.5,56
1784725980,8453,8453.5,8452,8453.5,72
1784726040,8453.2,8454.2,8451.7,8453.2,80
1784726100,8452.7,8455.7,8451.7,8455.4,69
1784726160,8455.7,8457.7,8454.7,8457.4,44
1784726220,8457.1,8458.6,8456.6,8458.4,52
1784726280,8458.1,8460.8,8457.6,8460.8,66
1784726340,8460.5,8462,8459.8,8461.3,68
1784726400,8461,8461.8,8459,8461.3,86
1784726460,8461,8462,8460.3,8461.5,54
1784726520,8461,8461.8,8460,8461.8,56
1784726580,8462,8464.4,8461,8464.2,78
1784726640,8464.4,8464.9,8461.5,8462,68
1784726700,8461.5,8462,8459.3,8460.8,92
1784726760,8461,8463.3,8461,8462.5,54
1784726820,8462.8,8463.8,8460.7,8461.3,74
1784726880,8461.8,8461.8,8459,8460.3,68
1784726940,8459.8,8462.3,8459.5,8462,66
1784727000,8462.3,8464,8460.5,8463,120
1784727060,8462.5,8468.2,8462.5,8466.7,106
1784727120,8467,8467.2,8461.5,8463.3,102
1784727180,8463,8463,8456.3,8456.8,116
1784727240,8456.6,8458.8,8455.1,8455.9,106
1784727300,8455.6,8455.6,8449.7,8451.2,110
1784727360,8450.7,8452.2,8449.7,8449.7,116
1784727420,8449.9,8449.9,8443.2,8444.8,110
1784727480,8445.3,8445.3,8440.5,8443,136
1784727540,8442.5,8446.8,8442,8445,100
1784727600,8444.8,8444.8,8438.4,8442.4,120
1784727660,8442.9,8443.9,8436.7,8437.2,106
1784727720,8437.7,8439.9,8436.7,8436.9,122
1784727780,8436.7,8439.7,8436.7,8439.2,94
1784727840,8438.9,8442.4,8437.9,8442.2,102
1784727900,8442.9,8446.9,8441.9,8446.9,82
1784727960,8447.1,8447.9,8445.9,8447.1,86
1784728020,8446.9,8448.4,8445.9,8447.6,98
1784728080,8447.9,8451.1,8447.4,8450.6,110
1784728140,8450.1,8453.3,8449.6,8453.3,74
1784728200,8452.8,8455.8,8451.8,8453.3,88
1784728260,8453.1,8454.3,8451.3,8451.8,98
1784728320,8452.1,8454.3,8450.6,8452.1,118
1784728380,8451.9,8453.4,8449.1,8452.9,84
1784728440,8452.4,8453.4,8451.9,8453.4,58
1784728500,8453.1,8456.9,8451.4,8455.9,76
1784728560,8455.4,8456.9,8454.4,8455.4,88
1784728620,8455.1,8455.9,8452.4,8452.7,106
1784728680,8452.4,8454.4,8452.2,8454.4,94
1784728740,8453.9,8457,8453.9,8456.7,102
1784728800,8456.2,8458.2,8455,8458,106
1784728860,8458.2,8458.7,8452.8,8456.2,138
1784728920,8456,8456.5,8454,8455.3,72
1784728980,8455.5,8458.5,8454.5,8457.7,106
1784729040,8458,8463.5,8458,8463.5,88
1784729100,8464,8464,8459.5,8459.5,106
1784729160,8459.8,8460.5,8458.5,8459.3,70
1784729220,8459,8459.3,8454.3,8456.1,88
1784729280,8455.6,8455.9,8450.2,8450.2,98
1784729340,8450.7,8453.2,8450.7,8452.9,64
1784729400,8453.2,8455.9,8452.9,8454.1,92
1784729460,8453.9,8453.9,8450.7,8451.4,102
1784729520,8451.7,8454.2,8449.4,8454.2,88
1784729580,8453.9,8453.9,8448.7,8448.7,110
1784729640,8449.2,8450.2,8447.2,8450.2,98
1784729700,8450,8450.7,8447.3,8449,110
1784729760,8448.5,8449.7,8445.8,8446.3,118
1784729820,8446,8449.3,8445.8,8448.5,110
1784729880,8448.3,8451.8,8448,8451.8,80
1784729940,8452.3,8454.7,8451.8,8454.7,98
1784730000,8454.2,8454.2,8452.2,8454.2,78
1784730060,8454,8454.7,8452.2,8452.5,92
1784730120,8452.2,8453.2,8449.7,8451.2,66
1784730180,8451,8453.2,8449.5,8453.2,98
1784730240,8452.7,8454.7,8452.2,8453.7,66
1784730300,8454.2,8456.2,8453.2,8453.9,76
1784730360,8454.2,8454.5,8451.7,8453,96
1784730420,8452.5,8454.7,8450.7,8450.7,112
1784730480,8450.2,8452.7,8449.3,8452.5,74
1784730540,8452.7,8453.2,8452,8452.7,56
1784730600,8452.2,8454,8450.2,8450.5,98
1784730660,8450.2,8452.4,8449.5,8451.4,82
1784730720,8451.2,8454.4,8450.2,8454.2,102
1784730780,8453.9,8454.4,8451.7,8452.2,82
1784730840,8451.9,8453.2,8451.4,8451.9,88
1784730900,8452.4,8453.4,8450.7,8451.1,104
1784730960,8451.4,8451.6,8448.9,8451.6,100
1784731020,8451.9,8453.1,8451.1,8451.6,76
1784731080,8452.1,8452.6,8449.4,8450.1,72
1784731140,8450.6,8450.6,8447.1,8449.4,86
1784731200,8449.6,8451.1,8449.1,8450.1,84
1784731260,8449.6,8449.9,8446.9,8446.9,86
1784731320,8447.4,8452.9,8447.4,8452.8,68
1784731380,8452.6,8453.8,8450.6,8451.6,80
1784731440,8451.1,8451.3,8449.1,8450.1,80
1784731500,8450.3,8451.1,8447.8,8449.1,108
1784731560,8448.8,8450.1,8447.3,8449.8,94
1784731620,8449.6,8451.5,8448.8,8450.5,90
1784731680,8451,8452.3,8450.5,8451,72
1784731740,8450.5,8450.5,8447,8448.8,58
1784731800,8448.3,8450.8,8447.5,8449,82
1784731860,8448.8,8449.3,8446.3,8449,86
1784731920,8449.3,8449.3,8448,8449,78
1784731980,8449.5,8454.7,8449,8454.4,64
1784732040,8453.9,8457.1,8453.9,8455.4,82
1784732100,8454.9,8455.6,8453.6,8455.6,90
1784732160,8455.1,8455.4,8450.4,8450.7,62
1784732220,8451.2,8453.1,8450.6,8452.6,56
1784732280,8453.1,8453.1,8450.6,8451.9,66
1784732340,8452.1,8452.6,8450.9,8451.9,58
1784732400,8452.1,8453.1,8449.7,8450.4,92
1784732460,8449.9,8449.9,8445.7,8448.9,80
1784732520,8449.2,8449.6,8448.2,8449.2,60
1784732580,8449.6,8450.6,8448.9,8450.4,66
1784732640,8450.6,8450.9,8449.1,8449.4,68
1784732700,8449.1,8449.9,8448.4,8448.6,78
1784732760,8448.1,8449.6,8447.1,8449.4,80
1784732820,8449.1,8453.5,8449.1,8453,84
1784732880,8452.5,8453.8,8449.8,8450.3,82
1784732940,8450.8,8451.3,8447.4,8447.4,82
1784733000,8447.8,8448.3,8446.9,8447.6,74
1784733060,8448.1,8448.1,8445.6,8446.1,62
1784733120,8446.4,8447.6,8445.6,8446.6,84
1784733180,8446.9,8448.4,8446.4,8447.8,76
1784733240,8448.1,8449.8,8445.3,8445.8,60
1784733300,8445.3,8446.8,8444.8,8445.8,70
1784733360,8445.6,8446.6,8443.6,8444.1,92
1784733420,8444.6,8445.6,8443.8,8444.1,68
1784733480,8443.8,8444.3,8441.6,8442.6,52
1784733540,8442.8,8443.8,8439.8,8439.8,68
1784733600,8439.6,8443.1,8438.6,8442.6,96
1784733660,8442.8,8443.1,8441.3,8441.3,66
1784733720,8440.8,8441.3,8439.1,8440.6,72
1784733780,8440.1,8443.1,8440.1,8442.3,80
1784733840,8441.8,8442.3,8439.9,8439.9,74
1784733900,8440.4,8444.1,8440.4,8443.6,92
1784733960,8443.9,8445.1,8443.1,8444.4,70
1784734020,8444.6,8445.6,8443.2,8443.7,68
1784734080,8442.7,8442.7,8440.5,8440.7,82
1784734140,8441.2,8443.2,8440.5,8441.2,96
1784734200,8441.7,8444,8438.3,8444,94
1784734260,8444.5,8446.5,8442,8442.5,84
1784734320,8443,8444,8442,8443.7,68
1784734380,8444,8448.5,8443,8447.7,68
1784734440,8448,8449.7,8439.8,8441.2,162
1784734500,8439.8,8441.5,8436.8,8438.2,124
1784734560,8438.7,8443.7,8438.5,8442.7,58
1784734620,8442.5,8445.7,8442,8445,61
1784734680,8445.2,8446.7,8443.7,8446.2,54
1784734740,8446.7,8448.7,8446,8448.5,64
1784734800,8448.7,8450.2,8446.2,8450.2,88
1784734860,8450.7,8450.7,8447.7,8450.5,50
1784734920,8450.2,8451.2,8449.2,8449.7,52
1784734980,8449.5,8450.2,8449,8449,50
1784735040,8449.2,8452,8449,8452,44
1784735100,8452.5,8454.7,8452,8453,60
1784735160,8452.7,8452.7,8450.2,8450.5,36
1784735220,8451,8452,8450.7,8452,54
1784735280,8451.5,8454.2,8451.5,8452.5,58
1784735340,8453,8454.2,8451.2,8452.2,70
1784735400,8452,8452.5,8449.7,8451.2,70
1784735460,8451.7,8451.7,8450.2,8450.7,56
1784735520,8450.5,8451.2,8449.7,8450.2,50
1784735580,8449.7,8452.5,8449.5,8449.5,44
1784735640,8449.2,8450.2,8448.5,8450.2,62
1784735700,8450.7,8451.5,8450,8451.2,40
1784735760,8451.5,8451.5,8449.2,8450.2,48
1784735820,8450.5,8450.5,8448.5,8450.2,52
1784735880,8450.5,8451.2,8449.7,8451.2,30
1784735940,8450.7,8453.2,8450.2,8453.2,38
1784736000,8452.7,8453.5,8451.7,8452.2,62
1784736060,8451.7,8452.2,8451,8451.5,34
1784736120,8451.7,8452.2,8451.2,8451.2,18
1784736180,8451.5,8452.7,8451,8452.5,28
1784736240,8452,8452.2,8451.7,8452,30
1784736300,8451.7,8453,8450.7,8453,30
1784736360,8453.2,8454.2,8452.7,8452.7,32
1784736420,8453,8453,8451.7,8451.7,26
1784736480,8451.5,8451.7,8450.7,8451,16
1784736540,8451.2,8452.5,8451.2,8452.2,18
1784736600,8452,8452.2,8449.7,8450.2,56
1784736660,8450,8451,8450,8450.5,38
1784736720,8450.7,8451.7,8450.2,8450.5,36
1784736780,8451,8451,8450,8451,16
1784736840,8450.5,8451,8450,8451,24
1784736900,8451.5,8451.5,8450.2,8450.5,14
1784736960,8450,8450,8449,8449,16
1784737020,8449.5,8449.7,8448.5,8449.7,30
1784737080,8450,8451.5,8450,8451.5,20
1784737140,8451.2,8451.5,8450.7,8451,24
1784737200,8451.5,8451.5,8450.2,8451.2,30
1784737260,8451,8451.2,8449.5,8449.5,44
1784737320,8449,8449.2,8446.7,8446.7,30
1784737380,8446.5,8446.5,8445.5,8445.8,20
1784737440,8446,8447,8445.8,8446.5,36
1784737500,8446.3,8447,8443.8,8444,42
1784737560,8443.8,8444,8441.8,8443,44
1784737620,8442.8,8444.3,8442.8,8444,30
1784737680,8443.8,8445.3,8443.8,8445,32
1784737740,8445.3,8445.5,8445,8445.5,28
1784737800,8445.3,8445.8,8444.5,8445.8,34
1784737860,8445.5,8448.2,8445.5,8447.5,34
1784737920,8447.8,8448,8447.3,8447.5,16
1784737980,8447,8448.7,8447,8448.7,14
1784738040,8448.5,8449.7,8448.3,8449.5,36
1784738100,8449.7,8450.7,8449.7,8450.2,32
1784738160,8450.5,8451.5,8450,8450.7,30
1784738220,8450.5,8451.7,8450.2,8451.2,36
1784738280,8451.7,8451.7,8449.5,8450.5,26
1784738340,8450.7,8452.2,8450.5,8452,20
1784738400,8451.5,8453.5,8451.5,8452,34
1784738460,8452.2,8452.2,8451.5,8452,20
1784738520,8451.5,8452.2,8451.5,8451.5,30
1784738580,8451.7,8453.2,8451.7,8452.7,32
1784738640,8452.5,8453,8452.5,8452.5,12
1784738700,8452.7,8453,8452,8452.2,14
1784738760,8452.7,8453,8451.5,8451.5,28
1784738820,8451,8451.3,8450.5,8451,18
1784738880,8451.3,8451.5,8451,8451.5,12
1784738940,8451.7,8453.2,8451.5,8453.2,18
1784739000,8453,8454.7,8452.5,8454.7,32
1784739060,8455.2,8455.5,8451.5,8451.8,28
1784739120,8452,8453,8452,8452.7,20
1784739180,8452.5,8453.7,8452.5,8453.2,18
1784739240,8453.5,8454,8453,8454,18
1784739300,8453.5,8455.2,8453.5,8455.2,22
1784739360,8455,8455.5,8455,8455.5,20
1784739420,8455.7,8457,8455.7,8456.7,24
1784739480,8456.5,8457.2,8456.5,8457.2,14
1784739540,8457,8457.7,8456,8456.2,46
1784739600,8456,8457,8455,8456.7,26
1784739660,8456.5,8457.2,8456.2,8456.5,18
1784739720,8456.2,8456.2,8453.5,8453.8,46
1784739780,8453.3,8453.3,8450,8451.3,68
1784739840,8451,8451.3,8451,8451.3,16
1784739900,8451.5,8452,8451,8451.5,22
1784739960,8451.8,8452.3,8451.5,8451.8,14
1784740020,8452,8452.3,8452,8452.3,8
1784740080,8452.5,8453.3,8452.3,8453.3,14
1784740140,8453.5,8453.5,8452,8452.8,22
1784740200,8453,8453.8,8452.5,8453.8,20
1784740260,8453.5,8454.8,8453.5,8454.5,14
1784740320,8454,8454,8454,8454,2
1784740380,8453.5,8453.5,8453.5,8453.5,2
1784740440,8453.3,8453.3,8453,8453,8
1784740500,8452.3,8453,8451.5,8452.8,38
1784740560,8453,8453.5,8452.3,8453.3,35
1784740620,8453,8453.5,8452.8,8453.5,12
1784740680,8454.3,8456,8454.3,8455.3,26
1784740740,8455,8455.3,8453.8,8453.8,26
1784740800,8454.3,8454.3,8453.3,8453.3,14
1784740860,8453.5,8454.8,8452.5,8452.5,34
1784740920,8452.8,8453.5,8452.5,8453,22
1784740980,8453.3,8453.5,8452.5,8453,18
1784741040,8453.3,8453.8,8453,8453,18
1784741100,8452.5,8453,8451.5,8452.8,24
1784741160,8453,8453.5,8453,8453.5,6
1784741220,8453,8453.5,8453,8453.3,8
1784741280,8453.5,8455,8453.3,8454.3,26
1784741340,8454.8,8455,8453.8,8454,22
1784741400,8454.3,8455.8,8454.3,8455.3,20
1784741460,8455.5,8455.8,8455.3,8455.8,10
1784741520,8456,8456.8,8456,8456.3,32
1784741580,8456.5,8456.5,8455,8455.5,16
1784741640,8455.8,8455.8,8454.3,8454.3,22
1784741700,8454.5,8455,8454.3,8454.5,26
1784741760,8454.8,8455.3,8454.8,8455,12
1784741820,8455.3,8455.8,8455.3,8455.8,8
1784741880,8456,8456,8454.8,8454.8,12
1784741940,8455,8455.5,8454.5,8455.5,22
1784742000,8455.3,8455.3,8453.5,8453.8,26
1784742060,8454.3,8454.5,8453.3,8453.3,38
1784742120,8453.5,8454,8453.3,8453.8,22
1784742180,8453.5,8453.5,8452.8,8453,14
1784742240,8453.3,8453.8,8453,8453.3,12
1784742300,8453.5,8453.5,8453,8453,10
1784742360,8453.3,8453.5,8453,8453.3,18
1784742420,8452.5,8453.3,8452.5,8453,20
1784742480,8452.8,8453,8452.8,8453,4
1784742540,8453.8,8453.8,8453,8453.3,16
1784742600,8453,8453,8451.8,8453,36
1784742660,8453.3,8454.3,8453.3,8454,34
1784742720,8454.3,8454.3,8453.3,8453.5,34
1784742780,8453.8,8453.8,8452.3,8452.3,32
1784742840,8451.8,8452.3,8450.5,8450.8,28
1784742900,8450.5,8451.8,8449.3,8451.5,44
1784742960,8451.8,8451.8,8450.3,8450.8,30
1784743020,8451,8451.3,8450.5,8450.8,30
1784743080,8451,8451,8449.8,8450.3,22
1784743140,8449.8,8450.5,8449.8,8450.5,16
1784743200,8451,8451.3,8450.5,8450.8,48
1784743260,8451,8451.3,8448.8,8449.3,30
1784743320,8449.5,8449.5,8448,8448.5,46
1784743380,8448.3,8448.5,8446.5,8446.8,26
1784743440,8447,8447.8,8446.8,8447.8,32
1784743500,8448.3,8448.3,8447.3,8448,32
1784743560,8447.8,8448,8446.8,8447.5,26
1784743620,8448.3,8449.8,8447.8,8449.5,26
1784743680,8449.3,8449.8,8448.3,8448.3,32
1784743740,8448,8448,8446.3,8446.3,20
1784743800,8446,8446,8444.8,8445.8,36
1784743860,8446,8446,8443.8,8443.8,26
1784743920,8443.5,8443.8,8442.8,8442.8,18
1784743980,8443.3,8443.8,8442.3,8443.3,44
1784744040,8443.8,8443.8,8442.3,8442.8,46
1784744100,8442.3,8443.8,8442.3,8442.8,44
1784744160,8442.3,8443.3,8441.6,8442.3,60
1784744220,8442.8,8442.8,8440.8,8441.3,22
1784744280,8441.8,8443.1,8441.6,8442.8,28
1784744340,8442.3,8442.8,8440.8,8440.8,22
1784744400,8440.6,8440.8,8438.1,8439.8,34
1784744460,8440.1,8440.6,8439.1,8439.1,28
1784744520,8438.8,8439.6,8438.1,8439.6,38
1784744580,8439.8,8440.1,8439.8,8440.1,12
1784744640,8440.6,8441.3,8440.1,8440.1,18
1784744700,8439.8,8440.1,8439.8,8440.1,16
1784744760,8440.3,8440.6,8439.8,8440.6,20
1784744820,8441.1,8442.1,8440.8,8441.8,38
1784744880,8441.6,8442.8,8441.6,8442.8,36
1784744940,8442.3,8442.3,8442.1,8442.3,18
1784745000,8442.6,8442.6,8439.1,8439.1,50
1784745060,8439.3,8439.3,8437.8,8438.3,34
1784745120,8438.6,8438.8,8438.1,8438.8,24
1784745180,8438.6,8439.8,8438.6,8439.6,16
1784745240,8439.3,8439.8,8439.3,8439.8,14
1784745300,8439.6,8441.3,8439.6,8441.3,20
1784745360,8441.1,8441.6,8440.8,8441.3,28
1784745420,8441.1,8441.3,8441.1,8441.1,6
1784745480,8441.3,8441.3,8440.8,8440.8,10
1784745540,8441.1,8441.3,8440.8,8441.3,24
1784745600,8441.6,8442.1,8440.8,8441.3,32
1784745660,8441.8,8442.3,8440.8,8441.8,28
1784745720,8441.6,8442.3,8441.6,8441.8,16
1784745780,8442.3,8442.3,8442.1,8442.1,8
1784745840,8442.6,8442.6,8441.3,8441.3,10
1784745900,8441.8,8443.3,8441.6,8443.3,18
1784745960,8443.1,8443.3,8442.3,8442.3,26
1784746020,8442.1,8442.3,8441.6,8441.6,20
1784746080,8441.3,8441.8,8441.3,8441.8,20
1784746140,8441.6,8441.6,8440.8,8441.3,12
1784746200,8441.1,8442.6,8441.1,8442.3,38
1784746260,8442.8,8442.8,8441.6,8441.6,22
1784746320,8442.1,8442.3,8441.8,8442.3,30
1784746380,8442.6,8443.8,8442.3,8443.6,34
1784746440,8443.3,8443.8,8443.1,8443.8,26
1784746500,8444.1,8444.8,8443.8,8444.8,16
1784746560,8444.6,8444.6,8443.3,8443.6,22
1784746620,8443.3,8443.6,8442.1,8442.3,18
1784746680,8442.8,8442.8,8442.3,8442.3,10
1784746740,8442.6,8443.3,8442.1,8442.1,16
1784746800,8441.8,8442.6,8441.6,8441.8,36
1784746860,8441.6,8441.8,8439.3,8440.3,44
1784746920,8440.1,8440.8,8439.8,8440.3,36
1784746980,8440.6,8440.8,8439.8,8440.1,28
1784747040,8440.3,8440.3,8439.8,8439.8,30
1784747100,8440.1,8440.6,8439.8,8440.3,12
1784747160,8440.1,8440.3,8439.8,8439.8,20
1784747220,8439.3,8439.8,8438.8,8438.8,26
1784747280,8439.1,8439.8,8439.1,8439.3,18
1784747340,8438.8,8439.1,8438.3,8438.3,12
1784747400,8438.1,8438.8,8437.8,8438.8,12
1784747460,8438.6,8438.6,8437.3,8437.6,22
1784747520,8437.8,8437.8,8437.1,8437.3,20
1784747580,8437.6,8437.8,8435.9,8436.1,22
1784747640,8435.6,8436.1,8435.4,8435.4,24
1784747700,8435.6,8435.9,8434.6,8435.9,30
1784747760,8436.1,8436.4,8435.9,8435.9,22
1784747820,8436.1,8437.1,8435.9,8437.1,36
1784747880,8437.3,8437.4,8436.4,8437.4,24
1784747940,8437.8,8438.1,8437.4,8437.8,20
1784748000,8438.1,8438.3,8437.8,8437.8,24
1784748060,8437.9,8437.9,8435.9,8436.4,20
1784748120,8436.1,8436.9,8435.4,8436.9,22
1784748180,8436.6,8436.9,8436.6,8436.6,10
1784748240,8436.9,8437.1,8436.9,8436.9,6
1784748300,8437.1,8437.1,8435.4,8436.1,18
1784748360,8435.9,8437.1,8435.9,8436.4,18
1784748420,8435.9,8438.4,8435.9,8437.9,28
1784748480,8438.1,8439.6,8437.9,8439.4,30
1784748540,8439.6,8439.8,8439.4,8439.6,22
1784748600,8439.1,8439.4,8437.9,8437.9,58
1784748660,8438.4,8439.1,8438.4,8438.9,26
1784748720,8438.6,8439.4,8438.6,8438.9,10
1784748780,8439.1,8439.4,8438.4,8438.9,34
1784748840,8438.6,8439.1,8437.6,8439.1,26
1784748900,8439.4,8440.1,8438.9,8439.6,32
1784748960,8439.9,8440.4,8439.4,8439.9,36
1784749020,8439.6,8439.9,8438.4,8438.4,34
1784749080,8438.9,8438.9,8437.4,8438.6,46
1784749140,8438.4,8438.4,8436.9,8437.4,17
1784749200,8437.1,8437.6,8436.9,8437.4,12
1784749260,8436.9,8438.4,8436.6,8437.9,18
1784749320,8438.1,8439.9,8437.9,8439.6,26
1784749380,8439.9,8440.6,8439.6,8440.1,34
1784749440,8439.6,8440.1,8439.4,8439.4,14
1784749500,8438.9,8440.6,8438.9,8439.6,32
1784749560,8440.1,8440.6,8439.9,8439.9,12
1784749620,8439.6,8439.9,8439.1,8439.4,36
1784749680,8439.9,8441.9,8439.9,8440.9,28
1784749740,8441.4,8442.4,8440.1,8440.6,26
1784749800,8440.9,8440.9,8436.1,8436.6,48
1784749860,8436.4,8436.9,8435.4,8435.4,32
1784749920,8435.6,8437.4,8434.6,8436.9,38
1784749980,8436.6,8438.4,8436.6,8437.1,30
1784750040,8436.9,8436.9,8435.1,8436.4,40
1784750100,8436.1,8437.9,8435.6,8436.6,54
1784750160,8436.9,8438.1,8436.1,8436.1,40
1784750220,8436.4,8439.1,8436.1,8438.9,34
1784750280,8439.4,8439.4,8436.9,8438.1,62
1784750340,8438.6,8439.9,8437.1,8438.6,34
1784786400,8420.4,8422.4,8418.2,8419.9,68
1784786460,8420.4,8426.7,8420.4,8423.9,62
1784786520,8423.4,8423.4,8420.2,8420.2,30
1784786580,8420.4,8421.4,8417.2,8421.2,36
1784786640,8420.9,8421.4,8419.4,8421.4,40
1784786700,8421.2,8423.9,8421.2,8423.7,54
1784786760,8423.4,8424.2,8421.1,8421.9,34
1784786820,8422.1,8423.6,8420.1,8423.6,48
1784786880,8423.1,8423.4,8422.4,8422.4,50
1784786940,8422.6,8423.1,8421.4,8422.4,48
1784787000,8422.9,8424.1,8422.7,8423.6,38
1784787060,8423.1,8424.1,8422.2,8423.2,30
1784787120,8423.6,8424.1,8422.2,8423.6,44
1784787180,8424.1,8424.4,8422.7,8423.2,34
1784787240,8422.9,8424.2,8422.9,8423.4,30
1784787300,8423.2,8424.2,8423.2,8423.2,28
1784787360,8422.7,8423.4,8420.9,8422.2,36
1784787420,8422.4,8423.2,8422.2,8422.7,20
1784787480,8422.9,8423.9,8422.2,8423.2,32
1784787540,8422.9,8424.9,8421.9,8424.7,60
1784787600,8424.9,8426.4,8423.7,8424.7,38
1784787660,8424.4,8426.4,8424.2,8426.4,34
1784787720,8425.9,8425.9,8423.7,8424.2,36
1784787780,8423.9,8423.9,8422.2,8422.2,34
1784787840,8422.7,8423.4,8421.4,8421.7,16
1784787900,8421.2,8423.2,8421.2,8423.2,28
1784787960,8422.7,8422.7,8422.2,8422.2,16
1784788020,8421.7,8422.2,8420.9,8422.2,36
1784788080,8421.9,8422.2,8421.9,8422.2,4
1784788140,8421.9,8422.4,8421.2,8422.2,50
1784788200,8421.7,8422.7,8421.4,8421.9,40
1784788260,8421.4,8421.4,8420.4,8420.6,18
1784788320,8420.1,8420.1,8418.9,8419.1,24
1784788380,8419.4,8420.1,8419.2,8419.2,42
1784788440,8418.9,8420.4,8417.9,8420.2,40
1784788500,8420.7,8422.2,8420.4,8421.4,42
1784788560,8421.7,8421.7,8419.7,8420.2,38
1784788620,8419.9,8421.2,8419.7,8420.9,38
1784788680,8420.7,8420.9,8419.7,8419.7,50
1784788740,8420.2,8420.2,8419.2,8420.2,20
1784788800,8419.9,8421.2,8419.9,8420.7,30
1784788860,8420.2,8420.2,8418.7,8419.9,56
1784788920,8419.7,8421.2,8419.7,8420.7,26
1784788980,8420.2,8421.7,8419.9,8421.4,18
1784789040,8420.9,8421.2,8417.2,8417.7,56
1784789100,8417.9,8418.4,8417.7,8418.2,24
1784789160,8418.7,8422.2,8418.7,8422.2,36
1784789220,8421.7,8422.7,8420.4,8420.7,36
1784789280,8420.4,8420.4,8419.7,8420.2,16
1784789340,8420.4,8421.4,8420.2,8420.9,44
1784789400,8421.2,8421.2,8420.4,8420.4,20
1784789460,8420.7,8420.7,8417.4,8417.7,22
1784789520,8418.2,8418.2,8414.9,8416.4,60
1784789580,8416.7,8417.4,8416.4,8417.2,28
1784789640,8417.4,8417.9,8416.7,8417.7,48
1784789700,8417.2,8417.4,8414.7,8415.9,24
1784789760,8416.2,8417.4,8415.7,8416.2,54
1784789820,8415.9,8415.9,8413.2,8414.2,66
1784789880,8414.4,8418.2,8414.2,8415.7,52
1784789940,8415,8415.7,8406,8407,80
1784790000,8406.5,8408.5,8372.5,8372.8,202
1784790060,8372.3,8373.5,8368,8373,178
1784790120,8373.3,8380.8,8371.5,8380.8,152
1784790180,8380.3,8382.3,8373.8,8373.8,158
1784790240,8373.3,8374.5,8364.3,8369.8,140
1784790300,8368.5,8371,8363.6,8371,154
1784790360,8371.3,8371.8,8366.3,8367,128
1784790420,8367.5,8367.8,8360.9,8362.6,136
1784790480,8361.6,8363.7,8358,8358.5,146
1784790540,8358.3,8360,8356,8357.1,128
1784790600,8357.6,8359.6,8349.7,8351.7,140
1784790660,8350.7,8350.8,8347.8,8349.1,134
1784790720,8348.6,8349.3,8339.5,8340.5,154
1784790780,8340.7,8345.5,8337.3,8344.3,146
1784790840,8344,8350.2,8342,8347.5,148
1784790900,8347,8350.7,8347,8347.5,126
1784790960,8347,8348.5,8343.1,8345.4,122
1784791020,8345.9,8346.4,8339.7,8343.5,128
1784791080,8344,8344.5,8336.3,8342.1,142
1784791140,8341.8,8343.6,8338.4,8342.4,134
1784791200,8341.6,8345.4,8339.9,8345.4,116
1784791260,8344.9,8345.9,8341.9,8344.9,130
1784791320,8345.2,8346.9,8342.2,8343.5,138
1784791380,8344.2,8347,8342.5,8346.5,114
1784791440,8346,8346.8,8343.3,8344.8,140
1784791500,8344.3,8354.8,8343.6,8353.5,120
1784791560,8353,8357.7,8353,8356.2,126
1784791620,8355.2,8362.2,8354.5,8359.2,133
1784791680,8358.7,8359.2,8353.7,8357,138
1784791740,8357.5,8358,8352.5,8355.5,134
1784791800,8355,8358.7,8351.5,8351.5,112
1784791860,8351.8,8355.6,8349.8,8355.1,114
1784791920,8354.8,8355.6,8348.4,8352.8,120
1784791980,8352.6,8360.3,8352.3,8356.3,134
1784792040,8356,8360.3,8355,8356.4,136
1784792100,8357.1,8358.6,8354.6,8358.1,132
1784792160,8358.6,8359.1,8354.9,8358.4,134
1784792220,8358.1,8360.1,8355.7,8359.1,106
1784792280,8358.6,8359.6,8356.2,8358.9,128
1784792340,8359.2,8361.2,8355.5,8357.7,116
1784792400,8359,8359,8356,8357.3,108
1784792460,8357.7,8359,8353.3,8354.5,96
1784792520,8354.3,8356.8,8351.3,8352.3,128
1784792580,8352.8,8355.6,8348.4,8355.3,108
1784792640,8355.1,8356.3,8350.9,8352.4,138
1784792700,8352.9,8352.9,8345.2,8349.2,138
1784792760,8348.4,8349.4,8343.7,8347.9,112
1784792820,8347.4,8347.4,8343,8345,112
1784792880,8344.3,8347.8,8341.8,8347.3,128
1784792940,8346.5,8346.8,8342.3,8344.8,104
1784793000,8344.5,8345.8,8341.3,8345.8,98
1784793060,8345.6,8346.1,8343.1,8345.4,118
1784793120,8344.9,8347.3,8343.6,8347.1,130
1784793180,8346.6,8348.8,8345.3,8348.1,108
1784793240,8349.3,8357.3,8349.1,8356,132
1784793300,8356.5,8360.9,8356.5,8360.2,134
1784793360,8359.9,8361.9,8358.7,8359.9,114
1784793420,8360.2,8364.9,8359.9,8363.9,96
1784793480,8363.6,8364.1,8360.9,8361.9,100
1784793540,8362.2,8364.7,8360.9,8361.9,116
1784793600,8363.4,8363.9,8354.7,8358.5,146
1784793660,8357,8357,8351.3,8352.6,128
1784793720,8352.3,8353.8,8348.6,8350.6,112
1784793780,8350.1,8353.1,8349.1,8349.1,106
1784793840,8349.4,8351.1,8346.2,8348.9,123
1784793900,8348.6,8352.2,8348.2,8352.1,112
1784793960,8351.4,8358.1,8350.7,8356.9,126
1784794020,8356.6,8361.8,8356.6,8361.3,88
1784794080,8361.5,8365.5,8361,8364.5,122
1784794140,8364.2,8365,8361.5,8365,103
1784794200,8365.3,8367.8,8364.5,8364.5,90
1784794260,8365.3,8365.8,8359.6,8361.1,110
1784794320,8360.9,8364.1,8360.1,8361.6,104
1784794380,8360.6,8361.2,8356.2,8356.2,116
1784794440,8355.7,8357.2,8354.3,8354.8,92
1784794500,8355,8358,8353.3,8356.8,106
1784794560,8357,8360,8355.3,8360,96
1784794620,8359.8,8365,8359.8,8363.2,116
1784794680,8362.7,8367.2,8361.5,8367.2,92
1784794740,8366.5,8368.5,8364.5,8364.7,116
1784794800,8365,8366.5,8363.8,8365,112
1784794860,8364.5,8365,8360.3,8360.6,110
1784794920,8360.3,8362.1,8358.9,8360.4,98
1784794980,8360.6,8360.6,8358.4,8360.1,100
1784795040,8359.6,8364.1,8359.6,8363.5,92
1784795100,8363.8,8367.3,8363,8366.7,86
1784795160,8366.2,8373.4,8365.2,8373.2,108
1784795220,8373.4,8373.9,8371.9,8373.2,98
1784795280,8372.7,8374.2,8369.7,8370,98
1784795340,8370.5,8374.2,8370,8373.2,108
1784795400,8372.7,8374.2,8370.7,8374.2,110
1784795460,8373.7,8376.2,8373.2,8374.2,90
1784795520,8374.7,8374.7,8369.8,8371.3,80
1784795580,8370.8,8373.8,8367.8,8373,84
1784795640,8372.5,8372.8,8369.3,8369.8,92
1784795700,8369.6,8371.5,8368.8,8368.8,96
1784795760,8369.3,8369.3,8366.8,8367.8,82
1784795820,8368.3,8369.3,8366.8,8368.8,90
1784795880,8368.3,8370.3,8366.6,8367.4,104
1784795940,8367.6,8367.6,8362.7,8362.9,80
1784796000,8363.2,8363.9,8358.2,8358.2,86
1784796060,8358.3,8361.2,8358.3,8359,86
1784796120,8358.8,8364,8358.5,8364,88
1784796180,8363.7,8364.7,8360.2,8360.5,70
1784796240,8361,8361.5,8356.5,8356.5,86
1784796300,8357,8357.5,8355.3,8356,72
1784796360,8355.5,8356,8353.5,8354.3,64
1784796420,8354.8,8355.8,8351.1,8352,118
1784796480,8352.5,8354,8351.5,8353,70
1784796540,8352.5,8353.5,8349.3,8349.5,68
1784796600,8350,8351,8347.5,8348,74
1784796660,8348.5,8350.3,8347.6,8350.3,84
1784796720,8350.8,8354,8349.1,8353.5,102
1784796780,8353.2,8357.4,8353.2,8355.2,66
1784796840,8355.4,8356.9,8353.9,8354.4,80
1784796900,8354.2,8357.4,8352.4,8356.7,74
1784796960,8356.4,8358.4,8355.2,8358.4,86
1784797020,8358.9,8360.3,8357.3,8357.8,74
1784797080,8358.3,8361.3,8358.1,8361.3,102
1784797140,8361.5,8363.5,8361.5,8363.2,88
1784797200,8362.7,8364.7,8361,8364.7,106
1784797260,8365.2,8368.2,8362.7,8363.2,80
1784797320,8363.5,8368.2,8362.8,8365.2,106
1784797380,8365.7,8376.7,8365.2,8371.2,116
1784797440,8371.7,8375.9,8369.9,8375.6,134
1784797500,8375.1,8375.6,8369.9,8370.4,106
1784797560,8370.7,8373.7,8369.9,8370.7,96
1784797620,8371.4,8371.4,8366.7,8366.7,96
1784797680,8366.5,8368.5,8364.2,8367.7,101
1784797740,8367.5,8369,8365,8365.3,84
1784797800,8365.8,8368.7,8365,8368.5,84
1784797860,8368.7,8369.5,8367,8369.2,82
1784797920,8370.2,8370.7,8367.2,8367.7,90
1784797980,8367.4,8368.3,8364.2,8366.7,104
1784798040,8366.5,8366.7,8362.3,8362.3,80
1784798100,8362.1,8362.6,8359.6,8362.6,88
1784798160,8363.1,8364.9,8361.6,8362.6,84
1784798220,8362.4,8363.6,8361.9,8363.1,66
1784798280,8362.9,8363.6,8360.7,8360.7,76
1784798340,8360.9,8362.4,8358.4,8358.5,96
1784798400,8358.7,8359.2,8355.7,8356.5,66
1784798460,8356,8357.2,8353.5,8353.5,78
1784798520,8353.8,8353.8,8352.6,8353.6,62
1784798580,8353.8,8356.5,8353.6,8356,60
1784798640,8355.8,8356.8,8353.8,8354.1,58
1784798700,8353.6,8355.6,8353.6,8355.3,70
1784798760,8355.1,8355.6,8353.1,8354.1,74
1784798820,8354.6,8355.1,8353.6,8353.6,82
1784798880,8353.9,8354.6,8351.9,8351.9,74
1784798940,8351.7,8351.7,8348.4,8351.4,76
1784799000,8351.7,8355.4,8350.9,8355.1,92
1784799060,8355.4,8357.4,8354.6,8355.1,88
1784799120,8355.6,8356.9,8353.6,8356.1,82
1784799180,8355.6,8358.1,8355.6,8357.4,70
1784799240,8357.1,8357.1,8352.1,8352.7,72
1784799300,8352.2,8354.2,8351.6,8351.7,80
1784799360,8351.9,8353.2,8351.4,8351.7,78
1784799420,8351.9,8352.2,8350.4,8351.2,76
1784799480,8351.7,8353.2,8350.7,8352.9,64
1784799540,8352.6,8354.1,8351.1,8354.1,98
1784799600,8353.6,8354.1,8351.6,8352.6,86
1784799660,8353.1,8354.1,8349.6,8349.6,70
1784799720,8349.1,8350.1,8348.1,8348.1,62
1784799780,8348.4,8353.8,8348.4,8353.6,76
1784799840,8354.1,8354.5,8351.8,8352.5,70
1784799900,8353,8358,8353,8356.9,86
1784799960,8356.4,8356.9,8353.4,8354,64
1784800020,8354.2,8356.7,8354,8355.7,68
1784800080,8355.2,8356.2,8354.2,8354.5,66
1784800140,8354.2,8359.2,8354,8356.2,84
1784800200,8355.9,8355.9,8352.5,8352.5,94
1784800260,8353,8353.5,8348,8348.3,66
1784800320,8348.8,8349.8,8347.8,8349.5,78
1784800380,8349.3,8351.2,8348.5,8349,92
1784800440,8348.7,8349.5,8347.3,8348,72
1784800500,8348.5,8349.3,8347.3,8348.5,64
1784800560,8348,8348,8346.3,8346.5,70
1784800620,8346,8346.5,8343.8,8346.5,48
1784800680,8346.8,8346.8,8343.1,8343.8,72
1784800740,8343.6,8346,8342.6,8346,94
1784800800,8346.5,8349.5,8344.5,8345.5,110
1784800860,8346,8347.3,8344.6,8344.6,90
1784800920,8345.1,8348.6,8345.1,8348.5,64
1784800980,8348,8350,8347.5,8349,82
1784801040,8349.5,8351,8348.5,8348.8,66
1784801100,8349,8349.5,8347.8,8348,66
1784801160,8347.8,8348.3,8342.1,8342.1,88
1784801220,8341.9,8343.3,8341.9,8343.3,68
1784801280,8343.8,8345.1,8340.6,8340.9,84
1784801340,8340.6,8341.4,8338.9,8340.1,74
1784801400,8339.9,8340.6,8339.1,8339.9,66
1784801460,8339.4,8339.9,8336.2,8337.4,66
1784801520,8337.2,8338.4,8336.7,8338.2,64
1784801580,8338.4,8338.9,8336.9,8338.2,40
1784801640,8338.4,8339.1,8335.9,8337.4,76
1784801700,8336.9,8339.4,8336.9,8339.1,76
1784801760,8339.4,8340.6,8335.6,8340.1,84
1784801820,8340.4,8340.9,8338.1,8339.1,76
1784801880,8338.9,8341.1,8338.6,8339.6,56
1784801940,8339.4,8341.4,8339.1,8339.6,56
1784802000,8339.4,8341.1,8338.6,8338.6,92
1784802060,8338.4,8340.9,8337.4,8340.1,62
1784802120,8340.4,8342.1,8340.4,8341.9,76
1784802180,8341.6,8343.1,8339.4,8341.2,74
1784802240,8340.9,8341.2,8339.7,8341.2,76
1784802300,8341.7,8344.6,8340.9,8344.4,90
1784802360,8344.1,8344.1,8341.1,8342.4,86
1784802420,8342.6,8342.6,8339.4,8340.2,66
1784802480,8339.2,8340.4,8338.4,8338.4,58
1784802540,8338.2,8342.4,8338.2,8339.9,68
1784802600,8339.7,8345.1,8339.2,8344.9,110
1784802660,8345.4,8346.1,8342.2,8344.1,94
1784802720,8343.9,8346.9,8343.6,8344.1,92
1784802780,8344.6,8345.1,8342.1,8342.9,68
1784802840,8342.6,8345.4,8341.9,8345.4,76
1784802900,8345.2,8348.1,8345.1,8347.4,84
1784802960,8347.6,8349.1,8347.4,8348.1,62
1784803020,8347.6,8349.1,8346.9,8347.1,46
1784803080,8346.1,8346.9,8344.2,8345.7,76
1784803140,8345.2,8346.2,8343.7,8345.7,46
1784803200,8345.5,8346.2,8343.7,8346.2,58
1784803260,8346.5,8349.2,8346.2,8348,84
1784803320,8348.5,8350,8347.2,8349.7,82
1784803380,8350.2,8350.5,8345.7,8346.3,82
1784803440,8346,8347.3,8345.8,8347,58
1784803500,8346.5,8350.2,8346.5,8348.7,72
1784803560,8349,8350.2,8348.7,8349.7,60
1784803620,8349.5,8350.5,8348.2,8348.2,60
1784803680,8348.7,8351.5,8348.7,8351.2,66
1784803740,8351,8356.9,8351,8356.7,64
1784803800,8357.2,8357.7,8356.2,8357.7,72
1784803860,8356.7,8357.2,8354.4,8356.2,94
1784803920,8355.9,8359.9,8355.9,8359.9,82
1784803980,8359.6,8359.9,8357.6,8359.6,78
1784804040,8359.3,8360.6,8358.1,8359.1,80
1784804100,8359.6,8359.6,8357.6,8358.4,64
1784804160,8357.9,8358.6,8356.1,8356.4,54
1784804220,8356.1,8357.1,8355.4,8355.6,54
1784804280,8355.4,8356.6,8355.1,8356.1,36
1784804340,8355.9,8357.1,8355.6,8355.6,50
1784804400,8355.1,8357.1,8353.1,8353.9,94
1784804460,8354.1,8354.1,8346.7,8346.7,76
1784804520,8347.2,8347.5,8343.8,8345.3,90
1784804580,8345.8,8347,8345.5,8346.8,60
1784804640,8346.5,8346.5,8343.1,8344.1,70
1784804700,8343.8,8344.1,8337.7,8338.2,88
1784804760,8338.7,8340.4,8337.7,8340.4,66
1784804820,8339.9,8341.1,8339.4,8340.9,60
1784804880,8340.6,8341.6,8339.4,8340.6,44
1784804940,8341.1,8343.1,8340.1,8342.3,76
1784805000,8342.6,8344.8,8342.6,8343.6,48
1784805060,8343.3,8344.1,8341.8,8342.1,84
1784805120,8341.6,8343.8,8340.9,8342.8,68
1784805180,8342.3,8343.3,8341.8,8342.5,78
1784805240,8342.8,8343.3,8341,8342.1,78
1784805300,8342.3,8345.5,8342.3,8343.8,76
1784805360,8344.3,8344.3,8340.8,8341.8,62
1784805420,8341.3,8343.3,8340.8,8341.3,72
1784805480,8340.8,8341.3,8338.3,8338.3,72
1784805540,8337.8,8338.6,8335.8,8336.8,60
1784805600,8336.3,8337.3,8333.9,8335.4,48
1784805660,8334.9,8336.1,8333.6,8334.1,76
1784805720,8333.9,8334.9,8332.9,8332.9,70
1784805780,8332.4,8337.1,8332.1,8334.4,86
1784805840,8333.9,8338.4,8333.9,8337.1,52
1784805900,8336.6,8337.6,8336.1,8337.3,48
1784805960,8337.1,8339.3,8336.8,8338.3,64
1784806020,8337.8,8337.8,8335.6,8335.9,72
1784806080,8336.4,8336.4,8333.1,8333.4,56
1784806140,8332.9,8336.1,8331.9,8335.6,82
1784806200,8335.4,8338.4,8334.9,8337.4,70
1784806260,8337.9,8339.1,8336.6,8337.4,52
1784806320,8337.1,8338.6,8335.9,8336.4,58
1784806380,8335.9,8336.4,8331.4,8331.9,62
1784806440,8331.7,8336.4,8331.2,8336.4,86
1784806500,8335.9,8335.9,8326.9,8327.9,102
1784806560,8327.7,8330.4,8325.9,8325.9,104
1784806620,8325.4,8326.9,8324,8324.5,80
1784806680,8324,8325.5,8323.2,8323.9,92
1784806740,8322.9,8326.4,8322.9,8324.4,100
1784806800,8323.9,8324.4,8322.2,8322.9,98
1784806860,8323.9,8324.4,8321.7,8323.7,124
1784806920,8324.2,8328.6,8323.9,8327.4,68
1784806980,8326.9,8328.9,8326.6,8328.1,80
1784807040,8327.6,8327.9,8324.9,8326.9,76
1784807100,8327.1,8331.1,8327.1,8330.3,88
1784807160,8329.8,8330.3,8325.4,8326.9,96
1784807220,8327.4,8331.1,8327.4,8330.4,64
1784807280,8329.6,8331.6,8329.6,8331.6,62
1784807340,8331.3,8334.5,8331.3,8333.8,46
1784807400,8334,8338,8333.8,8337.5,74
1784807460,8337.7,8339.7,8337.2,8338.3,72
1784807520,8339.3,8351.5,8339,8342.7,98
1784807580,8342.2,8344.2,8340.7,8341.7,112
1784807640,8341.9,8343.2,8341.4,8342.7,70
1784807700,8342.2,8344.2,8341.7,8342.2,84
1784807760,8341.7,8342.2,8339.7,8340.7,66
1784807820,8341.2,8343.2,8340.7,8341.5,80
1784807880,8341.2,8343.7,8341.2,8342.2,54
1784807940,8342.7,8344.2,8342,8342.7,62
1784808000,8343.2,8343.7,8339.3,8339.5,82
1784808060,8339.3,8340,8337.8,8338.8,62
1784808120,8339.1,8340.6,8338.1,8338.3,86
1784808180,8337.8,8341.1,8337.8,8340.1,62
1784808240,8340.6,8344.5,8340.3,8344.5,90
1784808300,8344.3,8344.3,8340.8,8341.3,68
1784808360,8341.1,8343.1,8339.8,8342.3,84
1784808420,8342.1,8345,8342.1,8344.8,90
1784808480,8345,8345.5,8339.8,8340.6,68
1784808540,8340.3,8340.6,8335.1,8335.4,78
1784808600,8335.9,8338.6,8335.4,8337.9,80
1784808660,8338.4,8338.4,8332.4,8333.5,90
1784808720,8334,8334.7,8333.4,8333.4,54
1784808780,8332.9,8333,8330.2,8331,42
1784808840,8331.5,8332.5,8330.3,8331.3,40
1784808900,8330.5,8339.8,8330.5,8337.5,108
1784808960,8337,8338.5,8317.6,8326.2,118
1784809020,8327.7,8331.6,8327.2,8328.6,148
1784809080,8328.9,8328.9,8324.7,8325.2,82
1784809140,8325.7,8327.7,8321.3,8321.3,70
1784809200,8320.8,8324.8,8318.8,8323.8,90
1784809260,8324,8329.2,8322.3,8327.9,114
1784809320,8328.2,8329.9,8325.7,8326.2,106
1784809380,8326.4,8328.6,8324.2,8328.1,92
1784809440,8328.4,8328.9,8325.1,8328.9,82
1784809500,8328.1,8328.1,8324.1,8324.4,128
1784809560,8324.6,8325.4,8322.6,8322.6,62
1784809620,8323.1,8326.8,8323.1,8326.6,60
1784809680,8326.1,8326.3,8324.1,8324.3,38
1784809740,8324.1,8325.8,8323.1,8325.8,45
1784809800,8322.1,8325.1,8321.1,8323.6,103
1784809860,8323.1,8324.1,8321.1,8322.1,100
1784809920,8322.4,8325.6,8322.4,8323.9,76
1784809980,8324.1,8325.1,8321.6,8324.1,76
1784810040,8324.4,8325.9,8321.4,8325.9,92
1784810100,8325.4,8326.4,8322.1,8324.1,96
1784810160,8323.6,8324.9,8321.1,8321.6,78
1784810220,8321.1,8322.1,8319.4,8319.7,82
1784810280,8319.9,8323.4,8319.9,8323.1,96
1784810340,8322.6,8322.6,8318.9,8321.1,64
1784810400,8320.6,8321.1,8316.4,8317.4,92
1784810460,8317.1,8317.1,8314.7,8315.2,92
1784810520,8314.9,8314.9,8307.2,8307.2,108
1784810580,8307.7,8310.7,8307.2,8310.7,80
1784810640,8311.2,8311.9,8309.2,8310.2,104
1784810700,8310.7,8311.7,8308.7,8311.2,84
1784810760,8310.7,8311.7,8308.7,8311.1,86
1784810820,8310.9,8311.2,8308.2,8308.7,90
1784810880,8309.2,8309.7,8306.7,8307.7,104
1784810940,8307.2,8310.6,8305.2,8310.1,116
1784811000,8309.6,8311.6,8308.6,8311.1,104
1784811060,8310.9,8314.6,8310.4,8312.1,116
1784811120,8312.6,8313.1,8307.9,8311.3,92
1784811180,8311.1,8313.1,8310.6,8311.1,86
1784811240,8310.6,8311.1,8304.6,8305.6,110
1784811300,8305.1,8306.6,8305.1,8305.1,96
1784811360,8305.4,8307.4,8304.9,8307.4,84
1784811420,8307.1,8309.1,8304.9,8305.1,90
1784811480,8304.9,8306.1,8297.2,8299.2,114
1784811540,8299.7,8301.1,8298.7,8300.6,100
1784811600,8300.1,8301.4,8295.7,8301.4,130
1784811660,8301.1,8301.1,8299.1,8300.4,102
1784811720,8300.1,8300.6,8295.1,8295.6,114
1784811780,8296.1,8297.6,8293.9,8294.6,90
1784811840,8294.1,8295.6,8289.1,8291.2,103
1784811900,8291.7,8291.7,8286.2,8287,106
1784811960,8286.5,8286.7,8281,8281.8,112
1784812020,8282.3,8286,8281.3,8285.7,132
1784812080,8286,8286.7,8282.7,8285.7,126
1784812140,8285.2,8285.7,8282.2,8283.7,102
1784812200,8283.2,8287.7,8283.2,8286.2,124
1784812260,8285.7,8290.2,8285.7,8289.2,130
1784812320,8288.7,8294.6,8287.4,8293.6,128
1784812380,8293.1,8293.1,8288.1,8289.1,102
1784812440,8288.9,8293.6,8288.9,8292.8,112
1784812500,8292.6,8293.1,8289.1,8289.6,112
1784812560,8289.8,8292,8289.8,8291.3,110
1784812620,8291,8295.5,8290.5,8295.5,137
1784812680,8295,8295,8292.5,8292.5,108
1784812740,8293,8295.5,8292,8293.5,110
1784812800,8293,8294.5,8290.8,8294,110
1784812860,8293.8,8296.8,8293,8295,100
1784812920,8295.5,8297.7,8295.3,8296,106
1784812980,8295.5,8296.5,8293,8296.5,108
1784813040,8296,8296,8288.6,8288.6,92
1784813100,8289.1,8289.8,8286.4,8288.1,94
1784813160,8287.9,8288.9,8286.4,8288.6,92
1784813220,8289.4,8289.4,8284.2,8284.2,88
1784813280,8283.7,8287.6,8283.7,8287.4,102
1784813340,8287.1,8287.1,8284.2,8286.6,96
1784813400,8287.6,8289.1,8284.7,8285.2,140
1784813460,8284.9,8288.7,8283.9,8288.4,126
1784813520,8288.6,8293.6,8287.6,8290.8,140
1784813580,8291.3,8294,8289.5,8294,126
1784813640,8295,8298.9,8293.7,8296.9,138
1784813700,8296.4,8299.4,8294.9,8296.9,140
1784813760,8296.4,8297.9,8292.9,8295.4,134
1784813820,8294.9,8303.9,8294.9,8302.4,118
1784813880,8301.9,8305.8,8301.9,8305.6,112
1784813940,8305.8,8306.1,8301.1,8302.1,128
1784814000,8301.9,8303.9,8301.1,8302.9,134
1784814060,8302.4,8305.6,8302.4,8304.3,130
1784814120,8304.8,8311.3,8303.8,8310.8,112
1784814180,8311.3,8316.5,8310.3,8316.2,122
1784814240,8316.7,8316.7,8310.5,8310.8,126
1784814300,8311,8312.8,8306.8,8309,130
1784814360,8308.3,8309.8,8304.6,8305.8,114
1784814420,8306.3,8306.3,8303.6,8304.9,116
1784814480,8305.4,8305.4,8301.6,8304.4,112
1784814540,8304.1,8308.3,8301.4,8302.4,120
1784814600,8302.9,8303.9,8300.1,8303.6,120
1784814660,8303.4,8305.4,8302.1,8303.4,122
1784814720,8303.9,8303.9,8299.9,8302.3,106
1784814780,8301.8,8302.1,8299.1,8302.1,94
1784814840,8301.6,8307.3,8300.6,8307.3,102
1784814900,8306.5,8309.8,8305.3,8305.3,110
1784814960,8305.5,8305.8,8300.6,8300.6,92
1784815020,8300.3,8300.6,8296.4,8298.4,114
1784815080,8297.9,8298.6,8294.6,8296.4,94
1784815140,8296.9,8298.9,8296.4,8296.6,93
1784815200,8296.9,8303.3,8295.8,8300.3,136
1784815260,8300.8,8300.8,8296.1,8296.4,118
1784815320,8296.9,8298.6,8295.8,8297.8,94
1784815380,8298.1,8300.8,8297.8,8300.3,114
1784815440,8299.8,8307.2,8299.3,8304.2,122
1784815500,8303.7,8305.2,8301.2,8304.2,96
1784815560,8304.5,8306.7,8303,8305.2,114
1784815620,8305.7,8307.2,8303.7,8305.7,122
1784815680,8306.2,8306.2,8290.8,8291.8,128
1784815740,8291.3,8297.3,8290.3,8297,138
1784815800,8297.3,8298.8,8295.3,8296.3,138
1784815860,8296.5,8301,8294.1,8301,120
1784815920,8300.5,8307.9,8300.5,8307.9,136
1784815980,8307.4,8309.2,8305.7,8305.7,120
1784816040,8306.2,8310.2,8303.7,8305.7,128
1784816100,8306.2,8308.9,8304.6,8305.4,104
1784816160,8305.1,8308.6,8304.6,8306.6,122
1784816220,8306.4,8307.6,8303.2,8304.9,116
1784816280,8304.7,8304.7,8297.7,8298.2,104
1784816340,8297.7,8299.3,8296,8298.3,110
1784816400,8298,8298.5,8296.8,8297.3,112
1784816460,8297.8,8299.8,8295.8,8299.3,106
1784816520,8298.8,8300.3,8295.8,8297.8,134
1784816580,8297.3,8298.8,8295.5,8297.8,132
1784816640,8297.3,8297.8,8294.3,8296.3,102
1784816700,8295.5,8297.3,8295,8297,104
1784816760,8297.3,8297.3,8293.8,8297,102
1784816820,8297.2,8297.2,8294.7,8297.2,86
1784816880,8297.7,8301.7,8296.7,8299.7,122
1784816940,8299.2,8303.1,8298.7,8303.1,102
1784817000,8302.1,8305.6,8300.6,8301.1,122
1784817060,8300.9,8305.1,8298.2,8298.2,114
1784817120,8298.7,8299.4,8297.2,8297.4,82
1784817180,8296.9,8298,8296.2,8297,116
1784817240,8297.2,8297.5,8294.7,8297,94
1784817300,8296.7,8297.5,8291,8291.3,130
1784817360,8290.8,8296,8290.8,8295.5,118
1784817420,8295.8,8303.2,8295.7,8302.7,102
1784817480,8302.2,8304.6,8299.7,8304.6,112
1784817540,8304.9,8309.1,8304.4,8307.6,76
1784817600,8307.3,8309.6,8305.6,8306.6,106
1784817660,8305.9,8306.9,8302.6,8303.1,112
1784817720,8302.9,8303.9,8300.9,8302.1,100
1784817780,8302.4,8302.6,8298.9,8298.9,114
1784817840,8299.2,8302.2,8298.9,8299.9,102
1784817900,8299.7,8300.2,8298.2,8299.7,94
1784817960,8299.9,8303.2,8299.9,8303.2,94
1784818020,8303.7,8304.4,8300.7,8300.7,98
1784818080,8300.2,8300.7,8296.3,8297.3,108
1784818140,8296.8,8297.3,8293.3,8295.5,118
1784818200,8296,8298,8295.5,8297.2,114
1784818260,8297.5,8297.5,8292.8,8292.8,102
1784818320,8293.1,8297.3,8292.8,8297.3,108
1784818380,8296.8,8297.8,8293.8,8297.6,122
1784818440,8297.1,8299.8,8297.1,8297.1,116
1784818500,8297.3,8302,8297.3,8301,110
1784818560,8301.3,8303.5,8300.1,8302.1,84
1784818620,8301.8,8303.8,8300.8,8303.3,90
1784818680,8303.8,8305.5,8303.3,8303.8,124
1784818740,8303.5,8307.8,8302.8,8305.8,104
1784818800,8306.2,8306.7,8302.8,8305.2,108
1784818860,8305,8305.5,8299.3,8302.8,114
1784818920,8301.8,8304,8300.3,8301.3,102
1784818980,8301,8304.5,8299.3,8302.8,98
1784819040,8301.8,8302,8299.5,8301.3,96
1784819100,8300.8,8305.5,8300.8,8304.5,112
1784819160,8304.7,8304.7,8298.5,8301.3,110
1784819220,8300.8,8303.7,8299.8,8302.2,110
1784819280,8301.7,8301.7,8299,8300.2,110
1784819340,8300.5,8301.5,8297.8,8298,86
1784819400,8298.5,8298.8,8294.8,8296.3,102
1784819460,8295.8,8296.3,8291.8,8292.3,88
1784819520,8291.8,8294.6,8291.3,8291.3,120
1784819580,8291.8,8295.1,8291.8,8293.8,66
1784819640,8294.3,8296.3,8292.9,8294.8,112
1784819700,8293.8,8296.8,8293.8,8294.1,102
1784819760,8294.3,8294.4,8292.4,8292.9,102
1784819820,8293.1,8296.1,8293.1,8295.8,92
1784819880,8296.1,8296.1,8291.4,8291.4,78
1784819940,8291.6,8294.1,8291.6,8291.9,72
1784820000,8291.4,8293.6,8291.4,8293.6,88
1784820060,8293.9,8294.1,8288.4,8288.6,86
1784820120,8289.1,8291.9,8280.4,8282.4,116
1784820180,8282.9,8286.7,8282.2,8284.4,126
1784820240,8284.2,8285.9,8282.7,8284.9,104
1784820300,8284.4,8284.7,8281,8282,134
1784820360,8282.2,8282.2,8278.8,8282,106
1784820420,8281.5,8282.5,8280.2,8281,84
1784820480,8280.7,8281.5,8277.5,8279.5,114
1784820540,8279,8283.9,8279,8281.9,134
1784820600,8282.4,8283.9,8278.4,8279.2,136
1784820660,8279.4,8279.9,8276.4,8276.9,106
1784820720,8276.4,8281.4,8274.9,8281.4,138
1784820780,8281.9,8284.7,8278.9,8284.4,96
1784820840,8283.9,8297.4,8282.2,8295.4,184
1784820900,8295.2,8302.1,8294.4,8299.1,148
1784820960,8299.4,8299.6,8296.4,8298.4,106
1784821020,8298.9,8306.4,8296.9,8305.1,116
1784821080,8305.6,8307.4,8304.4,8307.4,96
1784821140,8307.9,8310.4,8307.4,8307.6,114
1784821200,8307.4,8308.9,8305.6,8306.6,100
1784821260,8307.4,8312.4,8306.6,8311.6,86
1784821320,8311.9,8312.4,8308.9,8309.1,60
1784821380,8309.4,8309.6,8307.1,8308.4,70
1784821440,8308.6,8310.4,8307.9,8309.1,58
1784821500,8309.4,8310.1,8308.1,8308.6,94
1784821560,8308.4,8309.1,8304.9,8306.4,82
1784821620,8305.6,8305.9,8302.4,8302.6,90
1784821680,8303.1,8306.4,8303.1,8303.9,68
1784821740,8304.4,8304.9,8302.4,8303.4,76
1784821800,8302.9,8305.6,8301.6,8305.1,72
1784821860,8304.9,8305.6,8302.9,8303.1,66
1784821920,8303.6,8305.1,8303.4,8304.1,82
1784821980,8303.9,8303.9,8301.1,8301.6,68
1784822040,8301.9,8306.2,8301.9,8304.9,92
1784822100,8305.4,8307.9,8305.2,8307.7,78
1784822160,8307.9,8309.6,8307.9,8309.4,74
1784822220,8308.9,8308.9,8306.7,8307.7,58
1784822280,8307.9,8307.9,8305.9,8307.9,54
1784822340,8307.2,8309.4,8307.2,8308.9,66
1784822400,8309.4,8310.6,8306.9,8308.7,112
1784822460,8308.4,8308.7,8306.9,8307.9,66
1784822520,8308.2,8311.7,8307.9,8310.7,84
1784822580,8310.4,8310.4,8308.2,8309.2,60
1784822640,8309.4,8309.4,8306.9,8308.2,74
1784822700,8307.7,8307.7,8304.4,8306.2,90
1784822760,8305.9,8307.4,8305.2,8305.4,80
1784822820,8305.2,8306.2,8304.7,8305.4,64
1784822880,8305.2,8307.2,8305.2,8306.4,64
1784822940,8306.2,8306.7,8304.9,8306.7,58
1784823000,8306.9,8306.9,8306.2,8306.2,24
1784823060,8306.4,8308.9,8306.2,8307.9,62
1784823120,8308.2,8310.2,8307.7,8309.4,60
1784823180,8309.7,8310.4,8307.9,8307.9,46
1784823240,8308.4,8310.4,8307.9,8310.2,54
1784823300,8310.4,8311.9,8310.4,8311.4,66
1784823360,8311.2,8313.4,8310.4,8312.9,60
1784823420,8313.1,8316.1,8312.9,8315.4,68
1784823480,8315.1,8315.4,8313.9,8314.4,48
1784823540,8314.1,8314.1,8311.9,8313.4,70
1784823600,8313.1,8315.9,8312.9,8315.4,66
1784823660,8314.9,8316.6,8314.9,8316.4,40
1784823720,8315.9,8319.1,8315.9,8319.1,48
1784823780,8318.9,8322.6,8318.6,8322.4,48
1784823840,8322.6,8324.1,8321.9,8321.9,76
1784823900,8322.1,8324.4,8321.9,8324.1,74
1784823960,8323.9,8323.9,8321.6,8322.4,46
1784824020,8322.9,8324.1,8322.6,8323.9,34
1784824080,8324.1,8325.1,8323.9,8324.6,58
1784824140,8324.9,8326.6,8324.9,8326.4,50
1784824200,8325.9,8325.9,8323.9,8324.6,54
1784824260,8325.1,8325.6,8322.9,8323.1,40
1784824320,8322.9,8323.4,8321.2,8321.2,54
1784824380,8320.9,8321.4,8320.4,8320.4,52
1784824440,8320.7,8321.2,8319.7,8319.9,44
1784824500,8320.2,8320.2,8318.2,8319.9,50
1784824560,8319.7,8319.9,8316.4,8316.9,54
1784824620,8317.2,8317.2,8314.4,8314.9,52
1784824680,8315.2,8317.2,8314.4,8317.2,44
1784824740,8317.7,8318.2,8316.9,8317.7,56
1784824800,8317.4,8317.9,8315.7,8316.2,60
1784824860,8316.4,8316.4,8313.9,8315.2,54
1784824920,8314.9,8314.9,8313.4,8314.7,56
1784824980,8314.4,8315.2,8312.9,8312.9,46
1784825040,8313.2,8313.7,8312.4,8312.4,36
1784825100,8311.9,8311.9,8308.7,8308.9,58
1784825160,8309.4,8309.9,8308.9,8309.7,48
1784825220,8309.9,8309.9,8307.9,8308.9,50
1784825280,8309.4,8310.2,8308.4,8308.7,54
1784825340,8308.4,8308.9,8307.4,8307.4,36
1784825400,8307.7,8307.7,8305.9,8306.4,40
1784825460,8306.9,8307.4,8306.2,8307.4,34
1784825520,8307.9,8308.4,8306.4,8306.4,50
1784825580,8306.2,8306.4,8304.9,8306.4,42
1784825640,8307.2,8307.9,8306.4,8307.7,58
1784825700,8307.4,8310.2,8307.4,8309.4,68
1784825760,8309.7,8309.7,8307.9,8308.9,46
1784825820,8308.7,8308.9,8307.4,8307.4,16
1784825880,8306.9,8307.9,8306.4,8307.9,58
1784825940,8308.2,8311.4,8308.2,8311.4,50
1784826000,8310.9,8311.4,8309.4,8310.4,76
1784826060,8309.9,8309.9,8307.9,8308.9,64
1784826120,8308.7,8309.2,8307.2,8307.9,86
1784826180,8308.2,8308.4,8306.2,8306.4,94
1784826240,8306.2,8306.4,8301.5,8301.5,94
1784826300,8301.7,8302.4,8298.7,8300.5,76
1784826360,8300.2,8301.5,8299,8299.5,74
1784826420,8299,8301.2,8298,8298.5,62
1784826480,8299,8302.7,8298,8300.5,64
1784826540,8300,8303,8300,8303,62
1784826600,8302.5,8305.4,8302.5,8303.9,44
1784826660,8303.7,8304.9,8303,8303.5,50
1784826720,8303.7,8305.2,8303.2,8304.9,64
1784826780,8304.7,8305.9,8303.5,8303.5,50
1784826840,8303.9,8305.4,8303.5,8304,50
1784826900,8303.5,8304.7,8303,8304.2,66
1784826960,8304.4,8307.9,8304,8305.9,52
1784827020,8305.4,8306.9,8304.9,8304.9,58
1784827080,8304.2,8306.4,8303.5,8305.4,48
1784827140,8305.9,8305.9,8304.5,8305,48
1784827200,8305.2,8307.9,8305.2,8307.4,56
1784827260,8307.9,8309.4,8306.9,8306.9,60
1784827320,8306.7,8307.9,8305.9,8305.9,64
1784827380,8305.7,8308.9,8305.5,8308.9,54
1784827440,8309.2,8309.4,8306.9,8307.9,42
1784827500,8308.4,8309.4,8307.9,8309.2,58
1784827560,8309.4,8309.9,8308.4,8309.9,60
1784827620,8310.2,8310.9,8307.9,8307.9,32
1784827680,8308.2,8308.2,8305.5,8306.5,54
1784827740,8306,8306.5,8304.5,8304.5,52
1784827800,8304,8305.7,8304,8305.5,94
1784827860,8306,8306,8303,8304,46
1784827920,8303.7,8304.7,8303.2,8304,38
1784827980,8303.5,8305.2,8303.5,8304.5,50
1784828040,8304.2,8305.5,8303.5,8304.2,46
1784828100,8304,8304.5,8301,8301,68
1784828160,8301.5,8302,8300.5,8301.2,44
1784828220,8301.5,8301.5,8300,8300.7,28
1784828280,8301,8303,8301,8302,46
1784828340,8302.2,8303,8301.5,8301.5,42
1784828400,8302,8302,8299.5,8300,36
1784828460,8300.2,8301.5,8299.5,8301.5,64
1784828520,8301,8301.5,8300.5,8301,48
1784828580,8301.5,8302,8301,8301.7,40
1784828640,8301.5,8302.2,8300.5,8301,40
1784828700,8300.5,8304,8300,8303.2,58
1784828760,8303,8304,8302.5,8303.5,56
1784828820,8304,8304.7,8303,8304,60
1784828880,8303.7,8304.2,8302.5,8304,46
1784828940,8304.5,8304.5,8303,8303.5,48
1784829000,8303.2,8304.5,8302.5,8304,56
1784829060,8303.5,8304.5,8302.5,8303,44
1784829120,8303.5,8304.5,8303,8303.5,40
1784829180,8303,8303.5,8302,8302.5,40
1784829240,8302,8302.5,8301.7,8301.7,28
1784829300,8301.5,8301.7,8300,8301,54
1784829360,8300.7,8300.7,8299,8299,18
1784829420,8299.5,8299.5,8297.2,8297.5,26
1784829480,8298,8298.7,8297.2,8298.2,46
1784829540,8298.5,8298.5,8297,8298,24
1784829600,8297.7,8298,8296.5,8298,54
1784829660,8297.7,8297.7,8295,8296,32
1784829720,8295.5,8296,8295.2,8295.7,32
1784829780,8296,8297,8295.5,8297,44
1784829840,8296.5,8296.7,8295,8295,34
1784829900,8295.2,8295.5,8295,8295,8
1784829960,8295.5,8296,8295,8296,30
1784830020,8295.7,8296,8294.2,8295,36
1784830080,8295.2,8296,8295,8296,12
1784830140,8295.7,8296,8294.3,8294.3,30
1784830200,8293.8,8293.8,8291,8292,66
1784830260,8292.3,8293.5,8291.5,8293,52
1784830320,8293.5,8294.8,8293,8294.3,40
1784830380,8294,8294.5,8293,8293.3,38
1784830440,8293,8293.5,8291.3,8291.3,52
1784830500,8291.8,8294,8291,8293.5,56
1784830560,8294,8295,8293.5,8294.5,36
1784830620,8295,8295,8292.5,8292.8,46
1784830680,8292.5,8294.3,8292.5,8292.5,44
1784830740,8293,8294.3,8292,8294,36
1784830800,8294.3,8295,8293.8,8294,48
1784830860,8293.8,8295.5,8293.3,8295.5,44
1784830920,8295.8,8296,8294.8,8295.5,52
1784830980,8295.3,8297.5,8294.5,8297.5,62
1784831040,8297,8299,8297,8298.7,62
1784831100,8298.5,8298.7,8296,8296.5,34
1784831160,8297,8297.3,8296,8296.5,48
1784831220,8297,8298.5,8296.5,8297,40
1784831280,8297.3,8299,8297,8299,64
1784831340,8299.5,8300.5,8299,8300.2,36
1784831400,8300,8303,8299.7,8302.5,70
1784831460,8302.7,8304,8301.2,8303.5,52
1784831520,8303.2,8303.2,8302,8302,38
1784831580,8301.7,8301.7,8301,8301.2,42
1784831640,8301.7,8301.7,8301,8301.2,24
1784831700,8301.5,8301.5,8299.7,8299.8,24
1784831760,8300,8300,8298.5,8298.8,36
1784831820,8298.5,8298.5,8296.8,8298,48
1784831880,8298.3,8298.3,8297,8297.3,12
1784831940,8297,8298.5,8297,8297.8,34
1784832000,8298,8299.5,8297.5,8299.5,46
1784832060,8299,8299.5,8297.5,8297.8,60
1784832120,8297.5,8298.5,8296.8,8298.3,28
1784832180,8298.5,8298.5,8297.8,8298.5,40
1784832240,8298.3,8298.5,8297.5,8298,24
1784832300,8298.5,8300,8298,8300,52
1784832360,8300.3,8300.5,8299.5,8299.8,30
1784832420,8300.3,8300.5,8300,8300.5,34
1784832480,8300.8,8301.3,8299.3,8300.5,44
1784832540,8300,8300.8,8299.5,8300.3,38
1784832600,8300,8300.8,8299.3,8299.5,48
1784832660,8299.3,8299.5,8297.8,8298.3,54
1784832720,8298.8,8299,8296.8,8297,44
1784832780,8296.8,8297.5,8296,8296.8,46
1784832840,8296.3,8297.8,8295.8,8295.8,52
1784832900,8295.3,8297,8295.3,8296.8,20
1784832960,8297.5,8297.5,8295.3,8296.5,34
1784833020,8296.3,8296.5,8296,8296.5,30
1784833080,8296.3,8297.3,8296,8297,38
1784833140,8296.8,8299.5,8296.8,8299.5,20
1784833200,8300,8302,8299.5,8302,66
1784833260,8301.8,8301.8,8300.8,8301,28
1784833320,8300.8,8301.5,8300.8,8301.5,22
1784833380,8301.8,8301.8,8299.8,8299.8,22
1784833440,8299.3,8300,8298.8,8298.8,18
1784833500,8299,8299,8299,8299,2
1784833560,8298.8,8299.8,8298.8,8299.5,14
1784833620,8299.8,8300.8,8299.5,8300.5,28
1784833680,8300,8301,8299.5,8299.8,48
1784833740,8299,8299,8297.5,8297.5,32
1784833800,8297.8,8297.8,8296.3,8296.3,34
1784833860,8295.8,8297.3,8295.8,8297,22
1784833920,8297.3,8297.3,8295.5,8295.5,30
1784833980,8295.8,8295.8,8294.5,8294.8,28
1784834040,8295.3,8295.3,8294.3,8294.8,36
1784834100,8295,8297.8,8295,8297,42
1784834160,8297.3,8298.8,8297,8298.8,38
1784834220,8299,8300.5,8298.8,8300,54
1784834280,8299.8,8300.3,8297.8,8297.8,58
1784834340,8298,8299,8298,8298.5,32
1784834400,8298.8,8300.5,8298.5,8300.5,62
1784834460,8300.8,8302.3,8300.3,8301.8,40
1784834520,8302,8302.8,8300.8,8300.8,46
1784834580,8301,8301.8,8300.8,8301.8,34
1784834640,8302.3,8303,8300.8,8303,40
1784834700,8303.3,8305.3,8303,8303.8,38
1784834760,8304.3,8304.8,8303.5,8304,42
1784834820,8304.3,8305.8,8303.5,8305.3,40
1784834880,8305,8305.8,8303.3,8303.3,64
1784834940,8303,8304.3,8302.8,8303.5,52
1784835000,8303.8,8307,8303.3,8304.5,90
1784835060,8304,8304.5,8299.8,8300.5,52
1784835120,8300.3,8300.8,8299.5,8299.5,28
1784835180,8300,8300,8297.5,8298.5,52
1784835240,8299,8300.5,8298.5,8300,46
1784835300,8299.5,8300.5,8299,8299.5,52
1784835360,8299.3,8300.5,8298.8,8300,48
1784835420,8300.3,8301.3,8299.8,8299.8,26
1784835480,8300.5,8301,8298.8,8298.8,48
1784835540,8298.5,8299.5,8298.5,8298.8,50
1784835600,8298.5,8299.3,8298,8298.5,30
1784835660,8298.8,8298.8,8297.3,8298,20
1784835720,8297.8,8297.8,8295.5,8296,30
1784835780,8295.8,8296.8,8295.5,8296.5,26
1784835840,8296,8296.5,8295,8295,18
1784835900,8295.5,8295.5,8294.8,8295.5,32
1784835960,8295.3,8295.3,8292,8292,36
1784836020,8292.3,8293.3,8291.3,8292,42
1784836080,8291.8,8292,8290.5,8290.8,36
1784836140,8290.5,8290.8,8289,8290.8,26
1784836200,8291.3,8295.5,8291.3,8293,64
1784836260,8293.3,8295.5,8293.3,8295.5,42
1784836320,8295,8295,8291,8291.8,38
1784836380,8291.5,8291.8,8290.8,8291,40
1784836440,8291.5,8292.8,8291,8292.5,34
1784836500,8293,8296.3,8293,8296.3,46
1784836560,8296.5,8297.8,8295,8296,40
1784836620,8296.3,8299.5,8296.3,8299.5,58
1784836680,8299.3,8300.5,8298,8300.3,91
1784836740,8299.3,8303.3,8299,8303,94
1784872800,8291.3,8297,8288.8,8296,48
1784872860,8296.3,8296.5,8292.8,8293,56
1784872920,8293.3,8296,8292.5,8296,52
1784872980,8295.8,8296.3,8291,8291.3,68
1784873040,8291,8291.3,8286.8,8287.8,56
1784873100,8288.1,8289.1,8284.8,8285.3,46
1784873160,8285.6,8285.8,8283.6,8285.1,48
1784873220,8285.3,8287.6,8284.8,8286.8,58
1784873280,8287.3,8289.3,8287.1,8288.8,42
1784873340,8289.1,8289.3,8287.3,8287.8,22
1784873400,8288.3,8292,8288.3,8291.8,42
1784873460,8291.1,8291.8,8288.8,8289.6,46
1784873520,8289.3,8290.3,8286.3,8290.1,54
1784873580,8290.3,8290.3,8288.3,8288.3,34
1784873640,8287.8,8288.8,8287.1,8287.8,26
1784873700,8288.3,8288.3,8286.1,8286.8,38
1784873760,8286.6,8287.8,8284.3,8287.8,58
1784873820,8288.1,8289.6,8287.6,8289.6,22
1784873880,8289.1,8289.6,8288.8,8289.3,18
1784873940,8289.8,8293.1,8289.8,8293.1,52
1784874000,8292.8,8295.8,8292.3,8295.3,40
1784874060,8294,8295.3,8293.8,8294.5,38
1784874120,8294.3,8295.8,8293.8,8295.8,42
1784874180,8297,8297,8293.3,8293.8,24
1784874240,8294.1,8294.1,8292.3,8292.6,24
1784874300,8292.3,8295.5,8292.3,8294.1,50
1784874360,8293.8,8294.1,8290.3,8290.8,34
1784874420,8290.6,8290.6,8288.8,8289.3,26
1784874480,8289.1,8289.1,8284.6,8284.8,48
1784874540,8284.6,8285.1,8282.8,8284.1,58
1784874600,8284.3,8284.8,8280.8,8281.3,58
1784874660,8280.8,8281.8,8279.8,8280.1,54
1784874720,8280.3,8281.1,8278.8,8279.1,34
1784874780,8278.3,8280.1,8278.3,8278.8,30
1784874840,8279.6,8283.1,8278.6,8283.1,28
1784874900,8283.6,8285.1,8283.3,8283.8,34
1784874960,8283.6,8286.3,8282.3,8285.6,68
1784875020,8285.3,8286.1,8283.3,8283.3,40
1784875080,8282.8,8283.3,8280.8,8281.8,42
1784875140,8282.3,8282.3,8280.8,8281.3,24
1784875200,8282.3,8282.3,8278.6,8279.3,44
1784875260,8278.8,8279.1,8276.8,8278.3,26
1784875320,8278.6,8279.1,8276.8,8277.3,30
1784875380,8276.8,8276.8,8275.3,8275.8,36
1784875440,8276.1,8276.8,8274.8,8274.8,26
1784875500,8275.6,8275.6,8271.9,8271.9,46
1784875560,8271.6,8273.1,8269.1,8270.4,66
1784875620,8269.9,8270.9,8269.6,8270.8,20
1784875680,8270.6,8273.1,8269.3,8270.1,60
1784875740,8269.8,8271.1,8265.3,8265.3,58
1784875800,8265.6,8267.4,8264.1,8266.9,52
1784875860,8266.4,8268.4,8263.4,8263.9,76
1784875920,8264.4,8272.1,8264.4,8272.1,72
1784875980,8273.6,8276.1,8272.6,8275.3,84
1784876040,8275.8,8278.8,8274.3,8278.6,56
1784876100,8278.1,8279.3,8276.6,8277.6,68
1784876160,8277.8,8287.5,8276.8,8287.5,103
1784876220,8287,8287,8282.1,8283.8,112
1784876280,8284.8,8289.5,8284.8,8287.8,86
1784876340,8287.5,8296.3,8286.5,8291,114
1784876400,8292.3,8292.3,8280.3,8282.6,176
1784876460,8280.6,8290,8277.3,8288.3,148
1784876520,8287.3,8293.8,8283.3,8291.3,140
1784876580,8290.8,8293.8,8289,8291.8,134
1784876640,8291.3,8291.5,8287.3,8288.3,112
1784876700,8288.8,8296.3,8287.8,8292.8,130
1784876760,8293.8,8296,8290.5,8292.5,134
1784876820,8292.3,8295.3,8288.3,8295.3,122
1784876880,8294.8,8294.8,8289.9,8292.6,106
1784876940,8292.9,8301,8292.4,8301,108
1784877000,8301.3,8306.2,8301,8303.3,148
1784877060,8302.8,8307.7,8302.8,8305.2,102
1784877120,8305.5,8309.4,8305.5,8307.9,86
1784877180,8308.4,8312.6,8308.4,8312.1,54
1784877240,8311.9,8312.4,8308.6,8310.4,80
1784877300,8311.9,8314.4,8308.1,8312.4,120
1784877360,8311.9,8311.9,8304.4,8309.7,118
1784877420,8309.2,8318.1,8308.2,8316.8,124
1784877480,8316.3,8317.6,8314.1,8317.6,96
1784877540,8317.6,8320.6,8317.1,8318.6,100
1784877600,8319.1,8319.9,8315.6,8316.4,142
1784877660,8316.9,8319.1,8315.2,8317.6,104
1784877720,8317.4,8320.1,8316.1,8317.6,110
1784877780,8317.1,8318.1,8313.9,8315.2,120
1784877840,8315.9,8317.4,8314.7,8316.7,100
1784877900,8316.2,8321.2,8316.2,8320.7,102
1784877960,8320.2,8321.5,8316.8,8317,104
1784878020,8316.8,8317.8,8315.3,8316.8,58
1784878080,8316.3,8316.8,8314,8314,72
1784878140,8313.5,8314.4,8312.3,8314.1,62
1784878200,8313.9,8318.8,8313.6,8318.8,92
1784878260,8317.8,8318.3,8312.4,8314.9,118
1784878320,8315.4,8315.4,8311.4,8312.9,108
1784878380,8313.1,8314.4,8310.9,8310.9,88
1784878440,8311.2,8315.4,8310.9,8315.4,108
1784878500,8314.9,8320.1,8314.4,8318.4,108
1784878560,8318.1,8319.9,8317.1,8317.4,94
1784878620,8317.1,8319.9,8313.9,8315.4,100
1784878680,8315.7,8316.2,8312.4,8312.9,76
1784878740,8313.4,8315.5,8312.4,8314.5,108
1784878800,8314,8315.5,8308.1,8308.1,92
1784878860,8308.6,8308.8,8304.4,8304.9,114
1784878920,8304.6,8306.4,8302.9,8303.6,100
1784878980,8303.4,8303.9,8299.7,8300.7,92
1784879040,8300.5,8305.2,8300.2,8303.7,88
1784879100,8302.7,8309.1,8302.7,8307.6,96
1784879160,8307.1,8308.6,8302.7,8305.1,110
1784879220,8304.7,8305.2,8303.7,8304.9,86
1784879280,8304.7,8306.9,8301.2,8302.2,110
1784879340,8302.5,8302.7,8300.5,8301.3,76
1784879400,8301.8,8304.7,8300.3,8300.5,106
1784879460,8301,8302,8297.8,8299.1,98
1784879520,8298.8,8299.5,8297.5,8297.5,74
1784879580,8297.6,8303,8296.6,8303,90
1784879640,8303.5,8304.7,8302.5,8303.2,90
1784879700,8303.5,8307.2,8301.8,8302.8,98
1784879760,8302.3,8305.7,8302.3,8305,72
1784879820,8304.7,8305,8303.2,8304.2,34
1784879880,8303.7,8305.2,8303.5,8304.2,56
1784879940,8303.7,8304,8300,8302.8,32
1784880000,8300.8,8302,8300.3,8300.3,76
1784880060,8299.8,8299.8,8295.8,8297,68
1784880120,8296,8303.2,8295.8,8302.7,92
1784880180,8302.9,8302.9,8298,8301.2,98
1784880240,8302.2,8303,8301.2,8302.7,80
1784880300,8302.2,8303.7,8299,8299.5,106
1784880360,8299,8303.7,8298.5,8302.7,116
1784880420,8303.7,8305.2,8302.7,8304.2,94
1784880480,8304.7,8307.7,8303.7,8307.7,88
1784880540,8307.2,8310.4,8307.2,8307.9,106
1784880600,8307.6,8309.7,8305.4,8305.4,74
1784880660,8305.7,8306.2,8303.7,8304.2,94
1784880720,8304.7,8305.2,8301.7,8303,110
1784880780,8303.2,8308.2,8303.2,8307.1,98
1784880840,8306.9,8307.6,8304.2,8304.9,84
1784880900,8305.4,8306.7,8304.2,8304.7,84
1784880960,8305.2,8310.1,8304.2,8310.1,78
1784881020,8309.6,8309.6,8304.7,8305.2,90
1784881080,8304.7,8306.9,8300.8,8301.3,104
1784881140,8301.8,8306.2,8301.8,8305.7,96
1784881200,8305.4,8307.9,8303.7,8307.7,70
1784881260,8307.9,8309.2,8306.2,8307.7,70
1784881320,8308.2,8309.9,8307.4,8309.1,98
1784881380,8309.6,8310.6,8308.1,8309.1,92
1784881440,8309.4,8311.9,8307.9,8311.9,80
1784881500,8312.1,8313.9,8311.1,8313.6,82
1784881560,8313.4,8318.6,8312.6,8317,134
1784881620,8316.5,8318.6,8315.8,8318.3,70
1784881680,8318,8319.3,8315.6,8316.1,92
1784881740,8316.6,8321.5,8316.6,8321.5,96
1784881800,8319.3,8324.3,8319,8324.3,54
1784881860,8323.5,8327.3,8323,8326,90
1784881920,8326.8,8327.7,8325,8327.2,76
1784881980,8326.7,8329.5,8326.5,8329.2,102
1784882040,8329,8331.2,8328.5,8329.2,96
1784882100,8328.5,8331,8328,8329.5,84
1784882160,8329,8330,8328.3,8329.3,76
1784882220,8329.1,8333.5,8329.1,8333,88
1784882280,8332.5,8332.5,8329.6,8331.6,78
1784882340,8331.1,8333.6,8331.1,8331.6,78
1784882400,8331.9,8333.6,8331.9,8332.1,74
1784882460,8332.6,8332.6,8328.9,8330.6,74
1784882520,8330.1,8330.9,8326.7,8326.7,96
1784882580,8326.2,8327.2,8321.3,8322.8,96
1784882640,8322.5,8324.8,8322.5,8324.2,66
1784882700,8324,8328.2,8324,8327.9,68
1784882760,8328.4,8328.4,8326.2,8327.2,84
1784882820,8326.7,8327.9,8325.2,8325.7,74
1784882880,8325.2,8325.7,8320.3,8320.8,90
1784882940,8321,8322.8,8320.8,8322.3,54
1784883000,8322.8,8325.7,8322.3,8323,76
1784883060,8322.8,8325.7,8322.3,8325.2,64
1784883120,8325.5,8326,8321.7,8324.2,72
1784883180,8324.5,8325.7,8320,8320.3,76
1784883240,8319.3,8321.8,8318.5,8320.8,82
1784883300,8321.3,8322.3,8319.8,8321.8,92
1784883360,8321.5,8322.3,8319.8,8320.3,62
1784883420,8319.8,8322.8,8319.5,8321.2,74
1784883480,8321.7,8321.7,8319.5,8320.8,68
1784883540,8320.5,8322.3,8319.8,8322,88
1784883600,8322.5,8324,8319.8,8320.8,92
1784883660,8321.3,8321.8,8319.3,8321.5,68
1784883720,8322,8326.7,8320.5,8326.7,92
1784883780,8326.2,8327.6,8324.2,8327.6,92
1784883840,8327.1,8328.1,8325.6,8326.6,68
1784883900,8326.9,8329.6,8326.1,8327.1,64
1784883960,8327.6,8329.8,8326.8,8329.8,82
1784884020,8330.3,8334,8329.8,8333,98
1784884080,8333.3,8333.3,8330.6,8331.1,90
1784884140,8330.6,8335.3,8330.6,8334.5,100
1784884200,8333.8,8336.5,8333.8,8335.8,84
1784884260,8334.8,8335.8,8333.5,8334.6,76
1784884320,8334.1,8335.3,8332.1,8333.6,72
1784884380,8333.3,8333.6,8331.6,8332.9,64
1784884440,8332.6,8332.6,8328.6,8332.6,92
1784884500,8332.1,8333.1,8331.1,8331.4,74
1784884560,8331.6,8333.6,8331.6,8333.1,54
1784884620,8333.9,8335.1,8332.8,8333.6,60
1784884680,8333.1,8333.8,8330.1,8330.1,72
1784884740,8329.6,8332.6,8328.2,8331.6,68
1784884800,8331.1,8332.1,8329.2,8330.7,88
1784884860,8331.2,8336.6,8331.2,8336.6,90
1784884920,8336.3,8336.3,8333.1,8333.1,60
1784884980,8333.3,8334.1,8332.1,8333.6,58
1784885040,8333.9,8334.3,8333.1,8333.6,56
1784885100,8333.4,8335.6,8332.6,8334.6,71
1784885160,8334.4,8335.6,8333.1,8334.1,56
1784885220,8333.9,8334.4,8332.1,8333.9,78
1784885280,8333.7,8333.7,8331.2,8331.7,64
1784885340,8331.4,8332.4,8328.7,8329,82
1784885400,8329.5,8330.7,8326.5,8329.8,72
1784885460,8329.3,8330.7,8329.2,8330.2,68
1784885520,8329.5,8331.9,8329.5,8331.9,50
1784885580,8331.6,8334.3,8331.4,8333.8,62
1784885640,8333.6,8334.1,8333.1,8333.1,48
1784885700,8333.3,8335.1,8332.1,8333.1,54
1784885760,8332.6,8334.3,8332.6,8333.3,54
1784885820,8333.1,8335.8,8332.6,8334.8,74
1784885880,8334.6,8336.1,8334.3,8335.1,66
1784885940,8335.3,8337.6,8335.3,8337,50
1784886000,8337.5,8337.5,8335.5,8335.8,44
1784886060,8335.6,8336.3,8333.6,8334.1,62
1784886120,8333.6,8334.1,8331.9,8332.4,80
1784886180,8331.9,8335.1,8331.9,8334.1,66
1784886240,8334.4,8335.6,8334.1,8334.1,40
1784886300,8334.6,8335.6,8334.3,8334.8,78
1784886360,8334.3,8334.8,8333.1,8334.6,52
1784886420,8334.1,8336.8,8334.1,8334.3,66
1784886480,8334.8,8335.6,8331.6,8332.1,78
1784886540,8332.4,8335.1,8332.1,8332.1,84
1784886600,8332.6,8334.6,8332.6,8334.1,80
1784886660,8333.9,8335.1,8331.4,8331.4,58
1784886720,8331.2,8333.2,8331.2,8332.2,76
1784886780,8332.7,8333.8,8332.2,8332.5,66
1784886840,8332.3,8333.3,8331.8,8332.8,54
1784886900,8332.3,8334.3,8332.3,8334.1,72
1784886960,8333.8,8335.8,8333.8,8335.6,80
1784887020,8335.3,8336.1,8333.4,8334.9,84
1784887080,8335.1,8336.4,8335.1,8336.4,46
1784887140,8335.9,8336.6,8333.1,8333.7,86
1784887200,8333.9,8335.9,8333.7,8335.9,74
1784887260,8335.6,8335.9,8333.9,8333.9,58
1784887320,8334.4,8334.4,8331.9,8331.9,74
1784887380,8332.1,8333.1,8331.9,8332.7,66
1784887440,8332.4,8332.9,8331.7,8332.9,50
1784887500,8332.6,8333.1,8331.4,8331.9,66
1784887560,8332.4,8334.9,8332.4,8334.1,58
1784887620,8333.8,8334.3,8332.3,8332.3,48
1784887680,8332.8,8333.1,8330.3,8330.6,72
1784887740,8330.3,8331.1,8330.1,8330.3,48
1784887800,8330.8,8330.8,8325.6,8325.7,66
1784887860,8325.2,8327.6,8324.7,8326.9,50
1784887920,8326.6,8326.6,8323.4,8324.9,58
1784887980,8324.6,8324.9,8323.6,8324.4,56
1784888040,8324.1,8326.6,8322.4,8325.6,66
1784888100,8325.1,8326.3,8324.3,8325,68
1784888160,8325.3,8325.5,8322.8,8323.3,52
1784888220,8323.5,8326.5,8323.5,8326.3,38
1784888280,8326,8326,8323.3,8324.8,64
1784888340,8325.3,8326.8,8324.8,8326.5,38
1784888400,8326.8,8326.8,8324.5,8324.8,58
1784888460,8324.5,8325.8,8323.3,8324.3,68
1784888520,8324,8324.8,8323,8323.5,50
1784888580,8323.8,8326.7,8323.7,8326.2,50
1784888640,8326.7,8327,8325.2,8325.7,76
1784888700,8326,8326.2,8324.2,8324.3,54
1784888760,8324.7,8325.3,8323.8,8325.3,62
1784888820,8325.8,8329.5,8325.3,8329.2,58
1784888880,8329,8330.7,8328.7,8330.4,52
1784888940,8330.1,8332.4,8329.6,8331.6,52
1784889000,8332.4,8333.4,8331.9,8333.1,58
1784889060,8332.6,8335.1,8332.6,8335,44
1784889120,8334.8,8335.5,8332.5,8333.5,66
1784889180,8334,8335.3,8334,8334,60
1784889240,8333.8,8333.8,8328.1,8329.1,66
1784889300,8328.9,8329.4,8327.1,8327.6,68
1784889360,8328.1,8328.6,8326.9,8327.2,60
1784889420,8327.7,8328.6,8326.7,8328.6,58
1784889480,8328.9,8329.6,8327.9,8329.1,44
1784889540,8329.4,8330.1,8328.1,8330.1,36
1784889600,8329.6,8331.1,8329.4,8330.1,44
1784889660,8329.6,8331.6,8329.6,8331.6,56
1784889720,8331.1,8331.4,8329.4,8329.6,58
1784889780,8330.1,8331.7,8329.9,8331.7,46
1784889840,8331.9,8332.9,8331.4,8332.2,28
1784889900,8331.9,8333.7,8331.9,8333.2,60
1784889960,8332.9,8334.7,8331.7,8334.7,62
1784890020,8334.2,8334.9,8333.4,8333.4,42
1784890080,8332.9,8335.2,8332.2,8334.7,54
1784890140,8334.2,8334.2,8333.7,8334.2,32
1784890200,8334,8337.2,8333.7,8336.2,52
1784890260,8335.7,8336.3,8333.8,8334.5,58
1784890320,8334,8334.3,8333.3,8333.3,34
1784890380,8333.1,8333.1,8332.1,8332.9,58
1784890440,8332.4,8332.9,8332.1,8332.9,46
1784890500,8332.4,8333.2,8331.9,8331.9,52
1784890560,8332.2,8334.9,8331.7,8334.7,44
1784890620,8334.4,8335.4,8334.2,8334.4,42
1784890680,8334.7,8335.4,8334.2,8334.9,52
1784890740,8334.4,8334.4,8332.2,8332.2,80
1784890800,8332.7,8334.9,8332.7,8333.1,96
1784890860,8333.4,8335.6,8331.9,8334.4,88
1784890920,8334.6,8336.6,8333.8,8334.6,76
1784890980,8334.1,8334.3,8332.8,8333.8,56
1784891040,8333.6,8334.6,8331.6,8332.4,76
1784891100,8331.9,8333.1,8330.9,8331.4,74
1784891160,8331.6,8333.9,8331.6,8333.3,62
1784891220,8333.1,8334.1,8328.9,8330.1,80
1784891280,8329.6,8329.6,8326.9,8327.2,56
1784891340,8327.4,8329.4,8326.4,8327.4,52
1784891400,8327.9,8327.9,8326.1,8327.4,40
1784891460,8327.2,8328.9,8326.4,8328.9,58
1784891520,8329.1,8329.6,8328.6,8328.9,48
1784891580,8329.1,8329.4,8327.9,8328.4,42
1784891640,8328.9,8329.4,8327.4,8328.4,28
1784891700,8328.1,8328.1,8325.4,8326.9,32
1784891760,8326.6,8328.4,8325.4,8327.9,38
1784891820,8327.4,8328.3,8327.3,8327.8,66
1784891880,8328.1,8328.3,8326.6,8327.8,52
1784891940,8328.3,8328.3,8325.8,8325.8,54
1784892000,8325.6,8326.3,8323.6,8325.1,64
1784892060,8325.6,8325.9,8322.1,8322.6,86
1784892120,8322.9,8325.4,8322.4,8324.4,48
1784892180,8324.3,8325.3,8323.3,8323.3,32
1784892240,8322.8,8324.9,8322.3,8324.4,72
1784892300,8324.1,8324.1,8321.1,8321.4,54
1784892360,8321.9,8322.1,8318.6,8318.6,44
1784892420,8318.4,8321.6,8318.4,8319.9,58
1784892480,8320.1,8320.9,8319.4,8319.7,58
1784892540,8319.9,8322.4,8318.9,8322.4,62
1784892600,8322.1,8323.9,8320.7,8323.1,80
1784892660,8322.9,8326.1,8322.9,8323.8,66
1784892720,8323.6,8327,8323.6,8326.8,70
1784892780,8326.5,8327.3,8325.3,8327.3,62
1784892840,8327.7,8329,8327,8327,54
1784892900,8326.7,8327.2,8322.8,8323,58
1784892960,8322.5,8324.8,8322,8324.8,82
1784893020,8325.3,8325.3,8319.9,8319.9,80
1784893080,8320.4,8320.9,8317.9,8318.2,88
1784893140,8318.4,8319.4,8316.7,8317.4,82
1784893200,8316.9,8317.7,8315.5,8316.2,96
1784893260,8316,8318,8315.2,8317.5,60
1784893320,8317.2,8319.4,8316.5,8319.4,74
1784893380,8319.9,8322.8,8319.4,8322.8,70
1784893440,8323.1,8323.3,8320.8,8321.8,64
1784893500,8321.3,8325.3,8320.8,8324.8,80
1784893560,8324.6,8324.6,8323.3,8324.1,60
1784893620,8323.8,8324.1,8320.4,8320.9,72
1784893680,8321.1,8323.1,8321.1,8321.9,42
1784893740,8321.6,8321.9,8319.4,8319.9,66
1784893800,8319.6,8320.4,8317.9,8318.5,70
1784893860,8318,8321.7,8318,8321.2,62
1784893920,8320.9,8321.6,8320.1,8320.4,48
1784893980,8320.1,8321.1,8319.9,8320.2,44
1784894040,8320.4,8323.9,8319.4,8322.9,54
1784894100,8323.1,8325.1,8322.9,8324.3,56
1784894160,8323.8,8323.8,8322.1,8322.1,46
1784894220,8321.6,8324.8,8321.3,8324.3,58
1784894280,8324.8,8337.4,8324.5,8337.4,114
1784894340,8336.9,8340.9,8334.4,8335.2,174
1784894400,8334.7,8336.7,8332.5,8332.7,116
1784894460,8332.2,8333.7,8331.7,8333,102
1784894520,8333.2,8333.7,8329.5,8331.3,92
1784894580,8331,8333.7,8331,8332.2,98
1784894640,8331.7,8332.7,8331.2,8332.2,96
1784894700,8331.7,8332.2,8329.8,8330.8,78
1784894760,8330.5,8332.7,8329.8,8332.2,70
1784894820,8332.7,8334.4,8332,8334.2,76
1784894880,8334.4,8334.7,8332.2,8334.2,60
1784894940,8333.9,8338.6,8333.9,8337.6,80
1784895000,8337.4,8338.9,8336.6,8338.6,48
1784895060,8338.4,8339.8,8338.1,8338.8,64
1784895120,8338.6,8339.3,8337.6,8338.6,58
1784895180,8338.1,8339.3,8336.1,8336.3,68
1784895240,8336.6,8339.3,8336.6,8337.6,68
1784895300,8338.1,8338.8,8336.3,8337.6,62
1784895360,8337.3,8341.3,8336.8,8341,62
1784895420,8341.3,8341.3,8339.8,8340.3,46
1784895480,8341.3,8341.7,8339.7,8340,70
1784895540,8339.7,8340.5,8335,8335.5,62
1784895600,8335.3,8335.5,8332.3,8332.6,68
1784895660,8333.1,8335.1,8333.1,8333.6,66
1784895720,8333.3,8334.3,8332.3,8333.5,60
1784895780,8333.3,8333.5,8331.3,8331.8,44
1784895840,8331.3,8334,8331.3,8333.8,74
1784895900,8334,8334,8325.1,8331.3,86
1784895960,8331.5,8333.3,8331.3,8332,76
1784896020,8331.8,8333.2,8330.8,8332.7,66
1784896080,8332,8334.5,8332,8333.5,44
1784896140,8333.8,8334.5,8332.3,8332.5,50
1784896200,8332.3,8332.3,8327.5,8331,92
1784896260,8330.8,8333,8330.5,8332.5,48
1784896320,8332.2,8334.9,8332.2,8334.7,54
1784896380,8334.4,8334.7,8333.7,8333.7,56
1784896440,8333.9,8334.4,8331,8331.2,76
1784896500,8331,8332.2,8329.3,8331.2,86
1784896560,8331,8331.2,8327.8,8328.5,74
1784896620,8328.3,8331.5,8328.3,8329.5,78
1784896680,8329.3,8330.5,8327.8,8330.5,76
1784896740,8330,8331.5,8329.8,8330,76
1784896800,8330.5,8331,8329.7,8330.7,68
1784896860,8330.2,8331.7,8328.8,8329,90
1784896920,8329.5,8329.5,8325.1,8326.1,54
1784896980,8325.6,8326.6,8325.1,8325.6,76
1784897040,8325.1,8327.6,8325.1,8327.1,56
1784897100,8327.6,8328.6,8327.3,8328.1,48
1784897160,8327.6,8327.6,8323.8,8325.3,62
1784897220,8325.1,8325.8,8322.3,8325.3,70
1784897280,8325.8,8325.8,8324.5,8325,68
1784897340,8325.3,8325.8,8324.8,8324.8,70
1784897400,8325,8326.5,8323.8,8324.3,52
1784897460,8324,8324.5,8322.5,8323.3,56
1784897520,8323.5,8323.5,8321.3,8321.3,84
1784897580,8320.8,8322.5,8320.8,8321,32
1784897640,8321.5,8321.8,8320.5,8321.3,74
1784897700,8321,8322,8318.6,8319.1,72
1784897760,8319.3,8320.1,8316.6,8316.6,72
1784897820,8316.1,8319.1,8316.1,8317.9,62
1784897880,8317.6,8319.4,8317.1,8318.4,68
1784897940,8318.1,8318.9,8317.6,8318.6,62
1784898000,8319.1,8324.3,8319.1,8324.3,70
1784898060,8324.1,8324.1,8322.1,8322.6,68
1784898120,8322.9,8327.6,8322.1,8326.6,80
1784898180,8326.8,8327.1,8322.6,8322.6,68
1784898240,8323.1,8324.4,8322.6,8323.6,58
1784898300,8323.4,8325.9,8322.9,8325.6,66
1784898360,8325.9,8325.9,8323.9,8325.7,42
1784898420,8325.9,8326.4,8323.7,8324.2,92
1784898480,8324.4,8325.2,8323.7,8324.2,64
1784898540,8324.7,8325.2,8323.4,8323.4,52
1784898600,8323.9,8326.7,8323.7,8326.7,50
1784898660,8326.4,8327.9,8326.4,8327.1,64
1784898720,8327.6,8329.4,8327.1,8328.3,60
1784898780,8328.6,8330.6,8328.6,8329.8,48
1784898840,8329.6,8330.5,8329.3,8330.3,66
1784898900,8330.8,8332.3,8329.8,8332.3,98
1784898960,8332.8,8333.7,8331.5,8333.7,56
1784899020,8333.5,8335.9,8333.2,8335.9,44
1784899080,8336.2,8336.4,8334.9,8334.9,82
1784899140,8335.2,8335.7,8333.4,8333.4,54
1784899200,8333.7,8334.9,8333.4,8334.9,50
1784899260,8334.4,8336.9,8334.4,8335.4,68
1784899320,8335.2,8335.9,8333.7,8334,58
1784899380,8334.2,8335,8333.7,8334.7,62
1784899440,8335,8337.4,8334.5,8337.4,84
1784899500,8337.9,8338.4,8336.2,8337.9,94
1784899560,8338.4,8338.4,8336.4,8337.7,62
1784899620,8338,8341.7,8338,8341.4,88
1784899680,8341.7,8342.9,8340.7,8342.2,84
1784899740,8342.4,8342.9,8341.2,8341.7,86
1784899800,8342.2,8345.2,8340.9,8341.7,138
1784899860,8342.2,8342.7,8339.5,8339.5,122
1784899920,8340,8342,8337.5,8337.8,110
1784899980,8337.5,8340,8337.5,8337.8,90
1784900040,8337.3,8337.5,8332.9,8332.9,96
1784900100,8332.4,8334.9,8332.1,8334.1,102
1784900160,8333.6,8339.3,8332.6,8339.3,130
1784900220,8339,8343.7,8339,8343.7,96
1784900280,8343.2,8346.2,8342.5,8345.7,94
1784900340,8346.2,8346.2,8339.2,8339.5,96
1784900400,8340,8341.2,8338.2,8340.2,94
1784900460,8339.7,8340.7,8338,8340,100
1784900520,8339.7,8339.7,8335.5,8336.5,74
1784900580,8335.7,8337,8334.5,8335.5,56
1784900640,8334.5,8336.2,8333.5,8336,58
1784900700,8334.7,8338.5,8333.5,8337.7,106
1784900760,8338,8340.2,8336.5,8340,112
1784900820,8340.5,8341,8337,8339.2,112
1784900880,8339,8343.4,8338.5,8343.2,100
1784900940,8342.9,8345.6,8342.9,8343.9,92
1784901000,8343.4,8344.9,8340.9,8341.4,100
1784901060,8340.7,8341,8336.3,8336.5,104
1784901120,8336.3,8337,8335,8336.5,102
1784901180,8337,8338,8335,8335,82
1784901240,8335.5,8338.5,8335.5,8336.5,82
1784901300,8336.3,8337.5,8335.3,8337,90
1784901360,8337.5,8337.5,8330.8,8332.3,106
1784901420,8332.6,8333.1,8330.1,8332.1,84
1784901480,8332.3,8334.8,8332.3,8334.5,86
1784901540,8334.8,8335.5,8331,8331.5,78
1784901600,8331,8333.5,8328.1,8333.5,106
1784901660,8333.8,8336.5,8333.3,8333.8,118
1784901720,8334,8338,8333.8,8337,96
1784901780,8336.5,8339,8336.5,8337.5,100
1784901840,8337,8337.5,8330.5,8330.5,112
1784901900,8331,8334,8330,8333.5,118
1784901960,8332.8,8333.5,8330.1,8331.1,100
1784902020,8330.6,8332.5,8329.6,8332.5,90
1784902080,8332,8337.7,8332,8336.2,112
1784902140,8336,8337.7,8334.7,8336.9,78
1784902200,8337.4,8339.2,8336.9,8337.9,90
1784902260,8337.4,8338.2,8335.7,8337.9,84
1784902320,8338.2,8339.2,8336.4,8336.9,78
1784902380,8337.2,8340.4,8337.2,8338.9,82
1784902440,8339.1,8342.1,8338.9,8340.1,76
1784902500,8339.4,8341.1,8338.9,8340.4,84
1784902560,8339.9,8342.1,8339.9,8340.6,78
1784902620,8341.1,8341.1,8335.9,8339.3,102
1784902680,8338.8,8340.6,8335.1,8336.9,100
1784902740,8336.6,8338.4,8334.9,8337.9,88
1784902800,8338.4,8338.4,8333.9,8334.4,120
1784902860,8334.9,8335.7,8333,8333,106
1784902920,8332.5,8334.2,8329.5,8331,104
1784902980,8331.5,8332.5,8329.5,8332.5,116
1784903040,8332.3,8333.8,8331.5,8333,100
1784903100,8333.3,8334,8331,8332.6,98
1784903160,8332.1,8336.6,8330.6,8336.1,110
1784903220,8335.6,8337.1,8332.1,8332.8,116
1784903280,8332.3,8333.6,8331.1,8331.9,74
1784903340,8332.4,8333.6,8331.4,8332.1,88
1784903400,8332.6,8335.6,8331.9,8335.4,100
1784903460,8334.9,8340.1,8334.9,8339.6,92
1784903520,8340.1,8340.1,8337,8337,82
1784903580,8336.5,8340,8336,8339.5,80
1784903640,8339,8340.3,8338,8338,90
1784903700,8338.5,8341.7,8338,8340.5,94
1784903760,8340,8340,8335.3,8335.3,88
1784903820,8335,8337.5,8335,8336.5,84
1784903880,8337,8338,8334.5,8335.6,78
1784903940,8336.1,8337.5,8332.8,8333.1,88
1784904000,8334.1,8337.3,8334,8337.3,102
1784904060,8337.8,8338,8333.5,8337,76
1784904120,8336.8,8336.8,8333,8334.5,108
1784904180,8335,8335.3,8333,8335,88
1784904240,8335.5,8336.3,8332.6,8333.1,92
1784904300,8332.6,8332.6,8327.6,8327.6,96
1784904360,8327.1,8330.6,8325.6,8330.6,118
1784904420,8331.1,8332.1,8328.1,8329.6,102
1784904480,8329.1,8330.1,8328.4,8330.1,90
1784904540,8329.9,8334.6,8329.1,8334.6,82
1784904600,8334.1,8336.6,8334.1,8335.6,112
1784904660,8335.1,8337,8334.1,8336.3,116
1784904720,8336,8336.8,8332.6,8333.6,92
1784904780,8333.1,8336.5,8333.1,8334.5,86
1784904840,8334.8,8334.8,8331.4,8332.4,76
1784904900,8332.1,8335.1,8332.1,8335.1,52
1784904960,8334.8,8338.5,8334.6,8338.1,102
1784905020,8337.8,8340.5,8337.8,8340.3,92
1784905080,8340.5,8340.5,8338.3,8338.8,58
1784905140,8338.3,8338.5,8337.1,8337.6,86
1784905200,8337.1,8340.1,8336.6,8339.1,92
1784905260,8338.8,8338.8,8334.6,8336.1,86
1784905320,8335.9,8336.1,8333.9,8335.6,64
1784905380,8336.1,8336.9,8335.1,8336.6,90
1784905440,8337.1,8337.6,8335.1,8336.4,78
1784905500,8336.6,8337.9,8334.9,8337.9,84
1784905560,8337.4,8337.6,8334.6,8336.4,80
1784905620,8336.1,8336.1,8334.1,8334.1,44
1784905680,8334.4,8337.4,8334.4,8335.6,74
1784905740,8335.1,8336.1,8333.4,8333.6,94
1784905800,8333.4,8345.3,8332.9,8343.6,76
1784905860,8343.1,8351.8,8342.1,8346,170
1784905920,8346.5,8347,8344,8345.3,130
1784905980,8345.1,8347.1,8344.6,8347,98
1784906040,8346.6,8357.2,8346.5,8355.7,138
1784906100,8355.2,8362.2,8353.5,8359.9,154
1784906160,8360.2,8360.4,8357.7,8358,118
1784906220,8358.5,8360,8357.5,8359,112
1784906280,8358.5,8361.4,8358.4,8359.4,116
1784906340,8359.9,8361.9,8359.4,8360,108
1784906400,8359.7,8364.2,8359.2,8361.7,124
1784906460,8361.2,8363.4,8360.5,8362.7,130
1784906520,8362.4,8362.9,8361,8361.5,98
1784906580,8362,8363.2,8361.7,8362.4,60
1784906640,8361.9,8363.2,8361.4,8361.7,80
1784906700,8361.4,8366.6,8360.7,8363.7,102
1784906760,8363.9,8366.4,8363.7,8366.1,80
1784906820,8365.6,8368.4,8364.6,8367.9,90
1784906880,8368.4,8369.4,8367.1,8368.4,104
1784906940,8368.9,8372.6,8368.9,8371.4,126
1784907000,8370.9,8370.9,8368.4,8369.4,114
1784907060,8369.7,8373.4,8369.4,8370.7,94
1784907120,8371.2,8372.2,8368.4,8369.4,116
1784907180,8369.7,8370.2,8367.9,8368.4,104
1784907240,8368.9,8373.2,8366.2,8368.9,161
1784907300,8368.2,8373.7,8368.2,8373.7,130
1784907360,8373.2,8376.4,8373.2,8376.4,100
1784907420,8376.9,8379.4,8374.6,8379.4,98
1784907480,8378.9,8379.9,8377.4,8379.4,80
1784907540,8380.1,8380.6,8379.4,8380.4,42
1784907600,8379.9,8381.9,8379.1,8381.4,74
1784907660,8380.9,8383.1,8378.9,8382.9,92
1784907720,8382.4,8382.9,8379.1,8381.9,78
1784907780,8382.4,8382.6,8379.9,8380.4,58
1784907840,8380.9,8381.9,8380.4,8381.1,54
1784907900,8380.9,8382.9,8380.6,8381.4,78
1784907960,8380.9,8381.6,8380.1,8380.4,44
1784908020,8380.1,8381.4,8379.1,8379.4,66
1784908080,8379.1,8379.9,8378.9,8379.1,76
1784908140,8379.4,8379.4,8377.1,8377.4,68
1784908200,8377.6,8377.9,8376.2,8377.9,68
1784908260,8377.6,8378.9,8377.6,8377.6,46
1784908320,8378.1,8378.6,8376.4,8376.7,64
1784908380,8376.4,8378.6,8376.4,8378.4,58
1784908440,8378.9,8379.6,8378.4,8378.9,54
1784908500,8378.6,8379.4,8377.2,8377.2,52
1784908560,8377.7,8380.6,8377.4,8380.6,44
1784908620,8380.4,8380.6,8379.6,8379.6,34
1784908680,8379.9,8380.6,8378.6,8380.4,42
1784908740,8379.9,8380.6,8379.6,8380.4,42
1784908800,8380.9,8381.4,8379.6,8379.6,44
1784908860,8380.1,8381.9,8380.1,8381.9,38
1784908920,8382.1,8382.1,8380.1,8380.9,42
1784908980,8380.6,8381.4,8379.2,8379.9,54
1784909040,8380.4,8383.4,8379.9,8382.9,50
1784909100,8383.4,8383.4,8381.1,8381.1,26
1784909160,8381.4,8381.4,8379.2,8379.4,38
1784909220,8379.7,8380.6,8378.7,8380.6,50
1784909280,8380.4,8382.9,8380.4,8381.9,48
1784909340,8381.6,8382.4,8380.7,8380.7,24
1784909400,8380.9,8381.9,8380.7,8381.6,22
1784909460,8381.9,8381.9,8381.1,8381.9,30
1784909520,8382.4,8383.9,8380.9,8380.9,26
1784909580,8381.2,8381.2,8379.4,8379.4,38
1784909640,8379.9,8380.4,8378.9,8379.4,38
1784909700,8379.7,8380.9,8379.2,8380.9,30
1784909760,8381.2,8381.2,8379.9,8380.9,40
1784909820,8381.2,8381.2,8379.9,8379.9,44
1784909880,8380.2,8380.7,8379.2,8380.2,48
1784909940,8379.9,8381.2,8379.9,8379.9,44
1784910000,8380.2,8381.7,8379.9,8381.4,44
1784910060,8380.9,8380.9,8379.4,8380.2,52
1784910120,8380.4,8381.4,8379.9,8381.4,22
1784910180,8381.2,8381.4,8380.4,8380.4,10
1784910240,8380.9,8381.9,8380.4,8381.9,30
1784910300,8382.2,8382.4,8381.4,8382.4,18
1784910360,8382.9,8383.7,8382.4,8383.4,28
1784910420,8383.2,8383.9,8382.9,8383.7,24
1784910480,8383.4,8383.4,8382.2,8382.4,44
1784910540,8382.2,8382.4,8381.7,8381.9,22
1784910600,8381.7,8381.9,8377.4,8378.9,62
1784910660,8379.4,8380.9,8378.9,8380.4,48
1784910720,8380.9,8380.9,8378.9,8379.4,42
1784910780,8379.2,8379.9,8378.4,8378.9,36
1784910840,8379.4,8379.4,8378.9,8379.4,22
1784910900,8379.2,8379.4,8377.9,8377.9,40
1784910960,8377.7,8378.4,8377.2,8377.4,38
1784911020,8377.2,8377.4,8376.2,8377.4,30
1784911080,8376.9,8376.9,8374.7,8374.9,18
1784911140,8375.2,8375.2,8374.2,8374.9,22
1784911200,8374.7,8374.9,8373.9,8374.4,24
1784911260,8374.2,8375.2,8372.9,8375.2,42
1784911320,8375.4,8375.7,8374.4,8375.7,26
1784911380,8375.9,8375.9,8374.2,8374.4,42
1784911440,8374.9,8374.9,8374.2,8374.4,28
1784911500,8373.9,8374.9,8373.9,8374.9,30
1784911560,8374.7,8375.2,8373.9,8374.2,36
1784911620,8374.4,8374.9,8372.7,8373.4,46
1784911680,8373.2,8373.2,8371.7,8372.2,52
1784911740,8371.9,8372.9,8371.4,8372.7,34
1784911800,8372.4,8373.4,8371.4,8372.4,54
1784911860,8372.2,8372.4,8371.7,8372.4,46
1784911920,8371.9,8372.2,8371.2,8371.2,14
1784911980,8371.4,8371.9,8370.7,8371.4,60
1784912040,8371.7,8373.7,8371.7,8373.4,48
1784912100,8373.7,8374.9,8372.9,8374.2,58
1784912160,8374.7,8375.7,8373.7,8375.7,58
1784912220,8375.4,8376.7,8375.4,8376.4,40
1784912280,8376.2,8378.7,8375.9,8377.7,38
1784912340,8377.9,8378.4,8377.2,8377.2,34
1784912400,8377.4,8378.7,8377.2,8377.4,46
1784912460,8377.2,8377.4,8375.7,8376.9,56
1784912520,8377.4,8377.4,8376.7,8376.9,38
1784912580,8377.2,8378.2,8376.9,8378.2,30
1784912640,8378.7,8378.9,8376.9,8377.4,44
1784912700,8377.2,8379.2,8376.7,8378.4,34
1784912760,8378.7,8378.9,8364.7,8371.9,128
1784912820,8372.2,8373.4,8371.2,8371.2,88
1784912880,8371.4,8371.4,8368.4,8368.4,74
1784912940,8368.9,8369.9,8366.9,8366.9,90
1784913000,8366.7,8366.7,8364.7,8365.5,56
1784913060,8365.7,8368.4,8365.2,8367.9,58
1784913120,8367.7,8369.4,8367.4,8367.9,44
1784913180,8368.2,8368.7,8367.4,8368.4,50
1784913240,8368.9,8369.4,8368.4,8368.9,30
1784913300,8368.4,8369.9,8368.4,8369.2,48
1784913360,8369.7,8369.9,8368.9,8369.2,30
1784913420,8369.4,8371.9,8369.4,8371.9,42
1784913480,8372.4,8373.4,8371.2,8372.9,60
1784913540,8373.2,8374.4,8372.7,8374.4,22
1784913600,8374.2,8375.4,8373.4,8374.9,38
1784913660,8374.7,8375.9,8374.7,8375.7,18
1784913720,8375.4,8376.2,8373.7,8373.9,34
1784913780,8373.4,8374.4,8373.2,8373.4,42
1784913840,8373.9,8375.4,8373.2,8375.4,34
1784913900,8375.7,8376.4,8373.9,8376.4,40
1784913960,8376.7,8377.4,8375.4,8376.9,42
1784914020,8377.4,8378.7,8377.2,8378.4,24
1784914080,8378.7,8379.4,8378.4,8378.4,20
1784914140,8378.7,8379.7,8378.4,8378.9,34
1784914200,8379.2,8379.4,8377.7,8378.7,44
1784914260,8378.9,8378.9,8377.9,8378.4,40
1784914320,8378.9,8378.9,8376.4,8377.4,28
1784914380,8377.7,8378.4,8377.2,8378.2,30
1784914440,8377.9,8379.9,8377.9,8379.4,44
1784914500,8379.7,8379.7,8378.7,8379.2,22
1784914560,8378.7,8378.7,8377.7,8377.9,18
1784914620,8377.7,8377.7,8376.7,8376.9,28
1784914680,8376.7,8377.4,8376.2,8376.4,18
1784914740,8375.9,8376.4,8374.4,8374.9,26
1784914800,8374.4,8374.7,8373.4,8373.9,42
1784914860,8373.7,8374.4,8373,8374.4,34
1784914920,8374.2,8374.2,8373,8373.2,32
1784914980,8373.5,8373.7,8372.7,8373,34
1784915040,8372.7,8373.5,8371,8371.2,38
1784915100,8371,8371.5,8370.5,8371.5,46
1784915160,8371.2,8373,8371.2,8373,28
1784915220,8373.2,8374.2,8373,8373,18
1784915280,8372.5,8372.5,8371,8372.5,26
1784915340,8373,8374.2,8373,8374.2,26
1784915400,8374.5,8374.5,8373.5,8374.5,22
1784915460,8374.7,8375,8372,8372,36
1784915520,8371.7,8371.7,8371,8371,22
1784915580,8371.2,8372.5,8371.2,8372,28
1784915640,8371.5,8372.5,8371.5,8372,12
1784915700,8372.5,8373.5,8372,8372.5,28
1784915760,8372.7,8373.5,8372.5,8373,38
1784915820,8372.7,8372.7,8371.5,8371.5,32
1784915880,8372,8372.5,8371.5,8372,30
1784915940,8371.7,8372,8371,8371,22
1784916000,8370.5,8372,8370.5,8372,46
1784916060,8372.5,8372.5,8371,8371,24
1784916120,8370.5,8370.7,8370,8370.5,34
1784916180,8371,8371,8370.5,8370.7,8
1784916240,8370.2,8371.5,8370.2,8371,24
1784916300,8370.7,8371,8370.2,8370.7,24
1784916360,8371.2,8371.5,8371,8371.5,14
1784916420,8371.7,8373.5,8371.7,8373,30
1784916480,8373.5,8373.5,8372.5,8372.5,26
1784916540,8373,8373,8371.5,8371.7,24
1784916600,8372,8372,8370,8370.5,22
1784916660,8370.2,8370.5,8369,8369.7,38
1784916720,8369.5,8369.7,8368.5,8369.2,24
1784916780,8369.7,8369.7,8368.7,8368.7,24
1784916840,8369,8369.5,8368.5,8368.7,38
1784916900,8368.5,8369,8368,8369,28
1784916960,8368.7,8370,8368.2,8368.7,36
1784917020,8369.2,8369.7,8368.5,8369,32
1784917080,8368.7,8368.7,8367,8368,30
1784917140,8367.7,8367.7,8366,8366.5,32
1784917200,8366,8366,8365,8365.2,40
1784917260,8365,8365.2,8364.5,8364.5,42
1784917320,8365,8366.5,8364.5,8366.5,48
1784917380,8366,8367,8365.7,8366.5,38
1784917440,8366.2,8367,8366,8366.7,22
1784917500,8367,8367,8364,8364.5,52
1784917560,8364.7,8364.7,8363.2,8363.5,40
1784917620,8364,8364,8363,8363.5,30
1784917680,8363.2,8363.2,8362,8362.5,46
1784917740,8362.7,8363,8360.5,8361.5,52
1784917800,8361.3,8361.5,8361,8361.5,20
1784917860,8361.3,8361.5,8358.3,8359.3,54
1784917920,8360,8360.5,8358.5,8358.5,46
1784917980,8359,8359,8355.8,8356.3,42
1784918040,8356,8356,8354.3,8355,60
1784918100,8355.5,8355.5,8352,8353,50
1784918160,8353.5,8356.5,8353.5,8354,58
1784918220,8353.5,8355,8353.5,8354,50
1784918280,8354.3,8357.5,8353.5,8357.3,38
1784918340,8357.5,8357.5,8353.8,8355.5,56
1784918400,8355,8355.3,8353,8353,36
1784918460,8353.3,8353.3,8351.5,8351.8,48
1784918520,8352,8352,8350.5,8351.5,64
1784918580,8351.3,8352.5,8350.8,8352,60
1784918640,8352.5,8352.8,8351.3,8351.5,34
1784918700,8351.3,8354.5,8351.3,8354.3,54
1784918760,8354.5,8356.3,8354.5,8355,54
1784918820,8355.8,8357,8355,8357,44
1784918880,8356.8,8356.8,8354,8354,26
1784918940,8354.3,8355,8354.3,8355,32
1784919000,8354.8,8355.5,8353.5,8354.3,44
1784919060,8354.5,8356.8,8354.3,8355.5,54
1784919120,8355.8,8356.8,8355.5,8356.3,56
1784919180,8356.5,8356.5,8355.8,8356.5,30
1784919240,8356,8356.5,8354.5,8355.5,44
1784919300,8355.3,8356.5,8355,8356.5,52
1784919360,8356.3,8358.5,8356.3,8357.8,28
1784919420,8358,8359,8357.5,8357.5,60
1784919480,8357.3,8358,8356.3,8356.5,74
1784919540,8356.8,8357,8356.3,8356.5,42
1784919600,8357.5,8358.3,8355.8,8356.3,50
1784919660,8356.5,8358.5,8356.5,8356.8,46
1784919720,8357,8357,8355,8355.8,72
1784919780,8356,8356,8354.5,8355.5,44
1784919840,8355.8,8356.5,8355.5,8356.5,48
1784919900,8356,8357.5,8356,8357,50
1784919960,8357.5,8358,8356.5,8356.5,56
1784920020,8356,8356,8354.5,8355.3,32
1784920080,8355.5,8356,8355.3,8355.5,54
1784920140,8355.3,8355.5,8353.8,8354,22
1784920200,8353.8,8355.3,8353.5,8353.8,42
1784920260,8354,8355.3,8353,8353,44
1784920320,8353.3,8354.8,8352.5,8353,56
1784920380,8352.5,8353.5,8351.3,8352,46
1784920440,8351.8,8352,8350.3,8350.5,38
1784920500,8350.3,8351,8349.5,8349.5,54
1784920560,8349,8349.8,8348.3,8349.8,50
1784920620,8350.3,8351.3,8349.8,8351,48
1784920680,8351.3,8351.8,8350.3,8351,28
1784920740,8351.3,8353,8351,8352.3,78
1784920800,8352,8352.5,8351,8352.5,62
1784920860,8352,8353,8351.5,8352.8,80
1784920920,8352.5,8353.8,8352.5,8353,54
1784920980,8352.8,8352.8,8351.8,8352.3,40
1784921040,8352,8352,8349.3,8349.5,46
1784921100,8350,8350.5,8349.3,8350.3,42
1784921160,8350,8350.5,8349.5,8350.5,44
1784921220,8350.3,8351.8,8350.3,8351.5,40
1784921280,8352,8352.5,8351,8352.5,30
1784921340,8353,8353.3,8350.5,8350.5,70
1784921400,8350.8,8351.8,8350,8351,74
1784921460,8351.5,8353,8351,8351.5,80
1784921520,8352,8353,8351.5,8353,52
1784921580,8353.3,8354.8,8352.5,8354.5,92
1784921640,8354.3,8355,8352.5,8352.8,74
1784921700,8352.5,8357,8352.3,8356.5,104
1784921760,8356,8356.5,8353.3,8353.8,88
1784921820,8354,8357.3,8353.8,8356.5,60
1784921880,8356.8,8357,8356,8357,50
1784921940,8357.5,8359,8356,8356.8,72
1784922000,8356.5,8357.3,8355.3,8356,40
1784922060,8355.5,8356,8355,8356,28
1784922120,8355.8,8356,8355.5,8356,20
1784922180,8356.3,8357.8,8355,8357.5,44
1784922240,8357.8,8359.8,8357.5,8359.5,28
1784922300,8359.8,8359.8,8357,8357,30
1784922360,8357.5,8358,8356.8,8357.3,40
1784922420,8356.8,8358.3,8356.5,8357,32
1784922480,8357.3,8357.8,8357.3,8357.3,18
1784922540,8357.5,8359.5,8357.5,8359,32
1784922600,8359.3,8360,8357.5,8357.5,60
1784922660,8357.3,8357.3,8355.5,8356,46
1784922720,8355.5,8356,8355.3,8356,32
1784922780,8355.8,8357.5,8355.8,8356.5,40
1784922840,8356.3,8359.5,8356.3,8359,44
1784922900,8359.5,8359.5,8356.8,8356.8,38
1784922960,8357,8357.5,8356.3,8356.3,28
1784923020,8356.5,8357,8356.5,8357,24
1784923080,8356.5,8356.8,8355.5,8356,38
1784923140,8355.3,8355.8,8353.5,8355.8,59
